doc_idx,rewrite
12,r/CarOwners
6,r/Batman
1,r/brasilivre
13,r/climatechange
7,r/architecture
0,r/bicycling
4,r/brasil
11,r/classicalmusic
5,r/WWIIplanes
2,r/scala
14,r/SkincareAddiction
16,r/Slovenia
3,r/natureismetal
10,r/CreditUnions
18,r/writingprompts
19,r/economics
9,r/brasil
17,r/AFL
8,r/snakes
15,r/FremantleFC
21,r/food
23,r/TheBeaverton
20,r/daily3d
22,r/MTB
27,r/brussels
29,r/chicago
26,r/CardcaptorSakura
24,r/sportsbetting
28,r/astrology
31,r/Austin
32,r/Glasgow
25,r/bookclub
33,r/ChristianParents
37,r/cats
36,r/CoinsWithFish
30,r/Noblesse
39,r/uber
42,r/IAmA
38,r/AlcoholismTreatment
44,r/CanadianPolitics
41,r/musicians
34,r/BirdsAreMetal
35,r/amazonprime
40,/r/BelgianMalinois
45,r/aww
46,r/Tarantino
49,r/Silverbugs
47,r/geopolitics
48,r/restaurantworkers
56,r/AskAcademia
53,r/amateurradio
57,r/Entrepreneur
43,r/astrology
52,r/AskScience
50,Relationships
61,r/Buddhism
60,/r/policechases
59,r/Buddhism
55,r/NSFW411
63,r/Baltimore
58,r/SurplusStore
62,r/historymemes
65,r/AskReddit
64,r/Art
51,r/Subway
66,r/WeLoveCars
69,r/Genealogy
68,r/Anxiety
70,r/Meditation
67,r/coffee
72,r/fashion
73,r/DallasPets
71,r/Android
74,r/Parenting
76,r/MTB
75,r/graphicnovels
77,r/Coffee
78,r/Switzerland
81,r/cars
54,r/Buddhadharma
82,r/erlang
79,r/ChinaBirdFlu
87,r/chicago
88,r/exmormon
84,r/Coffee
83,r/airsoft
85,r/PreWW2ArchitectureMoscowFilm
92,r/cancer
89,r/BaltimoreSports
93,r/iOSProgramming
95,r/DicePorn
96,r/EpubPalace
94,r/horror
80,r/Blogging
99,r/brasil
86,r/Blogging
101,r/cancer
100,r/BollywoodCelebs
90,r/beans
97,r/WildHogs
91,r/coffee
98,r/Baltimore
102,r/Sneakers
107,r/tf2
105,r/thenetherlands
103,r/FinalFantasy
106,r/architecture
113,r/batman
112,r/architecture
104,r/Nana
110,r/CanadaPolitics
109,r/careeradvice
108,r/fighterpilots
115,r/NarutoShippuden
114,r/camaro
116,r/amazonprime
111,r/atheism
119,r/classicalmusic
118,r/BurgerKing
120,r/urbanplanning
127,r/Untappd
128,r/beerBrazil
121,r/sydney
122,r/wallstreetbets
117,r/airsoft
129,r/sportsbetting
130,r/Islam
126,r/blender
123,r/ConspiracyTheory
131,r/rentacar
132,r/domainnames
133,r/architecture
134,r/Towson
135,r/AnimeSketch
125,r/brasil
137,r/pedicabs
136,r/astrology
124,r/marvelstudios
139,r/AnimeSuggestions
141,r/classicalmusic
140,r/designers
144,r/PakistaniCelebrities
143,r/blogging
142,r/Coffee
138,r/gorillas
148,r/Milsim
145,r/ChinaChildCarSeats
152,r/travelblogs
151,r/E36M3
146,r/DaveChappelle
147,r/ebola
150,r/OfficeChairs
154,r/anger
153,r/bicycling
159,r/AnimeMusic
162,r/Udaiso03
157,r/conservation
156,r/ChinaInvestment
155,r/AskCulinary
160,r/Austin
161,r/classicalmusic
149,r/BruceSpringsteenTickets
158,r/giveaways
165,r/coinphotography
168,r/optometry
167,r/ak47
166,r/TexasStateUniversity
163,r/SwagBucks
170,r/CivilEngineering
176,r/IndianAerospace
174,r/ClassicalMusic
169,r/Austin
172,r/vegan
175,r/painting
178,r/aboringdystopia
164,r/aviation
173,r/lego
179,r/PapillonDigital
181,r/smallbusiness
177,r/Tequila
180,r/fitness
171,r/college
186,r/iPad
188,r/Austin
187,r/Driving
183,r/IndiaDefense
190,r/Unistoten
185,r/GriefSupport
192,r/ArabicTVShows
189,r/sportsbetting
191,r/AmazonAssociates
196,r/relationship_advice
194,r/brasil
193,r/cars
199,r/craftbeer
195,r/VluchtelingenwerkVlaanderen
184,r/AdoptAStrayCat
198,r/Astrology
182,r/apple
200,r/LuciferComicBook
201,r/MechanicAdvice
197,r/aviation
202,r/Buddhism
210,r/music
206,r/bicycling
208,r/torontozoo
209,r/brasil
207,r/crossword
203,r/environment
205,r/Baltimore
204,r/sportsbetting
211,r/Astronomy
214,r/AFL
213,r/r4rChina
212,r/comicbooks
216,r/architecture
215,r/HistoryOnFire
219,r/chemistry
218,r/FrankMiller
220,r/ZeroWaste
223,r/ImportedToys
225,r/TheWitness
224,r/aviation
229,r/airsoft
217,r/TrueCrimeDiscussion
227,r/Art
228,r/AmazonPrime
231,r/Volkswagen
221,r/AFLSydney
226,r/pharmacy
234,r/Barcelona
222,r/PublicFreakout
235,r/montreal
236,r/RomanceBooks
238,r/books
230,r/EDC
233,r/mangaswap
232,r/aww
242,r/atheism podcast recommendations
239,r/amateurradio
243,r/Ohio
240,r/AmazonPrime
249,r/funny
244,r/industrialgases
247,r/brandsoffers
246,r/china
245,r/SEO
250,r/Meditation
252,r/Yonderland
251,r/FortniteBR
237,r/college
253,r/comicbooks
241,r/CoffeeBeans
255,r/Cambodia
254,r/airsoft
256,r/guns
259,r/economy
258,r/iOS.
260,r/accounting
262,r/Coffee
261,r/ApartmentHunting
248,r/comicbooks
263,r/coins
264,r/baldeagle
265,r/VinylCollectors
270,r/brasil
268,r/tanning
266,r/dating
272,r/knives
267,r/AskReddit
274,r/chemistry
275,r/coins
269,r/books
277,r/ultrasound
273,r/OverleaBookClub
276,r/Norway
278,r/Reddit
282,r/VixenComic
280,r/running
281,r/apple
279,r/aviation
284,r/iphone
271,r/Astronomy.
257,r/MakingaMurderer
283,r/Comcast_Xfinity
287,r/Austin
285,r/TravelAgentCareer
286,r/beer
289,r/BaltimorePets
288,r/airsoft
290,r/roommates
294,r/Austin
296,r/aviation
292,r/PositiveThinking
298,r/Dallas
293,r/Coachella
299,r/HistoryMemes
295,r/comicbooks
300,r/Entomology
301,r/RedSox
302,r/Atlanta
291,r/RegenerativeMedicine
305,r/AnimeSuggestions
304,r/VictoriaBC
307,r/macbookpro
306,r/relationships
297,r/cycling
309,r/ZenBuddhism
312,r/artists
314,r/airsoft
310,r/EndometrialCancer
313,r/comicbooks
311,r/Bicycling
317,r/oddlysatisfying
316,r/aww
308,r/airsoft
303,r/transgeneros
315,r/Astronomy
319,r/architecture
321,r/comics
323,r/guns
322,r/coins
318,r/airsoft
327,r/AskReddit
320,r/Toronto
325,r/travel
328,r/comicbooks
331,r/ColorizedHistory
333,r/airsoft
332,r/Belgium
335,r/HamRadio
326,r/StandUpComedy
324,r/comicbooks
330,r/hypertension
334,r/AmazonPrime
337,r/Austin
329,r/brasil
340,r/Meditation
345,r/StockMarket
338,r/architecture
341,r/KpopFashion
344,r/abuse
343,r/ColonCancer
339,r/designinspiration
346,r/CameraTraps
349,r/beer
348,r/FurnitureMarket
336,r/IcelandicMusic
352,r/nursing
350,r/Sakurasou
342,r/WireSculpture
353,r/gaybros
355,r/whatisthisthing
356,r/IndianCountry
358,r/Catholicism
351,r/StreetFights
357,r/ImpossibleBuildings
360,r/UnresolvedMysteries
365,r/aviation
363,r/VerminSupreme
354,r/DCcomics
364,r/coins
347,r/ATBGE
362,r/DenverBroncos
367,r/thenanfang
359,r/aviation
371,r/SEO
361,r/ScienceProjects
366,r/AbandonedPorn
368,r/Meditation
369,r/chemometrics
375,r/SEO_BLOGGER
374,Relationships
373,r/China
372,r/wqxr
376,r/Amsterdam
378,r/cycling
380,r/Airsoft
382,r/GrandNationalRoadsterShow
370,r/blender
377,r/amazonprime
381,r/Canada
379,r/japantravel
387,r/conspiracy
384,r/exchristian
388,r/Miata
386,r/relationship_advice
389,r/NinjaWarriorUK
390,r/SelfDrivingCars
391,r/BikeCammers
383,r/Telescopes
392,r/aww
385,r/travel
395,r/airsoft
394,r/boxing
396,r/books
401,r/Austin
400,r/atheism
402,r/MtVernonCraftBeerWineBar
403,r/Atlanta
397,r/investing
399,r/roommates
404,r/bookdownloads
406,r/Belgium
405,r/amateurradio
398,r/UniversalStudiosHollywood
409,r/socialmedia
408,r/chicago
407,r/Atlanta
412,r/movies
411,r/brasil
410,r/Helicopters
418,r/Buddhism
417,r/recipes
421,r/apple
420,r/chemistry
393,Crosspost from /r/HamRadio
419,r/beer
424,r/atheism
423,r/GynecologicOncology
425,r/BakuonAnime
422,r/college
416,r/asianamerican
414,r/socialmedia
415,r/Astronomy
426,r/ecology
427,r/fireTV
413,r/blogging
428,r/Exoplanets
429,r/Scams
432,r/Pinkbike
433,r/AskReddit
436,r/animation
434,r/cancer
438,r/space
437,r/drawing
430,r/Christianity
440,r/Entomology
441,r/classicalmusic
435,r/hiphopheads
443,r/medicaladvice
431,r/deadpool
444,r/LoftCoffeeSetup
445,r/sportsbetting
442,r/paintball
447,r/China
453,r/aviation
449,r/Uniqlo
452,r/MexicoCity
450,r/sportsbetting
439,r/coins
455,r/whatsthatbook
451,r/economics
448,r/comicbooks
454,r/Immunotherapy
456,r/architecture
446,r/collegeinterviews
460,r/MaleBreastCancer
463,r/comicbooks
457,r/teenagemutantninjaxmen
458,r/careeradvice
464,r/ConanO'Brien
461,r/jobs
466,r/CarnegieKids
465,r/GTAVehicles
467,r/amateurradio
459,r/relationship_advice
469,r/ConcursoPublico
462,r/books
471,r/AskReddit
470,r/Kitchenspotting
473,r/hyundai
472,r/oilsands
475,r/AustinPetsAlive
474,r/bigcats
476,r/India
479,r/Bakemonogatari
478,r/herpetology
468,r/relationship_advice
477,r/Vonage
482,r/AAA
483,Realtimechem
480,r/atheism
486,r/woodworking
487,r/airsoft
481,r/AmazonPrime
492,r/AskReddit
484,r/Snowzilla
489,r/airsoft
491,r/coins
490,r/sportsbetting
485,r/Islam
494,SpaceX subreddit.
493,r/myeloma
488,r/college
496,r/beer
497,r/AskReddit
495,r/cancer
499,r/Deflekt
500,r/classicalmusic
504,r/urbanplanning
503,r/Canada
498,r/BeautySalonTraining
506,r/SolidG
507,r/books
505,r/legaladvice
509,r/miniatures
510,r/nyc
511,r/chemistry
515,r/CollingwoodFC
501,r/CanadaImmigration
502,r/aww
508,r/baseball
513,r/architecture
514,r/webdev
512,r/Exetel
522,r/atheism
528,r/comicbooks
517,r/college
523,r/dogpictures
521,r/USC
516,r/teenagers
529,r/AskReddit
531,r/anime
525,r/beerblogs
530,r/OnePunchMan
532,r/AnimalShapedBuildings
533,r/graphicnovels
534,r/malelivingspace
526,r/comicbooks
519,r/lego
518,r/cars
524,r/indianbabas
527,r/careeradvice
520,r/blender
537,r/AFL
536,r/Coffee
540,r/techsupport
539,r/koreanmodeling
538,r/relationship_advice
535,r/science
541,r/Alberta
542,r/AskReddit
555,r/personalfinance
552,r/shopping
544,r/AskReddit
548,r/airsoft
545,r/EarthPorn
546,r/climatechange
543,r/amateurradio
549,r/Assistance
547,r/Austin
554,r/brasil
551,Astrology subreddit.
550,r/bicycling
556,r/HamRadio
558,r/neuroscience
562,r/BreakUps
565,r/straya
559,r/aww
561,r/Futurology
557,r/China
563,r/SeattleWA
553,r/Coffee
569,r/ebooks
567,r/aww
564,r/blogging
568,r/happydogs
570,r/AmazonPrime
574,r/jobs
575,r/PolishImmigrants
580,r/capricorns
582,r/StreetFights
579,r/AppleMusic
581,r/Turkey
578,r/Space
585,r/cheesecurds
583,r/architecture
586,/r/army
588,r/Science
587,r/Petrobras
590,r/health
591,r/AskReddit
592,r/BoJackHorseman
589,r/Baltimore
571,r/SubredditName
573,r/TheLastKingdom
572,r/breastfeeding
566,r/OldSchoolCool
593,r/belgium
560,r/Coffee
595,r/europe
594,r/OpiatesRecovery
597,r/ArtHistory
576,r/metro2033
577,r/Austin
596,r/ImageComics
601,r/CollegeBasketball
598,r/Tom
584,r/airsoft
600,r/Siri
606,r/anime
603,r/Coffee
604,r/ProductTesting
605,r/Hope
607,r/Bloggers
599,r/GasBlowBackRifles
609,r/GetMotivated
611,r/ClownWorld
610,r/whatisthisthing
608,r/bicycling
602,r/anarchism
618,r/WorldNews
619,r/taxation
615,r/comicbooks
617,r/unpopularopinion
616,r/ColeHaan
620,r/languagelearning
612,r/food_delivery
621,r/Adweek
613,r/anime
622,r/Austin
614,relationship_advice
625,r/JornalistasLivresTV
624,r/railroadearth
628,r/bookclub
627,r/AmazonPrime
630,r/neighbors
631,relationship_advice
634,r/MyPet
633,r/BikeCammers
629,r/copywriting
635,r/Cubs
636,r/StockMarket
638,r/MechanicAdvice
637,r/belgium
632,r/ar15
640,r/chemistry
644,r/washingtondc
626,r/PiccadillyComedyClub
641,r/astrology
639,r/castles
646,r/chemistry
649,r/AskReddit
645,r/InternationalCommonLaw
642,r/ChinaBiz
648,r/Islam
651,r/economics
643,r/marketing
647,r/AskScience
652,r/AnimalAdoption
653,r/labrats
654,r/brasil
656,r/Apple
655,r/beer
660,r/bicycling
661,r/deadpool
657,r/astrology
650,r/Homestuck
658,r/aviation
659,r/indiafinance
663,r/chicago
666,r/Titans
665,r/whatisthisthing
667,r/androidapps
664,r/advertising
672,r/medicaladvice
669,r/anime
670,r/Biology
662,r/YouTubeCreators
673,r/Astronomy
623,r/CallOfDuty
671,r/chemistry
677,r/Art
683,r/liquorstores
684,r/RobinSparkles
668,r/Columbus
675,r/chemistry
674,r/Buddhism
687,r/brasil
681,r/NissanMicra
680,r/anime
682,r/AmazonPrimeTrading
676,r/NHLStreams
679,r/airsoft
685,r/relationship_advice
689,r/beer
678,r/askscience
686,r/bicycling
688,r/OrganicChemistry
690,r/chicago
693,r/FullmetalAlchemist
694,r/ChatrouletteInterviewShow
695,r/chemistry
696,r/AppleWatch
692,r/streetwear
698,r/Baltimore
703,r/JohnOliver
699,r/ArrowVerse
700,r/AnimeStreams
704,r/CarBuyingAdvice
702,r/JaipurLitFest
697,r/Prophecyfulfillment
691,r/whatisthisthing
707,r/cats
706,r/SinaWeiboMarketing
708,r/classicalmusic
701,r/BlackComicBookFest
709,r/Anime
715,r/AFL
712,r/geopolitics
713,r/birds
716,r/travelchina
705,r/travelblogs
718,r/AFL
714,r/StateSenate
717,r/Vashikaran
711,r/SchizophreniaAutismClown
723,r/SalemWitchTrials
725,r/China
720,r/videos
722,r/techsupport
719,r/Baltimore
726,r/iPhone
710,r/OrganicChemistry
721,r/AlexandriaVA
724,r/AmazonPrimeNow
729,r/comicbooks
727,r/bicycling
730,r/blender
733,r/books
734,r/marketing
732,Calgary Anti-Racism Education
735,r/DCcomics
731,r/Australia
728,r/astrology
737,r/AFL
736,r/marketing
740,r/Marketing
744,r/cycling
742,r/dogcare
743,r/beer
741,r/ArtRage
746,r/PokemonArt
738,r/Anarchism
748,r/Chelyabinsk
739,r/ChennaiRentals
750,r/LosAngeles
745,r/college
749,r/MTB
751,r/Explosion_Gifs
752,r/classicalmusic
753,r/advertising
754,r/aviation
757,r/NoStupidQuestions
760,r/Advertising
755,r/Buddhism
758,r/MarvelComics
756,r/DGrayMan
747,r/Austin
759,r/LambdaChiAlpha
764,r/EarlyMusic
762,r/Housing
761,r/SEO
767,r/iPhone
771,r/cancerresearch
770,r/coffee
768,r/Austin
763,r/totosite
772,r/rockwerchter
774,r/Thanatophobia
775,r/ChinaVisa
769,r/SportsBettingTips
776,r/iPhone
778,r/classicalmusic
779,r/CombatFootage
765,r/stopdrinking
780,r/middleschool
782,r/airsoft
766,r/airsoft
783,r/brasil
777,r/NSFW_Gaming
781,r/homedefense
785,r/DiWHY
786,r/europe
787,r/Kpop
790,r/HarvardSquare
788,r/AFL
784,r/coins
773,r/sportsbetting
789,r/chemistry
795,r/homenetworking
792,r/CanadaFibre
791,r/weddingplanning
796,r/AdoptMe
793,r/roommates
799,r/Christianity
798,r/DirtyKikPals
800,r/Atlanta
794,r/Astrology
801,r/Perth
797,r/Sphynx_cats
804,r/worldnews
805,r/amazonprime
802,r/Entrepreneur
806,r/blogging
803,r/Spanish
807,r/ArtHistory
809,r/sportsbetting
811,r/relationship_advice
808,r/space
814,r/stopsmoking
810,r/classicalmusic
815,r/Atlanta
813,r/space
820,r/architecture
817,r/MusicTheory
818,r/Astrology
819,r/Longmire
823,r/ShoppingCartPorn
826,r/comicbooks
827,r/NoFap
825,r/atheism
822,r/amateurradio
824,r/coffee
828,r/Meditation
821,r/relationship_advice
829,r/bjj
830,linguistics
835,r/Brazil
838,r/Alberta
816,r/Xiaomi
839,r/Biochemistry
812,r/Belgium
836,r/gateanime
832,r/beer
834,r/comicbooks
846,r/brothers
841,r/Volkswagen
843,r/beer
833,r/belgium
844,r/AmazonPrime
842,/r/belgium
837,r/astrology
847,r/cats
845,r/cancer
848,r/askastronomy
849,r/travel
850,r/BostonMA
851,r/Canada
855,r/airsoft
852,r/DougLovesMovies
840,r/travel
857,r/philosophy
853,r/whatisthisthing
831,r/Baltimore
854,r/Paleontology
861,r/relationship_advice
859,r/giftcards
863,r/astrology
864,r/MarylandPolitics
858,r/KansasCity
860,r/Buddhism
868,r/YuruYuri
867,r/AskVet
866,r/kurdistan
865,r/HealthyFood
862,r/DavidBowie
856,r/senha
873,r/ChicagoFilming
869,r/techsupport
876,r/videomarketing
870,r/Astronomy
878,r/photography
875,r/ThachThucDanhHaiMua2
872,r/MTB
882,r/WWEIndia
871,r/aviation
883,r/brassband
874,r/AskReddit
877,r/ApplyingToCollege
885,r/WatercolorArt
879,r/EpubPalace
880,r/college
881,r/NoGameNoLife
884,r/ShaolinCats
886,r/learntodraw
888,r/Kotnet
887,r/sportsbetting
889,r/CFBstreams
891,r/chemistry
893,r/Rabbits
894,r/Coffee
898,r/IBS
900,r/coffee
890,r/HomeImprovement
897,r/movies
901,r/amazonreviews
896,relationship_advice
895,r/CFB
892,r/sportsbetting
903,r/relationship_advice
904,r/seoulsubway
907,r/Atlanta
905,r/AmazonSeller
906,r/socialskills
909,r/BikeCammers
908,Astrology.
910,r/ChicagoPolice
914,r/lowpoly
902,r/personalfinance
913,r/ChoosingBeggars
915,r/opera
899,r/samharris
916,r/biology
911,[chicago] Relationship advice needed after ex-girlfriend cheated with friend.
918,r/chemistry
917,r/DarkNetMarkets
925,r/apple
923,r/health
919,r/cars
921,r/PortfolioManagement
920,r/CatsStandingUp
922,r/Atlanta
912,r/microscopy
924,r/worldnews
926,r/Canada
928,r/education
930,r/groceryshopping
933,r/airsoft
935,r/LabourUK
934,r/airsoft
929,r/cancer
927,r/brasil
938,r/Antwerpen
936,r/architecture
939,r/cancersurvivors
931,r/MouseReview
941,r/Baltimore
937,r/streetart
942,r/content_marketing
943,r/Marketing
944,r/chemistry
940,r/chemistry
946,r/BaltimoreJobs
947,r/chemistry
945,r/AmazonSeller
932,r/airsoft
951,r/aww
952,r/sportsbetting
955,r/astrology
953,r/anime
950,r/urbanplanning
957,r/amazonprime
948,r/OldSchoolCool
954,r/Mindfulness
949,r/careeradvice
959,r/FormBuilders
960,r/Atlanta
956,r/Republican
962,r/Coffee
963,r/Vonnegut
958,r/LearningReddit
961,r/Coffee
964,r/astrology
966,r/architecture
970,r/AutoDetailing
972,r/legaladvice
971,r/psychology
965,r/LeuvenPlumbers
969,r/news
976,r/Australia
967,r/AmazonPrime
975,r/cars
978,r/Archviz
979,r/philosophy
977,r/chemistry
968,r/NaturalRefrigerants
974,r/AnimeThemes
980,r/Movies
983,r/piano
973,r/cancer
981,r/europe
984,r/Buick
989,r/stopdrinking
986,r/chicago
988,r/Charger
991,r/apple
992,r/Insurance
987,r/airsoft
993,r/airsoft
990,r/cats
985,r/aviation
995,r/urbanfarming
996,r/baltimore
998,r/Astronomy
994,r/tattoos
1002,r/Android
1000,r/evangelion
982,r/Meditation
1001,r/ProstateCancer
997,r/iPhone
999,r/Atlanta
1003,r/organists
1004,r/TBI
1009,r/college
1007,r/cooltrainerfrank
1005,r/apocalypse
1008,r/Music
1006,r/AnimalRescue
1013,r/Astronomy
1016,r/college
1010,r/classicalmusic
1014,r/environmental_activism
1015,r/astrology
1018,r/worldnews
1019,r/Canada
1020,r/ScarboroughFordDealers
1012,r/cycling
1017,r/airsoft
1022,r/SharkTank
1023,r/brasil
1024,r/ChicagoSuburbs
1025,r/PizzaHut
1026,r/UMDentalSchool
1021,r/OriginalCharacters
1030,r/hobbyists
1029,r/sanantonio
1028,r/art_critique
1027,r/animegirlorboy
1031,r/carsforsale
1011,r/AmazonPrime
1032,r/architecture
1034,r/smallbusiness
1033,r/SwordArtOnline
1035,r/AsianTransgenderComic
1036,r/worldnews
1039,r/fitness
1038,r/CBD
1042,r/amateurradio
1043,r/Silverbugs
1041,r/Chicago
1040,r/musictheory
1037,r/blender
1045,r/economy
1046,r/blender
1044,r/Coffee
1048,r/environmental_science
1050,r/Instagram
1047,r/LGBTAdvice
1053,r/books
1052,r/CoronavirusBrazil
1054,/r/Austin
1055,r/News
1051,r/WhatsWrongWithYourDog
1058,r/ArrowheadPP
1049,r/amateurradio
1060,r/nutrition
1056,r/cats
1057,r/Buddhism
1062,r/Dentistry
1064,r/aww
1063,r/Wellthatsucks
1061,r/airsoft
1059,r/flying
1065,r/MakeMeAFamousPerson
1067,r/JamaicanFood
1072,r/Advice
1068,r/Dubai
1073,r/radar detectors
1075,r/UncannyXMen
1071,r/NarutoArt
1076,r/astrology
1066,r/Entrepreneur
1070,r/cancer
1080,r/Boxing
1069,r/AmazonSeller
1078,r/BlackPeopleTwitter
1074,r/Chonkers
1081,r/AusPCBuilds
1084,r/IowaBeer
1085,r/bicycling
1077,r/personalfinance
1079,r/AtlantaBeltLine
1083,r/JamesBond
1082,r/airsoft
1087,r/iCloud
1086,r/itunesgiftcards
1093,r/fireworks
1089,r/Autos
1095,r/jailbreak
1100,r/NovaScotia
1092,r/AmazonWishlist
1094,Incheon and Deokcheon OP community.
1090,r/koreaescort
1097,r/BloggingWayOut
1096,r/architecture
1091,r/Buddhism
1099,r/blogging
1102,r/airsoft
1104,r/legaladvice
1101,r/Advertising
1106,r/coins
1105,r/Blogging
1112,r/shittyaskscience
1098,r/Manufacturing
1103,r/Christianity
1109,r/amateurradio
1111,r/MiniPonies
1110,r/communism
1108,r/Austin
1114,r/Austin
1113,r/ChineseLanguage
1115,r/TibetanBuddhism
1088,r/Paranormal
1107,r/SydneyMotorcyclePolice
1117,r/ChinaTravel
1122,r/LeagueOfLegends
1119,r/standupcomedy
1120,r/classicalmusic
1116,r/sportsbetting
1123,r/baltimore
1124,r/EmbryRiddle
1121,r/whatisthisthing
1127,r/geopolitics
1129,r/Barcelona
1125,r/DeviantArt
1128,r/careerguidance
1132,r/DIY
1133,r/chemhelp
1118,r/StarWarsArt
1136,r/CanadianJournalism
1134,r/linuxquestions
1130,r/AskReddit
1126,r/economics
1137,r/Islam
1131,r/airsoft
1135,r/iPhone
1138,r/Chimpanzees
1139,r/Economics
1142,r/frontpage
1146,r/kindle
1141,r/DecidingToBeBetter
1140,r/AmazonPrime
1147,r/SilverBugs
1145,r/shortfilms
1149,r/art
1143,/r/cats
1151,r/classicalmusic
1150,r/aww
1152,r/collegeHillaryClinton
1153,r/BelgiumGambling
1148,r/Immigration
1157,r/ghibli
1160,r/spacevideos
1154,r/Leaflets
1158,/r/Atlanta
1155,r/latinoamerica
1162,r/Driving
1156,r/satellites
1144,r/AmazonSellerCentral
1159,r/MechanicAdvice
1166,r/thewalkingdead
1167,r/legaladvice
1164,r/jinju건마
1169,r/AskScience
1171,r/MIS
1165,r/CatTaps
1172,r/espresso
1170,r/comicbooks
1161,r/college
1168,r/astrology
1173,r/airsoftVermont
1174,r/jobs
1175,r/astrology
1176,r/SubscribersLove
1177,r/relationship_advice
1178,r/Noob
1180,r/espresso
1179,r/geopolitics
1163,Texans fan in our fair city.
1184,r/AskReddit
1186,r/worldnews
1181,r/JUSTNOMIL
1182,r/Anarchism
1183,r/foodporn
1187,r/warehouseparty
1185,r/ChinaPolitics
1188,r/China
1189,r/Southie
1190,r/Kpop
1193,r/tanning
1191,r/Buddhism
1195,r/chicago
1199,r/aviation
1197,r/relationship_advice
1192,r/iPhoneRepair
1194,r/politics
1198,r/Nashville
1200,r/Austin
1202,r/apple
1203,r/ApplyingToCollege
1196,r/GundamIBO
1201,r/iPad
1205,r/scarves
1206,r/JoeyEssex
1209,r/AFL
1212,r/Cooking
1214,r/beer
1213,r/aww
1207,r/Buddhism
1204,r/WorkplaceSurvival
1210,r/AndroidPayCanada
1216,r/Buddhism
1219,r/Spanish
1217,r/logodesign
1211,r/Anarchism
1220,r/relationship_advice
1215,r/Anthropology
1218,r/personalfinance
1222,r/Coffee
1225,r/Crossed100
1224,r/Hyundai
1226,r/chemistry
1221,r/Luminus
1208,r/hyderabad
1227,r/cancer
1229,r/Trumpet
1233,r/YouTubeHaiku
1230,r/ChemicalLiterature
1235,r/kindlefire
1231,r/demoleddit
1236,r/politics
1238,r/playingcards
1237,r/AmazonPrime
1223,r/chicago
1232,r/BillHicks
1234,r/Professors
1241,r/sunsetphotos
1228,r/PoliticalScience
1243,r/Buddhism
1248,r/Belgium
1245,r/gradschool
1250,r/Motors
1240,r/AutoGlass
1251,r/telescopes
1249,r/AmItheAsshole
1252,r/coffee
1244,r/brasil
1247,r/AnimalActivism
1242,r/dontdrinkbeer
1256,r/IBNKhabar
1255,r/DesignRequests
1253,r/Lottoland
1254,r/weddingplanning
1257,r/airsoft
1258,r/books
1261,r/whichbike
1260,r/belgium
1259,r/comicbooks
1262,r/koreaProstitutes
1263,/r/creepy
1239,r/examprep
1264,r/cybersecurity
1246,r/3Dprinting
1265,r/whatisthisthing
1267,r/ladycyclists
1268,r/Blogging
1266,r/CombatFootage
1269,r/cancer
1270,r/ANormalDayInRussia
1273,r/Coffee
1276,r/ProtectAndServe
1272,r/Christianity
1271,r/CanadianPolitics
1277,r/AmazonPrime
1279,r/Yorkies
1274,r/blackmagic
1278,r/Coffee
1275,r/LoveLive
1282,r/Dentistry
1283,r/aviation
1281,r/Coffee
1284,r/Austin
1280,r/Animesuggest
1290,r/thankyouwhitepeople
1288,r/karaoke
1291,r/AppleMusic
1285,r/NoStupidQuestions
1292,r/bikecommuting
1294,r/astrology
1287,r/CanadaPolitics
1296,r/comicbooks
1295,r/anime
1293,r/stockx
1299,r/art
1297,r/retirement
1298,r/AliGShow
1300,r/askastronomy
1301,r/classicalmusic
1306,r/WWIIplanes
1289,r/airsoft
1286,r/AnimalSounds
1309,r/HarveyTheHippo
1311,r/Pakistan
1303,r/patents
1308,r/AmazonPrime
1312,r/freecustomprinting
1302,r/AmateurRadio
1313,r/mentalhealth
1315,r/Austin
1316,r/engineering
1304,r/architecture
1314,r/India
1307,r/turtlefacts
1310,r/StLouisBlues
1305,r/chemistry
1318,r/philosophy
1317,r/mustang
1321,r/pcmasterrace
1323,r/Austin
1324,r/comicbooks
1322,r/Scams
1325,r/India
1319,r/cancer
1326,r/Shoestring
1327,r/AmazonSeller
1331,r/Actress
1320,r/careerguidance
1334,r/aviation
1332,r/AFL
1333,r/giftcardexchange
1330,r/posture
1329,r/ImaginaryCharacters
1335,r/toronto
1340,r/DavidBowie
1339,r/ChinaHistory
1336,r/Anarchism
1337,r/HomeworkHelp
1342,r/CFB
1343,r/CanadianCollege
1346,r/beer
1347,r/chemistry
1328,r/wholesomememes
1344,r/A_irsoft
1345,r/Tinder
1341,r/astrology
1338,r/personalfinance
1350,r/brasil
1349,r/DiWHY
1348,r/cancer
1353,r/Buddhism
1352,r/jobs
1357,r/shopify
1351,r/Sketchup
1356,r/GoodInfoNetwork
1355,r/relationship_advice
1354,r/canada
1358,r/mycology
1360,r/cars
1361,r/academia
1359,r/Political_Revolution
1364,r/brasil
1362,Dentistry
1367,r/AmazonPrime
1365,r/TheShortFinal
1369,r/airsoft
1363,r/cancer
1370,r/airsoft
1368,r/space
1371,r/AmazonPrime
1372,r/Catholicism
1366,r/fortnite
1373,r/Advice
1376,r/india
1374,r/picrequests
1378,r/Oscars
1379,r/AskReddit
1380,r/NationalCapitalCommission
1383,r/chemistry
1381,r/Austin
1377,r/MidtownAlliance
1382,r/hunting
1387,r/Buddhism
1390,r/AskLosAngeles
1392,r/luxurybrands
1388,r/CanadaFinance
1384,r/Art
1385,r/chemistry
1375,r/youtube
1393,r/chemistry
1395,Subreddit for Korean adult entertainment discussions.
1394,r/videogamedunkey
1386,r/Assistance
1399,r/books
1400,r/RBI
1397,r/chicago
1391,r/economy
1404,r/DC_Cinematic
1405,r/LostAndFound
1398,r/anime
1403,r/TheChase
1402,r/UnresolvedMysteries
1409,r/yoga
1401,r/NatureIsFuckingLit
1396,r/mobilephones
1408,r/architecture
1406,r/gradadmissions
1407,r/NMRspectroscopy
1412,r/Austin
1415,r/blogging
1413,r/architecture
1411,r/entomology
1414,r/chemistry
1389,r/Coffee
1417,r/AskCulinary
1418,r/MTB
1420,r/Austin
1421,r/Parenting
1419,r/labrats
1416,r/mlbstreams
1422,r/Blogging
1423,r/Conservative
1424,r/boston
1426,r/Belgium
1425,r/dogs
1427,r/corgi
1430,r/aww
1410,r/astrology
1429,r/skepticism
1431,r/ninjas
1428,r/UberDrivers
1433,r/genetics
1432,r/MCFC
1434,r/amazonprime
1436,/r/science AMA with American Chemical Society managers.
1437,r/macbookpro
1438,Astrology.
1440,r/cringepics
1439,r/brasil
1441,r/ChinaLies
1443,r/AmazonPrime
1442,r/IndianAstrology
1435,r/legaladvice
1448,r/Meditation
1445,r/especiesenpeligro
1444,r/architecture
1447,r/Austin
1446,r/Astronomy
1449,r/worldnews
1451,r/peloton
1452,r/architecture
1454,r/InflatableAdvertising
1455,r/Kickstarter
1456,r/apple
1450,r/politics
1459,r/GetMotivated
1453,r/PublicFreakout
1457,r/CanadaPost
1463,r/Advice
1466,r/architecture
1464,r/DCcomics
1462,r/ToughCrowd
1465,r/AustralianPolitics
1469,r/aww
1467,r/blender
1458,r/learnprogramming
1468,r/solarpv
1470,r/Alberta
1471,r/Framingham_MA
1473,r/homestead
1474,r/snakes
1461,r/aww
1460,r/GulfstreamAero
1475,r/DeLorean
1477,r/IAmA
1479,r/Automotive
1472,r/Flipping
1478,r/aviation
1476,r/airsoft
1482,r/AppleMusic
1481,r/aviation
1480,r/translator
1483,r/TMobile
1485,r/occult
1488,r/food
1484,r/AmazonSeller
1487,r/architecture
1489,r/amateurradio
1492,r/Coffee
1486,r/Buddhism
1491,r/violao
1495,r/cycling
1493,r/gabsidecomedies
1496,r/PortableChargers
1499,r/NatureIsFuckingLit
1501,r/CustomsBrokers
1502,r/aviation
1498,r/boxing
1494,r/AskReddit
1490,r/StockMarket
1506,r/Austin
1505,r/natureismetal
1507,r/Baltimore
1503,r/RedditGetsDrawn
1508,r/macbookpro
1504,r/ChairmanMaoZedong
1500,r/PlasticSurgery
1497,r/anime
1517,r/Brazil
1509,r/MyAnimeList
1518,r/TrueFilm
1511,r/engrish
1512,r/AskNYC
1510,r/cats
1513,r/atheism
1514,r/AskPhysics
1519,r/Buddhism
1515,r/combinationlock
1520,r/Buddhism
1516,"Subreddit for 광안리건마, 주안건마, 북창동건마."
1525,r/relationship_advice
1523,r/HokutoNoKen
1524,r/coffee
1521,r/ProductTesting
1530,r/Nissan
1531,r/Typewriters
1532,r/AFL
1537,r/AskReddit
1536,r/architecture
1539,r/giftcardexchange
1538,r/captainplanet
1535,r/StarWarsComics
1529,r/PDFrequests
1527,r/cycling
1534,/r/videos
1528,Astrology.
1533,r/careeradvice
1540,r/airsoft
1522,r/architecturestudents
1542,r/iOSBeta
1544,r/Atlanta
1547,r/AFL
1549,r/Mesothelioma
1548,r/Buddhism
1546,r/iOSthemes
1541,r/grocerieShopping
1545,r/airsoft
1552,r/ApartmentLiving
1543,r/youtubevideos
1551,r/StockMarket
1553,r/BeforeNAfterAdoption
1554,r/Art
1556,r/shipping
1561,r/Coffee
1555,r/brasil
1558,r/coffee
1557,r/SandersForPresident
1560,r/Art
1559,r/relationship_advice
1562,r/AstroPhotography
1565,r/DavidBowie
1564,r/Blogging
1566,r/college
1568,r/papergirls
1563,r/PoliticalDiscussion
1569,r/amateurradio
1573,r/California
1550,r/Parenting
1567,r/Futurology
1572,r/philosophy
1574,r/statistics
1571,r/dadjokes
1526,r/AmazonPrime
1575,r/MarvelComics
1570,r/AskReddit
1579,r/running
1580,r/Art
1582,r/BikeCammers
1584,r/BaltimoreCounty
1577,r/MicroscopePics
1583,r/AustinPetLostAndFound
1581,r/Belgium
1576,r/BroadwayBathrooms
1586,r/named사다리
1588,r/fitness
1587,r/Shoestring
1585,r/interiordesign
1589,r/Roadcam
1592,r/brasil
1578,r/MakeupAddiction
1593,r/anime
1591,r/Coffee
1595,r/legaladvice
1594,r/Buddhism
1599,r/aww
1598,r/Buddhism
1596,r/architecture
1597,r/AmazonPrime
1600,r/KingstonOntario
1590,r/monastery
1601,r/Android18
1603,r/Islam
1604,r/SaudiArabia
1605,r/medical
1602,r/bicycling
1611,r/PPC
1614,r/iphone
1612,r/Assistance
1609,r/Alberta
1613,r/ZodiacSigns
1615,r/WesternBulldogs
1607,r/SpaceX
1608,r/worldnews
1617,r/VentingMachine
1618,r/aviation
1610,r/aviation
1616,r/Charlotte
1619,r/ChinaStocks
1606,r/Austin
1622,r/hockey
1626,r/Atlanta
1625,r/AskReddit
1627,r/amazonprimevideo
1624,r/softwaregore
1620,r/Hyperloop
1623,r/techsupport
1621,r/astrology
1633,r/AFL
1628,r/PixelArt
1634,r/brasil
1637,r/MusicTheory
1635,r/beer
1638,r/space
1629,r/LegalAdvice
1642,r/amateurradio
1632,r/anime
1644,r/MacBookPro
1643,r/chicago
1630,r/books
1647,r/China
1636,r/beer
1645,r/Astrology
1649,r/OnePiece
1651,r/Parenting
1646,r/ToyotaSienna
1652,r/Coffee
1639,r/FlashcardFun
1631,r/FashionBloggers
1648,r/Apple
1641,r/podcasts
1654,r/aviation
1653,r/MBTA
1655,r/PSO2Anime
1650,r/Advertising
1640,r/highereducation
1658,r/SEO
1661,r/Dallas
1656,IncheonOP community
1663,r/Wallonia
1657,r/Astronomy
1659,r/MarchForScience
1665,r/CCW
1660,r/GuestPostSponsorPosts
1667,r/worklife
1664,r/NorthwesternUni
1669,r/collegeprep
1670,r/books
1668,r/treeshredders
1666,r/coffee
1672,r/atheism
1674,r/coins
1677,r/Baltimore
1676,r/sanfrancisco
1678,r/translator
1675,r/amateurradio
1671,r/relationship_advice
1662,r/Blogger
1673,r/carporn
1682,r/europeanunion
1679,r/Astronomy
1683,r/vedicastrology
1681,r/astrology
1685,r/movies
1684,r/telescopes
1691,r/Baltimore
1692,r/dizzy
1686,r/Insurance
1688,r/MotorolaCP200
1693,r/comicbooks
1695,r/Astronomy
1694,r/coins
1696,r/MathJax
1690,r/Animals
1689,r/OldSchoolCool
1700,r/Justfuckmyshitup
1698,r/blender
1702,r/airsoft
1697,r/india
1705,r/patreon
1706,r/AskReddit
1701,r/climatechange
1703,r/Vancouver
1699,r/relationship_advice
1708,r/architecture
1680,r/androidapps
1707,r/Teachers
1714,r/Israel
1710,r/personalfinance
1709,r/pharmacy
1713,r/chemistry
1711,r/USPS
1715,r/BlackLagoon
1718,r/drawing
1717,r/SidebarPodcast
1720,r/Aeropress
1704,r/TeslaMotors
1712,r/Windows10
1726,r/bikecommuting
1724,r/HongKong
1721,r/Buddhism
1727,r/Astrobiology
1722,r/privacy
1723,r/energy
1719,r/FloridaMan
1716,r/worldnews
1725,r/Marketing
1730,r/urbanexploration
1728,r/blogging
1734,r/ChinaPolitics
1732,r/aviation
1729,r/AustinLesbians
1687,r/chemistry
1733,r/AnimeSuggestions
1737,r/CatsStandingUp
1738,r/streetart
1731,r/sportsbetting
1736,r/baseballbetting
1740,r/cats
1735,r/atheism
1742,r/whatcarshouldIbuy
1739,r/atheism
1741,r/Austin
1748,r/NEAFL
1746,r/AskReddit
1747,r/ChinaPolitics
1744,r/WorkOnline
1749,r/Christianity
1745,r/Baltimore
1750,r/manga
1743,r/legaladvice
1751,r/Construction
1753,r/classicalmusic
1752,r/vines
1754,r/axecraft
1758,r/audible
1757,r/AppleWatch
1759,r/CityandColour
1762,r/PoliticalDiscussion
1755,r/busanmassage
1761,r/Coffee
1756,r/Brisbane
1763,r/bartschols
1764,r/Austin
1766,r/politics
1760,r/TeslaModel3
1767,r/SEO
1768,r/classicalmusic
1772,r/brussels
1775,r/Bambini
1765,r/aww
1769,r/StandUpComedy
1774,r/IdiotsInCars
1770,r/sportsbetting
1777,r/SuggestALaptop
1776,r/Astronomy
1779,r/amagami
1778,r/TechPro360
1780,r/BostonMA
1771,r/engineering
1781,r/amateurradio
1782,r/FunnyWomen
1773,r/AskReddit
1784,r/computerclub
1783,r/Anatomy
1788,r/sweden
1796,r/Superman
1786,r/pathology
1794,r/aww
1798,r/AmazonPrime
1797,r/IndianAstrology
1792,r/religion
1793,r/securityguards
1789,r/ExpatFinance
1791,r/Catholicism
1785,r/sex
1790,r/horrorcomedy
1787,r/relationship_advice
1795,r/beer
1799,r/Meditation
1802,r/airsoft
1800,r/zoology
1803,r/coins
1801,r/Catholicism
1806,r/JustNoMIL
1805,r/cats
1804,r/saopaulo
1807,r/Newfoundland
1813,r/ApartmentsWarsaw
1812,r/privacy
1816,r/iPhone
1815,r/BMW
1814,r/Taurus
1810,r/PokemonArt
1808,r/AskCulinary
1818,r/AFL
1821,r/Coins
1817,r/careeradvice
1824,r/AmazonPrime
1809,r/GREprep
1825,r/Subreddit
1827,r/TeatroGastronomia
1811,r/carscoops
1820,r/batmantoto
1819,r/art
1828,r/classicalmusic
1830,r/blender
1822,r/ChryslerFiat
1832,r/Buddhism
1831,r/TwoSentenceHorror
1829,r/aviation
1834,r/Entrepreneurship
1836,r/whowouldwin
1835,r/Austin
1833,r/airsoft
1837,r/SamuraiJack
1823,r/seoul
1838,r/macbookpro
1826,r/LucidDreaming
1840,r/ValkyrieProfile
1842,r/deadpool
1841,r/ArtCritique
1843,r/IndianAstrology
1844,r/aww
1845,r/BMW
1846,r/Cats
1839,r/totosite_recommendation
1850,r/apple
1849,r/sportsbetting
1852,r/AskReddit
1848,r/OhioTravel
1851,r/Anxiety
1853,r/YouTubePromotion
1856,r/Roadcam
1847,r/oregon
1857,r/socialmedia
1855,r/Austin
1863,r/Music
1862,r/anime
1859,r/graphicnovels
1864,r/amateurradio
1858,r/DIY
1861,r/MusicProduction
1860,r/taxation
1854,r/aviation
1867,r/environment
1866,r/ArtOnline
1868,r/NaturalNews
1870,r/cancer
1869,r/chicago
1865,r/WhatWeDoInTheShadows
1872,r/bikecommuting
1873,r/ncbeer
1874,AskAcademia
1875,r/ArtIdentification
1876,r/Baltimore
1877,r/ModestFashion
1878,r/loseit
1880,r/AmazonPromoCodes
1879,r/Austin
1881,r/GirlGamers
1882,r/TennesseTitans
1884,r/cancer
1885,r/Catholicism
1871,r/Astrology
1887,r/optics
1888,r/herpetology
1886,r/lowpoly
1883,r/cooking
1891,r/beer
1889,r/comicbooks
1890,r/brusselsairport
1894,r/Buddhism
1895,r/amv
1892,r/ConstructionManagement
1893,r/Texas
1898,r/creativity
1897,r/Christianity
1899,r/MechanicalEngineering
1901,r/airsoft
1902,r/GREprep
1903,r/beer
1905,r/AdvertisingAgency
1900,r/Baltimore
1907,r/Buddhism
1896,r/Wikipedia
1912,r/CanadianHistory
1908,r/Meditation
1913,r/MechanicAdvice
1914,r/airsoft
1916,r/TwoXChromosomes
1909,r/AskReddit
1906,r/happypanda
1904,r/TextbookExchange
1920,r/HamRadioTrading
1921,r/FoodArt
1915,r/EuroCoin
1922,r/television
1910,r/CatAdvice
1923,Relationships
1924,r/australia
1928,r/anime
1911,r/phones
1918,r/relationship_advice
1919,r/chemistry
1927,r/musictheory
1930,r/personalfinance
1925,r/Republican
1926,r/ChineseLanguage
1929,r/AskAstronomy
1917,r/AmazonPrime
1931,r/sex
1932,r/comicbooks
1936,r/photography
1935,r/AskElectronics
1937,r/autorepair
1934,r/Zelda
1940,r/fitness
1933,r/SuicideBereavement
1939,r/architecture
1942,r/ottawa
1945,r/Baltimore
1938,r/Buddhism
1944,r/SignsCommunity
1941,r/TrucksForSale
1947,r/Cincinnati
1946,Christianity
1943,r/PersonalFinanceCanada
1948,r/GetMotivated
1949,r/relationship_advice
1951,r/IndianAstrology
1955,r/Vancouver
1953,r/ChicagoHistorical
1952,r/Baltimore
1954,Barstool Sports
1958,r/coins
1957,r/UrduNovelsHouse
1956,r/ChamaVioleta
1962,r/The_Donald
1960,r/coins
1959,r/streamentry
1963,r/trains
1950,r/karanokyoukai
1961,r/LaborRights
1965,r/NSFWfun
1966,r/SubscribeToMe
1969,r/classicalmusic
1972,r/DrSebi
1973,r/Christianity
1971,r/cancer
1968,r/AustinVegan
1974,r/astrophotography
1976,r/singapore
1967,r/DC_Cinematic
1975,r/ScenesFromAHat
1977,r/AbandonedPorn
1970,r/AskReddit
1978,r/japanesemusic
1982,r/legaladvice
1980,r/Art
1964,r/geopolitics
1979,r/SquaredCircle
1985,r/Aquarius
1987,아찔한밤 subreddit
1988,r/brasil
1983,r/FrenchPress
1990,r/advertising
1981,r/fixit
1989,r/BostonCalling
1991,r/GetMotivated
1992,r/collapse
1993,r/ecommerce
1995,r/comicbooks
1998,r/boston
1999,r/Retirees
1996,r/urbanplanning
1994,r/AskHistorians
2001,r/WhitePeopleTwitter
1997,r/bicycling
2000,r/aviation
1986,r/SaberAlter
2002,r/astrology
2004,r/ft86
1984,r/Bad_Cop_No_Donut
2005,r/Pets
2006,r/coworking
2003,r/Austin
2010,r/ChicagoRenting
2009,r/raildex
2008,r/HormoneReplacement
2011,r/kpop
2013,r/iPhone
2016,r/Unity3D
2007,r/IndianArtAndCrafts
2012,r/AustinEntrepreneurs
2017,r/AirlinePilotCentral
2015,r/aviation
2019,r/telescopes
2018,r/findaprinter
2022,r/flying
2023,r/aww
2021,r/coffee
2024,r/worldnews
2020,r/photocritique
2025,r/IDAP
2028,r/arizona
2030,r/Astronomy
2026,r/Watercolor
2032,r/SkincareAddiction
2034,r/Boxing
2014,r/OrganicChemistry
2038,r/hypehouse
2041,r/relationship_advice
2033,r/OldSchoolCool
2035,r/ApplyingToCollege
2040,r/DIY
2027,r/sex
2036,r/brasilia
2039,r/AskReddit
2043,r/Uighur
2044,r/Canada
2046,r/SEO
2048,r/news
2031,r/Atheism
2050,r/Coffee
2049,r/iOS
2029,r/Austin
2047,r/AskElectronics
2045,r/Trackdays
2042,r/leadership
2051,r/Biochemistry
2037,r/Alcoholism
2054,r/chicago
2058,r/Texas
2056,r/Advice
2059,Blogger Collaboration Group
2053,r/TodayILearned
2060,r/BostonFrench
2052,r/translator
2061,r/brunch
2063,r/AskReddit
2062,r/Iowa
2055,r/comicbooks
2057,r/roadtrip
2065,r/BeforeNAfterAdoption
2064,r/gravelcycling
2068,Subreddit: /r Boston
2067,r/MakerFaire
2070,r/ThreadTransfers
2071,r/airsoft
2069,r/AppleWatch
2072,r/pricehistorytracker
2066,r/occultism
2074,r/Buddhism
2075,r/BaltimoreCrime
2077,r/AskReddit
2076,r/MaineBeer
2078,r/brasil
2081,r/tutor
2084,r/amateurradio
2080,r/coins
2085,r/HomeImprovement
2073,울산건마
2088,r/stockx
2086,r/AskReddit
2079,r/AskHR
2083,Relationships
2087,r/CoinCommunity
2089,Astrology.
2082,r/neighborscat
2091,r/airsoft
2090,r/aviation
2094,r/relationship_advice
2092,r/airsoft
2096,r/coins
2098,r/movies
2097,r/Chicago
2099,r/PolarBears
2100,r/Dentistry
2102,r/brasil
2103,r/Military
2095,r/Atlanta
2105,r/amateurradio
2101,r/ProvidenceArtists
2107,r/NoSleep
2106,r/apple
2110,r/manga
2109,r/relationships
2111,r/cats
2093,r/WordPress
2113,r/ChicagoSuburbs
2112,r/bicycling
2116,r/airsoft
2118,r/AskNYC
2115,r/IdentityTheft
2108,r/vierneslibre
2117,r/Animesuggest
2114,r/BostonHousing
2121,r/Shanghaiist
2123,r/moving
2104,r/GlasgowBedCommunity
2120,r/apple
2125,r/tailors
2124,r/GetMotivated
2128,r/iOSBeta
2127,r/beermoney
2132,r/gaming
2133,r/AnimeMusic
2135,r/pcmasterrace
2126,r/Austin
2136,r/SEO
2131,r/blender
2130,r/squirrels
2119,r/TeddyBears
2134,r/FoodWaste
2129,r/wholesomememes
2122,r/belgium
2138,r/SuicideSquad
2137,r/Abbey
2139,r/amateurradio
2141,r/college
2140,r/books
2144,r/Christianity
2142,r/iOS
2145,r/BarbieDreamhouse
2150,r/beer
2148,r/blogging
2143,r/nightowls
2147,r/Advertising
2152,r/cats
2149,r/WordPress
2151,r/evilbuildings
2153,r/CommercialCuts
2146,r/AskHistorians
2156,r/anime
2155,r/amateurradio
2154,r/renting
2157,r/personalfinance
2163,r/AskReddit
2158,r/aww
2160,r/UFOs
2159,r/SexWorkers
2161,r/Netflix
2164,r/FremantleFC
2166,r/cancer
2162,r/FateoftheWorld
2167,r/Ottawa
2168,r/JourneyToTheWest
2169,r/supportgroup
2170,r/web_design
2165,r/AustinPetAdoptions
2172,r/Christianity
2173,r/Immunotherapy
2175,r/dubai
2177,r/NHLStreams
2178,r/europeanparliament
2179,r/aww
2171,r/Baltimore
2174,r/architecture
2181,r/AusLegal
2183,r/chicago
2176,r/WaterFilter
2180,r/motorcycles
2184,r/comicbooks
2182,r/StandUpComedy
2189,r/owls
2185,r/houseplans
2190,r/Art
2187,r/sportsbetting
2186,r/collegefinances
2192,r/sandiego
2191,r/xxfitness
2193,r/AnimalTrainer
2195,r/DesignMyRoom
2194,r/NoSleep
2197,r/Halo
2198,r/Immigration
2196,r/Belgium
2188,r/todayilearned
2199,r/CyclingFashion
2202,r/IdeasForTheAdmins
2210,r/MoviePosters
2208,r/Buddhism
2207,r/chemistry
2212,r/FoundOnFacebook
2209,r/GoogleMaps
2206,r/AskReddit
2211,r/syriancivilwar
2213,r/space
2203,r/cancer
2201,r/NSFW411
2204,r/Entrepreneur
2205,r/AnimalRightsWV
2200,r/ColonCancer
2214,r/Konosuba
2227,r/Baltimore
2222,r/Coffee
2223,r/ICanDrawThat
2224,r/venturecapital
2218,r/Alberta
2220,r/AutoDetailing
2226,r/photography
2215,r/boston
2219,r/Cello
2216,r/ISP
2225,r/classicalmusic
2228,r/onlinebetting
2230,r/Austin
2231,r/AskReddit
2229,r/HamRadioTrading
2233,r/MarvelComics
2232,r/coffee
2221,r/AskReddit
2234,r/bicycling
2238,r/chicago
2240,r/Astronomy
2235,r/FastAndFurious
2239,r/DC_Cinematic
2217,r/IKEA
2237,r/coins
2244,r/coffee
2245,r/AppleMusic
2247,r/snowboarding
2236,r/astrology
2248,r/baltimore
2241,r/Canada
2246,r/history
2251,r/alcohol
2250,r/chemistry
2242,r/Advice
2252,r/architecture
2253,r/CanadaAbortion
2254,r/motorcycles
2249,r/AppHookup
2255,r/AnalCancer
2256,r/Catholicism
2243,r/chicagocityscape
2258,r/GetMotivated
2257,r/funnyanimals
2262,r/DesenhosMarcaramInfância
2261,r/oncology
2265,r/Bollywood.
2267,r/MarvelComics
2263,r/worldnews
2269,r/AmazonMerch
2260,r/StockMarket
2268,r/ChinaFlu
2264,#FunGimal
2270,r/scanners
2271,r/SecretWars
2272,r/Atlanta
2273,r/comicbooks
2275,r/cancer
2259,r/space
2266,r/braces
2276,r/MiamiBeach
2274,r/comicbooks
2282,r/EDC
2281,r/Buddhism
2284,r/DIY
2277,r/Honolulu
2283,r/atheism
2280,r/NoticiasDeSaude
2279,r/classicalmusic
2287,r/AnkiVector
2286,r/HindiVashikaran
2278,r/coins
2288,r/HaircareScience
2291,r/bicycling
2289,r/InjusticeComics
2290,r/news
2292,r/chemistry
2285,r/chicagoapartments
2293,r/AFL
2295,r/PubTalk
2296,r/geopolitics
2299,r/Buddhism
2294,TIL about the Georgia Guidestones: todayilearned
2301,r/ChinaStocks
2298,r/Ventilation
2300,r/Uber
2302,r/deaf
2297,r/DeviantArt
2305,r/coins
2304,r/Art
2307,r/aviation
2303,Astrology community.
2309,r/bookclub
2308,r/PortoAlegre
2306,r/Feedback
2312,r/airsoft
2310,r/astrology
2313,r/Catholicism
2318,r/classicalmusic
2319,r/airsplat
2315,r/mildlyinteresting
2322,r/relationship_advice
2321,r/travel
2320,r/DavidBowie
2317,r/collegeapplicants
2314,r/aviation
2316,r/Parenting
2325,r/college
2311,r/relationships
2323,r/whatcarshouldIbuy
2329,r/sportsbetting
2328,r/urbanplanning
2324,r/urbanplanning
2332,r/Canada
2331,r/techsupport
2327,r/standupcomedy
2335,r/Catholicism
2334,r/stopmotion
2326,r/CollegeBasketball
2330,r/Instagram
2336,r/RealEstate
2339,r/Autofurnish
2333,r/illinoispolitics
2341,r/cancer
2342,r/politics
2340,r/aviation
2344,r/Baltimore
2345,r/Atlanta
2347,r/movies
2343,r/shortwave
2337,r/aviation
2350,r/AppleiPhone
2351,r/ChineseHistory
2348,r/cars
2349,Astrology.
2346,r/Beans
2352,r/MeetNewPeople
2355,r/meditation
2354,r/pugs
2356,r/IAmA
2357,r/chemistry
2353,r/classicalmusic
2359,r/classicalmusic
2361,r/Buddhism
2358,r/advertising
2364,r/brasil
2363,r/GetMotivated
2365,r/legaladvice
2338,r/airsoft
2360,r/GrantMorrison
2362,r/europe
2369,r/belgium
2371,medicine
2368,r/OnePunchMan
2366,r/iphone
2372,r/AskNYC
2370,r/environmentaljustice
2373,r/brasil
2375,r/Blogging
2374,r/MechanicAdvice
2376,r/Brighton
2377,r/suggestmeabook
2379,r/web_design
2380,r/funny
2378,r/relationship_advice
2382,r/legaladvice
2385,r/ExtinctionTracking
2386,r/aviation
2389,r/socialanxiety
2387,r/Baltimore
2388,r/FlashTV
2383,r/astrology
2367,r/BowiePics
2392,r/brasil
2390,r/coins
2391,r/Baratza
2394,r/architecture
2393,r/amateurradio
2381,r/cancer
2395,r/SwimmingPoolMassage
2396,r/coins
2399,WarriorCats
2400,r/ShowDaFe
2397,/r/HamRadio
2384,r/ArchitectureDrawings
2398,r/healthcare
2404,r/monkeyparks
2402,r/natureismetal
2403,r/cancer
2406,r/architecturevisualization
2401,r/chemistry
2405,r/IndianArt
2407,r/Apple
2411,NSFW subreddit.
2409,r/Canada
2410,r/KDRAMA
2408,r/metaldetecting
2413,r/Orchestra
2412,r/AnimalCrossing
2415,r/brasil
2414,r/TurkishCinema
2418,r/cars
2420,r/guineapigs
2416,r/medicalanimation
2421,r/Turkey
2424,r/collectibles
2426,r/classicalmusic
2417,r/femalefashionadvice
2422,r/AmazonDE
2430,r/AppHookup
2431,r/Archer
2423,r/Atlanta
2425,r/MarylandLottery
2428,r/Catholicism
2419,r/financialaid
2432,r/comicbooks
2429,r/anime
2433,r/Endings
2427,r/AnimalsBeingJerks
2435,r/architecture
2436,r/BaltimoreBrew
2437,r/apple
2443,r/Baltimore
2440,r/MargaretCho
2439,r/GreenLantern
2441,r/Mindfulness
2438,r/Vashikaran
2442,r/apple
2434,r/legaladvice
2445,r/Baltimore
2446,r/ChinaPolitics
2444,r/WhatsApp
2453,r/unboxing
2454,r/blender
2448,r/Glocks
2452,r/Christianity
2457,r/Canada
2450,r/coins
2451,r/otters
2455,r/roadtrip
2458,r/chemistry
2447,r/amateurradio
2456,r/HyundaiGenesis
2461,r/Dundalk
2462,r/techsupport
2466,r/europe
2459,r/Roofing
2468,r/SeattleWA
2469,r/museumpros
2460,r/chrome
2470,r/economiccollapse
2449,r/veganism
2465,r/learnart
2464,r/architecture
2463,r/vintageads
2471,r/anime
2467,r/syriancivilwar
2473,r/FastRadioBursts
2475,r/parenting
2478,r/learnart
2474,r/iPhone
2477,r/Astronomy
2480,r/ChevroletTrax
2482,r/comicbooks
2481,r/BlackSheep
2483,r/KoreanAir
2484,r/airsoft
2479,r/Atlanta
2485,r/travel
2476,r/books
2472,r/IndianExports
2487,r/cancer
2489,r/China
2488,r/KerryGodliman
2490,r/Incels
2496,r/Catholicism
2486,r/IndianFood
2494,r/Citroen
2498,r/ipodnano
2497,Astronomy subreddit
2492,r/MechanicAdvice
2491,r/frugalmalefashion
2493,r/Buddhism
2499,r/FremantleDockers
2495,r/1911
2502,r/OFCCP
2500,r/AutoGlass
2503,r/Gundam
2501,r/VinylArt
2505,r/chemistry
2509,r/baltimore
2506,r/Netflix
2504,r/Baltimore
2510,r/GraphicDesign
2512,r/OldSchoolCool
2513,r/cybersecurity
2508,r/BMWi8
2514,r/finance
2516,r/DesignCritiques
2515,r/AFLDraft
2511,r/Catholicism
2507,r/running
2517,r/aww
2520,r/college
2525,r/architecture
2526,r/BigOrder
2530,r/musictheory
2519,r/EscapeRooms
2523,r/comics
2527,r/Blogging
2528,r/Austin
2522,r/LGBTQ+
2524,r/Warbirds
2532,r/Coffee
2521,r/Holi
2531,r/InteriorDesignAwards
2533,r/EventManagement
2540,r/aviation
2538,r/graphic_design
2541,r/cars
2539,relationship_advice
2518,r/OfficeMemes
2535,r/bikecommuting
2534,r/MarvelComics
2537,r/Animals
2536,r/gravelcycling
2543,rfelectronics
2544,r/advertising
2529,r/PartyPlanning
2546,r/relationship_advice
2547,r/ceilingcat
2554,r/ClashRoyale
2542,r/bicycling
2548,r/CraigslistCars
2558,r/PublicArt
2552,r/chemistry
2555,r/coins
2559,r/advertising
2549,r/DGrayMan
2556,r/EarlyMusic
2551,r/bikewrench
2560,r/Batman
2545,r/Apple
2562,r/chemistry
2561,r/amazonprime
2563,r/Amazon
2557,r/China
2550,r/gonewild
2564,r/photography
2565,r/AmazonPrime
2553,r/anime
2568,r/NovaScotia
2567,r/NetflixBestOf
2569,r/suggestmeabook
2566,r/Atlanta
2572,r/kindlefire
2570,r/climatechange
2571,r/Baltimore
2575,r/CancerTreatment
2573,r/technology
2578,r/blender
2577,r/CanadianOilSands
2574,r/AirForce
2579,r/survival
2580,r/CommuteLy
2581,r/airsoft
2584,r/writing
2582,r/Advertising
2583,r/Petloss
2588,r/GunAccessoriesUK
2586,r/teenagers
2587,r/CityandColour
2590,r/bicycling
2585,r/espresso
2592,r/confidence
2576,r/iOSProgramming
2591,r/ArtHistory
2594,r/astrology
2596,r/WestFlemishDNB
2593,Subreddit: 선릉오피
2589,r/anime
2597,r/sideloaded
2595,r/davidbowie
2600,r/airsoft
2601,r/chemistry
2599,r/cancer
2605,r/chicago
2602,r/AmazonPrime
2598,r/Blogger
2604,r/airsoft
2606,r/AustinBeer
2607,r/relationship_advice
2610,r/penguin
2603,r/economics
2614,r/DeepGreenResistance
2613,r/AmazonReviews
2608,r/comicbookcollecting
2616,r/Marathi
2612,r/anime
2618,r/cancer
2615,r/AskWomen
2617,r/MechanicAdvice
2611,r/philosophy
2621,r/coffeebiz
2624,r/bicycling
2625,r/relationships
2620,r/comedywriting
2628,r/philharmonic
2626,r/JusticeServed
2623,r/breastcancer
2630,r/Astrobiology
2627,r/books
2631,r/architecture
2622,r/Canada
2619,r/web_design
2635,r/CRISPR
2629,r/syriancivilwar
2609,r/aww
2634,r/BadGirls
2636,r/Acura
2633,r/iphone
2632,r/AncientCoins
2639,r/Canada
2640,r/bookclub
2637,r/Meditation
2643,r/climatechange
2646,r/illinoispolitics
2642,r/telescopes
2644,r/airsoft
2650,r/Sloths
2647,r/funnymonkeys
2645,r/college
2648,r/ShelterRockCove
2653,r/bicycling
2651,r/Iowa
2638,r/books
2652,r/TummoBonBuddhism
2654,r/ArlingtonMA
2649,r/woodworking
2655,r/AskDocs
2659,r/amateurradio
2641,r/creepyPMs
2658,r/GurrenLagann
2660,r/Coffee
2664,r/privacy
2656,r/taxrefund
2665,r/comicbooks
2663,r/coffee
2667,r/anarchism
2661,r/AnimeReviews
2666,r/urbanplanning
2668,r/Montreal
2670,r/StockMarket
2657,r/AnimalsBeingJerks
2671,r/television
2673,r/cars
2672,r/nyc
2675,r/architecture
2676,r/atheism
2669,r/sportsbetting
2674,r/astrology
2680,r/belgium
2679,r/SampleSize
2662,r/NoStupidQuestions
2681,r/coincollecting
2684,r/aviation
2678,r/Music
2683,r/humanrights
2677,r/aww
2685,r/Kurdistan
2687,r/mentalhealth
2691,r/KoreanBeauty
2690,r/disneyvacation
2692,r/C25K
2693,r/opensource
2682,r/StudyinAustralia
2695,r/coupons
2696,r/iphone
2689,r/religiousfreedom
2694,r/classicalmusic
2686,r/coffee
2698,r/geopolitics
2699,r/aviation
2702,r/Anarchism
2703,r/Atlanta
2701,r/ifyoulikeblank
2700,r/RealGirls
2706,r/GloucesterMA
2688,r/blender
2704,r/CatSlaps
2707,r/bicycling
2708,r/MusicCritique
2709,r/Canada
2705,r/writing
2711,r/Bizbilla
2710,Chemistry
2712,r/Coffee
2713,r/Buffalo
2697,r/ImaginaryLandscapes
2714,r/BatmanRobinEternal
2715,r/cocaine
2716,r/whatisthisthing
2720,r/ChicagoHistory
2718,r/Justificando
2721,r/youtube
2723,r/Apple
2717,r/BottlePick
2726,r/bikecommuting
2725,r/brasil
2719,r/architecture
2722,r/vagasdequeiro
2727,r/JamesBond
2724,r/SydneyCoinsAuction
2730,r/NissanMaxima
2731,r/AustinTennis
2729,r/astrology
2728,r/Dentistry
2733,r/branding
2732,r/GiftIdeas
2734,r/coolguides
2735,r/Advertising
2737,r/Olympics
2742,r/Bindo
2741,r/astrology
2747,r/Catholicism
2738,r/The_Donald
2739,r/aviation
2736,r/Atlanta
2748,r/BaltimoreEats
2745,r/chicago
2743,r/advertising
2750,r/LateShow
2751,r/economics
2752,r/Bitcoin
2744,r/CanadaPolitics
2746,r/rollercoasterparadise
2757,r/Lawfare
2758,r/Islam
2754,r/Buddhism
2759,r/aww
2740,r/macbookair
2764,r/Music
2762,r/climatechange
2753,r/snapchat
2760,r/aviation
2756,r/RefundMyPurchase
2763,r/aviation
2749,r/medicine
2755,r/economics
2767,r/Glocks
2765,r/barista
2761,r/FatBikeEOA
2766,r/stopdrinking
2770,r/News
2771,r/comicbooks
2768,r/SuggestALaptop
2769,r/architecture
2775,Episcopalianism
2773,r/iPhone
2780,r/EastBayBeer
2777,r/comicbooks
2778,r/McLarenF1
2779,r/relationship_advice
2776,r/AnimePiano
2781,r/chemistry
2782,r/AtlantaHousing
2784,r/aww
2783,r/hockey
2785,r/Maryland
2772,r/Christianity
2786,r/CAAfootball
2787,r/RevivalComic
2792,r/Buddhism
2789,r/SelfPortraits
2774,r/television
2791,r/AstrologyAdvice
2788,r/architecture
2790,r/Coffee
2793,r/relationship_advice
2794,r/trees
2797,r/energydrinks
2798,r/Safari
2800,r/Belgium
2799,r/relationships
2795,r/urbanplanning
2796,[Astronomy] Looking for stargazing partner for fun evenings.
2803,r/FireStickMovies
2807,r/Toyota
2801,r/classicalmusic
2804,r/NFL
2808,r/NephroticSyndrome
2809,r/airsoft
2805,/r/Belgica
2811,r/Astronomy
2810,r/blender
2814,r/HomeImprovement
2813,r/CanadaFashion
2816,r/Coffee
2815,r/art
2817,r/CompetitionShooting
2818,r/UsedCars
2812,r/beer
2820,r/books
2821,r/Blogging
2819,r/relationship_advice
2802,r/standupcomedy
2806,r/shipping
2823,r/Untappd
2822,r/amateurradio
2826,r/amazonprime
2825,r/Astronomy
2824,r/travel
2831,r/relationships
2827,r/whatisthisthing
2829,r/IDAP
2828,r/technology
2830,r/UnresolvedMysteries
2833,r/VintageBicycles
2832,r/AskReddit
2834,r/AmazonPrime
2840,r/COVID19positive
2844,r/stopsmoking
2839,r/SelfDrivingCars
2841,r/GetMotivated
2846,r/belgium
2843,r/natureismetal
2837,r/AmazonPrime
2842,r/IndigenousRights
2836,r/labrats
2845,r/TWGOK
2849,r/Astronomy
2847,r/airsoft
2852,r/coins
2835,r/movingwithpets
2848,r/electricvehicles
2851,r/ModernVigilantes
2853,r/cancer
2850,r/ThriftStoreHauls
2860,r/maryland
2863,r/Advertising
2861,r/AskScienceFiction
2859,r/CustomerService
2862,r/Stanford
2857,r/PublicFreakout
2854,r/news
2858,r/LasVegasPhotography
2838,r/quarterlifecrisis
2864,r/CampusMinistry
2855,r/relationships
2856,r/love
2867,r/Austin
2866,r/photoshop
2869,r/RATM
2868,r/StarWarsComics
2871,r/dating
2873,r/whatsthisbug
2874,r/Homebuilding
2865,r/AmazonPrime
2876,r/totosite_recommendation
2872,r/AutoTransport
2877,r/Catholicism
2879,r/CassavaRecipes
2875,r/AMSAT
2886,r/anime
2884,r/Austin
2883,r/AmazonPrime
2885,r/OSX
2878,r/belgium
2880,r/blender
2887,r/MusicGearSwap
2882,r/dataisbeautiful
2888,r/chemistry
2870,r/AgentsOfSHIELD
2890,r/ElectricVehicles
2894,r/Bothell
2893,r/airsoft
2892,r/totosite
2891,r/DesignPorn
2895,r/Canada
2897,r/careeradvice
2899,r/Aquariums
2881,r/TurkeyBookClub
2901,r/Mauritius
2896,r/Uber
2902,r/CathayPacific
2900,r/AppleHelp
2905,r/CityPorn
2904,r/Austin
2889,r/Kayaking
2903,r/Austin
2906,r/aviation
2907,r/pestcontrol
2898,r/transcribe
2908,r/BMWorBust
2909,r/guns
2913,r/Catholicism
2911,r/gifts
2916,r/streetart
2920,r/coins
2919,r/chicago
2917,r/WatchPeopleDieInside
2918,r/Blogging
2910,r/Scrimshaw
2915,r/hiphopheads
2914,r/natureismetal
2922,r/college
2923,r/AustinVintageDecor
2924,r/SuperGirlsOnline
2927,r/ChristmasLobster
2912,r/blender
2926,r/politics
2934,r/Austin
2930,r/JustinBieber
2925,r/polyamory
2928,r/E30
2935,r/minimalism
2936,r/HomeImprovement
2937,r/apple
2932,r/chemistry
2939,r/NSFW411
2933,/r/nonononoyes
2931,r/relationship_advice
2940,r/AlternateHistory
2941,r/China
2938,r/Austin
2944,r/Coffee
2942,r/Jaguar
2943,r/webcomics
2945,r/comicbooks
2949,r/atheism
2948,r/Meditation
2947,r/sunrise
2929,r/Chicago
2921,r/deadpool
2951,r/Astronomy
2946,r/blogging
2954,r/LondonOntario
2957,r/Art
2955,r/AmazonPrime
2958,r/relationship_advice
2950,r/WilliamPatersonUni
2963,r/college
2956,r/Coffee
2959,r/airsoft
2952,r/RealNewsNetwork
2953,r/cycling
2960,r/Somerville
2967,r/SEO
2969,r/Baltimore
2968,r/Numbers
2966,r/business
2961,r/chauffeurs
2975,r/cars
2973,r/Advertising
2974,r/ProstateCancer
2970,r/BikingBreweries
2964,r/Baltimore
2962,r/anime
2971,r/CanadaPolitics
2976,r/relationships
2984,r/comicbooks
2965,r/Buddhism
2978,r/neuroscience
2981,r/Meditation
2980,r/airsoft
2983,r/TIL
2982,r/RealEstateInvesting
2979,r/love
2985,r/Fargo
2987,r/coins
2986,r/CanadaPolitics
2972,r/AmazonPrime
2977,r/selfimprovement
2996,r/AustinBusinessJournal
2989,r/belgium
2991,r/cars
2988,r/femalefashionadvice
2993,r/hamradio
2997,r/Gigwise
3000,r/Christianity
2992,r/coins
2990,r/AmazonPrime
2995,r/economy
2999,r/Christianity
2994,r/AlignmentAndDerailment
2998,r/FantasySciFi
3009,TADSOL
3003,r/classicalmusic
3007,r/books
3004,r/personalfinance
3001,r/relationships
3008,r/Octopus
3005,r/boston
3011,r/AskTechnology
3002,r/Noida
3006,r/MarvelComics
3013,r/Canada
3012,r/ChristianMusic
3015,r/naruto
3016,r/airsoft
3017,r/singlespeedcyclists
3023,r/books
3022,r/AdobeFuse
3019,r/flying
3025,r/genetics
3018,r/Belgium
3020,r/Recycling
3021,r/AskReddit
3026,r/OxfordUni
3010,r/Assistance
3014,r/Anxiety
3028,r/CanadaPolitics
3030,r/WatchPeopleDieInside
3032,r/coins
3024,r/airsoft
3031,r/AcousticCovers
3029,r/architecture
3027,r/r4rAustin
3034,r/chemistry
3039,r/classicalmusic
3036,r/marvelstudios
3038,/r/Atlanta
3033,r/KekkaiSensen
3043,r/bikecommuting
3041,r/jobs
3037,r/Christianity
3042,r/Futurology
3046,r/AskMarketing
3044,r/bioinformatics
3050,r/natureismetal
3045,r/Atlanta
3052,r/Baltimore
3051,r/Kundalini
3055,r/AskVet
3048,r/Baltimore
3053,r/macmini
3035,r/amazonrefund
3054,r/iphone
3049,r/anime
3040,r/China
3056,r/BassGuitar
3057,r/ShortScaryStories
3061,r/Buddhism
3060,r/Australia
3059,r/financialaid
3058,r/appletv
3047,r/Streetracing
3062,r/AmazonPrime
3065,r/cancer
3063,TF2 subreddit
3064,r/Boston
3066,r/architecture
3067,r/airsoft
3070,r/OopsDidntMeanTo
3068,r/GolfGTI
3075,r/AnimalLovers
3072,r/logodesign
3076,r/Buddhism
3077,r/Edmonton
3078,r/AmazonPrime
3079,r/sportsbetting
3074,r/loseit
3069,r/AskPhysics
3073,r/Belgium
3071,r/legaladvice
3086,r/blender
3080,r/Otakon
3082,Prayer Warriors 365
3083,r/starbucks
3085,r/standupshots
3090,r/hockey
3088,r/relationships
3092,r/fitness
3087,r/Vietnamese
3091,r/Anarchism
3084,r/NSFWIAMA
3081,r/Art
3093,r/AskHR
3094,r/immigration
3089,r/SkincareAddiction
3095,r/airsoft
3099,r/Apple
3098,r/labrats
3105,r/MacOS
3103,r/HealthSciencesTech
3097,r/murakami
3100,r/amateurradio
3101,r/STAPPZApp
3104,r/AlmostGotRunOver
3096,r/batteries
3107,r/Austin
3106,r/roommates
3111,r/StockMarket
3110,r/Austin
3113,r/books
3112,rva
3118,r/Sneakers
3114,r/TwoXChromosomes
3117,r/baltimore
3116,r/AustinJobs
3115,r/coins
3109,r/PS4
3119,r/Baltimore
3102,r/airsoft
3123,r/ChexSystems
3127,r/socialskills
3121,r/singapore
3108,r/Art
3124,r/bicycling
3120,r/beer
3128,r/BMX
3122,r/EurekaSeven
3125,r/AskElectronics
3131,r/ApplyingToCollege
3126,r/coins
3134,r/RosemontTheater
3133,r/Baltimore
3129,r/StockMarket
3130,r/aviation
3139,r/architecture
3135,r/design_critiques
3132,r/writing
3141,r/puppies
3143,r/AmazonPrime
3148,r/BikeTools
3138,r/Christianity
3140,r/aviation
3142,r/paintedrocks
3144,r/rickandmorty
3145,r/Astronomy
3146,r/findapath
3150,French learning Tuesdays in /r/Quebec
3136,r/Baltimore
3137,r/Art
3149,r/lotr
3151,r/coins
3153,r/Sculpture
3155,r/AutoMaintenance
3154,[aviation]
3147,r/bikewrench
3160,r/cars
3152,r/CasualConversation
3158,r/Judaism
3157,r/bicycling
3164,r/Calendars
3163,r/AmazonPrimeMusic
3156,r/AtlantaBarters
3161,r/sportsbetting
3162,r/computationalbiology
3167,r/Christianity
3166,r/legaladvice
3170,r/philosophy
3168,r/WatchHorology
3169,r/Physics
3171,r/AutoRepair
3159,r/chemistry
3172,r/Overwatch
3165,r/Christianity
3173,r/anime
3177,r/Architecture
3180,r/classicalmusic
3181,r/aww
3179,r/chemistry
3175,r/AstrologyVietnam
3176,r/Maryland
3178,r/iPhone
3183,r/Anglicanism
3182,r/coins
3185,r/travel
3184,r/timelapse
3188,r/ProtectAndServe
3189,r/tmobile
3193,r/narcos
3195,r/MechanicAdvice
3191,r/Kingston
3199,r/ChinaJapan
3187,r/BikeFriendlyMarketResearch
3197,r/belgium
3196,r/Buddhism
3194,r/illinoispolitics
3192,r/creepyPMs
3201,r/piano
3202,r/DCcomics
3203,r/AFL
3198,r/FinancialCareers
3204,r/aww
3186,r/AirportTransfers
3207,r/AskReddit
3205,r/philosophy
3210,r/Coffee
3174,r/dollyparton
3200,r/AnimeSuggestions
3208,r/AliexpressWishlist
3211,r/socialjustice
3206,r/Melbourne
3215,r/architecture
3209,r/Refugees
3190,r/RealEstateInvesting
3213,r/LifeProTips
3217,r/SpinClass
3214,r/StateParkRentals
3218,r/amateurradio
3223,r/ChicagoStartup
3219,r/Austin
3216,r/koreaNSFW
3225,r/worldnews
3224,r/cancer
3227,r/MechanicAdvice
3222,r/coins
3226,r/MassachusettsAirsoft
3230,r/personalfinance
3232,r/Rojava
3229,r/lostredditors
3231,r/StockMarket
3234,r/space
3235,r/vashikaran
3236,r/rijschool
3220,r/ProductTesting
3233,r/coinhunting
3237,r/airsoft
3228,r/Poetry
3239,r/Baltimore
3240,r/whatisthiscar
3221,r/branding
3238,r/wholesomememes
3241,r/GoogleMaps
3212,r/seguroviagem
3242,r/Catholicism
3244,r/ChinaBiz
3247,r/chicago
3243,r/neverseenbefore
3245,r/Buddhism
3250,r/Baltimore
3253,r/Fayetteville
3252,r/zen
3246,r/ClassicalMusic
3255,r/books
3249,r/Adulting
3248,r/BlackPeopleTwitter
3258,r/Coffee
3259,r/photocritique
3254,r/college
3256,r/Koans
3264,r/IndianAstrology
3251,r/Blogging
3261,r/ChoosingBeggars
3265,r/metalworking
3267,r/space
3260,r/IndianMedGuru
3268,r/WicDiv
3262,r/AmazonPrime
3270,r/UDaiso
3263,AskReddit
3269,r/Labyrinth
3276,r/relationship_advice
3277,r/chemistry
3273,r/InsideJokesPodcast
3274,r/OldSchoolCool
3275,r/iOS
3266,r/automotive
3279,r/MtVernon
3272,r/chemistry
3284,r/RTLSDR
3257,r/Buddhism
3278,r/cancer
3281,r/coins
3271,r/coins
3282,r/warbyparker
3283,r/swordartonline
3286,r/GetMotivated
3288,r/suggestmeabook
3290,r/brasil
3294,r/coffee
3292,r/aviation
3287,r/fatestaynight
3285,r/Astrology
3296,r/ElectricVehicles
3297,r/HomeworkHelp
3293,r/AskNYC
3299,r/dogs
3298,r/Coffee
3280,r/economy
3295,r/SouthPark
3300,r/pomodoro
3305,r/Portland
3304,r/History
3303,r/BlackLivesMatter
3308,r/BikeShop
3301,r/teslamotors
3289,r/thathappened
3309,r/Marketing
3312,r/OnlinePharmacy
3314,r/Portland
3307,r/ems
3310,r/cycling
3313,r/GreenLantern
3306,r/apple
3302,r/cancer
3316,r/airsoft
3315,r/chemistry
3320,r/technology
3311,r/Silverbugs
3321,r/OrderOfOwls
3323,r/awakened
3291,r/Baltimore
3318,r/belgium
3325,r/startups
3327,r/chemistry
3326,r/cowboyhatstyles
3322,r/ParisExhibitions
3319,r/classicalmusic
3328,r/dropshipping
3329,r/bicycling
3331,r/classicalmusic
3332,r/brasil
3330,r/bikecommuting
3335,r/evilbuildings
3338,r/Blogging
3340,r/Travel
3339,r/coffee
3343,r/urbanplanning
3342,r/greece
3333,r/IdiotsInCars
3341,r/quotes
3337,r/spirituality
3336,r/DragonBallSuper
3344,r/AFL
3317,r/college
3345,r/Palestine
3347,r/OpenChristian
3349,r/communism
3350,r/Anarchism
3352,r/Wordpress
3346,r/TemptationIsland
3351,r/LatitudeFestival
3334,r/aww
3354,r/legaladvice
3353,r/airsoft
3363,r/cats
3357,r/Austria
3358,r/Atlanta
3348,r/politics
3364,r/SuggestALaptop
3365,r/OrganicDryFruits
3359,r/AskReddit
3356,r/drones
3355,r/flyers
3361,r/FanArt
3360,r/IndianCinemaAdvertising
3324,r/whatisthisthing
3368,r/comicbooks
3370,r/careerguidance
3371,r/DigitalPainting
3373,r/chemistry
3369,r/Art
3367,r/Toronto
3366,r/Christianity
3375,r/iPhone
3380,r/Architecture
3381,r/NotSureIfThisBelongsToHere
3378,r/TankiOnline
3376,r/probation
3379,Subreddit: r/OpieYoyo
3385,r/JamesAcaster
3372,r/China
3362,r/CityPorn
3382,r/Vancouver
3377,r/indiaastrology
3389,r/Belgium
3388,r/ChinaPics
3374,r/MakeupLounge
3393,r/nutrition
3383,r/FitWell
3394,r/classicalmusic
3387,r/macbookpro
3386,r/camping
3396,r/tea
3392,r/wholesomememes
3384,/r/GetMotivated
3390,r/amateurradio
3400,r/airsoft
3397,r/AFL
3399,r/Corruption
3391,r/chicago
3408,r/electronic_cigarette
3398,r/SleepCycle
3409,r/Austin
3403,r/Parenting
3395,r/books
3411,r/Metaclassicalmusic
3401,r/Anarchism
3406,r/MarvelUnlimited
3405,r/Random_Acts_Of_Amazon
3402,r/AskUK
3412,r/NHLStreams
3410,r/AustinRealEstate
3404,r/The_Donald
3415,r/Buddhism
3419,r/pets
3421,r/Austin
3414,r/aww
3418,r/aviation
3423,r/eliomotors
3420,r/low_poly
3413,r/coins
3424,r/bicycling
3427,r/BikeCammers
3430,r/Barba
3422,r/travel
3426,r/AppleWatch
3432,r/ElectricalEngineering
3429,r/InternetAdvertisement
3416,r/HomeImprovement
3434,r/AustinGolang
3425,r/apple
3436,r/gaythailand
3435,r/anime
3439,r/AndroidWear
3433,r/Leukemia_Lymphoma
3428,r/architecture
3438,r/HumansBeingBros
3441,r/depression
3442,r/ClassicalMusic
3417,r/boston
3437,r/GetMotivated
3440,r/exchristian
3447,animal-behaviour
3445,r/CanadaPolitics
3448,r/recruitingHell
3444,r/MechanicAdvice
3451,r/beer
3443,r/CanadaPolitics
3446,r/tifu
3449,r/DrunkBusGuy
3407,r/EnglishBulldogs
3452,r/BaltimoreHomeImprovement
3454,r/Baltimore
3456,r/whatisthisthing
3457,r/Utawarerumono
3460,r/coins
3462,r/rocketry
3459,r/philosophy
3461,r/rfelectronics
3464,r/baltimore
3453,r/MaineCoon
3463,r/brasil
3465,r/StudentLoans
3466,r/Paranormal
3468,r/boxing
3467,r/AFL
3455,r/architecture
3469,r/Coffee
3473,r/EDAC
3470,r/baltimore
3472,r/KoreanMovieSuggestions
3476,r/Buddhism
3477,r/hongdae
3474,r/spacephotos
3478,r/MMA
3475,r/BaltimoreMarketplace
3431,r/Catholicism
3481,r/DisneylandParis
3471,r/bicycling
3480,r/relationship_advice
3483,r/StandUpComedy
3487,r/legaladviceEU
3489,R/Advice
3482,r/aviation
3486,r/airsoft
3479,r/Theremin
3488,r/personalfinance
3490,r/AskReddit
3491,r/amazonprime
3492,r/BollywoodCelebs
3493,r/Gintama
3494,r/classicalmusic
3458,r/flightsimming
3497,r/blogging
3495,r/funnydogs
3499,r/IndianAstrology
3485,r/Advertising
3501,r/guns
3500,Subreddit: r/bamwar9
3502,r/AmateurRadio
3505,r/WonderWoman
3507,r/CanadaPolitics
3450,r/MuvLuvlore
3484,r/RealEstateAdvice
3503,r/zen
3506,r/Sweden
3504,r/GradSchool
3508,r/InternetMarketingOnline
3512,r/Buddhism
3511,r/Buddhism
3509,r/Blogging
3513,r/PAXpasstrading
3510,r/YouTube
3514,Crosspost from /r/MapPorn
3516,r/ToyotaVios
3515,r/PoliceScanner
3520,[Astronomy]
3518,r/beer
3521,r/Landlord
3522,r/Arduino
3517,r/Catholicism
3523,r/bicycling
3524,r/Parenting
3526,/r/Chicago
3527,r/Sekirei
3528,r/OmegaMen
3525,r/CanadaFinance
3532,r/RomanceBooks
3533,r/nerdpowerbr
3531,r/astrology
3535,r/woodworking
3530,r/chrome_extensions
3496,r/Brussels
3534,r/Bored_AF
3539,r/lawschool
3529,r/Artfrantix
3538,r/Fastudent
3519,r/HealthInsurance
3540,r/weightwatchers
3543,r/ComedyNightsWithKapil
3545,r/classicalmusic
3546,r/europe
3498,r/demol
3541,r/BlockHood
3537,r/coins
3544,r/Belgium
3548,r/Parenting
3551,r/architecture
3552,r/craftbeer
3542,r/europe
3549,r/PassiveHouse
3547,r/Ad2sell
3553,r/AppleMusic
3550,r/airsoft
3558,r/KIC8462852
3560,r/AsianMasculinity
3559,r/airsoftguns
3555,r/TomFrantzis
3561,r/beatles
3554,분당오피 subreddit
3556,r/Parenting
3536,r/Nespresso
3565,r/MechanicAdvice
3557,r/blender
3564,r/classicalmusic
3570,r/SinCity
3569,r/cars
3572,r/anime
3566,r/Wisconsin
3574,r/HistoryPhotos
3577,r/LifeProTips
3571,r/Maryland
3563,r/mac
3576,r/comicbooks
3578,r/RealEstate
3581,r/kyoani
3567,r/blender
3575,r/BMW
3568,r/IWantOut
3579,r/standupcomedy
3585,r/Austin
3582,r/MuseumOfReddit
3588,r/Blogging
3583,r/mentalhealth
3584,r/politics
3587,r/Boston
3591,r/aviation
3590,r/Buddhism
3573,r/todayilearned
3593,r/Boston
3594,r/coins
3580,r/90sBelgiumTV
3595,r/Emekli
3600,r/philosophy
3601,r/AmazonPrime
3604,r/baltimore
3602,r/Art
3592,r/macbookpro
3596,r/iphone
3599,r/prisonreform
3606,r/OrganicChemistry
3603,r/AcademicBiblical
3605,r/driving
3609,r/architecture
3562,r/beer
3608,r/Dublin
3607,r/RPG
3598,r/StarPlusAds
3589,r/comicbookmovies
3611,r/philosophy
3597,r/AmazonSeller
3612,r/Buddhism
3613,r/Television
3610,r/HoboNickels
3586,r/Adulting
3619,r/airsoft
3614,r/MP5
3615,r/Alberta
3623,r/ChinaLife
3622,r/environment
3621,r/boxing
3625,r/Homebrewing
3626,r/airsoft
3627,r/legaladvice
3624,r/Parenting
3617,r/coffee
3618,r/CeilingReachers
3616,r/coffee
3629,r/Austin
3628,r/Feedback
3636,r/Zookeepers
3635,r/fitness
3638,r/chemistry
3632,r/comicbooks
3634,r/architecture
3639,r/beer
3637,r/avexchange
3631,r/TradeshowDisplays
3640,r/Surface
3644,r/AppHookup
3646,r/Anarcho_Capitalism
3645,r/Austin
3648,r/animememes
3647,r/apple
3643,r/uber
3649,r/Tasmania
3620,r/beer
3650,r/anime
3652,r/demolvlaanderen
3633,r/kalajadu
3642,r/sanantonio
3653,r/SexWorkers
3654,r/dgu
3651,r/Uptown
3655,r/Architecture
3657,r/ArtHistory
3630,r/Atlanta
3656,r/bamwar9
3658,r/adventurers
3661,r/PokemonGO
3641,r/Catholicism
3663,r/AmazonPrime
3659,r/economics
3660,r/BirdsOfPrey
3664,r/History
3666,r/Volvo
3662,r/aww
3670,r/gifts
3671,r/toronto
3672,r/3Dprinting
3676,r/cancer
3668,r/airsoft
3667,r/philosophy
3675,r/datingadvice
3674,r/BaltimoreBrew
3669,r/AskReddit
3673,r/privacybadger
3678,r/amazonprime
3681,r/WordPress
3665,r/WatchExchange
3679,r/TeamDynamics
3682,r/relationship_advice
3685,r/movingout
3687,r/IdiotsInCars
3677,r/Appliances
3683,r/r4r
3688,r/CanadaShipping
3686,r/nyc.
3692,r/Quotes
3689,r/art
3684,r/legaladvice
3693,r/HomeImprovement
3698,r/BMX
3695,r/totosite
3694,r/coins
3701,r/StephenFry
3702,r/WhatIsThisPainting
3696,r/space
3697,r/apple
3703,r/espresso
3680,r/VictoriasSecretAngel
3704,r/careerguidance
3705,r/Windows
3699,r/brasil
3706,r/relationship_advice
3708,r/comicbooks
3709,r/araragi
3714,r/airsoft
3713,r/bikewrench
3712,r/foodchallenges
3711,r/askcarsales
3710,r/brasil
3717,r/Apple
3700,r/TurkishMusic
3715,r/architecture
3691,r/iphone
3719,r/MBTAsia
3723,r/pigeons
3707,r/relationships
3720,r/WhatIsThisPainting
3726,r/Contrarian
3724,r/OutOfTheLoop
3722,r/architecture
3727,r/CentervilleIowa
3721,r/airsoft
3728,r/atheism
3725,r/anime
3718,r/GuerrillaMarketing
3731,r/rickygervais
3729,r/aww
3690,r/oilandgas
3735,r/OldSchoolCool
3736,r/anime
3739,r/Freebies
3738,r/food
3733,r/photography
3734,r/classicalmusic
3737,r/Boston
3730,r/MakeItCreepy
3732,r/AnimalAbuse
3741,r/MonasticLiving
3742,r/aww
3745,r/college
3743,r/Chemistry
3746,ArchitectureSketches
3744,r/amateurradio
3750,r/relationship_advice
3753,r/AAA
3749,r/astrology
3748,r/BlackPanther
3755,r/NewYearResolutionIdeas
3747,r/bikebaltimore
3716,r/Austin
3758,r/AskReddit
3757,r/coins
3760,r/relationship_advice
3756,r/stocks
3762,r/brasil
3764,r/Austin
3761,r/Entrepreneur
3759,r/guns
3765,r/boxing
3766,r/travel
3752,r/ketoscience
3767,r/airsoft
3763,r/KIC8462852
3768,r/AmazonPrime
3773,r/roommates
3770,r/HomeDecorating
3774,r/HumorForEverybody
3751,r/ios
3776,r/papercraft
3771,r/SunSong
3775,r/architecture
3769,r/pics
3777,r/AmazonWishlist
3779,r/PrankVideos
3740,r/Vancouver
3782,r/aviation
3778,r/Shanghai
3780,r/ACCC
3784,r/TayNinh
3786,r/astrology
3783,r/ImaginaryLandscapes
3787,r/space
3789,r/Browns
3754,r/Astrology
3788,r/aww
3791,r/Astronomy
3772,r/AppleNews
3785,r/UsedCarsUAE
3790,r/architecture
3793,r/MinersWelfare
3796,r/PCMods
3792,r/Chicago
3799,r/sanfrancisco
3798,r/cancer
3797,r/RockAuto
3802,r/bikecommuting
3803,r/Patna
3806,r/Baltimore
3805,r/bier
3807,r/aviation
3804,r/genetics
3809,r/wintercycling
3801,r/ChoosingBeggars
3811,r/jobs
3813,r/relationship_advice
3812,r/cancer
3816,r/ExpandedConsciousness
3817,r/HairTransplants
3800,r/aww
3810,r/mac
3794,r/hockey
3781,r/pingpong
3820,r/cars
3821,r/FreeEbooks
3814,r/comicbooks
3815,r/DIY
3823,r/architecture
3828,r/brasil
3822,r/SexWorkers
3818,r/architecture
3819,r/PPC
3829,r/sportsbetting
3795,r/iphone
3832,r/cbradio
3834,r/AskScience
3835,r/apple
3831,r/OPKorea
3826,r/art
3837,r/amateurradio
3838,r/AutoDetailing
3830,r/coins
3824,r/architecture
3842,r/MTB
3841,r/CantonOhio
3808,r/MuseumPros
3845,r/AFL
3833,r/OldSchoolCool
3839,r/books
3846,r/college
3843,r/natureismetal
3836,r/narcos
3848,r/SoraNoWoto
3851,r/narcissisticabuse
3847,r/labrats
3850,r/Trucks
3852,r/RealEstateAdvice
3857,r/ConspiracyBrazil
3825,r/pugs
3856,r/sportsbetting
3849,r/sportstotoanalysissite
3860,r/architecture
3858,r/Competitiveoverwatch
3861,r/brasil
3859,r/AugmentedReality
3854,r/classicalmusic
3855,r/SexDating
3862,r/Riderville
3866,r/Microscopy
3864,r/Scams
3840,r/television
3870,r/cats
3865,r/AmazonPrime
3867,r/architecturevisualization
3869,r/economy
3863,r/funny
3844,r/chemistry
3868,/r/Catholicism
3873,r/chemistry
3874,r/PassiveIncome
3872,r/gear
3876,r/architecture
3827,r/AmazonPrime
3881,r/DebateReligion
3880,r/chicago
3882,r/organists
3883,r/MetaSubreddit
3878,r/tacticalgear
3879,r/PersonalFinance
3853,r/graphic_design
3885,r/airlines
3887,r/beer
3886,r/spaceart
3877,r/architecture
3888,r/Lakota
3889,r/Sunsets
3892,r/Parenting
3894,r/TheMaskedSinger
3895,r/AskReddit
3890,r/anime
3893,r/Unity3D
3896,r/art
3891,r/glassheads
3875,r/Turkmenistan
3899,r/cars
3898,r/BookCollecting
3902,r/ActionFigures
3900,r/AnimePiano
3904,r/SelfDrivingCars
3897,r/Parenting
3905,r/phantomworld
3909,r/classicalmusic
3906,r/comicbooks
3912,r/bicycling
3908,r/AFL
3910,r/aviation
3914,r/beer
3911,r/Christianity
3916,r/Austin
3907,r/Equinox
3917,r/SweetJams
3901,r/Kurdistan
3918,r/LCDsoundsystem
3921,r/airsoft
3871,r/comicbooks
3903,r/CADservices
3919,r/aviation
3920,r/brasil
3923,r/iPhoneDeals
3924,r/books
3884,r/AnimalsBeingJerks
3922,r/fireworks
3926,r/HealthyCrunch
3929,r/brasil
3933,r/economics
3932,r/roommates
3931,r/SexWorkers
3927,Homebrewing
3925,r/motorcycles
3928,r/Edinburgh
3937,r/DigitalArt
3935,r/nycbike
3936,r/Astronomy
3913,r/learnprogramming
3934,r/conspiracy
3942,r/languagelearning
3939,r/relationship_advice
3944,r/Driving
3945,r/comicbooks
3915,r/Christianity
3940,r/nyc
3941,r/AndroidPhotos
3946,r/AnimalCafe
3938,r/powerrangers
3947,r/acting
3950,r/stockx
3948,r/Baltimore
3953,r/UKPolitics
3957,r/ProstateCancer
3952,r/Buddhism
3955,r/AmazonFC
3956,r/college
3951,r/sloths
3949,r/airsoft
3959,r/Gundam
3960,r/Anxiety
3954,r/solar
3958,r/evolution
3930,r/privacy
3962,r/AnimeFantasy
3963,r/Goosebumps
3964,r/art
3966,r/sportsbetting
3969,r/catcare
3968,r/Portlandia
3943,r/bikewrench
3967,r/sportsbetting
3972,r/AskReddit
3975,r/Apple
3974,r/WeChat
3973,r/AstrologerErode
3979,r/IranianArchitecture
3961,r/Zappa
3970,r/loseit
3978,r/ArtCrit
3965,r/RTLSDR
3981,Chemistry Named Reaction Suggestions
3982,r/Buddhism
3980,r/airsoft
3984,r/Art
3977,r/PrimeVideo
3987,r/bicycling
3985,r/OrthodoxChristianity
3971,r/astrology
3989,r/NIT_Uttarakhand
3990,r/Multicopter
3988,r/architecture
3983,r/socialmedia
3991,r/EnergyTransition
3992,r/coffee
3995,r/memes
3976,r/CommercialRealEstate
3994,남포동건마 subreddit
3996,r/travel
3993,r/airsoft
3999,r/PhD_Cell_Biology
4002,r/BlackPeopleTwitter
3998,r/funnyvideos
4000,r/dogs
4003,r/airsoft
4007,r/mildlyinteresting
4005,r/Coffee
4009,r/BackYardChickens
4011,r/blogging
3997,r/UsedCars
4004,r/Goodreads
4006,r/aww
4012,r/prochoice
4013,r/techsupport
4015,r/chicago
4010,r/Octopus
3986,r/coffee
4008,r/soccerstreams
4014,r/Buddhism
4017,r/Baltimore
4022,r/airsoft
4021,r/airsoft
4023,Blogging.
4001,r/MechanicAdvice
4018,r/vegan
4020,r/EDC
4016,r/ClassicalMusic
4019,r/nfl
4025,r/vfx
4027,r/blogging
4031,r/literature
4024,Christianity
4026,r/NSFW_Girl
4028,r/boston
4036,r/HVAC
4030,r/OldSchoolCool
4033,r/blender
4034,r/Blogging
4035,r/Anarchism
4037,r/anime
4032,r/iPhone
4038,r/Boston
4039,r/airsoft
4040,r/cars
4043,r/brasil
4029,r/DIYHomeDecor
4044,r/anger
4047,r/ExGirlfriendsPhotos
4045,r/BashForBootstrap
4051,r/Advice
4053,r/college
4054,r/Apple
4041,r/AMGPerformanceCars
4046,r/HachimitsuToClover
4048,r/industryanalysis
4049,r/sleep
4050,r/RoofSnowRemoval
4057,r/philosophy
4042,r/chemistry
4055,r/Over30s
4058,r/natureisfuckinglit
4059,r/ConservativeBooks
4062,r/VietnamWar
4064,r/DCcomics
4066,r/DailyShow
4056,r/addiction
4067,r/snakes
4060,r/antiwork
4075,r/PrayerRequests
4071,r/aww
4061,r/cancer
4063,r/crawfish
4070,r/blender
4065,r/slowcycling
4068,r/LivingColor
4077,r/ApplyingToCollege
4078,r/Buddhism
4076,r/Chicago
4069,r/cancer
4081,r/Blogging
4073,r/Snakes
4082,r/Coffee
4074,r/personalfinance
4072,r/books
4080,r/bicycling
4086,r/television
4085,r/Brussels
4079,r/hedgehog
4093,r/Art
4091,r/blender
4090,r/labrats
4087,r/airsoft
4084,r/bayarea
4088,r/Austin
4092,r/totomoney
4089,r/Antiques
4083,r/AppleMusic
4096,r/france
4052,r/creepyPMs
4098,r/CriticalTheory
4095,r/Paleontology
4101,r/Austin
4103,r/Boston
4100,r/CanadaPolitics
4099,r/bikefriendly
4104,r/geopolitics
4097,r/starbucks
4107,r/WhatTheFuck
4108,r/Art
4102,r/classicalmusic
4110,r/boxing
4112,r/Astronomy
4109,r/Belgium
4106,r/funny
4105,r/MayGiatCu
4115,r/Strategists
4116,r/korea
4118,r/Austin
4114,r/Concerts
4113,r/CatVideos
4121,r/coins
4111,r/brasil
4122,r/projectcar
4124,r/korea
4126,r/urbanplanning
4125,r/Austin
4117,r/sailing
4127,r/Flagstaff
4130,r/serradaestrela
4129,r/education
4119,r/learnart
4132,r/Miata
4094,r/Blogging
4134,r/books
4128,r/ZenHabits
4123,Subreddit: 명륜동건마
4120,r/college
4136,r/blender
4138,r/ndp
4131,r/Alberta
4135,r/resumes
4133,r/Thailand
4137,r/Vashikaran
4141,/r/araragigirls
4147,r/brasil
4148,r/Buddhism
4149,r/boating
4144,r/enterpriseSoftware
4146,r/labrats
4140,r/chicago
4143,r/GetMotivated
4139,r/ArtCrit
4151,r/DumpsterDiving
4142,r/Siri
4152,r/advertising
4154,r/civilengineering
4145,r/AmazonPrimeStudentCanada
4160,r/sportstoto
4153,r/Meditation
4155,r/marketing
4161,r/espresso
4158,r/dating_advice
4150,r/LootAnime
4156,r/NASCAR
4164,r/Astronomy
4163,r/Marriage
4162,r/AdoptMe
4159,r/weather
4166,r/DIY
4168,r/smallbusiness
4172,r/spaceflight
4169,r/ChinaVisa
4171,r/belgium
4176,r/BorderSecurity
4165,r/giftideas
4180,r/Miata
4175,r/KansasCity
4181,r/robotics
4179,r/HongKong
4173,r/Buddhism
4170,r/suggestmeabook
4177,r/iPhone
4178,relationship_advice
4167,r/RomanceBooks
4184,r/epidemiology
4185,r/learnprogramming
4182,r/namenerds
4189,r/Sneakers
4186,r/Music
4191,r/BookNooks
4188,r/AskReddit
4187,r/college
4194,r/Dentistry
4193,r/Watercolor
4190,r/architecture
4196,r/CoffeeShop
4183,r/coins
4195,r/LegalAdvice
4197,r/tattoos
4198,r/airsoft
4200,r/Atlanta
4199,r/AdvertisingGradPrograms
4174,r/SeattleWA
4157,r/brasil
4192,r/Homebrewing
4203,r/PhysicalChemists
4201,r/sportstoto_recommendation
4205,r/NoStupidQuestions
4207,r/bicycling
4209,r/Silverbugs
4208,r/architecture
4212,r/environment
4216,r/ContentMarketing
4211,r/airsoft
4202,r/DagashiKashi
4213,r/YesMinister
4214,r/AnimalFacts
4217,r/SoloAds
4210,r/IndianAstrologyLondon
4204,r/asbestos
4215,r/chemistry
4218,r/IlVolo
4219,r/AmItheAsshole
4206,r/Atlanta
4220,r/atheism
4222,r/SketchComedy
4225,r/AerialBanners
4227,r/television
4226,r/personalfinance
4224,r/genetics
4221,r/RTLSDR
4223,/r/hinduism
4235,r/AtlantaTVShows
4234,r/RaspberryPi
4233,r/barista
4236,r/coins
4231,r/medicine
4237,r/anarchism
4239,r/cycling
4232,r/chemistry
4241,r/cancer
4230,r/MilitaryHistory
4240,r/medlabprofessionals
4238,r/architecture
4242,r/aviation
4246,r/AtlantaPets
4244,r/astrology
4243,r/Art
4228,r/AnimalsBeingStrong
4248,r/Smartphones
4250,r/AmazonPrime
4253,r/aww
4252,r/SprayArt
4251,r/Helicopters
4257,r/geopolitics
4255,r/cars
4254,r/college
4256,r/space
4247,r/aviation
4245,r/coins
4261,r/askastronomy
4249,r/videoproduction
4262,r/appletv
4260,r/IAmA
4264,r/NorthTexasCancerCenterAtWise
4265,r/yeahscience
4258,r/News
4266,r/web_design
4272,r/Reserves
4275,r/astrophotography
4269,r/espresso
4259,r/PersonalFinanceCanada
4229,r/AmazonPrime
4270,r/photography
4268,r/Coffee
4277,r/WorldWildlifeProtection
4276,r/Xianrou
4271,r/EarthPorn
4267,r/chemistry
4278,[chicago] Unmarried women age 23 profiles available for 2 hours.
4279,r/comicbooks
4285,r/blender
4286,r/books
4274,r/shittyfoodporn
4283,r/comicbooks
4289,r/classicalmusic
4290,r/BluetoothHeadsets
4282,r/HomeImprovement
4292,r/LondonCoffeeShops
4281,r/architecture
4280,r/Advice
4291,r/baltimore
4284,r/AntiSemitism
4294,r/bicycling
4293,r/legaladvice
4288,r/Southport
4296,r/Anime
4295,r/electricvehicles
4263,r/SelfPromotionSaturday
4298,r/shortfilms
4297,r/aww
4287,r/Meditation
4273,r/chemistry
4302,r/relationships
4304,r/AMRadio
4299,r/AskNYC
4305,r/natureismetal
4300,r/OnePunchMan
4306,r/anime
4303,r/EmpireDidNothingWrong
4301,Subreddit: r/opiyoyo
4311,r/vashikaran
4308,r/Chicago
4312,r/AnaFurtado
4314,r/Coffee
4317,r/aviation
4310,r/texas
4318,r/AFL
4315,r/Bicycling
4307,r/Porsche
4319,r/AmazonPrimeVideo
4316,r/relationship_advice
4313,r/UKhousing
4309,r/vancouver
4322,r/DebateReligion
4320,[beer]
4325,r/Adsense
4326,AskReddit
4321,r/college
4327,r/AppleHelp
4330,r/iPhone
4331,r/books
4335,r/Impressionists
4332,r/woodworking
4334,r/airsoft
4333,r/graphic_design
4336,r/chemistry
4340,r/Belgium
4338,r/airsoft
4342,r/PokemonMysteryDungeon
4323,r/AmazonPrime
4341,r/comedySketches
4343,r/chicago
4339,r/Tokyo
4345,r/cycling
4344,r/anime
4347,r/RealWorldImageNews
4329,r/india
4348,r/bicycling
4353,r/AtlantaTechFirm
4346,r/Buddhism
4349,r/psychology
4354,r/bicycling
4351,r/aviation
4350,r/Art
4358,r/Christianity
4352,r/trees
4355,r/CFB
4357,r/VietnamTravel
4328,r/Buddhism
4359,r/aviation
4356,r/relationships
4366,r/Homebrewing
4361,r/OldSchoolCool
4368,r/AskAcademia
4369,r/StarWarsPets
4337,r/mirrorconsole
4362,r/Baltimore
4364,r/amateurradio
4360,r/taiwan
4367,r/teslamotors
4365,r/stuffyoushouldknow
4371,r/anime
4373,r/chicago
4372,r/brasil
4374,r/KoreanMovieSuggestions
4375,r/Multicopter
4377,r/Nyarlathotep
4363,r/Coffee
4370,r/podcasts
4376,r/AFL
4380,r/ScottishHistory
4378,r/ChicagoSuburbs
4381,r/HomePlans
4324,r/rentalcars
4382,r/coins
4383,r/animation
4386,r/writing
4395,r/museum
4389,r/HibikeEuphonium
4393,r/apple
4390,r/askaconservative
4394,r/BokuNoTomodachi
4392,r/AustinBeer
4396,r/AnimalsBeingBros
4379,r/whatcarshouldIbuy
4400,r/Anarchism
4402,r/herbalism
4401,r/depression
4398,r/Christianity
4399,r/ProstateCancer
4391,r/Canada
4404,r/Boeing
4403,r/Buddhism
4406,r/XMen
4405,r/cancerphilosophy
4397,r/animepodcast
4407,r/Baltimore
4409,r/airsoft
4408,r/translator
4412,r/SouthFulton
4410,r/MechanicAdvice
4413,r/Anarcho_Capitalism
4384,r/Christianity
4415,r/Buddhism
4416,r/Aww
4417,r/indiaastrology
4411,r/PLURProject
4422,r/SampleSize
4387,r/gradadmissions
4388,r/JornalistasLivresTV
4420,r/Buddhism
4414,r/astrology
4421,r/techsupport
4418,r/ChinaLife
4424,r/SmallBusiness
4385,r/CatSlaps
4431,r/chemistry
4419,r/AmazonPrimeVideo
4426,r/bisexual
4425,r/chemistry
4435,r/astrology
4428,r/YuYuHakusho
4432,r/aviation
4423,r/TheHouseofThings
4438,r/Art
4439,r/relationship_advice
4427,r/cancer
4444,r/BaltimoreBikeSwap
4440,r/AtlantaRentals
4441,r/TIL
4436,r/wallpapers
4442,r/weather
4430,r/airsoft
4445,r/History
4443,r/medicalscience
4437,r/OvarianCancer
4434,r/wallstreetbets
4429,r/AmazonPrime
4450,r/rideshare
4446,r/ecommerce
4449,r/apple
4447,r/relationship_advice
4451,r/relationships
4454,r/kitap
4457,r/AustinEats
4456,r/Catholicism
4455,r/classicalmusic
4458,r/AustinMusicians
4448,r/AmazonPrime
4433,r/AFL
4460,r/ImageComics
4459,r/NewYearsResolutions
4452,r/geopolitics
4463,r/ChinaEarthquakes
4461,r/Suffrajitsu
4465,r/chicago
4462,r/coolcats
4468,r/architecture
4467,r/Astrologernyc
4469,r/HomeImprovement
4466,r/PerfectViewer
4453,r/BrandNewSentence
4464,r/MTB
4474,r/apple
4478,r/Catholicism
4471,r/Catholicism
4476,r/beer
4475,r/classicalmusic
4477,r/BlackLivesMatter
4484,r/amateurradio
4479,r/ChineseLanguage
4473,r/AustralianMining
4481,r/amateurradio
4470,r/TonightShow
4482,r/Aries
4483,r/Buddhism
4485,r/argentina
4491,r/MuslimBlackMagicExpertAstrologer
4488,r/leadership
4486,r/ChinaLaw
4472,r/ASU_Surplus
4492,r/PunjabiJokes
4480,r/breastcancer
4487,r/blender
4495,r/immigration
4489,r/natureismetal
4496,r/aviation
4494,r/EnergyVille
4490,r/funnycatfails
4497,r/southafrica4x4
4493,r/piano
4500,r/architecture
4503,r/college
4504,r/Khmer
4505,r/AgentCarter
4498,r/CanadianPolitics
4508,r/linux
4507,r/atheism
4502,r/apple
4506,r/Software
4499,r/ArtHistory
4511,r/guns
4510,r/StockMarket
4509,r/ResearchLounge
4501,r/Marketing
4513,r/jobs
4515,r/cancer
4519,r/Buddhism
4523,r/legaladvice
4517,r/relationship_advice
4516,r/ITCareerQuestions
4520,r/BelgiumMedicalJobs
4524,r/Rendering
4514,r/privacy
4522,r/architecture
4521,r/ZenBuddhism
4525,r/aww
4528,r/flying
4526,r/chemistry
4527,r/AmazonPrime
4512,r/aviation
4531,r/macOS
4529,r/PhotoshopBattles
4530,r/ArtistsOfReddit
4537,r/AnimalRescue
4536,r/CarAV
4533,r/Andersonville
4518,r/genetics
4539,r/Catholicism
4534,r/acting
4541,r/DCcomics
4535,r/KoyomiMonogatari
4543,r/DBZParody
4544,r/ChangwonMassage
4532,r/EnglishMajor
4538,r/ChinaPost
4540,r/cancer
4542,r/urbanexploration
4546,r/Austin
4547,r/Ninouh
4550,r/architecture
4551,r/Kerala
4545,r/DrawForMe
4548,r/classiccars
4553,r/SEO
4549,r/Tinder
4555,r/UsedCars
4554,r/totosoccerpredictions
4559,r/worldnews
4552,r/cancer_parents
4556,r/dogs
4557,r/NorthKorea
4560,r/architecture
4561,r/progresspics
4564,r/Hino006CCB
4563,r/AnimeLiveAction
4562,r/Autos
4569,r/Coffee
4568,r/YourLieinApril
4567,r/apple
4570,r/Meditation
4565,r/Netflix
4573,QRP-L
4575,r/BayArea
4574,r/bicycling
4571,r/Antiques
4581,r/Meditation
4577,r/chicago
4558,r/AmazonSellerCentral
4579,r/reenactors
4578,r/anime
4576,r/radioexperiment
4582,r/FixedGearBicycle
4572,r/AmazonSeller
4585,r/Baltimore
4587,r/baltimore
4583,r/aww
4584,r/CharacterComedy
4588,r/MTB
4586,r/Chicago
4591,r/ChicagoBars
4566,r/relationships
4589,r/Buddhism
4590,r/Uber
4593,r/PowerPoint
4596,#policebrutality
4594,r/AskWomen
4592,r/TheMindIlluminated
4603,r/Kirby
4605,r/funnycats
4601,r/DavidBowie
4600,r/OldSchoolCool
4595,r/Animesuggest
4599,r/Buddhism
4606,r/web_design
4602,[baltimore] Unmarried women age 23 profiles available for 2 hours.
4598,r/comicbooks
4580,r/r4r
4608,r/GoPro
4607,r/relationships
4604,r/airsoft
4609,r/LifeProTips
4611,r/comicbooks
4617,r/AskReddit
4597,r/Austin
4614,r/HomeImprovement
4613,r/blender
4612,Flares on /r/apple
4618,r/health
4620,r/Audi
4616,r/iOS9
4615,r/smartphones
4621,r/relationship_advice
4619,r/beatles
4624,r/BMW
4623,r/panda
4625,r/drones
4622,r/Astrology
4629,r/blender
4627,r/brasil
4628,r/trees
4610,r/olympics
4630,r/StrangerThings
4633,r/ChoosingBeggars
4635,r/museumfans
4631,r/CanadaGroceryShopping
4632,r/Friendship
4637,r/weather
4634,r/anime
4636,r/brasil
4640,r/gradschool
4644,r/sneakerreps
4641,r/space
4642,r/AskReddit
4646,r/aviationjobs
4639,r/coins
4643,r/cycling
4647,r/Baltimore
4638,r/Macross
4645,r/Austria
4648,r/AskUK
4650,r/AskElectronics
4654,r/cancer
4651,r/Houston
4655,r/creepyPMs
4652,r/indiaastrology
4659,r/artprints
4657,r/MarvelComics
4656,r/relationship_advice
4658,r/architecture
4653,r/jokinghazard
4661,relationship_advice
4660,r/belgium
4626,r/hunting
4666,r/urbanplanning
4668,r/spiders
4670,r/Shirobako
4665,r/cycling
4664,r/missingpersons
4667,r/personalfinance
4669,r/Parenting
4662,r/DCcomics
4649,r/PureLandBuddhism
4672,r/whatsthisfish
4673,r/neuroscience
4674,r/apple
4671,r/Art
4675,r/travel
4663,r/Tintin
4676,r/Austin
4683,r/cycling
4684,r/anime
4685,r/bicycling
4677,r/VietnamTravel
4680,r/parkingtickets
4686,r/sanfrancisco
4682,r/AskReddit
4681,r/aviation
4679,r/airsoft
4688,r/DanMachi
4687,r/ComicBooks
4690,r/iPodTouch
4689,r/Chile
4678,r/RedditAds
4694,r/dogs
4699,r/MechanicAdvice
4692,r/gifs
4696,r/architecture
4695,r/amazonprime
4693,r/Blogging
4691,r/MakeupLounge
4701,r/lfg
4698,r/vlogs
4702,Astrology.
4705,r/highschoolmath
4703,r/ExNoContact
4706,r/SEO
4704,r/GolfGTI
4708,r/environmentaljustice
4710,r/apple
4697,r/marketing
4711,r/relationships
4707,r/AstrologerInPune
4715,r/aviation
4716,r/Astrophotography
4719,r/datingadvice
4717,r/Catholicism
4713,r/PersonalFinanceCanada
4712,r/PersonalFinanceCanada
4714,r/anime
4718,r/suggestmeabook
4721,r/aviation
4700,r/SherlockHolmes
4720,r/Astrology
4727,r/AskReddit
4723,r/Belgium
4724,r/musictheory
4709,r/FuturamaWOTShow
4725,r/blogging
4726,r/japanhomes
4722,r/Watercolor
4731,r/Coffee
4729,r/rideshare
4728,r/China
4732,r/압구정건마
4733,r/sex
4734,r/espresso
4735,r/Atlanta
4742,r/latinoamerica
4741,r/JustWaitingForAMate
4738,r/aviation
4736,r/philosophy
4737,r/CustomFraming
4739,r/calvinandhobbes
4730,r/Buddhism
4740,r/Art
4743,r/AbeVigoda
4745,r/coins
4750,r/funny
4752,r/Baltimore
4753,r/apple
4748,r/EarthPorn
4746,r/spiders
4751,r/AlfaRomeo
4749,r/Apple
4754,r/TylertheCreator
4747,r/3Dprinting
4744,r/climatechange
4757,r/brussels
4758,r/LimelightComedyClub
4756,r/Islam
4761,r/chicago
4755,r/AnimalDirect
4764,r/boston
4759,r/MakeYourRequestsCommentsSuggestions
4766,r/UniversityOfOttawa
4768,r/MarketResearch
4763,r/aww
4769,r/FreeTalkFridays
4762,r/TameImpala
4770,r/aviation
4767,r/Baltimore
4772,r/Calgary
4774,r/airsoft
4776,r/Astronomy
4765,r/fairytales
4773,r/college
4779,r/Astronomy
4778,r/AustralianTeachers
4777,r/Art
4784,r/booklists
4785,r/midlifecrisis
4783,r/beer
4771,r/bjj
4760,r/MarvelComics
4775,r/coins
4787,r/Science
4780,r/coffee
4788,r/CanadaPolitics
4791,r/blackpanther
4792,r/Videodrome
4794,r/amateurradio
4786,r/BuddhistGeeks
4795,r/DavidBowie
4781,r/Building52
4797,r/whichbike
4789,r/coins
4796,r/relationship_advice
4782,r/astrologia
4790,r/AmazonEcho
4798,r/AskReddit
4793,r/europe
4801,r/Buddhism
4800,r/Atlanta
4805,r/blogging
4806,r/aww
4804,r/SATBlogging
4802,r/SkyLine
4810,r/creepyforest
4803,r/BaltimoreIllustration
4809,r/classicalmusic
4811,r/worldnews
4799,r/CanadaPolitics
4807,r/Buddhism
4808,r/Greyhounds
4814,r/selfimprovement
4812,r/aviation
4813,r/AtlantaEats
4821,r/urbanplanning
4823,r/EU_Xbox
4815,r/classicalmusic
4818,r/apple
4817,r/ChinaStocks
4826,r/Architecture
4828,r/Massachusetts
4819,r/writing
4816,r/zen
4827,r/movies
4822,r/law
4820,r/ChinaVisa
4830,r/espresso
4829,r/IWantOut
4824,r/Predators
4825,r/The_Donald
4836,r/architecture
4834,r/airsoft
4837,r/k_on
4831,/r/AFL Supercoach League
4840,r/Apple
4835,r/bicycling
4843,r/100dayproject
4844,r/GetMotivated
4832,r/bikebuilders
4845,r/nutricao
4841,r/relationships
4842,r/airsoftguns
4846,r/Anime
4833,r/Christianity
4848,Relationships
4849,r/LearnJapanese
4847,r/Austin
4839,r/DesignPorn
4850,r/coins
4838,r/FuturamaWOTShow
4852,r/AustinPets
4851,r/DecidingToBeBetter
4856,r/AustinBeer
4857,r/lockpicking
4861,r/rit
4854,r/Anxiety
4859,r/renaissanceart
4853,r/amateurradio
4858,r/coffee
4855,r/aww
4865,r/Marvel
4860,r/raisedbynarcissists
4866,r/dubai
4862,r/chemistry
4869,r/bookclub
4868,r/anime
4864,r/bicycling
4873,r/Austin
4863,r/HomeworkHelp
4874,r/cocktails
4872,r/sportsbetting
4870,r/AtlantaFilming
4876,r/bicycling
4875,r/Miata
4871,r/design_critiques
4877,r/books
4879,r/coins
4867,r/chemistry
4883,r/television
4884,r/HardLaunchPodcast
4882,r/YamadaAndTheSevenWitches
4878,r/espacopublico
4887,r/AskScience
4880,r/Psychonauts
4885,r/NormMacdonald
4881,r/advertising
4890,r/travel
4889,r/Music
4893,r/politics
4892,r/vinyl_collectors
4891,r/Dundalk
4886,r/Audi
4888,r/AirAnimal
4894,r/economy
4897,r/CryptoCurrency
4899,r/AppleWatch
4900,r/ShokugekiNoSoma
4902,r/Astronomy
4895,r/AnimeMerchandise
4905,r/brasil
4896,r/collapse
4898,r/blender
4906,r/airsoft
4903,r/Astronomy
4904,[Catholicism]
4908,r/blogging
4901,r/AncientHistoryEncyclopedia
4909,r/GunAccessoriesUK
4907,r/foodphotography
4913,r/environment
4914,r/telescopes
4911,r/LGBTQ+
4910,r/AskAcademia
4912,r/chemistry
4916,r/Buddhism
4921,r/movies
4919,r/brasil
4915,r/brasil
4920,r/WatchPeopleDieInside
4923,r/CanadaFinance
4918,r/DougLovesMovies
4926,r/books
4922,r/relationships
4927,r/NewsTaiwan
4924,r/AtlantaRealEstate
4925,r/cancer
4928,r/Canada
4930,r/bangalore
4933,r/Silverbugs
4931,r/chicago
4929,r/baltimore
4917,r/AnimalsBeingBros
4935,r/GeorgiaCoast
4934,r/datingoverthirty
4932,r/sledding
4936,r/amateurradio
4937,r/Nashville
4941,r/AgainstHateSubreddits
4945,r/projectcar
4939,r/Undertale
4943,r/bali
4940,r/worldnews
4944,r/AskMechanics
4948,r/GetProductive
4946,r/Catholicism
4938,r/animemusic
4947,r/MichelVaillant
4942,r/Coolblue
4951,r/aww
4952,r/AffiliateMarketing
4953,r/HydeParkRunning
4950,r/Arrow
4957,r/gonewild
4959,r/cancer
4955,r/creepyPMs
4961,r/teslamotors
4949,r/attackontitan
4958,r/cancer
4960,r/PunjLloyd
4956,r/lasers
4962,r/amazonprime
4964,r/AtlantaConcerts
4954,r/SchoolDaysAnime
4963,r/Reincarnation
4965,r/cars
4966,r/RedWolf
4968,r/aviation
4967,r/Catholicism
4972,r/DC_Cinematic
4974,r/StockMarket
4969,r/ireland
4978,r/brussels
4976,r/apocalypsenews
4975,r/airsoftmarket
4971,r/museumpro
4980,r/AmazonPrime
4970,r/amateurradio
4984,r/amateurradio
4983,[ASK CANADA]
4981,r/Art
4973,r/Autoarchitect
4985,r/Austin
4977,r/AmazonPrime
4986,r/careerguidance
4987,r/classicalmusic
4979,r/birdstakingover
4988,r/television
4982,r/berkeley
4991,r/cancer
4989,r/comedy
4992,r/chemistry
4998,r/chicago
4997,r/Architecture
4999,r/Arduino
4996,r/Airplanes
4990,r/AusFood
4993,r/coffee
4995,r/cancer
5000,r/college
5001,r/AustinMusic
5004,r/Yoga
5005,r/Advertising
5002,r/SigSauer
5007,r/rendaextra
5009,r/bikecommuting
5003,r/CleaningTips
5006,r/travel
5010,r/Miata
5013,r/EdmontonMassage
5008,r/DonnyDoes
5014,r/hedgehog
5012,r/symbols
4994,r/architecture
5011,Astrology.
5016,r/AdoptACat
5017,r/SupergirlTV
5018,r/beer
5015,r/MouseReview
5019,r/MTB
5025,r/AppleTV
5026,r/college
5024,r/yoga
5022,r/aviation
5021,r/DIY
5020,r/politics
5028,r/whatsthisworth
5030,r/Coffee
5023,r/architectureportfolio
5029,r/OrganicChemistry
5031,r/Catholicism
5033,r/Austin
5032,r/pheromones
5027,r/SkyLine
5037,r/aww
5039,r/Camouflage
5042,r/ApplePay
5035,r/careerguidance
5044,r/TIL
5041,r/psychology
5038,r/exmuslim
5046,r/retailworkers
5040,r/CreditCards
5036,r/SchmozzFest
5045,r/vegetarian
5047,r/anime
5051,r/Canada
5050,r/AskWomen
5048,r/littlefreelibrary
5053,r/makeuphaul
5034,r/ZenBuddhism
5055,r/mentalhealth
5049,r/Vancouver
5054,r/Art
5052,r/Atlanta
5056,r/classicalmusic
5057,r/legaladvice
5043,r/Advice
5063,r/CatSlaps
5058,r/WasteRemovalCompanies
5065,r/Sincheon_Opfi
5061,r/mentalhealth
5062,r/r4r
5060,r/Baltimore
5059,r/AnxiousCats
5068,r/Mindfulness
5067,r/AppStore
5066,r/techsupport
5069,r/Kirby
5070,r/Animore
5073,r/cars
5072,r/AskScienceDiscussion
5075,r/aviation
5078,r/natureismetal
5064,r/NSFW
5079,/r/coins
5077,r/ndp
5081,r/China
5082,r/AntiJokes
5071,r/WWIIHistory
5084,r/bicycling
5080,r/CharacterDevelopment
5076,r/skincareaddiction
5083,r/coffee
5085,r/sex
5088,r/Blogging
5089,r/UKAssignmentWriters
5090,r/MapPorn
5092,r/Michigan
5094,r/coins
5093,r/Advertising
5087,r/WirelessNetworking
5091,r/boxing
5097,r/Terminator
5096,r/HumansBeingBros
5099,r/curitiba
5095,r/airsoft
5101,r/Scams
5100,r/AskReddit
5086,r/GroupProjects
5105,r/genetics
5102,r/DarwinNT
5106,r/RocketLeague
5074,r/Botafogo
5098,r/Charity
5108,r/materialsScience
5103,r/Stoicism
5109,r/bicycling
5107,r/ArtHistory
5110,r/TheWire
5104,r/CapeCod
5118,r/atheism
5116,r/3Dmodeling
5117,AskReddit
5115,r/college
5112,r/Animesuggest
5114,r/CascadeHeights
5122,r/kidscrafts
5113,r/Hoverboards
5111,r/Catholicism
5132,r/KoreanReact
5123,r/3Dmodeling
5120,r/aww
5129,r/SuicideSquad
5119,r/airsoft
5121,r/FamilyRecipes
5130,r/Apple
5128,r/iphone
5124,r/terrariums
5125,r/medicalanimation
5133,r/AmazonSeller
5126,r/college
5131,r/batman
5127,r/careerguidance
5136,r/HongKong
5139,r/KoreanStocks
5142,r/health
5141,r/overpopulation
5144,r/Buddhism
5140,r/standupcomedy
5137,r/Baltimore
5146,r/FerrariRentals
5143,r/macbook
5150,r/ChinaVPN
5152,r/Catholicism
5151,r/BaltimoreComedy
5155,r/trees
5156,r/Baltimore
5149,r/FatDad_FatKid
5135,r/Astrology
5138,r/NSFW411
5134,r/aww
5145,r/StarWarsFans
5159,r/coins
5157,r/Mindfulness
5161,r/airsoft
5147,r/bikecommuting
5148,r/Coffee
5158,r/360hwy
5153,r/istanbulcats
5167,r/VietNam
5160,r/SharkTank
5169,r/CatsPlayingWithToys
5166,r/AmazonPrimeDay
5168,r/bikerepair
5154,r/Twitch
5173,r/FrugalFemaleFashion
5165,r/JanetAirlines
5171,r/FastFoodFashion
5174,r/AskReddit
5163,r/Art
5175,r/Tollywood
5164,r/DeadmanWonderland
5170,r/philosophy
5178,r/comicbooks
5176,r/HomeImprovement
5180,r/서면건마
5185,r/aww
5183,r/apple
5172,r/MarvelFansite
5184,r/Art
5162,r/AskReddit
5182,r/legaladvice
5181,r/IndianAdvertisements
5187,r/Silverbugs
5188,r/Austin
5179,r/Oregairu
5186,r/Austin
5189,/r/climate
5197,r/Aquariums
5177,r/AmazonPrime
5191,r/Chemistry
5199,r/SkyPorn
5190,r/fashion
5195,r/illustration
5194,r/AmazonPrime
5192,r/singlespeed
5200,r/creg
5202,r/Canada
5203,r/MindBodySoul
5198,r/relationship_advice
5204,r/nflstreams
5201,r/architecture
5196,r/books
5205,r/airsoft
5209,r/tentaclehentai
5210,r/MTB
5208,r/TransferStudents
5211,Austin subreddit community.
5206,r/brandnewsubreddit
5213,r/QuantumComputing
5212,r/origami
5207,r/chicago
5215,r/Coffee
5214,r/ElectricScooters
5216,r/kindlefire
5218,r/airsoft
5193,r/AmazonSeattle
5221,r/bikecommuting
5223,r/airsoft
5226,r/Ford
5222,r/translator
5217,r/venezuela
5219,r/Chuunibyou
5220,r/AeroPress
5224,r/BostonCouncil
5227,r/Advice
5225,r/Autos
5230,r/natureismetal
5229,r/StockMarket
5232,r/Architecture
5231,r/Silverpoint
5228,r/interestingasfuck
5233,r/AppStore
5236,r/CanadianPolitics
5234,r/AskReddit
5237,r/Republican
5242,r/TwoXChromosomes
5243,r/AskReddit
5235,r/Random_Acts_Of_Amazon
5238,r/blogging
5239,r/BagInBoxMarket
5245,r/Australia
5240,r/Buddhism
5247,r/Israel
5244,r/FAFSA
5241,r/space
5249,r/Documentaries
5246,r/ChineseHistory
5248,r/PhilipGlass
5252,r/subaru
5250,r/Biology
5255,r/deadpool
5260,r/Existentialism
5258,r/astrology
5256,r/MechanicAdvice
5253,r/IsraelPalestine
5259,r/WatchPeopleDieInside
5261,r/architecture
5257,r/labrats
5254,r/medicine
5262,r/AnimeManga
5264,r/coffee
5266,r/chicago
5269,r/Atlanta
5265,r/cohousing
5268,r/astrology
5270,r/GoogleFiber
5263,r/IAmA
5251,r/homebrewing
5267,r/college
5272,r/characterdesign
5271,r/NotMyJob
5278,r/AtlantaEats
5275,r/astrology
5277,r/medical_advice
5281,r/architecture
5274,r/Anarchism
5280,r/BabyBumps
5276,r/boxing
5279,r/chemistry
5284,r/architecture
5289,r/comicbooks
5283,r/groundbreakinggifts
5285,r/aww
5288,r/legaladvice
5273,r/hipsters
5291,r/whatisthisanimal
5287,r/Aberystwyth
5292,r/Austin
5290,r/collapse
5286,r/baltimore
5293,r/Austin
5296,r/Baltimore
5282,r/chicagojobs
5299,r/glutenfreecooking
5294,r/Christianity
5295,r/Mukbang
5297,r/DIY
5298,r/MaineCoon
5306,r/AskTheology
5305,r/chicago
5300,r/aviation
5304,r/Entertainment
5302,r/Musicstrology
5308,r/projectmanagement
5303,r/Music
5312,r/DCcomics
5313,r/Chungju_Opfi
5307,r/books
5301,r/Silverbugs
5314,r/deafwomen
5309,r/funny
5310,r/investing
5317,r/apple
5315,r/classicalmusic
5318,r/PublicRelations
5319,[comicbooks] Base profiles unmarried women age 23 online.
5321,r/airsoft
5322,Pro Golf
5311,r/television
5323,r/ImmigrationAtlanticCanada
5327,r/BobMarley
5324,r/TexasHistoryBuff
5326,r/Printers
5325,r/AustinSoccer
5316,r/whoseline
5320,r/college
5331,r/AskReddit
5328,r/AriesWoman
5330,r/alexa
5329,r/HeavyObject
5332,r/neurology
5335,r/relationship_advice
5333,r/nfl
5339,r/college
5341,r/CatAdvice
5342,r/architecture
5334,r/translator
5340,r/Epub
5338,r/architecture
5343,r/caps
5337,TIL: r/Canada
5345,r/beer
5348,r/iphone
5346,r/brasil
5350,Subreddit: r/SinCityRP
5353,r/snakes
5356,r/podcasts
5351,r/ChinaPhotos
5347,r/StarWarsApp
5352,r/chemistry
5349,r/Catholicism
5357,r/CozyPlaces
5358,r/The_Donald
5354,r/AskReddit
5359,r/atheism
5336,r/airsoft
5360,r/Archaeology
5344,r/FerrisBueller
5361,r/Austin
5363,r/whowouldwin
5365,r/comicbooks
5366,r/SEOVendor
5364,r/sticker Subreddit
5367,r/relationship_advice
5355,r/Boston
5368,r/beatles
5371,r/architecture
5370,r/anime
5362,r/AsiaCafe
5374,r/macmini
5372,r/architecture
5373,r/TinyHouses
5375,r/sportsbetting
5369,r/occupy
5376,r/Georgia
5377,r/airsoft
5379,r/MTB
5378,r/Coffee
5381,r/NinaConti
5383,r/beer
5382,r/WorkOnline
5385,r/CanadianPolitics
5380,r/Baltimore
5384,r/ChineseLanguage
5389,r/architecture
5390,r/beer
5387,r/Apple
5386,r/books
5391,r/chemistry
5392,BicycleCulture
5396,r/BDSMAdvice
5393,r/CoffeeMachines
5388,r/whatisthiscar
5399,r/Baltimore
5394,r/massachusetts
5401,r/technology
5395,r/bicycling
5398,r/Christianity
5404,r/Catholicism
5403,r/belgium
5400,r/legaladvice
5407,r/latinamerica
5410,r/whatsthisbug
5406,r/classicalmusic
5405,r/guns
5412,r/BookExchange
5397,r/classicalmusic
5411,r/cancer
5413,r/EmotionalSupportAnimals
5409,r/astrology
5416,r/brasil
5415,r/Porsche
5414,r/belgium
5417,r/GetMotivated
5408,r/creepyPMs
5422,r/Austin
5421,r/mentalhealth
5419,r/Safari
5420,r/ChristianMovies
5423,r/Anarchism
5402,r/AskReddit
5418,r/Autos
5425,r/fightclub
5426,r/drones
5427,r/SexWorkers
5424,r/ScarletWitch
5432,r/Coffee
5431,r/worldnews
5433,r/blogging
5429,r/college
5438,r/Plumbing
5430,r/Entrepreneur
5439,r/Art
5435,r/Art
5437,Seoul Massage Subreddit
5441,r/iPhone
5443,r/chemistry
5444,r/airsoft
5434,Catholicism
5440,r/cycling
5436,r/architecture
5442,r/NiggasOnDaRiver
5445,r/brasil
5449,r/TheBrewery
5447,r/SkincareAddiction
5448,r/datingadvice
5428,Explain something to a newcomer.
5450,r/ottawa
5452,r/Apple
5453,r/PrayerRequests
5454,r/HappyMug
5456,r/spacephotos
5455,r/lasers
5459,r/vinyl_collectors
5451,r/VICEonHBO
5458,r/iphone
5457,r/Snowmar
5460,r/coins
5446,Astrology
5461,r/Baltimore
5467,r/Health
5464,r/aww
5462,r/friends
5465,Relationships
5468,r/ApplyingToCollege
5463,r/zombies
5466,r/AskReddit
5470,r/OldSchoolCool
5471,r/Baltimore
5473,r/VideoEditing
5472,r/VinylCollectors
5469,r/Tinder
5475,r/economics
5476,r/RoastMe
5479,r/Futurology
5474,r/AskScience
5480,r/espresso
5477,r/Austin
5478,r/college
5484,r/Boating
5486,r/aviation
5482,r/HomeworkHelp
5487,r/ObscureMedia
5481,r/architecture
5488,r/MechanicAdvice
5490,r/gardening
5489,r/Siri
5492,r/cancer
5493,r/Weapons
5495,r/amateurradio
5483,r/Lexus
5498,r/AmazonPrime
5496,r/canadients
5491,r/belgium
5497,r/beermoney
5501,r/r4rPets
5499,r/steel
5494,r/classicalmusic
5504,r/ThunderBay
5500,r/anime
5503,r/Atlanta
5485,r/CoffeeBeer
5505,r/Chicago
5502,r/MechanicAdvice
5508,r/UTAustin
5509,r/chemistry
5511,r/ABAM18
5507,r/LostAndFound
5512,r/ajummas
5510,r/Alberta
5513,r/Blogging
5517,r/Austin
5515,r/Baltimore
5514,r/OutdoorAdvertisingIndia
5516,r/baltimore
5521,r/CanadaFinance
5518,r/SkinCancer
5522,r/ImaginaryLandscapes
5520,r/Tinder
5523,r/coins
5519,r/TodayILearned
5506,r/boston
5526,r/politics
5527,r/Astronomy
5525,r/politics
5532,r/Christianity
5530,r/Connecticut
5524,r/thereisacaninmycan
5535,r/chemistry
5537,r/StandUpComedy
5538,r/AmazonPrime
5536,r/ateismo
5539,r/cars
5531,r/OvarianCancer
5534,r/apple
5541,r/AustinCrafts
5533,r/brasil
5546,r/blender
5540,r/chemistry
5529,r/iphone
5547,r/ClassicCars
5542,r/AffiliateMarketing
5528,r/WealthProsperityLuck
5543,r/NoFap
5544,r/sideloaded
5550,r/Kindness
5551,r/DaejeonMassage3000
5545,r/vzla
5548,r/advertising
5553,r/baltimore
5556,r/Buddhism
5554,r/DIY
5549,r/DanMachi
5552,r/aviation
5559,r/amazonprime
5558,r/architecture
5561,r/Vashikaran
5560,r/UntoldStoriesOfScience
5555,r/Siri
5564,r/economy
5562,r/comicbooks
5557,r/classicalmusic
5565,r/iphone
5563,r/Ajin
5566,r/ActLikeYouBelong
5568,r/genetics
5572,r/AmazonWarranty
5569,r/AppleMusic
5570,r/Kia
5567,r/Art
5573,r/economy
5575,r/AskDocs
5578,r/Broadway
5579,r/careerguidance
5580,r/historymemes
5571,r/Music
5577,r/Munchies
5574,r/Catholicism
5576,r/AmazonPay
5582,r/apple
5584,r/beer
5585,r/policeuk
5583,r/RussiaPhotos
5586,r/lego
5587,r/Austin
5590,r/AskReddit
5588,r/apple
5595,r/Teachers
5581,r/MahouShoujoNanteMouiidesukara
5593,r/AmItheAsshole
5591,r/OldSchoolCool
5598,r/LegalAdvice
5589,r/careeradvice
5600,r/Animesuggest
5592,r/Advertising
5597,r/college
5599,r/PokemonArt
5596,r/ColonCancerAwareness
5594,r/Anarchism
5602,r/Pranks
5606,r/Blogging
5604,r/SEO
5603,r/USPS
5601,r/CreditCards
5612,r/Astronomy
5608,r/LegalAdvice
5609,r/architecture
5605,r/coins
5613,r/Corinthians
5607,r/TheTopTier
5615,r/GetALife
5617,r/india
5618,r/YouShouldKnow
5611,Astrology.
5614,r/ProtectAndServe
5623,r/PersonalFinance
5624,/r/anarcho_capitalism
5620,r/bookbinding
5626,r/Buddhism
5616,r/Firefighting
5628,r/SeanPenn
5621,r/comedywriters
5622,r/EvilCorp
5619,r/AskReddit
5625,r/amazonprime
5610,r/BlackMagicSpecialists
5629,r/airsoft
5630,r/Buddhism
5627,r/amazonprime
5632,r/genetics
5635,r/linguistics
5633,r/Art
5640,r/Anarchism
5638,r/WatchPeopleDie
5637,r/syriancivilwar
5631,r/DeKalbCountyAnimalServices
5641,r/aviation
5639,r/chemistry
5642,r/apple
5634,r/illinoispolitics
5636,r/Apple
5643,r/personalfinance
5646,r/airsoftguns
5647,r/classicalmusic
5644,r/education
5645,r/Vashikaran
5653,r/VulcanVideo
5650,r/Reviews
5652,r/Astrology
5651,r/aviation
5655,r/careerguidance
5656,r/IndustrialEngineering
5657,r/modelmakers
5648,Subreddit: r/kimhae건마
5658,r/FateStayNight
5660,r/Buddhism
5665,r/college
5654,r/ImaginaryBattlefields
5663,r/Blogging
5662,r/whatcarshouldIbuy
5659,r/AmazonPrime
5661,r/AskReddit
5649,r/NorthCarolina
5669,r/blogging
5667,r/AmazonPrimeVideo
5664,r/Podigossip
5671,r/airsoft
5670,r/comicbooks
5674,r/iPhone
5673,r/commodore
5666,r/AntiFascistActionSyd
5668,r/careeradvice
5675,r/Hasselt
5677,r/AncientCoins
5679,r/relationship_advice
5672,r/comicbooks
5678,r/college magazine
5682,r/BaltimoreCity
5683,r/The_Donald
5676,r/Baltimore
5680,r/AFL
5685,r/Austin
5688,r/macbook
5681,r/China
5686,r/bikewrench
5687,r/ProtectAndServe
5684,r/coffeesubscriptions
5692,r/amateurradio
5693,r/wardrobepurge
5691,r/whatcarshouldIbuy
5690,r/UniverseSandbox2
5694,r/cancerrecipes
5698,r/baltimore
5699,r/cats
5695,r/coins
5689,r/Coffee
5700,r/airshows
5697,r/UniversityOfMoncton
5696,r/chemistry
5701,r/TheRichest
5702,r/HongKong
5704,r/Blogging
5707,r/Revolvers
5711,r/bicycling
5703,r/AskScienceDiscussion
5713,r/nba
5710,r/architecture
5712,r/whatisthisthing
5715,r/BookExchange
5714,r/Austin
5706,r/Chicagoland
5709,r/cats
5708,r/NarutoAnimeVietnameseDubbed
5719,r/HongKong
5722,r/AmazonReviews
5716,r/Buddhism
5717,r/airsoft
5718,r/coffee
5705,r/chitika
5724,r/Amazon
5721,r/astrology
5726,r/todayilearned
5725,r/SelfDrivingCars
5723,r/relationship_advice
5720,r/brasil
5728,r/fashion
5729,r/college
5730,r/MissedConnections
5727,r/conspiracy
5736,r/EmbryRiddle
5732,r/GasBlowbackAirsoft
5733,r/DavidBowie
5734,r/UniversityRankings
5731,r/bicycling
5738,r/UlsanMassage
5741,r/AskReddit
5740,r/dogs
5745,r/Homebrewing
5744,r/RealitySanFrancisco
5748,r/chicago
5752,r/architecture
5742,r/India
5739,r/aviation
5737,r/brasil
5743,r/brasil
5735,r/ComicBookCollecting
5753,r/energy
5751,r/MilitaryMuseumBrussels
5755,/r/Chicago
5756,r/GoogleCardboard
5760,r/atheism
5759,r/Revit
5749,r/AcademicBiblical
5761,r/ATBGE
5757,r/clinicaltrials
5747,r/AppHookup
5763,r/sex
5750,r/europe
5758,r/Science
5765,r/branding
5764,r/Anarchism
5754,r/SaathNibhanaSaathiya
5746,r/Somerville
5762,r/WhiteMarshFedEx
5768,r/espresso
5766,r/PoliticalDiscussion
5767,r/XMen
5774,r/astrology
5773,r/baltimore
5776,r/UKPersonalFinance
5769,r/ClassicHorror
5770,r/relationship_advice
5772,r/CanadaRefugees
5775,r/VictoriaBC
5771,r/MBA
5778,r/AtlantaApartments
5779,r/manga
5782,r/StudentPrime
5777,r/ThyroidCancer
5780,r/HowItsMade
5783,r/ontario
5781,r/airsoft
5788,r/legaladvice
5789,r/webdev
5784,r/anime
5787,r/berlin
5785,r/Coffee
5790,r/coffee
5792,r/Art
5786,r/MilitaryAviation
5795,r/morarsozinho
5796,r/ImmigrationCanada
5794,r/architecture
5802,r/chicago
5800,r/chicago
5799,r/Boeing
5797,r/legaladvice
5801,r/AnimeSuggestions
5804,r/Baltimore
5798,r/jobs
5803,r/beer
5791,r/movies
5805,r/Homebrewing
5806,r/coins
5810,r/moving
5809,r/Saskatoon
5793,r/Bad_Cop_No_Donut
5812,r/webdev
5815,r/environment
5807,r/HongKong
5816,r/evilbuildings
5818,r/Colony
5814,r/environmentaljustice
5817,r/whatisthisthing
5821,r/soccer
5824,r/oculus
5808,r/bicycling
5822,r/aviation
5820,r/Atlanta
5813,r/ActionFigures
5811,r/samsunggear
5827,r/books
5826,r/pics
5823,r/bicycling
5825,r/davidbowie
5819,r/advertising
5829,r/Catholicism
5828,r/amazonprime
5834,r/SUNS
5830,r/CollegeBasketball
5833,r/genetics
5832,r/intercastemarriage
5835,r/natureismetal
5836,r/geology
5831,r/todayilearned
5839,r/guns
5842,r/podcasts
5841,r/Massachusetts
5838,r/italy
5843,r/college
5837,Auroras formation explained [x/weathergifs]
5847,r/Baltimore
5848,r/Libra
5845,r/RealEstateInvesting
5849,r/AnimalCrossing
5844,r/MechanicalEngineering
5853,r/technology
5840,r/relationship_advice
5856,r/aviation
5851,r/architecture
5850,r/AustinMinimalists
5857,r/HomeImprovement
5854,r/breastcancer
5852,r/frugal
5855,r/beermoney
5858,r/beer
5860,r/Assistance
5862,r/whatsthatbook
5863,r/ArtSupplies
5859,r/taiwan
5865,r/aviation
5867,r/CAguns
5861,r/saltysubreddit
5864,r/FlatIronCabaret
5870,r/tacticalgear
5872,r/aviation
5869,r/explorer
5871,/r/bustedcarbon
5846,r/InfoMoney
5874,r/AmazonPrime
5866,r/BookCollecting
5879,r/Cobweb
5882,r/relationship_advice
5878,r/versus
5876,r/sneakerheads
5883,r/kittens
5880,r/Cougars
5877,r/PoliticalDiscussion
5881,r/airsoft
5884,r/YABAM7
5868,r/Baltimore
5885,r/coffee
5875,r/BurlingtonON
5886,r/BarOwners
5890,r/dataisbeautiful
5888,r/AnimeArt
5873,r/Advertising
5891,r/OnePiece
5889,r/Blogging
5896,r/Forex
5893,r/pauloleminski
5895,r/smallbusiness
5894,r/VicReeves
5897,r/Koenigsegg
5898,r/geopolitics
5901,r/blender
5900,r/AskScienceDiscussion
5899,r/CricketBettingTips
5892,r/TextbookExchange
5903,r/couchsurfing
5887,r/canada
5905,/r/airsoft
5906,r/techsupport
5902,r/characterdesign
5908,r/politics
5912,r/funny
5913,r/PEI
5914,r/Baltimore
5909,r/Sincheon_Opfi
5910,r/FuturamaWOTShow
5915,r/cycling
5904,r/AmazonPrime
5911,r/WeightLossSurgery
5907,r/KoreanMovieSuggestions
5916,r/Blogging
5917,r/KULeuven
5919,r/koreatownnyc
5920,r/aviation
5918,r/comicbooks
5923,r/contentmarketing
5921,r/architecture
5927,r/space
5928,r/Oscars
5924,r/MarvelComics
5925,r/programmatic
5922,r/bookclub
5931,r/BatlanticStudios
5926,r/cableadvertising
5932,r/CorporateFacepalm
5933,/r/Atlanta
5930,r/classicalmusic
5929,r/Feedback
5937,r/Astronomy
5934,r/relationships
5935,r/Atlanta
5944,r/AskReddit
5936,r/daddit
5938,r/Art
5941,r/ApplyingToCollege
5939,r/CharlesVillage
5946,r/MechanicAdvice
5945,r/testicularcancer
5948,r/BordertownSketchComedy
5940,r/ChinaLife
5951,r/comicbooks
5949,r/AjinAnime
5947,r/movingday
5943,r/thenetherlands
5958,r/Baltimore
5956,r/Pokemon
5957,r/GetMotivated
5942,r/Art
5960,r/CFB
5952,r/todayilearned
5961,r/AFL
5964,r/ChildrensHospital
5965,r/college
5953,Comedystreet
5963,r/Astros
5954,r/AustralianAdvertising
5967,r/dadjokes
5959,r/houston
5966,r/Austin
5955,r/Buddhism
5970,r/astrology
5969,r/bookexchange
5968,r/codes
5962,r/FatBikeCO
5973,r/aviation
5972,r/SwedishCovenant
5971,r/Christianity
5976,r/Baltimore
5950,r/StandUpComedy
5981,r/coins
5979,r/Austin
5978,r/genetics
5974,r/organization
5977,r/toxicology
5984,r/Futurology
5986,r/space
5980,r/Calligraphy
5985,r/BMW
5975,r/Comixology
5982,r/arabicmusic
5987,r/ABraThatFits
5983,r/coins
5989,r/ClassicalMusic
5992,r/Austin
5990,r/writingprompts
5993,r/NorthKorea
5997,r/weeklythread
5996,Christianity
5998,r/Austin
5988,r/AskReddit
5995,r/Truckers
5999,r/books
5994,r/carporn
5991,r/amateurradio
