doc_idx,rewrite
13,Theoretical physics
2,Mathematics
12,Topological superconductivity
3,Reinforcement learning
9,Astrophysics
1,Unmanned aerial vehicle base station deployment.
10,Quantum physics
11,Statistical signal processing
7,Astrophysics
5,Digital signal processing
6,Photochromic nanomaterials for 3D printing
0,Scholarly infrastructures for research software.
18,Quantum magnetism
21,Computer vision
25,Astronomy
16,Graph theory
14,Algebraic combinatorics
19,Differential geometry and index theory
20,High-energy nuclear physics
22,Linear operators and semialgebraic global diffeomorphisms.
23,Materials science
15,Computational social science
24,Physics
26,Supersymmetry and equivariant cohomology
30,Quantum physics
31,Active matter physics
28,Mathematics
33,Theoretical physics
27,Wireless communications
32,Condensed matter physics
35,Computer science
40,Spintronics
34,Combinatorics
38,Applied optics
43,Wireless communications
42,Neural Network Security
41,Infrared astronomy
39,Mathematical analysis
36,Theoretical physics
37,Deep learning
44,Nuclear physics
46,Theoretical physics
48,Calculus
49,Materials science
47,Statistical physics of driven diffusive systems
45,Queueing theory in wireless networks
52,Theoretical physics of Bose systems
50,Extragalactic astronomy and planetary nebulae chemical abundances.
51,Mathematical analysis of real functions
53,Condensed matter physics
17,Astrophysics
8,Random matrix theory
4,Atomic physics
54,Mathematical physics
29,Quantum thermodynamics
57,Machine learning
60,Algebraic biology
55,Cosmology
56,Mathematical finance
58,Genomics
59,Public health and blockchain technology
63,Particle physics
72,Natural Language Processing
71,Quantitative magnetic resonance imaging
68,Computer vision semantic segmentation
62,Fluid dynamics
69,Celestial mechanics
67,Operator theory
64,Astrophysics
61,Theoretical physics
73,Theoretical particle physics
74,Natural Language Processing
70,One-dimensional statistical mechanics
66,Condensed matter physics
65,Epigenetics of SARS-CoV-2 infection
76,Archaeological statistics
83,3D LiDAR Semantic Segmentation
82,Astrophysics
77,Scientometrics
79,Optical polarimetry
75,Extragalactic radio astronomy
84,Decentralized networked control systems
88,Theoretical condensed matter physics
81,Dark matter detection
86,Nuclear physics
87,Condensed matter physics
85,Cosmology
78,Relativistic fluid dynamics
89,Operator algebra
95,Theoretical physics
97,Nuclear physics
90,Computational neuroscience
94,Rheology and fluid mechanics
93,Condensed matter physics
98,Astronomy and planetary science
99,Condensed matter physics
91,Einsteinian gravity and Riemann tensor covariant derivatives.
104,Computational algebraic number theory
101,Stellar astrophysics
96,Representation theory
106,Software Engineering
107,Quantum chromodynamics
100,Biochemical network inference
92,Genetic epidemiology
102,Mathematics
103,Dusty plasma physics
109,Quantum optomechanics
110,Inorganic chemistry
112,Statistics
111,Online machine learning
114,Quantum physics
113,Mathematical physics and control theory
116,Computer Science
119,Particle physics
120,Ordinary differential equations
115,Analysis of partial differential operators
123,Physics
117,Supply chain management
118,Machine Learning
121,Quantum information theory
122,Computer Science
124,Active nematics physics
105,Computer Vision
108,Quantum information theory
127,Nuclear physics
129,Information theory
128,Hydrology and fluid dynamics
80,Spectroscopy of europium-doped phosphors
130,Mathematical logic
125,Solid state physics
134,Mathematical analysis on the sphere
132,Graph theory
135,Quantum mechanics
131,Quantum information theory
136,Quantum mechanics
139,Nuclear structure physics
133,Condensed matter physics
126,Statistical machine learning
142,Theoretical particle physics
138,Mathematical physics
141,Particle Physics
148,Algebraic geometry
150,Natural Language Processing
147,Granular mechanics
149,Statistics
140,Atomic physics
144,Condensed matter physics
137,Stellar evolution
151,Condensed matter physics
146,Analytic number theory
145,Federated learning for audio classification
143,Statistical mechanics of the Ising model
155,Wireless Sensor Networks
154,Statistical physics
160,Nuclear physics
161,Mobile edge computing
153,Quantum physics
165,Particle physics flavor symmetry
164,Financial economics
152,Star formation and molecular astrophysics
159,Financial econometrics
157,Graph theory
163,Optical character recognition
156,Natural Language Processing
158,Optimal control theory
162,Computer science
169,Cloud computing
170,Machine learning
173,Ergodic theory
166,Cosmology
167,Infectious disease severity detection
168,Mathematical physics
174,Quantum physics
172,Dark matter astrophysics
176,Nuclear physics
171,Algebra
177,Optoelectronics
179,Computational biology
175,Quantum mechanics
178,Extragalactic astronomy
183,Control theory
180,Astrophysics
187,Actuarial science and risk theory
181,Fractal geometry
182,Mechanical vibration measurement systems
191,Statistical physics
192,Infrared stellar astronomy
188,Algebraic geometry
186,Quantum optics
190,Statistics
185,Vectorial variational problems
195,Particle physics
193,Physics
196,Public transportation optimization
198,Theoretical physics
203,Turbulence
199,Theoretical Physics
201,Neuroscience
189,Combinatorics
197,Distributionally robust optimization
184,X-ray astronomy
202,Unmanned aerial vehicle communication systems
194,Symplectic integration in computational physics
200,Nuclear physics
206,Astrophysics
204,Quantum Distributed Deep Learning
207,Differential geometry
205,Mathematical logic
210,Gamma-ray burst astronomy
211,Theoretical particle physics
208,Dynamical systems theory
215,Spatial statistics on the sphere
218,Ferromagnetic resonance spectroscopy
217,Autonomous driving perception
209,Extragalactic astronomy
221,Neutrino physics
214,Condensed matter physics
213,Theoretical physics
212,Quantum physics
216,Theoretical particle physics
224,High-energy physics
228,Computational chemistry
232,Cosmology and astrophysics
227,Atomic physics
225,Particle physics
219,Reinforcement Learning
226,Plant biotechnology
231,Mathematical analysis
223,Many-body Green's function theory
222,Astrophysics
220,High energy physics
230,Algebraic combinatorics
233,High-energy physics
229,Quantum computing
234,Condensed matter physics
235,Materials science
236,Algebraic geometry
237,Stellar astrophysics
243,Graph algorithms
244,Medical image segmentation
247,Nonlinear parabolic equations
245,Neutrino physics
242,Higher category theory
250,Particle physics
249,Solar physics
239,Invariant theory
238,Materials science
241,Cosmology
246,Theoretical Computer Science
240,End-User Informatics
248,Clay mineral chemistry
254,Condensed matter physics
259,Extragalactic astrophysics
257,Nuclear physics
256,Astrophysics
264,Stellar atmospheres
251,Optical tweezers instrumentation
252,Quantum physics
262,Plasma physics
265,Nuclear physics
261,Multi-modal machine learning
263,Functional analysis
258,Computer science approximation algorithms.
253,Artificial Intelligence
260,Singular holomorphic foliations
255,X-ray astronomy
274,Formal verification of sampled data systems
270,Nuclear physics
267,Combinatorics
272,Particle physics
266,Dynamical systems theory
273,Nonlinear optics of polymers
268,Particle physics
275,General relativity and numerical relativity
278,Machine learning theory
269,White dwarf astrophysics
271,Stellar astrophysics
277,Quantum sensing and magnetic resonance physics.
276,Network visualization techniques.
280,Quantum gravitational optics
287,Condensed matter physics
289,Chaos theory
286,Statistical physics of spin glasses
292,Algebraic geometry
281,Nuclear physics
285,Quantum field theory
290,Theoretical physics
283,Computer Science
282,Cosmology
284,Mathematics
288,High-field terahertz physics
293,Condensed matter physics
294,Complex analysis
299,Metamaterials
295,Gravitational lensing
304,General topology
302,Biology
301,Lattice quantum chromodynamics
296,Cryptography
300,Matrix analysis and dynamical systems
298,String theory
303,Mathematical physics
305,Interstellar medium and chemical evolution
307,Theoretical physics
306,Millimeter-wave optics for space applications
310,Extragalactic astronomy
316,Ecological network dynamics
313,Thermodynamics
315,Stellar astrophysics
308,Theoretical physics
309,Graph algorithms
312,Cosmology and string theory
311,Stellar astrophysics
318,Mathematical analysis
317,Astrophysics
319,Cosmology and magnetic fields
325,Quantum optics
321,Quantum mechanics
327,Quantum cryptography
326,Cosmology
320,Plasma physics
323,Theoretical physics
329,Materials science
322,Combinatorics and graph theory
328,Quantum machine learning
324,Cosmology
337,Algebraic geometry
332,Operator algebras
331,Cosmology
330,Artificial intelligence
336,High-dimensional statistical inference
333,Automorphic forms and representation theory
334,Infrared spectroscopy
338,Multistage stochastic mixed-integer nonlinear optimization.
340,Particle physics
341,Astrophysics
346,Mathematical physics
343,Mathematics
347,Physics education and computer modeling
344,Wireless Sensor Networks
345,Multi-agent reinforcement learning for city traffic.
342,Extragalactic astronomy
349,Four dimensional supergravity
353,Stellar astrophysics
350,Condensed matter physics
351,Active fluid dynamics
352,Computer networking
355,Graph data mining
358,Airborne network resilience
357,Wave physics
356,Terahertz wave physics
359,Theoretical physics
360,Superconductivity in topological insulators
361,Quantum information theory
362,Cosmology
363,Quantum electrodynamics
364,Financial mathematics
365,Theoretical particle physics
368,Condensed matter physics
367,Optical physics
369,Condensed matter physics
366,Blockchain technology
370,Two-dimensional photonic gas thermalisation
371,Quantum mechanics
354,Astrophysics
297,Medical Imaging
374,Ultracold confined chemical physics
373,Stochastic thermodynamics
377,Plasmonics and metamaterials
375,Theoretical physics
376,Atomic physics
378,Particle physics
380,Compressed sensing
379,Condensed matter physics
382,Music technology and human-computer interaction.
291,Materials science
279,Particle physics
384,Superconductivity research
314,Analytic function spaces
339,Computer science
383,Machine Learning Classification
381,Extragalactic astronomy and galaxy evolution
386,Differential geometry
385,Mobile application security
391,Machine learning regression model updating.
392,Mathematical physics
387,Gamma-ray bursts and early star-formation history.
395,Differential geometry
394,Atomic Physics
389,Algebraic geometry
390,Plasma physics
393,Cosmology
388,Theoretical physics
398,Black-hole binary astrophysics
399,Hamiltonian mechanics
401,Geometric group theory
396,Geometric topology of foliations
403,Computer graphics rendering
404,Extragalactic astronomy and gravitational lensing
397,Human Activity Recognition
406,Astronomy
400,Seismology
405,Session-based Recommendation
408,Quantum mechanics
402,Functional analysis in Krein spaces
372,Particle physics
335,Quantum Chromodynamics
348,Quantum optics and ultracold atomic physics
409,Machine learning
411,Quantum physics
412,Particle physics
407,Combinatorial rigidity theory
410,Nonlinear partial differential equations
414,Numerical analysis
416,Electrical discharge physics
420,Nuclear physics
415,Reinforcement learning
413,X-ray astronomy
422,Computer networking
423,Convex optimization
421,Distributed systems
418,Theoretical physics
417,Nonbinary Low-Density Parity-Check Codes
426,Natural Language Processing
427,Legged locomotion control
419,Quantum algebra and Hopf algebras
424,Planetary science
428,Computational complexity theory
425,Artificial Intelligence
431,Graph theory
429,Theoretical physics
430,Radio astronomy
433,Particle physics
438,Applied Mathematics
435,Computer science
443,Statistical model selection
436,Spectral theory of differential operators
432,Open access policy compliance in Spanish universities.
437,Two-dimensional incompressible isotropic elastodynamics
442,Time series analysis
434,Theoretical physics
440,Elastic properties of composite materials
439,High-energy nuclear physics
445,Graph theory
444,Quantum tunneling in molecular magnets
441,Condensed matter physics
451,Medical Image Analysis
455,Astronomy
450,Astrophysics
446,Astrophysics
453,Cellular automata
452,High-pressure physics
449,Face restoration
448,Multivariable control systems
456,Quantum field theory
454,Quantum chromodynamics
447,Astrophysics and neutrino astronomy
459,Numerical methods for hyperbolic conservation laws
457,Quantum physics
460,Plasmonics and nanophotonics
465,X-ray binary astrophysics
470,Non-log-concave sampling in optimization
467,Wireless communication scheduling
468,Neuroscience
469,Identity Management
472,Astrophysics
464,Solar physics
463,Quantum Monte Carlo computational physics
462,High energy physics
473,Condensed matter physics
474,Algebraic geometry
480,Astrophysics
476,High-energy nuclear physics
481,Extragalactic astronomy
477,Transportation engineering
475,Mathematical analysis of compressible fluid dynamics
479,Quantum Chromodynamics
482,Representation theory
478,Snow density modeling
483,Quantum physics
484,Condensed matter physics
486,Human Computation
485,Quantum physics
492,Order theory
488,Statistical genomics
487,Condensed matter physics
493,History of physics
489,Theoretical Physics and Mathematics
491,Dark matter physics
494,Quantum physics
498,General relativity
500,Quantum mechanics
501,Theoretical physics
496,Neutrino physics
499,Statistics and probability distribution functions.
495,Spintronics
497,Multiband superconductivity
504,Differential geometry
505,Astrophysics
503,Massive star formation
502,Nuclear physics
510,Offline Reinforcement Learning
506,Nuclear physics
507,Game theory
509,Robotics
508,Seismology
512,Condensed matter physics
511,Robotics
515,News recommendation
516,Computer Vision
517,Quantum physics
514,Quantum physics
518,Theoretical physics
513,Cosmological hydrodynamic simulation code development
519,Reinforcement learning
521,Mathematical physics
524,Dynamical systems
520,Astrophysics
527,Nonlinear analysis
523,Lattice Quantum Chromodynamics
529,Medical Image Analysis
528,Mathematical physics
522,Statistical physics of networks
525,Machine learning error correction.
526,Information retrieval
531,Algebraic geometry
532,Quantum chromodynamics
530,Machine learning
534,Astrophysics
533,Extreme value statistics and traveling fronts.
538,Mobile crowdsensing service market.
536,Machine Reading Comprehension
539,Stellar astrophysics
540,Number theory
542,Algebraic geometry
546,Arabic natural language processing
544,Digital communications
537,Wireless communication systems
543,Condensed matter physics
547,Solar physics and magnetohydrodynamics
541,Statistical mechanics of hard ellipsoids
545,High Energy Physics - Theory
548,Chinese Literature Natural Language Processing
551,Theoretical physics
555,Algebraic geometry
490,Spin-based neuromorphic circuits
552,Natural Language Processing
550,Soft matter physics
535,Probability and statistics
549,Cosmology in modified gravity theories
554,Computational neuroscience
553,Astrophysics
557,Biomedical analysis of electroencephalograph recordings in epilepsy.
560,Thermodynamics and theoretical physics
458,Knot theory
466,Graph theory
461,Elasticity
563,Natural Language Processing
471,Extragalactic Astronomy
565,Astrophysics
558,Solar physics
564,Radio astronomy
561,Combinatorics
562,Quantum chromodynamics
556,Extragalactic star formation
559,Radio interferometry calibration
566,Stellar astrophysics
571,Computational complexity theory
577,Particle Physics
574,Computational social science
573,Graph theory
569,Particle physics
570,Speech synthesis
580,Descriptive set theory
579,Inverse problems and partial differential equations
567,Theoretical physics
568,Quantum physics
575,5G Core Network Virtualization
572,Neutron star structure and nuclear medium effects.
578,Telecommunications
576,Quantum computing
582,Mathematical physics
581,X-ray astronomy instrumentation
586,Financial economics
588,Computer vision and video retrieval
590,Natural Language Processing
587,Astronomy
583,Condensed matter physics
584,Computer networking
593,Deep Neural Networks
594,Algebraic geometry and topology
589,Space plasma physics
585,Computer vision
592,Natural Language Processing
591,Wireless communications security
598,Astrophysics
603,Astrophysics
595,Quantum mechanics
602,Molecular electronics
606,Extragalactic astronomy
605,Computer Vision
608,Astrophysics
601,Computer Vision
597,Computer network routing
596,Quantum mechanics and quantum foundations.
607,Deep learning for photometric redshift estimation.
604,Mathematical analysis of Schrödinger operators and Heisenberg groups
600,Software Engineering and Biological Simulation
599,Statistical mechanics and nonlinear dynamics
611,Neural network verification
620,Extreme Value Theory
613,High energy particle physics
609,Magnetic resonance electrical impedance tomography
617,High-energy astrophysics
615,Cluster algebras
621,Astrophysics
622,Theoretical physics
618,Spintronics
619,Numerical analysis
612,Quantum physics
614,Particle accelerator physics
616,General Relativity and Astrophysics
610,Ideal magnetohydrodynamics
623,Magnetism and surface science.
627,Algebraic geometry
634,Functional analysis
632,Statistical mechanics of binary fluid mixtures
635,Vehicular cooperative localization
625,Astrophysics
633,Machine learning
628,Statistical data privacy
626,Software Engineering
629,Geometry of numbers
624,Quantum physics
631,Cosmology and particle physics
637,Quantum physics and information theory
638,Astroparticle physics
643,Extragalactic astronomy
642,Nonlinear dynamics and chaos theory
646,Queueing theory
645,Astronomy
639,Haptics and tactile feedback technology.
644,Computational mechanics of mechanical metamaterials
647,Algebraic topology
648,Theoretical mechanics
650,Astrophysics
640,Medical statistics
652,X-ray detector instrumentation
651,Poisson counting data analysis
649,Solid state physics
653,Theoretical Physics
654,Graphene quantum mechanics
656,Magnetism and magnetic materials
661,Relativistic Astrophysics
664,Graph theory
655,High-pressure superconductivity
657,Collective motion and decision-making in swarms
662,Polymer micro-rheology
658,Software engineering
665,Evolutionary biology
666,Operations Research
660,Thermodynamics of information
659,Astrophysics
667,Quantum computing
663,Astrophysics
668,Image dehazing
671,Nonlinear dynamical systems
672,Theoretical Physics
669,Wireless network coding
673,Quantum Field Theory
679,Astrophysics
677,Strongly interacting Fermi gas physics
670,Mathematical analysis of fluid dynamics
683,Classical and relativistic physics
675,Hessian equations
678,Surface vibrational dynamics
674,Semiconductor physics
676,Astroparticle physics and dark matter research
681,Quantum chemistry
682,Condensed matter physics
680,Natural Language Processing
684,Condensed matter physics
685,Condensed matter physics
686,Mathematical analysis in metric spaces
694,Quantum gravity
691,Differential geometry
693,Computer Science
688,Graph signal processing
687,Mathematical physics
689,Mathematical analysis on discrete structures
697,Geometric group theory
692,Particle physics
690,Theoretical Physics and Algebraic Geometry
695,Image processing
696,Astroparticle physics instrumentation
700,Group theory
701,Astronomy
702,Cybersecurity
704,Astronomy
699,Political science
706,Probabilistic programming and logical inference
705,Mathematics
641,Astrophysics
630,Condensed matter physics
636,Type Ia Supernovae
709,Machine learning
698,Symplectic geometry
710,Atomic physics
707,Theoretical physics and cosmology
703,Heavy fermion superconductivity and magnetism.
708,Mathematical analysis
711,Solid-state chemistry
712,Stellar astrophysics
716,Functional analysis
723,Network science
713,Convex composite programming
724,Wireless communications
717,Nuclear physics
722,Algebraic geometry
715,Invariant theory
718,Computational social science
719,Multiple hypothesis testing in statistics.
714,Photonic band gap crystals
720,Wireless communications
721,Theoretical physics
728,Algebraic geometry
727,Particle physics
734,Time series analysis
725,Atomic physics
730,Machine learning uncertainty modeling
735,Network science
733,High-energy physics
726,Materials science
731,Partial differential equations
736,Special relativity and optics
737,Stellar astrophysics
729,Big Bang Nucleosynthesis
739,Atomic physics
732,Wireless communications
738,Graph theory
744,Physics
740,Quantum gravity
747,Cosmology
746,Representation theory of algebras
742,Astrophysics
751,Artificial Intelligence
745,General relativity and astrophysics
750,Nonlinear Schrödinger equation
748,Condensed matter physics
749,Theoretical physics
741,Algebraic geometry in control systems
753,Geometry and crystallography
752,Computer Vision
743,Computer Vision
754,Mathematics
756,Surface science and magnetic materials
762,Polymer physics
759,Extremal graph theory
755,Theoretical Physics
757,Group theory
766,Black hole physics
765,Computer vision and video editing
758,Quantum physics
767,Robotics motion planning
761,Power electronics
760,Biological fluid dynamics
763,Acylindrically hyperbolic groups in group theory
764,Distributed Machine Learning Systems
768,High-energy physics
769,Fluid dynamics
771,Library and Information Science
770,Neuroscience
778,Condensed matter physics
775,Theoretical physics
780,Theoretical physics and cosmology
782,Combinatorics on words
772,Astrophysics
779,Mathematical analysis of non-selfadjoint operators.
781,Condensed matter physics
783,Particle physics
776,Nuclear physics
777,Optical engineering
774,Condensed matter physics
773,Computational methods for spatial time domain simulations
784,High-energy physics
791,Astronomy
790,Astrophysics
796,Materials science for perovskite solar cells.
789,Topology
797,Theoretical physics
788,Machine Learning
786,Wireless network spectral efficiency analysis
787,Quantum mechanics
792,Nonlinear partial differential equations
785,Sports predictive modeling
798,Condensed matter physics
795,Theoretical cosmology and extra dimensions
793,Stochastic wave equations
794,Computational reproducibility of data analysis pipelines
800,Statistics
805,Mathematics
799,Analytical chemistry
801,Extragalactic astronomy
802,Computer vision
812,Particle physics
811,Condensed matter physics
808,Astrophysics and high-energy nuclear physics
804,Evolutionary biology
809,High-energy particle physics
807,Astroparticle physics
803,Information retrieval
810,Ionic conductivity in ionic liquids and carbon nanotubes
813,Astrophysics
806,Astrophysics
819,Optical physics
822,Particle physics
817,Theoretical particle physics
814,Graph-structured sparsity optimization
825,Computer Science
816,Automorphic forms on orthogonal groups
824,Medical Imaging Federated Learning
821,Van der Waals magnetism
815,Condensed matter physics
823,Quantum physics
827,Nonlinear optimization
818,Hadronic physics
826,Mathematical Physics
820,Machine learning classifier calibration evaluation
829,Wireless communications spectrum auction design
832,Tensor factorization
836,Condensed matter physics
840,Commutative algebra
833,Probability theory
837,Mathematics
828,Gravitational lensing
835,Nonlinear partial differential equations
831,Nuclear physics
834,Theoretical high-energy physics
841,Particle physics
842,Solar neutrino physics
839,Machine Learning
838,Robotics and computer vision
830,Differential topology
844,Computer vision
854,Unmanned aerial vehicle networks
853,Algebraic geometry
848,Thermoelectric properties of nanostructures
847,Theoretical particle physics
846,Theoretical Physics
850,Condensed matter physics
843,Medical image reconstruction
852,Quantum information theory
845,Evolutionary computation
855,Soil science
856,Combinatorics
851,Extragalactic astrophysics
849,Astronomy and exoplanet detection
863,Quantum cosmology
867,Riemannian geometry
869,Algebraic number theory
858,Machine Learning
865,Abstract algebra
860,Mathematics
868,Differential Geometry
870,Algebraic number theory
864,Operator theory
857,Molecular biology
859,Private Information Retrieval
861,Cosmology and particle physics
862,Computational physics
866,Robotics
871,Computer Vision
872,Knot theory
881,Representation theory of semisimple groups
882,Power systems engineering
874,Neutrino physics
880,Nonlinear integral equations
878,Theoretical high-energy physics
877,Computer Science
873,Computer vision
884,Nuclear physics
875,General Relativity
879,Particle physics
883,High-energy particle physics
876,Condensed matter physics
885,Astrophysics
889,Electromagnetism
886,Probability theory
888,Wireless networks
887,Molecular beam experiments
891,Astrophysics
894,Superconductivity
893,Particle Physics
896,Stellar astrophysics
890,X-ray imaging physics
897,Solar physics and magnetohydrodynamics
899,Theoretical physics
895,Quantum chromodynamics
892,Graph Neural Networks
898,Quantized vortex dynamics in fluid mechanics
900,Semiconductor physics
902,Nonlinear solid mechanics
906,Mathematical physics
903,Condensed matter physics
901,Quantum mechanics in the mean-field and semiclassical regime.
907,Quantum chemistry computational method
909,Condensed matter physics
908,Mathematical analysis
904,Differential geometry
905,Acoustic data processing for smart factory anomaly detection
917,Cryptography
913,Computer Science
912,Group theory
916,Astronomy
914,Condensed matter physics
911,Network science
918,Algebraic geometry
921,Functional analysis
910,Condensed matter physics
923,Algebraic geometry
930,Volcanology and computational fluid dynamics
925,Gravitational wave astronomy
926,Network science
932,Computer Vision
922,Theoretical physics
924,Optimization
928,Power system dynamics
931,Reinforcement learning control for continuum robots
919,Semiconductor spintronics
915,Information retrieval
929,Computational neuroscience
933,Astrophysics
920,Algebraic number theory
927,Exoplanet science
935,Social choice theory
938,Statistical computing
942,Solar physics
946,Mathematical logic
945,Set theory
939,Extragalactic astrophysics
936,Geophysical fluid dynamics
934,Particle physics
944,Condensed matter physics
937,Machine learning feature selection
941,Cosmology and Supergravity
943,Non-linear control systems optimization
947,Dark matter physics
940,Nonparametric regression for functional variables
948,Computational geometry
949,Information theory
950,High-energy nuclear physics
954,Financial network analysis
953,Radio frequency engineering
952,Particle physics
951,Game Theory
958,Air Traffic Control speech recognition
957,Magnetic topological structures
956,Semiconductor quantum dot physics
955,Condensed matter physics
970,Graph theory
961,Molecular quantum physics
966,Atom optics of two-component Bose-Einstein condensates
962,Plasma physics
963,Computational complexity theory
959,Graph theory
969,Cosmology
971,Computer science
965,Theoretical physics
972,General relativity and cosmology
967,Condensed matter physics
968,Computer networking
960,Higher order differential equations
964,Answer Set Programming
973,Particle physics
985,Theoretical physics
975,Multihop Question Answering
978,Nuclear physics
983,Condensed matter physics
979,Infinite graph theory and group theory
984,Inverse scattering and shape reconstruction.
980,Computer networking
981,Theoretical physics and cosmology
982,Evolutionary biology
974,Algebraic geometry
986,Quantum optics
977,Materials science
987,Numerical analysis of degenerate convection-diffusion equations
992,Algebraic geometry
995,Nuclear physics
990,Reinforcement learning and operations research.
998,Operator algebra K-theory
993,Muon beam physics
988,Operations Research
989,Mathematical analysis of measures
997,Theoretical particle physics
991,Deep learning for medical imaging analysis
994,Bayesian numerical integration methods
999,String algorithms
1000,Galactic dynamics
996,Stochastic differential equations
1001,Lattice QCD
1002,Theoretical biology
1004,Time series analysis
1006,Abstract algebra
1005,Planetary science
1013,Natural Language Processing
1007,Mathematical physics
1003,Graph theory
1008,High energy physics
1010,Graph theory complexity analysis
1011,Theoretical physics
1009,Particle physics event generator software
1014,Visual classification in computer vision
1018,Particle physics
1019,Superconductivity
1012,Quantum mechanics
1015,Mathematical analysis of Jacobi matrices
1020,Condensed matter physics
1016,Astronomy and astrophysics
1017,Combinatorics on words
1022,Algebra and homological mathematics
1026,Dynamical systems
1024,Experimental optical physics of nanostructured surfaces
1029,Exoplanet mass measurement
1033,Probability theory
1030,Algebraic geometry
1031,Extragalactic astronomy and galaxy evolution
1023,Functional analysis
1021,Computer Vision
1034,Symplectic geometry
1032,Astrophysics
1028,Astronomy
1025,Dynamical systems theory
1037,Network science
1038,Condensed matter physics
1035,Point cloud segmentation
1042,3D motion prediction
1043,Numerical methods for hyperbolic conservation laws
1045,Mechanical engineering vibration analysis.
1040,Markov decision processes and optimal control
1044,Theoretical physics
1046,Quantum field theory
1048,Graph theory
1051,Condensed matter physics
1052,Quark matter physics in compact stars
1053,Nuclear magnetic resonance spectroscopy
1055,Medical image analysis
1049,Active matter physics
1050,Polarimetric SAR image classification
1054,Plasmonics
1056,General relativity and topological black holes
1059,Mathematical analysis and linear algebra
1063,Semiconductor device physics
1060,Stellar astrophysics
1057,Mathematical logic
1061,Graphene thermal transport
1062,Nonlinear integro-differential equations
1058,Health services research
1036,Complex analysis
1039,Superconducting qubits
1065,Particle physics
1064,Commutative algebra
1067,Beam deflection in bent crystals
1073,Theoretical Computer Science
1070,Cosmology
1069,Mathematical analysis
1066,Condensed matter physics
1068,High energy hadronic interactions
1071,Quantum physics
1074,Fluid dynamics
1072,Mathematical analysis on infinite-dimensional groups
1076,Probability theory
976,Astrophysics
1027,3D point cloud registration
1047,Statistical physics of stochastic systems
1078,Plasma physics
1041,Inverse problem imaging in applied mathematics.
1077,Algebraic geometry
1083,Astrophysics
1079,Cosmology
1084,Fluid dynamics
1080,"Atomic, molecular, and optical physics"
1086,Quantum information theory
1081,Theoretical high-energy physics
1082,Computational materials science
1075,Speech recognition
1085,Signal processing
1090,History of quantum gravity research
1087,Statistical predictive pattern mining
1089,Mathematical foundations of quantum theory
1092,Vehicular Visible Light Communication
1088,Commutative algebra
1093,Nuclear physics
1091,Control theory and intersection automation.
1097,Physics
1100,Soft matter physics
1099,Physics
1095,Theoretical physics
1101,Astronomy and astrophysics
1098,Graph signal processing and neural networks
1104,Mathematical analysis
1094,Socio-economic impact analysis of cultural investment.
1096,Integrable dynamical systems
1106,Numerical solution of stochastic differential equations
1102,Extreme value theory
1107,Information Theory
1108,Quantum physics
1103,Astrophysics
1105,Stellar astrophysics
1110,Theoretical physics
1111,Algebraic graph theory and combinatorics
1109,Fluid dynamics
1113,Cosmological variation of fundamental constants
1114,Algebraic geometry
1112,Quantum physics
1118,Statistics
1116,Differential Geometry
1115,Hydrodynamic stability of inviscid shear flows
1119,Optical imaging
1125,Cryptography
1123,Embedded systems design
1117,Theoretical physics
1120,Acoustics and nanotechnology for medical applications.
1124,Asteroseismology
1126,Nonlinear plasma physics
1121,Quantum physics and optics
1132,Interior permanent magnet synchronous motor control
1133,Computer vision image processing
1122,Computational mathematics
1129,Optics
1130,Star formation and molecular outflows
1136,Mathematical Physics
1127,High-energy nuclear physics
1131,Machine Learning
1134,Quantum chromodynamics
1143,Number theory
1138,Astrophysics
1141,Statistics
1137,Statistical physics of particle motion
1146,Materials science
1145,Differential geometry
1139,Computer science
1140,Robotics
1135,Quantum field theory
1128,Commutative algebra
1142,Cosmology and particle physics
1147,Machine learning
1144,Semantic Web
1148,Combinatorial representation theory
1152,Group theory
1150,Materials science
1154,Materials science
1149,Strong-field quantum electrodynamics
1160,High-energy nuclear physics
1161,Fluid dynamics
1155,Condensed matter physics
1151,Graphene quantum capacitors for electro-optics.
1164,Person recognition
1153,Solar physics
1159,Information theory
1158,Graph Neural Networks accelerator design
1168,Cosmology
1157,Computational chemistry
1163,Wireless communications
1156,Plasma wakefield acceleration
1162,Nuclear astrophysics
1169,Theoretical physics
1165,Algebraic coding theory
1166,Computer Vision
1167,Human mobility in urban geography.
1170,Planetary atmospheric spectroscopy
1175,Theoretical physics
1171,Time series analysis
1181,Algebraic combinatorics
1174,Physics
1173,Theoretical physics
1180,Atomic physics
1178,Computational chemistry
1182,Probability theory and optimal transport.
1183,Group theory
1172,Number theory
1176,Enzyme catalysis and conformational dynamics
1189,Hierarchical Reinforcement Learning
1186,Fake face detection
1177,Mathematical Physics
1187,Magnetism and spintronics.
1188,Cosmology
1184,Astrophysics
1191,Network science
1185,Astroparticle physics instrumentation
1179,3D Computer Vision
1196,Mathematics
1193,Mathematics
1197,Machine Learning
1194,Ferroelectric materials science
1198,Quantum optics
1192,Theoretical particle physics
1199,Condensed matter physics
1195,Gravitational-wave astrophysics
1190,Plasma physics
1201,Astrophysics
1203,Exoplanet transmission spectroscopy
1212,Condensed matter physics
1206,Astronomy
1200,Financial mathematics
1209,Information theory
1213,Stellar astrophysics
1210,Combinatorial commutative algebra
1208,Algebraic geometry
1207,Extremely Fine-Grained Entity Typing
1204,Nanomaterials science
1205,Riemannian geometry
1214,Algebraic geometry
1202,Extragalactic astronomy
1211,Theoretical cosmology and general relativity.
1218,Time series analysis
1217,Fluid dynamics
1215,Radio astronomy
1216,Lithuanian news clustering using Transformer models
1222,Semiconductor physics
1220,Bibliometrics and research evaluation
1226,Computational fluid dynamics
1224,Gamma-ray astronomy
1219,Nonequilibrium quantum transport theory
1227,Spectroscopic ellipsometry modeling
1225,Adaptive optics
1230,Machine Learning
1231,Physics
1221,Statistical physics of phase transitions
1229,Gravitational thermodynamics and dynamics
1232,Theoretical physics
1223,Extragalactic astronomy
1228,Mathematical analysis
1234,Quantum Field Theory
1233,Mathematical physics of wave propagation
1238,Astrophysics
1240,High energy physics
1236,High-energy nuclear physics
1235,X-ray astronomy
1243,Particle physics
1244,Computational plasma physics
1237,Magnetic data storage
1241,Mathematical analysis of dynamical systems
1239,Stellar astrophysics
1242,Financial economics
1246,Wave equation in two dimensions
1247,Theoretical condensed matter physics
1248,Operations research
1245,Robotics motion tracking
1251,Interstellar medium physics
1256,Nuclear physics
1258,Particle physics
1253,Credit risk management
1249,Mathematical physics
1254,Information Theory
1257,Ultracold atomic physics
1260,Number theory
1250,Theoretical physics and black hole thermodynamics
1262,Statistics
1252,Quantum field theory
1261,Information theory
1259,Data clustering algorithms
1255,Astrophysics
1269,COVID-19 time series forecasting
1270,Nonlinear functional analysis
1272,Particle physics
1276,Knot theory
1266,Functional analysis
1268,Condensed matter physics
1275,Computer Vision
1265,Materials science
1263,Additive combinatorics
1271,Galactic astrophysics
1273,Quantum optics
1264,Theoretical cosmology
1267,Floating-point data compression error analysis
1274,Medical image analysis
1286,Theoretical physics
1284,X-ray detector physics
1280,Astrophysics
1281,Linear algebra
1289,Astrochemistry
1279,Particle accelerator beam physics
1287,Bacterial hydrodynamics near surfaces
1288,Theoretical physics
1278,Cosmology
1282,Quantum computing
1285,Public health in refugee settings
1290,Financial mathematics
1277,High-energy astrophysics
1283,Hyperspectral image analysis
1291,Optoelectronics and semiconductor physics
1292,Topological dynamics
1295,Dynamical systems
1296,Physics
1300,Quantum key distribution
1301,Computer vision
1299,General Relativity
1304,Theoretical nuclear physics
1297,Astrophysics
1305,Algebraic topology
1298,Quantum optics
1302,High energy physics
1294,Stochastic evolution equations
1293,Breast cancer risk assessment
1310,Bayesian statistics
1307,Speaker recognition
1314,Theoretical physics
1312,Organic electronics
1306,Mathematical analysis of operators
1303,Bose-Einstein condensate physics
1318,Gravitational wave physics
1316,Fractional subdiffusion equations
1315,Computational fluid dynamics
1309,Experimental particle physics
1311,Mathematical theorem analysis
1308,Quantum mechanics
1317,Extragalactic astronomy
1320,Semiconductor physics
1313,Algebraic geometry
1319,Algebraic geometry
1325,Audio-Visual Kinship Verification
1327,X-ray astronomy
1322,Astrophysics
1323,Linear algebra
1321,Extragalactic astrophysics
1329,Electrophysiology
1326,Representation theory
1324,Condensed matter physics
1333,Quantum information theory
1331,Digital signal transmission and chaotic encryption.
1328,Mathematics
1334,Network science
1332,Complex analysis
1330,Stellar astrophysics
1336,Algebraic geometry
1339,Astrophysics
1342,Differential geometry
1340,Particle physics
1338,Astrophysics
1335,Near-infrared astronomical instrumentation
1344,Cosmology
1341,Astrophysics
1337,Aerodynamics
1343,Mechanical metamaterials and wave control
1346,Cosmology
1349,Software Engineering
1345,Theoretical physics
1350,X-ray physics
1354,Ergodic theory of interval exchange transformations
1355,Condensed matter physics
1353,Hyperbolic geometry
1352,Astronomy
1358,Fingerprint recognition
1347,Neutrino Astrophysics and Galactic Cosmic Ray Physics
1351,Algebraic topology
1357,Solar physics
1348,X-ray astronomy of galaxy clusters
1356,Theoretical condensed matter physics
1359,Wireless communications
1364,Theoretical computer science
1368,Quantum mechanics
1371,Energy minimization in cloud service allocation
1363,Computer Vision and Deep Learning
1361,Computer vision
1360,Probability theory
1367,Differential geometry
1362,Data Mining
1365,Computer Science
1366,Quantum physics
1370,Autonomous driving semantic segmentation
1369,Quantum physics
1374,Algebra and ring theory
1380,Mathematical Physics
1382,DNA structural biology
1377,Computational statistics
1375,Machine learning interpretability
1384,Mathematics
1373,Combustion science
1376,Solid-state physics
1383,Economics
1381,International trade
1385,Quantum mechanics
1372,Theoretical physics
1378,Nonlinear dynamics and chaos theory
1379,Quantum information theory
1390,Biophysics of microorganism locomotion
1387,Fluid dynamics
1399,Natural Language Processing
1395,Cosmology
1391,Time-space fractional diffusion equations
1388,Wireless relay networks
1392,Gamma-ray burst astronomy
1393,Robotics and control engineering
1386,Pulsar astronomy
1389,Fluid dynamics
1398,Mechanical engineering dynamics and control
1396,Ultracold atomic physics
1402,Mathematics
1401,Drone delivery logistics
1400,General topology
1394,Algebraic combinatorics
1397,Stellar astrophysics
1403,High energy physics
1407,Computer security intrusion detection
1408,Integrated photonic devices
1409,Materials Science and Machine Learning
1411,Particle physics
1404,Geometric group theory
1406,Astronomy
1410,X-ray binary jet astrophysics
1405,Wireless communications networking
1413,Algebraic geometry
1417,Theoretical particle physics
1414,Differential geometry
1412,Nuclear physics
1418,Astronomy and astrophysics
1416,Acoustic wave propagation
1419,Condensed matter physics
1422,Commutative algebra
1426,Robotics and autonomous systems
1421,Cosmology
1427,Robotics
1424,Crystallography
1430,Differential geometry
1431,Number theory
1423,Complex analysis
1420,Group membership communication complexity
1429,Nuclear physics
1425,Deep reinforcement learning for quadrotor control.
1415,Cryptocurrency market analysis
1428,Graph theory
1432,Condensed matter physics
1434,Finance
1435,Condensed matter physics
1433,Superconductivity
1436,Quantum electronics and laser physics
1443,Theoretical physics
1438,Knowledge representation and decision support.
1440,Cosmology
1445,Nuclear physics
1442,Road traffic dynamics
1444,Combinatorics
1447,Mathematical analysis
1452,Condensed matter physics
1437,Theoretical physics
1439,Theoretical particle physics
1450,Photonic crystals
1446,Algebraic number theory
1449,Astronomy instrumentation
1453,Computational RNA energy landscape analysis
1456,Quantum physics
1455,Natural Language Processing
1448,Astronomy
1451,Black hole physics
1441,Optical telescope wavefront estimation
1454,Rare event simulation techniques
1457,Pulmonary radiology
1458,Cognitive science
1463,Radio pulsar astronomy
1460,Wireless communication systems
1459,Theoretical physics
1462,Bayesian 3D imaging reconstruction
1465,Mathematical Logic
1464,Computational fluid dynamics
1461,Physics and mathematics of orbital mechanics
1467,American Sign Language translation
1471,Power systems engineering
1468,Formal language theory and graph theory
1472,Conservation laws
1466,Quantum optics
1469,Statistical physics of phase transitions
1470,Stellar astrophysics
1473,Theoretical Physics
1476,Bacterial motility kinetics
1474,Cross-database micro-expression recognition
1478,Extragalactic astronomy
1475,Functional analysis
1477,Gamma-ray burst astronomy
1482,Machine Learning Music Generation
1479,Chemogenomics and link mining for compound-protein interaction prediction.
1480,Computer Science
1484,Particle physics
1487,Theoretical physics
1483,Geometry of quadratic differentials
1481,Neutrino physics
1488,Demography
1485,Teichmüller theory
1486,Random matrix theory
1492,Machine Learning
1491,Signal processing
1490,High-energy physics
1489,Statistical mechanics
1493,Spectral theory
1498,Theoretical physics
1495,Quantum magnetism and the magnetocaloric effect.
1496,Algebraic topology
1497,Cosmology
1494,Representation theory
1499,Electric power networks
1502,Combinatorics
1501,Commutative algebra
1500,Chemical physics of water models.
1503,Particle physics
1510,Superconductivity
1508,Theoretical physics
1505,Deep learning architecture
1507,Algebraic Geometry
1504,Image-based Virtual Try-On
1511,Algebraic group theory
1512,Condensed matter physics
1514,Condensed matter physics
1509,Dynamical systems
1516,Fluid dynamics
1506,Optical ghost imaging
1513,Gravitational wave physics
1518,Network science
1522,Gamma-ray burst astronomy
1519,Knowledge Distillation
1523,Software clone detection
1515,Nonlinear optics and photonics
1520,Magnetism of rare-earth intermetallic compounds
1521,Nuclear physics
1525,Linguistics
1526,Condensed matter physics
1524,Autonomous driving computer vision
1517,Statistical physics of first-order phase transitions
1531,Celestial mechanics
1532,Representation theory
1528,Mathematical Physics
1529,Financial mathematics
1534,Fluid dynamics
1533,Mechanics of buckling phenomena.
1538,Theoretical physics
1535,Harmonic analysis
1536,Reinforcement learning
1527,Computer Science
1530,Theoretical physics
1539,Cross-media retrieval
1537,Quantal many-body physics
1553,Skin cancer classification
1542,Astrophysics
1545,Machine learning
1546,Theoretical physics
1547,Graph theory
1550,Quantum mechanics
1543,Causal inference and biostatistics.
1551,Quantum physics
1544,Nonlinear partial differential equations
1541,Theoretical Physics and Cosmology
1552,Silicon quantum dot physics
1549,Quantum physics
1548,Plasma-surface interactions in nuclear fusion.
1540,Superfluid and superconducting physics
1564,Experimental design
1560,Condensed matter physics
1554,Computer vision
1558,Political Science
1555,Machine Learning
1557,Stochastic differential equations
1565,Quantum transport physics
1559,Remote sensing change detection
1566,Electrical engineering
1556,Theoretical physics
1562,Radon mass exhalation rate measurements.
1567,Differential geometry
1563,Astrophysics
1561,Parallel Random Forest algorithm for Big Data.
1568,Nuclear physics
1571,Probability theory
1569,Bayesian statistics
1575,Optical physics
1576,Condensed matter physics
1577,Quantum photonics
1574,Particle physics
1573,Signal processing
1579,Optical coherence tomography
1582,Visual Speech Recognition
1583,Two-dimensional materials science
1578,Network timing analysis.
1572,Probability theory
1584,Multi-agent underwater robotics
1570,Stellar astrophysics
1581,Cell biology
1580,Transportation engineering
1585,High energy physics
1586,Macroeconomics
1591,Quantum optics
1590,Autonomous driving using deep reinforcement learning.
1588,Statistical mechanics of random matrices
1595,Algebraic knot theory
1594,Quantum physics
1587,Mathematical physics
1597,Information theory
1599,Nuclear physics
1592,Astrophysics
1598,Quantum information theory
1596,Electrical engineering control systems
1593,Astrophysics and nuclear physics.
1589,Deep Reinforcement Learning for Combinatorial Optimization
1600,Theoretical particle physics
1602,Mathematical history
1606,Nuclear physics
1613,String theory
1603,Mathematics
1607,Galactic dynamics
1614,Medical image segmentation
1605,Atomic physics
1608,Computational pathology
1604,Quantum optics
1611,Queueing theory
1612,Theoretical physics
1610,Extragalactic astronomy
1601,Mathematical analysis of non-local operators
1609,Solar physics data analysis
1616,Astrophysics and particle physics.
1618,Condensed matter physics
1622,Geometry
1621,Extragalactic astronomy
1625,Mathematical physics
1628,Financial risk modeling
1617,Quantum physics
1619,High energy physics
1620,Applied Physics
1627,Physics
1626,Algebraic geometry
1631,Several complex variables and algebraic geometry
1623,Geometric function theory
1633,System identification
1636,Machine Learning
1630,Theoretical particle physics
1637,Stellar astrophysics
1634,Operator theory
1638,Remote sensing of burn scars
1635,Theoretical physics
1639,Educational data mining
1641,Optics
1640,Combinatorics
1644,Condensed matter physics
1642,Software engineering.
1647,Quantum cryptography
1649,Astronomy
1645,Extragalactic astronomy
1646,Astronomy
1643,Statistics
1650,Political science
1648,Materials science
1651,Computer Vision
1653,Quantum computing
1655,Cosmology
1652,Machine learning clustering algorithms
1654,Topological photonics
1656,Theoretical physics
1659,Neuroscience
1657,Climate science
1658,Quantum physics
1661,Econometrics
1660,Differential geometry
1662,Astronomy
1664,Condensed matter physics
1665,Analytic number theory
1663,Autonomous robotics and deep reinforcement learning.
1669,Theoretical physics
1671,Nuclear astrophysics and many-body physics
1670,Algebraic geometry
1666,Computer science data structures
1667,Cosmic ray physics
1668,Linear algebra library interface design
1672,Theoretical Cosmology
1673,Multi-objective pathfinding optimization
1675,Computer networking
1676,Astronomy and exoplanet science
1677,Quantum mechanics
1682,Quantum computing
1681,Spectral image compression
1678,Quantum computing
1683,X-ray astronomy
1684,Algebraic geometry
1679,Cosmology and theoretical physics
1685,General relativity
1680,Quantile regression prediction in econometrics.
1686,Particle physics
1692,Robotic surgery instrument segmentation
1687,Mathematical physics
1689,Molecular spectroscopy
1694,Astrophysics
1674,Quarkonium production in proton-nucleus collisions
1691,Natural Language Processing
1690,Partial differential equations
1695,Optics and metamaterials
1698,Quantum field theory
1702,Algebraic geometry
1703,Partial differential equations
1700,Experimental axion dark matter physics
1688,Applied mathematics
1696,Telecommunications
1697,Magnetohydrodynamic turbulence
1693,Quantum physics of spins in diamond defects
1699,Quantum chaos in dielectric resonators
1701,Speech processing
1705,Graph theory
1704,Space science
1710,Game theory
1711,Data security
1707,Beam physics
1709,Computer vision and aerial tracking
1713,Algebraic geometry
1706,Theoretical physics
1712,Differential geometry
1716,Condensed matter physics
1714,Particle physics
1708,Computational mechanics of carbon nanotubes
1719,Computer Vision
1615,Theoretical Physics
1629,Quantum mechanics
1624,Neutron physics
1632,Nonlinear wave dynamics in mathematical physics
1718,Nuclear physics
1717,Anomaly detection
1715,Condensed matter physics
1721,Condensed matter physics
1722,Astrophysics
1720,Fuzzy clustering analysis
1725,Chaotic systems dynamics
1723,Image processing
1724,Finite group theory
1728,Computational complexity of argumentation problems
1726,Astronomy
1732,Stochastic partial differential equations
1731,Matrix algebra
1729,Quantum information science
1730,Group theory
1737,Polymer physics
1738,Theoretical cosmology and gravitational physics
1739,Biophysics
1733,Pharmaceutical manufacturing and supply chain management.
1734,Algebraic geometry
1735,Computational materials science
1736,Machine Learning
1727,Electrostatics and soft matter physics
1741,Differential geometry
1740,Plasma physics
1745,Power systems engineering
1742,Deep Learning-based Image Captioning
1750,Granular physics
1743,Cosmology
1753,Superconducting quantum physics
1744,Legal cartography
1747,Relativistic heavy ion physics
1749,Theoretical particle physics
1754,Nonlinear optics and atomic physics
1746,Mechanical engineering
1748,Astrophysics
1751,Energy systems
1755,Theoretical physics
1752,Optical fringe pattern filtering
1757,Differential equations
1756,Quantum physics
1758,Semiconductor nanowire photoluminescence study
1760,Differential geometry
1762,Condensed matter physics
1766,Nuclear physics
1769,High-energy particle physics
1770,Semiconductor physics
1761,Algebraic geometry
1764,Cybersecurity threat situation awareness
1763,Lattice quantum chromodynamics
1759,Two-dimensional spin-orbit coupled Bose-Einstein condensates
1767,Extragalactic radio astrophysics
1772,Cybersecurity
1773,Theoretical physics
1765,Silicon photomultiplier technology
1774,Cosmology
1781,Particle physics
1777,Mathematical analysis
1775,Millimetre and submillimetre cosmology
1784,Gravitational physics
1782,Geometric topology
1780,Computer networking
1779,Ocean waves amplification in straits
1785,Algebraic combinatorics
1778,Experimental particle physics
1786,Stochastic Bilevel Optimization
1789,Quantum physics
1790,Superconductivity
1791,High energy physics
1783,Celestial mechanics and dynamical astronomy
1787,Computer chess
1793,Machine learning in dermatology
1788,Nuclear physics
1792,Statistical ecology
1794,Statistics
1795,Information Theory
1796,Quantum chromodynamics
1800,Deep learning privacy
1801,Neural Dialogue Generation
1798,Nuclear physics
1802,Computational complexity theory
1804,Quantum physics
1799,Cosmology
1805,Particle physics
1797,Computer networking
1806,Statistical mechanics and computational materials science.
1808,Liouville quantum gravity
1807,Algebra
1809,Gamma-ray astronomy
1810,Computer science
1816,Natural disaster management
1814,Materials science
1813,Computational geometry
1812,X-ray astronomy
1817,Astronomy and Astrophysics
1815,Scientometrics
1776,Condensed matter physics
1768,Scientometrics
1803,Cosmology and dark energy
1819,Mathematics
1771,Astrophysics and particle detection technology
1811,High energy physics
1820,Gamma-ray physics
1822,Medical image registration
1818,High-energy physics
1826,Astrophysics
1825,Natural Language Processing
1824,Statistical forecasting
1821,Quantum computing
1827,Biophysics
1832,Electrochemical corrosion science
1828,Quantum information theory
1835,Astronomy
1829,Astronomical instrumentation
1823,Linguistics
1836,Algebraic combinatorics
1833,Euclidean distance matrices and completely positive factorizations.
1840,Quantum physics
1831,Physics
1830,Computational fluid dynamics
1837,Astrophysics
1834,Riemannian geometry
1838,Biochemical kinetics
1841,Theoretical physics
1839,Graph algorithms
1847,Particle physics
1845,Statistical mechanics
1842,Network science
1848,Condensed matter physics
1844,Ergodic theory of continued fractions
1851,Low-dimensional topology.
1849,Theoretical physics and mathematical gauge theory
1850,Quantum physics
1854,Internet of Things and Multi-Sensor Fusion
1857,Natural Language Processing
1846,Statistical physics of diffusion
1843,Flood zones detection
1852,Infinite-dimensional differential geometry and Lie theory
1855,Deep neural network compression
1856,Quantum computing
1853,High-energy physics
1861,Brillouin laser physics
1860,Planetary system dynamics
1858,Theoretical physics
1862,Quantum mechanics and special relativity.
1865,Quantum physics
1869,Stochastic partial differential equations
1859,Thermodynamics and spacetime topology
1867,Experimental particle physics
1863,Bilevel optimization
1864,Particle physics
1870,High-energy astrophysics
1868,Theoretical physics
1872,Computer science
1873,Solar hydrodynamics
1871,High-energy physics
1874,Algebraic geometry
1866,Theoretical particle physics
1877,Wireless network power control
1878,Uncertainty quantification
1879,Artificial Intelligence
1875,Deep neural network interpretability
1882,Metric geometry
1883,Hidden Markov Models
1876,Nuclear physics
1881,Experimental particle physics
1880,Condensed matter physics
1886,Theoretical Physics
1889,Astrophysics
1892,Atomic spectroscopy in solid rare gases
1884,Particle physics
1885,Supramolecular chemistry
1890,Physics of freezing colloidal suspensions
1888,Inverse conductivity problem for a parabolic equation
1894,Applied mathematics
1896,Nuclear physics
1887,Harmonic Analysis
1895,Experimental particle physics
1891,Causal inference and statistical methodology
1899,Differential Privacy
1893,Quantum physics
1900,Artificial Intelligence
1902,Fluid dynamics
1897,Large scale multi-objective optimization
1901,Density functional theory
1898,Algebraic number theory
1905,Theoretical physics
1903,Theoretical condensed matter physics
1907,Computer vision and computational neuroscience
1906,Software Engineering
1908,Black hole astrophysics
1904,Finsler geometry
1910,Photodissociation dynamics
1911,Particle physics
1914,Quantum electrodynamics
1909,Geological soil characterization using electromagnetic methods.
1916,Natural Language Processing
1917,High-energy nuclear physics
1912,Extragalactic astronomy and star formation.
1919,Computer vision
1915,Energy efficiency in residential buildings
1918,Compressed sensing and sparse recovery
1913,Atomic physics
1928,Quantum optics
1920,Numerical methods for partial differential equations
1925,Nuclear physics
1929,Exoplanet atmospheric physics
1926,Physics
1927,Astrophysics
1924,Computational linguistics
1923,Particle physics software development
1922,Nonlinear dynamics and statistical mechanics
1931,Condensed matter physics
1930,Quantum physics
1933,Buddhist philosophy
1921,Number theory
1932,Astronomy
1936,Quantum group representation theory
1934,Phase field equations
1935,Particle physics
1937,Combinatorics
1939,Quantum physics
1941,Particle accelerator control
1940,Quantum information theory
1944,Particle physics
1943,Geospatial semantic segmentation
1947,Solar physics
1938,Polynomial-like iterative equations
1942,Operator algebras
1946,Quantum mechanics
1945,Quantum chaos
1953,Sound event classification
1957,Computer security
1949,Power system cybersecurity
1954,Nuclear physics
1952,Natural Language Processing
1956,Cosmology
1955,Quantum statistical mechanics
1958,Nuclear physics
1959,High-dimensional statistical inference
1951,Particle physics
1950,High-energy physics
1960,Analytic number theory
1972,Topological insulators
1965,Planetary science
1967,Low-dimensional topology
1971,Neuroscience
1970,Linear algebra
1973,Fluid dynamics
1962,Cancer genomics
1964,Condensed matter physics
1966,Biostatistics and epidemiology.
1968,Nonlinear dynamics
1963,Magnetic resonance imaging reconstruction
1948,Top quark mass measurement
1961,Condensed matter physics
1969,Semiconductor nanowire superconductivity
1976,Theoretical physics and cosmology
1977,Active Galactic Nuclei
1982,Granular physics
1985,Differential geometry
1980,Condensed matter physics
1979,Atmospheric science
1987,Information theory
1974,Noncommutative geometry
1983,Quantum Cosmology
1981,Cancer immunotherapy mathematical modeling
1975,Algebraic geometry
1984,Condensed matter physics
1978,Stellar astrophysics
1986,Theoretical physics
1988,Functional time series analysis
1990,Financial market simulation
1996,Facial expression recognition
1992,Cosmology instrumentation
1997,Nuclear physics
1989,Computer vision
1999,Theoretical particle physics
1991,Mesoscopic semiconductor physics
1998,Abelian group theory
1994,Photovoltaics and solar panel recycling.
2000,Combinatorics and graph theory
1995,Theoretical particle physics
2001,Quantum computation
1993,Classical chaos physics
2003,Operational Risk Management
2004,Hot holographic quantum chromodynamics
2005,Quantum many-body physics
2007,Fluid dynamics
2006,Visual odometry
2012,Astrophysics
2009,Theoretical physics
2008,Mathematical epidemiology
2014,Mathematics
2010,Epidemiology
2002,Condensed matter physics
2015,Mathematical physics
2016,Algebraic number theory
2011,Materials science
2013,Solar physics
2019,Hydrodynamics in small systems
2018,Statistical mechanics
2020,Condensed matter physics
2024,Optimization
2017,Post-disaster communication networks
2027,Energy management in communication networks
2022,Economic modeling of advertising strategies in oligopolies.
2026,Quasilinear elliptic equations
2029,Group theory
2028,Surface science
2030,Geometric group theory
2021,Granular physics
2023,History of astronomy
2025,Differential equations with state-dependent delay
2031,Physics of fluid dynamics
2032,Quantum computing
2035,Astrophysics
2038,Materials science
2037,Random matrix theory
2040,Neuroscience
2039,Fluid dynamics
2036,Particle physics
2033,Machine learning fairness
2034,Theoretical high-energy physics
2041,Physics
2046,Linear algebra
2044,Algebra
2048,Numerical analysis
2047,Particle physics
2045,Algebraic geometry
2043,High-energy astrophysics
2042,Operations Research
2052,Plasma physics
2053,Nonlinear mathematical modeling of natural shapes.
2050,Image restoration and reconstruction
2049,Physics
2055,Materials science for photovoltaics
2058,Artificial Intelligence
2062,Cosmology
2054,Quantum physics
2051,Noncommutative geometry
2057,Vision-and-Language Navigation
2065,Quantum physics
2056,Molecular electronics
2063,Venusian atmospheric science
2061,Complex geometry
2067,Quantum phase transitions in optical lattices
2060,Geometry
2064,Sustainable business model innovation
2059,High energy physics
2069,Particle physics
2073,Integrated photonics
2074,XML Signature security in cloud computing
2075,High-school economics education
2071,Quantum mechanics of molecular rotation
2072,Theoretical physics
2066,Probability theory
2076,Number theory
2068,Computer science.
2077,Biochemistry
2070,Theoretical physics
2080,Cryptography
2079,Meteorology
2081,Theoretical particle physics
2078,Innovation and collective idea development
2088,ECG signal processing
2082,Computer Vision
2087,Quantum physics
2085,Magnetism on rough surfaces of transition metals.
2083,Silicon photonics
2084,Condensed matter physics
2090,Biomedical natural language processing
2086,General Relativity and Cosmology
2089,Physical cosmology
2091,Algebraic topology
2092,Interstellar boron abundance
2095,RNA biophysics
2093,Microfluidic colloid hydrodynamics
2094,Crude oil futures price forecasting
2098,Particle physics
2099,Digital circuit design
2101,Cognitive neuroscience
2096,Astrophysics and particle physics
2104,Medical imaging
2105,Theoretical physics
2100,Condensed matter physics
2102,Probability and statistics
2097,Patent analytics in the Internet of Things.
2108,High-energy particle physics
2107,Atomic physics
2103,Quantum physics of electric current
2109,Optimal Transport Theory
2106,Cosmology
2112,Quantum optics
2113,Theoretical physics
2119,High-energy nuclear physics
2116,Cosmology and gravitational theories
2111,Quantum entanglement in critical spin chains
2110,Particle physics
2114,Statistical physics and nonlinear dynamics
2121,Quantum magnetism and phase transitions
2120,Cosmology and astrophysics
2118,Wireless cooperative communication for automation
2123,Computer Science
2126,Quantum optics
2124,Soft matter physics
2115,Particle physics
2122,Bose-Einstein condensate dynamics in optical lattices
2129,Computer Vision
2117,Number theory
2127,Electrochemistry
2132,Quantum physics
2125,Quantum chromodynamics
2128,Astrophysics
2130,Non-equilibrium statistical physics
2139,Exoplanet science
2138,Materials science
2135,Algebraic geometry and representation theory
2134,Interstellar cometary astronomy
2133,Quantum optics
2131,Speech signal processing
2140,Generative Adversarial Networks
2142,Materials science
2145,Machine Learning
2141,Astrophysics
2143,Digital image forensics
2146,Lattice quantum chromodynamics
2149,Quantum mechanics of rigid bodies
2147,Astrophysics
2152,Computer Science
2151,Computational complexity theory
2156,Robotics
2148,General relativity
2150,Theoretical nuclear physics
2154,Cosmology and dark energy research
2157,Astrophysics
2155,Natural Language Processing
2153,Computational algebra
2158,Machine learning classification
2161,Surface reaction kinetics
2163,Statistical physics and condensed matter physics
2160,Plasma physics
2159,Condensed matter physics
2162,Astrophysics
2168,Theoretical physics
2169,High-dimensional sparse regression.
2164,Nanoplasmonics in fractal media
2137,Nonlinear dynamics and synchronization
2136,Computer science and signal processing
2165,Algebraic geometry
2167,Uplift modeling for marketing promotions
2171,Extragalactic astronomy
2173,Condensed matter physics
2170,Nonlinear optics in dielectric media
2166,Optical holography and deep learning
2176,Mathematics
2174,Condensed matter physics
2175,Astrophysics
2179,Theoretical particle physics
2182,Probability theory and spatial statistics
2177,Operator algebras
2172,Computer Vision
2178,Geometric group theory
2144,Quantum mechanics and mathematical computability
2185,Probability theory
2183,Quantum physics
2181,Cosmology
2184,Astronomy
2180,Solar physics
2186,Space robotics
2188,Mathematical analysis of functions on integer lattices.
2197,Machine Learning
2198,Polymer physics
2192,Astrophysics
2190,Astroseismology
2189,Machine learning
2194,Artificial Intelligence
2196,Computational neuroscience
2193,Natural Language Processing
2187,Spectral graph theory
2191,Biomedical imaging
2195,Topology
2206,Quantum spin chains
2202,IoT Blockchain Security
2207,Differential geometry
2203,Graph theory
2211,Federated learning and privacy-preserving machine learning
2200,High-energy theoretical physics
2201,Astrophysics
2199,Astrophysics
2209,Quantum simulation in condensed matter physics
2205,Quantum cryptography
2210,Astrophysical magnetohydrodynamics
2204,Natural Language Processing
2212,Nuclear physics
2208,Biomechanical simulation
2213,Five-dimensional supergravity
2215,Particle physics
2219,Astronomy and astrophysics
2214,Optical physics
2217,Quantum optics
2221,Numerical analysis
2224,Quantum Chromodynamics Sum Rules
2226,Planetary science
2220,Astrophysics
2223,Differential geometry
2216,Quantum optics
2225,Network science
2218,Mathematical Iwasawa theory
2222,Condensed matter physics
2227,Graph theory and optimal transport
2234,Particle physics detector research
2237,Multilingual Natural Language Understanding
2236,Fluid dynamics
2228,Mathematics
2235,Bayesian statistics
2238,Computer science programming languages
2231,Algebraic geometry
2229,Algebraic number theory
2239,Extrasolar planetary dynamics
2233,Seismic response analysis of free-standing rocking columns.
2230,Lattice quantum field theory
2232,Nonlinear dynamics and time-delayed oscillators
2240,Computer Vision
2242,LiDAR-camera calibration
2241,Collaborative filtering
2244,Nonlinear Schrödinger equation
2247,Online retailing in Saudi Arabia
2243,Inelastic X-ray scattering spectroscopy
2251,Astrophysics
2245,Graph colouring algorithm research
2252,Numerical computation in 2D domains.
2249,Geometric analysis
2253,Symplectic geometry
2254,Wind power resource modeling
2257,Exoplanet science
2255,High-energy astrophysics
2259,Cosmology
2258,Particle physics
2248,3-manifold topology
2250,Quantum magnetism and spin liquids
2260,Evolution algebras
2256,Interstellar turbulence astrophysics
2261,Multivariate time series analysis
2246,Maximally monotone linear relations in functional analysis.
2264,Software Engineering
2263,Magnetohydrodynamics and turbulence physics
2265,Condensed matter physics
2268,Stochastic prediction
2276,Atomic spectroscopy
2271,Mobile IP networking
2274,Nuclear physics
2262,Artificial Intelligence
2266,Nuclear physics
2269,Atomic physics
2272,Astrophysics
2273,Machine learning feature selection
2275,Nuclear physics
2267,Extragalactic astronomy
2270,Dark energy cosmology
2279,Representation theory
2278,Fourier analysis
2277,Artificial intelligence
2280,Quantum optics
2284,Cold fermion superfluids
2283,Extragalactic astronomy
2288,Fluid dynamics
2293,Computational X-ray spectroscopy
2291,Computer science and operations research.
2287,Algebra
2281,Theoretical particle physics
2290,Atomic physics
2292,Quantum physics
2282,State-space realization of vector autoregressive models.
2294,COVID-19 detection
2286,Relativistic plasma physics
2285,Statistical physics and computational methods
2289,Computer science
2295,Convex optimization
2296,Mathematics
2297,Combinatorial multi-armed bandits
2303,Theoretical physics
2302,Lattice gauge theory
2298,Particle physics
2301,Stellar astrophysics
2299,Heterotic string theory compactifications
2305,Complex geometry
2309,Artificial intelligence
2304,Statistical physics of transport phenomena
2300,Algebraic geometry
2306,Cosmology and astrophysics
2310,Theoretical Physics
2311,Atomic physics
2308,Applied mathematics
2307,Neutrino physics
2312,Astronomy
2317,Internet topology modeling
2315,Electrostatics
2324,Quantum physics
2321,Solar physics
2314,Control theory
2313,Photon counting X-ray imaging
2316,Survival analysis in statistics.
2325,High-energy nuclear physics
2320,Combinatorics
2323,Statistical physics
2318,Fog computing over passive optical networks
2322,Crystallography
2319,Computational plasma physics simulation
2326,Materials science
2329,Condensed matter physics
2327,Cosmology
2333,Markov Chain Monte Carlo
2330,High-energy physics
2328,High-energy physics
2332,Condensed matter physics
2331,Video Captioning
2339,Quantum physics
2340,Plasma physics
2334,Astrophysics
2335,Particle physics
2337,Thermodynamic modeling for materials design
2338,Quantum mechanics
2336,Computational materials science
2341,Convex geometry
2345,Elasticity interface problems
2349,Probability theory
2352,Astrophysics
2343,Quantum physics
2353,Geometry
2342,Quantum physics
2355,Computer Vision
2351,Number theory
2346,Dark matter halo astrophysics
2347,Algebraic geometry
2350,Cosmology and particle physics
2344,Quantum algebra
2348,Probability theory
2354,Quantum physics
2356,Distributed computing
2365,Algebraic topology
2360,Analytic Number Theory
2367,High-energy particle physics
2359,Fluid dynamics
2369,Algebraic geometry
2364,Mathematical frame theory
2358,Planetary science
2366,Materials science
2361,Condensed matter physics
2357,Large deviations in time series analysis
2370,Condensed matter physics
2368,Extremal graph theory
2362,Financial economics
2363,Computer vision
2384,Graph theory
2380,DNA repair mechanisms
2377,Condensed matter physics
2379,Deep learning
2376,Machine Learning
2373,Differential privacy
2374,Theoretical physics
2372,Particle physics
2381,Gamma ray detection
2371,Partial differential equations
2378,Astrophysics and radiative transfer
2382,Causal inference in statistics
2383,Raman spectroscopy of graphene nanoribbons.
2375,Statistical physics and soft matter science.
2385,Engineering design
2386,Natural Language Processing
2392,Soft matter physics
2387,Two-dimensional semiconductor optics
2396,Ultracold atomic physics
2390,Privacy-preserving deep neural networks
2395,Extragalactic astronomy
2391,Mathematical chemistry
2398,Number theory
2394,Particle physics
2389,Condensed matter physics
2397,Numerical analysis
2399,Planetary nebulae astrophysics
2393,Number theory
2401,Astrophysics
2400,Gravitational wave astrophysics
2388,Quantum many-body physics
2403,Counterfactual generation on tabular data
2402,Strong interactions in particle physics
2407,Computer vision and image processing
2404,Cosmology
2405,Condensed matter physics
2410,Solar chromospheric physics
2406,Constraint Logic Programming
2408,Materials science
2409,Earth Observation and Building Damage Mapping
2411,Polymer physics
2417,Computational materials science
2412,Astrophysics
2413,Particle physics
2420,Computational statistics
2415,Particle physics
2421,Statistical classification
2416,Nonlinear dynamics and chaos
2418,Computational Neuroscience
2414,Power system transient stability simulation
2419,High-energy physics
2424,Computer Science
2422,Quantum optics
2423,Representation theory of quantum affine algebras
2425,Quasi-stellar objects and the intergalactic medium.
2427,Ion cancer therapy accelerator physics
2428,Computability theory and algorithmic randomness
2426,Condensed matter physics
2434,Computer vision
2429,Condensed matter physics
2436,Statistical physics and computational chemistry
2437,Adaptive control
2431,Superconducting quantum optics
2433,Theoretical high-energy physics
2430,Quantum Information Theory
2441,Text to image generation
2435,Information and Communication Technology sustainability
2432,Polymer physics
2440,Molecular biology
2444,General relativity
2438,Computer vision
2439,Condensed matter physics
2442,Optical properties of semiconductors
2443,Condensed matter physics
2446,Metric graph theory
2447,Number theory
2456,Computational fluid dynamics
2451,Stochastic dynamical systems
2453,Wireless communications
2450,Sentiment analysis in political science
2454,Mathematical group theory
2452,Statistical physics of phase transitions
2458,Theoretical physics
2448,Robotic surgery performance evaluation
2445,Mathematical analysis of partial differential equations
2449,Nuclear physics
2459,Quantum information science
2457,Knot theory
2455,Nonlinear oscillator dynamics
2461,Electrostatics and computational physics
2464,Power Electronics
2463,Computer Vision Semantic Segmentation
2466,Stellar astrophysics
2468,Stellar astrophysics
2462,Astrophysics
2469,Signal Processing
2467,Algebraic Geometry
2471,Representation theory
2465,Fisheries and Aquaculture Decision Support Systems
2460,Neural network accelerator hardware design.
2473,Cosmic ray physics
2474,Computer Vision
2479,Particle Physics
2470,Astrophysics
2476,Black hole physics
2475,Differential geometry
2477,Online convex optimization
2472,Representation theory
2483,Astrophysics
2481,Software cost estimation
2484,Programming language theory
2478,Wireless networking performance analysis
2485,Software testing
2482,Computer networking
2480,Quantum machine learning
2486,Statistical mechanics of Hamiltonian dynamical systems
2488,Theoretical physics
2490,Nuclear physics
2492,Nuclear physics
2487,Network Science
2489,Computational Linguistics
2493,Astrophysics
2495,Software Engineering
2494,Astrophysics
2491,Programming languages and formal verification
2501,Fundamental constants and Planck scale physics
2499,Quantum physics
2496,Riemannian geometry
2505,High-energy nuclear physics
2500,Numerical analysis
2507,Astrophysics
2502,Astrophysics
2503,Computer Vision
2509,Quantum physics
2498,Theoretical physics
2506,Quantum Chromodynamics
2504,Quantum optics
2508,Wireless communications
2497,Topolectrical circuit physics
2511,Evolutionary population synthesis of simple stellar populations.
2510,Flash memory reliability and lifetime optimization.
2512,Combinatorial design theory
2514,Planetary science
2518,Computer Vision
2517,Theoretical physics and gravitational cosmology
2516,High energy physics
2515,Statistical mechanics of the anisotropic XY model
2519,Planetary science
2513,Probabilistic graphical models
2520,Wind turbine control engineering
2522,Wireless communications
2521,Algebraic topology
2524,Carbon nanotube physics
2525,Gamma-ray burst astrophysics
2527,Cosmology and gravitational physics
2523,Quantum computing
2530,Quantum information science
2529,Stellar astrophysics
2526,Customer-to-customer suggestion mining
2531,Cosmology
2538,Planetary science
2532,Stellar astrophysics
2540,Theoretical physics
2533,High energy physics
2534,Kähler geometry
2535,Statistical physics
2528,Functional analysis in Banach spaces
2537,Colloidal clay suspension gelation.
2539,Physics
2546,Probability theory
2542,Quantum information theory
2548,Mathematical physics
2544,Gaussian process modeling in state-space representation
2551,Computational geometry
2549,Agent-based modeling
2547,Theoretical physics
2545,Particle physics
2552,Nonlinear Schrödinger equation
2553,Low-dimensional topology
2550,Magnetism
2541,Stochastic partial differential equations
2543,Cosmological scalar-tensor theory
2536,Control theory of linear hyperbolic systems
2554,Galactic chemical evolution
2555,Spatial cognition.
2558,Electron microscopy image analysis
2557,Riemannian geometry
2560,General relativity
2559,Condensed matter physics
2556,Statistical regression analysis
2566,Graph theory
2564,Holomorphic dynamics
2563,Quasar astrophysics
2565,Particle track reconstruction
2561,Extragalactic astronomy
2567,Quantum and classical computing
2562,Click-through rate prediction
2569,Neutrino physics
2568,Particle physics
2570,Gravitational wave astrophysics
2576,Combinatorics
2571,Theoretical physics
2580,Astronomy
2572,Theoretical physics
2579,Random matrix theory
2574,Theoretical physics
2575,3D reconstruction from images
2577,Optimal Power Flow in power systems
2573,Astronomy
2581,Computer Science
2586,Quantum physics
2578,Theoretical computer science
2584,Astrophysics and plasma physics
2582,Optics in a constant gravitational field
2583,Condensed matter physics
2588,Condensed matter physics
2585,Condensed matter physics
2589,Mathematical linguistics
2591,Quantum physics of low-density helium gas adsorption.
2590,Materials science
2593,Cosmology
2587,Quantum turbulence
2592,Quantum physics
2594,Particle physics
2596,Biological physics of polymer transport
2602,Voice conversion
2600,Bacterial biophysics
2603,Artificial Intelligence
2607,Astronomy and astrophysics
2598,Quantum entanglement physics
2599,Semi-supervised deep learning for medical imaging
2601,Biophysics
2606,Algebra
2595,Materials science
2597,Theoretical particle physics
2608,International trade economics
2605,Physics
2604,Graph theory
2610,Magnetic properties of thin films
2611,Condensed matter physics
2619,General relativity and quantum field theory
2614,Differential geometry
2612,Astrophysics
2609,Computational fluid dynamics
2617,Theoretical physics
2620,Materials science image analysis
2613,Electrical engineering
2616,Number theory
2615,Planar photonic microcavity physics
2621,Theoretical particle physics
2623,Computer vision and intelligent transportation systems.
2622,Combinatorial design theory
2618,Quantum field theory
2629,Astrophysics
2624,Condensed matter physics
2626,Algebra
2634,Theoretical physics
2632,Computational algebraic number theory
2630,Statistical physics
2628,Astronomy
2636,Mathematical modeling of tumor growth
2631,Noncommutative spacetime electromagnetic theory
2625,Nonlinear Schrödinger equation analysis
2637,Number theory
2635,Lattice Quantum Chromodynamics
2638,Quantum chromodynamics
2640,Nuclear physics
2642,Deep learning privacy
2639,Algebraic number theory
2633,Radar signal processing
2627,Finite group theory
2643,Semiconducting nanomaterials physics
2649,Extragalactic astronomy
2648,Probability theory
2647,Atomic physics
2644,Algebraic geometry
2645,Algebraic geometry
2646,Theoretical particle physics
2650,Nonequilibrium statistical physics
2641,Spintronics
2654,High-energy physics
2652,Machine learning model interpretation
2651,Extragalactic Astronomy
2656,Astrophysics
2653,High-energy physics
2660,Linear oscillator dynamics
2655,Biomedical engineering and physiological control systems.
2661,Network science
2658,Physics-informed machine learning for multiphase flow.
2667,Protein structure
2664,Mathematics
2663,Particle physics
2657,Gravity research
2659,Condensed matter physics
2662,Particle physics
2668,Theoretical physics
2665,Condensed matter physics
2673,Complex hyperbolic geometry
2677,Infrared spectroscopy of comets
2671,Numerical linear algebra
2676,Structural engineering
2675,Thermoelectric performance of graphene nanoribbons
2672,Algebraic topology
2670,Cosmology
2669,X-ray astronomy
2666,Particle physics
2674,Theoretical condensed matter physics
2678,Monge-Ampère type equations
2680,Control systems theory
2683,Computational geometry
2681,Quantum chaos physics
2682,Electromagnetic field behavior in guided wave structures
2688,Statistical genetics
2687,Photoelectron angular distributions in molecular physics
2686,Inverse scattering problem
2691,Software Engineering
2685,Cellular Automata
2684,Topology
2679,Cosmology
2689,Conversational Search
2690,Protein flexibility
2692,Quantum physics
2693,Mathematical logic
2694,Strange nuclear physics
2697,Astrophysics and cosmic ray physics
2696,High energy particle physics
2701,Quantum electrodynamics
2703,Algebraic topology
2704,Condensed matter physics
2695,Group theory
2706,Astrophysics
2702,Network science and stochastic processes
2707,Non-Abelian gauge theory
2699,Space plasma physics
2698,Computer science and artificial reality
2700,Political science
2709,Statistical physics of disordered systems
2708,Solar physics data compression
2705,Algebraic geometry
2710,Condensed matter physics
2712,Quantum information theory
2711,Aviation operations research
2714,Quantum physics with trapped ions
2717,Quark-gluon plasma physics
2715,Condensed matter physics
2722,Kaon physics
2718,Combinatorics
2720,Econometrics
2713,Physics
2726,Probability theory
2719,Astrophysics
2716,Theoretical physics
2723,Computer Vision
2724,Scientometrics
2727,Algebraic geometry
2725,Thermostatistics
2721,Stochastic wave equations
2731,Reputation evaluation in information networks
2730,Condensed matter physics
2729,Physics
2728,X-ray astronomy
2734,Lattice quantum chromodynamics and random matrix theory
2732,Scientific computing
2735,Quantum optics
2733,Chemical graph theory
2740,Graph theory
2739,Quantum physics
2737,Lie algebras of vector fields
2738,Extragalactic astronomy
2741,Stochastic differential equations
2742,Commutative algebra and algebraic geometry
2745,Extragalactic astronomy
2743,Gravitational physics
2744,Menstrual cycle research
2736,Extragalactic astrophysics
2747,Chemistry and machine learning
2751,Theoretical physics
2746,Theoretical high-energy physics
2748,Condensed matter physics
2749,Theoretical particle physics
2752,Algebraic geometry
2750,String Field Theory
2756,Matrix computations
2753,Computational geometry
2758,Cosmology and particle physics
2757,Astronomy
2755,Astrophysics radiation transfer
2759,Stellar astrophysics
2754,Statistical computing and inference algorithms
2760,Group Theory
2768,Astrophysics
2761,Planetary science
2765,Reliability engineering and applied probability
2766,Algebraic combinatorics
2769,Ecology
2762,Quantum mechanics
2770,Algebra
2771,Particle physics
2767,Network science
2763,High energy physics
2764,Quantum physics
2772,Ferromagnetic nanowire domain wall dynamics
2773,Symplectic geometry and topology
2777,Solar physics
2776,Graph theory
2778,Graph theory
2781,Particle physics
2786,Astronomy
2783,Quantum physics
2775,Mathematical physics
2780,Condensed matter physics
2787,Quantum information theory
2774,Fluid dynamics and kinetic theory
2788,Sensitivity analysis
2789,Particle physics
2792,Financial portfolio optimization
2785,Infrared astronomy
2791,Video compression
2790,Computer vision
2784,Astrophysics and cosmology
2779,Statistical physics
2782,Nuclear physics
2793,Commutative algebra
2794,Approximation theory
2798,Quantum coherence in quantum information science
2796,Statistical machine learning
2801,Astrophysics
2799,Theoretical physics
2795,Nuclear physics
2803,Theoretical physics
2802,Astrophysics
2806,Quantum physics
2807,Combinatorics
2804,Planetary science
2805,Neural operators for partial differential equations
2812,Combinatorics and discrete mathematics
2809,Cosmology
2800,Quantum mechanics
2797,Theoretical physics
2810,Condensed matter physics
2819,High-energy physics
2814,Natural Language Processing
2815,Artificial Intelligence
2813,Algebraic Geometry
2811,Lattice quantum chromodynamics
2818,Numerical analysis
2808,Many-body quantum physics
2817,Condensed matter physics
2816,Computational methods in dynamical systems
2821,Condensed matter physics
2824,Algebraic geometry
2820,Robotics
2823,Heavy fermion physics.
2822,Quantum field theory
2825,Quantum physics
2826,Multivariate Brownian motion probability theory
2831,Topology
2828,Relativistic hydrodynamics
2832,Theoretical physics
2834,Robust optimization
2827,Radio pulsar astronomy
2829,DNA electrophoresis
2833,Assistive technology for the visually impaired.
2835,Stellar astrophysics
2840,Algebraic geometry
2830,Condensed matter physics
2836,Software testing
2839,Theoretical physics
2841,Modified gravity theory
2837,Natural language processing
2844,Natural Language Processing
2838,Astrophysics
2847,Computational semiconductor physics
2845,Numerical analysis of interpolation on tetrahedrons.
2850,Control systems
2851,Complex geometry
2842,Theoretical physics
2843,Hard X-ray polarimetry
2846,Mathematical physics and lattice theory
2854,Statistical hypothesis testing
2848,Electro-hydrodynamics
2858,Low rank matrix approximations
2856,Cosmology
2857,Complex analysis
2865,Nonlinear dynamics and signal processing
2853,Unconventional superconductivity
2861,Theoretical physics
2849,Optical imaging and visualization techniques.
2859,Mean field control theory
2855,Cosmology
2860,Quantum magnetism
2852,Deep learning for lung carcinoma diagnosis
2862,Astrophysics
2863,Physics
2864,Bitcoin price returns analysis.
2874,Digital communications
2866,Particle physics
2873,Galaxy formation
2867,Software Testing
2868,Number theory
2871,Theoretical physics
2875,Mathematical analysis
2869,Dark energy research
2872,High-energy physics
2878,Computational physics
2879,Quantum control theory
2870,Inflationary cosmology
2876,Control systems engineering
2877,Quantum simulation and classical network emulation
2885,Differential geometry
2882,4-manifold topology
2888,Theoretical physics
2883,Two-dimensional driven-dissipative condensates
2887,Quantum computing programming languages
2889,Mathematical analysis of metric graphs
2892,Islamic logic
2886,Physiological condition monitoring
2893,Superconductivity in layered materials
2884,Machine learning for parking availability prediction
2881,Operator algebras
2891,Semiconductor physics
2890,Mathematics
2880,Neutron star superfluid physics
2896,Electrical transmission network modeling
2895,Astrophysics
2899,Relational Representation Learning
2894,Stellar astrophysics
2898,Dynamical systems
2897,Superfluid helium dynamics
2900,Particle physics
2905,Gamma-ray burst cosmology
2902,Quantum chaos
2903,Robotics
2906,Nanophotonics
2901,Lattice gauge theory
2910,Theoretical particle physics
2907,Quantum integrable models
2913,Fluid dynamics
2909,Machine Learning
2914,Quantum physics
2908,Loop quantum gravity
2911,Materials Science
2904,Computational neuroscience
2912,Galactic evolution and stellar nucleosynthesis
2927,Hydrodynamic theory of supersolids
2916,Plasma physics
2915,Control theory
2917,Time series forecasting
2920,Theoretical Computer Science
2918,Computer Science and Financial Engineering
2924,Wireless Sensor Networks
2919,Signal processing
2923,Computer science
2922,Algebraic geometry
2926,Condensed matter physics
2925,Algebraic geometry
2921,Constraint Logic Programming
2932,Radiative heat transfer
2934,Quantum statistical mechanics
2938,Optics and geometric physics
2931,Theoretical condensed matter physics
2929,Astronomy and astrophysics
2933,Epidemiological modeling
2936,Nuclear physics
2928,Representation theory of the infinite symmetric group
2937,Mathematics
2935,Condensed matter physics
2930,Graph theory
2939,Statistics
2941,Theoretical high-energy physics
2940,Quantum affine algebras and combinatorics
2949,Geophysics
2942,Nuclear physics
2944,Algebraic geometry
2945,Materials science
2947,Differential geometry
2955,Condensed matter physics
2954,Graph theory
2952,Mathematical analysis
2946,GPU kernel optimization
2951,Indoor localization using permanent magnets and artificial intelligence.
2950,Astronomy
2948,Exoplanet detection and dynamics
2953,Astrophysics
2943,Theoretical particle physics
2958,Low-dimensional topology
2960,Number theory
2959,Machine learning
2956,Condensed matter physics
2963,Computational chemistry
2966,Probability theory
2957,Spreadsheet research
2962,Quantum computing in distributed systems
2965,Mathematical analysis
2967,Theoretical physics
2964,Density-functional theory for polymers
2969,Graph theory
2961,Adaptive optics for extremely large telescopes
2970,Quantum optics
2972,Condensed matter physics
2968,Condensed matter physics
2971,Astrophysics
2973,Thermodynamics
2981,Programming languages and distributed systems
2976,Optical physics
2980,Particle physics
2979,Astrophysics
2978,Magnetic memory
2982,Kernel density estimation for directional-linear data
2974,Magnetization dynamics of magnetic nanoparticles
2985,Extragalactic astronomy
2987,Geometric group theory
2975,Optical physics
2983,Computer Vision
2986,Applications of 3D and 4D printing in dentistry.
2977,Uncertainty quantification
2984,Condensed matter physics
2988,Gamma-ray astronomy
2989,Knot theory
2990,X-ray astronomy
2993,Chinese dialect evolution
2999,Mathematical ecology
2991,Optical solitons and physics-informed neural networks
2992,Origin of homochirality in molecular systems
2994,Linear algebra
3000,Random matrix theory
2996,Quantum computation
2995,General relativity
3002,Sign Language Recognition
2998,Higher Education in Physics
3003,Condensed matter physics
3001,Silicon microcrystal surface physics
3011,Superconducting spintronics
3015,Mathematical physics
3007,Condensed matter physics
3006,Computer science
3005,Machine learning robustness
3013,Stochastic neuronal network dynamics
3004,Particle physics
2997,Nuclear physics
3010,Mathematical analysis of Schrödinger operators
3014,Machine Learning
3012,Network science
3016,Materials science
3008,Nonlinear differential equations
3009,Condensed matter physics
3024,Functional analysis
3021,Electrical energy consumption in buildings
3019,Condensed matter physics
3017,Astronomy and astrophysics
3025,Algebraic geometry
3020,Dark matter detection
3026,High-energy particle physics
3018,Physical oceanography
3022,Quantum optics and quantum information science
3030,Statistical estimation in finite mixture models
3023,Extragalactic X-ray astronomy
3028,Music Information Retrieval
3027,Change-point analysis in time series statistics
3032,Nuclear physics
3029,Multi-sensor multi-object filtering
3031,Superconductivity
3033,Meson production in nuclear physics
3034,Condensed matter physics
3040,Quantum gravity and theoretical physics
3035,Semiconductor physics
3044,Particle physics phenomenology
3036,Quantum physics
3041,Graphical modeling of high-dimensional precision matrices
3037,Quantum physics
3045,Convex geometry
3047,High-energy nuclear physics
3048,High-temperature superconductivity
3043,Seasonal rainfall forecasting
3038,Astronomy
3046,Applied Superconductivity
3039,Nanophotonics
3049,Software Engineering
3042,Laser-produced liquid plasma physics
3050,Extragalactic astrophysics
3054,Cosmology in modified gravity
3051,General Topology
3052,Neuroscience and machine learning.
3053,Evolutionary computation
3055,Particle accelerator physics
3062,Riemannian geometry
3058,Wireless communications
3063,Chemical physics
3059,Financial risk management
3060,Theoretical physics
3061,Nuclear physics
3056,Random matrix theory
3057,Description Logics
3069,High-dimensional regression analysis
3067,Statistical mechanics of self-gravitating systems
3065,Ballistic resistance of shear thickening fluids
3071,Nuclear physics
3068,Natural Language Processing
3072,Probability theory
3073,Artificial Intelligence Ethics
3064,Cosmology
3066,Scheduling on parallel machines
3070,Quantum physics
3079,Mathematical analysis
3077,Cosmology
3074,Solar physics
3075,Physics education research
3076,Theoretical physics
3080,Quantum error correction
3081,Bayesian matrix and tensor completion
3082,Deep learning hashing
3078,Quantum optics and high-energy physics.
3087,Physics
3086,Astrophysics
3083,Cosmology
3088,Numerical analysis
3085,Quantum Physics
3084,Cryptography and information theory
3090,Offline Reinforcement Learning
3095,Artificial Intelligence
3089,Astroparticle physics
3092,Computational materials science
3094,Cosmology
3093,Object detection
3100,Theoretical physics
3091,Astrophysics
3096,Stellar astronomy
3101,Network analysis and visualization psychology
3099,Semiconductor microcavity physics
3097,Nuclear physics
3098,Operations Management
3102,Theoretical physics
3104,Astrophysics
3108,Mathematical physics
3112,Differential geometry
3109,Metric fixed point theory
3103,Geometry of numbers
3106,Astrophysics
3115,Galaxy formation and evolution
3111,Manufacturing process optimization
3110,Mathematical physics
3107,Quantum physics
3105,Particle physics
3113,Finsler geometry
3114,Quantum field theory
3116,Fractional differential equations
3118,Thermal engineering
3120,Number theory
3117,Adipose tissue development biology
3119,Machine learning in video games.
3121,Natural Language Processing
3124,Machine learning
3125,Quantum many-body physics
3122,Black hole astrophysics
3123,Algebraic topology
3126,Cosmology and particle physics
3127,Fairness in deep learning
3132,Astrophysics
3133,Particle physics
3131,Multilingual Natural Language Processing
3130,Quantum physics
3139,Algebraic geometry
3128,Statistics and machine learning
3129,Graphene physics
3135,Algebraic topology
3137,Boolean constraint satisfaction problems
3136,Fluid-structure interaction
3140,Computational neuroscience
3134,Machine learning adversarial robustness
3138,Theoretical particle physics
3141,Random matrix theory
3142,Algebraic geometry
3152,Combinatorial geometry
3144,Complex analysis
3150,Convex regression
3153,Materials science for solar cells
3143,Biomedical literature analysis
3147,Silicon optomechanics for atomic force microscopy
3156,Physics
3154,Molecular physics
3145,Fluid dynamics
3151,Survival analysis
3146,Lie algebras
3148,Explainable Artificial Intelligence
3160,Quantum cryptography
3161,Algebraic geometry
3159,Semiconductor physics
3158,Particle physics
3149,Mathematical subject area of algebra.
3157,Probability theory
3162,Neutrino physics
3163,Partial differential equations
3171,Condensed matter physics
3168,Algebraic geometry
3165,Mathematical group cohomology
3170,Materials science
3166,Algebraic geometry and representation theory
3169,Nuclear physics
3172,Computational neuroscience
3173,Algebraic geometry
3167,Condensed matter physics
3164,Matrix analysis
3175,Nonparametric regression change point detection
3174,Partial differential equations
3176,Physics
3186,Architectural history and cultural evolution
3181,Quantum physics
3177,Computer vision
3183,Statistical physics of complex systems
3179,Staggered Chiral Perturbation Theory
3180,Sub-Riemannian geometry in the Heisenberg group
3189,Differential geometry
3182,Artificial Intelligence
3178,X-ray astronomy
3187,Probability theory
3188,Computer science
3184,Mathematics
3185,Quantum physics
3202,Internet of Things data provenance
3190,Dynamical systems theory
3195,Quantum physics
3198,Cosmology
3191,Condensed matter physics
3193,Wireless Sensor Networks
3196,Graph theory
3192,Quantum many-body physics
3197,Atmospheric science
3199,Nuclear physics and astrophysics
3200,Number theory
3201,Infrared fiber optics
3155,Condensed matter physics
3194,Mathematical analysis
3204,Topology
3214,Number theory
3213,Group Theory
3208,Network science
3203,High energy physics
3207,Silicon-based quantum physics
3211,Nonlinear control systems
3215,Particle physics
3216,Astrophysics
3206,Quantum physics
3210,Condensed matter physics
3205,Quantum chaos in double well oscillators
3212,Solar physics
3209,Hyperbolic harmonic mappings in Hardy space
3219,Spectral geometry
3217,Machine learning and geostatistics.
3224,Particle physics
3221,Quantum computing
3229,Condensed matter physics
3222,Condensed matter physics
3225,Probability theory
3226,High-energy particle physics
3228,Science
3220,Nonlinear optics in two-dimensional materials
3227,Mathematical physics
3230,Mathematics
3223,Theoretical physics and cosmology
3218,Computer networking
3233,Biomedical image segmentation
3238,Theoretical particle physics
3235,Low-dimensional topology
3231,Condensed matter physics
3232,Condensed matter physics
3241,Topological data analysis
3234,Quantum Monte Carlo methods for spin systems
3240,High-energy particle physics
3237,High-energy particle physics
3239,Convex regularization in numerical analysis
3243,Quantum physics
3236,Cosmic Microwave Background astronomy
3244,Theoretical physics
3242,Deep learning for social media user trustworthiness.
3245,High-energy astrophysics
3253,Statistical physics and machine learning
3255,Acoustic signal processing in urban environments
3248,Quantum mechanics
3246,Quantum information theory
3252,Electromagnetic neuroimaging
3254,RFID security
3251,Condensed matter physics
3256,Handwritten document recognition
3249,Turbulence physics
3250,Condensed matter physics
3247,Condensed matter physics
3258,History of physics
3257,Algebraic combinatorics
3261,String field theory
3260,Algebraic geometry
3262,Algebraic geometry
3259,Graphical models in statistics
3266,Quantum information theory
3269,Nuclear physics
3271,Reinforcement learning control of networked systems
3268,Differential geometry
3267,High-energy particle physics
3263,Heavy-flavor production in proton-proton collisions
3272,Mathematical physics
3264,Category theory
3265,Dermatologic melanoma diagnosis
3274,Quantum mechanics
3270,Numerical analysis of convection-diffusion equations
3273,Astronomy and astrophysics
3281,Engineering graph theory
3283,Nuclear physics
3277,Nuclear fuel materials science
3279,Civil engineering
3280,Quantum physics
3276,Computational chemistry
3286,Geometric measure theory
3285,Commutative algebra
3275,Wireless networking
3288,Graph theory and algorithms
3278,Electrostatics of randomly charged surfaces
3282,Quantum foundations
3284,Computer science
3291,Combinatorics
3294,Nuclear physics
3296,X-ray astronomy
3295,Physics
3300,Robotics
3301,Algebraic number theory
3292,Cosmology
3293,Statistical physics of driven systems
3298,Statistical physics of the two-dimensional Ising model
3289,Mathematics
3299,Operator algebras
3290,Random matrix theory
3302,Deep learning model compression
3304,Quantum electrodynamics
3312,Quantum mechanics
3308,Quantum physics of superparamagnetic systems
3311,Dynamic fracture mechanics
3309,High Energy Physics
3305,Extragalactic astrophysics
3307,Circumbinary planetary dynamics
3310,Financial mathematics
3313,High-energy physics
3314,Fiber laser physics
3306,Particle physics
3303,Quantum physics of bosonic helium clusters
3287,Astrophysics
3316,Representation theory
3297,UAV localization in GPS-denied environments
3321,Quantum physics
3320,High-energy physics
3324,Facial expression recognition
3322,Information theory
3325,Physical cosmology
3315,Human-Computer Interaction
3318,Functional analysis
3326,Particle physics
3317,Algebraic combinatorics
3327,Robotics
3319,Calculus of variations.
3323,Random matrix theory and network science
3329,Dark matter physics
3328,Statistical mechanics
3331,Quantum many-body physics
3330,Cosmology and black hole thermodynamics
3334,Computational geometry
3333,Algebraic geometry
3340,Spintronics
3342,Computer vision
3335,Differential geometry
3337,Gravitational lensing in astrophysics
3341,Wireless communication systems
3339,Parameterized complexity theory
3336,Deep learning for medical image segmentation
3345,Algebra
3338,Unsupervised deep learning optimization
3344,Computer network security
3332,Computational chemistry
3346,Diffusive molecular communications
3347,Combinatorial matrix theory
3353,Graph partitioning
3350,Biophysics
3348,Robotics cooperative path planning
3352,Computer Science
3351,Quantum physics
3349,Sub-Lorentzian geometry
3343,Quantum mechanics and quantum information science.
3354,Gamma-ray burst astrophysics
3356,High-energy particle physics
3359,Numerical solution of elliptic partial differential equations
3355,High energy physics
3363,Higher representation theory
3367,Polymer physics
3357,Superconducting physics
3358,Two-dimensional quantum gravity
3360,Nanophotonics
3362,Mathematical analysis of integral inequalities
3364,Theoretical physics
3361,Quantum chromodynamics
3371,Computer vision
3370,Magnetohydrodynamics
3375,Cosmology
3374,Quantitative finance
3379,Computer security
3372,"Atomic, molecular, and optical physics"
3373,Cosmology
3369,Astrophysics
3366,Information theoretic clustering
3365,Dynamical systems
3378,Graph theory
3377,Statistical mechanics
3376,Quantum physics
3368,Mathematical group theory
3380,Statistical physics of nanosystems
3382,Probability theory
3381,Atomic physics
3388,Differential Geometry
3386,Particle physics
3383,Suspension rheology
3389,X-ray astronomy of active galactic nuclei
3384,Exoplanet science
3385,Geometry
3392,Statistical physics of black hole states
3390,Operator theory
3393,Architectural style learning using conditional GANs.
3391,Optical physics
3396,Algebraic number theory
3398,Nuclear physics
3394,Wireless Sensor Networks
3387,Fluid dynamics
3397,Mobile ad hoc network routing protocols
3401,"High-energy physics, specifically gauge/gravity duality."
3395,Phase field systems
3399,High-energy physics
3400,Arithmetic geometry
3403,General relativity
3405,Mobile Edge Computing
3412,Condensed matter physics
3408,Applied mathematics
3409,Computer science
3414,Condensed matter physics
3406,Theoretical physics
3411,Nuclear physics
3410,High-energy nuclear physics
3415,Theoretical Physics
3407,Social media research
3404,Spintronics
3402,Low-dimensional topology
3413,Person re-identification
3416,Quantum physics
3417,Theoretical particle physics
3418,Nuclear physics
3429,Statistical physics
3422,Logspace algorithms for planar directed acyclic graphs
3428,Statistical machine learning
3425,Gravitational lensing simulations
3423,Mathematical analysis of fluid dynamics
3427,Semiconductor physics
3420,Mathematics
3426,Human-computer interaction
3431,Algebraic geometry
3432,High-energy nuclear physics
3421,Theoretical physics
3419,Computational algebraic geometry
3424,Atomic and molecular physics
3430,Cosmology
3433,Quantum criticality and low-temperature thermodynamics.
3438,Galactic astronomy
3434,Theoretical physics
3436,Algebraic geometry and mathematical physics
3445,Microfluidic networks
3444,Algebra
3443,Extragalactic astrophysics
3435,Nonlinear elliptic Schrödinger systems on Riemannian manifolds
3440,Solar physics
3439,Scientific imaging
3447,Machine learning model performance monitoring
3437,Robotics navigation systems
3442,Parabolic partial differential equations
3441,Blockchain and Internet of Things performance and scalability.
3446,Polymer photodegradation physics
3448,Stellar astrophysics
3449,Physics
3451,Number theory
3454,Algebraic number theory
3450,Speech emotion recognition
3453,Medical imaging
3460,3D mesh reconstruction
3459,Astrophysics
3456,Condensed matter physics
3452,Combinatorics of polytopes
3458,Physical chemistry of electrolyte solutions
3457,Atomic physics
3461,Quantum chemistry and computational physics
3462,Algebraic number theory
3464,Verified generic programming
3463,Cosmology
3466,Medical image analysis
3469,Quantum mechanics
3467,Medical Imaging
3455,Agricultural science
3471,Functional data analysis
3470,Quark-gluon plasma physics
3473,Wireless communications
3472,High-energy nuclear physics
3465,Dynamical systems theory
3468,Applied mathematics
3476,Knowledge graph embeddings
3474,Natural Language Processing
3475,Mathematical finance
3482,Dynamical systems
3483,Nuclear physics
3486,Wireless Communications
3478,Algebraic geometry
3477,High-dimensional probability theory
3481,Computer vision
3480,Functional data analysis
3485,Statistical mechanics of hard spheres
3484,Microbial ecology
3487,Political Science
3489,Topology
3479,Mathematical analysis of function spaces and operators.
3488,Cryptocurrency mining security
3493,Planetary science
3492,Artificial Intelligence
3490,Cosmology and gravitational wave astrophysics
3495,Data publication and preservation frameworks
3491,Solar physics and neutrino astrophysics
3501,Chemical graph theory
3499,Online community management
3496,Differential geometry
3498,Algebraic geometry
3494,Multivariate statistics
3497,Contextual bandits
3500,Cosmology
3502,Theoretical physics
3503,Complex analysis in several variables
3504,Grassmannian cluster categories
3510,Speech synthesis
3506,Statistical physics
3507,Interfacial superconductivity
3508,Harmonic analysis on the Euclidean motion group
3514,Mobile application security
3513,Graph theory
3511,Astrophysics
3512,Stellar magnetism and rotation
3518,Quantum chaos physics
3517,Plasmonics
3516,Cosmology
3515,General Relativity
3509,Biological systematics
3520,Complex geometry
3521,Algebra
3528,Nonlinear analysis and optimization
3523,Algebra
3526,Astrophysics
3519,Quantum chaos
3529,Theoretical physics
3527,Condensed matter physics
3531,Condensed matter physics
3525,Astrophysics
3524,Theoretical physics
3530,Quantum computing simulation
3532,Condensed matter physics
3533,Computer vision
3537,Astrophysics
3539,Multiferroicity in condensed matter physics
3534,Graph theory and combinatorics
3536,Graph theory
3540,Probability theory
3538,Theoretical physics
3542,Principal Component Analysis
3535,Operator algebras
3522,Information theory
3505,Formal language theory
3544,Representation theory of Lie groups
3547,Computational materials science
3543,Cosmology
3541,Group theory
3550,Geometric mechanics and mathematical physics
3545,Quantum physics of one-dimensional anyonic fluids
3549,Probability theory
3548,Statistical physics
3546,3D point cloud recognition
3552,Cosmology
3551,Astronomy and astrophysics
3556,Wireless communications
3561,Fuzzy Decision Support Systems
3559,Statistics
3557,Stream Reasoning
3553,Astrophysics
3555,Inelastic X-ray scattering spectroscopy
3562,Theoretical physics
3560,Theoretical physics
3564,Natural language processing
3566,Dynamical systems
3563,Exploration geophysics
3569,Cosmology
3570,Theoretical nuclear physics
3567,Cosmic ray physics
3565,Theoretical Physics
3575,High energy physics
3573,Concurrent software verification
3568,Physics of granular materials
3577,Planetary science
3578,High-energy nuclear physics
3574,Neutrino physics
3572,Nonlinear control systems design
3581,Fluid dynamics
3579,Galactic astronomy
3580,Spin relaxation in multi-valley nanostructures
3571,Celestial mechanics
3576,Geometric group theory
3582,Computer science
3558,Speech Representation Learning
3586,Statistics
3584,Astrophysics
3583,Nuclear physics
3554,General-relativistic resistive magnetohydrodynamics
3588,Differential geometry
3585,Quantum physics
3587,Nuclear fusion
3591,Condensed matter physics
3589,String theory
3594,Machine learning model compression
3592,Random graph theory
3601,Nonlinear dynamics and discrete solitons
3595,Algebraic geometry
3598,Cosmology
3597,Differential geometry
3602,Time series analysis
3593,Mathematical Physics and Number Theory
3590,Virtual knot theory
3599,Wireless communications
3600,Theoretical physics
3596,Particle physics
3603,Artificial Intelligence
3604,Astronomy data management
3610,Algebraic geometry
3605,Theoretical particle physics and cosmology
3607,Astrophysics
3612,Number theory
3613,Medical research forecasting
3608,Neuroscience
3609,Computer vision
3614,Quantum logic
3616,Deep reinforcement learning for model-based control.
3617,Rock mechanics and frictional sliding instabilities.
3606,Computer science and operations research.
3619,Mathematical physics
3611,Differential geometry
3618,High energy physics
3615,Condensed matter physics
3621,Condensed matter physics
3623,Nuclear physics
3620,Particle physics detector instrumentation
3627,Computational fluid dynamics
3625,Astrophysics
3624,Algebraic geometry
3629,Robot-assisted surgical systems
3628,Computer science
3631,Gravitational physics
3622,Thermodynamics
3626,Astrophysics
3630,Complex analysis
3639,Fluid dynamics
3640,Materials Science
3633,Nonlinear optics and photonics
3632,General Relativity
3637,Acoustics
3636,Mathematics
3641,Statistical physics
3638,Computer vision
3643,Computer Graphics and Animation
3647,Radio Astronomy
3635,Medical image analysis
3642,Computational materials science
3634,Wireless communications
3644,Nucleon spin-dependent structure function physics.
3648,Nonsmooth optimization
3645,Astrophysics
3649,Stellar polarimetry of early-type binary stars
3646,Nanomechanics and optomechanics
3651,Complex hyperbolic geometry
3650,Polyelectrolyte adsorption at charged surfaces
3658,Algebraic number theory
3659,Computational neuroscience
3654,Power system modeling
3657,Nuclear reactions and particle interactions with matter
3655,Particle physics
3656,High-energy particle physics
3652,Quantum electrodynamics
3653,Non-equilibrium quantum physics
3662,Atomic physics
3665,Multivariable operator theory
3663,Finance
3660,Quantum mechanics
3661,Computer science coding theory
3664,Wireless communications
3667,Stellar astrophysics
3669,Condensed matter physics
3671,Computational neuroscience and biomedical mesh generation.
3672,Discrete event systems and automata theory.
3666,Probability theory
3673,Condensed matter physics
3677,Symplectic integrators for integrable Hamiltonian systems
3674,Quantum optics and statistical physics
3679,Condensed matter physics
3668,Fluid dynamics
3670,Astrophysics
3676,Theoretical particle physics
3681,Computational neuroscience
3678,Dielectric material science
3675,Astronomy and climate science
3686,Algebraic topology
3685,Graph theory
3687,X-ray astrophysics
3683,Pulmonary nodule detection
3684,Extragalactic astronomy
3688,Spatial data warehousing
3680,Quantum information theory
3682,Mathematical analysis of hybrid evolution equations
3689,Astronomy
3690,Quantum groups in classical and noncommutative geometry
3691,Legendrian knot theory
3692,Algebraic geometry
3694,Computational neuroscience
3696,Reinforcement learning in wireless networks
3698,Computational materials science
3695,Condensed matter physics
3697,Statistical physics of friction
3700,Microbial fuel cell technology
3699,Quantum physics
3701,Particle physics
3702,Theoretical physics
3704,Natural Language Processing
3712,Probability theory
3711,Wireless spectrum sensing
3707,Nuclear physics
3706,Algebraic geometry
3705,Nonlinear wave equations
3709,Cosmic ray transport in magnetosphere and heliosphere.
3708,Nuclear physics
3703,Complex sampling designs
3710,Condensed matter physics
3713,Discrete Exterior Calculus
3693,Plant photosynthesis research
3715,Probability theory in Banach spaces
3716,Electrical engineering
3714,Hamiltonian systems stability
3722,Topological String Theory
3717,Gaussian graphical models
3725,Linear algebra
3719,Climate policy
3727,Condensed matter physics
3723,Optimization
3718,Machine learning
3726,Theoretical physics
3720,Theoretical particle physics
3724,Plasma physics
3728,Particle physics
3721,Wireless cellular network analysis
3730,Algebraic geometry
3731,Cosmic-ray physics
3734,Far ultraviolet spectral imaging of ionized gas
3732,Condensed matter physics
3735,Theoretical physics
3737,Information theory
3740,Biophysics
3736,Blind deconvolution via nonconvex optimization
3739,Geometric analysis
3729,Numerical analysis
3738,Machine learning.
3749,Artificial Intelligence
3752,Particle physics
3747,Forest ecology
3744,Quantum information theory
3745,Theoretical physics
3750,Astronomy
3746,Particle physics
3733,Evolutionary biology
3751,Compositional data analysis
3741,Computational physics
3742,Astrophysics
3753,Astrophysics
3743,Materials science
3748,Dynamical systems theory
3754,Theoretical condensed matter physics
3761,Computational materials science
3755,Computational mathematics
3760,Statistical learning in e-commerce
3756,Condensed matter physics
3757,Astronomy and astrophysics
3762,Partial differential equations
3766,Quantum information science
3764,Second-order linear differential equations
3763,Mathematical physics
3765,Computer architecture
3758,Finite vector spaces
3759,Condensed matter physics
3767,Gamma-ray burst astrophysics
3769,Astrophysics
3768,Many-body quantum physics
3771,Electricity market economics
3781,Mathematical physics
3782,Photonic-based adjoint optimization
3772,Nuclear physics
3774,Noncommutative algebra
3783,Algebraic geometry
3773,Differential geometry
3779,Differential equations
3775,Algebraic combinatorics and representation theory
3778,Symplectic geometry and mathematical physics
3776,Theoretical particle physics
3780,Organic plasmonics
3770,Radio astronomy
3777,Theoretical particle physics
3785,Evolutionary wavelet spectra estimation
3790,Cosmology
3787,Diffusive Optical Tomography
3789,Quantum cryptography
3786,Planetary formation
3791,Theoretical particle physics
3793,Log anomaly detection
3784,Collaborative filtering
3797,Federated Learning
3788,Space physics
3795,Cosmology and particle physics
3796,Solid state physics
3792,Commutative algebra
3800,Theoretical physics
3798,Music Information Retrieval
3801,Mathematical analysis of the Schrödinger equation
3794,Mathematical biology and pattern formation
3805,Electrical engineering
3807,Functional analysis
3804,Particle physics
3810,Conformal geometry
3802,Astrophysics
3799,Speech recognition
3809,Biostatistics
3803,Decision theory and mathematical economics
3808,Non-equilibrium statistical mechanics
3806,Wireless communications
3813,Astronomy and astrophysics
3817,Quantics
3815,Computational finance and variance reduction methods.
3818,Condensed matter physics
3821,Mathematical analysis
3814,Noncommutative function theory
3820,Type theory and mathematical logic
3811,Plasmonics and semiconductor metasurfaces.
3822,Mobile multimedia streaming techniques
3819,Statistical mechanics of self-gravitating systems
3812,Condensed matter physics
3823,Stellar astrophysics
3816,Extragalactic distance measurement
3826,Fluid dynamics
3824,Wireless communications
3830,Artificial intelligence
3825,Combinatorics
3829,Mathematical analysis
3827,Astrophysics and computational hydrodynamics
3835,Nanophotonics
3834,Mathematics
3836,Fog computing task scheduling
3837,Stochastic processes
3831,Astrophysical plasma physics
3839,Differential geometry
3833,Astronomy
3841,Molecular Communications
3840,Mathematical Physics
3842,Condensed matter physics
3844,Combinatorics
3843,Condensed matter physics
3846,Star formation and protoplanetary disc dynamics.
3838,Algebraic topology
3847,Nuclear physics
3845,Geometric group theory
3828,Game Theory
3851,Astrophysics
3832,Astrophysics
3854,Graph theory
3850,Natural Language Processing
3852,Condensed matter physics
3853,Infinite-dimensional Lie algebra theory
3855,Lie algebra representation theory
3859,Algebraic geometry
3861,Quantum physics
3862,Theoretical physics
3856,Physical cosmology
3858,Functional analysis
3857,Stellar spectroscopy and chemical abundances
3848,Magnetohydrodynamics
3849,Condensed matter physics
3864,Nanoscopic magnetism in doped cobalt oxides
3863,Plasma physics and turbulence theory
3865,Explainable Artificial Intelligence
3866,Astroparticle physics
3860,Nuclear physics
3868,Particle physics
3867,Electrical engineering
3874,Quantum field theory
3869,Signal processing and object recognition
3872,Fluid dynamics
3873,Theoretical physics
3877,Orthogonal polynomials
3875,Binary matroid theory
3880,Wireless communications
3878,Nonlinear optics in photonic crystals
3876,Population genetics
3870,Astrophysics
3871,Cosmology
3879,Quantum chromodynamics
3886,String theory
3882,Gender inequity in STEM education
3894,Astrochemistry
3883,Astronomy
3888,Gravitational-wave astrophysics
3893,General relativity and gravitational physics
3885,Condensed matter physics
3881,Magnetism in semiconductor materials
3887,Quantum tensor models
3891,Experimental particle physics
3884,Graph theory
3890,Quantum transport physics
3892,Robotic manipulator control
3889,Particle physics
3896,Nuclear physics
3898,Statistical physics
3897,Stellar astrophysics
3901,Probability theory
3904,Solar physics
3895,Machine learning bandit algorithms
3900,Two-dimensional Walsh-Fourier series analysis
3902,Particle physics
3905,Graph theory
3906,Particle physics geometry
3908,Deep neural network pruning
3903,Computational biology
3899,Human-computer interaction privacy
3907,Radio frequency modeling and simulation
3910,Condensed matter physics
3912,High Energy Physics
3909,Extragalactic astronomy
3911,Condensed matter physics
3915,Chromatin biophysics
3917,Computer vision and machine learning.
3921,Numerical analysis
3918,General Relativity and Cosmology
3914,Particle physics spectroscopy
3913,Mathematical physics
3923,Mathematical physics
3916,Fluid dynamics
3919,Soft matter physics
3924,Solar physics
3925,Quantum optics and polariton physics
3922,Astrophysics
3931,Condensed matter physics
3920,Condensed matter physics
3926,Particle physics
3929,Graph theory
3928,Computer networking congestion control
3933,Condensed matter physics
3935,String theory and mathematical landscape analysis.
3936,Sociology
3937,Computer Science
3934,Condensed matter physics
3930,Algebraic geometry
3927,Combinatorics and Graph Theory
3941,Theoretical condensed matter physics
3942,Robotics
3940,Group theory
3932,Spatial object recommendation
3944,Quantum information theory
3943,Astrophysics
3939,Positive polynomial analysis
3945,Astrophysics
3938,Algebraic number theory
3947,Electromagnetic fields
3951,Financial economics
3952,Astronomy and astrophysics
3950,Quantum physics
3946,Condensed matter physics
3949,Artificial intelligence
3953,Causal inference
3948,High-energy particle physics
3954,Dynamical systems
3962,Cosmology
3967,Stochastic optimal control of networks
3956,Bibliometrics
3964,Mathematical analysis on the Heisenberg group
3966,Optical imaging
3959,Algebraic geometry
3965,Computer Science
3960,Mathematical analysis
3961,Quantum probability theory
3963,Mathematical physics
3958,Linear algebra
3968,"Atomic, molecular, and optical physics"
3957,Statistics
3955,Quantum materials engineering
3976,Solar physics
3969,Algebraic geometry
3974,Condensed matter physics
3970,Statistical physics
3978,Dynamical systems
3972,Interstellar medium astrophysics
3980,Mathematical Physics
3975,Quantum magnetism in the two-dimensional Heisenberg model
3981,Condensed matter physics
3979,Algebraic and geometric combinatorics
3977,Extragalactic radio astronomy and cosmology
3971,Wireless communications and networking.
3983,Matroid theory
3982,Astrophysics
3987,Nuclear physics
3973,Wireless communications resource allocation
3988,Mathematics
3985,Mid-infrared phonon polaritons
3984,Linear algebra
3986,Applied superconductivity
3991,Stellar spectroscopy
3990,Materials science
3989,Sensor data analysis
3995,High-energy astrophysics
3993,Three-dimensional Ising spin glasses
3997,Semantic parsing
3999,Spin caloritronics
3996,Mathematics
4000,Wireless communications
3992,Quantum many-body physics
3998,Theoretical physics
4003,Cosmology
3994,General relativity
4004,Theoretical particle physics
4002,Nuclear physics
4005,Information theory and statistical likelihood maximization
4012,Planetary science
4008,Condensed matter physics
4006,Hierarchical Bayesian nonparametric models
4009,Theoretical physics
4001,Computer networking
4013,Representation theory of algebras
4011,Computer Vision
4010,Computer Vision
4015,Quantum mechanics
4007,Condensed matter physics
4014,Blockchain and cryptocurrency research
4016,Mathematical physics
4023,Discrete tomography
4018,Astronomy and planetary science
4017,Distributed computing
4019,Nonlinear fractional elliptic equations
4029,Natural Language Processing
4028,Control theory
4025,Astrophysics
4026,Theoretical physics
4024,Natural Language Processing
4022,Time series causality analysis
4021,Particle detector physics
4027,Physical chemistry
4030,Magnetic medical robotics
4020,Operator algebras
4031,Cosmology
4033,Theoretical physics
4039,Spintronics
4038,Stellar astrophysics
4034,Condensed matter physics
4032,Statistics
4040,Loop quantum gravity
4035,Theoretical particle physics
4041,Stellar astrophysics
4037,Particle Physics
4036,Quantum statistical mechanics
4042,Semiconductor quantum dot physics
4045,Machine Learning
4046,Thermodynamics of regular black holes
4047,Machine learning in chemical discovery
4048,Fluid dynamics
4044,Quantum information transfer
4043,Scientific subject area: Compressed sensing.
4050,Extragalactic astronomy
4054,Population genetics
4055,Condensed matter physics
4049,Theoretical physics
4058,Cavity optomechanics
4053,Scalar-torsion gravity
4061,Dynamical systems
4062,Materials science
4057,Extragalactic astronomy
4052,Mathematical analysis of gradient flows.
4051,Superconductivity in layered dichalcogenides
4064,Infrared astronomy
4056,Cosmology
4059,Atomic physics
4071,Quantum physics
4069,Representation theory of complex symplectic groups
4070,High energy physics
4065,Phylogenetic diversity
4066,Astrophysics
4067,Stellar evolution and mass loss.
4074,Natural Language Processing
4068,Federated learning
4073,Quantum physics
4072,Mathematical physics
4076,Combinatorics
4075,X-ray binary astronomy
4079,Remote sensing image processing
4077,Particle physics
4082,Intrusion detection systems
4078,Memristor-based memory architecture.
4083,Interstellar medium astrophysics
4087,Mathematical physics
4084,Differential geometry
4088,Statistical physics
4086,Discrete geometry
4089,Astrophysics
4080,Quantum mechanics
4093,Combinatorics
4081,Extragalactic Astronomy
4085,Stellar astrophysics
4094,Materials science
4092,Cosmology
4090,Quantum computing
4096,Traffic flow modeling
4091,Star formation rate calibrations in astrophysics
4098,Network science
4097,Astrophysics
4095,Combinatorial matrix theory
4063,Astrophysics
4105,Black hole thermodynamics
4060,Condensed matter physics
4099,Condensed matter physics
4104,Algebraic topology
4101,Cybersecurity
4103,Statistics
4106,Interstellar astrophysics
4108,e-Commerce product search
4109,Theoretical condensed matter physics
4110,Cosmic ray physics
4102,Statistics
4107,Software testing
4100,Facial pose normalization and emotion recognition
4111,Mathematical physics
4117,Formal methods in computer science
4116,Number theory
4112,Computer Science
4115,Image processing
4121,Computer Vision
4114,Soft matter physics
4113,Protein network biology
4119,Computer vision
4123,Wireless networking management
4124,Computer Vision
4120,Quantum physics
4122,Particle physics
4118,Gravitational physics
4132,Computational complexity
4134,Algebraic geometry
4133,Particle physics
4131,Two-dimensional quantum physics
4136,Relativistic hydrodynamics
4126,Machine Learning
4129,Nonlinear dynamics
4130,Convex geometry
4127,Probability theory
4135,Bayesian optimization
4125,Physics
4128,Machine learning
4138,Galaxy post-merger identification using convolutional neural networks
4137,Deep learning for gas turbine blade damage assessment
4139,Quantum physics
4141,General relativity and mathematical physics
4142,Quantum physics
4148,Structural analysis of Kirchhoff plates
4145,Classical mechanics
4150,Cosmology
4147,Probability theory
4152,Cryptography
4144,Algebra and representation theory
4153,Machine learning
4140,Astrophysics
4143,Astrophysics and particle physics
4146,Inorganic chemistry and materials science
4149,Infinite trigonometric products
4154,Condensed matter physics
4151,Quantum Information Theory
4155,General relativity
4156,Functional analysis
4159,Network science
4166,Natural Language Processing
4164,Condensed matter physics
4165,Astrophysics
4167,Combinatorics
4158,Applied Mathematics
4168,Nanophotonics
4163,Astrophysical magnetohydrodynamic turbulence
4161,Cryptography
4157,Ecological niche modeling
4162,Stellar astrophysics
4160,Computer vision
4169,Cryptography
4170,Partial differential equations
4175,Cosmology
4171,Mathematical fluid dynamics
4181,Cosmology
4179,Magnetic properties of superconducting materials
4183,Quantum physics of spinor condensates
4178,Computer science
4173,Tree skeleton segmentation
4176,Differential Geometry
4174,Computer Vision
4177,Astrophysics
4172,General relativity and astrophysics
4182,Machine Learning
4180,Combinatorial mathematics
4184,Experimental particle physics
4187,Applied mathematics
4191,Bosonic quantum field theory
4185,Discrete event systems
4193,Nuclear physics
4189,Transformation optics
4192,Quantum field theory
4190,Black hole physics
4195,Odd viscosity in active matter physics
4196,Non-equilibrium statistical mechanics
4188,Dark matter physics
4199,Theoretical particle physics
4186,Condensed matter physics
4197,Particle physics instrumentation
4194,Mathematical Physics
4200,Chemical physics of water
4201,Statistical mechanics of anharmonic oscillator chains
4203,Optical metasurfaces and nanophotonics
4205,Quantum field theory and topological physics
4202,Van der Waals interaction in condensed matter physics
4210,Physics
4207,Functional analysis
4211,Linear algebra
4208,Theoretical physics
4209,Semiconductor physics
4212,Differential geometry
4214,Geometric group theory
4198,Algebraic geometry
4213,Forward Brillouin interactions
4206,Software Engineering
4204,Non-abelian gauge field theory
4217,Pattern recognition and machine learning.
4219,Probability theory
4215,Network science
4216,Cognitive Neuroscience
4218,Quantum physics
4224,Coherent optical communications
4221,Condensed matter physics
4223,Optics
4220,Scholarly publishing and open access.
4225,Nuclear physics
4228,Mathematical physics
4229,Epidemiology and public health.
4226,Cosmology
4227,High-energy astrophysics
4235,Convex geometry
4222,Mathematical physics
4230,Operator theory in semi-Hilbertian spaces
4238,Representation theory
4232,Materials science
4237,Optics and materials science
4236,Nonlinear electrodynamics black hole physics
4234,Optimal control of information epidemics.
4231,Topological graph theory
4233,Quantum chromodynamics
4240,Astrophysics
4239,Civil infrastructure engineering
4242,Wireless communication engineering
4241,Plasma Physics
4246,Algebraic topology
4247,High-energy nuclear physics
4249,Symplectic geometry
4244,X-ray astronomy of galaxy clusters
4252,Relativistic fluid dynamics
4248,Theoretical Physics
4245,Chinese lexical analysis
4243,Meson photoproduction physics
4250,Artificial Intelligence
4253,Thermodynamics of metastable liquids
4256,High-energy physics
4251,Boolean network models
4257,Mean field game theory and control theory.
4255,Computational fluid dynamics
4254,Video streaming quality assessment
4262,Cosmology
4265,Particle physics
4263,Nanophysics and molecular spectroscopy
4269,p-adic Hodge theory
4268,Multimodal Artificial Intelligence
4267,Nuclear physics
4261,High-energy particle physics
4264,Fluid dynamics
4260,Statistical physics and stochastic processes
4270,Theoretical particle physics
4272,Astrophysics
4259,Laboratory astrophysics
4258,Mathematical analysis of AF-domains and their generalizations.
4271,Particle physics
4266,Natural Language Processing
4273,Statistical mechanics of spin chains
4279,One-dimensional isentropic Navier-Stokes equations
4280,Digital Communications
4276,Lattice gauge theory
4274,Differential geometry
4282,Evolutionary biology
4275,Neutrino physics
4277,Optical scattering by spherical particles
4283,Astrophysics
4287,Differential geometry
4284,Semantic Web services
4286,Theoretical Computer Science
4285,Geometry and information theory
4278,Stellar astrophysics
4281,High-dimensional statistics
4288,Particle physics
4291,Partial differential equations
4293,Nuclear physics
4294,Convex quadratic semidefinite programming
4289,Theoretical particle physics
4299,Representation theory of algebras
4292,Commutative algebra
4296,Plasma physics
4295,Theoretical Physics
4297,Singing voice conversion
4300,Combinatorics
4301,Theoretical particle physics
4302,Computational modeling of subsurface methane hydrate reservoirs
4290,Robust deep neural networks
4307,Representation theory
4308,Mathematics
4306,Particle physics
4303,Epidemiology
4304,Quantum mathematics
4298,Forest carbon monitoring
4309,High-energy nuclear physics
4310,Physical chemistry
4305,Condensed matter physics
4315,Quantum field theory
4320,Nuclear physics
4313,Statistics
4314,Algebraic geometry
4312,Magnetism
4311,Quantum computing
4317,Quantum foundations
4319,Deep learning for brain tumor imaging analysis.
4316,Graph theory
4322,Theoretical physics
4321,Astrophysics and statistical mechanics
4325,Condensed matter physics
4327,Deep Reinforcement Learning
4326,Formal language theory
4318,Facial expression recognition
4324,Planetary ephemeris
4323,Alkali-inert gas diffusion coefficient measurement.
4333,Condensed matter physics
4332,Algebraic representation theory
4329,Wireless network deployment optimization
4331,Biophysics and water science
4334,Superconductivity
4335,Theoretical physics
4328,Physical chemistry
4330,Statistical physics and glassy dynamics
4341,Computational geometry
4337,Theoretical physics
4340,Boolean Logic and Explainable AI
4338,Data mining
4345,Group theory
4336,Lattice gauge theory and quantum field theory.
4342,Mathematical logic
4339,Algebraic geometry
4348,Mathematical analysis
4346,Information Retrieval
4349,Bayesian semiparametric statistics
4343,Algebraic geometry and Riemann surfaces
4352,Geometric group theory
4353,Astrophysics
4347,Optical physics
4350,Condensed matter physics
4359,Theoretical physics
4361,Planetary system dynamics
4356,Quantum quench dynamics in one dimension
4354,Theoretical physics
4344,Infrared astronomy of evolved stars
4357,Neutrino physics
4351,Particle physics
4358,Soft matter physics
4360,Particle physics
4355,Semilinear parabolic partial differential equations
4365,Mathematical logic
4364,Solar flare physics
4367,One-dimensional stochastic processes
4373,Functional analysis
4366,Signal Processing
4370,Algebraic combinatorics
4374,Astronomy and astrophysics
4372,Astrophysics
4375,Riemannian geometry
4362,Plasma physics in dielectrics
4369,Theoretical computer science
4363,Theoretical physics
4371,Theoretical Physics
4376,Robotics
4368,Data privacy and anonymization
4379,Theoretical particle physics
4377,Photonics
4378,Astrophysics
4386,Nonextensive Statistical Mechanics
4382,Astrophysics
4384,Ordinary differential equations
4381,Atomic physics
4380,Biophysics
4389,Quantum mechanics
4385,Probability theory
4391,Probability theory
4390,Quantum mechanics
4393,Partial differential equations
4388,Multi-objective optimization
4383,Differential geometry
4392,History of Indian physics
4395,Quantum optics
4397,Quantum physics
4399,Computer networking
4400,Quantum field theory in external magnetic fields
4398,String theory
4402,Graph theory
4396,Statistical mechanics and theoretical physics.
4394,Video Instance Segmentation
4406,Machine Reading Comprehension
4404,Theoretical physics
4401,Theoretical physics
4405,Dark Matter Physics
4403,Galactic astronomy
4387,Quantum electrodynamics
4408,Graph theory
4407,Superconducting physics
4411,Differential equations
4415,Network economics
4410,Quantum information theory
4418,Wireless communications
4419,Algebraic topology
4416,Nuclear or particle physics
4409,Human-robot interaction
4414,High-temperature superconductivity
4413,Astronomy
4412,Mathematical physics and Lie algebra theory
4422,Operator algebras
4417,Quantum information science
4429,Materials science
4420,Statistical mechanics
4430,Group theory
4421,Ergodic theory and uniform distribution theory.
4431,Quantum many-body physics
4425,Theoretical physics
4426,Dynamical systems theory
4428,Granular matter physics
4423,Statistical physics
4436,Theoretical physics
4424,Supersymmetric quantum mechanics
4427,Physics-informed deep learning of turbulence.
4433,Signal processing
4432,Category theory
4437,Theoretical particle physics
4435,Theoretical particle physics and astrophysics
4439,Space physics and cometary dust detection.
4434,Artificial Intelligence
4438,Condensed matter physics
4443,Atmospheric science
4444,Graph theory
4452,High-energy particle physics
4451,Solid mechanics
4441,Human heartbeat dynamics
4447,Natural Language Processing
4440,Networked control systems under cyber attacks
4442,Extragalactic astronomy
4449,Graph theory
4445,Generative Adversarial Networks
4448,Quantum optics
4453,Theoretical physics
4446,Extragalactic astronomy
4454,Submillimeter astronomy and galaxy formation
4450,Distributed algorithmic mechanism design
4460,Credit scoring model development
4457,Computer networking
4455,Solar physics
4462,Quantum Chromodynamics
4468,Machine Learning
4458,Astronomy
4456,Machine Learning
4467,Nuclear physics
4464,Internet of Things systems design
4459,Quantum field theory
4461,Atmospheric dispersion and machine learning.
4466,Electrohydrodynamics
4465,Condensed matter physics
4463,Kinetic theory
4473,Human-Robot Teaming
4475,Condensed matter physics
4479,Probability theory
4469,Differential geometry
4477,Particle physics
4471,Astrophysics
4472,Plasmonic crystals
4470,Blockchain data aggregation
4480,Quantum physics
4476,Nonequilibrium statistical physics
4478,Theoretical computer science
4474,Fractional analysis on Riemannian symmetric spaces
4482,Theoretical physics
4481,Plant biomechanics.
4485,Network science
4483,Condensed matter physics
4484,Condensed matter physics
4490,Computer Science
4489,Condensed matter physics
4491,Theoretical physics and astrophysics
4492,Cosmology
4486,Computer Science
4488,Numerical simulation methods
4495,Turbulent fluid dynamics
4487,Extragalactic Astronomy
4496,Quantum chromodynamics
4493,Theoretical physics
4494,Multinomial sequence clustering with non-negative factorization.
4501,Stellar astrophysics
4504,Differential Geometry
4505,Particle physics
4498,Loop quantum gravity
4500,Algebraic geometry
4497,Computational physics for optical applications
4499,Acoustic side-channel attacks.
4508,Public health
4502,Numerical analysis of the Cahn-Hilliard equation
4506,Theoretical physics
4510,Condensed matter physics
4503,Financial economics
4512,Superconductivity
4507,Quantum computing
4509,Quantum physics
4511,Statistics
4515,Many-body physics
4513,Representation theory
4518,Superconducting quantum interference devices
4517,Solar physics
4514,Condensed matter physics
4519,Graph theory
4520,Dynamical systems
4521,Theoretical physics
4516,Network science
4526,Mathematical physics
4525,Microeconomic theory
4530,Particle physics
4531,Particle physics
4523,Particle physics and cosmology
4527,In-network computation
4522,Nuclear physics
4529,Fluid dynamics
4528,Financial regulation of virtual assets.
4534,Theoretical nuclear physics
4535,Thermodynamics
4533,Condensed matter physics
4524,Deep learning for computer vision
4532,Machine learning optimization theory
4538,Network control theory
4537,Mathematical analysis
4536,Geometric algebra
4543,Particle physics
4540,Computer vision
4539,High-mass star formation
4548,Optics
4541,Condensed matter physics
4545,Theoretical particle physics
4542,Wireless communications
4546,Evolutionary computation
4544,Financial market making
4549,Cosmology
4554,Low-rank matrix approximation
4556,Statistics
4553,Autonomous vehicle convoy formation
4557,Condensed matter physics
4559,Nuclear physics
4558,Particle physics
4555,Superconducting quantum computing
4550,Remote sensing
4552,Theoretical high-energy physics
4551,Statistical physics and network science
4563,Machine learning
4566,Plasma physics
4562,Nuclear physics
4564,Stellar astrophysics
4560,Mathematical biology
4561,Millimeter-wave cellular networks
4547,Group theory
4569,Semiconductor impurity diffusion physics
4565,Magnetohydrodynamics
4571,Theoretical particle physics
4572,Computer networking performance analysis
4568,Quantum cryptography
4567,Mathematical analysis of the Navier-Stokes equations
4573,Robotics
4570,Theoretical physics
4574,Nuclear physics
4578,Polymer science
4579,Algebraic geometry
4580,Mathematical analysis of Dirac operators
4585,Planetary system formation and evolution
4583,Quantum mechanics
4582,General Relativity and Thermodynamics
4586,Differential equations
4581,Statistical genetics
4587,Natural Language Processing
4575,Extragalactic astronomy
4576,Condensed matter physics
4577,Theoretical physics
4584,Condensed matter physics
4589,Computer science memory management
4588,Computational chemistry of transition metal monoxides.
4591,Logic
4592,Data mining
4590,Computer Science
4595,Algebraic topology
4593,Astronomy
4601,Molecular dynamics of complex fluids
4596,Nuclear physics
4602,Superconductivity
4597,Number theory
4603,Quantum physics
4600,Signal processing
4604,High-energy astrophysics
4599,Reinforcement learning for robotic assembly.
4598,Cancer driver gene prediction
4594,Geometric topology
4605,Astronomy and astrophysics
4608,Gravitational physics
4606,Quantum information theory
4616,Linear optimization
4613,Particle physics
4615,Mathematics
4609,Condensed matter physics
4611,High-energy nuclear physics
4621,Nanophotonics and metamaterials
4612,Software engineering
4610,Quantum physics of dipolar bosons in optical lattices
4617,Graph theory
4614,Computer Vision
4619,Medical treatment evaluation
4620,Computer vision
4607,Theoretical physics
4618,License plate recognition technology
4624,Convex analysis
4623,Quantum physics
4627,Theoretical Cosmology
4632,Number theory
4622,Nuclear physics and astrophysics
4629,High-energy astrophysics
4631,Network alignment
4635,X-ray astronomy
4628,Cell biology
4626,Robotics
4634,Condensed matter physics
4630,High energy physics
4625,Astronomy and astrophysics
4633,Quantum mechanics
4638,Theoretical particle physics
4636,Statistics
4637,p-adic Hodge theory
4639,Social dynamics in agent-based interactions
4649,Cosmology
4642,Chinese Word Segmentation
4648,High Energy Physics
4641,Nuclear physics
4645,Theoretical physics
4646,Color psychology in visual arts.
4640,Condensed matter physics
4647,Topological data analysis in cell biology
4643,Theoretical Particle Physics
4644,Machine learning
4650,Correlated electron transport
4653,Turbulent convection in fluid dynamics
4661,Cosmology
4654,Geospatial data analysis
4652,Statistical predictive classification inference
4662,Partial differential equations
4663,Wireless communications
4655,Pulsar timing array data analysis
4658,Gamma-ray astronomy
4660,Quaternionic Kähler geometry
4656,Theoretical physics
4651,Geometric group theory
4664,Algebraic geometry
4667,Plasma physics
4659,Autonomous driving control systems
4669,Plasma physics
4657,Statistical physics of reaction-diffusion systems
4668,Solar magnetic field extrapolation
4665,Mobile health intervention design
4673,String theory cosmology
4666,Condensed matter physics
4676,Statistical physics of superdiffusive media
4672,Natural Language Processing
4670,Combinatorial number theory
4671,High energy physics
4674,Astrophysics
4675,Convex optimization
4677,Particle physics instrumentation
4686,Algebra
4688,Atmospheric electricity
4685,Number theory
4687,Algebraic geometry
4680,Evolutionary game theory
4682,Low-dimensional topology
4678,Particle physics grand unification theory
4683,Quantum computing and statistical mechanics
4679,Astrophysics and cosmic ray physics
4689,Condensed matter physics
4690,Task-oriented dialogue systems
4681,Astrophysics and computational physics
4684,The thermodynamics of the origin of life
4691,Molecular self-organization
4692,Mathematical analysis of hyperbolic surfaces
4695,Materials science
4704,Biomedical image classification
4696,Particle physics
4700,Theoretical physics
4698,Stochastic control theory
4702,Condensed matter physics
4703,Theoretical physics
4693,Vehicular Ad Hoc Network security
4694,Ultracold Fermi gases in rotating traps
4699,Mathematical logic and set theory
4701,Condensed matter physics
4697,Classical electrodynamics
4705,Astrophysics
4706,Particle physics
4713,Condensed matter physics
4716,Cosmology
4714,Condensed matter physics
4710,Quantum simulation of gauge theories
4708,Neuroscience
4715,Condensed matter physics
4719,Jordan algebra
4720,Stochastic partial differential equations
4718,Scientific subject area.
4709,Nonlinear dynamics and photonics
4711,Algebra
4707,Theoretical particle physics
4712,Legal natural language processing
4717,Mathematical physics
4731,Condensed matter physics
4726,Computer networking
4725,Nuclear physics
4729,Condensed matter physics
4724,Algebraic topology
4732,Wireless semantic segmentation
4730,Radio astronomy
4721,Energy time series forecasting
4727,Machine Learning Systems
4728,Complex analysis in several variables
4734,High energy physics
4722,Theoretical physics
4723,Quantum Field Theory
4733,General Relativistic Magnetohydrodynamics
4737,Trigonometric inequalities
4739,Metric geometry
4738,Experimental physics
4735,X-ray astronomy
4743,General algebra and topology
4736,Image classification
4744,Causal inference and statistics
4746,Astronomy and astrophysics
4741,Condensed matter physics
4745,Network science
4740,Distributed machine learning
4742,Atomic physics
4747,Computer science algorithms on graphs
4748,Differential geometry
4749,Algebraic geometry and homological algebra
4751,Indoor positioning
4750,Condensed matter physics
4761,Number theory
4754,Agent-based simulation
4753,Number theory
4752,White dwarf astrophysics
4756,Scholarly communication and information behavior.
4762,Particle physics
4763,Graphene laser physics
4760,Graph theory
4757,Number theory
4758,Condensed matter physics
4755,Theoretical cosmology
4759,Extragalactic astrophysics and galaxy dynamics
4764,Materials science
4767,Quantum cryptography
4768,Combinatorics
4769,Condensed matter physics
4773,Causal inference and statistics
4771,Quantum physics
4774,Condensed matter physics
4772,Numerical analysis of ordinary differential equations
4777,Network Function Virtualization
4776,Mathematical physics
4770,Hypergeometric series and binomial identities.
4765,Algebraic geometry and moment problems.
4779,Satellite image analysis in humanitarian contexts
4778,Noncommutative field theory
4780,Computer Architecture
4766,Robotics
4775,Quantum physics
4785,Theoretical physics
4784,Astrophysics and general relativity
4783,Information Theory
4781,Celestial mechanics and orbital dynamics
4786,Spintronics research
4789,Astronomy and astrophysics
4788,Breast ultrasound image segmentation
4793,Astrophysics
4790,Electrical engineering
4796,Geometry
4795,Low-dimensional topology
4787,Nuclear physics
4791,Plasmonics in magnetically biased graphene waveguides
4782,Materials science
4798,Spintronics
4797,Partial differential equations
4792,Astrophysics
4802,Condensed matter physics
4794,Formal language theory
4800,Theoretical physics
4803,Lattice quantum chromodynamics
4805,Chemical engineering
4801,Nonlinear optics
4804,Differential geometry
4799,Quantum thermodynamics
4808,Web page change rate estimation
4813,Model reduction of physical network systems
4811,Differential geometry
4812,X-ray binary astronomy
4806,Quantum gravity
4815,Nuclear physics
4810,Graph algorithms
4818,Economics
4809,Stochastic processes and financial mathematics
4807,Quantum physics
4819,Theoretical Physics
4816,Quantum computing
4814,Robotic construction planning
4820,Cosmology
4817,Mathematical logic
4821,Solar physics
4822,Algebraic number theory
4827,Computer Science
4826,Riemannian geometry
4828,Information and Computer Sciences education
4829,Particle accelerator physics
4824,Solar physics
4823,Financial mathematics
4834,Discrete-event systems
4833,Cosmology and theoretical physics
4825,Linear algebra
4831,Heat transfer and surface science.
4830,Statistical mechanics
4835,Semiconductor physics
4836,Linear algebra
4832,Particle and nuclear physics
4839,Commutative algebra
4842,Number theory
4843,Theoretical physics
4837,Algebraic geometry
4840,Quantum chromodynamics
4841,Nonlinear partial differential equations
4846,Thin film growth of complex oxides.
4849,Quantum information theory
4845,Relativistic astrophysics and magnetohydrodynamics
4850,Game Theory
4844,Statistics
4851,Polymer physics
4847,Partial differential equations
4838,Exoplanet and eclipsing binary research
4848,Optimization algorithms for sparse matrix approximations.
4852,X-ray Absorption Spectroscopy
4853,Bayesian statistics
4855,Astrophysics
4856,Algebraic geometry
4854,General relativity and differential geometry
4863,Discrete geometry
4864,Theoretical physics
4860,FPGA implementations of the SIMON block cipher
4859,XML data mediation systems
4867,Number theory
4865,Cosmology
4857,General Topology
4858,Complex approximation theory
4861,Algebraic topology
4868,Probability theory
4866,Rock fracture physics
4862,Statistical physics
4869,Differential topology
4872,Extragalactic astronomy
4879,Bayesian statistics
4870,Computational methods for partial differential equations.
4876,Elementary divisor rings in ring theory
4881,Galactic astronomy
4875,Mathematical analysis
4880,Global Positioning System security
4878,Spin current transport in magnetoelectric bilayers
4883,Physics
4871,Astronomy
4873,Polarized structure functions in nuclear physics
4874,Astronomy
4882,Quantum physics
4877,Gamma-ray burst physics
4886,Computer vision and deep learning.
4884,Condensed matter physics
4892,Differential geometry
4891,Condensed matter physics
4885,Astrophysics
4890,Graph theory
4888,Quantum cosmology
4889,Epidemic modeling
4896,Machine learning
4887,Exoplanet atmospheric characterization
4895,Geometric measure theory
4893,Mathematical physics
4894,Cosmology
4897,Topological insulators surface science
4901,Fractal geometry
4900,General relativity
4904,Artificial Intelligence
4907,Radio astronomy
4903,Quantum mechanics in d-dimensional space
4902,Condensed matter physics
4908,Causal inference in statistics
4909,Antiferromagnetic Weyl semimetal spintronics.
4910,Statistics
4906,Theoretical particle physics
4898,Computer performance monitoring
4912,Wave propagation in one-dimensional random media
4905,Astrophysics and particle physics
4899,Extragalactic astrophysics
4911,High-energy physics statistics
4914,Rigid geometry
4913,Lattice quantum chromodynamics
4918,Astronomy
4919,Optics
4916,Condensed matter physics
4915,Scientific subject area: Computational mathematics.
4926,Quantum physics
4925,Geometric function theory
4922,Colloid and interface science
4917,Mathematical analysis of orthogonal polynomials.
4927,Celestial mechanics
4921,Astrophysics
4923,Astrophysics
4928,Nuclear physics
4920,Plasmonics and hot electron dynamics
4924,Machine Learning for Text Classification
4929,Condensed matter physics
4930,Condensed matter physics
4937,Nuclear physics
4938,High-energy astrophysics
4935,Multihop Cellular Networks
4939,Quantum optics
4940,Algebraic K-theory and representation theory
4933,Biomedical optics
4931,Microbiology and computer vision
4941,Condensed matter physics
4934,Potential field solution methods in geophysics
4932,Nonlinear peridynamic models in one dimension
4943,Theoretical physics
4945,Atomic and molecular physics
4936,Fluid dynamics and heat transfer
4942,Group theory
4944,Condensed matter physics
4948,Computer vision and sensor technology.
4947,Machine learning
4949,Operator algebras
4952,Cosmology and theoretical physics
4946,Cometary science and astrochemistry
4950,Computer hardware and network-on-chip design.
4953,Quantum physics
4951,Cosmology and gravitational theory
4960,Fourier optics
4958,Condensed matter physics
4965,Mathematical group theory
4957,Solar physics
4961,Nuclear physics
4954,Plasma physics
4956,X-ray astronomy
4959,Stellar astrophysics
4955,Astrophysics
4963,Statistical physics of transport phenomena
4966,Extragalactic astrophysics
4962,Differential geometry
4967,Orbito-zygomatic reconstruction.
4964,Cosmological recombination physics
4968,Computational materials science
4980,Plasmonic photoconductive device simulation
4969,Granular physics
4975,Theoretical physics
4978,Atmospheric science
4970,X-ray astrophysics
4971,Nuclear physics
4973,Cybersecurity incident analysis
4976,Mathematical analysis
4979,Astrophysics and stellar evolution
4972,Condensed matter physics
4977,Financial stock market prediction
4974,Mathematical physics
4984,Mathematical physics
4986,Theoretical particle physics
4982,Theoretical physics
4993,Astronomy
4981,Cosmology
4985,Number theory
4988,Mathematics
4990,Quantum physics
4987,Ferroelectricity
4994,Experimental particle physics
4992,Nanoelectronics
4989,Planetary science
4991,Theoretical physics
4983,Theoretical high-energy physics
4998,Algebra
4995,Particle physics
5000,Mathematical physics
4999,Nanometric magnetoresistance devices
5001,Theoretical Physics
4996,Experimental particle physics
4997,Ultracold atomic physics
5007,Multiferroics
5002,Healthcare data collection methodology
5003,Quantum key distribution
5004,Face detection
5008,Neural network quantization
5005,Nonlinear photonics
5006,Infrared astronomy of galaxies
5009,Stochastic reaction systems
5010,Organic electronics and materials science
5012,Relativistic quantum physics
5013,Population genetics
5011,Positron annihilation in condensed matter physics
5023,Complex analysis and approximation theory
5019,Theoretical physics
5018,Scientific subject area.
5016,Algebra
5021,Gamma-ray burst astronomy
5014,Complex analysis
5022,Astrophysics
5024,Nanophysics
5017,Quantum computing in semiconductor quantum dots
5026,Cosmology
5025,Extragalactic dynamics
5020,Optimization
5015,Algebraic topology
5027,Particle physics phenomenology
5031,Behavioural research methodology
5030,Differential geometry and mathematical physics
5034,Mean Field Games
5035,Infrared astronomy
5032,Extragalactic astrophysics and dark matter.
5036,Galactic astronomy
5033,Standard Model Extension tests in astrophysics.
5040,Hydrogeology and groundwater management
5037,Robotics
5038,High-energy nuclear physics
5029,Extragalactic astrophysics
5039,Fluid dynamics
5028,Event-based asynchronous sparse convolutional neural networks
5041,Quantum mechanics
5042,Markov decision problems
5044,Differential topology
5048,Protein topology
5043,Quantum optics
5045,Distributed systems modeling
5046,Causal inference and econometrics.
5053,Probability theory
5051,Artificial intelligence for traffic accident detection.
5056,Mathematical optimization
5050,Algebraic geometry
5049,Population genetics
5047,Quantum cosmology and classical bouncing universes
5057,Condensed matter physics
5054,Algebraic geometry
5061,Computational mathematics
5059,Wireless Local Area Networks
5058,Condensed matter physics
5060,Random matrix theory
5052,Neural network architecture search in binary classification.
5055,Carbon nanotube vibrational energy transfer to proteins.
5063,Atomic physics
5067,Quantum algebra
5065,Mathematical analysis of q-orthogonal polynomials.
5069,Psychometrics
5071,Atomic physics
5062,Computational complexity theory
5066,High energy physics
5070,Space weather
5064,Soft matter physics
5068,Condensed matter physics
5072,Mathematical logic
5073,Cosmology
5076,Multiagent systems
5075,Theoretical physics
5080,Astrophysics
5079,Fractional quantum Hall effect physics
5085,Transportation emergency planning
5077,High-energy theoretical physics
5081,Image processing
5083,Distributed Computing
5078,Graph theory in mathematical chemistry
5087,Astronomy
5074,Astrophysics
5084,Theoretical Physics
5088,Statistical physics
5082,Weak KAM theory
5086,Algebraic geometry
5089,Coastal sea state monitoring
5090,Astrophysics
5091,Extragalactic astronomy
5098,Antiferromagnetic spintronics
5099,High energy physics statistics
5102,Approximate Bayesian computation
5095,Astrophysics
5104,Probability theory
5093,Cosmology
5094,Statistics
5096,Graph theory
5103,Computer vision and geometry
5100,Graph theory
5101,Theoretical particle physics
5105,Astronomical data processing
5097,Astronomy
5092,Mathematical physics
5114,Differential geometry
5113,Graph theory
5110,Speech Emotion Recognition
5115,Astrophysics
5109,Natural Language Understanding
5117,Mathematical analysis
5116,Convex Geometry
5108,Theoretical physics
5118,Human-Computer Interaction
5111,Condensed matter physics
5119,Theoretical particle physics
5107,Fluid dynamics and transport phenomena.
5112,Quantum mechanics
5106,Mechanical resonators
5121,Extragalactic astronomy
5126,Mathematical analysis of evolution equations
5127,Representation theory
5120,Solar physics
5123,Quantum K-theory
5122,Biomedical image processing
5130,Stellar astrophysics
5128,Ring theory
5133,Mathematical analysis
5124,High-energy particle physics
5125,Quantum physics
5129,Stellar astrophysics
5134,High-energy physics
5138,Wireless networking
5135,Thermodynamics
5132,Condensed matter physics
5139,Experimental particle physics
5131,Extragalactic dynamics and dark matter
5141,Biophysics
5137,Nuclear physics
5140,Astroseismology of red giants
5136,Natural language processing
5144,Natural Language Processing
5142,Condensed matter physics
5143,Machine Learning
5150,Multi-agent systems
5151,Computational geometry
5146,Quantum dot physics
5145,Mathematical analysis in Sobolev spaces
5148,Plasma physics
5147,Many-body physics of interacting bosons
5154,Astrophysics
5152,Complex network analysis
5155,Nuclear physics
5153,Quantum communication complexity
5156,Computer vision and indoor localization
5149,Acoustic topological insulators
5160,Natural Language Processing
5162,Statistical physics of granular matter
5161,Astrophysics
5158,Adaptive cruise control
5159,Extragalactic astronomy
5157,Gravitational lensing
5163,Representation theory
5164,Mathematical analysis of fluid dynamics
5167,Magnetic nanoparticle physics
5169,Partial differential equations.
5166,Solar physics
5165,Extragalactic astronomy
5170,Encapsulation theory
5172,Probability theory
5173,Adaptive optics in astronomy
5177,Wireless communications
5174,High energy physics
5180,Natural Language Processing
5168,Quantum physics
5175,Stellar magnetic fields
5176,Cryptography
5178,Multi-agent reinforcement learning
5171,Materials science
5179,Computer vision object detection
5182,Cosmology
5183,High energy physics
5185,Plasma physics
5184,Algebraic geometry
5181,Non-equilibrium statistical physics
5189,Category theory
5194,Condensed matter physics
5193,Computer science programming language.
5186,Cosmology
5192,Particle physics
5195,General topology
5187,Quantum physics
5196,Planetary nebula astrophysics
5198,Federated Learning
5202,Linear algebra
5197,Invariant theory
5188,Astronomy
5190,Condensed matter physics
5199,Functional analysis
5191,Computer vision action recognition
5201,Astrophysics
5200,Theoretical physics
5207,Semiconductor physics
5206,High energy physics
5209,Causal inference and machine learning.
5210,Microbiological seawater quality modeling
5205,Computer science
5203,Mathematical analysis
5213,Computational mathematics
5215,Complex dynamics
5204,Quantum mechanics
5211,Probability theory and mathematical analysis
5212,Astrochemistry
5216,Computational geometry
5208,Electrical impedance tomography
5220,Geometric topology
5229,p-adic representation theory
5217,Molecular biology
5221,Condensed matter physics
5219,Network Science
5222,Exoplanet photometry
5223,Cosmology
5218,Nuclear physics
5224,Particle physics
5225,Medical physics
5227,Molecular biology
5228,Quantum physics
5226,Statistical physics in sports
5232,Gamma-ray burst astronomy
5238,Financial risk management
5235,Wave propagation in random media
5236,Mathematics
5237,Theoretical cosmology
5234,Accessible technology and human-computer interaction.
5242,Particle physics
5239,Gravitational physics
5243,Asteroid phase curve fitting in Python.
5231,On-surface molecular spintronics.
5240,Nuclear physics
5241,Dark matter physics
5230,LiDAR point cloud compression
5245,Non-convex optimization
5246,Nuclear physics
5255,Algebraic geometry
5244,Formal verification and probabilistic planning.
5250,Ultracold Fermi gases
5249,Computational science and potential theory
5248,Theoretical computer science
5254,Relativistic cosmology and plasma physics
5247,Machine learning applications in virtual reality.
5253,Multivariate calculus
5251,Unmanned aerial vehicle communication systems
5256,Face recognition
5266,Cosmology
5258,Theoretical physics
5257,Theoretical computer science
5260,Environmental science
5265,Galaxy formation
5262,Theoretical particle physics
5259,Condensed matter physics
5261,Operator theory
5264,Quantum Monte Carlo methods
5263,Natural Language Processing
5267,Partial differential algebraic systems analysis
5269,Computer Architecture
5274,Experimental particle physics
5277,Quantum information theory
5272,Scientific instrumentation
5276,Quantum optics
5273,Theoretical physics
5268,Superconductivity research
5278,Exoplanetary science
5270,Graph theory
5275,Astrophysics
5271,Thermodynamics of two-dimensional active matter
5285,Condensed matter physics
5281,Nuclear physics
5280,Fluid dynamics
5287,Theoretical Physics
5282,Complex geometry
5283,Fluid dynamics
5279,High-energy physics
5233,Computational fluid dynamics
5284,Condensed matter physics
5252,Astronomy and Astrophysics
5214,General Relativity
5288,Constraint programming
5286,Graph theory
5290,Parkinson's Disease research
5289,Metallic magnetism and electronic structure.
5292,Experimental particle physics
5295,Radio-frequency identification engineering
5291,Astrophysics
5293,Optical physics
5294,Physics of locomotion in granular media
5296,Arithmetic geometry
5301,Ultracold Fermionic Atomic Gases
5298,Single-molecule fluorescence imaging in cell biology
5297,Graph theory
5303,Theoretical physics
5299,Scientific publication bias
5305,Graph theory
5302,Astrophysics
5307,Network community detection
5304,Thermohydraulics of heat exchangers
5308,Stellar astrophysics
5311,Particle physics
5300,Particle physics
5306,Distributed source coding and information routing
5316,Theoretical physics
5310,Natural Language Generation
5314,Riemannian geometry
5317,Galaxy formation and evolution
5319,Conceptual graph pattern mining
5315,Neural network pruning
5318,Noncommutative geometry
5321,Combinatorics in finite fields
5313,Active matter physics
5309,Number theory
5323,Quantum physics of graphene systems
5312,Educational technology and e-learning adoption.
5325,Mathematical physics
5320,Solar physics
5322,Theoretical physics
5327,Weakly Supervised Temporal Action Localization
5324,Algebraic combinatorics
5331,Game theory
5334,Sparse signal recovery
5333,Nuclear physics
5335,High Energy Physics
5336,Process mining
5340,Particle physics
5330,Algebraic geometry
5329,Mathematical physics
5338,Asteroseismology of late F-type stars
5339,Astrophysical nucleosynthesis
5332,Algebraic combinatorics
5341,Astrochemistry
5337,Quantum physics
5326,Superconducting radio frequency cavity fabrication
5328,Polaritonic chemistry and resonant energy transfer.
5342,Riemannian geometry
5343,Ear recognition
5344,Statistical modeling
5345,Machine Learning
5346,Social dynamics
5348,Evolutionary biology
5350,Probability theory
5349,High-energy astrophysics
5353,High-energy physics
5352,Autonomous vehicle sensing
5347,Lie algebras and representation theory
5354,Applied probability
5351,Computational geometry
5357,Biochemical reaction networks
5359,High energy astroparticle physics
5361,Combinatorics
5355,Materials science
5360,Artificial Intelligence
5356,Machine learning
5363,Network science
5362,Mathematical analysis of differential equations
5358,Mathematical analysis of q-special functions
5367,Probability theory
5364,Number theory
5366,Group Theory
5369,Multichannel far-field speech recognition
5375,Spreadsheet systems management
5371,Social neuroscience
5370,Algebraic geometry
5368,Condensed matter physics
5372,Planetary science
5365,Quantum theory
5376,Condensed matter physics
5374,Statistical physics of stochastic escape processes
5373,Millimeter wave channel estimation
5379,Mathematical finance
5381,Theoretical particle physics
5378,Rheology
5380,Science communication
5382,Mathematical analysis
5377,Elastic structural instability in fluid-filled tubes
5388,Astrophysics
5386,High-mass star formation
5385,Quantum-inspired algorithms in numerical linear algebra
5389,Massive star formation
5384,Condensed matter physics
5383,Astrophysics
5387,Multivariate probability theory
5402,Probability theory
5395,Graph theory
5399,Representation theory
5392,Interpretable Reinforcement Learning
5390,Condensed matter physics
5397,Atomic physics
5394,Quantum entanglement theory
5400,Statistical mechanics
5391,Quantum computing
5396,High energy physics
5401,Theoretical physics
5398,Econophysics
5403,Mathematical physics
5393,Astrochemistry or surface science
5406,Complex dynamics and algebraic geometry
5404,Wireless communications
5408,Astrophysics
5412,Robotics
5405,Many-body quantum physics
5407,Artificial Intelligence and Computational Linguistics
5409,Image processing
5414,High energy physics
5410,Fluid dynamics
5416,Differential geometry in Galilean space
5417,Differential geometry
5413,Piezoelectric energy harvesting
5415,Theoretical particle physics
5411,Computer networking traffic measurement
5421,Particle physics
5423,Algebraic geometry
5427,Higher category theory
5420,Partial differential-algebraic equations
5418,Condensed matter physics
5429,Condensed matter physics
5419,Cosmology
5422,Atomic physics in optical lattices
5424,Medical informatics
5425,Condensed matter physics
5428,Optical properties of nanocomposites
5431,Partially Observable Markov Decision Processes
5426,Operations research
5432,Gravity physics
5430,Nonlinear optics
5436,Symplectic group representation theory and combinatorics
5438,Condensed matter physics
5437,Particle physics
5439,Statistical mechanics
5433,Algebraic geometry
5442,X-ray astronomy
5434,Acoustoelasticity of soft viscoelastic solids and phononic crystals.
5435,Semiconductor physics
5443,Android malware detection
5441,Algebraic combinatorics
5440,Combinatorics
5448,High-energy particle physics
5450,Liquid crystal physics
5451,Inequalities in mathematical means
5446,High-energy nuclear physics
5449,Quantum optics
5456,Probability theory
5447,Neural architecture search
5457,p-adic analytic geometry
5455,Nonlinear optics
5454,Algebra
5445,Computer Vision
5453,Quantum algebra and Hopf algebras
5452,Electrokinetic turbulent micromixers
5444,Financial portfolio optimization
5460,Computer vision and multimedia modeling
5458,Mobile manipulator task planning
5463,Condensed matter physics
5459,Condensed matter physics
5462,General relativity
5465,Knowledge distillation in machine learning
5470,Quantum transport in atomic chains
5467,High-energy particle physics
5471,Theoretical physics
5464,Differential Geometry
5461,Geometric group theory
5466,Cryptography
5469,Cosmology and theoretical physics
5468,Theoretical computer science
5475,Information Retrieval-based Bug Localization
5473,Computer Science
5476,Distributed computing
5474,Condensed matter physics
5479,Theoretical Physics
5478,Cosmology
5480,Networked control systems
5483,Astronomy
5484,Computational micromagnetics
5485,Protein production modeling
5477,Shape optimization
5482,Quantum physics
5472,Optics
5481,High-energy astrophysics
5489,Complex geometry
5495,Social psychology of evacuation simulation
5487,Category theory
5492,Astrophysics
5493,Quantum physics
5488,Control systems engineering
5486,Computer vision
5496,Cosmology
5498,Mathematical physics
5490,Computational statistics
5494,Quantum information processing
5499,Algebraic number theory
5500,Arithmetic statistics
5491,Biodiversity quantification
5497,Digital Identity Architecture
5501,High-energy astrophysics
5503,Condensed matter physics
5504,Computer vision image reconstruction
5507,Liquid-vapor interface physics
5505,Relativistic plasma physics
5509,Population ecology
5508,Mathematics
5510,Electrochemical battery modeling
5502,Mathematical physics
5516,Astrophysics
5514,Pedestrian traffic modeling
5518,Blockchain technology
5519,Nonlinear optics
5506,Thermophysical properties of uranium and plutonium carbides
5513,Clinical risk prediction
5512,Signal processing
5515,Thermodynamics
5521,Condensed matter physics
5522,Computational materials science
5524,Theoretical Computer Science
5525,Magnetic resonance imaging
5523,Stellar astrophysics
5511,Quantum field theory
5517,Set theory
5529,Cosmology
5526,Nonlinear optics in atomic gases
5530,Functional analysis
5527,Semiconductor nanowire photodetectors.
5528,Cognitive science
5520,Deep learning activation functions
5531,Operator algebras
5532,Neural network expressivity
5534,Fluid dynamics
5541,Nuclear physics
5537,Quantum computation
5539,Algebraic geometry and combinatorics
5536,Condensed matter physics
5540,Computer Vision
5535,Algebra
5533,Aeroacoustics
5543,Medical image analysis
5542,X-ray astronomy
5538,Statistical physics and random matrix theory
5544,Data transmission over the Internet
5545,Collective dynamics of robotic systems
5546,Quantum optics
5547,Artificial Intelligence
5551,Granular physics
5553,High-energy particle physics
5550,Computational geometry
5554,Astronomy
5558,Quantum field theory
5552,Bayesian structural equation modeling
5548,Algebraic geometry
5561,Computer Vision
5556,Extragalactic astronomy and cosmology
5549,Plasmonics in cobalt nanoparticles
5560,Theoretical cosmology and high-energy physics.
5563,Robotics
5562,Signal processing
5559,Hillslope evolution modeling
5557,Condensed matter physics
5555,Mars planetary geology
5565,Number theory
5564,Broadband dielectric spectroscopy of molecular motions
5566,High-dimensional model selection
5568,Machine learning for molecular graph generation
5573,Computational Social Science
5572,Astrophysics
5569,Reinforcement learning for autonomous vehicles
5567,Solar physics
5579,Riemannian geometry
5576,Quantum thermodynamics
5571,Blockchain consensus mechanisms for smart grids.
5574,Medical image decision-making psychology
5570,Laser physics
5580,Time series forecasting
5575,Natural Language Processing
5578,Thermoelectric materials
5577,Mathematical physics
5583,Cosmology
5582,Condensed matter physics
5581,Theoretical particle physics
5586,Materials science
5587,Condensed matter physics
5590,Quantum information theory
5584,Data stream anomaly detection
5585,Infrared spectroscopy of biological samples
5593,High-dimensional statistics
5589,Algebraic geometry and differential geometry
5594,Astrophysics
5592,Probability theory
5591,Atomic physics
5588,Quantum computing
5595,General relativity
5597,Energy economics
5604,Computer security
5600,Astrophysics
5599,Quantum Chromodynamics
5598,Astrophysics
5603,General relativity
5596,Scientific instrumentation and methodology.
5609,Condensed matter physics
5601,Deep learning object detection
5607,Environmental science and public health
5608,Cosmology
5605,Theoretical physics
5602,Mathematical analysis of special functions
5610,Graphene electronic transport
5606,Inverse problems and regularization theory
5618,General Relativity
5614,Quantum physics
5615,Cosmology
5622,Astronomy and astrophysics
5611,Physical Chemistry
5621,Atomic physics
5620,Astronomy
5619,Neuroimaging and machine learning
5616,Nuclear instrumentation
5613,Cosmology
5624,Financial mathematics
5612,Biomedical engineering
5623,Wireless cellular networks
5617,History of cognitive science.
5626,Theoretical high-energy physics
5636,Materials science
5628,Evolutionary biology
5629,Astronomy and astrophysics
5635,Physics
5638,Functional analysis
5631,Network science
5637,Astronomy
5627,Quantum physics
5632,Quantum physics and convex operational theories
5633,Fractional dynamics of coupled oscillators
5630,Software Engineering
5634,Theoretical physics
5625,Stellar astrophysics
5642,Face verification
5646,Signal processing
5644,Fractional differential equations
5645,Atomic physics
5652,Natural Language Processing
5650,Mathematical analysis on homogeneous spaces
5641,Functional analysis
5647,Condensed matter physics
5639,Neural network training
5640,Linear algebra
5648,Extragalactic astronomy
5643,Spectral geometry
5649,Traffic flow and vehicle control
5651,X-ray astronomy
5653,Astronomy
5654,Quantum physics
5665,Robotics control
5656,Black hole thermodynamics in massive gravity
5655,Statistical physics of diffusion in confined media
5658,Algebraic computational mathematics
5657,Medical ultrasound image segmentation
5662,Artificial Intelligence and Moral Decision-Making
5661,Network science
5659,Black hole thermodynamics
5664,Magnetohydrodynamics
5668,Materials science
5666,Biophysics
5660,Polyhedral program optimization
5663,Condensed matter physics
5676,Data Assimilation
5674,Liquid crystal physics
5679,Combinatorics
5671,Mechanical engineering design
5669,Algebraic geometry
5673,Machine Learning
5672,Nanophotonics and surface-enhanced Raman scattering.
5670,Exoplanet science
5678,Mathematical physics
5681,Natural Language Processing
5667,Theoretical physics
5680,Electricity demand patterns
5675,Human-robot verbal interaction
5677,Formal language theory and semigroup theory
5682,Graph theory
5683,Atomic physics
5690,Astrophysics
5693,Astrophysics
5694,Optical physics
5684,Chinese word segmentation
5695,Linear algebra
5689,Astrophysics
5688,Algebraic geometry
5687,Quant condensed matter physics
5692,Exoplanet science
5696,Machine learning anomaly detection
5686,Aerospace engineering and plasma physics.
5685,Bayesian network scoring metrics.
5697,Information and Communication Technology
5691,Adaptive optics
5700,Computational Geometry
5703,Quantum computing
5706,Geometric analysis
5701,Cosmology
5710,Condensed matter physics
5708,Combinatorics
5699,Theoretical condensed matter physics
5698,Condensed matter physics
5705,Representation theory of Lie algebras
5711,Particle physics
5702,Mathematical physics
5704,Machine learning applied to medical imaging.
5709,Relativistic astrometry
5712,Biophysics
5715,Theoretical particle physics
5714,Particle physics
5707,Hamilton-Jacobi Equations
5717,Backward stochastic differential equations
5713,Theoretical physics
5722,Machine Learning
5725,Statistical physics
5721,Dark matter physics
5716,Medical imaging detector materials
5723,Federated Learning and Neural Architecture Search
5720,Celestial mechanics
5728,Operator theory
5724,Image semantic segmentation
5730,Relativistic fluid dynamics
5729,Differential topology
5734,Combinatorics
5727,Computer vision image feature detection
5726,Graph theory
5718,Cosmology and gravitational physics
5731,Neutrino physics
5733,Extragalactic astronomy
5719,Discrete integrable systems
5740,Nuclear physics
5735,Astrophysics and Cosmology
5732,Computational physics
5736,Compiler infrastructure for sparse tensor computations
5739,Astrophysics
5737,High-energy nuclear physics
5738,Condensed matter physics
5744,Particle physics
5745,Astronomy
5750,Quantum computing
5748,Optics and photonics
5746,Cosmology
5742,Stellar astrophysics
5752,Quantum mechanics
5743,Time-series data augmentation
5747,Fluid dynamics and geometry
5749,Astrophysics and space science
5751,Combinatorics
5741,Plant biology
5755,Machine Translation
5754,Condensed matter physics
5759,Biophysics
5760,Cybersecurity
5761,Information Theory
5753,Black hole accretion physics
5756,Extragalactic astronomy
5757,Semiconductor device simulation
5758,Condensed matter physics
5766,Astrophysics
5764,Astronomy
5763,Cosmology
5762,Computer networking
5765,Mathematical physics
5767,Ultracold atomic physics
5770,Atomic physics
5775,Nuclear physics
5772,Functional analysis
5779,Computational algebra and symbolic computation
5769,Computer science
5776,Quantum optics and condensed matter physics
5768,Algebraic topology
5773,Theoretical chemistry
5778,Physics of disordered solids
5777,Graph-based Deep Learning
5780,Semiconductor quantum physics
5774,Quantum computing
5771,Graph theory
5781,Differential geometry
5787,Mathematics
5786,Epidemiology and public health.
5788,Plasma physics
5789,Nuclear astrophysics
5792,Nuclear physics
5790,Condensed matter physics
5795,Astrophysics
5782,Astrophysics
5785,Physics of laser-induced elastic plate resonances.
5784,Quantum Field Theory
5783,Mathematical physics
5793,Artificial Intelligence Planning
5798,Electromagnetism
5800,Computer Vision
5802,Neuroscience
5794,Quantum chromodynamics
5791,Causal inference in high-dimensional statistics
5799,Probability theory
5796,Glass-forming liquids classification and viscosity modeling
5807,Nuclear physics
5805,Quantum physics
5806,Condensed matter physics
5801,Quantum thermodynamics
5808,Artificial Intelligence
5803,Ring theory
5804,High-energy particle physics
5797,Representation theory of Kac-Moody algebras
5809,Cosmology
5810,Condensed matter physics
5813,Statistical mechanics
5816,Space physics
5814,Computer Vision
5819,Applied mathematics
5818,Theoretical particle physics
5815,Particle physics
5822,Neuronal network dynamics
5820,Algebraic geometry
5811,Condensed matter physics
5817,Computational complexity theory
5821,Algebra
5812,High-dimensional convex geometry
5824,Quantum field theory in curved spacetime
5831,Quantum Hall effect and large N theory
5825,Astronomy and Astrophysics
5823,Symplectic reflection algebras
5826,Nuclear physics
5827,Cosmology
5828,Algebraic geometry
5835,Astrophysics
5833,Quantum algebra
5829,Algebraic geometry
5834,Extragalactic astronomy
5836,Machine Learning
5830,Quantum walks
5832,Multirate systems approximation in Hilbert spaces
5842,Materials science
5840,Wireless communications
5837,Particle physics
5839,Atmospheric electricity
5844,Computer Science
5848,Graph Convolutional Networks
5845,Operations research
5838,Representation theory
5843,Implantable medical device security
5841,Condensed matter physics
5846,Automotive embedded software engineering
5847,Computer network security
5850,Optics
5853,Causal effect estimation
5852,Wireless Sensor Networks
5851,Epidemiology
5849,Deep neural network accelerator analysis.
5856,Atomic physics
5854,Condensed matter physics
5858,Experimental and theoretical fluid dynamics
5863,Nuclear physics
5860,Condensed matter physics
5861,Deep Reinforcement Learning
5864,Quantum magnetism
5865,Particle physics
5866,Particle physics and dark matter detection
5859,Computational statistics
5867,Condensed matter physics
5868,Particle physics
5862,Algebraic geometry
5857,Condensed matter physics
5855,Quantum physics
5869,Planetary science
5875,Quantum information theory
5874,Theoretical physics
5873,Extragalactic astronomy and X-ray binary populations
5877,Queueing theory
5879,Theoretical Physics
5876,Differential geometry
5870,Network security game theory
5871,Cosmology
5878,Astrophysics
5872,Differential geometry and Lie algebra theory
5883,Dynamics and topology of group actions
5884,Nanophotonics
5882,Causal inference and statistical methodology
5888,Condensed matter physics
5886,Optimization
5885,Artificial intelligence
5887,History and Philosophy of Physics
5892,Computer science
5880,Celestial mechanics
5889,Mathematical group theory
5894,Plasma physics and fusion device research
5881,X-ray astronomy
5893,Mathematical physics
5891,Non-relativistic quantum electrodynamics
5890,Stellar astrophysics
5895,Solar coronal plasma physics
5896,Physics
5900,Network Science
5901,Mid-infrared spherical microlaser physics
5905,Quantum physics
5909,Atmospheric science
5898,Electromagnetic field sensing in graphene.
5903,Quantum chaos in dynamical systems
5907,Semiconductor physics
5897,Information theory
5906,Evolutionary cell biology
5902,Astrophysics
5908,Mathematical physics
5910,Particle physics
5904,Mathematical physics
5899,Adaptive optics in astronomy
5911,High energy physics
5915,Condensed matter physics
5918,Quantum physics
5921,X-ray astronomy
5916,Theoretical particle physics
5923,Quantum physics
5925,Space physics
5924,Cosmology and theoretical physics
5920,Cosmology
5914,Extragalactic astronomy
5913,Plasmonics
5922,Non-commutative geometry
5919,Nonlinear partial differential equations
5926,Quantum physics
5927,Graph theory
5912,Linux kernel networking
5917,Unmanned Aerial Vehicle Trajectory Optimization
5930,Machine Learning
5931,Neural algebra and computational neuroscience
5936,Autonomous driving
5933,Algebraic geometry
5938,Tendon collagen fibril biology
5929,Particle physics
5928,Geophysical fluid dynamics
5941,Complex analysis
5932,Condensed matter physics
5934,Combinatorial mathematics
5935,High-energy particle physics
5937,Computational physics and machine learning
5943,Pion wavefunction physics
5939,Relativistic atomic physics
5940,Mental-state sensing using wearables and location tracking.
5945,Theoretical physics
5946,Probability theory
5950,Ordinal classification methods
5951,Multivariate statistical distributions
5949,Computer vision
5948,Waveguide quantum electrodynamics
5954,Measure transport in statistics
5953,Theoretical physics
5955,Differential geometry
5942,Extended Reality rapid prototyping.
5947,Extragalactic astronomy
5956,Electromagnetic theory and optics
5944,Tensor learning and algorithms
5952,Astrophysics
5957,Statistical physics
5963,Sports statistics
5961,Plasma physics
5959,Coordination chemistry
5966,Plasma physics and laser-plasma acceleration.
5960,Condensed matter physics
5968,Acoustic scattering and sound propagation
5958,Plasmonics and optical orbital angular momentum
5969,Astrophysics
5964,Nuclear structure physics
5967,Integer programming in wireless sensor networks
5970,Theoretical Physics
5971,Astroparticle physics
5962,Metric measure spaces and analysis
5965,Statistical mechanics of magnetic relaxation
5979,Wireless communications
5972,Stellar kinematics
5975,Theoretical high-energy physics
5978,Mesoscopic superconductor-ferromagnet physics
5980,Integrated quantum photonics
5977,Robotics
5976,Particle physics
5981,Fractional diffusion equations in probability theory
5974,Wireless communications
5985,Theoretical physics
5982,Image compression
5973,Number theory
5984,Network function virtualization in 5G networks
5989,Computer vision
5988,Biostatistics and medical decision making.
5983,Algebraic geometry
5995,Mathematics
5986,Astrophysics
5992,Pedestrian evacuation dynamics
5993,Quantum optics
5996,Complex-valued neural networks
5991,Machine learning
5994,History of mathematics
5987,Astronomy
5997,Descriptive set theory
5998,Computer vision and machine learning.
5990,Convolutional Neural Network Compression
5999,High-energy nuclear physics
