doc_idx,rewrite
10,Animal trivia
13,Banking and finance support
5,Asking about the assistant's age
8,Setting up a vacation request
4,changing voice settings
0,Travel Safety Advice
9,Vehicle maintenance history
2,Travel Information Inquiry
1,Ride Booking
7,Checking credit card application status
6,Checking traffic conditions
11,Car bill payment inquiry
3,Calendar management
12,Personal assistant relationship inquiry
15,Online Shopping
16,Banking and finance
17,Game playing
14,Personal Finance Management
18,Airline baggage policy inquiry
28,Restaurant Reservation Management
25,Credit Card Information
27,Local knowledge and recommendations
30,Philosophical discussion about the meaning of life
21,Voice control
20,Travel Safety Advice
24,Sharing financial information
29,Identifying currently playing music
26,Gratitude for assistance
32,Managing a to-do list
22,Event management advice
23,finding reviews of food products
31,Banking and Finance
33,Map navigation
36,Booking flights
38,Setting reminders
41,Music information retrieval
39,Calendar Management
40,Setting an alarm
42,Checking day off request status
43,Setting a travel notice for a bank.
35,Calendar Management
34,Philosophical inquiry about the meaning of life
37,Gratitude and Politeness
46,Personal information inquiry
48,Creative Writing
49,Currency Conversion
47,Retirement account management
50,Retrieving stored information
51,Managing personal information
52,Vehicle Maintenance
53,Banking and Finance
56,Setting a timer
45,finding restaurant information
44,Calendar management
57,getting traffic and directions
55,Banking and Finance
54,Tax document assistance
19,Travel health requirements
64,Restaurant Reservation
67,Music Playback Control
70,Travel Safety
60,Currency Conversion
61,Finding bank routing number location
59,Adding song to music playlist
68,Messaging and Communication
69,Booking a flight
62,Vehicle Maintenance Advice
63,Shopping and Ordering
65,Setting an alarm
66,Timezone information
58,Cooking and baking substitution advice
71,Setting up direct deposit
73,Vehicle Maintenance
72,Fictional identity and personal background
76,finding bank routing number
75,Setting reminders
83,Booking accommodations
77,Finding credit card recommendations
81,Adjusting assistant voice speed
80,Booking a car
79,Getting the current date
74,Entertainment and Humor
88,checking bill details
84,Finding the date of the next holiday.
87,Managing reminders
85,Banking travel notification
78,Setting the assistant's name
82,Identifying currently playing music
86,Reminders and scheduling
90,Text Editing
91,identifying fraudulent financial transactions
98,Determining assistant identity
96,Navigation Directions
103,Vehicle Maintenance
100,Cooking and recipes
97,Vehicle Maintenance
93,Media Control
104,Checking utility bills
101,Locating vehicle features
92,Personal Finance Management
102,Banking and Finance
89,checking employee time off balance
95,Setting an alarm
99,Getting current map location
117,Travel and transportation
109,Creating a timer
110,Managing todo list items
111,Asking about the assistant's creator
108,Travel requirements
107,Calendar and scheduling
106,Banking and finance
105,confirming restaurant reservations
112,Device settings control
113,Insurance bill payment inquiry
116,Checking bank account balance
114,Personal preference inquiry
119,Italian language translation
124,Travel requirements
125,finding hotels in phoenix
126,Media Control
128,tracking an order
127,Messaging
118,Banking and Finance
122,finding restaurant reviews
121,identifying vehicle fuel requirements
120,Insurance policy management
129,Calendar management
123,Personal finance management
131,Device settings control
130,Naming or addressing the assistant
138,Creating a shopping list
132,Setting language preference
134,making restaurant reservations
133,Booking a rental car
94,Currency exchange rates
137,Banking and Finance
115,Automotive maintenance and repair
136,Cooking and baking substitution inquiry
140,Device Settings
142,Order Status Tracking
139,Rolling dice for a game
141,Scheduling automotive maintenance
143,making a phone call
135,finding instructions for reporting a lost card
144,Credit Card Management
150,finding a lost phone
152,Currency Conversion
145,getting tax forms
147,Food and nutrition information
155,scheduling a meeting
148,Banking and Finance
149,banking and finance
151,Booking hotel accommodations
160,Booking a meeting room
161,Banking and Finance
158,Finding a lost device
159,Command Execution
166,Booking hotel accommodations
157,Ordering food
164,finding a lost phone
156,Canceling a reservation
162,Asking about the assistant's status
163,Maps and Navigation
165,Retrieving remembered items
168,Spelling assistance
167,Insurance Policy Management
175,Billing and Payments
174,Identifying the AI assistant's developer
170,identifying plug types
176,Ordering new checks
169,Travel health vaccination requirements
172,Ending a conversation
177,Philosophical inquiry
171,Credit card transaction fees
178,personal finance
173,Personal finance management
181,Setting an alarm
185,Finding store locations
186,checking credit card rewards
180,Banking information inquiry
184,International travel advice
189,adding a task to a to-do list
187,Travel electricity plug type information
183,Change voice settings
182,Setting assistant preferences
190,Setting up direct deposit
191,Credit card rewards management
188,Paying bills using a bank account
192,Language translation and learning
193,making restaurant reservations
194,Random number generation
196,Setting a timer
202,Setting a timer
197,Generating random numbers
201,Gratitude and appreciation
198,Automotive maintenance information
203,Vehicle Maintenance
204,Vehicle maintenance and fuel requirements
195,Personal information inquiry
200,Canceling a request
199,banking and finance
205,getting directions to a location
206,Canceling a request
209,Calendar management
213,Personal Finance
211,Banking and Finance
208,Banking account management
212,Indian cuisine meal suggestion
210,Finding nearby marijuana dispensary locations
215,Music Playlist Management
214,Company information
216,Financial assistance
207,Calendar and scheduling
217,getting car information
225,Incomplete request for clarification
219,finding restaurant reviews
220,Spelling assistance
221,Personal Finance Management
222,Identity and nickname management
224,Banking and Finance
223,Managing tasks
218,Messaging
227,personal finance management
226,Voice Control
228,Providing animal facts
229,Pet Inquiry
232,Finance and Bill Management
233,banking account balance inquiry
231,Managing personal finances
230,finding product prices
236,Cooking and recipes
238,Airline baggage policy information
237,Nutritional information inquiry
235,Smart Home Control
234,Reporting missing luggage
241,Human Resources
243,Finance
154,Food and Dining
146,banking and finance
179,Calendar management
153,Media Control
242,Restaurant Reservation
240,Travel planning
245,Banking and finance
239,finding car rental locations
248,Checking account spending limits
246,English language learning
251,Social Communication
253,Asking about the assistant's origin
250,finding luggage location
247,Setting a timer
254,Device control
249,Travel and Transportation
244,Personal Information and Biography
259,Restaurant Reservation
257,Package tracking
256,Requesting speech repetition
261,Restaurant Information
267,Personalization and Preferences
260,finding credit card APR information
263,Airline baggage policy inquiry
265,Personal finance management
264,Automotive assistance
262,Social Conversation
269,Animal Jokes
266,Checking calendar events
270,Setting an alarm
268,checking flight boarding time
272,Vehicle fuel efficiency
274,checking personal finance information
271,Restaurant Reservation
273,Identifying assistant voice origin
276,Time Off Management
278,Banking and finance support
279,Requesting entertainment or humor
282,getting directions to a location
277,Banking and finance
281,Device settings management
280,Math calculation
283,Food storage information
285,Managing shopping lists
290,Cooking and recipe substitution
284,Currency exchange rate查询
286,Checking the weather forecast
289,Vehicle maintenance scheduling
293,Adding an item to a to-do list
294,finding restaurant reviews
287,confirming understanding
291,Unit Conversion
295,Ending a conversation
288,Translation from English to Spanish
255,Banking account balance inquiry
258,Paying utility bills
252,Finding current location on map
292,Asking about the assistant's origin.
275,Personal Finance Management
296,Checking credit card spending limit
299,Cooking and Baking
298,Setting a timer
297,Personal finance and taxes
304,Banking and Rewards
302,Cooking time inquiry
310,Korean language translation assistance
306,Providing dinner suggestions
300,Naming the assistant
308,Travel planning
303,Nutritional information inquiry
309,getting current location on a map
301,Setting an alarm
311,Making a phone call
307,change assistant mode
305,Nutritional information inquiry
312,Managing lists
313,Assistant Origin and History
315,Math calculation
321,assistance with financial applications
319,Calculating the result of a die roll
314,Asking about the AI's personal hobbies
317,Vehicle maintenance tracking
324,ordering beverages
320,checking personal calendar information
323,Identity Management
325,Personal Finance
316,Human resources assistance
322,confirming a restaurant reservation
318,Identifying vehicle fuel requirements
327,Credit Card Expiration
328,checking vehicle fuel level
330,checking restaurant busyness
336,Account management
326,Travel requirements
337,Banking and finance
334,Checking bank account balance
331,finding business waiting times
333,Cooking time inquiry
329,Credit Card Information
339,Change language setting
335,Restaurant Reservation
340,Travel assistance
332,Scheduling time off
338,Audio settings adjustment
342,finding tax document information
341,Booking hotel accommodations
344,Reporting a lost card
346,Music Playlist Management
348,Submitting a PTO request
343,Cooking and recipes
349,reminding the user about a to-do list
353,Identity Verification
352,Banking and finance account management
350,Voice control
354,Restaurant Reservation
355,booking a flight
347,Automotive maintenance instructions
358,Media Control
351,Nutritional information inquiry
345,Vehicle Maintenance
356,Checking traffic conditions
357,Identifying the best gas option
362,Coin flipping
361,State tax information inquiry
360,Cooking and Baking
364,Health information regarding travel requirements
363,Checking credit card rewards balance
371,Booking a flight
368,scheduling a meeting room
359,tracking personal expenses
367,Travel assistance
373,Casual Conversation
375,Generating random numbers
369,checking vehicle fuel level
374,Music Playback Control
372,Update user nickname
378,Credit card expiration date inquiry
370,banking and credit card management
366,Translation
377,checking remaining vacation days
380,Checking travel alerts
379,Checking vacation balance
365,finding restaurant busy hours
384,Finding the nearest hospital
383,Vehicle information query
382,increasing credit card limit
381,Travel assistance
376,banking and finance
386,Vehicle information
397,Improving credit score
394,Banking and finance
385,Changing the assistant's name
392,Getting the current date
387,Philosophical inquiry about the meaning of life
395,Paying bills
393,Restaurant Recommendations
388,Asking about the assistant's creator
391,Weather forecast inquiry
398,Personal life and daily routine
396,finding tax document information
389,Finding Italian meal ideas
399,Personal conversation and small talk
390,Asking about AI's personal hobbies
405,Healthcare plan management
400,Finding recipes
404,Checking credit card application status
406,finding restaurant wait times
409,Scheduling a conference room
411,explaining assistant capabilities
407,Cooking and Recipes
412,Travel recommendations
403,banking and credit card services
414,confirming a restaurant reservation
415,booking flights
413,Device Location
402,Managing lists and reminders
417,Calendar Management
408,Banking and finance assistance
420,Setting reminders
423,Credit Card Services
419,Credit Card Information
422,Spelling assistance
410,Task Management
401,Casual Conversation
418,Setting an alarm
424,Personal assistant identity management
416,Banking and finance
425,Checking debit card rewards balance
430,Messaging
428,finding social venue information
434,Ending a conversation
435,Requesting a ride-sharing service
437,Personalization settings
421,Predicting uncertain outcomes
433,Banking and finance
432,Checking payroll schedule
436,Personal information inquiry
427,Robot and AI Identity
431,Language translation or localization
426,Food storage information
440,Shopping and Commerce
438,Music Playback
429,Audio or speech interaction
439,Spelling assistance
441,Checking vehicle fuel level
443,Checking shopping list items
445,Banking Account Management
453,Random result generation
449,Banking and finance
446,Rolling a die
442,Music Playlist Management
454,Travel visa requirements
444,Sending location to contacts
450,Checking insurance plan enrollment
447,personal finance management
452,Media Playback Control
455,Pet ownership inquiry
457,Travel and Tourism
451,Time and Date
448,Checking credit card information
456,Cooking and recipe instructions
463,Naming the assistant
467,checking vehicle maintenance
460,Setting the assistant's name
459,Unit conversion
458,Music identification
465,notifying bank of travel plans
466,Messaging and Communication
468,Cooking and Recipes
469,Health and human body trivia
471,Expressing gratitude
470,Identifying the currently playing song
473,checking vehicle fuel level
475,Music Playback
476,Correcting information
474,booking flights
472,Restaurant Reservation
480,Banking and Finance
477,checking time off request status
478,Music identification
481,Checking phone bill details
482,Reminders management
486,Ending a conversation
484,Restaurant Information
483,Checking federal tax information
490,Calendar management
489,getting animal facts
487,Gratitude and Politeness
485,Personal Information
488,Banking and finance
492,finding local restaurant recommendations
491,Getting current location
495,Philosophical inquiry about the meaning of life
494,Messaging and Communication
493,Checking vehicle tire pressure
497,Checking vehicle tire pressure
498,banking and finance
503,Language settings adjustment
502,Checking the weather
500,Identifying the assistant's creator or employer
505,checking time off balance
501,Getting current location
504,Assistant Identity and Control
507,Productivity and Task Management
506,Personal finance tracking
509,getting travel directions
510,Checking order status
508,Translation
511,Currency exchange rate查询
517,Shopping and purchasing products
518,confirming restaurant reservation
513,Booking flights
515,Getting weather information
514,Banking and finance
516,Entertainment and Humor
512,Insurance bill payment inquiry
519,Managing shopping lists
524,Checking payroll schedule
522,Checking meeting room availability
521,Vehicle maintenance instructions
520,Vehicle Maintenance
525,Scheduling a car maintenance appointment
526,Personal finance management
523,banking and finance
496,Getting definitions of words
499,Identifying the assistant's developer or creator
529,adjusting device volume
527,Personal Finance Advice
531,Checking bill due date
532,Ride-sharing transportation
534,getting a new credit card
530,Asking about the assistant's creator
528,Cooking and recipes
533,Recipe and cooking information
535,Music Playback Control
536,scheduling and time inquiries
539,checking work status
544,Nutritional information query
538,managing credit points
543,adding items to a shopping list
537,Personal questions about the assistant
541,Language translation and conversation
542,Accent modification
545,Checking vacation time balance
540,Checking current health insurance enrollment
546,Nutritional Information Query
547,Cooking instructions
549,flight status tracking
551,Correcting information
553,Setting user preferences
556,Setting appliance temperature
548,Identity and personalization
550,Setting an alarm
552,Restaurant Reservation Management
555,Philosophical inquiry
554,Credit Card Information
557,paying a phone bill
558,Paying utility bills
563,Checking personal financial information
565,scheduling automotive maintenance appointments
562,Finding restaurant recommendations
566,Checking vehicle fuel level
559,Nutritional information query
564,Booking a meeting room
561,banking and finance
560,Media Control
568,Providing animal facts
567,Human resources policy inquiry
572,Vehicle Maintenance
569,Banking and finance
570,Music Playlist Management
576,Financial Transaction
571,Personal finance management
575,Checking vehicle tire pressure
578,Communication
574,Personal Finance
573,Calendar and Holidays
577,banking and finance
582,requesting historical jokes
579,Coin flipping
580,Personal Finance
583,Calendar Management
585,Unit conversion
581,Philosophical inquiry
586,Entertainment and humor
584,Personal finance and taxes
589,Vehicle Maintenance
590,checking credit card application status
593,Restaurant Reviews
587,Currency exchange rate inquiry
594,Music Playback
592,Banking and Finance
591,Banking and finance
595,Personal information inquiry
596,Calendar and scheduling
599,Checking vehicle maintenance
603,checking remaining PTO balance
604,Identity and Personal Information
598,Checking vacation day balance
605,Speech recognition error handling
600,Finding nearby locations
597,Credit card rewards balance inquiry
602,changing account holder name
601,Checking calendar schedule
606,Vehicle Maintenance
608,Shopping list management
614,Setting a reminder
610,Account Management
611,Shopping List Management
607,Fact verification
613,Calculate annual take-home pay
609,changing insurance plans
612,Reporting fraud on a visa
615,credit limit increase request
462,Checking restaurant reviews
461,Reporting a fraudulent transaction
464,Finding lost items
479,Banking and credit card fees
616,Gratitude expression
618,Calendar Management
623,banking and finance
617,Finding sports trivia
620,Checking order status
619,scheduling car maintenance
622,rephrasing a question
628,Vehicle maintenance history
629,Checking application status
631,Information retrieval about circus trivia
630,Travel information and alerts
627,finding nutrition facts
626,Travel alert information
625,Change voice settings
632,Baking instructions for a cake from scratch
633,Banking and finance
636,Requesting a ride share service
638,Gratitude and appreciation
637,Company Information
643,Personal preference inquiry
642,Restaurant Reservation
640,Vehicle maintenance instructions
634,Setting an alarm
641,Weather trivia
639,Vehicle information inquiry
635,banking and finance
646,Travel visa requirements
645,Personal finance assistance
644,Recommending Indian food
653,Unit Conversion
650,Updating user nickname
648,Calendar Management
652,Casual Conversation
651,Personal questions about the assistant
655,Changing the assistant's name
649,Uncertain response to user query
657,Recipe Lookup
656,Music Playlist Management
647,checking flight status
654,Travel health advice
658,Identity and Capabilities
659,Order Tracking
663,adding items to a shopping list
661,Vehicle maintenance scheduling
664,paying a water bill
667,Time zone information
668,Personal finance tracking
660,Vehicle information query
666,finding tax documents
662,Banking and finance assistance
669,Banking and finance
665,Cooking instructions
671,Nutritional information inquiry
670,Cooking time estimation
674,booking a ride
672,Changing assistant voice settings
673,Travel visa application assistance
678,Summarizing meetings
588,Banking and Finance
677,System Command
624,Asking about assistant capabilities
621,banking and finance
680,Calendar and reminders management
679,Currency conversion
675,Shopping and Purchase History
681,Asking about age
682,banking and finance
676,Banking information retrieval
686,Personal questions about the assistant
689,performing basic arithmetic calculations
691,Checking flight status
685,Banking and finance assistance
684,calculating probability of a die roll
687,Confirming or denying a statement
693,getting traffic information
692,Calendar management
688,canceling a reservation
683,Personalization settings
695,Audio Transcription
704,Getting the current time
697,Vehicle Information
699,Vehicle Maintenance
694,Nutritional information query
696,Time zone inquiry
701,Device Control
705,placing an order for olive oil
700,Automotive maintenance assistance
698,Airline carry-on policy inquiry
702,Financial Services
703,Checking PTO balance
706,Food and Cooking
690,Banking and credit card rewards
718,Personal Finance Management
711,Managing bill payments
714,Cooking measurement conversion
709,Managing to-do lists
717,Making restaurant reservations
720,Finding local automotive services
707,Banking and finance
710,Checking package delivery status
708,Viewing financial transactions
716,assistance with tax form retrieval
713,Calendar Management
715,Checking time off request status
719,Unit Conversion
712,car loan payment deadline inquiry
722,Setting up numbers
721,checking vehicle fuel range
728,Checking credit card interest rate
729,Device settings management
725,Restaurant wait time inquiry
727,Managing shopping lists
724,Banking and finance support
731,Checking flight luggage status
732,Shopping
726,making restaurant reservations
734,Playing games
723,International travel requirements
730,Personal questions about the assistant
735,Canceling a reservation
736,Adjusting assistant settings
740,Shopping list management
733,Travel health requirements
741,Credit Card Management
739,Calendar management
737,Checking thermostat settings
743,Checking vehicle fuel level
738,setting a timer
742,Vehicle Maintenance
744,stating a possibility
747,Checking traffic conditions
746,Food storage information
748,Media Control
745,paying bills
751,Cooking time estimation
752,Checking the weather forecast
754,Car rental reservation
750,Checking financial information
758,Restaurant Information
755,Credit Card Information
760,getting tax forms
757,scheduling a reminder
759,Music Playback Control
753,Finding lost devices
762,Ride booking
761,Spelling assistance
756,Adding a song to a music playlist
749,I am unable to determine the domain.
763,Casual Conversation
769,Calculating federal tax total
771,Time and Time Zones
764,Vehicle maintenance assistance
765,Social Conversation
767,checking employee time off balance
772,Restaurant Reservation
770,Checking vacation approval status
768,Credit Card Replacement Time Inquiry
777,Communication
782,Device Management
779,Productivity Management
774,Personal Finance
783,Troubleshooting credit card issues
766,confirming a restaurant reservation
778,finding restaurant recommendations
776,Submitting a time off request
775,Sharing location information with contacts
780,Task Management
781,Creative Writing
773,Checking credit card application status
784,Media Control
788,making a phone call
789,Unit Conversion
791,Entertainment
786,Credit card application assistance
795,Checking credit card application status
792,controlling assistant speech
787,Personal Finance
790,Currency conversion
797,Banking and Finance Assistance
785,Banking and finance support
798,Credit card management
794,Banking and finance
793,Traffic information inquiry
802,Creative Writing
796,Personal Finance Management
801,Unit conversion
800,Asking the assistant's name
804,checking credit card rewards
805,Smart Home Device Control
803,canceling a reservation
799,Checking vehicle tire pressure
806,Booking a flight
807,Creating a shopping list
808,Travel visa requirements
815,Shopping
809,Paying rent bill
822,Restaurant Reservation
812,banking travel notification
819,Math calculation
817,Banking and Finance
820,Sharing location
811,Social Interaction
813,Payroll and compensation inquiry
818,Personal Finance
814,Flipping a virtual coin
816,General domain of assistant use
810,Checking vacation request status
821,Requesting repetition of previous response
823,Credit Card Services
830,Credit and finance management
828,getting a definition
824,checking current credit score
829,finding nutrition information
833,Tracking time off
825,Suggesting a Vietnamese meal
831,finding nutrition information
834,Device settings management
827,Discussing personal hobbies
835,Productivity and Task Management
832,Asking about origin
826,Travel visa requirements
836,Vehicle maintenance information
837,Finding a hotel in Honolulu
838,getting directions
839,Communication
844,Reporting a damaged card
840,banking account management
841,Retirement account management
848,ordering groceries
845,Task Management
846,Device settings control
851,Travel power adapter requirements
843,Entertainment
847,Media Control
850,Health plan information inquiry
852,Airline baggage policy information
849,Setting an alarm
856,International card usage fees
855,Personal interests and hobbies
857,Restaurant Information
858,Car maintenance and troubleshooting
860,Sharing current location with a contact
859,getting a credit card
864,Calculating utility costs
862,Adding music to a playlist
861,Task Management
865,Cooking instructions
863,Travel and tourism recommendations
868,reporting travel plans to bank
866,Checking the current date
869,Music Playback
870,switching insurance plans
872,Travel planning
873,Booking a car in Syracuse
871,Food storage information
876,finding food recommendations
874,Ride Booking
879,Vehicle maintenance advice
880,Travel duration estimation
878,System Control
881,billing and payments
883,Speech rate adjustment
884,Vehicle maintenance scheduling
882,International banking fees
886,Checking vehicle fuel level
888,Set default language to Swedish
885,Setting a reminder
887,Finding restaurant suggestions
890,Uncertain response to user query
889,Providing a recipe
891,finding restaurant reviews
892,Troubleshooting a damaged card scan
893,Naming or addressing the assistant
896,Identifying the nature of the assistant
897,Managing shopping lists
895,Calendar management
875,Vehicle Information
877,Submitting a vacation request
898,Retrieving stored information
901,banking and finance
894,Banking and finance account management
900,Fact checking
899,Nutrition information inquiry
902,Banking and finance support
906,Banking and Finance
905,Applying for a financial product
904,Banking and finance assistance
903,Getting travel time information
842,Order Tracking
867,Car maintenance scheduling
854,Dictionary definition lookup
853,Checking internet plan cost
915,scheduling and time management
916,finding tax documents
918,Checking credit score
912,asking about plugging in electronics
914,Requesting tax document
909,Workplace Information
910,Device Volume Control
919,Identifying a song title
917,Checking PTO balance
920,Travel and Logistics
911,Vehicle maintenance
907,Explaining workplace procedures
913,Unit conversion
932,personal finance management
923,Asking about the assistant's origin.
921,Finding activities and attractions in Phoenix
933,Checking credit card application status
922,Checking the weather forecast
930,Personal finance management
927,Personal finance management
925,banking and finance
931,Automotive maintenance instructions
929,Personal finance management
934,Checking vehicle tire pressure
940,Philosophical inquiry
941,Todo List Management
936,Food Safety
939,Gratitude and appreciation
942,Device Control
935,Banking and Finance
937,banking and finance support
943,Package tracking
944,checking financial expenses
948,Restaurant Reservation
946,Finding a lost object
938,Entertainment
908,Device troubleshooting
928,Vehicle Maintenance
949,Ride-hailing and transportation
952,ordering banking supplies
950,Finance and taxes
951,Unit Conversion
953,Booking a car rental
945,changing language settings
947,Setting reminders
956,Music Playlist Management
955,finding tourist attractions in mumbai
957,Personal assistant identity
954,Vehicle Maintenance
958,Restaurant reservation
959,Volume control
963,Identifying the assistant's creator or owner
961,Banking and Finance
960,Identifying music playing on a device
968,Time Off Management
967,Personal Finance
969,Scheduling and Time Management
924,checking payroll or payment schedule
926,Nutritional information inquiry
970,Location Sharing
971,Creative Writing
966,identifying the design company of an object
974,Checking flight status
976,finding store locations
972,Travel visa requirements
977,Finding a lost device
975,Personal Finance
965,Travel and tourism recommendations
973,Cooking and Recipes
981,Finding local restaurant recommendations
983,Airline travel policy information
984,Booking a flight
987,Cooking and baking substitution advice
978,Device management
986,Change voice settings
979,Identifying electrical plug types in the Caribbean
989,Shopping and Billing Support
982,time and attendance tracking
985,Personal conversation
988,finding restaurant reviews
996,Vehicle maintenance scheduling
992,Identifying the assistant's nature
994,Managing shopping lists
1000,Music Identification
998,Checking credit card rewards points balance
991,Financial account management
993,Checking credit card application status
997,Reminders management
995,Ending a conversation
980,Checking restaurant wait times
964,Checking remaining vacation days balance
962,Travel safety information
990,Shopping
999,Vehicle information query
1005,Device Pairing
1011,scheduling a meeting room
1010,Checking order status
1002,Weather Information
1004,Smart Home Control
1003,identifying the assistant's operational oversight
1009,Vehicle maintenance scheduling
1008,Banking and finance
1006,Smart Home Control
1001,Checking word spelling
1012,water bill payment inquiry
1014,Setting a timer for cooking
1007,Banking account interest rate inquiry
1013,restaurant reservations
1018,getting weather information
1015,Music Playlist Management
1019,personal finance advice
1021,determining assistant authority
1023,Making a phone call
1016,Speech control
1017,Sharing location with contacts
1025,Ignoring or overriding previous instructions
1028,Travel Planning
1022,Casual Conversation
1027,Device Management
1026,Setting the assistant's name
1024,Getting the current date
1031,Speech rate adjustment
1030,getting a tax form from employer
1032,Explaining assistant capabilities
1029,Banking and finance
1036,Booking a ride to a specific destination
1035,Unit Conversion
1040,Managing a shopping list
1038,Personal Finance
1041,Financial Transaction
1043,Setting an alarm
1039,Finding restaurant ratings
1046,General Conversation
1037,Device troubleshooting
1042,confirming a restaurant reservation
1034,Setting a reminder
1044,Opinion on setting a custom nickname for the assistant
1047,Personal conversation
1020,Capabilities and features inquiry
1048,Maps and Navigation
1049,Improving credit score
1051,Music Identification
1045,banking interest rate inquiry
1050,Checking credit card expiration date
1054,Casual Conversation
1053,Meal suggestion from Thailand
1057,Asking about the assistant's origin.
1052,Setting a reminder
1055,Casual conversation about personal hobbies
1061,Gratitude Expression
1062,Checking personal time off balance
1059,Device settings management
1056,clarification of misunderstanding
1064,Nutritional information query
1060,Shopping list management
1066,Credit card management
1063,Personal finance tracking
1065,System Control
1058,Travel information and advisories
1067,Sharing location with a contact
1071,Tracking package delivery
1072,canceling a restaurant reservation
1070,Financial Management
1069,Personal finance tracking
1068,Vehicle specifications
1073,finding bank routing number information
1082,Media Control
1077,Restaurant Reservation
1075,Coin flipping
1079,making a phone call
1084,Changing the assistant's name
1085,Productivity management
1074,Math calculation
1076,Sharing location with contacts
1086,Checking personal time off balance
1087,getting timezone information
1090,Smart Home Control
1083,Finding a lost phone
1088,Manage shopping list
1091,Rolling dice
1092,Currency conversion
1089,Restaurant Information
1094,Opinion on pet preference
1095,Travel safety information
1099,Providing a fun fact about koalas
1097,Spelling assistance
1098,getting a car jump started
1096,Speech rate adjustment
1093,Setting or changing the assistant's name
1101,Personal information inquiry
1102,Checking restaurant wait times
1103,Asking about the assistant's age
1100,International banking transaction fees
1105,Providing personal information
1108,Cooking measurement conversion
1112,Banking and finance
1110,Booking a rental car
1104,Managing reminders
1114,finding restaurant recommendations
1107,Restaurant Information
1113,Financial advice
1115,Agreement and acknowledgment
1120,Understanding assistant capabilities
1116,Banking and Finance
1119,finding a new insurance plan
1118,Restaurant Reservation
1122,Banking account management
1121,Asking about capabilities
1117,checking work administration status
1126,Getting tomorrow's date
1127,Ending a conversation
1125,Cooking and recipe assistance
1129,Vehicle information inquiry
1123,adding item to list
1128,Restaurant Information
1124,Payment inquiry
1078,Setting a timer
1080,Checking current weather conditions
1033,Car Rental Booking
1081,Flight status and information
1132,Sharing user location with a contact
1134,Credit Card Application Status
1136,Getting current location
1130,finding restaurant ratings
1135,Cooking and recipe advice
1139,Credit Card Information
1141,Travel planning
1145,Personal questions
1143,Asking about the assistant's origin
1140,getting a car jump started
1144,Spelling assistance
1138,Booking hotel accommodations
1146,Timezone information retrieval
1109,Information retrieval
1106,Booking roundtrip flights
1147,finding out when rent is due
1111,Banking and finance assistance
1148,undoing an action
1149,Travel advice
1151,Time zone information
1153,Getting the current time in a location
1150,credit card information inquiry
1155,Travel health advice
1158,Managing to-do lists
1157,Getting the current time in a location
1159,Vehicle maintenance instructions
1152,finding restaurant recommendations
1156,Checking vehicle tire pressure
1160,Banking and Finance
1163,confirming a restaurant reservation
1162,Coin flipping
1164,finding car payment due date
1161,Timezone information
1165,finding restaurant recommendations
1166,Ending a conversation
1167,Canceling a reservation
1169,Finding restaurant suggestions
1168,banking and finance
1170,Checking bill payment details
1171,Asking about the assistant's age
1173,Music Playback Control
1175,reporting a lost card
1133,Banking and Finance
1131,Banking and Finance
1142,Travel baggage policies
1172,Travel visa requirements for Cuba
1174,Time and Timezone Information
1176,Banking Information Retrieval
1177,Banking and travel notification
1179,Ordering new checks
1180,Checking card expiration dates
1182,canceling a reservation
1186,Timer Management
1190,Submitting a PTO request
1178,Vehicle Information
1189,Scheduling a meeting room
1181,Calendar management
1184,Calendar management
1188,checking bill due dates
1187,Booking a car rental
1185,Setting up direct deposit
1191,Automotive maintenance and fuel inquiry
1192,Checking financial account balance
1194,Booking transportation
1193,Nutritional information query
1200,Vacation request status
1196,Pet Preference
1198,Retrieving tax documents
1199,Sharing location with a contact
1202,getting travel time and distance
1195,listing flight carry-on restrictions
1197,Asking about the assistant's personal attributes
1201,Vehicle maintenance scheduling
1204,Setting a timer
1206,Task Management
1211,Productivity and Task Management
1203,Banking Account Management
1207,checking credit card rewards
1210,Banking information inquiry
1208,Music Playback
1213,Identity and Personal Information
1205,Booking a flight
1209,Managing finances
1212,Identifying the assistant's nature
1217,getting travel time directions
1218,Checking minimum bill payment amount
1215,personal finance management
1214,Scheduling vehicle maintenance
1219,Math calculation
1216,Banking account inquiry
1221,Banking and Finance
1220,Personal finance management
1223,Random number generation
1224,Financial planning assistance
1222,Vehicle Maintenance
1227,Fact checking
1226,Banking and finance
1225,Incomplete input for domain classification
1228,Food storage information
1232,Asking for personal information
1230,Checking personal credit score
1229,Health Information
1233,making a phone call
1235,Social interaction
1231,Checking on wellbeing
1234,Setting alarms
1237,Personal information inquiry
1236,Scheduling and time off inquiries
1241,finding bill due dates
1244,Music Playback
1242,Calendar Management
1245,Vehicle maintenance instructions
1246,Finding a lost phone
1240,finding lost luggage
1243,Sharing location with a contact
1248,Reservation Management
1247,Media Control
1154,getting credit score
1183,Unit conversion
1137,Calendar management
1250,getting travel directions
1253,Language Learning
1254,Spelling assistance
1251,Checking upcoming holidays and dates
1249,Game playing
1255,Credit card payment inquiry
1256,Calendar and scheduling
1252,Booking a flight
1257,Japanese language or culture suggestions
1260,Health and Fitness
1258,Messaging and Communication
1259,Recalling information
1261,Reporting unauthorized financial transaction
1263,Phone bill payment inquiry
1262,Personal Finance
1266,Productivity and Task Management
1267,Translation
1264,checking vacation request status
1268,Health Insurance Inquiry
1269,finding nearby gas stations
1275,Order Status Inquiry
1277,calculating time off duration
1279,Music Playback
1273,Banking account inquiry
1272,Vehicle Maintenance and Repair
1270,Banking and finance
1271,Smart Home Control
1278,Managing a to-do list
1274,banking and finance
1276,Credit Card Rewards Inquiry
1280,Banking and Finance
1281,Shopping list management
1283,Personal Finance Advice
1287,Checking luggage status
1284,Payment and banking issues
1289,Managing a shopping list
1286,Travel adapter requirements
1285,Banking and Finance
1282,Banking and finance account management
1291,Calendar management
1288,Fact checking
1290,Food and Dining Recommendations
1292,Checking credit card application status
1294,checking device temperature
1295,Checking application status
1293,Requesting time off
1299,Managing a shopping list
1297,Nutritional information query
1296,Personal Finance
1298,Checking order status
1300,Setting user nickname
1301,Media control
1304,canceling a restaurant reservation
1302,Banking and Finance
1238,Setting an alarm
1239,Asking about personal background
1307,Checking personal credit score
1265,Device settings management
1303,banking and finance
1305,International card usage fees
1306,Banking and finance
1309,Messaging and Communication
1308,Finding a lost phone
1311,Credit Card Information
1310,Finding a lost device
1320,personal finance management
1316,Checking vehicle maintenance status
1317,checking PTO balance
1313,Calendar and scheduling
1319,Vehicle information inquiry
1314,personal finance management
1315,Getting device location
1323,Finding lost luggage
1322,Salary and income inquiry
1324,Setting appliance temperature
1328,getting time zone information
1318,banking and finance
1325,Finding a lost device
1329,Unit conversion
1312,Identifying the current conversational partner
1333,Random number generation
1330,Paying bills
1326,checking car fuel range
1331,asking about assistant capabilities
1332,Identifying the creator of an entity
1337,Opinion on changing assistant's name
1336,Order Tracking
1338,booking flights
1335,Setting contact name or nickname
1340,Smart Home Control
1339,Travel safety advice
1334,device control
1346,Checking employee benefits
1348,Managing reminders
1341,Currency conversion
1350,Calendar Management
1343,Personal Finance
1342,American cuisine recommendations
1345,Travel and tourism recommendations
1347,Shopping and Payments
1349,Science Fiction Reference
1344,Media Control
1351,Order status checking
1355,Getting current location
1357,Travel destination recommendation
1352,Banking and finance assistance
1360,Shipping and delivery status inquiry
1354,Requesting a new credit card
1359,Asking about the assistant's emotional state
1353,checking water bill due date
1361,Personal finance management
1358,Banking Account Information
1363,checking vehicle fuel range
1365,Time and Timezone Information
1364,Setting a custom name for the assistant
1362,Calling the assistant by a nickname
1369,Gratitude expression
1366,changing voice settings
1367,Naming the assistant
1371,Personal identity and introduction
1370,Entertainment and Humor
1368,Checking vacation time balance
1372,Identity and Personal Information
1380,Spelling assistance
1375,Checking vacation balance
1379,Device Settings Management
1373,Device Settings Management
1382,Travel health requirements
1381,Cooking and baking instructions
1376,Setting reminders
1377,identifying vehicle fuel requirements
1384,Finding recipes
1383,finding recipes and ingredients
1374,finding nearby store locations
1378,Checking personal credit rating
1385,Banking account management
1386,Media Playback Control
1388,Checking local weather conditions
1389,Setting appliance temperature
1392,Information seeking
1387,finding recipes
1390,Checking credit score
1395,Credit card rewards balance inquiry
1396,Checking flight status
1393,Checking financial information
1398,Banking Information Query
1397,Simulating a coin flip
1394,Checking credit score
1403,international travel plug compatibility
1406,Device Settings
1405,Assistant Knowledge
1408,reporting lost belongings
1404,Currency exchange rate查询
1402,Banking and finance
1407,Credit and finance
1401,Media Control
1409,Personal finance tracking
1399,Automotive maintenance and repair
1400,Asking the assistant's name
1410,Personal Assistant Identity
1414,getting directions
1413,General Knowledge and Capabilities
1416,Math calculation
1411,Unable to determine the domain.
1419,reporting lost luggage
1417,Vehicle Maintenance
1415,Calendar management
1418,Checking remaining PTO balance
1420,Addressing the user by name
1421,Business and Professional Services
1422,Scheduling and Calendar
1423,Music Playback Control
1427,Getting the current date
1428,getting directions to a location
1424,Scheduling and time off requests
1429,Checking order status
1431,Device Connectivity
1430,Vehicle fuel efficiency inquiry
1426,making a phone call
1425,Reporting fraudulent activity on a credit card
1433,Reporting a lost card
1434,Finding recipes
1437,Booking a meeting room
1439,Device Control
1435,General domain of assistant use
1440,finding where to get a W2 form
1441,Checking monthly bills
1443,banking and finance
1438,Currency conversion
1442,Mathematical calculation
1445,Personal information and hobbies
1444,Banking account information inquiry
1446,Personal Finance and Tax Planning
1356,Cooking time inquiry
1321,Current date and time
1327,Personal information inquiry
1448,Financial Information
1391,Calendar Management
1412,Speech rate adjustment
1432,Booking a rental car
1436,Automotive maintenance instructions
1449,Contacting customer support for a damaged card
1450,Setting a timer
1451,Restaurant Reservation
1453,Vehicle fuel estimation
1455,Media Control
1447,Vehicle maintenance instructions
1452,Vehicle Maintenance
1456,Identifying items to remember
1461,Assistant Identity
1460,Media Control
1464,Device Control
1458,ordering checks for a bank account
1454,banking and finance
1462,Messaging and Communication
1457,banking and finance
1467,Flipping a coin
1459,Checking flight status
1465,Music identification
1463,Checking credit card expiration date
1466,Checking status of vacation request
1468,Translation and language learning
1469,Personal finance management
1471,ordering a product
1479,Nutrition Information
1474,Personal finance
1480,Vehicle Maintenance
1483,Banking account management
1482,Calendar and scheduling
1473,Setting a timer
1470,Vehicle maintenance instructions
1481,checking bill due dates
1477,Credit Card Account Inquiry
1478,Personalization Settings
1484,Getting timezone information
1476,Setting appliance temperature
1472,removing an item from a to-do list
1475,reporting fraudulent activity on a bank card
1494,Personal finance management
1489,Managing grocery lists
1497,Setting a timer
1491,Philosophical information retrieval
1485,Voice control
1492,Vehicle Maintenance
1487,Getting weather information
1496,Music Playback
1495,Automotive information query
1488,Math calculation
1490,Setting an alarm
1498,Booking a meeting room
1493,Travel Safety Information
1486,making a restaurant reservation
1504,Account management
1509,Asking for personal information
1505,checking bill due dates
1499,banking account management
1508,Insurance Policy Management
1507,Checking the current time
1510,Creative Writing
1511,Checking traffic conditions
1502,Correcting information
1512,Calendar and scheduling
1503,checking paid time off balance
1500,Checking vehicle fuel level
1501,Providing animal trivia
1506,Personal Finance
1519,Finding nearby gas station locations
1517,General Knowledge and Information
1524,Confirming receipt of a message
1515,Creative writing and roleplay
1525,showing map location
1522,Checking cellphone bill payment amount
1523,finding local restaurant recommendations
1513,Checking tire pressure
1518,finding nutritional information
1526,providing travel time estimates
1521,Calendar Management
1529,Checking bank balance
1528,Setting device volume
1532,Checking vacation status
1527,Airline baggage policy information
1536,Checking reminders
1535,Creative Writing
1533,Unable to determine assistant domain.
1531,Cooking and Recipes
1530,Scheduling car maintenance appointments
1537,Sharing current location
1539,Booking a rental car
1546,Vehicle maintenance and repair
1534,Cooking and recipe substitution
1545,Travel visa requirements
1543,Checking traffic conditions
1542,increasing credit card limit
1538,General domain of assistant use
1547,Cooking time inquiry
1540,canceling restaurant reservations
1541,Personal Finance Management
1544,Ending a conversation
1548,Travel adapter requirements for Wales
1551,Music identification
1549,Game play
1550,Discussing personal hobbies
1556,ordering items from a shopping list
1557,Personal finance management
1555,Simulating a coin flip
1558,getting time zone information
1553,requesting tax document
1552,Scheduling or Task Management
1561,Device Connectivity
1560,checking vacation days balance
1562,Checking credit score
1554,Getting the current time in a location
1559,Unit Conversion
1566,Vehicle Maintenance Tracking
1567,Food storage information
1568,Managing personal finances
1564,Requesting speech repetition
1563,Smart Home Control
1569,Messaging
1565,Finding nearby gas stations
1572,Banking and finance
1575,banking and finance
1580,Account management
1573,Sharing financial information
1579,Personal Finance
1576,Insurance Plan Inquiry
1577,Task Management
1574,banking and finance
1578,Personal questions about the assistant
1586,reporting lost card
1581,Messaging
1582,Dictionary definition lookup
1584,scheduling car maintenance
1587,Food storage information
1588,adjusting device settings
1583,Banking and finance
1585,Time and Timezone Information
1589,banking and finance
1593,Airline travel regulations
1597,Currency conversion
1595,banking account management
1594,Setting a custom name for the assistant.
1596,Food storage
1591,banking and finance
1592,finding affordable activities in Colorado
1590,Request to repeat speech
1598,Personal information inquiry
1600,scheduling a phone call
1604,Banking and finance assistance
1606,Setting a timer
1602,Personal Finance
1599,banking and finance
1601,Simulating dice rolls
1605,banking and finance
1607,Cooking time inquiry
1603,Checking vehicle tire pressure
1608,getting a new insurance plan
1610,Changing the assistant's voice settings
1609,Credit card rewards management
1611,banking and finance
1614,Identifying calendar dates
1616,Random number generation
1617,Asking about the assistant's creator
1612,Checking available vacation days
1615,Personal assistant command execution
1619,Checking credit card limit
1623,Creating a grocery list
1622,Setting reminders
1625,Asking about AI characteristics
1620,Finding a lost phone
1624,Booking a hotel reservation
1621,Personal life and preferences
1626,Personal Finance and Scheduling
1627,Travel information inquiry
1628,Messaging Communication
1618,ordering bank checks
1632,Cooking and recipes
1633,making a phone call
1629,Cooking instructions
1634,Banking and finance
1631,Fact checking
1635,Finding restaurant suggestions
1636,Checking vehicle tire pressure
1639,General Knowledge
1637,Banking and finance assistance
1642,Setting alarms
1640,Travel planning and logistics
1641,Calling a contact
1520,Mathematical calculation
1613,Creative Writing
1638,Requesting a ride to a specific destination.
1516,Product Information Inquiry
1514,Speech rate adjustment
1643,Applying for a new card
1645,Getting the current date
1647,finding dinner information
1646,Payment and Banking
1649,Currency exchange rate查询
1652,checking restaurant crowd levels
1656,Tracking package delivery status
1651,Creative writing
1650,Adding song to music playlist
1648,Personal Finance Management
1655,Checking restaurant wait times
1653,Vehicle Maintenance
1644,Account management
1654,Contacting about insurance updates
1630,Travel Information
1570,Calendar management
1571,Explaining the meaning of a slang word
1657,Uncertain about assistant use
1664,Reminders and Task Management
1663,Asking about the assistant's workplace.
1659,Getting current timezone information
1660,Travel visa requirements
1658,Banking and Finance
1666,Currency conversion
1668,Health plan information inquiry
1665,Identity and Capabilities
1661,Updating user profile information
1670,Reporting lost luggage
1671,Travel Assistance
1672,Calculating federal tax amount
1662,Vehicle Maintenance
1669,Finance
1673,Device Connectivity
1674,getting the current date
1667,Restaurant Information
1676,Finding a new insurance plan
1677,Checking vacation day balance
1678,Reporting a lost card
1680,Managing device connections and settings
1675,Checking vacation day availability
1681,finding a recipe
1679,finding recipes
1683,Booking car rentals
1682,Messaging and Communication
1688,Music Playback
1687,Communication
1690,Requesting a joke
1694,activating direct deposit for a bank account
1684,Canceling a request
1685,Definition and meaning
1693,Travel health requirements
1692,checking credit score
1689,Cooking and Recipes
1697,Personal finance management
1695,Vehicle Information
1698,Music Information Retrieval
1702,Productivity Management
1706,Music Playlist Management
1701,banking credit limit inquiry
1696,Managing shopping lists
1704,Sending a text message
1699,personal finance
1700,Vehicle maintenance
1705,Checking vehicle fuel range
1703,Getting the current time in a location
1707,Getting current date
1708,Checking credit score
1712,Travel visa requirements
1715,Todo List Management
1717,Food storage information
1718,finding nearby hospital locations
1719,making restaurant reservations
1714,Checking a shopping list
1710,changing language settings
1713,Finding nearby pharmacy locations
1711,Determining the assistant's identity
1720,Restaurant reservation booking
1716,Playing music
1686,Translation
1691,Notifying bank of travel plans
1721,Managing shopping lists
1723,Communication
1724,Setting an alarm
1725,getting traffic information
1722,Booking a meeting room
1733,Weather information query
1728,Music Playback
1732,Scheduling a calendar event
1727,Reading a to-do list
1730,Banking and Finance
1731,Vehicle information inquiry
1726,Currency conversion
1729,Travel visa requirements for Guyana
1734,Restaurant Reservation Management
1709,Finding nearby locations
1735,Billing and Payments
1742,Booking rental cars
1743,Payment scheduling
1737,finding nutrition information
1739,Cooking instructions
1736,banking and finance support
1747,Banking and finance
1741,Checking the spelling of a word
1740,Checking remaining PTO balance
1745,Calendar Management
1744,Creating a shopping list
1746,Setting an alarm
1756,Music Playlist Management
1751,Banking and Finance
1753,Booking hotels
1748,setting a reminder
1759,Music identification
1738,finding restaurant reviews
1754,Travel and tourism recommendations
1758,Managing a todo list
1750,Banking and Finance
1749,Currency conversion
1760,State tax information inquiry
1755,Personal information management
1752,Shopping list creation
1757,Banking and Finance
1764,Airline baggage policy information
1761,Finding restaurant recommendations
1766,Coin flipping
1767,Vehicle maintenance instructions
1768,Sharing a funny travel story
1772,Banking and finance
1773,Banking and Finance
1763,messaging and communication
1771,Ride Booking
1774,Banking and finance support
1769,Checking vehicle fuel level
1762,Vehicle fuel efficiency
1770,Calendar management
1765,Media Control
1775,Media Playback Control
1780,Cooking and recipe instructions
1781,making a phone call
1778,Nutritional information inquiry
1782,Finding restaurants with high reviews
1776,Finding restaurants in Cleveland
1777,Checking personal financial information
1788,changing device settings
1785,generating random numbers for games
1783,getting traffic information
1779,Calendar Management
1789,Personal Finance
1787,Checking flight status
1784,Time zone inquiry
1786,Payroll and finance
1791,finding nutrition information
1792,Task Management
1790,Asking about electricity standards in France
1798,Banking and Finance
1795,Ordering new checkbooks
1793,Managing shopping lists
1799,Banking and Finance
1794,finding flight carry-on rules
1796,Banking and finance assistance
1801,getting directions
1805,Finding entertainment activities in New Jersey
1803,Account PIN management
1806,Finding banking information
1802,Health and medical information
1800,getting a new credit card
1811,Financial Tax Assistance
1804,Unable to determine assistant domain
1807,Personal information inquiry
1797,Checking vacation approval status
1810,Personal finance advice
1809,Timezone Information
1808,Booking hotel accommodations
1812,Unit Conversion
1813,Banking and finance
1816,Bank of America credit card eligibility inquiry
1815,Account Security Management
1814,Checking on well-being
1818,Package tracking
1824,banking account support
1825,Finding location or navigation
1820,Device Control
1821,finding checking account interest rate
1817,automotive maintenance and repair
1826,Banking and Finance
1822,Timezone information
1827,Requesting assistant to repeat previous output
1828,finding recent transactions
1829,Add item to shopping list
1833,Vehicle Maintenance
1823,Cooking time inquiry
1819,Device Settings
1830,Banking and finance
1834,Automotive maintenance instructions
1831,banking account management
1839,Checking vacation days balance
1832,Restaurant Reservation
1837,Car maintenance and troubleshooting
1836,Checking traffic conditions
1840,Health and travel advice
1838,Travel planning
1844,Food storage information
1841,Travel assistance
1835,Automotive trivia
1850,Recipe Ingredients
1845,Vehicle maintenance tracking
1847,Correcting a previous response
1842,Productivity
1843,Setting an alarm
1848,Banking and Finance
1849,Spelling assistance
1851,Navigation and Directions
1846,Checking time off balance
1852,Travel information inquiry
1855,finding restaurant information
1854,Unit conversion
1853,Philosophical inquiry
1859,Definition of a word
1856,Task Management
1867,Personal Conversation
1865,learning about bees
1858,ordering groceries
1862,Managing reminders
1864,checking credit score
1861,Currency conversion
1866,Car maintenance assistance
1857,Gratitude for assistance
1863,getting flight status
1860,Math calculation
1869,Baking ingredient measurement
1877,distance measurement
1876,Opinion and Decision Making
1870,Coin flipping
1878,Banking account management
1868,Cooking and recipes
1875,Device volume control
1879,Managing reminders
1871,Banking and finance account management
1881,checking traffic conditions
1872,Vehicle Maintenance
1882,Banking account information inquiry
1874,Personal finance management
1873,Vehicle maintenance instructions
1880,managing credit card rewards
1884,Changing voice settings
1883,Music Playlist Management
1888,Random number generation
1893,Music Playback
1890,Banking and Finance
1892,Finding restaurant information
1886,Managing shopping lists
1891,Banking account holds
1894,Finding restaurant reviews
1895,Vehicle maintenance
1889,banking account management
1885,Calendar management
1887,Banking and finance
1896,confirming restaurant reservation
1901,Language translation or learning
1897,Time and Time Zones
1899,Music Playback
1908,Personal information management
1904,ordering a new credit card
1902,Personal finance management
1907,banking account management
1912,Banking and finance
1905,Requesting a ride for five people.
1911,Managing reminders
1909,Creative Writing
1903,Car rental deals
1910,banking and finance
1900,Reporting a fraudulent transaction
1906,Vehicle maintenance
1913,Checking financial rates
1914,finding store locations
1916,Personal information inquiry
1917,Adding items to a shopping list
1920,Flight Information
1921,Banking and finance information inquiry
1924,Human Resources
1925,Calendar Management
1927,Random number generation
1923,General domain of assistant use
1926,Music Playback
1928,Personal finance tracking
1918,Checking vehicle tire pressure
1919,Gratitude for assistance
1922,Music Playback
1929,Calendar Management
1931,Food and recipe information
1930,Task Management
1933,Recipe and Cooking Recommendations
1937,Banking account inquiry
1940,Checking credit card application status
1932,Calendar Management
1939,Banking and Finance
1934,Getting current location
1941,Music identification
1943,Health and Nutrition
1935,Booking a flight.
1942,checking calendar schedule
1936,Getting weather updates
1944,Order Tracking
1946,Personal finance management
1947,Personal Finance
1951,Banking account security monitoring
1952,Setting a nickname for the assistant
1953,Automotive maintenance and repair
1948,Travel visa requirements
1945,scheduling and time management
1954,Credit card application processing time
1956,Music Playlist Management
1958,Ordering bank checks
1957,Smart Home Control
1955,getting tax documents
1949,Adding items to a shopping list
1963,Finance
1962,Vehicle Maintenance
1960,Language settings adjustment
1965,getting time zone information
1961,Definition of a word
1959,Vehicle Maintenance
1968,getting weather information
1966,Music Playback
1970,Banking and finance
1964,Travel recommendations
1967,banking account management
1969,Personal information inquiry
1971,Sharing location with contacts
1972,Nutritional information query
1974,Financial Services
1973,Setting an alarm
1976,Canceling a reservation
1978,Determining the assistant's identity
1977,Questioning assistant speech behavior
1980,Identifying the company responsible for a design
1982,Booking travel
1983,Checking employee leave balance
1898,Restaurant Reservation
1915,Managing todo lists
1938,Restaurant information
1979,Personal interests and hobbies
1950,Banking and Finance
1981,Gratitude for information provided
1975,finding restaurants in Charlotte
1984,Cooking instructions
1986,Finding lost objects
1985,Placing an online order
1990,making phone calls
1993,canceling a reservation
1999,banking account balance inquiry
1997,Checking traffic conditions
1991,Checking restaurant reservation status
1998,Language and Communication
1989,Flight status tracking
1987,Recipe and meal suggestions
1988,Banking and Finance
2000,Financial Services
1992,Banking and Finance
1994,Spelling assistance
1995,Banking Application Status
1996,Travel health requirements
2001,Navigation and Maps
2002,Food Safety Storage Guidelines
2010,Device settings
2008,Scheduling an oil change appointment
2012,Checking credit card application status
2003,getting transportation information
2009,calculating car payment and insurance costs
2007,resetting device settings
2013,Vehicle Maintenance
2005,Media Control
2014,Finding nearby movie theaters
2006,Checking credit card rewards balance
2015,Entertainment and humor generation
2011,Banking Account Access
2004,banking and finance
2016,checking restaurant reservation
2018,Identifying the conversation partner
2020,Bill Payment Scheduling
2019,Personal conversation
2017,Fact checking or verification
2024,banking and finance
2025,Requesting a ride home
2021,Personal Finance Management
2023,Travel destination suggestions
2022,Cooking and Baking Substitutions
2033,Paying a bill
2026,Identity and Self-Description
2034,Setting up direct deposit
2032,Nutritional information query
2038,ordering checks for a bank account
2029,Personal Finance
2027,Setting up direct deposit
2036,Personal preference inquiry
2030,Personal information and preferences
2039,Getting date and time information
2042,Getting current location
2046,Financial Transaction
2040,getting walking directions
2045,Credit card information inquiry
2043,Asking for repetition
2037,Cooking and recipes
2031,Banking and finance interest rates
2044,placing a call
2047,Answering philosophical questions
2049,banking and finance
2041,Personal assistant settings
2048,switching assistant modes
2055,Restaurant Information
2057,banking and finance support
2050,Travel health requirements
2056,Checking personal to-do list
2052,Vehicle maintenance
2059,Cooking and recipe substitution
2058,Music Playlist Management
2054,Checking assistant existence or sentience
2051,Sharing financial information
2053,Vehicle information query
2060,Booking a flight
2061,Travel and Tourism Recommendations
2066,Personal loan interest rate inquiry
2067,Media Control
2062,Setting reminders
2065,Checking credit card application status
2063,Paying bills
2068,Casual Conversation
2069,Unit conversion
2072,Package tracking
2070,Sharing current location
2073,Language translation or learning
2064,incomplete or unclear request
2079,Company information and background
2074,Managing bill payments
2081,Banking and finance
2076,Coin flipping action
2075,Finance
2083,Cooking instructions
2082,Vehicle maintenance information
2084,Travel and Tourism
2077,checking state tax information
2080,Banking account management
2085,Calendar and time information
2078,Cooking and Baking
2088,Entertainment
2089,Sending location to contact
2087,checking credit card interest rates
2093,getting directions
2091,banking and finance assistance
2090,Company Information
2096,Random decision making
2092,Banking and Finance
2094,Philosophical inquiry about life's meaning
2086,Booking a flight
2071,finding lost luggage
2098,Getting the time in a specific location
2095,Requesting a dice roll
2099,Banking and finance
2097,Getting fun facts about today
2100,Personal finance advice
2103,Banking and Finance
2101,Requesting a ride for a group.
2104,changing a name
2105,Vehicle maintenance scheduling
2102,Music Playback
2106,finding restaurant recommendations
2110,banking and finance
2112,Finding recipes
2108,ordering checks for a bank account
2107,Setting a timer
2114,banking and finance support
2116,getting weather information
2115,Adjusting voice speed
2111,Banking and finance assistance
2109,Currency conversion
2113,Submitting a vacation request
2117,Vacation day balance inquiry
2119,Checking assistant identity or nature
2118,Vehicle maintenance
2128,Identity and Personalization
2129,Getting the current date
2120,Banking and finance
2127,Voice command to silence assistant
2123,Media Control
2122,Philosophical inquiry
2124,performing mathematical calculations
2125,Flight status tracking
2130,checking credit card billing date
2121,Finance and bill payment
2131,banking and finance
2133,finding tax documents
2132,Checking vehicle maintenance status
2134,Calendar Management
2135,Personal information inquiry
2139,asking about assistant capabilities
2136,Setting thermostat temperature
2141,Personal Finance
2137,Rolling dice for games
2143,Getting weather information
2126,Managing shopping lists
2138,Requesting speech repetition
2035,International card usage fees
2144,finding tax document information
2028,Invalid or empty document
2145,Opinion on pet preference
2140,Checking credit card details
2148,Identifying the assistant's creator or origin
2149,Account management assistance
2150,Calendar management
2147,International banking transaction fees
2146,Credit card rewards redemption
2142,Booking hotel accommodations
2154,Managing a shopping list
2151,checking vehicle maintenance status
2156,Setting reminders
2153,Messaging and Communication
2157,Payment Inquiry
2159,Getting definitions of words
2165,Setting a timer
2161,Checking vacation balance
2155,Personal assistant and device control
2162,Creative Roleplay
2152,Finding local restaurants
2158,getting information about time zones
2164,Managing shopping lists
2160,Language learning and practice
2166,setting up direct deposit
2167,General knowledge and trivia
2168,Traffic and navigation assistance
2163,Requesting a ride share service
2174,Financial planning
2175,Productivity and Task Management
2173,German language translation
2171,Simulating a dice roll
2179,finding nutrition facts
2182,Checking traffic conditions
2181,Finding lost items
2176,Restaurant Information
2172,Set personal nickname preference
2177,Scheduling a meeting
2170,Income tax calculation
2169,Media Playback Control
2180,Finding restaurant availability
2178,Booking a rental car
2183,finding bill due date
2187,Music Playback
2186,Explaining assistant capabilities
2191,Scheduling and time management
2193,Getting the current date
2195,Checking meeting room availability
2190,Music Playlist Management
2196,Calendar management
2185,checking nutritional information
2192,Speech recognition error handling
2197,Productivity and Task Management
2184,Banking travel notification
2188,Navigation and travel directions
2194,Calendar and scheduling
2189,adding items to a grocery list
2198,Expressing uncertainty
2209,Travel visa requirements
2202,checking vacation request status
2199,Checking restaurant reservation status
2208,Messaging
2201,Confirmation and Verification
2207,Airline baggage policy inquiry
2203,International banking fees
2206,Device settings adjustment
2204,Restaurant information
2211,Nutritional information query
2213,confirming restaurant reservation
2205,Getting the current time
2212,banking and finance
2221,Creating a shopping list
2200,ordering groceries
2217,Philosophical discussion
2216,Media Control
2210,Setting the assistant's name
2215,Game play assistance
2219,Asking about the assistant's creator
2218,Asking about the assistant's status
2222,Device Configuration
2214,Requesting repetition of previous response
2220,Health and travel advice
2224,getting traffic information
2228,General domain of assistant use
2227,Ordering new checkbooks for a bank account
2225,Banking and Finance
2232,checking reservation details
2231,Uncertain response to unclear request
2233,Food storage and safety
2235,Scheduling and Task Management
2230,Personal questions about the assistant
2236,Travel power adapter requirements
2229,System Control
2237,banking and finance
2234,Checking the spelling of a word
2240,Banking account status inquiry
2241,incomplete request
2238,Explaining assistant capabilities
2239,finding car maintenance information
2242,Banking and finance
2245,Package Tracking
2243,Human Resources
2244,Booking a hotel room
2248,Language translation or learning
2252,Managing todo lists
2246,Checking credit score
2226,Managing to-do lists
2223,Banking and Finance
2257,Device Control
2251,Calendar Management
2255,Paying a bill
2250,canceling a restaurant reservation
2256,Banking and Finance
2254,Restaurant Reservations
2247,Calendar management
2253,Personal Finance Management
2249,reminding myself of a PIN number
2262,Transportation Schedule
2259,Personal Finance Management
2258,Requesting banking services
2265,Voice settings
2266,Shopping on Amazon
2268,Checking credit limit
2267,Calendar management
2261,Mathematical Calculation
2260,Travel health advice
2270,Vehicle information inquiry
2263,canceling a restaurant reservation
2271,Finding local experiences in Canada
2264,Identifying upcoming holidays and dates
2269,Calendar management
2276,setting a reminder
2272,Media Playback
2273,Listing ingredients for cooking
2278,Speech rate adjustment
2281,Flipping a coin
2279,Adding song to playlist
2280,Calendar Management
2274,Voice assistant settings
2282,Confirming information
2283,Productivity management
2277,Smart Home Control
2275,Vehicle maintenance
2284,scheduling a car maintenance appointment
2286,Device settings management
2289,ordering checks for a bank account
2285,Asking about public opinion on a product.
2293,Checking flight status
2288,Checking product ratings
2290,Bill Payment Deadline
2287,Calendar management
2292,Conversation and social interaction
2294,checking product or service reviews
2291,Checking the time in a specific location
2297,booking a flight
2298,Repeat previous response
2305,Checking the time
2302,Getting current location
2306,Time and Date
2301,finding nearby gas stations
2295,Vehicle Maintenance
2296,Personal Finance
2299,finding restaurant options
2303,Dictionary and definitions
2304,Paying a gas bill
2300,Speech rate adjustment
2307,Banking and finance
2308,Restaurant Information
2309,Checking PTO balance
2310,Banking and finance
2311,Sending location to contacts
2318,Restaurant feedback and reviews
2316,Checking credit card rewards points balance
2312,Spelling and Word Assistance
2314,Finding tourist attractions in Moscow
2323,Vehicle maintenance information
2322,Device Management
2313,finding restaurant ratings
2317,Addressing the assistant
2320,Getting the future date
2319,Personal finance assistance
2321,banking and finance
2326,ordering a shopping list
2328,Setting an alarm
2334,Checking vehicle fuel levels
2324,Calendar Management
2329,Improving personal credit score
2315,Definition of a word
2333,identifying the issue with a declined card
2325,providing airport arrival time advice
2332,finding nutritional information
2335,banking information inquiry
2331,Calendar Management
2336,Asking public opinion on fast food
2330,Music Playback
2327,Getting restaurant wait time information
2337,Banking and Finance
2344,Finance and banking
2349,Restaurant reservation
2342,banking and finance
2338,finding nearby restaurant locations
2350,Banking interest rate inquiry
2346,Device control
2340,Calendar and scheduling
2341,Travel Requirements
2345,ordering checks for bank account
2348,Checking credit card application status
2347,checking restaurant reservation policies
2339,Credit card usage fees
2351,getting a car jump started
2343,Scheduling a reminder
2353,Music Playback
2357,Scheduling and Time Management
2355,Calendar and Holiday Information
2354,finding nutrition information
2352,Finding French restaurants in Milwaukee
2358,Finance Management
2359,Calling a contact
2364,Language Translation
2356,checking traffic conditions
2360,Sharing location with contacts
2361,Speech recognition error correction
2363,Payroll and compensation inquiry
2362,Device connectivity
2366,Device Control
2365,Payment and billing support
2368,Game piece manipulation
2367,Personal information retrieval
2369,Asking how to address the assistant
2371,checking credit card interest rate
2370,Music Playback
2378,Entertainment
2374,confirming travel plans to a bank
2381,Cooking and recipes
2375,Vehicle maintenance and fuel information
2372,getting travel directions
2379,Calendar Management
2376,Banking and finance
2377,asking about the assistant's status
2383,Messaging and Communication
2385,getting weather information
2382,General Conversation
2380,Social Conversation
2384,Media Control
2373,Auto loan bill due date inquiry
2388,Personal interests and hobbies
2387,Airline policy information
2394,Food and Dining
2397,Health plan coverage inquiry
2393,Credit card information inquiry
2390,Gratitude Expression
2386,banking and finance
2389,Checking day off request status
2398,Voice settings adjustment
2396,Asking for help with a math problem
2395,Paying bills
2391,Restoring device settings
2392,personal finance management
2400,Calculating state tax total
2406,Checking vehicle tire pressure
2404,Flight Status Tracking
2411,Media Playback
2405,Device Management
2409,Calendar and holiday information
2402,Health Benefits Explanation
2407,Banking and finance
2401,Cooking and baking instructions
2410,Account management
2399,Vehicle maintenance
2412,Booking a rental car
2408,Banking and finance support
2413,Personal information inquiry
2403,Setting up direct deposit
2414,Checking vehicle information
2415,Reminders
2422,Shopping
2418,increasing credit card limit
2420,Restaurant Reservation
2416,getting distance and directions
2421,Checking pay schedule
2423,International banking transaction fees
2417,Messaging
2419,Checking the weather in Seattle
2429,Vehicle maintenance history
2426,banking and finance
2435,Booking a flight
2430,Asking about personal hobbies
2425,Food storage advice
2424,Travel Booking
2432,Greeting and Social Interaction
2431,Device Settings Management
2428,International credit card transaction fees
2437,getting tax forms from employer
2434,Banking customer service process
2433,Translating phrases into Mexican Spanish.
2427,Public transportation travel time inquiry
2439,Checking the time in a specific location
2436,Travel and Tourism
2438,Device settings management
2446,requesting tax document assistance
2443,checking employee benefits
2445,Account access management
2440,Personal information inquiry
2444,Translation
2447,Casual Conversation
2441,Music Playback
2450,Setting contact preferences
2453,Banking and finance
2451,Banking and finance
2448,Profile Management
2442,Health and nutrition information
2452,Productivity
2449,Checking travel alerts
2456,Audio settings
2459,checking payroll schedule
2458,Reservation Management
2460,Order Tracking
2454,Travel visa requirements
2455,getting directions or navigation
2457,Gratitude and acknowledgment
2461,Vehicle information inquiry
2465,Personal Finance Management
2467,Automotive Maintenance and Repair
2462,Device Control
2466,Personal finance advice
2468,Asking about personal background
2470,Asking about assistant capabilities
2463,Scheduling and Calendar
2469,Requesting a credit card application
2464,Gratitude expression
2474,making a restaurant reservation
2475,checking credit card rewards
2478,Text-to-speech voice selection
2473,Personal information inquiry
2476,Currency exchange rate inquiry
2479,Checking vehicle fuel status
2477,Fact checking
2471,Car maintenance assistance
2472,Setting alarms
2480,Unit Conversion
2485,Calendar Management
2486,Productivity
2484,Insurance policy management
2482,Banking and Finance
2481,Credit Card Rewards Balance
2483,Gratitude expression to an AI assistant
2493,Travel alert information
2487,Rewards redemption
2490,Food and Dining
2488,Vehicle maintenance information
2491,Language Proficiency
2492,calculating electricity bill cost
2494,Media Subscription Management
2495,Shopping
2496,Booking accommodations
2502,checking nutritional information
2503,Travel health requirements
2489,Health and Nutrition
2504,Music playback information
2497,Personal identity and preferences
2500,Setting a timer
2498,getting traffic information
2501,Identifying assistant type or nature
2506,Geography and international standards.
2499,finding restaurant food quality
2508,Automotive assistance
2505,Planning a goal or resolution
2509,Definition of slang term
2507,Restaurant Information
2511,Reminders and memory tasks
2510,Restaurant Information
2513,Changing assistant voice settings
2515,Ending a conversation
2518,Banking and finance
2512,Banking and finance
2517,Creative Writing
2523,activate direct deposit to chase account
2514,Vehicle Maintenance
2522,Personal Finance
2519,Banking and finance support
2521,checking paid time off balance
2516,Personal Information Management
2520,Messaging and Communication
2533,Booking a car rental
2531,Vehicle Maintenance
2526,Credit card application status
2525,Finance and banking
2524,Expressing gratitude to the assistant
2532,Checking if the assistant is human
2529,banking and credit card management
2537,finding bank routing numbers
2536,Personal life and preferences
2527,banking and finance
2535,reporting a lost card
2530,Text-to-Speech Control
2534,Checking credit card application status
2528,Checking credit card expiration date
2546,Banking and Finance
2538,Banking and finance
2549,Applying for a credit card
2547,canceling dinner reservations
2539,Getting the current time
2548,getting nutrition information for food
2542,Banking and Finance
2541,Ending a conversation
2540,Reporting financial fraud
2544,Device Control
2545,Booking Travel
2543,Translation
2550,Casual Conversation
2552,Booking accommodation in Phoenix
2553,banking and finance
2554,Speech rate adjustment
2555,finding recipes
2556,Music Playback
2561,Vehicle maintenance
2558,Vehicle Maintenance and Repair
2559,Locating the assistant's previous location
2565,Finding restaurant recommendations
2563,General Task Execution
2557,Calculating tax owed
2562,banking account management
2560,making a phone call
2568,checking utility costs
2570,Electrical standards and travel adapters
2572,Food Safety
2569,Device settings management
2571,Casual Conversation
2574,Cooking and Baking Substitutions
2567,Checking flight status
2573,Mobile bill payment inquiry
2576,Asking the assistant to guess personal information
2577,International transaction fee inquiry
2566,Booking accommodations
2579,Identifying ingredients in food
2580,Restaurant reservation management
2575,Philosophical inquiry about the meaning of life
2578,Personal Finance Management
2582,Changing voice settings
2583,Managing a todo list
2581,finding a hotel in Phoenix
2584,Calculating the average of a list of numbers
2587,Notifying bank of travel plans
2588,banking and credit card services
2586,Animal trivia
2585,Finding Asian cuisine meal recommendations
2594,Scheduling meeting rooms
2596,Banking and finance
2595,Checking credit card application status
2599,finding a recipe
2600,Speech rate adjustment
2593,checking health insurance plan details
2591,Philosophical inquiry about the meaning of life
2592,General domain of assistant use
2598,Travel planning
2597,Contact Management
2590,Spelling assistance
2589,Food and nutrition information
2607,getting insurance quotes
2610,Checking credit score
2602,Calendar management
2601,Credit Card Rewards
2611,Credit card rewards inquiry
2603,Asking about the meaning of life
2604,Calculating the average price per gallon
2612,Controlling the assistant
2605,Voice settings
2606,Cooking and recipes
2608,Travel visa requirements
2609,Media Playback Control
2613,Banking and Finance
2616,banking account inquiry
2615,Car maintenance instructions
2614,Setting up assistant's name
2617,Banking and finance
2624,Managing reminders
2621,Weather Information
2618,Vehicle Maintenance
2623,banking and finance
2620,Restaurant wait time inquiry
2622,Setting up assistant's name
2629,Personal Finance Management
2628,finding business reviews
2634,finding restaurant information
2638,Music Playback
2630,Calendar Management
2631,Device Synchronization
2551,Music Identification
2619,Banking and finance
2625,Sharing location with a contact
2626,Cooking time inquiry
2564,Knowledge and capabilities
2627,Personal finance management
2646,Communication
2636,Time and Date
2633,Automotive maintenance instructions
2644,Questioning the assistant's origin
2640,Fact checking
2635,Travel requirements
2645,Finding lost personal items
2632,Asking personal information
2643,Fact checking
2641,Booking a ride to a destination
2639,Calendar and time information
2647,Getting the time for another city
2637,Travel health advice
2642,Calendar management
2648,United Kingdom electrical plug types
2649,Creative Writing
2658,Personal questions about the assistant
2655,Device Management
2650,Clarifying previous response
2657,Setting appliance temperature
2656,Vehicle information query
2652,getting new insurance
2665,Banking and finance assistance
2663,Checking credit card balance
2659,Checking my todo list
2667,Expressing gratitude
2651,Banking and finance
2654,Timezone information retrieval
2668,Unit Conversion
2662,Paying utility bills
2664,Personal finance advice
2661,recommending restaurants
2653,Paying utility bills
2660,Banking and Finance
2666,ordering checkbooks for a bank account
2673,Banking account status inquiry
2675,Media Control
2671,Transportation
2680,Nutritional information query
2679,Banking account management
2674,Music Control
2677,Personal Question
2676,Performing basic arithmetic calculations
2681,checking bill payment details
2672,Vehicle Information Query
2682,Sharing location with a contact
2670,Correcting assistant errors
2683,Personal Finance
2691,checking electricity bill due date
2689,finding cheap flights
2694,Recipe Retrieval
2684,Calculating utility bill costs
2687,Adding items to a to-do list
2690,Vehicle Maintenance
2685,Company Information
2688,Banking and finance
2686,Banking and finance support
2693,Requesting a ride share service
2700,Checking credit card application status
2697,Ending a conversation
2692,Calendar and Date Calculation
2703,Finding nearby hospital locations
2702,Banking and finance
2705,checking vehicle fuel efficiency
2696,Adding items to a shopping list
2704,Setting a reminder
2707,Restaurant Reservation Management
2706,Banking account assistance
2698,Checking meeting room availability
2701,Finding device location
2699,Banking and finance
2708,Managing shopping lists
2709,Vehicle maintenance instructions
2711,Translation
2713,Unit conversion
2715,Asking about AI personal characteristics
2716,Identifying currently playing music
2720,Managing banking travel notices
2718,finding bill due dates
2719,Productivity
2717,Checking traffic conditions
2710,Correcting information
2712,Banking and Finance
2722,Setting a name or nickname for the assistant
2721,Ride-sharing transportation
2723,Checking current weather conditions
2725,Timezone information
2726,Recipe request
2727,Vehicle Information
2678,Restaurant Information
2729,Recipe Ideas
2669,Music playlist management
2695,Media Playback Control
2728,Personal finance management
2730,Timezone information
2731,getting directions to a location
2737,Vehicle information query
2732,Device settings management
2739,International travel requirements
2738,Travel power adapter requirements
2736,Definition of a word
2741,Asking about assistant capabilities
2742,Booking a flight
2740,Banking and finance
2743,Checking current traffic conditions
2734,Checking traffic conditions
2733,Account status inquiry
2735,Gratitude and acknowledgment
2744,Payment balance inquiry
2724,Travel and visa requirements
2714,Checking on wellbeing
2745,Productivity management
2751,telling jokes about science
2752,Music identification
2748,Payment and banking issues
2753,Reporting a stolen credit card
2755,Philosophical inquiry
2749,Language Translation
2757,Banking and finance
2747,booking flights
2746,Discussing personal interests and preferences
2754,Capabilities and assistance inquiry
2759,Checking order status
2750,Insurance policy management
2758,State tax calculation
2756,Asking about the assistant's identity
2769,Finding fun facts about koala bears
2760,Human Resources
2763,Device management
2766,banking and credit card inquiry
2761,Contacting Customer Support
2767,Commanding the assistant to cease action
2765,Unit Conversion
2764,Definition of a word
2768,Travel information and alerts
2770,banking and finance
2762,Banking and finance assistance
2771,Reporting unauthorized account activity
2773,Identity and Capabilities
2772,Changing voice settings
2777,Checking tax payment amount
2778,Cooking and recipes
2782,Definition of a mathematical term
2774,Navigation
2781,Finding tourist attractions in England
2784,Finding contact information
2785,checking insurance benefits
2779,Making a restaurant reservation
2776,Media Control
2780,Setting a timer
2775,Vehicle Maintenance Tracking
2783,Banking and finance
2788,Calendar management
2789,Banking account inquiry
2792,Restaurant Reservation
2793,Travel health requirements
2794,getting driving directions
2795,finding tax documents
2791,Personal name change inquiry
2787,Identifying the assistant's nature
2790,Restaurant reservations
2786,Submitting a time off request
2798,Personal Finance Management
2796,Reporting lost luggage
2797,checking credit card limit
2801,Health Insurance Information
2799,banking and finance
2800,Pet ownership inquiry
2808,Banking Information Query
2802,Travel regulations and packing guidelines
2804,Finding nutrition information for food
2803,Travel safety advice
2805,Getting daily fun facts
2807,Uncertainty expression
2809,Checking travel alerts and safety information
2810,Greeting and social interaction
2812,Submitting a time off request
2806,Insurance information inquiry
2811,finding lost luggage
2815,Finding a lost phone
2817,Package delivery tracking
2816,confirming hotel reservation
2813,Scheduling and Calendar
2818,Identity and Capabilities
2814,Travel health requirements
2819,Credit Card Account Information
2825,Smart home device control
2823,Requesting repetition
2822,Definition and meaning of words
2827,Managing to-do lists
2829,Speech rate adjustment
2820,Financial Information Query
2821,Banking and Finance
2826,Controlling smart home devices
2824,Setting user nickname
2832,Music Playlist Management
2833,Rewards program management
2830,Vehicle maintenance scheduling
2828,Banking account management
2831,Calendar_Management
2834,Pet ownership inquiry
2835,Math calculation
2839,Radio communication acknowledgment
2836,getting the current time in a specific location
2843,Travel safety advice
2844,Voice Assistant Settings
2842,Messaging Communication
2838,Language Translation
2841,Asking about the assistant's age
2849,Asking about assistant capabilities
2845,Gratitude and appreciation
2840,Banking and finance assistance
2848,Vehicle Maintenance
2846,Requesting nickname change
2847,Smart Home Control
2837,Providing science facts
2851,Vehicle Maintenance
2852,Timezone information
2850,Cooking and recipe substitutions
2855,Scheduling and time off
2853,checking meeting room availability
2857,Finance
2860,Setting reminders
2865,Insurance Policy Management
2856,Reservation Management
2862,Getting current location
2858,checking earnings
2864,providing car maintenance instructions
2861,Currency exchange rate inquiry
2854,Vehicle maintenance and repair
2863,Reporting a damaged card
2859,Philosophical information request
2868,Getting current location
2866,Music Playlist Management
2875,Finding recipes for eggs
2869,utility bill payment inquiry
2867,changing the assistant's voice settings
2876,finding food available in Canada
2874,Banking account management
2877,Checking vacation balance
2870,Vehicle maintenance and repair
2872,Income tax calculation
2873,Banking and finance
2880,banking and credit card services
2878,Credit Card Rewards Balance Inquiry
2871,reporting a stolen bank card
2879,Vehicle maintenance instructions
2881,checking financial expenses
2884,Recipe and Cooking
2886,Checking vehicle tire pressure
2885,Travel and visa requirements
2888,changing account holder name
2891,Recipe and Ingredient Inquiry
2889,Order Tracking
2882,changing assistant language settings
2893,Finding a lost cellphone
2894,Currency exchange rate inquiry
2890,Change text-to-speech voice to female.
2887,Vehicle Maintenance
2892,reporting a theft
2896,Calculating state tax amount
2899,Personal finance
2897,Setting personal preferences
2895,Creative Writing
2898,Banking and finance assistance
2883,Reporting a damaged visa
2905,Finding banking information
2903,Health and nutrition information
2902,Financial Information
2906,Messaging
2901,Setting reminders
2907,Checking credit card account details
2900,Workplace Policy and Procedures
2914,Checking water bill payment details
2911,Random number generation
2904,Device Settings Management
2908,getting traffic information
2916,Finding insurance plans
2913,Reporting lost luggage
2909,Paying an electric bill
2917,Traffic information
2912,Unit conversion
2919,Weather Forecasting
2910,Vehicle Maintenance
2915,Travel assistance
2920,Checking credit card application status
2918,Setting alarms
2924,Vehicle Maintenance
2922,Personal Finance Advice
2931,Device Connectivity
2926,increasing credit limit
2927,Travel requirements and advice
2928,Insurance plan sign-up
2930,Cooking and ingredient substitution
2921,Booking reservation confirmation
2923,Scottish language translation
2925,Travel and tourism recommendations
2932,Banking and Finance
2929,Personalization settings
2940,Managing shopping lists
2934,Device Control
2938,Simulating a coin flip
2945,Shopping assistance
2933,Definition of a word
2937,Car insurance bill due date
2942,Reporting a damaged card
2935,banking and finance
2944,banking and finance
2936,Banking account status inquiry
2939,Checking billing cycle end date
2946,banking and finance
2943,finding a new insurance plan
2941,Notifying bank of international travel dates
2947,Cooking and Recipes
2951,Checking credit card interest rates
2956,Banking and Finance
2953,Creative Writing
2960,scheduling a meeting
2954,banking and finance
2955,Checking food expiration dates
2948,Vehicle Maintenance
2952,Banking and finance management
2949,Calendar and scheduling
2950,Checking vehicle fuel level
2957,Banking and finance assistance
2959,Personal information inquiry
2958,Payroll and finance scheduling
2961,Health benefits information inquiry
2965,Fact checking
2968,Requesting time off
2969,Travel requirements查询
2964,Paying utility bills
2963,Finance and Banking
2962,getting the current date
2970,Unable to determine domain
2967,Math calculation
2975,checking PTO balance
2974,Set a reminder
2971,checking financial account status
2977,Messaging
2980,Messaging and Communication
2981,Music Playback
2976,personal finance management
2986,Banking and finance
2985,Nutritional information inquiry
2979,Nutrition information query
2983,Paying bills
2984,Media Control
2978,Checking personal time off balance
2988,Food storage information
2989,Locating vehicle components
2990,Getting the user's location
2993,Managing restaurant reservations
2987,Setting a timer
2995,Identifying areas of expertise
2994,banking and finance
2991,checking health insurance plan details
2992,Vehicle Maintenance
2997,Music Playlist Management
2996,disputing a financial charge
3001,Restaurant Reservation Management
2998,Setting a custom name for the assistant
3002,Calendar management
3000,Scheduling a meeting room
2999,Asking about the assistant's name
3003,Cooking and Recipes
3005,banking and finance
3008,finding tax documents
3010,Creative Writing
3007,ordering new checks
3006,Productivity
3004,Setting the assistant's name
3011,Asking about assistant capabilities
3009,Banking and Finance
3012,Setting reminders
3015,Booking Travel
3014,Personal information inquiry
3016,Gratitude Expression
3018,Confirming understanding
3020,Changing voice settings
3013,Translation
3019,Repeat previous statement
3023,Checking phone bill amount
3021,ordering food
2972,banking and finance
2982,Checking bank account balance
2973,finding hotels in Japan
2966,Banking and finance
3022,Setting an alarm
3017,Checking accrued vacation time
3025,Smart Home Control
3024,Personal Finance Management
3026,calculating the discounted price
3030,checking debit card rewards balance
3033,Pet inquiry
3035,Setting up direct deposit
3032,Personal Finance
3031,getting the current date
3036,Cooking and Baking
3027,banking and finance
3039,Asking about assistant capabilities
3037,Checking credit card application status
3028,Ordering new checkbooks
3029,Setting a nickname for the assistant
3040,Currency exchange rate查询。
3034,Managing todo lists
3038,Changing the assistant's name
3041,Audio volume control
3042,Setting up a vacation
3044,Healthcare
3047,Ride Booking
3045,Payment and banking issues
3050,banking account balance inquiry
3043,Automotive maintenance instructions
3052,Finding places to eat
3048,checking personal task list
3055,Device settings management
3053,Human agent verification
3049,Personal finance advice
3046,Banking and finance
3054,Company Information
3051,Checking meeting room availability
3056,Identifying currently playing music
3058,Opinion and Agreement
3061,Automotive Maintenance
3057,banking account management
3059,ordering checks for a bank account
3064,Vocabulary definition
3060,International travel visa requirements
3066,Requesting financial transaction
3063,Device settings management
3062,finding water bill due date
3067,Pet preference inquiry
3065,Automotive maintenance and repair
3069,checking state tax information
3074,Adding items to a to-do list
3070,Vehicle information query
3071,Managing shopping lists
3073,Music Playback
3075,Travel planning
3078,Personal interests and hobbies
3080,Travel health advice
3081,Recipe Ingredients
3077,Finding hotels in Honolulu
3068,Reporting a financial issue
3079,reporting a deactivated debit card
3082,Device settings management
3076,Personal conversation about hobbies
3072,Electrical plug type inquiry
3084,Choosing between two options
3088,Music identification
3089,Checking restaurant availability
3085,Finding location information
3086,Restaurant Reservation
3093,Music Playback
3083,Managing a shopping list
3090,finding restaurant reviews
3087,making a phone call
3091,Media Control
3097,Checking vehicle tire pressure
3096,Banking and finance
3092,Vehicle information inquiry
3094,Personal assistant interaction
3101,Personal Finance Management
3095,Device troubleshooting
3100,Managing a grocery list
3098,Checking thermostat temperature
3104,Account PIN management
3105,Banking and Finance
3099,Spelling assistance
3102,Restaurant Information
3103,Banking account information
3108,Retail Shopping
3107,Checking restaurant busyness
3111,Paying electricity bill
3106,Restaurant wait time inquiry
3116,Nutritional information inquiry
3110,changing audio settings
3113,Finding a lost device
3109,Philosophical inquiry
3114,Food safety information
3112,getting help for a dead battery
3119,Setting up assistant identity
3115,Checking car fuel range
3117,Checking flight status
3118,Music identification
3120,finding automotive services
3122,Naming the assistant
3121,getting weather information
3128,Device Management
3123,Finding restaurant recommendations
3132,Travel assistance
3131,Smart Home Control
3129,Checking traffic conditions
3126,Making a phone call
3130,Time off request status
3133,Setting a timer
3127,Philosophical inquiry about human existence
3125,Checking utility bill due date
3124,Text-to-speech voice selection
3134,Fact checking
3136,Checking credit card rewards points
3142,Health plan information inquiry
3135,Food information
3139,Recipe and cooking assistance
3140,Car maintenance reminder
3141,Automotive Maintenance
3138,checking nutritional information
3147,Cooking instructions
3137,General Knowledge
3146,Managing shopping lists
3145,Vehicle troubleshooting and diagnostics
3148,Checking vacation request status
3144,getting time zone information
3143,Setting reminders
3149,Checking insurance benefits
3154,defining financial terms
3152,Asking for the answer to everything
3150,Payroll and compensation schedule
3151,Food storage and safety
3153,Travel adapter plug type
3158,Confirming information
3155,Checking utility bill amounts
3157,checking vehicle maintenance history
3156,Canceling a request
3163,Adding items to a shopping list
3161,Credit card information inquiry
3167,Cooking and recipes
3164,Casual Conversation
3165,scheduling car maintenance appointments
3160,Insurance Policy Management
3166,Device control
3159,credit limit increase request
3162,Voice Control and Feedback
3168,Current time in a specific location
3175,Restaurant reservation booking
3169,Banking Information
3171,redeeming points for flights
3170,Automotive maintenance and repair instructions
3180,making restaurant reservations
3174,finding tax document information
3173,Device Settings Management
3172,Music Identification
3182,Vehicle Maintenance
3177,Automotive maintenance and repair instructions
3178,Getting current location
3176,Calendar Management
3181,Time zone information
3179,Music Playback
3188,Command and Control
3196,checking flight status
3190,Contact Management
3191,Cooking and recipes
3186,Payment and billing inquiries
3183,Trivia about bees
3192,Recipe Suggestions
3195,Nutritional information retrieval
3194,Correcting information
3187,Travel visa requirements
3193,switching assistant settings
3184,Device settings management
3185,Device Settings
3189,Role-playing a human persona
3201,Spelling assistance
3209,checking vehicle tire pressure
3206,credit card rewards balance
3205,scheduling a phone call
3202,restaurant information
3197,Managing cellular bill payments
3199,Banking and finance
3208,banking and finance
3203,Vacation time inquiry
3198,Insurance plan sign-up procedure
3200,Banking travel notification
3210,Shopping List Management
3207,Food and Nutrition Information
3204,Banking and Finance
3211,Getting weather information
3212,Messaging
3217,checking insurance benefits
3219,Device Control
3216,canceling a dinner reservation
3218,Sharing user location with contacts
3215,Checking utility bill minimum payment
3223,Ride Booking
3214,checking fuel range for travel
3213,Vehicle information inquiry
3222,Personalizing AI responses with user's name
3220,Checking employee time off balance
3226,finding credit card expiration date
3225,Travel itinerary planning
3224,Personal assistant information
3221,Company Information
3228,Vehicle Information Query
3227,Identity and personalization
3229,Device Control
3233,getting timezone information
3230,Navigation
3231,banking and finance
3232,Finding a lost device
3239,Greeting and Social Interaction
3235,Submitting a PTO request
3236,Travel planning and electronics
3234,Sharing user location with a contact
3245,Nutritional information inquiry
3247,Setting a timer
3241,Vehicle Maintenance
3240,Managing a shopping list
3246,Health plan information inquiry
3244,Setting an alarm
3238,Definition of a term
3249,Ambiguous conversational response
3251,Creative Writing Assistance
3248,personal finance management
3243,Travel Safety Information
3250,Checking credit card limit
3242,International transaction fees
3259,General confirmation
3255,Workplace hierarchy and reporting structure
3254,Media playback control
3264,Calendar Management
3253,Travel Planning
3257,Banking and finance
3258,checking shopping list
3252,Finding restaurant suggestions
3237,Food safety information
3261,Recipe and Cooking
3256,International banking fees
3262,Banking and finance
3260,Travel visa requirements
3263,Repeat previous response
3267,Device Settings Management
3270,Finding recipes for roasted vegetables
3275,Voice Command Settings
3274,Pet-related information
3271,checking reservation details
3265,personal finance management
3268,Checking time off request status
3269,getting current location on map
3276,finding restaurants in cleveland
3278,Checking spelling
3277,Canceling a reservation
3272,Music Playback
3279,Travel Assistance
3280,Checking personal to-do list
3266,Workplace time off request
3273,Checking financial rates
3283,Food Safety and Storage
3281,Home automation and smart home assistance
3286,Media Control
3284,identifying the assistant's creator or boss
3282,Vehicle maintenance tracking
3285,Finding nearby locations
3287,Media Playback Control
3292,Simulating dice rolls
3289,Managing personal finances
3291,Checking assistant capabilities
3293,Health Plan Information Query
3296,Dictionary definition lookup
3290,Travel Assistance
3295,Cooking and Recipes
3297,finding vehicle fuel information
3298,Time inquiry
3294,finding bank routing numbers
3288,Travel visa requirements
3299,Food and Cooking
3308,Calendar management
3306,Banking and Finance
3309,Scheduling and Reminders
3312,tracking order status
3302,Banking and finance assistance
3304,Checking insurance plan enrollment
3300,asking about daily routine
3313,finding measurement conversions
3311,Finding restaurants
3303,finding nearby gas stations
3310,getting time zone information
3301,Profile Management
3307,Personal identity and user memory
3305,Command Execution
3314,Internet bill payment schedule
3315,Calendar management
3319,Unit conversion
3324,Listing assistant capabilities
3318,Personal finance management
3327,Entertainment
3320,Personalization and identity management
3317,finding a good reviewed hotel in washington
3326,Random number generation
3321,providing animal facts
3325,banking and finance
3322,setting reminders
3328,Definition of a word
3316,Smart Home Control
3323,Restaurant Reservation
3329,Vehicle maintenance information
3330,Reporting a damaged card
3334,Personal Finance Management
3338,Vehicle maintenance instructions
3336,electric bill payment inquiry
3331,Managing reminders
3335,Setting a timer
3342,Travel planning and packing advice
3341,Cooking and Recipes
3332,Vehicle Information
3337,Profile Management
3333,Cooking and Recipes
3344,Addressing or naming the user
3345,Vehicle information query
3343,Productivity Management
3346,Restaurant reservation request
3347,finding a new credit card to apply to
3349,Requesting time off
3339,Booking a rental car
3351,Calendar Management
3348,Banking and Finance
3340,Checking personal schedule or time off
3353,personal finance management
3352,Navigation
3354,Asking about the assistant's creator
3350,Geography and time zones
3359,Media Playback
3356,Casual Conversation
3357,Device Settings
3358,Booking a rental car
3355,Managing todo lists
3365,Calendar and scheduling
3360,Productivity and Task Management
3369,Math calculation
3364,Voice Control
3361,Checking water bill due date
3362,Vehicle Maintenance
3367,checking flight status
3368,General Conversation
3363,Messaging and Communication
3366,checking employee pto balance
3372,Calendar Management
3373,Personal identity and attributes
3371,Setting an alarm
3375,Vehicle maintenance history
3378,Setting the assistant's name
3377,ordering checkbooks for a bank account
3376,Creative Writing
3380,Checking vehicle service status
3385,scheduling a meeting room
3370,Reporting unauthorized credit card activity
3382,Banking and Finance
3379,Calendar management
3383,Banking and Finance
3384,Booking hotel accommodations
3386,Checking flight status
3381,Automotive maintenance assistance
3388,Personal Profile Management
3389,Paying utilities bill
3387,Setting a timer
3398,Restaurant Reservation Management
3392,Setting an alarm
3395,Banking and finance assistance
3400,ordering items from a shopping list
3399,Banking account management
3397,Checking fuel range for travel
3401,Getting current location
3391,Vehicle Maintenance
3390,Canceling a reservation
3396,Personal finance
3402,Setting an alarm
3408,Communication and Messaging
3411,Flipping a virtual coin
3405,getting tax forms
3412,Greeting and Social Interaction
3407,Calendar and date information
3409,Checking insurance plan details
3403,scheduling a meeting
3404,Personal finance management
3410,Personal Finance Management
3406,Getting the time in a specific location
3413,Spelling assistance
3415,Restaurant Reservation
3414,Requesting bank checkbooks
3418,Travel visa requirements
3423,Human body trivia
3424,finding available meeting rooms
3422,device control
3420,finding tax form information
3416,Insurance policy management
3421,Math calculation
3417,Correcting the assistant
3393,Hobbies and leisure activities
3394,Categorizing personal pets
3374,Employment information inquiry
3427,Calendar management
3426,Personal assistant identity
3425,Airline travel regulations
3428,Creating a shopping list
3433,Asking how to pronounce a name
3429,Unit Conversion
3419,Messaging
3430,Smart Home Control
3431,Checking delivery status
3432,Timezone information retrieval
3438,Music Playlist Management
3434,Navigation and Directions
3435,Checking flight status
3442,Getting the current date
3437,Vehicle maintenance advice
3436,Airline baggage policy information
3439,Music playlist management
3440,Medical bill payment inquiry
3443,Media Playback
3447,Personal Finance
3448,Selecting voice settings
3449,Applying for a credit card
3446,banking and finance
3445,Music Playback
3444,Food safety and storage
3441,Finding a lost device
3450,Calendar Management
3451,finding location and timezone information
3460,Checking car maintenance history
3462,banking account inquiry
3453,General domain of assistant use
3456,Recipe and cooking assistance
3457,Banking and Finance
3461,International transaction fee inquiry
3463,Banking and finance
3455,Spelling assistance
3454,Gratitude expression
3459,Banking and finance assistance
3458,reporting lost luggage
3452,Banking and finance assistance
3464,banking and finance
3466,personal finance management
3465,Health requirement information
3470,Science facts
3467,Travel and tourism
3475,Definition of a philosophical term.
3469,requesting a joke
3474,Cooking and recipes
3476,Calendar management
3473,Finding a lost device
3471,Managing reminders
3472,banking account balance
3468,Cooking and baking substitutions
3480,Vehicle information query
3479,setting an alarm
3478,finding automotive service appointments
3477,Vehicle information query
3484,Pet preference inquiry
3487,Confirming information
3482,Getting weather information
3483,Language learning and practice
3481,Requesting to repeat information
3488,Restaurant Reservation
3485,Banking and Finance
3490,Time estimation
3486,Scheduling a meeting room
3493,Scheduling a meeting room
3494,getting travel directions
3489,Checking vacation day balance
3501,Device control
3504,Providing recipes
3500,Sharing location with a contact
3502,checking vacation time status
3498,Requesting time off
3496,Math calculation
3499,Asking about personal background
3497,getting current location
3503,Initiating assistant interaction
3495,Banking and finance support
3506,Checking travel alerts for the US
3510,General Knowledge
3511,Information retrieval about the assistant
3516,Scheduling an oil change appointment
3505,Ambiguous or incomplete request
3512,Device control
3508,signing up for an insurance plan
3509,Credit card rewards balance inquiry
3513,Ending a conversation
3507,getting contact information for insurance modification
3515,Simulating a die roll
3518,Math calculation
3517,checking utility costs
3519,renting a car
3514,Banking and finance
3521,finding product locations
3522,Company Information
3491,finding tax documents
3520,Checking a to-do list
3523,reporting a lost card
3492,banking and finance
3530,Smart Home Control
3526,Travel safety inquiry
3531,Personal finance management
3525,Personal interests and hobbies
3524,Banking and Finance
3527,Automotive maintenance and repair
3529,Checking health insurance details
3532,Device settings management
3534,Ending a conversation
3537,finding personal credit score
3528,Car rental booking
3533,setting a reminder
3535,Booking flights
3536,Scheduling and Planning
3539,Personal information management
3538,Checking meeting room availability
3540,Automotive maintenance instructions
3541,Checking restaurant busyness
3544,International travel safety
3545,Adding items to a list
3550,Philosophical question answering
3548,Vehicle Maintenance
3547,Managing shopping lists
3542,Currency conversion
3543,Calendar management
3546,ordering new checks
3549,Personal Information Query
3551,Correcting assistant errors
3552,Finding a lost phone
3561,Correcting information
3555,Banking account management
3562,finding product expiration dates
3558,getting weather information
3553,banking and finance
3556,Getting the current day of the week
3554,finding business reviews
3563,Billing and Payments
3557,Setting a custom name for the assistant
3564,Simple arithmetic calculation
3560,International card usage fees
3559,getting directions
3569,Music Playback
3578,Getting the current date
3572,Requesting repetition
3576,Checking personal time off balance
3575,Ending a conversation
3566,Maps and Navigation
3570,Personal finance assistance
3568,Airline travel information
3573,Cooking and Baking
3574,Banking and Finance
3567,Travel and Tourism
3565,Conversation and social interaction
3571,Coin flipping
3577,Shopping
3583,Unable to determine domain
3582,Vehicle Maintenance
3588,getting the current date
3581,Booking a roundtrip flight
3591,checking travel status
3590,Restaurant reservation management
3579,Setting a numerical age display
3584,Music Playlist Management
3585,Vehicle maintenance scheduling
3580,Calendar management
3587,scheduling car maintenance
3589,Finding Korean recommendations
3595,Travel time estimation
3599,Currency exchange rate查询
3596,Payment and banking fees
3586,Account management
3592,Nutritional information query
3597,Calculating monthly bill amount
3593,Cooking and recipes
3598,Banking and Finance
3601,banking and finance
3602,Asking for language translation assistance
3600,Device management
3603,Vehicle Information
3604,Cooking and recipes
3594,Asking about personal residence
3612,Booking a rental car
3606,Managing to-do lists
3605,Insurance process inquiry
3617,Checking remaining vacation days
3613,Casual Conversation
3615,Personal Finance
3607,Translation
3608,Correcting an error
3609,checking credit card balance
3610,scheduling and calendar management
3616,Cooking and Baking
3618,banking and finance
3623,Asking about the assistant's creator
3625,Travel Information
3619,Opinion and Decision Making
3621,Booking or checking flight details.
3627,Calendar management
3624,Vehicle maintenance
3622,getting word definitions
3629,Checking credit score
3628,Personal Information
3630,finding airline baggage policies
3614,Restaurant Information
3620,Device Management
3611,managing reward points
3633,checking food expiration dates
3642,Device Management
3638,Calendar management
3643,Checking assistant identity or nature
3631,Identity and Capabilities
3639,Answering questions about the assistant
3635,Cooking and recipe preparation
3636,Checking delivery status
3637,Simulating a dice roll
3634,Voice command for repetition
3640,Shopping with credit card points
3644,Health benefits inquiry
3632,Automotive maintenance and repair
3626,Food safety and storage
3647,finding tax documents
3652,Checking vehicle information
3650,finding restaurant reviews
3646,Checking credit card spending limit
3645,Asking about the assistant's age
3657,Creative Writing
3648,Geographic origin inquiry
3651,Banking and finance
3653,Checking flight status
3649,Managing travel notifications for bank accounts
3654,banking account management
3656,Understanding assistant capabilities
3655,Checking flight boarding time
3660,Managing personal to-buy lists
3658,Travel adapter requirements
3666,Calendar Management
3662,checking vacation request status
3664,Getting current location
3663,Personal finance tracking
3659,checking bill due dates
3669,Vehicle Maintenance
3667,Ordering checkbooks for a bank account
3665,Finding hotels in Phoenix
3670,scheduling a doctor's appointment
3668,adding items to a todo list
3675,Cooking and recipe substitution
3672,making a phone call
3680,Workplace Management
3677,Personalization settings
3679,Personal finance management
3678,Personal finance management
3681,Messaging and Communication
3682,Calendar Management
3671,Locating vehicle features
3674,identifying electrical plug types
3684,Expressing uncertainty or indecision
3683,Personal Finance Management
3676,Nutritional information query
3694,finding restaurants in Atlanta
3690,Checking flight status
3689,calling contact
3688,Checking word spelling
3685,Discussing personal hobbies
3687,personal finance management
3691,Confirming understanding
3695,Checking the weather
3692,Contact Management
3661,Airline baggage policy information
3686,finding irish meal recipes
3641,Calendar Management
3673,steps to rollover a 401k
3693,Finding a suitable new credit card
3700,confirming a restaurant reservation
3701,personal finance management
3702,Reporting fraudulent bank card activity
3699,Banking and finance
3698,Language settings
3707,Scheduling and Time Management
3703,Checking AI status
3704,checking budget
3697,Philosophical inquiry
3708,Banking Services
3706,Rewards and loyalty program management
3705,Checking health insurance plan details
3696,Automotive maintenance and repair
3709,Shopping list management
3713,Banking and finance assistance
3716,Finding restaurant recommendations for dinner
3710,Setting the assistant's name
3711,Ending a conversation
3717,Music Playlist Management
3723,Setting a timer
3719,Personal Finance Management
3712,Banking and finance assistance
3722,Checking flight status
3721,Banking and Finance
3718,getting new insurance
3714,Cooking and recipe substitution
3715,Checking financial rates
3720,Setting up personal identity
3726,finding nutrition information
3724,Shopping for a birthday gift
3725,tracking fast food purchases
3731,Food storage information
3736,Ending a conversation
3732,Restaurant wait times
3734,Managing device connections
3727,Unit conversion
3729,Personal identity management
3735,Cooking and Recipes
3737,Booking a ride
3740,Managing to-do list items
3733,Calendar and Scheduling
3741,Banking and finance assistance
3739,scheduling a meeting
3738,banking and credit card rewards
3728,Checking a to-do list
3730,Banking and finance
3745,Checking credit score
3742,Travel planning
3747,banking and finance
3751,Banking and Finance
3753,Translation
3746,Visual Design Identification
3743,Unit conversion
3744,Checking credit card application status
3755,Banking and finance account management
3748,Banking travel notification
3750,Checking employee time off balance
3749,Vehicle information inquiry
3754,Checking personal credit score
3752,Banking and credit card rewards
3756,reporting financial fraud
3761,Banking and finance
3759,Currency conversion
3758,Language translation or learning
3769,Creative Writing
3768,Vehicle Maintenance
3760,Vehicle Maintenance
3764,Cooking and recipes
3767,Media Control
3763,Personal Information Inquiry
3757,Gratitude expression
3765,General assistant use
3766,checking paid time off balance
3782,finding business contact information
3773,getting advice on what to take home
3770,Ride Booking
3776,getting weather information
3780,Tax preparation assistance
3762,Health insurance benefits inquiry
3771,Unit Conversion
3774,Recipe suggestions
3778,checking restaurant reservation requirements
3772,Managing grocery lists
3781,Checking credit card application status
3779,Personal information inquiry
3777,asking about assistant capabilities
3775,Asking for account PIN information
3784,getting weather information
3787,Checking utility meter readings
3791,Travel regulations and restrictions
3786,Personal Finance Management
3790,Banking and Finance
3789,reminders management
3794,Financial transaction fees
3788,Getting current location
3793,getting traffic updates for driving routes
3792,Asking for repetition
3783,Getting the current time
3785,Personal Finance
3796,banking and finance
3795,Banking and finance
3799,Travel safety advice
3805,Music Playback Control
3804,Airline travel policy information
3797,Food and nutrition information
3798,Speech rate adjustment
3808,Vehicle Maintenance
3801,Managing shopping lists
3800,Ordering food
3803,Vehicle maintenance
3807,Health benefits inquiry
3802,Checking reminders list for a specific item
3806,Booking a rental car
3812,Questions about assistant identity
3810,Requesting a ride-sharing service
3813,Shopping
3815,Calendar management
3809,Checking credit score
3817,Checking credit score
3818,Ride Booking
3819,Personal information management
3822,Getting a daily fun fact
3816,Changing voice assistant settings
3811,Restaurant Information
3814,Calendar Management
3821,changing account security credentials
3820,Personal Finance and Credit
3827,Spelling assistance
3824,Setting a timer
3833,Personal Finance
3832,Checking time off request status
3835,Timezone information
3823,Clarifying or correcting previous response
3829,Interpersonal relationship advice
3828,Finding a lost object
3836,Media Control
3834,reporting financial fraud
3837,Setting reminders
3826,Contact Management
3830,Requesting a ride to a destination.
3831,Retrieving stored information
3825,Personal questions about the assistant
3842,Creating a shopping list
3841,Random number generation
3845,Creative Writing
3846,checking flight status
3843,Banking and Finance
3847,Banking and Finance
3839,getting travel directions
3840,getting state tax information
3838,Requesting speech repetition
3844,Adjusting assistant speech rate
3848,Communication
3849,getting the current time in a specific location
3850,Language translation or generation
3851,finding restaurant reviews
3863,Personal finance assistance
3862,Managing to-do lists
3857,Messaging and Communication
3864,Definition of a word
3855,changing the assistant's voice accent
3854,Vehicle maintenance
3858,Role-playing as a human
3856,Device settings management
3860,Device Connectivity
3853,checking vehicle fuel efficiency
3861,Vehicle maintenance
3852,Personal Finance Management
3859,Creative Writing
3865,Flipping a coin
3868,Travel and tourism recommendations
3866,finding restaurant locations
3875,Personal identity and naming
3873,Personal Information Inquiry
3867,Ending a conversation
3878,Dictionary definition lookup
3876,Music Playlist Management
3874,Spelling assistance
3871,checking vacation day balance
3877,Messaging and Communication
3870,Checking credit card application status
3879,Package Tracking
3869,Gratitude and Politeness
3872,personal finance management
3885,Calendar Management
3883,Cooking instructions
3887,Banking and Finance
3889,Smart Home Control
3880,reminders
3882,Translation
3884,Checking flight status
3886,estimating monthly living expenses
3891,Translation
3888,Checking credit card information
3881,Checking credit score
3890,Banking and Finance
3893,Creative Writing
3892,Personal finance management
3897,Task Management
3898,Device Control
3906,Checking order status
3903,finding local attractions
3894,Setting up direct deposit
3899,Shopping on Amazon
3905,Automotive troubleshooting and advice
3895,finding bank routing number
3904,Travel research
3902,making a restaurant reservation
3901,banking and finance
3909,Personal finance advice
3910,Checking health insurance coverage
3896,Identity and Existence
3907,Personal information inquiry
3908,Asking about the assistant's nature
3900,getting help with a dead battery
3915,Spelling assistance
3912,Personal finance management
3917,Food storage safety
3913,Music identification
3918,Defining philosophical concepts
3911,Requesting a fun fact about London
3916,Booking a flight
3914,Vehicle Information Query
3919,Scheduling a meeting
3923,getting weather information
3920,Restaurant Information
3922,Airline baggage policy information
3928,Smart Home Control
3927,Discussing personal preferences
3935,Requesting a joke
3931,scheduling time off
3932,Booking a car rental
3934,Messaging
3930,Checking shipping status
3929,Calendar management
3925,Reweming points as a gift transfer
3926,Vehicle maintenance scheduling
3924,canceling a restaurant reservation
3933,Timezone information retrieval
3921,Calculating total expenditure for purchased items
3936,Checking shopping list contents
3937,Ride booking
3940,Math calculation
3944,Applying for a credit card
3945,Setting reminders
3950,Booking hotel accommodations
3946,Booking a ride
3942,Checking credit card application status
3943,Sharing location with contacts
3951,International travel information
3941,Asking about the assistant's origin
3948,Personal finance management
3939,Setting up direct deposit
3947,Cooking and baking ingredient substitution
3938,Checking cell phone upgrade or bill due date
3949,Cooking time inquiry
3953,finding recipes
3955,Smart Home Control
3959,Device Settings Management
3957,Music Playback
3952,Finance and banking
3954,Device Settings
3961,checking bill due dates
3962,banking and finance
3960,finding calorie information
3963,getting traffic information
3956,Finance and scheduling
3958,Answering questions about identity
3965,Definition inquiry
3969,Insurance Policy Management
3967,Personal finance management
3971,banking and finance
3968,playing a game of chance
3972,Finding a lost device
3976,Asking about the assistant's personal attributes
3978,finding automotive service appointments
3973,Banking and Finance
3974,Astronomy facts
3970,Checking personal financial information
3964,Checking utility bill amount
3966,Credit Limit Inquiry
3979,managing reservations
3982,Travel baggage regulations
3975,Vehicle maintenance
3977,Booking a car rental
3983,Incomplete utterance
3986,Checking bank account balance
3985,changing insurance plans
3980,Banking and Finance
3991,Banking and finance
3989,Banking and finance assistance
3987,Getting current location
3981,Checking reminder list
3984,Booking accommodations
3988,Spelling assistance
3994,System Configuration Management
3992,finding restaurant wait times
3995,Calendar Management
3990,Checking flight status
3993,Credit Rewards Redemption
3996,Creative Writing
3998,calculating tax total
3997,Troubleshooting banking and payment issues
3999,Checking vehicle tire pressure
4004,Getting current location
4005,Checking credit score
4001,Personal finance management
4002,Coin flipping
4003,Checking vacation day balance
4000,Asking about AI's personal interests
4008,Restaurant Reservations
4006,finding vehicle fuel type
4012,AI Confirmation
4010,ordering food items
4007,Banking account inquiry
4009,Calendar Management
4011,ordering checks for a bank account
4015,reserving a conference room
4013,Messaging Communication
4018,Scheduling a meeting
4014,Vehicle Maintenance
4016,Music Playlist Management
4019,Human Resources process
4022,Random number generation
4021,Banking application status inquiry
4020,Asking the assistant's name
4017,Banking and Finance
4028,Finding tourist attractions in London
4034,Vehicle Maintenance
4024,finding a hotel in Phoenix
4036,Vehicle Information
4032,Time and Timezone Information
4023,booking accommodations
4031,Banking and Finance
4025,Hotel reservation booking
4030,checking todo list
4033,Finding a pasta recipe
4029,Calendar and scheduling
4026,Checking vehicle tire pressure
4027,checking restaurant reservation status
4035,canceling a restaurant reservation
4037,Banking Information Retrieval
4040,Banking and Finance
4041,Booking accommodation
4043,Shipping status inquiry
4038,ordering groceries
4045,Automotive maintenance and repair
4042,Device Connectivity
4050,Calendar Management
4049,Philosophical discussion
4046,checking vehicle maintenance
4044,Finding a lost phone
4039,Setting a timer
4048,finding meeting room availability
4047,Banking and finance
4052,Checking vehicle fuel level
4053,hospital bill payment inquiry
4051,Healthcare plan information inquiry
4056,Checking credit card limit
4058,Personal Finance
4061,Traffic and navigation
4055,Banking account management
4064,Requesting a ride share service
4063,Personal information and identity
4060,Spelling and word assistance
4059,Pet ownership inquiry
4062,Checking food expiration dates
4054,Adding items to a shopping list
4065,Gratitude for helpful answer
4068,International travel advice
4075,Messaging and Communication
4066,Philosophical inquiry
4067,Checking electricity bill increase amount
4070,Travel visa requirements
4072,Checking vacation request status
4057,Language Translation
4074,Coin flipping
4077,Expressing uncertainty or indecision
4071,International card usage fees
4073,getting timezone information
4076,Currency exchange rate lookup
4079,checking car tire pressure
4078,Managing employee time off requests
4080,banking and finance support
4084,Applying for a new credit card
4082,finding nutrition information
4090,Human Resources
4086,Checking telephone bill amount
4085,Canceling a request
4083,Setting appliance temperature
4089,Food Storage Information
4088,Spelling assistance
4091,Vehicle Maintenance
4069,checking car maintenance schedule
4087,Finding restaurant recommendations
4094,Setting reminders
4096,Adding items to a to-do list
4081,Checking vehicle information
4093,Personal Finance Management
4098,Insurance information inquiry
4097,Translation
4092,Banking and finance
4095,Car maintenance and troubleshooting
4099,Banking and finance
4103,Reporting a damaged card
4100,finding recipes
4101,Music Playback
4102,Travel health requirements
4106,Adding items to a shopping list
4104,Calendar Management
4111,booking flights
4108,Personal Finance Advice
4107,Restaurant Reservation Inquiry
4109,Unit Conversion
4113,Voice Command Assistance
4117,Personal information inquiry
4123,Setting the assistant's name
4114,Personal autonomy and self-governance
4115,Setting the assistant's name
4116,Explaining philosophical concepts
4121,canceling a reservation
4122,Personal finance management
4120,Checking personal time off balance
4118,Language translation and communication
4119,Automotive assistance
4125,Checking bill payment status
4128,Reporting lost luggage
4132,Currency conversion
4131,Personal finance advice
4129,Banking and finance support
4130,Entertainment
4126,finding restaurant reviews
4133,getting tires changed
4134,checking restaurant wait times
4136,ordering items on a shopping list
4135,Setting a timer
4138,Music Playback
4139,Music Playlist Management
4141,Payment method management
4140,Scheduling and Calendar
4137,Nutritional information inquiry
4144,Checking credit score
4127,identifying a fraudulent transaction
4142,Checking remaining vacation days
4110,Scheduling
4143,Billing and Payments
4148,Music Identification
4147,Financial information and advice
4112,finding credit score
4145,Identifying the assistant's nature
4124,Updating user preferences
4105,finding nearby restaurant locations
4146,Personal Finance Management
4151,banking and finance
4150,booking a flight
4152,Financial Services
4161,Nutritional information inquiry
4158,Checking the weather in Austin
4149,Online Shopping Account Management
4162,increasing credit limit
4159,Banking and Finance
4157,Booking a car rental
4160,Automotive maintenance and repair instructions
4153,ordering health supplements
4155,Car rental location inquiry
4156,Calendar Management
4163,Travel Safety
4164,getting traffic conditions for a route
4167,Checking vehicle tire pressure
4154,Math problem solving
4165,Booking a rental car
4170,Cooking and baking substitutions
4166,checking account status
4168,Spelling assistance
4172,Vehicle maintenance scheduling
4173,Uncertain response to unknown request
4174,Vacation time tracking
4176,Identity and Capabilities
4177,banking interest rates
4171,Airline baggage policy inquiry
4169,Setting assistant name
4175,Getting the current date
4178,Banking and Finance
4179,Getting current location
4180,confirming a restaurant reservation
4183,Calculate annual income
4181,Setting a timer
4186,Automotive maintenance and repair
4184,Airline baggage policy inquiry
4182,Setting appliance speed
4185,banking and finance
4188,Vehicle maintenance
4192,checking credit card details
4194,Coffee trivia questions
4189,Booking a car rental
4190,Vehicle maintenance scheduling
4191,reporting lost luggage
4193,Pet Information
4196,Banking and finance
4199,Music Playback
4195,getting directions to a location
4197,Job and salary information
4206,Travel visa requirements
4202,Sharing location with contacts
4207,finding bank routing number
4201,Checking cafe busyness
4204,Account Management
4208,Media Control
4198,banking and finance
4200,Restaurant Reservations
4203,Music Playback
4205,Company Information
4209,Billing and payments
4210,Personal information inquiry
4211,Personal information inquiry
4214,Banking and Finance
4219,Restaurant Recommendation
4217,Personal Information Management
4216,Banking and finance assistance
4221,Music identification
4215,Expressing gratitude
4222,Reporting a banking issue
4213,Identifying the correct fuel type for a vehicle.
4223,Personal Finance
4218,Media and Entertainment
4187,Coin Flip
4212,Productivity and Task Management
4220,getting current location on a map
4224,Vehicle information query
4225,Setting an alarm
4229,banking account balance inquiry
4227,Checking credit score status
4226,changing assistant language settings
4233,Managing a to-do list
4235,paying bills
4228,Restaurant wait time inquiry
4232,Checking credit card balance
4238,Food and Cooking
4239,Calendar Management
4231,Calendar management
4237,Ordering new checkbooks
4234,Checking credit card eligibility
4230,checking car maintenance history
4236,setting a timer
4242,Checking AI system status
4240,Checking health plan details
4243,Booking flights
4241,Calendar Management
4248,Requesting a replacement document
4244,checking credit card expiration dates
4247,International travel plug standards
4246,checking personal schedule
4245,Language translation and communication
4250,Language Translation
4253,finding tax document websites
4249,Calendar management
4252,finding a new insurance plan
4251,Language capabilities
4256,Package tracking
4255,Identity Management
4254,Reporting lost luggage
4257,checking credit card rewards
4260,banking and finance
4259,Personal profile management
4262,getting insurance advice
4264,getting weather information
4261,Change voice accent
4266,banking account management
4263,Opinion and Decision Making
4267,Add item to to-do list
4258,Banking and finance support
4265,Sharing location with a contact
4268,Filing taxes
4270,Credit card interest rate inquiry
4269,Personal information about the assistant
4279,Travel health requirements
4280,Calculating taxes based on income
4271,Timezone information
4272,Vehicle maintenance
4274,Language Translation
4276,Math calculation
4275,Definition of a technical term
4277,Translation
4278,Payment and banking support
4281,Asking about the meaning of life
4273,Managing reservations
4282,finding restaurant recommendations
4284,Voice settings adjustment
4283,Uncertain response to a question
4286,Credit Card Application Timelines
4287,Messaging and Communication
4289,Media Control
4288,Travel planning
4292,Translation
4291,Getting daily fun facts
4290,Checking credit card expiration date
4294,Banking and finance assistance
4295,Voice Command
4293,Asking about the assistant's identity
4285,Travel requirements
4297,Coin flipping
4303,Scheduling time off requests
4301,Travel health requirements
4307,finding airline baggage restrictions
4296,Reporting a lost card
4299,Scheduling vehicle maintenance
4300,Checking payment receipt date
4302,Income tax price inquiry
4298,Banking and finance assistance
4308,Gratitude expression
4304,Finding recipes for Italian dishes
4309,Repeating previous question
4305,banking and finance
4306,Banking and finance
4312,Spanish language translation
4313,stating inability to answer
4311,Checking vehicle tire pressure
4316,Asking about vehicle fuel requirements
4319,Nutritional information query
4310,Credit limit inquiry
4315,Setting the thermostat temperature
4320,Social Conversation
4323,Checking visa points status
4321,Media Control
4322,Gratitude expression
4318,Music identification
4317,Checking loyalty points balance
4326,Checking credit card limit
4328,booking a flight
4325,Personal Finance Management
4327,Education and Academic Subjects
4335,requesting a political joke
4330,Applying for a credit card
4324,finding where to get a w2 form
4329,Dictionary Definition
4314,Travel visa requirements
4332,Booking hotel accommodations
4334,Travel adapter plug compatibility
4336,Voice interaction control
4337,Checking water bill amount due
4339,Finding things to do in Phoenix
4331,Cooking and recipe instructions
4341,Timezone information retrieval
4340,Asking the assistant's name
4333,Banking and finance support
4342,Cooking time inquiry
4344,Restaurant Reservation
4338,Definition and meaning of words
4348,finding nutrition information
4347,Checking credit card application status
4343,Cooking and recipes
4351,Banking account support
4352,Cooking and baking substitutions
4345,Vehicle information query
4349,Confirming understanding
4356,General Knowledge
4354,Checking traffic conditions near a specific location
4353,Credit Card Information
4357,Messaging Communication
4355,Banking Account Management
4350,Personal Finance Management
4346,Requesting the assistant to repeat text
4358,canceling a dinner reservation
4359,Salary and compensation inquiry
4366,Asking about the assistant's origin
4370,Finding a lost phone
4362,Banking account management
4360,Managing to-do lists
4361,Device settings management
4369,getting driving directions
4364,General Knowledge and Trivia
4365,Airline baggage policy inquiry
4371,Checking flight status
4372,Requesting a ride to a destination.
4367,finding lost documents
4368,Banking and finance
4363,Personal life and preferences
4373,Banking and Finance
4374,Media Control
4375,Reminders and memory management
4379,Personal identity management
4382,Booking hotel accommodations
4378,Personal Finance
4377,switching insurance plans
4383,Geography and time zone information
4381,Restaurant reservation booking
4380,Calendar Management
4376,Correcting information
4388,Personal finance management
4384,Speech rate adjustment
4387,Adding items to a shopping list
4385,Media Playback
4389,Personal Finance Management
4386,checking travel alerts
4398,airline travel regulations
4391,Checking time off request status
4399,Personalization settings
4390,Getting the current date
4393,Checking flight boarding schedule
4401,Answering philosophical questions
4402,playing a game
4397,Calendar Management
4394,finding nearby gas stations
4392,identifying the correct contact for card issues
4400,Managing todo lists
4403,Speech rate adjustment
4396,Unclassifiable due to insufficient context
4395,Assistant identity and ownership
4407,Calendar and scheduling
4404,personal finance management
4406,Personal assistant identity
4411,banking and finance
4417,Voice settings
4408,Unclear or incomplete request
4413,Travel health advice
4405,Calendar Management
4409,Banking account inquiry
4415,Device Control
4414,Mathematical calculation
4412,Change voice settings
4416,Automotive troubleshooting and repair
4410,Checking vehicle fuel level
4421,learning about apples
4420,Personal Assistant Capabilities
4418,Meal suggestion request
4424,Restaurant Reservation
4423,finding restaurant recommendations
4422,Checking credit score
4419,Booking hotel accommodations
4426,Banking and finance
4430,Speech rate adjustment
4429,Information retrieval
4425,Updating user profile information
4427,Cooking and Recipes
4438,Nutritional information inquiry
4431,Productivity
4428,Personal Finance Advice
4435,Home Appliance Control
4436,checking game resources
4434,Vehicle Maintenance
4433,Rolling dice in games
4439,Finding nutrition facts for apple sauce
4432,Banking and Finance
4441,finding employment information
4440,checking traffic conditions
4443,Banking and Finance
4437,Setting up direct deposit
4452,Ordering checkbooks for a bank account
4450,making restaurant reservations
4446,AI identity inquiry
4447,Creative Entertainment
4444,Pet ownership inquiry
4442,Personal Finance
4449,Explaining assistant capabilities
4453,Personal finance management
4448,Currency conversion
4451,banking and finance
4445,AI Identity and Origin
4459,Random number generation
4458,Scheduling and Time Management
4456,Checking tire pressure
4463,Getting weather information
4462,Translation
4454,expressing gratitude
4466,Random number generation
4457,Random number generation
4464,Banking and finance
4467,Cooking and recipe substitution
4460,Identifying the assistant's chain of command
4465,Definition and meaning of words
4455,Airline baggage policy inquiry
4461,Checking vehicle fuel level
4471,Finding nutrition information
4470,Credit card rewards redemption
4468,Car maintenance advice
4469,Personal assistant preferences
4472,Vehicle Maintenance
4480,Vehicle maintenance
4481,checking personal finance information
4474,Ending a conversation
4473,Casual Conversation
4478,Creating a shopping list
4479,checking restaurant reservation status
4475,Banking Account Management
4482,personal finance management
4486,assistance with tax documents
4483,Cooking Time Inquiry
4484,Banking and finance
4477,Asking about the assistant's identity
4485,Personal finance tracking
4476,Checking insurance due date and cost
4494,Calendar management
4493,billing and payments
4495,Setting the assistant's name.
4489,Calendar and scheduling
4487,Personal finance tracking
4491,Managing credit card rewards
4488,canceling a dinner reservation
4496,Reporting a stolen credit card
4497,Language Translation
4490,Account status inquiry
4498,Travel health requirements
4499,Smart Home Control
4492,Personal information inquiry
