doc_idx,true_label,kmeans_k4_s0,kmeans_k4_s1,kmeans_k4_s2,kmeans_k7_s0,kmeans_k7_s1,kmeans_k7_s2,kmeans_k14_s0,kmeans_k14_s1,kmeans_k14_s2,kmeans_k28_s0,kmeans_k28_s1,kmeans_k28_s2,kmeans_k56_s0,kmeans_k56_s1,kmeans_k56_s2,gmm_k4_s0,gmm_k4_s1,gmm_k4_s2,gmm_k7_s0,gmm_k7_s1,gmm_k7_s2,gmm_k14_s0,gmm_k14_s1,gmm_k14_s2,gmm_k28_s0,gmm_k28_s1,gmm_k28_s2,gmm_k56_s0,gmm_k56_s1,gmm_k56_s2,spectral_k4_s0,spectral_k4_s1,spectral_k4_s2,spectral_k7_s0,spectral_k7_s1,spectral_k7_s2,spectral_k14_s0,spectral_k14_s1,spectral_k14_s2,spectral_k28_s0,spectral_k28_s1,spectral_k28_s2,spectral_k56_s0,spectral_k56_s1,spectral_k56_s2,ward_k4,ward_k7,ward_k14,ward_k28,ward_k56,leiden_k4_s0,leiden_k4_s1,leiden_k4_s2,leiden_k7_s0,leiden_k7_s1,leiden_k7_s2,leiden_k14_s0,leiden_k14_s1,leiden_k14_s2,leiden_k28_s0,leiden_k28_s1,leiden_k28_s2,leiden_k56_s0,leiden_k56_s1,leiden_k56_s2
0,9,3,1,2,6,1,4,4,1,5,9,10,7,39,13,28,3,1,3,3,5,3,4,3,3,3,3,3,3,3,3,3,3,1,2,3,2,6,10,7,3,3,6,11,11,3,3,4,8,15,31,3,0,3,6,6,6,11,11,11,17,17,17,9,11,11
1,2,3,3,1,3,6,1,9,10,1,8,18,1,22,37,41,0,1,1,6,1,1,8,11,9,11,10,18,7,41,9,1,0,0,4,4,5,8,11,6,1,2,2,10,12,0,4,7,12,23,44,0,0,0,0,0,0,2,4,5,7,8,7,2,1,2
2,6,3,3,1,3,6,3,0,9,2,25,26,15,45,31,37,0,1,1,0,6,5,0,13,5,14,25,5,15,17,6,1,0,0,0,5,0,13,2,2,19,15,14,13,16,7,4,6,11,22,43,0,0,0,5,5,4,3,2,3,10,12,11,32,30,35
3,11,0,0,2,0,4,5,13,8,6,4,20,19,34,4,23,2,3,2,2,3,2,3,2,2,2,2,2,43,2,42,0,1,3,6,2,1,3,9,4,16,4,8,49,52,14,2,3,6,12,26,2,2,2,2,2,2,1,1,1,1,1,2,10,26,9
4,12,2,0,3,4,0,2,5,0,3,14,19,23,53,20,44,1,0,0,1,0,6,5,0,6,6,0,6,31,0,26,2,2,2,3,1,4,7,0,5,6,7,11,1,3,5,1,2,3,8,19,1,1,1,4,4,5,4,3,2,2,0,1,1,7,28
5,12,2,0,3,4,0,2,5,0,3,14,19,23,53,20,44,1,0,0,1,0,6,5,0,6,6,0,6,31,38,5,2,2,2,3,1,4,7,0,5,6,7,11,1,3,5,1,2,3,8,18,1,1,1,4,4,5,4,3,2,2,0,1,11,7,29
6,3,2,0,3,4,0,2,5,0,3,14,19,23,53,20,34,1,0,0,1,0,6,5,0,6,6,0,6,31,38,5,2,2,2,3,1,4,7,0,5,6,7,11,1,3,5,1,1,2,2,4,1,1,1,4,4,5,4,3,2,2,0,1,1,4,24
7,2,3,3,1,3,6,1,9,10,1,8,9,1,11,37,41,0,1,1,6,1,1,8,11,9,11,10,18,7,41,9,1,0,0,4,4,5,8,11,6,1,2,2,10,12,0,4,7,12,23,46,0,0,0,0,0,0,2,4,5,7,8,7,2,1,2
8,7,3,3,1,3,6,1,8,10,8,18,25,22,19,35,4,0,1,1,6,1,1,2,8,1,15,24,1,13,21,1,1,0,0,4,4,5,1,7,13,13,17,10,8,20,47,4,7,13,24,47,0,0,0,0,0,0,7,7,8,5,5,5,7,6,7
9,1,3,3,1,3,6,1,8,9,12,15,26,13,45,55,3,0,1,1,6,1,1,13,5,12,9,12,12,9,29,48,1,0,0,4,4,5,5,7,3,0,13,7,2,1,9,4,7,14,26,52,0,0,0,0,0,4,3,2,7,6,6,4,5,3,3
10,13,2,0,3,2,5,6,7,13,13,7,12,14,10,2,27,1,0,0,5,4,4,6,6,4,5,7,4,5,30,54,2,2,2,3,1,4,0,6,9,11,1,24,5,6,48,1,2,5,11,24,1,1,1,3,3,3,5,5,4,0,3,0,0,0,0
11,14,2,0,3,2,5,6,7,5,13,23,22,2,6,40,2,1,0,0,5,4,4,6,6,4,5,7,4,48,30,53,2,2,2,3,1,4,0,6,9,12,9,4,4,10,52,1,2,4,9,20,1,1,1,3,3,3,8,9,9,8,9,8,4,43,36
12,8,3,3,2,5,3,4,6,12,9,10,15,20,32,19,12,0,1,1,4,6,1,12,9,7,7,9,16,8,20,7,1,0,0,4,4,5,5,1,0,22,16,15,39,23,55,3,5,10,17,33,0,0,0,0,0,0,6,6,6,15,15,15,16,13,13
13,9,3,3,2,5,3,4,6,6,10,2,23,20,17,8,16,0,1,1,6,1,1,8,1,8,24,18,21,27,22,21,1,0,0,4,4,5,5,7,3,26,21,25,50,8,32,3,5,10,18,35,0,0,0,0,0,0,10,8,10,16,19,16,26,25,23
14,2,3,3,1,3,6,1,9,10,1,8,9,1,22,37,1,0,1,1,6,1,1,8,11,9,11,10,18,7,41,9,1,0,0,4,4,5,8,11,6,1,2,2,10,12,0,4,7,12,23,46,0,0,0,0,0,0,2,4,5,7,8,7,2,1,2
15,3,1,2,0,1,2,0,1,7,7,6,17,5,37,30,24,1,2,0,1,2,0,1,4,0,23,16,13,18,51,30,2,2,2,5,6,3,5,5,3,24,0,26,2,1,1,1,1,2,2,4,1,1,1,1,1,1,0,0,0,24,23,24,18,19,21
16,2,3,3,1,3,6,1,9,10,1,8,18,1,22,37,1,0,1,1,6,1,1,8,11,9,11,10,18,7,41,9,1,0,0,4,4,5,8,11,6,1,2,2,10,12,0,4,7,12,23,46,0,0,0,0,0,0,2,4,5,7,8,7,2,1,2
17,3,1,2,0,1,2,0,11,4,7,24,17,18,36,30,48,1,2,0,1,2,0,1,4,0,1,11,22,28,25,34,2,2,2,5,6,3,5,5,3,4,19,23,48,53,43,1,1,2,3,7,1,1,1,1,1,1,0,0,0,3,10,9,37,38,33
18,8,3,3,2,5,3,4,3,12,9,2,23,20,40,8,16,0,1,1,4,6,1,12,9,7,7,9,16,39,28,31,1,0,0,4,4,5,5,1,0,5,24,27,2,48,40,4,7,13,25,51,0,0,0,0,0,0,6,6,6,22,16,22,33,37,15
19,5,1,2,0,1,2,0,2,2,0,5,27,12,50,25,13,1,2,0,1,2,0,11,4,11,26,20,10,12,10,13,2,2,2,5,6,3,2,3,12,10,11,17,12,45,16,1,1,1,1,2,1,1,1,1,1,1,0,0,0,3,7,6,15,10,6
20,7,3,3,1,3,6,1,8,10,8,18,21,22,27,1,4,0,1,1,6,1,1,2,8,1,20,6,25,32,13,25,1,0,0,4,4,5,1,7,13,17,10,22,33,46,4,4,7,13,25,48,0,0,0,0,0,0,7,7,8,25,24,25,27,27,26
21,10,0,0,2,0,4,5,13,8,6,4,20,19,44,26,7,2,3,2,2,3,2,3,12,13,17,26,19,22,16,20,0,1,3,6,2,1,10,4,10,21,18,19,9,22,37,2,3,6,12,25,2,2,2,2,2,2,13,13,13,23,22,23,25,23,22
22,7,2,3,1,3,6,6,8,5,8,23,22,2,6,40,2,1,0,0,5,4,4,10,6,4,21,14,17,14,18,41,1,0,0,4,4,5,5,7,3,0,19,7,2,1,9,1,2,4,9,20,0,0,0,0,0,4,8,9,9,8,9,8,54,55,53
23,4,1,2,0,1,2,0,1,7,7,1,3,26,1,47,55,1,2,0,1,2,0,1,4,0,8,19,20,30,12,32,2,2,2,5,6,3,5,5,3,20,25,3,28,30,22,1,1,2,4,11,1,1,1,1,1,1,0,0,0,19,2,12,28,24,27
24,12,2,0,3,4,0,2,5,0,3,14,19,23,53,36,42,1,0,0,1,0,6,5,0,6,6,0,6,31,38,5,2,2,2,3,1,4,7,0,5,6,7,11,32,29,18,1,2,5,11,24,1,1,1,4,4,5,4,3,2,2,0,1,11,7,29
25,11,0,0,2,0,4,5,12,3,6,3,7,4,38,48,5,2,3,2,2,3,2,3,2,2,2,2,2,44,43,16,0,1,3,6,2,1,3,9,4,16,4,8,27,36,36,2,3,7,13,28,2,2,2,2,2,2,1,1,1,1,1,2,8,8,17
26,6,3,3,1,3,6,3,0,11,2,25,4,15,0,42,37,0,1,1,0,6,5,0,13,5,14,5,5,15,33,55,1,0,0,0,5,0,13,2,2,15,20,12,29,50,51,4,6,11,22,43,0,0,0,5,5,4,3,2,3,10,12,11,20,20,16
27,12,2,0,3,4,0,2,5,0,3,14,13,5,41,0,42,1,0,0,1,0,6,5,0,6,6,0,6,31,0,5,2,2,2,3,1,4,7,0,5,6,7,11,1,3,5,1,1,2,2,3,1,1,1,4,4,5,4,3,2,2,0,1,1,4,5
28,12,2,0,3,4,0,2,5,0,3,14,13,23,28,20,34,1,0,0,1,0,6,5,0,6,6,0,6,31,38,5,2,2,2,3,1,4,7,0,5,6,7,11,1,3,5,1,2,3,8,19,1,1,1,4,4,5,4,3,2,2,0,1,1,7,29
29,5,1,2,0,1,2,0,1,2,0,13,3,25,23,3,26,1,2,0,1,2,0,1,4,0,23,16,13,45,27,43,2,2,2,5,6,3,5,5,3,24,0,26,41,27,43,4,7,13,25,50,1,1,1,1,1,1,0,0,0,24,23,24,18,19,21
30,7,3,3,1,3,6,1,9,10,8,18,21,22,48,24,4,0,1,1,6,1,1,2,8,1,20,6,25,32,13,25,1,0,0,4,4,5,1,7,13,17,10,22,16,43,26,4,7,13,25,48,0,0,0,0,0,0,7,7,8,25,24,25,27,27,26
31,11,0,0,2,0,4,5,13,8,6,4,20,19,34,4,23,2,3,2,2,3,2,3,2,2,2,2,2,43,2,42,0,1,3,6,2,1,3,9,4,16,4,8,49,52,14,2,3,6,12,26,2,2,2,2,2,2,1,1,1,1,1,2,10,8,32
32,13,2,0,3,2,5,6,7,13,13,7,12,14,21,2,27,1,0,0,5,4,4,6,6,4,5,7,4,48,30,4,2,2,2,3,1,4,0,6,9,11,1,24,5,6,48,1,2,5,11,24,1,1,1,3,3,3,5,5,4,0,3,0,0,0,0
33,7,3,3,1,3,6,1,8,10,8,0,1,22,52,50,16,0,1,1,6,1,1,2,8,1,15,6,23,20,37,28,1,0,0,4,4,5,5,7,3,0,13,7,36,18,50,4,7,13,25,49,0,0,0,0,0,0,7,7,8,5,5,5,34,34,37
34,9,3,3,2,5,3,4,6,6,10,22,6,3,15,43,19,0,1,1,4,6,1,9,10,10,10,8,8,10,14,10,1,0,0,1,0,6,9,13,11,14,6,9,15,19,8,3,5,9,16,32,0,3,0,0,0,0,12,12,12,21,20,20,17,17,14
35,12,2,0,3,4,0,2,5,0,3,14,19,23,28,20,44,1,0,0,1,0,6,5,0,6,6,0,6,31,0,5,2,2,2,3,1,4,7,0,5,6,7,11,1,3,5,1,1,2,3,8,1,1,1,4,4,5,4,3,2,2,0,1,50,52,50
36,5,1,2,0,1,2,0,2,2,0,17,27,12,20,25,22,1,2,0,1,2,0,11,4,11,26,20,10,12,10,13,2,2,2,5,6,3,2,3,12,10,11,17,12,45,16,1,1,1,1,2,1,1,1,1,1,1,0,0,0,3,7,6,15,10,6
37,11,0,0,2,0,4,5,12,3,6,3,7,4,38,48,9,2,3,2,2,3,2,3,2,2,2,2,2,44,43,16,0,1,3,6,2,1,3,9,4,16,4,8,27,36,36,2,3,7,13,28,2,2,2,2,2,2,1,1,1,1,1,2,8,8,17
38,11,0,0,2,0,4,5,13,8,6,4,20,19,34,41,30,2,3,2,2,3,2,3,2,2,2,2,2,16,39,44,0,1,3,6,2,1,3,9,4,16,4,8,3,7,2,2,3,6,12,26,2,2,2,2,2,2,1,1,1,1,1,2,23,15,25
39,1,3,3,1,5,3,4,6,6,10,0,26,15,17,8,6,0,1,1,6,1,1,8,1,8,24,1,21,4,35,40,1,0,0,4,4,5,11,1,0,25,5,1,22,17,24,3,5,10,18,35,0,0,0,0,0,0,6,6,6,12,13,13,6,9,8
40,7,3,3,1,3,6,1,9,10,8,18,25,22,19,34,4,0,1,1,6,1,1,2,8,1,15,24,1,13,21,1,1,0,0,4,4,5,1,7,13,13,17,10,8,20,47,4,7,13,24,47,0,0,0,0,0,0,7,7,8,5,5,5,7,6,7
41,10,0,0,2,0,4,5,13,8,6,4,20,19,44,26,7,2,3,2,2,3,2,3,12,13,17,26,19,22,16,20,0,1,3,6,2,1,10,4,10,21,18,19,9,22,37,2,3,6,12,25,2,2,2,2,2,2,13,13,13,23,22,23,25,23,22
42,3,2,2,3,2,5,6,11,5,13,23,22,2,6,40,39,1,0,0,1,2,0,1,4,0,1,27,22,1,40,46,2,2,2,5,6,3,5,5,3,12,9,4,4,10,52,1,1,2,3,6,1,1,1,3,3,3,8,9,9,8,9,8,4,43,4
43,3,1,2,0,1,2,0,11,4,7,19,17,24,36,30,10,1,2,0,1,2,0,1,4,0,1,11,22,28,25,34,2,2,2,5,6,3,5,5,3,4,19,23,48,53,43,1,1,2,3,7,1,1,1,1,1,1,0,0,0,3,10,9,37,38,33
44,8,3,3,2,5,3,4,3,12,9,10,24,9,55,53,8,0,1,1,4,6,1,7,9,7,19,22,7,17,45,15,1,0,0,4,4,5,11,1,0,25,5,1,40,55,41,3,5,10,20,37,0,0,0,0,0,0,6,6,6,12,13,13,6,9,8
45,1,2,0,3,4,0,2,5,0,3,6,0,5,28,36,34,1,0,0,1,0,6,5,0,6,6,0,6,6,36,37,2,2,2,3,1,4,7,0,5,6,7,11,35,33,35,1,1,2,2,3,1,1,1,4,4,5,4,3,2,27,27,27,36,32,42
46,12,2,0,3,4,0,2,5,0,3,14,19,23,53,36,44,1,0,0,1,0,6,5,0,6,6,0,6,31,38,5,2,2,2,3,1,4,7,0,5,6,7,11,1,3,5,1,2,3,8,19,1,1,1,4,4,5,4,3,2,2,0,1,11,7,29
47,1,3,3,1,3,6,1,8,9,12,15,26,13,45,49,54,0,1,1,6,1,1,13,5,12,9,12,12,9,29,48,1,0,0,4,4,5,5,7,3,0,13,7,55,14,44,4,7,14,26,53,0,0,0,0,0,4,3,2,7,6,6,4,5,3,3
48,3,1,2,0,1,2,0,11,7,7,19,17,24,14,27,10,1,2,0,1,2,0,1,4,0,1,27,22,1,40,46,2,2,2,5,6,3,5,5,3,4,19,23,23,4,1,1,1,2,3,6,1,1,1,1,1,1,0,0,0,20,21,6,31,43,39
49,12,2,0,3,4,0,2,5,0,3,14,19,23,28,36,34,1,0,0,1,0,6,5,0,6,6,0,6,31,0,5,2,2,2,3,1,4,7,0,5,6,7,11,1,3,5,1,1,2,3,8,1,1,1,4,4,5,4,3,2,2,0,1,11,7,29
50,4,1,2,0,1,2,0,1,7,7,11,3,10,49,45,36,1,2,0,1,2,0,1,4,0,22,19,0,29,15,0,2,2,2,5,6,3,5,5,3,7,27,5,42,51,49,1,1,2,5,13,1,1,1,1,1,1,0,0,0,14,18,14,29,28,30
51,6,3,3,1,3,6,3,0,11,2,25,4,15,0,42,37,0,1,1,0,6,5,0,13,5,14,5,5,15,33,55,1,0,0,0,5,0,13,2,2,15,20,12,29,50,51,4,6,11,22,43,0,0,0,5,5,4,3,2,3,10,12,11,20,20,16
52,4,1,2,0,1,2,0,11,4,0,21,16,6,26,54,53,1,2,0,1,2,0,1,4,0,27,19,20,24,23,23,2,2,2,5,6,3,5,5,3,4,19,23,31,44,19,1,1,2,4,9,1,1,1,1,1,1,0,0,0,11,2,18,47,18,47
53,13,2,0,3,2,5,6,7,13,13,7,12,14,21,7,43,1,0,0,5,4,4,6,6,4,5,7,4,48,30,4,2,2,2,3,1,4,0,6,9,11,1,24,5,6,48,1,2,5,11,23,1,1,1,3,3,3,5,5,4,0,3,0,0,0,0
54,5,1,2,0,1,2,0,11,4,0,17,8,17,20,17,22,1,2,0,1,2,0,11,4,11,13,11,26,37,44,36,2,2,2,5,6,3,5,5,3,4,19,23,45,37,33,1,1,1,1,1,1,1,1,1,1,1,0,0,0,3,7,6,21,31,6
55,3,1,2,0,1,2,0,11,4,0,19,8,0,36,17,48,1,2,0,1,2,0,1,4,0,1,11,20,28,25,34,2,2,2,5,6,3,5,5,3,4,19,23,48,53,54,1,1,2,3,7,1,1,1,1,1,1,0,0,0,3,10,9,35,39,33
56,13,2,0,3,2,5,6,7,13,13,7,12,14,21,2,27,1,0,0,5,4,4,6,6,4,5,7,4,48,30,53,2,2,2,3,1,4,0,6,9,11,1,24,5,6,48,1,2,5,11,24,1,1,1,3,3,3,5,5,4,0,3,0,0,0,0
57,5,1,2,0,1,2,0,2,2,0,17,27,17,20,25,22,1,2,0,1,2,0,11,4,11,26,20,10,12,10,13,2,2,2,5,6,3,2,3,12,10,11,17,12,45,16,1,1,1,1,2,1,1,1,1,1,1,0,0,0,3,7,6,15,10,6
58,11,0,0,2,0,4,5,12,3,6,3,7,4,38,48,5,2,3,2,2,3,2,3,2,2,2,2,2,44,43,16,0,1,3,6,2,1,3,9,4,16,4,8,3,7,2,2,3,7,13,28,2,2,2,2,2,2,1,1,1,1,1,2,23,15,25
59,9,3,1,2,6,1,4,4,1,5,9,10,7,39,13,28,3,1,3,3,5,3,4,3,3,3,3,3,3,3,3,3,3,1,2,3,2,6,10,7,3,3,6,11,11,3,3,4,8,15,31,3,0,3,6,6,6,11,11,11,17,17,17,9,11,11
60,11,0,0,2,0,4,5,13,8,6,4,20,19,34,4,23,2,3,2,2,3,2,3,2,2,2,2,2,43,2,42,0,1,3,6,2,1,3,9,4,16,4,8,3,7,2,2,3,6,12,26,2,2,2,2,2,2,1,1,1,1,1,2,23,15,9
61,1,3,3,1,5,3,1,8,9,12,0,26,13,4,55,16,0,1,1,6,1,1,13,5,12,9,12,12,52,5,27,1,0,0,4,4,5,5,7,3,0,13,7,55,14,44,4,7,14,26,52,0,0,0,0,0,0,3,2,7,6,6,4,5,3,54
62,5,1,2,0,1,2,0,2,2,0,5,27,12,25,27,13,1,2,0,1,2,0,11,4,11,13,11,26,37,44,36,2,2,2,5,6,3,2,5,3,4,19,23,38,4,1,1,1,1,1,1,1,1,1,1,1,1,0,0,0,3,7,6,15,39,39
63,8,3,3,2,5,3,4,6,6,9,2,23,20,40,8,49,0,1,1,4,6,1,12,9,7,4,9,16,23,49,47,1,0,0,4,4,5,5,7,3,5,24,27,20,42,23,3,5,10,20,38,0,0,0,0,0,0,10,8,10,22,16,22,41,35,15
64,11,0,0,2,0,4,5,12,8,6,3,20,19,34,46,9,2,3,2,2,3,2,3,2,2,2,2,2,16,39,44,0,1,3,6,2,1,3,9,4,16,4,8,3,7,2,2,3,6,12,26,2,2,2,2,2,2,1,1,1,1,1,2,23,15,25
65,8,3,3,2,5,3,4,3,12,9,10,24,9,55,53,8,0,1,1,4,6,1,7,9,7,19,22,7,17,45,15,1,0,0,4,4,5,11,1,0,25,5,1,40,55,41,3,5,10,20,37,0,0,0,0,0,0,6,6,6,12,13,13,6,9,8
66,4,1,2,0,1,2,0,1,7,7,11,3,26,33,16,55,1,2,0,1,2,0,1,4,0,8,19,20,18,46,22,2,2,2,5,6,3,5,5,3,4,19,23,6,9,6,1,1,2,4,10,1,1,1,1,1,1,0,0,0,11,2,12,22,18,20
67,6,3,3,1,3,6,3,0,9,2,25,26,15,45,31,37,0,1,1,0,6,5,0,13,5,14,25,5,15,17,6,1,0,0,0,5,0,13,2,2,19,15,14,13,16,7,4,6,11,22,42,0,0,0,5,5,4,3,2,3,10,12,11,32,30,35
68,2,3,3,1,3,6,1,9,10,1,8,9,1,22,37,41,0,1,1,6,1,1,8,11,9,11,10,18,7,41,9,1,0,0,4,4,5,8,11,6,1,2,2,10,12,0,4,7,12,23,46,0,0,0,0,0,0,2,4,5,7,8,7,2,1,2
69,3,1,2,0,1,2,0,11,4,0,24,17,18,18,52,22,1,2,0,1,2,0,1,4,0,1,4,22,35,48,17,2,2,2,5,6,3,5,5,3,4,19,23,2,1,1,1,1,2,3,6,1,1,1,1,1,1,0,0,0,13,10,9,13,16,24
70,10,0,0,2,0,4,5,10,3,6,27,7,4,43,33,15,2,3,2,2,3,2,3,12,13,12,15,15,25,52,35,0,1,3,6,2,1,12,12,8,8,12,20,19,28,29,2,3,7,14,29,2,2,2,2,2,2,1,1,1,4,4,3,14,12,12
71,2,3,3,1,3,6,1,9,10,1,8,18,1,22,22,11,0,1,1,6,1,1,8,11,9,11,10,18,7,41,9,1,0,0,4,4,5,8,11,6,1,2,2,10,12,0,4,7,12,23,45,0,0,0,0,0,0,2,4,5,7,8,7,2,1,2
72,13,2,0,3,2,5,6,7,13,13,7,12,14,21,7,31,1,0,0,5,4,4,6,6,4,5,7,4,5,30,54,2,2,2,3,1,4,0,6,9,11,1,24,5,6,48,1,2,5,11,24,1,1,1,3,3,3,5,5,4,0,3,0,0,0,0
73,10,0,0,2,0,4,5,10,8,6,4,20,19,5,29,7,2,3,2,2,3,2,3,12,13,17,26,19,22,16,20,0,1,3,6,2,1,10,4,10,21,18,19,9,22,37,2,3,7,14,30,2,2,2,2,2,2,13,13,13,23,22,23,25,23,22
74,11,0,0,2,0,4,5,12,3,6,3,7,4,38,48,5,2,3,2,2,3,2,3,2,2,2,2,2,44,43,16,0,1,3,6,2,1,3,9,4,16,4,8,27,36,36,2,3,7,13,28,2,2,2,2,2,2,1,1,1,1,1,2,8,15,17
75,7,3,3,1,3,6,1,8,10,8,18,25,22,54,34,4,0,1,1,6,1,1,2,8,1,15,24,1,13,21,1,1,0,0,4,4,5,1,7,13,13,17,10,8,20,47,4,7,13,24,47,0,0,0,0,0,0,7,7,8,5,5,5,7,6,7
76,9,3,1,2,6,1,4,4,1,5,9,10,7,39,13,28,3,1,3,3,5,3,4,3,3,3,3,3,3,3,3,3,3,1,2,3,2,6,10,7,3,3,6,11,11,3,3,4,8,15,31,3,0,3,6,6,6,11,11,11,17,17,17,9,11,11
77,10,0,0,2,0,4,5,13,8,6,4,20,19,16,21,30,2,3,2,2,3,2,3,12,13,12,15,27,2,26,2,0,1,3,6,2,1,12,12,8,8,12,20,44,54,10,2,3,6,12,27,2,2,2,2,2,2,1,1,1,4,4,3,19,21,18
78,4,1,2,0,1,2,0,11,7,7,21,16,6,33,16,10,1,2,0,1,2,0,1,4,0,22,19,0,29,50,0,2,2,2,5,6,3,5,5,3,4,19,23,23,4,1,1,1,2,4,12,1,1,1,1,1,1,0,0,0,14,18,14,29,40,46
79,6,3,3,1,3,6,3,8,9,2,25,26,15,45,31,37,0,1,1,0,6,5,0,13,5,14,25,5,15,17,6,1,0,0,0,5,0,13,2,2,19,15,14,13,16,7,4,6,11,22,42,0,0,0,5,5,4,3,2,3,10,12,11,32,30,35
80,1,3,0,1,3,6,3,8,9,2,15,26,15,0,42,37,0,1,1,0,6,5,0,13,5,14,5,5,15,33,55,1,0,0,4,4,5,13,2,2,15,20,12,29,50,51,4,6,11,22,43,0,0,0,5,5,4,3,2,3,10,12,11,20,20,16
81,13,2,0,3,2,5,6,7,13,13,12,2,11,35,15,14,1,0,0,5,4,4,6,6,4,5,23,24,26,6,4,2,2,2,3,1,4,5,6,3,24,0,26,2,1,1,1,1,2,7,17,1,1,1,3,3,3,5,5,4,26,26,26,44,45,45
82,4,1,2,0,1,2,0,1,7,7,11,3,26,8,16,55,1,2,0,1,2,0,1,4,0,8,19,20,11,46,22,2,2,2,5,6,3,5,5,3,20,25,3,28,30,22,1,1,2,4,11,1,1,1,1,1,1,0,0,0,19,2,12,28,24,27
83,6,3,3,1,3,6,3,0,11,11,26,4,27,42,14,32,0,1,1,0,6,5,0,7,5,0,17,11,47,53,11,1,0,0,0,5,0,4,8,1,9,8,13,17,5,15,4,6,11,21,39,0,0,0,5,5,4,9,10,3,9,11,10,3,2,1
84,13,2,0,3,2,5,6,7,13,13,12,2,14,24,7,43,1,0,0,5,4,4,6,6,4,5,23,24,26,24,29,2,2,2,3,1,4,0,6,9,11,1,24,5,6,48,1,2,5,11,23,1,1,1,3,3,3,5,5,4,0,25,0,24,22,19
85,9,3,3,2,5,3,4,6,6,10,22,6,3,15,43,19,0,1,1,4,6,1,9,10,10,10,8,8,10,14,10,1,0,0,1,0,6,9,13,11,14,6,9,15,19,8,3,5,9,16,32,0,3,0,0,0,0,12,12,12,21,20,20,17,17,14
86,14,2,0,3,2,5,6,7,5,13,23,22,2,6,40,2,1,0,0,5,4,4,10,6,4,21,14,17,14,18,14,2,2,2,3,1,4,0,6,9,12,9,4,4,10,52,1,2,4,9,20,1,1,1,3,3,3,8,9,9,8,9,8,4,5,4
87,8,3,3,2,5,3,4,6,6,9,2,24,10,40,53,6,0,1,1,4,6,1,12,1,8,4,9,16,23,49,47,1,0,0,4,4,5,5,1,0,5,24,27,2,1,1,3,5,10,20,37,0,0,0,0,0,0,10,8,10,22,16,22,41,35,15
88,5,1,2,0,1,2,0,2,4,0,1,8,17,1,47,48,1,2,0,1,2,0,1,4,0,8,19,20,30,12,32,2,2,2,5,6,3,5,5,3,20,25,3,28,30,22,1,1,2,3,8,1,1,1,1,1,1,0,0,0,19,2,12,28,24,27
89,7,3,3,1,3,6,1,8,10,8,18,25,22,54,34,4,0,1,1,6,1,1,2,8,1,15,24,1,13,21,1,1,0,0,4,4,5,1,7,13,13,17,10,8,20,47,4,7,13,24,47,0,0,0,0,0,0,7,7,8,5,5,5,7,6,7
90,6,3,3,1,3,6,3,0,11,2,25,4,15,0,42,37,0,1,1,0,6,5,0,13,5,14,5,5,15,33,55,1,0,0,0,5,0,13,2,2,15,20,12,29,50,51,4,6,11,22,43,0,0,0,5,5,4,3,2,3,10,12,11,20,20,16
91,13,2,0,3,2,5,6,7,13,13,7,12,14,10,7,31,1,0,0,5,4,4,6,6,4,5,7,4,5,30,54,2,2,2,3,1,4,0,6,9,11,1,24,5,6,48,1,2,5,11,24,1,1,1,3,3,3,5,5,4,0,3,0,0,0,0
92,6,3,3,1,3,6,3,0,11,11,26,4,27,42,14,17,0,1,1,0,6,5,0,7,5,0,17,11,0,9,52,1,0,0,0,5,0,4,8,1,9,8,13,52,40,13,1,1,2,3,7,0,0,0,5,5,4,9,10,3,9,11,10,3,2,1
93,7,3,3,1,3,6,1,8,9,8,16,1,22,54,1,4,0,1,1,6,1,1,2,8,1,15,6,23,20,37,28,1,0,0,4,4,5,1,7,13,0,13,7,33,46,4,4,7,13,25,49,0,0,0,0,0,0,7,7,8,5,5,5,34,34,37
94,11,0,0,2,0,4,5,12,3,6,3,7,4,38,46,5,2,3,2,2,3,2,3,2,2,2,2,2,16,2,42,0,1,3,6,2,1,3,9,4,16,4,8,49,52,14,2,3,7,13,28,2,2,2,2,2,2,1,1,1,1,1,2,10,26,32
95,3,1,2,0,1,2,0,11,4,7,1,17,18,26,30,48,1,2,0,1,2,0,1,4,0,8,11,20,11,55,22,2,2,2,5,6,3,5,5,3,4,19,23,48,53,54,1,1,2,3,7,1,1,1,1,1,1,0,0,0,19,2,12,35,49,31
96,8,3,3,2,5,3,4,3,12,9,10,24,20,40,53,8,0,1,1,4,6,1,12,9,7,7,9,16,39,28,31,1,0,0,4,4,5,11,1,0,5,24,27,2,48,40,3,5,10,20,38,0,0,0,0,0,0,6,6,6,22,16,22,33,37,15
97,3,1,2,0,1,2,0,11,4,7,19,17,24,36,16,10,1,2,0,1,2,0,1,4,0,1,27,22,28,4,34,2,2,2,5,6,3,5,5,3,4,19,23,2,1,1,1,1,2,3,6,1,1,1,1,1,1,0,0,0,3,10,9,37,31,33
98,13,2,0,3,2,5,6,7,13,13,12,2,14,35,15,43,1,0,0,5,4,4,6,6,4,5,23,24,26,24,29,2,2,2,3,1,4,0,6,9,18,22,21,14,25,31,1,2,5,11,23,1,1,1,3,3,3,5,5,4,0,25,0,24,22,19
99,14,2,0,3,2,5,6,7,5,13,23,22,2,30,40,39,1,0,0,5,4,4,10,6,4,21,14,17,14,18,41,2,2,2,5,6,3,5,5,3,7,27,5,42,51,49,1,2,4,9,21,1,1,1,1,1,1,8,9,9,14,18,14,30,28,30
100,3,2,2,3,4,0,2,5,0,3,6,17,5,14,52,24,1,2,0,1,2,0,1,4,0,1,4,22,35,48,17,2,2,2,3,1,4,5,5,3,4,19,23,32,29,18,1,2,3,8,19,1,1,1,1,1,1,0,0,0,13,10,9,13,16,24
101,14,2,0,3,2,5,6,7,5,13,23,22,2,30,40,39,1,0,0,5,4,4,10,6,4,21,14,17,14,18,41,2,2,2,3,1,4,0,6,9,12,9,4,4,10,52,1,2,4,9,20,1,1,1,3,3,3,8,9,9,8,9,8,4,5,4
102,12,2,0,3,4,0,2,5,0,3,14,19,23,53,20,44,1,0,0,1,0,6,5,0,6,6,0,6,31,0,26,2,2,2,3,1,4,7,0,5,6,7,11,1,3,5,1,2,3,8,18,1,1,1,4,4,5,4,3,2,2,0,1,1,7,28
103,9,3,3,2,5,3,4,6,6,10,22,6,3,15,43,19,0,1,1,4,6,1,9,10,10,10,8,8,10,14,10,1,0,0,1,0,6,9,13,11,14,6,9,15,19,8,3,5,9,16,32,0,3,0,0,0,0,12,12,12,21,20,20,17,17,14
104,2,3,3,1,3,6,1,9,10,4,20,11,1,11,12,45,0,1,1,6,1,1,8,11,9,25,13,9,21,31,50,1,0,0,4,4,5,8,7,6,2,26,0,7,34,20,4,7,14,27,54,0,0,0,0,0,0,2,4,5,18,14,19,12,14,10
105,5,1,2,0,1,2,0,2,2,0,13,3,25,23,30,48,1,2,0,1,2,0,1,4,0,22,19,0,29,15,0,2,2,2,5,6,3,5,5,3,7,19,5,2,1,1,1,1,2,6,15,1,1,1,1,1,1,0,0,0,14,18,14,30,33,30
106,12,2,0,3,4,0,2,5,0,3,14,13,21,41,10,42,1,0,0,1,0,6,5,0,6,6,0,6,31,38,5,2,2,2,3,1,4,7,0,5,6,7,11,1,3,5,1,2,3,8,19,1,1,1,4,4,5,4,3,2,2,0,1,11,7,29
107,6,3,3,1,3,6,3,0,11,11,26,4,27,12,14,32,0,1,1,0,6,5,0,7,5,0,17,11,47,53,52,1,0,0,0,5,0,4,8,1,9,8,13,52,40,13,4,6,11,21,39,0,0,0,5,5,4,9,10,3,9,11,10,3,2,1
108,5,1,2,0,1,2,0,2,4,0,1,8,16,1,47,48,1,2,0,1,2,0,1,4,0,8,19,20,30,12,32,2,2,2,5,6,3,5,5,3,20,25,3,28,30,22,1,1,2,3,8,1,1,1,1,1,1,0,0,0,19,2,12,28,24,27
109,7,3,3,1,3,6,1,8,10,8,18,1,22,54,1,4,0,1,1,6,1,1,2,8,1,15,6,23,20,37,28,1,0,0,4,4,5,1,7,13,0,13,7,33,46,4,4,7,13,25,49,0,0,0,0,0,0,7,7,8,5,5,5,34,34,37
110,8,0,3,2,5,3,4,3,6,9,2,23,9,29,5,8,0,1,1,4,6,1,7,9,7,19,22,7,17,45,15,1,0,0,4,4,5,11,1,0,25,5,1,40,55,41,3,5,10,20,37,0,0,0,0,0,0,6,6,6,12,13,13,6,9,8
111,7,3,3,1,3,6,1,8,9,8,18,1,22,27,38,4,0,1,1,6,1,1,2,8,1,20,6,23,50,37,28,1,0,0,4,4,5,1,7,13,13,17,10,24,49,45,4,7,13,25,50,0,0,0,0,0,0,7,7,8,5,5,5,48,47,49
112,1,3,0,1,3,6,1,8,9,12,15,26,13,45,55,54,0,1,1,6,1,1,13,5,12,9,12,12,9,29,48,2,2,2,5,6,3,5,5,3,0,13,7,2,1,9,4,7,14,26,53,0,0,0,0,0,4,3,2,7,19,6,12,35,49,31
113,3,1,2,0,4,0,2,11,0,3,6,17,5,14,52,24,1,2,0,1,2,0,1,4,0,1,4,22,35,48,17,2,2,2,5,6,3,5,5,3,4,19,23,32,29,18,1,1,2,2,5,1,1,1,1,1,1,0,0,0,13,10,9,13,16,24
114,12,2,0,3,4,0,2,5,0,3,14,19,23,53,20,44,1,0,0,1,0,6,5,0,6,6,0,6,31,0,39,2,2,2,3,1,4,7,0,5,6,7,11,1,3,5,1,2,3,8,18,1,1,1,4,4,5,4,3,2,2,0,1,1,4,28
115,10,0,0,2,0,4,5,13,8,6,4,20,8,13,21,30,2,3,2,2,3,2,3,12,13,12,15,27,2,26,2,0,1,3,6,2,1,12,12,8,8,12,20,44,54,10,2,3,6,12,27,2,2,2,2,2,2,1,1,1,4,4,3,14,12,12
116,7,3,3,1,3,6,1,8,9,8,18,1,22,54,1,4,0,1,1,6,1,1,2,8,1,15,6,23,20,37,28,1,0,0,4,4,5,1,7,13,0,17,7,33,46,4,4,7,13,25,49,0,0,0,0,0,0,7,7,8,5,5,5,34,34,37
117,5,1,2,0,1,2,0,1,2,0,13,3,16,23,44,48,1,2,0,1,2,0,1,4,0,23,16,13,45,27,43,2,2,2,5,6,3,5,5,3,2,26,0,41,27,43,1,1,2,6,15,1,1,1,1,1,1,0,0,0,24,23,24,18,19,21
118,4,1,2,0,1,2,0,1,7,7,11,3,26,8,16,55,1,2,0,1,2,0,1,4,0,8,19,20,11,12,22,2,2,2,5,6,3,5,5,3,20,25,3,28,30,22,1,1,2,4,11,1,1,1,1,1,1,0,0,0,19,2,12,28,24,27
119,8,3,3,2,5,3,4,3,12,9,10,24,9,55,53,8,0,1,1,4,6,1,7,9,7,19,22,7,17,45,15,1,0,0,4,4,5,11,1,0,25,5,1,40,55,41,3,5,10,20,37,0,0,0,0,0,0,6,6,6,12,13,13,6,9,8
120,12,2,0,3,4,0,2,5,0,3,14,13,23,28,10,34,1,0,0,1,0,6,5,0,6,6,0,6,31,0,39,2,2,2,3,1,4,7,0,5,6,7,11,1,3,5,1,2,3,8,18,1,1,1,4,4,5,4,3,2,2,0,1,1,4,5
121,3,1,2,0,1,2,0,11,4,7,19,17,18,37,52,24,1,2,0,1,2,0,1,4,0,1,11,22,28,25,34,2,2,2,5,6,3,5,5,3,4,19,23,48,53,43,1,1,2,3,7,1,1,1,1,1,1,0,0,0,3,10,9,37,38,33
122,10,0,0,2,0,4,5,10,3,6,27,7,8,5,29,50,2,3,2,2,3,2,3,12,13,12,15,27,2,19,2,0,1,3,6,2,1,12,12,8,8,12,20,49,52,14,2,3,7,14,30,2,2,2,2,2,2,1,1,1,4,4,3,19,12,12
123,1,3,3,1,3,6,1,8,9,12,15,26,13,46,49,54,0,1,1,6,1,1,13,5,12,9,12,12,9,29,27,1,0,0,4,4,5,5,7,3,0,13,7,55,14,44,4,7,14,26,53,0,0,0,0,0,4,3,2,7,6,6,4,5,3,3
124,10,0,0,2,0,4,5,13,8,6,4,20,19,44,26,7,2,3,2,2,3,2,3,12,13,17,26,19,22,16,20,0,1,3,6,2,1,10,4,10,21,18,19,9,22,37,2,3,6,12,25,2,2,2,2,2,2,13,13,13,23,22,23,25,23,22
125,5,1,2,0,1,2,0,1,7,7,13,3,25,25,17,10,1,2,0,1,2,0,1,4,0,13,11,26,37,44,36,2,2,2,5,6,3,5,5,3,4,19,23,38,4,1,1,1,1,1,1,1,1,1,1,1,1,0,0,0,3,7,6,21,31,39
126,10,0,0,2,0,4,5,10,3,6,27,7,8,43,33,15,2,3,2,2,3,2,3,12,13,12,15,15,25,52,35,0,1,3,6,2,1,12,12,8,8,12,20,19,28,29,2,3,6,12,27,2,2,2,2,2,2,1,1,1,4,4,3,14,12,12
127,11,0,0,2,0,4,5,12,3,6,3,7,4,47,48,5,2,3,2,2,3,2,3,2,2,2,2,2,44,43,16,0,1,3,6,2,1,3,9,4,16,4,8,27,52,14,2,3,7,13,28,2,2,2,2,2,2,1,1,1,1,1,2,10,15,9
128,12,2,0,3,4,0,2,5,0,3,1,13,23,28,36,42,1,2,0,1,2,0,1,4,0,8,19,20,30,12,32,2,2,2,3,1,4,5,5,3,20,25,3,28,30,22,1,1,2,3,8,1,1,1,4,4,5,4,3,2,19,0,1,50,52,50
129,5,1,2,0,1,2,0,2,2,0,5,27,12,50,25,13,1,2,0,1,2,0,11,4,11,26,20,10,12,10,13,2,2,2,5,6,3,2,3,12,10,11,17,12,45,16,1,1,1,1,2,1,1,1,1,1,1,0,0,0,3,7,6,15,10,6
130,14,3,3,1,3,6,4,1,9,7,13,3,25,23,3,26,0,1,1,6,1,1,13,1,8,16,1,14,4,35,40,2,2,2,4,4,5,5,5,3,24,26,0,2,1,1,1,1,2,6,14,1,1,1,0,0,0,2,4,0,24,23,24,18,19,21
131,1,3,3,1,3,6,1,8,9,12,16,26,13,46,55,54,0,1,1,6,1,1,13,5,12,9,12,12,9,29,27,1,0,0,4,4,5,5,7,3,0,13,7,55,14,44,4,7,14,26,53,0,0,0,0,0,4,3,2,7,6,6,4,5,3,3
132,3,1,2,0,1,2,0,1,4,7,19,17,10,49,45,36,1,2,0,1,2,0,1,4,0,22,19,0,29,15,0,2,2,2,5,6,3,5,5,3,7,27,5,42,51,49,1,1,2,5,13,1,1,1,1,1,1,0,0,0,14,18,14,30,28,30
133,14,2,0,3,2,5,6,7,5,13,23,22,2,6,40,39,1,0,0,5,4,4,10,6,4,21,14,17,14,18,41,2,2,2,3,1,4,0,6,9,12,9,4,4,10,52,1,2,4,9,20,1,1,1,3,3,3,8,9,9,8,9,8,4,5,4
134,12,2,0,3,4,0,2,5,0,3,14,19,23,28,36,34,1,0,0,1,0,6,5,0,6,6,0,6,31,38,5,2,2,2,3,1,4,7,0,5,6,7,11,1,3,5,1,2,3,8,19,1,1,1,4,4,5,4,3,2,2,0,1,11,7,29
135,14,3,3,1,3,6,1,8,9,4,20,14,13,18,23,52,0,1,1,6,1,1,13,1,8,16,1,14,34,35,40,1,0,0,4,4,5,5,7,3,0,13,7,0,32,39,1,2,4,9,21,0,0,0,0,0,0,2,8,7,20,21,21,31,29,34
136,3,1,2,0,1,2,0,11,4,7,1,17,18,1,47,48,1,2,0,1,2,0,1,4,0,8,19,20,30,12,32,2,2,2,5,6,3,5,5,3,20,25,3,28,30,22,1,1,2,3,8,1,1,1,1,1,1,0,0,0,19,2,12,28,24,27
137,14,2,0,3,2,5,6,7,5,13,23,22,2,30,40,2,1,0,0,5,4,4,10,6,4,21,14,17,14,18,14,2,2,2,3,1,4,0,6,9,12,9,4,4,10,52,1,2,4,9,21,1,1,1,3,3,3,8,9,9,8,9,8,4,5,4
138,8,3,3,2,5,3,4,3,12,9,10,23,20,40,53,16,0,1,1,4,6,1,12,9,7,7,9,16,39,28,31,1,0,0,4,4,5,5,7,0,5,24,27,2,48,40,3,5,10,20,38,0,0,0,0,0,0,6,6,6,22,16,22,33,37,15
139,9,3,1,2,6,1,4,4,1,5,9,10,7,39,13,29,3,1,3,3,5,3,4,3,3,3,3,3,3,3,3,3,3,1,2,3,2,6,10,7,3,3,6,11,11,3,3,4,8,15,31,3,0,3,6,6,6,11,11,11,17,17,17,9,11,11
140,4,1,2,0,1,2,0,11,7,7,21,16,6,33,54,35,1,2,0,1,2,0,1,4,0,27,19,20,24,23,23,2,2,2,5,6,3,5,5,3,4,19,23,6,9,6,1,1,2,4,10,1,1,1,1,1,1,0,0,0,11,2,18,22,18,20
141,5,1,2,0,1,2,0,2,2,0,5,27,12,50,25,13,1,2,0,1,2,0,11,4,11,26,20,10,12,10,13,2,2,2,5,6,3,2,3,12,10,11,17,12,45,16,1,1,1,1,2,1,1,1,1,1,1,0,0,0,3,7,6,15,10,6
142,8,3,3,2,5,3,4,6,12,9,10,15,20,32,19,12,0,1,1,4,6,1,12,9,7,7,9,16,8,20,7,1,0,0,4,4,5,5,7,0,22,16,15,43,38,28,3,5,10,17,33,0,0,0,0,0,0,6,6,6,15,15,15,16,13,13
143,11,3,0,2,0,4,5,12,3,6,3,7,11,38,46,9,2,3,2,2,3,2,3,2,2,2,2,2,43,2,16,0,1,3,6,2,1,3,9,4,16,4,8,3,7,2,1,1,2,7,17,2,2,2,2,2,2,1,1,1,1,1,2,8,8,17
144,11,0,0,2,0,4,5,12,3,6,3,7,4,38,48,9,2,3,2,2,3,2,3,2,2,2,2,2,43,2,16,0,1,3,6,2,1,3,9,4,16,4,8,27,36,36,2,3,7,13,28,2,2,2,2,2,2,1,1,1,1,1,2,8,8,9
145,7,3,3,1,3,6,1,8,10,8,18,1,22,27,38,51,0,1,1,6,1,1,2,1,1,20,6,23,50,37,28,1,0,0,4,4,5,5,7,3,22,16,15,24,49,45,4,7,13,25,50,0,0,0,0,0,0,7,7,8,5,5,5,48,47,49
146,12,2,0,3,4,0,2,5,0,3,14,19,23,53,36,44,1,0,0,1,0,6,5,0,6,6,0,6,31,38,5,2,2,2,3,1,4,7,0,5,6,7,11,1,3,5,1,2,3,8,18,1,1,1,4,4,5,4,3,2,2,0,1,11,7,29
147,3,1,2,0,1,2,0,11,4,0,13,17,18,36,30,48,1,2,0,1,2,0,1,4,0,23,16,13,33,34,18,2,2,2,5,6,3,5,5,3,24,0,26,51,31,17,1,1,2,7,16,1,1,1,1,1,1,0,0,0,26,26,26,44,45,45
148,3,1,2,0,4,0,2,11,0,3,6,17,18,37,52,24,1,2,0,1,2,0,1,4,0,1,11,22,28,25,34,2,2,2,5,6,3,5,5,3,4,19,23,32,29,18,1,1,2,3,7,1,1,1,1,1,1,0,0,0,13,10,9,13,16,24
149,12,2,0,3,4,0,2,5,0,3,14,13,21,28,10,42,1,0,0,1,0,6,5,0,6,6,0,6,31,38,5,2,2,2,3,1,4,7,0,5,6,7,11,1,3,5,1,2,3,8,19,1,1,1,4,4,5,4,3,2,2,0,1,11,39,36
150,5,1,2,0,1,2,0,2,2,0,17,27,17,20,25,22,1,2,0,1,2,0,11,4,11,26,20,10,12,10,13,2,2,2,5,6,3,2,3,12,10,11,17,45,37,33,1,1,1,1,2,1,1,1,1,1,1,0,0,0,3,7,6,21,10,6
151,11,0,0,2,0,4,5,12,3,6,3,7,19,34,4,23,2,3,2,2,3,2,3,2,2,2,2,2,43,2,42,0,1,3,6,2,1,3,9,4,16,4,8,49,52,14,2,3,6,12,26,2,2,2,2,2,2,1,1,1,1,1,2,10,8,9
152,12,2,0,3,4,0,2,5,0,3,14,19,23,53,0,34,1,0,0,1,0,6,5,0,6,6,0,6,31,0,39,2,2,2,3,1,4,7,0,5,6,7,11,1,3,5,1,2,3,8,18,1,1,1,4,4,5,4,3,2,2,0,1,1,4,5
153,2,3,3,1,3,6,1,9,10,1,8,9,1,22,37,41,0,1,1,6,1,1,8,11,9,11,10,18,7,41,9,1,0,0,4,4,5,8,11,6,1,2,2,10,12,0,4,7,12,23,46,0,0,0,0,0,0,2,4,5,7,8,7,2,1,2
154,4,1,2,0,1,2,0,1,7,7,11,3,10,49,45,36,1,2,0,1,2,0,1,4,0,22,19,0,29,15,0,2,2,2,5,6,3,5,5,3,7,27,5,42,51,49,1,1,2,5,13,1,1,1,1,1,1,0,0,0,14,18,14,29,28,30
155,4,1,2,0,1,2,0,1,7,7,11,3,24,8,16,35,1,2,0,1,2,0,1,4,0,1,19,20,53,46,22,2,2,2,5,6,3,5,5,3,4,19,23,2,1,1,1,1,2,4,12,1,1,1,1,1,1,0,0,0,11,2,18,22,53,24
156,6,3,3,1,3,6,3,0,11,2,25,4,15,12,31,21,0,1,1,0,6,5,0,13,5,14,5,5,40,33,38,1,0,0,0,5,0,13,2,2,15,20,12,25,24,27,4,6,11,22,41,0,0,0,5,5,4,3,2,3,10,12,11,42,44,44
157,2,3,3,1,3,6,1,9,10,1,8,18,1,22,22,41,0,1,1,6,1,1,8,11,9,11,10,18,49,7,9,1,0,0,4,4,5,8,11,6,1,2,2,54,35,21,4,7,12,23,44,0,0,0,0,0,0,2,4,5,7,8,7,2,1,2
158,8,0,3,2,5,3,4,3,6,9,2,23,9,29,5,40,0,1,1,4,6,1,7,9,7,19,22,7,51,8,33,1,0,0,4,4,5,11,1,0,25,5,1,22,17,24,3,5,10,19,36,0,0,0,0,0,0,6,6,6,12,13,13,6,9,8
159,11,0,0,2,0,4,5,12,3,6,3,7,4,38,46,9,2,3,2,2,3,2,3,2,2,2,2,2,16,39,44,0,1,3,6,2,1,3,9,4,16,4,8,3,7,2,2,3,7,13,28,2,2,2,2,2,2,1,1,1,1,1,2,23,15,25
160,1,2,0,3,4,0,2,5,0,3,14,0,5,41,0,34,1,0,0,1,0,6,5,0,6,6,0,6,6,36,37,2,2,2,3,1,4,7,0,5,6,7,11,35,33,35,1,1,2,2,3,1,1,1,4,4,5,4,3,2,27,27,27,36,32,42
161,9,3,3,2,5,3,4,6,12,10,10,15,20,40,18,49,0,1,1,4,6,1,12,9,7,7,9,16,23,49,47,1,0,0,4,4,5,5,7,3,5,24,27,20,42,23,3,5,10,20,38,0,0,0,0,0,0,10,8,10,22,16,22,41,35,15
162,12,2,0,3,4,0,2,5,0,3,14,19,23,53,20,44,1,0,0,1,0,6,5,0,6,6,0,6,31,0,5,2,2,2,3,1,4,7,0,5,6,7,11,1,3,5,1,2,3,8,18,1,1,1,4,4,5,4,3,2,2,0,1,1,4,28
163,5,1,2,0,1,2,0,2,2,0,17,27,17,20,25,22,1,2,0,1,2,0,11,4,11,26,20,10,12,10,13,2,2,2,5,6,3,2,3,12,10,11,17,45,37,33,1,1,1,1,2,1,1,1,1,1,1,0,0,0,3,7,6,15,10,6
164,5,1,2,0,1,2,0,2,4,0,13,8,17,36,17,48,1,2,0,1,2,0,1,4,0,8,11,20,11,55,22,2,2,2,5,6,3,5,5,3,4,19,23,45,37,33,4,7,13,25,50,1,1,1,1,1,1,0,0,0,3,7,6,21,31,39
165,3,2,2,3,4,0,2,5,0,3,6,17,5,37,52,24,1,2,0,1,2,0,1,4,0,1,19,20,53,46,22,2,2,2,5,6,3,5,5,3,4,19,23,2,29,18,1,1,2,2,5,1,1,1,1,1,1,0,0,0,13,10,9,43,33,41
166,14,2,0,3,2,5,6,7,5,13,23,22,2,30,40,39,1,0,0,5,4,4,10,6,4,21,14,17,14,18,41,2,2,2,3,1,4,0,6,9,12,9,4,4,10,52,1,2,4,9,21,1,1,1,3,3,3,8,9,9,8,9,8,4,5,4
167,2,3,3,1,3,6,1,8,9,4,20,11,13,4,12,45,0,1,1,6,1,1,8,11,9,25,13,9,21,31,50,1,0,0,4,4,5,5,7,3,2,26,0,7,34,20,4,7,14,27,54,0,0,0,0,0,0,2,4,5,18,14,19,12,14,10
168,12,2,0,3,4,0,2,5,0,3,14,19,23,53,20,34,1,0,0,1,0,6,5,0,6,6,0,6,31,0,39,2,2,2,3,1,4,7,0,5,6,7,11,1,3,5,1,2,3,8,19,1,1,1,4,4,5,4,3,2,2,0,1,1,4,5
169,8,3,3,2,5,3,4,6,12,9,10,15,20,32,19,12,0,1,1,4,6,1,7,9,7,19,22,7,17,45,15,1,0,0,4,4,5,11,1,0,22,16,15,40,55,41,3,5,10,17,33,0,0,0,0,0,0,6,6,6,12,13,13,6,9,8
170,9,3,1,2,6,1,4,4,1,5,9,10,7,39,11,29,3,1,3,3,5,3,4,3,3,3,3,3,3,3,3,3,3,1,2,3,2,6,10,7,3,3,6,30,41,46,3,4,8,15,31,3,0,3,6,6,6,11,11,11,17,17,17,9,11,11
171,1,3,3,1,3,6,1,8,9,12,15,26,11,45,49,33,0,1,1,6,1,1,13,5,12,9,12,12,9,29,48,1,0,0,4,4,5,5,7,3,24,0,26,46,39,42,4,7,14,26,53,0,0,0,0,0,4,3,2,7,6,6,4,38,36,38
172,14,2,0,3,2,5,6,7,5,13,23,22,2,30,40,39,1,0,0,5,4,4,10,6,4,21,14,17,14,18,41,2,2,2,3,1,4,0,6,9,12,9,4,4,10,52,1,2,4,9,21,1,1,1,3,3,3,8,9,9,8,9,8,4,5,4
173,12,2,0,3,4,0,2,5,0,3,14,19,23,53,20,44,1,0,0,1,0,6,5,0,6,6,0,6,31,0,39,2,2,2,3,1,4,7,0,5,6,7,11,1,3,5,1,2,3,8,18,1,1,1,4,4,5,4,3,2,2,0,1,11,4,5
174,4,1,2,0,1,2,0,1,7,7,1,3,26,8,16,55,1,2,0,1,2,0,1,4,0,8,19,20,30,12,32,2,2,2,5,6,3,5,5,3,20,25,3,28,30,22,1,1,2,4,11,1,1,1,1,1,1,0,0,0,19,2,12,28,24,27
175,3,1,2,0,4,0,2,1,7,3,6,17,5,37,52,24,1,2,0,1,2,0,1,4,0,1,4,22,53,48,17,2,2,2,5,6,3,5,5,3,4,19,23,2,1,1,1,1,2,2,4,1,1,1,1,1,1,0,0,0,13,10,14,30,33,30
176,2,3,3,1,3,6,1,9,10,1,8,18,1,22,22,41,0,1,1,6,1,1,8,11,9,11,10,18,7,41,9,1,0,0,4,4,5,8,11,6,1,2,2,54,35,21,4,7,12,23,46,0,0,0,0,0,0,2,4,5,7,8,7,2,1,2
177,9,3,3,2,5,3,4,6,6,10,2,23,20,17,8,16,0,1,1,6,1,1,8,1,8,24,18,21,27,22,21,1,0,0,4,4,5,5,7,3,26,21,25,50,8,32,3,5,10,18,35,0,0,0,0,0,0,10,8,10,16,19,16,26,25,23
178,2,3,3,1,3,6,1,9,10,1,8,18,1,22,22,11,0,1,1,6,1,1,8,11,9,25,13,9,21,31,50,1,0,0,4,4,5,8,11,6,2,26,0,7,1,20,4,7,12,23,44,0,0,0,0,0,0,2,4,5,7,8,7,2,1,10
179,13,2,0,3,2,5,6,7,13,13,7,12,14,10,7,31,1,0,0,5,4,4,6,6,4,5,7,4,5,30,54,2,2,2,3,1,4,0,6,9,11,1,24,5,6,48,1,2,5,11,24,1,1,1,3,3,3,5,5,4,0,3,0,0,0,0
180,5,1,2,0,1,2,0,2,2,0,17,27,17,20,25,22,1,2,0,1,2,0,11,4,11,26,20,10,12,10,13,2,2,2,5,6,3,2,3,12,10,11,17,45,37,33,1,1,1,1,2,1,1,1,1,1,1,0,0,0,3,7,6,15,10,6
181,13,2,0,3,2,5,6,7,13,13,7,12,14,21,7,31,1,0,0,5,4,4,6,6,4,5,7,4,48,30,4,2,2,2,3,1,4,0,6,9,11,1,24,5,6,48,1,2,4,9,21,1,1,1,3,3,3,5,5,4,0,3,0,0,0,0
182,4,1,2,0,1,2,0,11,7,7,21,16,6,26,54,35,1,2,0,1,2,0,1,4,0,27,19,20,24,23,23,2,2,2,5,6,3,5,5,3,4,19,23,31,44,19,1,1,2,4,10,1,1,1,1,1,1,0,0,0,11,2,18,45,48,48
183,6,3,3,1,3,6,3,0,11,2,25,4,15,12,31,21,0,1,1,0,6,5,0,13,5,14,5,5,40,33,38,1,0,0,0,5,0,13,2,2,15,20,12,25,24,27,4,6,11,22,41,0,0,0,5,5,4,3,2,3,10,12,11,42,44,44
184,13,2,0,3,2,5,6,7,13,13,7,12,14,21,2,27,1,0,0,5,4,4,6,6,4,5,7,4,48,30,4,2,2,2,3,1,4,0,6,9,11,1,24,5,6,48,1,2,5,11,24,1,1,1,3,3,3,5,5,4,0,3,0,0,0,0
185,5,1,2,0,1,2,0,2,2,0,5,27,12,50,25,13,1,2,0,1,2,0,11,4,11,26,20,10,12,10,13,2,2,2,5,6,3,2,3,12,10,11,17,12,45,16,1,1,1,1,2,1,1,1,1,1,1,0,0,0,3,7,6,15,10,6
186,9,3,1,2,6,1,4,4,1,5,9,10,7,39,13,28,3,1,3,3,5,3,4,3,3,3,3,3,3,3,3,3,3,1,2,3,2,6,10,7,3,3,6,11,11,3,3,4,8,15,31,3,0,3,6,6,6,11,11,11,17,17,17,9,11,11
187,5,1,2,0,1,2,0,2,4,0,17,8,17,20,17,22,1,2,0,1,2,0,11,4,11,13,11,26,37,44,36,2,2,2,5,6,3,2,3,12,4,19,23,38,37,54,1,1,1,1,1,1,1,1,1,1,1,0,0,0,3,7,6,21,31,6
188,12,2,0,3,4,0,2,5,0,3,14,13,21,31,0,42,1,0,0,1,0,6,5,0,6,6,0,6,31,0,39,2,2,2,3,1,4,7,0,5,6,7,11,1,3,5,1,2,3,8,19,1,1,1,4,4,5,4,3,2,2,0,1,1,4,5
189,12,2,0,3,4,0,2,5,0,3,14,13,5,41,36,42,1,0,0,1,0,6,5,0,6,6,0,6,31,0,26,2,2,2,3,1,4,7,0,5,6,7,11,1,3,5,1,1,2,2,4,1,1,1,4,4,5,4,3,2,2,0,1,1,4,5
190,7,3,3,1,3,6,1,8,10,8,18,1,22,19,34,4,0,1,1,6,1,1,2,8,1,15,24,1,54,21,1,1,0,0,4,4,5,1,7,13,13,17,10,8,20,47,4,7,13,24,47,0,0,0,0,0,0,7,7,8,5,5,5,7,6,7
191,11,0,0,2,0,4,5,12,3,6,3,7,4,3,4,9,2,3,2,2,3,2,3,2,2,2,2,2,43,2,16,0,1,3,6,2,1,3,9,4,16,4,8,27,36,36,2,3,7,13,28,2,2,2,2,2,2,1,1,1,1,1,2,8,8,17
192,11,0,0,2,0,4,5,12,3,6,3,7,4,3,46,5,2,3,2,2,3,2,3,2,2,2,2,2,44,43,16,0,1,3,6,2,1,3,9,4,16,4,8,27,36,36,2,3,7,13,28,2,2,2,2,2,2,1,1,1,1,1,2,8,8,17
193,13,2,0,3,2,5,6,7,13,13,12,2,14,35,15,14,1,0,0,5,4,4,6,6,4,5,23,24,26,24,29,2,2,2,3,1,4,0,6,9,18,22,21,14,25,31,1,2,5,10,22,1,1,1,3,3,3,5,5,4,0,25,0,24,22,19
194,5,1,2,0,1,2,0,2,2,0,24,27,12,23,25,13,1,2,0,1,2,0,1,4,0,22,19,0,29,50,0,2,2,2,5,6,3,5,5,3,4,19,23,2,1,1,1,1,2,4,10,1,1,1,1,1,1,0,0,0,14,7,14,47,54,47
195,2,3,3,1,3,6,1,9,10,4,20,11,1,11,12,45,0,1,1,6,1,1,8,11,9,25,13,9,21,31,50,1,0,0,4,4,5,8,11,6,2,26,0,7,34,20,4,7,14,27,54,0,0,0,0,0,0,2,4,5,18,14,19,12,14,10
196,9,3,3,2,5,3,4,6,6,10,2,23,20,2,8,49,0,1,1,4,6,1,12,1,8,4,9,16,23,49,47,1,0,0,4,4,5,5,7,3,5,24,27,20,42,23,3,5,10,20,38,0,0,0,0,0,0,10,8,10,22,16,22,41,35,15
197,1,3,3,1,3,6,1,8,9,12,16,26,13,45,31,21,0,1,1,6,1,1,13,1,12,4,1,23,52,5,12,1,0,0,4,4,5,5,7,3,0,13,7,2,1,1,4,7,14,26,53,0,0,0,0,0,0,3,2,5,10,12,11,42,44,44
198,10,0,3,2,0,4,5,3,8,9,4,24,19,5,29,23,2,3,2,2,3,2,3,12,13,12,2,27,38,54,51,0,1,3,6,2,1,5,7,3,16,4,8,49,52,14,2,3,6,12,26,2,2,2,2,2,2,1,1,1,23,22,23,33,37,15
199,13,2,0,3,2,5,6,7,13,13,7,12,14,10,7,31,1,0,0,5,4,4,6,6,4,5,7,4,5,30,54,2,2,2,3,1,4,0,6,9,11,1,24,5,6,48,1,2,5,11,24,1,1,1,3,3,3,5,5,4,0,3,0,0,0,0
200,3,1,2,0,1,2,0,1,7,7,1,17,18,1,47,24,1,2,0,1,2,0,1,4,0,8,19,20,30,12,32,2,2,2,5,6,3,5,5,3,20,25,3,28,30,22,1,1,2,3,8,1,1,1,1,1,1,0,0,0,19,2,12,28,24,27
201,5,1,2,0,1,2,0,2,4,0,17,8,0,25,17,48,1,2,0,1,2,0,11,4,11,13,11,26,37,44,36,2,2,2,5,6,3,5,5,3,4,19,23,38,53,54,1,1,1,1,1,1,1,1,1,1,1,0,0,0,3,7,6,35,39,31
202,10,0,0,2,0,4,5,13,8,6,4,20,19,5,41,30,2,3,2,2,3,2,3,12,13,17,21,19,22,26,20,0,1,3,6,2,1,5,9,3,16,4,8,3,7,2,2,3,6,12,26,2,2,2,2,2,2,13,13,13,23,22,23,25,23,22
203,5,1,2,0,1,2,0,2,2,0,5,27,12,25,25,13,1,2,0,1,2,0,11,4,11,13,20,26,37,44,36,2,2,2,5,6,3,2,3,12,10,11,17,38,4,1,1,1,1,1,2,1,1,1,1,1,1,0,0,0,3,7,6,15,39,39
204,7,3,3,1,3,6,1,8,10,8,18,21,22,48,24,4,0,1,1,6,1,1,2,8,1,20,6,25,32,13,25,1,0,0,4,4,5,1,7,13,17,10,22,16,43,26,4,7,13,25,48,0,0,0,0,0,0,7,7,8,25,24,25,27,27,26
205,1,3,3,1,3,6,1,8,9,12,15,26,13,46,55,54,0,1,1,6,1,1,13,5,12,9,12,12,9,29,48,1,0,0,4,4,5,5,7,3,0,13,7,55,14,9,4,7,14,26,52,0,0,0,0,0,4,3,2,7,6,6,4,5,3,3
206,10,0,0,2,0,4,5,10,3,6,27,7,4,43,29,50,2,3,2,2,3,2,3,12,13,12,15,27,38,54,51,0,1,3,6,2,1,3,9,4,16,4,8,49,52,14,2,3,7,14,30,2,2,2,2,2,2,1,1,1,4,4,3,46,46,32
207,6,3,3,1,3,6,3,0,11,11,26,4,27,42,14,25,0,1,1,0,6,5,0,7,5,0,17,11,47,53,11,1,0,0,0,5,0,4,8,1,9,8,13,17,5,15,4,6,11,21,39,0,0,0,5,5,4,9,10,3,9,11,10,3,2,1
208,5,1,2,0,1,2,0,2,2,0,5,27,12,50,25,13,1,2,0,1,2,0,11,4,11,26,20,10,12,10,13,2,2,2,5,6,3,2,3,12,10,11,17,12,45,16,1,1,1,1,2,1,1,1,1,1,1,0,0,0,3,7,6,15,10,6
209,9,3,1,2,6,1,4,4,1,5,9,10,7,39,11,29,3,1,3,3,5,3,4,3,3,3,3,3,3,3,3,3,3,1,2,3,2,6,10,7,3,3,6,30,41,46,3,4,8,15,31,3,0,3,6,6,6,11,11,11,17,17,17,9,11,11
210,14,3,3,1,3,6,1,8,9,4,20,14,10,18,23,6,0,1,1,6,1,1,8,1,8,4,18,21,4,49,47,1,0,0,4,4,5,5,7,3,5,24,27,20,42,23,1,1,2,5,13,0,0,0,0,0,0,10,8,10,22,19,22,41,35,15
211,9,3,3,2,5,3,4,6,6,10,22,6,3,15,43,19,0,1,1,4,6,1,9,10,10,10,8,8,10,14,10,1,0,0,1,0,6,9,13,11,14,6,9,15,19,8,3,5,9,16,32,0,3,0,0,0,0,12,12,12,21,20,20,17,17,14
212,2,3,3,1,3,6,1,8,9,4,20,11,13,4,12,45,0,1,1,6,1,1,8,11,9,25,13,9,21,31,50,1,0,0,4,4,5,5,7,3,2,26,0,7,34,20,4,7,14,27,54,0,0,0,0,0,0,2,4,5,18,14,19,12,14,10
213,5,1,2,0,1,2,0,1,7,0,1,3,25,25,30,48,1,2,0,1,2,0,1,4,0,8,11,20,11,55,22,2,2,2,5,6,3,5,5,3,4,19,23,2,1,1,1,1,2,6,15,1,1,1,1,1,1,0,0,0,19,2,12,35,49,31
214,5,1,2,0,1,2,0,2,2,0,24,27,12,50,51,22,1,2,0,1,2,0,11,4,11,26,20,10,12,10,13,2,2,2,5,6,3,2,3,12,10,11,17,12,45,16,1,1,1,1,2,1,1,1,1,1,1,0,0,0,3,7,6,15,10,6
215,5,1,2,0,1,2,0,2,2,0,24,8,12,20,17,22,1,2,0,1,2,0,11,4,11,13,20,26,37,44,36,2,2,2,5,6,3,2,3,12,10,11,17,2,1,1,1,1,2,4,10,1,1,1,1,1,1,0,0,0,3,7,6,21,10,6
216,8,3,3,2,5,3,4,6,6,9,2,23,20,40,8,49,0,1,1,4,6,1,12,9,7,4,9,16,23,49,47,1,0,0,4,4,5,5,7,3,5,24,27,20,42,23,3,5,10,20,38,0,0,0,0,0,0,10,8,10,22,16,22,41,35,15
217,12,2,0,3,4,0,2,5,0,3,14,19,23,53,20,44,1,0,0,1,0,6,5,0,6,6,0,6,31,0,26,2,2,2,3,1,4,7,0,5,6,7,11,1,3,5,1,2,3,8,18,1,1,1,4,4,5,4,3,2,2,0,1,1,7,28
218,13,2,0,3,2,5,6,7,13,13,7,12,14,21,2,14,1,0,0,5,4,4,6,6,4,5,7,4,48,30,53,2,2,2,3,1,4,0,6,9,11,1,24,5,6,48,1,2,5,11,24,1,1,1,3,3,3,5,5,4,0,3,0,0,0,0
219,2,3,3,1,3,6,1,9,10,1,8,18,1,22,22,11,0,1,1,6,1,1,8,11,9,11,10,18,49,7,9,1,0,0,4,4,5,8,11,6,1,2,2,54,35,21,4,7,12,23,45,0,0,0,0,0,0,2,4,5,7,8,7,2,1,2
220,5,1,2,0,1,2,0,2,2,0,5,27,12,50,25,13,1,2,0,1,2,0,11,4,11,26,20,10,12,10,13,2,2,2,5,6,3,2,3,12,10,11,17,12,45,16,1,1,1,1,2,1,1,1,1,1,1,0,0,0,3,7,6,15,10,6
221,11,0,0,2,0,4,5,13,8,6,4,20,19,34,4,23,2,3,2,2,3,2,3,2,2,2,2,2,43,2,42,0,1,3,6,2,1,3,9,4,16,4,8,49,52,14,2,3,6,12,26,2,2,2,2,2,2,1,1,1,1,1,2,10,46,32
222,1,3,3,1,3,6,1,8,9,12,15,26,13,46,55,54,0,1,1,6,1,1,13,5,12,9,12,12,9,29,27,1,0,0,4,4,5,5,7,3,0,13,7,55,14,44,4,7,14,26,52,0,0,0,0,0,4,3,2,7,6,6,4,5,3,3
223,10,0,0,2,0,4,5,13,8,6,4,20,8,16,32,15,2,3,2,2,3,2,3,12,13,12,15,15,25,52,35,0,1,3,6,2,1,12,12,8,8,12,20,19,28,29,2,3,6,12,27,2,2,2,2,2,2,1,1,1,4,4,3,14,12,12
224,14,3,0,1,3,6,1,8,9,4,20,14,13,18,28,46,0,1,1,6,1,1,13,1,12,18,1,14,19,1,19,1,0,0,4,4,5,5,7,3,23,14,16,21,15,11,4,7,14,28,55,0,0,0,2,0,3,2,8,7,20,21,21,40,42,40
225,10,0,0,2,0,4,5,13,8,6,4,20,19,44,26,7,2,3,2,2,3,2,3,12,13,17,26,19,22,16,20,0,1,3,6,2,1,10,4,10,21,18,19,9,22,37,2,3,6,12,25,2,2,2,2,2,2,13,13,13,23,22,23,25,23,22
226,5,1,2,0,1,2,0,2,2,0,5,27,12,50,25,13,1,2,0,1,2,0,11,4,11,26,20,10,12,10,13,2,2,2,5,6,3,2,3,12,10,11,17,12,45,16,1,1,1,1,2,1,1,1,1,1,1,0,0,0,3,7,6,15,10,6
227,8,3,3,2,5,3,4,6,12,9,10,15,20,32,19,12,0,1,1,4,6,1,12,9,7,7,9,16,8,20,7,1,0,0,4,4,5,5,7,3,22,16,15,43,38,28,3,5,10,17,33,0,0,0,0,0,0,6,6,6,15,15,15,16,13,13
228,14,2,0,3,2,5,6,7,5,13,23,22,2,30,40,39,1,0,0,5,4,4,10,6,4,21,14,17,14,18,41,2,2,2,3,1,4,0,6,9,12,9,4,4,10,52,1,2,4,9,21,1,1,1,3,3,3,8,9,9,8,9,8,4,5,4
229,3,1,2,0,1,2,0,11,4,7,6,16,18,14,52,24,1,2,0,1,2,0,1,4,0,1,4,22,35,48,17,2,2,2,5,6,3,5,5,3,4,19,23,32,29,18,1,1,2,4,9,1,1,1,1,1,1,0,0,0,13,10,9,13,16,24
230,14,2,2,3,2,5,6,7,5,13,23,22,2,30,40,39,1,0,0,5,4,4,10,6,4,21,14,17,14,18,41,2,2,2,3,1,4,0,6,9,12,9,4,4,10,52,1,2,4,9,21,1,1,1,3,3,3,8,9,9,8,9,8,4,5,4
231,11,0,0,2,0,4,5,13,8,6,4,20,19,34,41,30,2,3,2,2,3,2,3,2,2,2,2,2,16,39,44,0,1,3,6,2,1,3,9,4,16,4,8,3,7,2,2,3,6,12,26,2,2,2,2,2,2,1,1,1,1,1,2,23,15,25
232,7,3,3,1,3,6,1,8,10,8,18,1,22,52,50,4,0,1,1,6,1,1,2,8,1,15,6,23,20,37,28,1,0,0,4,4,5,1,7,13,0,13,7,36,18,50,4,7,13,25,49,0,0,0,0,0,0,7,7,8,5,5,5,34,34,37
233,3,2,2,3,4,0,2,5,0,3,6,17,5,37,52,24,1,2,0,1,2,0,1,4,0,1,4,22,35,48,17,2,2,2,3,1,4,5,5,3,24,19,26,32,29,18,1,1,2,2,4,1,1,1,1,1,1,0,0,0,13,10,9,13,16,24
234,6,3,3,1,3,6,3,0,11,11,26,4,27,12,14,32,0,1,1,0,6,5,0,7,5,0,17,11,0,9,52,1,0,0,0,5,0,4,8,1,9,8,13,18,0,53,4,6,11,21,39,0,0,0,5,5,4,9,10,3,9,11,10,3,2,1
235,7,3,3,1,3,6,1,9,10,8,18,18,22,27,38,11,0,1,1,6,1,1,2,8,1,15,24,1,13,21,1,1,0,0,4,4,5,1,7,13,13,17,10,2,1,1,4,7,13,25,50,0,0,0,0,0,0,7,7,8,5,5,5,27,6,7
236,2,3,3,1,3,6,1,8,9,4,20,11,13,4,12,51,0,1,1,6,1,1,2,1,8,25,13,9,21,31,50,1,0,0,4,4,5,5,7,3,2,26,0,2,1,1,4,7,13,25,50,0,0,0,0,0,0,2,4,5,18,14,19,12,14,39
237,3,1,2,0,1,2,0,11,4,7,1,17,18,26,30,48,1,2,0,1,2,0,1,4,0,8,11,20,11,55,22,2,2,2,5,6,3,5,5,3,4,19,23,48,53,54,1,1,2,3,7,1,1,1,1,1,1,0,0,0,19,2,12,35,49,31
238,12,2,0,3,4,0,2,5,0,3,14,13,23,53,0,44,1,0,0,1,0,6,5,0,6,6,0,6,31,0,39,2,2,2,3,1,4,7,0,5,6,7,11,1,3,5,1,2,3,8,19,1,1,1,4,4,5,4,3,2,2,0,1,1,4,5
239,14,2,0,1,3,6,1,8,9,4,20,14,13,18,28,46,0,1,1,6,1,1,13,1,12,18,1,14,19,1,19,1,0,0,4,4,5,5,7,3,23,14,16,21,15,11,4,7,14,28,55,0,0,0,2,0,3,2,8,7,20,21,21,40,42,40
240,8,3,3,2,5,3,4,3,6,9,2,23,9,29,5,40,0,1,1,4,6,1,7,9,7,19,22,7,51,8,33,1,0,0,4,4,5,11,1,0,25,5,1,22,17,24,3,5,10,19,36,0,0,0,0,0,0,6,6,6,12,13,13,6,9,8
241,13,2,0,3,2,5,6,7,13,13,7,12,14,21,7,27,1,0,0,5,4,4,6,6,4,5,7,4,48,30,53,2,2,2,3,1,4,0,6,9,11,1,24,5,6,48,1,2,5,11,24,1,1,1,3,3,3,5,5,4,0,3,0,0,0,0
242,5,1,2,0,1,2,0,2,4,0,17,8,17,20,17,22,1,2,0,1,2,0,11,4,11,13,11,26,37,44,36,2,2,2,5,6,3,5,5,3,4,19,23,45,37,33,1,1,1,1,1,1,1,1,1,1,1,0,0,0,3,7,6,21,31,6
243,2,3,3,1,3,6,1,8,9,4,20,11,13,4,12,45,0,1,1,6,1,1,8,11,9,25,13,9,21,31,50,1,0,0,4,4,5,5,7,3,2,26,0,7,34,20,4,7,14,27,54,0,0,0,0,0,0,2,4,5,18,14,19,39,41,10
244,9,3,3,2,5,3,4,6,6,10,2,23,20,2,44,49,0,1,1,6,1,1,8,1,8,25,13,21,41,11,24,1,0,0,4,4,5,5,7,3,2,26,0,53,47,30,3,5,10,18,34,0,0,0,0,0,0,10,4,10,16,16,16,39,41,43
245,3,1,2,0,1,2,0,11,4,0,19,17,24,36,17,10,1,2,0,1,2,0,1,4,0,13,11,26,37,44,36,2,2,2,5,6,3,5,5,3,4,19,23,45,37,33,1,1,1,1,1,1,1,1,1,1,1,0,0,0,3,7,6,21,31,33
246,10,0,0,2,0,4,5,13,8,6,4,20,8,16,32,15,2,3,2,2,3,2,3,12,13,12,15,15,25,52,35,0,1,3,6,2,1,12,12,8,8,12,20,19,28,29,2,3,6,12,27,2,2,2,2,2,2,1,1,1,4,4,3,14,12,12
247,9,3,3,2,5,3,4,6,6,10,22,6,3,15,43,19,0,1,1,4,6,1,9,10,10,10,8,8,10,14,10,1,0,0,1,0,6,9,13,11,14,6,9,15,19,8,3,5,9,16,32,0,3,0,0,0,0,12,12,12,21,20,20,17,17,14
248,8,0,3,2,5,3,4,3,6,9,2,23,9,29,5,8,0,1,1,4,6,1,7,9,7,19,22,7,17,45,15,1,0,0,4,4,5,11,1,0,25,5,1,40,55,41,3,5,10,20,37,0,0,0,0,0,0,6,6,6,12,13,13,6,9,8
249,5,1,2,0,1,2,0,2,2,0,13,27,16,23,44,13,1,2,0,1,2,0,1,4,0,23,16,13,45,27,43,2,2,2,5,6,3,5,5,3,2,26,0,41,27,43,1,1,2,6,15,1,1,1,1,1,1,0,0,0,24,23,24,18,19,21
250,13,2,0,3,2,5,6,7,13,13,7,12,14,10,2,14,1,0,0,5,4,4,6,6,4,5,7,4,5,30,54,2,2,2,3,1,4,0,6,9,11,1,24,5,6,48,1,2,5,11,24,1,1,1,3,3,3,5,5,4,0,3,0,0,0,0
251,9,3,3,2,5,3,4,6,6,10,22,6,3,15,43,19,0,1,1,4,6,1,9,10,10,10,8,8,10,14,10,1,0,0,1,0,6,9,13,11,14,6,9,15,19,8,3,5,9,16,32,0,3,0,0,0,0,12,12,12,21,20,20,17,17,14
252,8,0,3,2,5,3,4,3,6,9,2,23,9,29,5,40,0,1,1,4,6,1,7,9,7,19,22,7,51,8,33,1,0,0,4,4,5,11,1,0,25,5,1,22,17,24,3,5,10,19,36,0,0,0,0,0,0,6,6,6,12,13,13,6,9,8
253,14,2,0,3,2,5,6,7,5,13,23,22,2,30,40,39,1,0,0,5,4,4,10,6,4,21,14,17,14,18,41,2,2,2,3,1,4,0,6,9,12,9,4,4,10,52,1,2,4,9,21,1,1,1,3,3,3,8,9,9,8,9,8,4,5,4
254,5,1,2,0,1,2,0,1,2,0,13,3,25,23,3,26,1,2,0,1,2,0,1,4,0,23,16,13,45,27,43,2,2,2,5,6,3,5,5,3,24,0,26,26,21,25,1,1,2,6,14,1,1,1,1,1,1,0,0,0,24,23,24,18,19,21
255,9,3,1,2,6,1,4,4,1,5,9,10,7,39,13,28,3,1,3,3,5,3,4,3,3,3,3,3,3,3,3,3,3,1,2,3,2,6,10,7,3,3,6,11,11,3,3,4,8,15,31,3,0,3,6,6,6,11,11,11,17,17,17,9,11,11
256,11,0,0,2,0,4,5,12,3,6,3,7,4,3,48,5,2,3,2,2,3,2,3,2,2,2,2,2,44,43,16,0,1,3,6,2,1,3,9,4,16,4,8,27,36,36,2,3,7,13,28,2,2,2,2,2,2,1,1,1,1,1,2,8,8,17
257,1,2,2,3,4,0,2,5,0,3,14,0,5,41,0,3,1,0,0,1,0,6,5,0,6,6,0,6,6,36,37,2,2,2,3,1,4,7,0,5,6,7,11,35,33,35,1,1,2,2,3,1,1,1,4,4,5,4,3,2,27,27,27,36,32,42
258,10,0,0,2,0,4,5,10,8,6,4,20,19,5,29,23,2,3,2,2,3,2,3,12,13,17,21,19,22,26,20,0,1,3,6,2,1,3,9,4,16,4,8,49,52,14,2,3,6,12,26,2,2,2,2,2,2,1,1,1,23,22,23,25,23,22
259,7,3,3,1,3,6,1,9,10,8,18,21,22,48,24,4,0,1,1,6,1,1,2,8,1,20,6,25,32,13,25,1,0,0,4,4,5,1,7,13,17,10,22,16,43,26,4,7,13,25,48,0,0,0,0,0,0,7,7,8,25,24,25,27,27,26
260,10,0,0,2,0,4,5,10,3,6,27,7,4,13,33,5,2,3,2,2,3,2,3,12,13,12,15,27,2,26,2,0,1,3,6,2,1,12,12,8,8,12,20,44,54,10,2,3,7,13,28,2,2,2,2,2,2,1,1,1,4,4,3,19,21,18
261,12,2,0,3,4,0,2,5,0,3,14,19,23,53,36,44,1,0,0,1,0,6,5,0,6,6,0,6,6,36,37,2,2,2,3,1,4,7,0,5,6,7,11,1,3,5,1,2,3,8,18,1,1,1,4,4,5,4,3,2,2,0,1,1,7,28
262,5,1,2,0,1,2,0,1,2,0,13,3,25,23,30,0,1,2,0,1,2,0,1,4,0,22,19,0,18,46,0,2,2,2,5,6,3,5,5,3,4,19,23,6,9,6,1,1,2,6,15,1,1,1,1,1,1,0,0,0,11,2,12,43,33,41
263,11,0,3,2,0,4,5,13,8,6,4,20,19,34,4,23,2,3,2,2,3,2,3,2,2,2,2,2,43,2,42,0,1,3,6,2,1,3,9,4,16,4,8,49,52,14,2,3,6,12,26,2,2,2,2,2,2,1,1,1,1,1,2,23,26,9
264,7,3,3,1,3,6,1,6,12,8,18,1,22,27,38,4,0,1,1,4,6,1,12,9,7,7,9,16,8,20,7,1,0,0,4,4,5,5,7,3,22,16,15,39,23,55,4,7,13,24,47,0,0,0,0,0,0,6,6,6,15,15,15,16,13,13
265,2,3,3,1,3,6,1,9,10,1,8,9,1,22,37,11,0,1,1,6,1,1,8,11,9,11,10,18,7,41,9,1,0,0,4,4,5,8,11,6,1,2,2,10,12,0,4,7,12,23,45,0,0,0,0,0,0,2,4,5,7,8,7,2,1,2
266,13,2,0,3,2,5,6,7,13,13,7,2,14,21,2,14,1,0,0,5,4,4,6,6,4,5,7,4,48,30,4,2,2,2,3,1,4,0,6,9,11,1,24,5,6,48,1,2,5,11,24,1,1,1,3,3,3,5,5,4,0,3,0,27,27,26
267,12,2,0,3,4,0,2,5,0,3,14,19,23,53,20,44,1,0,0,1,0,6,5,0,6,6,0,6,31,0,39,2,2,2,3,1,4,7,0,5,6,7,11,1,3,5,1,2,3,8,18,1,1,1,4,4,5,4,3,2,2,0,1,1,4,5
268,2,3,3,1,3,6,1,8,9,4,8,18,1,4,22,11,0,1,1,6,1,1,8,11,9,11,10,18,49,7,9,1,0,0,4,4,5,8,11,6,1,2,2,54,35,21,4,7,12,23,46,0,0,0,0,0,0,2,4,5,7,8,7,2,1,2
269,1,1,2,0,1,2,0,11,4,2,25,26,15,36,31,37,0,1,1,6,1,1,13,13,12,14,25,5,15,17,6,1,0,0,5,6,3,13,2,2,4,19,23,2,1,1,4,7,14,26,52,0,0,0,5,5,4,3,2,3,10,12,11,32,30,35
270,12,2,0,3,4,0,2,5,0,3,14,13,21,41,10,42,1,0,0,1,0,6,5,0,6,6,0,6,31,0,39,2,2,2,3,1,4,7,0,5,6,7,11,1,3,5,1,2,3,8,19,1,1,1,4,4,5,4,3,2,2,0,1,11,7,5
271,1,2,0,3,4,0,2,5,0,3,14,0,5,28,0,34,1,0,0,1,0,6,5,0,6,6,0,6,6,36,37,2,2,2,3,1,4,7,0,5,6,7,11,35,33,35,1,1,2,2,3,1,1,1,4,4,5,4,3,2,27,27,27,36,32,42
272,3,1,2,0,1,2,0,11,7,7,19,17,24,14,52,10,1,2,0,1,2,0,1,4,0,1,4,22,35,48,17,2,2,2,5,6,3,5,5,3,4,19,23,32,29,18,1,1,2,3,6,1,1,1,1,1,1,0,0,0,13,10,9,13,16,36
273,1,3,3,1,3,6,1,8,9,12,16,14,13,46,55,3,0,1,1,6,1,1,13,5,12,9,12,12,9,29,27,0,1,3,6,2,1,3,9,4,16,4,8,49,52,14,4,7,14,28,56,2,2,2,2,2,2,1,1,1,1,1,2,10,46,32
274,8,3,3,2,5,3,4,6,12,9,10,15,20,40,19,12,0,1,1,4,6,1,12,9,7,7,9,16,39,28,31,1,0,0,4,4,5,5,1,0,5,24,27,2,48,40,3,5,10,17,33,0,0,0,0,0,0,6,6,6,22,16,22,33,37,15
275,7,3,3,1,5,3,1,6,6,8,0,1,20,27,1,16,0,1,1,6,1,1,2,8,1,15,6,23,20,37,28,1,0,0,4,4,5,1,7,13,0,13,7,33,46,4,4,7,13,25,49,0,0,0,0,0,0,7,7,8,5,5,5,34,34,37
276,6,3,3,1,3,6,3,0,11,11,26,4,27,42,14,17,0,1,1,0,6,5,0,7,5,0,17,11,47,53,52,1,0,0,0,5,0,4,8,1,9,8,13,52,40,13,4,6,11,21,39,0,0,0,5,5,4,9,10,3,9,11,10,3,2,1
277,12,2,0,3,4,0,2,5,0,3,14,13,21,41,10,42,1,0,0,1,0,6,5,0,6,6,0,6,31,0,39,2,2,2,3,1,4,7,0,5,6,7,11,1,3,5,1,2,3,8,19,1,1,1,4,4,5,4,3,2,2,0,1,1,4,5
278,11,0,0,2,0,4,5,13,8,6,4,20,19,34,41,30,2,3,2,2,3,2,3,2,2,2,2,2,16,39,44,0,1,3,6,2,1,3,9,4,16,4,8,3,7,2,2,3,6,12,26,2,2,2,2,2,2,1,1,1,1,1,2,23,15,25
279,6,3,3,1,3,6,3,0,11,11,26,4,27,42,14,17,0,1,1,0,6,5,0,7,5,0,17,11,47,53,52,1,0,0,0,5,0,4,8,1,9,8,13,52,40,13,4,6,11,21,39,0,0,0,5,5,4,9,10,3,9,11,10,3,2,1
280,5,1,2,0,1,2,0,2,4,0,17,27,17,20,25,22,1,2,0,1,2,0,11,4,11,26,20,10,12,10,13,2,2,2,5,6,3,2,3,12,10,11,17,45,37,33,1,1,1,1,1,1,1,1,1,1,1,0,0,0,3,7,6,21,10,6
281,5,1,2,0,1,2,0,2,2,0,24,27,12,50,25,22,1,2,0,1,2,0,1,4,0,23,16,13,33,51,30,2,2,2,5,6,3,2,5,3,4,19,23,2,1,1,1,1,2,7,17,1,1,1,1,1,1,0,0,0,3,7,6,47,54,47
282,4,1,2,0,1,2,0,11,7,7,21,16,6,33,16,35,1,2,0,1,2,0,1,4,0,22,19,0,29,50,0,2,2,2,5,6,3,5,5,3,4,19,23,6,9,6,1,1,2,4,10,1,1,1,1,1,1,0,0,0,14,2,18,47,18,47
283,2,3,3,1,5,3,1,6,6,4,20,11,10,4,12,51,0,1,1,6,1,1,8,1,8,25,13,9,21,31,50,1,0,0,4,4,5,5,7,3,2,26,0,7,34,20,4,7,14,27,54,0,0,0,0,0,0,12,12,5,21,20,20,12,14,10
284,11,3,3,1,3,6,1,8,9,12,16,26,13,46,55,38,0,1,1,6,1,1,13,5,12,9,12,12,9,29,27,1,0,0,4,4,5,5,7,3,0,13,7,55,14,44,4,7,14,26,53,0,0,0,0,0,4,3,2,7,6,6,4,5,3,3
285,11,0,0,2,0,4,5,12,3,6,3,7,4,38,46,5,2,3,2,2,3,2,3,2,2,2,2,2,44,43,16,0,1,3,6,2,1,3,9,4,16,4,8,27,36,36,2,3,7,13,28,2,2,2,2,2,2,1,1,1,1,1,2,23,15,25
286,3,1,2,0,1,2,0,11,5,0,24,17,2,30,27,10,1,2,0,1,2,0,1,4,0,1,27,22,1,40,46,2,2,2,5,6,3,5,5,3,4,19,23,23,4,1,1,1,2,3,6,1,1,1,1,1,1,0,0,0,13,10,9,13,43,36
287,4,1,2,0,1,2,0,11,4,7,21,16,6,26,54,53,1,2,0,1,2,0,1,4,0,27,19,20,24,23,23,2,2,2,5,6,3,5,5,3,4,19,23,31,44,19,1,1,2,4,9,1,1,1,1,1,1,0,0,0,11,2,18,45,48,48
288,10,0,0,2,0,4,5,13,8,6,4,20,19,34,4,23,2,3,2,2,3,2,3,12,13,12,15,27,38,54,51,0,1,3,6,2,1,3,9,4,16,4,8,49,52,14,2,3,7,14,30,2,2,2,2,2,2,1,1,1,4,4,3,46,46,32
289,4,1,2,0,1,2,0,1,7,7,11,3,10,49,45,18,1,2,0,1,2,0,1,4,0,22,19,0,29,15,0,2,2,2,5,6,3,5,5,3,7,27,5,42,51,49,1,1,2,4,12,1,1,1,1,1,1,0,0,0,14,18,14,29,28,30
290,10,0,0,2,0,4,5,13,8,6,4,20,19,16,21,30,2,3,2,2,3,2,3,12,13,12,15,27,2,26,2,0,1,3,6,2,1,12,12,8,8,12,20,44,54,10,2,3,6,12,27,2,2,2,2,2,2,1,1,1,4,4,3,19,21,18
291,6,3,3,1,3,6,3,8,9,2,15,26,15,45,31,6,0,1,1,0,6,5,0,13,5,14,25,5,15,17,6,1,0,0,4,4,5,13,2,2,19,15,14,13,16,7,4,7,14,26,53,0,0,0,5,5,4,3,2,3,10,12,11,32,30,35
292,9,3,3,1,3,6,1,9,10,8,18,25,22,54,35,4,0,1,1,6,1,1,2,1,8,20,6,23,4,47,49,1,0,0,4,4,5,5,7,3,4,19,23,2,1,1,4,7,13,24,47,0,0,0,0,0,0,2,4,5,22,16,22,39,37,43
293,3,1,2,0,1,2,0,1,7,7,11,3,10,49,45,18,1,2,0,1,2,0,1,4,0,22,19,0,29,15,0,2,2,2,5,6,3,5,5,3,7,27,5,42,51,49,1,1,2,3,8,1,1,1,1,1,1,0,0,0,14,18,14,29,28,30
294,10,0,0,2,0,4,5,10,8,6,27,20,8,16,32,15,2,3,2,2,3,2,3,12,13,12,15,15,25,52,35,0,1,3,6,2,1,12,12,8,8,12,20,19,28,29,2,3,6,12,27,2,2,2,2,2,2,1,1,1,4,4,3,14,12,12
295,12,2,0,3,4,0,2,5,0,3,14,19,23,53,20,44,1,0,0,1,0,6,5,0,6,6,0,6,31,0,5,2,2,2,3,1,4,7,0,5,6,7,11,1,3,5,1,2,3,8,18,1,1,1,4,4,5,4,3,2,2,0,1,1,7,5
296,4,1,2,0,1,2,0,1,7,7,11,3,26,8,16,55,1,2,0,1,2,0,1,4,0,22,19,0,18,51,30,2,2,2,5,6,3,5,5,3,24,19,26,6,9,6,1,1,2,7,16,1,1,1,1,1,1,0,0,0,11,2,12,44,33,45
297,5,1,2,0,1,2,0,2,2,0,5,27,12,50,25,13,1,2,0,1,2,0,11,4,11,26,20,10,12,10,13,2,2,2,5,6,3,2,3,12,10,11,17,12,45,16,1,1,1,1,2,1,1,1,1,1,1,0,0,0,3,7,6,15,10,6
298,2,3,3,1,3,6,1,9,10,4,20,11,1,11,12,45,0,1,1,6,1,1,8,11,9,25,13,9,21,31,50,1,0,0,4,4,5,8,11,6,2,26,0,7,34,20,4,7,14,27,54,0,0,0,0,0,0,2,4,5,18,14,19,12,14,10
299,8,0,3,2,5,3,4,3,6,9,2,23,9,29,5,8,0,1,1,4,6,1,7,9,7,19,22,7,17,45,15,1,0,0,4,4,5,11,1,0,25,5,1,40,55,41,3,5,10,20,37,0,0,0,0,0,0,6,6,6,12,13,13,6,9,8
300,4,1,2,0,1,2,0,11,7,7,21,16,6,26,54,53,1,2,0,1,2,0,1,4,0,27,19,20,24,23,23,2,2,2,5,6,3,5,5,3,4,19,23,31,44,19,1,1,2,4,9,1,1,1,1,1,1,0,0,0,11,2,18,45,48,48
301,3,1,2,0,1,2,0,11,4,0,6,16,18,26,52,24,1,2,0,1,2,0,1,4,0,1,4,22,35,48,17,2,2,2,5,6,3,5,5,3,4,19,23,32,29,18,1,1,2,2,5,1,1,1,1,1,1,0,0,0,13,10,9,13,16,24
302,7,3,3,1,3,6,1,9,10,8,18,25,22,19,35,4,0,1,1,6,1,1,2,8,1,15,24,1,13,21,1,1,0,0,4,4,5,1,7,13,13,17,10,8,20,47,4,7,13,24,47,0,0,0,0,0,0,7,7,8,5,5,5,7,6,7
303,12,2,0,3,4,0,2,5,0,3,14,13,21,41,36,42,1,0,0,1,0,6,5,0,6,6,0,6,31,0,5,2,2,2,3,1,4,7,0,5,6,7,11,1,3,5,1,2,3,8,19,1,1,1,4,4,5,4,3,2,2,0,1,11,7,29
304,13,2,0,3,2,5,6,7,13,13,7,2,14,10,2,14,1,0,0,5,4,4,6,6,4,5,7,4,5,30,4,2,2,2,3,1,4,0,6,9,11,1,24,5,6,48,1,2,5,11,24,1,1,1,3,3,3,5,5,4,0,3,0,0,0,0
305,6,3,3,1,3,6,3,0,11,11,26,4,27,42,14,25,0,1,1,0,6,5,0,7,5,0,17,11,47,53,11,1,0,0,0,5,0,4,8,1,9,8,13,17,5,15,4,6,11,21,40,0,0,0,5,5,4,9,10,3,9,11,10,3,2,1
306,1,3,3,1,3,6,1,8,9,12,16,26,13,46,49,38,0,1,1,6,1,1,13,5,12,9,12,12,52,5,27,1,0,0,4,4,5,5,7,3,0,13,7,55,14,44,4,7,13,25,50,0,0,0,0,0,4,3,2,7,6,6,4,5,3,3
307,2,3,3,1,3,6,1,9,10,1,8,9,1,22,37,41,0,1,1,6,1,1,8,11,9,11,10,18,7,41,9,1,0,0,4,4,5,8,11,6,1,2,2,10,12,0,4,7,12,23,46,0,0,0,0,0,0,2,4,5,7,8,7,2,1,2
308,5,1,2,0,1,2,0,1,2,0,13,3,25,23,3,48,1,2,0,1,2,0,1,4,0,23,16,13,45,27,43,2,2,2,5,6,3,5,5,3,24,19,26,26,21,25,1,1,2,6,15,1,1,1,1,1,1,0,0,0,24,23,24,18,19,21
309,12,2,0,3,4,0,2,5,0,3,14,19,23,53,20,44,1,0,0,1,0,6,5,0,6,6,0,6,31,0,39,2,2,2,3,1,4,7,0,5,6,7,11,1,3,5,1,2,3,8,18,1,1,1,4,4,5,4,3,2,2,0,1,1,4,28
310,13,2,0,3,2,5,6,7,13,13,7,12,14,21,7,31,1,0,0,5,4,4,6,6,4,5,7,4,5,30,53,2,2,2,3,1,4,0,6,9,11,1,24,5,6,48,1,2,5,11,24,1,1,1,3,3,3,5,5,4,0,3,0,0,0,0
311,7,3,3,1,3,6,1,8,10,8,0,25,22,19,34,4,0,1,1,6,1,1,2,8,1,20,6,25,55,13,25,1,0,0,4,4,5,5,7,3,0,13,7,2,1,9,4,7,14,26,52,0,0,0,0,0,0,7,7,8,25,14,5,49,50,52
312,6,3,3,1,3,6,3,0,11,11,26,4,27,42,14,32,0,1,1,0,6,5,0,7,5,0,17,11,47,53,52,1,0,0,0,5,0,4,8,1,9,8,13,18,0,53,4,6,11,21,39,0,0,0,5,5,4,9,10,3,9,11,10,3,2,1
313,10,0,0,2,0,4,5,10,3,6,27,7,4,43,29,50,2,3,2,2,3,2,3,12,13,12,15,27,38,54,51,0,1,3,6,2,1,12,12,8,8,12,20,49,52,14,2,3,7,14,30,2,2,2,2,2,2,1,1,1,4,4,3,46,12,32
314,4,1,2,0,1,2,0,11,7,7,21,16,6,33,16,35,1,2,0,1,2,0,1,4,0,27,19,20,24,23,23,2,2,2,5,6,3,5,5,3,4,19,23,6,9,6,1,1,2,4,10,1,1,1,1,1,1,0,0,0,11,2,18,22,18,20
315,9,3,3,2,5,3,4,6,6,10,2,23,20,17,8,49,0,1,1,6,1,1,8,1,8,24,18,21,27,22,21,1,0,0,4,4,5,5,7,3,26,21,25,50,8,32,3,5,10,18,35,0,0,0,0,0,0,10,8,10,16,19,16,26,25,23
316,14,2,0,3,2,5,6,7,5,13,12,22,16,35,15,39,1,0,0,5,4,4,6,6,4,5,23,24,26,24,29,2,2,2,3,1,4,0,6,9,18,22,21,14,25,31,1,2,5,10,22,1,1,1,3,3,3,5,5,4,0,25,0,24,22,19
317,7,3,3,1,3,6,1,8,10,8,0,21,22,48,24,16,0,1,1,6,1,1,2,8,1,20,6,25,32,13,25,1,0,0,4,4,5,1,7,13,17,10,22,16,43,26,4,7,13,25,48,0,0,0,0,0,0,7,7,8,25,24,25,27,27,26
318,7,3,3,1,3,6,1,8,9,8,18,1,22,27,38,4,0,1,1,6,1,1,2,8,1,20,6,23,50,37,28,1,0,0,4,4,5,1,7,13,13,17,10,24,49,45,4,7,13,25,50,0,0,0,0,0,0,7,7,8,5,5,5,48,47,49
319,11,0,0,2,0,4,5,12,3,6,3,7,4,38,48,9,2,3,2,2,3,2,3,2,2,2,2,2,44,43,16,0,1,3,6,2,1,3,9,4,16,4,8,27,36,36,2,3,7,13,28,2,2,2,2,2,2,1,1,1,1,1,2,8,15,17
320,13,2,0,3,2,5,6,7,13,13,7,12,14,10,2,27,1,0,0,5,4,4,6,6,4,5,7,4,5,30,54,2,2,2,3,1,4,0,6,9,11,1,24,5,6,48,1,2,5,11,24,1,1,1,3,3,3,5,5,4,0,3,0,0,0,0
321,11,0,0,2,0,4,5,12,3,6,3,7,4,38,48,5,2,3,2,2,3,2,3,2,2,2,2,2,44,43,16,0,1,3,6,2,1,3,9,4,16,4,8,27,36,36,2,3,7,13,28,2,2,2,2,2,2,1,1,1,1,1,2,8,15,17
322,13,2,0,3,2,5,6,7,13,13,7,2,14,21,2,14,1,0,0,5,4,4,6,6,4,5,7,4,48,30,4,2,2,2,3,1,4,0,6,9,11,1,24,5,6,48,1,2,5,11,24,1,1,1,3,3,3,5,5,4,0,3,0,0,0,0
323,8,3,3,2,5,3,4,6,12,9,10,15,20,32,19,12,0,1,1,4,6,1,12,9,7,7,9,16,8,20,7,1,0,0,4,4,5,5,1,0,22,16,15,43,38,28,3,5,10,17,33,0,0,0,0,0,0,6,6,6,15,15,15,16,13,13
324,1,3,3,1,3,6,1,8,9,12,16,26,13,46,55,54,0,1,1,6,1,1,13,5,12,9,12,12,9,29,27,1,0,0,4,4,5,5,7,3,0,13,7,55,14,44,4,7,14,26,53,0,0,0,0,0,4,3,2,7,6,6,4,5,3,3
325,11,0,0,2,0,4,5,12,3,6,3,7,4,38,48,9,2,3,2,2,3,2,3,2,2,2,2,2,44,43,16,0,1,3,6,2,1,3,9,4,16,4,8,27,36,36,2,3,7,13,28,2,2,2,2,2,2,1,1,1,1,1,2,8,8,17
326,9,3,3,2,5,3,4,6,6,10,22,6,3,15,43,19,0,1,1,4,6,1,9,10,10,10,8,8,10,14,10,1,0,0,1,0,6,9,13,11,14,6,9,15,19,8,3,5,9,16,32,0,3,0,0,0,0,12,12,12,21,20,20,17,17,14
327,1,3,3,1,3,6,1,8,9,12,16,26,13,46,55,54,0,1,1,6,1,1,13,5,12,9,12,12,9,29,27,1,0,0,4,4,5,5,7,3,0,13,7,2,14,44,3,5,10,20,38,0,0,0,0,0,4,3,2,7,6,6,4,5,3,54
328,5,1,2,0,1,2,0,2,4,0,17,8,17,9,17,22,1,2,0,1,2,0,11,4,11,13,11,26,37,44,36,2,2,2,5,6,3,2,3,12,4,19,23,38,53,54,1,1,1,1,1,1,1,1,1,1,1,0,0,0,3,7,6,21,39,6
329,8,3,3,1,3,6,1,8,12,9,10,24,13,40,53,8,0,1,1,4,6,1,12,9,7,7,9,16,39,28,31,1,0,0,4,4,5,5,1,0,5,24,27,2,48,40,3,5,10,20,38,0,0,0,0,0,0,6,6,6,22,16,22,33,37,15
330,10,1,2,1,3,6,0,11,7,7,19,17,24,36,27,10,1,2,0,1,2,0,1,4,0,22,19,0,29,50,0,2,2,2,5,6,3,5,5,3,7,19,23,23,4,1,1,1,2,4,12,1,1,1,1,1,1,0,0,0,14,18,14,29,40,46
331,4,1,2,0,1,2,0,1,7,7,11,3,11,49,30,33,1,2,0,1,2,0,1,4,0,23,16,13,33,34,18,2,2,2,5,6,3,5,5,3,24,0,26,46,39,42,1,1,2,7,17,1,1,1,1,1,1,0,0,0,26,26,26,38,36,38
332,6,3,3,1,3,6,3,0,11,2,25,26,15,0,31,37,0,1,1,0,6,5,0,13,5,14,25,5,15,17,6,1,0,0,0,5,0,13,2,2,19,15,14,13,16,7,4,6,11,22,42,0,0,0,5,5,4,3,2,3,10,12,11,32,30,35
333,14,2,0,3,2,5,6,7,5,13,19,22,24,6,40,2,1,0,0,5,4,4,10,6,4,21,14,17,14,18,14,2,2,2,3,1,4,0,6,9,12,9,4,4,10,52,1,2,4,9,20,1,1,1,3,3,3,8,9,9,8,9,8,4,5,4
334,1,3,2,1,3,6,1,8,9,12,15,26,13,46,49,3,0,1,1,6,1,1,13,5,12,9,12,12,9,29,27,1,0,0,4,4,5,5,7,3,0,13,7,55,14,9,4,7,14,26,53,0,0,0,0,0,4,3,2,7,6,6,4,5,3,3
335,10,0,0,2,0,4,5,13,8,6,4,20,19,44,26,7,2,3,2,2,3,2,3,12,13,17,26,19,22,16,20,0,1,3,6,2,1,10,4,10,21,18,19,9,22,37,2,3,6,12,25,2,2,2,2,2,2,13,13,13,23,22,23,25,23,22
336,4,1,2,0,1,2,0,1,7,7,11,3,24,49,27,36,1,2,0,1,2,0,1,4,0,22,19,0,29,50,0,2,2,2,5,6,3,5,5,3,7,19,23,23,4,1,1,1,2,4,12,1,1,1,1,1,1,0,0,0,19,18,14,29,40,46
337,7,3,3,1,3,6,1,9,10,8,8,9,1,7,35,41,0,1,1,6,1,1,8,11,9,11,10,18,49,7,9,1,0,0,4,4,5,8,11,6,1,2,2,10,12,0,4,7,13,24,47,0,0,0,0,0,0,2,4,5,7,8,7,2,1,2
338,12,2,0,3,4,0,2,5,0,3,14,13,23,31,0,34,1,0,0,1,0,6,5,0,6,6,0,6,31,0,39,2,2,2,3,1,4,7,0,5,6,7,11,1,3,5,1,2,3,8,18,1,1,1,4,4,5,4,3,2,2,0,1,1,4,5
339,11,0,0,2,0,4,5,12,3,6,3,7,4,47,48,5,2,3,2,2,3,2,3,2,2,2,2,2,43,2,42,0,1,3,6,2,1,3,9,4,16,4,8,49,52,14,2,3,7,13,28,2,2,2,2,2,2,1,1,1,1,1,2,8,8,9
340,12,2,0,3,4,0,2,5,0,3,14,13,21,31,0,42,1,0,0,1,0,6,5,0,6,6,0,6,31,0,39,2,2,2,3,1,4,7,0,5,6,7,11,1,3,5,1,2,3,8,19,1,1,1,4,4,5,4,3,2,2,0,1,1,4,5
341,13,2,0,3,2,5,6,7,13,13,7,12,14,21,7,43,1,0,0,5,4,4,6,6,4,5,7,4,48,30,4,2,2,2,3,1,4,0,6,9,11,1,24,5,6,48,1,2,5,11,24,1,1,1,3,3,3,5,5,4,0,3,0,0,0,0
342,4,1,2,0,1,2,0,1,7,7,11,3,26,33,16,55,1,2,0,1,2,0,1,4,0,27,19,20,24,23,23,2,2,2,5,6,3,5,5,3,4,19,23,6,9,6,1,1,2,4,10,1,1,1,1,1,1,0,0,0,11,2,18,22,18,20
343,13,2,0,3,2,5,6,7,13,13,12,2,14,35,15,43,1,0,0,5,4,4,6,6,4,5,23,24,26,24,29,2,2,2,3,1,4,0,6,9,18,22,21,14,25,31,1,2,5,10,22,1,1,1,3,3,3,5,5,4,0,25,0,24,22,19
344,4,1,2,0,1,2,0,1,7,7,11,3,26,8,16,36,1,2,0,1,2,0,1,4,0,22,19,0,18,46,0,2,2,2,5,6,3,5,5,3,7,19,5,2,1,1,1,1,2,4,12,1,1,1,1,1,1,0,0,0,14,18,14,30,28,30
345,10,0,0,2,0,4,5,13,8,6,4,20,19,16,21,30,2,3,2,2,3,2,3,12,13,12,15,27,2,19,2,0,1,3,6,2,1,12,12,8,8,12,20,49,52,14,2,3,6,12,27,2,2,2,2,2,2,1,1,1,4,4,3,19,21,18
346,9,3,1,2,6,1,4,4,1,5,9,10,7,39,13,29,3,1,3,3,5,3,4,3,3,3,3,3,3,3,3,3,3,1,2,3,2,6,10,7,3,3,6,11,11,3,3,4,8,15,31,3,0,3,6,6,6,11,11,11,17,17,17,9,11,11
347,6,3,3,1,3,6,3,0,11,11,26,4,27,42,14,25,0,1,1,0,6,5,0,7,5,0,17,11,47,53,11,1,0,0,0,5,0,4,8,1,9,8,13,2,1,1,4,6,11,21,39,0,0,0,5,5,4,9,10,3,9,11,10,3,2,1
348,2,3,3,1,3,6,1,8,9,4,20,11,13,4,12,45,0,1,1,6,1,1,8,11,9,25,13,9,21,31,50,1,0,0,4,4,5,5,7,3,2,26,0,7,34,20,4,7,14,27,54,0,0,0,0,0,0,2,4,5,18,14,19,12,14,10
349,5,1,2,0,1,2,0,1,7,0,13,3,0,25,30,48,1,2,0,1,2,0,1,4,0,8,11,20,11,55,22,2,2,2,5,6,3,5,5,3,4,19,23,38,53,54,1,1,2,4,11,1,1,1,1,1,1,0,0,0,3,7,12,35,39,31
350,3,1,2,0,1,0,2,1,7,7,6,17,18,1,30,24,1,2,0,1,2,0,1,4,0,1,4,22,53,48,17,2,2,2,5,6,3,5,5,3,24,0,26,23,29,18,1,1,2,2,5,1,1,1,1,1,1,0,0,0,19,10,9,28,24,27
351,1,3,3,1,3,6,1,8,9,12,16,26,13,46,55,54,0,1,1,6,1,1,13,5,12,9,12,12,9,29,27,1,0,0,4,4,5,5,7,3,0,13,7,55,14,44,4,7,14,26,53,0,0,0,0,0,4,3,2,7,6,6,4,5,3,3
352,14,2,0,3,2,5,6,7,5,13,23,22,2,6,40,2,1,0,0,5,4,4,10,6,4,21,14,17,14,18,41,2,2,2,3,1,4,0,6,9,12,9,4,4,10,52,1,2,4,9,20,1,1,1,3,3,3,8,9,9,8,9,8,4,5,4
353,12,2,0,3,4,0,2,5,0,3,14,19,23,53,20,44,1,0,0,1,0,6,5,0,6,6,0,6,31,0,26,2,2,2,3,1,4,7,0,5,6,7,11,1,3,5,1,2,3,8,18,1,1,1,4,4,5,4,3,2,2,0,1,1,4,5
354,8,3,3,2,5,3,4,6,12,9,10,15,20,32,19,12,0,1,1,4,6,1,12,9,7,7,9,16,8,20,7,1,0,0,4,4,5,5,1,0,22,16,15,43,38,28,3,5,10,17,33,0,0,0,0,0,0,6,6,6,15,15,15,16,13,13
355,13,2,0,3,2,5,6,7,13,13,7,12,14,24,7,43,1,0,0,5,4,4,6,6,4,5,7,4,48,30,4,2,2,2,3,1,4,0,6,9,11,1,24,5,6,48,1,2,5,11,23,1,1,1,3,3,3,5,5,4,0,3,0,0,0,0
356,14,3,3,1,3,6,1,8,9,8,20,14,13,18,23,52,0,1,1,6,1,1,13,1,8,16,1,14,34,35,40,1,0,0,4,4,5,5,7,3,0,13,7,0,32,39,4,7,14,28,56,0,0,0,0,0,0,2,8,7,20,21,21,31,29,34
357,10,0,0,2,0,4,5,13,8,6,4,20,19,16,21,30,2,3,2,2,3,2,3,12,13,12,15,27,2,26,2,0,1,3,6,2,1,12,12,8,8,12,20,44,54,10,2,3,6,12,27,2,2,2,2,2,2,1,1,1,4,4,3,19,21,18
358,14,3,0,1,3,6,1,8,9,4,20,14,13,18,28,46,0,1,1,6,1,1,13,1,12,18,1,14,19,1,19,1,0,0,4,4,5,5,7,3,23,14,16,21,15,11,4,7,14,28,55,0,0,0,2,0,3,2,8,7,20,21,21,40,42,40
359,3,1,2,0,1,2,0,1,7,7,6,17,16,35,15,24,1,0,0,5,4,4,6,6,4,5,23,24,26,24,29,2,2,2,5,6,3,0,6,9,18,22,21,14,27,31,1,1,2,2,5,1,1,1,3,3,3,5,5,4,0,25,0,24,22,19
360,4,1,2,0,1,2,0,1,7,7,11,3,10,8,45,55,1,2,0,1,2,0,1,4,0,22,19,0,29,15,0,2,2,2,5,6,3,5,5,3,7,27,5,42,51,49,1,1,2,5,13,1,1,1,1,1,1,0,0,0,14,18,14,30,28,30
361,8,3,3,1,3,6,1,8,12,4,10,15,20,32,19,12,0,1,1,4,6,1,12,9,7,7,9,16,8,20,7,1,0,0,4,4,5,5,7,3,22,16,15,43,38,28,3,5,10,17,33,0,0,0,0,0,0,6,6,6,15,15,15,16,13,13
362,2,3,3,1,3,6,1,9,10,1,8,9,1,22,37,41,0,1,1,6,1,1,8,11,9,11,10,18,7,41,9,1,0,0,4,4,5,8,11,6,1,2,2,10,12,0,4,7,12,23,46,0,0,0,0,0,0,2,4,5,7,8,7,2,1,2
363,10,0,0,2,0,4,5,13,8,6,4,20,19,16,21,30,2,3,2,2,3,2,3,12,13,12,15,27,2,19,2,0,1,3,6,2,1,12,12,8,8,12,20,44,54,10,2,3,6,12,27,2,2,2,2,2,2,1,1,1,4,4,3,19,21,18
364,3,1,2,0,1,2,0,1,7,7,19,3,11,49,30,33,1,2,0,1,2,0,1,4,0,23,16,13,33,34,18,2,2,2,5,6,3,5,5,3,24,0,26,46,39,42,1,1,2,7,17,1,1,1,1,1,1,0,0,0,26,26,26,38,36,38
365,1,3,3,1,3,6,1,8,9,12,15,26,13,46,55,54,0,1,1,6,1,1,13,5,12,9,12,12,9,29,27,1,0,0,4,4,5,5,7,3,0,13,7,55,14,44,4,7,14,26,52,0,0,0,0,0,4,3,2,7,6,6,4,5,3,3
366,14,2,0,3,2,5,6,7,5,13,23,22,2,6,40,2,1,0,0,5,4,4,10,6,4,21,14,17,14,18,41,2,2,2,3,1,4,0,6,9,12,9,4,4,10,52,1,2,4,9,20,1,1,1,3,3,3,8,9,9,8,9,8,4,5,4
367,9,3,1,2,6,1,4,4,1,5,9,10,7,39,11,29,3,1,3,3,5,3,4,3,3,3,3,3,3,3,3,3,3,1,2,3,2,6,10,7,3,3,6,30,41,46,3,4,8,15,31,3,0,3,6,6,6,11,11,11,17,17,17,9,11,11
368,6,3,3,1,3,6,3,0,11,11,26,4,27,42,14,25,0,1,1,0,6,5,0,7,5,0,17,11,47,53,11,1,0,0,0,5,0,4,8,1,9,8,13,17,5,15,4,6,11,21,40,0,0,0,5,5,4,9,10,3,9,11,10,3,2,1
369,12,2,0,3,4,0,2,5,0,3,14,19,23,53,20,44,1,0,0,1,0,6,5,0,6,6,0,6,31,0,26,2,2,2,3,1,4,7,0,5,6,7,11,1,3,5,1,2,3,8,18,1,1,1,4,4,5,4,3,2,2,0,1,1,7,28
370,3,1,2,0,1,2,0,11,4,7,6,17,0,36,52,24,1,2,0,1,2,0,1,4,0,1,11,20,28,25,34,2,2,2,5,6,3,5,5,3,4,19,23,48,53,54,1,1,2,3,7,1,1,1,1,1,1,0,0,0,3,10,9,35,39,33
371,12,2,0,3,4,0,2,5,0,3,14,19,23,53,20,44,1,0,0,1,0,6,5,0,6,6,0,6,31,38,5,2,2,2,3,1,4,7,0,5,6,7,11,32,29,18,1,2,3,8,18,1,1,1,4,4,5,4,3,2,2,0,1,11,7,29
372,2,3,3,1,3,6,1,9,10,1,8,18,1,22,22,41,0,1,1,6,1,1,8,11,9,11,10,18,7,41,9,1,0,0,4,4,5,8,11,6,1,2,2,10,12,0,4,7,12,23,46,0,0,0,0,0,0,2,4,5,7,8,7,2,1,2
373,2,3,3,1,3,6,1,9,10,4,20,11,1,11,12,45,0,1,1,6,1,1,8,11,9,25,13,9,21,31,50,1,0,0,4,4,5,8,11,6,2,26,0,7,34,20,4,7,12,23,45,0,0,0,0,0,0,2,4,5,18,14,19,12,14,10
374,6,3,3,1,3,6,3,0,9,2,25,26,15,0,31,37,0,1,1,0,6,5,0,13,5,14,25,5,15,17,6,1,0,0,0,5,0,13,2,2,19,15,14,13,16,7,4,6,11,22,42,0,0,0,5,5,4,3,2,3,10,12,11,32,30,35
375,10,0,0,2,0,4,5,10,3,6,27,7,8,43,33,15,2,3,2,2,3,2,3,12,13,12,15,15,25,52,35,0,1,3,6,2,1,12,12,8,8,12,20,19,28,29,2,3,7,14,29,2,2,2,2,2,2,1,1,1,4,4,3,14,12,12
376,14,2,0,1,3,6,1,8,5,4,20,14,2,18,28,46,0,1,1,6,1,1,13,1,12,18,1,14,19,1,19,1,0,0,4,4,5,5,7,3,23,14,16,21,15,11,4,7,14,28,55,0,0,0,2,0,3,2,8,7,20,21,21,40,42,40
377,2,3,3,1,3,6,1,8,9,4,20,11,13,4,12,51,0,1,1,6,1,1,8,11,9,25,13,9,21,31,50,1,0,0,4,4,5,5,7,3,2,26,0,7,34,20,4,7,14,27,54,0,0,0,0,0,0,12,12,5,21,20,20,12,14,10
378,5,1,2,0,1,2,0,1,2,0,13,3,0,25,30,48,1,2,0,1,2,0,1,4,0,8,19,20,11,46,22,2,2,2,5,6,3,5,5,3,4,19,23,6,53,54,1,1,2,4,11,1,1,1,1,1,1,0,0,0,11,2,12,35,39,31
379,8,3,3,2,5,3,4,3,12,9,10,24,9,55,53,8,0,1,1,4,6,1,7,9,7,19,22,7,51,8,33,1,0,0,4,4,5,11,1,0,25,5,1,22,17,24,3,5,10,20,37,0,0,0,0,0,0,6,6,6,12,13,13,6,9,8
380,11,0,0,2,0,4,5,12,3,6,3,7,4,38,48,9,2,3,2,2,3,2,3,2,2,2,2,2,44,43,16,0,1,3,6,2,1,3,9,4,16,4,8,27,36,36,2,3,7,13,28,2,2,2,2,2,2,1,1,1,1,1,2,10,8,9
381,10,0,0,2,0,4,5,10,3,6,27,7,8,43,33,15,2,3,2,2,3,2,3,12,13,12,15,15,25,52,35,0,1,3,6,2,1,12,12,8,8,12,20,19,28,29,2,3,7,14,29,2,2,2,2,2,2,1,1,1,4,4,3,14,12,12
382,12,2,0,3,4,0,2,5,0,3,14,19,23,53,20,34,1,0,0,1,0,6,5,0,6,6,0,6,31,0,39,2,2,2,3,1,4,7,0,5,6,7,11,1,3,5,1,2,3,8,18,1,1,1,4,4,5,4,3,2,2,0,1,1,4,5
383,2,3,3,1,3,6,1,9,10,1,8,18,1,22,22,11,0,1,1,6,1,1,8,11,9,11,10,18,49,7,9,1,0,0,4,4,5,8,11,6,1,2,2,54,35,21,4,7,12,23,44,0,0,0,0,0,0,2,4,5,7,8,7,2,1,2
384,4,1,2,0,1,2,0,1,7,7,11,3,24,49,27,36,1,2,0,1,2,0,1,4,0,22,19,0,29,50,0,2,2,2,5,6,3,5,5,3,24,0,26,23,4,1,1,1,2,4,12,1,1,1,1,1,1,0,0,0,14,18,14,29,40,46
385,2,3,3,1,3,6,1,9,10,1,8,9,1,22,37,11,0,1,1,6,1,1,8,11,9,11,10,18,7,41,9,1,0,0,4,4,5,8,11,6,1,2,2,10,12,0,4,7,12,23,45,0,0,0,0,0,0,2,4,5,7,8,7,2,1,2
386,7,3,3,1,3,6,1,9,10,8,18,25,22,19,35,4,0,1,1,6,1,1,2,8,1,15,24,1,13,21,1,1,0,0,4,4,5,1,7,13,13,17,10,8,20,47,4,7,13,24,47,0,0,0,0,0,0,7,7,8,5,5,5,7,6,7
387,5,1,2,0,1,2,0,2,4,0,17,8,17,25,17,22,1,2,0,1,2,0,11,4,11,13,11,26,37,44,36,2,2,2,5,6,3,2,5,3,4,19,23,38,4,33,1,1,1,1,1,1,1,1,1,1,1,0,0,0,3,7,6,21,31,39
388,4,1,2,0,1,2,0,1,7,7,11,3,26,49,45,36,1,2,0,1,2,0,1,4,0,22,19,0,29,50,0,2,2,2,5,6,3,5,5,3,7,27,5,23,1,1,1,1,2,4,12,1,1,1,1,1,1,0,0,0,14,18,14,29,28,30
389,5,1,2,0,1,2,0,1,4,0,1,8,18,1,47,48,1,2,0,1,2,0,1,4,0,8,11,20,11,55,22,2,2,2,5,6,3,5,5,3,20,25,3,48,53,54,1,1,2,3,7,1,1,1,1,1,1,0,0,0,19,2,12,35,49,31
390,3,1,2,0,1,2,0,11,4,0,6,17,18,37,52,24,1,2,0,1,2,0,1,4,0,1,4,22,35,48,17,2,2,2,5,6,3,5,5,3,4,19,23,32,29,18,1,1,2,2,5,1,1,1,1,1,1,0,0,0,13,10,9,13,16,24
391,13,2,0,3,2,5,6,7,13,13,7,12,14,10,7,31,1,0,0,5,4,4,6,6,4,5,7,4,5,30,54,2,2,2,3,1,4,0,6,9,11,1,24,5,6,48,1,2,5,11,24,1,1,1,3,3,3,5,5,4,0,3,0,0,0,0
392,3,1,0,0,1,2,0,11,7,7,19,17,24,14,52,10,1,2,0,1,2,0,1,4,0,1,4,22,35,4,17,2,2,2,5,6,3,5,5,3,4,19,23,32,29,18,1,1,2,3,6,1,1,1,1,1,1,0,0,0,13,10,9,13,16,36
393,10,0,0,2,0,4,5,10,3,6,27,7,4,43,29,50,2,3,2,2,3,2,3,12,13,12,15,27,38,54,51,0,1,3,6,2,1,12,12,8,8,12,20,49,52,14,2,3,7,14,30,2,2,2,2,2,2,1,1,1,4,4,3,46,12,32
394,1,2,0,3,2,5,6,7,13,13,7,12,14,21,2,31,1,0,0,5,4,4,6,6,4,5,7,4,48,30,4,2,2,2,3,1,4,0,6,9,11,1,24,5,6,48,1,2,5,11,24,1,1,1,3,3,3,5,5,4,0,3,0,0,0,0
395,3,2,2,3,2,5,6,7,5,13,24,17,2,30,27,3,1,0,0,1,2,0,1,4,0,1,27,22,1,40,46,2,2,2,5,6,3,5,5,3,4,19,23,23,4,1,1,1,2,3,6,1,1,1,1,1,1,8,9,9,8,9,9,13,43,36
396,7,3,3,1,3,6,1,8,9,8,16,1,22,54,34,4,0,1,1,6,1,1,13,8,12,15,6,23,20,37,28,1,0,0,4,4,5,1,7,13,0,13,7,2,1,9,4,7,13,24,47,0,0,0,0,0,4,3,2,7,6,6,4,7,34,7
397,9,3,3,2,5,3,4,6,6,10,22,6,3,15,43,19,0,1,1,4,6,1,9,10,10,10,8,8,10,14,10,1,0,0,1,0,6,9,13,11,14,6,9,15,19,8,3,5,9,16,32,0,3,0,0,0,0,12,12,12,21,20,20,17,17,14
398,6,3,3,1,3,6,3,0,11,2,25,4,15,0,42,37,0,1,1,0,6,5,0,13,5,14,5,5,15,33,55,1,0,0,0,5,0,13,2,2,15,20,12,29,50,51,4,6,11,22,43,0,0,0,5,5,4,3,2,3,10,12,11,20,20,16
399,7,3,3,1,5,3,1,6,10,8,0,21,22,48,24,16,0,1,1,6,1,1,2,8,1,20,6,25,32,13,25,1,0,0,4,4,5,1,7,13,17,10,22,16,43,26,4,7,13,25,48,0,0,0,0,0,0,7,7,8,25,24,25,27,27,26
400,10,0,0,2,0,4,5,10,3,6,27,7,8,5,29,23,2,3,2,2,3,2,3,12,13,12,15,27,2,19,2,0,1,3,6,2,1,12,12,8,8,12,20,2,1,14,2,3,7,14,30,2,2,2,2,2,2,1,1,1,4,4,3,14,12,12
401,8,3,3,2,5,3,4,6,12,9,10,15,20,32,19,12,0,1,1,4,6,1,12,9,7,7,9,16,8,20,7,1,0,0,4,4,5,5,7,0,22,16,15,43,38,28,3,5,10,17,33,0,0,0,0,0,0,6,6,6,15,15,15,16,13,13
402,9,3,1,2,6,1,4,4,1,5,9,10,7,39,11,26,0,1,1,6,1,1,8,1,8,24,18,21,27,47,49,1,0,0,4,4,5,5,7,3,26,21,25,30,2,38,4,7,13,25,51,3,0,3,6,6,6,11,11,11,17,17,17,9,11,11
403,6,3,3,1,3,6,3,0,11,2,25,26,15,0,31,37,0,1,1,0,6,5,0,13,5,14,25,5,15,17,6,1,0,0,0,5,0,13,2,2,19,15,14,13,16,7,4,6,11,22,42,0,0,0,5,5,4,3,2,3,10,12,11,32,30,35
404,13,2,0,3,2,5,6,7,13,13,12,2,14,21,2,43,1,0,0,5,4,4,6,6,4,5,23,24,48,6,4,2,2,2,3,1,4,0,6,9,11,1,24,5,6,48,1,2,5,11,24,1,1,1,3,3,3,5,5,4,0,3,0,0,0,0
405,2,3,3,1,3,6,1,9,10,4,20,11,1,11,12,45,0,1,1,6,1,1,8,11,9,25,13,9,21,31,50,1,0,0,4,4,5,8,11,6,2,26,0,7,34,20,4,7,14,27,54,0,0,0,0,0,0,2,4,5,18,14,19,12,14,10
406,6,3,3,1,3,6,3,0,11,11,26,4,27,42,14,17,0,1,1,0,6,5,0,7,5,0,17,11,47,53,52,1,0,0,0,5,0,4,8,1,9,8,13,52,40,13,4,6,11,21,39,0,0,0,5,5,4,9,10,3,9,11,10,3,2,1
407,8,3,3,2,5,3,4,6,6,10,2,23,20,17,8,16,0,1,1,6,1,1,8,1,8,24,18,21,27,22,21,1,0,0,4,4,5,5,7,3,26,21,25,50,8,32,3,5,10,18,35,0,0,0,0,0,0,10,8,10,16,19,16,26,25,23
408,2,3,3,1,3,6,1,9,10,1,8,18,1,22,37,11,0,1,1,6,1,1,8,11,9,11,10,18,7,41,9,1,0,0,4,4,5,8,11,6,1,2,2,10,12,0,4,7,12,23,45,0,0,0,0,0,0,2,4,5,7,8,7,2,1,2
409,2,3,3,1,3,6,1,9,10,1,8,9,1,22,37,41,0,1,1,6,1,1,8,11,9,11,10,18,7,41,9,1,0,0,4,4,5,8,11,6,1,2,2,10,12,0,4,7,12,23,46,0,0,0,0,0,0,2,4,5,7,8,7,2,1,2
410,2,3,3,2,5,3,4,6,6,1,8,18,20,2,44,49,0,1,1,6,1,1,8,11,9,25,13,9,21,31,50,1,0,0,4,4,5,8,7,6,2,26,0,53,47,30,4,7,12,23,44,0,0,0,0,0,0,2,4,5,16,8,16,39,41,43
411,10,0,0,2,0,4,5,10,8,6,4,20,19,5,29,23,2,3,2,2,3,2,3,12,13,12,15,27,38,54,51,0,1,3,6,2,1,3,9,4,16,4,8,49,52,14,2,3,7,14,30,2,2,2,2,2,2,1,1,1,4,4,3,25,46,32
412,13,2,0,3,2,5,6,7,13,13,7,12,14,10,7,27,1,0,0,5,4,4,6,6,4,5,7,4,5,30,54,2,2,2,3,1,4,0,6,9,11,1,24,5,6,48,1,2,5,11,24,1,1,1,3,3,3,5,5,4,0,3,0,0,0,0
413,9,3,3,2,5,3,4,6,6,10,2,23,20,2,18,16,0,1,1,6,1,1,8,1,8,24,18,21,27,47,8,1,0,0,4,4,5,5,7,3,26,21,25,37,2,38,3,5,10,18,35,0,0,0,0,0,0,10,8,10,16,19,16,26,25,23
414,5,1,2,0,1,2,0,1,7,7,13,3,25,23,3,26,1,2,0,1,2,0,1,4,0,23,16,13,45,27,43,2,2,2,5,6,3,5,5,3,24,0,26,26,21,25,4,7,14,27,54,1,1,1,1,1,1,0,0,0,24,23,24,18,19,21
415,6,3,3,1,3,6,3,0,11,2,25,4,15,0,42,37,0,1,1,0,6,5,0,13,5,14,5,5,15,33,55,1,0,0,0,5,0,13,2,2,15,20,12,29,50,51,1,1,2,3,7,0,0,0,5,5,4,3,2,3,10,12,11,20,20,16
416,10,0,0,2,0,4,5,13,8,6,4,20,19,16,21,30,2,3,2,2,3,2,3,12,13,12,15,27,2,19,2,0,1,3,6,2,1,12,12,8,8,12,20,44,54,10,2,3,6,12,27,2,2,2,2,2,2,1,1,1,4,4,3,19,21,18
417,4,1,2,0,1,2,0,11,7,7,21,16,6,33,52,35,1,2,0,1,2,0,1,4,0,1,19,20,53,46,22,2,2,2,5,6,3,5,5,3,4,19,23,2,1,1,1,1,2,4,12,1,1,1,1,1,1,0,0,0,11,2,18,22,18,20
418,6,3,3,1,3,6,3,0,11,11,0,4,27,12,14,32,0,1,1,0,6,5,0,7,5,0,17,11,0,9,52,1,0,0,0,5,0,4,8,1,24,0,26,18,0,53,4,6,11,21,39,0,0,0,5,5,4,9,10,3,9,11,10,3,2,1
419,5,1,2,0,1,2,0,2,2,0,5,27,12,50,25,13,1,2,0,1,2,0,11,4,11,26,20,10,12,10,13,2,2,2,5,6,3,2,3,12,10,11,17,12,45,16,1,1,1,1,2,1,1,1,1,1,1,0,0,0,3,7,6,15,10,6
420,14,3,3,1,3,6,1,11,7,7,19,17,24,14,27,10,1,2,0,1,2,0,1,4,0,1,27,22,1,4,46,2,2,2,5,6,3,5,5,3,4,19,23,23,4,1,1,1,2,3,6,1,1,1,1,1,1,0,0,0,13,10,9,13,43,36
421,6,3,3,1,3,6,3,8,9,2,25,26,15,45,31,37,0,1,1,0,6,5,0,13,5,14,25,5,15,17,6,1,0,0,0,5,0,13,2,2,19,15,14,13,16,7,4,6,11,22,42,0,0,0,5,5,4,3,2,3,10,12,11,32,30,35
422,12,2,0,3,4,0,2,5,0,3,14,19,23,53,20,44,1,0,0,1,0,6,5,0,6,6,0,6,31,38,5,2,2,2,3,1,4,7,0,5,6,7,11,1,3,5,1,2,3,8,18,1,1,1,4,4,5,4,3,2,2,0,1,11,7,29
423,3,1,2,0,1,2,0,11,4,0,21,16,6,26,54,53,1,2,0,1,2,0,1,4,0,27,19,20,24,23,23,2,2,2,5,6,3,5,5,3,4,19,23,31,44,19,4,7,13,24,47,1,1,1,1,1,1,0,0,0,11,2,18,45,48,48
424,9,3,3,2,5,3,4,6,6,10,2,23,20,2,44,49,0,1,1,6,1,1,8,1,8,25,13,21,41,11,24,1,0,0,4,4,5,5,7,3,2,26,0,53,47,30,3,5,10,18,34,0,0,0,0,0,0,10,4,10,16,16,16,39,41,43
425,3,1,2,0,1,2,0,1,7,7,19,17,24,37,30,24,1,2,0,1,2,0,1,4,0,1,4,22,53,48,17,2,2,2,5,6,3,5,5,3,4,19,23,2,1,1,1,1,2,2,5,1,1,1,1,1,1,0,0,0,16,19,16,26,25,23
426,1,3,3,1,3,6,1,8,9,12,15,26,13,46,55,54,0,1,1,6,1,1,13,5,12,9,12,12,52,29,27,1,0,0,4,4,5,5,7,3,0,13,7,55,14,9,4,7,13,25,49,0,0,0,0,0,4,3,2,7,6,6,4,5,3,3
427,13,2,0,3,2,5,6,7,13,13,7,12,14,10,7,27,1,0,0,5,4,4,6,6,4,5,7,4,5,30,54,2,2,2,3,1,4,0,6,9,11,1,24,5,6,48,1,2,5,11,24,1,1,1,3,3,3,5,5,4,0,3,0,0,0,0
428,3,1,2,0,4,0,2,11,7,7,6,17,5,14,52,24,1,2,0,1,2,0,1,4,0,1,4,22,35,48,17,2,2,2,5,6,3,5,5,3,4,19,23,32,29,18,1,1,2,2,4,1,1,1,1,1,1,0,0,0,13,10,9,13,16,24
429,6,3,3,1,3,6,3,0,9,2,25,26,15,0,42,37,0,1,1,0,6,5,0,13,5,14,5,5,15,33,55,1,0,0,0,5,0,13,2,2,15,20,12,29,50,51,4,6,11,22,43,0,0,0,5,5,4,3,2,3,10,12,11,20,20,16
430,3,1,2,0,1,2,0,11,7,7,19,17,24,36,52,10,1,2,0,1,2,0,1,4,0,1,4,22,28,25,34,2,2,2,5,6,3,5,5,3,4,19,23,48,1,43,1,1,2,3,6,1,1,1,1,1,1,0,0,0,3,10,9,37,38,33
431,11,0,0,2,0,4,5,12,3,6,3,7,4,3,48,5,2,3,2,2,3,2,3,2,2,2,2,2,44,43,16,0,1,3,6,2,1,3,9,4,16,4,8,27,36,36,2,3,7,13,28,2,2,2,2,2,2,1,1,1,1,1,2,8,8,17
432,7,3,3,1,3,6,1,9,10,8,18,25,22,54,50,4,0,1,1,6,1,1,8,11,9,11,10,18,49,7,9,1,0,0,4,4,5,8,7,6,1,2,2,10,12,0,4,7,13,24,47,0,0,0,0,0,0,2,4,5,7,8,7,49,50,54
433,6,3,3,1,3,6,3,0,11,11,26,4,27,42,14,17,0,1,1,0,6,5,0,7,5,0,17,11,47,53,52,1,0,0,0,5,0,4,8,1,9,8,13,52,40,13,4,6,11,21,39,0,0,0,5,5,4,9,10,3,9,11,10,3,2,1
434,12,2,0,3,4,0,2,5,0,3,14,19,23,53,10,34,1,0,0,1,0,6,5,0,6,6,0,6,31,38,5,2,2,2,3,1,4,7,0,5,6,7,11,1,3,5,1,2,3,8,18,1,1,1,4,4,5,4,3,2,2,0,1,11,7,5
435,13,2,0,3,2,5,6,7,13,13,7,12,14,24,7,43,1,0,0,5,4,4,6,6,4,5,7,4,48,30,4,2,2,2,3,1,4,0,6,9,11,1,24,5,6,48,1,2,5,11,23,1,1,1,3,3,3,5,5,4,0,3,0,0,0,0
436,10,0,0,2,0,4,5,13,8,6,4,20,19,44,26,7,2,3,2,2,3,2,3,12,13,17,26,19,22,16,20,0,1,3,6,2,1,10,4,10,21,18,19,9,22,37,2,3,6,12,25,2,2,2,2,2,2,13,13,13,23,22,23,25,23,22
437,3,1,2,0,1,2,0,1,7,7,6,17,24,37,30,24,1,2,0,1,2,0,1,4,0,1,4,22,53,48,17,2,2,2,5,6,3,5,5,3,4,19,23,23,29,18,1,1,2,2,5,1,1,1,1,1,1,0,0,0,13,10,9,43,16,41
438,9,3,3,2,5,3,4,6,6,10,2,23,20,2,8,49,0,1,1,4,6,1,12,1,8,4,9,16,23,49,47,1,0,0,4,4,5,5,7,3,5,24,27,20,42,23,3,5,10,20,38,0,0,0,0,0,0,10,8,10,22,16,22,41,35,15
439,5,1,2,0,1,2,0,2,2,0,17,27,12,20,25,22,1,2,0,1,2,0,11,4,11,26,20,10,12,10,13,2,2,2,5,6,3,2,3,12,10,11,17,45,37,33,1,1,1,1,2,1,1,1,1,1,1,0,0,0,3,7,6,15,10,6
440,3,1,2,0,1,2,0,1,5,7,1,22,18,1,47,48,1,2,0,1,2,0,1,4,0,8,19,20,30,12,32,2,2,2,5,6,3,5,5,3,20,25,3,28,30,22,1,1,2,3,8,1,1,1,1,1,1,0,0,0,19,2,12,28,24,27
441,13,2,0,3,2,5,6,7,13,13,7,12,14,10,7,31,1,0,0,5,4,4,6,6,4,5,7,4,5,30,54,2,2,2,3,1,4,0,6,9,11,1,24,5,6,48,1,2,5,11,24,1,1,1,3,3,3,5,5,4,0,3,0,0,0,0
442,9,3,1,2,6,1,4,4,1,5,9,10,7,39,13,28,3,1,3,3,5,3,4,3,3,3,3,3,3,3,3,3,3,1,2,3,2,6,10,7,3,3,6,11,11,3,3,4,8,15,31,3,0,3,6,6,6,11,11,11,17,17,17,9,11,11
443,5,1,2,0,1,2,0,2,2,0,5,27,12,25,17,13,1,2,0,1,2,0,11,4,11,13,11,26,37,44,36,2,2,2,5,6,3,2,3,12,4,19,23,38,4,54,1,1,1,1,1,1,1,1,1,1,1,0,0,0,3,7,6,15,39,39
444,2,3,3,1,3,6,1,8,9,4,20,11,10,4,38,51,0,1,1,6,1,1,8,11,9,25,13,9,21,31,50,1,0,0,4,4,5,5,7,3,2,26,0,7,34,20,4,7,13,25,50,0,0,0,0,0,0,2,4,5,18,14,19,12,14,10
445,6,3,3,1,3,6,3,0,11,11,26,4,27,42,14,25,0,1,1,0,6,5,0,7,5,0,17,11,42,32,11,1,0,0,0,5,0,4,8,1,27,23,18,47,26,34,4,6,11,21,40,0,0,0,5,5,4,9,10,3,9,11,10,3,2,1
446,14,2,0,3,2,5,6,7,5,13,23,22,2,30,40,39,1,0,0,5,4,4,10,6,4,21,14,17,14,18,41,2,2,2,3,1,4,0,6,9,12,9,4,4,10,52,1,2,4,9,20,1,1,1,3,3,3,8,9,9,8,9,8,4,5,4
447,11,0,0,2,0,4,5,12,3,6,3,7,4,47,46,5,2,3,2,2,3,2,3,2,2,2,2,2,43,2,42,0,1,3,6,2,1,3,9,4,16,4,8,49,52,14,2,3,7,13,28,2,2,2,2,2,2,1,1,1,1,1,2,10,26,9
448,13,2,0,3,2,5,6,7,13,13,7,12,14,21,2,43,1,0,0,5,4,4,6,6,4,5,7,4,48,30,4,2,2,2,3,1,4,0,6,9,11,1,24,5,6,48,1,2,5,11,23,1,1,1,3,3,3,5,5,4,0,3,0,0,0,0
449,2,3,3,1,3,6,1,9,10,1,8,18,1,22,37,11,0,1,1,6,1,1,8,11,9,11,10,18,7,41,9,1,0,0,4,4,5,8,11,6,1,2,2,10,12,0,4,7,12,23,45,0,0,0,0,0,0,2,4,5,7,8,7,2,1,2
450,6,3,3,1,3,6,3,0,11,11,26,4,27,42,14,25,0,1,1,0,6,5,0,7,5,0,17,11,42,32,11,1,0,0,0,5,0,4,8,1,27,23,18,47,26,34,4,6,11,21,40,0,0,0,5,5,4,9,10,3,9,11,10,3,2,1
451,11,0,0,2,0,4,5,12,3,6,3,7,4,47,46,5,2,3,2,2,3,2,3,2,2,2,2,2,43,2,42,0,1,3,6,2,1,3,9,4,16,4,8,49,52,14,2,3,7,13,28,2,2,2,2,2,2,1,1,1,1,1,2,10,8,32
452,13,2,0,3,2,5,6,7,13,13,7,12,14,21,7,31,1,0,0,5,4,4,6,6,4,5,7,4,48,30,53,2,2,2,3,1,4,0,6,9,11,1,24,5,6,48,1,2,5,11,24,1,1,1,3,3,3,5,5,4,0,3,0,0,0,0
453,13,2,0,3,2,5,6,7,13,13,7,12,14,21,2,14,1,0,0,5,4,4,6,6,4,5,7,4,48,6,4,2,2,2,3,1,4,0,6,9,11,1,24,5,6,48,1,2,5,11,24,1,1,1,3,3,3,5,5,4,0,3,0,0,0,0
454,5,1,2,0,1,2,0,2,2,0,5,27,12,50,25,13,1,2,0,1,2,0,11,4,11,26,20,10,12,10,13,2,2,2,5,6,3,2,3,12,10,11,17,12,45,16,1,1,1,1,2,1,1,1,1,1,1,0,0,0,3,7,6,15,10,6
455,8,0,3,2,5,3,4,3,6,9,2,23,9,29,5,40,0,1,1,4,6,1,7,9,7,19,22,7,51,8,33,1,0,0,4,4,5,11,1,0,25,5,1,22,17,24,3,5,10,19,36,0,0,0,0,0,0,6,6,6,12,13,13,6,9,8
456,3,1,2,0,1,2,0,11,7,7,19,17,24,14,27,10,1,2,0,1,2,0,1,4,0,1,27,22,1,4,46,2,2,2,5,6,3,5,5,3,4,19,23,23,4,1,1,1,2,3,6,1,1,1,1,1,1,0,0,0,13,10,9,13,43,36
457,3,1,2,0,1,2,0,1,4,0,1,8,25,1,47,48,1,2,0,1,2,0,1,4,0,8,19,20,30,12,32,2,2,2,5,6,3,5,5,3,20,25,3,28,30,22,1,1,2,3,8,1,1,1,1,1,1,0,0,0,19,2,12,28,24,27
458,7,3,3,1,3,6,1,8,10,8,18,25,22,19,35,4,0,1,1,6,1,1,2,8,1,15,24,1,13,21,1,1,0,0,4,4,5,1,7,13,13,17,10,8,20,47,4,7,13,24,47,0,0,0,0,0,0,7,7,8,5,5,5,7,6,7
459,5,1,2,0,1,2,0,2,4,0,17,8,0,25,17,48,1,2,0,1,2,0,11,4,11,13,11,26,37,44,36,2,2,2,5,6,3,5,5,3,4,19,23,38,53,54,1,1,1,1,1,1,1,1,1,1,1,0,0,0,3,7,6,35,39,31
460,1,3,3,1,3,6,1,8,9,12,15,26,13,46,55,54,0,1,1,6,1,1,13,5,12,9,12,12,9,29,27,1,0,0,4,4,5,5,7,3,0,13,7,55,14,9,4,7,14,26,52,0,0,0,0,0,4,3,2,7,6,6,4,5,3,3
461,5,1,2,0,1,2,0,1,2,0,13,3,25,23,3,13,1,2,0,1,2,0,1,4,0,23,16,13,45,27,43,2,2,2,5,6,3,5,5,3,24,0,26,41,27,43,1,1,2,6,15,1,1,1,1,1,1,0,0,0,24,23,24,18,19,21
462,12,2,0,3,4,0,2,5,0,3,14,19,23,53,20,34,1,0,0,1,0,6,5,0,6,6,0,6,31,0,39,2,2,2,3,1,4,7,0,5,6,7,11,1,3,5,1,2,3,8,18,1,1,1,4,4,5,4,3,2,2,0,1,1,4,5
463,8,0,3,2,5,3,4,3,6,9,2,23,9,29,5,40,0,1,1,4,6,1,7,9,7,19,22,7,51,8,33,1,0,0,4,4,5,11,1,0,25,5,1,22,17,24,3,5,10,19,36,0,0,0,0,0,0,6,6,6,12,13,13,6,9,8
464,1,3,3,1,3,6,3,8,9,12,15,26,11,45,49,6,0,1,1,6,1,1,13,5,12,9,12,12,9,29,48,1,0,0,4,4,5,5,7,3,24,0,26,46,39,42,4,7,14,26,53,0,0,0,0,0,4,3,2,3,10,12,11,38,36,38
465,2,3,3,1,3,6,1,8,10,4,20,11,1,4,12,45,0,1,1,6,1,1,8,11,9,25,13,9,21,31,50,1,0,0,4,4,5,8,11,6,2,26,0,7,34,20,4,7,12,23,45,0,0,0,0,0,0,2,4,5,18,14,19,12,14,10
466,8,3,3,2,5,3,4,6,12,9,10,15,20,32,19,12,0,1,1,4,6,1,12,9,7,7,9,16,8,20,7,1,0,0,4,4,5,5,1,0,22,16,15,39,23,55,3,5,10,20,38,0,0,0,0,0,0,6,6,6,15,15,15,16,13,13
467,3,1,2,0,4,0,2,11,0,3,6,17,5,37,52,24,1,2,0,1,2,0,1,4,0,1,4,22,35,48,17,2,2,2,5,6,3,5,5,3,4,19,23,32,29,18,1,2,5,11,24,1,1,1,1,1,1,0,0,0,13,10,9,13,16,24
468,1,3,3,1,3,6,1,8,9,12,16,26,13,46,49,54,0,1,1,6,1,1,13,5,12,9,12,12,9,29,27,1,0,0,4,4,5,5,7,3,0,13,7,55,14,44,4,7,14,26,53,0,0,0,0,0,4,3,2,7,6,6,4,5,3,3
469,3,1,2,0,1,0,0,11,4,3,6,17,18,14,52,24,1,2,0,1,2,0,1,4,0,1,4,22,35,48,17,2,2,2,3,1,4,5,5,3,4,19,23,32,29,18,1,1,2,2,5,1,1,1,1,1,1,0,0,0,13,10,9,13,16,36
470,9,3,3,2,5,3,4,6,6,9,2,23,20,2,18,16,0,1,1,6,1,1,8,1,8,24,18,21,27,47,8,1,0,0,4,4,5,5,7,3,26,21,25,37,2,38,4,7,13,25,51,0,0,0,0,0,0,10,8,10,16,19,16,26,47,23
471,2,3,3,1,3,6,1,9,10,1,8,18,1,22,22,1,0,1,1,6,1,1,8,11,9,11,10,18,7,41,9,1,0,0,4,4,5,8,11,6,1,2,2,54,35,21,4,7,12,23,44,0,0,0,0,0,0,2,4,5,7,8,7,2,1,2
472,3,1,2,0,1,2,0,11,4,7,19,17,24,36,17,10,1,2,0,1,2,0,1,4,0,1,11,22,28,25,34,2,2,2,5,6,3,5,5,3,4,19,23,48,53,43,1,1,2,3,6,1,1,1,1,1,1,0,0,0,3,10,9,37,38,33
473,7,3,3,1,3,6,1,8,10,8,18,25,22,54,34,4,0,1,1,6,1,1,2,8,1,15,24,1,13,21,1,1,0,0,4,4,5,1,7,13,13,17,10,8,20,47,4,7,13,24,47,0,0,0,0,0,0,7,7,8,5,5,5,7,6,7
474,12,2,0,3,4,0,2,5,0,3,14,13,21,41,10,34,1,0,0,1,0,6,5,0,6,6,0,6,31,0,5,2,2,2,3,1,4,7,0,5,6,7,11,1,3,5,1,2,3,8,19,1,1,1,4,4,5,4,3,2,2,0,1,1,4,5
475,10,0,0,2,0,4,5,10,8,6,27,20,19,5,29,50,2,3,2,2,3,2,3,12,13,17,21,19,22,26,20,0,1,3,6,2,1,3,9,4,16,4,8,49,52,14,2,3,7,14,30,2,2,2,2,2,2,13,13,13,23,22,23,25,23,22
476,5,1,2,0,1,2,0,2,2,0,5,27,25,25,25,13,1,2,0,1,2,0,1,4,0,23,16,13,33,34,18,2,2,2,5,6,3,5,5,3,24,0,26,51,31,17,1,1,2,7,16,1,1,1,1,1,1,0,0,0,26,26,26,44,45,45
477,6,3,3,1,3,6,3,0,11,2,25,4,15,0,42,37,0,1,1,0,6,5,0,13,5,14,5,5,15,33,55,1,0,0,0,5,0,13,2,2,15,20,12,29,50,51,4,6,11,22,43,0,0,0,5,5,4,3,2,3,10,12,11,20,20,16
478,13,2,0,3,2,5,6,7,13,13,7,12,14,10,2,27,1,0,0,5,4,4,6,6,4,5,7,4,5,30,54,2,2,2,3,1,4,0,6,9,11,1,24,5,6,48,1,2,5,11,24,1,1,1,3,3,3,5,5,4,0,3,0,0,0,0
479,10,0,0,2,0,4,5,13,8,6,27,20,8,16,32,15,2,3,2,2,3,2,3,12,13,12,15,15,25,52,35,0,1,3,6,2,1,12,12,8,8,12,20,19,28,29,2,3,6,12,27,2,2,2,2,2,2,1,1,1,4,4,3,14,12,12
480,10,0,0,2,0,4,5,10,3,6,27,7,8,13,29,23,2,3,2,2,3,2,3,2,2,2,2,27,38,54,51,0,1,3,6,2,1,3,9,4,16,4,8,49,52,14,2,3,7,14,30,2,2,2,2,2,2,1,1,1,4,4,3,10,46,32
481,5,1,2,0,1,2,0,11,4,0,17,8,17,36,17,22,1,2,0,1,2,0,11,4,11,13,20,26,37,44,36,2,2,2,5,6,3,2,3,12,4,19,23,45,37,33,1,1,1,1,1,1,1,1,1,1,1,0,0,0,3,7,6,21,31,6
482,4,1,2,0,1,2,0,1,7,7,11,3,24,49,27,10,1,2,0,1,2,0,1,4,0,23,16,13,29,51,30,2,2,2,5,6,3,5,5,3,4,19,23,23,4,1,1,1,2,4,12,1,1,1,1,1,1,0,0,0,14,18,14,29,40,46
483,6,3,3,1,3,6,3,0,11,2,25,4,15,0,42,37,0,1,1,0,6,5,0,13,5,14,5,5,15,33,55,1,0,0,0,5,0,13,2,2,15,20,12,29,50,51,4,6,11,21,39,0,0,0,5,5,4,3,2,3,10,12,11,20,20,16
484,4,1,2,0,1,2,0,11,7,7,21,16,6,33,54,35,1,2,0,1,2,0,1,4,0,27,19,20,24,23,23,2,2,2,5,6,3,5,5,3,4,19,23,6,9,6,1,1,2,4,10,1,1,1,1,1,1,0,0,0,11,2,18,22,18,20
485,12,2,0,3,4,0,2,5,0,3,14,13,21,41,36,42,1,0,0,1,0,6,5,0,6,6,0,6,31,38,5,2,2,2,3,1,4,7,0,5,6,7,11,1,3,5,1,2,3,8,19,1,1,1,4,4,5,4,3,2,2,0,1,1,4,5
486,7,3,3,1,3,6,1,8,10,8,18,25,22,19,35,4,0,1,1,6,1,1,2,8,1,15,24,1,13,21,1,1,0,0,4,4,5,1,7,13,13,17,10,8,20,47,4,7,13,24,47,0,0,0,0,0,0,7,7,8,5,5,5,7,6,7
487,8,3,3,1,5,3,4,3,12,9,10,24,9,55,53,8,0,1,1,4,6,1,7,9,7,19,22,7,17,45,15,1,0,0,4,4,5,11,1,0,25,5,1,40,48,40,3,5,10,20,37,0,0,0,0,0,0,6,6,6,12,13,13,6,9,8
488,2,3,3,1,3,6,1,9,10,4,20,11,1,11,12,45,0,1,1,6,1,1,8,11,9,25,13,9,21,31,50,1,0,0,4,4,5,8,11,6,2,26,0,7,34,20,4,7,14,27,54,0,0,0,0,0,0,2,4,5,18,14,19,12,14,10
489,6,3,3,1,3,6,3,0,11,11,26,4,27,42,14,25,0,1,1,0,6,5,0,7,5,0,17,11,42,32,11,1,0,0,0,5,0,4,8,1,27,23,18,47,26,34,4,6,11,21,40,0,0,0,5,5,4,9,10,3,9,11,10,3,2,1
490,5,1,2,0,1,2,0,2,4,0,17,8,17,20,17,22,1,2,0,1,2,0,11,4,11,13,20,26,37,44,36,2,2,2,5,6,3,2,5,3,4,19,23,45,37,33,1,1,1,1,1,1,1,1,1,1,1,0,0,0,3,7,6,21,10,6
491,6,3,3,1,3,6,3,0,11,11,26,4,27,42,14,25,0,1,1,0,6,5,0,7,5,0,17,11,47,53,11,1,0,0,0,5,0,4,8,1,9,8,13,2,1,1,4,6,11,21,39,0,0,0,5,5,4,9,10,3,9,11,10,3,2,1
492,11,0,0,2,0,4,5,12,3,6,3,7,4,38,48,5,2,3,2,2,3,2,3,2,2,2,2,2,44,43,16,0,1,3,6,2,1,3,9,4,16,4,8,27,36,36,2,3,7,13,28,2,2,2,2,2,2,1,1,1,1,1,2,8,15,17
493,2,3,3,1,3,6,1,9,10,1,8,18,1,22,22,11,0,1,1,6,1,1,8,11,9,11,10,18,49,7,9,1,0,0,4,4,5,8,11,6,1,2,2,54,35,21,4,7,12,23,44,0,0,0,0,0,0,2,4,5,7,8,7,2,1,2
494,1,2,0,3,4,0,2,5,0,12,15,0,2,28,39,3,1,0,0,1,0,6,5,0,6,6,0,6,6,36,37,2,2,2,3,1,4,7,0,5,0,13,7,35,33,35,4,7,14,28,56,1,1,1,4,4,5,4,3,2,27,27,27,36,32,42
495,1,3,3,1,3,6,1,8,9,4,16,1,13,54,1,4,0,1,1,6,1,1,2,8,1,15,6,23,20,37,28,1,0,0,4,4,5,1,7,13,0,13,7,2,1,9,4,7,13,25,50,0,0,0,0,0,0,7,7,8,5,5,5,34,34,37
496,13,2,0,3,2,5,6,7,13,13,7,12,14,21,7,27,1,0,0,5,4,4,6,6,4,5,7,4,48,30,4,2,2,2,3,1,4,0,6,9,11,1,24,5,6,48,1,2,5,11,24,1,1,1,3,3,3,5,5,4,0,3,0,0,0,0
497,12,2,0,3,4,0,2,5,0,3,14,19,23,53,20,44,1,0,0,1,0,6,5,0,6,6,0,6,31,38,5,2,2,2,3,1,4,7,0,5,6,7,11,1,3,5,1,2,3,8,18,1,1,1,4,4,5,4,3,2,2,0,1,1,7,28
498,14,2,2,3,2,5,6,7,5,0,23,22,2,30,39,3,1,0,0,5,4,4,10,6,4,21,14,17,14,18,14,2,2,2,5,6,3,5,5,3,12,9,4,2,1,1,1,2,4,9,21,1,1,1,1,1,1,8,9,9,8,9,8,53,43,49
499,13,2,0,3,2,5,6,7,13,13,7,12,14,21,7,31,1,0,0,5,4,4,6,6,4,5,7,4,48,30,4,2,2,2,3,1,4,0,6,9,11,1,24,5,6,48,1,2,5,11,24,1,1,1,3,3,3,5,5,4,0,3,0,0,0,0
500,2,3,3,1,3,6,1,9,10,1,8,18,1,22,22,11,0,1,1,6,1,1,8,11,9,11,10,18,49,7,9,1,0,0,4,4,5,8,11,6,1,2,2,54,35,21,4,7,12,23,45,0,0,0,0,0,0,2,4,5,7,8,7,2,1,2
501,11,0,0,2,0,4,5,12,3,6,3,7,4,3,48,5,2,3,2,2,3,2,3,2,2,2,2,2,44,43,16,0,1,3,6,2,1,3,9,4,16,4,8,27,36,36,2,3,7,13,28,2,2,2,2,2,2,1,1,1,1,1,2,8,8,17
502,4,1,2,0,1,2,0,11,4,0,21,16,6,33,54,53,1,2,0,1,2,0,1,4,0,27,19,20,24,23,23,2,2,2,5,6,3,5,5,3,4,19,23,6,9,6,1,1,2,4,10,1,1,1,1,1,1,0,0,0,11,2,18,22,18,20
503,7,3,3,1,3,6,1,8,10,8,18,25,22,19,34,4,0,1,1,6,1,1,2,8,1,15,24,1,13,21,1,1,0,0,4,4,5,1,7,13,13,17,10,8,20,47,4,7,13,24,47,0,0,0,0,0,0,7,7,8,5,5,5,7,6,7
504,9,3,3,2,5,3,4,6,6,10,2,23,20,2,44,49,0,1,1,6,1,1,8,1,8,25,13,21,41,11,24,1,0,0,4,4,5,5,7,3,2,26,0,53,47,30,3,5,10,18,34,0,0,0,0,0,0,10,4,10,16,16,16,39,41,43
505,12,2,0,3,4,0,2,5,0,3,14,13,21,41,10,42,1,0,0,1,0,6,5,0,6,6,0,6,31,0,39,2,2,2,3,1,4,7,0,5,6,7,11,1,3,5,1,2,3,8,19,1,1,1,4,4,5,4,3,2,2,0,1,11,4,5
506,6,3,3,1,3,6,3,0,11,11,26,4,27,12,14,32,0,1,1,0,6,5,0,7,5,0,17,11,47,53,11,1,0,0,0,5,0,4,8,1,9,8,13,2,1,1,4,6,11,21,39,0,0,0,5,5,4,9,10,3,9,11,10,3,2,1
507,12,2,0,3,4,0,2,5,0,3,14,19,23,53,20,44,1,0,0,1,0,6,5,0,6,6,0,6,31,38,5,2,2,2,3,1,4,7,0,5,6,7,11,1,3,5,1,2,3,8,18,1,1,1,4,4,5,4,3,2,2,0,1,11,7,5
508,6,3,3,1,3,6,3,0,11,11,0,4,27,12,14,32,0,1,1,0,6,5,0,7,5,0,17,11,0,9,52,1,0,0,0,5,0,4,8,1,9,8,13,18,0,53,4,6,11,21,39,0,0,0,5,5,4,9,10,3,9,11,10,3,2,1
509,11,0,0,2,0,4,5,13,8,6,4,20,19,34,41,30,2,3,2,2,3,2,3,2,2,2,2,2,16,39,44,0,1,3,6,2,1,3,9,4,16,4,8,3,7,2,2,3,6,12,26,2,2,2,2,2,2,1,1,1,1,1,2,23,15,25
510,7,3,3,1,3,6,1,8,9,8,18,26,13,54,55,3,0,1,1,6,1,1,13,5,12,9,12,12,9,29,27,2,2,2,4,4,5,5,7,3,0,13,7,2,1,9,4,7,13,24,47,0,0,0,0,0,4,3,2,7,6,6,4,52,32,53
511,10,0,0,2,0,4,5,10,3,6,27,7,8,43,29,50,2,3,2,2,3,2,3,12,13,12,15,15,25,52,35,0,1,3,6,2,1,12,12,8,8,12,20,49,52,14,2,3,7,14,30,2,2,2,2,2,2,1,1,1,4,4,3,14,12,12
512,10,0,0,2,0,4,5,13,8,6,4,20,8,16,32,15,2,3,2,2,3,2,3,12,13,12,15,15,25,52,35,0,1,3,6,2,1,12,12,8,8,12,20,19,28,29,2,3,6,12,27,2,2,2,2,2,2,1,1,1,4,4,3,14,12,12
513,14,2,0,3,2,5,6,7,5,13,23,22,2,6,40,2,1,0,0,5,4,4,10,6,4,21,14,17,14,18,14,2,2,2,3,1,4,0,6,9,12,9,4,4,10,52,1,2,4,9,20,1,1,1,3,3,3,8,9,9,8,9,8,4,5,4
514,12,2,0,3,4,0,2,5,0,3,14,19,23,53,20,44,1,0,0,1,0,6,5,0,6,6,0,6,31,38,5,2,2,2,3,1,4,7,0,5,6,7,11,1,3,5,1,2,3,8,18,1,1,1,4,4,5,4,3,2,2,0,1,11,7,29
515,5,1,2,0,1,2,0,11,4,0,19,8,17,36,17,22,1,2,0,1,2,0,11,4,11,13,20,26,37,44,36,2,2,2,5,6,3,2,3,12,4,19,23,45,37,33,1,1,1,1,1,1,1,1,1,1,1,0,0,0,3,7,6,21,10,6
516,12,2,0,3,4,0,2,5,0,3,14,13,21,41,10,42,1,0,0,1,0,6,5,0,6,6,0,6,31,0,5,2,2,2,3,1,4,7,0,5,6,7,11,1,3,5,1,2,3,8,19,1,1,1,4,4,5,4,3,2,2,0,1,1,7,28
517,6,3,3,1,3,6,3,0,11,11,26,4,27,42,14,17,0,1,1,0,6,5,0,7,5,0,17,11,47,53,52,1,0,0,0,5,0,4,8,1,9,8,13,52,40,13,4,6,11,21,39,0,0,0,5,5,4,9,10,3,9,11,10,3,2,1
518,11,0,0,2,0,4,5,12,3,6,3,7,4,38,46,9,2,3,2,2,3,2,3,2,2,2,2,2,16,39,44,0,1,3,6,2,1,3,9,4,16,4,8,3,7,2,2,3,6,12,26,2,2,2,2,2,2,1,1,1,1,1,2,23,15,25
519,14,2,0,3,2,5,6,7,5,13,23,22,2,30,40,39,1,0,0,5,4,4,10,6,4,21,14,17,14,18,14,2,2,2,5,6,3,5,5,3,12,9,4,4,10,52,1,2,4,9,20,1,1,1,3,3,3,8,9,9,8,9,8,4,5,4
520,13,2,0,3,2,5,6,7,13,13,7,12,14,21,7,31,1,0,0,5,4,4,6,6,4,5,7,4,5,30,54,2,2,2,3,1,4,0,6,9,11,1,24,5,6,48,1,2,5,11,24,1,1,1,3,3,3,5,5,4,0,3,0,0,0,0
521,4,1,2,0,1,2,0,1,7,7,11,3,26,49,16,36,1,2,0,1,2,0,1,4,0,23,16,13,33,34,18,2,2,2,5,6,3,5,5,3,24,0,26,2,1,1,1,1,2,7,16,1,1,1,1,1,1,0,0,0,26,26,26,44,45,45
522,9,3,3,2,5,3,4,6,6,10,2,23,20,2,8,16,0,1,1,6,1,1,8,1,8,24,18,21,27,47,8,1,0,0,4,4,5,5,7,3,26,21,25,2,1,1,3,5,10,18,35,0,0,0,0,0,0,10,8,10,16,19,16,26,25,23
523,3,2,0,3,4,0,2,5,0,3,6,17,5,37,52,24,1,2,0,1,2,0,1,4,0,1,4,22,35,48,17,2,2,2,3,1,4,5,5,3,4,19,23,32,29,18,1,1,2,2,4,1,1,1,1,1,1,4,3,2,13,10,9,13,16,24
524,8,0,3,2,5,3,4,3,6,9,2,23,9,29,5,40,0,1,1,4,6,1,7,9,7,19,22,7,51,8,33,1,0,0,4,4,5,11,1,0,25,5,1,22,17,24,3,5,10,19,36,0,0,0,0,0,0,6,6,6,12,13,13,6,9,8
525,7,3,3,1,3,6,1,8,10,8,18,25,22,54,1,4,0,1,1,6,1,1,2,8,1,15,24,1,54,21,1,1,0,0,4,4,5,1,7,13,13,17,10,8,20,47,4,7,13,24,47,0,0,0,0,0,0,7,7,8,5,5,5,7,6,7
526,2,3,3,1,3,6,1,9,10,1,8,9,1,22,37,41,0,1,1,6,1,1,8,11,9,11,10,18,7,41,9,1,0,0,4,4,5,8,11,6,1,2,2,10,12,0,4,7,12,23,46,0,0,0,0,0,0,2,4,5,7,8,7,2,1,2
527,7,3,3,1,3,6,1,8,9,8,16,1,22,54,1,4,0,1,1,6,1,1,2,8,1,15,6,23,20,37,28,1,0,0,4,4,5,1,7,13,0,13,7,33,46,4,4,7,13,25,49,0,0,0,0,0,0,7,7,8,5,5,5,34,34,37
528,11,0,0,2,0,4,5,13,8,6,4,20,19,34,41,30,2,3,2,2,3,2,3,2,2,2,2,2,16,39,44,0,1,3,6,2,1,3,9,4,16,4,8,3,7,2,2,3,6,12,26,2,2,2,2,2,2,1,1,1,1,1,2,23,15,25
529,6,3,3,1,3,6,3,0,11,11,26,4,27,42,14,17,0,1,1,0,6,5,0,7,5,0,17,11,47,53,52,1,0,0,0,5,0,4,8,1,9,8,13,52,40,13,4,6,11,21,39,0,0,0,5,5,4,9,10,3,9,11,10,3,2,1
530,7,3,3,1,3,6,1,8,10,8,18,25,22,54,35,4,0,1,1,6,1,1,2,8,1,15,24,1,13,21,1,1,0,0,4,4,5,1,7,13,13,17,10,8,20,47,4,7,13,24,47,0,0,0,0,0,0,7,7,8,5,5,5,7,6,7
531,1,2,0,3,4,0,2,5,0,3,14,0,23,53,20,44,1,0,0,1,0,6,5,0,6,6,0,6,6,36,37,2,2,2,3,1,4,7,0,5,6,7,11,35,33,35,1,1,2,2,3,1,1,1,4,4,5,4,3,2,27,27,27,36,32,42
532,3,1,2,0,2,5,6,7,4,13,19,12,24,36,2,27,1,2,0,1,2,0,1,4,0,1,27,22,28,4,46,2,2,2,5,6,3,0,6,9,4,19,23,48,53,43,1,1,2,3,6,1,1,1,1,1,1,5,5,4,3,10,9,37,38,33
533,10,0,0,2,0,4,5,13,8,6,4,20,8,16,32,30,2,3,2,2,3,2,3,12,13,12,15,27,2,19,2,0,1,3,6,2,1,12,12,8,8,12,20,44,54,10,2,3,6,12,27,2,2,2,2,2,2,1,1,1,4,4,3,19,21,18
534,14,2,0,1,3,6,1,8,9,4,20,14,13,18,28,46,0,1,1,6,1,1,13,1,12,18,1,14,19,1,19,1,0,0,4,4,5,5,7,3,23,14,16,21,15,11,4,7,14,28,55,0,0,0,2,0,3,2,8,7,20,21,21,40,42,40
535,3,1,2,0,1,2,0,11,7,7,6,17,18,1,27,24,1,2,0,1,2,0,1,4,0,1,4,22,53,48,17,2,2,2,5,6,3,5,5,3,4,19,23,23,4,1,1,1,2,3,6,1,1,1,1,1,1,0,0,0,13,10,9,13,16,36
536,8,3,3,2,5,3,4,3,12,9,10,24,9,7,53,8,0,1,1,4,6,1,12,9,7,7,9,16,39,28,31,1,0,0,4,4,5,11,1,0,25,5,1,39,23,55,3,5,10,20,38,0,0,0,0,0,0,6,6,6,12,13,13,6,13,13
537,7,3,3,1,3,6,1,8,10,8,18,25,22,54,35,21,0,1,1,6,1,1,2,8,1,15,24,1,54,21,1,1,0,0,4,4,5,1,7,13,13,17,10,8,20,47,4,7,13,24,47,0,0,0,0,0,0,7,7,8,5,5,5,7,6,7
538,1,3,3,1,3,6,1,8,9,12,16,26,13,46,55,38,0,1,1,6,1,1,13,5,12,9,12,12,9,29,27,1,0,0,4,4,5,5,7,3,0,13,7,55,14,44,4,7,14,26,53,0,0,0,0,0,4,3,2,7,6,6,4,5,3,3
539,12,2,0,3,4,0,2,5,0,3,14,13,23,28,0,34,1,0,0,1,0,6,5,0,6,6,0,6,31,38,5,2,2,2,3,1,4,7,0,5,6,7,11,1,3,5,1,2,3,8,19,1,1,1,4,4,5,4,3,2,2,0,1,1,4,5
540,3,2,2,3,4,0,2,5,0,3,6,17,5,37,52,24,1,0,0,1,0,6,5,0,6,6,0,6,6,36,37,2,2,2,3,1,4,7,0,5,6,7,11,32,29,18,1,1,2,2,4,1,1,1,4,4,5,4,3,2,13,10,9,13,16,24
541,13,2,0,3,2,5,6,7,13,13,7,12,14,21,2,27,1,0,0,5,4,4,6,6,4,5,7,4,48,30,4,2,2,2,3,1,4,0,6,9,11,1,24,5,6,48,1,2,4,9,21,1,1,1,3,3,3,5,5,4,0,3,0,0,0,0
542,10,0,0,2,0,4,5,13,8,6,4,20,19,44,26,7,2,3,2,2,3,2,3,12,13,17,26,19,22,16,20,0,1,3,6,2,1,10,4,10,21,18,19,9,22,37,2,3,6,12,26,2,2,2,2,2,2,13,13,13,23,22,23,25,23,22
543,5,1,2,0,1,2,0,2,4,0,17,8,17,20,17,22,1,2,0,1,2,0,11,4,11,13,20,26,37,44,36,2,2,2,5,6,3,2,3,12,10,11,17,45,37,33,1,1,1,1,1,1,1,1,1,1,1,0,0,0,3,7,6,21,10,6
544,3,1,2,0,4,0,2,1,7,7,6,17,18,37,52,24,1,2,0,1,2,0,1,4,0,1,4,22,53,48,17,2,2,2,5,6,3,5,5,3,4,19,23,32,29,18,1,1,2,2,5,1,1,1,1,1,1,0,0,0,13,10,9,43,16,41
545,2,3,3,1,3,6,1,8,9,4,20,11,13,4,12,51,0,1,1,6,1,1,8,11,9,25,13,9,21,31,50,1,0,0,4,4,5,5,7,3,2,26,0,7,34,20,4,7,14,27,54,0,0,0,0,0,0,2,4,5,18,14,19,12,14,10
546,14,3,0,1,3,6,1,8,9,4,20,14,13,18,28,46,0,1,1,6,1,1,13,1,12,18,1,14,19,1,19,1,0,0,4,4,5,5,7,3,23,14,16,21,15,11,4,7,14,28,55,0,0,0,2,0,3,2,8,7,20,21,21,40,42,40
547,13,2,0,3,2,5,6,7,13,13,12,2,14,35,15,43,1,0,0,5,4,4,6,6,4,5,23,24,26,24,29,2,2,2,3,1,4,0,6,9,18,22,21,14,25,31,1,2,5,11,23,1,1,1,3,3,3,5,5,4,0,25,0,24,22,19
548,6,3,3,1,3,6,3,0,11,11,26,4,27,12,14,32,0,1,1,0,6,5,0,7,5,0,17,11,0,9,52,1,0,0,0,5,0,4,8,1,9,8,13,18,0,53,4,6,11,21,39,0,0,0,5,5,4,9,10,3,9,11,10,3,2,1
549,1,3,3,1,3,6,1,8,9,12,15,26,13,45,31,54,0,1,1,6,1,1,13,1,12,4,1,23,52,5,12,1,0,0,4,4,5,5,7,3,0,13,7,2,1,1,4,7,14,26,53,0,0,0,0,0,4,3,2,7,10,12,11,42,44,44
550,7,3,3,1,3,6,1,8,10,8,18,25,22,27,38,4,0,1,1,6,1,1,2,8,1,15,24,1,13,21,1,1,0,0,4,4,5,1,7,13,13,17,10,24,49,45,4,7,13,24,47,0,0,0,0,0,0,7,7,8,5,5,5,48,47,49
551,13,2,0,3,2,5,6,7,13,13,7,12,14,21,2,27,1,0,0,5,4,4,6,6,4,5,7,4,48,30,4,2,2,2,3,1,4,0,6,9,11,1,24,5,6,48,1,2,5,11,24,1,1,1,3,3,3,5,5,4,0,3,0,0,0,0
552,8,3,3,2,5,3,4,3,12,9,10,15,20,32,19,12,0,1,1,4,6,1,12,9,7,7,9,16,8,20,7,1,0,0,4,4,5,5,1,0,22,16,15,43,38,28,3,5,10,17,33,0,0,0,0,0,0,6,6,6,15,15,15,16,13,13
553,12,2,0,3,4,0,2,5,0,3,14,13,21,31,36,42,1,0,0,1,0,6,5,0,6,6,0,6,31,0,39,2,2,2,3,1,4,7,0,5,6,7,11,1,3,5,1,2,3,8,19,1,1,1,4,4,5,4,3,2,2,0,1,1,4,5
554,5,1,2,0,1,2,0,2,2,0,5,27,12,50,25,13,1,2,0,1,2,0,11,4,11,26,20,10,12,10,13,2,2,2,5,6,3,2,3,12,10,11,17,12,45,16,1,1,1,1,2,1,1,1,1,1,1,0,0,0,3,7,6,15,10,6
555,2,3,3,1,5,3,1,8,9,4,20,11,11,4,12,33,0,1,1,6,1,1,8,11,9,25,13,9,21,31,50,1,0,0,4,4,5,5,7,3,24,0,26,46,39,42,1,1,2,7,17,0,0,0,0,0,0,2,4,5,18,14,19,38,36,38
556,4,1,2,0,1,2,0,1,7,7,11,3,24,49,27,36,1,2,0,1,2,0,1,4,0,22,19,0,29,50,0,2,2,2,5,6,3,5,5,3,7,27,5,23,4,1,1,1,2,4,12,1,1,1,1,1,1,0,0,0,14,18,14,29,40,46
557,5,1,2,0,1,2,0,2,4,0,17,8,17,20,17,22,1,2,0,1,2,0,11,4,11,13,20,26,37,44,36,2,2,2,5,6,3,2,3,12,10,11,17,45,37,33,1,1,1,1,1,1,1,1,1,1,1,0,0,0,3,7,6,21,31,6
558,7,3,3,1,3,6,1,8,10,8,18,25,22,54,35,4,0,1,1,6,1,1,2,8,1,15,24,1,13,21,1,1,0,0,4,4,5,1,7,13,13,17,10,8,20,47,4,7,13,24,47,0,0,0,0,0,0,7,7,8,5,5,5,7,6,7
559,12,2,0,3,4,0,2,5,0,3,14,19,23,53,20,44,1,0,0,1,0,6,5,0,6,6,0,6,31,0,26,2,2,2,3,1,4,7,0,5,6,7,11,1,3,5,1,2,3,8,18,1,1,1,4,4,5,4,3,2,2,0,1,1,7,28
560,5,1,2,0,1,2,0,1,4,7,19,3,11,36,30,33,1,2,0,1,2,0,1,4,0,23,16,13,33,34,18,2,2,2,5,6,3,5,5,3,24,0,26,46,39,42,1,1,2,7,17,1,1,1,1,1,1,0,0,0,26,26,26,38,36,38
561,12,2,0,3,4,0,2,5,0,3,14,19,21,53,36,42,1,0,0,1,0,6,5,0,6,6,0,6,31,38,5,2,2,2,3,1,4,7,0,5,6,7,11,1,3,5,1,2,3,8,19,1,1,1,4,4,5,4,3,2,2,0,1,1,7,28
562,9,3,3,2,5,3,4,6,6,10,22,5,3,15,43,19,0,1,1,4,6,1,9,10,10,10,8,8,10,14,10,1,0,0,1,0,6,9,13,11,14,6,9,15,19,8,3,5,9,16,32,0,3,0,0,0,0,12,12,12,21,20,20,17,17,14
563,5,1,2,0,1,2,0,2,2,0,17,27,17,20,25,22,1,2,0,1,2,0,11,4,11,26,20,10,12,10,13,2,2,2,5,6,3,2,3,12,10,11,17,45,37,33,1,1,1,1,2,1,1,1,1,1,1,0,0,0,3,7,6,21,10,6
564,4,1,2,0,1,2,0,1,7,7,11,3,26,33,16,35,1,2,0,1,2,0,1,4,0,23,16,13,18,51,30,2,2,2,5,6,3,5,5,3,24,0,26,6,9,6,1,1,2,7,16,1,1,1,1,1,1,0,0,0,26,2,26,44,45,45
565,9,3,3,2,5,3,4,6,6,10,22,6,3,15,43,19,0,1,1,4,6,1,9,10,10,10,8,8,10,14,10,1,0,0,1,0,6,9,13,11,14,6,9,15,19,8,3,5,9,16,32,0,3,0,0,0,0,12,12,12,21,20,20,17,17,14
566,3,1,2,0,1,2,0,11,4,0,24,17,18,26,30,48,1,2,0,1,2,0,1,4,0,8,19,20,11,55,22,2,2,2,5,6,3,5,5,3,4,19,23,6,9,6,1,1,2,4,10,1,1,1,1,1,1,0,0,0,19,2,12,35,49,31
567,9,3,1,2,6,1,4,4,1,5,9,10,7,39,11,29,3,1,3,3,5,3,4,3,3,3,3,3,3,3,3,3,3,1,2,3,2,6,10,7,3,3,6,30,41,46,3,4,8,15,31,3,0,3,6,6,6,11,11,11,17,17,17,9,11,11
568,2,3,3,1,3,6,1,9,10,1,8,9,1,22,37,41,0,1,1,6,1,1,8,11,9,11,10,18,7,41,9,1,0,0,4,4,5,8,11,6,1,2,2,10,12,0,4,7,12,23,46,0,0,0,0,0,0,2,4,5,7,8,7,2,1,2
569,10,0,0,2,0,4,5,10,3,6,27,7,4,43,29,50,2,3,2,2,3,2,3,12,13,12,15,27,38,54,51,0,1,3,6,2,1,12,12,8,8,12,20,49,52,14,2,3,7,14,30,2,2,2,2,2,2,1,1,1,4,4,3,46,21,32
570,6,3,3,1,3,6,3,0,11,11,26,4,27,12,14,32,0,1,1,0,6,5,0,7,5,0,17,11,47,53,52,1,0,0,0,5,0,4,8,1,9,8,13,52,40,13,4,6,11,21,39,0,0,0,5,5,4,9,10,3,9,11,10,3,2,1
571,2,3,3,1,3,6,1,9,10,4,20,11,1,11,12,45,0,1,1,6,1,1,8,11,9,25,13,9,21,31,50,1,0,0,4,4,5,8,11,6,2,26,0,7,34,20,4,7,14,27,54,0,0,0,0,0,0,2,4,5,18,14,19,12,14,10
572,7,3,3,1,3,6,1,8,10,8,18,25,22,54,35,4,0,1,1,6,1,1,2,8,1,15,24,1,54,21,1,1,0,0,4,4,5,1,7,13,13,17,10,2,20,47,4,7,13,24,47,0,0,0,0,0,0,7,7,8,5,5,5,7,6,7
573,1,3,3,1,3,6,1,8,9,12,16,26,13,46,49,38,0,1,1,6,1,1,13,5,12,9,12,12,9,29,27,1,0,0,4,4,5,5,7,3,0,13,7,55,14,44,4,7,14,26,53,0,0,0,0,0,4,3,2,7,6,6,4,5,3,3
574,7,3,3,1,3,6,1,9,10,8,18,21,22,48,24,4,0,1,1,6,1,1,2,8,1,20,6,25,32,13,25,1,0,0,4,4,5,1,7,13,17,10,22,16,43,26,4,7,13,25,48,0,0,0,0,0,0,7,7,8,25,24,25,27,27,26
575,7,3,3,2,5,3,4,6,12,8,10,15,20,32,19,12,0,1,1,4,6,1,12,9,7,7,9,16,39,28,31,1,0,0,4,4,5,5,7,3,16,4,8,49,52,14,4,7,13,25,51,0,0,0,0,0,0,6,6,6,15,19,5,49,47,52
576,4,1,2,0,1,2,0,11,7,7,21,16,6,33,54,35,1,2,0,1,2,0,1,4,0,27,19,20,24,23,23,2,2,2,5,6,3,5,5,3,4,19,23,6,9,6,1,1,2,4,10,1,1,1,1,1,1,0,0,0,11,2,18,22,18,20
577,4,1,2,0,1,2,0,11,7,7,21,16,6,33,54,53,1,2,0,1,2,0,1,4,0,27,19,20,24,23,23,2,2,2,5,6,3,5,5,3,4,19,23,6,9,6,1,1,2,4,10,1,1,1,1,1,1,0,0,0,11,2,18,22,18,20
578,4,1,2,0,1,2,0,1,7,7,11,3,26,8,16,55,1,2,0,1,2,0,1,4,0,8,19,20,11,55,22,2,2,2,5,6,3,5,5,3,20,19,23,6,9,6,1,1,2,4,11,1,1,1,1,1,1,0,0,0,19,2,12,35,49,31
579,8,3,3,2,5,3,4,6,12,9,10,15,20,32,19,12,0,1,1,4,6,1,12,9,7,7,9,16,8,20,7,1,0,0,4,4,5,5,1,0,22,16,15,2,23,55,3,5,10,17,33,0,0,0,0,0,0,6,6,6,15,15,15,16,13,13
580,3,2,2,3,2,5,6,11,4,13,6,17,18,37,52,24,1,2,0,1,2,0,1,4,0,1,4,22,35,48,17,2,2,2,3,1,4,5,5,3,4,19,23,48,29,43,1,2,5,11,24,1,1,1,1,1,1,0,0,0,13,10,9,37,38,33
581,5,1,2,0,1,2,0,1,7,7,13,3,10,17,45,36,1,2,0,1,2,0,1,4,0,22,19,0,29,15,0,2,2,2,5,6,3,5,5,3,7,27,5,2,1,1,1,1,2,6,15,1,1,1,1,1,1,0,0,0,14,18,14,30,28,30
582,4,1,2,0,1,2,0,1,7,7,11,3,10,33,45,36,1,2,0,1,2,0,1,4,0,22,19,0,29,50,0,2,2,2,5,6,3,5,5,3,7,27,5,6,9,49,1,1,2,4,10,1,1,1,1,1,1,0,0,0,14,2,14,47,33,47
583,7,3,3,1,3,6,1,9,10,8,18,21,1,11,24,4,0,1,1,6,1,1,2,8,1,20,6,25,55,13,25,1,0,0,4,4,5,1,7,13,17,10,22,2,1,9,4,7,13,24,47,0,0,0,0,0,0,7,7,8,25,24,25,49,50,52
584,6,3,3,1,3,6,3,0,11,11,26,4,27,12,14,32,0,1,1,0,6,5,0,7,5,0,17,11,0,9,52,1,0,0,0,5,0,4,8,1,9,8,13,18,0,53,4,6,11,21,39,0,0,0,5,5,4,9,10,3,9,11,10,3,2,1
585,1,2,0,3,4,0,2,5,0,3,6,0,5,28,10,34,1,0,0,1,0,6,5,0,6,6,0,6,6,36,37,2,2,2,3,1,4,7,0,5,0,7,7,35,33,35,1,1,2,2,3,1,1,1,4,4,5,4,3,2,27,27,27,36,32,42
586,1,3,3,1,3,6,1,8,9,12,15,26,13,46,55,54,0,1,1,6,1,1,13,5,12,9,12,12,9,29,27,1,0,0,4,4,5,5,7,3,0,13,7,55,14,44,4,7,14,26,53,0,0,0,0,0,4,3,2,7,6,6,4,5,3,3
587,14,2,0,3,2,5,6,7,5,13,23,22,2,30,40,2,1,0,0,1,0,6,5,0,6,6,0,6,31,38,5,2,2,2,3,1,4,7,0,5,6,7,11,1,3,5,1,2,5,11,24,1,1,1,4,4,5,4,3,2,2,0,1,11,7,29
588,12,2,0,3,4,0,2,5,0,3,14,13,21,31,10,42,1,0,0,1,0,6,5,0,6,6,0,6,31,0,26,2,2,2,3,1,4,7,0,5,6,7,11,1,3,5,1,2,3,8,19,1,1,1,4,4,5,4,3,2,2,0,1,1,4,5
589,13,2,0,3,2,5,6,7,13,13,7,12,14,10,7,27,1,0,0,5,4,4,6,6,4,5,7,4,5,30,54,2,2,2,3,1,4,0,6,9,11,1,24,5,6,48,1,2,5,11,24,1,1,1,3,3,3,5,5,4,0,3,0,0,0,0
590,4,1,2,0,1,2,0,1,7,7,11,3,11,49,30,33,1,2,0,1,2,0,1,4,0,23,16,13,33,34,18,2,2,2,5,6,3,5,5,3,24,0,26,46,39,42,1,1,2,7,17,1,1,1,1,1,1,0,0,0,26,26,26,38,36,38
591,3,1,2,0,2,5,6,11,5,13,23,22,2,30,40,39,1,2,0,1,2,0,1,4,0,1,27,22,28,4,46,2,2,2,5,6,3,5,5,3,4,19,23,23,1,1,1,1,2,3,6,1,1,1,1,1,1,8,9,9,8,9,8,4,43,39
592,3,1,2,0,1,2,0,1,7,7,19,3,24,49,27,10,1,2,0,1,2,0,1,4,0,23,16,13,33,51,30,2,2,2,5,6,3,5,5,3,24,0,26,41,27,43,1,1,2,3,6,1,1,1,1,1,1,0,0,0,24,23,24,18,19,21
593,1,3,3,1,3,6,1,8,9,12,15,26,13,46,55,54,0,1,1,6,1,1,13,5,12,9,12,12,9,29,27,1,0,0,4,4,5,5,7,3,0,13,7,55,14,44,4,7,14,26,52,0,0,0,0,0,4,3,2,7,6,6,4,5,3,3
594,12,2,0,3,4,0,2,5,0,3,14,13,5,31,0,34,1,0,0,1,0,6,5,0,6,6,0,6,31,0,26,2,2,2,3,1,4,7,0,5,6,7,11,1,3,5,1,1,2,2,4,1,1,1,4,4,5,4,3,2,2,0,1,1,4,5
595,9,3,1,2,6,1,4,4,1,5,9,10,7,39,13,28,3,1,3,3,5,3,4,3,3,3,3,3,3,3,3,3,3,1,2,3,2,6,10,7,3,3,6,11,11,3,3,4,8,15,31,3,0,3,6,6,6,11,11,11,17,17,17,9,11,11
596,8,3,3,2,5,3,4,6,12,9,10,15,20,32,19,12,0,1,1,4,6,1,12,9,7,7,9,16,8,20,7,1,0,0,4,4,5,5,1,0,22,16,15,43,38,28,3,5,10,17,33,0,0,0,0,0,0,6,6,6,15,15,15,16,13,13
597,10,0,0,2,0,4,5,10,3,6,27,7,8,43,33,15,2,3,2,2,3,2,3,12,13,12,15,15,25,52,35,0,1,3,6,2,1,12,12,8,8,12,20,19,28,29,2,3,6,12,27,2,2,2,2,2,2,1,1,1,4,4,3,14,12,12
598,4,1,2,0,1,2,0,1,7,7,1,3,26,1,47,36,1,2,0,1,2,0,1,4,0,8,19,20,30,12,32,2,2,2,5,6,3,5,5,3,20,25,3,28,30,22,1,1,2,4,11,1,1,1,1,1,1,0,0,0,19,2,12,28,24,27
599,5,1,2,0,1,2,0,2,2,0,5,27,12,50,25,13,1,2,0,1,2,0,11,4,11,26,20,10,12,10,13,2,2,2,5,6,3,2,3,12,10,11,17,12,45,16,1,1,1,1,2,1,1,1,1,1,1,0,0,0,3,7,6,15,10,6
600,10,0,0,2,0,4,5,10,3,6,27,7,8,43,33,15,2,3,2,2,3,2,3,12,13,12,15,15,25,52,35,0,1,3,6,2,1,12,12,8,8,12,20,19,28,29,2,3,7,14,29,2,2,2,2,2,2,1,1,1,4,4,3,14,12,12
601,5,1,2,0,1,2,0,2,2,0,5,27,12,50,25,13,1,2,0,1,2,0,11,4,11,26,20,10,12,10,13,2,2,2,5,6,3,2,3,12,10,11,17,12,45,16,1,1,1,1,2,1,1,1,1,1,1,0,0,0,3,7,6,15,10,6
602,14,2,0,3,2,5,6,7,5,13,23,22,11,31,39,47,1,0,0,5,4,4,6,6,4,5,23,24,26,6,29,2,2,2,3,1,4,0,6,9,24,0,26,46,39,42,1,2,5,11,24,1,1,1,3,3,3,5,5,4,26,26,26,38,36,38
603,1,3,3,1,3,6,1,8,9,12,15,26,13,45,55,54,0,1,1,6,1,1,13,5,12,9,12,12,9,29,27,1,0,0,4,4,5,5,7,3,0,13,7,55,14,44,4,7,14,26,53,0,0,0,0,0,4,3,2,7,6,6,4,5,3,3
604,1,3,3,1,3,6,1,8,9,12,0,26,13,46,55,54,0,1,1,6,1,1,13,5,12,9,12,12,9,29,27,1,0,0,4,4,5,5,7,3,0,13,7,55,14,44,4,7,14,26,52,0,0,0,0,0,4,3,2,7,6,6,4,5,3,3
605,13,2,0,3,2,5,6,7,13,13,7,12,14,10,7,43,1,0,0,5,4,4,6,6,4,5,7,4,48,30,4,2,2,2,3,1,4,0,6,9,11,1,24,5,6,48,1,2,5,11,23,1,1,1,3,3,3,5,5,4,0,3,0,0,0,0
606,4,1,2,0,1,2,0,11,7,7,21,16,6,9,54,53,1,2,0,1,2,0,1,4,0,27,19,20,24,23,23,2,2,2,5,6,3,5,5,3,4,19,23,6,9,6,1,1,2,4,9,1,1,1,1,1,1,0,0,0,11,2,18,22,18,20
607,13,2,0,3,2,5,6,7,13,13,7,12,14,21,2,27,1,0,0,5,4,4,6,6,4,5,7,4,48,30,4,2,2,2,3,1,4,0,6,9,11,1,24,5,6,48,1,2,5,11,24,1,1,1,3,3,3,5,5,4,0,3,0,0,0,0
608,11,0,0,2,0,4,5,13,8,6,0,20,19,34,4,23,2,3,2,2,3,2,3,2,2,2,2,2,16,39,44,0,1,3,6,2,1,3,9,4,16,4,8,3,7,2,2,3,6,12,26,2,2,2,2,2,2,1,1,1,1,1,2,23,15,25
609,9,3,1,2,6,1,4,4,1,5,9,10,7,39,11,29,3,1,3,3,5,3,4,3,3,3,3,3,3,3,3,3,3,1,2,3,2,6,10,7,3,3,6,30,41,46,3,4,8,15,31,3,0,3,6,6,6,11,11,11,17,17,17,9,11,11
610,10,0,0,2,0,4,5,13,8,6,4,20,19,34,4,23,2,3,2,2,3,2,3,12,13,12,15,27,38,54,51,0,1,3,6,2,1,5,7,3,16,4,8,49,52,14,2,3,6,12,26,2,2,2,2,2,2,1,1,1,15,15,15,51,51,51
611,3,1,2,0,1,2,0,1,7,7,6,17,24,37,30,24,1,2,0,1,2,0,1,4,0,1,4,22,53,48,17,2,2,2,5,6,3,5,5,3,4,19,23,23,29,18,1,1,2,2,5,1,1,1,1,1,1,0,0,0,13,10,9,43,16,41
612,12,2,0,3,4,0,2,5,0,3,14,19,23,28,20,34,1,0,0,1,0,6,5,0,6,6,0,6,31,0,39,2,2,2,3,1,4,7,0,5,6,7,11,1,3,5,1,2,3,8,18,1,1,1,4,4,5,4,3,2,2,0,1,1,4,5
613,6,3,3,1,3,6,3,0,9,2,25,26,15,0,31,37,0,1,1,0,6,5,0,13,5,14,25,5,15,17,6,1,0,0,0,5,0,13,2,2,19,15,14,13,16,7,4,6,11,22,42,0,0,0,5,5,4,3,2,3,10,12,11,32,30,35
614,7,3,3,1,3,6,1,8,10,8,18,1,22,27,38,4,0,1,1,6,1,1,2,8,1,20,6,23,50,37,28,1,0,0,4,4,5,1,7,13,13,17,10,24,49,45,1,2,5,11,24,0,0,0,0,0,0,7,7,8,5,5,5,48,47,49
615,4,1,2,0,1,2,0,11,4,0,17,16,6,26,54,22,1,2,0,1,2,0,1,4,0,27,19,20,24,23,23,2,2,2,5,6,3,5,5,3,4,19,23,2,1,1,1,1,2,4,12,1,1,1,1,1,1,0,0,0,14,18,14,29,40,46
616,2,3,3,1,3,6,1,9,10,1,8,18,1,22,37,11,0,1,1,6,1,1,8,11,9,11,10,18,7,41,9,1,0,0,4,4,5,8,11,6,1,2,2,10,12,0,4,7,12,23,45,0,0,0,0,0,0,2,4,5,7,8,7,2,1,2
617,13,2,0,3,2,5,6,7,13,13,12,2,14,35,15,14,1,0,0,5,4,4,6,6,4,5,23,24,26,24,29,2,2,2,3,1,4,0,6,9,18,22,21,14,25,31,1,2,5,10,22,1,1,1,3,3,3,5,5,4,0,25,0,24,22,19
618,2,3,3,1,3,6,1,9,10,1,8,9,1,11,37,41,0,1,1,6,1,1,8,11,9,11,10,18,7,41,9,1,0,0,4,4,5,8,11,6,1,2,2,10,12,0,4,7,12,23,44,0,0,0,0,0,0,2,4,5,7,8,7,2,1,2
619,13,2,0,3,2,5,6,7,13,13,12,2,14,35,2,43,1,0,0,5,4,4,6,6,4,5,7,4,48,30,4,2,2,2,3,1,4,0,6,9,11,1,24,5,6,48,1,2,5,11,23,1,1,1,3,3,3,5,5,4,0,3,0,0,0,0
620,6,3,3,1,3,6,3,0,11,11,26,4,27,12,14,32,0,1,1,0,6,5,0,7,5,0,17,11,0,9,52,1,0,0,0,5,0,4,8,1,9,8,13,18,0,53,4,6,11,21,39,0,0,0,5,5,4,9,10,3,9,11,10,3,2,1
621,6,3,3,1,3,6,3,0,11,11,26,4,27,12,14,32,0,1,1,0,6,5,0,7,5,0,17,11,0,9,52,1,0,0,0,5,0,4,8,1,9,8,13,2,1,1,4,7,13,24,47,0,0,0,5,5,4,9,10,3,9,11,10,3,2,1
622,8,3,3,2,5,3,4,6,12,9,10,15,20,32,19,12,0,1,1,4,6,1,12,9,7,7,9,16,8,20,7,1,0,0,4,4,5,5,1,0,22,16,15,43,38,28,3,5,10,17,33,0,0,0,0,0,0,6,6,6,15,15,15,16,13,13
623,7,3,3,1,3,6,1,9,10,8,18,21,22,48,24,4,0,1,1,6,1,1,2,8,1,20,6,25,32,13,25,1,0,0,4,4,5,1,7,13,17,10,22,16,43,26,4,7,13,25,48,0,0,0,0,0,0,7,7,8,25,24,25,27,27,26
624,4,1,2,0,1,2,0,1,7,7,11,3,26,8,16,55,1,2,0,1,2,0,1,4,0,8,19,20,18,46,22,2,2,2,5,6,3,5,5,3,4,19,23,6,9,6,1,1,2,4,11,1,1,1,1,1,1,0,0,0,11,2,12,30,33,31
625,8,3,3,2,5,3,4,3,6,9,2,24,9,55,53,8,0,1,1,4,6,1,7,9,7,19,22,7,51,8,33,1,0,0,4,4,5,11,1,0,25,5,1,22,17,24,3,5,10,20,37,0,0,0,0,0,0,6,6,6,12,13,13,6,9,8
626,4,1,2,0,1,2,0,1,7,7,1,3,26,1,47,55,1,2,0,1,2,0,1,4,0,8,19,20,30,12,32,2,2,2,5,6,3,5,5,3,20,25,3,28,30,22,1,1,2,4,11,1,1,1,1,1,1,0,0,0,19,2,12,28,24,27
627,1,3,3,1,3,6,1,8,9,12,15,26,13,46,49,54,0,1,1,6,1,1,13,5,12,9,12,12,9,29,27,1,0,0,4,4,5,5,7,3,0,13,7,55,14,44,4,7,14,26,52,0,0,0,0,0,4,3,2,7,6,6,4,5,3,3
628,11,0,0,2,0,4,5,12,3,6,3,7,4,3,48,5,2,3,2,2,3,2,3,2,2,2,2,2,44,43,16,0,1,3,6,2,1,3,9,4,16,4,8,27,36,36,2,3,7,13,28,2,2,2,2,2,2,1,1,1,1,1,2,8,8,17
629,14,2,3,1,3,6,3,8,9,12,15,14,13,18,39,21,0,1,1,0,6,5,0,13,5,14,5,5,40,33,38,1,0,0,4,4,5,5,7,3,15,20,12,25,24,27,1,2,4,9,21,0,0,0,5,5,4,3,2,3,10,12,11,42,44,44
630,6,3,3,1,3,6,3,8,9,12,16,26,13,0,42,54,0,1,1,0,6,5,0,13,5,14,5,5,15,33,55,1,0,0,0,5,0,13,2,2,15,20,12,29,50,51,1,2,4,9,21,0,0,0,5,5,4,3,2,3,10,12,11,20,20,16
631,4,1,2,0,1,2,0,1,7,7,1,16,18,9,54,53,1,2,0,1,2,0,1,4,0,8,19,20,18,46,22,2,2,2,5,6,3,5,5,3,4,19,23,6,9,6,1,1,2,4,9,1,1,1,1,1,1,0,0,0,11,2,12,18,19,21
632,12,2,0,3,4,0,2,5,0,3,14,13,23,31,0,34,1,0,0,1,0,6,5,0,6,6,0,6,31,0,39,2,2,2,3,1,4,7,0,5,6,7,11,1,3,5,1,2,3,8,19,1,1,1,4,4,5,4,3,2,2,0,1,1,4,5
633,6,3,3,1,3,6,3,0,9,2,25,26,15,0,31,37,0,1,1,0,6,5,0,13,5,14,25,5,15,17,6,1,0,0,0,5,0,13,2,2,19,15,14,13,16,7,4,6,11,22,42,0,0,0,5,5,4,3,2,3,10,12,11,32,30,35
634,11,0,0,2,0,4,5,12,3,6,3,7,4,38,46,9,2,3,2,2,3,2,3,2,2,2,2,2,44,43,16,0,1,3,6,2,1,3,9,4,16,4,8,27,7,2,2,3,7,13,28,2,2,2,2,2,2,1,1,1,1,1,2,23,15,25
635,5,1,2,0,1,2,0,11,4,0,24,8,17,36,17,48,1,2,0,1,2,0,1,4,0,1,11,22,28,25,34,2,2,2,5,6,3,5,5,3,4,19,23,48,53,43,1,1,2,3,7,1,1,1,1,1,1,0,0,0,3,10,9,37,38,33
636,1,3,3,1,3,6,1,8,9,12,0,26,13,46,55,54,0,1,1,0,6,1,0,13,5,14,25,5,15,17,6,1,0,0,4,4,5,5,7,3,0,13,7,2,1,44,4,7,14,26,53,0,0,0,0,0,4,3,2,7,10,12,11,20,20,16
637,14,2,0,3,2,5,6,7,5,13,23,22,2,51,39,3,1,0,0,5,4,4,10,6,4,21,14,17,14,18,41,2,2,2,3,1,4,5,6,3,12,9,4,4,10,52,1,2,4,9,21,1,1,1,3,3,3,8,9,9,8,9,8,31,29,34
638,10,1,0,0,1,2,0,11,4,7,19,20,24,36,21,10,1,2,0,1,2,0,1,4,0,22,19,0,29,50,0,2,2,2,5,6,3,5,5,3,4,19,23,2,1,1,1,1,2,3,6,1,1,1,1,1,1,0,0,0,14,18,14,29,40,46
639,11,0,0,2,0,4,5,13,8,6,4,20,19,13,4,30,2,3,2,2,3,2,3,2,2,2,2,2,16,39,44,0,1,3,6,2,1,3,9,4,16,4,8,3,7,2,2,3,7,13,28,2,2,2,2,2,2,1,1,1,1,1,2,23,15,25
640,8,0,3,2,5,3,4,3,12,9,2,23,9,29,5,8,0,1,1,4,6,1,7,9,7,19,22,7,17,45,15,1,0,0,4,4,5,11,1,0,25,5,1,40,55,41,3,5,10,20,37,0,0,0,0,0,0,6,6,6,12,13,13,6,9,8
641,13,2,0,3,2,5,6,7,13,13,7,12,14,10,2,27,1,0,0,5,4,4,6,6,4,5,7,4,5,30,54,2,2,2,3,1,4,0,6,9,11,1,24,5,6,48,1,2,5,11,24,1,1,1,3,3,3,5,5,4,0,3,0,0,0,0
642,7,3,3,1,3,6,1,9,10,8,18,25,22,19,35,4,0,1,1,6,1,1,2,8,1,15,24,1,13,21,1,1,0,0,4,4,5,1,7,13,13,17,10,8,20,47,4,7,13,24,47,0,0,0,0,0,0,7,7,8,5,5,5,7,6,7
643,11,0,0,2,0,4,5,13,8,6,4,20,19,5,41,30,2,3,2,2,3,2,3,12,13,17,21,19,16,26,44,0,1,3,6,2,1,3,9,4,16,4,8,3,7,2,2,3,6,12,26,2,2,2,2,2,2,1,1,1,1,1,2,23,15,25
644,13,2,0,3,2,5,6,7,13,13,7,12,14,10,7,27,1,0,0,5,4,4,6,6,4,5,7,4,5,30,54,2,2,2,3,1,4,0,6,9,11,1,24,5,6,48,1,2,5,11,24,1,1,1,3,3,3,5,5,4,0,3,0,0,0,0
645,12,2,0,3,4,0,2,5,0,3,14,19,23,53,20,34,1,0,0,1,0,6,5,0,6,6,0,6,31,38,5,2,2,2,3,1,4,7,0,5,6,7,11,1,3,5,1,2,3,8,18,1,1,1,4,4,5,4,3,2,2,0,1,11,7,28
646,4,1,2,0,1,2,0,1,7,7,11,3,26,8,16,55,1,2,0,1,2,0,1,4,0,8,19,20,18,46,22,2,2,2,5,6,3,5,5,3,4,19,23,6,9,6,1,1,2,4,11,1,1,1,1,1,1,0,0,0,11,2,12,43,33,41
647,6,3,3,1,3,6,3,0,11,2,25,4,15,0,42,37,0,1,1,0,6,5,0,13,5,14,5,5,15,33,55,1,0,0,0,5,0,13,2,2,15,20,12,29,50,51,4,6,11,22,43,0,0,0,5,5,4,3,2,3,10,12,11,20,20,16
648,2,3,3,1,3,6,1,9,10,1,8,18,1,22,22,11,0,1,1,6,1,1,8,11,9,11,10,18,7,41,9,1,0,0,4,4,5,8,11,6,1,2,2,54,35,21,4,7,12,23,44,0,0,0,0,0,0,2,4,5,7,8,7,2,1,2
649,12,2,0,3,4,0,2,5,0,3,14,19,23,53,20,44,1,0,0,1,0,6,5,0,6,6,0,6,31,0,39,2,2,2,3,1,4,7,0,5,6,7,11,1,3,5,1,2,3,8,18,1,1,1,4,4,5,4,3,2,2,0,1,1,4,5
650,7,3,3,1,3,6,1,0,11,8,18,25,22,12,34,32,0,1,1,6,1,1,2,8,1,15,24,1,54,21,1,1,0,0,4,4,5,1,7,13,13,17,10,8,1,9,4,7,13,24,47,0,0,0,0,0,0,7,7,8,5,5,5,7,6,7
651,2,3,3,1,3,3,1,9,10,1,8,9,1,11,37,11,0,1,1,6,1,1,8,11,9,11,10,18,7,41,9,1,0,0,4,4,5,8,11,6,1,2,2,10,12,0,4,7,12,23,45,0,0,0,0,0,0,2,4,5,7,8,7,2,1,2
652,1,3,3,1,3,6,1,8,9,12,15,26,13,46,55,38,0,1,1,6,1,1,13,5,12,9,12,12,9,29,27,1,0,0,4,4,5,5,7,3,0,13,7,55,14,44,4,7,14,26,53,0,0,0,0,0,4,3,2,7,6,6,4,5,3,3
653,5,1,2,0,1,2,0,2,4,0,17,8,17,20,17,22,1,2,0,1,2,0,11,4,11,13,20,26,37,44,36,2,2,2,5,6,3,2,3,12,4,19,23,45,37,33,1,1,1,1,1,1,1,1,1,1,1,0,0,0,3,7,6,21,31,6
654,8,3,3,2,5,3,4,3,12,9,10,24,9,55,53,8,0,1,1,4,6,1,7,9,7,19,22,7,17,45,15,1,0,0,4,4,5,11,1,0,25,5,1,40,48,40,3,5,10,20,37,0,0,0,0,0,0,6,6,6,12,13,13,6,9,8
655,3,1,2,0,1,2,0,1,4,7,23,17,10,49,45,18,1,2,0,1,2,0,1,4,0,22,19,0,29,15,0,2,2,2,5,6,3,5,5,3,7,27,5,42,51,49,1,1,2,5,13,1,1,1,1,1,1,0,0,0,14,18,14,30,28,30
656,4,1,2,0,1,2,0,1,7,7,11,3,26,8,16,55,1,2,0,1,2,0,1,4,0,8,19,20,11,12,32,2,2,2,5,6,3,5,5,3,20,25,3,6,9,1,1,1,2,4,11,1,1,1,1,1,1,0,0,0,19,2,12,28,24,27
657,12,2,0,3,4,0,2,5,0,3,14,19,23,53,20,44,1,0,0,1,0,6,5,0,6,6,0,6,31,0,39,2,2,2,3,1,4,7,0,5,6,7,11,1,3,5,1,2,3,8,18,1,1,1,4,4,5,4,3,2,2,0,1,1,4,5
658,9,3,3,2,5,3,4,6,6,10,2,23,20,17,8,16,0,1,1,6,1,1,8,1,8,24,18,21,27,22,21,1,0,0,4,4,5,5,7,3,26,21,25,50,8,32,3,5,10,18,35,0,0,0,0,0,0,10,8,10,16,19,16,26,25,23
659,10,0,0,2,0,4,5,13,8,6,4,20,19,13,21,30,2,3,2,2,3,2,3,12,13,12,15,27,2,26,2,0,1,3,6,2,1,12,12,8,8,12,20,44,54,10,2,3,6,12,27,2,2,2,2,2,2,1,1,1,4,4,3,19,21,18
660,4,1,2,0,1,2,0,11,7,7,11,16,24,33,52,35,1,2,0,1,2,0,1,4,0,1,19,20,53,46,22,2,2,2,5,6,3,5,5,3,4,19,23,32,29,18,1,1,2,4,12,1,1,1,1,1,1,0,0,0,13,10,9,13,16,24
661,6,3,3,1,3,6,3,0,11,2,25,4,15,0,42,37,0,1,1,0,6,5,0,13,5,14,5,5,15,33,55,1,0,0,0,5,0,13,2,2,15,20,12,29,50,51,4,6,11,22,43,0,0,0,5,5,4,3,2,3,10,12,11,20,20,16
662,5,1,2,0,1,2,0,2,2,0,13,27,16,23,44,13,1,2,0,1,2,0,1,4,0,23,16,13,45,27,43,2,2,2,5,6,3,5,5,3,2,26,0,41,27,43,1,1,2,6,15,1,1,1,1,1,1,0,0,0,24,23,24,18,19,21
663,11,0,0,2,0,4,5,12,3,6,3,7,4,47,46,9,2,3,2,2,3,2,3,2,2,2,2,2,44,43,16,0,1,3,6,2,1,3,9,4,16,4,8,27,36,36,2,3,7,13,28,2,2,2,2,2,2,1,1,1,1,1,2,8,8,17
664,3,1,2,0,1,2,0,11,4,0,6,17,18,37,52,24,1,2,0,1,2,0,1,4,0,1,4,22,35,48,17,2,2,2,5,6,3,5,5,3,4,19,23,32,29,18,1,1,2,3,7,1,1,1,1,1,1,0,0,0,13,10,9,13,16,24
665,4,1,2,0,1,2,0,1,7,7,11,3,26,8,16,36,1,2,0,1,2,0,1,4,0,22,19,0,29,50,0,2,2,2,5,6,3,5,5,3,7,19,23,23,4,1,1,1,2,4,12,1,1,1,1,1,1,0,0,0,14,18,14,29,40,46
666,11,0,0,2,0,4,5,13,8,6,4,20,19,34,4,23,2,3,2,2,3,2,3,2,2,2,2,2,43,2,42,0,1,3,6,2,1,3,9,4,16,4,8,49,52,14,2,3,6,12,26,2,2,2,2,2,2,1,1,1,1,1,2,10,46,9
667,4,1,2,0,1,2,0,1,7,7,11,3,26,33,16,55,1,2,0,1,2,0,1,4,0,8,19,20,18,46,22,2,2,2,5,6,3,5,5,3,4,19,23,6,9,6,1,1,2,4,11,1,1,1,1,1,1,0,0,0,11,2,12,35,33,31
668,12,2,0,3,4,0,2,5,0,3,14,13,21,31,10,42,1,0,0,1,0,6,5,0,6,6,0,6,31,38,5,2,2,2,3,1,4,7,0,5,6,7,11,1,3,5,1,2,3,8,19,1,1,1,4,4,5,4,3,2,2,0,1,11,4,5
669,10,0,0,2,0,4,5,10,3,6,3,7,4,5,29,50,2,3,2,2,3,2,3,2,2,2,2,2,38,54,51,0,1,3,6,2,1,3,9,4,16,4,8,49,52,14,2,3,7,14,30,2,2,2,2,2,2,1,1,1,4,4,3,46,26,9
670,5,1,2,0,1,2,0,11,2,0,19,17,25,25,52,10,1,2,0,1,2,0,1,4,0,13,11,26,37,44,36,2,2,2,5,6,3,5,5,3,4,19,23,38,1,54,1,1,2,3,6,1,1,1,1,1,1,0,0,0,3,7,6,47,39,47
671,7,3,3,1,3,6,1,8,10,8,18,25,22,19,35,4,0,1,1,6,1,1,2,8,1,15,24,1,13,21,1,1,0,0,4,4,5,1,7,13,13,17,10,8,20,47,4,7,13,24,47,0,0,0,0,0,0,7,7,8,5,5,5,7,6,7
672,13,2,0,3,2,5,6,7,13,13,12,2,11,35,15,43,1,0,0,5,4,4,6,6,4,5,23,24,26,6,29,2,2,2,3,1,4,0,6,9,24,0,26,46,39,42,1,2,5,11,23,1,1,1,3,3,3,5,5,4,0,25,0,24,22,19
673,3,1,2,0,1,2,0,1,4,7,19,17,24,36,30,10,1,2,0,1,2,0,1,4,0,1,11,20,28,25,34,2,2,2,5,6,3,5,5,3,4,19,23,48,53,43,1,1,2,3,6,1,1,1,1,1,1,0,0,0,19,10,9,37,38,33
674,9,3,3,2,5,3,4,6,6,10,2,23,20,2,8,16,0,1,1,6,1,1,8,1,8,24,18,21,27,47,8,1,0,0,4,4,5,5,7,3,26,21,25,37,2,38,3,5,10,18,35,0,0,0,0,0,0,10,8,10,16,19,16,26,25,23
675,13,2,0,3,2,5,6,7,13,13,12,2,11,35,15,43,1,0,0,5,4,4,6,6,4,5,23,24,26,6,29,2,2,2,3,1,4,0,6,9,24,0,26,46,39,42,1,1,2,7,17,1,1,1,3,3,3,5,5,4,0,25,0,24,22,19
676,11,0,0,2,0,4,5,13,8,6,4,20,19,34,4,23,2,3,2,2,3,2,3,2,2,2,2,2,43,2,16,0,1,3,6,2,1,3,9,4,16,4,8,2,7,2,2,3,6,12,26,2,2,2,2,2,2,1,1,1,1,1,2,23,15,9
677,1,2,0,3,4,0,2,5,0,3,14,0,5,53,0,34,1,0,0,1,0,6,5,0,6,6,0,6,6,36,37,2,2,2,3,1,4,7,0,5,6,7,11,35,33,35,1,1,2,2,3,1,1,1,4,4,5,4,3,2,27,27,27,36,32,42
678,7,3,3,1,3,6,1,8,10,8,18,25,22,19,34,4,0,1,1,6,1,1,2,8,1,15,24,1,13,21,1,1,0,0,4,4,5,1,7,13,13,17,10,8,20,47,4,7,13,24,47,0,0,0,0,0,0,7,7,8,5,5,5,7,6,7
679,11,0,0,2,0,4,5,12,3,6,3,7,4,47,48,5,2,3,2,2,3,2,3,2,2,2,2,2,43,2,16,0,1,3,6,2,1,3,9,4,16,4,8,27,36,36,2,3,7,13,28,2,2,2,2,2,2,1,1,1,1,1,2,8,8,9
680,9,3,3,2,5,3,4,6,6,10,22,6,3,15,43,19,0,1,1,4,6,1,9,10,10,10,8,8,10,14,10,1,0,0,1,0,6,9,13,11,14,6,9,15,19,8,3,5,9,16,32,0,3,0,0,0,0,12,12,12,21,20,20,17,17,14
681,5,1,2,0,1,2,0,2,2,0,5,27,12,50,25,13,1,2,0,1,2,0,11,4,11,26,20,10,12,10,13,2,2,2,5,6,3,2,3,12,10,11,17,12,45,16,1,1,1,1,2,1,1,1,1,1,1,0,0,0,3,7,6,15,10,6
682,4,1,2,0,1,2,0,11,4,7,21,16,6,33,54,35,1,2,0,1,2,0,1,4,0,27,19,20,24,23,23,2,2,2,5,6,3,5,5,3,4,19,23,6,9,6,1,1,2,4,10,1,1,1,1,1,1,0,0,0,11,2,18,22,18,20
683,11,0,0,2,0,4,5,13,8,6,4,20,19,34,4,23,2,3,2,2,3,2,3,2,2,2,2,2,43,2,42,0,1,3,6,2,1,3,9,4,16,4,8,49,52,14,2,3,6,12,26,2,2,2,2,2,2,1,1,1,1,1,2,10,26,9
684,6,3,3,1,3,6,3,0,11,11,26,4,27,42,14,32,0,1,1,0,6,5,0,7,5,0,17,11,47,53,11,1,0,0,0,5,0,4,8,1,9,8,13,2,1,1,4,6,11,21,39,0,0,0,5,5,4,9,10,3,9,11,10,3,2,1
685,14,2,0,3,2,5,6,7,5,13,23,22,2,51,39,39,1,0,0,5,4,4,10,6,4,21,14,17,14,18,41,2,2,2,3,1,4,0,6,9,12,9,4,4,10,52,1,2,4,9,21,1,1,1,3,3,3,8,9,9,8,9,8,4,5,4
686,6,3,3,1,3,6,3,0,11,11,0,4,27,12,14,32,0,1,1,0,6,5,0,7,5,0,17,11,0,9,52,1,0,0,0,5,0,4,8,1,9,8,13,18,0,53,4,6,11,21,39,0,0,0,5,5,4,9,10,3,9,11,10,3,2,1
687,6,3,3,1,3,6,3,0,11,11,26,4,27,42,14,25,0,1,1,0,6,5,0,7,5,0,17,11,42,32,11,1,0,0,0,5,0,4,8,1,27,23,18,47,26,34,4,6,11,21,40,0,0,0,5,5,4,9,10,3,9,11,10,3,2,1
688,5,1,2,0,1,2,0,2,2,0,17,27,17,20,25,22,1,2,0,1,2,0,11,4,11,26,20,10,12,10,13,2,2,2,5,6,3,2,3,12,10,11,17,45,37,33,1,1,1,1,2,1,1,1,1,1,1,0,0,0,3,7,6,15,10,6
689,11,0,0,2,0,4,5,12,3,6,3,7,4,47,48,9,2,3,2,2,3,2,3,2,2,2,2,2,43,2,42,0,1,3,6,2,1,3,9,4,16,4,8,49,52,14,2,3,7,13,28,2,2,2,2,2,2,1,1,1,1,1,2,10,26,9
690,3,1,2,0,4,0,2,5,0,3,6,17,18,37,52,24,1,2,0,1,2,0,1,4,0,1,4,22,35,48,17,2,2,2,5,6,3,5,5,3,4,19,23,32,29,18,1,1,2,2,5,1,1,1,1,1,1,0,0,0,13,10,9,13,16,24
691,2,3,3,1,3,6,1,8,9,4,20,11,13,4,12,51,0,1,1,6,1,1,8,11,9,25,13,9,21,31,50,1,0,0,4,4,5,5,7,3,2,26,0,7,34,20,4,7,14,27,54,0,0,0,0,0,0,2,4,5,18,14,19,12,14,10
692,5,1,2,0,1,2,0,1,2,10,13,3,25,23,3,48,1,2,0,1,2,0,1,4,0,22,19,0,29,15,0,1,0,0,5,6,3,5,5,3,4,19,23,2,1,1,1,1,2,6,15,1,1,1,1,1,1,0,0,0,14,18,14,30,33,30
693,1,3,3,1,5,3,4,6,6,2,0,23,10,17,8,16,0,1,1,0,6,5,0,13,5,14,25,5,15,17,6,1,0,0,4,4,5,5,7,3,15,20,12,2,1,1,1,1,2,5,13,0,0,0,5,5,4,3,2,3,10,12,11,20,20,16
694,2,3,3,1,5,3,1,8,9,4,20,11,20,4,12,16,0,1,1,6,1,1,8,1,8,25,13,9,21,31,50,1,0,0,4,4,5,5,7,3,2,26,0,7,34,20,4,7,14,27,54,0,0,0,0,0,0,2,4,5,18,14,19,12,14,10
695,4,1,2,0,1,2,0,11,7,7,11,3,26,8,16,55,1,2,0,1,2,0,1,4,0,27,19,20,24,23,23,2,2,2,5,6,3,5,5,3,4,19,23,6,9,6,1,1,2,4,10,1,1,1,1,1,1,0,0,0,11,2,18,22,18,20
696,13,2,0,3,2,5,6,7,13,13,7,12,14,21,7,27,1,0,0,5,4,4,6,6,4,5,7,4,48,30,4,2,2,2,3,1,4,0,6,9,11,1,24,5,6,48,1,2,5,11,24,1,1,1,3,3,3,5,5,4,0,3,0,0,0,0
697,7,3,3,1,3,6,1,6,10,8,18,1,22,19,1,4,0,1,1,6,1,1,2,8,1,15,6,23,20,37,28,1,0,0,4,4,5,1,7,13,13,17,10,8,20,47,4,7,13,24,47,0,0,0,0,0,0,7,7,8,5,5,5,7,6,7
698,4,1,2,0,1,2,0,1,7,7,11,3,26,8,16,55,1,2,0,1,2,0,1,4,0,22,19,20,18,46,22,2,2,2,5,6,3,5,5,3,4,19,23,6,9,6,1,1,2,4,11,1,1,1,1,1,1,0,0,0,11,2,12,43,33,41
699,12,2,0,3,4,0,2,5,0,3,14,13,21,41,36,42,1,0,0,1,0,6,5,0,6,6,0,6,31,0,39,2,2,2,3,1,4,7,0,5,6,7,11,1,3,5,1,2,3,8,19,1,1,1,4,4,5,4,3,2,2,0,1,11,7,5
700,4,1,2,0,1,2,0,1,7,7,11,3,26,8,16,55,1,2,0,1,2,0,1,4,0,8,19,20,18,46,22,2,2,2,5,6,3,5,5,3,4,19,23,6,9,6,1,1,2,4,11,1,1,1,1,1,1,0,0,0,11,2,12,22,18,20
701,2,3,3,1,3,6,1,9,10,1,8,9,1,22,37,41,0,1,1,6,1,1,8,11,9,11,10,18,7,41,9,1,0,0,4,4,5,8,11,6,1,2,2,10,12,0,4,7,12,23,46,0,0,0,0,0,0,2,4,5,7,8,7,2,1,2
702,3,1,2,0,1,2,0,1,7,7,6,17,25,37,3,26,1,2,0,1,2,0,1,4,0,23,16,13,18,51,30,2,2,2,5,6,3,5,5,3,24,0,26,26,21,25,1,1,2,6,14,1,1,1,1,1,1,0,0,0,24,23,24,18,19,21
703,6,3,3,1,3,6,3,0,11,11,0,4,27,12,14,32,0,1,1,0,6,5,0,7,5,0,17,11,0,9,52,1,0,0,0,5,0,4,8,1,9,8,13,18,0,53,3,5,10,20,38,0,0,0,5,5,4,9,10,3,9,11,10,3,2,1
704,14,3,0,1,3,6,1,8,9,4,20,14,13,18,28,46,0,1,1,6,1,1,13,1,12,18,1,14,19,1,19,1,0,0,4,4,5,5,7,3,23,14,16,21,15,11,4,7,14,28,55,0,0,0,2,0,3,2,8,7,20,21,21,40,42,40
705,3,1,2,0,4,0,2,1,4,7,1,17,18,1,47,24,1,2,0,1,2,0,1,4,0,8,19,20,30,12,32,2,2,2,5,6,3,5,5,3,20,25,3,28,30,22,1,1,2,3,8,1,1,1,1,1,1,0,0,0,19,2,12,28,24,27
706,7,3,3,1,3,6,1,8,10,8,18,25,22,19,34,4,0,1,1,6,1,1,2,8,1,15,24,1,13,21,1,1,0,0,4,4,5,1,7,13,13,17,10,8,20,47,4,7,13,24,47,0,0,0,0,0,0,7,7,8,5,5,5,7,6,7
707,8,0,3,2,5,3,4,3,6,9,2,23,9,29,5,8,0,1,1,4,6,1,7,9,7,19,22,7,17,45,15,1,0,0,4,4,5,11,1,0,25,5,1,40,55,41,3,5,10,20,37,0,0,0,0,0,0,6,6,6,12,13,13,6,9,8
708,10,0,0,2,0,4,5,13,8,6,4,20,19,34,4,23,2,3,2,2,3,2,3,12,13,12,15,27,38,54,51,0,1,3,6,2,1,5,7,3,16,4,8,49,52,14,2,3,6,12,26,2,2,2,2,2,2,1,1,1,4,4,3,51,51,51
709,4,1,2,0,1,2,0,11,4,0,21,16,6,9,54,53,1,2,0,1,2,0,1,4,0,27,19,20,24,23,23,2,2,2,5,6,3,5,5,3,4,19,23,6,9,6,1,1,2,4,10,1,1,1,1,1,1,0,0,0,11,2,18,22,18,20
710,6,3,3,1,3,6,3,0,11,11,26,4,27,42,14,17,0,1,1,0,6,5,0,7,5,0,17,11,47,53,52,1,0,0,0,5,0,4,8,1,9,8,13,52,40,13,4,6,11,21,39,0,0,0,5,5,4,9,10,3,9,11,10,3,2,1
711,14,2,0,3,2,5,6,7,5,13,23,22,2,30,40,39,1,0,0,5,4,4,10,6,4,21,14,17,14,18,14,2,2,2,3,1,4,0,6,9,12,9,4,4,10,52,1,2,4,9,21,1,1,1,3,3,3,8,9,9,8,9,8,4,5,4
712,3,1,2,0,1,2,0,11,4,7,19,17,0,36,30,2,1,2,0,1,2,0,1,4,0,1,11,20,28,25,34,2,2,2,5,6,3,5,5,3,4,19,23,48,53,54,1,1,2,4,11,1,1,1,1,1,1,0,0,0,3,10,9,35,39,33
713,11,0,0,2,0,4,5,12,3,6,3,7,4,38,4,9,2,3,2,2,3,2,3,2,2,2,2,2,43,2,42,0,1,3,6,2,1,3,9,4,16,4,8,49,52,14,2,3,7,13,28,2,2,2,2,2,2,1,1,1,1,1,2,8,8,9
714,8,3,3,2,5,3,4,3,12,9,10,24,9,55,53,8,0,1,1,4,6,1,7,9,7,19,22,7,17,45,15,1,0,0,4,4,5,11,1,0,25,5,1,40,48,40,3,5,10,20,37,0,0,0,0,0,0,6,6,6,12,13,13,6,9,8
715,11,0,0,2,0,4,5,12,3,6,3,7,4,38,48,5,2,3,2,2,3,2,3,2,2,2,2,2,44,43,16,0,1,3,6,2,1,3,9,4,16,4,8,27,36,36,2,3,7,13,28,2,2,2,2,2,2,1,1,1,1,1,2,8,8,17
716,4,1,2,0,1,2,0,1,7,7,11,3,10,49,45,36,1,2,0,1,2,0,1,4,0,22,19,0,29,15,0,2,2,2,5,6,3,5,5,3,7,27,5,42,51,49,1,1,2,5,13,1,1,1,1,1,1,0,0,0,14,18,14,29,28,30
717,12,2,0,3,4,0,2,5,0,3,14,13,21,41,36,42,1,0,0,1,0,6,5,0,6,6,0,6,31,0,26,2,2,2,3,1,4,7,0,5,6,7,11,1,3,5,1,2,3,8,19,1,1,1,4,4,5,4,3,2,2,0,1,1,4,28
718,6,3,3,1,3,6,3,0,11,11,26,4,27,12,14,17,0,1,1,0,6,5,0,7,5,0,17,11,47,53,52,1,0,0,0,5,0,4,8,1,9,8,13,18,0,53,1,1,2,3,7,0,0,0,5,5,4,9,10,3,9,11,10,3,2,1
719,5,1,2,0,1,2,0,1,2,0,13,3,25,23,30,0,1,2,0,1,2,0,1,4,0,22,19,0,18,46,0,2,2,2,5,6,3,5,5,3,4,19,23,6,9,6,1,1,2,6,15,1,1,1,1,1,1,0,0,0,11,2,12,43,33,41
720,7,3,3,1,3,6,1,8,10,8,18,25,22,19,34,4,0,1,1,6,1,1,2,8,1,15,24,1,13,21,1,1,0,0,4,4,5,1,7,13,13,17,10,8,20,47,4,7,13,24,47,0,0,0,0,0,0,7,7,8,5,5,5,7,6,7
721,1,3,3,1,3,6,1,8,9,4,20,14,10,17,45,6,0,1,1,6,1,1,13,1,8,16,1,14,34,35,40,1,0,0,4,4,5,5,5,3,7,27,5,42,51,49,1,1,2,5,13,0,0,0,0,0,0,10,8,10,20,19,21,30,28,34
722,14,2,0,3,3,6,1,8,9,12,20,14,13,18,39,52,0,1,1,6,1,1,13,1,12,9,1,12,46,35,40,2,2,2,4,4,5,5,7,3,0,13,7,48,49,9,4,7,14,28,56,0,0,0,0,0,0,2,8,7,20,21,21,31,29,34
723,11,0,0,2,0,4,5,12,3,6,3,7,4,38,48,5,2,3,2,2,3,2,3,2,2,2,2,2,44,43,16,0,1,3,6,2,1,3,9,4,16,4,8,27,36,36,2,3,7,13,28,2,2,2,2,2,2,1,1,1,1,1,2,8,8,17
724,6,3,3,1,3,6,3,0,11,2,25,26,15,12,31,21,0,1,1,0,6,5,0,13,5,14,5,5,40,33,38,1,0,0,0,5,0,13,2,2,15,20,12,25,24,27,4,6,11,22,41,0,0,0,5,5,4,3,2,3,10,12,11,42,44,44
725,3,1,2,0,1,2,0,1,7,7,1,17,24,1,27,36,1,2,0,1,2,0,1,4,0,8,19,20,30,12,32,2,2,2,5,6,3,5,5,3,20,25,3,28,30,22,1,1,2,3,8,1,1,1,1,1,1,0,0,0,19,2,12,28,24,27
726,8,3,3,2,5,3,4,6,12,9,10,15,20,32,19,12,0,1,1,4,6,1,12,9,7,7,9,16,8,20,7,1,0,0,4,4,5,5,1,0,22,16,15,43,38,28,3,5,10,17,33,0,0,0,0,0,0,6,6,6,15,15,15,16,13,13
727,13,2,0,3,2,5,6,7,13,13,12,2,11,35,15,14,1,0,0,5,4,4,6,6,4,5,23,24,26,6,29,2,2,2,3,1,4,0,6,9,24,0,26,46,39,42,1,1,2,7,17,1,1,1,3,3,3,5,5,4,0,25,0,24,22,19
728,5,1,2,0,1,2,0,2,4,0,17,8,17,20,17,22,1,2,0,1,2,0,11,4,11,13,20,26,37,44,36,2,2,2,5,6,3,2,3,12,10,11,17,45,37,33,1,1,2,4,9,1,1,1,1,1,1,0,0,0,3,7,6,21,10,6
729,2,3,3,1,3,6,1,9,10,1,8,18,1,22,37,11,0,1,1,6,1,1,8,11,9,11,10,18,7,41,9,1,0,0,4,4,5,8,11,6,1,2,2,54,35,21,4,7,12,23,45,0,0,0,0,0,0,2,4,5,7,8,7,2,1,2
730,2,3,3,1,3,6,1,9,10,1,8,9,1,22,37,41,0,1,1,6,1,1,8,11,9,11,10,18,7,41,9,1,0,0,4,4,5,8,11,6,1,2,2,10,12,0,4,7,12,23,46,0,0,0,0,0,0,2,4,5,7,8,7,2,1,2
731,5,1,2,0,1,2,0,11,4,0,19,8,17,36,17,10,1,2,0,1,2,0,11,4,11,13,11,26,37,44,36,2,2,2,5,6,3,2,5,3,4,19,23,45,37,33,1,1,1,1,1,1,1,1,1,1,1,0,0,0,3,7,6,21,31,39
732,12,2,0,3,4,0,2,5,0,3,14,19,23,53,20,44,1,0,0,1,0,6,5,0,6,6,0,6,31,0,26,2,2,2,3,1,4,7,0,5,6,7,11,1,3,5,1,2,3,8,18,1,1,1,4,4,5,4,3,2,2,0,1,1,4,28
733,7,3,3,1,3,6,1,8,10,8,18,25,22,54,35,4,0,1,1,6,1,1,2,8,1,15,24,1,54,21,1,1,0,0,4,4,5,1,7,13,13,17,10,8,20,47,4,7,13,24,47,0,0,0,0,0,0,7,7,8,5,5,5,7,6,7
734,8,0,3,2,5,3,4,3,6,9,2,23,9,29,5,40,0,1,1,4,6,1,7,9,7,19,22,7,51,8,33,1,0,0,4,4,5,11,1,0,25,5,1,22,17,24,3,5,10,19,36,0,0,0,0,0,0,6,6,6,12,13,13,6,9,8
735,3,1,2,0,1,2,0,1,7,7,19,17,24,14,30,10,1,2,0,1,2,0,1,4,0,8,19,20,11,46,22,2,2,2,5,6,3,5,5,3,4,19,23,2,1,1,1,1,2,6,15,1,1,1,1,1,1,0,0,0,19,2,12,28,24,27
736,8,3,3,2,5,3,4,6,12,9,10,15,20,32,19,12,0,1,1,4,6,1,12,9,7,7,9,16,8,20,7,1,0,0,4,4,5,5,1,0,22,16,15,43,38,28,3,5,10,17,33,0,0,0,0,0,0,6,6,6,15,15,15,16,13,13
737,12,2,0,3,4,0,2,5,0,3,14,19,23,53,20,44,1,0,0,1,0,6,5,0,6,6,0,6,31,38,5,2,2,2,3,1,4,7,0,5,6,7,11,1,3,5,1,2,3,8,18,1,1,1,4,4,5,4,3,2,2,0,1,11,7,5
738,11,0,0,2,0,4,5,13,8,6,4,20,19,34,4,30,2,3,2,2,3,2,3,2,2,2,2,2,16,39,44,0,1,3,6,2,1,3,9,4,16,4,8,3,7,2,2,3,6,12,26,2,2,2,2,2,2,1,1,1,1,1,2,23,15,25
739,4,1,2,0,1,2,0,11,7,7,19,3,24,36,16,10,1,2,0,1,2,0,1,4,0,23,16,13,28,51,30,2,2,2,5,6,3,5,5,3,4,19,23,2,1,1,1,1,1,1,1,1,1,1,1,1,1,0,0,0,3,7,6,21,31,33
740,2,3,3,1,3,6,1,9,10,1,8,9,1,22,37,41,0,1,1,6,1,1,8,11,9,11,10,18,7,41,9,1,0,0,4,4,5,8,11,6,1,2,2,10,12,0,4,7,12,23,46,0,0,0,0,0,0,2,4,5,7,8,7,2,1,2
741,5,1,2,0,1,2,0,2,2,0,5,27,12,50,25,13,1,2,0,1,2,0,11,4,11,26,20,10,12,10,13,2,2,2,5,6,3,2,3,12,10,11,17,12,45,16,1,1,1,1,2,1,1,1,1,1,1,0,0,0,3,7,6,15,10,6
742,1,3,3,1,3,6,1,8,9,12,15,26,13,45,49,54,0,1,1,6,1,1,13,5,12,9,12,12,9,29,27,1,0,0,4,4,5,5,7,3,0,13,7,55,14,44,1,1,2,3,7,0,0,0,0,0,4,3,2,7,6,6,4,5,3,3
743,11,0,0,2,0,4,5,12,3,6,3,7,4,38,48,5,2,3,2,2,3,2,3,2,2,2,2,2,44,43,16,0,1,3,6,2,1,3,9,4,16,4,8,27,36,36,2,3,7,13,28,2,2,2,2,2,2,1,1,1,1,1,2,8,8,17
744,4,1,2,0,1,2,0,1,7,7,11,3,24,33,16,10,1,2,0,1,2,0,1,4,0,27,19,20,24,23,23,2,2,2,5,6,3,5,5,3,4,19,23,23,4,1,1,1,2,4,10,1,1,1,1,1,1,0,0,0,11,2,18,22,18,20
745,4,1,2,0,1,2,0,1,7,7,1,3,26,8,16,55,1,2,0,1,2,0,1,4,0,8,19,20,30,12,32,2,2,2,5,6,3,5,5,3,20,25,3,28,30,22,1,1,2,4,11,1,1,1,1,1,1,0,0,0,19,2,12,28,24,27
746,13,2,0,3,2,5,6,7,13,13,7,12,14,10,2,27,1,0,0,5,4,4,6,6,4,5,7,4,5,30,54,2,2,2,3,1,4,0,6,9,11,1,24,5,6,48,1,2,5,11,24,1,1,1,3,3,3,5,5,4,0,3,0,0,0,0
747,2,3,3,1,5,3,4,6,6,4,20,11,10,4,12,6,0,1,1,6,1,1,8,1,8,24,18,21,27,47,21,1,0,0,4,4,5,5,7,3,7,27,5,2,1,20,1,1,2,5,13,0,0,0,0,0,0,2,4,5,18,14,19,12,14,10
748,10,0,0,2,0,4,5,13,8,6,4,20,19,44,26,7,2,3,2,2,3,2,3,12,13,17,26,19,22,16,20,0,1,3,6,2,1,10,4,10,21,18,19,9,22,37,2,3,6,12,25,2,2,2,2,2,2,13,13,13,23,22,23,25,23,22
749,14,3,3,1,3,6,1,8,9,12,19,14,13,18,39,52,0,1,1,6,1,1,13,1,12,16,1,14,46,35,40,2,2,2,4,4,5,5,7,3,0,13,7,0,1,39,4,7,14,28,56,0,0,0,0,0,3,2,8,7,20,21,21,31,29,34
750,8,3,3,1,5,3,4,3,12,9,10,24,9,55,53,8,0,1,1,4,6,1,12,9,7,7,9,16,39,28,31,1,0,0,4,4,5,11,1,0,22,16,15,2,1,40,3,5,10,17,33,0,0,0,0,0,0,6,6,6,15,15,15,16,13,13
751,8,3,3,2,5,3,4,3,12,9,2,23,20,40,53,16,0,1,1,4,6,1,12,9,7,7,9,16,39,28,31,1,0,0,4,4,5,5,1,0,5,24,27,2,48,40,3,5,10,20,38,0,0,0,0,0,0,6,6,6,22,16,22,33,37,15
752,2,3,3,1,3,6,1,8,9,4,20,11,13,4,12,45,0,1,1,6,1,1,8,11,9,25,13,9,21,31,50,1,0,0,4,4,5,8,11,6,2,26,0,7,34,20,4,7,14,27,54,0,0,0,0,0,0,2,4,5,18,14,19,12,14,10
753,6,3,3,1,3,6,3,0,11,11,26,4,27,42,14,25,0,1,1,0,6,5,0,7,5,0,17,11,47,53,11,1,0,0,0,5,0,4,8,1,9,8,13,17,5,15,4,6,11,21,39,0,0,0,5,5,4,9,10,3,9,11,10,3,2,1
754,11,3,0,2,3,6,1,8,9,8,3,1,13,38,46,9,2,3,2,2,3,2,3,2,2,2,2,2,16,39,44,0,1,3,6,2,1,3,9,4,16,4,8,3,7,2,2,3,6,12,26,2,2,2,2,2,2,1,1,1,1,1,2,23,15,25
755,4,1,2,0,1,2,0,1,7,7,11,3,26,8,16,55,1,2,0,1,2,0,1,4,0,27,19,20,24,46,22,2,2,2,5,6,3,5,5,3,4,19,23,6,9,6,1,1,2,4,11,1,1,1,1,1,1,0,0,0,11,2,18,22,18,20
756,4,1,2,0,1,2,0,1,7,7,11,3,10,49,45,36,1,2,0,1,2,0,1,4,0,22,19,0,29,15,0,2,2,2,5,6,3,5,5,3,7,27,5,42,51,49,1,1,2,5,13,1,1,1,1,1,1,0,0,0,14,18,14,29,28,30
757,4,1,2,0,1,2,0,1,7,7,11,3,26,8,16,55,1,2,0,1,2,0,1,4,0,8,19,20,11,46,22,2,2,2,5,6,3,5,5,3,4,19,23,6,53,54,1,1,2,4,11,1,1,1,1,1,1,0,0,0,11,2,12,35,39,31
758,9,3,3,2,5,3,4,6,6,10,22,6,3,15,43,19,0,1,1,4,6,1,9,10,10,10,8,8,10,14,10,1,0,0,1,0,6,9,13,11,14,6,9,15,19,8,3,5,9,16,32,0,3,0,0,0,0,12,12,12,21,20,20,17,17,14
759,3,2,2,3,4,0,2,5,0,3,6,0,5,37,52,24,1,0,0,1,0,6,5,0,6,6,0,6,6,36,37,2,2,2,3,1,4,7,0,5,6,7,11,32,29,18,1,1,2,2,4,1,1,1,4,4,5,4,3,2,13,10,9,13,16,24
760,10,0,0,2,0,4,5,10,3,6,27,7,4,43,33,50,2,3,2,2,3,2,3,12,13,12,15,27,38,19,51,0,1,3,6,2,1,12,12,8,8,12,20,19,28,29,3,5,10,17,33,2,2,2,2,2,2,1,1,1,4,4,3,14,12,12
761,13,2,0,3,2,5,6,7,13,13,7,12,14,21,7,31,1,0,0,5,4,4,6,6,4,5,7,4,5,30,54,2,2,2,3,1,4,0,6,9,11,1,24,5,6,48,1,2,5,11,24,1,1,1,3,3,3,5,5,4,0,3,0,0,0,0
762,14,2,0,3,2,5,6,7,5,13,23,22,2,30,40,39,1,0,0,5,4,4,10,6,4,21,14,17,14,18,14,2,2,2,3,1,4,0,6,9,12,9,4,4,10,52,1,2,4,9,21,1,1,1,3,3,3,8,9,9,8,9,8,4,5,4
763,13,2,0,3,2,5,6,7,13,13,7,12,14,21,7,27,1,0,0,5,4,4,6,6,4,5,7,4,5,30,4,2,2,2,3,1,4,0,6,9,11,1,24,5,6,48,1,2,5,11,24,1,1,1,3,3,3,5,5,4,0,3,0,0,0,0
764,8,3,3,2,5,3,4,3,12,9,10,24,9,40,53,8,0,1,1,4,6,1,12,9,7,7,9,16,39,28,31,1,0,0,4,4,5,11,1,0,5,24,27,2,48,40,3,5,10,20,38,0,0,0,0,0,0,6,6,6,22,16,22,33,37,15
765,3,1,2,0,1,2,0,11,7,7,19,17,24,14,52,10,1,2,0,1,2,0,1,4,0,1,4,22,35,48,17,2,2,2,5,6,3,5,5,3,4,19,23,32,29,18,1,1,2,6,15,1,1,1,1,1,1,0,0,0,13,10,9,13,16,24
766,10,0,0,2,0,4,5,10,3,6,27,7,8,43,33,15,2,3,2,2,3,2,3,12,13,12,15,15,25,52,35,0,1,3,6,2,1,12,12,8,8,12,20,19,28,29,2,3,7,14,29,2,2,2,2,2,2,1,1,1,4,4,3,14,12,12
767,10,0,0,2,0,4,5,10,8,6,27,20,19,5,29,50,2,3,2,2,3,2,3,12,13,12,15,27,2,19,2,0,1,3,6,2,1,12,12,8,8,12,20,49,52,14,2,3,7,14,30,2,2,2,2,2,2,1,1,1,4,4,3,19,21,18
768,3,1,2,0,1,2,0,11,4,7,19,17,24,36,52,10,1,2,0,1,2,0,1,4,0,1,11,22,28,25,34,2,2,2,5,6,3,5,5,3,4,19,23,2,1,1,1,1,2,3,6,1,1,1,1,1,1,0,0,0,3,10,9,37,31,33
769,4,1,2,0,1,2,0,1,7,7,11,3,26,33,16,35,1,2,0,1,2,0,1,4,0,1,4,22,53,48,17,2,2,2,5,6,3,5,5,3,4,19,23,23,1,1,1,1,2,4,12,1,1,1,1,1,1,0,0,0,11,2,18,43,53,41
770,2,3,3,1,3,6,1,9,10,1,8,21,1,11,22,45,0,1,1,6,1,1,8,11,9,25,13,9,21,31,50,1,0,0,4,4,5,8,7,6,2,26,0,7,34,20,4,7,12,23,44,0,0,0,0,0,0,2,4,5,25,24,25,27,27,26
771,3,1,2,0,1,2,0,1,5,7,23,17,11,1,30,26,1,2,0,1,2,0,1,4,0,23,16,13,33,51,30,2,2,2,5,6,3,5,5,3,24,0,26,2,1,1,1,1,2,3,6,1,1,1,1,1,1,0,0,0,24,23,24,18,19,21
772,11,0,0,2,0,4,5,12,3,6,3,7,4,38,46,9,2,3,2,2,3,2,3,2,2,2,2,2,44,43,16,0,1,3,6,2,1,3,9,4,16,4,8,3,7,2,2,3,7,13,28,2,2,2,2,2,2,1,1,1,1,1,2,23,15,25
773,11,0,0,2,0,4,5,12,3,6,3,7,4,38,48,5,2,3,2,2,3,2,3,2,2,2,2,2,16,39,44,0,1,3,6,2,1,3,9,4,16,4,8,3,7,2,2,3,7,13,28,2,2,2,2,2,2,1,1,1,1,1,2,23,15,25
774,7,3,3,1,3,6,1,8,10,8,18,1,22,27,38,26,0,1,1,6,1,1,2,8,1,20,6,23,50,13,25,1,0,0,4,4,5,1,7,13,17,10,22,24,49,45,4,7,13,25,50,0,0,0,0,0,0,7,7,8,5,24,25,27,27,26
775,7,3,3,1,3,6,1,8,10,8,18,25,22,19,34,4,0,1,1,6,1,1,2,8,1,15,24,1,13,21,1,1,0,0,4,4,5,1,7,13,13,17,10,8,20,47,4,7,13,25,48,0,0,0,0,0,0,7,7,8,5,5,5,7,6,7
776,10,0,0,2,0,4,5,10,3,6,27,7,8,43,29,50,2,3,2,2,3,2,3,12,13,12,15,27,38,54,51,0,1,3,6,2,1,12,12,8,8,12,20,49,52,14,2,3,7,14,30,2,2,2,2,2,2,1,1,1,4,4,3,46,12,12
777,7,3,3,1,3,6,1,8,10,8,18,25,22,19,34,4,0,1,1,6,1,1,2,8,1,15,24,1,13,21,1,1,0,0,4,4,5,1,7,13,13,17,10,8,20,47,4,7,13,24,47,0,0,0,0,0,0,7,7,8,5,5,5,7,6,7
778,7,3,3,1,3,6,1,8,12,8,18,25,22,54,34,4,0,1,1,6,1,1,2,8,1,15,24,1,54,21,1,1,0,0,4,4,5,1,7,13,13,17,10,8,20,47,4,7,13,24,47,0,0,0,0,0,0,7,7,8,5,5,5,7,6,7
779,2,3,3,1,3,6,1,8,9,4,20,11,13,4,12,45,0,1,1,6,1,1,8,11,9,25,13,9,21,31,50,1,0,0,4,4,5,5,7,3,2,26,0,7,34,20,4,7,14,27,54,0,0,0,0,0,0,2,4,5,18,14,19,12,14,10
780,6,3,3,1,3,6,3,0,9,2,25,26,15,45,31,37,0,1,1,0,6,5,0,13,5,14,25,5,15,17,6,1,0,0,0,5,0,13,2,2,19,15,14,13,16,7,4,7,14,26,53,0,0,0,5,5,4,3,2,3,10,12,11,32,30,35
781,9,3,3,2,5,3,4,6,6,10,2,23,20,17,8,16,0,1,1,6,1,1,8,1,8,24,18,21,27,22,21,1,0,0,4,4,5,5,7,3,26,21,25,50,8,32,3,5,10,18,35,0,0,0,0,0,0,10,8,10,16,19,16,26,25,23
782,6,3,3,1,3,6,3,0,11,11,26,4,27,42,14,25,0,1,1,0,6,5,0,7,5,0,17,11,47,53,11,1,0,0,0,5,0,4,8,1,9,8,13,17,5,15,4,6,11,21,40,0,0,0,5,5,4,9,10,3,9,11,10,3,2,1
783,2,3,3,1,3,6,1,9,10,1,8,18,1,22,37,11,0,1,1,6,1,1,8,11,9,11,10,18,7,41,9,1,0,0,4,4,5,8,11,6,1,2,2,10,12,0,4,7,12,23,45,0,0,0,0,0,0,2,4,5,7,8,7,2,1,2
784,9,3,1,2,6,1,4,4,1,5,9,10,7,39,13,28,3,1,3,3,5,3,4,3,3,3,3,3,3,3,3,3,3,1,2,3,2,6,10,7,3,3,6,11,11,3,3,4,8,15,31,3,0,3,6,6,6,11,11,11,17,17,17,9,11,11
785,14,2,0,3,2,5,6,7,5,13,23,22,2,30,39,39,1,0,0,5,4,4,10,6,4,21,14,17,14,18,41,2,2,2,3,1,4,0,6,9,12,9,4,4,10,52,1,2,4,9,21,1,1,1,3,3,3,8,9,9,8,9,8,4,5,4
786,6,3,3,1,3,6,3,0,11,2,25,4,15,0,42,37,0,1,1,0,6,5,0,13,5,14,5,5,15,33,55,1,0,0,0,5,0,13,2,2,15,20,12,29,50,51,4,6,11,22,43,0,0,0,5,5,4,3,2,3,10,12,11,20,20,16
787,4,1,2,0,1,2,0,1,7,7,1,3,26,8,16,55,1,2,0,1,2,0,1,4,0,8,19,20,30,12,32,2,2,2,5,6,3,5,5,3,20,25,3,28,30,22,1,1,2,4,11,1,1,1,1,1,1,0,0,0,19,2,12,28,24,27
788,5,1,2,0,1,2,0,2,2,0,24,27,12,50,51,13,1,2,0,1,2,0,11,4,11,26,20,10,12,10,13,2,2,2,5,6,3,2,3,12,10,11,17,12,45,16,1,1,1,1,2,1,1,1,1,1,1,0,0,0,3,7,6,15,10,6
789,3,1,2,0,1,0,2,11,4,3,6,16,18,26,52,24,1,2,0,1,2,0,1,4,0,1,4,22,35,48,17,2,2,2,5,6,3,5,5,3,4,19,23,32,29,18,1,1,2,2,5,1,1,1,1,1,1,0,0,0,13,10,9,13,16,24
790,4,1,2,0,1,2,0,1,7,7,11,3,26,8,16,55,1,2,0,1,2,0,1,4,0,8,19,20,11,46,22,2,2,2,5,6,3,5,5,3,20,25,3,6,9,1,1,1,2,4,11,1,1,1,1,1,1,0,0,0,19,2,12,28,24,27
791,10,0,0,2,0,4,5,13,8,6,4,20,19,5,29,23,2,3,2,2,3,2,3,2,2,2,2,2,38,54,51,0,1,3,6,2,1,3,9,4,16,4,8,49,52,14,2,3,7,14,30,2,2,2,2,2,2,1,1,1,1,1,2,10,46,32
792,14,2,2,3,2,5,6,7,5,13,7,12,2,26,7,27,1,0,0,5,4,4,6,6,4,5,7,4,48,30,53,2,2,2,3,1,4,0,6,9,11,19,24,5,6,48,1,2,5,11,24,1,1,1,3,3,3,5,5,4,0,3,0,45,48,48
793,13,2,0,3,2,5,6,7,13,13,7,12,14,35,7,31,1,0,0,5,4,4,6,6,4,5,23,24,26,24,29,2,2,2,3,1,4,0,6,9,18,22,21,14,25,31,1,2,4,9,21,1,1,1,3,3,3,5,5,4,0,25,0,24,22,19
794,5,1,2,0,1,2,0,2,4,0,17,8,17,20,17,22,1,2,0,1,2,0,11,4,11,13,20,26,37,44,36,2,2,2,5,6,3,2,3,12,10,11,17,45,37,33,1,1,1,1,1,1,1,1,1,1,1,0,0,0,3,7,6,21,31,6
795,3,1,2,0,4,0,2,11,4,3,6,17,18,37,52,24,1,2,0,1,2,0,1,4,0,1,4,22,35,48,17,2,2,2,5,6,3,5,5,3,4,19,23,32,29,18,1,1,2,4,10,1,1,1,1,1,1,0,0,0,13,10,9,13,16,24
796,3,1,2,0,1,2,0,1,7,7,6,17,24,37,30,24,1,2,0,1,2,0,1,4,0,23,16,13,18,51,30,2,2,2,5,6,3,5,5,3,24,0,26,32,29,18,1,1,2,2,4,1,1,1,1,1,1,0,0,0,24,23,24,18,19,21
797,6,3,3,1,3,6,3,0,11,11,26,4,27,12,14,32,0,1,1,0,6,5,0,7,5,0,17,11,47,53,52,1,0,0,0,5,0,4,8,1,9,8,13,52,40,13,4,6,11,21,39,0,0,0,5,5,4,9,10,3,9,11,10,3,2,1
798,2,3,3,1,3,6,1,9,10,1,8,9,1,22,37,1,0,1,1,6,1,1,8,11,9,11,10,18,49,7,9,1,0,0,4,4,5,8,11,6,1,2,2,10,12,0,4,7,12,23,46,0,0,0,0,0,0,2,4,5,7,8,7,2,1,2
799,1,3,3,1,5,3,1,8,9,12,0,26,13,46,55,16,0,1,1,6,1,1,13,5,12,9,12,12,9,29,27,1,0,0,4,4,5,5,7,3,0,13,7,55,14,44,4,7,14,26,52,0,0,0,0,0,4,3,2,7,6,6,4,5,3,3
800,12,2,0,3,2,5,6,7,13,13,7,19,14,21,2,14,1,0,0,5,4,4,6,6,4,5,7,4,48,30,53,2,2,2,3,1,4,0,6,9,11,1,24,5,6,48,1,2,3,8,19,1,1,1,3,3,3,5,5,4,0,3,0,0,0,0
801,7,3,3,1,5,3,1,6,6,8,0,21,22,27,24,16,0,1,1,6,1,1,2,8,1,20,6,25,32,13,25,1,0,0,4,4,5,1,7,13,17,10,22,16,43,26,4,7,13,25,48,0,0,0,0,0,0,7,7,8,25,24,25,27,27,26
802,3,1,2,0,1,0,2,1,7,7,6,17,18,37,30,24,1,2,0,1,2,0,1,4,0,1,4,22,53,48,17,2,2,2,5,6,3,5,5,3,24,19,26,23,29,18,1,1,2,2,5,1,1,1,1,1,1,0,0,0,13,10,9,30,28,41
803,8,3,3,2,5,3,4,3,6,9,2,23,9,29,5,8,0,1,1,4,6,1,7,9,7,19,22,7,17,45,15,1,0,0,4,4,5,11,1,0,24,0,26,40,55,41,3,5,10,20,37,0,0,0,0,0,0,6,6,6,12,13,13,6,9,8
804,14,2,0,3,2,5,6,7,5,13,23,22,2,6,40,2,1,0,0,5,4,4,10,6,4,21,14,17,14,18,14,2,2,2,3,1,4,0,6,9,12,9,4,4,10,52,1,2,4,9,20,1,1,1,3,3,3,8,9,9,8,9,8,4,5,4
805,1,3,3,1,3,6,1,8,9,12,0,26,13,46,55,54,0,1,1,6,1,1,13,5,12,9,12,12,9,29,27,1,0,0,4,4,5,5,7,3,0,13,7,55,14,44,4,7,14,26,52,0,0,0,0,0,4,3,2,7,6,6,4,5,3,3
806,9,3,3,2,5,3,4,6,6,10,2,23,20,2,44,49,0,1,1,6,1,1,8,1,8,25,13,21,41,11,24,1,0,0,4,4,5,5,7,3,2,26,0,53,47,30,3,5,10,18,34,0,0,0,0,0,0,10,4,10,16,16,16,39,41,43
807,9,3,3,2,5,3,4,6,6,10,2,23,20,2,44,49,0,1,1,6,1,1,8,1,8,25,13,21,41,11,24,1,0,0,4,4,5,5,7,3,2,26,0,53,47,30,3,5,10,18,34,0,0,0,0,0,0,10,4,10,16,16,16,39,41,43
808,14,2,0,3,2,5,6,7,5,13,23,22,2,6,40,2,1,0,0,5,4,4,10,6,4,21,14,17,14,18,14,2,2,2,3,1,4,0,6,9,12,9,4,4,10,52,1,2,4,9,20,1,1,1,3,3,3,8,9,9,8,9,8,4,5,4
809,1,3,3,1,3,6,1,8,9,12,15,26,13,46,55,54,0,1,1,6,1,1,13,5,12,9,12,12,9,29,27,1,0,0,4,4,5,5,7,3,0,13,7,55,14,44,4,7,14,26,52,0,0,0,0,0,4,3,2,7,6,6,4,5,3,3
810,1,3,3,1,3,6,1,8,9,12,15,26,13,46,55,38,0,1,1,6,1,1,13,5,12,9,12,12,9,29,27,1,0,0,4,4,5,5,7,3,0,13,7,55,14,44,4,7,14,26,53,0,0,0,0,0,4,3,2,7,6,6,4,5,3,3
811,14,3,3,1,3,6,1,8,9,8,20,14,22,18,23,52,0,1,1,6,1,1,13,1,8,16,1,14,34,35,40,1,0,0,4,4,5,5,7,3,0,13,7,0,32,39,4,7,14,28,56,0,0,0,0,0,0,2,8,7,20,21,21,31,29,34
812,5,1,2,0,1,2,0,1,2,7,13,3,25,23,3,26,1,2,0,1,2,0,1,4,0,23,16,13,45,27,43,2,2,2,5,6,3,5,5,3,24,0,26,26,21,25,1,1,2,6,14,1,1,1,1,1,1,0,0,0,24,23,24,18,19,21
813,11,0,0,2,0,4,5,12,3,6,3,7,4,38,48,5,2,3,2,2,3,2,3,2,2,2,2,2,44,43,16,0,1,3,6,2,1,3,9,4,16,4,8,27,36,36,2,3,7,13,28,2,2,2,2,2,2,1,1,1,1,1,2,8,8,17
814,10,0,0,2,0,4,5,13,8,6,4,20,19,44,26,7,2,3,2,2,3,2,3,12,13,17,26,19,22,16,20,0,1,3,6,2,1,10,4,10,21,18,19,9,22,37,2,3,6,12,25,2,2,2,2,2,2,13,13,13,23,22,23,25,23,22
815,5,1,2,0,1,2,0,1,2,0,13,3,25,25,47,48,1,2,0,1,2,0,1,4,0,23,16,13,18,46,30,2,2,2,5,6,3,5,5,3,24,0,26,2,1,1,1,1,2,6,15,1,1,1,1,1,1,0,0,0,19,2,12,28,24,27
816,14,3,3,2,5,3,4,6,6,10,2,23,20,17,8,16,0,1,1,6,1,1,13,1,8,16,1,14,34,35,40,1,0,0,4,4,5,5,7,3,26,21,25,0,1,39,3,5,10,18,35,0,0,0,0,0,0,10,8,10,20,19,21,31,29,34
817,11,0,0,2,0,4,5,12,3,6,3,7,4,47,48,5,2,3,2,2,3,2,3,2,2,2,2,2,43,2,42,0,1,3,6,2,1,3,9,4,16,4,8,27,36,36,2,3,7,13,28,2,2,2,2,2,2,1,1,1,1,1,2,8,8,9
818,1,3,3,1,3,6,1,8,9,12,15,26,11,45,49,54,0,1,1,6,1,1,13,5,12,9,12,12,9,29,48,1,0,0,4,4,5,5,7,3,24,0,26,46,39,42,4,7,14,26,53,0,0,0,0,0,4,3,2,7,6,6,4,38,36,38
819,12,2,0,3,4,0,2,5,0,3,14,19,23,53,20,44,1,0,0,1,0,6,5,0,6,6,0,6,31,0,26,2,2,2,3,1,4,7,0,5,6,7,11,1,3,5,1,2,3,8,18,1,1,1,4,4,5,4,3,2,2,0,1,1,4,28
820,13,2,0,3,2,5,6,7,13,13,7,2,14,21,2,14,1,0,0,5,4,4,6,6,4,5,7,4,48,30,4,2,2,2,3,1,4,0,6,9,11,1,24,5,6,48,1,2,5,11,24,1,1,1,3,3,3,5,5,4,0,3,0,0,0,0
821,11,0,0,2,0,4,5,12,3,6,3,7,4,47,48,5,2,3,2,2,3,2,3,2,2,2,2,2,44,43,16,0,1,3,6,2,1,3,9,4,16,4,8,27,36,36,2,3,7,13,28,2,2,2,2,2,2,1,1,1,1,1,2,8,8,17
822,6,3,3,1,3,6,3,0,11,11,26,4,27,42,14,25,0,1,1,0,6,5,0,7,5,0,17,11,47,53,11,1,0,0,0,5,0,4,8,1,9,8,13,17,5,15,4,6,11,21,40,0,0,0,5,5,4,9,10,3,9,11,10,3,2,1
823,11,0,0,2,0,4,5,12,3,6,3,7,4,38,48,5,2,3,2,2,3,2,3,2,2,2,2,2,44,43,16,0,1,3,6,2,1,3,9,4,16,4,8,27,36,36,2,3,7,13,28,2,2,2,2,2,2,1,1,1,1,1,2,8,8,17
824,14,2,0,3,2,5,6,7,5,13,23,22,2,6,40,2,1,0,0,5,4,4,10,6,4,21,14,17,14,18,14,2,2,2,3,1,4,5,6,3,12,9,4,4,10,52,1,1,2,3,8,1,1,1,3,3,3,8,9,9,8,9,8,4,5,4
825,14,3,0,1,3,6,1,8,9,12,20,14,13,18,1,52,0,1,1,6,1,1,13,1,8,16,1,14,34,35,40,1,0,0,4,4,5,5,7,3,0,13,7,2,1,1,4,7,14,28,56,0,0,0,0,0,0,2,8,7,20,21,21,31,29,34
826,5,1,2,0,1,2,0,11,4,0,17,8,17,25,17,53,1,2,0,1,2,0,1,4,0,27,11,20,24,23,22,2,2,2,5,6,3,5,5,3,4,19,23,38,4,6,1,1,1,1,1,1,1,1,1,1,1,0,0,0,3,7,6,21,31,39
827,6,3,3,1,3,6,3,0,11,11,26,4,27,42,14,25,0,1,1,0,6,5,0,7,5,0,17,11,47,53,11,1,0,0,0,5,0,4,8,1,9,8,13,17,5,15,4,6,11,21,39,0,0,0,5,5,4,9,10,3,9,11,10,3,2,1
828,2,3,3,1,3,6,1,9,10,1,0,18,1,22,22,11,0,1,1,6,1,1,8,11,9,11,10,9,49,7,50,1,0,0,4,4,5,8,11,6,1,2,2,2,1,1,4,7,12,23,45,0,0,0,0,0,0,2,4,5,7,8,7,27,1,26
829,7,3,3,1,3,6,1,8,10,8,18,25,22,19,34,4,0,1,1,6,1,1,2,8,1,15,24,1,13,21,1,1,0,0,4,4,5,1,7,13,13,17,10,8,20,47,4,7,13,24,47,0,0,0,0,0,0,7,7,8,5,5,5,7,6,7
830,7,3,3,1,3,6,1,8,9,8,0,1,20,2,1,16,0,1,1,6,1,1,2,8,1,15,6,23,20,37,28,1,0,0,4,4,5,1,7,13,0,13,7,2,1,9,4,7,13,25,49,0,0,0,0,0,0,7,7,8,5,5,5,34,34,37
831,12,2,0,3,4,0,2,5,0,3,14,13,21,41,36,42,1,0,0,1,0,6,5,0,6,6,0,6,31,0,39,2,2,2,3,1,4,7,0,5,6,7,11,1,3,5,1,2,3,8,19,1,1,1,4,4,5,4,3,2,2,0,1,11,7,5
832,2,3,3,1,3,6,1,8,9,12,16,26,13,46,49,54,0,1,1,6,1,1,13,5,12,9,12,12,9,29,27,1,0,0,4,4,5,5,7,3,0,13,7,55,14,44,4,7,14,26,53,0,0,0,0,0,4,3,2,7,6,6,4,5,3,3
833,9,3,3,2,5,3,4,6,6,10,22,6,3,15,43,19,0,1,1,4,6,1,9,10,10,10,8,8,10,14,10,1,0,0,1,0,6,9,13,11,14,6,9,15,19,8,3,5,9,16,32,0,3,0,0,0,0,12,12,12,21,20,20,17,17,14
834,2,3,3,1,3,6,1,9,10,1,8,18,1,22,22,11,0,1,1,6,1,1,8,11,9,25,13,9,21,31,50,1,0,0,4,4,5,8,11,6,2,26,0,54,35,21,4,7,12,23,44,0,0,0,0,0,0,2,4,5,7,8,7,2,1,10
835,13,2,0,3,2,5,6,7,13,13,7,12,14,21,2,27,1,0,0,5,4,4,6,6,4,5,7,4,5,30,54,2,2,2,3,1,4,0,6,9,11,1,24,5,6,48,1,2,5,11,24,1,1,1,3,3,3,5,5,4,0,3,0,0,0,0
836,6,3,3,1,3,6,3,0,11,2,25,4,15,0,31,37,0,1,1,0,6,5,0,13,5,14,25,5,15,17,6,1,0,0,0,5,0,13,2,2,19,15,14,13,16,7,4,6,11,22,42,0,0,0,5,5,4,3,2,3,10,12,11,32,30,35
837,5,1,2,0,1,2,0,2,2,0,5,27,12,50,25,13,1,2,0,1,2,0,11,4,11,26,20,10,12,10,13,2,2,2,5,6,3,2,3,12,10,11,17,12,45,16,1,1,1,1,2,1,1,1,1,1,1,0,0,0,3,7,6,15,10,6
838,13,2,0,3,2,5,6,7,13,13,7,12,14,10,7,27,1,0,0,5,4,4,6,6,4,5,7,4,5,30,54,2,2,2,3,1,4,0,6,9,11,1,24,5,6,48,1,2,5,11,24,1,1,1,3,3,3,5,5,4,0,3,0,0,0,0
839,14,3,3,1,3,6,1,8,9,12,20,14,13,18,23,52,0,1,1,6,1,1,13,1,8,16,1,14,34,35,40,1,0,0,4,4,5,5,7,3,0,13,7,0,32,39,4,7,13,25,50,0,0,0,0,0,0,2,8,7,20,21,21,31,29,34
840,3,1,2,0,1,2,0,1,7,7,19,17,24,49,30,33,1,2,0,1,2,0,1,4,0,23,16,13,33,34,18,2,2,2,5,6,3,5,5,3,24,0,26,2,1,1,1,1,2,7,16,1,1,1,1,1,1,0,0,0,26,26,26,44,45,45
841,2,3,3,1,3,6,1,8,9,4,20,11,13,4,12,45,0,1,1,6,1,1,8,11,9,25,13,9,21,31,50,1,0,0,4,4,5,5,7,3,2,26,0,7,34,20,4,7,14,27,54,0,0,0,0,0,0,2,4,5,18,14,19,12,14,10
842,3,1,2,0,1,2,0,11,4,0,24,17,18,30,27,10,1,2,0,1,2,0,1,4,0,1,27,22,1,4,46,2,2,2,5,6,3,5,5,3,4,19,23,23,4,1,1,1,2,3,6,1,1,1,1,1,1,0,0,0,13,10,9,13,43,36
843,7,3,3,1,3,6,1,8,10,8,18,25,22,19,34,4,0,1,1,6,1,1,2,8,1,15,24,1,13,21,1,1,0,0,4,4,5,1,7,13,13,17,10,8,20,47,4,7,13,24,47,0,0,0,0,0,0,7,7,8,5,5,5,7,6,7
844,5,1,2,0,1,2,0,1,4,0,1,8,18,1,47,48,1,2,0,1,2,0,1,4,0,8,19,20,30,12,32,2,2,2,5,6,3,5,5,3,20,25,3,28,30,22,1,1,2,3,8,1,1,1,1,1,1,0,0,0,19,2,12,28,24,27
845,6,3,3,1,3,6,3,0,11,11,26,4,27,42,14,25,0,1,1,0,6,5,0,7,5,0,17,11,42,32,11,1,0,0,0,5,0,4,8,1,27,23,18,47,26,34,4,6,11,21,40,0,0,0,5,5,4,9,10,3,9,11,10,3,2,1
846,13,2,0,3,2,5,6,7,13,13,12,2,14,35,15,43,1,0,0,5,4,4,6,6,4,5,23,24,26,24,29,2,2,2,3,1,4,0,6,9,18,22,21,14,25,31,1,2,5,10,22,1,1,1,3,3,3,5,5,4,0,25,0,24,22,19
847,4,1,2,0,1,2,0,1,7,7,11,3,26,49,3,26,1,2,0,1,2,0,1,4,0,22,16,0,18,51,0,2,2,2,5,6,3,5,5,3,7,27,5,23,1,1,1,1,2,4,12,1,1,1,1,1,1,0,0,0,14,18,14,29,28,30
848,4,1,2,0,1,2,0,11,4,0,21,16,6,9,54,53,1,2,0,1,2,0,1,4,0,27,11,20,24,23,23,2,2,2,5,6,3,5,5,3,4,19,23,38,4,6,1,1,2,4,9,1,1,1,1,1,1,0,0,0,11,2,18,22,18,20
849,7,3,3,1,3,6,1,2,10,8,18,25,22,19,35,4,0,1,1,6,1,1,2,8,1,15,24,1,13,21,1,1,0,0,4,4,5,1,7,13,13,17,10,8,20,47,4,7,13,24,47,0,0,0,0,0,0,7,7,8,5,5,5,7,6,7
850,9,3,1,2,6,1,4,4,1,5,9,10,7,39,13,28,3,1,3,3,5,3,4,3,3,3,3,3,3,3,3,3,3,1,2,3,2,6,10,7,3,3,6,11,11,3,3,4,8,15,31,3,0,3,6,6,6,11,11,11,17,17,17,9,11,11
851,4,1,2,0,1,2,0,1,7,7,11,3,11,49,30,33,1,2,0,1,2,0,1,4,0,23,16,13,33,34,18,2,2,2,5,6,3,5,5,3,24,0,26,46,39,42,1,1,2,7,17,1,1,1,1,1,1,0,0,0,26,26,26,38,36,38
852,6,3,3,1,3,6,3,0,11,11,26,4,27,12,14,32,0,1,1,0,6,5,0,7,5,0,17,11,0,9,52,1,0,0,0,5,0,4,8,1,9,8,13,18,0,53,4,6,11,21,39,0,0,0,5,5,4,9,10,3,9,11,10,3,2,1
853,8,3,3,2,5,3,4,6,12,9,10,15,20,32,19,12,0,1,1,4,6,1,12,9,7,7,9,16,8,20,7,1,0,0,4,4,5,5,1,0,22,16,15,43,38,28,3,5,10,17,33,0,0,0,0,0,0,6,6,6,15,15,15,16,13,13
854,7,3,3,1,3,6,1,8,9,8,18,1,22,52,50,4,0,1,1,6,1,1,2,8,1,15,6,23,20,37,28,1,0,0,4,4,5,5,7,3,2,26,0,36,18,50,4,7,13,25,49,0,0,0,0,0,0,7,7,8,5,5,5,34,34,37
855,5,1,2,0,1,2,0,2,2,0,5,27,12,25,17,13,1,2,0,1,2,0,11,4,11,13,20,26,37,44,36,2,2,2,5,6,3,2,3,12,10,11,17,12,45,16,1,1,1,1,2,1,1,1,1,1,1,0,0,0,3,7,6,15,10,6
856,4,1,2,0,1,2,0,11,7,7,21,16,6,33,16,35,1,2,0,1,2,0,1,4,0,27,19,20,24,46,23,2,2,2,5,6,3,5,5,3,4,19,23,6,9,6,1,1,2,4,10,1,1,1,1,1,1,0,0,0,11,2,18,22,18,20
857,11,0,0,2,0,4,5,13,8,6,4,20,19,34,4,23,2,3,2,2,3,2,3,2,2,2,2,2,43,2,42,0,1,3,6,2,1,3,9,4,16,4,8,49,52,14,2,3,6,12,26,2,2,2,2,2,2,1,1,1,1,1,2,10,8,9
858,9,3,3,2,5,3,4,6,12,9,10,24,20,40,18,49,0,1,1,4,6,1,12,9,7,7,9,16,23,49,47,1,0,0,4,4,5,5,7,3,5,24,27,20,42,23,3,5,10,20,38,0,0,0,0,0,0,10,8,10,22,16,22,41,35,15
859,10,0,0,2,0,4,5,13,8,6,4,20,8,16,32,15,2,3,2,2,3,2,3,12,13,12,15,15,25,52,35,0,1,3,6,2,1,12,12,8,8,12,20,19,28,29,2,3,6,12,27,2,2,2,2,2,2,1,1,1,4,4,3,14,12,12
860,5,1,2,0,1,2,0,2,2,0,24,27,12,20,51,22,1,2,0,1,2,0,11,4,11,26,20,10,12,10,13,2,2,2,5,6,3,2,3,12,4,19,23,2,1,1,1,1,1,1,2,1,1,1,1,1,1,0,0,0,3,7,6,15,10,6
861,14,2,0,3,2,5,6,7,5,13,23,22,2,30,40,39,1,0,0,5,4,4,10,6,4,21,14,17,14,18,14,2,2,2,3,1,4,0,6,9,12,9,4,4,10,52,1,2,4,9,21,1,1,1,3,3,3,8,9,9,8,9,8,4,5,4
862,7,3,3,1,3,6,1,8,10,8,18,25,22,19,34,4,0,1,1,6,1,1,2,8,1,15,24,1,13,21,1,1,0,0,4,4,5,1,7,13,13,17,10,8,20,47,4,7,13,24,47,0,0,0,0,0,0,7,7,8,5,5,5,7,6,7
863,8,3,3,2,5,3,4,6,12,9,10,15,20,32,19,12,0,1,1,4,6,1,12,9,7,7,9,16,8,20,7,1,0,0,4,4,5,11,1,0,22,16,15,39,23,55,3,5,10,17,33,0,0,0,0,0,0,6,6,6,15,15,15,16,13,13
864,12,2,0,3,4,0,2,5,0,3,14,13,23,53,20,44,1,0,0,1,0,6,5,0,6,6,0,6,31,0,26,2,2,2,3,1,4,7,0,5,6,7,11,1,3,5,1,2,3,8,18,1,1,1,4,4,5,4,3,2,2,0,1,1,7,28
865,14,2,0,3,2,5,6,7,5,13,23,5,2,30,45,18,0,1,1,4,6,1,9,10,10,10,8,8,10,14,10,1,0,0,4,4,5,5,7,3,4,19,23,2,1,1,1,2,4,9,21,0,3,0,0,0,0,12,12,12,21,20,20,17,17,14
866,5,1,2,0,1,2,0,2,2,0,17,8,17,20,17,22,1,2,0,1,2,0,11,4,11,26,20,26,37,44,36,2,2,2,5,6,3,2,3,12,10,11,17,45,37,33,1,1,1,1,1,1,1,1,1,1,1,0,0,0,3,7,6,21,10,6
867,6,3,3,1,3,6,3,0,11,11,26,4,27,42,14,25,0,1,1,0,6,5,0,7,5,0,17,11,42,32,11,1,0,0,0,5,0,4,8,1,27,23,18,47,26,34,4,6,11,21,40,0,0,0,5,5,4,9,10,3,9,11,10,3,2,1
868,10,0,0,2,0,4,5,13,8,6,4,20,19,44,26,7,2,3,2,2,3,2,3,12,13,17,26,19,22,16,20,0,1,3,6,2,1,10,4,10,21,18,19,9,22,37,2,3,6,12,25,2,2,2,2,2,2,13,13,13,23,22,23,25,23,22
869,8,3,3,1,5,3,4,6,12,9,10,15,20,32,19,12,0,1,1,4,6,1,12,9,7,7,9,16,8,20,7,1,0,0,4,4,5,5,1,0,22,16,15,43,23,55,3,5,10,17,33,0,0,0,0,0,0,6,6,6,15,15,15,16,13,13
870,3,1,2,0,1,2,0,11,4,7,19,17,24,14,52,10,1,2,0,1,2,0,1,4,0,1,4,22,35,48,17,2,2,2,5,6,3,5,5,3,4,19,23,32,29,18,1,1,2,3,6,1,1,1,1,1,1,0,0,0,13,10,9,13,16,24
871,5,1,2,0,1,2,0,1,2,0,13,8,16,23,3,26,1,2,0,1,2,0,1,4,0,23,16,13,45,27,43,2,2,2,5,6,3,5,5,3,24,0,26,26,21,25,1,1,2,6,15,1,1,1,1,1,1,0,0,0,24,23,24,18,19,21
872,4,1,2,0,1,2,0,1,7,7,11,3,26,8,16,55,1,2,0,1,2,0,1,4,0,8,19,20,18,46,22,2,2,2,5,6,3,5,5,3,4,19,23,6,9,6,1,1,2,4,11,1,1,1,1,1,1,0,0,0,11,2,12,43,33,41
873,3,2,2,3,2,5,6,7,5,13,24,17,2,30,27,26,1,2,0,1,2,0,1,4,0,23,16,13,33,51,30,2,2,2,5,6,3,5,5,3,4,19,23,23,4,1,1,1,2,3,6,1,1,1,1,1,1,0,0,0,24,23,24,18,43,21
874,2,3,3,2,5,3,4,6,6,4,20,11,20,4,12,51,0,1,1,6,1,1,8,1,8,4,18,21,4,47,49,1,0,0,4,4,5,5,7,3,5,24,27,20,42,23,1,1,2,5,13,0,0,0,0,0,0,10,8,10,22,16,22,41,35,15
875,7,3,3,1,3,6,1,8,9,8,18,1,13,27,38,51,0,1,1,6,1,1,2,1,1,20,6,23,50,37,28,1,0,0,4,4,5,5,7,3,0,19,7,24,49,45,4,7,13,25,50,0,0,0,0,0,0,7,7,8,5,5,5,48,47,49
876,13,2,0,3,2,5,6,7,13,13,7,12,14,10,7,31,1,0,0,5,4,4,6,6,4,5,7,4,5,30,54,2,2,2,3,1,4,0,6,9,11,1,24,5,6,48,1,2,5,11,24,1,1,1,3,3,3,5,5,4,0,3,0,0,0,0
877,14,3,3,1,3,6,1,8,9,4,20,14,13,18,23,52,0,1,1,6,1,1,13,1,8,16,1,14,34,35,40,1,0,0,4,4,5,5,7,3,0,13,7,0,32,39,4,7,14,28,56,0,0,0,0,0,0,2,8,7,20,21,21,31,29,34
878,5,3,3,1,3,6,1,8,9,4,20,21,13,48,24,45,0,1,1,6,1,1,2,8,1,20,6,25,32,13,25,1,0,0,4,4,5,1,7,13,17,10,22,16,43,26,4,7,12,23,44,0,0,0,0,0,0,7,7,8,25,24,25,27,27,26
879,5,1,2,0,1,2,0,2,2,0,5,8,0,25,17,48,1,2,0,1,2,0,1,4,11,13,11,26,37,44,36,2,2,2,5,6,3,5,5,3,4,19,23,38,53,54,1,1,1,1,1,1,1,1,1,1,1,0,0,0,3,7,6,35,39,31
880,10,0,0,2,0,4,5,13,8,6,4,20,19,5,21,23,2,3,2,2,3,2,3,12,13,12,15,27,2,19,2,0,1,3,6,2,1,12,12,8,8,12,20,49,52,14,2,3,6,12,26,2,2,2,2,2,2,1,1,1,4,4,3,14,12,12
881,7,3,3,1,3,6,1,8,10,8,18,25,22,19,34,4,0,1,1,6,1,1,2,8,1,15,24,1,13,21,1,1,0,0,4,4,5,1,7,13,13,17,10,8,20,47,4,7,13,24,47,0,0,0,0,0,0,7,7,8,5,5,5,7,6,7
882,11,0,0,2,0,4,5,13,8,6,4,20,19,34,4,23,2,3,2,2,3,2,3,2,2,2,2,2,43,2,42,0,1,3,6,2,1,3,9,4,16,4,8,49,52,14,2,3,6,12,26,2,2,2,2,2,2,1,1,1,1,1,2,10,15,9
883,8,3,3,2,5,3,4,6,6,10,2,15,10,17,8,6,0,1,1,4,1,1,8,1,8,24,18,21,27,22,21,1,0,0,4,4,5,5,7,3,26,21,25,2,8,32,3,5,10,17,33,0,0,0,0,0,0,10,8,10,16,19,16,26,25,23
884,6,3,3,1,3,6,3,0,11,11,26,4,27,42,14,32,0,1,1,0,6,5,0,7,5,0,17,11,47,53,52,1,0,0,0,5,0,4,8,1,9,8,13,17,5,15,4,6,11,21,39,0,0,0,5,5,4,9,10,3,9,11,10,3,2,1
885,14,2,0,3,2,5,6,7,5,13,23,22,2,6,40,2,1,0,0,5,4,4,10,6,4,21,14,17,14,18,41,2,2,2,3,1,4,0,6,9,12,9,4,4,10,52,1,2,4,9,20,1,1,1,3,3,3,8,9,9,8,9,8,4,5,4
886,14,2,0,3,2,5,6,7,5,13,23,22,2,30,40,39,1,0,0,5,4,4,10,6,4,21,14,17,14,18,41,2,2,2,3,1,4,5,6,3,12,9,4,4,10,52,1,2,4,9,20,1,1,1,3,3,3,8,9,9,8,9,8,4,5,4
887,10,0,0,2,0,4,5,10,3,6,27,7,8,43,33,15,2,3,2,2,3,2,3,12,13,12,15,15,25,52,35,0,1,3,6,2,1,12,12,8,8,12,20,19,28,29,2,3,7,14,29,2,2,2,2,2,2,1,1,1,4,4,3,14,12,12
888,1,3,3,1,3,6,1,8,9,12,15,26,13,46,55,21,0,1,1,0,6,5,0,13,5,14,5,5,40,33,38,1,0,0,4,4,5,5,7,3,15,20,12,39,23,55,4,6,11,22,41,0,0,0,0,0,4,3,2,3,10,12,11,42,44,44
889,10,0,0,2,0,4,5,13,8,6,4,20,19,44,41,30,2,3,2,2,3,2,3,12,13,17,26,19,22,16,20,0,1,3,6,2,1,10,4,10,21,18,19,9,22,37,2,3,6,12,26,2,2,2,2,2,2,13,13,13,23,22,23,25,23,22
890,12,2,0,3,4,0,2,5,0,3,14,13,21,41,10,42,1,0,0,1,0,6,5,0,6,6,0,6,31,0,5,2,2,2,3,1,4,7,0,5,6,7,11,1,3,5,1,2,3,8,19,1,1,1,4,4,5,4,3,2,2,0,1,11,7,5
891,6,3,3,1,3,6,3,0,9,2,25,26,15,0,31,37,0,1,1,0,6,5,0,13,5,14,25,5,15,17,6,1,0,0,0,5,0,13,2,2,19,15,14,13,16,7,4,6,11,22,42,0,0,0,5,5,4,3,2,3,10,12,11,32,30,35
892,6,3,3,1,3,6,3,0,11,2,0,4,15,0,42,37,0,1,1,0,6,5,0,13,5,14,5,5,15,33,55,1,0,0,0,5,0,13,2,2,15,20,12,29,50,51,4,6,11,22,43,0,0,0,5,5,4,3,2,3,10,12,11,20,20,16
893,8,3,3,1,3,3,1,6,12,9,10,15,20,32,19,12,0,1,1,4,6,1,12,9,7,7,9,16,8,20,7,1,0,0,4,4,5,5,1,0,22,16,15,43,38,28,3,5,10,17,33,0,0,0,0,0,0,6,6,6,15,15,15,16,13,13
894,1,3,3,1,3,6,1,9,10,1,8,18,1,45,31,21,0,1,1,6,1,1,13,1,12,4,1,23,52,5,12,1,0,0,4,4,5,5,7,3,0,13,7,2,1,1,4,7,14,26,53,0,0,0,0,0,0,3,2,5,10,12,11,42,44,44
895,13,2,0,3,2,5,6,7,13,13,7,12,14,21,2,14,1,0,0,5,4,4,6,6,4,5,7,4,5,30,54,2,2,2,3,1,4,0,6,9,11,1,24,5,6,48,1,2,5,11,24,1,1,1,3,3,3,5,5,4,0,3,0,0,0,0
896,6,3,3,1,3,6,3,0,11,2,25,4,15,0,42,37,0,1,1,0,6,5,0,13,5,14,5,5,15,33,55,1,0,0,0,5,0,13,2,2,15,20,12,29,50,51,4,6,11,22,43,0,0,0,5,5,4,3,2,3,10,12,11,20,20,16
897,8,3,3,2,5,3,4,6,12,9,10,15,20,32,19,8,0,1,1,4,6,1,7,9,7,19,22,7,17,45,15,1,0,0,4,4,5,11,1,0,25,5,1,40,55,41,3,5,10,17,33,0,0,0,0,0,0,6,6,6,12,13,13,6,9,8
898,9,3,1,2,6,1,4,4,1,5,9,10,7,39,13,28,3,1,3,3,5,3,4,3,3,3,3,3,3,3,3,3,3,1,2,3,2,6,10,7,3,3,6,11,11,3,3,4,8,15,31,3,0,3,6,6,6,11,11,11,17,17,17,9,11,11
899,13,2,0,3,2,5,6,7,13,13,7,12,14,10,7,31,1,0,0,5,4,4,6,6,4,5,7,4,5,30,54,2,2,2,3,1,4,0,6,9,11,1,24,5,6,48,1,2,5,11,24,1,1,1,3,3,3,5,5,4,0,3,0,0,0,0
900,11,0,0,2,0,4,5,13,8,6,4,20,19,34,4,23,2,3,2,2,3,2,3,2,2,2,2,2,43,2,42,0,1,3,6,2,1,3,9,4,16,4,8,49,52,14,2,3,6,12,26,2,2,2,2,2,2,1,1,1,1,1,2,8,8,9
901,2,3,3,1,3,6,1,9,10,4,20,11,1,11,12,45,0,1,1,6,1,1,8,11,9,11,10,18,49,7,9,1,0,0,4,4,5,8,11,6,2,26,0,7,34,20,4,7,14,27,54,0,0,0,0,0,0,2,4,5,7,8,7,2,1,2
902,6,3,3,1,3,6,3,0,11,2,25,4,15,12,31,21,0,1,1,0,6,5,0,13,5,14,5,5,40,33,38,1,0,0,0,5,0,13,2,2,15,20,12,25,24,27,4,6,11,22,41,0,0,0,5,5,4,3,2,3,10,12,11,42,44,44
903,5,1,2,0,1,2,0,2,2,0,5,27,12,50,25,13,1,2,0,1,2,0,11,4,11,26,20,10,12,10,13,2,2,2,5,6,3,2,3,12,10,11,17,12,45,16,1,1,1,1,2,1,1,1,1,1,1,0,0,0,3,7,6,15,10,6
904,3,1,2,0,1,2,0,1,7,7,6,17,18,37,30,24,1,2,0,1,2,0,1,4,0,1,4,22,53,48,17,2,2,2,5,6,3,5,5,3,4,19,23,2,29,18,1,1,2,2,5,1,1,1,1,1,1,0,0,0,13,10,9,41,35,41
905,13,2,0,3,2,5,6,7,13,13,12,2,14,35,15,14,1,0,0,5,4,4,6,6,4,5,23,24,26,24,29,2,2,2,3,1,4,0,6,9,18,22,21,14,25,31,1,2,5,10,22,1,1,1,3,3,3,5,5,4,0,25,0,24,22,19
906,14,2,0,3,2,5,6,7,5,13,23,22,2,30,40,39,1,0,0,5,4,4,6,6,4,5,7,4,48,6,53,2,2,2,3,1,4,0,6,9,12,9,4,4,10,52,1,2,4,9,21,1,1,1,3,3,3,8,9,9,8,9,8,4,5,4
907,14,3,3,2,5,3,4,6,6,10,0,14,10,17,23,6,0,1,1,6,1,1,13,1,8,16,1,14,34,35,40,1,0,0,4,4,5,5,7,3,26,21,25,0,32,39,3,5,10,18,35,0,0,0,0,0,0,10,8,10,20,19,21,31,29,34
908,10,0,0,2,0,4,5,10,3,6,27,7,4,43,29,50,2,3,2,2,3,2,3,12,13,12,15,27,38,54,51,0,1,3,6,2,1,12,12,8,8,12,20,49,52,14,2,3,7,14,30,2,2,2,2,2,2,1,1,1,4,4,3,14,12,12
909,10,0,0,2,0,4,5,13,8,6,27,20,8,16,32,15,2,3,2,2,3,2,3,12,13,12,15,15,25,52,35,0,1,3,6,2,1,12,12,8,8,12,20,19,28,29,2,3,6,12,27,2,2,2,2,2,2,1,1,1,4,4,3,14,12,12
910,2,3,3,1,3,6,1,9,10,1,8,9,1,22,37,41,0,1,1,6,1,1,8,11,9,11,10,18,7,41,9,1,0,0,4,4,5,8,11,6,1,2,2,10,12,0,4,7,12,23,46,0,0,0,0,0,0,2,4,5,7,8,7,2,1,2
911,10,0,0,2,0,4,5,13,8,6,4,20,8,16,32,15,2,3,2,2,3,2,3,12,13,12,15,15,25,52,35,0,1,3,6,2,1,12,12,8,8,12,20,19,28,29,2,3,6,12,27,2,2,2,2,2,2,1,1,1,4,4,3,14,12,12
912,12,2,0,3,4,0,2,5,0,3,14,19,23,53,20,44,1,0,0,1,0,6,5,0,6,6,0,6,31,0,26,2,2,2,3,1,4,7,0,5,6,7,11,1,3,5,1,2,3,8,18,1,1,1,4,4,5,4,3,2,2,0,1,1,7,28
913,7,3,3,1,5,3,1,6,6,8,0,21,22,48,24,16,0,1,1,6,1,1,2,8,1,20,6,25,32,13,25,1,0,0,4,4,5,1,7,13,17,10,22,16,43,26,4,7,13,25,48,0,0,0,0,0,0,7,7,8,25,24,25,27,27,26
914,8,3,3,2,5,3,4,6,12,9,10,15,20,32,19,12,0,1,1,4,6,1,12,9,7,7,9,16,8,20,7,1,0,0,4,4,5,5,1,0,22,16,15,43,38,28,3,5,10,17,33,0,0,0,0,0,0,6,6,6,15,15,15,16,13,13
915,4,1,2,0,1,2,0,11,4,7,21,16,6,9,54,53,1,2,0,1,2,0,1,4,0,27,11,20,24,23,23,2,2,2,5,6,3,5,5,3,4,19,23,2,4,1,1,1,1,1,1,1,1,1,1,1,1,0,0,0,11,2,18,45,31,48
916,1,3,3,1,3,6,1,8,9,12,16,26,13,46,55,3,0,1,1,6,1,1,13,5,12,9,12,12,9,29,27,1,0,0,4,4,5,5,7,3,0,13,7,55,14,44,4,7,14,26,53,0,0,0,0,0,4,3,2,7,6,6,4,5,3,3
917,5,1,2,0,1,2,0,2,2,0,5,27,12,50,25,13,1,2,0,1,2,0,11,4,11,26,20,10,12,10,13,2,2,2,5,6,3,2,3,12,10,11,17,12,45,16,1,1,1,1,2,1,1,1,1,1,1,0,0,0,3,7,6,15,10,6
918,6,3,3,1,3,6,3,0,11,11,26,4,27,42,14,32,0,1,1,0,6,5,0,7,5,0,17,11,47,53,11,1,0,0,0,5,0,4,8,1,9,8,13,52,40,13,4,6,11,21,39,0,0,0,5,5,4,9,10,3,9,11,10,3,2,1
919,12,2,0,3,4,0,2,5,0,3,14,19,23,53,20,44,1,0,0,1,0,6,5,0,6,6,0,6,31,0,26,2,2,2,3,1,4,7,0,5,6,7,11,1,3,5,1,2,3,8,18,1,1,1,4,4,5,4,3,2,2,0,1,1,4,28
920,10,0,0,2,0,4,5,13,8,6,4,20,19,5,41,30,2,3,2,2,3,2,3,12,13,12,21,27,2,26,2,0,1,3,6,2,1,12,12,8,8,12,20,44,54,10,2,3,6,12,26,2,2,2,2,2,2,1,1,1,4,4,3,19,21,18
921,14,2,0,3,2,5,6,7,5,13,23,22,2,6,40,2,1,0,0,5,4,4,10,6,4,21,14,17,14,18,14,2,2,2,3,1,4,0,6,9,12,9,4,4,10,52,1,2,4,9,20,1,1,1,3,3,3,8,9,9,8,9,8,4,5,4
922,6,3,3,1,3,6,3,0,11,11,26,4,27,42,14,17,0,1,1,0,6,5,0,7,5,0,17,11,47,53,52,1,0,0,0,5,0,4,8,1,9,8,13,52,40,13,4,6,11,21,39,0,0,0,5,5,4,9,10,3,9,11,10,3,2,1
923,10,0,0,2,0,4,5,10,3,6,3,7,4,5,29,9,2,3,2,2,3,2,3,12,13,17,26,19,22,16,20,0,1,3,6,2,1,10,4,10,21,18,19,9,22,37,2,3,7,14,30,2,2,2,2,2,2,13,13,13,23,22,23,25,23,22
924,6,3,3,1,3,6,3,0,11,2,25,4,15,45,31,37,0,1,1,0,6,5,0,13,5,14,25,5,15,17,6,1,0,0,0,5,0,13,2,2,19,15,14,13,16,7,4,6,11,22,42,0,0,0,5,5,4,3,2,3,10,12,11,32,30,35
925,10,0,0,2,0,4,5,10,8,6,4,20,19,44,26,7,2,3,2,2,3,2,3,12,13,17,26,19,22,16,20,0,1,3,6,2,1,10,4,10,21,18,19,9,22,37,2,3,6,12,25,2,2,2,2,2,2,13,13,13,23,22,23,25,23,22
926,14,2,0,3,3,6,1,8,9,12,15,14,13,18,39,52,0,1,1,6,1,1,13,5,12,9,12,12,9,29,48,2,2,2,4,4,5,5,7,3,0,13,7,2,1,9,4,7,14,28,56,0,0,0,0,0,4,3,2,7,20,21,21,31,29,34
927,1,3,3,1,3,6,1,8,9,12,15,26,13,45,49,54,0,1,1,6,1,1,13,5,12,9,12,12,9,29,48,1,0,0,4,4,5,5,7,3,0,13,7,55,14,44,4,7,14,26,53,0,0,0,0,0,4,3,2,7,6,6,4,5,3,3
928,11,0,0,2,0,4,5,12,3,6,3,7,4,38,46,9,2,3,2,2,3,2,3,2,2,2,2,2,16,39,44,0,1,3,6,2,1,3,9,4,16,4,8,3,7,2,2,3,6,12,26,2,2,2,2,2,2,1,1,1,1,1,2,23,15,25
929,13,2,0,3,2,5,6,7,13,13,7,12,14,10,7,43,1,0,0,5,4,4,6,6,4,5,7,4,5,30,54,2,2,2,3,1,4,0,6,9,11,1,24,5,6,48,1,2,5,11,23,1,1,1,3,3,3,5,5,4,0,3,0,0,0,0
930,6,3,3,1,3,6,3,0,9,2,25,26,15,45,31,21,0,1,1,0,6,5,0,13,5,14,25,5,15,17,6,1,0,0,0,5,0,13,2,2,15,20,12,2,1,1,4,7,14,26,53,0,0,0,5,5,4,3,2,3,10,12,11,32,30,35
931,2,3,3,2,5,3,4,6,6,9,2,23,20,2,44,49,0,1,1,6,1,1,8,11,9,25,13,9,21,31,50,1,0,0,4,4,5,5,7,3,2,26,0,2,1,1,4,7,14,27,54,0,0,0,0,0,0,2,4,5,7,8,7,39,41,43
932,4,1,2,0,1,2,0,1,7,7,11,3,24,49,16,36,1,2,0,1,2,0,1,4,0,22,19,0,29,50,0,2,2,2,5,6,3,5,5,3,24,0,26,23,4,1,1,1,2,4,12,1,1,1,1,1,1,0,0,0,14,18,14,29,40,41
933,13,2,0,3,2,5,6,7,13,13,7,12,14,21,7,31,1,0,0,5,4,4,6,6,4,5,7,4,5,30,54,2,2,2,3,1,4,0,6,9,11,1,24,5,6,48,1,2,4,9,21,1,1,1,3,3,3,5,5,4,0,3,0,0,0,0
934,10,0,0,2,0,4,5,13,8,6,27,20,8,16,32,15,2,3,2,2,3,2,3,12,13,12,15,15,25,52,35,0,1,3,6,2,1,12,12,8,8,12,20,19,28,29,2,3,6,12,27,2,2,2,2,2,2,1,1,1,4,4,3,14,12,12
935,5,1,2,0,1,2,0,2,4,0,17,8,17,20,17,22,1,2,0,1,2,0,11,4,11,13,20,26,37,44,36,2,2,2,5,6,3,2,3,12,10,11,17,45,37,33,1,1,1,1,1,1,1,1,1,1,1,0,0,0,3,7,6,21,10,6
936,11,0,0,2,0,4,5,13,8,6,4,20,19,34,4,23,2,3,2,2,3,2,3,2,2,2,2,2,43,2,42,0,1,3,6,2,1,3,9,4,16,4,8,49,52,14,2,3,6,12,26,2,2,2,2,2,2,1,1,1,1,1,2,10,8,9
937,11,0,0,2,0,4,5,13,8,6,4,20,19,34,4,23,2,3,2,2,3,2,3,2,2,2,2,2,43,2,42,0,1,3,6,2,1,3,9,4,16,4,8,49,52,14,2,3,6,12,26,2,2,2,2,2,2,1,1,1,1,1,2,10,26,9
938,8,0,3,2,5,3,4,3,6,9,2,23,9,29,5,40,0,1,1,4,6,1,7,9,7,19,22,7,51,8,33,1,0,0,4,4,5,11,1,0,25,5,1,22,17,24,3,5,10,19,36,0,0,0,0,0,0,6,6,6,12,13,13,6,9,8
939,6,3,3,1,3,6,3,0,11,2,25,4,15,12,31,21,0,1,1,0,6,5,0,13,5,14,5,5,40,33,38,1,0,0,0,5,0,13,2,2,15,20,12,25,24,27,4,6,11,22,41,0,0,0,5,5,4,3,2,3,10,12,11,42,44,44
940,10,0,0,2,0,4,5,10,8,6,4,20,19,5,29,50,2,3,2,2,3,2,3,12,13,12,15,27,38,54,51,0,1,3,6,2,1,3,9,4,16,4,8,49,52,14,2,3,7,14,30,2,2,2,2,2,2,1,1,1,4,4,3,46,46,32
941,7,3,3,1,3,6,1,8,9,8,0,1,20,27,1,16,0,1,1,6,1,1,2,8,1,15,6,23,20,37,28,1,0,0,4,4,5,1,7,13,0,13,7,33,46,4,4,7,13,25,49,0,0,0,0,0,0,7,7,8,5,5,5,34,34,37
942,9,3,3,2,5,3,4,6,6,10,22,6,3,15,43,19,0,1,1,4,6,1,9,10,10,10,8,8,10,14,10,1,0,0,1,0,6,9,13,11,14,6,9,15,19,8,3,5,9,16,32,0,3,0,0,0,0,12,12,12,21,20,20,17,17,14
943,11,0,0,2,0,4,5,12,3,6,3,7,4,38,48,5,2,3,2,2,3,2,3,2,2,2,2,2,44,43,16,0,1,3,6,2,1,3,9,4,16,4,8,27,36,36,2,3,7,13,28,2,2,2,2,2,2,1,1,1,1,1,2,10,8,17
944,3,1,2,0,1,2,0,11,4,7,19,17,24,36,17,10,1,2,0,1,2,0,1,4,0,1,11,22,28,25,34,2,2,2,5,6,3,5,5,3,4,19,23,48,53,43,1,1,1,1,1,1,1,1,1,1,1,0,0,0,3,10,9,37,38,33
945,13,2,0,3,2,5,6,7,13,13,7,12,14,21,2,31,1,0,0,5,4,4,6,6,4,5,7,4,48,30,53,2,2,2,3,1,4,0,6,9,11,1,24,5,6,48,4,7,14,28,56,1,1,1,3,3,3,5,5,4,0,3,0,0,0,0
946,3,1,2,0,1,0,2,11,7,7,19,17,24,14,52,10,1,2,0,1,2,0,1,4,0,1,4,22,35,48,17,2,2,2,5,6,3,5,5,3,4,19,23,32,29,18,1,1,2,3,6,1,1,1,1,1,1,0,0,0,13,10,9,13,16,36
947,14,2,0,3,2,5,6,7,5,13,23,22,2,30,40,39,1,0,0,5,4,4,10,6,4,21,14,17,14,18,14,2,2,2,3,1,4,0,6,9,12,9,4,4,10,52,1,2,4,9,21,1,1,1,3,3,3,8,9,9,8,9,8,4,5,4
948,13,2,0,3,2,5,6,7,13,13,7,12,14,10,7,27,1,0,0,5,4,4,6,6,4,5,7,4,5,30,54,2,2,2,3,1,4,0,6,9,11,1,24,5,6,48,1,2,5,11,24,1,1,1,3,3,3,5,5,4,0,3,0,0,0,0
949,12,2,0,3,4,0,2,5,0,3,14,13,21,31,10,42,1,0,0,1,0,6,5,0,6,6,0,6,31,0,39,2,2,2,3,1,4,7,0,5,6,7,11,1,3,5,1,2,3,8,19,1,1,1,4,4,5,4,3,2,2,0,1,1,4,5
950,9,3,1,2,6,1,4,4,1,5,9,10,7,39,13,28,3,1,3,3,5,3,4,3,3,3,3,3,3,3,3,3,3,1,2,3,2,6,10,7,3,3,6,11,11,3,3,4,8,15,31,3,0,3,6,6,6,11,11,11,17,17,17,9,11,11
951,4,1,2,0,1,2,0,11,7,7,21,16,6,33,54,53,1,2,0,1,2,0,1,4,0,8,19,20,18,46,22,2,2,2,5,6,3,5,5,3,4,19,23,6,9,6,1,1,2,4,10,1,1,1,1,1,1,0,0,0,11,2,12,22,18,20
952,9,3,3,2,5,3,4,6,6,10,2,23,20,2,8,49,0,1,1,4,6,1,12,1,8,4,9,16,23,49,47,1,0,0,4,4,5,5,7,3,5,24,27,20,42,23,3,5,10,20,38,0,0,0,0,0,0,10,8,10,22,16,22,41,35,15
953,9,3,3,2,5,3,4,6,6,10,22,6,3,15,43,19,0,1,1,4,6,1,9,10,10,10,8,8,10,14,10,1,0,0,1,0,6,9,13,11,14,6,9,15,19,8,3,5,9,16,32,0,3,0,0,0,0,12,12,12,21,20,20,17,17,14
954,11,0,0,2,0,4,5,12,3,6,3,7,4,47,48,5,2,3,2,2,3,2,3,2,2,2,2,2,44,43,16,0,1,3,6,2,1,3,9,4,16,4,8,27,36,36,2,3,7,13,28,2,2,2,2,2,2,1,1,1,1,1,2,8,8,17
955,13,2,0,3,2,5,6,7,13,13,12,2,14,24,2,43,1,0,0,5,4,4,6,6,4,5,7,4,48,6,4,2,2,2,3,1,4,0,6,9,11,1,24,5,1,48,1,1,2,3,8,1,1,1,3,3,3,5,5,4,0,3,0,24,22,19
956,9,3,3,2,5,3,4,6,6,10,2,23,20,2,18,16,0,1,1,6,1,1,8,1,8,24,18,21,27,47,8,1,0,0,4,4,5,5,7,3,26,21,25,37,2,38,3,5,10,18,35,0,0,0,0,0,0,10,8,10,16,19,16,26,25,23
957,13,2,0,3,2,5,6,7,13,13,7,12,14,21,7,31,1,0,0,5,4,4,6,6,4,5,7,4,5,30,54,2,2,2,3,1,4,0,6,9,11,1,24,5,6,48,1,2,5,11,24,1,1,1,3,3,3,5,5,4,0,3,0,0,0,0
958,1,3,3,1,3,6,1,8,9,12,16,26,13,46,55,54,0,1,1,6,1,1,13,5,12,9,12,12,9,29,27,1,0,0,4,4,5,5,7,3,0,13,7,55,14,44,4,7,14,26,52,0,0,0,0,0,4,3,2,7,6,6,4,5,3,3
959,9,3,1,2,6,1,4,4,1,5,9,10,7,39,13,28,3,1,3,3,5,3,4,3,3,3,3,3,3,3,3,3,3,1,2,3,2,6,10,7,3,3,6,11,11,3,3,4,8,15,31,3,0,3,6,6,6,11,11,11,17,17,17,9,11,11
960,9,3,3,2,5,3,4,6,1,8,18,1,20,2,18,49,0,1,1,6,1,1,8,1,8,24,18,21,27,47,8,1,0,0,4,4,5,5,7,3,26,21,25,37,2,38,4,7,13,25,51,0,0,0,0,0,0,10,8,10,16,19,16,39,47,43
961,4,1,2,0,1,2,0,1,7,7,21,3,26,33,16,35,1,2,0,1,2,0,1,4,0,27,19,20,24,23,23,2,2,2,5,6,3,5,5,3,4,19,23,6,9,6,1,1,2,4,10,1,1,1,1,1,1,0,0,0,11,2,18,22,18,20
962,11,0,0,2,0,4,5,12,3,6,3,7,19,5,4,9,2,3,2,2,3,2,3,2,2,2,2,2,16,39,44,0,1,3,6,2,1,3,9,4,16,4,8,3,7,2,2,3,7,13,28,2,2,2,2,2,2,1,1,1,1,1,2,23,15,25
963,14,3,3,1,3,6,1,8,9,4,20,14,13,18,28,46,0,1,1,6,1,1,13,1,12,18,1,14,19,1,19,1,0,0,4,4,5,5,7,3,23,14,16,21,15,11,4,7,14,28,55,0,0,0,2,0,3,2,8,7,20,21,21,40,42,40
964,1,3,3,1,3,6,1,8,9,12,16,26,13,46,55,38,0,1,1,6,1,1,13,5,12,9,12,12,9,29,27,1,0,0,4,4,5,5,7,3,0,13,7,55,14,44,4,7,14,26,53,0,0,0,0,0,4,3,2,7,6,6,4,5,3,3
965,10,0,0,2,0,4,5,13,8,6,4,20,19,5,29,23,2,3,2,2,3,2,3,12,13,17,21,19,22,26,20,0,1,3,6,2,1,3,9,4,16,4,8,49,52,14,2,3,6,12,26,2,2,2,2,2,2,1,1,1,23,22,23,25,23,22
966,6,3,3,1,3,6,3,0,9,2,25,26,15,0,31,37,0,1,1,0,6,5,0,13,5,14,25,5,15,17,6,1,0,0,0,5,0,13,2,2,19,15,14,13,16,7,4,6,11,22,43,0,0,0,5,5,4,3,2,3,10,12,11,32,30,35
967,14,3,0,1,3,6,1,8,9,4,20,14,13,18,28,46,0,1,1,6,1,1,13,1,12,18,1,14,19,1,19,0,1,3,6,2,1,5,7,3,23,14,16,21,15,11,4,7,14,28,55,0,0,0,2,0,3,2,8,7,20,21,21,40,42,40
968,4,1,2,0,1,2,0,1,7,7,11,3,26,8,16,55,1,2,0,1,2,0,1,4,0,23,19,13,18,46,30,2,2,2,5,6,3,5,5,3,4,19,23,6,9,6,1,1,2,6,14,1,1,1,1,1,1,0,0,0,11,2,12,18,33,31
969,6,3,3,1,3,6,3,0,11,11,26,4,27,42,14,17,0,1,1,0,6,5,0,7,5,0,17,11,47,53,52,1,0,0,0,5,0,4,8,1,9,8,13,52,40,13,4,6,11,21,39,0,0,0,5,5,4,9,10,3,9,11,10,3,2,1
970,6,3,3,1,3,6,3,0,11,11,26,4,27,42,14,32,0,1,1,0,6,5,0,7,5,0,17,11,47,53,52,1,0,0,0,5,0,4,8,1,9,8,13,52,40,13,4,6,11,21,39,0,0,0,5,5,4,9,10,3,9,11,10,3,2,1
971,2,3,3,1,3,6,1,8,9,4,20,11,13,4,12,46,0,1,1,6,1,1,8,1,8,25,13,9,21,31,50,1,0,0,4,4,5,5,7,3,2,26,0,7,34,20,4,7,14,27,54,0,0,0,0,0,0,2,4,5,18,14,19,12,14,10
972,12,2,0,3,4,0,2,5,0,3,14,19,23,53,20,44,1,0,0,1,0,6,5,0,6,6,0,6,31,0,39,2,2,2,3,1,4,7,0,5,6,7,11,1,3,5,1,2,3,8,18,1,1,1,4,4,5,4,3,2,2,0,1,1,4,5
973,2,3,3,1,3,6,1,9,10,1,8,18,1,22,37,41,0,1,1,6,1,1,8,11,9,11,10,18,7,41,9,1,0,0,4,4,5,8,11,6,1,2,2,10,12,0,4,7,12,23,45,0,0,0,0,0,0,2,4,5,7,8,7,2,1,2
974,9,3,1,2,6,1,4,4,1,5,9,10,7,39,13,29,3,1,3,3,5,3,4,3,3,3,3,3,3,3,3,3,3,1,2,3,2,6,10,7,3,3,6,30,41,46,3,4,8,15,31,3,0,3,6,6,6,11,11,11,17,17,17,9,11,11
975,8,3,3,2,5,3,4,6,12,9,10,15,20,32,19,12,0,1,1,4,6,1,12,9,7,7,9,16,8,20,7,1,0,0,4,4,5,5,7,3,22,16,15,39,23,55,3,5,10,17,33,0,0,0,0,0,0,6,6,6,15,15,15,16,13,13
976,1,3,3,1,3,6,1,8,9,12,15,26,13,46,55,54,0,1,1,6,1,1,13,5,12,9,12,12,9,29,27,1,0,0,4,4,5,5,7,3,0,13,7,2,14,9,4,7,14,26,53,0,0,0,0,0,4,3,2,7,6,6,4,5,3,3
977,1,3,3,1,3,6,1,8,9,8,18,1,22,54,34,4,0,1,1,6,1,1,2,8,1,15,6,23,20,37,28,1,0,0,4,4,5,5,7,3,0,13,7,2,1,9,4,7,14,26,53,0,0,0,0,0,0,7,7,8,5,5,5,34,34,37
978,3,2,2,3,4,0,2,1,7,3,6,17,5,37,3,26,1,2,0,1,2,0,1,4,0,23,16,13,18,51,30,2,2,2,5,6,3,5,5,3,24,0,26,2,1,1,1,1,2,2,5,1,1,1,1,1,1,0,0,0,24,23,24,18,19,21
979,9,3,3,2,5,3,4,6,6,10,22,6,3,15,43,19,0,1,1,4,6,1,9,10,10,10,8,8,10,14,10,1,0,0,1,0,6,9,13,11,14,6,9,15,19,8,3,5,9,16,32,0,3,0,0,0,0,12,12,12,21,20,20,17,17,14
980,11,0,0,2,0,4,5,13,8,6,4,20,19,34,4,23,2,3,2,2,3,2,3,2,2,2,2,2,43,2,42,0,1,3,6,2,1,3,9,4,16,4,8,49,52,14,2,3,6,12,26,2,2,2,2,2,2,1,1,1,1,1,2,10,26,9
981,11,0,0,2,0,4,5,12,3,6,3,7,4,47,48,5,2,3,2,2,3,2,3,2,2,2,2,2,43,2,42,0,1,3,6,2,1,3,9,4,16,4,8,27,36,36,2,3,7,13,28,2,2,2,2,2,2,1,1,1,1,1,2,8,8,9
982,5,1,2,0,1,2,0,2,4,0,17,8,17,20,17,22,1,2,0,1,2,0,11,4,11,13,20,26,37,44,36,2,2,2,5,6,3,2,3,12,4,19,23,45,37,33,1,1,1,1,1,1,1,1,1,1,1,0,0,0,3,7,6,21,31,6
983,10,0,0,2,0,4,5,13,8,6,4,20,8,16,32,30,2,3,2,2,3,2,3,12,13,12,15,27,2,19,2,0,1,3,6,2,1,12,12,8,8,12,20,44,54,10,2,3,6,12,27,2,2,2,2,2,2,1,1,1,4,4,3,19,21,18
984,2,3,3,1,3,6,1,9,10,1,8,18,1,22,22,11,0,1,1,6,1,1,8,11,9,11,10,18,49,7,9,1,0,0,4,4,5,8,11,6,17,10,22,54,35,21,4,7,12,23,44,0,0,0,0,0,0,2,4,5,7,8,7,2,1,2
985,4,1,2,0,1,2,0,1,7,7,11,3,11,49,30,33,1,2,0,1,2,0,1,4,0,23,16,13,33,34,18,2,2,2,5,6,3,5,5,3,24,0,26,46,39,42,1,1,2,7,17,1,1,1,1,1,1,0,0,0,26,26,26,38,36,38
986,12,2,0,3,4,0,2,5,0,3,14,13,11,28,36,34,1,0,0,5,4,4,6,6,4,5,23,24,26,6,29,2,2,2,3,1,4,5,5,3,24,0,26,46,39,42,1,2,3,8,19,1,1,1,4,4,5,4,3,2,26,26,26,38,36,38
987,2,3,3,1,3,6,1,8,9,4,20,11,13,4,12,45,0,1,1,6,1,1,8,11,9,25,13,9,21,31,50,1,0,0,4,4,5,5,7,3,2,26,0,7,34,20,4,7,14,27,54,0,0,0,0,0,0,2,4,5,18,14,19,12,14,10
988,9,3,1,2,6,1,4,4,1,5,9,10,7,39,13,28,3,1,3,3,5,3,4,3,3,3,3,3,3,3,3,3,3,1,2,3,2,6,10,7,3,3,6,11,11,3,3,4,8,15,31,3,0,3,6,6,6,11,11,11,17,17,17,9,11,11
989,13,2,0,3,2,5,6,7,13,13,7,12,14,21,2,27,1,0,0,5,4,4,6,6,4,5,7,4,48,30,4,2,2,2,3,1,4,0,6,9,11,1,24,5,6,48,1,2,5,11,24,1,1,1,3,3,3,5,5,4,0,3,0,0,0,0
990,8,3,3,2,5,3,4,6,12,9,10,15,20,32,19,12,0,1,1,4,6,1,12,9,7,7,9,16,8,20,7,1,0,0,4,4,5,5,7,0,22,16,15,43,38,55,3,5,10,17,33,0,0,0,0,0,0,6,6,6,15,15,15,16,13,13
991,2,3,3,1,3,6,1,8,9,4,20,11,13,4,3,51,0,1,1,6,1,1,8,1,8,25,13,9,21,31,50,1,0,0,4,4,5,5,7,3,2,26,0,55,14,44,4,7,13,25,50,0,0,0,0,0,4,3,4,7,6,14,4,49,50,10
992,13,2,0,3,2,5,6,7,13,13,7,12,14,21,7,27,1,0,0,5,4,4,6,6,4,5,7,4,5,30,53,2,2,2,3,1,4,0,6,9,11,1,24,5,6,48,1,2,5,11,24,1,1,1,3,3,3,5,5,4,0,3,0,0,0,0
993,1,3,3,1,3,6,1,8,9,12,15,26,13,46,55,54,0,1,1,6,1,1,13,5,12,9,12,12,9,29,27,1,0,0,4,4,5,5,7,3,0,13,7,55,14,44,4,7,14,26,53,0,0,0,0,0,4,3,2,7,6,6,4,5,3,3
994,1,3,3,1,3,6,1,8,9,12,19,26,24,36,55,10,0,1,1,6,1,1,13,5,12,9,12,12,9,29,48,2,2,2,4,4,5,5,7,3,0,13,7,2,1,9,4,7,14,26,52,0,0,0,0,0,4,3,2,7,6,6,4,37,38,33
995,9,3,3,2,5,3,4,6,6,10,22,6,3,15,43,19,0,1,1,4,6,1,9,10,10,10,8,8,10,14,10,1,0,0,1,0,6,9,13,11,14,6,9,15,19,8,3,5,9,16,32,0,3,0,0,0,0,12,12,12,21,20,20,17,17,14
996,6,3,3,1,3,6,3,0,11,11,26,4,27,42,14,25,0,1,1,0,6,5,0,7,5,0,17,11,47,53,11,1,0,0,0,5,0,4,8,1,27,23,18,17,5,15,4,6,11,21,40,0,0,0,5,5,4,9,10,3,9,11,10,3,2,1
997,8,3,3,2,5,3,4,3,6,9,2,23,9,29,5,8,0,1,1,4,6,1,12,9,7,7,9,16,39,28,31,1,0,0,4,4,5,11,1,0,22,16,15,39,23,55,3,5,10,20,38,0,0,0,0,0,0,6,6,6,12,13,13,6,13,13
998,7,3,3,1,3,6,1,8,10,8,18,25,22,54,35,4,0,1,1,6,1,1,2,8,1,15,24,1,54,21,1,1,0,0,4,4,5,1,7,13,13,17,10,8,20,47,4,7,13,24,47,0,0,0,0,0,0,7,7,8,5,5,5,7,6,7
999,1,3,3,1,3,6,1,8,9,12,16,26,13,46,55,54,0,1,1,6,1,1,13,5,12,9,12,12,9,29,27,1,0,0,4,4,5,5,7,3,0,13,7,55,14,44,4,7,14,26,53,0,0,0,0,0,4,3,2,7,6,6,4,5,3,3
1000,2,3,3,1,3,6,1,9,10,1,8,18,1,22,37,11,0,1,1,6,1,1,8,11,9,11,10,18,49,7,9,1,0,0,4,4,5,8,11,6,1,2,2,54,35,21,4,7,12,23,44,0,0,0,0,0,0,2,4,5,7,8,7,2,1,2
1001,3,1,2,0,4,0,2,11,4,3,6,17,18,14,52,24,1,2,0,1,2,0,1,4,0,1,4,22,35,48,17,2,2,2,3,1,4,5,5,3,4,19,23,32,29,18,1,1,2,2,5,1,1,1,1,1,1,0,0,0,13,10,9,13,16,24
1002,3,1,2,0,1,2,0,11,7,7,19,17,24,6,27,10,1,2,0,1,2,0,1,4,0,1,27,22,1,40,46,2,2,2,5,6,3,5,5,3,12,9,4,23,4,1,1,1,2,3,6,1,1,1,1,1,1,8,9,9,8,9,8,4,43,36
1003,6,3,3,1,3,6,3,0,11,11,26,4,27,42,14,17,0,1,1,0,6,5,0,7,5,0,17,11,47,53,52,1,0,0,0,5,0,4,8,1,9,8,13,52,40,13,4,6,11,21,39,0,0,0,5,5,4,9,10,3,9,11,10,3,2,1
1004,6,3,3,1,3,6,3,0,11,11,26,4,27,42,14,25,0,1,1,0,6,5,0,7,5,0,17,11,42,32,11,1,0,0,0,5,0,4,8,1,27,23,18,47,26,34,4,6,11,21,40,0,0,0,5,5,4,9,10,3,9,11,10,3,2,1
1005,3,1,2,0,1,2,0,1,4,7,19,17,11,36,30,33,1,2,0,1,2,0,1,4,0,1,11,22,28,25,34,2,2,2,5,6,3,5,5,3,24,0,26,46,39,42,1,1,2,3,7,1,1,1,1,1,1,0,0,0,26,26,26,38,36,38
1006,6,3,3,1,3,6,1,8,9,12,0,26,13,46,1,32,0,1,1,0,6,5,0,7,5,0,17,11,0,9,52,1,0,0,0,5,0,5,7,3,9,8,13,18,0,53,4,7,14,26,52,0,0,0,5,5,4,9,10,3,9,11,10,3,2,1
1007,7,3,3,1,3,6,1,9,10,8,18,21,22,48,24,4,0,1,1,6,1,1,2,8,1,20,6,25,32,13,25,1,0,0,4,4,5,1,7,13,17,10,22,16,43,26,4,7,13,25,48,0,0,0,0,0,0,7,7,8,25,24,25,27,27,26
1008,13,2,0,3,2,5,6,7,13,13,7,12,14,21,7,27,1,0,0,5,4,4,6,6,4,5,7,4,48,30,4,2,2,2,3,1,4,0,6,9,11,1,24,5,6,48,1,2,5,11,24,1,1,1,3,3,3,5,5,4,0,3,0,0,0,0
1009,13,2,0,3,2,5,6,7,13,13,7,12,14,21,2,27,1,0,0,5,4,4,6,6,4,5,7,4,48,30,53,2,2,2,3,1,4,0,6,9,11,1,24,5,6,48,1,2,5,11,24,1,1,1,3,3,3,5,5,4,0,3,0,0,0,0
1010,4,1,2,0,1,2,0,11,7,7,21,16,6,9,54,53,1,2,0,1,2,0,1,4,0,27,11,20,24,23,23,2,2,2,5,6,3,5,5,3,4,19,23,6,4,6,1,1,2,4,9,1,1,1,1,1,1,0,0,0,11,2,18,22,18,20
1011,6,3,3,1,3,6,3,0,11,11,26,4,27,42,14,32,0,1,1,0,6,5,0,7,5,0,17,11,47,53,11,1,0,0,0,5,0,4,8,1,9,8,13,2,1,1,4,6,11,21,39,0,0,0,5,5,4,9,10,3,9,11,10,3,2,1
1012,4,1,2,0,1,2,0,1,7,7,11,3,26,49,16,36,1,2,0,1,2,0,1,4,0,8,19,20,53,46,22,2,2,2,5,6,3,5,5,3,24,19,26,40,55,41,1,1,2,4,12,1,1,1,1,1,1,0,0,0,19,2,12,28,24,27
1013,14,3,3,1,3,6,1,8,10,8,20,14,13,18,23,52,0,1,1,6,1,1,13,1,8,16,1,14,34,35,40,1,0,0,4,4,5,5,7,3,0,13,7,0,32,39,4,7,14,28,56,0,0,0,0,0,0,2,8,7,20,21,21,31,29,34
1014,4,1,2,0,1,2,0,1,7,7,11,3,26,8,16,55,1,2,0,1,2,0,1,4,0,8,19,20,18,46,22,2,2,2,5,6,3,5,5,3,4,19,23,6,9,6,1,1,2,4,11,1,1,1,1,1,1,0,0,0,11,2,12,43,33,31
1015,7,3,3,1,3,6,1,8,10,8,18,1,22,27,38,4,0,1,1,6,1,1,2,8,1,20,6,23,50,37,28,1,0,0,4,4,5,1,7,13,13,17,10,24,49,45,4,7,13,25,50,0,0,0,0,0,0,7,7,8,5,5,5,48,47,49
1016,9,3,1,2,6,1,4,4,1,5,9,10,7,39,13,28,3,1,3,3,5,3,4,3,3,3,3,3,3,3,3,3,3,1,2,3,2,6,10,7,3,3,6,11,11,3,3,4,8,15,31,3,0,3,6,6,6,11,11,11,17,17,17,9,11,11
1017,8,3,3,2,5,3,4,3,12,9,10,24,9,55,53,8,0,1,1,4,6,1,7,9,7,19,22,7,17,45,15,1,0,0,4,4,5,11,1,0,25,5,1,40,48,40,3,5,10,20,37,0,0,0,0,0,0,6,6,6,12,13,13,6,9,8
1018,4,1,2,0,1,2,0,11,4,0,21,16,6,26,54,53,1,2,0,1,2,0,1,4,0,27,19,20,24,23,23,2,2,2,5,6,3,5,5,3,4,19,23,31,44,19,1,1,2,4,9,1,1,1,1,1,1,0,0,0,11,2,18,45,48,48
1019,14,2,0,3,2,5,6,7,5,13,7,12,2,10,7,27,1,0,0,5,4,4,6,6,4,5,7,4,48,6,53,2,2,2,3,1,4,0,6,9,11,1,24,5,6,48,1,2,5,11,24,1,1,1,3,3,3,5,5,4,0,3,0,4,5,4
1020,13,2,0,3,2,5,6,7,13,13,12,2,14,24,2,43,1,0,0,5,4,4,6,6,4,5,7,4,48,30,4,2,2,2,3,1,4,0,6,9,11,1,24,5,6,48,1,2,5,11,23,1,1,1,3,3,3,5,5,4,0,3,0,0,0,0
1021,11,0,0,2,0,4,5,12,3,6,3,7,4,38,46,5,2,3,2,2,3,2,3,2,2,2,2,2,44,43,16,0,1,3,6,2,1,3,9,4,16,4,8,27,7,2,2,3,7,13,28,2,2,2,2,2,2,1,1,1,1,1,2,8,8,17
1022,7,3,3,1,3,6,1,8,9,8,18,1,10,27,38,51,0,1,1,6,1,1,2,1,1,20,6,23,50,37,28,1,0,0,4,4,5,5,7,3,7,19,23,24,49,45,4,7,13,25,50,0,0,0,0,0,0,7,7,8,5,5,5,48,47,49
1023,5,1,2,0,1,2,0,11,4,0,17,8,17,20,17,22,1,2,0,1,2,0,11,4,11,13,11,26,37,44,36,2,2,2,5,6,3,5,5,3,4,19,23,45,37,33,1,1,1,1,1,1,1,1,1,1,1,0,0,0,3,7,6,21,31,39
1024,4,1,2,0,1,2,0,11,7,7,21,16,6,26,54,53,1,2,0,1,2,0,1,4,0,27,19,20,24,23,23,2,2,2,5,6,3,5,5,3,4,19,23,31,44,19,1,1,2,4,9,1,1,1,1,1,1,0,0,0,11,2,18,45,48,48
1025,12,2,0,3,4,0,2,5,0,3,7,13,21,41,36,42,1,0,0,1,0,6,5,0,6,6,0,6,31,38,5,2,2,2,3,1,4,7,0,5,6,7,11,1,3,5,1,2,4,9,21,1,1,1,4,4,5,4,3,2,2,0,1,11,7,29
1026,7,3,3,1,3,6,1,9,10,8,18,21,22,48,24,4,0,1,1,6,1,1,2,8,1,20,6,25,32,13,25,1,0,0,4,4,5,1,7,13,17,10,22,16,43,26,4,7,13,25,48,0,0,0,0,0,0,7,7,8,25,24,25,27,27,26
1027,10,0,0,2,0,4,5,13,8,6,4,20,19,5,21,7,2,3,2,2,3,2,3,12,13,17,26,19,22,16,20,0,1,3,6,2,1,10,4,10,21,18,19,9,22,37,2,3,7,14,30,2,2,2,2,2,2,13,13,13,23,22,23,25,23,22
1028,1,3,3,1,3,3,1,6,12,9,0,26,20,11,8,21,0,1,1,6,6,1,12,1,12,4,9,23,52,5,12,1,0,0,4,4,5,8,7,6,1,2,2,10,12,0,4,7,14,26,53,0,0,0,0,0,0,2,4,5,10,12,11,42,44,44
1029,1,2,0,3,3,6,1,8,5,12,20,14,2,18,39,3,0,1,1,6,1,1,13,1,12,9,12,12,46,29,48,0,1,3,6,2,1,3,9,4,16,4,8,2,1,1,4,7,14,28,56,2,2,2,2,2,2,1,1,1,1,1,2,23,46,32
1030,8,3,3,1,3,6,1,8,9,9,0,23,20,2,9,16,0,1,1,4,6,1,12,9,7,7,9,16,36,42,45,1,0,0,4,4,5,5,7,3,16,19,8,34,13,12,4,7,14,26,52,0,0,0,0,0,0,6,6,6,15,15,15,51,51,51
1031,1,3,3,1,3,6,1,8,9,12,16,26,13,46,55,54,0,1,1,6,1,1,13,5,12,9,12,12,9,29,27,1,0,0,4,4,5,5,7,3,0,13,7,55,14,44,4,7,14,26,52,0,0,0,0,0,4,3,2,7,6,6,4,5,3,3
1032,7,3,3,2,5,3,4,6,6,10,2,21,10,27,24,16,0,1,1,6,1,1,2,1,8,20,6,23,50,47,49,1,0,0,4,4,5,5,7,3,26,21,25,2,1,1,4,7,13,25,48,0,0,0,0,0,0,10,8,10,16,19,25,27,27,26
1033,2,3,3,1,3,6,1,9,10,1,8,9,1,22,37,41,0,1,1,6,1,1,8,11,9,11,10,18,7,41,9,1,0,0,4,4,5,8,11,6,1,2,2,10,12,0,4,7,12,23,46,0,0,0,0,0,0,2,4,5,7,8,7,2,1,2
1034,8,3,3,2,5,3,4,6,6,9,2,23,20,40,18,16,0,1,1,4,6,1,12,9,7,7,9,16,39,28,31,1,0,0,4,4,5,11,1,0,5,24,27,39,23,55,3,5,10,20,38,0,0,0,0,0,0,6,6,6,22,16,22,33,35,15
1035,8,3,3,2,5,3,4,3,12,9,10,24,20,40,53,8,0,1,1,4,6,1,12,9,7,7,9,16,39,28,31,1,0,0,4,4,5,11,1,0,5,24,27,39,23,55,3,5,10,20,38,0,0,0,0,0,0,6,6,6,22,16,22,33,35,15
1036,7,3,3,1,3,6,1,8,10,8,0,21,22,48,24,4,0,1,1,6,1,1,2,8,1,20,6,25,32,13,25,1,0,0,4,4,5,1,7,13,17,10,22,16,43,26,4,7,13,25,48,0,0,0,0,0,0,7,7,8,25,24,25,27,27,26
1037,7,3,3,1,3,6,1,8,10,4,18,25,22,54,34,45,0,1,1,6,1,1,2,8,1,15,24,1,13,21,1,1,0,0,4,4,5,1,7,13,13,17,10,8,20,47,4,7,13,24,47,0,0,0,0,0,0,7,7,8,5,5,5,7,6,7
1038,8,3,3,2,5,3,4,3,12,9,10,24,20,40,53,12,0,1,1,4,6,1,12,9,7,7,9,16,39,28,31,1,0,0,4,4,5,11,1,0,5,24,27,2,48,40,3,5,10,20,38,0,0,0,0,0,0,6,6,6,22,16,22,33,37,15
1039,11,0,0,2,0,4,5,13,8,6,4,20,19,34,41,30,2,3,2,2,3,2,3,2,2,2,2,2,16,39,44,0,1,3,6,2,1,3,9,4,16,4,8,3,7,2,2,3,6,12,26,2,2,2,2,2,2,1,1,1,1,1,2,23,15,25
1040,8,3,3,1,5,3,4,6,12,9,10,15,20,32,9,12,0,1,1,4,6,1,12,9,7,7,9,16,36,42,45,1,0,0,4,4,5,5,7,3,22,16,15,34,13,12,4,7,13,25,51,0,0,0,0,0,0,6,6,6,15,15,15,51,51,51
1041,3,1,2,0,1,2,0,1,7,7,6,17,24,14,27,24,1,2,0,1,2,0,1,4,0,1,4,22,53,48,17,2,2,2,5,6,3,5,5,3,24,0,26,23,29,18,1,1,2,4,12,1,1,1,1,1,1,0,0,0,13,10,9,13,16,36
1042,7,3,3,1,3,6,1,3,12,8,18,25,22,54,35,21,0,1,1,6,1,1,2,8,1,15,24,1,54,21,1,1,0,0,4,4,5,1,7,13,13,17,10,2,1,47,4,7,13,24,47,0,0,0,0,0,0,7,7,8,5,5,5,7,6,7
1043,6,3,3,1,3,6,3,0,11,11,0,4,15,12,14,32,0,1,1,0,6,5,0,7,5,0,17,11,0,9,52,1,0,0,0,5,0,4,8,1,9,8,13,18,0,53,4,6,11,21,39,0,0,0,5,5,4,9,10,3,9,11,10,3,2,1
1044,9,3,3,2,5,3,4,6,6,10,2,23,20,2,44,49,0,1,1,6,1,1,8,1,8,25,13,21,41,11,24,1,0,0,4,4,5,5,7,3,2,26,0,53,47,30,3,5,10,18,34,0,0,0,0,0,0,10,4,10,16,16,16,39,41,43
1045,1,3,2,1,3,6,1,8,9,12,16,26,13,46,55,38,0,1,1,6,1,1,13,5,12,9,12,12,9,29,27,1,0,0,4,4,5,5,7,3,0,13,7,55,14,44,4,7,14,26,53,0,0,0,0,0,4,3,2,7,6,6,4,5,3,3
1046,14,2,0,3,2,5,6,7,5,13,23,22,2,6,40,39,1,0,0,5,4,4,10,6,4,21,14,17,14,18,14,2,2,2,4,4,5,0,1,0,12,9,4,4,10,52,1,2,4,9,20,1,1,1,3,3,3,8,9,9,8,9,8,4,5,4
1047,9,3,1,2,6,1,4,4,1,5,9,10,7,39,13,28,3,1,3,3,5,3,4,3,3,3,3,3,3,3,3,3,3,1,2,3,2,6,10,7,3,3,6,11,11,3,3,4,8,15,31,3,0,3,6,6,6,11,11,11,17,17,17,9,11,11
1048,7,3,3,2,5,3,4,3,6,9,2,23,20,27,8,16,0,1,1,4,6,1,12,9,7,7,9,16,39,28,31,1,0,0,4,4,5,5,1,0,0,19,23,2,1,1,4,7,13,25,51,0,0,0,0,0,0,6,6,6,12,13,13,33,37,15
1049,2,3,3,1,3,6,1,9,10,1,8,18,1,22,22,41,0,1,1,6,1,1,8,11,9,11,10,18,7,41,9,1,0,0,4,4,5,8,11,6,1,2,2,54,35,21,4,7,12,23,44,0,0,0,0,0,0,2,4,5,7,8,7,2,1,2
1050,3,1,2,0,1,2,0,11,4,7,19,17,5,37,52,24,1,2,0,1,2,0,1,4,0,1,11,22,28,25,34,2,2,2,5,6,3,5,5,3,4,19,23,48,53,43,1,1,2,3,7,1,1,1,1,1,1,0,0,0,3,10,9,37,38,33
1051,12,2,0,3,4,0,2,5,0,3,14,13,21,41,10,42,1,0,0,1,0,6,5,0,6,6,0,6,31,38,5,2,2,2,3,1,4,7,0,5,6,7,11,1,3,5,1,2,3,8,19,1,1,1,4,4,5,4,3,2,2,0,1,11,7,29
1052,14,3,3,2,5,3,4,6,6,10,0,23,20,17,8,16,0,1,1,6,1,1,13,1,8,16,1,14,34,35,40,1,0,0,4,4,5,5,7,3,0,13,7,0,32,39,3,5,10,18,35,0,0,0,0,0,0,2,8,7,20,21,21,31,29,34
1053,13,2,0,3,2,5,6,7,13,13,12,2,14,21,2,14,1,0,0,5,4,4,6,6,4,5,7,4,48,30,4,2,2,2,3,1,4,0,6,9,11,1,24,5,6,48,1,2,5,11,24,1,1,1,3,3,3,5,5,4,0,3,0,0,0,0
1054,4,1,2,0,1,2,0,1,7,7,1,3,26,8,16,55,1,2,0,1,2,0,1,4,0,8,19,20,30,12,32,2,2,2,5,6,3,5,5,3,20,25,3,28,30,22,1,1,2,4,11,1,1,1,1,1,1,0,0,0,19,2,12,28,24,27
1055,6,3,3,1,3,6,3,0,11,11,26,4,27,42,14,25,0,1,1,0,6,5,0,7,5,0,17,11,47,53,11,1,0,0,0,5,0,4,8,1,9,8,13,17,5,15,4,6,11,21,40,0,0,0,5,5,4,9,10,3,9,11,10,3,2,1
1056,8,3,3,1,5,3,1,3,12,9,10,24,20,40,53,8,0,1,1,4,6,1,12,9,7,7,9,16,39,28,31,1,0,0,4,4,5,11,1,0,5,24,27,2,48,40,3,5,10,20,38,0,0,0,0,0,0,6,6,6,22,16,22,33,37,15
1057,6,3,3,1,3,6,3,0,11,11,26,4,27,12,14,17,0,1,1,0,6,5,0,7,5,0,17,11,0,9,52,1,0,0,0,5,0,4,8,1,9,8,13,52,40,13,4,6,11,21,39,0,0,0,5,5,4,9,10,3,9,11,10,3,2,1
1058,5,1,2,0,1,2,0,2,2,0,5,27,12,25,17,13,1,2,0,1,2,0,1,4,0,13,11,26,37,44,36,2,2,2,5,6,3,5,5,3,4,19,23,38,4,54,1,1,1,1,1,1,1,1,1,1,1,0,0,0,3,7,6,21,39,39
1059,7,3,3,1,3,6,1,9,10,8,18,25,22,54,35,4,0,1,1,6,1,1,2,8,1,15,24,1,54,21,1,1,0,0,4,4,5,1,7,13,13,17,10,8,20,47,4,7,13,24,47,0,0,0,0,0,0,7,7,8,5,5,5,7,6,7
1060,2,3,3,1,3,6,1,9,10,1,8,9,1,22,37,11,0,1,1,6,1,1,8,11,9,11,10,18,7,41,9,1,0,0,4,4,5,8,11,6,1,2,2,10,12,0,4,7,12,23,45,0,0,0,0,0,0,2,4,5,7,8,7,2,1,2
1061,10,1,2,0,1,2,0,11,4,7,19,17,24,36,27,24,1,2,0,1,2,0,1,4,0,22,19,0,29,50,0,2,2,2,5,6,3,5,5,3,4,19,23,23,4,1,1,1,2,4,12,1,1,1,1,1,1,0,0,0,14,18,14,29,40,46
1062,1,3,3,1,3,6,1,8,9,12,15,26,13,45,31,54,0,1,1,6,1,1,13,5,12,9,12,12,9,29,27,1,0,0,4,4,5,13,2,2,0,13,7,55,14,44,4,7,14,26,53,0,0,0,0,0,4,3,2,7,6,6,4,32,30,35
1063,7,3,3,1,3,6,1,8,10,8,18,21,22,48,24,4,0,1,1,6,1,1,2,8,1,20,6,25,32,13,25,1,0,0,4,4,5,1,7,13,17,10,22,16,43,26,4,7,13,25,48,0,0,0,0,0,0,7,7,8,25,24,25,27,27,26
1064,13,2,0,3,2,5,6,7,13,13,12,2,14,35,15,43,1,0,0,5,4,4,6,6,4,5,23,24,26,24,29,2,2,2,3,1,4,0,6,9,18,22,21,14,25,31,1,2,5,10,22,1,1,1,3,3,3,5,5,4,0,25,0,24,22,19
1065,9,3,3,1,5,3,4,6,6,9,10,1,20,2,44,49,0,1,1,6,1,1,8,1,8,25,13,21,41,11,24,1,0,0,4,4,5,5,7,3,2,26,0,53,47,30,3,5,10,18,34,0,0,0,0,0,0,10,4,10,16,16,16,39,41,43
1066,4,1,2,0,1,2,0,1,7,7,11,3,26,8,16,55,1,2,0,1,2,0,1,4,0,8,19,20,11,46,22,2,2,2,5,6,3,5,5,3,4,19,23,6,9,6,1,1,2,4,11,1,1,1,1,1,1,0,0,0,11,2,18,22,18,20
1067,6,3,3,1,3,6,3,0,11,2,25,4,15,12,31,21,0,1,1,0,6,5,0,13,5,14,5,5,40,33,38,1,0,0,0,5,0,13,2,2,15,20,12,25,24,27,4,6,11,22,41,0,0,0,5,5,4,3,2,3,10,12,11,42,44,44
1068,2,3,3,1,3,6,1,8,9,4,20,11,13,4,12,45,0,1,1,6,1,1,8,11,9,25,13,9,21,31,50,1,0,0,4,4,5,5,7,3,2,26,0,7,34,20,4,7,14,27,54,0,0,0,0,0,0,2,4,5,18,14,19,12,14,10
1069,3,1,2,0,2,5,6,7,5,13,19,17,11,49,30,33,1,2,0,1,2,0,1,4,0,23,16,13,33,34,18,2,2,2,5,6,3,5,5,3,24,0,26,51,31,17,1,1,2,7,16,1,1,1,1,1,1,0,0,0,26,26,26,44,45,45
1070,7,3,3,1,3,6,1,9,10,8,18,21,22,48,24,4,0,1,1,6,1,1,2,8,1,20,6,25,32,13,25,1,0,0,4,4,5,1,7,13,17,10,22,16,43,26,4,7,13,25,48,0,0,0,0,0,0,7,7,8,25,24,25,27,27,26
1071,14,2,0,3,2,5,6,7,5,13,23,22,2,6,40,2,1,0,0,5,4,4,10,6,4,21,14,17,14,18,14,2,2,2,3,1,4,0,6,9,12,9,4,4,10,52,1,2,4,9,20,1,1,1,3,3,3,8,9,9,8,9,8,4,5,4
1072,8,3,3,2,5,3,4,6,12,9,10,15,20,32,19,12,0,1,1,4,6,1,12,9,7,7,9,16,8,20,7,1,0,0,4,4,5,5,1,0,22,16,15,39,23,55,3,5,10,17,33,0,0,0,0,0,0,6,6,6,15,15,15,16,13,13
1073,5,1,2,0,1,2,0,2,2,0,5,8,17,25,17,22,1,2,0,1,2,0,11,4,11,13,20,26,37,44,36,2,2,2,5,6,3,2,3,12,10,11,17,45,37,33,1,1,1,1,1,1,1,1,1,1,1,0,0,0,3,7,6,21,10,6
1074,1,2,0,3,2,5,6,7,13,13,7,12,14,21,2,27,1,0,0,5,4,4,6,6,4,5,7,4,48,30,4,2,2,2,3,1,4,0,6,9,11,1,24,5,6,48,1,2,5,11,24,1,1,1,3,3,3,5,5,4,0,3,0,0,0,0
1075,11,0,0,2,0,4,5,13,8,6,4,20,19,34,4,23,2,3,2,2,3,2,3,2,2,2,2,2,43,2,42,0,1,3,6,2,1,3,9,4,16,4,8,49,52,14,2,3,6,12,26,2,2,2,2,2,2,1,1,1,1,1,2,10,26,9
1076,9,3,3,2,5,3,4,6,6,10,2,23,20,2,8,49,0,1,1,4,6,1,12,1,8,4,9,16,23,49,47,1,0,0,4,4,5,5,7,3,5,24,27,20,42,23,3,5,10,20,38,0,0,0,0,0,0,10,8,10,22,16,22,41,35,15
1077,3,1,2,0,1,2,0,11,4,0,24,17,18,37,52,24,1,2,0,1,2,0,1,4,0,1,4,22,35,48,17,2,2,2,5,6,3,5,5,3,4,19,23,32,29,18,1,1,2,3,6,1,1,1,1,1,1,0,0,0,13,10,9,13,16,24
1078,14,3,0,1,3,6,1,8,9,4,20,14,13,18,28,46,0,1,1,6,1,1,13,1,12,18,1,14,19,1,19,1,0,0,4,4,5,5,7,3,23,14,16,21,15,11,4,7,14,28,55,0,0,0,2,0,3,2,8,7,20,21,21,40,42,40
1079,10,0,0,2,0,4,5,10,8,6,4,20,19,5,29,23,2,3,2,2,3,2,3,12,13,12,15,27,38,54,51,0,1,3,6,2,1,5,9,3,16,4,8,49,52,14,2,3,6,12,26,2,2,2,2,2,2,1,1,1,4,4,3,46,26,9
1080,14,3,3,1,5,6,4,6,9,10,20,14,10,18,23,52,0,1,1,6,1,1,13,1,8,16,1,14,34,35,40,1,0,0,4,4,5,5,7,3,0,13,7,0,32,39,1,1,2,5,13,0,0,0,0,0,0,10,8,10,20,19,21,31,29,34
1081,5,1,2,0,1,2,0,1,7,12,13,3,25,23,3,26,0,1,1,6,1,1,8,1,8,24,18,21,27,47,8,1,0,0,4,4,5,5,5,3,26,21,25,37,2,38,4,7,14,26,53,0,0,0,0,0,0,10,8,10,16,19,16,26,25,23
1082,12,2,0,3,4,0,2,5,0,3,14,13,23,53,0,34,1,0,0,1,0,6,5,0,6,6,0,6,31,0,39,2,2,2,3,1,4,7,0,5,6,7,11,1,3,5,1,1,2,2,4,1,1,1,4,4,5,4,3,2,2,0,1,1,4,5
1083,5,1,2,0,1,2,0,2,2,0,5,27,12,50,51,13,1,2,0,1,2,0,11,4,11,26,20,10,12,10,13,2,2,2,5,6,3,2,3,12,10,11,17,12,45,16,1,1,1,1,2,1,1,1,1,1,1,0,0,0,3,7,6,15,10,6
1084,10,0,0,2,0,4,5,13,8,6,4,20,19,13,21,30,2,3,2,2,3,2,3,12,13,12,15,27,2,26,2,0,1,3,6,2,1,12,12,8,8,12,20,44,54,10,2,3,6,12,27,2,2,2,2,2,2,1,1,1,4,4,3,19,21,18
1085,1,2,3,1,3,6,1,8,9,12,15,0,13,46,39,3,0,1,1,6,1,1,13,5,12,9,12,12,9,29,48,2,2,2,4,4,5,5,7,3,0,13,7,55,14,9,4,7,14,26,52,0,0,0,0,0,4,3,2,7,6,6,4,5,3,3
1086,11,0,0,2,0,4,5,12,3,6,3,7,4,47,48,5,2,3,2,2,3,2,3,2,2,2,2,2,43,2,42,0,1,3,6,2,1,3,9,4,16,4,8,27,36,36,2,3,7,13,28,2,2,2,2,2,2,1,1,1,1,1,2,10,26,17
1087,14,2,0,3,2,5,6,7,5,13,23,22,2,6,40,39,1,0,0,5,4,4,10,6,4,21,14,17,14,18,41,2,2,2,3,1,4,0,6,9,12,9,4,4,10,52,1,2,4,9,21,1,1,1,3,3,3,8,9,9,8,9,8,4,5,4
1088,3,1,2,0,4,0,2,11,7,7,19,19,24,14,52,10,1,2,0,1,2,0,1,4,0,1,4,22,35,48,17,2,2,2,3,1,4,5,5,3,4,19,23,32,29,18,1,1,2,2,5,1,1,1,1,1,1,0,0,0,13,10,9,13,16,24
1089,13,2,0,3,2,5,6,7,13,13,12,2,14,35,15,14,1,0,0,5,4,4,6,6,4,5,23,24,26,24,29,2,2,2,3,1,4,0,6,9,18,22,21,14,25,31,1,2,5,10,22,1,1,1,3,3,3,5,5,4,0,25,0,24,22,19
1090,1,3,3,1,3,6,1,8,9,12,16,26,13,46,55,54,0,1,1,6,1,1,13,5,12,9,12,12,9,29,27,1,0,0,4,4,5,5,7,3,0,13,7,55,14,44,4,7,14,26,53,0,0,0,0,0,4,3,2,7,6,6,4,5,3,3
1091,7,3,3,1,3,6,1,8,10,8,18,1,22,54,34,4,0,1,1,6,1,1,2,8,1,15,24,1,54,21,1,1,0,0,4,4,5,1,7,13,13,17,10,2,1,9,4,7,13,24,47,0,0,0,0,0,0,7,7,8,5,5,5,7,6,54
1092,3,1,2,0,1,2,0,1,7,0,13,3,16,23,3,26,1,2,0,1,2,0,1,4,0,23,16,13,45,51,30,2,2,2,5,6,3,5,5,3,24,0,26,41,27,43,1,1,2,6,14,1,1,1,1,1,1,0,0,0,24,23,24,18,19,21
1093,7,3,3,1,3,6,1,8,10,8,18,21,22,27,24,26,0,1,1,6,1,1,2,1,8,20,6,23,50,47,49,1,0,0,4,4,5,1,7,13,17,10,22,16,43,26,4,7,13,25,48,0,0,0,0,0,0,7,7,8,25,24,25,27,27,26
1094,12,2,0,3,4,0,2,5,0,3,14,19,23,28,20,44,1,0,0,1,0,6,5,0,6,6,0,6,31,0,5,2,2,2,3,1,4,7,0,5,6,7,11,1,3,5,1,1,2,3,8,1,1,1,4,4,5,4,3,2,2,0,1,50,52,50
1095,1,2,0,3,3,6,1,8,9,12,15,26,13,46,55,38,0,1,1,6,1,1,13,5,12,9,12,12,9,29,27,1,0,0,4,4,5,5,7,3,0,13,7,55,14,44,4,7,14,26,53,0,0,0,0,0,4,3,2,7,6,6,4,5,3,3
1096,6,3,3,1,3,6,3,0,11,11,26,4,27,12,14,32,0,1,1,0,6,5,0,7,5,0,17,11,47,53,11,1,0,0,0,5,0,4,8,1,9,8,13,2,1,1,4,6,11,21,39,0,0,0,5,5,4,9,10,3,9,11,10,3,2,1
1097,1,2,0,3,4,0,2,5,0,3,14,0,5,28,0,34,1,0,0,1,0,6,5,0,6,6,0,6,6,36,37,2,2,2,3,1,4,7,0,5,6,7,11,35,33,35,1,1,2,2,3,1,1,1,4,4,5,4,3,2,27,27,27,36,32,42
1098,4,1,2,0,1,2,0,11,4,0,21,16,6,9,54,53,1,2,0,1,2,0,1,4,0,27,19,20,24,23,23,2,2,2,5,6,3,5,5,3,4,19,23,6,9,6,1,1,2,4,9,1,1,1,1,1,1,0,0,0,11,2,18,22,18,20
1099,9,3,1,2,6,1,4,4,1,5,9,10,7,39,13,29,3,1,3,3,5,3,4,3,3,3,3,3,3,3,3,3,3,1,2,3,2,6,10,7,3,3,6,30,41,46,3,4,8,15,31,3,0,3,6,6,6,11,11,11,17,17,17,9,11,11
1100,8,3,3,2,5,3,4,6,12,9,10,15,20,32,19,12,0,1,1,4,6,1,12,9,7,7,9,16,8,20,7,1,0,0,4,4,5,11,1,0,22,16,15,43,38,28,3,5,10,17,33,0,0,0,0,0,0,6,6,6,15,15,15,16,13,13
1101,1,2,0,3,4,0,2,5,0,3,14,0,5,41,0,34,1,0,0,1,0,6,5,0,6,6,0,6,6,36,37,2,2,2,3,1,4,7,0,5,6,7,11,35,33,35,1,2,3,8,18,1,1,1,4,4,5,4,3,2,27,27,27,36,32,42
1102,14,3,3,2,5,3,4,6,9,4,20,14,10,17,45,6,0,1,1,6,1,1,8,1,8,24,18,21,4,35,21,1,0,0,4,4,5,5,7,3,7,27,5,42,1,49,1,1,2,5,13,0,0,0,0,0,0,10,8,10,20,19,21,30,28,34
1103,10,0,0,2,0,4,5,10,3,6,27,7,4,43,29,50,2,3,2,2,3,2,3,12,13,12,15,27,38,54,51,0,1,3,6,2,1,12,12,8,8,12,20,49,52,14,2,3,7,14,30,2,2,2,2,2,2,1,1,1,4,4,3,46,12,32
1104,8,3,3,2,5,3,4,6,12,9,10,15,20,32,19,12,0,1,1,4,6,1,12,9,7,7,9,16,8,20,7,1,0,0,4,4,5,5,1,0,22,16,15,39,23,55,3,5,10,17,33,0,0,0,0,0,0,6,6,6,15,15,15,16,13,13
1105,6,3,3,1,3,6,3,0,11,11,26,4,27,42,14,25,0,1,1,0,6,5,0,7,5,0,17,11,47,53,11,1,0,0,0,5,0,4,8,1,9,8,13,17,5,15,4,6,11,21,40,0,0,0,5,5,4,9,10,3,9,11,10,3,2,1
1106,11,0,0,2,0,4,5,13,8,6,4,20,19,34,4,23,2,3,2,2,3,2,3,2,2,2,2,2,43,2,42,0,1,3,6,2,1,3,9,4,16,4,8,49,52,14,2,3,6,12,26,2,2,2,2,2,2,1,1,1,1,1,2,10,26,9
1107,8,0,3,2,5,3,4,3,6,9,2,23,9,29,5,40,0,1,1,4,6,1,7,9,7,19,22,7,51,8,33,1,0,0,4,4,5,11,1,0,25,5,1,22,17,24,3,5,10,19,36,0,0,0,0,0,0,6,6,6,12,13,13,6,9,8
1108,8,3,3,2,5,3,4,3,12,9,10,24,9,7,53,8,0,1,1,4,6,1,7,9,7,19,22,7,17,45,15,1,0,0,4,4,5,11,1,0,25,5,1,40,48,40,3,5,10,20,37,0,0,0,0,0,0,6,6,6,12,13,13,6,9,8
1109,8,3,3,2,5,3,4,3,6,9,2,23,20,40,8,49,0,1,1,4,6,1,12,9,7,4,9,16,23,49,47,1,0,0,4,4,5,5,1,0,5,24,27,20,42,23,3,5,10,20,38,0,0,0,0,0,0,10,8,10,22,16,22,41,35,15
1110,5,1,2,0,1,2,0,11,4,7,19,8,24,36,17,10,1,2,0,1,2,0,11,4,11,13,11,26,37,44,36,2,2,2,5,6,3,5,5,3,4,19,23,45,4,1,1,1,1,1,1,1,1,1,1,1,1,0,0,0,3,7,6,21,31,39
1111,5,1,2,0,1,2,0,2,2,0,5,27,12,50,25,13,1,2,0,1,2,0,11,4,11,26,20,10,12,10,13,2,2,2,5,6,3,2,3,12,10,11,17,12,45,16,1,1,1,1,2,1,1,1,1,1,1,0,0,0,3,7,6,15,10,6
1112,4,1,2,0,1,2,0,1,7,7,11,3,26,49,16,36,1,2,0,1,2,0,1,4,0,22,19,0,29,50,0,2,2,2,5,6,3,5,5,3,7,27,5,23,4,1,1,1,2,4,12,1,1,1,1,1,1,0,0,0,14,18,14,29,40,41
1113,11,0,0,2,0,4,5,12,3,6,3,7,4,38,46,5,2,3,2,2,3,2,3,2,2,2,2,2,16,39,44,0,1,3,6,2,1,3,9,4,16,4,8,3,7,2,2,3,7,13,28,2,2,2,2,2,2,1,1,1,1,1,2,23,15,25
1114,11,0,3,2,0,4,5,13,8,6,4,20,19,34,4,23,2,3,2,2,3,2,3,2,2,2,2,2,43,2,42,0,1,3,6,2,1,3,9,4,16,4,8,49,52,14,2,3,6,12,26,2,2,2,2,2,2,1,1,1,1,1,2,42,26,9
1115,13,2,0,3,2,5,6,7,13,13,7,12,14,10,7,31,1,0,0,5,4,4,6,6,4,5,7,4,5,30,54,2,2,2,3,1,4,0,6,9,11,1,24,5,6,48,1,2,5,11,24,1,1,1,3,3,3,5,5,4,0,3,0,0,0,0
1116,5,1,2,0,1,2,0,2,4,0,19,8,0,25,17,48,1,2,0,1,2,0,11,4,11,13,11,26,37,44,36,2,2,2,5,6,3,5,5,3,4,19,23,38,53,54,1,1,1,1,1,1,1,1,1,1,1,0,0,0,3,7,6,35,39,31
1117,12,2,0,3,4,0,2,5,0,3,14,19,23,28,20,44,1,0,0,1,0,6,5,0,6,6,0,6,31,0,5,2,2,2,3,1,4,7,0,5,6,7,11,1,3,5,1,1,2,3,8,1,1,1,4,4,5,4,3,2,2,0,1,50,52,50
1118,2,3,3,1,3,6,1,9,10,1,8,18,1,22,22,11,0,1,1,6,1,1,8,11,9,11,10,18,49,7,9,1,0,0,4,4,5,8,11,6,2,26,0,54,35,21,4,7,12,23,44,0,0,0,0,0,0,2,4,5,7,8,7,2,1,10
1119,10,0,0,2,0,4,5,13,8,6,4,20,19,44,26,7,2,3,2,2,3,2,3,12,13,17,26,19,22,16,20,0,1,3,6,2,1,10,4,10,21,18,19,9,22,37,2,3,6,12,25,2,2,2,2,2,2,13,13,13,23,22,23,25,23,22
1120,2,3,3,1,3,6,1,9,10,1,8,21,1,11,22,45,0,1,1,6,1,1,2,8,1,20,6,25,32,13,25,1,0,0,4,4,5,1,7,13,17,10,22,16,43,26,4,7,12,23,44,0,0,0,0,0,0,7,7,8,25,24,25,27,27,26
1121,10,0,0,2,0,4,5,10,3,6,27,7,8,43,33,15,2,3,2,2,3,2,3,12,13,12,15,15,25,52,35,0,1,3,6,2,1,12,12,8,8,12,20,19,28,29,2,3,7,14,29,2,2,2,2,2,2,1,1,1,4,4,3,14,12,12
1122,11,0,0,2,0,4,5,13,8,6,4,20,19,34,41,30,2,3,2,2,3,2,3,2,2,2,2,2,16,39,44,0,1,3,6,2,1,3,9,4,16,4,8,3,7,2,2,3,6,12,26,2,2,2,2,2,2,1,1,1,1,1,2,23,15,25
1123,4,1,2,0,1,2,0,11,7,7,21,16,6,33,54,53,1,2,0,1,2,0,1,4,0,27,19,20,24,23,23,2,2,2,5,6,3,5,5,3,4,19,23,6,9,6,1,1,2,4,10,1,1,1,1,1,1,0,0,0,11,2,18,22,18,20
1124,2,3,3,1,3,6,1,8,9,4,20,11,13,4,12,45,0,1,1,6,1,1,2,8,1,20,6,25,55,13,25,1,0,0,4,4,5,5,7,3,2,26,0,7,34,20,4,7,14,27,54,0,0,0,0,0,0,2,4,5,18,14,19,12,14,10
1125,1,3,3,1,3,6,1,8,9,12,16,26,13,46,49,54,0,1,1,6,1,1,13,5,12,9,12,12,9,29,27,1,0,0,4,4,5,5,7,3,0,13,7,55,14,44,4,7,14,26,53,0,0,0,0,0,4,3,2,7,6,6,4,5,3,3
1126,5,1,2,0,1,2,0,1,7,0,1,3,25,23,30,48,1,2,0,1,2,0,1,4,0,8,19,20,11,55,22,2,2,2,5,6,3,5,5,3,20,25,3,2,1,1,1,1,2,6,15,1,1,1,1,1,1,0,0,0,19,2,12,35,49,31
1127,8,3,3,2,5,3,4,3,12,9,10,24,9,55,53,8,0,1,1,4,6,1,7,9,7,19,22,7,17,45,15,1,0,0,4,4,5,11,1,0,5,24,27,40,48,40,3,5,10,20,37,0,0,0,0,0,0,6,6,6,12,13,13,6,9,8
1128,7,3,3,1,3,6,1,8,10,8,18,21,22,11,24,4,0,1,1,6,1,1,2,8,1,20,6,25,55,13,25,1,0,0,4,4,5,5,7,3,17,10,22,2,1,9,4,7,13,24,47,0,0,0,0,0,0,7,7,8,25,24,25,49,50,52
1129,10,0,0,2,0,4,5,10,3,6,27,7,8,13,21,15,2,3,2,2,3,2,3,12,13,12,15,27,2,26,2,0,1,3,6,2,1,12,12,8,8,12,20,44,54,10,2,3,7,13,28,2,2,2,2,2,2,1,1,1,4,4,3,19,21,18
1130,4,1,2,0,1,2,0,11,7,7,21,16,6,33,54,35,1,2,0,1,2,0,1,4,0,27,19,20,24,23,23,2,2,2,5,6,3,5,5,3,4,19,23,6,9,6,1,1,2,4,10,1,1,1,1,1,1,0,0,0,11,2,18,22,18,20
1131,13,2,0,3,2,5,6,7,13,13,7,12,14,21,2,27,1,0,0,5,4,4,6,6,4,5,7,4,48,30,4,2,2,2,3,1,4,0,6,9,11,1,24,5,6,48,1,2,5,11,24,1,1,1,3,3,3,5,5,4,0,3,0,0,0,0
1132,2,3,3,1,3,6,1,8,9,4,20,11,13,4,44,45,0,1,1,6,1,1,8,11,9,25,13,9,21,31,50,1,0,0,4,4,5,5,7,3,2,26,0,53,47,30,3,5,10,18,34,0,0,0,0,0,0,2,4,5,16,14,16,39,41,43
1133,4,1,2,0,1,2,0,1,7,7,1,16,26,1,47,55,1,2,0,1,2,0,1,4,0,8,19,20,30,12,32,2,2,2,5,6,3,5,5,3,20,25,3,28,30,22,1,1,2,4,11,1,1,1,1,1,1,0,0,0,19,2,12,28,24,27
1134,11,0,0,2,0,4,5,13,8,6,4,20,19,5,41,30,2,3,2,2,3,2,3,12,13,17,21,19,22,26,20,0,1,3,6,2,1,3,9,4,16,4,8,44,54,10,2,3,6,12,26,2,2,2,2,2,2,1,1,1,4,4,3,19,21,18
1135,4,1,2,0,1,2,0,1,7,7,11,3,24,49,45,36,1,2,0,1,2,0,1,4,0,22,19,0,29,50,0,2,2,2,5,6,3,5,5,3,4,19,23,23,4,1,1,1,2,4,10,1,1,1,1,1,1,0,0,0,14,18,14,29,40,46
1136,8,3,3,1,5,3,1,6,12,9,10,15,20,32,9,12,0,1,1,4,6,1,12,9,7,7,9,16,36,42,45,1,0,0,4,4,5,5,7,3,22,16,15,34,13,12,4,7,13,25,51,0,0,0,0,0,0,6,6,6,15,15,15,51,51,51
1137,2,3,3,1,3,6,1,9,10,1,8,9,1,22,37,41,0,1,1,6,1,1,8,11,9,11,10,18,49,7,9,1,0,0,4,4,5,8,11,6,1,2,2,10,12,0,4,7,12,23,44,0,0,0,0,0,0,2,4,5,7,8,7,2,1,2
1138,9,3,3,1,5,3,1,6,10,8,10,15,20,32,19,12,0,1,1,4,6,1,12,9,7,7,9,16,8,20,7,1,0,0,4,4,5,5,7,3,26,21,25,2,1,1,4,7,13,24,47,0,0,0,0,0,0,6,6,6,15,15,15,16,13,13
1139,11,0,0,2,0,4,5,12,3,6,3,7,4,47,46,5,2,3,2,2,3,2,3,2,2,2,2,2,44,43,16,0,1,3,6,2,1,3,9,4,16,4,8,49,52,14,2,3,7,13,28,2,2,2,2,2,2,1,1,1,1,1,2,10,15,9
1140,14,2,0,3,2,5,6,7,5,13,23,22,11,6,40,47,1,0,0,5,4,4,6,6,4,5,23,24,26,6,29,2,2,2,3,1,4,0,6,9,24,0,26,2,1,52,1,1,2,7,17,1,1,1,3,3,3,8,9,9,8,9,8,38,36,38
1141,9,3,3,2,5,3,4,6,6,10,22,5,3,15,43,19,0,1,1,4,6,1,9,10,10,10,8,8,10,14,10,1,0,0,1,0,6,9,13,11,14,6,9,15,19,8,3,5,9,16,32,0,3,0,0,0,0,12,12,12,21,20,20,17,17,14
1142,7,3,3,1,3,6,1,8,10,8,18,1,22,27,1,4,0,1,1,6,1,1,2,8,1,15,24,1,54,21,1,1,0,0,4,4,5,1,7,13,13,17,10,8,20,47,4,7,13,24,47,0,0,0,0,0,0,7,7,8,5,5,5,7,6,7
1143,6,3,3,1,3,6,3,0,11,2,0,26,15,0,42,37,0,1,1,0,6,5,0,13,5,14,5,5,15,33,55,1,0,0,0,5,0,13,2,2,15,20,12,29,50,51,4,6,11,22,43,0,0,0,5,5,4,3,2,3,10,12,11,20,20,16
1144,11,0,0,2,0,4,5,12,3,6,3,7,4,34,4,23,2,3,2,2,3,2,3,2,2,2,2,2,43,2,42,0,1,3,6,2,1,3,9,4,16,4,8,49,52,14,2,3,7,14,30,2,2,2,2,2,2,1,1,1,1,1,2,10,26,9
1145,3,1,2,0,4,0,2,11,0,3,6,17,5,37,52,24,1,2,0,1,2,0,1,4,0,1,4,22,35,48,17,2,2,2,5,6,3,5,5,3,4,19,23,32,29,18,1,1,2,2,4,1,1,1,1,1,1,0,0,0,13,10,9,13,16,24
1146,5,1,2,0,1,2,0,11,4,0,19,8,17,36,17,48,1,2,0,1,2,0,1,4,0,1,11,20,28,25,34,2,2,2,5,6,3,5,5,3,4,19,23,48,53,43,1,1,2,3,7,1,1,1,1,1,1,0,0,0,3,10,9,37,38,33
1147,7,3,3,1,3,6,1,8,10,8,18,25,22,19,35,4,0,1,1,6,1,1,2,8,1,15,24,1,13,21,1,1,0,0,4,4,5,1,7,13,13,17,10,8,20,47,4,7,13,24,47,0,0,0,0,0,0,7,7,8,5,5,5,7,6,7
1148,13,2,0,3,2,5,6,7,13,13,7,12,14,21,2,14,1,0,0,5,4,4,6,6,4,5,7,4,48,30,53,2,2,2,3,1,4,0,6,9,11,1,24,5,6,48,1,2,5,11,24,1,1,1,3,3,3,5,5,4,0,3,0,0,0,0
1149,5,1,2,0,1,2,0,2,2,0,5,8,17,25,17,22,1,2,0,1,2,0,11,4,11,13,11,26,37,44,36,2,2,2,5,6,3,5,5,3,4,19,23,38,4,54,4,7,13,25,50,1,1,1,1,1,1,0,0,0,3,7,6,21,39,39
1150,10,0,0,2,0,4,5,13,8,6,4,20,19,16,21,30,2,3,2,2,3,2,3,12,13,12,15,27,2,19,2,0,1,3,6,2,1,12,12,8,8,12,20,44,54,10,2,3,6,12,27,2,2,2,2,2,2,1,1,1,4,4,3,19,21,18
1151,1,3,3,1,3,6,1,8,9,12,15,26,13,45,55,54,0,1,1,6,1,1,13,5,12,9,12,12,9,29,27,1,0,0,4,4,5,5,7,3,0,13,7,55,14,44,4,7,14,26,53,0,0,0,0,0,4,3,2,7,6,6,4,5,3,3
1152,13,2,0,3,2,5,6,7,13,13,12,2,14,21,2,14,1,0,0,5,4,4,6,6,4,5,7,4,48,6,4,2,2,2,3,1,4,0,6,9,11,1,24,5,6,48,1,2,5,11,24,1,1,1,3,3,3,5,5,4,0,3,0,0,0,0
1153,12,2,0,3,4,0,2,5,0,3,14,19,23,53,20,44,1,0,0,1,0,6,5,0,6,6,0,6,31,0,26,2,2,2,3,1,4,7,0,5,6,7,11,1,3,5,1,2,3,8,18,1,1,1,4,4,5,4,3,2,2,0,1,1,4,28
1154,9,3,3,2,5,3,4,6,6,10,22,6,3,15,43,19,0,1,1,4,6,1,9,10,10,10,8,8,10,14,10,1,0,0,1,0,6,9,13,11,14,6,9,15,19,8,3,5,9,16,32,0,3,0,0,0,0,12,12,12,21,20,20,17,17,14
1155,5,1,2,0,1,2,0,1,7,7,13,3,25,23,3,26,1,2,0,1,2,0,1,4,0,23,16,13,45,27,43,2,2,2,5,6,3,5,5,3,24,0,26,26,21,25,1,1,2,6,14,1,1,1,1,1,1,0,0,0,24,23,24,18,19,21
1156,8,3,3,2,5,3,4,3,12,9,10,24,9,55,53,8,0,1,1,4,6,1,7,9,7,19,22,7,17,45,15,1,0,0,4,4,5,11,1,0,25,5,1,40,48,40,3,5,10,20,37,0,0,0,0,0,0,6,6,6,12,13,13,6,9,8
1157,14,2,0,3,2,5,6,7,5,13,23,22,2,30,40,39,1,0,0,5,4,4,10,6,4,21,14,17,14,18,41,2,2,2,3,1,4,0,6,9,12,9,4,4,10,52,1,2,4,9,21,1,1,1,3,3,3,8,9,9,8,9,8,4,5,4
1158,5,1,2,0,1,2,0,1,7,7,13,3,25,23,3,26,1,2,0,1,2,0,1,4,0,23,16,13,45,27,43,2,2,2,5,6,3,5,5,3,24,0,26,26,21,25,1,1,2,6,14,1,1,1,1,1,1,0,0,0,24,23,24,18,19,21
1159,3,1,2,0,1,2,0,11,4,0,19,17,18,36,52,24,1,2,0,1,2,0,1,4,0,1,4,22,28,48,17,2,2,2,5,6,3,5,5,3,4,19,23,48,29,18,1,1,2,3,6,1,1,1,1,1,1,0,0,0,13,10,9,37,38,33
1160,1,3,3,1,3,6,1,8,9,12,15,26,13,46,55,54,0,1,1,6,1,1,13,5,12,9,12,12,9,29,27,1,0,0,4,4,5,5,7,3,0,13,7,55,14,44,4,7,14,26,53,0,0,0,0,0,4,3,2,7,6,6,4,5,3,3
1161,12,2,0,3,4,0,2,5,0,3,14,19,23,28,20,33,1,0,0,1,0,6,5,0,6,6,0,6,31,38,5,2,2,2,3,1,4,7,0,5,24,0,26,46,39,42,1,2,3,8,19,1,1,1,4,4,5,4,3,2,26,26,26,38,36,38
1162,2,3,3,1,3,6,1,9,10,1,8,9,1,22,37,41,0,1,1,6,1,1,8,11,9,11,10,18,7,41,9,1,0,0,4,4,5,8,11,6,1,2,2,10,12,0,4,7,12,23,46,0,0,0,0,0,0,2,4,5,7,8,7,2,1,2
1163,13,2,0,3,2,5,6,7,13,13,7,12,14,10,7,27,1,0,0,5,4,4,6,6,4,5,7,4,5,30,54,2,2,2,3,1,4,0,6,9,11,1,24,5,6,48,1,2,5,11,24,1,1,1,3,3,3,5,5,4,0,3,0,0,0,0
1164,5,1,2,0,1,2,0,2,2,0,5,27,12,50,25,13,1,2,0,1,2,0,11,4,11,26,20,10,12,10,13,2,2,2,5,6,3,2,3,12,10,11,17,12,45,16,1,1,1,1,2,1,1,1,1,1,1,0,0,0,3,7,6,15,10,6
1165,9,3,3,2,5,3,4,6,6,10,2,23,20,2,8,49,0,1,1,4,6,1,12,1,8,4,9,16,23,49,47,1,0,0,4,4,5,5,7,3,5,24,27,20,42,23,3,5,10,20,38,0,0,0,0,0,0,10,8,10,22,16,22,41,35,15
1166,14,0,0,2,0,4,5,10,9,4,20,14,13,18,28,46,2,3,2,2,3,2,3,12,13,12,15,15,25,52,35,0,1,3,6,2,1,12,12,8,8,12,20,2,1,1,4,7,14,28,55,2,2,2,2,2,2,1,1,1,20,21,21,40,42,40
1167,7,3,3,2,3,6,4,8,9,8,18,1,22,27,38,26,0,1,1,6,1,1,2,1,8,20,6,23,50,47,49,1,0,0,4,4,5,1,7,13,26,21,25,24,49,45,4,7,13,25,51,0,0,0,0,0,0,7,7,8,5,19,16,48,47,49
1168,1,3,3,1,3,6,3,8,9,2,0,26,15,0,42,54,0,1,1,6,1,1,13,5,12,9,12,12,9,29,27,1,0,0,4,4,5,5,7,3,0,13,7,2,1,9,4,6,11,22,43,0,0,0,0,0,4,3,2,7,6,6,4,20,20,16
1169,11,0,0,2,0,4,5,13,8,6,4,20,19,34,41,30,2,3,2,2,3,2,3,2,2,2,2,2,16,39,44,0,1,3,6,2,1,3,9,4,16,4,8,3,7,2,2,3,6,12,26,2,2,2,2,2,2,1,1,1,1,1,2,23,15,25
1170,11,0,0,2,0,4,5,12,3,6,3,7,4,3,46,5,2,3,2,2,3,2,3,2,2,2,2,2,44,43,16,0,1,3,6,2,1,3,9,4,16,4,8,27,36,36,2,3,7,13,28,2,2,2,2,2,2,1,1,1,1,1,2,8,8,17
1171,9,3,3,2,5,3,4,6,6,10,2,23,20,2,44,49,0,1,1,6,1,1,8,1,8,25,18,21,41,11,24,1,0,0,4,4,5,5,7,3,2,26,0,53,47,30,3,5,10,18,34,0,0,0,0,0,0,10,4,10,16,16,16,39,41,43
1172,4,1,2,0,1,2,0,1,7,7,11,3,26,8,16,55,1,2,0,1,2,0,1,4,0,23,16,13,18,51,30,2,2,2,5,6,3,5,5,3,24,19,26,26,21,25,1,1,2,6,14,1,1,1,1,1,1,0,0,0,24,23,12,18,19,31
1173,11,0,0,2,0,4,5,13,8,6,4,20,19,34,4,23,2,3,2,2,3,2,3,2,2,2,2,2,43,2,42,0,1,3,6,2,1,3,9,4,16,4,8,49,52,14,2,3,6,12,26,2,2,2,2,2,2,1,1,1,1,1,2,10,26,9
1174,4,1,2,0,1,2,0,1,7,7,11,3,24,49,27,18,1,2,0,1,2,0,1,4,0,22,19,0,29,50,0,2,2,2,5,6,3,5,5,3,7,27,5,23,4,1,1,1,2,4,12,1,1,1,1,1,1,0,0,0,14,18,14,29,40,46
1175,10,0,0,2,0,4,5,13,8,6,4,20,8,16,32,30,2,3,2,2,3,2,3,12,13,12,15,15,2,19,2,0,1,3,6,2,1,12,12,8,8,12,20,44,54,10,2,3,6,12,27,2,2,2,2,2,2,1,1,1,4,4,3,19,21,18
1176,7,3,3,1,3,6,1,8,10,8,18,25,22,19,35,4,0,1,1,6,1,1,2,8,1,15,24,1,13,21,1,1,0,0,4,4,5,1,7,13,13,17,10,8,20,47,4,7,13,24,47,0,0,0,0,0,0,7,7,8,5,5,5,7,6,7
1177,13,2,0,3,2,5,6,7,13,13,7,12,14,21,2,27,1,0,0,5,4,4,6,6,4,5,7,4,48,30,4,2,2,2,3,1,4,0,6,9,11,1,24,5,6,48,1,2,5,11,24,1,1,1,3,3,3,5,5,4,0,3,0,0,0,0
1178,12,2,0,3,4,0,2,5,0,3,14,13,21,41,10,42,1,0,0,1,0,6,5,0,6,6,0,6,31,0,39,2,2,2,3,1,4,7,0,5,6,7,11,1,3,5,1,2,3,8,19,1,1,1,4,4,5,4,3,2,2,0,1,1,4,5
1179,1,3,3,1,3,6,1,8,9,12,15,14,13,46,55,52,0,1,1,6,1,1,13,1,12,16,1,14,46,35,40,1,0,0,4,4,5,5,7,3,0,13,7,0,1,39,4,7,14,28,56,0,0,0,0,0,0,2,8,7,20,21,21,31,29,34
1180,1,3,3,1,3,6,1,8,9,4,20,11,13,4,22,51,0,1,1,6,1,1,8,11,9,11,10,18,49,7,9,1,0,0,4,4,5,5,7,3,0,13,7,2,1,1,4,7,13,25,50,0,0,0,0,0,0,2,4,5,7,14,7,49,50,52
1181,3,1,2,0,1,2,0,1,7,7,1,17,10,37,45,24,1,2,0,1,2,0,1,4,0,22,19,0,29,15,0,2,2,2,5,6,3,5,5,3,7,19,5,2,1,1,1,1,2,3,8,1,1,1,1,1,1,0,0,0,14,18,14,30,33,50
1182,13,2,0,3,2,5,6,7,13,13,7,12,14,21,7,43,1,0,0,5,4,4,6,6,4,5,7,4,48,30,4,2,2,2,3,1,4,0,6,9,11,1,24,5,6,48,1,2,5,11,24,1,1,1,3,3,3,5,5,4,0,3,0,0,0,0
1183,10,0,0,2,0,4,5,13,8,6,4,20,19,44,26,7,2,3,2,2,3,2,3,12,13,17,26,19,22,16,20,0,1,3,6,2,1,10,4,10,21,18,19,9,22,37,2,3,6,12,25,2,2,2,2,2,2,13,13,13,23,22,23,25,23,22
1184,14,3,3,1,3,6,1,8,9,12,20,14,13,18,23,52,0,1,1,6,1,1,13,1,8,16,1,14,34,35,40,1,0,0,4,4,5,5,7,3,0,13,7,0,32,39,4,7,14,28,56,0,0,0,0,0,0,2,8,7,20,21,21,31,29,34
1185,14,2,0,3,2,5,6,7,5,13,23,22,2,6,40,2,1,0,0,5,4,4,10,6,4,21,14,17,14,18,14,2,2,2,3,1,4,0,6,9,12,9,4,4,10,52,1,2,4,9,20,1,1,1,3,3,3,8,9,9,8,9,8,4,5,4
1186,2,3,3,1,3,6,1,9,10,1,8,9,1,22,37,41,0,1,1,6,1,1,8,11,9,11,10,18,7,41,9,1,0,0,4,4,5,8,11,6,1,2,2,10,12,0,4,7,12,23,46,0,0,0,0,0,0,2,4,5,7,8,7,2,1,2
1187,4,1,2,0,1,2,0,1,7,7,11,3,10,49,45,36,1,2,0,1,2,0,1,4,0,22,19,0,29,15,0,2,2,2,5,6,3,5,5,3,7,27,5,42,51,49,1,1,2,5,13,1,1,1,1,1,1,0,0,0,14,18,14,30,28,30
1188,5,1,2,0,1,2,0,1,7,7,13,3,10,23,45,48,1,2,0,1,2,0,1,4,0,22,19,0,29,15,0,2,2,2,5,6,3,5,5,3,7,27,5,42,51,49,1,1,2,6,15,1,1,1,1,1,1,0,0,0,14,18,14,30,28,30
1189,10,0,0,2,0,4,5,10,3,6,3,7,4,47,29,50,2,3,2,2,3,2,3,12,13,12,15,27,38,54,51,0,1,3,6,2,1,3,9,4,16,4,8,49,52,14,2,3,7,14,30,2,2,2,2,2,2,1,1,1,4,4,3,46,26,9
1190,3,1,2,0,1,2,0,1,7,7,13,3,25,23,3,26,1,2,0,1,2,0,1,4,0,23,16,13,45,27,43,2,2,2,5,6,3,5,5,3,24,0,26,26,21,25,1,1,2,6,14,1,1,1,1,1,1,0,0,0,24,23,24,18,19,21
1191,4,1,2,0,1,2,0,1,7,7,11,3,10,49,45,36,1,2,0,1,2,0,1,4,0,22,19,0,29,15,0,2,2,2,5,6,3,5,5,3,7,27,5,42,51,49,1,1,2,5,13,1,1,1,1,1,1,0,0,0,14,18,14,29,28,30
1192,7,3,3,1,3,6,4,6,12,8,18,1,22,27,38,26,0,1,1,6,1,1,8,1,8,20,6,23,50,47,49,1,0,0,4,4,5,5,7,3,2,26,0,2,1,1,4,7,13,25,51,0,0,0,0,0,0,10,4,10,16,16,16,39,41,43
1193,3,1,2,0,1,2,0,1,4,0,1,8,18,1,47,48,1,2,0,1,2,0,1,4,0,8,19,20,30,12,32,2,2,2,5,6,3,5,5,3,20,25,3,28,30,22,1,1,2,3,8,1,1,1,1,1,1,0,0,0,19,2,12,28,24,27
1194,10,0,0,2,0,4,5,13,8,6,4,20,19,16,21,23,2,3,2,2,3,2,3,12,13,12,15,27,2,26,2,0,1,3,6,2,1,12,12,8,8,12,20,44,54,10,2,3,6,12,27,2,2,2,2,2,2,1,1,1,4,4,3,19,21,18
1195,5,1,2,0,1,2,0,2,2,0,17,27,12,20,25,22,1,2,0,1,2,0,11,4,11,26,20,10,12,10,13,2,2,2,5,6,3,2,3,12,10,11,17,12,45,16,1,1,1,1,2,1,1,1,1,1,1,0,0,0,3,7,6,15,10,6
1196,11,0,0,2,0,4,5,12,3,6,3,7,4,47,46,5,2,3,2,2,3,2,3,2,2,2,2,2,43,2,42,0,1,3,6,2,1,3,9,4,16,4,8,49,52,14,2,3,7,13,28,2,2,2,2,2,2,1,1,1,1,1,2,10,15,9
1197,1,3,3,1,3,6,1,8,9,12,15,26,13,45,49,3,0,1,1,6,1,1,13,5,12,9,12,12,9,29,27,1,0,0,4,4,5,5,7,3,0,13,7,2,1,9,4,7,14,26,53,0,0,0,0,0,0,7,2,8,6,6,4,54,55,53
1198,11,0,0,2,0,4,5,12,8,6,4,20,19,34,4,9,2,3,2,2,3,2,3,2,2,2,2,2,16,39,44,0,1,3,6,2,1,3,9,4,16,4,8,3,7,2,2,3,6,12,26,2,2,2,2,2,2,1,1,1,1,1,2,23,15,17
1199,12,2,0,3,4,0,2,5,0,3,14,19,23,53,20,44,1,0,0,1,0,6,5,0,6,6,0,6,31,38,5,2,2,2,3,1,4,7,0,5,6,7,11,1,3,5,1,2,3,8,18,1,1,1,4,4,5,4,3,2,2,0,1,1,7,28
1200,1,3,3,1,3,6,1,8,9,12,15,26,13,46,55,54,0,1,1,6,1,1,13,1,12,9,1,23,52,5,12,1,0,0,4,4,5,5,7,3,5,24,27,2,1,1,4,7,14,26,53,0,0,0,0,0,0,3,8,7,22,16,22,41,35,15
1201,9,3,3,2,5,3,4,6,6,10,22,6,3,15,43,19,0,1,1,4,6,1,9,10,10,10,8,8,10,14,10,1,0,0,1,0,6,9,13,11,14,6,9,15,19,8,3,5,9,16,32,0,3,0,0,0,0,12,12,12,21,20,20,17,17,14
1202,2,3,3,1,3,6,1,9,10,1,8,18,1,22,22,11,0,1,1,6,1,1,8,11,9,11,10,18,49,7,9,1,0,0,4,4,5,8,11,6,1,2,2,54,35,21,4,7,12,23,44,0,0,0,0,0,0,2,4,5,7,8,7,2,1,2
1203,8,3,3,2,5,3,4,3,6,9,2,23,9,29,5,8,0,1,1,4,6,1,12,9,7,7,9,16,39,28,31,1,0,0,4,4,5,11,1,0,22,16,15,39,23,55,3,5,10,20,38,0,0,0,0,0,0,6,6,6,12,13,13,6,13,13
1204,12,2,0,3,4,0,2,5,0,3,14,13,5,41,0,42,1,0,0,1,0,6,5,0,6,6,0,6,31,0,26,2,2,2,3,1,4,7,0,5,6,7,11,1,3,5,1,1,2,2,4,1,1,1,4,4,5,4,3,2,2,0,1,1,4,5
1205,3,1,2,0,4,0,2,5,0,3,6,17,5,37,52,24,1,2,0,1,2,0,1,4,0,1,4,22,35,48,17,2,2,2,3,1,4,5,5,3,4,19,23,32,29,18,1,1,2,2,4,1,1,1,1,1,1,4,3,2,13,10,9,13,16,24
1206,3,2,0,3,4,0,2,5,0,3,14,0,5,28,20,34,1,0,0,1,0,6,5,0,6,6,0,6,31,38,5,2,2,2,3,1,4,7,0,5,6,7,11,2,1,5,4,7,14,26,53,1,1,1,4,4,5,4,3,2,27,27,27,36,32,42
1207,13,2,0,3,2,5,6,7,13,13,7,12,14,10,7,27,1,0,0,5,4,4,6,6,4,5,7,4,5,30,53,2,2,2,3,1,4,0,6,9,11,1,24,5,6,48,1,2,5,11,24,1,1,1,3,3,3,5,5,4,0,3,0,0,0,0
1208,12,2,0,3,4,0,2,5,0,3,14,19,23,53,20,44,1,0,0,1,0,6,5,0,6,6,0,6,31,0,26,2,2,2,3,1,4,7,0,5,6,7,11,1,3,5,1,2,3,8,18,1,1,1,4,4,5,4,3,2,2,0,1,1,7,28
1209,9,3,3,2,5,3,4,6,6,10,22,6,3,15,43,19,0,1,1,4,6,1,9,10,10,10,8,8,10,14,10,1,0,0,1,0,6,9,13,11,14,6,9,15,19,8,3,5,9,16,32,0,3,0,0,0,0,12,12,12,21,20,20,17,17,14
1210,2,3,3,1,3,6,1,9,10,1,8,18,1,22,22,41,0,1,1,6,1,1,8,11,9,11,10,18,49,7,9,1,0,0,4,4,5,8,11,6,1,2,2,54,35,21,4,7,12,23,44,0,0,0,0,0,0,2,4,5,7,8,7,2,1,2
1211,2,3,3,1,3,6,1,9,10,1,8,9,1,22,37,11,0,1,1,6,1,1,8,11,9,11,10,18,7,41,9,1,0,0,4,4,5,8,11,6,1,2,2,10,12,0,4,7,12,23,45,0,0,0,0,0,0,2,4,5,7,8,7,2,1,2
1212,11,0,0,2,0,4,5,12,3,6,3,7,4,3,48,5,2,3,2,2,3,2,3,2,2,2,2,2,44,43,16,0,1,3,6,2,1,3,9,4,16,4,8,27,36,36,2,3,7,13,28,2,2,2,2,2,2,1,1,1,1,1,2,8,15,17
1213,10,0,0,2,0,4,5,13,8,6,4,20,19,13,21,30,2,3,2,2,3,2,3,12,13,12,15,27,2,26,2,0,1,3,6,2,1,12,12,8,8,12,20,44,54,10,2,3,6,12,27,2,2,2,2,2,2,1,1,1,4,4,3,19,21,18
1214,7,3,3,1,3,3,1,8,9,8,0,1,20,27,38,16,0,1,1,6,1,1,2,1,1,20,6,23,50,37,28,1,0,0,4,4,5,5,7,3,0,19,23,24,49,45,4,7,13,25,50,0,0,0,0,0,0,7,7,8,5,5,5,48,47,49
1215,2,3,3,1,3,6,1,9,10,1,8,18,1,22,22,45,0,1,1,6,1,1,8,11,9,11,10,18,49,7,9,1,0,0,4,4,5,8,11,6,2,26,0,54,35,21,4,7,12,23,44,0,0,0,0,0,0,2,4,5,7,8,7,2,1,2
1216,6,3,3,1,3,6,3,0,9,2,25,26,15,45,31,37,0,1,1,0,6,5,0,13,5,14,25,5,15,17,6,1,0,0,0,5,0,13,2,2,19,15,14,13,16,7,4,6,11,22,42,0,0,0,5,5,4,3,2,3,10,12,11,32,30,35
1217,4,1,2,0,1,2,0,1,7,7,11,3,10,49,45,36,1,2,0,1,2,0,1,4,0,22,19,0,29,15,0,2,2,2,5,6,3,5,5,3,7,27,5,42,51,49,1,1,2,5,13,1,1,1,1,1,1,0,0,0,14,18,14,29,28,30
1218,12,2,0,3,4,0,2,5,0,3,14,19,23,53,36,44,1,0,0,1,0,6,5,0,6,6,0,6,31,38,5,2,2,2,3,1,4,7,0,5,6,7,11,1,3,5,1,2,3,8,18,1,1,1,4,4,5,4,3,2,2,0,1,11,7,29
1219,3,1,2,0,2,5,6,11,4,13,7,12,0,24,7,27,1,2,0,1,2,0,1,4,0,1,11,20,28,25,34,2,2,2,5,6,3,5,5,3,4,19,23,48,53,54,1,1,2,3,7,1,1,1,1,1,1,0,0,0,3,10,9,35,39,33
1220,4,1,2,0,1,2,0,1,7,7,11,3,26,8,16,55,1,2,0,1,2,0,1,4,0,22,19,0,18,46,0,2,2,2,5,6,3,5,5,3,4,19,23,6,9,6,1,1,2,4,11,1,1,1,1,1,1,0,0,0,11,2,12,30,33,31
1221,9,3,3,2,5,3,4,6,6,10,22,6,3,15,43,19,0,1,1,4,6,1,9,10,10,10,8,8,10,14,10,1,0,0,1,0,6,9,13,11,14,6,9,15,19,8,3,5,9,16,32,0,3,0,0,0,0,12,12,12,21,20,20,17,17,14
1222,10,0,0,2,0,4,5,13,8,6,4,20,8,16,32,30,2,3,2,2,3,2,3,12,13,12,15,27,2,19,2,0,1,3,6,2,1,12,12,8,8,12,20,44,54,10,2,3,6,12,27,2,2,2,2,2,2,1,1,1,4,4,3,19,21,18
1223,4,1,2,0,1,2,0,11,7,7,21,16,6,9,54,53,1,2,0,1,2,0,1,4,0,27,11,20,24,23,23,2,2,2,5,6,3,5,5,3,4,19,23,6,9,6,1,1,1,1,1,1,1,1,1,1,1,0,0,0,11,2,18,22,18,20
1224,4,1,2,0,1,2,0,11,7,7,21,16,24,33,27,10,1,2,0,1,2,0,1,4,0,22,19,0,29,50,0,2,2,2,5,6,3,5,5,3,4,19,23,23,4,1,1,1,2,4,10,1,1,1,1,1,1,0,0,0,14,18,14,29,40,39
1225,12,2,0,3,4,0,2,5,0,3,14,19,23,53,20,44,1,0,0,1,0,6,5,0,6,6,0,6,31,38,5,2,2,2,3,1,4,7,0,5,6,7,11,1,3,5,1,2,3,8,18,1,1,1,4,4,5,4,3,2,2,0,1,11,7,29
1226,2,3,3,1,3,6,1,8,9,4,20,11,13,4,12,45,0,1,1,6,1,1,8,11,9,25,13,9,21,31,50,1,0,0,4,4,5,5,7,3,24,0,26,51,31,17,4,7,14,27,54,0,0,0,0,0,0,2,4,5,18,14,19,12,14,10
1227,7,3,3,1,5,3,1,6,10,8,0,21,22,48,24,4,0,1,1,6,1,1,2,8,1,20,6,25,32,13,25,1,0,0,4,4,5,1,7,13,17,10,22,16,43,26,4,7,13,25,48,0,0,0,0,0,0,7,7,8,25,24,25,27,27,26
1228,2,3,3,1,3,6,1,9,10,4,20,11,1,4,12,11,0,1,1,6,1,1,8,11,9,25,13,9,21,31,50,1,0,0,4,4,5,5,7,3,2,26,0,7,34,20,4,7,13,25,50,0,0,0,0,0,0,2,4,5,18,14,19,12,14,10
1229,8,3,3,2,5,3,4,3,6,9,2,23,20,40,8,16,0,1,1,4,6,1,12,9,7,7,9,16,39,28,31,1,0,0,4,4,5,11,1,0,5,24,27,2,1,1,3,5,10,20,37,0,0,0,0,0,0,6,6,6,22,16,22,33,37,15
1230,13,2,0,3,2,5,6,7,13,13,7,12,14,21,2,31,1,0,0,5,4,4,6,6,4,5,7,4,5,30,54,2,2,2,3,1,4,0,6,9,11,1,24,5,6,48,1,2,5,11,24,1,1,1,3,3,3,5,5,4,0,3,0,0,0,0
1231,9,3,1,2,6,1,4,4,1,5,9,10,7,39,11,29,3,1,3,3,5,3,4,3,3,3,3,3,3,3,3,3,3,1,2,3,2,6,10,7,3,3,6,30,41,46,3,4,8,15,31,3,0,3,6,6,6,11,11,11,17,17,17,9,11,11
1232,9,3,1,2,6,1,4,4,1,5,9,10,7,39,11,29,3,1,3,3,5,3,4,3,3,3,3,3,3,3,3,3,3,1,2,3,2,6,10,7,3,3,6,30,41,46,3,4,8,15,31,3,0,3,6,6,6,11,11,11,17,17,17,9,11,11
1233,5,1,2,0,1,2,0,2,2,0,5,27,12,50,25,13,1,2,0,1,2,0,11,4,11,26,20,10,12,10,13,2,2,2,5,6,3,2,3,12,10,11,17,12,45,16,1,1,1,1,2,1,1,1,1,1,1,0,0,0,3,7,6,15,10,6
1234,1,3,3,1,3,6,1,8,9,12,15,26,13,45,49,6,0,1,1,6,1,1,13,5,12,9,12,12,9,29,48,1,0,0,4,4,5,5,7,3,0,13,7,2,1,1,4,7,14,26,53,0,0,0,0,0,4,3,2,7,6,6,4,50,52,50
1235,14,3,0,3,3,6,1,8,9,4,20,14,10,18,28,46,0,1,1,6,1,1,8,1,8,24,18,21,27,22,21,1,0,0,4,4,5,5,7,3,26,21,25,50,8,32,4,7,14,28,55,0,0,0,0,0,0,10,8,10,20,19,21,26,25,23
1236,5,1,2,0,1,2,0,1,7,7,13,3,25,23,3,13,1,2,0,1,2,0,1,4,0,23,16,13,45,27,43,2,2,2,5,6,3,5,5,3,24,0,26,26,21,25,1,1,2,6,15,1,1,1,1,1,1,0,0,0,24,23,24,18,19,21
1237,14,3,3,1,3,6,1,8,9,12,20,14,13,18,39,52,0,1,1,6,1,1,13,1,12,16,1,14,46,35,40,1,0,0,4,4,5,5,7,3,0,13,7,0,32,39,4,7,14,28,56,0,0,0,0,0,0,2,8,7,20,21,21,31,29,34
1238,8,3,3,1,5,3,1,3,12,9,0,23,20,40,8,16,0,1,1,4,6,1,12,9,7,7,9,16,39,28,31,1,0,0,4,4,5,5,7,3,5,24,27,2,48,40,3,5,10,20,38,0,0,0,0,0,0,6,6,6,22,16,22,33,37,15
1239,9,3,3,2,5,3,4,6,6,10,2,23,20,2,18,16,0,1,1,6,1,1,8,1,8,24,18,21,27,47,8,1,0,0,4,4,5,5,7,3,26,21,25,37,2,38,3,5,10,18,35,0,0,0,0,0,0,10,8,10,16,19,16,26,25,23
1240,7,3,3,1,3,6,1,0,10,8,18,25,22,54,35,4,0,1,1,6,1,1,2,8,1,15,6,1,54,21,1,1,0,0,0,5,0,4,7,1,9,8,13,2,1,1,4,7,13,24,47,0,0,0,5,5,4,9,10,3,9,11,10,3,2,1
1241,4,1,2,0,1,2,0,1,7,7,11,3,26,33,16,55,1,2,0,1,2,0,1,4,0,8,19,20,18,46,22,2,2,2,5,6,3,5,5,3,4,19,23,6,9,6,1,1,2,4,10,1,1,1,1,1,1,0,0,0,11,2,12,22,18,20
1242,12,2,0,3,4,0,2,5,0,3,14,19,23,53,20,34,1,0,0,1,0,6,5,0,6,6,0,6,31,0,39,2,2,2,3,1,4,7,0,5,6,7,11,1,3,5,1,2,3,8,18,1,1,1,4,4,5,4,3,2,2,0,1,1,4,5
1243,14,2,2,3,2,5,6,7,5,13,23,22,2,30,40,39,1,0,0,5,4,4,10,6,4,21,14,17,14,18,14,2,2,2,5,6,3,5,5,3,12,9,4,4,10,1,1,2,4,9,21,1,1,1,3,1,3,8,9,9,14,9,8,47,5,47
1244,9,3,1,2,6,1,4,4,1,5,9,10,7,39,13,28,3,1,3,3,5,3,4,3,3,3,3,3,3,3,3,3,3,1,2,3,2,6,10,7,3,3,6,11,11,3,3,4,8,15,31,3,0,3,6,6,6,11,11,11,17,17,17,9,11,11
1245,11,0,0,2,0,4,5,12,3,6,3,7,4,47,46,5,2,3,2,2,3,2,3,2,2,2,2,2,43,2,42,0,1,3,6,2,1,3,9,4,16,4,8,49,52,14,2,3,7,13,28,2,2,2,2,2,2,1,1,1,1,1,2,10,26,9
1246,10,0,0,2,0,4,5,13,8,6,4,20,8,16,32,30,2,3,2,2,3,2,3,12,13,12,15,27,2,19,2,0,1,3,6,2,1,12,12,8,8,12,20,44,54,10,2,3,6,12,27,2,2,2,2,2,2,1,1,1,4,4,3,19,21,18
1247,10,0,0,2,0,4,5,10,3,6,27,7,19,13,21,23,2,3,2,2,3,2,3,12,13,12,15,27,2,26,2,0,1,3,6,2,1,12,12,8,8,12,20,44,54,10,2,3,7,14,30,2,2,2,2,2,2,1,1,1,4,4,3,19,21,18
1248,2,3,3,1,3,6,1,8,9,4,20,11,13,4,12,45,0,1,1,6,1,1,8,11,9,25,13,9,21,31,50,1,0,0,4,4,5,5,7,3,2,26,0,7,34,20,4,7,12,23,44,0,0,0,0,0,0,2,4,5,18,14,19,12,14,10
1249,8,3,3,2,5,3,4,3,6,9,2,24,9,40,18,49,0,1,1,4,6,1,12,9,7,4,9,16,23,49,47,1,0,0,4,4,5,5,7,3,5,24,27,20,42,23,3,5,10,20,38,0,0,0,0,0,0,10,8,10,22,16,22,41,35,15
1250,8,3,3,1,5,3,1,8,12,9,10,15,20,32,9,12,0,1,1,4,6,1,12,9,7,7,9,16,36,42,45,1,0,0,4,4,5,5,7,3,22,16,15,34,13,12,4,7,14,26,52,0,0,0,0,0,0,6,6,6,15,15,15,51,51,51
1251,3,1,2,0,1,2,0,11,4,7,19,17,24,36,30,2,0,1,1,4,6,1,12,9,7,7,9,16,8,20,7,1,0,0,4,4,5,5,7,3,22,16,15,2,1,1,3,5,10,17,33,0,0,0,0,0,0,6,6,6,15,15,15,37,38,33
1252,4,1,2,0,1,2,0,1,7,7,11,3,26,8,16,55,1,2,0,1,2,0,1,4,0,8,19,20,11,46,22,2,2,2,5,6,3,5,5,3,4,19,23,6,9,6,1,1,2,6,15,1,1,1,1,1,1,0,0,0,19,2,12,28,24,27
1253,10,0,0,2,0,4,5,13,8,6,4,20,19,44,41,23,2,3,2,2,3,2,3,12,13,17,21,19,22,26,20,0,1,3,6,2,1,10,4,10,21,18,19,49,52,14,2,3,6,12,26,2,2,2,2,2,2,13,13,13,23,22,23,25,23,22
1254,8,3,3,2,5,3,4,6,12,9,10,15,20,32,19,12,0,1,1,4,6,1,12,9,7,7,9,16,8,20,7,1,0,0,4,4,5,5,1,0,22,16,15,39,23,55,3,5,10,17,33,0,0,0,0,0,0,6,6,6,15,15,15,16,13,13
1255,12,2,0,3,4,0,2,5,0,3,14,19,23,53,0,44,1,0,0,1,0,6,5,0,6,6,0,6,31,0,39,2,2,2,3,1,4,7,0,5,6,7,11,1,3,5,1,2,3,8,18,1,1,1,4,4,5,4,3,2,2,0,1,1,4,5
1256,8,3,3,2,5,3,4,6,6,10,2,15,10,17,8,6,0,1,1,6,1,1,8,1,8,24,18,21,27,22,21,1,0,0,4,4,5,5,7,3,7,27,5,42,8,32,3,5,10,17,33,0,0,0,0,0,0,10,8,10,16,19,16,26,25,23
1257,13,2,0,3,2,5,6,7,13,13,0,2,14,21,2,14,1,0,0,5,4,4,6,6,4,5,7,4,48,30,4,2,2,2,3,1,4,0,6,9,11,1,24,5,6,48,1,2,5,11,24,1,1,1,3,3,3,5,5,4,0,3,0,0,0,0
1258,14,2,0,3,2,5,6,7,5,13,23,22,2,30,40,39,1,0,0,5,4,4,10,6,4,21,14,17,14,18,14,2,2,2,3,1,4,0,6,9,12,9,4,4,10,52,1,2,4,9,21,1,1,1,3,3,3,8,9,9,8,9,8,4,5,4
1259,6,3,3,1,3,6,3,0,11,2,25,4,15,0,42,37,0,1,1,0,6,5,0,13,5,14,5,5,15,33,55,1,0,0,0,5,0,13,2,2,15,20,12,29,50,51,4,6,11,22,43,0,0,0,5,5,4,3,2,3,10,12,11,20,20,16
1260,6,3,3,1,3,6,3,0,11,11,26,4,27,42,6,32,0,1,1,0,6,5,0,7,5,0,17,11,47,53,11,1,0,0,0,5,0,4,8,1,9,8,13,2,1,1,4,6,11,21,39,0,0,0,5,5,4,9,10,3,9,11,10,3,2,1
1261,5,1,2,0,1,2,0,2,4,0,17,8,17,20,17,22,1,2,0,1,2,0,11,4,11,13,20,26,37,44,36,2,2,2,5,6,3,2,3,12,4,19,23,45,37,33,1,1,1,1,1,1,1,1,1,1,1,0,0,0,3,7,6,21,31,6
1262,9,3,3,2,5,3,4,6,6,10,22,5,3,15,43,19,0,1,1,4,6,1,9,10,10,10,8,8,10,14,10,1,0,0,1,0,6,9,13,11,14,6,9,15,19,8,3,5,9,16,32,0,3,0,0,0,0,12,12,12,21,20,20,17,17,14
1263,7,3,3,1,3,6,1,8,9,8,18,1,22,27,38,4,0,1,1,6,1,1,2,8,1,20,6,23,50,37,28,1,0,0,4,4,5,1,7,13,13,17,10,24,49,45,4,7,13,25,50,0,0,0,0,0,0,7,7,8,5,5,5,48,47,49
1264,11,0,0,2,0,4,5,13,8,6,4,20,19,34,41,30,2,3,2,2,3,2,3,2,2,2,2,2,16,39,44,0,1,3,6,2,1,3,9,4,16,4,8,3,7,2,2,3,6,12,26,2,2,2,2,2,2,1,1,1,1,1,2,23,15,25
1265,6,3,3,1,3,6,3,0,11,2,25,4,15,0,42,37,0,1,1,0,6,5,0,13,5,14,5,5,15,33,55,1,0,0,0,5,0,13,2,2,15,20,12,29,50,51,4,6,11,22,43,0,0,0,5,5,4,3,2,3,10,12,11,20,20,16
1266,12,2,0,3,4,0,2,5,0,3,14,13,21,31,10,42,1,0,0,1,0,6,5,0,6,6,0,6,31,0,39,2,2,2,3,1,4,7,0,5,6,7,11,1,3,5,1,2,3,8,19,1,1,1,4,4,5,4,3,2,2,0,1,1,4,5
1267,14,2,0,3,2,5,6,7,5,13,23,22,2,30,40,39,1,0,0,5,4,4,10,6,4,21,14,17,14,18,14,2,2,2,3,1,4,0,6,9,12,9,4,4,10,52,1,2,4,9,21,1,1,1,3,3,3,8,9,9,8,9,8,4,5,4
1268,3,1,2,0,1,2,0,11,7,7,6,17,24,37,30,24,1,2,0,1,2,0,1,4,0,23,16,13,33,34,18,2,2,2,5,6,3,5,5,3,24,0,26,32,29,18,1,1,2,7,16,1,1,1,1,1,1,0,0,0,26,26,26,44,45,45
1269,14,3,0,1,3,6,1,8,9,4,20,14,13,18,28,46,0,1,1,6,1,1,13,1,12,18,1,14,19,1,19,1,0,0,4,4,5,5,7,3,23,14,16,21,15,11,4,7,14,28,55,0,0,0,2,0,3,2,8,7,20,21,21,40,42,40
1270,2,3,3,1,3,6,1,8,9,4,20,11,13,4,12,45,0,1,1,6,1,1,8,11,9,25,13,9,21,31,50,1,0,0,4,4,5,5,7,3,2,26,0,7,34,20,4,7,14,27,54,0,0,0,0,0,0,2,4,5,18,14,19,12,14,10
1271,1,3,3,1,3,6,1,8,9,12,15,26,13,46,55,38,0,1,1,6,1,1,13,5,12,9,12,12,9,29,27,1,0,0,4,4,5,5,7,3,0,13,7,55,14,44,4,7,14,26,53,0,0,0,0,0,4,3,2,7,6,6,4,5,3,3
1272,2,3,3,1,3,6,1,9,10,1,8,18,1,22,22,11,0,1,1,6,1,1,8,11,9,11,10,18,49,7,9,1,0,0,4,4,5,8,11,6,1,2,2,54,35,21,4,7,12,23,44,0,0,0,0,0,0,2,4,5,7,8,7,2,1,2
1273,8,3,3,2,5,3,4,6,12,9,10,15,20,32,19,12,0,1,1,4,6,1,12,9,7,7,9,16,8,20,7,1,0,0,4,4,5,5,7,0,22,16,15,43,38,28,3,5,10,17,33,0,0,0,0,0,0,6,6,6,15,15,15,16,13,13
1274,2,3,3,1,3,6,1,9,10,1,8,18,1,22,22,11,0,1,1,6,1,1,8,11,9,11,10,18,49,7,9,1,0,0,4,4,5,8,11,6,1,2,2,54,35,21,4,7,12,23,44,0,0,0,0,0,0,2,4,5,7,8,7,2,1,2
1275,4,1,2,0,1,2,0,11,7,7,21,16,6,26,54,35,1,2,0,1,2,0,1,4,0,27,19,20,24,23,23,2,2,2,5,6,3,5,5,3,4,19,23,31,44,19,1,1,2,4,9,1,1,1,1,1,1,0,0,0,11,2,18,45,48,48
1276,9,3,1,2,6,1,4,4,1,5,9,10,7,39,13,28,3,1,3,3,5,3,4,3,3,3,3,3,3,3,3,3,3,1,2,3,2,6,10,7,3,3,6,11,11,3,3,4,8,15,31,3,0,3,6,6,6,11,11,11,17,17,17,9,11,11
1277,7,3,3,2,5,3,4,3,6,9,2,23,9,29,5,8,0,1,1,4,6,1,7,9,7,19,22,7,17,45,15,1,0,0,4,4,5,11,1,0,25,5,1,40,55,41,4,7,13,25,51,0,0,0,0,0,0,6,6,6,12,13,13,6,9,8
1278,5,1,2,0,1,2,0,2,2,0,24,8,17,25,17,22,1,2,0,1,2,0,11,4,11,13,20,26,37,44,36,2,2,2,5,6,3,2,5,3,4,19,23,2,1,1,1,1,1,1,1,1,1,1,1,1,1,0,0,0,3,7,6,21,10,6
1279,9,3,1,2,6,1,4,4,1,5,9,10,7,39,13,28,3,1,3,3,5,3,4,3,3,3,3,3,3,3,3,3,3,1,2,3,2,6,10,7,3,3,6,11,11,3,3,4,8,15,31,3,0,3,6,6,6,11,11,11,17,17,17,9,11,11
1280,4,1,2,0,1,2,0,11,4,0,21,16,6,26,54,53,1,2,0,1,2,0,1,4,0,22,19,0,29,50,0,2,2,2,5,6,3,5,5,3,4,19,23,6,9,6,1,1,2,4,10,1,1,1,1,1,1,0,0,0,14,2,18,47,18,47
1281,11,0,0,2,0,4,5,13,8,6,4,20,19,34,4,23,2,3,2,2,3,2,3,2,2,2,2,2,43,2,42,0,1,3,6,2,1,3,9,4,16,4,8,49,52,14,2,3,6,12,26,2,2,2,2,2,2,1,1,1,1,1,2,10,26,9
1282,11,0,0,2,0,4,5,13,8,6,4,20,19,34,4,23,2,3,2,2,3,2,3,2,2,2,2,2,43,2,42,0,1,3,6,2,1,3,9,4,16,4,8,49,52,14,2,3,7,13,28,2,2,2,2,2,2,1,1,1,1,1,2,8,8,9
1283,2,3,3,1,3,6,1,9,10,1,8,18,1,22,22,11,0,1,1,6,1,1,8,11,9,11,10,18,49,7,9,1,0,0,4,4,5,8,11,6,1,2,2,54,35,21,4,7,12,23,45,0,0,0,0,0,0,2,4,5,7,8,7,2,1,2
1284,12,2,0,3,4,0,2,5,0,3,14,13,21,41,36,42,1,0,0,1,0,6,5,0,6,6,0,6,31,0,39,2,2,2,3,1,4,7,0,5,6,7,11,1,3,5,1,2,3,8,19,1,1,1,4,4,5,4,3,2,2,0,1,1,4,5
1285,8,3,3,2,5,3,4,6,6,9,2,23,20,2,8,16,0,1,1,6,1,1,2,8,1,15,6,23,20,37,28,1,0,0,4,4,5,5,7,3,0,13,7,2,1,9,4,7,13,25,49,0,0,0,0,0,0,7,7,8,5,5,5,34,34,37
1286,9,3,3,2,5,3,4,6,6,10,22,6,3,15,43,19,0,1,1,4,6,1,9,10,10,10,8,8,10,14,10,1,0,0,1,0,6,9,13,11,14,6,9,15,19,8,3,5,9,16,32,0,3,0,0,0,0,12,12,12,21,20,20,17,17,14
1287,5,1,2,0,1,2,0,2,2,0,5,27,12,50,25,13,1,2,0,1,2,0,11,4,11,26,20,10,12,10,13,2,2,2,5,6,3,2,3,12,10,11,17,12,45,16,1,1,1,1,2,1,1,1,1,1,1,0,0,0,3,7,6,15,10,6
1288,6,3,3,1,3,6,3,0,11,11,26,4,27,42,14,25,0,1,1,0,6,5,0,7,5,0,17,11,47,53,11,1,0,0,0,5,0,4,8,1,9,8,13,2,1,34,4,6,11,21,39,0,0,0,5,5,4,9,10,3,9,11,10,3,2,1
1289,13,2,0,3,2,5,6,7,13,13,7,12,14,10,2,27,1,0,0,5,4,4,6,6,4,5,7,4,5,30,54,2,2,2,3,1,4,0,6,9,11,1,24,5,6,48,1,2,5,11,24,1,1,1,3,3,3,5,5,4,0,3,0,0,0,0
1290,1,3,3,1,3,6,1,8,9,12,15,26,13,46,55,38,0,1,1,6,1,1,13,5,12,9,12,12,9,29,27,1,0,0,4,4,5,5,7,3,0,13,7,55,14,44,4,7,14,26,53,0,0,0,0,0,4,3,2,7,6,6,4,5,3,41
1291,1,3,3,1,3,6,1,8,9,12,15,26,13,46,55,54,0,1,1,6,1,1,13,5,12,9,12,12,9,29,27,1,0,0,4,4,5,5,7,3,0,13,7,55,14,44,1,2,3,8,18,0,0,0,0,0,4,3,2,7,6,6,4,5,3,3
1292,6,3,3,1,3,6,3,0,11,2,25,4,15,0,42,37,0,1,1,0,6,5,0,13,5,14,5,5,15,33,55,1,0,0,0,5,0,13,2,2,15,20,12,29,50,51,4,6,11,22,43,0,0,0,5,5,4,3,2,3,10,12,11,20,20,16
1293,5,1,2,0,1,2,0,11,4,0,17,8,17,9,17,22,1,2,0,1,2,0,11,4,11,13,11,26,37,44,36,2,2,2,5,6,3,5,5,3,4,19,23,45,37,33,1,1,1,1,1,1,1,1,1,1,1,0,0,0,3,7,6,21,31,33
1294,3,1,2,0,1,2,0,1,7,7,6,17,5,37,30,24,1,2,0,1,2,0,1,4,0,8,19,20,18,46,22,2,2,2,5,6,3,5,5,3,4,19,23,2,1,1,4,7,14,26,53,1,1,1,1,1,1,0,0,0,11,2,12,18,33,31
1295,6,3,3,1,3,6,3,0,11,2,25,4,15,12,31,21,0,1,1,0,6,5,0,13,5,14,5,5,40,33,38,1,0,0,0,5,0,13,2,2,15,20,12,25,24,27,4,6,11,22,41,0,0,0,5,5,4,3,2,3,10,12,11,42,44,44
1296,6,3,3,1,3,6,3,0,11,11,26,4,27,42,14,25,0,1,1,0,6,5,0,7,5,0,17,11,47,53,11,1,0,0,0,5,0,4,8,1,9,8,13,17,5,15,4,6,11,21,40,0,0,0,5,5,4,9,10,3,9,11,10,3,2,1
1297,14,3,0,1,3,6,1,8,9,4,20,14,13,18,28,46,0,1,1,6,1,1,13,1,12,18,1,14,19,1,19,0,1,3,6,2,1,12,12,8,23,14,16,21,15,11,4,7,14,28,55,0,0,0,2,0,3,2,8,7,20,21,21,40,42,40
1298,10,0,0,2,0,4,5,10,3,6,27,7,4,5,29,50,2,3,2,2,3,2,3,12,13,17,21,19,22,26,20,0,1,3,6,2,1,5,9,3,16,4,8,49,52,14,2,3,7,14,30,2,2,2,2,2,2,13,13,13,23,22,23,25,23,22
1299,14,3,3,1,3,6,1,8,9,12,20,14,13,18,23,52,0,1,1,6,1,1,13,1,8,16,1,14,34,35,40,1,0,0,4,4,5,5,7,3,0,13,7,0,32,39,4,7,14,28,56,0,0,0,0,0,0,2,8,7,20,21,21,31,29,34
1300,7,3,3,1,3,6,1,8,10,8,18,25,22,19,35,4,0,1,1,6,1,1,2,8,1,15,24,1,13,21,1,1,0,0,4,4,5,1,7,13,13,17,10,8,20,47,4,7,13,24,47,0,0,0,0,0,0,7,7,8,5,5,5,7,6,7
1301,8,0,3,2,5,3,4,3,6,9,2,23,9,29,5,8,0,1,1,4,6,1,7,9,7,19,22,7,17,45,15,1,0,0,4,4,5,11,1,0,25,5,1,40,55,41,3,5,10,20,37,0,0,0,0,0,0,6,6,6,12,13,13,6,9,8
1302,3,2,2,3,4,0,2,1,7,3,6,17,5,37,3,26,1,2,0,1,2,0,1,4,0,23,16,13,18,51,30,2,2,2,5,6,3,5,5,3,24,0,26,26,21,25,1,1,2,2,4,1,1,1,1,1,1,0,0,0,24,23,24,18,19,21
1303,8,3,3,2,5,3,4,3,6,9,2,23,9,29,5,40,0,1,1,4,6,1,7,9,7,19,22,7,51,8,33,1,0,0,4,4,5,11,1,0,25,5,1,22,17,24,3,5,10,19,36,0,0,0,0,0,0,6,6,6,12,13,13,6,9,8
1304,3,1,2,0,1,2,0,11,4,7,19,17,24,14,52,10,1,2,0,1,2,0,1,4,0,1,4,22,35,48,17,2,2,2,5,6,3,5,5,3,4,19,23,32,29,18,1,1,2,3,6,1,1,1,1,1,1,0,0,0,13,10,9,13,16,24
1305,14,2,0,3,3,6,1,8,5,4,20,14,2,18,28,46,0,1,1,6,1,1,13,1,12,18,1,14,19,1,19,1,0,0,4,4,5,5,7,3,23,14,16,21,15,11,4,7,14,28,55,0,0,0,2,0,3,2,8,7,20,21,21,40,42,40
1306,8,0,3,2,5,3,4,3,6,9,2,23,9,29,5,8,0,1,1,4,6,1,7,9,7,19,22,7,17,45,15,1,0,0,4,4,5,11,1,0,25,5,1,40,55,41,3,5,10,20,37,0,0,0,0,0,0,6,6,6,12,13,13,6,9,8
1307,2,3,3,1,3,6,1,9,10,1,8,9,1,22,37,41,0,1,1,6,1,1,8,11,9,11,10,18,7,41,9,1,0,0,4,4,5,8,11,6,1,2,2,10,12,0,4,7,12,23,46,0,0,0,0,0,0,2,4,5,7,8,7,2,1,2
1308,11,0,0,2,0,4,5,12,3,6,3,7,4,38,46,9,2,3,2,2,3,2,3,2,2,2,2,2,43,2,42,0,1,3,6,2,1,3,9,4,16,4,8,27,36,14,2,3,7,13,28,2,2,2,2,2,2,1,1,1,1,1,2,10,8,9
1309,11,0,0,2,0,4,5,13,8,6,4,20,19,34,41,30,2,3,2,2,3,2,3,2,2,2,2,2,16,39,44,0,1,3,6,2,1,3,9,4,16,4,8,3,7,2,2,3,6,12,26,2,2,2,2,2,2,1,1,1,1,1,2,23,15,25
1310,7,3,3,1,3,6,1,8,10,8,18,25,22,19,34,4,0,1,1,6,1,1,2,8,1,15,24,1,13,21,1,1,0,0,4,4,5,1,7,13,13,17,10,8,20,47,4,7,13,24,47,0,0,0,0,0,0,7,7,8,5,5,5,7,6,7
1311,2,3,3,1,3,6,1,9,10,1,8,18,1,22,37,1,0,1,1,6,1,1,8,11,9,11,10,18,49,7,9,1,0,0,4,4,5,8,11,6,1,2,2,54,35,21,4,7,12,23,46,0,0,0,0,0,0,2,4,5,7,8,7,2,1,2
1312,4,1,2,0,1,2,0,1,4,7,11,3,0,49,45,0,1,2,0,1,2,0,1,4,0,22,19,0,29,50,0,2,2,2,5,6,3,5,5,3,7,27,5,23,1,1,1,1,2,6,15,1,1,1,1,1,1,0,0,0,14,18,14,29,33,41
1313,1,3,3,2,5,3,4,3,6,9,0,23,13,29,8,16,0,1,1,6,1,1,13,1,12,9,12,12,52,5,12,1,0,0,4,4,5,11,1,0,0,13,7,22,17,24,4,7,14,26,52,0,0,0,0,0,0,3,2,7,12,13,13,6,9,8
1314,10,0,0,2,0,4,5,10,3,6,27,7,4,5,29,50,2,3,2,2,3,2,3,12,13,17,21,19,22,26,20,0,1,3,6,2,1,5,7,3,16,4,8,49,52,14,2,3,7,14,30,2,2,2,2,2,2,13,13,13,23,22,23,25,23,22
1315,9,3,3,2,5,3,4,6,6,10,2,23,20,2,44,49,0,1,1,6,1,1,8,1,8,25,13,21,41,11,24,1,0,0,4,4,5,5,7,3,2,26,0,53,47,30,3,5,10,18,34,0,0,0,0,0,0,10,4,10,16,16,16,39,41,43
1316,14,2,0,3,2,5,6,7,5,13,23,22,2,6,40,2,1,0,0,5,4,4,10,6,4,21,14,17,14,18,41,2,2,2,3,1,4,0,6,9,12,9,4,4,10,52,1,2,4,9,20,1,1,1,3,3,3,8,9,9,8,9,8,4,5,4
1317,2,3,3,1,3,6,1,8,9,4,20,11,25,4,12,51,0,1,1,6,1,1,8,11,9,25,13,9,21,31,50,1,0,0,4,4,5,5,5,3,24,0,26,51,31,17,4,7,14,27,54,0,0,0,0,0,0,2,4,5,18,14,19,12,14,10
1318,3,3,3,1,3,6,1,8,5,8,24,1,22,19,38,26,0,1,1,6,1,1,2,8,1,15,24,1,13,21,1,1,0,0,4,4,5,1,7,13,13,17,10,8,20,47,4,7,13,24,47,0,0,0,0,0,0,7,7,8,5,5,5,7,6,7
1319,5,1,2,0,1,2,0,1,2,0,13,3,10,23,45,48,1,2,0,1,2,0,1,4,0,22,19,0,29,15,0,2,2,2,5,6,3,5,5,3,7,27,5,42,51,49,1,1,2,6,15,1,1,1,1,1,1,0,0,0,14,18,14,30,28,30
1320,2,3,3,1,3,6,1,9,10,1,8,18,1,22,22,11,0,1,1,6,1,1,8,11,9,11,10,18,49,7,9,1,0,0,4,4,5,8,11,6,1,2,2,54,35,21,4,7,14,27,54,0,0,0,0,0,0,2,4,5,7,8,7,2,1,2
1321,2,3,3,1,3,6,1,9,10,1,8,9,1,22,37,11,0,1,1,6,1,1,8,11,9,11,10,18,7,41,9,1,0,0,4,4,5,8,11,6,1,2,2,10,12,0,4,7,12,23,45,0,0,0,0,0,0,2,4,5,7,8,7,2,1,2
1322,6,3,3,1,3,6,3,0,11,2,25,4,15,0,42,37,0,1,1,0,6,5,0,13,5,14,5,5,15,33,55,1,0,0,0,5,0,13,2,2,15,20,12,29,50,51,4,6,11,22,43,0,0,0,5,5,4,3,2,3,10,12,11,20,20,16
1323,5,1,2,0,1,2,0,2,2,0,5,27,12,50,25,13,1,2,0,1,2,0,11,4,11,26,20,10,12,10,13,2,2,2,5,6,3,2,3,12,10,11,17,12,45,16,1,1,1,1,2,1,1,1,1,1,1,0,0,0,3,7,6,15,10,6
1324,13,2,0,3,2,5,6,7,13,13,7,12,14,10,7,27,1,0,0,5,4,4,6,6,4,5,7,4,5,30,54,2,2,2,3,1,4,0,6,9,11,1,24,5,6,48,1,2,5,11,24,1,1,1,3,3,3,5,5,4,0,3,0,0,0,0
1325,11,0,0,2,0,4,5,13,8,6,4,20,19,34,4,23,2,3,2,2,3,2,3,2,2,2,2,2,43,2,42,0,1,3,6,2,1,3,9,4,16,4,8,49,52,14,2,3,6,12,26,2,2,2,2,2,2,1,1,1,1,1,2,10,26,9
1326,14,2,0,3,2,5,6,7,5,13,23,22,2,6,40,2,1,0,0,5,4,4,10,6,4,21,14,17,14,18,14,2,2,2,3,1,4,0,6,9,12,9,4,4,10,52,1,2,3,8,19,1,1,1,3,3,3,8,9,9,8,9,8,4,5,4
1327,13,2,0,3,2,5,6,7,13,13,7,12,14,10,7,27,1,0,0,5,4,4,6,6,4,5,7,4,5,30,54,2,2,2,3,1,4,0,6,9,11,1,24,5,6,48,1,2,5,11,24,1,1,1,3,3,3,5,5,4,0,3,0,0,0,0
1328,12,2,0,3,4,0,2,5,0,3,14,19,23,28,20,34,1,0,0,1,0,6,5,0,6,6,0,6,31,38,5,2,2,2,3,1,4,7,0,5,6,7,11,1,3,5,1,2,3,8,19,1,1,1,4,4,5,4,3,2,2,0,1,1,7,28
1329,14,3,0,1,3,6,1,8,9,4,20,14,13,18,28,46,0,1,1,6,1,1,13,1,12,18,1,14,19,1,19,1,0,0,4,4,5,5,7,3,23,14,16,21,15,11,4,7,14,28,55,0,0,0,2,0,3,2,8,7,20,21,21,40,42,40
1330,11,0,0,2,0,4,5,12,3,6,3,7,4,38,48,5,2,3,2,2,3,2,3,2,2,2,2,2,44,43,16,0,1,3,6,2,1,3,9,4,16,4,8,27,36,36,2,3,7,13,28,2,2,2,2,2,2,1,1,1,1,1,2,8,8,17
1331,6,3,3,1,3,6,3,0,9,2,25,26,15,45,31,37,0,1,1,0,6,5,0,13,5,14,25,5,15,17,6,1,0,0,0,5,0,13,2,2,19,15,14,13,16,7,4,6,11,22,42,0,0,0,5,5,4,3,2,3,10,12,11,32,30,35
1332,9,3,3,2,5,3,4,6,6,10,22,6,3,15,43,19,0,1,1,4,6,1,9,10,10,10,8,8,10,14,10,1,0,0,1,0,6,9,13,11,14,6,9,15,19,8,3,5,9,16,32,0,3,0,0,0,0,12,12,12,21,20,20,17,17,14
1333,11,0,0,2,0,4,5,12,3,6,3,7,19,34,4,9,2,3,2,2,3,2,3,2,2,2,2,2,43,2,42,0,1,3,6,2,1,3,9,4,16,4,8,49,52,14,2,3,7,13,28,2,2,2,2,2,2,1,1,1,1,1,2,10,8,9
1334,12,2,0,3,4,0,2,5,0,3,14,13,21,41,10,42,1,0,0,1,0,6,5,0,6,6,0,6,31,0,26,2,2,2,3,1,4,7,0,5,6,7,11,1,3,5,1,2,3,8,19,1,1,1,4,4,5,4,3,2,2,0,1,1,4,28
1335,2,3,3,1,3,6,1,9,10,4,20,11,1,4,12,45,0,1,1,6,1,1,8,11,9,25,13,9,49,7,50,1,0,0,4,4,5,8,11,6,2,26,0,7,34,20,4,7,14,27,54,0,0,0,0,0,0,2,4,5,18,14,19,12,14,10
1336,4,1,2,0,1,2,0,1,7,7,11,3,24,49,27,36,1,2,0,1,2,0,1,4,0,22,19,0,29,50,0,2,2,2,5,6,3,5,5,3,7,19,5,23,4,1,1,1,2,4,12,1,1,1,1,1,1,0,0,0,14,18,14,29,40,46
1337,8,3,3,2,5,3,4,6,12,9,10,15,20,32,19,12,0,1,1,4,6,1,12,9,7,7,9,16,8,20,7,1,0,0,4,4,5,5,7,0,22,16,15,43,38,28,3,5,10,17,33,0,0,0,0,0,0,6,6,6,15,15,15,16,13,13
1338,6,1,2,1,3,6,3,0,11,11,26,4,27,42,14,25,0,1,1,0,6,5,0,7,5,0,17,11,47,53,11,1,0,0,0,5,0,4,8,1,9,8,13,17,5,15,4,6,11,21,40,0,0,0,5,5,4,9,10,3,9,11,10,3,2,1
1339,9,3,1,2,6,1,4,4,1,5,9,10,7,39,13,28,3,1,3,3,5,3,4,3,3,3,3,3,3,3,3,3,3,1,2,3,2,6,10,7,3,3,6,11,11,3,3,4,8,15,31,3,0,3,6,6,6,11,11,11,17,17,17,9,11,11
1340,10,0,0,2,0,4,5,13,8,6,4,20,8,16,32,15,2,3,2,2,3,2,3,12,13,12,15,15,25,52,35,0,1,3,6,2,1,12,12,8,8,12,20,19,28,29,2,3,6,12,27,2,2,2,2,2,2,1,1,1,4,4,3,14,12,12
1341,10,0,0,2,0,4,5,13,8,6,4,20,19,44,26,7,2,3,2,2,3,2,3,12,13,17,26,19,22,16,20,0,1,3,6,2,1,10,4,10,21,18,19,9,22,37,2,3,6,12,25,2,2,2,2,2,2,13,13,13,23,22,23,25,23,22
1342,13,2,0,3,2,5,6,7,13,13,7,12,14,24,7,43,1,0,0,5,4,4,6,6,4,5,7,4,48,30,4,2,2,2,3,1,4,0,6,9,11,1,24,5,6,48,1,2,5,11,23,1,1,1,3,3,3,5,5,4,0,3,0,0,0,0
1343,11,0,0,2,0,4,5,13,8,6,4,20,19,34,41,30,2,3,2,2,3,2,3,2,2,2,2,2,16,39,44,0,1,3,6,2,1,3,9,4,16,4,8,3,7,2,2,3,6,12,26,2,2,2,2,2,2,1,1,1,1,1,2,23,15,25
1344,14,2,0,3,2,5,6,7,5,13,23,22,2,6,40,2,1,0,0,5,4,4,10,6,4,21,14,17,14,18,14,2,2,2,3,1,4,0,6,9,12,9,4,4,10,52,1,2,4,9,20,1,1,1,3,3,3,8,9,9,8,9,8,4,5,4
1345,9,3,1,2,6,1,4,4,1,5,9,10,7,39,11,29,3,1,3,3,5,3,4,3,3,3,3,3,3,3,3,3,3,1,2,3,2,6,10,7,3,3,6,30,41,46,3,4,8,15,31,3,0,3,6,6,6,11,11,11,17,17,17,9,11,11
1346,12,2,0,3,4,0,2,5,0,3,14,19,21,41,36,42,1,0,0,1,0,6,5,0,6,6,0,6,31,38,5,2,2,2,3,1,4,7,0,5,6,7,11,1,3,5,1,2,3,8,18,1,1,1,4,4,5,4,3,2,2,0,1,11,7,29
1347,14,2,0,3,2,5,6,7,5,13,23,22,2,6,40,2,1,0,0,5,4,4,10,6,4,21,14,17,14,18,14,2,2,2,3,1,4,0,6,9,12,9,4,4,10,52,1,2,4,9,20,1,1,1,3,3,3,8,9,9,8,9,8,4,5,4
1348,12,2,0,3,4,0,2,5,0,3,14,19,23,53,20,44,1,0,0,1,0,6,5,0,6,6,0,6,31,0,39,2,2,2,3,1,4,7,0,5,6,7,11,1,3,5,1,2,3,8,18,1,1,1,4,4,5,4,3,2,2,0,1,1,4,5
1349,7,3,3,1,3,6,1,8,9,8,0,1,22,52,50,16,0,1,1,6,1,1,2,8,1,15,6,23,20,37,28,1,0,0,4,4,5,1,7,13,0,13,7,36,18,50,4,7,13,25,49,0,0,0,0,0,0,7,7,8,5,5,5,34,34,37
1350,12,2,0,3,4,0,2,5,0,3,14,19,23,53,20,44,1,0,0,1,0,6,5,0,6,6,0,6,31,0,39,2,2,2,3,1,4,7,0,5,6,7,11,1,3,5,1,2,3,8,18,1,1,1,4,4,5,4,3,2,2,0,1,1,4,5
1351,11,0,0,2,0,4,5,13,8,6,4,20,19,34,4,23,2,3,2,2,3,2,3,2,2,2,2,2,43,2,42,0,1,3,6,2,1,3,9,4,16,4,8,49,52,14,2,3,6,12,26,2,2,2,2,2,2,1,1,1,1,1,2,10,8,32
1352,12,2,0,3,4,0,2,5,0,3,14,13,21,41,36,42,1,0,0,1,0,6,5,0,6,6,0,6,31,38,5,2,2,2,3,1,4,7,0,5,6,7,11,1,3,5,1,2,3,8,19,1,1,1,4,4,5,4,3,2,2,0,1,11,7,29
1353,9,3,1,2,6,1,4,4,1,5,9,10,7,39,13,28,3,1,3,3,5,3,4,3,3,3,3,3,3,3,3,3,3,1,2,3,2,6,10,7,3,3,6,11,11,3,3,4,8,15,31,3,0,3,6,6,6,11,11,11,17,17,17,9,11,11
1354,2,3,3,1,3,6,1,9,10,1,8,18,1,22,22,11,0,1,1,6,1,1,8,11,9,11,10,18,49,7,9,1,0,0,4,4,5,8,11,6,1,2,2,54,35,21,4,7,12,23,44,0,0,0,0,0,0,2,4,5,7,8,7,2,1,2
1355,13,2,0,3,2,5,6,7,13,13,7,2,14,24,2,43,1,0,0,5,4,4,6,6,4,5,7,4,48,30,4,2,2,2,3,1,4,0,6,9,11,1,24,5,6,48,1,2,5,11,24,1,1,1,3,3,3,5,5,4,0,3,0,0,0,0
1356,3,1,2,0,1,2,0,1,7,7,6,17,24,14,30,24,1,2,0,1,2,0,1,4,0,1,4,22,53,48,17,2,2,2,5,6,3,5,5,3,4,19,23,23,29,1,1,1,2,2,5,1,1,1,1,1,1,0,0,0,19,10,9,35,49,31
1357,14,2,0,3,2,5,6,7,5,13,23,22,2,30,40,2,1,0,0,5,4,4,10,6,4,21,14,17,14,18,41,2,2,2,3,1,4,0,6,9,12,9,4,4,10,52,1,2,4,9,20,1,1,1,3,3,3,8,9,9,8,9,8,4,5,4
1358,5,1,2,0,1,2,0,2,4,0,17,8,17,20,17,22,1,2,0,1,2,0,11,4,11,13,20,26,37,44,36,2,2,2,5,6,3,2,3,12,4,19,23,45,37,33,1,1,1,1,1,1,1,1,1,1,1,0,0,0,3,7,6,21,10,6
1359,1,3,3,1,3,6,1,8,9,12,16,26,13,46,49,54,0,1,1,6,1,1,13,5,12,9,12,12,9,29,27,1,0,0,4,4,5,5,7,3,0,13,7,55,14,44,4,7,14,26,53,0,0,0,0,0,4,3,2,7,6,6,4,5,3,3
1360,4,1,2,0,1,2,0,1,7,7,11,3,10,8,45,36,1,2,0,1,2,0,1,4,0,22,19,0,29,15,0,2,2,2,5,6,3,5,5,3,7,27,5,42,51,49,1,1,2,5,13,1,1,1,1,1,1,0,0,0,14,18,14,30,28,30
1361,13,2,0,3,2,5,6,7,13,13,0,12,14,10,2,14,1,0,0,5,4,4,6,6,4,5,7,4,5,30,54,2,2,2,3,1,4,0,6,9,11,1,24,5,6,48,1,2,5,11,24,1,1,1,3,3,3,5,5,4,0,3,0,0,0,0
1362,8,3,3,2,5,3,4,3,6,9,2,23,9,29,5,40,0,1,1,4,6,1,7,9,7,19,22,7,51,8,33,1,0,0,4,4,5,11,1,0,25,5,1,22,17,24,3,5,10,19,36,0,0,0,0,0,0,6,6,6,12,13,13,6,9,8
1363,2,3,3,1,3,6,1,9,10,1,8,18,1,22,37,11,0,1,1,6,1,1,8,11,9,11,10,18,7,41,9,1,0,0,4,4,5,8,11,6,1,2,2,10,12,0,4,7,12,23,46,0,0,0,0,0,0,2,4,5,7,8,7,2,1,2
1364,1,1,2,1,3,6,1,2,5,12,24,14,2,30,39,3,0,1,1,6,1,1,13,1,12,9,12,12,46,29,48,2,2,2,3,1,4,5,7,3,0,13,7,2,1,9,4,7,14,28,56,1,1,1,4,1,5,8,3,7,27,27,27,36,32,42
1365,12,2,0,3,4,0,2,5,0,3,14,13,21,41,36,42,1,0,0,1,0,6,5,0,6,6,0,6,31,38,5,2,2,2,3,1,4,7,0,5,6,7,11,1,3,5,1,2,3,8,19,1,1,1,4,4,5,4,3,2,2,0,1,11,7,29
1366,12,2,0,3,4,0,2,5,0,3,14,19,23,53,20,44,1,0,0,1,0,6,5,0,6,6,0,6,31,0,26,2,2,2,3,1,4,7,0,5,6,7,11,1,3,5,1,1,2,2,4,1,1,1,4,4,5,4,3,2,2,0,1,1,4,5
1367,9,3,3,2,5,3,4,6,6,10,22,6,3,15,43,19,0,1,1,4,6,1,9,10,10,10,8,8,10,14,10,1,0,0,1,0,6,9,13,11,14,6,9,15,19,8,3,5,9,16,32,0,3,0,0,0,0,12,12,12,21,20,20,17,17,14
1368,5,1,2,0,1,2,0,2,2,0,17,27,17,20,17,22,1,2,0,1,2,0,11,4,11,26,20,10,12,10,13,2,2,2,5,6,3,2,3,12,10,11,17,45,37,33,1,1,1,1,2,1,1,1,1,1,1,0,0,0,3,7,6,21,10,6
1369,9,3,1,2,6,1,4,4,1,5,9,10,7,39,13,28,3,1,3,3,5,3,4,3,3,3,3,3,3,3,3,3,3,1,2,3,2,6,10,7,3,3,6,11,11,3,3,4,8,15,31,3,0,3,6,6,6,11,11,11,17,17,17,9,11,11
1370,9,3,3,2,5,3,4,6,6,10,2,23,10,17,8,16,0,1,1,6,1,1,8,1,8,24,18,21,27,22,21,1,0,0,4,4,5,5,7,3,26,21,25,50,8,32,3,5,10,18,35,0,0,0,0,0,0,10,8,10,16,19,16,26,25,23
1371,10,0,0,2,0,4,5,13,8,6,4,20,8,16,32,15,2,3,2,2,3,2,3,12,13,12,15,15,25,52,35,0,1,3,6,2,1,12,12,8,8,12,20,19,28,29,2,3,6,12,27,2,2,2,2,2,2,1,1,1,4,4,3,14,12,12
1372,3,1,2,0,1,2,0,11,7,7,19,17,24,14,52,10,1,2,0,1,2,0,1,4,0,1,4,22,35,48,17,2,2,2,5,6,3,5,5,3,4,19,23,32,29,18,1,1,2,3,6,1,1,1,1,1,1,0,0,0,13,10,9,13,16,24
1373,14,2,0,3,2,5,6,7,5,13,23,22,2,30,39,39,1,0,0,5,4,4,10,6,4,21,14,17,14,18,41,2,2,2,3,1,4,5,7,3,12,9,4,4,10,52,1,2,4,9,21,1,1,1,3,3,3,8,9,9,8,9,8,4,5,4
1374,6,3,3,1,3,6,3,0,11,11,26,4,27,42,14,17,0,1,1,0,6,5,0,7,5,0,17,11,47,53,52,1,0,0,0,5,0,4,8,1,9,8,13,52,40,13,4,6,11,21,39,0,0,0,5,5,4,9,10,3,9,11,10,3,2,1
1375,1,2,2,3,4,0,2,8,9,12,15,26,13,46,55,3,0,1,1,6,1,1,13,5,12,9,12,12,9,29,48,2,2,2,4,4,5,5,7,3,0,13,7,55,14,9,4,7,14,26,52,0,0,0,0,0,4,3,2,7,6,6,4,5,3,3
1376,6,3,3,1,3,6,3,0,11,11,26,4,27,12,14,32,0,1,1,0,6,5,0,7,5,0,17,11,47,53,52,1,0,0,0,5,0,4,8,1,9,8,13,52,40,13,4,6,11,21,39,0,0,0,5,5,4,9,10,3,9,11,10,3,2,1
1377,13,2,0,3,2,5,6,7,13,13,12,2,14,35,15,14,1,0,0,5,4,4,6,6,4,5,23,24,26,24,29,2,2,2,3,1,4,0,6,9,18,22,21,14,25,31,1,2,5,10,22,1,1,1,3,3,3,5,5,4,0,25,0,24,22,19
1378,9,3,1,2,6,1,4,4,1,5,9,10,7,39,13,28,3,1,3,3,5,3,4,3,3,3,3,3,3,3,3,3,3,1,2,3,2,6,10,7,3,3,6,11,11,3,3,4,8,15,31,3,0,3,6,6,6,11,11,11,17,17,17,9,11,11
1379,13,2,0,3,2,5,6,7,13,13,7,2,14,21,2,27,1,0,0,5,4,4,6,6,4,5,7,4,48,30,53,2,2,2,3,1,4,0,6,9,11,1,24,5,6,48,1,2,3,8,19,1,1,1,3,3,3,5,5,4,0,3,0,0,0,0
1380,12,2,0,3,4,0,2,5,0,3,14,13,21,41,10,34,1,0,0,1,0,6,5,0,6,6,0,6,31,38,5,2,2,2,3,1,4,7,0,5,6,7,11,1,3,5,1,2,3,8,19,1,1,1,4,4,5,4,3,2,2,0,1,1,4,5
1381,9,3,3,2,5,3,4,6,6,10,22,5,3,15,43,19,0,1,1,4,6,1,9,10,10,10,8,8,10,14,10,1,0,0,1,0,6,9,13,11,14,6,9,15,19,8,3,5,9,16,32,0,3,0,0,0,0,12,12,12,21,20,20,17,17,14
1382,6,3,3,1,3,6,3,0,11,11,26,4,27,42,14,25,0,1,1,0,6,5,0,7,5,0,17,11,47,53,11,1,0,0,0,5,0,4,8,1,9,8,13,17,5,15,4,6,11,21,40,0,0,0,5,5,4,9,10,3,9,11,10,3,2,1
1383,9,3,3,2,5,3,4,6,6,10,2,23,20,17,8,16,0,1,1,6,1,1,8,1,8,24,18,21,27,22,21,1,0,0,4,4,5,5,7,3,26,21,25,50,8,32,3,5,10,18,35,0,0,0,0,0,0,10,8,10,16,19,16,26,25,23
1384,3,1,2,0,1,2,0,11,7,7,6,17,0,37,52,24,1,2,0,1,2,0,1,4,0,8,11,20,11,46,22,2,2,2,5,6,3,5,5,3,4,19,23,38,53,54,1,1,2,3,7,1,1,1,1,1,1,0,0,0,24,23,12,35,39,31
1385,13,2,0,3,2,5,6,7,13,13,7,12,14,24,7,43,1,0,0,5,4,4,6,6,4,5,7,4,48,30,4,2,2,2,3,1,4,0,6,9,11,1,24,5,6,48,1,2,5,11,23,1,1,1,3,3,3,5,5,4,0,3,0,0,0,0
1386,13,2,0,3,2,5,6,7,13,13,7,12,14,10,7,43,1,0,0,5,4,4,6,6,4,5,7,4,5,30,54,2,2,2,3,1,4,0,6,9,11,1,24,5,6,48,1,2,5,11,23,1,1,1,3,3,3,5,5,4,0,3,0,0,0,0
1387,11,0,0,2,0,4,5,12,3,6,3,7,4,34,4,23,2,3,2,2,3,2,3,2,2,2,2,2,43,2,42,0,1,3,6,2,1,3,9,4,16,4,8,49,52,14,2,3,6,12,26,2,2,2,2,2,2,1,1,1,1,1,2,10,8,32
1388,10,0,0,2,0,4,5,13,8,6,4,20,8,16,32,15,2,3,2,2,3,2,3,12,13,12,15,15,25,52,35,0,1,3,6,2,1,12,12,8,8,12,20,19,28,29,2,3,6,12,27,2,2,2,2,2,2,1,1,1,4,4,3,14,12,12
1389,11,0,0,2,0,4,5,12,3,6,3,7,4,38,46,9,2,3,2,2,3,2,3,2,2,2,2,2,44,43,16,0,1,3,6,2,1,3,9,4,16,4,8,27,36,36,2,3,7,13,28,2,2,2,2,2,2,1,1,1,1,1,2,23,15,32
1390,1,3,3,1,3,6,3,0,11,2,25,26,15,45,31,21,0,1,1,6,1,1,13,1,12,4,1,23,52,5,12,1,0,0,4,4,5,5,7,3,0,19,7,2,1,1,4,7,14,26,53,0,0,0,0,0,4,3,2,3,10,12,11,42,44,44
1391,14,3,0,1,3,6,1,8,9,4,20,14,13,18,28,46,0,1,1,6,1,1,13,1,12,18,1,14,19,1,19,1,0,0,4,4,5,5,7,3,23,14,16,21,15,11,4,7,14,28,55,0,0,0,2,0,3,2,8,7,20,21,21,40,42,40
1392,1,3,3,1,3,6,1,8,9,12,16,26,13,46,49,54,0,1,1,6,6,1,13,5,12,9,25,12,15,17,6,1,0,0,4,4,5,5,7,3,0,13,7,55,14,44,4,7,14,26,53,0,0,0,0,0,4,3,2,7,6,6,4,20,20,16
1393,10,0,0,2,0,4,5,13,8,6,4,20,8,16,32,30,2,3,2,2,3,2,3,12,13,12,15,27,2,19,2,0,1,3,6,2,1,12,12,8,8,12,20,44,54,10,2,3,6,12,27,2,2,2,2,2,2,1,1,1,4,4,3,19,21,18
1394,13,2,0,3,2,5,6,7,13,13,7,12,14,10,2,27,1,0,0,5,4,4,6,6,4,5,7,4,48,30,4,2,2,2,3,1,4,0,6,9,11,1,24,5,6,48,1,2,5,11,23,1,1,1,3,3,3,5,5,4,0,3,0,0,0,0
1395,14,2,0,3,2,5,6,8,5,13,23,22,2,30,39,3,1,0,0,5,4,4,10,6,4,21,14,17,14,18,14,2,2,2,4,4,5,5,7,3,12,9,4,2,1,1,1,2,4,9,21,0,0,0,0,0,3,8,9,9,8,9,8,40,42,40
1396,8,0,3,2,5,3,4,3,6,9,2,23,9,29,5,40,0,1,1,4,6,1,7,9,7,19,22,7,51,8,33,1,0,0,4,4,5,11,1,0,25,5,1,22,17,24,3,5,10,19,36,0,0,0,0,0,0,6,6,6,12,13,13,6,9,8
1397,10,0,0,2,0,4,5,10,3,6,27,7,19,5,29,23,2,3,2,2,3,2,3,12,13,12,15,27,38,54,51,0,1,3,6,2,1,3,9,4,16,4,8,49,52,14,2,3,7,14,30,2,2,2,2,2,2,1,1,1,4,4,3,25,46,32
1398,1,3,3,1,3,6,1,8,9,12,15,26,13,46,55,38,0,1,1,6,1,1,13,5,12,9,12,12,9,29,27,1,0,0,4,4,5,5,7,3,0,13,7,55,14,44,4,7,14,26,53,0,0,0,0,0,4,3,2,7,6,6,4,5,3,3
1399,8,3,3,2,5,3,4,6,6,9,2,24,20,40,18,49,0,1,1,4,6,1,12,9,7,4,9,16,23,49,47,1,0,0,4,4,5,5,7,3,5,24,27,20,42,23,3,5,10,20,38,0,0,0,0,0,0,10,8,10,22,16,22,41,35,15
1400,11,0,0,2,0,4,5,12,3,6,3,7,4,34,46,23,2,3,2,2,3,2,3,2,2,2,2,2,44,2,42,0,1,3,6,2,1,3,9,4,16,4,8,49,52,14,2,3,6,12,26,2,2,2,2,2,2,1,1,1,1,1,2,10,15,32
1401,10,0,0,2,0,4,5,10,3,6,3,7,4,44,26,7,2,3,2,2,3,2,3,12,13,17,26,19,22,16,20,0,1,3,6,2,1,10,4,10,21,18,19,9,22,37,2,3,6,12,25,2,2,2,2,2,2,13,13,13,23,22,23,25,23,22
1402,12,2,0,3,4,0,2,5,0,3,14,13,21,41,10,42,1,0,0,1,0,6,5,0,6,6,0,6,31,0,39,2,2,2,3,1,4,7,0,5,6,7,11,1,3,5,1,2,3,8,19,1,1,1,4,4,5,4,3,2,2,0,1,1,4,5
1403,9,3,3,2,5,3,4,6,6,10,2,23,20,17,8,16,0,1,1,6,1,1,8,1,8,24,18,21,27,22,21,1,0,0,4,4,5,5,7,3,26,21,25,50,8,32,3,5,10,18,35,0,0,0,0,0,0,10,8,10,16,19,16,26,25,23
1404,12,2,0,3,4,0,2,5,13,3,7,12,14,21,36,27,1,0,0,1,0,6,5,0,6,6,0,6,31,38,5,2,2,2,3,1,4,7,0,5,6,7,11,1,3,5,1,2,3,8,19,1,1,1,4,4,5,4,3,2,2,0,1,11,7,29
1405,6,3,3,1,3,6,3,0,11,2,25,4,15,0,42,37,0,1,1,0,6,5,0,13,5,14,5,5,15,33,55,1,0,0,0,5,0,13,2,2,15,20,12,29,50,51,4,6,11,22,43,0,0,0,5,5,4,3,2,3,10,12,11,20,20,16
1406,13,2,0,3,2,5,6,7,13,13,7,12,14,21,7,31,1,0,0,5,4,4,6,6,4,5,7,4,48,30,53,2,2,2,3,1,4,0,6,9,11,1,24,5,6,48,1,2,3,8,19,1,1,1,3,3,3,5,5,4,0,3,0,0,0,0
1407,7,3,3,2,5,3,4,6,6,8,18,1,22,27,38,51,0,1,1,6,1,1,2,1,1,20,6,23,50,47,49,1,0,0,4,4,5,5,7,3,26,19,23,24,49,45,4,7,13,25,48,0,0,0,0,0,0,7,7,8,5,19,25,48,47,49
1408,12,2,0,3,4,0,2,5,0,3,14,13,23,28,10,42,1,0,0,1,0,6,5,0,6,6,0,6,31,38,5,2,2,2,3,1,4,7,0,5,6,7,11,1,3,5,1,2,3,8,19,1,1,1,4,4,5,4,3,2,2,0,1,1,4,5
1409,13,2,0,3,2,5,6,7,13,13,7,12,14,10,2,27,1,0,0,5,4,4,6,6,4,5,7,4,5,30,54,2,2,2,3,1,4,0,6,9,11,1,24,5,6,48,1,2,5,11,24,1,1,1,3,3,3,5,5,4,0,3,0,0,0,0
1410,6,3,3,1,3,6,3,0,11,11,26,4,27,12,14,32,0,1,1,0,6,5,0,7,5,0,17,11,47,53,52,1,0,0,0,5,0,4,8,1,9,8,13,18,0,53,4,6,11,21,39,0,0,0,5,5,4,9,10,3,9,11,10,3,2,1
1411,13,2,0,3,2,5,6,7,13,13,12,12,14,21,7,43,1,0,0,5,4,4,6,6,4,5,7,4,5,30,54,2,2,2,3,1,4,0,6,9,11,1,24,5,6,48,1,2,5,11,23,1,1,1,3,3,3,5,5,4,0,3,0,0,0,0
1412,1,3,3,1,3,6,1,8,9,4,20,11,13,4,42,51,0,1,1,6,1,1,8,1,9,25,13,9,21,31,50,1,0,0,4,4,5,13,2,2,15,20,12,29,50,51,4,7,13,25,50,0,0,0,5,5,4,3,2,3,10,12,11,20,20,16
1413,13,2,0,3,2,5,6,7,13,13,12,2,14,35,15,14,1,0,0,5,4,4,6,6,4,5,23,24,26,24,29,2,2,2,3,1,4,0,6,9,18,22,21,14,25,31,1,2,5,10,22,1,1,1,3,3,3,5,5,4,0,25,0,24,22,19
1414,7,3,3,1,3,6,1,8,10,8,18,25,22,54,35,21,0,1,1,6,1,1,2,8,1,15,24,1,54,21,1,1,0,0,4,4,5,1,7,13,13,17,10,8,20,47,4,7,13,24,47,0,0,0,0,0,0,7,7,8,5,5,5,7,6,7
1415,13,2,0,3,2,5,6,7,13,13,12,2,14,35,15,14,1,0,0,5,4,4,6,6,4,5,23,24,26,24,29,2,2,2,3,1,4,0,6,9,18,22,21,14,25,31,1,2,5,10,22,1,1,1,3,3,3,5,5,4,0,25,0,24,22,19
1416,5,1,2,0,1,2,0,2,2,0,5,8,17,25,17,22,1,2,0,1,2,0,11,4,11,26,20,10,12,10,13,2,2,2,5,6,3,2,3,12,10,11,17,38,4,1,1,1,1,1,2,1,1,1,1,1,1,0,0,0,3,7,6,15,39,6
1417,1,3,3,1,3,6,1,8,9,12,0,26,13,46,55,54,0,1,1,6,1,1,13,5,12,9,12,12,9,29,27,1,0,0,4,4,5,5,7,3,0,13,7,55,14,44,4,7,14,26,52,0,0,0,0,0,4,3,2,7,6,6,4,5,3,3
1418,14,2,0,3,2,5,6,7,5,13,23,22,2,30,39,39,1,0,0,5,4,4,10,6,4,21,14,17,14,18,14,2,2,2,3,1,4,5,6,3,12,9,4,4,10,52,1,2,4,9,21,1,1,1,3,3,3,8,9,9,8,9,8,4,5,4
1419,1,3,3,1,3,6,1,8,9,12,15,14,13,18,49,3,0,1,1,6,1,1,2,8,1,15,6,23,20,37,28,1,0,0,4,4,5,5,7,3,0,13,7,2,1,9,4,7,14,26,53,0,0,0,0,0,4,3,2,7,6,6,4,54,55,53
1420,1,3,0,1,3,6,1,8,9,12,15,26,13,46,55,54,0,1,1,6,1,1,13,5,12,9,12,12,9,29,27,1,0,0,4,4,5,5,7,3,0,13,7,55,14,44,4,7,14,26,52,0,0,0,0,0,4,3,2,7,6,6,4,5,3,3
1421,8,3,3,2,5,3,4,3,6,9,2,23,9,29,5,8,0,1,1,4,6,1,7,9,7,19,22,7,51,8,33,1,0,0,4,4,5,11,1,0,25,5,1,22,17,24,3,5,10,20,37,0,0,0,0,0,0,6,6,6,12,13,13,6,9,8
1422,5,1,2,0,1,2,0,1,7,7,13,3,25,23,3,26,1,2,0,1,2,0,1,4,0,23,16,13,18,51,30,2,2,2,5,6,3,5,5,3,24,0,26,26,21,25,1,1,2,6,14,1,1,1,1,1,1,0,0,0,24,23,24,18,19,21
1423,5,1,2,0,1,2,0,1,7,7,13,3,25,23,3,26,1,2,0,1,2,0,1,4,0,23,16,13,18,51,30,2,2,2,5,6,3,5,5,3,24,0,26,26,21,25,1,1,2,6,15,1,1,1,1,1,1,0,0,0,24,23,24,18,19,21
1424,8,0,3,2,5,3,4,3,6,9,2,23,9,29,5,40,0,1,1,4,6,1,7,9,7,19,22,7,51,8,33,1,0,0,4,4,5,11,1,0,25,5,1,22,17,24,3,5,10,19,36,0,0,0,0,0,0,6,6,6,12,13,13,6,9,8
1425,3,1,2,0,1,2,0,11,4,7,19,17,18,37,52,24,1,2,0,1,2,0,1,4,0,1,11,22,28,25,34,2,2,2,5,6,3,5,5,3,4,19,23,48,53,43,1,1,2,3,7,1,1,1,1,1,1,0,0,0,3,10,9,37,38,33
1426,14,3,3,1,3,6,1,8,9,4,20,14,2,18,28,46,0,1,1,6,1,1,13,1,12,18,1,14,19,1,19,1,0,0,4,4,5,5,7,3,23,14,16,21,15,11,4,7,14,28,55,0,0,0,2,0,3,2,8,7,20,21,21,40,42,40
1427,7,3,3,1,3,6,1,8,9,8,16,1,13,27,1,4,0,1,1,6,1,1,2,8,1,15,6,23,20,37,28,1,0,0,4,4,5,1,7,13,0,13,7,33,46,4,4,7,13,25,49,0,0,0,0,0,0,7,7,8,5,5,5,34,34,37
1428,9,3,3,2,5,3,4,6,6,10,22,6,3,15,43,19,0,1,1,4,6,1,9,10,10,10,8,8,10,14,10,1,0,0,1,0,6,9,13,11,14,6,9,15,19,8,3,5,9,16,32,0,3,0,0,0,0,12,12,12,21,20,20,17,17,14
1429,13,2,0,3,2,5,6,7,13,13,12,2,14,21,2,14,1,0,0,5,4,4,6,6,4,5,23,24,48,6,4,2,2,2,3,1,4,0,6,9,11,1,24,5,6,48,1,2,5,11,24,1,1,1,3,3,3,5,5,4,0,3,0,24,22,19
1430,2,3,3,1,3,6,1,9,10,1,8,18,1,22,22,11,0,1,1,6,1,1,8,11,9,11,10,18,49,7,9,1,0,0,4,4,5,8,11,6,1,2,2,54,35,21,4,7,12,23,44,0,0,0,0,0,0,2,4,5,7,8,7,2,1,2
1431,6,3,3,1,3,6,3,0,11,11,26,4,27,42,14,25,0,1,1,0,6,5,0,7,5,0,17,11,47,53,11,1,0,0,0,5,0,4,8,1,9,8,13,17,5,15,4,6,11,21,40,0,0,0,5,5,4,9,10,3,9,11,10,3,2,1
1432,5,1,2,0,1,2,0,1,2,0,13,3,25,23,3,48,1,2,0,1,2,0,1,4,0,22,19,0,29,15,0,2,2,2,5,6,3,5,5,3,7,19,5,2,1,43,1,1,2,6,15,1,1,1,1,1,1,0,0,0,14,18,14,30,33,30
1433,11,0,0,2,0,4,5,13,8,6,4,20,19,34,41,30,2,3,2,2,3,2,3,2,2,2,2,2,16,39,44,0,1,3,6,2,1,3,9,4,16,4,8,3,7,2,2,3,6,12,26,2,2,2,2,2,2,1,1,1,1,1,2,23,15,25
1434,5,1,2,0,1,2,0,2,2,0,5,27,12,20,25,22,1,2,0,1,2,0,11,4,11,26,20,10,12,10,13,2,2,2,5,6,3,2,3,12,4,19,23,2,1,1,1,1,1,1,2,1,1,1,1,1,1,0,0,0,3,7,6,21,10,6
1435,7,3,3,1,3,6,1,9,10,8,10,15,20,11,19,12,0,1,1,6,1,1,2,8,1,20,6,25,55,13,25,1,0,0,4,4,5,5,7,3,22,16,15,43,38,28,4,7,13,24,47,0,0,0,0,0,0,6,6,6,15,15,15,49,50,52
1436,12,2,0,3,4,0,2,5,0,3,14,13,23,41,10,34,1,0,0,1,0,6,5,0,6,6,0,6,31,0,39,2,2,2,3,1,4,7,0,5,6,7,11,1,3,5,1,2,3,8,19,1,1,1,4,4,5,4,3,2,2,0,1,1,4,5
1437,5,1,2,0,1,2,0,1,7,7,11,3,25,49,30,36,1,2,0,1,2,0,1,4,0,23,16,13,33,34,18,2,2,2,5,6,3,5,5,3,24,0,26,51,31,17,1,1,2,7,16,1,1,1,1,1,1,0,0,0,26,26,26,44,45,45
1438,13,2,0,3,2,5,6,7,13,13,12,2,14,35,15,43,1,0,0,5,4,4,6,6,4,5,23,24,26,24,29,2,2,2,3,1,4,0,6,9,18,22,21,14,25,31,1,2,5,11,23,1,1,1,3,3,3,5,5,4,0,25,0,24,22,19
1439,3,1,2,0,1,2,0,1,7,7,19,3,24,23,3,26,1,2,0,1,2,0,1,4,0,23,16,13,45,51,30,2,2,2,5,6,3,5,5,3,24,0,26,2,1,1,1,1,2,6,14,1,1,1,1,1,1,0,0,0,24,23,24,18,19,21
1440,11,0,0,2,0,4,5,13,8,6,4,20,19,34,4,23,2,3,2,2,3,2,3,2,2,2,2,2,43,2,16,0,1,3,6,2,1,3,9,4,16,4,8,27,36,36,2,3,6,12,26,2,2,2,2,2,2,1,1,1,1,1,2,10,8,17
1441,5,1,2,0,1,2,0,2,4,0,13,8,17,23,17,18,1,2,0,1,2,0,1,4,0,22,19,0,29,15,0,2,2,2,5,6,3,5,5,3,7,27,5,42,1,43,1,1,2,6,15,1,1,1,1,1,1,0,0,0,14,18,14,30,28,30
1442,2,3,3,1,3,6,1,9,10,1,8,9,1,22,37,41,0,1,1,6,1,1,8,11,9,11,10,18,7,41,9,1,0,0,4,4,5,8,11,6,1,2,2,10,12,0,4,7,12,23,46,0,0,0,0,0,0,2,4,5,7,8,7,2,1,2
1443,3,1,2,0,1,2,0,11,4,7,6,17,18,37,52,24,1,2,0,1,2,0,1,4,0,1,4,22,35,48,17,2,2,2,5,6,3,5,5,3,4,19,23,32,29,18,1,1,2,3,6,1,1,1,1,1,1,0,0,0,13,10,9,13,16,24
1444,6,3,3,1,3,6,3,0,11,11,0,4,27,12,14,32,0,1,1,0,6,5,0,7,5,0,17,11,0,9,52,1,0,0,0,5,0,4,8,1,9,8,13,18,0,53,4,6,11,21,39,0,0,0,5,5,4,9,10,3,9,11,10,3,2,1
1445,2,3,3,1,3,6,1,8,10,4,20,11,1,27,38,51,0,1,1,6,1,1,8,11,9,25,13,9,21,31,50,1,0,0,4,4,5,5,7,3,2,26,0,7,34,20,4,7,13,25,50,0,0,0,0,0,0,2,4,5,18,14,19,12,14,10
1446,12,2,0,3,4,0,2,5,0,3,14,13,23,31,0,34,1,0,0,1,0,6,5,0,6,6,0,6,31,0,39,2,2,2,3,1,4,7,0,5,6,7,11,1,3,5,1,2,3,8,19,1,1,1,4,4,5,4,3,2,2,0,1,1,4,5
1447,1,3,3,1,3,6,1,8,9,12,16,26,13,46,55,54,0,1,1,6,1,1,13,5,12,9,12,12,9,29,27,1,0,0,4,4,5,5,7,3,0,13,7,55,14,44,4,7,14,26,53,0,0,0,0,0,4,3,2,7,6,6,4,5,3,3
1448,8,0,3,2,5,3,4,3,6,9,2,23,9,29,5,40,0,1,1,4,6,1,7,9,7,19,22,7,51,8,33,1,0,0,4,4,5,11,1,0,25,5,1,22,17,24,3,5,10,19,36,0,0,0,0,0,0,6,6,6,12,13,13,6,9,8
1449,4,1,2,0,1,2,0,1,7,7,1,16,18,1,47,35,1,2,0,1,2,0,1,4,0,8,19,20,30,12,32,2,2,2,5,6,3,5,5,3,20,25,3,28,30,22,1,1,2,4,12,1,1,1,1,1,1,0,0,0,19,2,12,28,24,27
1450,8,3,3,1,3,3,1,6,12,9,10,15,20,32,19,12,0,1,1,4,6,1,12,9,7,7,9,16,8,20,7,1,0,0,4,4,5,5,7,3,22,16,15,43,38,28,3,5,10,17,33,0,0,0,0,0,0,6,6,6,15,15,15,16,13,13
1451,9,3,1,2,6,1,4,4,1,5,9,10,7,39,11,29,3,1,3,3,5,3,4,3,3,3,3,3,3,3,3,3,3,1,2,3,2,6,10,7,3,3,6,30,41,46,3,4,8,15,31,3,0,3,6,6,6,11,11,11,17,17,17,9,11,11
1452,1,3,3,1,3,6,1,8,9,12,15,26,13,46,49,54,0,1,1,6,1,1,13,5,12,9,12,12,9,29,27,1,0,0,4,4,5,5,7,3,0,13,7,55,14,44,4,7,14,26,53,0,0,0,0,0,4,3,2,7,6,6,4,5,3,3
1453,6,3,3,1,3,6,3,0,11,11,26,4,27,42,14,17,0,1,1,0,6,5,0,7,5,0,17,11,47,53,52,1,0,0,0,5,0,4,8,1,9,8,13,52,40,13,4,6,11,21,39,0,0,0,5,5,4,9,10,3,9,11,10,3,2,1
1454,5,1,2,0,1,2,0,1,2,0,13,3,25,23,3,13,1,2,0,1,2,0,1,4,0,23,16,13,45,27,43,2,2,2,5,6,3,5,5,3,24,0,26,41,27,43,1,1,2,6,15,1,1,1,1,1,1,0,0,0,24,23,24,18,19,21
1455,6,3,3,1,3,6,3,0,11,2,0,4,15,12,31,21,0,1,1,0,6,5,0,13,5,14,5,5,40,33,38,1,0,0,0,5,0,13,2,2,15,20,12,25,24,27,4,6,11,22,41,0,0,0,5,5,4,3,2,3,10,12,11,42,44,44
1456,8,0,3,2,5,3,4,3,6,9,2,23,9,29,5,40,0,1,1,4,6,1,7,9,7,19,22,7,51,8,33,1,0,0,4,4,5,11,1,0,25,5,1,22,17,24,3,5,10,19,36,0,0,0,0,0,0,6,6,6,12,13,13,6,9,8
1457,13,2,0,3,2,5,6,7,13,13,12,2,14,21,2,14,1,0,0,5,4,4,6,6,4,5,7,4,48,30,4,2,2,2,3,1,4,0,6,9,11,1,24,5,6,48,1,2,5,11,23,1,1,1,3,3,3,5,5,4,0,3,0,0,0,0
1458,13,2,0,3,2,5,6,7,13,13,7,12,14,24,2,27,1,0,0,5,4,4,6,6,4,5,7,4,48,30,4,2,2,2,3,1,4,0,6,9,11,1,24,5,6,48,1,1,2,3,7,1,1,1,3,3,3,5,5,4,0,3,0,0,0,0
1459,3,1,2,0,1,2,0,1,7,7,19,3,24,8,16,10,1,2,0,1,2,0,1,4,0,1,4,22,53,48,17,2,2,2,5,6,3,5,5,3,4,19,23,32,29,18,1,1,2,2,5,1,1,1,1,1,1,0,0,0,13,10,9,43,16,41
1460,14,2,0,3,2,5,6,7,5,13,23,22,2,30,40,2,1,0,0,5,4,4,10,6,4,21,14,17,14,18,41,2,2,2,3,1,4,0,6,9,12,9,4,4,10,52,1,2,4,9,20,1,1,1,3,3,3,8,9,9,8,9,8,4,5,4
1461,8,0,3,2,5,3,4,3,6,9,2,23,9,29,5,40,0,1,1,4,6,1,7,9,7,19,22,7,51,8,33,1,0,0,4,4,5,11,1,0,25,5,1,22,17,24,3,5,10,19,36,0,0,0,0,0,0,6,6,6,12,13,13,6,9,8
1462,14,2,2,3,2,5,6,11,5,13,23,22,2,30,40,2,1,0,0,5,4,4,10,6,4,21,14,17,14,18,14,2,2,2,3,1,4,5,5,3,12,9,4,2,1,1,1,2,4,9,21,1,1,1,3,3,3,8,9,9,8,9,8,4,5,4
1463,8,0,3,2,5,3,4,3,6,9,2,23,9,29,5,8,0,1,1,4,6,1,7,9,7,19,22,7,17,45,15,1,0,0,4,4,5,11,1,0,25,5,1,40,55,41,3,5,10,20,37,0,0,0,0,0,0,6,6,6,12,13,13,6,9,8
1464,6,3,3,1,3,6,3,0,11,11,26,4,27,42,14,32,0,1,1,0,6,5,0,7,5,0,17,11,47,53,11,1,0,0,0,5,0,4,8,1,9,8,13,2,1,1,4,6,11,21,39,0,0,0,5,5,4,9,10,3,9,11,10,3,2,1
1465,1,3,3,1,3,6,1,8,9,12,16,26,13,46,1,54,0,1,1,6,1,1,13,5,12,9,12,12,9,29,48,1,0,0,4,4,5,5,7,3,0,13,7,2,1,44,4,7,14,26,53,0,0,0,0,0,0,3,2,7,6,6,4,50,52,50
1466,9,3,3,2,5,3,4,6,6,10,22,6,3,15,43,19,0,1,1,4,6,1,9,10,10,10,8,8,10,14,10,1,0,0,1,0,6,9,13,11,14,6,9,15,19,8,3,5,9,16,32,0,3,0,0,0,0,12,12,12,21,20,20,17,17,14
1467,12,2,0,3,4,0,2,5,0,3,14,19,23,53,20,44,1,0,0,1,0,6,5,0,6,6,0,6,31,0,26,2,2,2,3,1,4,7,0,5,6,7,11,1,3,5,1,2,3,8,18,1,1,1,4,4,5,4,3,2,2,0,1,1,7,28
1468,12,2,0,3,4,0,2,5,0,3,14,19,23,53,20,34,1,0,0,1,0,6,5,0,6,6,0,6,31,0,39,2,2,2,3,1,4,7,0,5,6,7,11,1,3,5,1,2,3,8,18,1,1,1,4,4,5,4,3,2,2,0,1,1,4,5
1469,9,3,3,2,5,3,4,6,6,10,22,6,3,15,43,19,0,1,1,4,6,1,9,10,10,10,8,8,10,14,10,1,0,0,1,0,6,9,13,11,14,6,9,15,19,8,3,5,9,16,32,0,3,0,0,0,0,12,12,12,21,20,20,17,17,14
1470,2,3,3,1,3,6,1,9,10,1,8,9,1,22,37,41,0,1,1,6,1,1,8,11,9,11,10,18,7,41,9,1,0,0,4,4,5,8,11,6,1,2,2,10,12,0,4,7,12,23,46,0,0,0,0,0,0,2,4,5,7,8,7,2,1,2
1471,14,2,0,3,2,5,6,7,5,13,23,22,2,6,40,39,1,0,0,5,4,4,10,6,4,21,14,17,14,18,41,2,2,2,3,1,4,0,6,9,12,9,4,4,10,52,1,2,4,9,21,1,1,1,3,3,3,8,9,9,8,9,8,4,5,4
1472,1,2,0,3,4,0,2,5,0,3,14,0,5,28,20,34,1,0,0,1,0,6,5,0,6,6,0,6,6,36,37,2,2,2,3,1,4,7,0,5,6,7,11,35,33,35,1,1,2,2,3,1,1,1,4,4,5,4,3,2,27,27,27,36,32,42
1473,13,2,0,3,2,5,6,7,13,13,12,2,14,35,15,43,1,0,0,5,4,4,6,6,4,5,23,24,26,24,29,2,2,2,3,1,4,0,6,9,18,22,21,14,25,31,1,2,5,10,22,1,1,1,3,3,3,5,5,4,0,25,0,24,22,19
1474,9,3,1,2,6,1,4,4,1,5,9,10,7,39,11,29,3,1,3,3,5,3,4,3,3,3,3,3,3,3,3,3,3,1,2,3,2,6,10,7,3,3,6,30,41,46,3,4,8,15,31,3,0,3,6,6,6,11,11,11,17,17,17,9,11,11
1475,6,3,3,1,3,6,3,0,11,2,25,4,15,0,42,37,0,1,1,0,6,5,0,13,5,14,5,5,15,33,55,1,0,0,0,5,0,13,2,2,15,20,12,29,50,51,4,6,11,22,43,0,0,0,5,5,4,3,2,3,10,12,11,20,20,16
1476,8,0,3,2,5,3,4,3,6,9,2,23,9,29,5,40,0,1,1,4,6,1,7,9,7,19,22,7,51,8,33,1,0,0,4,4,5,11,1,0,25,5,1,22,17,24,3,5,10,19,36,0,0,0,0,0,0,6,6,6,12,13,13,6,9,8
1477,14,2,0,3,2,5,6,7,5,13,23,22,2,30,40,39,1,0,0,5,4,4,10,6,4,21,14,17,14,18,14,2,2,2,3,1,4,0,6,9,12,9,4,4,10,52,1,2,4,9,21,1,1,1,3,3,3,8,9,9,8,9,8,4,5,4
1478,4,1,2,0,1,2,0,1,7,7,11,3,26,33,16,36,1,2,0,1,2,0,1,4,0,22,19,0,29,50,0,2,2,2,5,6,3,5,5,3,4,19,23,6,9,6,1,1,2,4,10,1,1,1,1,1,1,0,0,0,14,2,14,47,33,47
1479,14,2,0,3,2,5,6,7,5,13,23,22,2,6,39,39,1,0,0,5,4,4,10,6,4,21,14,17,14,18,41,2,2,2,3,1,4,0,6,9,12,9,4,4,10,52,1,2,4,9,21,1,1,1,3,3,3,8,9,9,8,9,8,4,5,4
1480,1,3,3,1,3,6,1,8,9,12,16,26,13,46,49,54,0,1,1,6,1,1,13,5,12,9,12,12,9,29,27,1,0,0,4,4,5,13,2,2,0,13,7,55,14,44,4,7,14,26,53,0,0,0,0,0,4,3,2,7,6,6,4,5,3,3
1481,6,3,3,1,3,6,3,0,11,11,26,4,27,42,14,25,0,1,1,0,6,5,0,7,5,0,17,11,42,32,11,1,0,0,0,5,0,4,8,1,27,23,18,47,26,34,4,6,11,21,40,0,0,0,5,5,4,9,10,3,9,11,10,3,2,1
1482,3,1,2,3,4,0,2,5,0,3,6,17,5,37,10,24,1,2,0,1,2,0,1,4,0,23,16,13,33,34,18,2,2,2,5,6,3,5,5,3,24,0,26,32,29,18,1,2,3,8,19,1,1,1,1,1,1,0,0,0,26,10,9,38,36,38
1483,14,2,0,3,2,5,6,7,5,13,23,22,2,6,40,2,1,0,0,5,4,4,10,6,4,21,14,17,14,18,14,2,2,2,3,1,4,0,6,9,12,9,4,4,10,52,1,2,4,9,20,1,1,1,3,3,3,8,9,9,8,9,8,4,5,4
1484,1,3,3,1,5,3,1,8,9,4,0,26,13,4,55,16,0,1,1,6,1,1,13,5,12,9,12,12,52,5,27,1,0,0,4,4,5,5,7,3,0,26,7,2,1,44,4,7,14,26,52,0,0,0,0,0,0,3,2,7,6,6,4,5,19,10
1485,6,3,3,1,3,6,3,0,11,11,26,4,27,12,14,32,0,1,1,0,6,5,0,7,5,0,17,11,0,9,52,1,0,0,0,5,0,4,8,1,9,8,13,18,0,53,4,6,11,21,39,0,0,0,5,5,4,9,10,3,9,11,10,3,2,1
1486,10,0,0,2,0,4,5,10,3,6,27,7,4,43,29,50,2,3,2,2,3,2,3,12,13,12,15,27,38,54,51,0,1,3,6,2,1,3,9,4,16,4,8,49,52,14,2,3,7,14,30,2,2,2,2,2,2,1,1,1,4,4,3,46,46,32
1487,6,3,3,1,3,6,3,0,11,11,26,4,27,42,14,25,0,1,1,0,6,5,0,7,5,0,17,11,47,53,11,1,0,0,0,5,0,4,8,1,9,8,13,17,5,15,4,6,11,21,40,0,0,0,5,5,4,9,10,3,9,11,10,3,2,1
1488,12,2,0,3,4,0,2,5,0,3,14,19,23,53,20,44,1,0,0,1,0,6,5,0,6,6,0,6,31,0,26,2,2,2,3,1,4,7,0,5,6,7,11,1,3,5,1,2,3,8,19,1,1,1,4,4,5,4,3,2,2,0,1,1,4,28
1489,12,2,0,3,4,0,2,5,0,3,14,13,23,31,0,34,1,0,0,1,0,6,5,0,6,6,0,6,31,0,39,2,2,2,3,1,4,7,0,5,6,7,11,1,3,5,1,2,3,8,19,1,1,1,4,4,5,4,3,2,2,0,1,1,4,5
1490,10,0,0,2,0,4,5,13,8,6,4,20,8,16,32,15,2,3,2,2,3,2,3,12,13,12,15,27,2,19,2,0,1,3,6,2,1,12,12,8,8,12,20,44,54,10,2,3,6,12,27,2,2,2,2,2,2,1,1,1,4,4,3,19,21,18
1491,11,0,0,2,0,4,5,13,8,6,4,20,19,34,4,23,2,3,2,2,3,2,3,2,2,2,2,2,43,2,42,0,1,3,6,2,1,3,9,4,16,4,8,49,52,14,2,3,7,14,30,2,2,2,2,2,2,1,1,1,1,1,2,10,26,9
1492,6,3,3,1,3,6,3,0,11,2,0,4,15,12,31,21,0,1,1,0,6,5,0,13,5,14,5,5,40,33,38,1,0,0,4,4,5,5,7,3,15,20,12,25,24,27,4,6,11,22,41,0,0,0,5,5,4,3,2,3,10,12,11,42,44,44
1493,10,0,0,2,0,4,5,10,3,6,27,7,8,13,33,50,2,3,2,2,3,2,3,12,13,12,15,27,2,19,2,0,1,3,6,2,1,12,12,8,8,12,20,44,54,10,2,3,7,14,30,2,2,2,2,2,2,1,1,1,4,4,3,14,12,12
1494,4,1,2,0,1,2,0,11,7,7,21,16,6,33,54,35,1,2,0,1,2,0,1,4,0,22,19,0,29,50,0,2,2,2,5,6,3,5,5,3,4,19,23,6,9,1,1,1,2,4,10,1,1,1,1,1,1,0,0,0,14,2,18,47,18,47
1495,8,3,3,2,5,3,4,6,12,9,10,15,20,32,19,12,0,1,1,4,6,1,12,9,7,7,9,16,8,20,7,1,0,0,4,4,5,5,1,0,22,16,15,43,38,28,3,5,10,17,33,0,0,0,0,0,0,6,6,6,15,15,15,16,13,13
1496,6,3,0,1,3,6,3,0,9,2,25,26,15,0,31,37,0,1,1,0,6,5,0,13,5,14,25,5,15,17,6,1,0,0,0,5,0,13,2,2,19,15,14,13,16,7,4,6,11,22,42,0,0,0,5,5,4,3,2,3,10,12,11,32,30,35
1497,1,3,3,1,3,6,1,8,9,12,16,26,13,46,55,54,0,1,1,6,1,1,13,5,12,9,12,12,9,29,27,1,0,0,4,4,5,5,7,3,0,13,7,55,14,44,4,7,13,24,47,0,0,0,0,0,4,3,2,7,6,6,4,5,3,3
1498,1,2,2,3,4,0,2,8,9,12,16,26,13,46,49,54,0,1,1,6,1,1,13,5,12,9,12,12,9,29,27,2,2,2,4,4,5,5,7,3,0,13,7,55,14,44,4,7,14,26,53,0,0,0,0,0,4,3,2,7,6,6,4,5,3,3
1499,14,3,0,1,3,6,1,8,9,4,20,14,13,18,28,46,0,1,1,6,1,1,13,1,12,18,1,14,19,1,19,1,0,0,4,4,5,5,7,3,23,14,16,21,15,11,4,7,14,28,56,0,0,0,2,0,3,2,8,7,20,21,21,40,42,40
1500,11,0,0,2,0,4,5,12,3,6,3,7,4,38,48,5,2,3,2,2,3,2,3,2,2,2,2,2,44,43,16,0,1,3,6,2,1,3,9,4,16,4,8,27,36,36,2,3,7,13,28,2,2,2,2,2,2,1,1,1,1,1,2,8,8,17
1501,14,2,0,3,2,5,6,7,5,13,23,22,2,30,40,39,1,0,0,5,4,4,10,6,4,21,14,17,14,18,41,2,2,2,3,1,4,0,6,9,12,9,4,4,10,52,1,2,4,9,21,1,1,1,3,3,3,8,9,9,8,9,8,4,5,4
1502,10,0,0,2,0,4,5,13,8,6,4,20,19,44,26,7,2,3,2,2,3,2,3,12,13,17,26,19,22,16,20,0,1,3,6,2,1,10,4,10,21,18,19,9,22,37,2,3,6,12,25,2,2,2,2,2,2,13,13,13,23,22,23,25,23,22
1503,14,2,0,3,2,5,6,8,5,4,23,14,2,18,39,46,0,1,1,6,1,1,13,1,12,18,1,14,19,1,19,2,2,2,4,4,5,5,7,3,23,14,16,0,1,39,4,7,14,28,55,0,0,0,0,0,3,2,8,7,20,21,21,31,29,34
1504,8,3,3,2,5,3,4,3,12,9,2,23,20,40,8,16,0,1,1,4,6,1,12,9,7,7,9,16,39,28,31,1,0,0,4,4,5,5,7,0,5,24,27,2,48,40,3,5,10,20,38,0,0,0,0,0,0,6,6,6,22,16,22,33,37,15
1505,13,2,0,3,2,5,6,7,13,13,7,12,14,10,2,27,1,0,0,5,4,4,6,6,4,5,7,4,5,30,54,2,2,2,3,1,4,0,6,9,11,1,24,5,6,48,1,2,5,11,24,1,1,1,3,3,3,5,5,4,0,3,0,0,0,0
1506,14,2,0,3,2,5,6,7,5,13,19,22,24,6,2,2,1,0,0,5,4,4,10,6,4,21,14,17,14,18,14,2,2,2,3,1,4,0,6,9,12,9,4,4,10,1,1,2,4,9,20,1,1,1,3,3,3,8,9,9,8,9,8,4,5,4
1507,7,3,3,1,3,6,1,8,10,8,18,1,22,52,50,4,0,1,1,6,1,1,2,8,1,15,6,23,20,37,28,1,0,0,4,4,5,5,7,3,0,13,7,36,18,50,4,7,13,25,49,0,0,0,0,0,0,7,7,8,5,5,5,34,34,37
1508,14,3,0,1,3,6,1,8,9,4,20,14,13,18,28,46,0,1,1,6,1,1,13,1,12,18,1,14,19,1,19,1,0,0,4,4,5,5,7,3,23,14,16,21,15,11,4,7,14,28,55,0,0,0,2,0,3,2,8,7,20,21,21,40,42,40
1509,4,1,2,0,1,2,0,1,7,7,11,3,11,49,30,33,1,2,0,1,2,0,1,4,0,23,16,13,33,34,18,2,2,2,5,6,3,5,5,3,24,0,26,46,39,42,1,1,2,7,17,1,1,1,1,1,1,0,0,0,26,26,26,38,36,38
1510,6,3,3,1,3,6,3,0,11,11,26,4,27,42,14,25,0,1,1,0,6,5,0,7,5,0,17,11,47,53,11,1,0,0,0,5,0,4,8,1,9,8,13,17,5,15,4,6,11,21,40,0,0,0,5,5,4,9,10,3,9,11,10,3,2,1
1511,5,1,2,0,1,2,0,1,7,0,13,3,25,23,3,26,1,2,0,1,2,0,1,4,0,23,16,13,45,27,43,2,2,2,5,6,3,5,5,3,24,0,26,26,21,25,1,1,2,6,14,1,1,1,1,1,1,0,0,0,24,23,24,18,19,21
1512,1,3,3,1,5,3,4,6,9,2,0,26,15,17,31,6,0,1,1,6,1,1,13,1,12,9,12,12,52,5,27,1,0,0,4,4,5,13,2,2,0,13,7,2,1,1,1,1,2,5,13,0,0,0,0,0,4,3,2,3,10,12,11,32,30,35
1513,11,0,0,2,0,4,5,12,3,6,3,7,4,38,48,9,2,3,2,2,3,2,3,2,2,2,2,2,44,43,16,0,1,3,6,2,1,3,9,4,16,4,8,27,36,36,2,3,7,13,28,2,2,2,2,2,2,1,1,1,1,1,2,8,8,17
1514,9,3,1,2,6,1,4,4,1,5,9,10,7,39,13,28,3,1,3,3,5,3,4,3,3,3,3,3,3,3,3,3,3,1,2,3,2,6,10,7,3,3,6,11,11,3,3,4,8,15,31,3,0,3,6,6,6,11,11,11,17,17,17,9,11,11
1515,9,3,1,2,6,1,4,4,1,5,9,10,7,39,13,28,3,1,3,3,5,3,4,3,3,3,3,3,3,3,3,3,3,1,2,3,2,6,10,7,3,3,6,30,41,46,3,4,8,15,31,3,0,3,6,6,6,11,11,11,17,17,17,9,11,11
1516,12,2,0,3,4,0,2,5,0,3,14,19,23,53,20,44,1,0,0,1,0,6,5,0,6,6,0,6,31,0,26,2,2,2,3,1,4,7,0,5,6,7,11,1,3,5,1,2,3,8,18,1,1,1,4,4,5,4,3,2,2,0,1,1,7,28
1517,14,2,0,3,2,5,6,7,5,13,23,22,2,30,40,39,1,0,0,5,4,4,10,6,4,21,14,17,14,18,14,2,2,2,4,4,5,1,7,13,13,17,10,8,20,47,1,2,4,9,20,1,1,1,0,0,0,7,7,8,5,5,5,7,6,7
1518,13,2,0,3,2,5,6,7,13,13,7,12,14,10,7,27,1,0,0,5,4,4,6,6,4,5,7,4,5,30,54,2,2,2,3,1,4,0,6,9,11,1,24,5,6,48,1,2,3,8,19,1,1,1,3,3,3,5,5,4,0,3,0,0,0,0
1519,7,3,3,1,3,6,1,3,10,8,18,25,22,54,35,4,0,1,1,6,1,1,2,8,1,15,24,1,54,21,1,1,0,0,4,4,5,5,7,13,0,19,7,2,1,9,4,7,13,24,47,0,0,0,0,0,0,7,7,8,27,27,27,36,32,42
1520,6,3,3,1,3,6,3,0,11,11,26,4,27,42,14,25,0,1,1,0,6,5,0,7,5,0,17,11,42,32,11,1,0,0,0,5,0,4,8,1,27,23,18,47,26,34,4,6,11,21,40,0,0,0,5,5,4,9,10,3,9,11,10,3,2,1
1521,4,1,2,0,1,2,0,1,7,7,11,3,26,8,16,55,1,2,0,1,2,0,1,4,0,8,19,20,18,46,22,2,2,2,5,6,3,5,5,3,4,19,23,6,9,6,1,1,2,4,11,1,1,1,1,1,1,0,0,0,11,2,12,30,33,31
1522,11,0,0,2,0,4,5,13,8,6,4,20,19,34,4,23,2,3,2,2,3,2,3,2,2,2,2,2,43,2,42,0,1,3,6,2,1,3,9,4,16,4,8,49,52,14,2,3,6,12,26,2,2,2,2,2,2,1,1,1,1,1,2,10,26,9
1523,13,2,0,3,2,5,6,7,13,13,12,2,14,21,2,14,1,0,0,5,4,4,6,6,4,5,7,4,48,30,4,2,2,2,3,1,4,0,6,9,11,1,24,5,6,48,1,2,5,11,24,1,1,1,3,3,3,5,5,4,0,3,0,24,22,19
1524,13,2,0,3,2,5,6,7,13,13,7,12,14,24,7,43,1,0,0,5,4,4,6,6,4,5,7,4,48,30,4,2,2,2,3,1,4,0,6,9,11,1,24,5,6,48,1,2,5,11,23,1,1,1,3,3,3,5,5,4,0,3,0,24,22,19
1525,2,3,3,1,3,6,1,9,10,1,8,18,1,22,22,11,0,1,1,6,1,1,8,11,9,11,10,18,49,7,9,1,0,0,4,4,5,8,11,6,1,2,2,54,35,21,4,7,12,23,44,0,0,0,0,0,0,2,4,5,7,8,7,2,1,2
1526,12,2,0,3,4,0,2,5,0,3,14,19,23,53,20,44,1,0,0,1,0,6,5,0,6,6,0,6,31,38,5,2,2,2,3,1,4,7,0,5,6,7,11,1,3,5,1,2,3,8,18,1,1,1,4,4,5,4,3,2,2,0,1,11,7,29
1527,1,3,3,1,3,6,1,8,9,12,16,26,13,46,55,54,0,1,1,6,1,1,13,5,12,9,12,12,9,29,27,1,0,0,4,4,5,5,7,3,0,13,7,55,14,9,4,7,14,26,52,0,0,0,0,0,4,3,2,7,6,6,4,5,3,3
1528,12,2,0,3,4,0,2,5,0,3,14,13,21,41,10,42,1,0,0,1,0,6,5,0,6,6,0,6,31,38,5,2,2,2,3,1,4,7,0,5,6,7,11,1,3,5,1,2,3,8,19,1,1,1,4,4,5,4,3,2,2,0,1,11,4,29
1529,2,3,3,1,3,6,1,8,9,4,20,11,13,4,12,45,0,1,1,6,1,1,8,11,9,25,13,9,21,31,50,1,0,0,4,4,5,5,7,3,2,26,0,7,34,20,4,7,14,27,54,0,0,0,0,0,0,2,4,5,18,14,19,12,14,10
1530,4,1,2,0,1,2,0,1,7,7,11,3,26,8,16,55,1,2,0,1,2,0,1,4,0,8,19,20,18,46,22,2,2,2,5,6,3,5,5,3,4,19,23,6,9,6,1,1,2,4,11,1,1,1,1,1,1,0,0,0,11,2,12,30,33,41
1531,12,2,0,3,4,0,2,5,0,3,14,13,21,41,36,42,1,0,0,1,0,6,5,0,6,6,0,6,31,0,39,2,2,2,3,1,4,7,0,5,6,7,11,1,3,5,1,2,3,8,19,1,1,1,4,4,5,4,3,2,2,0,1,11,7,5
1532,14,2,2,3,2,5,6,7,5,13,23,22,2,30,39,3,1,0,0,5,4,4,10,6,4,21,14,17,14,18,14,2,2,2,5,6,3,5,5,3,12,19,4,2,1,1,1,2,4,9,21,1,1,1,1,1,3,8,9,9,8,9,8,40,42,40
1533,1,3,3,1,3,6,1,8,9,12,16,26,13,46,55,38,0,1,1,6,1,1,13,5,12,9,12,12,9,29,27,1,0,0,4,4,5,5,7,3,0,13,7,55,14,44,4,7,14,26,53,0,0,0,0,0,4,3,2,7,6,6,4,5,3,3
1534,3,2,2,3,2,5,6,11,13,13,7,12,14,10,27,31,1,2,0,1,2,0,1,4,0,1,27,22,1,40,46,2,2,2,5,6,3,5,5,3,4,19,23,23,4,1,1,2,5,11,24,1,1,1,1,1,1,0,0,0,13,10,9,53,43,39
1535,5,1,2,0,1,2,0,11,2,0,24,16,12,23,25,35,1,2,0,1,2,0,1,4,0,22,19,0,29,50,0,2,2,2,5,6,3,5,5,3,4,19,23,2,1,1,1,1,2,4,10,1,1,1,1,1,1,0,0,0,14,18,14,47,40,47
1536,8,0,3,2,5,3,4,3,6,9,2,23,9,29,5,40,0,1,1,4,6,1,7,9,7,19,22,7,51,8,33,1,0,0,4,4,5,11,1,0,25,5,1,22,17,24,3,5,10,19,36,0,0,0,0,0,0,6,6,6,12,13,13,6,9,8
1537,8,3,3,2,5,3,4,6,12,9,10,15,20,32,19,12,0,1,1,4,6,1,12,9,7,7,9,16,8,20,7,1,0,0,4,4,5,5,7,3,22,16,15,43,38,28,3,5,10,17,33,0,0,0,0,0,0,6,6,6,15,15,15,16,13,13
1538,12,2,0,3,4,0,2,5,0,3,14,19,21,41,36,42,1,0,0,1,0,6,5,0,6,6,0,6,31,38,5,2,2,2,3,1,4,7,0,5,6,7,11,1,3,5,1,2,3,8,18,1,1,1,4,4,5,4,3,2,2,0,1,11,7,29
1539,11,0,0,2,0,4,5,13,8,6,4,20,19,34,4,23,2,3,2,2,3,2,3,2,2,2,2,2,43,2,42,0,1,3,6,2,1,3,9,4,16,4,8,49,52,14,2,3,6,12,26,2,2,2,2,2,2,1,1,1,1,1,2,10,46,9
1540,9,3,1,2,6,1,4,4,1,5,9,10,7,39,11,29,3,1,3,3,5,3,4,3,3,3,3,3,3,3,3,3,3,1,2,3,2,6,10,7,3,3,6,30,41,46,3,4,8,15,31,3,0,3,6,6,6,11,11,11,17,17,17,9,11,11
1541,11,0,0,2,0,4,5,13,8,6,4,20,19,34,41,30,2,3,2,2,3,2,3,2,2,2,2,2,16,39,44,0,1,3,6,2,1,3,9,4,16,4,8,3,7,2,2,3,6,12,26,2,2,2,2,2,2,1,1,1,1,1,2,23,15,25
1542,8,3,3,1,5,3,4,3,12,9,10,24,9,40,53,8,0,1,1,4,6,1,12,9,7,7,9,16,39,28,31,1,0,0,4,4,5,11,1,0,5,24,27,2,48,40,3,5,10,20,38,0,0,0,0,0,0,6,6,6,22,16,22,33,37,15
1543,4,1,2,0,1,2,0,1,7,7,11,3,24,49,16,36,1,2,0,1,2,0,1,4,0,22,19,0,53,50,0,2,2,2,5,6,3,5,5,3,7,19,23,23,4,1,1,1,2,4,12,1,1,1,1,1,1,0,0,0,14,18,14,43,40,41
1544,11,0,0,2,0,4,5,12,3,6,3,7,4,3,46,5,2,3,2,2,3,2,3,2,2,2,2,2,43,2,42,0,1,3,6,2,1,3,9,4,16,4,8,49,52,14,2,3,7,13,28,2,2,2,2,2,2,1,1,1,1,1,2,10,26,32
1545,3,1,2,0,1,2,0,1,2,0,13,3,16,23,3,26,1,2,0,1,2,0,1,4,0,23,16,13,45,27,43,2,2,2,5,6,3,5,5,3,24,0,26,41,27,43,1,1,2,6,15,1,1,1,1,1,1,0,0,0,24,23,24,18,19,21
1546,12,2,0,3,4,0,2,5,0,3,14,19,23,53,20,44,1,0,0,1,0,6,5,0,6,6,0,6,31,0,39,2,2,2,3,1,4,7,0,5,6,7,11,1,3,5,1,2,3,8,18,1,1,1,4,4,5,4,3,2,2,0,1,1,4,5
1547,3,1,2,0,1,2,0,11,4,7,6,16,18,14,52,24,1,2,0,1,2,0,1,4,0,1,4,22,35,48,17,2,2,2,5,6,3,5,5,3,4,19,23,32,29,18,1,1,2,2,5,1,1,1,1,1,1,0,0,0,13,10,9,13,16,24
1548,10,0,0,2,0,4,5,13,8,6,4,20,19,16,21,30,2,3,2,2,3,2,3,12,13,12,21,27,2,26,2,0,1,3,6,2,1,10,4,10,21,18,19,44,54,10,2,3,6,12,25,2,2,2,2,2,2,1,1,1,23,22,23,19,21,18
1549,12,2,0,3,4,0,2,5,0,3,14,19,23,53,20,44,1,0,0,1,0,6,5,0,6,6,0,6,31,38,5,2,2,2,3,1,4,7,0,5,6,7,11,32,29,18,1,2,3,8,18,1,1,1,4,4,5,4,3,2,2,0,1,13,7,28
1550,5,1,2,0,1,2,0,2,2,0,5,27,12,25,17,13,1,2,0,1,2,0,11,4,11,13,11,26,37,44,36,2,2,2,5,6,3,2,3,12,4,19,23,38,4,54,1,1,1,1,1,1,1,1,1,1,1,0,0,0,3,7,6,15,39,39
1551,13,2,0,3,2,5,6,7,13,13,12,12,14,24,7,43,1,0,0,5,4,4,6,6,4,5,23,24,26,24,29,2,2,2,3,1,4,0,6,9,11,1,24,5,6,48,1,2,5,11,23,1,1,1,3,3,3,5,5,4,0,25,0,24,22,19
1552,7,3,3,1,3,6,1,8,10,8,18,25,22,19,35,4,0,1,1,6,1,1,2,8,1,15,24,1,13,21,1,1,0,0,4,4,5,1,7,13,13,17,10,8,20,47,4,7,13,24,47,0,0,0,0,0,0,7,7,8,5,5,5,7,6,7
1553,4,1,2,0,1,2,0,11,4,7,21,16,6,26,54,53,1,2,0,1,2,0,1,4,0,27,19,20,24,23,23,2,2,2,5,6,3,5,5,3,4,19,23,31,44,19,1,1,2,4,9,1,1,1,1,1,1,0,0,0,11,2,18,45,48,48
1554,8,0,3,2,5,3,4,3,6,9,2,23,9,29,5,40,0,1,1,4,6,1,7,9,7,19,22,7,51,8,33,1,0,0,4,4,5,11,1,0,25,5,1,22,17,24,3,5,10,19,36,0,0,0,0,0,0,6,6,6,12,13,13,6,9,8
1555,7,3,3,1,3,6,1,8,10,8,18,25,22,54,34,4,0,1,1,6,1,1,2,8,1,15,24,1,13,21,1,1,0,0,4,4,5,1,7,13,13,17,10,8,20,47,4,7,13,24,47,0,0,0,0,0,0,7,7,8,5,5,5,7,6,7
1556,14,3,3,1,3,6,1,8,9,12,15,26,13,46,55,6,0,1,1,6,1,1,13,5,12,9,12,12,9,29,27,1,0,0,4,4,5,5,7,3,0,13,7,2,1,9,4,7,14,26,52,0,0,0,0,0,4,3,2,7,6,6,4,5,3,3
1557,7,3,3,1,3,6,1,0,10,8,18,25,22,54,35,4,0,1,1,6,1,1,2,8,1,15,24,1,54,21,1,1,0,0,4,4,5,1,7,13,13,17,10,8,20,47,4,7,13,24,47,0,0,0,0,0,0,7,7,8,5,5,5,7,6,7
1558,11,0,0,2,5,3,5,3,12,9,10,7,0,5,29,23,0,1,1,4,6,1,12,9,7,7,9,16,39,28,31,0,1,3,6,2,1,3,9,4,16,4,8,49,52,14,1,1,2,3,7,2,2,2,2,2,2,1,1,1,1,1,2,10,46,15
1559,9,3,3,2,5,3,4,6,6,10,22,5,3,15,43,19,0,1,1,4,6,1,9,10,10,10,8,8,10,14,10,1,0,0,1,0,6,9,13,11,14,6,9,15,19,8,3,5,9,16,32,0,3,0,0,0,0,12,12,12,21,20,20,17,17,14
1560,10,0,0,2,0,4,5,13,8,6,4,20,19,5,41,30,2,3,2,2,3,2,3,12,13,12,21,27,2,26,2,0,1,3,6,2,1,5,7,3,16,4,8,2,1,10,2,3,6,12,26,2,2,2,2,2,2,1,1,1,23,22,23,19,21,18
1561,10,0,0,2,0,4,5,13,8,6,4,20,19,13,21,30,2,3,2,2,3,2,3,12,13,12,15,27,2,26,2,0,1,3,6,2,1,12,12,8,8,12,20,44,54,10,2,3,6,12,27,2,2,2,2,2,2,1,1,1,4,4,3,19,21,18
1562,13,2,0,3,2,5,6,7,13,13,7,12,14,10,7,31,1,0,0,5,4,4,6,6,4,5,7,4,5,30,54,2,2,2,3,1,4,0,6,9,11,1,24,5,6,48,1,2,5,11,24,1,1,1,3,3,3,5,5,4,0,3,0,0,0,0
1563,11,0,0,2,0,4,5,12,3,6,3,7,4,38,48,5,2,3,2,2,3,2,3,2,2,2,2,2,44,43,16,0,1,3,6,2,1,3,9,4,16,4,8,27,36,36,2,3,7,13,28,2,2,2,2,2,2,1,1,1,1,1,2,8,8,17
1564,5,1,2,0,1,2,0,2,2,0,5,27,12,50,25,13,1,2,0,1,2,0,11,4,11,26,20,10,12,10,13,2,2,2,5,6,3,2,3,12,10,11,17,12,45,16,1,1,1,1,2,1,1,1,1,1,1,0,0,0,3,7,6,15,10,6
1565,13,2,0,3,2,5,6,7,13,13,7,12,14,21,2,27,1,0,0,5,4,4,6,6,4,5,7,4,48,30,53,2,2,2,3,1,4,0,6,9,11,1,24,5,6,48,1,2,5,11,24,1,1,1,3,3,3,5,5,4,0,3,0,0,0,0
1566,6,3,3,1,3,6,3,0,11,11,26,4,27,12,14,6,0,1,1,0,6,5,0,7,5,0,17,11,0,9,52,1,0,0,0,5,0,4,8,1,9,8,13,18,0,53,1,1,2,5,13,0,0,0,5,5,4,9,10,3,9,11,10,3,2,1
1567,2,3,3,1,3,6,1,9,10,1,8,9,1,22,37,1,0,1,1,6,1,1,8,11,9,11,10,18,7,41,9,1,0,0,4,4,5,8,11,6,1,2,2,54,35,21,4,7,12,23,46,0,0,0,0,0,0,2,4,5,7,8,7,2,1,2
1568,3,1,2,0,1,2,0,11,5,7,24,22,2,30,27,10,1,2,0,1,2,0,1,4,0,1,27,22,1,4,46,2,2,2,5,6,3,5,5,3,4,19,23,23,4,1,1,1,2,3,6,1,1,1,1,1,1,8,9,9,8,9,9,37,43,36
1569,10,0,0,2,0,4,5,13,8,6,4,20,19,44,26,7,2,3,2,2,3,2,3,12,13,17,26,19,22,16,20,0,1,3,6,2,1,10,4,10,21,18,19,9,22,37,2,3,6,12,25,2,2,2,2,2,2,13,13,13,23,22,23,25,23,22
1570,2,3,3,1,3,6,1,8,9,4,20,11,13,4,12,45,0,1,1,6,1,1,8,11,9,25,13,9,21,31,50,1,0,0,4,4,5,8,11,6,2,26,0,7,34,20,4,7,14,27,54,0,0,0,0,0,0,2,4,5,18,14,19,12,14,10
1571,2,3,3,1,3,6,1,9,10,4,20,11,1,11,12,45,0,1,1,6,1,1,8,11,9,25,13,9,21,31,50,1,0,0,4,4,5,8,11,6,2,26,0,7,34,20,4,7,14,27,54,0,0,0,0,0,0,2,4,5,18,14,19,12,14,10
1572,11,0,0,2,0,4,5,12,3,6,3,7,4,47,48,9,2,3,2,2,3,2,3,2,2,2,2,2,43,2,42,0,1,3,6,2,1,3,9,4,16,4,8,49,52,14,2,3,7,13,28,2,2,2,2,2,2,1,1,1,1,1,2,10,26,9
1573,2,3,3,1,3,6,1,9,10,1,8,18,1,22,22,1,0,1,1,6,1,1,8,11,9,11,10,18,49,7,9,1,0,0,4,4,5,8,11,6,1,2,2,54,35,21,4,7,12,23,44,0,0,0,0,0,0,2,4,5,7,8,7,2,1,2
1574,1,3,0,1,3,6,1,8,9,12,15,14,13,18,39,3,0,1,1,6,1,1,13,1,12,9,12,12,46,29,48,2,2,2,4,4,5,5,7,3,0,13,7,2,1,9,1,1,2,3,6,0,0,0,0,0,3,8,9,7,20,21,21,31,29,34
1575,9,3,3,2,5,3,4,6,6,10,2,23,10,17,8,16,0,1,1,6,1,1,8,1,8,24,18,21,27,22,21,1,0,0,4,4,5,5,7,3,26,21,25,50,8,32,3,5,10,18,35,0,0,0,0,0,0,10,8,10,16,19,16,26,25,23
1576,4,1,2,0,1,2,0,1,7,7,21,3,24,9,27,10,1,2,0,1,2,0,1,4,0,23,16,13,45,51,30,2,2,2,5,6,3,5,5,3,4,19,23,23,4,1,1,1,2,3,6,1,1,1,1,1,1,0,0,0,11,2,18,18,19,21
1577,5,1,2,0,1,2,0,2,4,0,17,8,17,25,17,22,1,2,0,1,2,0,11,4,11,13,11,26,37,44,36,2,2,2,5,6,3,2,3,12,4,19,23,38,37,33,1,1,1,1,1,1,1,1,1,1,1,0,0,0,3,7,6,21,31,6
1578,11,0,0,2,0,4,5,13,8,6,4,20,19,34,41,30,2,3,2,2,3,2,3,2,2,2,2,2,16,39,44,0,1,3,6,2,1,3,9,4,16,4,8,3,7,2,2,3,6,12,26,2,2,2,2,2,2,1,1,1,1,1,2,23,15,25
1579,13,2,0,3,2,5,6,7,13,13,7,12,14,10,7,27,1,0,0,5,4,4,6,6,4,5,7,4,5,30,54,2,2,2,3,1,4,0,6,9,11,1,24,5,6,48,1,2,5,11,24,1,1,1,3,3,3,5,5,4,0,3,0,0,0,0
1580,2,3,3,1,3,6,1,8,10,4,20,11,1,4,12,45,0,1,1,6,1,1,8,11,9,25,13,9,21,31,50,1,0,0,4,4,5,5,7,3,2,26,0,7,34,20,4,7,14,27,54,0,0,0,0,0,0,2,4,5,18,14,19,12,14,10
1581,3,1,2,0,1,2,0,11,4,7,19,17,18,36,30,48,1,2,0,1,2,0,1,4,0,1,11,22,28,25,34,2,2,2,5,6,3,5,5,3,4,19,23,48,53,43,1,1,2,3,7,1,1,1,1,1,1,0,0,0,3,10,9,37,38,33
1582,8,3,3,2,5,3,4,6,12,9,10,15,20,32,19,12,0,1,1,4,6,1,12,9,7,7,9,16,8,20,7,1,0,0,4,4,5,5,1,0,22,16,15,43,38,28,3,5,10,17,33,0,0,0,0,0,0,6,6,6,15,15,15,16,13,13
1583,3,1,0,0,1,2,0,11,5,7,19,22,24,6,27,10,1,0,0,1,2,0,1,4,0,1,27,22,1,40,46,2,2,2,5,6,3,5,5,3,12,9,4,23,4,1,1,1,2,3,6,1,1,1,3,1,3,8,9,9,8,9,8,4,43,39
1584,14,2,0,3,2,5,6,7,5,13,23,22,2,6,40,2,1,0,0,5,4,4,10,6,4,21,14,17,14,18,41,2,2,2,3,1,4,0,6,9,12,9,4,4,10,52,1,2,4,9,20,1,1,1,3,3,3,8,9,9,8,9,8,4,5,4
1585,1,3,3,1,5,3,4,6,6,10,0,26,13,17,8,6,0,1,1,6,1,1,8,1,8,24,18,21,27,22,21,1,0,0,4,4,5,5,7,3,26,21,25,50,8,32,3,5,10,18,35,0,0,0,0,0,0,10,8,10,16,19,16,26,25,23
1586,12,2,0,3,4,0,2,5,0,3,14,13,21,41,10,42,1,0,0,1,0,6,5,0,6,6,0,6,31,0,39,2,2,2,3,1,4,7,0,5,6,7,11,1,3,5,1,2,3,8,19,1,1,1,4,4,5,4,3,2,2,0,1,1,4,5
1587,8,0,3,2,5,3,4,3,6,9,2,23,9,29,5,40,0,1,1,4,6,1,7,9,7,19,22,7,51,8,33,1,0,0,4,4,5,11,1,0,25,5,1,22,17,24,3,5,10,19,36,0,0,0,0,0,0,6,6,6,12,13,13,6,9,8
1588,10,0,0,2,0,4,5,10,8,6,27,20,8,16,32,15,2,3,2,2,3,2,3,12,13,12,15,15,25,52,35,0,1,3,6,2,1,12,12,8,8,12,20,19,28,29,2,3,6,12,27,2,2,2,2,2,2,1,1,1,4,4,3,14,12,12
1589,7,3,3,1,3,6,1,8,10,8,18,25,22,19,34,4,0,1,1,6,1,1,2,8,1,15,24,1,13,21,1,1,0,0,4,4,5,1,7,13,13,17,10,8,20,47,4,7,13,24,47,0,0,0,0,0,0,7,7,8,5,5,5,7,6,7
1590,7,3,3,1,3,6,1,8,10,8,0,21,22,48,24,4,0,1,1,6,1,1,2,8,1,20,6,25,32,13,25,1,0,0,4,4,5,1,7,13,17,10,22,16,43,26,4,7,13,25,48,0,0,0,0,0,0,7,7,8,25,24,25,27,27,26
1591,13,2,0,3,2,5,6,7,13,13,12,2,14,35,15,14,1,0,0,5,4,4,6,6,4,5,23,24,26,24,29,2,2,2,3,1,4,0,6,9,18,22,21,14,25,31,1,2,5,10,22,1,1,1,3,3,3,5,5,4,0,25,0,24,22,19
1592,2,3,1,2,6,1,4,4,1,4,9,11,7,4,13,29,0,1,1,6,1,1,8,11,9,25,13,9,21,31,50,1,0,0,4,4,5,5,7,3,2,26,0,30,1,1,4,7,14,27,54,0,0,0,0,0,0,11,11,11,17,17,17,9,11,11
1593,11,0,0,2,0,4,5,13,8,6,4,20,19,34,4,23,2,3,2,2,3,2,3,2,2,2,2,2,16,2,42,0,1,3,6,2,1,3,9,4,16,4,8,49,52,14,2,3,6,12,26,2,2,2,2,2,2,1,1,1,1,1,2,10,15,9
1594,6,3,3,1,3,6,3,0,9,2,25,26,15,0,31,37,0,1,1,0,6,5,0,13,5,14,25,5,15,17,6,1,0,0,0,5,0,13,2,2,19,15,14,13,16,7,4,6,11,22,42,0,0,0,5,5,4,3,2,3,10,12,11,32,30,35
1595,4,1,2,0,1,2,0,1,7,7,11,3,26,8,16,36,1,2,0,1,2,0,1,4,0,22,19,0,29,50,0,2,2,2,5,6,3,5,5,3,7,27,5,6,9,6,1,1,2,4,11,1,1,1,1,1,1,0,0,0,14,2,14,47,33,47
1596,3,1,2,0,1,2,0,1,7,7,1,3,26,8,47,55,1,2,0,1,2,0,1,4,0,8,19,20,30,12,32,2,2,2,5,6,3,5,5,3,20,25,3,28,30,22,1,1,2,6,15,1,1,1,1,1,1,0,0,0,19,2,12,28,24,27
1597,11,0,0,2,0,4,5,12,3,6,3,7,4,47,48,9,2,3,2,2,3,2,3,2,2,2,2,2,43,2,42,0,1,3,6,2,1,3,9,4,16,4,8,27,36,36,2,3,7,13,28,2,2,2,2,2,2,1,1,1,1,1,2,8,8,32
1598,8,0,3,2,5,3,4,3,6,9,2,23,9,29,5,40,0,1,1,4,6,1,7,9,7,19,22,7,51,8,33,1,0,0,4,4,5,11,1,0,25,5,1,22,17,24,3,5,10,19,36,0,0,0,0,0,0,6,6,6,12,13,13,6,9,8
1599,1,3,3,1,3,6,1,8,9,12,15,26,13,46,55,38,0,1,1,6,1,1,13,5,12,9,12,12,9,29,27,1,0,0,4,4,5,5,7,3,0,13,7,55,14,44,4,7,14,26,53,0,0,0,0,0,4,3,2,7,6,6,4,5,3,3
1600,14,2,0,1,3,6,1,8,5,4,20,14,2,18,39,3,0,1,1,6,1,1,13,1,12,18,1,14,19,1,19,1,0,0,4,4,5,1,7,13,0,19,23,2,1,1,1,2,4,9,21,0,0,0,0,0,0,7,7,8,25,24,25,40,42,40
1601,3,1,2,0,1,2,0,11,4,0,19,8,18,36,30,48,1,2,0,1,2,0,1,4,0,1,11,22,28,25,34,2,2,2,5,6,3,5,5,3,4,19,23,48,53,43,1,1,2,3,7,1,1,1,1,1,1,0,0,0,3,10,9,37,38,33
1602,4,1,2,0,1,2,0,1,7,7,11,3,10,49,45,36,1,2,0,1,2,0,1,4,0,22,19,0,29,15,0,2,2,2,5,6,3,5,5,3,7,27,5,42,51,49,1,1,2,4,10,1,1,1,1,1,1,0,0,0,14,18,14,30,28,30
1603,5,1,2,0,1,2,0,2,2,0,5,27,12,50,25,13,1,2,0,1,2,0,11,4,11,26,20,10,12,10,13,2,2,2,5,6,3,2,3,12,10,11,17,12,45,16,1,1,1,1,2,1,1,1,1,1,1,0,0,0,3,7,6,15,10,6
1604,1,3,3,1,3,6,1,8,9,12,15,26,13,46,55,54,0,1,1,6,1,1,13,5,12,9,12,12,9,29,27,1,0,0,4,4,5,5,7,3,0,13,7,55,14,44,4,7,14,26,53,0,0,0,0,0,4,3,2,7,6,6,4,5,3,3
1605,4,1,2,0,1,2,0,11,4,0,21,16,6,26,54,53,1,2,0,1,2,0,1,4,0,27,19,20,24,23,23,2,2,2,5,6,3,5,5,3,4,19,23,31,44,19,1,1,2,4,9,1,1,1,1,1,1,0,0,0,11,2,18,45,48,48
1606,8,3,3,2,5,3,4,6,12,9,10,15,20,32,19,12,0,1,1,4,6,1,12,9,7,7,9,16,8,20,7,1,0,0,4,4,5,5,1,0,22,16,15,43,38,28,3,5,10,17,33,0,0,0,0,0,0,6,6,6,15,15,15,16,13,13
1607,6,3,3,1,3,6,3,0,11,11,26,4,27,42,14,17,0,1,1,0,6,5,0,7,5,0,17,11,47,53,52,1,0,0,0,5,0,4,8,1,9,8,13,52,40,13,4,6,11,21,39,0,0,0,5,5,4,9,10,3,9,11,10,3,2,1
1608,10,0,0,2,0,4,5,13,8,6,4,20,8,13,21,30,2,3,2,2,3,2,3,12,13,12,15,27,2,26,2,0,1,3,6,2,1,12,12,8,8,12,20,44,54,10,2,3,6,12,27,2,2,2,2,2,2,1,1,1,4,4,3,19,21,18
1609,13,2,0,3,2,5,6,7,13,13,12,2,14,35,2,14,1,0,0,5,4,4,6,6,4,5,7,4,48,30,4,2,2,2,3,1,4,0,6,9,11,1,24,5,6,48,1,2,5,11,23,1,1,1,3,3,3,5,5,4,0,3,0,0,0,0
1610,6,3,3,1,3,6,3,0,9,2,25,26,15,0,31,37,0,1,1,0,6,5,0,13,5,14,25,5,15,17,6,1,0,0,0,5,0,13,2,2,19,15,14,13,16,7,4,6,11,22,42,0,0,0,5,5,4,3,2,3,10,12,11,32,30,35
1611,10,0,0,2,0,4,5,13,8,6,4,20,19,16,41,23,2,3,2,2,3,2,3,12,13,12,15,15,25,52,35,0,1,3,6,2,1,12,12,8,8,12,20,2,1,10,1,1,2,3,6,2,2,2,2,2,2,1,1,1,4,4,3,14,12,12
1612,8,3,3,2,5,3,4,6,12,9,10,15,20,32,19,12,0,1,1,4,6,1,12,9,7,7,9,16,8,20,7,1,0,0,4,4,5,5,7,0,22,16,15,43,38,55,3,5,10,17,33,0,0,0,0,0,0,6,6,6,15,15,15,16,13,13
1613,11,0,0,2,0,4,5,13,8,6,4,20,19,34,4,23,2,3,2,2,3,2,3,2,2,2,2,2,43,2,42,0,1,3,6,2,1,3,9,4,16,4,8,49,52,14,2,3,6,12,26,2,2,2,2,2,2,1,1,1,1,1,2,10,26,9
1614,12,2,0,3,4,0,2,5,0,3,14,13,21,41,10,42,1,0,0,1,0,6,5,0,6,6,0,6,31,0,39,2,2,2,3,1,4,7,0,5,6,7,11,1,3,5,1,2,3,8,19,1,1,1,4,4,5,4,3,2,2,0,1,1,4,5
1615,8,3,3,2,5,3,4,3,12,9,10,15,20,32,19,12,0,1,1,4,6,1,12,9,7,7,9,16,39,28,31,1,0,0,4,4,5,5,7,0,22,16,15,2,1,1,3,5,10,17,33,0,0,0,0,0,0,6,6,6,15,15,15,33,37,15
1616,4,1,2,0,1,2,0,11,4,0,21,16,6,26,54,53,1,2,0,1,2,0,1,4,0,27,19,20,24,23,23,2,2,2,5,6,3,5,5,3,4,19,23,31,44,19,1,1,2,4,9,1,1,1,1,1,1,0,0,0,11,2,18,45,48,48
1617,1,3,3,1,3,6,1,8,9,12,15,26,13,46,55,54,0,1,1,6,1,1,13,5,12,9,12,12,9,29,27,1,0,0,4,4,5,5,7,3,0,13,7,55,14,44,4,7,14,26,52,0,0,0,0,0,4,3,2,7,6,6,4,5,3,3
1618,9,3,3,2,5,3,4,6,6,10,2,23,20,17,8,16,0,1,1,6,1,1,8,1,8,24,18,21,27,22,21,1,0,0,4,4,5,5,7,3,26,21,25,50,8,32,3,5,10,18,35,0,0,0,0,0,0,10,8,10,16,19,16,26,25,23
1619,11,0,0,2,0,4,5,13,8,6,4,20,19,34,41,30,2,3,2,2,3,2,3,12,13,17,21,19,16,26,44,0,1,3,6,2,1,3,9,4,16,4,8,3,7,2,2,3,6,12,26,2,2,2,2,2,2,1,1,1,23,22,23,19,21,18
1620,1,3,3,1,3,6,1,8,9,12,15,26,13,45,49,54,0,1,1,6,1,1,13,5,12,9,12,12,9,29,48,1,0,0,4,4,5,5,7,3,0,13,7,55,14,44,4,7,14,26,53,0,0,0,0,0,4,3,2,7,6,6,4,5,3,3
1621,9,3,3,2,5,3,4,6,6,10,2,23,20,2,44,49,0,1,1,6,1,1,8,1,8,25,13,21,41,11,24,1,0,0,4,4,5,5,7,3,2,26,0,53,47,30,3,5,10,18,34,0,0,0,0,0,0,10,4,10,16,16,16,39,41,43
1622,9,3,1,2,6,1,4,4,1,5,9,10,7,39,11,29,3,1,3,3,5,3,4,3,3,3,3,3,3,3,3,3,3,1,2,3,2,6,10,7,3,3,6,30,41,3,3,4,8,15,31,3,0,3,6,6,6,11,11,11,17,17,17,9,11,11
1623,11,0,0,2,0,4,5,12,3,6,3,7,4,38,48,5,2,3,2,2,3,2,3,2,2,2,2,2,44,43,16,0,1,3,6,2,1,3,9,4,16,4,8,27,36,36,2,3,7,13,28,2,2,2,2,2,2,1,1,1,1,1,2,8,8,17
1624,1,3,3,1,3,6,1,8,9,12,15,26,13,46,55,38,0,1,1,6,1,1,13,5,12,9,12,12,9,29,27,1,0,0,4,4,5,5,7,3,0,13,7,55,14,44,4,7,14,26,53,0,0,0,0,0,4,3,2,7,6,6,4,5,3,3
1625,2,3,3,1,3,6,1,9,10,1,8,18,1,22,22,11,0,1,1,6,1,1,8,11,9,25,13,9,21,31,50,1,0,0,4,4,5,8,11,6,2,26,0,54,35,21,4,7,12,23,44,0,0,0,0,0,0,2,4,5,7,8,7,2,1,10
1626,9,3,1,2,6,1,4,4,1,5,9,10,7,39,13,28,3,1,3,3,5,3,4,3,3,3,3,3,3,3,3,3,3,1,2,3,2,6,10,7,3,3,6,11,11,3,3,4,8,15,31,3,0,3,6,6,6,11,11,11,17,17,17,9,11,11
1627,2,3,3,1,3,6,1,9,10,1,8,18,1,22,22,1,0,1,1,6,1,1,8,11,9,11,10,18,49,7,9,1,0,0,4,4,5,8,11,6,1,2,2,54,35,21,4,7,12,23,44,0,0,0,0,0,0,2,4,5,7,8,7,2,1,2
1628,7,3,3,1,3,6,1,8,9,8,15,1,13,52,50,4,0,1,1,6,1,1,2,8,1,15,6,23,20,37,28,1,0,0,4,4,5,1,7,13,0,13,7,36,18,50,4,7,13,25,49,0,0,0,0,0,0,7,7,8,5,5,5,34,34,37
1629,8,3,3,1,5,3,4,3,12,9,10,24,20,55,53,8,0,1,1,4,6,1,12,9,7,7,9,16,39,28,31,1,0,0,4,4,5,11,1,0,5,24,27,2,48,40,3,5,10,20,38,0,0,0,0,0,0,6,6,6,22,16,22,33,37,15
1630,7,3,3,1,3,6,1,9,10,8,18,25,22,19,35,4,0,1,1,6,1,1,2,8,1,15,24,1,13,21,1,1,0,0,4,4,5,1,7,13,13,17,10,8,20,47,4,7,13,24,47,0,0,0,0,0,0,7,7,8,5,5,5,7,6,7
1631,10,0,0,2,0,4,5,13,8,6,4,20,19,16,21,30,2,3,2,2,3,2,3,12,13,12,15,27,2,26,2,0,1,3,6,2,1,12,12,8,8,12,20,44,54,10,2,3,6,12,27,2,2,2,2,2,2,1,1,1,4,4,3,19,21,18
1632,13,2,0,3,2,5,6,7,13,13,7,12,14,21,7,31,1,0,0,5,4,4,6,6,4,5,7,4,5,30,54,2,2,2,3,1,4,0,6,9,11,1,24,5,6,48,1,2,5,11,24,1,1,1,3,3,3,5,5,4,0,3,0,0,0,0
1633,10,0,0,2,0,4,5,13,8,6,4,20,8,16,32,15,2,3,2,2,3,2,3,12,13,12,15,15,25,19,35,0,1,3,6,2,1,12,12,8,8,12,20,49,52,14,2,3,6,12,27,2,2,2,2,2,2,1,1,1,4,4,3,14,12,12
1634,2,3,3,1,3,6,1,9,10,1,8,18,1,22,22,11,0,1,1,6,1,1,8,11,9,11,10,18,49,7,9,1,0,0,4,4,5,8,11,6,1,2,2,2,35,21,4,7,12,23,45,0,0,0,0,0,0,2,4,5,7,8,7,2,1,2
1635,12,2,0,3,4,0,2,5,0,3,14,19,23,53,20,44,1,0,0,1,0,6,5,0,6,6,0,6,31,38,5,2,2,2,3,1,4,7,0,5,6,7,11,1,3,5,1,1,2,2,4,1,1,1,4,4,5,4,3,2,2,0,1,11,4,5
1636,12,2,0,3,4,0,2,5,0,3,14,13,21,31,10,42,1,0,0,1,0,6,5,0,6,6,0,6,31,0,39,2,2,2,3,1,4,7,0,5,6,7,11,1,3,5,1,2,3,8,19,1,1,1,4,4,5,4,3,2,2,0,1,1,4,5
1637,10,0,0,2,0,4,5,13,8,6,4,20,19,44,26,7,2,3,2,2,3,2,3,12,13,17,26,19,22,16,20,0,1,3,6,2,1,10,4,10,21,18,19,9,22,37,2,3,6,12,25,2,2,2,2,2,2,13,13,13,23,22,23,25,23,22
1638,4,1,2,0,1,2,0,1,7,7,1,3,26,8,16,55,1,2,0,1,2,0,1,4,0,8,19,20,30,12,32,2,2,2,5,6,3,5,5,3,20,25,3,28,30,22,1,1,2,4,11,1,1,1,1,1,1,0,0,0,19,2,12,28,24,27
1639,1,3,3,1,3,6,1,8,9,12,15,26,13,46,55,54,0,1,1,6,1,1,13,5,12,9,12,12,9,29,48,1,0,0,4,4,5,5,7,3,0,13,7,55,14,44,4,7,14,26,53,0,0,0,0,0,4,3,2,7,6,6,4,5,3,3
1640,11,0,0,2,0,4,5,12,3,6,3,7,4,38,48,5,2,3,2,2,3,2,3,2,2,2,2,2,43,2,42,0,1,3,6,2,1,3,9,4,16,4,8,49,52,14,2,3,7,13,28,2,2,2,2,2,2,1,1,1,1,1,2,8,8,9
1641,12,2,0,3,4,0,2,5,0,3,14,19,23,53,20,34,1,0,0,1,0,6,5,0,6,6,0,6,31,0,39,2,2,2,3,1,4,7,0,5,6,7,11,1,3,5,1,2,3,8,18,1,1,1,4,4,5,4,3,2,2,0,1,1,4,5
1642,14,3,2,1,3,6,1,8,9,12,20,14,13,18,39,46,0,1,1,6,1,1,13,1,12,18,1,14,19,35,19,1,0,0,4,4,5,5,7,3,23,14,16,21,15,11,4,7,14,26,53,0,0,0,2,0,3,2,8,7,20,21,21,40,42,40
1643,9,3,3,2,5,3,4,6,6,10,2,23,20,2,18,16,0,1,1,6,1,1,8,1,8,24,18,21,27,47,8,1,0,0,4,4,5,5,7,3,26,21,25,37,2,38,3,5,10,18,35,0,0,0,0,0,0,10,8,10,16,19,16,26,25,23
1644,2,3,3,1,3,6,1,9,10,1,8,11,1,11,12,45,0,1,1,6,1,1,8,11,9,11,10,18,49,7,9,1,0,0,4,4,5,8,11,6,1,2,2,54,35,21,4,7,14,27,54,0,0,0,0,0,0,2,4,5,7,8,7,2,1,2
1645,8,3,3,2,5,3,4,3,12,9,2,23,9,29,5,8,0,1,1,4,6,1,7,9,7,19,22,7,17,45,15,1,0,0,4,4,5,11,1,0,25,5,1,22,17,24,3,5,10,20,37,0,0,0,0,0,0,6,6,6,12,13,13,6,9,8
1646,4,1,2,0,1,2,0,1,7,7,11,3,26,8,16,55,1,2,0,1,2,0,1,4,0,23,16,13,18,51,30,2,2,2,5,6,3,5,5,3,24,0,26,26,21,25,1,1,2,6,14,1,1,1,1,1,1,0,0,0,24,23,24,18,19,21
1647,2,3,3,1,3,6,1,9,10,1,8,9,1,22,37,41,0,1,1,6,1,1,8,11,9,11,10,18,7,41,9,1,0,0,4,4,5,8,11,6,1,2,2,10,12,0,4,7,12,23,46,0,0,0,0,0,0,2,4,5,7,8,7,2,1,2
1648,14,2,0,3,2,5,6,7,5,13,23,22,2,30,40,39,1,0,0,5,4,4,10,6,4,21,14,17,14,18,14,2,2,2,3,1,4,0,6,9,12,9,4,4,10,52,1,2,4,9,21,1,1,1,3,3,3,8,9,9,8,9,8,4,5,4
1649,7,3,3,1,3,6,1,8,9,8,16,1,13,54,1,4,0,1,1,6,1,1,2,8,1,20,6,25,55,13,25,1,0,0,4,4,5,1,7,13,0,13,7,2,1,9,4,7,13,24,47,0,0,0,0,0,0,7,7,8,25,24,4,49,50,52
1650,1,3,3,1,3,6,1,8,9,12,15,26,13,46,55,54,0,1,1,6,1,1,13,5,12,9,12,12,9,29,27,1,0,0,4,4,5,5,7,3,0,13,7,55,14,44,4,7,13,25,50,0,0,0,0,0,4,3,2,7,6,6,4,49,50,52
1651,6,3,3,1,3,6,3,0,11,11,0,4,15,12,14,32,0,1,1,0,6,5,0,7,5,0,17,11,0,9,52,1,0,0,0,5,0,5,7,3,0,13,7,18,0,53,4,6,11,21,39,0,0,0,5,5,4,9,10,3,9,11,10,3,2,1
1652,4,1,2,0,1,2,0,11,4,7,21,16,18,26,54,35,1,2,0,1,2,0,1,4,0,8,11,20,11,55,22,2,2,2,5,6,3,5,5,3,4,19,23,48,53,1,1,1,2,4,12,1,1,1,1,1,1,0,0,0,19,2,12,35,49,31
1653,11,0,0,2,0,4,5,12,3,6,3,7,4,47,46,23,2,3,2,2,3,2,3,2,2,2,2,2,43,2,42,0,1,3,6,2,1,3,9,4,16,4,8,27,36,36,2,3,6,12,26,2,2,2,2,2,2,1,1,1,1,1,2,8,8,17
1654,13,2,0,3,2,5,6,7,13,13,12,2,14,35,15,43,1,0,0,5,4,4,6,6,4,5,23,24,26,24,29,2,2,2,3,1,4,0,6,9,18,22,21,14,25,31,1,2,5,10,22,1,1,1,3,3,3,5,5,4,0,25,0,24,22,19
1655,11,0,0,2,0,4,5,12,3,6,3,7,4,38,4,9,2,3,2,2,3,2,3,2,2,2,2,2,44,43,16,0,1,3,6,2,1,3,9,4,16,4,8,27,36,36,2,3,7,14,30,2,2,2,2,2,2,1,1,1,1,1,2,23,8,17
1656,14,2,0,3,2,5,6,8,5,4,23,14,2,18,28,46,0,1,1,6,1,1,13,1,12,18,1,14,19,1,19,2,2,2,4,4,5,5,7,3,23,14,16,21,15,11,4,7,14,28,55,0,0,0,2,0,3,2,8,7,20,21,21,40,42,40
1657,5,1,2,0,1,2,0,2,4,0,17,8,17,36,17,22,1,2,0,1,2,0,11,4,11,13,11,26,37,44,36,2,2,2,5,6,3,2,3,12,4,19,23,45,37,33,1,1,1,1,1,1,1,1,1,1,1,0,0,0,3,7,6,21,31,6
1658,14,2,0,3,3,5,6,8,5,12,23,22,2,6,40,2,1,0,0,5,4,4,10,6,4,21,14,17,14,18,41,2,2,2,3,1,4,5,6,3,12,9,4,4,10,52,4,7,14,26,52,1,1,1,3,3,3,8,9,9,8,9,8,4,5,4
1659,13,2,0,3,2,5,6,7,13,13,7,12,14,24,7,43,1,0,0,5,4,4,6,6,4,5,7,4,48,30,4,2,2,2,3,1,4,0,6,9,11,1,24,5,6,48,1,2,5,11,24,1,1,1,3,3,3,5,5,4,0,3,0,0,0,0
1660,2,3,3,1,3,6,1,9,10,4,20,11,1,4,12,45,0,1,1,6,1,1,8,11,9,25,13,9,21,31,50,1,0,0,4,4,5,5,7,3,2,26,0,7,34,20,4,7,12,23,44,0,0,0,0,0,0,2,4,5,18,14,19,12,14,10
1661,5,1,2,0,1,2,0,2,2,0,13,27,16,23,44,13,1,2,0,1,2,0,1,4,0,23,16,13,45,27,43,2,2,2,5,6,3,5,5,3,2,26,0,41,27,43,1,1,2,6,15,1,1,1,1,1,1,0,0,0,24,23,24,18,19,21
1662,10,0,0,2,0,4,5,10,3,6,3,7,4,47,29,50,2,3,2,2,3,2,3,12,13,12,15,15,25,52,35,0,1,3,6,2,1,12,12,8,8,12,20,49,52,14,2,3,7,14,30,2,2,2,2,2,2,1,1,1,4,4,3,46,12,12
1663,1,3,3,1,3,6,1,8,9,12,16,26,13,46,55,54,0,1,1,6,1,1,13,5,12,9,12,12,9,29,27,1,0,0,4,4,5,5,7,3,0,13,7,2,1,9,4,7,14,28,56,0,0,0,0,0,0,3,2,7,6,6,4,49,50,52
1664,5,1,2,0,1,2,0,2,2,0,5,8,25,25,30,48,1,2,0,1,2,0,11,4,11,13,11,26,37,44,36,2,2,2,5,6,3,5,5,3,4,19,23,38,4,1,1,1,1,1,2,1,1,1,1,1,1,0,0,0,3,7,6,15,39,39
1665,11,0,0,2,0,4,5,12,3,6,3,7,4,47,46,5,2,3,2,2,3,2,3,2,2,2,2,2,43,2,42,0,1,3,6,2,1,3,9,4,16,4,8,49,52,14,2,3,7,13,28,2,2,2,2,2,2,1,1,1,1,1,2,10,26,9
1666,6,3,3,1,3,6,3,0,11,11,26,4,27,42,14,25,0,1,1,0,6,5,0,7,5,0,17,11,47,53,11,1,0,0,0,5,0,4,8,1,9,8,13,17,5,15,4,6,11,21,40,0,0,0,5,5,4,9,10,3,9,11,10,3,2,1
1667,7,3,3,1,3,6,1,8,9,4,16,11,13,4,24,51,0,1,1,6,1,1,2,8,1,20,6,25,55,13,25,1,0,0,4,4,5,5,7,3,0,13,7,2,1,9,4,7,13,25,50,0,0,0,0,0,0,3,4,7,25,14,4,49,50,52
1668,3,1,2,0,1,2,0,1,7,7,1,17,18,36,30,48,1,2,0,1,2,0,1,4,0,8,11,20,11,55,22,2,2,2,5,6,3,5,5,3,4,19,23,48,53,54,1,1,2,6,15,1,1,1,1,1,1,0,0,0,19,2,12,35,49,31
1669,7,3,3,1,3,6,1,8,10,8,18,1,22,54,34,4,0,1,1,6,1,1,2,8,1,15,24,1,54,21,1,1,0,0,4,4,5,1,7,13,13,17,10,24,49,45,4,7,13,24,47,0,0,0,0,0,0,7,7,8,5,5,5,7,6,7
1670,11,0,0,2,0,4,5,12,3,6,3,7,19,47,4,23,2,3,2,2,3,2,3,2,2,2,2,2,43,2,42,0,1,3,6,2,1,3,9,4,16,4,8,49,52,14,2,3,6,12,26,2,2,2,2,2,2,1,1,1,1,1,2,10,8,9
1671,12,2,0,3,4,0,2,5,0,3,14,19,23,53,20,44,1,0,0,1,0,6,5,0,6,6,0,6,31,38,5,2,2,2,3,1,4,7,0,5,6,7,11,1,3,5,1,2,3,8,18,1,1,1,4,4,5,4,3,2,2,0,1,11,7,29
1672,5,1,2,0,1,2,0,2,2,0,13,8,25,23,3,26,1,2,0,1,2,0,1,4,0,23,16,13,45,27,43,2,2,2,5,6,3,5,5,3,24,0,26,26,21,25,1,1,2,6,15,1,1,1,1,1,1,0,0,0,24,23,24,18,19,21
1673,9,3,3,2,5,3,4,6,6,10,2,23,20,2,18,16,0,1,1,6,1,1,8,1,8,24,18,21,27,47,8,1,0,0,4,4,5,5,7,3,26,21,25,37,2,38,3,5,10,18,35,0,0,0,0,0,0,10,8,10,16,19,16,26,25,23
1674,8,3,3,2,5,3,4,6,12,9,10,15,20,32,19,12,0,1,1,4,6,1,12,9,7,7,9,16,8,20,7,1,0,0,4,4,5,11,1,0,22,16,15,39,23,55,3,5,10,17,33,0,0,0,0,0,0,6,6,6,15,15,15,16,13,13
1675,10,0,0,2,0,4,5,13,8,6,4,20,8,16,32,23,2,3,2,2,3,2,3,12,13,12,15,15,25,52,35,0,1,3,6,2,1,12,12,8,8,12,20,19,28,29,2,3,7,14,30,2,2,2,2,2,2,1,1,1,4,4,3,14,12,12
1676,1,3,3,1,3,6,1,8,9,12,15,26,13,46,55,38,0,1,1,6,1,1,13,5,12,9,12,12,9,29,27,1,0,0,4,4,5,5,7,3,0,13,7,55,14,44,4,7,14,26,53,0,0,0,0,0,4,3,2,7,6,6,4,5,3,3
1677,3,1,2,0,1,2,0,11,7,7,19,17,24,14,27,10,1,2,0,1,2,0,1,4,0,1,27,22,1,4,46,2,2,2,5,6,3,5,5,3,4,19,23,23,4,1,1,1,2,3,6,1,1,1,1,1,1,0,0,0,13,10,9,13,43,36
1678,2,3,3,1,3,6,1,9,10,1,8,18,1,22,22,11,0,1,1,6,1,1,8,11,9,11,10,18,49,7,9,1,0,0,4,4,5,8,11,6,1,2,2,54,35,21,4,7,12,23,44,0,0,0,0,0,0,2,4,5,7,8,7,2,1,2
1679,12,2,0,3,4,0,2,5,0,3,14,13,21,53,36,42,1,0,0,1,0,6,5,0,6,6,0,6,31,38,5,2,2,2,3,1,4,7,0,5,6,7,11,1,3,5,1,2,3,8,18,1,1,1,4,4,5,4,3,2,2,0,1,11,7,29
1680,3,1,2,0,1,2,0,11,4,0,19,8,0,36,17,0,1,2,0,1,2,0,1,4,0,1,11,20,28,25,34,2,2,2,5,6,3,5,5,3,4,19,23,48,53,54,1,1,2,3,7,1,1,1,1,1,1,0,0,0,3,10,9,37,38,33
1681,8,3,3,2,5,3,4,3,6,9,2,24,9,40,53,8,0,1,1,4,6,1,7,9,7,19,22,7,17,45,15,1,0,0,4,4,5,11,1,0,25,5,1,40,55,41,4,7,13,25,51,0,0,0,0,0,0,6,6,6,12,13,13,6,9,8
1682,12,2,0,3,4,0,2,5,0,3,14,19,23,28,20,44,1,0,0,1,0,6,5,0,6,6,0,6,31,38,5,2,2,2,3,1,4,7,0,5,6,7,11,1,3,5,1,2,3,8,18,1,1,1,4,4,5,4,3,2,2,0,1,11,7,29
1683,1,3,3,1,3,6,1,8,9,12,16,26,13,46,55,18,0,1,1,6,1,1,13,1,12,4,1,23,52,5,12,1,0,0,5,6,3,5,5,3,0,19,7,2,1,1,4,7,14,26,53,0,0,0,0,0,1,0,0,0,22,18,22,29,40,54
1684,13,2,0,3,2,5,6,7,13,13,7,2,14,21,2,14,1,0,0,5,4,4,6,6,4,5,7,4,48,6,4,2,2,2,3,1,4,0,6,9,11,1,24,5,6,48,1,2,5,11,24,1,1,1,3,3,3,5,5,4,0,3,0,0,0,0
1685,9,3,3,2,5,3,4,6,6,10,2,23,20,2,8,49,0,1,1,4,6,1,12,1,8,4,9,16,23,49,47,1,0,0,4,4,5,5,7,3,5,24,27,20,42,23,3,5,10,20,38,0,0,0,0,0,0,10,8,10,22,16,22,41,35,15
1686,11,0,0,2,0,4,5,13,8,6,4,20,19,34,4,23,2,3,2,2,3,2,3,2,2,2,2,2,43,2,42,0,1,3,6,2,1,3,9,4,16,4,8,49,52,14,2,3,6,12,26,2,2,2,2,2,2,1,1,1,1,1,2,23,15,25
1687,9,3,3,2,5,3,4,6,6,10,2,23,20,2,44,49,0,1,1,6,1,1,8,1,8,25,13,21,41,11,24,1,0,0,4,4,5,5,7,3,2,26,0,53,47,30,3,5,10,18,34,0,0,0,0,0,0,10,4,10,16,16,16,39,41,43
1688,6,3,3,1,3,6,3,0,11,11,26,4,27,12,14,32,0,1,1,0,6,5,0,7,5,0,17,11,47,53,52,1,0,0,0,5,0,4,8,1,9,8,13,2,1,1,4,6,11,21,39,0,0,0,5,5,4,9,10,3,9,11,10,3,2,1
1689,9,3,1,2,6,1,4,4,1,5,9,10,7,39,11,29,3,1,3,3,5,3,4,3,3,3,3,3,3,3,3,3,3,1,2,3,2,6,10,7,3,3,6,30,41,46,3,4,8,15,31,3,0,3,6,6,6,11,11,11,17,17,17,9,11,11
1690,7,3,3,1,3,6,1,8,9,8,0,1,22,27,34,4,0,1,1,6,1,1,2,8,1,15,24,1,13,21,1,1,0,0,4,4,5,1,7,13,13,17,10,2,1,9,4,7,13,24,47,0,0,0,0,0,0,7,7,8,5,5,5,34,34,37
1691,6,3,3,1,3,6,3,0,11,2,25,4,15,0,31,37,0,1,1,0,6,5,0,13,5,14,25,5,15,17,6,1,0,0,0,5,0,13,2,2,19,15,14,13,16,7,4,6,11,22,42,0,0,0,5,5,4,3,2,3,10,12,11,32,30,35
1692,14,2,0,3,2,5,6,7,5,13,23,22,2,30,40,39,1,0,0,5,4,4,10,6,4,21,14,17,14,18,41,2,2,2,3,1,4,0,6,9,12,9,4,4,10,52,1,2,4,9,21,1,1,1,3,3,3,8,9,9,8,9,8,4,5,4
1693,7,3,3,1,3,6,1,8,9,8,16,1,13,54,1,4,0,1,1,6,1,1,2,8,1,15,6,23,20,37,28,1,0,0,4,4,5,1,7,13,0,13,7,33,46,4,4,7,13,25,49,0,0,0,0,0,0,7,7,8,5,5,5,34,34,37
1694,12,2,0,3,4,0,2,5,0,3,14,13,21,41,10,42,1,0,0,1,0,6,5,0,6,6,0,6,31,38,5,2,2,2,3,1,4,7,0,5,6,7,11,1,3,5,1,2,3,8,19,1,1,1,4,4,5,4,3,2,2,0,1,11,4,29
1695,4,1,2,0,1,2,0,1,7,7,11,3,24,49,16,36,1,2,0,1,2,0,1,4,0,22,19,0,29,50,0,2,2,2,5,6,3,5,5,3,7,27,5,23,4,1,1,1,2,4,12,1,1,1,1,1,1,0,0,0,14,18,14,29,40,46
1696,1,3,3,1,3,6,1,8,9,12,15,26,13,46,55,54,0,1,1,6,1,1,13,5,12,9,12,12,9,29,27,1,0,0,4,4,5,5,7,3,0,13,7,55,14,44,4,7,14,26,53,0,0,0,0,0,4,3,2,7,6,6,4,5,3,3
1697,8,0,3,2,5,3,4,3,6,9,2,23,9,29,5,40,0,1,1,4,6,1,7,9,7,19,22,7,51,8,33,1,0,0,4,4,5,11,1,0,25,5,1,22,17,24,3,5,10,19,36,0,0,0,0,0,0,6,6,6,12,13,13,6,9,8
1698,7,3,3,2,5,3,4,6,6,10,2,21,10,17,24,16,0,1,1,6,1,1,8,1,8,24,18,21,27,22,21,1,0,0,4,4,5,5,7,3,26,21,25,50,8,32,4,7,13,25,48,0,0,0,0,0,0,10,8,10,16,19,16,26,25,23
1699,4,1,2,0,1,2,0,11,4,7,21,16,6,33,54,35,1,2,0,1,2,0,1,4,0,27,19,20,24,23,23,2,2,2,5,6,3,5,5,3,4,19,23,23,1,1,1,1,2,4,10,1,1,1,1,1,1,0,0,0,14,18,14,29,40,46
1700,8,0,3,2,5,3,4,3,6,9,2,23,9,29,5,8,0,1,1,4,6,1,7,9,7,19,22,7,17,45,15,1,0,0,4,4,5,11,1,0,25,5,1,40,55,41,3,5,10,20,37,0,0,0,0,0,0,6,6,6,12,13,13,6,9,8
1701,12,2,0,3,4,0,2,5,0,3,14,19,5,53,20,44,1,0,0,1,0,6,5,0,6,6,0,6,31,0,26,2,2,2,3,1,4,7,0,5,6,7,11,1,3,5,1,2,3,8,18,1,1,1,4,4,5,4,3,2,2,0,1,1,4,28
1702,12,2,0,3,4,0,2,5,0,3,14,13,21,31,0,42,1,0,0,1,0,6,5,0,6,6,0,6,31,0,39,2,2,2,3,1,4,7,0,5,6,7,11,1,3,5,1,2,3,8,19,1,1,1,4,4,5,4,3,2,2,0,1,1,4,5
1703,14,3,0,0,1,2,0,11,5,13,23,22,2,30,40,2,1,0,0,5,4,4,6,6,4,5,7,4,48,30,53,2,2,2,3,1,4,5,7,3,4,19,23,2,1,1,1,2,4,9,21,1,1,1,3,3,3,8,9,9,8,9,8,52,53,55
1704,8,3,3,2,5,3,4,3,12,9,10,24,9,55,53,8,0,1,1,4,6,1,7,9,7,19,22,7,17,45,15,1,0,0,4,4,5,11,1,0,25,5,1,40,55,41,3,5,10,20,37,0,0,0,0,0,0,6,6,6,12,13,13,6,9,8
1705,5,1,2,0,1,2,0,2,2,0,24,27,17,20,51,22,1,2,0,1,2,0,11,4,11,26,20,10,12,10,13,2,2,2,5,6,3,2,3,12,10,11,17,45,37,33,1,1,1,1,2,1,1,1,1,1,1,0,0,0,3,7,6,15,10,6
1706,1,2,0,3,2,5,6,7,9,12,15,26,13,46,55,3,1,0,0,5,4,4,6,6,4,5,7,4,48,30,4,2,2,2,3,1,4,0,6,9,0,13,7,5,1,9,1,2,5,11,24,1,1,1,3,3,3,5,5,4,6,6,4,36,32,53
1707,14,3,3,1,3,6,1,8,9,12,20,14,13,18,23,52,0,1,1,6,1,1,13,1,12,16,1,14,34,35,40,1,0,0,4,4,5,5,7,3,0,13,7,0,32,39,4,7,14,28,56,0,0,0,0,0,0,2,8,7,20,21,21,31,29,34
1708,3,1,2,0,1,2,6,11,7,13,19,17,24,14,27,10,1,2,0,1,2,0,1,4,0,1,27,22,1,4,46,2,2,2,5,6,3,5,5,3,4,19,23,23,4,1,1,1,2,3,6,1,1,1,1,1,1,0,0,0,13,10,9,13,43,36
1709,10,0,0,2,0,4,5,10,3,6,27,7,4,43,29,50,2,3,2,2,3,2,3,12,13,12,15,27,38,54,51,0,1,3,6,2,1,3,9,4,16,4,8,49,52,14,2,3,7,14,30,2,2,2,2,2,2,1,1,1,4,4,3,46,46,32
1710,10,0,0,2,0,4,5,13,8,6,4,20,19,5,4,23,2,3,2,2,3,2,3,2,2,2,2,27,38,54,51,0,1,3,6,2,1,3,9,4,16,4,8,49,52,14,2,3,7,14,30,2,2,2,2,2,2,1,1,1,1,1,2,10,46,9
1711,11,0,0,2,0,4,5,13,8,6,4,20,19,34,41,30,2,3,2,2,3,2,3,2,2,2,2,2,16,39,44,0,1,3,6,2,1,3,9,4,16,4,8,3,7,2,2,3,6,12,26,2,2,2,2,2,2,1,1,1,4,4,3,19,21,25
1712,11,0,0,2,0,4,5,12,3,6,3,7,4,38,4,9,2,3,2,2,3,2,3,2,2,2,2,2,44,43,16,0,1,3,6,2,1,3,9,4,16,4,8,27,36,36,2,3,7,13,28,2,2,2,2,2,2,1,1,1,1,1,2,8,8,17
1713,14,2,0,3,2,5,6,7,5,13,23,22,2,30,40,39,1,0,0,5,4,4,10,6,4,21,14,17,14,18,41,2,2,2,3,1,4,0,6,9,12,9,4,4,10,52,1,2,4,9,20,1,1,1,3,3,3,8,9,9,8,9,8,4,5,4
1714,7,3,3,1,3,6,1,9,10,1,8,25,1,22,37,11,0,1,1,6,1,1,2,8,1,15,24,1,13,21,1,1,0,0,4,4,5,1,7,13,13,17,10,8,20,47,4,7,13,24,47,0,0,0,0,0,0,2,4,5,7,8,7,7,6,7
1715,2,3,3,1,3,6,1,9,10,4,20,11,1,11,12,45,0,1,1,6,1,1,8,11,9,25,13,9,21,31,50,1,0,0,4,4,5,8,11,6,2,26,0,7,34,20,4,7,14,27,54,0,0,0,0,0,0,2,4,5,18,14,19,12,14,10
1716,1,2,0,3,4,0,2,5,0,3,14,0,5,28,0,34,1,0,0,1,0,6,5,0,6,6,0,6,6,36,37,2,2,2,3,1,4,7,0,5,6,7,11,35,33,35,1,1,2,2,3,1,1,1,4,4,5,4,3,2,27,27,27,36,32,42
1717,14,2,0,3,2,5,6,7,5,13,23,22,2,6,40,2,1,0,0,5,4,4,10,6,4,21,14,17,14,18,41,2,2,2,3,1,4,0,6,9,12,9,4,4,10,52,1,2,4,9,20,1,1,1,3,3,3,8,9,9,8,9,8,4,5,4
1718,9,3,3,2,5,3,4,6,6,10,22,6,3,15,43,19,0,1,1,4,6,1,9,10,10,10,8,8,10,14,10,1,0,0,1,0,6,9,13,11,14,6,9,15,19,8,3,5,9,16,32,0,3,0,0,0,0,12,12,12,21,20,20,17,17,14
1719,2,3,3,1,3,6,1,9,10,1,8,9,1,22,37,41,0,1,1,6,1,1,8,11,9,11,10,18,7,41,9,1,0,0,4,4,5,8,11,6,1,2,2,10,12,0,4,7,12,23,46,0,0,0,0,0,0,2,4,5,7,8,7,2,1,2
1720,11,0,0,2,0,4,5,13,8,6,4,20,19,34,4,23,2,3,2,2,3,2,3,2,2,2,2,2,43,2,42,0,1,3,6,2,1,3,9,4,16,4,8,2,1,14,2,3,6,12,26,2,2,2,2,2,2,1,1,1,1,1,2,10,8,17
1721,14,2,0,3,2,5,6,7,5,13,23,22,2,6,40,2,1,0,0,5,4,4,10,6,4,21,14,17,14,18,14,2,2,2,3,1,4,5,7,3,12,9,4,4,10,52,1,1,2,5,13,1,1,1,3,3,3,8,9,9,8,9,8,4,5,4
1722,9,3,3,2,5,3,4,6,6,10,22,6,3,15,43,19,0,1,1,4,6,1,9,10,10,10,8,8,10,14,10,1,0,0,1,0,6,9,13,11,14,6,9,15,19,8,3,5,9,16,32,0,3,0,0,0,0,12,12,12,21,20,20,17,17,14
1723,4,1,2,0,1,2,0,1,7,7,11,3,26,49,3,36,1,2,0,1,2,0,1,4,0,23,16,13,18,51,30,2,2,2,5,6,3,5,5,3,24,0,26,26,21,25,1,1,2,6,14,1,1,1,1,1,1,0,0,0,24,23,24,18,19,21
1724,14,3,3,3,2,5,6,7,5,13,23,22,2,40,40,2,1,0,0,5,4,4,6,6,4,5,14,17,14,6,14,2,2,2,5,6,3,5,5,3,4,19,23,2,1,1,1,2,5,11,23,1,1,1,3,3,3,5,5,4,11,25,12,43,33,41
1725,12,2,0,3,4,0,2,5,0,3,6,13,10,28,10,34,1,2,0,1,2,0,1,4,0,1,4,22,53,48,17,2,2,2,3,1,4,7,0,5,6,7,11,1,3,5,1,1,2,3,8,1,1,1,4,4,5,4,3,2,2,0,1,50,52,50
1726,4,1,2,0,1,2,0,1,7,7,11,3,26,8,16,55,1,2,0,1,2,0,1,4,0,8,19,20,11,46,22,2,2,2,5,6,3,5,5,3,20,25,3,6,9,6,1,1,2,4,11,1,1,1,1,1,1,0,0,0,19,2,12,28,24,27
1727,3,1,2,0,1,2,0,1,7,7,13,17,25,1,30,18,1,2,0,1,2,0,1,4,0,1,4,22,53,48,17,2,2,2,5,6,3,5,5,3,24,0,26,2,1,1,1,1,2,6,15,1,1,1,1,1,1,0,0,0,19,18,14,28,24,27
1728,6,3,3,1,3,6,3,0,11,11,26,4,27,42,6,17,0,1,1,0,6,5,0,7,5,0,17,11,47,53,52,1,0,0,0,5,0,4,8,1,9,8,13,52,40,13,4,6,11,21,39,0,0,0,5,5,4,9,10,3,9,11,10,3,2,1
1729,8,3,3,1,5,3,1,3,12,9,10,24,20,55,53,12,0,1,1,4,6,1,12,9,7,7,9,16,39,28,31,1,0,0,4,4,5,5,1,0,5,24,27,2,48,40,3,5,10,17,33,0,0,0,0,0,0,6,6,6,22,16,22,33,37,15
1730,4,1,2,0,1,2,0,11,4,7,21,16,6,33,54,53,1,2,0,1,2,0,1,4,0,27,19,20,24,23,23,2,2,2,5,6,3,5,5,3,4,19,23,6,9,6,1,1,2,4,10,1,1,1,1,1,1,0,0,0,11,2,18,22,18,20
1731,12,2,0,3,4,0,2,5,0,3,14,13,21,31,0,42,1,0,0,1,0,6,5,0,6,6,0,6,31,0,39,2,2,2,3,1,4,7,0,5,6,7,11,1,3,5,1,2,3,8,19,1,1,1,4,4,5,4,3,2,2,0,1,1,4,5
1732,6,3,3,1,3,6,3,0,11,2,25,4,15,0,31,37,0,1,1,0,6,5,0,13,5,14,25,5,15,17,6,1,0,0,0,5,0,13,2,2,19,15,14,13,16,7,4,6,11,22,42,0,0,0,5,5,4,3,2,3,10,12,11,32,30,35
1733,11,0,0,2,0,4,5,13,8,6,4,20,19,34,41,30,2,3,2,2,3,2,3,12,13,17,21,19,16,26,20,0,1,3,6,2,1,3,9,4,16,4,8,3,7,2,2,3,6,12,26,2,2,2,2,2,2,1,1,1,23,22,23,25,23,22
1734,7,3,3,1,3,6,1,8,10,8,18,25,22,19,34,4,0,1,1,6,1,1,2,8,1,15,24,1,54,21,1,1,0,0,4,4,5,1,7,13,13,17,10,8,20,9,4,7,13,24,47,0,0,0,0,0,0,7,7,8,5,5,5,7,6,7
1735,1,3,3,1,3,6,1,8,9,12,15,26,13,46,49,54,0,1,1,6,1,1,13,5,12,9,12,12,9,29,27,1,0,0,4,4,5,5,7,3,0,13,7,55,14,44,4,7,14,26,53,0,0,0,0,0,4,3,2,7,6,6,4,5,3,3
1736,12,2,0,3,4,0,2,5,0,3,14,13,23,41,20,42,1,0,0,1,0,6,5,0,6,6,0,6,31,0,39,2,2,2,3,1,4,7,0,5,6,7,11,1,3,5,1,2,3,8,19,1,1,1,4,4,5,4,3,2,2,0,1,1,4,5
1737,10,0,0,2,0,4,5,13,8,6,4,20,19,44,26,7,2,3,2,2,3,2,3,12,13,17,26,19,22,16,20,0,1,3,6,2,1,10,4,10,21,18,19,9,22,37,2,3,6,12,25,2,2,2,2,2,2,13,13,13,23,22,23,25,23,22
1738,1,3,3,1,3,6,1,8,9,12,15,26,13,46,49,54,0,1,1,6,1,1,13,5,12,9,12,12,9,29,27,1,0,0,4,4,5,13,2,2,0,13,7,55,14,44,4,7,14,26,53,0,0,0,0,0,4,3,2,7,6,6,4,5,3,3
1739,5,1,2,0,1,2,0,2,4,0,17,8,17,20,17,22,1,2,0,1,2,0,11,4,11,13,20,26,37,44,36,2,2,2,5,6,3,2,3,12,4,19,23,45,37,33,4,7,14,26,52,1,1,1,1,1,1,0,0,0,3,7,6,21,10,6
1740,11,0,0,2,0,4,5,12,3,6,3,7,4,38,48,9,2,3,2,2,3,2,3,2,2,2,2,2,44,43,16,0,1,3,6,2,1,3,9,4,16,4,8,27,7,2,2,3,7,13,28,2,2,2,2,2,2,1,1,1,1,1,2,8,15,17
1741,10,0,0,2,0,4,5,13,8,6,4,20,19,44,26,7,2,3,2,2,3,2,3,12,13,17,26,19,22,16,20,0,1,3,6,2,1,10,4,10,21,18,19,9,22,37,2,3,6,12,25,2,2,2,2,2,2,13,13,13,23,22,23,25,23,22
1742,1,3,3,1,3,6,1,8,9,12,15,26,10,45,49,6,0,1,1,4,1,1,8,1,8,4,18,21,4,49,47,1,0,0,4,4,5,5,7,3,0,13,7,2,1,1,1,1,2,5,13,0,0,0,0,0,0,12,12,12,21,20,20,17,17,14
1743,6,3,3,1,3,6,3,0,9,2,25,26,15,45,31,37,0,1,1,0,6,5,0,13,5,14,25,5,15,17,6,1,0,0,0,5,0,13,2,2,19,15,14,13,16,7,4,6,11,22,43,0,0,0,5,5,4,3,2,3,10,12,11,32,30,35
1744,9,3,3,2,5,3,4,6,6,10,22,6,3,15,43,19,0,1,1,4,6,1,9,10,10,10,8,8,10,14,10,1,0,0,1,0,6,9,13,11,14,6,9,15,19,8,3,5,9,16,32,0,3,0,0,0,0,12,12,12,21,20,20,17,17,14
1745,5,1,2,0,1,2,0,1,2,0,13,3,16,23,3,26,1,2,0,1,2,0,1,4,0,23,16,13,45,27,43,2,2,2,5,6,3,5,5,3,24,0,26,41,27,43,1,1,2,6,15,1,1,1,1,1,1,0,0,0,24,23,24,18,19,21
1746,13,2,0,3,2,5,6,7,13,13,12,12,14,21,7,43,1,0,0,5,4,4,6,6,4,5,23,24,26,6,29,2,2,2,3,1,4,0,6,9,18,22,21,14,25,31,1,1,2,7,17,1,1,1,3,3,3,5,5,4,0,25,0,24,22,19
1747,5,3,3,1,3,6,1,8,9,12,16,26,13,46,27,54,0,1,1,6,1,1,8,1,9,25,13,9,21,31,50,1,0,0,4,4,5,5,7,3,0,19,23,2,1,1,4,7,13,25,50,0,0,0,0,0,1,2,4,5,13,14,9,49,50,36
1748,13,2,0,3,2,5,6,7,13,13,7,12,14,21,2,31,1,0,0,5,4,4,6,6,4,5,7,4,48,30,4,2,2,2,3,1,4,0,6,9,11,1,24,5,6,48,1,2,5,11,24,1,1,1,3,3,3,5,5,4,0,3,0,0,0,0
1749,2,3,3,1,3,6,4,8,9,4,20,11,13,4,12,45,0,1,1,6,1,1,8,11,9,25,13,9,21,31,50,1,0,0,4,4,5,5,7,3,2,26,0,7,34,20,4,7,14,27,54,0,0,0,0,0,0,2,4,5,18,14,19,12,14,10
1750,11,0,0,2,0,4,5,12,3,6,3,7,4,47,4,9,2,3,2,2,3,2,3,2,2,2,2,2,44,43,16,0,1,3,6,2,1,3,9,4,16,4,8,27,36,36,2,3,7,13,28,2,2,2,2,2,2,1,1,1,1,1,2,8,8,17
1751,5,1,2,0,1,2,0,2,4,0,17,8,17,20,17,22,1,2,0,1,2,0,11,4,11,13,20,26,37,44,36,2,2,2,5,6,3,2,3,12,4,19,23,45,37,33,1,1,1,1,1,1,1,1,1,1,1,0,0,0,3,7,6,21,31,6
1752,8,3,3,1,5,3,1,6,12,9,10,24,20,40,53,12,0,1,1,4,6,1,12,9,7,7,9,16,39,28,31,1,0,0,4,4,5,5,1,0,5,24,27,39,48,40,3,5,10,20,38,0,0,0,0,0,0,6,6,6,22,16,22,33,37,15
1753,6,3,3,1,3,6,3,0,11,11,26,4,27,42,14,32,0,1,1,0,6,5,0,7,5,0,17,11,0,9,52,1,0,0,0,5,0,4,8,1,9,8,13,18,0,53,4,6,11,21,39,0,0,0,5,5,4,9,10,3,9,11,10,3,2,1
1754,2,3,3,1,3,6,1,9,10,1,8,9,1,22,37,41,0,1,1,6,1,1,8,11,9,11,10,18,7,41,9,1,0,0,4,4,5,8,11,6,1,2,2,10,12,0,4,7,12,23,46,0,0,0,0,0,0,2,4,5,7,8,7,2,1,2
1755,3,1,2,0,1,2,0,11,5,0,19,17,2,30,27,3,1,0,0,1,2,0,1,4,0,1,27,22,1,40,46,2,2,2,5,6,3,5,5,3,12,9,4,23,4,1,4,7,14,28,56,1,1,1,1,1,1,8,9,9,8,9,8,4,43,36
1756,5,1,2,0,1,2,0,2,4,0,17,8,0,25,17,48,1,2,0,1,2,0,1,4,0,13,11,26,37,44,36,2,2,2,5,6,3,5,5,3,4,19,23,38,53,54,1,1,1,1,1,1,1,1,1,1,1,0,0,0,3,7,6,35,39,31
1757,1,3,3,1,3,6,3,8,9,12,0,26,13,46,55,54,0,1,1,0,6,5,0,7,5,0,17,11,0,9,52,1,0,0,0,5,0,5,7,3,0,13,7,18,0,53,4,7,14,26,52,0,0,0,5,5,4,3,10,3,9,11,10,3,2,1
1758,3,1,2,0,1,2,0,11,7,7,19,17,24,14,52,10,1,2,0,1,2,0,1,4,0,1,4,22,35,48,17,2,2,2,5,6,3,5,5,3,4,19,23,32,29,18,1,1,2,4,10,1,1,1,1,1,1,0,0,0,13,10,9,13,16,24
1759,7,3,3,1,5,3,1,6,10,8,0,21,22,27,24,16,0,1,1,6,1,1,2,8,1,20,6,25,32,13,25,1,0,0,4,4,5,1,7,13,17,10,22,16,43,26,4,7,13,25,48,0,0,0,0,0,0,7,7,8,25,24,25,27,27,26
1760,5,1,2,0,1,2,0,2,2,0,24,8,17,25,17,22,1,2,0,1,2,0,11,4,11,13,11,26,37,44,36,2,2,2,5,6,3,5,5,3,4,19,23,2,1,1,1,1,1,1,1,1,1,1,1,1,1,0,0,0,3,7,6,21,54,47
1761,5,1,2,0,1,2,0,2,2,0,17,8,17,25,17,22,1,2,0,1,2,0,11,4,11,13,11,26,37,44,36,2,2,2,5,6,3,2,3,12,4,19,23,38,4,54,1,1,1,1,1,1,1,1,1,1,1,0,0,0,3,7,6,21,39,6
1762,6,3,3,1,3,6,3,0,11,2,25,4,15,12,31,21,0,1,1,0,6,5,0,13,5,14,5,5,40,33,38,1,0,0,0,5,0,13,2,2,15,20,12,25,24,27,4,6,11,22,41,0,0,0,5,5,4,3,2,3,10,12,11,42,44,44
1763,13,2,0,3,2,5,6,7,13,13,7,12,14,10,7,31,1,0,0,5,4,4,6,6,4,5,7,4,5,30,54,2,2,2,3,1,4,0,6,9,11,1,24,5,6,48,1,2,5,11,24,1,1,1,3,3,3,5,5,4,0,3,0,0,0,0
1764,10,0,0,2,0,4,5,13,8,6,4,20,19,16,21,30,2,3,2,2,3,2,3,12,13,12,21,27,2,26,2,0,1,3,6,2,1,12,12,8,8,12,20,44,54,10,2,3,6,12,27,2,2,2,2,2,2,1,1,1,4,4,3,19,21,18
1765,11,0,0,2,0,4,5,12,3,6,3,7,4,3,48,5,2,3,2,2,3,2,3,2,2,2,2,2,44,43,16,0,1,3,6,2,1,3,9,4,16,4,8,27,36,36,2,3,7,13,28,2,2,2,2,2,2,1,1,1,1,1,2,8,8,17
1766,7,3,3,1,3,6,1,8,10,8,18,1,22,54,1,4,0,1,1,6,1,1,2,8,1,15,6,23,20,37,28,1,0,0,4,4,5,1,7,13,13,17,10,33,46,4,4,7,13,24,47,0,0,0,0,0,0,7,7,8,5,5,5,34,34,37
1767,2,3,3,1,3,6,1,9,10,1,8,18,1,11,22,45,0,1,1,6,1,1,8,11,9,11,10,18,49,7,9,1,0,0,4,4,5,8,11,6,1,2,2,54,35,21,4,7,12,23,44,0,0,0,0,0,0,2,4,5,7,8,7,2,1,2
1768,13,2,0,3,2,5,6,7,13,13,7,12,14,10,7,27,1,0,0,5,4,4,6,6,4,5,7,4,5,30,54,2,2,2,3,1,4,0,6,9,11,1,24,5,6,48,1,2,5,11,24,1,1,1,3,3,3,5,5,4,0,3,0,0,0,0
1769,1,3,3,1,3,6,1,8,9,12,15,26,13,46,55,54,0,1,1,6,1,1,13,5,12,9,12,12,9,29,27,1,0,0,4,4,5,5,7,3,0,13,7,55,14,44,4,7,13,24,47,0,0,0,0,0,4,3,2,7,6,6,4,5,3,3
1770,10,0,0,2,0,4,5,10,3,6,27,7,8,43,33,15,2,3,2,2,3,2,3,12,13,12,15,15,25,52,35,0,1,3,6,2,1,12,12,8,8,12,20,19,28,29,2,3,7,14,29,2,2,2,2,2,2,1,1,1,4,4,3,14,12,12
1771,12,2,0,3,4,0,2,5,0,3,14,19,23,28,20,44,1,0,0,1,0,6,5,0,6,6,0,6,31,0,39,2,2,2,3,1,4,7,0,5,6,7,11,1,3,5,1,1,2,3,8,1,1,1,4,4,5,4,3,2,2,0,1,50,52,50
1772,8,3,3,2,5,3,4,3,12,9,2,24,9,40,53,8,0,1,1,4,6,1,12,9,7,7,9,16,39,28,31,1,0,0,4,4,5,11,1,0,5,24,27,2,48,40,4,7,13,25,51,0,0,0,0,0,0,6,6,6,22,16,22,33,37,15
1773,3,2,2,3,2,5,6,11,4,0,24,17,18,26,39,24,1,2,0,1,2,0,1,4,0,1,4,22,28,48,17,2,2,2,5,6,3,5,5,3,4,19,23,48,53,43,1,1,2,3,7,1,1,1,1,1,1,0,0,0,19,10,9,37,38,33
1774,10,0,0,2,0,4,5,13,8,6,4,20,19,34,41,30,2,3,2,2,3,2,3,12,13,12,21,27,2,26,2,0,1,3,6,2,1,3,9,4,16,4,8,49,52,14,2,3,6,12,26,2,2,2,2,2,2,1,1,1,4,4,3,19,21,18
1775,8,3,3,2,5,3,4,3,6,9,2,23,9,29,5,8,0,1,1,4,6,1,12,9,7,7,9,16,39,28,31,1,0,0,4,4,5,11,1,0,22,16,15,39,23,55,3,5,10,20,38,0,0,0,0,0,0,6,6,6,12,13,13,6,13,13
1776,13,2,0,3,2,5,6,7,13,13,7,12,14,21,7,31,1,0,0,5,4,4,6,6,4,5,7,4,5,30,54,2,2,2,3,1,4,0,6,9,11,1,24,5,6,48,1,2,4,9,21,1,1,1,3,3,3,5,5,4,0,3,0,0,0,0
1777,1,3,3,1,3,6,1,8,9,12,15,26,13,46,55,54,0,1,1,6,1,1,13,5,12,9,12,12,9,29,27,1,0,0,4,4,5,5,7,3,2,26,0,53,47,30,4,7,14,26,53,0,0,0,0,0,0,10,4,10,16,16,16,39,41,43
1778,3,1,2,0,4,0,2,1,7,7,6,17,11,37,30,33,1,2,0,1,2,0,1,4,0,23,16,13,33,34,18,2,2,2,5,6,3,5,5,3,24,0,26,46,39,42,1,1,2,7,17,1,1,1,1,1,1,0,0,0,26,26,26,38,36,38
1779,1,3,3,1,5,3,4,6,9,10,22,6,3,17,43,6,0,1,1,4,6,1,9,10,10,10,8,8,10,14,10,1,0,0,4,4,5,5,7,3,0,19,7,2,1,1,4,6,11,22,41,0,0,0,0,0,0,12,12,12,21,20,20,17,17,14
1780,8,3,3,2,5,3,4,6,6,9,10,24,20,40,18,49,0,1,1,4,6,1,12,9,7,7,9,16,23,49,47,1,0,0,4,4,5,5,1,0,5,24,27,20,42,23,3,5,10,20,38,0,0,0,0,0,0,10,8,10,22,16,22,41,35,15
1781,14,3,0,2,5,3,1,8,5,9,0,22,20,6,40,2,1,0,0,5,4,4,10,6,4,21,14,17,14,18,41,2,2,2,3,1,4,5,7,3,12,9,4,4,10,52,4,7,14,26,52,1,1,1,3,3,3,8,9,9,8,9,8,4,5,4
1782,10,0,0,2,0,4,5,10,3,6,27,7,4,5,29,50,2,3,2,2,3,2,3,12,13,12,15,27,2,19,2,0,1,3,6,2,1,12,12,8,8,12,20,44,54,10,2,3,7,14,30,2,2,2,2,2,2,1,1,1,4,4,3,19,21,18
1783,13,2,0,3,2,5,6,7,13,13,7,12,14,21,7,27,1,0,0,5,4,4,6,6,4,5,7,4,48,30,4,2,2,2,3,1,4,0,6,9,11,1,24,5,6,48,1,2,5,11,24,1,1,1,3,3,3,5,5,4,0,3,0,0,0,0
1784,8,3,3,2,5,3,4,3,12,9,10,24,20,40,18,12,0,1,1,4,6,1,12,9,7,7,9,16,39,28,31,1,0,0,4,4,5,11,1,0,5,24,27,39,23,55,3,5,10,20,38,0,0,0,0,0,0,6,6,6,22,16,22,33,35,15
1785,12,2,0,3,4,0,2,5,0,3,14,13,5,28,36,34,1,0,0,1,0,6,5,0,6,6,0,6,31,0,5,2,2,2,3,1,4,7,0,5,6,7,11,1,3,5,1,1,2,2,4,1,1,1,4,4,5,4,3,2,2,0,1,1,4,5
1786,12,2,0,3,4,0,2,5,0,3,14,19,23,53,20,44,1,0,0,1,0,6,5,0,6,6,0,6,31,0,5,2,2,2,3,1,4,7,0,5,6,7,11,1,3,5,1,1,2,3,8,1,1,1,4,4,5,4,3,2,2,0,1,11,7,29
1787,2,3,3,1,3,6,1,8,9,4,20,11,13,4,12,51,0,1,1,6,1,1,8,11,9,25,13,9,21,31,50,1,0,0,4,4,5,5,7,3,2,26,0,7,34,20,4,7,14,27,54,0,0,0,0,0,0,2,4,5,18,14,19,12,14,10
1788,9,3,1,2,6,1,4,4,1,5,9,10,7,39,11,29,3,1,3,3,5,3,4,3,3,3,3,3,3,3,3,3,3,1,2,3,2,6,10,7,3,3,6,30,41,46,3,4,8,15,31,3,0,3,6,6,6,11,11,11,17,17,17,9,11,11
1789,3,2,0,3,4,0,2,11,7,7,19,17,24,14,52,10,1,2,0,1,2,0,1,4,0,1,4,22,35,48,17,2,2,2,5,6,3,5,5,3,4,19,23,32,29,18,1,1,2,3,6,1,1,1,1,1,1,0,0,0,13,10,9,13,16,36
1790,4,1,2,0,1,2,0,11,7,7,21,16,6,9,54,53,1,2,0,1,2,0,1,4,0,27,19,20,24,23,23,2,2,2,5,6,3,5,5,3,4,19,23,6,9,6,1,1,2,4,10,1,1,1,1,1,1,0,0,0,11,2,18,22,18,20
1791,1,3,0,1,3,6,1,8,9,12,15,26,13,46,49,54,0,1,1,6,1,1,13,5,12,9,12,12,9,29,27,1,0,0,4,4,5,5,7,3,0,13,7,55,14,44,4,7,14,26,53,0,0,0,0,0,4,3,2,7,6,6,4,5,3,3
1792,9,3,3,2,5,3,4,6,6,10,2,23,20,2,8,49,0,1,1,4,6,1,12,1,8,4,9,16,23,49,47,1,0,0,4,4,5,5,7,3,5,24,27,20,42,23,3,5,10,20,38,0,0,0,0,0,0,10,8,10,22,16,22,41,35,15
1793,6,3,3,1,3,6,3,0,11,2,0,4,10,12,45,6,0,1,1,0,6,5,0,7,5,0,17,11,0,9,52,1,0,0,0,5,0,5,8,3,9,8,13,18,0,53,1,1,2,5,13,0,0,0,5,5,4,9,10,3,9,11,10,3,2,1
1794,9,3,3,2,5,3,4,6,6,10,2,23,20,2,44,49,0,1,1,6,1,1,8,1,8,25,13,21,41,11,24,1,0,0,4,4,5,5,7,3,2,26,0,53,47,30,3,5,10,18,34,0,0,0,0,0,0,10,4,10,16,16,16,39,41,43
1795,5,1,2,0,1,2,0,2,2,0,5,27,12,20,25,22,1,2,0,1,2,0,11,4,11,26,20,10,12,10,13,2,2,2,5,6,3,2,3,12,10,11,17,12,45,16,1,1,1,1,2,1,1,1,1,1,1,0,0,0,3,7,6,15,10,6
1796,10,0,0,2,0,4,5,10,3,6,27,7,8,43,33,15,2,3,2,2,3,2,3,12,13,12,15,15,25,52,35,0,1,3,6,2,1,12,12,8,8,12,20,19,28,29,2,3,7,14,29,2,2,2,2,2,2,1,1,1,4,4,3,14,12,12
1797,2,3,3,1,3,6,1,8,10,8,18,1,22,27,1,4,0,1,1,6,1,1,2,8,1,20,6,25,32,13,25,1,0,0,4,4,5,1,7,13,17,10,22,24,49,45,4,7,13,25,51,0,0,0,0,0,0,7,7,8,25,24,25,27,27,26
1798,2,3,3,1,3,6,1,8,9,4,20,11,13,4,12,51,0,1,1,6,1,1,8,1,8,24,18,21,4,47,49,1,0,0,4,4,5,5,7,3,2,26,0,7,34,20,4,7,14,26,53,0,0,0,0,0,0,2,4,5,18,14,19,12,14,10
1799,12,2,0,3,4,0,2,5,0,3,14,19,23,53,20,44,1,0,0,1,0,6,5,0,6,6,0,6,31,38,5,2,2,2,3,1,4,7,0,5,6,7,11,1,3,5,1,2,3,8,18,1,1,1,4,4,5,4,3,2,2,0,1,1,7,28
1800,5,1,2,0,1,2,0,1,9,4,13,11,25,23,3,26,1,2,0,1,2,0,1,4,0,23,16,13,45,51,30,2,2,2,5,6,3,5,5,3,24,0,26,26,21,25,4,7,14,27,54,1,1,1,1,1,1,0,0,0,24,23,24,18,19,21
1801,3,1,2,0,1,2,0,11,7,7,19,17,24,49,30,10,1,2,0,1,2,0,1,4,0,23,16,13,33,34,18,2,2,2,5,6,3,5,5,3,24,0,26,51,31,17,1,1,2,7,16,1,1,1,1,1,1,0,0,0,26,26,26,44,45,45
1802,9,3,3,2,5,3,4,6,6,10,22,5,3,15,43,19,0,1,1,4,6,1,9,10,10,10,8,8,10,14,10,1,0,0,1,0,6,9,13,11,14,6,9,15,19,8,3,5,9,16,32,0,3,0,0,0,0,12,12,12,21,20,20,17,17,14
1803,9,3,1,2,6,1,4,4,1,5,9,10,7,39,13,29,3,1,3,3,5,3,4,3,3,3,3,3,3,3,3,3,3,1,2,3,2,6,10,7,3,3,6,30,41,46,3,4,8,15,31,3,0,3,6,6,6,11,11,11,17,17,17,9,11,11
1804,9,3,3,2,5,3,4,6,6,10,22,6,3,15,43,19,0,1,1,4,6,1,9,10,10,10,8,8,10,14,10,1,0,0,1,0,6,9,13,11,14,6,9,15,19,8,3,5,9,16,32,0,3,0,0,0,0,12,12,12,21,20,20,17,17,14
1805,14,2,0,3,2,5,6,7,5,13,23,22,2,30,40,39,1,0,0,5,4,4,10,6,4,21,14,17,14,18,41,2,2,2,3,1,4,0,6,9,12,9,4,4,10,52,1,2,4,9,21,1,1,1,3,3,3,8,9,9,8,9,8,4,5,4
1806,5,1,2,0,1,2,0,2,2,0,5,27,12,50,25,13,1,2,0,1,2,0,11,4,11,26,20,10,12,10,13,2,2,2,5,6,3,2,3,12,10,11,17,2,1,1,1,1,1,1,2,1,1,1,1,1,1,0,0,0,3,7,6,15,10,6
1807,2,3,3,1,3,6,1,9,10,1,8,18,1,22,22,11,0,1,1,6,1,1,8,11,9,11,10,18,49,7,9,1,0,0,4,4,5,8,11,6,1,2,2,54,35,21,4,7,12,23,44,0,0,0,0,0,0,2,4,5,7,8,7,2,1,2
1808,9,3,3,2,5,3,4,6,6,10,22,6,3,15,43,19,0,1,1,4,6,1,9,10,10,10,8,8,10,14,10,1,0,0,1,0,6,9,13,11,14,6,9,15,19,8,3,5,9,16,32,0,3,0,0,0,0,12,12,12,21,20,20,17,17,14
1809,7,3,3,1,3,6,1,8,10,8,18,25,22,19,34,4,0,1,1,6,1,1,2,8,1,15,24,1,13,21,1,1,0,0,4,4,5,1,7,13,13,17,10,8,20,47,4,7,13,24,47,0,0,0,0,0,0,7,7,8,5,5,5,7,6,7
1810,8,3,3,2,5,3,4,6,12,9,10,24,20,40,53,8,0,1,1,4,6,1,12,9,7,7,9,16,39,28,31,1,0,0,4,4,5,11,1,0,25,5,1,40,55,41,4,7,13,25,51,0,0,0,0,0,0,6,6,6,12,13,13,6,9,8
1811,6,3,3,1,3,6,3,0,11,11,26,4,27,42,14,17,0,1,1,0,6,5,0,7,5,0,17,11,47,53,52,1,0,0,0,5,0,4,8,1,9,8,13,52,40,13,4,6,11,21,39,0,0,0,5,5,4,9,10,3,9,11,10,3,2,1
1812,14,2,0,3,2,5,6,7,5,13,23,22,2,30,40,39,1,0,0,5,4,4,10,6,4,21,14,17,14,18,41,2,2,2,3,1,4,0,6,9,12,9,4,4,10,52,1,2,4,9,21,1,1,1,3,3,3,8,9,9,8,9,8,4,5,4
1813,1,3,3,1,3,6,1,8,9,8,18,25,22,19,35,3,0,1,1,6,1,1,13,5,12,9,12,12,9,29,27,1,0,0,4,4,5,5,7,3,0,4,7,2,1,9,4,7,14,26,53,0,0,0,0,0,0,7,2,8,5,5,5,54,55,53
1814,8,0,3,2,5,3,4,3,12,9,2,23,9,29,5,8,0,1,1,4,6,1,7,9,7,19,22,7,17,45,15,1,0,0,4,4,5,11,1,0,25,5,1,40,55,41,3,5,10,20,37,0,0,0,0,0,0,6,6,6,12,13,13,6,9,8
1815,12,2,0,3,4,0,2,5,0,3,14,13,21,41,10,42,1,0,0,1,0,6,5,0,6,6,0,6,31,0,39,2,2,2,3,1,4,7,0,5,6,7,11,1,3,5,1,2,3,8,19,1,1,1,4,4,5,4,3,2,2,0,1,1,4,5
1816,6,3,3,1,3,6,3,0,11,11,26,4,27,12,14,32,0,1,1,0,6,5,0,7,5,0,17,11,0,9,52,1,0,0,0,5,0,4,8,1,9,8,13,18,0,53,4,6,11,21,39,0,0,0,5,5,4,9,10,3,9,11,10,3,2,1
1817,4,1,2,0,1,2,0,1,7,7,11,17,11,49,30,33,1,2,0,1,2,0,1,4,0,23,16,13,33,34,18,2,2,2,5,6,3,5,5,3,24,0,26,46,39,42,1,2,3,8,19,1,1,1,1,1,1,0,0,0,26,26,26,38,36,38
1818,1,2,0,3,4,0,2,5,0,3,14,0,5,53,0,34,1,0,0,1,0,6,5,0,6,6,0,6,6,36,37,2,2,2,3,1,4,7,0,5,0,13,7,35,33,35,1,1,2,2,3,1,1,1,4,4,5,4,3,2,27,27,27,36,32,42
1819,2,3,3,1,3,6,1,9,10,1,8,18,1,22,22,11,0,1,1,6,1,1,8,11,9,11,10,18,49,7,9,1,0,0,4,4,5,8,11,6,1,2,2,54,35,21,4,7,12,23,44,0,0,0,0,0,0,2,4,5,7,8,7,2,1,2
1820,5,1,2,0,1,2,0,2,4,0,17,8,17,20,17,22,1,2,0,1,2,0,11,4,11,13,11,26,37,44,36,2,2,2,5,6,3,2,3,12,4,19,23,45,37,33,1,1,1,1,1,1,1,1,1,1,1,0,0,0,3,7,6,21,31,6
1821,1,3,3,1,3,6,1,8,9,12,15,26,13,46,49,54,0,1,1,6,1,1,13,8,12,15,6,23,20,37,28,1,0,0,4,4,5,5,7,3,0,13,7,2,1,9,4,7,14,26,53,0,0,0,0,0,4,3,2,7,6,6,4,34,34,37
1822,11,0,0,2,0,4,5,12,3,6,3,7,19,47,4,23,2,3,2,2,3,2,3,2,2,2,2,2,43,2,42,0,1,3,6,2,1,3,9,4,16,4,8,49,52,14,2,3,6,12,26,2,2,2,2,2,2,1,1,1,1,1,2,10,8,32
1823,2,3,3,1,3,6,1,8,9,4,20,11,13,4,12,45,0,1,1,6,1,1,13,1,8,16,1,14,4,47,49,1,0,0,4,4,5,5,7,3,0,13,7,2,1,20,4,7,13,25,51,0,0,0,0,0,0,2,4,5,18,14,19,12,14,10
1824,7,3,3,1,3,6,1,8,10,8,0,1,22,27,34,4,0,1,1,6,1,1,2,8,1,15,6,23,20,37,28,1,0,0,4,4,5,1,7,13,17,10,22,2,1,9,4,7,13,25,49,0,0,0,0,0,0,7,7,8,5,5,5,34,34,37
1825,6,3,3,1,3,6,3,0,11,11,26,4,27,42,14,32,0,1,1,0,6,5,0,7,5,0,17,11,47,53,11,1,0,0,0,5,0,4,8,1,9,8,13,2,1,1,4,6,11,21,39,0,0,0,5,5,4,9,10,3,9,11,10,3,2,1
1826,5,1,2,0,1,2,0,2,2,0,17,27,17,20,25,22,1,2,0,1,2,0,11,4,11,26,20,10,12,10,13,2,2,2,5,6,3,2,3,12,10,11,17,45,37,33,1,1,1,1,2,1,1,1,1,1,1,0,0,0,3,7,6,15,10,6
1827,7,3,3,2,3,6,1,8,10,8,18,1,22,27,1,4,0,1,1,4,6,1,7,9,7,19,22,7,17,45,15,1,0,0,4,4,5,11,1,0,25,5,1,40,55,41,4,7,13,25,51,0,0,0,0,0,0,6,6,6,12,13,13,6,9,8
1828,7,3,3,1,3,6,1,8,10,8,18,25,22,19,34,4,0,1,1,6,1,1,2,8,1,15,24,1,54,21,1,1,0,0,4,4,5,1,7,13,13,17,10,8,20,47,4,7,13,24,47,0,0,0,0,0,0,7,7,8,5,5,5,7,6,7
1829,13,2,0,3,2,5,6,7,13,13,7,12,14,10,2,27,1,0,0,5,4,4,6,6,4,5,7,4,5,30,54,2,2,2,3,1,4,0,6,9,11,1,24,5,6,48,1,2,5,11,24,1,1,1,3,3,3,5,5,4,0,3,0,0,0,0
1830,14,2,0,3,2,5,6,7,5,13,23,22,2,6,40,2,1,0,0,5,4,4,10,6,4,21,14,17,14,18,41,2,2,2,3,1,4,0,6,9,12,9,4,4,10,52,1,2,4,9,20,1,1,1,3,3,3,8,9,9,8,9,8,4,5,4
1831,10,0,0,2,0,4,5,10,8,6,27,20,8,43,32,15,2,3,2,2,3,2,3,12,13,12,15,15,25,52,35,0,1,3,6,2,1,12,12,8,8,12,20,19,28,29,2,3,6,12,27,2,2,2,2,2,2,1,1,1,4,4,3,14,12,12
1832,13,2,0,3,2,5,6,7,5,13,23,22,2,6,40,39,1,0,0,5,4,4,10,6,4,21,14,17,14,18,41,2,2,2,3,1,4,0,6,9,12,9,4,4,10,52,1,2,4,9,20,1,1,1,3,3,3,8,9,9,8,9,8,4,5,4
1833,12,2,0,3,4,0,2,5,0,3,14,13,21,41,36,42,1,0,0,1,0,6,5,0,6,6,0,6,31,38,5,2,2,2,3,1,4,7,0,5,6,7,11,1,3,5,1,2,3,8,19,1,1,1,4,4,5,4,3,2,2,0,1,11,7,29
1834,10,0,0,2,0,4,5,13,8,6,4,20,19,34,41,30,2,3,2,2,3,2,3,12,13,12,21,27,2,26,2,0,1,3,6,2,1,3,9,4,16,4,8,49,1,10,2,3,6,12,27,2,2,2,2,2,2,1,1,1,4,4,3,19,21,18
1835,2,3,3,1,3,6,1,9,10,1,8,18,1,22,37,11,0,1,1,6,1,1,8,11,9,11,10,18,7,41,9,1,0,0,4,4,5,8,11,6,1,2,2,10,12,0,4,7,12,23,45,0,0,0,0,0,0,2,4,5,7,8,7,2,1,2
1836,11,0,0,2,0,4,5,13,8,6,4,20,19,34,4,23,2,3,2,2,3,2,3,2,2,2,2,2,43,2,42,0,1,3,6,2,1,3,9,4,16,4,8,3,7,2,2,3,6,12,26,2,2,2,2,2,2,1,1,1,1,1,2,23,26,9
1837,8,3,3,2,5,3,4,6,12,9,10,15,20,32,19,12,0,1,1,4,6,1,12,9,7,7,9,16,8,20,7,1,0,0,4,4,5,5,1,0,22,16,15,43,38,28,3,5,10,17,33,0,0,0,0,0,0,6,6,6,15,15,15,16,13,13
1838,5,1,2,0,1,2,0,1,4,0,13,8,25,23,30,48,1,2,0,1,2,0,1,4,0,23,16,13,33,34,18,2,2,2,5,6,3,5,5,3,24,0,26,51,31,17,1,1,2,7,16,1,1,1,1,1,1,0,0,0,26,26,26,44,45,45
1839,12,2,0,3,4,0,2,5,0,3,14,13,23,53,0,34,1,0,0,1,0,6,5,0,6,6,0,6,31,0,39,2,2,2,3,1,4,7,0,5,6,7,11,1,3,5,1,2,3,8,18,1,1,1,4,4,5,4,3,2,2,0,1,1,4,5
1840,3,2,2,3,4,0,2,11,4,3,6,17,18,14,52,24,1,2,0,1,2,0,1,4,0,1,4,22,35,48,17,2,2,2,5,6,3,5,5,3,24,0,26,32,29,18,1,1,2,2,5,1,1,1,1,1,1,0,0,0,13,10,9,13,16,36
1841,4,1,2,0,1,2,0,11,4,7,21,16,6,26,54,18,1,2,0,1,2,0,1,4,0,27,19,20,24,23,23,2,2,2,5,6,3,5,5,3,4,19,23,31,44,19,1,1,2,4,9,1,1,1,1,1,1,0,0,0,11,2,18,45,48,48
1842,4,1,2,0,1,2,0,11,4,0,21,16,6,26,54,53,1,2,0,1,2,0,1,4,0,27,19,20,24,23,23,2,2,2,5,6,3,5,5,3,4,19,23,31,44,19,1,1,2,4,9,1,1,1,1,1,1,0,0,0,11,2,18,45,48,48
1843,2,3,3,1,3,6,1,9,10,4,20,11,1,11,12,45,0,1,1,6,1,1,8,11,9,25,13,9,21,31,50,1,0,0,4,4,5,5,7,3,2,26,0,7,34,20,4,7,14,27,54,0,0,0,0,0,0,2,4,5,18,14,19,12,14,10
1844,7,3,3,1,5,3,4,6,12,8,18,1,22,27,38,4,0,1,1,4,6,1,12,9,7,7,9,16,39,28,31,1,0,0,4,4,5,5,7,3,4,19,23,2,1,1,4,7,13,25,51,0,0,0,0,0,0,6,6,6,22,16,22,33,37,15
1845,10,0,0,2,0,4,5,10,8,6,27,20,8,16,32,15,2,3,2,2,3,2,3,12,13,12,15,15,25,52,35,0,1,3,6,2,1,12,12,8,8,12,20,19,28,29,2,3,6,12,27,2,2,2,2,2,2,1,1,1,4,4,3,14,12,12
1846,9,3,3,2,5,3,4,6,6,10,22,6,3,15,43,19,0,1,1,4,6,1,9,10,10,10,8,8,10,14,10,1,0,0,1,0,6,9,13,11,14,6,9,15,19,8,3,5,9,16,32,0,3,0,0,0,0,12,12,12,21,20,20,17,17,14
1847,3,1,2,0,1,2,0,11,4,0,17,8,18,20,17,48,1,2,0,1,2,0,1,4,0,1,11,20,28,25,34,2,2,2,5,6,3,5,5,3,4,19,23,48,53,54,1,1,2,3,7,1,1,1,1,1,1,0,0,0,3,10,6,21,38,33
1848,2,3,3,1,3,6,1,9,10,1,8,18,1,22,22,11,0,1,1,6,1,1,8,11,9,11,10,18,49,7,9,1,0,0,4,4,5,8,11,6,1,2,2,54,35,21,4,7,12,23,45,0,0,0,0,0,0,2,4,5,7,8,7,2,1,2
1849,3,1,2,0,1,2,0,1,7,7,1,17,18,1,47,48,1,2,0,1,2,0,1,4,0,8,19,20,30,12,32,2,2,2,5,6,3,5,5,3,20,25,3,28,30,22,1,1,2,3,8,1,1,1,1,1,1,0,0,0,19,2,12,28,24,27
1850,5,1,2,0,1,2,0,1,2,0,13,8,25,25,17,48,1,2,0,1,2,0,1,4,0,8,11,20,11,55,22,2,2,2,5,6,3,5,5,3,4,19,23,38,53,54,1,1,2,6,15,1,1,1,1,1,1,0,0,0,19,2,12,35,39,31
1851,12,2,0,3,4,0,2,5,0,3,14,19,23,53,20,44,1,0,0,1,0,6,5,0,6,6,0,6,31,0,39,2,2,2,3,1,4,7,0,5,6,7,11,1,3,5,1,2,3,8,18,1,1,1,4,4,5,4,3,2,2,0,1,1,7,28
1852,1,3,3,1,5,3,4,6,9,12,15,26,10,17,49,6,0,1,1,6,1,1,8,1,8,24,18,21,27,22,21,1,0,0,4,4,5,5,7,3,0,13,7,2,1,1,1,1,2,5,13,0,0,0,0,0,0,10,8,10,21,19,20,17,17,14
1853,5,1,2,0,1,2,0,2,4,0,17,8,17,36,17,22,1,2,0,1,2,0,11,4,11,13,20,26,37,44,36,2,2,2,5,6,3,2,3,12,10,11,17,45,37,33,1,1,1,1,1,1,1,1,1,1,1,0,0,0,3,7,6,21,10,6
1854,1,3,3,1,3,6,1,8,9,12,15,26,5,45,52,24,1,0,0,1,0,6,5,0,6,6,0,6,31,38,5,2,2,2,3,1,4,5,7,3,6,7,11,2,1,9,4,7,13,24,47,1,1,1,4,4,5,4,3,2,27,27,27,36,32,42
1855,10,0,0,2,0,4,5,10,8,6,27,20,8,16,32,15,2,3,2,2,3,2,3,12,13,12,15,15,25,52,35,0,1,3,6,2,1,12,12,8,8,12,20,19,28,29,2,3,6,12,27,2,2,2,2,2,2,1,1,1,4,4,3,14,12,12
1856,4,1,2,0,1,2,0,11,7,2,19,26,24,49,27,10,1,2,0,1,2,0,1,4,0,22,19,0,29,50,0,2,2,2,5,6,3,5,5,3,4,19,23,23,4,1,1,1,2,4,12,1,1,1,1,1,1,0,0,0,14,18,14,29,40,46
1857,9,3,3,2,5,3,4,6,6,10,22,6,3,15,43,19,0,1,1,4,6,1,9,10,10,10,8,8,10,14,10,1,0,0,1,0,6,9,13,11,14,6,9,15,19,8,3,5,9,16,32,0,3,0,0,0,0,12,12,12,21,20,20,17,17,14
1858,14,2,0,3,4,0,2,5,0,3,14,14,23,28,36,20,1,0,0,1,0,6,5,0,6,6,0,6,6,36,37,2,2,2,3,1,4,7,0,5,6,7,11,2,1,9,4,7,14,28,56,1,1,1,4,4,5,4,3,2,2,0,1,36,7,42
1859,5,1,2,0,1,2,0,2,4,0,17,8,17,20,17,22,1,2,0,1,2,0,11,4,11,13,20,26,37,44,36,2,2,2,5,6,3,2,3,12,4,19,23,45,37,33,1,1,1,1,1,1,1,1,1,1,1,0,0,0,3,7,6,21,10,6
1860,2,3,3,1,3,6,1,9,10,1,8,18,1,22,22,11,0,1,1,6,1,1,8,11,9,11,10,18,49,7,9,1,0,0,4,4,5,8,11,6,1,2,2,54,35,21,4,7,12,23,44,0,0,0,0,0,0,2,4,5,7,8,7,2,1,2
1861,8,3,3,2,5,3,4,6,12,9,10,15,20,32,19,12,0,1,1,4,6,1,12,9,7,7,9,16,8,20,7,1,0,0,4,4,5,5,1,0,22,16,15,43,38,55,3,5,10,17,33,0,0,0,0,0,0,6,6,6,15,15,15,16,13,13
1862,8,3,3,2,5,3,4,3,12,9,10,24,9,7,53,8,0,1,1,4,6,1,12,9,7,7,9,16,39,28,31,1,0,0,4,4,5,11,1,0,5,24,27,20,42,23,3,5,10,20,38,0,0,0,0,0,0,6,6,6,12,13,13,6,9,8
1863,7,3,3,1,3,6,1,3,12,8,18,24,9,55,53,8,0,1,1,4,6,1,7,9,7,19,22,7,17,45,15,1,0,0,4,4,5,11,1,0,25,5,1,22,17,24,3,5,10,20,37,0,0,0,0,0,0,6,6,6,12,13,13,6,9,8
1864,14,3,3,1,3,6,1,8,9,4,20,14,13,18,28,46,0,1,1,6,1,1,13,1,12,18,1,14,19,1,19,1,0,0,4,4,5,5,7,3,23,14,16,21,15,11,4,7,14,28,55,0,0,0,2,0,3,2,8,7,20,21,21,40,42,40
1865,10,0,0,2,0,4,5,13,8,6,4,20,19,44,26,7,2,3,2,2,3,2,3,12,13,17,26,19,22,16,20,0,1,3,6,2,1,10,4,10,21,18,19,9,22,37,2,3,6,12,25,2,2,2,2,2,2,13,13,13,23,22,23,25,23,22
1866,10,0,0,2,0,4,5,13,8,6,4,20,19,5,41,23,2,3,2,2,3,2,3,12,13,17,21,19,22,26,20,0,1,3,6,2,1,5,7,3,16,4,8,49,52,14,2,3,6,12,26,2,2,2,2,2,2,13,13,13,23,22,23,25,23,22
1867,13,2,0,3,2,5,6,7,13,13,7,12,14,21,7,31,1,0,0,5,4,4,6,6,4,5,7,4,5,30,54,2,2,2,3,1,4,0,6,9,11,1,24,5,6,48,1,2,5,11,24,1,1,1,3,3,3,5,5,4,0,3,0,0,0,0
1868,3,1,2,0,1,0,2,11,7,7,19,17,24,14,52,10,1,2,0,1,2,0,1,4,0,1,4,22,35,48,17,2,2,2,5,6,3,5,5,3,4,19,23,32,29,18,1,1,2,3,6,1,1,1,1,1,1,0,0,0,13,10,9,13,16,36
1869,10,0,0,2,0,4,5,10,3,6,3,24,4,7,29,50,2,3,2,2,3,2,3,12,13,17,21,19,22,26,20,0,1,3,6,2,1,3,9,4,16,4,8,49,52,14,2,3,7,14,30,2,2,2,2,2,2,1,1,1,23,22,23,25,23,22
1870,3,1,2,0,1,0,0,11,4,3,6,17,0,14,52,24,1,2,0,1,2,0,1,4,0,1,11,22,28,25,34,2,2,2,5,6,3,5,5,3,4,19,23,38,53,54,1,1,2,3,7,1,1,1,1,1,1,0,0,0,3,10,9,35,39,31
1871,14,2,0,3,2,5,6,7,5,13,23,22,2,30,40,39,1,0,0,5,4,4,10,6,4,21,14,17,14,18,41,2,2,2,3,1,4,0,6,9,12,9,4,4,10,52,1,2,4,9,21,1,1,1,3,3,3,8,9,9,8,9,8,4,5,4
1872,4,1,2,0,1,2,0,11,4,7,11,3,24,36,16,36,1,2,0,1,2,0,1,4,0,22,19,0,29,50,0,2,2,2,5,6,3,5,5,3,4,19,23,23,4,1,1,1,2,4,12,1,1,1,1,1,1,0,0,0,14,18,14,29,40,46
1873,11,0,0,2,0,4,5,13,8,6,4,20,19,34,4,23,2,3,2,2,3,2,3,2,2,2,2,2,43,2,42,0,1,3,6,2,1,3,9,4,16,4,8,49,52,14,2,3,6,12,26,2,2,2,2,2,2,1,1,1,1,1,2,10,26,9
1874,13,2,0,3,2,5,6,7,13,13,7,12,14,21,7,43,1,0,0,5,4,4,6,6,4,5,7,4,48,30,53,2,2,2,3,1,4,0,6,9,11,1,24,5,6,48,1,2,4,9,21,1,1,1,3,3,3,5,5,4,0,3,0,0,0,0
1875,12,2,0,3,4,0,2,5,0,3,14,13,23,41,10,34,1,0,0,1,0,6,5,0,6,6,0,6,31,0,39,2,2,2,3,1,4,7,0,5,6,7,11,1,3,5,1,2,3,8,18,1,1,1,4,4,5,4,3,2,2,0,1,1,4,5
1876,4,1,2,0,1,2,0,1,7,7,11,3,24,49,16,36,1,2,0,1,2,0,1,4,0,22,19,0,29,50,0,2,2,2,5,6,3,5,5,3,7,27,5,23,4,1,1,1,2,4,12,1,1,1,1,1,1,0,0,0,14,18,14,29,40,41
1877,14,2,0,3,2,5,6,7,5,13,19,22,24,6,40,2,1,0,0,5,4,4,10,6,4,21,14,17,14,18,14,2,2,2,3,1,4,0,6,9,12,9,4,4,10,52,1,2,4,9,20,1,1,1,3,3,3,8,9,9,8,9,8,4,5,4
1878,12,2,0,3,4,0,2,5,0,3,14,13,23,41,10,42,1,0,0,1,0,6,5,0,6,6,0,6,31,0,39,2,2,2,3,1,4,7,0,5,6,7,11,1,3,5,1,2,3,8,18,1,1,1,4,4,5,4,3,2,2,0,1,1,4,5
1879,6,3,3,1,3,6,3,0,11,2,25,4,15,0,42,37,0,1,1,0,6,5,0,13,5,14,5,5,15,33,55,1,0,0,0,5,0,13,2,2,15,20,12,29,50,51,4,6,11,22,43,0,0,0,5,5,4,3,2,3,10,12,11,20,20,16
1880,2,3,3,1,3,6,1,9,10,1,8,18,1,22,22,11,0,1,1,6,1,1,8,11,9,11,10,18,49,7,9,1,0,0,4,4,5,8,11,6,2,26,0,7,34,20,4,7,12,23,44,0,0,0,0,0,0,2,4,5,7,8,7,2,1,2
1881,3,1,2,0,4,0,2,11,0,3,6,16,18,14,36,24,1,2,0,1,2,0,1,4,0,1,4,22,35,48,17,2,2,2,5,6,3,5,5,3,4,19,23,32,29,18,1,1,2,2,5,1,1,1,1,1,1,0,0,0,13,10,9,13,16,24
1882,3,1,2,0,1,2,0,1,7,7,19,17,24,37,52,24,1,2,0,1,2,0,1,4,0,1,4,22,53,48,17,2,2,2,5,6,3,5,5,3,4,19,23,23,29,18,1,1,2,2,5,1,1,1,1,1,1,0,0,0,13,10,9,43,16,41
1883,2,3,3,1,3,6,1,9,9,4,0,11,1,4,12,11,0,1,1,6,1,1,8,11,9,25,13,9,21,31,50,1,0,0,4,4,5,8,11,6,2,26,0,7,34,20,4,7,12,23,45,0,0,0,0,0,0,2,4,5,7,8,7,12,1,10
1884,10,0,0,2,0,4,5,10,8,6,27,20,8,16,32,15,2,3,2,2,3,2,3,12,13,12,15,15,25,52,35,0,1,3,6,2,1,12,12,8,8,12,20,19,28,29,2,3,6,12,27,2,2,2,2,2,2,1,1,1,4,4,3,14,12,12
1885,6,3,3,1,3,6,3,0,11,11,26,4,27,42,14,25,0,1,1,0,6,5,0,7,5,0,17,11,47,53,11,1,0,0,0,5,0,4,8,1,9,8,13,17,5,15,4,6,11,21,40,0,0,0,5,5,4,9,10,3,9,11,10,3,2,1
1886,13,2,0,3,2,5,6,7,13,13,7,12,14,21,7,31,1,0,0,5,4,4,6,6,4,5,7,4,48,30,4,2,2,2,3,1,4,0,6,9,11,1,24,5,6,48,1,2,4,9,21,1,1,1,3,3,3,5,5,4,0,3,0,0,0,0
1887,4,1,2,0,1,2,0,1,7,7,11,3,26,8,16,55,1,2,0,1,2,0,1,4,0,8,19,20,11,46,22,2,2,2,5,6,3,5,5,3,20,25,3,6,9,1,1,1,2,4,11,1,1,1,1,1,1,0,0,0,19,2,12,28,24,27
1888,12,2,0,3,4,0,2,5,0,3,14,13,23,28,10,44,1,0,0,1,0,6,5,0,6,6,0,6,31,0,39,2,2,2,3,1,4,7,0,5,6,7,11,1,3,5,1,1,2,3,8,1,1,1,4,4,5,4,3,2,2,0,1,50,4,5
1889,13,2,0,3,2,5,6,7,13,13,7,12,14,10,2,31,1,0,0,5,4,4,6,6,4,5,7,4,5,30,54,2,2,2,3,1,4,0,6,9,11,1,24,5,6,48,1,2,5,11,24,1,1,1,3,3,3,5,5,4,0,3,0,0,0,0
1890,11,0,0,2,0,4,5,12,3,6,3,7,4,3,48,5,2,3,2,2,3,2,3,2,2,2,2,2,44,43,16,0,1,3,6,2,1,3,9,4,16,4,8,27,36,36,2,3,7,13,28,2,2,2,2,2,2,1,1,1,1,1,2,8,8,17
1891,12,2,0,3,4,0,2,5,0,3,14,13,21,41,10,42,1,0,0,1,0,6,5,0,6,6,0,6,31,0,39,2,2,2,3,1,4,7,0,5,6,7,11,1,3,5,1,2,3,8,19,1,1,1,4,4,5,4,3,2,2,0,1,1,4,5
1892,9,3,1,2,6,1,4,4,1,5,9,10,7,39,11,29,3,1,3,3,5,3,4,3,3,3,3,3,3,3,3,3,3,1,2,3,2,6,10,7,3,3,6,30,41,46,3,4,8,15,31,3,0,3,6,6,6,11,11,11,17,17,17,9,11,11
1893,7,3,3,1,3,6,1,9,10,8,8,9,1,54,35,3,0,1,1,6,1,1,8,11,9,11,10,18,49,7,9,1,0,0,4,4,5,5,7,3,4,19,23,10,12,0,4,7,13,24,47,0,0,0,0,0,0,2,4,5,7,8,7,49,50,54
1894,14,2,0,3,2,5,6,7,5,13,23,22,2,10,40,39,1,0,0,5,4,4,6,6,4,5,7,4,48,6,53,2,2,2,3,1,4,0,6,9,11,1,24,5,6,48,1,1,2,3,6,1,1,1,3,3,3,5,5,4,8,3,0,53,43,39
1895,5,1,2,0,1,2,0,2,4,0,24,8,17,25,17,48,1,2,0,1,2,0,11,4,11,13,11,26,37,44,36,2,2,2,5,6,3,5,5,3,4,19,23,38,4,54,1,1,1,1,1,1,1,1,1,1,1,0,0,0,3,7,6,21,31,39
1896,6,3,3,1,3,6,3,0,11,2,25,4,15,0,42,37,0,1,1,0,6,5,0,13,5,14,5,5,15,33,55,1,0,0,0,5,0,13,2,2,15,20,12,29,50,51,4,6,11,22,43,0,0,0,5,5,4,3,2,3,10,12,11,20,20,16
1897,6,3,3,1,3,6,3,0,11,11,0,4,27,12,14,32,0,1,1,0,6,5,0,7,5,0,17,11,0,9,52,1,0,0,0,5,0,4,8,1,9,8,13,18,0,53,4,6,11,21,39,0,0,0,5,5,4,9,10,3,9,11,10,3,2,1
1898,2,3,3,1,3,6,1,9,10,1,8,11,1,11,12,45,0,1,1,6,1,1,8,11,9,11,10,18,49,7,9,1,0,0,4,4,5,8,11,6,1,2,2,7,34,20,4,7,14,27,54,0,0,0,0,0,0,2,4,5,18,14,19,12,14,10
1899,13,2,0,3,2,5,6,7,13,13,7,12,14,10,7,31,1,0,0,5,4,4,6,6,4,5,7,4,5,30,54,2,2,2,3,1,4,0,6,9,11,1,24,5,6,48,1,2,5,11,24,1,1,1,3,3,3,5,5,4,0,3,0,0,0,0
1900,14,2,0,3,2,5,6,7,5,13,23,22,2,6,40,2,1,0,0,5,4,4,10,6,4,21,14,17,14,18,14,2,2,2,3,1,4,0,6,9,12,9,4,4,10,52,1,2,4,9,20,1,1,1,3,3,3,8,9,9,8,9,8,4,5,4
1901,10,0,0,2,0,4,5,13,8,6,4,20,19,16,21,23,2,3,2,2,3,2,3,12,13,12,15,27,2,19,2,0,1,3,6,2,1,3,9,4,16,4,8,49,52,14,2,3,6,12,27,2,2,2,2,2,2,1,1,1,4,4,3,19,21,18
1902,7,3,3,1,3,6,1,8,9,8,20,1,13,52,50,4,0,1,1,6,1,1,2,8,1,15,6,23,20,37,28,1,0,0,4,4,5,5,7,3,0,13,7,36,18,50,4,7,13,25,49,0,0,0,0,0,0,7,7,8,5,5,5,34,34,37
1903,8,3,3,1,5,3,1,3,12,9,10,24,20,40,53,12,0,1,1,4,6,1,12,9,7,7,9,16,39,28,31,1,0,0,4,4,5,5,1,0,5,24,27,2,48,40,3,5,10,20,38,0,0,0,0,0,0,6,6,6,22,16,22,33,37,15
1904,8,3,3,1,5,3,1,6,12,9,10,15,20,32,19,12,0,1,1,4,6,1,12,9,7,7,9,16,8,20,7,1,0,0,4,4,5,5,1,0,22,16,15,43,38,28,3,5,10,17,33,0,0,0,0,0,0,6,6,6,15,15,15,16,13,13
1905,7,3,3,1,3,6,1,8,10,8,18,21,22,48,24,4,0,1,1,6,1,1,2,8,1,20,6,25,32,13,25,1,0,0,4,4,5,1,7,13,17,17,10,8,20,47,4,7,13,25,48,0,0,0,0,0,0,7,7,8,25,24,25,27,27,26
1906,9,3,1,2,6,1,4,4,1,5,9,10,7,39,11,29,3,1,3,3,5,3,4,3,3,3,3,3,3,3,3,3,3,1,2,3,2,6,10,7,3,3,6,30,41,46,3,4,8,15,31,3,0,3,6,6,6,11,11,11,17,17,17,9,11,11
1907,3,1,2,0,4,0,2,11,7,7,6,17,5,37,52,24,1,2,0,1,2,0,1,4,0,1,4,22,35,48,17,2,2,2,5,6,3,5,5,3,4,19,23,32,29,18,1,1,2,2,4,1,1,1,1,1,1,0,0,0,13,10,9,13,16,24
1908,1,3,3,1,3,6,1,8,9,12,16,26,13,46,55,54,0,1,1,6,1,1,13,5,12,9,12,12,9,29,27,1,0,0,4,4,5,5,7,3,0,13,7,55,14,44,4,7,14,26,53,0,0,0,0,0,4,3,2,7,6,6,4,5,3,3
1909,9,3,3,2,5,3,4,6,6,10,22,6,3,15,43,19,0,1,1,4,6,1,9,10,10,10,8,8,10,14,10,1,0,0,1,0,6,9,13,11,14,6,9,15,19,8,3,5,9,16,32,0,3,0,0,0,0,12,12,12,21,20,20,17,17,14
1910,2,3,3,1,3,6,1,9,10,1,8,18,1,22,22,41,0,1,1,6,1,1,8,11,9,11,10,18,49,7,9,1,0,0,4,4,5,8,11,6,1,2,2,54,35,21,4,7,12,23,44,0,0,0,0,0,0,2,4,5,7,8,7,2,1,2
1911,10,0,0,2,0,4,5,10,3,6,27,7,8,43,33,15,2,3,2,2,3,2,3,12,13,12,15,15,25,52,35,0,1,3,6,2,1,12,12,8,8,12,20,19,28,29,2,3,7,14,30,2,2,2,2,2,2,1,1,1,4,4,3,14,12,12
1912,4,1,2,0,1,2,0,1,7,7,11,3,24,49,45,36,1,2,0,1,2,0,1,4,0,23,16,13,33,34,18,2,2,2,5,6,3,5,5,3,24,0,26,51,31,17,1,1,2,7,16,1,1,1,1,1,1,0,0,0,26,26,26,44,45,45
1913,1,3,3,1,3,6,1,8,9,12,16,26,13,46,55,54,0,1,1,6,1,1,13,5,12,9,12,12,9,29,27,1,0,0,4,4,5,5,7,3,0,13,7,55,14,44,4,7,14,26,53,0,0,0,0,0,4,3,2,7,6,6,4,5,3,3
1914,3,1,2,0,1,2,0,1,7,7,19,17,24,14,27,10,1,2,0,1,2,0,1,4,0,1,27,22,1,4,46,2,2,2,5,6,3,5,5,3,24,19,23,23,4,1,1,1,2,3,6,1,1,1,1,1,1,0,0,0,13,10,9,13,16,36
1915,9,3,3,2,5,3,4,6,6,10,22,5,3,15,43,19,0,1,1,4,6,1,9,10,10,10,8,8,10,14,10,1,0,0,1,0,6,9,13,11,14,6,9,15,19,8,3,5,9,16,32,0,3,0,0,0,0,12,12,12,21,20,20,17,17,14
1916,10,0,0,2,0,4,5,13,8,6,4,20,8,16,32,30,2,3,2,2,3,2,3,12,13,12,15,27,2,19,2,0,1,3,6,2,1,12,12,8,8,12,20,44,54,10,2,3,6,12,27,2,2,2,2,2,2,1,1,1,4,4,3,19,21,18
1917,7,3,3,1,3,6,1,8,12,8,1,1,22,27,38,4,0,1,1,4,6,1,7,9,7,19,22,7,17,45,15,1,0,0,4,4,5,5,7,3,0,19,23,2,1,1,4,7,13,25,51,0,0,0,0,0,0,6,6,6,25,24,25,27,27,26
1918,1,3,3,1,3,6,1,8,9,12,15,26,13,46,55,3,0,1,1,6,1,1,13,5,12,9,12,12,9,29,48,1,0,0,4,4,5,5,7,3,0,13,7,2,1,9,1,1,2,3,6,0,0,0,0,0,4,3,2,7,6,6,4,52,32,53
1919,9,3,1,2,6,1,4,4,1,5,9,10,7,39,11,29,3,1,3,3,5,3,4,3,3,3,3,3,3,3,3,3,3,1,2,3,2,6,10,7,3,3,6,30,41,46,3,4,8,15,31,3,0,3,6,6,6,11,11,11,17,17,17,9,11,11
1920,8,3,3,2,5,3,4,6,12,9,10,24,20,40,18,49,0,1,1,4,6,1,12,9,7,7,9,16,23,49,47,1,0,0,4,4,5,5,1,0,5,24,27,20,42,23,3,5,10,20,38,0,0,0,0,0,0,10,8,10,22,16,22,41,35,15
1921,5,1,2,0,1,2,0,1,7,7,13,3,25,23,3,26,1,2,0,1,2,0,1,4,0,23,16,13,18,51,30,2,2,2,5,6,3,5,5,3,24,0,26,26,21,25,1,1,2,6,14,1,1,1,1,1,1,0,0,0,24,23,24,18,19,21
1922,14,3,3,1,3,6,1,8,9,12,20,14,13,18,23,52,0,1,1,6,1,1,13,1,8,16,1,14,34,35,40,1,0,0,4,4,5,5,7,3,0,13,7,0,32,39,4,7,14,28,55,0,0,0,0,0,0,2,8,7,20,21,21,31,29,34
1923,2,3,3,1,3,6,1,9,10,1,8,9,1,22,37,41,0,1,1,6,1,1,8,11,9,11,10,18,7,41,9,1,0,0,4,4,5,8,11,6,1,2,2,10,12,0,4,7,12,23,46,0,0,0,0,0,0,2,4,5,7,8,7,2,1,2
1924,3,1,2,0,1,2,0,11,7,7,6,17,18,37,52,24,1,2,0,1,2,0,1,4,0,1,4,22,53,48,17,2,2,2,5,6,3,5,5,3,4,19,23,32,29,18,1,1,2,2,5,1,1,1,1,1,1,0,0,0,13,10,9,43,16,41
1925,7,3,3,1,3,6,1,8,10,8,18,21,22,27,24,4,0,1,1,6,1,1,2,8,1,20,6,25,32,13,25,1,0,0,4,4,5,1,7,13,17,10,22,16,43,26,4,7,13,25,48,0,0,0,0,0,0,7,7,8,25,24,25,27,27,26
1926,9,3,1,2,6,1,4,4,1,5,9,10,7,39,13,28,3,1,3,3,5,3,4,3,3,3,3,3,3,3,3,3,3,1,2,3,2,6,10,7,3,3,6,11,11,3,3,4,8,15,31,3,0,3,6,6,6,11,11,11,17,17,17,9,11,11
1927,4,1,2,0,1,2,0,11,7,7,21,16,6,33,54,35,1,2,0,1,2,0,1,4,0,27,19,20,24,23,23,2,2,2,5,6,3,5,5,3,4,19,23,6,9,6,1,1,2,4,10,1,1,1,1,1,1,0,0,0,11,2,18,22,18,20
1928,14,2,0,3,2,5,6,7,5,13,23,22,11,6,40,33,1,0,0,5,4,4,6,6,4,5,23,24,26,6,29,2,2,2,3,1,4,5,5,3,24,0,26,46,39,42,1,1,2,7,17,1,1,1,3,3,3,5,5,4,26,26,26,38,36,38
1929,1,3,3,1,3,6,1,8,9,12,0,26,13,46,55,54,0,1,1,6,1,1,13,5,12,9,12,12,9,29,27,1,0,0,4,4,5,5,7,3,0,13,7,55,14,44,4,7,14,26,52,0,0,0,0,0,4,3,2,7,6,6,4,5,3,3
1930,6,3,3,1,3,6,3,0,11,11,26,4,27,12,14,32,0,1,1,0,6,5,0,7,5,0,17,11,47,53,11,1,0,0,0,5,0,4,8,1,9,8,13,2,1,1,4,6,11,21,39,0,0,0,5,5,4,9,10,3,9,11,10,3,2,1
1931,14,2,0,3,3,6,1,8,9,4,20,14,11,18,39,3,0,1,1,6,1,1,8,11,9,11,10,18,7,41,9,1,0,0,4,4,5,8,11,6,24,2,2,2,1,1,4,7,14,28,56,0,0,0,0,0,0,2,4,5,7,8,7,38,36,38
1932,14,2,0,3,2,5,6,7,5,13,23,22,2,6,40,2,1,0,0,5,4,4,10,6,4,21,14,17,14,18,41,2,2,2,3,1,4,0,6,9,12,9,4,4,10,52,1,2,4,9,20,1,1,1,3,3,3,8,9,9,8,9,8,4,5,4
1933,3,1,2,0,1,2,0,11,7,7,19,3,24,36,16,10,1,2,0,1,2,0,1,4,0,23,16,13,28,51,30,2,2,2,5,6,3,5,5,3,4,19,23,2,1,1,1,1,2,5,13,1,1,1,1,1,1,0,0,0,8,10,9,37,31,33
1934,11,0,0,2,0,4,5,12,3,6,3,7,4,47,46,9,2,3,2,2,3,2,3,2,2,2,2,2,43,2,42,0,1,3,6,2,1,3,9,4,16,4,8,49,52,14,2,3,6,12,26,2,2,2,2,2,2,1,1,1,1,1,2,10,46,32
1935,5,1,2,0,1,2,0,2,2,0,5,27,12,50,25,13,1,2,0,1,2,0,11,4,11,26,20,10,12,10,13,2,2,2,5,6,3,2,3,12,10,11,17,12,45,16,1,1,1,1,2,1,1,1,1,1,1,0,0,0,3,7,6,15,10,6
1936,14,2,0,3,2,5,6,7,5,13,23,22,2,6,40,39,1,0,0,5,4,4,10,6,4,21,14,17,14,18,41,2,2,2,3,1,4,0,6,9,12,9,4,4,10,52,1,2,4,9,21,1,1,1,3,3,3,8,9,9,8,9,8,4,5,4
1937,1,3,3,1,3,6,1,8,9,12,15,26,13,45,49,54,0,1,1,6,1,1,13,5,12,9,12,12,9,29,48,1,0,0,4,4,5,5,7,3,0,13,7,55,14,44,4,7,14,26,53,0,0,0,0,0,4,3,2,7,6,6,4,5,3,3
1938,10,0,0,2,0,4,5,13,8,6,4,20,8,16,32,15,2,3,2,2,3,2,3,12,13,12,15,15,25,52,35,0,1,3,6,2,1,12,12,8,8,12,20,19,28,29,2,3,6,12,27,2,2,2,2,2,2,1,1,1,4,4,3,14,12,12
1939,14,2,0,3,2,5,6,7,5,13,23,22,2,6,40,39,1,0,0,5,4,4,10,6,4,21,14,17,14,18,41,2,2,2,3,1,4,0,6,9,12,9,4,4,10,52,1,2,4,9,21,1,1,1,3,3,3,8,9,9,8,9,8,4,5,4
1940,7,3,3,1,3,6,1,8,10,8,18,25,22,54,34,4,0,1,1,6,1,1,2,8,1,15,24,1,13,21,1,1,0,0,4,4,5,1,7,13,13,17,10,8,20,47,4,7,13,24,47,0,0,0,0,0,0,7,7,8,5,5,5,7,6,7
1941,5,1,2,0,1,2,0,2,2,0,5,27,17,20,17,22,1,2,0,1,2,0,11,4,11,26,20,10,12,10,13,2,2,2,5,6,3,2,3,12,10,11,17,45,37,33,1,1,1,1,2,1,1,1,1,1,1,0,0,0,3,7,6,15,10,6
1942,1,3,3,1,3,6,1,8,9,12,0,26,13,46,55,54,0,1,1,6,1,1,13,5,12,9,12,12,9,29,27,1,0,0,4,4,5,5,7,3,0,13,7,55,14,44,4,7,14,26,52,0,0,0,0,0,4,3,2,7,6,6,4,5,3,3
1943,1,2,2,3,4,0,2,5,0,3,14,0,5,53,0,34,1,0,0,1,0,6,5,0,6,6,0,6,6,36,37,2,2,2,3,1,4,7,0,5,6,7,11,35,33,35,1,1,2,2,3,1,1,1,4,4,5,4,3,2,27,27,27,36,32,42
1944,4,1,2,0,1,2,0,1,7,7,13,3,26,8,3,26,1,2,0,1,2,0,1,4,0,23,16,13,45,27,43,2,2,2,5,6,3,5,5,3,24,0,26,26,21,25,1,1,2,6,14,1,1,1,1,1,1,0,0,0,24,23,24,18,19,21
1945,1,3,3,1,3,6,1,8,9,12,15,26,13,46,49,54,0,1,1,6,1,1,13,5,12,9,12,12,9,29,27,1,0,0,4,4,5,13,2,2,0,13,7,55,14,44,4,7,14,26,53,0,0,0,0,0,4,3,2,7,6,6,4,5,3,3
1946,12,2,0,3,4,0,2,5,0,3,14,13,21,41,36,42,1,0,0,1,0,6,5,0,6,6,0,6,31,38,5,2,2,2,3,1,4,7,0,5,6,7,11,1,3,5,1,2,3,8,19,1,1,1,4,4,5,4,3,2,2,0,1,11,7,28
1947,7,3,3,1,3,6,1,8,10,8,18,25,22,54,31,21,0,1,1,6,6,1,13,13,12,14,25,5,15,17,6,1,0,0,4,4,5,13,2,2,0,19,23,2,1,9,4,7,13,24,47,0,0,0,5,5,4,3,2,3,10,12,11,32,30,35
1948,6,3,3,1,3,6,3,0,11,11,26,4,27,42,14,25,0,1,1,0,6,5,0,7,5,0,17,11,47,53,11,1,0,0,0,5,0,4,8,1,9,8,13,17,5,15,4,6,11,21,40,0,0,0,5,5,4,9,10,3,9,11,10,3,2,1
1949,8,3,3,2,5,3,4,3,12,9,2,24,9,55,53,8,0,1,1,4,6,1,7,9,7,19,22,7,17,45,15,1,0,0,4,4,5,11,1,0,25,5,1,40,48,40,3,5,10,20,37,0,0,0,0,0,0,6,6,6,12,13,13,6,9,8
1950,7,3,3,1,3,6,1,8,10,8,18,25,22,54,35,4,0,1,1,6,1,1,2,8,1,15,24,1,13,21,1,1,0,0,4,4,5,1,7,13,13,17,10,8,20,47,4,7,13,24,47,0,0,0,0,0,0,7,7,8,5,5,5,7,6,7
1951,5,1,2,0,1,2,0,1,2,0,13,3,25,23,30,13,1,2,0,1,2,0,1,4,0,22,19,20,18,46,22,2,2,2,5,6,3,5,5,3,4,19,23,2,27,43,4,7,13,25,50,1,1,1,1,1,1,0,0,0,11,2,12,47,33,47
1952,2,3,3,1,3,6,1,9,10,4,20,11,1,11,12,45,0,1,1,6,1,1,8,11,9,25,13,9,21,31,50,1,0,0,4,4,5,8,11,6,2,26,0,7,34,20,4,7,14,27,54,0,0,0,0,0,0,2,4,5,18,14,19,12,14,10
1953,6,3,3,1,3,6,3,0,11,11,26,4,27,42,14,25,0,1,1,0,6,5,0,7,5,0,17,11,42,32,11,1,0,0,0,5,0,4,8,1,27,23,18,47,26,34,4,6,11,21,40,0,0,0,5,5,4,9,10,3,9,11,10,3,2,1
1954,3,2,2,3,4,0,2,5,0,3,6,13,21,41,10,24,1,0,0,1,0,6,5,0,6,6,0,6,31,38,5,2,2,2,3,1,4,7,0,5,6,7,11,32,29,18,1,2,3,8,19,1,1,1,4,4,5,4,3,2,2,0,1,11,7,29
1955,13,2,0,3,2,5,6,7,13,13,7,12,14,21,2,27,1,0,0,5,4,4,6,6,4,5,7,4,5,30,53,2,2,2,3,1,4,0,6,9,11,1,24,5,6,48,1,2,5,11,24,1,1,1,3,3,3,5,5,4,0,3,0,0,0,0
1956,14,2,0,3,2,5,6,7,5,13,23,22,2,6,40,2,1,0,0,5,4,4,10,6,4,21,14,17,14,18,41,2,2,2,3,1,4,0,6,9,12,9,4,4,10,52,4,7,14,26,52,1,1,1,3,3,3,8,9,9,8,9,8,4,5,4
1957,3,1,2,0,1,2,0,11,7,7,19,17,24,14,27,10,1,2,0,1,2,0,1,4,0,1,27,22,1,4,46,2,2,2,5,6,3,5,5,3,24,0,26,23,4,18,1,1,2,3,6,1,1,1,1,1,1,0,0,0,13,10,9,13,43,36
1958,6,3,3,1,3,6,3,0,11,11,26,4,27,42,6,25,0,1,1,0,6,5,0,7,5,0,17,11,42,32,11,1,0,0,0,5,0,4,8,1,27,23,18,47,26,34,4,6,11,21,39,0,0,0,5,5,4,9,10,3,9,11,10,3,2,1
1959,4,1,2,0,1,2,0,1,7,7,11,3,26,8,16,55,1,2,0,1,2,0,1,4,0,8,19,20,18,46,22,2,2,2,5,6,3,5,5,3,4,19,23,6,9,6,1,1,2,4,11,1,1,1,1,1,1,0,0,0,11,2,12,43,33,41
1960,1,3,3,1,3,6,1,8,9,12,16,26,13,46,49,54,0,1,1,6,1,1,13,5,12,9,12,12,9,29,27,1,0,0,4,4,5,5,7,3,0,13,7,55,14,44,4,7,14,26,53,0,0,0,0,0,4,3,2,7,6,6,4,5,3,3
1961,2,3,3,1,3,6,1,9,10,1,8,11,1,11,12,45,0,1,1,6,1,1,8,11,9,25,13,9,21,31,50,1,0,0,4,4,5,8,11,6,2,26,0,7,34,20,4,7,13,24,47,0,0,0,0,0,0,2,4,5,18,14,19,12,14,10
1962,12,2,0,3,4,0,2,5,0,3,14,13,23,53,0,34,1,0,0,1,0,6,5,0,6,6,0,6,31,0,26,2,2,2,3,1,4,7,0,5,6,7,11,1,3,5,1,2,3,8,19,1,1,1,4,4,5,4,3,2,2,0,1,1,4,5
1963,8,3,3,2,5,3,4,6,12,9,10,15,20,32,19,12,0,1,1,4,6,1,12,9,7,7,9,16,8,20,7,1,0,0,4,4,5,5,7,0,22,16,15,39,23,55,3,5,10,17,33,0,0,0,0,0,0,6,6,6,15,15,15,16,13,13
1964,8,3,3,1,3,6,1,3,12,9,10,24,9,55,53,8,0,1,1,4,6,1,7,9,7,19,22,7,17,45,15,1,0,0,4,4,5,11,1,0,25,5,1,2,1,1,3,5,10,20,37,0,0,0,0,0,0,6,6,6,12,13,13,6,9,8
1965,7,3,3,1,3,6,1,9,10,1,18,9,22,19,35,1,0,1,1,6,1,1,2,8,1,15,24,1,13,21,1,1,0,0,4,4,5,1,7,13,13,17,10,8,20,47,4,7,13,24,47,0,0,0,0,0,0,7,7,8,5,5,5,7,6,7
1966,8,3,3,2,5,3,4,6,12,9,10,15,20,32,19,12,0,1,1,4,6,1,12,9,7,7,9,16,8,20,7,1,0,0,4,4,5,5,1,0,22,16,15,39,23,55,3,5,10,20,38,0,0,0,0,0,0,6,6,6,15,15,15,16,13,13
1967,10,0,0,2,0,4,5,10,3,6,27,7,8,43,33,15,2,3,2,2,3,2,3,12,13,12,15,15,25,52,35,0,1,3,6,2,1,12,12,8,8,12,20,19,28,29,2,3,7,14,29,2,2,2,2,2,2,1,1,1,4,4,3,14,12,12
1968,12,2,0,3,4,0,2,5,0,3,7,12,14,21,2,34,1,0,0,1,0,6,5,0,6,6,0,6,31,38,5,2,2,2,3,1,4,7,0,5,6,7,11,1,3,5,1,2,3,8,19,1,1,1,4,4,5,4,3,2,2,0,1,11,7,29
1969,13,2,0,3,2,5,6,7,13,13,7,12,14,10,7,27,1,0,0,5,4,4,6,6,4,5,7,4,5,30,54,2,2,2,3,1,4,0,6,9,11,1,24,5,6,48,1,2,5,11,24,1,1,1,3,3,3,5,5,4,0,3,0,0,0,0
1970,10,0,0,2,0,4,5,13,8,6,4,20,19,34,41,30,2,3,2,2,3,2,3,12,13,12,21,27,2,26,2,0,1,3,6,2,1,5,7,3,16,4,8,49,1,10,2,3,6,12,27,2,2,2,2,2,2,1,1,1,4,4,3,19,21,18
1971,2,3,3,1,3,6,1,9,9,4,20,11,1,4,12,45,0,1,1,6,1,1,8,11,9,25,13,9,21,31,50,1,0,0,4,4,5,5,7,3,2,26,0,7,34,20,4,7,14,27,54,0,0,0,0,0,0,2,4,5,18,14,19,12,14,10
1972,3,1,2,0,2,5,6,7,5,13,23,22,11,49,30,2,1,2,0,1,2,0,1,4,0,23,16,13,33,34,18,2,2,2,5,6,3,5,5,3,24,0,26,51,31,17,1,1,2,7,16,1,1,1,1,1,1,0,0,0,26,26,26,44,45,45
1973,11,0,0,2,0,4,5,13,8,6,4,20,19,34,4,23,2,3,2,2,3,2,3,2,2,2,2,2,44,43,16,0,1,3,6,2,1,3,9,4,16,4,8,27,36,36,2,3,6,12,26,2,2,2,2,2,2,1,1,1,1,1,2,8,8,17
1974,6,3,3,1,3,6,3,0,11,11,26,4,27,42,14,17,0,1,1,0,6,5,0,7,5,0,17,11,47,53,52,1,0,0,0,5,0,4,8,1,9,8,13,52,40,13,4,6,11,21,39,0,0,0,5,5,4,9,10,3,9,11,10,3,2,1
1975,5,1,2,0,1,2,0,2,2,0,5,27,12,25,47,48,1,2,0,1,2,0,1,4,0,8,19,20,30,12,32,2,2,2,5,6,3,5,5,3,4,19,23,2,1,1,1,1,1,1,2,1,1,1,1,1,1,0,0,0,3,7,6,15,10,27
1976,9,3,1,2,6,1,4,4,1,5,9,10,7,39,13,28,3,1,3,3,5,3,4,3,3,3,3,3,3,3,3,3,3,1,2,3,2,6,10,7,3,3,6,11,11,3,3,4,8,15,31,3,0,3,6,6,6,11,11,11,17,17,17,9,11,11
1977,14,3,3,1,3,6,1,8,9,12,16,14,13,1,23,52,0,1,1,6,1,1,13,1,8,16,1,14,34,35,40,1,0,0,4,4,5,5,7,3,0,13,7,0,32,39,4,7,13,25,51,0,0,0,0,0,0,2,8,7,20,21,21,31,29,34
1978,3,1,2,0,1,2,0,1,7,7,19,17,24,49,30,10,1,2,0,1,2,0,1,4,0,23,16,13,33,34,18,2,2,2,5,6,3,5,5,3,24,0,26,51,31,17,1,1,2,7,16,1,1,1,1,1,1,0,0,0,26,26,26,44,45,45
1979,3,2,2,3,2,5,6,11,5,13,23,22,2,6,27,39,1,0,0,1,2,0,1,4,0,1,27,22,1,40,46,2,2,2,3,1,4,5,5,3,12,9,4,4,10,52,1,1,2,3,6,1,1,1,3,3,3,8,9,9,8,9,8,4,43,36
1980,13,2,0,3,2,5,6,7,13,13,7,12,14,21,2,27,1,0,0,5,4,4,6,6,4,5,7,4,5,30,53,2,2,2,3,1,4,0,6,9,11,1,24,5,6,48,1,2,5,11,24,1,1,1,3,3,3,5,5,4,0,3,0,0,0,0
1981,13,2,0,3,4,0,2,5,0,3,7,13,21,41,36,42,1,0,0,5,4,4,6,6,4,5,7,4,5,30,53,2,2,2,3,1,4,7,0,5,6,7,11,1,3,5,1,2,5,11,24,1,1,1,4,4,5,4,3,2,2,0,1,1,7,28
1982,11,0,0,2,0,4,5,12,3,6,3,7,4,47,48,5,2,3,2,2,3,2,3,2,2,2,2,2,44,43,16,0,1,3,6,2,1,3,9,4,16,4,8,27,36,36,2,3,7,13,28,2,2,2,2,2,2,1,1,1,1,1,2,8,8,17
1983,3,1,2,0,1,2,0,11,7,7,19,17,24,6,27,10,1,0,0,1,2,0,1,4,0,1,27,22,1,40,46,2,2,2,5,6,3,5,5,3,12,9,4,23,4,1,1,1,2,3,6,1,1,1,1,1,1,8,9,9,8,9,8,4,43,36
1984,6,3,3,1,3,6,3,0,11,11,26,4,27,42,14,25,0,1,1,0,6,5,0,7,5,0,17,11,47,53,11,1,0,0,0,5,0,4,8,1,9,8,13,17,5,15,4,6,11,21,40,0,0,0,5,5,4,9,10,3,9,11,10,3,2,1
1985,6,3,3,1,3,6,3,0,11,2,25,4,15,12,31,21,0,1,1,0,6,5,0,13,5,14,5,5,40,33,38,1,0,0,0,5,0,13,2,2,15,20,12,25,24,27,4,6,11,22,41,0,0,0,5,5,4,3,2,3,10,12,11,42,44,44
1986,12,2,0,3,4,0,2,5,0,3,6,13,11,28,10,34,1,2,0,1,2,0,1,4,0,23,16,13,33,34,18,2,2,2,3,1,4,5,0,3,24,0,26,46,39,42,1,1,2,3,8,1,1,1,4,4,5,4,3,2,26,26,26,38,36,38
1987,12,2,0,3,4,0,2,5,0,3,14,13,23,28,10,42,1,0,0,1,0,6,5,0,6,6,0,6,31,38,5,2,2,2,3,1,4,7,0,5,6,7,11,1,3,5,1,2,3,8,18,1,1,1,4,4,5,4,3,2,2,0,1,11,7,5
1988,1,2,0,3,4,0,2,5,9,12,15,0,5,45,49,54,1,0,0,1,0,6,5,0,6,6,0,6,6,36,37,2,2,2,3,1,4,7,0,5,0,13,7,35,33,35,1,1,2,2,3,1,1,1,4,4,5,4,3,2,27,27,27,36,32,42
1989,14,3,3,1,3,6,1,8,9,12,16,26,13,46,1,54,0,1,1,6,1,1,13,5,12,9,12,12,9,29,27,1,0,0,4,4,5,5,7,3,0,13,7,2,1,9,4,7,14,28,56,0,0,0,0,0,0,3,2,7,6,6,4,34,34,37
1990,5,1,2,0,1,2,0,1,7,7,13,3,25,23,3,48,1,2,0,1,2,0,1,4,0,23,16,13,45,27,43,2,2,2,5,6,3,5,5,3,24,19,26,26,21,25,1,1,2,6,15,1,1,1,1,1,1,0,0,0,24,23,24,18,19,21
1991,6,3,3,1,3,6,3,0,11,11,26,4,27,42,14,17,0,1,1,0,6,5,0,7,5,0,17,11,47,53,52,1,0,0,0,5,0,4,8,1,9,8,13,52,40,13,4,6,11,21,39,0,0,0,5,5,4,9,10,3,9,11,10,3,2,1
1992,1,2,0,3,4,0,2,5,0,3,14,0,5,41,0,34,1,0,0,1,0,6,5,0,6,6,0,6,6,36,37,2,2,2,3,1,4,7,0,5,6,7,11,35,33,35,1,1,2,2,3,1,1,1,4,4,5,4,3,2,27,27,27,36,32,42
1993,12,2,0,3,4,0,2,5,0,3,14,13,21,41,36,42,1,0,0,1,0,6,5,0,6,6,0,6,31,38,5,2,2,2,3,1,4,7,0,5,6,7,11,1,3,5,1,2,3,8,19,1,1,1,4,4,5,4,3,2,2,0,1,11,7,29
1994,9,3,1,2,6,1,4,4,1,5,9,10,7,39,11,29,3,1,3,3,5,3,4,3,3,3,3,3,3,3,3,3,3,1,2,3,2,6,10,7,3,3,6,30,41,46,3,4,8,15,31,3,0,3,6,6,6,11,11,11,17,17,17,9,11,11
1995,7,3,3,1,3,6,1,8,10,8,18,25,22,19,35,4,0,1,1,6,1,1,2,8,1,15,24,1,13,21,1,1,0,0,4,4,5,1,7,13,13,17,10,8,20,47,4,7,13,24,47,0,0,0,0,0,0,7,7,8,5,5,5,7,6,7
1996,14,3,3,1,3,6,1,8,9,12,20,14,13,18,23,52,0,1,1,6,1,1,13,1,8,16,1,14,34,35,40,1,0,0,4,4,5,5,7,3,0,13,7,0,32,39,4,7,14,28,56,0,0,0,0,0,0,2,8,7,20,21,21,31,29,34
1997,5,1,2,0,1,2,0,1,4,7,1,8,18,1,47,48,1,2,0,1,2,0,1,4,0,8,19,20,30,12,32,2,2,2,5,6,3,5,5,3,20,25,3,28,30,22,1,1,2,3,8,1,1,1,1,1,1,0,0,0,19,2,12,28,24,27
1998,13,2,0,3,2,5,6,7,13,13,12,2,14,35,15,14,1,0,0,5,4,4,6,6,4,5,23,24,26,24,29,2,2,2,3,1,4,0,6,9,18,22,21,14,25,31,1,2,5,10,22,1,1,1,3,3,3,5,5,4,0,25,0,24,22,19
1999,2,3,3,1,3,6,1,9,10,1,8,18,1,22,22,41,0,1,1,6,1,1,8,11,9,11,10,18,49,7,9,1,0,0,4,4,5,8,11,6,1,2,2,54,35,21,4,7,12,23,44,0,0,0,0,0,0,2,4,5,7,8,7,2,1,2
2000,8,3,3,2,5,3,4,3,12,9,10,24,9,7,53,8,0,1,1,4,6,1,7,9,7,19,22,7,17,45,15,1,0,0,4,4,5,11,1,0,25,5,1,40,55,41,3,5,10,20,37,0,0,0,0,0,0,6,6,6,12,13,13,6,9,8
2001,10,0,0,2,0,4,5,13,8,6,4,20,19,44,41,30,2,3,2,2,3,2,3,12,13,17,21,19,22,26,20,0,1,3,6,2,1,5,9,3,16,4,8,49,52,14,2,3,6,12,26,2,2,2,2,2,2,13,13,13,23,22,23,25,23,22
2002,8,3,3,2,5,3,4,3,12,9,2,24,9,55,53,8,0,1,1,4,6,1,7,9,7,19,22,7,51,8,33,1,0,0,4,4,5,11,1,0,25,5,1,22,17,24,3,5,10,20,37,0,0,0,0,0,0,6,6,6,12,13,13,6,9,8
2003,11,0,0,2,0,4,5,13,8,6,4,20,19,34,41,30,2,3,2,2,3,2,3,2,2,2,2,2,16,39,44,0,1,3,6,2,1,3,9,4,16,4,8,3,7,2,2,3,6,12,26,2,2,2,2,2,2,1,1,1,1,1,2,23,15,25
2004,7,3,3,1,3,6,1,8,10,8,18,21,22,27,24,4,0,1,1,6,1,1,2,8,1,20,6,25,32,13,25,1,0,0,4,4,5,1,7,13,17,10,22,16,43,26,4,7,13,25,48,0,0,0,0,0,0,7,7,8,25,24,25,27,27,26
2005,10,0,0,2,0,4,5,10,3,6,27,7,8,43,29,50,2,3,2,2,3,2,3,12,13,12,15,27,38,54,51,0,1,3,6,2,1,12,12,8,8,12,20,49,52,14,2,3,7,14,30,2,2,2,2,2,2,1,1,1,4,4,3,46,12,12
2006,9,3,3,2,5,3,4,6,6,10,22,6,3,15,43,19,0,1,1,4,6,1,9,10,10,10,8,8,10,14,10,1,0,0,1,0,6,9,13,11,14,6,9,15,19,8,3,5,9,16,32,0,3,0,0,0,0,12,12,12,21,20,20,17,17,14
2007,9,3,3,2,5,3,4,6,6,10,2,23,20,17,8,16,0,1,1,6,1,1,8,1,8,24,18,21,27,22,21,1,0,0,4,4,5,5,7,3,26,21,25,50,8,32,3,5,10,18,35,0,0,0,0,0,0,10,8,10,16,19,16,26,25,23
2008,1,3,3,1,3,6,1,8,9,12,16,26,13,46,55,38,0,1,1,6,1,1,13,5,12,9,12,12,9,29,27,1,0,0,4,4,5,5,7,3,0,13,7,55,14,44,4,7,14,26,53,0,0,0,0,0,4,3,2,7,6,6,4,5,3,3
2009,10,0,0,2,0,4,5,13,8,6,4,20,19,44,26,7,2,3,2,2,3,2,3,12,13,17,26,19,22,16,20,0,1,3,6,2,1,10,4,10,21,18,19,9,22,37,2,3,6,12,25,2,2,2,2,2,2,13,13,13,23,22,23,25,23,22
2010,4,1,2,0,1,2,0,11,7,7,19,16,24,14,52,10,1,2,0,1,2,0,1,4,0,1,19,20,53,46,22,2,2,2,5,6,3,5,5,3,4,19,23,2,1,1,1,1,2,3,6,1,1,1,1,1,1,0,0,0,13,10,9,52,53,24
2011,14,2,0,1,3,6,1,8,9,4,20,14,13,18,28,46,0,1,1,6,1,1,13,1,12,18,1,14,19,1,19,1,0,0,4,4,5,5,7,3,23,14,16,21,15,11,4,7,14,28,55,0,0,0,2,0,3,2,8,7,20,21,21,40,42,40
2012,7,3,3,1,3,6,1,9,10,8,18,25,22,54,35,4,0,1,1,6,1,1,2,8,1,15,24,1,13,21,1,1,0,0,4,4,5,1,7,13,13,17,10,8,20,47,4,7,13,24,47,0,0,0,0,0,0,7,7,8,5,5,5,7,6,7
2013,1,2,0,3,4,0,2,5,0,3,14,0,21,41,36,42,1,0,0,1,0,6,5,0,6,6,0,6,6,36,37,2,2,2,3,1,4,7,0,5,6,7,11,35,33,35,1,1,2,2,3,1,1,1,4,4,5,4,3,2,27,27,27,36,32,42
2014,13,2,0,3,2,5,6,7,13,13,12,2,14,35,15,43,1,0,0,5,4,4,6,6,4,5,23,24,26,24,29,2,2,2,3,1,4,0,6,9,18,22,21,14,25,31,1,2,5,10,22,1,1,1,3,3,3,5,5,4,0,25,0,24,22,19
2015,8,3,3,1,5,3,4,3,12,9,10,24,9,55,53,8,0,1,1,4,6,1,7,9,7,19,22,7,17,45,15,1,0,0,4,4,5,11,1,0,25,5,1,22,48,40,3,5,10,20,37,0,0,0,0,0,0,6,6,6,12,13,13,6,9,8
2016,10,0,0,2,0,4,5,13,8,6,4,20,19,16,21,23,2,3,2,2,3,2,3,12,13,12,15,27,38,54,51,0,1,3,6,2,1,12,12,8,8,12,20,49,52,14,2,3,7,14,30,2,2,2,2,2,2,1,1,1,4,4,3,14,12,12
2017,10,0,0,2,0,4,5,13,8,6,4,20,8,16,32,15,2,3,2,2,3,2,3,12,13,12,15,15,25,52,35,0,1,3,6,2,1,12,12,8,8,12,20,19,28,29,2,3,6,12,27,2,2,2,2,2,2,1,1,1,4,4,3,14,12,12
2018,6,3,3,1,3,6,3,0,11,2,25,4,15,0,42,37,0,1,1,0,6,5,0,13,5,14,5,5,15,33,55,1,0,0,0,5,0,13,2,2,15,20,12,29,50,51,4,6,11,22,43,0,0,0,5,5,4,3,2,3,10,12,11,20,20,16
2019,10,0,0,2,0,4,5,13,8,6,4,20,19,5,4,23,2,3,2,2,3,2,3,12,13,12,15,27,38,54,51,0,1,3,6,2,1,3,9,4,16,4,8,49,52,14,2,3,7,14,30,2,2,2,2,2,2,1,1,1,4,4,3,10,26,9
2020,3,2,0,3,2,5,6,7,7,7,19,17,24,49,2,14,1,0,0,5,4,4,6,6,4,5,7,4,48,30,4,2,2,2,3,1,4,0,6,9,11,1,24,5,6,1,1,2,5,11,24,1,1,1,3,3,3,5,5,4,0,3,0,53,43,36
2021,2,3,3,1,3,6,1,9,10,1,8,9,1,22,37,11,0,1,1,6,1,1,8,11,9,11,10,18,7,41,9,1,0,0,4,4,5,8,11,6,1,2,2,10,12,0,4,7,12,23,45,0,0,0,0,0,0,2,4,5,7,8,7,2,1,2
2022,9,3,3,2,5,3,4,6,6,10,2,23,20,2,44,49,0,1,1,6,1,1,8,1,8,25,13,21,41,11,24,1,0,0,4,4,5,5,7,3,2,26,0,53,47,30,3,5,10,18,34,0,0,0,0,0,0,10,4,10,16,16,16,39,41,43
2023,11,0,0,2,0,4,5,13,8,6,4,20,19,34,4,23,2,3,2,2,3,2,3,2,2,2,2,2,43,2,42,0,1,3,6,2,1,3,9,4,16,4,8,49,52,14,2,3,6,12,26,2,2,2,2,2,2,1,1,1,1,1,2,10,26,32
2024,8,3,3,2,5,3,4,6,12,9,10,15,20,32,19,12,0,1,1,4,6,1,12,9,7,7,9,16,8,20,7,1,0,0,4,4,5,5,1,0,22,16,15,43,38,28,3,5,10,17,33,0,0,0,0,0,0,6,6,6,15,15,15,16,13,13
2025,6,3,3,1,3,6,3,0,11,11,26,4,27,42,14,25,0,1,1,0,6,5,0,7,5,0,17,11,47,53,11,1,0,0,0,5,0,4,8,1,9,8,13,2,1,1,4,6,11,21,39,0,0,0,5,5,4,9,10,3,9,11,10,3,2,1
2026,1,3,3,1,3,6,3,0,11,2,15,26,15,45,31,54,0,1,1,0,6,5,0,13,5,14,5,5,15,33,6,1,0,0,0,5,0,13,2,2,15,20,12,2,1,1,4,7,14,26,53,0,0,0,5,5,4,3,2,3,10,12,11,32,30,35
2027,1,2,2,3,4,0,2,5,0,3,6,0,5,41,10,34,1,0,0,1,0,6,5,0,6,6,0,6,6,36,37,2,2,2,3,1,4,7,0,5,6,7,11,35,33,35,1,1,2,2,3,1,1,1,4,4,5,4,3,2,27,27,27,36,32,42
2028,6,3,3,1,3,6,3,0,11,2,25,4,15,0,42,37,0,1,1,0,6,5,0,13,5,14,5,5,15,33,55,1,0,0,0,5,0,13,2,2,15,20,12,29,50,51,4,6,11,22,43,0,0,0,5,5,4,3,2,3,10,12,11,20,20,16
2029,14,3,3,2,5,3,4,8,9,4,0,14,13,18,3,16,0,1,1,6,1,1,13,1,8,16,1,14,34,35,40,1,0,0,4,4,5,5,7,3,0,13,7,2,1,1,1,1,2,6,14,0,0,0,0,0,0,2,8,7,20,21,21,31,29,34
2030,3,1,2,0,1,0,0,1,7,7,6,17,11,37,30,33,1,2,0,1,2,0,1,4,0,23,16,13,33,34,18,2,2,2,5,6,3,5,5,3,24,0,26,46,39,42,1,1,2,2,5,1,1,1,1,1,1,0,0,0,26,10,9,38,36,38
2031,8,3,3,1,3,6,1,8,9,7,0,15,24,36,9,10,0,1,1,4,6,1,12,9,7,7,9,16,36,42,45,1,0,0,4,4,5,5,7,3,0,19,23,34,13,12,4,7,14,26,52,0,0,0,0,0,0,6,6,6,15,15,15,51,51,51
2032,2,3,3,1,3,6,1,8,9,4,20,11,13,4,12,45,0,1,1,6,1,1,8,11,9,25,13,9,21,31,50,1,0,0,4,4,5,5,7,3,2,26,0,7,34,20,1,1,2,7,17,0,0,0,0,0,0,2,4,5,18,14,19,12,14,10
2033,3,1,2,0,2,5,6,7,7,7,19,2,24,49,2,14,1,2,0,1,2,0,1,4,0,23,16,13,33,34,18,2,2,2,5,6,3,5,5,3,24,0,26,51,31,17,1,1,2,3,6,1,1,1,1,1,1,0,0,0,26,26,26,44,45,45
2034,3,1,2,0,4,0,2,1,7,7,6,17,24,37,30,24,1,2,0,1,2,0,1,4,0,1,4,22,53,48,17,2,2,2,5,6,3,5,5,3,4,19,23,32,29,18,1,1,2,2,5,1,1,1,1,1,1,0,0,0,13,10,9,43,16,41
2035,13,2,0,3,2,5,6,7,13,13,12,2,14,35,15,14,1,0,0,5,4,4,6,6,4,5,23,24,26,24,29,2,2,2,3,1,4,0,6,9,18,22,21,14,25,31,1,2,5,11,23,1,1,1,3,3,3,5,5,4,0,25,0,24,22,19
2036,14,2,0,3,2,6,6,8,5,13,23,22,2,30,39,39,1,0,0,5,4,4,10,6,4,21,14,17,14,18,41,2,2,2,3,1,4,5,7,3,15,20,12,2,1,1,1,2,4,9,21,0,0,0,5,5,3,3,2,3,10,12,11,20,20,16
2037,11,0,0,2,0,4,5,13,8,6,4,20,19,34,41,23,2,3,2,2,3,2,3,2,2,2,2,2,16,39,44,0,1,3,6,2,1,3,9,4,16,4,8,3,7,2,2,3,6,12,26,2,2,2,2,2,2,1,1,1,1,1,2,8,15,17
2038,5,1,2,0,1,2,0,2,2,0,5,27,12,50,25,13,1,2,0,1,2,0,11,4,11,26,20,10,12,10,13,2,2,2,5,6,3,2,3,12,10,11,17,12,45,16,1,1,1,1,2,1,1,1,1,1,1,0,0,0,3,7,6,15,10,6
2039,14,2,0,3,2,5,6,7,5,13,23,22,2,6,40,2,1,0,0,5,4,4,10,6,4,21,14,17,14,18,41,2,2,2,3,1,4,0,6,9,12,9,4,4,10,52,1,2,4,9,20,1,1,1,3,3,3,8,9,9,8,9,8,4,5,4
2040,8,3,3,2,5,3,4,3,12,9,10,24,9,55,53,8,0,1,1,4,6,1,7,9,7,19,22,7,17,45,15,1,0,0,4,4,5,11,1,0,25,5,1,40,55,41,3,5,10,20,37,0,0,0,0,0,0,6,6,6,12,13,13,6,9,8
2041,11,0,0,2,0,4,5,12,3,6,3,7,4,3,46,9,2,3,2,2,3,2,3,2,2,2,2,2,44,43,16,0,1,3,6,2,1,3,9,4,16,4,8,27,7,2,2,3,7,13,28,2,2,2,2,2,2,1,1,1,1,1,2,23,15,25
2042,9,3,3,2,5,3,4,6,6,10,22,5,3,15,43,19,0,1,1,4,6,1,9,10,10,10,8,8,10,14,10,1,0,0,1,0,6,9,13,11,14,6,9,15,19,8,3,5,9,16,32,0,3,0,0,0,0,12,12,12,21,20,20,17,17,14
2043,4,1,2,0,1,2,0,1,7,7,11,3,24,33,16,10,1,2,0,1,2,0,1,4,0,23,19,13,28,51,30,2,2,2,5,6,3,5,5,3,4,19,23,23,4,1,1,1,2,4,12,1,1,1,1,1,1,0,0,0,11,7,18,22,18,39
2044,14,2,0,3,2,5,6,7,5,13,23,22,2,6,40,39,1,0,0,5,4,4,10,6,4,21,14,17,14,18,41,2,2,2,3,1,4,0,6,9,12,9,4,4,10,52,1,2,4,9,20,1,1,1,3,3,3,8,9,9,8,9,8,4,5,4
2045,10,0,0,2,0,4,5,13,8,6,4,20,19,5,41,23,2,3,2,2,3,2,3,12,13,2,21,2,16,26,44,0,1,3,6,2,1,3,9,4,16,4,8,49,1,14,2,3,6,12,26,2,2,2,2,2,2,1,1,1,23,22,23,25,23,22
2046,10,0,0,2,0,4,5,13,8,6,4,20,19,44,26,7,2,3,2,2,3,2,3,12,13,17,26,19,22,16,20,0,1,3,6,2,1,10,4,10,21,18,19,9,22,37,2,3,6,12,25,2,2,2,2,2,2,13,13,13,23,22,23,25,23,22
2047,3,1,2,3,2,5,6,11,4,13,19,17,24,36,52,10,1,2,0,1,2,0,1,4,0,1,27,22,28,4,34,2,2,2,5,6,3,0,6,9,4,19,23,48,1,43,1,1,2,3,6,1,1,1,1,1,1,0,0,0,3,10,9,37,38,33
2048,2,3,3,1,3,6,1,9,10,1,8,9,1,22,37,41,0,1,1,6,1,1,8,11,9,11,10,18,7,41,9,1,0,0,4,4,5,8,11,6,1,2,2,10,12,0,4,7,12,23,46,0,0,0,0,0,0,2,4,5,7,8,7,2,1,2
2049,8,3,3,2,5,3,4,6,12,9,10,15,20,32,19,12,0,1,1,4,6,1,12,9,7,7,9,16,8,20,7,1,0,0,4,4,5,5,1,0,22,16,15,43,38,28,3,5,10,17,33,0,0,0,0,0,0,6,6,6,15,15,15,16,13,13
2050,2,3,3,1,3,6,1,9,10,1,8,9,1,22,37,11,0,1,1,6,1,1,8,11,9,11,10,18,7,41,9,1,0,0,4,4,5,8,11,6,1,2,2,10,12,0,4,7,12,23,45,0,0,0,0,0,0,2,4,5,7,8,7,2,1,2
2051,10,0,0,2,0,4,5,13,8,6,4,20,19,5,21,23,2,3,2,2,3,2,3,12,13,17,21,27,2,26,2,0,1,3,6,2,1,12,12,8,8,12,20,44,54,10,2,3,7,14,30,2,2,2,2,2,2,1,1,1,4,4,3,19,21,18
2052,10,0,0,2,0,4,5,13,8,6,4,20,8,16,32,30,2,3,2,2,3,2,3,12,13,12,15,27,2,19,2,0,1,3,6,2,1,12,12,8,8,12,20,44,54,10,2,3,6,12,27,2,2,2,2,2,2,1,1,1,4,4,3,19,21,18
2053,3,1,2,0,1,2,0,11,7,7,6,17,18,37,52,24,1,2,0,1,2,0,1,4,0,1,4,22,53,48,17,2,2,2,5,6,3,5,5,3,4,19,23,32,29,18,1,1,2,2,5,1,1,1,1,1,1,0,0,0,13,10,9,43,16,41
2054,6,3,3,1,3,6,3,0,11,2,25,26,15,0,42,37,0,1,1,0,6,5,0,13,5,14,5,5,15,33,55,1,0,0,0,5,0,13,2,2,15,20,12,29,50,51,4,6,11,22,43,0,0,0,5,5,4,3,2,3,10,12,11,20,20,16
2055,11,0,0,2,0,4,5,13,8,6,4,20,19,34,4,30,2,3,2,2,3,2,3,2,2,2,2,2,43,2,42,0,1,3,6,2,1,3,9,4,16,4,8,3,7,2,2,3,6,12,26,2,2,2,2,2,2,1,1,1,1,1,2,23,15,25
2056,14,2,0,3,2,5,6,7,5,13,23,22,2,30,7,39,1,0,0,5,4,4,6,6,4,5,7,4,48,30,53,2,2,2,3,1,4,0,6,9,11,1,24,5,6,48,1,2,4,9,21,1,1,1,3,3,3,5,5,4,8,3,8,20,20,16
2057,3,1,2,0,1,2,0,1,4,7,19,3,10,49,45,36,1,2,0,1,2,0,1,4,0,22,19,0,29,15,0,2,2,2,5,6,3,5,5,3,7,27,5,42,51,49,1,1,2,5,13,1,1,1,1,1,1,0,0,0,14,18,14,30,28,30
2058,11,0,0,2,0,4,5,12,3,6,3,7,4,47,46,9,2,3,2,2,3,2,3,2,2,2,2,2,43,2,42,0,1,3,6,2,1,3,9,4,16,4,8,49,52,14,2,3,6,12,26,2,2,2,2,2,2,1,1,1,1,1,2,10,8,9
2059,13,2,0,3,2,5,6,7,13,13,12,2,11,35,15,43,1,0,0,5,4,4,6,6,4,5,23,24,26,6,29,2,2,2,3,1,4,0,6,9,24,0,26,46,39,42,1,1,2,7,17,1,1,1,3,3,3,5,5,4,0,25,0,24,22,19
2060,13,2,0,3,2,5,6,7,13,13,12,2,14,35,15,43,1,0,0,5,4,4,6,6,4,5,23,24,26,24,29,2,2,2,3,1,4,0,6,9,18,22,21,14,25,31,1,2,5,10,22,1,1,1,3,3,3,5,5,4,0,25,0,24,22,19
2061,8,0,3,2,5,3,5,6,12,9,10,15,20,32,19,12,0,1,1,4,6,1,12,9,7,7,9,16,8,20,7,1,0,0,4,4,5,5,7,3,22,16,15,2,1,1,2,3,6,12,26,0,0,0,0,0,0,6,6,6,15,15,15,16,13,13
2062,10,0,0,2,0,4,5,13,8,6,4,20,19,44,26,7,2,3,2,2,3,2,3,12,13,17,26,19,22,16,20,0,1,3,6,2,1,10,4,10,21,18,19,9,22,37,2,3,6,12,25,2,2,2,2,2,2,13,13,13,23,22,23,25,23,22
2063,9,3,3,2,5,3,4,6,6,10,22,6,3,15,43,19,0,1,1,4,6,1,9,10,10,10,8,8,10,14,10,1,0,0,1,0,6,9,13,11,14,6,9,15,19,8,3,5,9,16,32,0,3,0,0,0,0,12,12,12,21,20,20,17,17,14
2064,9,3,3,2,5,3,4,6,6,10,2,23,20,17,8,16,0,1,1,6,1,1,8,1,8,24,18,21,27,22,21,1,0,0,4,4,5,5,7,3,26,21,25,50,8,32,3,5,10,18,35,0,0,0,0,0,0,10,8,10,16,19,16,26,25,23
2065,3,1,2,0,1,2,0,11,4,7,19,16,18,26,52,24,1,2,0,1,2,0,1,4,0,1,4,22,35,48,17,2,2,2,5,6,3,5,5,3,4,19,23,32,29,18,1,1,2,3,6,1,1,1,1,1,1,0,0,0,13,10,9,13,16,24
2066,7,3,3,2,5,3,4,6,6,9,0,21,20,48,24,49,0,1,1,6,1,1,2,8,1,20,6,25,32,13,25,1,0,0,4,4,5,5,7,3,17,10,22,16,43,26,4,7,13,25,48,0,0,0,0,0,0,7,7,8,25,24,25,27,27,26
2067,14,3,0,1,3,6,1,8,9,4,20,14,13,18,28,46,0,1,1,6,1,1,13,1,12,18,1,14,19,1,19,1,0,0,4,4,5,5,7,3,23,14,16,21,15,11,4,7,14,28,55,0,0,0,2,0,3,2,8,7,20,21,21,40,42,40
2068,11,0,0,2,0,4,5,13,8,6,4,20,19,34,41,30,2,3,2,2,3,2,3,2,2,2,2,2,16,39,44,0,1,3,6,2,1,3,9,4,16,4,8,3,7,2,2,3,6,12,26,2,2,2,2,2,2,1,1,1,1,1,2,23,15,25
2069,11,0,0,2,0,4,5,12,3,6,3,7,4,47,46,5,2,3,2,2,3,2,3,2,2,2,2,2,43,2,42,0,1,3,6,2,1,3,9,4,16,4,8,49,52,14,2,3,7,13,28,2,2,2,2,2,2,1,1,1,1,1,2,10,26,9
2070,10,0,0,2,0,4,5,13,8,6,4,20,19,13,21,30,2,3,2,2,3,2,3,12,13,12,15,15,25,19,35,0,1,3,6,2,1,12,12,8,8,12,20,49,52,14,2,3,6,12,27,2,2,2,2,2,2,1,1,1,4,4,3,14,12,12
2071,11,0,0,2,0,4,5,12,3,6,3,7,4,38,48,5,2,3,2,2,3,2,3,2,2,2,2,2,43,2,42,0,1,3,6,2,1,3,9,4,16,4,8,49,52,14,2,3,7,13,28,2,2,2,2,2,2,1,1,1,1,1,2,10,26,25
2072,10,0,0,2,0,4,5,10,3,6,3,7,4,5,29,9,2,3,2,2,3,2,3,2,2,2,2,2,43,2,42,0,1,3,6,2,1,3,9,4,16,4,8,49,52,14,2,3,7,14,30,2,2,2,2,2,2,1,1,1,1,1,2,8,8,17
2073,6,3,3,1,3,6,3,0,11,11,26,4,27,42,14,25,0,1,1,0,6,5,0,7,5,0,17,11,42,32,11,1,0,0,0,5,0,4,8,1,27,23,18,47,26,34,4,6,11,21,40,0,0,0,5,5,4,9,10,3,9,11,10,3,2,1
2074,9,3,3,2,5,3,4,6,6,10,2,23,20,2,44,49,0,1,1,6,1,1,8,1,8,25,13,21,41,11,24,1,0,0,4,4,5,5,7,3,2,26,0,53,47,30,3,5,10,18,34,0,0,0,0,0,0,10,4,10,16,16,16,39,41,43
2075,7,3,3,1,3,6,1,8,10,8,18,1,22,52,50,4,0,1,1,6,1,1,2,8,1,15,6,23,20,37,28,1,0,0,4,4,5,1,7,13,0,13,7,36,18,50,4,7,13,25,49,0,0,0,0,0,0,7,7,8,5,5,5,34,34,37
2076,13,2,0,3,2,5,6,7,13,13,7,12,14,21,7,31,1,0,0,5,4,4,6,6,4,5,7,4,48,30,4,2,2,2,3,1,4,0,6,9,11,1,24,5,6,48,1,2,5,11,24,1,1,1,3,3,3,5,5,4,0,3,0,0,0,0
2077,9,3,3,2,5,3,4,6,6,10,22,5,3,15,43,19,0,1,1,4,6,1,9,10,10,10,8,8,10,14,10,1,0,0,1,0,6,9,13,11,14,6,9,15,19,8,3,5,9,16,32,0,3,0,0,0,0,12,12,12,21,20,20,17,17,14
2078,3,1,2,0,1,2,0,1,7,7,19,3,11,49,30,33,1,2,0,1,2,0,1,4,0,23,16,13,33,34,18,2,2,2,5,6,3,5,5,3,24,0,26,46,39,42,1,1,2,7,17,1,1,1,1,1,1,0,0,0,26,26,26,38,36,38
2079,1,3,3,1,3,6,3,0,11,12,16,26,27,46,49,17,0,1,1,0,6,5,0,7,5,0,17,11,0,9,52,1,0,0,0,5,0,4,8,1,9,8,13,18,0,53,4,7,14,26,53,0,0,0,5,5,4,9,10,3,9,11,10,3,2,1
2080,8,3,3,2,5,3,4,6,12,9,10,24,20,40,18,49,0,1,1,4,6,1,12,9,7,7,9,16,23,49,47,1,0,0,4,4,5,5,1,0,5,24,27,20,42,23,3,5,10,20,38,0,0,0,0,0,0,10,8,10,22,16,22,41,35,15
2081,3,1,2,0,1,2,0,1,7,7,6,17,11,37,30,33,1,2,0,1,2,0,1,4,0,23,16,13,33,34,18,2,2,2,5,6,3,5,5,3,24,0,26,46,39,42,1,1,2,7,17,1,1,1,1,1,1,0,0,0,26,26,26,38,36,38
2082,8,3,3,2,5,3,4,3,12,9,2,24,9,55,53,8,0,1,1,4,6,1,7,9,7,19,22,7,17,45,15,1,0,0,4,4,5,11,1,0,25,5,1,40,55,41,3,5,10,20,37,0,0,0,0,0,0,6,6,6,12,13,13,6,9,8
2083,10,0,0,2,0,4,5,13,8,6,4,20,8,16,32,15,2,3,2,2,3,2,3,12,13,12,15,15,25,19,35,0,1,3,6,2,1,12,12,8,8,12,20,44,54,10,2,3,6,12,27,2,2,2,2,2,2,1,1,1,4,4,3,14,12,12
2084,12,2,0,3,4,0,2,5,0,3,14,19,23,31,0,34,1,0,0,1,0,6,5,0,6,6,0,6,31,0,39,2,2,2,3,1,4,7,0,5,6,7,11,1,3,5,1,2,3,8,18,1,1,1,4,4,5,4,3,2,2,0,1,1,4,5
2085,10,0,0,2,0,4,5,10,8,6,27,20,8,13,21,15,2,3,2,2,3,2,3,12,13,12,15,27,2,26,2,0,1,3,6,2,1,12,12,8,8,12,20,44,54,10,2,3,6,12,27,2,2,2,2,2,2,1,1,1,4,4,3,19,21,18
2086,8,3,3,1,5,3,4,3,12,9,10,24,9,55,53,8,0,1,1,4,6,1,12,9,7,7,9,16,39,28,31,1,0,0,4,4,5,11,1,0,5,24,27,40,48,40,3,5,10,20,38,0,0,0,0,0,0,6,6,6,22,16,22,33,37,15
2087,8,3,3,2,5,3,4,3,12,9,10,24,9,7,53,8,0,1,1,4,6,1,7,9,7,19,22,7,17,45,15,1,0,0,4,4,5,11,1,0,5,24,27,40,48,40,3,5,10,20,37,0,0,0,0,0,0,6,6,6,12,13,13,6,9,8
2088,13,2,0,3,2,5,6,7,13,13,12,2,14,21,2,14,1,0,0,5,4,4,6,6,4,5,23,24,26,6,29,2,2,2,3,1,4,0,6,9,11,1,24,5,6,48,1,2,5,11,23,1,1,1,3,3,3,5,5,4,0,3,0,0,0,0
2089,1,3,3,1,3,6,1,8,9,12,15,26,13,46,55,38,0,1,1,6,1,1,13,5,12,9,12,12,9,29,27,1,0,0,4,4,5,5,7,3,0,13,7,55,14,44,4,7,14,26,53,0,0,0,0,0,4,3,2,7,6,6,4,5,3,3
2090,10,0,0,2,0,4,5,13,8,6,4,20,19,44,26,7,2,3,2,2,3,2,3,12,13,17,26,19,22,16,20,0,1,3,6,2,1,10,4,10,21,18,19,9,22,37,2,3,6,12,25,2,2,2,2,2,2,13,13,13,23,22,23,25,23,22
2091,10,0,0,2,0,4,5,10,3,6,27,7,8,43,33,15,2,3,2,2,3,2,3,12,13,12,15,15,25,52,35,0,1,3,6,2,1,12,12,8,8,12,20,19,28,29,2,3,7,14,29,2,2,2,2,2,2,1,1,1,4,4,3,14,12,12
2092,2,3,3,1,3,6,1,9,10,1,8,9,1,22,37,41,0,1,1,6,1,1,8,11,9,11,10,18,7,41,9,1,0,0,4,4,5,8,11,6,1,2,2,10,12,0,4,7,12,23,46,0,0,0,0,0,0,2,4,5,7,8,7,2,1,2
2093,7,3,3,1,3,6,1,8,10,8,18,25,22,54,34,4,0,1,1,6,1,1,2,8,1,15,24,1,13,21,1,1,0,0,4,4,5,1,7,13,13,17,10,8,20,47,4,7,13,24,47,0,0,0,0,0,0,7,7,8,5,5,5,7,6,7
2094,5,1,2,0,1,2,0,1,7,7,13,5,25,15,43,19,0,1,1,4,6,1,9,10,10,10,8,8,10,14,10,1,0,0,1,0,6,9,13,11,14,6,9,15,19,8,1,1,2,6,15,0,3,0,0,0,0,12,12,12,21,20,20,17,17,14
2095,4,1,2,0,1,2,0,11,7,7,21,16,6,33,54,53,1,2,0,1,2,0,1,4,0,27,19,20,24,23,23,2,2,2,5,6,3,5,5,3,4,19,23,6,9,6,1,1,2,4,10,1,1,1,1,1,1,0,0,0,11,2,18,22,18,20
2096,3,1,2,3,4,0,2,11,7,3,6,17,5,37,52,24,1,0,0,1,0,6,5,0,6,6,0,6,6,36,37,2,2,2,3,1,4,5,5,3,4,19,23,32,29,18,1,1,2,2,4,1,1,1,1,1,1,0,0,0,13,10,9,13,16,36
2097,5,1,2,0,1,2,0,2,4,0,17,8,17,20,17,22,1,2,0,1,2,0,11,4,11,13,11,26,37,44,36,2,2,2,5,6,3,2,3,12,4,19,23,45,37,33,1,1,1,1,1,1,1,1,1,1,1,0,0,0,3,7,6,21,31,6
2098,2,3,3,1,3,6,1,8,9,4,20,11,13,4,12,45,0,1,1,6,1,1,8,11,9,25,13,9,21,31,50,1,0,0,4,4,5,5,7,3,2,26,0,7,34,20,4,7,14,27,54,0,0,0,0,0,0,2,4,5,18,14,19,12,14,10
2099,9,3,3,2,5,3,4,6,6,10,2,23,20,2,18,16,0,1,1,6,1,1,8,1,8,24,18,21,27,47,8,1,0,0,4,4,5,5,7,3,26,21,25,37,2,38,3,5,10,18,35,0,0,0,0,0,0,10,8,10,16,19,16,26,25,23
2100,14,2,0,3,2,5,6,7,5,13,23,22,2,6,40,2,1,0,0,5,4,4,10,6,4,21,14,17,14,18,41,2,2,2,3,1,4,0,6,9,12,9,4,4,10,52,1,2,4,9,20,1,1,1,3,3,3,8,9,9,8,9,8,4,5,4
2101,7,3,3,1,3,6,1,8,9,4,20,11,13,4,12,45,0,1,1,6,1,1,8,11,9,25,13,9,21,31,50,1,0,0,4,4,5,5,7,3,2,26,0,7,34,20,4,7,14,27,54,0,0,0,0,0,0,2,4,5,18,14,19,12,14,10
2102,7,3,3,1,3,6,1,9,10,8,18,21,22,48,24,4,0,1,1,6,1,1,2,8,1,20,6,25,32,13,25,1,0,0,4,4,5,1,7,13,17,10,22,16,43,26,4,7,12,23,44,0,0,0,0,0,0,7,7,8,25,24,25,27,27,26
2103,12,2,0,3,4,0,2,5,0,3,14,13,23,53,20,34,1,0,0,1,0,6,5,0,6,6,0,6,31,38,5,2,2,2,3,1,4,7,0,5,6,7,11,1,3,5,1,2,3,8,19,1,1,1,4,4,5,4,3,2,2,0,1,11,7,29
2104,10,0,0,2,0,4,5,13,8,6,4,20,19,16,21,30,2,3,2,2,3,2,3,12,13,12,15,27,2,26,2,0,1,3,6,2,1,12,12,8,8,12,20,44,54,10,2,3,6,12,27,2,2,2,2,2,2,1,1,1,4,4,3,19,21,18
2105,12,2,0,3,4,0,2,5,0,3,14,19,23,53,20,44,1,0,0,1,0,6,5,0,6,6,0,6,31,0,26,2,2,2,3,1,4,7,0,5,6,7,11,1,3,5,1,2,3,8,18,1,1,1,4,4,5,4,3,2,2,0,1,1,7,28
2106,14,2,2,1,3,6,1,8,9,4,20,14,13,18,39,52,0,1,1,6,1,1,13,1,8,16,1,14,34,35,40,1,0,0,4,4,5,5,7,3,0,13,7,0,32,39,4,7,14,28,56,0,0,0,0,0,0,2,8,7,20,21,21,31,29,34
2107,8,3,3,2,5,3,4,6,12,9,10,24,20,40,18,49,0,1,1,4,6,1,12,9,7,7,9,16,23,49,47,1,0,0,4,4,5,5,1,0,5,24,27,20,42,23,3,5,10,20,38,0,0,0,0,0,0,10,8,10,22,16,22,41,35,15
2108,5,1,2,0,1,2,0,1,7,7,19,3,24,49,30,36,1,2,0,1,2,0,1,4,0,23,16,13,33,34,18,2,2,2,5,6,3,5,5,3,24,0,26,2,1,1,1,1,2,7,16,1,1,1,1,1,1,0,0,0,26,26,26,44,45,45
2109,1,3,3,1,3,6,1,8,9,12,15,26,13,46,55,54,0,1,1,6,1,1,13,5,12,9,12,12,9,29,48,2,2,2,4,4,5,5,7,3,0,13,7,55,14,9,4,7,14,26,52,0,0,0,0,0,4,3,2,7,6,6,4,5,3,3
2110,1,3,3,1,3,6,1,8,9,12,16,26,13,46,55,54,0,1,1,6,1,1,13,5,12,9,12,12,9,29,27,1,0,0,4,4,5,5,7,3,0,13,7,55,14,44,4,7,14,26,53,0,0,0,0,0,4,3,2,7,6,6,4,5,3,3
2111,4,1,2,0,1,2,0,1,7,7,11,3,26,8,16,55,1,2,0,1,2,0,1,4,0,8,19,20,18,46,22,2,2,2,5,6,3,5,5,3,4,19,23,6,9,6,1,1,2,4,11,1,1,1,1,1,1,0,0,0,11,2,12,43,33,41
2112,7,3,3,1,3,6,1,8,10,8,18,25,22,19,34,4,0,1,1,6,1,1,2,8,1,15,24,1,13,21,1,1,0,0,4,4,5,1,7,13,13,17,10,8,20,47,4,7,13,24,47,0,0,0,0,0,0,7,7,8,5,5,5,7,6,7
2113,14,2,0,3,2,5,6,7,5,13,23,22,2,30,40,39,1,0,0,5,4,4,10,6,4,21,14,17,14,18,41,2,2,2,3,1,4,0,6,9,12,9,4,4,10,52,1,2,4,9,21,1,1,1,3,3,3,8,9,9,8,9,8,4,5,4
2114,5,1,2,0,1,2,0,1,7,7,13,3,25,23,3,26,1,2,0,1,2,0,1,4,0,23,16,13,45,27,43,2,2,2,5,6,3,5,5,3,24,0,26,26,21,25,1,1,2,6,14,1,1,1,1,1,1,0,0,0,24,23,24,18,19,21
2115,7,3,3,1,3,6,1,8,9,12,16,1,13,46,1,54,0,1,1,6,1,1,2,8,1,15,6,23,20,37,28,1,0,0,4,4,5,1,7,13,0,13,7,33,46,4,4,7,13,25,49,0,0,0,0,0,0,7,7,8,5,5,5,34,34,37
2116,14,2,0,3,3,6,1,8,9,4,20,14,13,18,28,46,0,1,1,6,1,1,13,1,12,18,1,14,19,1,19,2,2,2,4,4,5,5,7,3,23,14,16,21,15,11,4,7,14,28,55,0,0,0,2,0,3,2,8,7,20,21,21,40,42,40
2117,14,3,0,1,3,6,1,8,9,4,20,14,13,18,28,46,0,1,1,6,1,1,13,1,12,18,1,14,19,1,19,1,0,0,4,4,5,5,7,3,23,14,16,21,15,11,4,7,14,28,55,0,0,0,2,0,3,2,8,7,20,21,21,40,42,40
2118,10,0,0,2,0,4,5,13,8,6,4,20,19,34,41,30,2,3,2,2,3,2,3,12,13,12,21,27,2,26,2,0,1,3,6,2,1,5,12,3,8,12,20,44,54,10,2,3,6,12,27,2,2,2,2,2,2,1,1,1,4,4,3,19,21,18
2119,4,1,2,0,1,2,0,11,7,7,21,16,6,33,54,35,1,2,0,1,2,0,1,4,0,27,19,20,24,23,23,2,2,2,5,6,3,5,5,3,4,19,23,6,9,6,1,1,2,4,10,1,1,1,1,1,1,0,0,0,11,2,18,22,18,20
2120,8,3,3,2,5,3,4,3,12,9,2,24,9,55,53,8,0,1,1,4,6,1,7,9,7,19,22,7,17,45,15,1,0,0,4,4,5,11,1,0,5,24,27,40,48,40,3,5,10,20,37,0,0,0,0,0,0,6,6,6,12,13,13,6,9,8
2121,4,1,2,0,1,2,0,1,7,7,11,3,26,8,16,55,1,2,0,1,2,0,1,4,0,23,16,13,18,51,30,2,2,2,5,6,3,5,5,3,24,0,26,6,9,6,1,1,2,7,16,1,1,1,1,1,1,0,0,0,11,2,26,44,45,45
2122,9,3,3,2,5,3,4,6,12,10,10,15,20,2,44,49,0,1,1,6,1,1,8,1,8,25,13,21,41,11,24,1,0,0,4,4,5,5,7,3,2,26,0,53,47,30,3,5,10,18,34,0,0,0,0,0,0,10,4,10,16,16,16,39,41,43
2123,7,3,3,1,3,6,1,8,10,8,18,25,22,19,35,4,0,1,1,6,1,1,2,8,1,15,24,1,13,21,1,1,0,0,4,4,5,1,7,13,13,17,10,8,20,47,4,7,13,24,47,0,0,0,0,0,0,7,7,8,5,5,5,7,6,7
2124,14,2,0,3,2,5,6,7,5,13,23,22,2,6,40,2,1,0,0,5,4,4,10,6,4,21,14,17,14,18,14,2,2,2,3,1,4,0,6,9,12,9,4,4,10,52,1,2,4,9,20,1,1,1,3,3,3,8,9,9,8,9,8,4,5,4
2125,4,1,2,0,1,2,0,1,7,7,11,3,10,49,45,36,1,2,0,1,2,0,1,4,0,22,19,0,29,15,0,2,2,2,5,6,3,5,5,3,7,27,5,42,51,49,1,1,2,5,13,1,1,1,1,1,1,0,0,0,14,18,14,30,28,30
2126,9,3,3,2,5,3,4,6,6,10,22,6,3,15,43,19,0,1,1,4,6,1,9,10,10,10,8,8,10,14,10,1,0,0,1,0,6,9,13,11,14,6,9,15,19,8,3,5,9,16,32,0,3,0,0,0,0,12,12,12,21,20,20,17,17,14
2127,11,0,0,2,0,4,5,12,3,6,3,7,4,47,46,9,2,3,2,2,3,2,3,2,2,2,2,2,43,2,42,0,1,3,6,2,1,3,9,4,16,4,8,49,52,14,2,3,7,13,28,2,2,2,2,2,2,1,1,1,1,1,2,8,8,9
2128,12,2,0,3,4,0,2,5,0,3,14,19,23,53,20,44,1,0,0,1,0,6,5,0,6,6,0,6,31,38,5,2,2,2,3,1,4,7,0,5,6,7,11,1,3,5,1,2,3,8,18,1,1,1,4,4,5,4,3,2,2,0,1,11,7,5
2129,11,0,0,2,0,4,5,12,3,6,3,7,4,3,48,5,2,3,2,2,3,2,3,2,2,2,2,2,44,43,16,0,1,3,6,2,1,3,9,4,16,4,8,27,36,36,2,3,7,13,28,2,2,2,2,2,2,1,1,1,1,1,2,8,8,17
2130,4,1,2,0,1,2,0,11,7,7,21,16,6,33,54,35,1,2,0,1,2,0,1,4,0,27,19,20,24,23,23,2,2,2,5,6,3,5,5,3,4,19,23,6,9,6,1,1,2,4,10,1,1,1,1,1,1,0,0,0,11,2,18,22,18,20
2131,4,1,2,0,1,2,0,11,4,7,21,16,6,26,54,53,1,2,0,1,2,0,1,4,0,27,19,20,24,23,23,2,2,2,5,6,3,5,5,3,4,19,23,31,44,19,1,1,2,4,9,1,1,1,1,1,1,0,0,0,11,2,18,45,48,48
2132,8,3,3,2,5,3,4,3,6,9,2,23,9,29,5,40,0,1,1,4,6,1,7,9,7,19,22,7,51,8,33,1,0,0,4,4,5,11,1,0,25,5,1,22,17,24,3,5,10,19,36,0,0,0,0,0,0,6,6,6,12,13,13,6,9,8
2133,1,3,3,1,3,6,1,8,9,12,0,26,13,46,55,54,0,1,1,6,1,1,13,5,12,9,12,12,9,29,27,1,0,0,4,4,5,5,7,3,0,13,7,55,14,44,4,7,14,26,52,0,0,0,0,0,4,3,2,7,6,6,4,5,3,3
2134,13,2,0,3,2,5,6,7,13,13,12,2,14,21,2,14,1,0,0,5,4,4,6,6,4,5,7,4,48,30,4,2,2,2,3,1,4,0,6,9,11,1,24,5,6,48,1,2,5,11,24,1,1,1,3,3,3,5,5,4,0,3,0,0,0,0
2135,1,2,0,3,2,5,6,8,9,12,15,26,13,46,39,54,0,1,1,6,1,1,13,5,12,9,12,12,9,29,48,2,2,2,4,4,5,5,7,3,0,13,7,55,1,9,4,7,14,26,52,0,0,0,0,0,4,3,2,7,6,6,4,31,29,34
2136,3,1,2,0,1,2,0,1,7,7,6,17,11,49,30,33,1,2,0,1,2,0,1,4,0,23,16,13,33,34,18,2,2,2,5,6,3,5,5,3,24,0,26,46,39,42,1,1,2,7,17,1,1,1,1,1,1,0,0,0,26,26,26,38,36,38
2137,12,2,0,3,4,0,2,5,0,3,14,19,23,53,20,44,1,0,0,1,0,6,5,0,6,6,0,6,31,0,39,2,2,2,3,1,4,7,0,5,6,7,11,1,3,5,1,2,3,8,18,1,1,1,4,4,5,4,3,2,2,0,1,1,4,5
2138,8,3,3,2,5,3,4,3,12,9,0,23,20,40,8,16,0,1,1,4,6,1,12,9,7,7,9,16,39,28,31,1,0,0,4,4,5,5,7,3,5,24,27,2,48,40,3,5,10,20,38,0,0,0,0,0,0,6,6,6,22,16,22,33,37,15
2139,4,1,2,0,1,2,0,1,7,7,11,3,26,8,3,55,1,2,0,1,2,0,1,4,0,23,16,13,18,51,30,2,2,2,5,6,3,5,5,3,24,19,23,26,21,25,1,1,2,6,14,1,1,1,1,1,1,0,0,0,24,23,12,18,19,31
2140,3,1,2,0,1,2,0,11,4,7,19,17,24,36,52,10,1,2,0,1,2,0,1,4,0,1,11,20,28,25,34,2,2,2,5,6,3,5,5,3,4,19,23,2,1,1,1,1,2,3,6,1,1,1,1,1,1,0,0,0,3,10,9,45,38,33
2141,13,2,0,3,2,5,6,7,13,13,7,12,14,21,2,27,1,0,0,5,4,4,6,6,4,5,7,4,5,30,54,2,2,2,3,1,4,0,6,9,11,1,24,5,6,48,1,2,5,11,24,1,1,1,3,3,3,5,5,4,0,3,0,0,0,0
2142,12,2,0,3,4,0,2,5,0,3,14,19,23,53,20,44,1,0,0,1,0,6,5,0,6,6,0,6,31,0,26,2,2,2,3,1,4,7,0,5,6,7,11,1,3,5,1,2,3,8,18,1,1,1,4,4,5,4,3,2,2,0,1,1,4,28
2143,12,2,0,3,4,0,2,5,0,3,14,13,23,53,0,34,1,0,0,1,0,6,5,0,6,6,0,6,31,0,39,2,2,2,3,1,4,7,0,5,6,7,11,1,3,5,1,2,3,8,18,1,1,1,4,4,5,4,3,2,2,0,1,1,4,5
2144,9,3,1,2,6,1,4,4,1,5,9,10,7,39,13,28,3,1,3,3,5,3,4,3,3,3,3,3,3,3,3,3,3,1,2,3,2,6,10,7,3,3,6,11,11,3,3,4,8,15,31,3,0,3,6,6,6,11,11,11,17,17,17,9,11,11
2145,1,3,3,1,3,6,1,8,9,12,15,26,13,45,31,54,0,1,1,6,1,1,13,5,12,9,12,12,9,29,27,1,0,0,4,4,5,13,2,2,0,13,7,55,14,44,4,7,14,26,53,0,0,0,0,0,4,3,2,7,6,6,4,32,30,35
2146,3,1,2,0,1,2,0,1,7,7,19,17,24,8,16,10,1,2,0,1,2,0,1,4,0,8,19,20,18,46,22,2,2,2,5,6,3,5,5,3,4,19,23,6,1,1,1,1,2,4,10,1,1,1,1,1,1,0,0,0,11,2,9,44,45,36
2147,6,3,3,1,3,6,3,0,11,11,26,4,27,42,14,25,0,1,1,0,6,5,0,7,5,0,17,11,47,53,11,1,0,0,0,5,0,4,8,1,9,8,13,17,5,15,4,6,11,21,40,0,0,0,5,5,4,9,10,3,9,11,10,3,2,1
2148,9,3,3,2,5,3,4,6,6,10,2,21,20,2,18,49,0,1,1,6,1,1,8,1,8,24,18,21,27,47,8,1,0,0,4,4,5,5,7,3,26,21,25,37,2,38,4,7,13,25,50,0,0,0,0,0,0,10,8,10,16,19,16,26,25,23
2149,7,3,3,1,3,6,1,8,12,8,18,25,22,54,34,4,0,1,1,6,1,1,2,8,1,15,24,1,54,21,1,1,0,0,4,4,5,1,7,13,13,17,10,8,20,47,4,7,13,24,47,0,0,0,0,0,0,7,7,8,5,5,5,7,6,7
2150,1,3,3,1,3,6,1,8,9,12,0,26,13,46,42,54,0,1,1,0,6,5,0,13,5,14,25,5,15,17,6,1,0,0,4,4,5,13,2,2,15,20,12,2,1,44,4,7,14,26,52,0,0,0,5,5,4,3,2,3,10,12,11,20,20,16
2151,12,2,0,3,4,0,2,5,0,3,14,19,23,53,20,44,1,0,0,1,0,6,5,0,6,6,0,6,31,0,26,2,2,2,3,1,4,7,0,5,6,7,11,1,3,5,1,2,3,8,18,1,1,1,4,4,5,4,3,2,2,0,1,1,51,28
2152,5,1,2,0,1,2,0,2,2,0,5,27,12,25,25,13,1,2,0,1,2,0,11,4,11,13,11,26,37,44,36,2,2,2,5,6,3,2,5,3,4,19,23,38,4,6,1,1,1,1,2,1,1,1,1,1,1,0,0,0,3,7,6,15,39,39
2153,12,2,0,3,4,0,2,5,0,3,14,19,21,53,36,42,1,0,0,1,0,6,5,0,6,6,0,6,31,38,5,2,2,2,3,1,4,7,0,5,6,7,11,1,3,5,1,2,3,8,19,1,1,1,4,4,5,4,3,2,2,0,1,11,7,29
2154,9,3,1,2,6,1,4,4,1,5,9,10,7,39,13,28,3,1,3,3,5,3,4,3,3,3,3,3,3,3,3,3,3,1,2,3,2,6,10,7,3,3,6,11,11,3,3,4,8,15,31,3,0,3,6,6,6,11,11,11,17,17,17,9,11,11
2155,14,2,0,3,2,5,6,7,5,13,23,22,2,6,40,2,1,0,0,5,4,4,10,6,4,21,14,17,14,18,41,2,2,2,3,1,4,0,6,9,12,9,4,4,10,52,1,2,4,9,20,1,1,1,3,3,3,8,9,9,8,9,8,4,5,4
2156,9,3,3,2,5,3,4,6,6,10,22,6,3,15,43,19,0,1,1,4,6,1,9,10,10,10,8,8,10,14,10,1,0,0,1,0,6,9,13,11,14,6,9,15,19,8,3,5,9,16,32,0,3,0,0,0,0,12,12,12,21,20,20,17,17,14
2157,2,3,3,1,3,6,1,9,10,4,20,11,1,4,44,51,0,1,1,6,1,1,8,11,9,25,13,9,21,31,50,1,0,0,4,4,5,5,7,3,2,26,0,7,34,20,4,7,14,27,54,0,0,0,0,0,0,2,4,5,18,14,19,39,41,10
2158,3,1,2,0,1,2,0,1,4,7,6,17,0,36,30,48,1,2,0,1,2,0,1,4,0,1,11,22,28,25,34,2,2,2,5,6,3,5,5,3,4,19,23,48,53,1,1,1,2,3,7,1,1,1,1,1,1,0,0,0,19,10,9,37,38,33
2159,4,1,2,0,1,2,0,1,7,7,11,3,26,8,16,55,1,2,0,1,2,0,1,4,0,22,19,13,18,51,30,2,2,2,5,6,3,5,5,3,7,19,5,2,1,1,1,1,2,5,13,1,1,1,1,1,1,0,0,0,24,2,12,18,19,31
2160,5,1,2,0,1,2,0,1,7,7,1,3,25,8,30,48,1,2,0,1,2,0,1,4,0,8,11,20,11,55,22,2,2,2,5,6,3,5,5,3,4,19,23,48,53,54,1,1,2,6,15,1,1,1,1,1,1,0,0,0,19,2,12,35,49,31
2161,4,1,2,0,1,2,0,11,7,7,21,16,26,33,16,35,1,2,0,1,2,0,1,4,0,27,19,20,24,23,23,2,2,2,5,6,3,5,5,3,4,19,23,6,9,6,1,1,2,4,10,1,1,1,1,1,1,0,0,0,11,2,18,22,18,20
2162,7,3,3,1,3,6,1,9,10,8,18,25,22,19,34,4,0,1,1,6,1,1,2,8,1,15,24,1,13,21,1,1,0,0,4,4,5,1,7,13,13,17,10,8,20,47,4,7,13,24,47,0,0,0,0,0,0,7,7,8,5,5,5,7,6,7
2163,13,2,0,3,2,5,6,7,13,13,12,2,14,35,15,14,1,0,0,5,4,4,6,6,4,5,23,24,26,24,29,2,2,2,3,1,4,0,6,9,18,22,21,14,25,31,1,2,5,10,22,1,1,1,3,3,3,5,5,4,0,25,0,24,22,19
2164,7,3,3,1,3,6,1,8,10,8,18,25,22,19,34,4,0,1,1,6,1,1,2,8,1,15,24,1,13,21,1,1,0,0,4,4,5,1,7,13,13,17,10,8,20,47,4,7,13,24,47,0,0,0,0,0,0,7,7,8,5,5,5,7,6,7
2165,4,1,2,0,1,2,0,1,7,7,1,3,26,49,16,36,1,2,0,1,2,0,1,4,0,22,19,0,18,46,0,2,2,2,5,6,3,5,5,3,20,25,3,28,30,22,1,1,2,4,12,1,1,1,1,1,1,0,0,0,19,2,12,28,24,27
2166,14,3,3,1,3,6,1,8,9,4,20,14,13,18,23,52,0,1,1,6,1,1,13,1,12,16,1,14,34,35,40,1,0,0,4,4,5,5,7,3,0,13,7,0,1,39,4,7,14,28,56,0,0,0,0,0,0,2,8,7,20,21,21,31,29,34
2167,11,0,0,2,0,4,5,12,3,6,3,7,4,38,48,9,2,3,2,2,3,2,3,2,2,2,2,2,43,2,42,0,1,3,6,2,1,3,9,4,16,4,8,27,36,36,2,3,7,13,28,2,2,2,2,2,2,1,1,1,1,1,2,8,8,9
2168,14,3,3,2,3,6,4,8,9,12,20,14,13,18,23,6,0,1,1,6,1,1,8,1,8,4,9,21,4,49,47,1,0,0,4,4,5,5,7,3,0,24,7,0,1,39,1,1,2,5,13,0,0,0,0,0,0,10,8,10,20,19,21,31,29,34
2169,9,3,1,2,6,1,4,4,1,5,9,10,7,39,13,28,3,1,3,3,5,3,4,3,3,3,3,3,3,3,3,3,3,1,2,3,2,6,10,7,3,3,6,11,11,3,3,4,8,15,31,3,0,3,6,6,6,11,11,11,17,17,17,9,11,11
2170,4,1,2,0,1,2,0,1,7,7,11,3,10,8,45,36,1,2,0,1,2,0,1,4,0,22,19,0,29,15,0,2,2,2,5,6,3,5,5,3,7,27,5,42,51,49,1,1,2,5,13,1,1,1,1,1,1,0,0,0,14,18,14,30,28,30
2171,13,2,0,3,2,5,6,7,13,13,7,12,14,10,2,27,1,0,0,5,4,4,6,6,4,5,7,4,5,30,54,2,2,2,3,1,4,0,6,9,11,1,24,5,6,48,1,2,5,11,24,1,1,1,3,3,3,5,5,4,0,3,0,0,0,0
2172,1,2,0,3,4,0,2,5,0,3,14,0,23,53,20,44,1,0,0,1,0,6,5,0,6,6,0,6,6,36,37,2,2,2,3,1,4,7,0,5,6,7,11,35,33,35,1,2,3,8,18,1,1,1,4,4,5,4,3,2,27,27,27,36,32,42
2173,7,3,3,1,3,6,1,8,10,8,18,21,22,27,24,4,0,1,1,6,1,1,2,8,1,20,6,25,32,13,25,1,0,0,4,4,5,1,7,13,17,10,22,16,43,26,4,7,13,25,51,0,0,0,0,0,0,7,7,8,25,24,25,27,27,26
2174,6,3,3,1,3,6,3,0,11,11,0,4,27,12,14,32,0,1,1,0,6,5,0,7,5,0,17,11,47,53,52,1,0,0,0,5,0,4,8,1,9,8,13,18,0,53,4,6,11,21,39,0,0,0,5,5,4,9,10,3,9,11,10,3,2,1
2175,13,2,0,3,2,5,6,7,13,13,7,12,14,10,7,27,1,0,0,5,4,4,6,6,4,5,7,4,5,30,54,2,2,2,3,1,4,0,6,9,11,1,24,5,6,48,1,2,5,11,24,1,1,1,3,3,3,5,5,4,0,3,0,0,0,0
2176,5,1,2,0,1,2,0,1,7,0,24,3,25,23,30,48,1,2,0,1,2,0,1,4,0,13,11,26,37,44,36,2,2,2,5,6,3,5,5,3,4,19,23,2,1,1,1,1,2,4,10,1,1,1,1,1,1,0,0,0,3,7,6,47,54,47
2177,10,0,0,2,0,4,5,13,8,6,4,20,19,34,41,30,2,3,2,2,3,2,3,12,13,12,21,27,2,26,2,0,1,3,6,2,1,3,9,4,16,4,8,44,54,10,2,3,6,12,27,2,2,2,2,2,2,1,1,1,4,4,3,19,21,18
2178,12,2,0,3,4,0,2,5,0,3,14,19,23,53,36,44,1,0,0,1,0,6,5,0,6,6,0,6,31,0,26,2,2,2,3,1,4,7,0,5,6,7,11,1,3,5,1,2,3,8,18,1,1,1,4,4,5,4,3,2,2,0,1,1,7,28
2179,1,2,0,3,4,0,2,5,0,3,14,0,5,41,0,34,1,0,0,1,0,6,5,0,6,6,0,6,6,36,37,2,2,2,3,1,4,7,0,5,6,7,11,35,33,35,1,1,2,2,3,1,1,1,4,4,5,4,3,2,27,27,27,36,32,42
2180,1,3,3,1,3,6,1,8,9,12,15,26,13,45,49,54,0,1,1,6,1,1,13,5,12,9,12,12,9,29,48,2,2,2,4,4,5,5,7,3,0,13,7,2,1,9,4,7,14,26,53,0,0,0,0,0,4,3,2,7,6,6,4,36,32,42
2181,3,1,2,0,1,2,0,11,7,7,19,17,24,14,52,10,1,2,0,1,2,0,1,4,0,1,4,22,35,48,17,2,2,2,5,6,3,5,5,3,4,19,23,32,29,18,1,1,2,3,6,1,1,1,1,1,1,0,0,0,13,10,9,13,16,36
2182,12,2,0,3,4,0,2,5,0,3,14,13,23,53,20,34,1,0,0,1,0,6,5,0,6,6,0,6,31,38,5,2,2,2,3,1,4,7,0,5,6,7,11,1,3,5,1,2,3,8,19,1,1,1,4,4,5,4,3,2,2,0,1,11,7,28
2183,8,3,3,2,5,3,1,6,12,9,10,15,20,32,19,12,0,1,1,4,6,1,12,9,7,7,9,16,8,20,7,1,0,0,4,4,5,5,7,3,22,16,15,43,38,28,3,5,10,17,33,0,0,0,0,0,0,6,6,6,15,15,15,16,13,13
2184,8,0,3,2,5,3,4,3,6,9,2,23,9,29,5,40,0,1,1,4,6,1,7,9,7,19,22,7,51,8,33,1,0,0,4,4,5,11,1,0,25,5,1,22,17,24,3,5,10,19,36,0,0,0,0,0,0,6,6,6,12,13,13,6,9,8
2185,14,2,0,3,2,5,6,7,13,13,7,12,14,10,7,27,1,0,0,5,4,4,6,6,4,5,7,4,5,30,54,2,2,2,3,1,4,0,6,9,11,1,24,5,6,48,1,2,5,11,24,1,1,1,3,3,3,5,5,4,0,3,0,0,0,0
2186,8,3,3,2,5,3,4,6,12,9,10,15,20,32,19,12,0,1,1,4,6,1,12,9,7,7,9,16,8,20,7,1,0,0,4,4,5,5,7,3,22,16,15,43,38,28,3,5,10,17,33,0,0,0,0,0,0,6,6,6,15,15,15,16,13,13
2187,6,3,3,1,3,6,3,0,11,2,25,4,15,0,42,6,0,1,1,0,6,5,0,13,5,14,5,5,15,33,55,1,0,0,0,5,0,13,2,2,15,20,12,29,50,51,1,1,2,5,13,0,0,0,5,5,4,3,2,3,10,12,11,20,20,16
2188,10,0,0,2,0,4,5,10,3,6,27,7,8,43,33,15,2,3,2,2,3,2,3,12,13,12,15,15,25,52,35,0,1,3,6,2,1,12,12,8,8,12,20,19,28,29,2,3,6,12,27,2,2,2,2,2,2,1,1,1,4,4,3,14,12,12
2189,2,3,3,1,3,6,1,9,10,1,8,9,1,22,22,41,0,1,1,6,1,1,8,11,9,11,10,18,49,7,9,1,0,0,4,4,5,8,11,6,1,2,2,54,35,21,4,7,12,23,44,0,0,0,0,0,0,2,4,5,7,8,7,2,1,2
2190,7,3,3,1,3,6,1,8,10,8,18,25,22,19,34,4,0,1,1,6,1,1,2,8,1,15,24,1,13,21,1,1,0,0,4,4,5,1,7,13,13,17,10,8,20,47,4,7,13,24,47,0,0,0,0,0,0,7,7,8,5,5,5,7,6,7
2191,8,3,3,2,5,3,4,6,12,9,10,15,20,32,19,12,0,1,1,4,6,1,12,9,7,7,9,16,8,20,7,1,0,0,4,4,5,11,1,0,22,16,15,43,38,28,3,5,10,17,33,0,0,0,0,0,0,6,6,6,15,15,15,16,13,13
2192,13,2,0,3,2,5,6,7,13,13,12,12,14,24,7,43,1,0,0,5,4,4,6,6,4,5,7,4,48,30,4,2,2,2,3,1,4,0,6,9,11,1,24,5,6,48,1,2,5,11,23,1,1,1,3,3,3,5,5,4,0,3,0,0,0,0
2193,9,3,3,2,5,3,4,6,6,10,2,23,20,17,8,16,0,1,1,6,1,1,8,1,8,24,18,21,27,22,21,1,0,0,4,4,5,5,7,3,26,21,25,50,8,32,3,5,10,18,35,0,0,0,0,0,0,10,8,10,16,19,16,26,25,23
2194,10,0,0,2,0,4,5,13,8,6,4,20,8,16,32,15,2,3,2,2,3,2,3,12,13,12,15,15,25,52,35,0,1,3,6,2,1,12,12,8,8,12,20,19,28,29,2,3,6,12,27,2,2,2,2,2,2,1,1,1,4,4,3,14,12,12
2195,10,0,0,2,0,4,5,10,8,6,27,20,8,16,32,15,2,3,2,2,3,2,3,12,13,12,15,15,25,52,35,0,1,3,6,2,1,12,12,8,8,12,20,19,28,29,2,3,6,12,27,2,2,2,2,2,2,1,1,1,4,4,3,14,12,12
2196,11,0,0,2,0,4,5,12,3,6,3,7,4,47,46,9,2,3,2,2,3,2,3,2,2,2,2,2,43,2,42,0,1,3,6,2,1,3,9,4,16,4,8,49,52,14,2,3,6,12,26,2,2,2,2,2,2,1,1,1,1,1,2,10,26,32
2197,3,1,2,0,1,2,0,11,4,7,19,17,0,36,30,48,1,2,0,1,2,0,1,4,0,1,11,22,28,25,34,2,2,2,5,6,3,5,5,3,4,19,23,48,53,43,1,1,2,3,7,1,1,1,1,1,1,0,0,0,3,10,9,37,38,33
2198,14,2,0,3,2,5,6,7,5,13,23,22,2,6,40,2,1,0,0,5,4,4,10,6,4,21,14,17,14,18,14,2,2,2,3,1,4,0,6,9,12,9,4,4,10,52,1,2,4,9,20,1,1,1,3,3,3,8,9,9,8,9,8,4,5,4
2199,13,2,0,3,2,5,6,7,13,13,7,12,14,10,7,27,1,0,0,5,4,4,6,6,4,5,7,4,5,30,54,2,2,2,3,1,4,0,6,9,11,1,24,5,6,48,1,2,5,11,24,1,1,1,3,3,3,5,5,4,0,3,0,0,0,0
2200,11,0,0,2,0,4,5,12,3,6,3,7,4,38,48,5,2,3,2,2,3,2,3,2,2,2,2,2,44,43,16,0,1,3,6,2,1,3,9,4,16,4,8,27,36,36,2,3,7,13,28,2,2,2,2,2,2,1,1,1,1,1,2,8,26,9
2201,8,3,3,2,5,3,4,6,12,9,10,15,20,32,9,12,0,1,1,4,6,1,12,9,7,7,9,16,36,42,45,1,0,0,4,4,5,5,7,3,22,16,15,34,13,12,4,7,13,25,51,0,0,0,0,0,0,6,6,6,15,15,15,51,51,51
2202,13,2,0,3,2,5,6,7,13,13,12,2,14,35,15,14,1,0,0,5,4,4,6,6,4,5,23,24,26,24,29,2,2,2,3,1,4,0,6,9,18,22,21,14,25,31,1,2,5,10,22,1,1,1,3,3,3,5,5,4,0,25,0,24,22,19
2203,9,3,3,2,5,3,4,6,6,10,10,6,20,40,18,49,0,1,1,4,6,1,12,9,7,7,9,16,23,49,47,1,0,0,4,4,5,5,7,3,5,24,27,20,42,23,3,5,10,20,38,0,0,0,0,0,0,10,8,10,22,16,22,41,35,15
2204,2,3,3,1,3,6,1,9,10,4,20,11,1,4,12,45,0,1,1,6,1,1,8,11,9,25,13,9,21,31,50,1,0,0,4,4,5,8,11,6,2,26,0,7,34,20,4,7,14,27,54,0,0,0,0,0,0,2,4,5,18,14,19,12,14,10
2205,3,1,2,0,1,2,0,11,4,0,24,16,6,9,52,10,1,2,0,1,2,0,1,4,0,1,27,22,28,4,46,2,2,2,5,6,3,5,5,3,4,19,23,32,29,18,1,1,2,3,6,1,1,1,1,1,1,0,0,0,13,10,9,13,16,24
2206,2,3,3,1,3,6,1,8,9,4,20,11,13,4,12,16,0,1,1,6,1,1,8,1,8,25,13,9,21,31,50,1,0,0,4,4,5,5,7,3,2,26,0,7,34,20,4,7,14,27,54,0,0,0,0,0,0,2,4,5,18,14,19,12,14,10
2207,14,2,0,3,2,5,6,7,5,13,23,22,2,30,39,39,0,1,1,6,1,1,13,1,12,4,12,23,52,5,12,1,0,0,4,4,5,5,7,3,15,20,12,2,1,1,1,2,4,9,21,0,0,0,5,5,4,3,2,3,10,12,11,42,44,44
2208,12,2,0,3,4,0,2,5,0,3,14,19,23,53,20,44,1,0,0,1,0,6,5,0,6,6,0,6,31,0,39,2,2,2,3,1,4,7,0,5,6,7,11,1,3,5,1,2,3,8,18,1,1,1,4,4,5,4,3,2,2,0,1,11,7,29
2209,11,0,0,2,0,4,5,12,3,6,3,7,4,38,46,5,2,3,2,2,3,2,3,2,2,2,2,2,16,39,44,0,1,3,6,2,1,3,9,4,16,4,8,3,7,2,2,3,7,13,28,2,2,2,2,2,2,1,1,1,1,1,2,23,15,25
2210,9,3,3,2,5,3,4,6,6,10,2,23,20,2,44,49,0,1,1,6,1,1,8,1,8,25,13,21,41,11,24,1,0,0,4,4,5,5,7,3,2,26,0,53,47,30,3,5,10,18,34,0,0,0,0,0,0,10,4,10,16,16,16,39,41,43
2211,2,3,3,1,3,6,1,9,10,1,8,18,1,22,37,11,0,1,1,6,1,1,8,11,9,11,10,18,49,7,9,1,0,0,4,4,5,8,11,6,1,2,2,54,35,21,4,7,12,23,45,0,0,0,0,0,0,2,4,5,7,8,7,2,1,2
2212,14,2,0,3,2,5,6,7,5,13,23,22,2,30,40,39,1,0,0,5,4,4,10,6,4,21,14,17,14,18,14,2,2,2,3,1,4,0,6,9,12,9,4,4,10,52,1,2,4,9,21,1,1,1,3,3,3,8,9,9,8,9,8,4,5,4
2213,10,0,0,2,0,4,5,13,8,6,4,20,19,34,4,23,2,3,2,2,3,2,3,12,13,17,21,19,22,26,20,0,1,3,6,2,1,3,9,4,16,4,8,49,52,14,2,3,6,12,26,2,2,2,2,2,2,1,1,1,23,22,23,25,23,22
2214,7,3,3,1,5,3,4,6,6,8,0,21,10,27,24,16,0,1,1,6,1,1,2,1,8,20,6,23,50,47,49,1,0,0,4,4,5,1,7,13,17,10,22,16,43,26,4,7,13,25,48,0,0,0,0,0,0,7,7,8,25,24,25,27,27,26
2215,6,3,3,1,3,6,3,0,11,2,25,26,15,0,42,37,0,1,1,0,6,5,0,13,5,14,5,5,15,33,55,1,0,0,0,5,0,13,2,2,15,20,12,29,50,51,4,7,14,26,53,0,0,0,5,5,4,3,2,3,10,12,11,20,20,16
2216,8,3,3,2,5,3,4,3,12,9,10,24,9,55,53,8,0,1,1,4,6,1,7,9,7,19,22,7,17,45,15,1,0,0,4,4,5,11,1,0,25,5,1,40,55,41,3,5,10,20,37,0,0,0,0,0,0,6,6,6,12,13,13,6,9,8
2217,12,2,0,3,4,0,2,5,0,3,14,19,23,53,20,34,1,0,0,1,0,6,5,0,6,6,0,6,31,0,39,2,2,2,3,1,4,7,0,5,6,7,11,1,3,5,1,2,3,8,18,1,1,1,4,4,5,4,3,2,2,0,1,1,4,5
2218,4,1,2,0,1,2,0,1,7,7,11,3,10,8,45,36,1,2,0,1,2,0,1,4,0,22,19,0,29,15,0,2,2,2,5,6,3,5,5,3,7,27,5,42,51,49,1,1,2,5,13,1,1,1,1,1,1,0,0,0,14,18,14,30,28,30
2219,7,3,3,1,3,6,1,8,10,8,18,21,22,48,24,4,0,1,1,6,1,1,2,8,1,20,6,25,32,13,25,1,0,0,4,4,5,1,7,13,17,10,22,16,43,26,4,7,13,25,48,0,0,0,0,0,0,7,7,8,25,24,25,27,27,26
2220,13,2,0,3,2,5,6,7,13,13,12,2,14,21,2,14,1,0,0,5,4,4,6,6,4,5,7,4,48,6,4,2,2,2,3,1,4,0,6,9,11,1,24,5,6,48,1,2,5,11,24,1,1,1,3,3,3,5,5,4,0,3,0,24,22,19
2221,7,3,3,1,3,6,1,9,10,8,18,25,22,19,35,4,0,1,1,6,1,1,2,8,1,15,24,1,13,21,1,1,0,0,4,4,5,1,7,13,13,17,10,8,20,47,4,7,13,24,47,0,0,0,0,0,0,7,7,8,5,5,5,7,6,7
2222,13,2,0,3,2,5,6,7,13,13,7,12,14,10,2,31,1,0,0,5,4,4,6,6,4,5,7,4,5,30,54,2,2,2,3,1,4,0,6,9,11,1,24,5,6,48,1,2,5,11,24,1,1,1,3,3,3,5,5,4,0,3,0,0,0,0
2223,2,3,3,1,3,6,1,9,10,1,8,18,1,11,22,41,0,1,1,6,1,1,8,11,9,11,10,18,49,7,9,1,0,0,4,4,5,8,11,6,1,2,2,2,1,1,4,7,12,23,44,0,0,0,0,0,0,2,4,5,7,8,7,2,1,2
2224,7,3,3,1,3,6,1,9,10,8,18,21,22,48,24,4,0,1,1,6,1,1,2,8,1,20,6,25,32,13,25,1,0,0,4,4,5,1,7,13,17,10,22,16,43,26,4,7,13,25,48,0,0,0,0,0,0,7,7,8,25,24,25,27,27,26
2225,14,2,0,3,2,5,6,7,5,4,23,22,2,6,38,26,0,1,1,6,1,1,2,1,8,20,6,23,50,47,49,2,2,2,4,4,5,5,7,3,0,19,7,24,49,45,1,2,4,9,21,0,0,0,0,0,0,8,9,9,8,19,8,48,47,49
2226,7,3,3,1,3,6,1,8,10,8,18,25,22,54,34,4,0,1,1,6,1,1,2,8,1,15,24,1,54,21,1,1,0,0,4,4,5,1,7,13,13,17,10,8,20,47,3,5,10,20,37,0,0,0,0,0,0,7,7,8,5,5,5,7,6,7
2227,12,2,0,3,4,0,2,5,0,3,14,19,23,53,20,44,1,0,0,1,0,6,5,0,6,6,0,6,31,0,39,2,2,2,3,1,4,7,0,5,6,7,11,1,3,5,1,2,3,8,18,1,1,1,4,4,5,4,3,2,2,0,1,1,4,5
2228,6,3,3,1,3,6,3,0,11,2,25,4,15,12,31,21,0,1,1,0,6,5,0,13,5,14,5,5,40,33,38,1,0,0,0,5,0,13,2,2,15,20,12,25,24,27,4,6,11,22,41,0,0,0,5,5,4,3,2,3,10,12,11,42,44,44
2229,11,0,0,2,0,4,5,12,3,6,3,7,4,3,48,5,2,3,2,2,3,2,3,2,2,2,2,2,44,43,16,0,1,3,6,2,1,3,9,4,16,4,8,27,36,36,2,3,7,13,28,2,2,2,2,2,2,1,1,1,1,1,2,8,8,17
2230,4,1,2,0,1,2,0,11,7,7,21,16,6,33,54,35,1,2,0,1,2,0,1,4,0,27,19,20,24,23,23,2,2,2,5,6,3,5,5,3,4,19,23,6,9,6,1,1,2,4,10,1,1,1,1,1,1,0,0,0,11,2,18,22,18,20
2231,11,0,0,2,0,4,5,12,3,6,3,7,4,47,4,9,2,3,2,2,3,2,3,2,2,2,2,2,43,2,42,0,1,3,6,2,1,3,9,4,16,4,8,49,52,14,2,3,7,13,28,2,2,2,2,2,2,1,1,1,1,1,2,10,8,9
2232,6,3,3,1,3,6,3,0,11,2,25,4,15,12,6,21,0,1,1,0,6,5,0,13,5,14,5,5,40,33,38,1,0,0,0,5,0,13,2,2,15,20,12,25,24,27,4,6,11,22,41,0,0,0,5,5,4,3,2,3,10,12,11,42,44,44
2233,1,3,3,1,3,3,1,8,9,9,0,26,20,46,55,16,0,1,1,6,6,1,12,1,12,4,9,23,52,5,12,1,0,0,4,4,5,5,7,3,0,13,7,2,1,1,4,7,14,26,53,0,0,0,0,0,0,3,2,5,10,12,11,42,44,44
2234,4,1,2,0,1,2,0,1,7,7,11,3,26,8,16,55,1,2,0,1,2,0,1,4,0,8,19,20,18,46,22,2,2,2,5,6,3,5,5,3,4,19,23,6,9,6,1,1,2,4,11,1,1,1,1,1,1,0,0,0,11,2,12,22,18,31
2235,9,3,1,2,6,1,4,4,1,5,9,10,7,39,11,29,3,1,3,3,5,3,4,3,3,3,3,3,3,3,3,3,3,1,2,3,2,6,10,7,3,3,6,30,41,46,3,4,8,15,31,3,0,3,6,6,6,11,11,11,17,17,17,9,11,11
2236,10,0,0,2,0,4,5,13,8,6,4,20,8,5,32,15,2,3,2,2,3,2,3,12,13,12,15,27,2,19,2,0,1,3,6,2,1,12,12,8,8,12,20,2,1,10,2,3,6,12,26,2,2,2,2,2,2,1,1,1,4,4,3,19,21,18
2237,13,2,0,3,2,5,6,7,13,13,12,2,14,35,15,14,1,0,0,5,4,4,6,6,4,5,23,24,26,24,29,2,2,2,3,1,4,0,6,9,18,22,21,14,25,31,1,2,5,10,22,1,1,1,3,3,3,5,5,4,0,25,0,24,22,19
2238,2,3,3,1,3,6,1,8,9,4,20,11,13,4,12,45,0,1,1,6,1,1,8,11,9,25,13,9,21,31,50,1,0,0,4,4,5,5,7,3,2,26,0,7,34,20,4,7,14,27,54,0,0,0,0,0,0,2,4,5,18,14,19,12,14,10
2239,5,1,2,0,1,2,0,2,4,0,17,8,17,20,51,22,1,2,0,1,2,0,11,4,11,26,20,10,12,10,13,2,2,2,5,6,3,2,3,12,10,11,17,45,37,33,1,1,1,1,2,1,1,1,1,1,1,0,0,0,3,7,6,21,10,6
2240,12,2,0,3,4,0,2,5,0,3,14,13,21,28,10,42,1,0,0,1,0,6,5,0,6,6,0,6,31,0,39,2,2,2,3,1,4,7,0,5,6,7,11,1,3,5,1,2,3,8,19,1,1,1,4,4,5,4,3,2,2,0,1,50,4,5
2241,4,1,2,0,1,2,0,1,7,7,11,3,10,49,45,18,1,2,0,1,2,0,1,4,0,22,19,0,29,15,0,2,2,2,5,6,3,5,5,3,7,27,5,42,51,49,1,1,2,4,12,1,1,1,1,1,1,0,0,0,14,18,14,29,28,30
2242,12,2,0,3,4,0,2,5,0,3,14,13,23,53,10,44,1,0,0,1,0,6,5,0,6,6,0,6,31,0,26,2,2,2,3,1,4,7,0,5,6,7,11,1,3,5,1,2,3,8,19,1,1,1,4,4,5,4,3,2,2,0,1,1,7,28
2243,12,2,0,3,4,0,2,5,0,3,14,13,21,41,10,42,1,0,0,1,0,6,5,0,6,6,0,6,31,0,39,2,2,2,3,1,4,7,0,5,6,7,11,1,3,5,1,2,3,8,18,1,1,1,4,4,5,4,3,2,2,0,1,11,4,5
2244,12,2,0,3,4,0,2,5,0,3,14,19,23,28,20,44,1,0,0,1,0,6,5,0,6,6,0,6,31,0,39,2,2,2,3,1,4,7,0,5,6,7,11,1,3,5,1,2,3,8,18,1,1,1,4,4,5,4,3,2,2,0,1,50,52,50
2245,9,3,3,2,5,3,4,6,6,10,2,23,20,2,18,16,0,1,1,6,1,1,8,1,8,24,18,21,27,47,8,1,0,0,4,4,5,5,7,3,26,21,25,37,2,38,3,5,10,18,35,0,0,0,0,0,0,10,8,10,16,19,16,26,25,23
2246,4,1,2,0,1,2,0,11,7,7,21,16,6,33,54,35,1,2,0,1,2,0,1,4,0,27,19,20,24,23,22,2,2,2,5,6,3,5,5,3,4,19,23,6,9,6,1,1,2,4,10,1,1,1,1,1,1,0,0,0,11,2,18,22,18,20
2247,10,0,0,2,0,4,5,13,8,6,4,20,8,16,32,15,2,3,2,2,3,2,3,12,13,12,15,27,2,19,2,0,1,3,6,2,1,12,12,8,8,12,20,44,54,10,2,3,6,12,27,2,2,2,2,2,2,1,1,1,4,4,3,14,12,12
2248,13,2,0,3,2,5,6,7,13,13,7,12,14,10,7,31,1,0,0,5,4,4,6,6,4,5,7,4,5,30,54,2,2,2,3,1,4,0,6,9,11,1,24,5,6,48,1,2,5,11,24,1,1,1,3,3,3,5,5,4,0,3,0,0,0,0
2249,12,2,0,3,4,0,2,5,0,3,14,13,5,31,10,42,1,0,0,1,0,6,5,0,6,6,0,6,31,0,26,2,2,2,3,1,4,7,0,5,6,7,11,1,3,5,1,1,2,2,4,1,1,1,4,4,5,4,3,2,2,0,1,1,4,5
2250,2,3,3,1,3,6,1,9,10,1,8,18,1,22,22,11,0,1,1,6,1,1,8,11,9,11,10,18,7,41,9,1,0,0,4,4,5,8,11,6,1,2,2,2,1,0,4,7,12,23,45,0,0,0,0,0,0,2,4,5,7,8,7,2,1,2
2251,12,2,0,3,4,0,2,5,0,3,14,19,23,53,0,44,1,0,0,1,0,6,5,0,6,6,0,6,31,0,39,2,2,2,3,1,4,7,0,5,6,7,11,1,3,5,1,2,3,8,19,1,1,1,4,4,5,4,3,2,2,0,1,1,4,5
2252,9,3,1,2,6,1,4,4,1,5,9,10,7,39,11,29,3,1,3,3,5,3,4,3,3,3,3,3,3,3,3,3,3,1,2,3,2,6,10,7,3,3,6,30,41,46,3,4,8,15,31,3,0,3,6,6,6,11,11,11,17,17,17,9,11,11
2253,10,0,0,2,0,4,5,10,3,6,3,7,4,5,29,50,2,3,2,2,3,2,3,12,13,2,2,27,38,54,51,0,1,3,6,2,1,3,9,4,16,4,8,49,52,14,2,3,7,14,30,2,2,2,2,2,2,1,1,1,4,4,3,46,26,32
2254,4,1,2,0,1,2,0,1,7,7,21,16,26,33,16,35,1,2,0,1,2,0,1,4,0,8,19,20,18,46,22,2,2,2,5,6,3,5,5,3,4,19,23,6,9,6,1,1,2,4,10,1,1,1,1,1,1,0,0,0,11,2,12,22,18,20
2255,9,3,3,2,5,3,4,6,6,10,2,6,20,17,8,16,0,1,1,6,1,1,8,1,8,24,18,21,27,22,21,1,0,0,4,4,5,5,7,3,26,21,25,50,8,32,3,5,10,18,35,0,0,0,0,0,0,10,8,10,16,19,16,26,25,23
2256,10,0,0,2,0,4,5,13,8,6,4,20,19,44,26,7,2,3,2,2,3,2,3,12,13,17,26,19,22,16,20,0,1,3,6,2,1,10,4,10,21,18,19,9,22,37,2,3,6,12,25,2,2,2,2,2,2,13,13,13,23,22,23,25,23,22
2257,3,1,2,0,1,2,0,11,7,7,19,17,24,14,52,10,1,2,0,1,2,0,1,4,0,1,4,22,35,48,17,2,2,2,5,6,3,5,5,3,4,19,23,32,29,18,1,1,2,3,6,1,1,1,1,1,1,0,0,0,13,10,9,13,16,24
2258,3,1,2,0,1,2,0,11,7,7,7,17,10,21,45,35,1,2,0,1,2,0,1,4,0,22,19,0,29,15,0,2,2,2,5,6,3,5,5,3,7,27,5,42,51,49,1,2,5,11,24,1,1,1,1,1,1,0,0,0,14,18,14,30,28,30
2259,12,2,0,3,4,0,2,5,0,3,14,19,23,53,20,44,1,0,0,1,0,6,5,0,6,6,0,6,31,0,26,2,2,2,3,1,4,7,0,5,6,7,11,1,3,5,1,2,3,8,18,1,1,1,4,4,5,4,3,2,2,0,1,1,7,28
2260,8,3,3,2,5,3,4,3,12,9,10,15,20,32,19,12,0,1,1,4,6,1,12,9,7,7,9,16,39,28,31,1,0,0,4,4,5,5,1,0,22,16,15,43,38,28,3,5,10,17,33,0,0,0,0,0,0,6,6,6,15,15,15,16,13,13
2261,9,3,1,2,6,1,4,4,1,5,9,10,7,39,13,29,3,1,3,3,5,3,4,3,3,3,3,3,3,3,3,3,3,1,2,3,2,6,10,7,3,3,6,11,11,3,3,4,8,15,31,3,0,3,6,6,6,11,11,11,17,17,17,9,11,11
2262,11,0,0,2,0,4,5,12,3,6,3,7,4,38,46,5,2,3,2,2,3,2,3,2,2,2,2,2,43,2,42,0,1,3,6,2,1,3,9,4,16,4,8,49,52,14,2,3,7,13,28,2,2,2,2,2,2,1,1,1,1,1,2,10,26,32
2263,9,3,3,2,5,3,4,6,6,10,22,6,3,15,43,19,0,1,1,4,6,1,9,10,10,10,8,8,10,14,10,1,0,0,1,0,6,9,13,11,14,6,9,15,19,8,3,5,9,16,32,0,3,0,0,0,0,12,12,12,21,20,20,17,17,14
2264,4,1,2,0,1,2,0,1,7,7,11,3,26,8,16,55,1,2,0,1,2,0,1,4,0,8,19,20,18,46,22,2,2,2,5,6,3,5,5,3,4,19,23,6,9,6,1,1,2,4,11,1,1,1,1,1,1,0,0,0,11,2,12,43,33,41
2265,13,2,0,3,2,5,6,7,13,13,19,2,14,21,2,14,1,0,0,5,4,4,6,6,4,5,7,4,48,30,4,2,2,2,3,1,4,0,6,9,11,1,24,5,6,48,1,2,5,11,24,1,1,1,3,3,3,5,5,4,0,3,0,0,0,0
2266,14,2,0,3,2,5,6,7,13,13,12,2,11,35,15,33,1,0,0,5,4,4,6,6,4,5,23,24,26,6,29,2,2,2,3,1,4,5,5,3,24,0,26,46,39,42,1,1,2,7,17,1,1,1,3,3,3,5,5,4,26,26,26,38,36,38
2267,14,2,0,3,2,5,6,7,5,13,23,22,2,51,39,39,1,0,0,5,4,4,10,6,4,21,14,17,14,18,41,2,2,2,3,1,4,0,6,9,12,9,4,4,10,52,1,2,4,9,21,1,1,1,3,3,3,8,9,9,8,9,8,4,5,4
2268,2,3,3,2,5,3,4,6,6,4,2,23,20,2,44,49,0,1,1,6,1,1,8,11,9,25,13,9,21,31,50,1,0,0,4,4,5,5,7,3,2,26,0,53,47,30,4,7,14,27,54,0,0,0,0,0,0,2,4,5,18,14,19,39,41,10
2269,4,1,2,0,1,2,0,1,7,7,1,16,26,1,16,55,1,2,0,1,2,0,1,4,0,8,19,20,30,12,32,2,2,2,5,6,3,5,5,3,20,25,3,6,9,6,1,1,2,4,11,1,1,1,1,1,1,0,0,0,19,2,12,28,24,31
2270,10,0,0,2,0,4,5,13,8,6,4,20,19,44,26,7,2,3,2,2,3,2,3,12,13,17,26,19,22,16,20,0,1,3,6,2,1,10,4,10,21,18,19,9,22,37,2,3,6,12,25,2,2,2,2,2,2,13,13,13,23,22,23,25,23,22
2271,6,3,3,1,3,6,3,0,9,2,0,26,15,12,31,21,0,1,1,0,6,5,0,13,5,14,5,5,40,33,38,1,0,0,0,5,0,13,2,2,15,20,12,25,24,27,4,6,11,22,41,0,0,0,5,5,4,3,2,3,10,12,11,42,44,44
2272,3,2,2,3,2,5,6,7,5,13,24,12,14,21,7,31,1,0,0,5,4,4,6,6,4,5,7,4,48,6,53,2,2,2,3,1,4,0,6,9,11,1,24,5,6,48,1,2,4,9,21,1,1,1,3,3,3,5,5,4,0,3,0,0,54,0
2273,9,3,1,2,6,1,4,4,1,5,9,10,7,39,11,29,3,1,3,3,5,3,4,3,3,3,3,3,3,3,3,3,3,1,2,3,2,6,10,7,3,3,6,30,41,46,3,4,8,15,31,3,0,3,6,6,6,11,11,11,17,17,17,9,11,11
2274,6,3,3,1,3,6,3,0,11,2,25,4,15,0,42,37,0,1,1,0,6,5,0,13,5,14,5,5,15,33,55,1,0,0,0,5,0,13,2,2,15,20,12,29,50,51,4,6,11,22,43,0,0,0,5,5,4,3,2,3,10,12,11,20,20,16
2275,7,3,3,1,3,6,1,8,10,8,18,25,22,19,35,4,0,1,1,6,1,1,2,8,1,15,24,1,13,21,1,1,0,0,4,4,5,1,7,13,13,17,10,8,20,47,4,7,13,24,47,0,0,0,0,0,0,7,7,8,5,5,5,7,6,7
2276,4,1,2,0,1,2,0,1,7,7,11,3,26,8,16,55,1,2,0,1,2,0,1,4,0,8,19,20,11,46,22,2,2,2,5,6,3,5,5,3,4,19,23,6,9,6,1,1,2,4,10,1,1,1,1,1,1,0,0,0,11,2,12,22,18,20
2277,12,2,0,3,4,0,2,5,0,3,14,19,23,53,0,44,1,0,0,1,0,6,5,0,6,6,0,6,31,0,26,2,2,2,3,1,4,7,0,5,6,7,11,1,3,5,1,2,3,8,18,1,1,1,4,4,5,4,3,2,2,0,1,1,4,5
2278,13,2,2,3,2,5,6,7,13,13,7,12,14,10,7,27,1,0,0,5,4,4,6,6,4,5,7,4,5,30,54,2,2,2,3,1,4,0,6,9,11,1,24,5,6,48,1,2,5,11,24,1,1,1,3,3,3,5,5,4,0,3,0,0,0,0
2279,7,3,3,1,3,6,1,8,10,8,18,25,22,19,34,4,0,1,1,6,1,1,2,8,1,15,24,1,13,21,1,1,0,0,4,4,5,1,7,13,13,17,10,8,20,47,4,7,13,24,47,0,0,0,0,0,0,7,7,8,5,5,5,7,6,7
2280,14,2,0,3,2,5,6,7,5,13,23,22,2,6,40,2,1,0,0,5,4,4,10,6,4,21,14,17,14,18,41,2,2,2,3,1,4,0,6,9,12,9,4,4,10,52,1,2,4,9,20,1,1,1,3,3,3,8,9,9,8,9,8,4,5,4
2281,13,2,0,3,2,5,6,7,13,13,7,12,14,21,2,14,1,0,0,5,4,4,6,6,4,5,7,4,5,30,54,2,2,2,3,1,4,0,6,9,11,1,24,5,6,48,1,2,5,11,24,1,1,1,3,3,3,5,5,4,0,3,0,0,0,0
2282,5,1,2,0,1,2,0,2,2,0,5,8,17,25,17,22,1,2,0,1,2,0,11,4,11,13,11,26,37,44,36,2,2,2,5,6,3,2,3,12,4,19,23,38,4,1,1,1,1,1,1,1,1,1,1,1,1,0,0,0,3,7,6,15,39,39
2283,3,1,2,0,1,2,0,1,7,7,19,17,24,14,52,24,1,2,0,1,2,0,1,4,0,1,4,22,53,48,17,2,2,2,5,6,3,5,5,3,4,19,23,32,29,18,1,1,2,2,5,1,1,1,1,1,1,0,0,0,13,10,9,13,16,24
2284,12,2,0,3,4,0,2,5,0,3,14,13,23,28,10,42,1,0,0,1,0,6,5,0,6,6,0,6,31,38,5,2,2,2,3,1,4,7,0,5,6,7,11,1,3,5,1,2,3,8,19,1,1,1,4,4,5,4,3,2,2,0,1,11,7,29
2285,14,3,0,2,5,3,4,6,6,10,2,23,10,17,8,16,1,2,0,1,2,0,1,4,0,22,19,0,29,15,0,2,2,2,5,6,3,5,5,3,7,27,5,42,1,49,1,1,2,5,13,1,1,1,1,1,1,10,8,10,14,18,14,30,28,30
2286,13,2,0,3,2,5,6,7,13,13,12,2,14,35,15,14,1,0,0,5,4,4,6,6,4,5,23,24,26,24,29,2,2,2,3,1,4,0,6,9,18,22,21,14,25,31,1,2,5,10,22,1,1,1,3,3,3,5,5,4,0,25,0,24,22,19
2287,9,3,1,2,6,1,4,4,1,5,9,10,7,39,13,28,3,1,3,3,5,3,4,3,3,3,3,3,3,3,3,3,3,1,2,3,2,6,10,7,3,3,6,11,11,3,3,4,8,15,31,3,0,3,6,6,6,11,11,11,17,17,17,9,11,11
2288,11,0,0,2,0,4,5,13,8,6,4,20,19,34,21,23,2,3,2,2,3,2,3,2,2,2,2,2,43,2,42,0,1,3,6,2,1,3,9,4,16,4,8,49,52,14,2,3,6,12,26,2,2,2,2,2,2,1,1,1,1,1,2,10,26,9
2289,1,3,3,1,3,6,1,8,9,8,15,0,5,14,20,3,1,0,0,1,0,6,5,0,6,6,0,6,6,36,37,2,2,2,3,1,4,7,0,5,0,13,7,35,33,35,1,1,2,2,3,1,1,1,4,4,5,4,3,2,27,27,27,36,32,42
2290,12,2,0,3,4,0,2,5,0,3,14,13,21,31,10,42,1,0,0,1,0,6,5,0,6,6,0,6,31,38,5,2,2,2,3,1,4,7,0,5,6,7,11,1,3,5,1,2,3,8,19,1,1,1,4,4,5,4,3,2,2,0,1,11,7,29
2291,2,3,3,1,3,6,1,9,10,1,8,9,1,22,37,41,0,1,1,6,1,1,8,11,9,11,10,18,7,41,9,1,0,0,4,4,5,8,11,6,1,2,2,10,12,0,4,7,12,23,46,0,0,0,0,0,0,2,4,5,7,8,7,2,1,2
2292,1,3,3,1,3,6,1,8,9,12,16,26,13,46,55,54,0,1,1,6,1,1,13,5,12,9,12,12,9,29,27,1,0,0,4,4,5,5,7,3,0,13,7,55,14,44,4,7,14,26,52,0,0,0,0,0,4,3,2,7,6,6,4,5,3,3
2293,14,2,0,3,2,5,6,7,5,13,23,22,2,30,40,39,1,0,0,5,4,4,10,6,4,21,14,17,14,18,14,2,2,2,3,1,4,0,6,9,12,9,4,4,10,52,1,2,4,9,21,1,1,1,3,3,3,8,9,9,8,9,8,4,5,4
2294,7,3,3,1,3,6,1,8,10,8,18,21,22,48,24,4,0,1,1,6,1,1,2,8,1,20,6,25,32,13,25,1,0,0,4,4,5,1,7,13,17,10,22,16,43,26,4,7,13,25,48,0,0,0,0,0,0,7,7,8,25,24,25,27,27,26
2295,8,3,3,2,5,3,4,6,12,9,10,15,20,32,19,12,0,1,1,4,6,1,12,9,7,7,9,16,8,20,7,1,0,0,4,4,5,5,1,0,22,16,15,39,23,55,3,5,10,17,33,0,0,0,0,0,0,6,6,6,15,15,15,16,13,13
2296,1,3,3,1,3,6,1,8,9,12,0,26,13,46,55,54,0,1,1,0,6,1,0,13,5,14,25,5,15,17,6,1,0,0,4,4,5,5,7,3,0,13,7,55,14,44,4,7,14,26,53,0,0,0,0,0,4,3,2,7,6,6,4,20,20,16
2297,11,0,0,2,0,4,5,13,8,6,4,20,19,34,4,23,2,3,2,2,3,2,3,2,2,2,2,2,43,2,42,0,1,3,6,2,1,3,9,4,16,4,8,49,52,14,2,3,6,12,26,2,2,2,2,2,2,1,1,1,1,1,2,8,8,9
2298,1,3,3,1,3,6,1,8,9,12,16,26,13,46,49,54,0,1,1,6,1,1,13,5,12,9,12,12,9,29,27,1,0,0,4,4,5,5,7,3,0,13,7,55,14,44,4,7,14,26,53,0,0,0,0,0,4,3,2,7,6,6,4,5,3,3
2299,5,1,2,0,1,2,0,2,2,0,5,27,12,50,25,13,1,2,0,1,2,0,11,4,11,26,20,10,12,10,13,2,2,2,5,6,3,2,3,12,10,11,17,12,45,16,1,1,1,1,2,1,1,1,1,1,1,0,0,0,3,7,6,15,10,6
2300,11,0,0,2,0,4,5,13,8,6,4,20,19,34,4,23,2,3,2,2,3,2,3,2,2,2,2,2,43,2,42,0,1,3,6,2,1,3,9,4,16,4,8,49,52,14,2,3,6,12,26,2,2,2,2,2,2,1,1,1,1,1,2,8,8,9
2301,11,0,0,2,0,4,5,12,3,6,3,7,4,47,46,5,2,3,2,2,3,2,3,2,2,2,2,2,43,2,42,0,1,3,6,2,1,3,9,4,16,4,8,49,52,14,2,3,7,13,28,2,2,2,2,2,2,1,1,1,1,1,2,10,26,9
2302,8,0,3,2,5,3,4,3,6,9,2,23,9,29,5,40,0,1,1,4,6,1,7,9,7,19,22,7,51,8,33,1,0,0,4,4,5,11,1,0,25,5,1,22,17,24,3,5,10,19,36,0,0,0,0,0,0,6,6,6,12,13,13,6,9,8
2303,12,2,0,3,4,0,2,5,0,3,14,19,21,41,36,20,1,0,0,1,0,6,5,0,6,6,0,6,31,38,5,2,2,2,3,1,4,7,0,5,6,7,11,1,3,5,1,2,3,8,19,1,1,1,4,4,5,4,3,2,2,0,1,11,7,29
2304,11,0,0,2,0,4,5,13,8,6,4,20,19,34,4,23,2,3,2,2,3,2,3,2,2,2,2,2,43,2,42,0,1,3,6,2,1,3,9,4,16,4,8,49,52,14,2,3,6,12,26,2,2,2,2,2,2,1,1,1,1,1,2,10,8,9
2305,2,3,3,1,3,6,1,8,9,4,20,11,1,4,12,45,0,1,1,6,1,1,8,11,9,25,13,9,21,31,50,1,0,0,4,4,5,5,7,3,2,26,0,7,34,20,4,7,14,27,54,0,0,0,0,0,0,2,4,5,18,14,19,12,14,10
2306,2,3,3,1,3,6,1,9,10,1,8,9,1,22,37,41,0,1,1,6,1,1,8,11,9,11,10,18,7,41,9,1,0,0,4,4,5,8,11,6,1,2,2,10,12,0,4,7,12,23,46,0,0,0,0,0,0,2,4,5,7,8,7,2,1,2
2307,14,2,0,3,2,5,6,7,5,13,23,22,2,6,40,2,1,0,0,5,4,4,10,6,4,21,14,17,14,18,14,2,2,2,3,1,4,0,6,9,12,9,4,4,10,52,1,1,2,3,6,1,1,1,3,3,3,8,9,9,8,9,8,4,5,4
2308,9,3,1,2,6,1,4,4,1,5,9,10,7,39,13,28,3,1,3,3,5,3,4,3,3,3,3,3,3,3,3,3,3,1,2,3,2,6,10,7,3,3,6,11,11,3,3,4,8,15,31,3,0,3,6,6,6,11,11,11,17,17,17,9,11,11
2309,1,3,3,1,3,6,3,8,9,2,15,26,15,45,42,54,0,1,1,0,6,5,0,13,5,14,5,5,15,33,55,1,0,0,0,5,0,13,2,2,15,20,12,29,50,51,4,7,14,26,53,0,0,0,5,5,4,3,2,3,10,12,11,20,20,16
2310,8,3,3,2,5,3,4,6,6,9,2,23,20,17,8,16,0,1,1,4,6,1,12,9,7,7,9,16,8,20,7,1,0,0,4,4,5,5,7,3,26,21,25,50,8,55,3,5,10,18,35,0,0,0,0,0,0,10,8,10,16,19,16,26,25,23
2311,1,3,3,1,3,6,1,8,9,2,25,26,15,45,31,37,0,1,1,6,1,1,13,13,12,14,25,5,15,17,6,1,0,0,4,4,5,13,2,2,19,15,14,13,16,7,4,7,14,26,52,0,0,0,0,0,4,3,2,3,10,12,11,32,30,35
2312,11,0,0,2,0,4,5,12,3,6,3,7,4,38,48,9,2,3,2,2,3,2,3,2,2,2,2,2,43,2,42,0,1,3,6,2,1,3,9,4,16,4,8,27,36,36,2,3,7,13,28,2,2,2,2,2,2,1,1,1,1,1,2,8,8,9
2313,1,3,3,1,3,6,1,8,9,12,15,26,13,46,49,6,0,1,1,6,1,1,13,5,12,9,12,12,9,29,27,1,0,0,4,4,5,5,7,3,0,13,7,55,14,44,4,7,14,26,53,0,0,0,0,0,4,3,2,7,6,6,4,5,3,3
2314,2,3,3,2,5,3,1,6,6,4,0,11,20,4,44,16,0,1,1,6,1,1,8,11,9,25,13,9,21,31,50,1,0,0,4,4,5,5,7,3,2,26,0,7,34,20,4,7,14,27,54,0,0,0,0,0,0,2,4,5,18,14,19,12,14,10
2315,5,1,2,0,1,2,0,2,2,0,17,27,17,20,25,22,1,2,0,1,2,0,11,4,11,26,20,10,12,10,13,2,2,2,5,6,3,2,3,12,10,11,17,45,37,33,1,1,1,1,2,1,1,1,1,1,1,0,0,0,3,7,6,21,10,6
2316,12,2,0,3,4,0,2,5,0,3,14,19,23,28,20,44,1,0,0,1,0,6,5,0,6,6,0,6,31,0,5,2,2,2,3,1,4,7,0,5,6,7,11,1,3,5,1,1,2,3,8,1,1,1,4,4,5,4,3,2,2,0,1,50,52,50
2317,8,3,3,1,5,3,1,3,12,9,10,24,9,55,53,8,0,1,1,4,6,1,12,9,7,7,9,16,39,28,31,1,0,0,4,4,5,11,1,0,5,24,27,2,48,40,3,5,10,20,38,0,0,0,0,0,0,6,6,6,22,16,22,33,37,15
2318,4,1,2,0,1,2,0,11,7,7,21,16,6,9,54,53,1,2,0,1,2,0,1,4,0,23,16,13,45,27,43,2,2,2,5,6,3,5,5,3,4,19,23,26,21,25,1,1,2,6,14,1,1,1,1,1,1,0,0,0,24,23,24,18,19,21
2319,7,3,3,1,3,6,1,3,12,8,18,24,22,54,53,8,0,1,1,4,6,1,7,9,7,19,22,7,17,45,15,1,0,0,4,4,5,11,1,0,25,5,1,22,17,24,4,7,13,24,47,0,0,0,0,0,0,6,6,6,12,13,13,6,9,8
2320,7,3,3,1,3,6,1,6,10,8,18,21,22,48,24,49,0,1,1,6,1,1,12,1,8,4,6,23,4,47,49,1,0,0,4,4,5,5,7,3,5,24,27,20,42,23,4,7,13,25,48,0,0,0,0,0,0,10,8,10,22,16,22,41,35,15
2321,2,3,3,1,3,6,1,9,10,1,0,18,1,4,22,11,0,1,1,6,1,1,8,11,9,25,13,9,21,31,50,1,0,0,4,4,5,8,11,6,2,26,0,2,1,1,4,7,12,23,45,0,0,0,0,0,0,2,4,5,7,8,7,2,1,10
2322,3,1,2,0,1,2,0,1,7,7,1,3,26,8,16,55,1,2,0,1,2,0,1,4,0,8,19,20,30,12,32,2,2,2,5,6,3,5,5,3,20,25,3,28,30,22,1,1,2,4,11,1,1,1,1,1,1,0,0,0,19,2,12,28,24,27
2323,6,3,3,1,3,6,3,0,11,2,25,4,15,0,42,37,0,1,1,0,6,5,0,13,5,14,5,5,15,33,55,1,0,0,0,5,0,13,2,2,15,20,12,29,50,51,4,6,11,22,43,0,0,0,5,5,4,3,2,3,10,12,11,20,20,16
2324,2,3,3,1,3,6,1,8,9,4,20,11,13,4,12,45,0,1,1,6,1,1,8,11,9,25,13,9,21,31,50,1,0,0,4,4,5,5,7,3,2,26,0,7,34,20,4,7,14,27,54,0,0,0,0,0,0,2,4,5,18,14,19,12,14,10
2325,9,3,3,2,5,3,4,6,6,10,2,23,20,2,18,16,0,1,1,6,1,1,8,1,8,24,18,21,27,47,8,1,0,0,4,4,5,5,7,3,26,21,25,37,2,38,3,5,10,18,35,0,0,0,0,0,0,10,8,10,16,19,16,26,25,23
2326,11,0,0,2,0,4,5,13,8,6,4,20,19,34,4,23,2,3,2,2,3,2,3,2,2,2,2,2,43,2,42,0,1,3,6,2,1,3,9,4,16,4,8,49,52,14,2,3,6,12,26,2,2,2,2,2,2,1,1,1,1,1,2,10,26,9
2327,9,3,3,2,5,3,4,6,6,10,22,6,3,15,43,19,0,1,1,4,6,1,9,10,10,10,8,8,10,14,10,1,0,0,1,0,6,9,13,11,14,6,9,15,19,8,3,5,9,16,32,0,3,0,0,0,0,12,12,12,21,20,20,17,17,14
2328,2,3,3,1,3,6,1,8,9,4,20,11,13,11,12,45,0,1,1,6,1,1,8,11,9,25,13,9,21,31,50,1,0,0,4,4,5,8,7,6,2,26,0,7,34,20,4,7,14,27,54,0,0,0,0,0,0,2,4,5,18,14,19,12,14,10
2329,1,3,3,1,3,6,1,8,9,2,16,26,15,27,42,51,2,3,2,2,3,2,3,12,13,2,2,2,16,26,51,0,1,3,6,2,1,3,9,4,16,4,8,49,52,14,4,7,14,26,53,2,2,2,2,2,2,1,1,1,4,4,3,20,20,16
2330,8,3,3,2,5,3,4,6,12,9,10,15,20,32,19,12,0,1,1,4,6,1,12,9,7,7,9,16,8,20,7,1,0,0,4,4,5,5,7,3,22,16,15,2,1,1,3,5,10,17,33,0,0,0,0,0,0,6,6,6,15,15,15,16,13,13
2331,14,2,2,3,2,5,6,7,5,13,23,22,2,30,40,2,1,0,0,5,4,4,10,6,4,21,14,17,14,18,14,2,2,2,3,1,4,0,6,9,12,9,4,4,10,52,1,2,4,9,21,1,1,1,3,3,3,8,9,9,8,9,8,4,5,4
2332,3,1,2,0,1,2,0,11,7,7,6,17,24,49,30,24,1,2,0,1,2,0,1,4,0,23,16,13,33,34,18,2,2,2,5,6,3,5,5,3,24,0,26,51,31,17,1,1,2,7,16,1,1,1,1,1,1,0,0,0,26,26,26,44,45,45
2333,10,0,0,2,0,4,5,13,8,6,4,20,8,16,32,15,2,3,2,2,3,2,3,12,13,12,15,15,25,52,35,0,1,3,6,2,1,12,12,8,8,12,20,19,28,29,2,3,6,12,27,2,2,2,2,2,2,1,1,1,4,4,3,14,12,12
2334,5,1,2,0,1,2,0,2,2,0,5,27,12,50,25,13,1,2,0,1,2,0,11,4,11,26,20,10,12,10,13,2,2,2,5,6,3,2,3,12,10,11,17,12,45,16,1,1,1,1,2,1,1,1,1,1,1,0,0,0,3,7,6,15,10,6
2335,11,0,0,2,0,4,5,13,8,6,4,20,19,34,41,30,2,3,2,2,3,2,3,2,2,2,2,2,16,39,44,0,1,3,6,2,1,3,9,4,16,4,8,3,7,2,2,3,6,12,27,2,2,2,2,2,2,1,1,1,1,1,2,23,15,25
2336,10,0,0,2,0,4,5,10,8,6,27,20,8,16,32,15,2,3,2,2,3,2,3,12,13,12,15,15,25,52,35,0,1,3,6,2,1,12,12,8,8,12,20,19,28,29,2,3,6,12,27,2,2,2,2,2,2,1,1,1,4,4,3,14,12,12
2337,6,3,3,1,3,6,3,0,9,2,25,26,15,45,31,37,0,1,1,0,6,5,0,13,5,14,25,5,15,17,6,1,0,0,0,5,0,13,2,2,19,15,14,13,16,7,4,6,11,22,42,0,0,0,5,5,4,3,2,3,10,12,11,32,30,35
2338,9,3,1,2,6,1,4,4,1,5,9,10,7,39,11,29,3,1,3,3,5,3,4,3,3,3,3,3,3,3,3,3,3,1,2,3,2,6,10,7,3,3,6,30,41,46,3,4,8,15,31,3,0,3,6,6,6,11,11,11,17,17,17,9,11,11
2339,9,3,1,2,6,1,4,4,1,5,9,10,7,39,13,28,3,1,3,3,5,3,4,3,3,3,3,3,3,3,3,3,3,1,2,3,2,6,10,7,3,3,6,11,11,3,3,4,8,15,31,3,0,3,6,6,6,11,11,11,17,17,17,9,11,11
2340,9,3,3,2,5,3,4,6,6,10,2,23,20,2,8,16,0,1,1,6,1,1,8,1,8,24,18,21,27,47,8,1,0,0,4,4,5,5,7,3,26,21,25,2,1,1,3,5,10,18,35,0,0,0,0,0,0,10,8,10,16,19,16,26,25,23
2341,4,1,2,0,1,2,0,1,7,7,11,3,26,8,16,55,1,2,0,1,2,0,1,4,0,8,19,20,18,46,22,2,2,2,5,6,3,5,5,3,4,19,23,6,9,6,1,1,2,4,10,1,1,1,1,1,1,0,0,0,11,2,12,22,18,20
2342,12,2,0,3,4,0,2,5,0,3,14,19,23,53,20,44,1,0,0,1,0,6,5,0,6,6,0,6,31,0,39,2,2,2,3,1,4,7,0,5,6,7,11,1,3,5,1,2,3,8,18,1,1,1,4,4,5,4,3,2,2,0,1,1,4,5
2343,12,2,0,3,4,0,2,5,0,3,14,13,21,31,10,34,1,0,0,1,0,6,5,0,6,6,0,6,31,0,39,2,2,2,3,1,4,7,0,5,6,7,11,1,3,5,1,2,3,8,18,1,1,1,4,4,5,4,3,2,2,0,1,1,4,5
2344,11,0,0,2,0,4,5,12,3,6,3,7,4,47,46,5,2,3,2,2,3,2,3,2,2,2,2,2,44,43,16,0,1,3,6,2,1,3,9,4,16,4,8,27,36,36,2,3,7,13,28,2,2,2,2,2,2,1,1,1,1,1,2,8,8,32
2345,8,3,3,2,5,3,4,6,12,9,10,15,20,32,19,12,0,1,1,4,6,1,12,9,7,7,9,16,8,20,7,1,0,0,4,4,5,5,1,0,22,16,15,43,38,28,3,5,10,17,33,0,0,0,0,0,0,6,6,6,15,15,15,16,13,13
2346,2,3,3,1,3,6,1,9,10,4,20,11,1,4,12,45,0,1,1,6,1,1,8,11,9,25,13,9,21,31,50,1,0,0,4,4,5,8,11,6,2,26,0,7,34,20,4,7,14,27,54,0,0,0,0,0,0,2,4,5,18,14,19,12,14,10
2347,8,3,3,2,5,3,4,3,12,9,2,24,9,40,53,8,0,1,1,4,6,1,7,9,7,19,22,7,51,8,33,1,0,0,4,4,5,11,1,0,25,5,1,22,17,24,3,5,10,20,37,0,0,0,0,0,0,6,6,6,12,13,13,6,9,8
2348,5,1,2,0,1,2,0,2,2,0,5,27,12,50,25,13,1,2,0,1,2,0,11,4,11,26,20,10,12,10,13,2,2,2,5,6,3,2,3,12,10,11,17,12,45,16,1,1,1,1,2,1,1,1,1,1,1,0,0,0,3,7,6,15,10,6
2349,7,3,3,1,3,6,1,8,9,8,18,25,22,54,34,4,0,1,1,6,1,1,2,8,1,15,24,1,54,21,1,1,0,0,4,4,5,1,7,13,13,17,10,2,1,9,4,7,13,24,47,0,0,0,0,0,0,7,7,8,5,5,5,7,6,7
2350,12,2,0,3,4,0,2,5,0,3,14,13,21,41,10,42,1,0,0,1,0,6,5,0,6,6,0,6,31,0,26,2,2,2,3,1,4,7,0,5,6,7,11,1,3,5,1,2,3,8,19,1,1,1,4,4,5,4,3,2,2,0,1,1,4,5
2351,14,2,2,3,2,5,6,7,5,13,23,22,2,30,27,39,1,0,0,5,4,4,10,6,4,21,14,17,14,18,14,2,2,2,5,6,3,5,5,3,12,19,4,23,4,1,1,2,4,9,21,1,1,1,1,1,1,0,0,0,8,9,8,53,43,39
2352,4,1,0,0,1,2,0,11,9,7,19,17,24,36,55,10,2,3,2,2,3,2,3,12,13,12,21,27,2,26,2,2,2,2,6,2,1,5,7,3,4,19,23,2,1,1,1,1,2,3,6,2,2,2,2,2,2,1,1,1,8,9,8,19,54,18
2353,9,3,1,2,6,1,4,4,1,5,9,10,7,39,11,29,3,1,3,3,5,3,4,3,3,3,3,3,3,3,3,3,3,1,2,3,2,6,10,7,3,3,6,30,41,46,3,4,8,15,31,3,0,3,6,6,6,11,11,11,17,17,17,9,11,11
2354,11,0,0,2,0,4,5,12,3,6,3,7,4,38,46,9,2,3,2,2,3,2,3,12,13,2,2,27,38,54,51,0,1,3,6,2,1,3,9,4,16,4,8,49,52,14,2,3,7,13,28,2,2,2,2,2,2,1,1,1,1,1,2,8,8,32
2355,14,3,3,1,3,6,1,8,9,8,20,14,13,18,23,51,2,3,2,2,3,2,3,12,13,12,15,27,38,54,51,1,0,0,4,4,5,5,7,3,0,19,7,2,1,14,1,2,4,9,21,0,0,0,0,0,0,12,12,12,21,20,20,17,17,14
2356,5,1,2,0,1,2,0,2,4,0,13,8,17,25,17,48,1,2,0,1,2,0,1,4,0,23,11,20,11,23,22,2,2,2,5,6,3,5,5,3,4,19,23,2,1,1,1,1,1,1,1,1,1,1,1,1,1,0,0,0,3,7,6,21,31,39
2357,7,3,3,1,3,6,1,8,9,12,0,1,13,46,1,54,0,1,1,6,1,1,2,8,1,15,6,23,20,37,28,1,0,0,4,4,5,1,7,13,0,13,7,33,46,4,4,7,13,25,49,0,0,0,0,0,0,7,7,8,5,5,5,34,34,37
2358,14,2,0,1,3,6,1,8,9,4,20,14,13,18,28,46,0,1,1,6,1,1,13,1,12,18,1,14,19,1,19,1,0,0,4,4,5,5,7,3,23,14,16,21,15,11,4,7,14,28,55,0,0,0,2,0,3,2,8,7,20,21,21,40,42,40
2359,1,3,3,1,3,6,1,8,10,8,18,25,22,46,39,3,0,1,1,6,1,1,13,5,12,9,12,12,46,29,48,1,0,0,4,4,5,5,7,3,0,13,7,2,1,9,4,7,14,26,52,0,0,0,0,0,0,7,7,8,25,24,25,36,32,53
2360,11,0,0,2,0,4,5,12,3,6,3,7,4,38,48,5,2,3,2,2,3,2,3,2,2,2,2,2,44,43,16,0,1,3,6,2,1,3,9,4,16,4,8,27,36,36,2,3,7,13,28,2,2,2,2,2,2,1,1,1,1,1,2,8,8,17
2361,13,2,0,3,2,5,6,7,13,13,12,2,14,35,15,43,1,0,0,5,4,4,6,6,4,5,23,24,26,24,29,2,2,2,3,1,4,0,6,9,18,22,21,14,25,31,1,2,5,10,22,1,1,1,3,3,3,5,5,4,0,25,0,24,22,19
2362,1,3,3,1,3,6,1,8,9,12,15,26,15,45,31,54,0,1,1,6,1,1,13,13,12,9,25,12,15,17,6,1,0,0,4,4,5,13,2,2,0,13,7,55,14,9,4,7,14,26,52,0,0,0,0,0,4,3,2,7,6,6,4,32,30,35
2363,8,0,3,2,5,3,4,3,6,9,2,23,9,29,5,40,0,1,1,4,6,1,7,9,7,19,22,7,51,8,33,1,0,0,4,4,5,11,1,0,25,5,1,22,17,24,3,5,10,19,36,0,0,0,0,0,0,6,6,6,12,13,13,6,9,8
2364,3,1,2,0,1,2,0,1,7,7,19,3,24,49,16,10,1,2,0,1,2,0,1,4,0,23,16,13,33,34,18,2,2,2,5,6,3,5,5,3,24,0,26,2,1,1,1,1,2,7,16,1,1,1,1,1,1,0,0,0,26,26,26,44,45,45
2365,6,3,3,1,3,6,3,0,11,11,26,4,27,12,14,32,0,1,1,0,6,5,0,7,5,0,17,11,0,9,52,1,0,0,0,5,0,4,8,1,9,8,13,18,0,53,4,6,11,21,39,0,0,0,5,5,4,9,10,3,9,11,10,3,2,1
2366,1,3,3,1,3,6,1,8,9,12,16,26,13,46,55,54,0,1,1,6,1,1,13,5,12,9,12,12,9,29,27,1,0,0,4,4,5,5,7,3,0,13,7,55,14,44,4,7,14,26,52,0,0,0,0,0,4,3,2,7,6,6,4,34,3,3
2367,3,1,2,0,1,2,0,1,7,7,1,3,25,1,47,48,1,2,0,1,2,0,1,4,0,8,19,20,30,12,32,2,2,2,5,6,3,5,5,3,20,25,3,28,30,22,1,1,2,3,8,1,1,1,1,1,1,0,0,0,19,2,12,28,24,27
2368,13,2,0,3,2,5,6,7,13,13,7,12,14,10,7,31,1,0,0,5,4,4,6,6,4,5,7,4,5,30,54,2,2,2,3,1,4,0,6,9,11,1,24,5,6,48,1,2,5,11,24,1,1,1,3,3,3,5,5,4,0,3,0,0,0,0
2369,7,3,3,1,3,6,1,8,9,8,18,1,22,27,38,26,0,1,1,6,1,1,2,1,8,20,6,23,50,47,49,1,0,0,4,4,5,1,7,13,0,19,7,24,49,45,4,7,13,25,51,0,0,0,0,0,0,7,7,8,5,19,16,48,47,49
2370,4,1,2,0,1,2,0,1,7,7,11,3,26,33,16,36,1,2,0,1,2,0,1,4,0,22,19,0,29,50,0,2,2,2,5,6,3,5,5,3,4,19,23,23,1,1,1,1,2,4,12,1,1,1,1,1,1,0,0,0,14,18,14,29,40,47
2371,12,2,0,3,4,0,2,5,0,3,14,19,23,53,20,44,1,0,0,1,0,6,5,0,6,6,0,6,31,0,39,2,2,2,3,1,4,7,0,5,6,7,11,1,3,5,1,2,3,8,18,1,1,1,4,4,5,4,3,2,2,0,1,11,7,5
2372,4,1,2,0,1,2,0,11,7,7,21,16,6,33,52,10,1,2,0,1,2,0,1,4,0,1,19,22,53,48,17,2,2,2,5,6,3,5,5,3,4,19,23,23,4,1,1,1,2,4,10,1,1,1,1,1,1,0,0,0,14,18,14,29,40,24
2373,8,3,3,2,5,3,4,6,12,9,10,15,20,32,19,12,0,1,1,4,6,1,12,9,7,7,9,16,8,20,7,1,0,0,4,4,5,5,1,0,22,16,15,39,23,55,3,5,10,20,38,0,0,0,0,0,0,6,6,6,15,15,15,16,13,13
2374,10,0,0,2,0,4,5,13,8,6,4,20,8,16,32,15,2,3,2,2,3,2,3,12,13,12,15,15,25,52,35,0,1,3,6,2,1,12,12,8,8,12,20,19,28,29,2,3,6,12,27,2,2,2,2,2,2,1,1,1,4,4,3,14,12,12
2375,11,0,0,2,0,4,5,12,3,6,3,7,4,47,46,9,2,3,2,2,3,2,3,2,2,2,2,2,43,2,42,0,1,3,6,2,1,3,9,4,16,4,8,49,52,14,2,3,7,13,28,2,2,2,2,2,2,1,1,1,1,1,2,10,8,9
2376,14,2,2,3,2,5,6,7,5,13,23,22,2,30,40,39,1,0,0,5,4,4,10,6,4,21,14,17,14,18,14,2,2,2,3,1,4,0,6,9,12,9,4,4,1,1,1,2,4,9,21,1,1,1,3,3,3,8,9,9,8,9,8,4,5,4
2377,1,3,3,1,5,3,1,8,9,12,15,26,13,46,55,54,0,1,1,6,1,1,13,5,12,9,12,12,9,29,27,1,0,0,4,4,5,5,7,3,0,13,7,55,14,44,4,7,14,26,53,0,0,0,0,0,4,3,2,7,6,6,4,5,3,3
2378,8,3,3,2,5,3,4,3,12,9,10,24,9,55,53,8,0,1,1,4,6,1,7,9,7,19,22,7,51,8,33,1,0,0,4,4,5,11,1,0,25,5,1,22,17,24,3,5,10,20,37,0,0,0,0,0,0,6,6,6,12,13,13,6,9,8
2379,5,1,2,0,1,2,0,2,2,0,5,27,12,50,25,13,1,2,0,1,2,0,11,4,11,26,20,10,12,10,13,2,2,2,5,6,3,2,3,12,10,11,17,12,45,16,1,1,1,1,2,1,1,1,1,1,1,0,0,0,3,7,6,15,10,6
2380,9,3,3,2,5,3,4,6,6,10,2,23,20,2,18,16,0,1,1,6,1,1,8,1,8,24,18,21,27,47,8,1,0,0,4,4,5,5,7,3,26,21,25,37,2,38,3,5,10,18,35,0,0,0,0,0,0,10,8,10,16,19,16,26,25,23
2381,1,2,0,3,2,5,6,7,5,13,23,22,2,21,39,39,1,0,0,5,4,4,6,6,4,5,7,4,48,6,53,2,2,2,3,1,4,0,6,9,12,9,4,4,10,52,1,2,3,8,19,1,1,1,3,3,3,5,5,4,8,9,8,36,32,53
2382,3,1,2,0,4,0,2,1,7,3,6,17,5,37,52,24,1,2,0,1,2,0,1,4,0,1,4,22,53,48,17,2,2,2,5,6,3,5,5,3,4,19,23,2,1,1,1,1,2,2,4,1,1,1,1,1,1,0,0,0,13,10,14,30,33,30
2383,7,3,3,1,3,6,1,8,10,8,18,25,22,54,35,21,0,1,1,6,1,1,2,8,1,15,24,1,54,21,1,1,0,0,4,4,5,1,7,13,13,17,10,8,20,9,4,7,13,24,47,0,0,0,0,0,0,7,7,8,5,5,5,7,6,7
2384,11,0,0,2,0,4,5,13,8,6,4,20,19,34,41,30,2,3,2,2,3,2,3,2,2,2,2,2,16,39,44,0,1,3,6,2,1,3,9,4,16,4,8,3,7,2,2,3,6,12,26,2,2,2,2,2,2,1,1,1,1,1,2,23,15,25
2385,10,0,0,2,0,4,5,13,8,6,4,20,19,13,21,30,2,3,2,2,3,2,3,12,13,12,15,27,2,26,2,0,1,3,6,2,1,12,12,8,8,12,20,44,54,10,2,3,6,12,27,2,2,2,2,2,2,1,1,1,4,4,3,19,21,18
2386,11,0,0,2,0,4,5,13,8,6,4,20,19,34,4,23,2,3,2,2,3,2,3,2,2,2,2,2,43,2,42,0,1,3,6,2,1,3,9,4,16,4,8,49,52,14,2,3,6,12,26,2,2,2,2,2,2,1,1,1,1,1,2,8,8,9
2387,8,3,3,2,5,3,4,6,12,9,10,15,20,32,19,12,0,1,1,4,6,1,12,9,7,7,9,16,8,20,7,1,0,0,4,4,5,5,1,0,22,16,15,43,38,28,3,5,10,17,33,0,0,0,0,0,0,6,6,6,15,15,15,16,13,13
2388,8,0,3,2,5,3,4,3,6,9,2,23,9,29,5,40,0,1,1,4,6,1,7,9,7,19,22,7,51,8,33,1,0,0,4,4,5,11,1,0,25,5,1,22,17,24,3,5,10,19,36,0,0,0,0,0,0,6,6,6,12,13,13,6,9,8
2389,1,2,0,3,3,6,1,8,9,12,15,0,13,46,39,3,0,1,1,6,1,1,13,5,12,9,12,12,9,29,48,2,2,2,3,1,4,5,7,3,0,13,7,55,14,9,4,7,14,26,52,0,0,0,0,0,4,3,2,7,6,6,4,5,3,3
2390,11,0,0,2,0,4,5,12,3,6,3,7,4,3,48,5,2,3,2,2,3,2,3,2,2,2,2,2,44,43,16,0,1,3,6,2,1,3,9,4,16,4,8,27,36,36,2,3,7,13,28,2,2,2,2,2,2,1,1,1,1,1,2,8,8,17
2391,5,1,2,0,1,2,0,2,2,0,5,27,12,50,25,13,1,2,0,1,2,0,11,4,11,26,20,10,12,10,13,2,2,2,5,6,3,2,3,12,10,11,17,12,45,16,1,1,1,1,2,1,1,1,1,1,1,0,0,0,3,7,6,15,10,6
2392,9,3,3,2,5,3,4,6,6,10,22,5,3,15,43,19,0,1,1,4,6,1,9,10,10,10,8,8,10,14,10,1,0,0,1,0,6,9,13,11,14,6,9,15,19,8,3,5,9,16,32,0,3,0,0,0,0,12,12,12,21,20,20,17,17,14
2393,13,2,0,3,2,5,6,7,13,13,7,12,14,10,2,27,1,0,0,5,4,4,6,6,4,5,7,4,5,30,53,2,2,2,3,1,4,0,6,9,11,1,24,5,6,48,1,2,5,11,24,1,1,1,3,3,3,5,5,4,0,3,0,0,0,0
2394,8,3,3,2,5,3,4,3,12,9,10,24,9,55,53,8,0,1,1,4,6,1,7,9,7,19,22,7,17,45,15,1,0,0,4,4,5,11,1,0,25,5,1,40,48,40,3,5,10,20,37,0,0,0,0,0,0,6,6,6,12,13,13,6,9,8
2395,3,1,2,0,1,2,0,11,4,7,19,17,24,36,27,10,1,2,0,1,2,0,1,4,0,1,4,22,28,4,17,2,2,2,5,6,3,5,5,3,4,19,23,48,1,43,1,1,2,3,6,1,1,1,1,1,1,0,0,0,3,10,9,37,38,36
2396,2,3,3,1,3,6,1,9,10,1,8,18,1,22,37,11,0,1,1,6,1,1,8,11,9,11,10,18,49,7,9,1,0,0,4,4,5,8,11,6,1,2,2,54,35,21,4,7,12,23,44,0,0,0,0,0,0,2,4,5,7,8,7,2,1,2
2397,8,3,3,2,5,3,4,6,12,9,10,24,20,40,18,12,0,1,1,4,6,1,12,9,7,7,9,16,39,28,31,1,0,0,4,4,5,5,1,0,22,16,15,2,1,1,3,5,10,17,33,0,0,0,0,0,0,6,6,6,22,16,22,33,13,13
2398,1,3,3,1,3,6,1,8,9,12,16,26,13,46,55,38,0,1,1,6,1,1,13,5,12,9,12,12,9,29,27,1,0,0,4,4,5,5,7,3,0,13,7,55,14,44,4,7,14,26,53,0,0,0,0,0,4,3,2,7,6,6,4,5,3,3
2399,2,3,3,1,3,6,1,9,10,1,8,18,1,22,22,11,0,1,1,6,1,1,8,11,9,11,10,18,49,7,9,1,0,0,4,4,5,8,11,6,1,2,2,54,35,21,4,7,12,23,44,0,0,0,0,0,0,2,4,5,7,8,7,2,1,2
2400,12,2,0,3,4,0,2,5,0,3,14,13,21,41,10,42,1,0,0,1,0,6,5,0,6,6,0,6,31,38,5,2,2,2,3,1,4,7,0,5,6,7,11,1,3,5,1,2,3,8,19,1,1,1,4,4,5,4,3,2,2,0,1,11,4,5
2401,6,3,3,1,3,6,3,0,11,11,26,4,27,12,14,32,0,1,1,0,6,5,0,7,5,0,17,11,47,53,52,1,0,0,0,5,0,4,8,1,9,8,13,52,40,13,4,6,11,21,39,0,0,0,5,5,4,9,10,3,9,11,10,3,2,1
2402,2,3,3,1,3,6,1,9,10,1,8,9,1,22,37,41,0,1,1,6,1,1,8,11,9,11,10,18,7,41,9,1,0,0,4,4,5,8,11,6,1,2,2,10,12,0,4,7,12,23,46,0,0,0,0,0,0,2,4,5,7,8,7,2,1,2
2403,1,3,3,1,3,6,1,8,9,12,16,26,13,46,55,54,0,1,1,0,6,1,0,13,5,14,25,5,15,17,6,1,0,0,4,4,5,13,2,2,0,13,7,55,14,44,4,7,14,26,53,0,0,0,5,5,4,3,2,3,10,12,11,20,20,16
2404,4,1,2,0,1,2,0,1,7,7,11,3,26,33,16,10,1,2,0,1,2,0,1,4,0,22,19,20,18,46,22,2,2,2,5,6,3,5,5,3,4,19,23,6,9,6,1,1,2,4,10,1,1,1,1,1,1,0,0,0,11,2,18,22,18,41
2405,13,2,0,3,2,5,6,7,13,13,12,2,14,35,2,14,1,0,0,5,4,4,6,6,4,5,23,24,48,6,4,2,2,2,3,1,4,0,6,9,11,1,24,2,1,48,1,2,5,11,23,1,1,1,3,3,3,5,5,4,0,3,0,24,22,19
2406,4,1,2,0,1,2,0,1,7,7,1,16,18,1,47,35,1,2,0,1,2,0,1,4,0,8,19,20,11,46,22,2,2,2,5,6,3,5,5,3,20,25,3,28,30,22,1,1,2,4,12,1,1,1,1,1,1,0,0,0,19,2,12,28,24,27
2407,3,1,2,0,4,0,2,11,4,3,6,17,18,37,52,24,1,2,0,1,2,0,1,4,0,1,4,22,35,48,17,2,2,2,5,6,3,5,5,3,4,19,23,32,29,18,1,1,2,4,10,1,1,1,1,1,1,0,0,0,13,10,9,13,16,24
2408,10,0,0,2,0,4,5,13,8,6,4,20,8,16,32,30,2,3,2,2,3,2,3,12,13,12,15,27,2,19,2,0,1,3,6,2,1,12,12,8,8,12,20,44,54,10,2,3,6,12,27,2,2,2,2,2,2,1,1,1,4,4,3,19,21,18
2409,4,1,2,0,1,2,0,11,4,0,17,8,0,36,17,18,1,2,0,1,2,0,1,4,0,22,19,0,29,50,0,2,2,2,5,6,3,5,5,3,4,19,23,48,53,54,1,1,2,4,12,1,1,1,1,1,1,0,0,0,14,18,14,29,40,46
2410,6,3,3,2,5,3,3,0,11,2,0,4,15,0,42,37,0,1,1,0,6,5,0,13,5,14,5,5,15,33,55,1,0,0,0,5,0,13,2,2,15,20,12,29,50,51,4,6,11,22,43,0,0,0,5,5,4,3,2,3,10,12,11,20,20,16
2411,13,2,0,3,2,5,6,7,13,13,7,12,14,21,2,14,1,0,0,5,4,4,6,6,4,5,7,4,5,30,54,2,2,2,3,1,4,0,6,9,11,1,24,5,6,48,1,2,5,11,24,1,1,1,3,3,3,5,5,4,0,3,0,0,0,0
2412,2,3,3,1,3,6,1,9,10,1,8,18,1,22,37,1,0,1,1,6,1,1,8,11,9,11,10,18,49,7,9,1,0,0,4,4,5,8,11,6,1,2,2,54,35,21,4,7,12,23,46,0,0,0,0,0,0,2,4,5,7,8,7,2,1,2
2413,2,3,3,1,3,6,1,8,9,4,20,11,13,4,12,45,0,1,1,6,1,1,8,11,9,25,13,9,21,31,50,1,0,0,4,4,5,5,7,3,2,26,0,7,34,20,4,7,14,27,54,0,0,0,0,0,0,2,4,5,18,14,19,12,14,10
2414,4,1,2,0,1,2,0,1,7,7,11,3,26,8,16,55,1,2,0,1,2,0,1,4,0,22,19,0,18,46,0,2,2,2,5,6,3,5,5,3,4,19,23,6,9,6,1,1,2,4,11,1,1,1,1,1,1,0,0,0,11,2,12,30,33,30
2415,2,3,3,1,3,6,1,9,10,1,8,9,1,22,37,41,0,1,1,6,1,1,8,11,9,11,10,18,7,41,9,1,0,0,4,4,5,8,11,6,1,2,2,10,12,0,4,7,12,23,46,0,0,0,0,0,0,2,4,5,7,8,7,2,1,2
2416,3,1,2,0,1,2,0,11,5,0,24,22,2,30,40,22,0,1,1,6,1,1,2,8,1,15,24,1,13,21,1,2,2,2,4,4,5,1,7,13,13,17,10,2,1,1,4,7,13,24,47,1,1,1,3,0,0,7,7,8,5,5,5,7,6,7
2417,4,1,2,0,1,2,0,11,7,7,21,16,6,26,54,35,1,2,0,1,2,0,1,4,0,27,19,20,24,23,23,2,2,2,5,6,3,5,5,3,4,19,23,31,44,19,1,1,2,4,9,1,1,1,1,1,1,0,0,0,11,2,18,45,48,48
2418,9,3,3,2,5,3,4,6,6,10,2,23,20,2,18,16,0,1,1,6,1,1,8,1,8,24,18,21,27,47,8,1,0,0,4,4,5,5,7,3,26,21,25,37,2,38,3,5,10,18,35,0,0,0,0,0,0,10,8,10,16,19,16,26,25,23
2419,9,3,3,2,5,3,4,6,6,10,2,23,20,17,18,16,0,1,1,6,1,1,8,1,8,24,18,21,27,22,21,1,0,0,4,4,5,5,7,3,26,21,25,50,8,32,3,5,10,18,35,0,0,0,0,0,0,10,8,10,16,19,16,26,25,23
2420,6,3,3,1,3,6,3,0,9,2,25,26,15,0,31,37,0,1,1,0,6,5,0,13,5,14,25,5,15,17,6,1,0,0,0,5,0,13,2,2,19,15,14,13,16,7,4,6,11,22,42,0,0,0,5,5,4,3,2,3,10,12,11,32,30,35
2421,6,3,3,1,3,6,3,0,11,11,26,4,27,42,14,25,0,1,1,0,6,5,0,7,5,0,17,11,47,53,11,1,0,0,0,5,0,4,8,1,9,8,13,17,5,15,4,6,11,21,40,0,0,0,5,5,4,9,10,3,9,11,10,3,2,1
2422,2,3,3,1,3,6,1,8,9,4,20,11,13,4,12,45,0,1,1,6,1,1,8,11,9,25,13,9,21,31,50,1,0,0,4,4,5,5,7,3,2,26,0,7,34,20,4,7,14,26,53,0,0,0,0,0,0,2,4,5,18,14,19,12,14,10
2423,7,3,3,1,3,6,1,8,9,8,18,1,22,27,38,4,0,1,1,6,1,1,13,1,12,4,1,23,52,5,12,1,0,0,4,4,5,5,7,3,0,13,7,2,1,1,4,7,14,26,53,0,0,0,0,0,0,7,7,8,22,5,22,41,35,54
2424,7,3,3,1,3,6,1,8,9,4,20,11,13,4,12,45,0,1,1,6,1,1,2,8,1,20,6,25,55,13,25,1,0,0,4,4,5,5,7,3,2,26,0,2,1,9,4,7,12,23,44,0,0,0,0,0,0,2,4,5,18,14,19,49,50,52
2425,4,1,2,0,1,2,0,11,7,7,21,16,6,33,16,10,1,2,0,1,2,0,1,4,0,27,19,20,24,23,23,2,2,2,5,6,3,5,5,3,4,19,23,6,9,6,1,1,2,4,10,1,1,1,1,1,1,0,0,0,11,2,18,22,18,20
2426,11,0,0,2,0,4,5,13,8,6,4,20,19,34,4,23,2,3,2,2,3,2,3,2,2,2,2,2,43,2,42,0,1,3,6,2,1,3,9,4,16,4,8,49,52,14,2,3,6,12,26,2,2,2,2,2,2,1,1,1,1,1,2,10,26,9
2427,3,1,2,0,1,2,0,11,4,7,19,17,24,36,52,10,1,2,0,1,2,0,1,4,0,1,27,22,28,4,34,2,2,2,5,6,3,5,5,3,4,19,23,2,1,1,1,1,2,3,6,1,1,1,1,1,1,0,0,0,3,10,9,37,31,33
2428,6,3,3,1,3,6,3,0,11,11,26,4,27,42,14,17,0,1,1,0,6,5,0,7,5,0,17,11,47,53,52,1,0,0,0,5,0,4,8,1,9,8,13,52,40,13,4,6,11,21,39,0,0,0,5,5,4,9,10,3,9,11,10,3,2,1
2429,4,1,2,0,1,2,0,11,4,7,21,16,6,36,54,35,1,2,0,1,2,0,1,4,0,27,19,20,24,46,23,2,2,2,5,6,3,5,5,3,4,19,23,6,1,1,1,1,2,4,12,1,1,1,1,1,1,0,0,0,11,2,18,22,53,20
2430,11,0,0,2,0,4,5,12,3,6,3,7,4,38,48,5,2,3,2,2,3,2,3,2,2,2,2,2,44,43,16,0,1,3,6,2,1,3,9,4,16,4,8,27,36,36,2,3,7,13,28,2,2,2,2,2,2,1,1,1,1,1,2,8,8,17
2431,8,3,3,2,5,3,4,6,12,9,10,15,20,32,19,12,0,1,1,4,6,1,12,9,7,7,9,16,8,20,7,1,0,0,4,4,5,5,1,0,22,16,15,39,23,55,3,5,10,17,33,0,0,0,0,0,0,6,6,6,15,15,15,16,13,13
2432,4,1,2,0,1,2,0,1,7,7,11,3,26,8,16,36,1,2,0,1,2,0,1,4,0,23,16,13,45,51,30,2,2,2,5,6,3,5,5,3,24,0,26,2,1,1,1,1,2,4,12,1,1,1,1,1,1,0,0,0,24,23,24,18,19,21
2433,5,1,2,0,1,2,0,1,9,7,0,3,25,49,30,36,1,2,0,1,2,0,1,4,0,23,16,13,33,34,18,2,2,2,5,6,3,5,5,3,24,0,26,51,31,17,1,1,2,7,16,1,1,1,1,1,1,0,0,0,26,26,26,44,45,45
2434,13,2,0,3,2,5,6,7,13,13,7,12,14,10,7,31,1,0,0,5,4,4,6,6,4,5,7,4,5,30,54,2,2,2,3,1,4,0,6,9,11,1,24,5,6,48,1,2,5,11,24,1,1,1,3,3,3,5,5,4,0,3,0,0,0,0
2435,9,3,3,2,5,3,4,6,6,10,2,23,20,2,8,16,0,1,1,6,1,1,8,1,8,24,18,21,27,47,8,1,0,0,4,4,5,5,7,3,26,21,25,37,2,38,3,5,10,18,35,0,0,0,0,0,0,10,8,10,16,19,16,26,25,23
2436,7,3,3,1,5,3,1,8,9,9,0,1,20,2,8,16,0,1,1,6,1,1,2,8,1,15,6,23,20,37,28,1,0,0,4,4,5,1,7,13,0,13,7,36,18,50,4,7,13,25,49,0,0,0,0,0,0,7,7,8,5,5,5,34,34,37
2437,7,3,3,1,3,6,1,8,10,8,18,1,22,27,38,4,0,1,1,6,1,1,2,8,1,20,6,23,50,37,28,1,0,0,4,4,5,1,7,13,13,17,10,24,49,45,4,7,13,25,50,0,0,0,0,0,0,7,7,8,5,5,5,48,47,49
2438,14,2,0,3,2,5,6,7,5,13,23,22,2,30,40,39,1,0,0,5,4,4,10,6,4,21,14,17,14,18,14,2,2,2,3,1,4,0,6,9,12,9,4,4,10,52,1,2,4,9,20,1,1,1,3,3,3,8,9,9,8,9,8,4,5,4
2439,13,2,0,3,2,5,6,7,13,13,7,12,14,10,7,31,1,0,0,5,4,4,6,6,4,5,7,4,5,30,54,2,2,2,3,1,4,0,6,9,11,1,24,5,6,48,1,2,5,11,23,1,1,1,3,3,3,5,5,4,0,3,0,0,0,0
2440,6,3,3,1,3,6,3,0,11,11,26,4,27,12,14,25,0,1,1,0,6,5,0,7,5,0,17,11,47,53,11,1,0,0,0,5,0,4,8,1,9,8,13,2,1,1,4,6,11,21,40,0,0,0,5,5,4,9,10,3,9,11,10,3,2,1
2441,13,2,0,3,2,5,6,7,13,13,12,2,14,35,2,14,1,0,0,5,4,4,6,6,4,5,23,24,26,24,29,2,2,2,3,1,4,0,6,9,11,1,24,5,6,48,1,2,5,11,23,1,1,1,3,3,3,5,5,4,0,25,0,24,22,19
2442,10,0,0,2,0,4,5,13,8,6,4,20,8,16,32,15,2,3,2,2,3,2,3,12,13,12,15,15,25,19,35,0,1,3,6,2,1,12,12,8,8,12,20,44,54,10,2,3,6,12,27,2,2,2,2,2,2,1,1,1,4,4,3,14,12,12
2443,6,3,3,1,3,6,3,0,11,2,25,4,15,0,42,37,0,1,1,0,6,5,0,13,5,14,5,5,15,33,55,1,0,0,0,5,0,13,2,2,15,20,12,29,50,51,4,6,11,22,43,0,0,0,5,5,4,3,2,3,10,12,11,20,20,16
2444,1,2,0,3,2,5,6,8,5,12,23,22,2,30,39,3,0,1,1,6,1,1,13,5,12,9,12,12,46,29,48,2,2,2,3,1,4,5,7,3,12,9,4,2,1,9,1,2,4,9,21,1,1,1,3,3,3,8,9,9,8,9,8,52,32,53
2445,7,3,3,1,3,6,1,8,10,8,18,1,22,52,50,4,0,1,1,6,1,1,2,8,1,15,24,1,54,21,1,1,0,0,4,4,5,1,7,13,13,17,10,36,18,50,4,7,13,24,47,0,0,0,0,0,0,7,7,8,5,5,5,34,34,37
2446,12,2,0,3,4,0,2,5,0,3,14,19,23,53,20,44,1,0,0,1,0,6,5,0,6,6,0,6,31,0,39,2,2,2,3,1,4,7,0,5,6,7,11,1,3,5,1,2,3,8,19,1,1,1,4,4,5,4,3,2,2,0,1,1,4,5
2447,11,0,0,2,0,4,5,12,3,6,3,7,4,38,48,5,2,3,2,2,3,2,3,2,2,2,2,2,44,43,16,0,1,3,6,2,1,3,9,4,16,4,8,27,36,36,2,3,7,13,28,2,2,2,2,2,2,1,1,1,1,1,2,8,8,17
2448,14,2,0,3,2,5,6,7,5,13,23,22,2,6,40,39,1,0,0,5,4,4,10,6,4,21,14,17,14,18,41,2,2,2,3,1,4,0,6,9,12,9,4,4,10,52,1,2,4,9,20,1,1,1,3,3,3,8,9,9,8,9,8,4,5,4
2449,4,1,2,0,1,2,0,11,4,7,21,16,6,26,54,35,1,2,0,1,2,0,1,4,0,27,19,20,24,23,23,2,2,2,5,6,3,5,5,3,4,19,23,31,44,19,1,1,2,4,9,1,1,1,1,1,1,0,0,0,11,2,18,45,48,48
2450,14,2,0,3,2,5,6,7,5,13,12,22,11,6,15,47,1,0,0,5,4,4,6,6,4,5,23,24,26,6,29,2,2,2,5,6,3,5,5,3,24,0,26,46,39,42,1,1,2,7,17,1,1,1,3,3,3,5,5,4,26,26,26,38,36,38
2451,10,0,0,2,0,4,5,10,3,6,3,7,4,5,29,50,2,3,2,2,3,2,3,12,13,17,21,19,22,26,20,0,1,3,6,2,1,10,4,10,21,18,19,49,52,14,2,3,7,14,30,2,2,2,2,2,2,13,13,13,23,22,23,25,23,22
2452,4,1,2,0,1,2,0,11,7,7,11,3,26,8,16,55,1,2,0,1,2,0,1,4,0,27,19,20,24,23,23,2,2,2,5,6,3,5,5,3,4,19,23,6,9,6,1,1,2,4,10,1,1,1,1,1,1,0,0,0,11,2,18,22,18,20
2453,4,1,2,0,1,2,0,1,7,7,11,17,24,49,27,18,1,2,0,1,2,0,1,4,0,22,19,0,29,50,0,2,2,2,5,6,3,5,5,3,7,27,5,23,4,1,1,1,2,4,12,1,1,1,1,1,1,0,0,0,14,18,14,29,40,46
2454,12,2,0,3,4,0,2,5,0,3,14,13,21,41,36,42,1,0,0,1,0,6,5,0,6,6,0,6,31,38,5,2,2,2,3,1,4,7,0,5,6,7,11,1,3,5,1,2,3,8,19,1,1,1,4,4,5,4,3,2,2,0,1,11,7,29
2455,7,3,3,1,3,6,1,8,10,8,18,25,22,54,34,4,0,1,1,6,1,1,2,8,1,15,24,1,13,21,1,1,0,0,4,4,5,1,7,13,13,17,10,8,20,47,4,7,13,24,47,0,0,0,0,0,0,7,7,8,5,5,5,7,6,7
2456,6,3,3,1,3,6,3,0,9,2,25,26,15,0,31,37,0,1,1,0,6,5,0,13,5,14,25,5,15,17,6,1,0,0,0,5,0,13,2,2,19,15,14,13,16,7,4,6,11,22,42,0,0,0,5,5,4,3,2,3,10,12,11,32,30,35
2457,5,1,2,0,1,2,0,1,4,0,13,8,25,23,3,48,1,2,0,1,2,0,1,4,0,23,16,13,45,51,30,2,2,2,5,6,3,5,5,3,24,0,26,2,1,1,1,1,2,7,16,1,1,1,1,1,1,0,0,0,24,23,24,18,19,45
2458,3,2,2,3,4,0,2,5,0,3,6,19,5,37,52,24,1,2,0,1,2,0,1,4,0,1,4,22,35,48,17,2,2,2,3,1,4,7,0,5,6,7,11,32,29,18,1,1,2,2,4,1,1,1,1,1,1,4,3,2,13,10,1,13,16,24
2459,4,1,2,0,1,2,0,11,7,7,21,16,6,9,54,53,1,2,0,1,2,0,1,4,0,27,19,20,24,23,23,2,2,2,5,6,3,5,5,3,4,19,23,6,9,6,1,1,2,4,10,1,1,1,1,1,1,0,0,0,11,2,18,22,18,20
2460,12,2,0,3,4,0,2,5,0,3,14,13,23,28,10,42,1,0,0,1,0,6,5,0,6,6,0,6,31,0,39,2,2,2,3,1,4,7,0,5,6,7,11,1,3,5,1,2,3,8,19,1,1,1,4,4,5,4,3,2,2,0,1,1,4,5
2461,3,2,2,3,2,5,6,7,5,13,23,22,2,6,40,2,1,0,0,5,4,4,6,6,4,5,7,4,48,6,53,2,2,2,3,1,4,0,6,9,11,19,23,2,1,1,1,2,5,11,24,1,1,1,3,3,3,8,9,9,8,9,8,35,49,31
2462,5,1,2,0,1,2,0,2,2,0,24,26,25,23,55,54,1,2,0,1,2,0,1,4,0,23,16,13,33,51,30,2,2,2,5,6,3,5,5,3,0,19,7,2,1,1,1,1,2,4,10,1,1,1,1,1,1,0,0,0,3,7,6,47,54,47
2463,9,3,3,2,5,3,4,6,6,10,2,1,20,2,44,49,0,1,1,6,1,1,8,1,8,25,13,21,41,11,24,1,0,0,4,4,5,5,7,3,2,26,0,53,47,30,3,5,10,18,34,0,0,0,0,0,0,10,4,10,16,16,16,39,41,43
2464,10,0,0,2,0,4,5,10,3,6,27,7,8,43,33,15,2,3,2,2,3,2,3,12,13,12,15,15,25,52,35,0,1,3,6,2,1,12,12,8,8,12,20,19,28,29,2,3,7,14,29,2,2,2,2,2,2,1,1,1,4,4,3,14,12,12
2465,2,3,3,1,3,6,1,9,10,4,8,18,1,4,22,1,0,1,1,6,1,1,8,11,9,11,10,18,49,7,9,1,0,0,4,4,5,8,11,6,2,26,0,54,35,21,4,7,12,23,44,0,0,0,0,0,0,2,4,5,7,8,7,2,1,10
2466,4,1,2,0,1,2,0,1,7,7,11,3,10,49,45,36,1,2,0,1,2,0,1,4,0,22,19,0,29,15,0,2,2,2,5,6,3,5,5,3,7,27,5,42,51,49,1,1,2,5,13,1,1,1,1,1,1,0,0,0,14,18,14,29,28,30
2467,6,3,3,1,3,6,3,0,11,2,25,26,15,12,31,21,0,1,1,0,6,5,0,13,5,14,5,5,40,33,38,1,0,0,0,5,0,13,2,2,15,20,12,25,24,27,4,6,11,22,41,0,0,0,5,5,4,3,2,3,10,12,11,42,44,44
2468,3,1,2,0,1,2,0,11,7,7,19,17,24,14,52,10,1,2,0,1,2,0,1,4,0,1,4,22,53,4,17,2,2,2,5,6,3,5,5,3,4,19,23,32,29,18,1,1,2,3,6,1,1,1,1,1,1,0,0,0,13,10,9,13,16,24
2469,14,3,3,1,3,6,1,8,9,8,20,14,2,18,23,52,0,1,1,6,1,1,13,1,8,16,1,14,34,35,40,1,0,0,4,4,5,5,7,3,0,13,7,0,32,39,4,7,14,28,56,0,0,0,0,0,0,2,8,7,20,21,21,31,29,34
2470,11,0,0,2,0,4,5,13,8,6,4,20,19,34,41,30,2,3,2,2,3,2,3,2,2,2,2,2,16,39,44,0,1,3,6,2,1,3,9,4,16,4,8,3,7,2,2,3,6,12,26,2,2,2,2,2,2,1,1,1,1,1,2,23,15,25
2471,5,1,2,0,1,2,0,1,2,0,1,3,25,1,47,48,1,2,0,1,2,0,1,4,0,8,19,20,30,12,32,2,2,2,5,6,3,5,5,3,20,25,3,28,30,22,1,1,2,3,8,1,1,1,1,1,1,0,0,0,19,2,12,28,24,27
2472,7,3,3,1,3,6,1,8,10,8,18,25,22,19,34,4,0,1,1,6,1,1,2,8,1,15,24,1,13,21,1,1,0,0,4,4,5,1,7,13,13,17,10,8,20,47,4,7,13,24,47,0,0,0,0,0,0,7,7,8,5,5,5,7,6,7
2473,6,3,3,1,3,6,3,0,11,11,26,4,27,42,14,25,0,1,1,0,6,5,0,7,5,0,17,11,47,53,11,1,0,0,0,5,0,4,8,1,9,8,13,17,5,15,4,6,11,21,40,0,0,0,5,5,4,9,10,3,9,11,10,3,2,1
2474,4,1,2,0,1,2,0,1,7,7,1,3,26,8,16,55,1,2,0,1,2,0,1,4,0,8,19,20,30,12,32,2,2,2,5,6,3,5,5,3,20,25,3,28,30,22,1,1,2,4,11,1,1,1,1,1,1,0,0,0,19,2,12,28,24,27
2475,12,2,0,3,4,0,2,5,0,3,14,13,21,53,36,42,1,0,0,1,0,6,5,0,6,6,0,6,31,0,26,2,2,2,3,1,4,7,0,5,6,7,11,1,3,5,1,2,3,8,19,1,1,1,4,4,5,4,3,2,2,0,1,1,4,5
2476,4,1,2,0,1,2,0,1,7,7,11,3,26,8,16,55,1,2,0,1,2,0,1,4,0,8,19,20,18,46,22,2,2,2,5,6,3,5,5,3,4,19,23,6,9,6,1,1,2,4,11,1,1,1,1,1,1,0,0,0,24,2,12,18,19,31
2477,3,1,2,0,1,2,0,11,2,0,24,17,25,23,30,48,1,2,0,1,2,0,1,4,0,23,19,13,28,51,22,2,2,2,5,6,3,5,5,3,4,19,23,2,1,1,1,1,2,4,10,1,1,1,1,1,1,0,0,0,11,2,12,43,31,41
2478,1,3,3,1,3,6,1,8,9,12,16,26,13,46,49,54,0,1,1,6,1,1,13,5,12,9,12,12,9,29,27,1,0,0,4,4,5,5,7,3,0,13,7,55,14,44,4,7,14,26,53,0,0,0,0,0,4,3,2,7,6,6,4,5,3,3
2479,6,3,3,1,3,6,3,0,9,2,25,26,15,0,31,37,0,1,1,0,6,5,0,13,5,14,25,5,15,17,6,1,0,0,0,5,0,13,2,2,19,15,14,13,16,7,4,6,11,22,42,0,0,0,5,5,4,3,2,3,10,12,11,32,30,35
2480,11,0,0,2,0,4,5,13,8,6,4,20,19,34,41,30,2,3,2,2,3,2,3,2,2,2,2,2,16,39,44,0,1,3,6,2,1,3,9,4,16,4,8,3,7,2,2,3,7,14,30,2,2,2,2,2,2,1,1,1,1,1,2,23,15,25
2481,12,2,0,3,4,0,2,5,0,3,14,19,23,53,36,20,1,0,0,1,0,6,5,0,6,6,0,6,31,0,26,2,2,2,3,1,4,7,0,5,6,7,11,1,3,5,1,2,3,8,18,1,1,1,4,4,5,4,3,2,2,0,1,1,7,28
2482,1,3,3,1,3,6,1,8,9,12,15,26,13,46,55,54,0,1,1,6,1,1,13,5,12,9,12,12,9,29,27,1,0,0,4,4,5,5,7,3,0,13,7,55,14,44,4,7,14,26,53,0,0,0,0,0,4,3,2,7,6,6,4,5,3,3
2483,6,3,3,1,3,6,3,13,9,2,0,26,15,0,42,37,0,1,1,0,6,5,0,13,5,14,5,5,15,33,55,1,0,0,4,4,5,13,2,2,15,20,12,29,50,51,4,7,14,26,52,0,0,0,5,5,4,3,2,3,10,12,11,20,20,16
2484,4,1,2,0,1,2,0,1,4,7,1,3,18,1,47,48,1,2,0,1,2,0,1,4,0,8,19,20,30,12,32,2,2,2,5,6,3,5,5,3,20,25,3,28,30,22,1,1,2,3,8,1,1,1,1,1,1,0,0,0,19,2,12,28,24,27
2485,2,3,3,1,3,6,1,9,10,1,8,18,1,22,22,11,0,1,1,6,1,1,8,11,9,11,10,18,49,7,9,1,0,0,4,4,5,8,11,6,1,2,2,54,35,21,4,7,12,23,44,0,0,0,0,0,0,2,4,5,7,8,7,2,1,2
2486,8,3,3,1,3,6,0,3,12,9,10,24,9,55,53,8,0,1,1,4,6,1,7,9,7,19,22,7,17,45,15,1,0,0,4,4,5,11,1,0,25,5,1,40,55,41,3,5,10,20,37,0,0,0,0,0,0,6,6,6,12,13,13,6,9,8
2487,3,1,2,0,1,2,0,11,7,7,6,17,5,37,52,24,1,2,0,1,2,0,1,4,0,1,4,20,53,48,17,2,2,2,5,6,3,5,5,3,4,19,23,32,29,18,1,1,2,2,4,1,1,1,1,1,1,0,0,0,13,10,9,28,24,24
2488,7,3,3,1,3,6,1,9,10,8,18,21,22,48,24,4,0,1,1,6,1,1,2,8,1,20,6,25,32,13,25,1,0,0,4,4,5,1,7,13,17,10,22,16,43,26,4,7,13,25,48,0,0,0,0,0,0,7,7,8,25,24,25,27,27,26
2489,11,0,0,2,0,4,5,13,8,6,4,20,19,34,4,23,2,3,2,2,3,2,3,2,2,2,2,2,43,2,42,0,1,3,6,2,1,3,9,4,16,4,8,49,52,14,2,3,6,12,26,2,2,2,2,2,2,1,1,1,1,1,2,10,8,9
2490,14,2,0,3,4,0,2,5,0,3,14,13,2,30,36,42,1,0,0,1,0,6,5,0,6,6,0,6,31,0,26,2,2,2,3,1,4,7,0,5,6,7,11,1,3,5,1,2,3,8,19,1,1,1,4,4,5,4,3,2,2,0,1,1,4,28
2491,8,3,3,2,5,3,4,3,12,9,10,15,20,32,53,12,0,1,1,4,6,1,12,9,7,7,9,16,39,28,31,1,0,0,4,4,5,11,1,0,22,16,15,43,48,40,3,5,10,17,33,0,0,0,0,0,0,6,6,6,15,15,15,33,37,15
2492,13,2,0,3,2,5,6,7,13,13,7,12,24,21,2,14,1,0,0,5,4,4,6,6,4,5,7,4,48,6,53,2,2,2,3,1,4,0,6,9,11,1,24,5,6,1,1,2,5,11,24,1,1,1,3,3,3,5,5,4,0,3,0,53,43,39
2493,8,0,3,2,5,3,4,3,6,9,2,23,9,29,5,8,0,1,1,4,6,1,7,9,7,19,22,7,17,45,15,1,0,0,4,4,5,11,1,0,25,5,1,40,55,41,3,5,10,20,37,0,0,0,0,0,0,6,6,6,12,13,13,6,9,8
2494,12,2,0,3,4,0,2,5,0,3,14,19,21,41,36,42,1,0,0,1,0,6,5,0,6,6,0,6,31,38,5,2,2,2,3,1,4,7,0,5,6,7,11,1,3,5,1,2,3,8,19,1,1,1,4,4,5,4,3,2,2,0,1,11,7,29
2495,2,3,3,1,3,6,1,8,9,4,20,11,20,4,12,45,0,1,1,6,1,1,8,11,9,25,13,9,21,31,50,1,0,0,4,4,5,5,7,3,2,26,0,7,34,20,4,7,14,27,54,0,0,0,0,0,0,2,4,5,18,14,19,12,14,10
2496,9,3,1,2,6,1,4,4,1,5,9,10,7,39,11,29,3,1,3,3,5,3,4,3,3,3,3,3,3,3,3,3,3,1,2,3,2,6,10,7,3,3,6,30,41,46,3,4,8,15,31,3,0,3,6,6,6,11,11,11,17,17,17,9,11,11
2497,3,1,2,0,1,2,0,1,7,7,19,3,10,8,30,36,1,2,0,1,2,0,1,4,0,23,16,13,18,51,30,2,2,2,5,6,3,5,5,3,24,19,26,2,1,1,1,1,2,5,13,1,1,1,1,1,1,0,0,0,14,18,14,30,28,30
2498,11,0,0,2,0,4,5,12,3,6,3,7,4,38,48,5,2,3,2,2,3,2,3,2,2,2,2,2,43,2,16,0,1,3,6,2,1,3,9,4,16,4,8,27,36,36,2,3,7,13,28,2,2,2,2,2,2,1,1,1,1,1,2,8,8,17
2499,10,0,0,2,0,4,5,10,3,6,27,7,4,43,33,15,2,3,2,2,3,2,3,12,13,12,15,15,25,52,35,0,1,3,6,2,1,12,12,8,8,12,20,19,28,29,2,3,7,14,29,2,2,2,2,2,2,1,1,1,4,4,3,14,12,12
2500,7,3,3,1,5,3,4,6,9,8,18,1,22,27,38,26,0,1,1,6,1,1,2,1,8,20,6,23,50,47,49,1,0,0,4,4,5,5,7,3,26,21,25,24,49,45,4,7,13,25,51,0,0,0,0,0,0,10,8,10,16,19,16,48,47,49
2501,9,3,3,2,5,3,4,6,6,10,2,23,20,2,44,49,0,1,1,6,1,1,8,1,8,25,13,21,41,11,24,1,0,0,4,4,5,5,7,3,2,26,0,53,47,30,3,5,10,18,34,0,0,0,0,0,0,10,4,10,16,16,16,39,41,43
2502,3,2,2,3,2,5,6,11,5,13,24,17,2,51,27,3,1,0,0,1,2,0,1,4,0,1,27,22,1,40,46,2,2,2,5,6,3,5,5,3,12,9,4,23,4,1,1,2,4,9,21,1,1,1,1,1,1,8,9,9,13,10,9,13,43,36
2503,5,1,2,0,1,2,0,1,2,0,13,3,16,23,44,13,1,2,0,1,2,0,1,4,0,23,16,13,45,27,43,2,2,2,5,6,3,5,5,3,2,26,0,41,27,43,1,1,2,6,15,1,1,1,1,1,1,0,0,0,24,23,24,18,19,21
2504,7,3,3,1,3,6,1,9,10,8,18,21,22,48,24,4,0,1,1,6,1,1,2,8,1,20,6,25,32,13,25,1,0,0,4,4,5,1,7,13,17,10,22,16,43,26,4,7,13,25,48,0,0,0,0,0,0,7,7,8,25,24,25,27,27,26
2505,8,3,3,2,5,3,4,6,12,9,10,15,20,32,9,12,0,1,1,4,6,1,12,9,7,7,9,16,36,42,45,1,0,0,4,4,5,5,7,3,22,16,15,34,13,12,4,7,13,25,51,0,0,0,0,0,0,6,6,6,15,15,15,51,51,51
2506,10,0,0,2,0,4,5,10,3,6,3,7,4,44,26,7,2,3,2,2,3,2,3,12,13,17,26,19,22,16,20,0,1,3,6,2,1,10,4,10,21,18,19,9,22,37,2,3,6,12,25,2,2,2,2,2,2,13,13,13,23,22,23,25,23,22
2507,2,3,3,1,3,6,1,9,10,1,8,9,1,22,37,41,0,1,1,6,1,1,8,11,9,11,10,18,7,41,9,1,0,0,4,4,5,8,11,6,1,2,2,10,12,0,4,7,12,23,46,0,0,0,0,0,0,2,4,5,7,8,7,2,1,2
2508,4,1,2,0,1,2,0,1,7,7,11,3,26,8,16,55,1,2,0,1,2,0,1,4,0,8,19,20,11,46,22,2,2,2,5,6,3,5,5,3,4,19,23,6,9,6,1,1,2,4,11,1,1,1,1,1,1,0,0,0,11,2,12,22,18,20
2509,9,3,3,2,5,3,4,6,6,10,22,6,3,15,43,19,0,1,1,4,6,1,9,10,10,10,8,8,10,14,10,1,0,0,1,0,6,9,13,11,14,6,9,15,19,8,3,5,9,16,32,0,3,0,0,0,0,12,12,12,21,20,20,17,17,14
2510,7,3,3,1,3,6,1,8,10,8,18,25,22,19,35,4,0,1,1,6,1,1,2,8,1,15,24,1,13,21,1,1,0,0,4,4,5,1,7,13,13,17,10,8,20,47,4,7,13,24,47,0,0,0,0,0,0,7,7,8,5,5,5,7,6,7
2511,7,3,3,1,3,6,1,8,10,8,18,1,22,27,38,4,0,1,1,6,1,1,2,8,1,15,6,23,52,37,28,1,0,0,4,4,5,5,7,13,0,19,23,2,1,1,4,7,13,24,47,0,0,0,0,0,0,7,7,8,5,5,5,7,6,54
2512,3,1,2,0,4,0,2,11,0,3,6,17,5,14,52,24,1,2,0,1,2,0,1,4,0,1,4,22,35,48,17,2,2,2,5,6,3,5,5,3,4,19,23,32,29,18,1,2,3,8,18,1,1,1,1,1,1,0,0,0,13,10,9,13,16,24
2513,2,3,3,1,3,6,1,9,10,1,8,18,1,22,22,41,0,1,1,6,1,1,8,11,9,11,10,18,7,41,9,1,0,0,4,4,5,8,11,6,1,2,2,10,12,0,4,7,12,23,44,0,0,0,0,0,0,2,4,5,7,8,7,2,1,2
2514,5,1,2,0,1,2,0,2,2,0,5,27,12,50,25,13,1,2,0,1,2,0,11,4,11,26,20,10,12,10,13,2,2,2,5,6,3,2,3,12,10,11,17,12,45,16,1,1,1,1,2,1,1,1,1,1,1,0,0,0,3,7,6,15,10,6
2515,6,3,3,1,3,6,3,0,11,11,26,4,27,12,14,32,0,1,1,0,6,5,0,7,5,0,17,11,0,9,52,1,0,0,0,5,0,4,8,1,9,8,13,18,0,53,4,6,11,21,39,0,0,0,5,5,4,9,10,3,9,11,10,3,2,1
2516,14,1,2,1,3,6,1,8,9,12,21,14,6,18,39,3,1,2,0,1,2,0,1,4,0,27,19,20,24,23,23,2,2,2,5,6,3,5,5,3,4,19,23,6,9,6,1,2,4,9,21,1,1,1,1,1,1,0,0,0,11,2,18,22,18,20
2517,2,3,3,1,3,6,1,9,10,1,8,9,1,22,37,41,0,1,1,6,1,1,8,11,9,11,10,18,7,41,9,1,0,0,4,4,5,8,11,6,1,2,2,10,12,0,4,7,12,23,46,0,0,0,0,0,0,2,4,5,7,8,7,2,1,2
2518,12,2,0,3,4,0,2,5,0,3,14,19,23,53,20,44,1,0,0,1,0,6,5,0,6,6,0,6,31,0,26,2,2,2,3,1,4,7,0,5,6,7,11,1,3,5,1,2,3,8,18,1,1,1,4,4,5,4,3,2,2,0,1,1,4,28
2519,7,3,3,1,3,6,1,8,10,8,18,25,22,19,34,4,0,1,1,6,1,1,2,8,1,15,24,1,13,21,1,1,0,0,4,4,5,1,7,13,13,17,10,8,20,47,4,7,13,24,47,0,0,0,0,0,0,7,7,8,5,5,5,7,6,7
2520,1,3,3,1,3,6,1,8,9,12,16,26,13,11,31,21,0,1,1,6,6,1,13,1,12,4,1,23,52,5,12,1,0,0,4,4,5,5,7,3,0,19,7,2,1,1,4,7,14,26,53,0,0,0,0,0,0,3,2,5,10,12,11,42,44,44
2521,9,3,3,2,5,3,4,6,6,10,2,23,20,17,8,16,0,1,1,6,1,1,8,1,8,24,18,21,27,22,21,1,0,0,4,4,5,5,7,3,26,21,25,50,8,32,3,5,10,18,35,0,0,0,0,0,0,10,8,10,16,19,16,26,25,23
2522,11,0,0,2,0,4,5,12,3,6,3,7,4,47,46,9,2,3,2,2,3,2,3,2,2,2,2,2,43,2,42,0,1,3,6,2,1,3,9,4,16,4,8,49,52,14,2,3,6,12,26,2,2,2,2,2,2,1,1,1,1,1,2,10,26,32
2523,9,3,1,2,6,1,4,4,1,5,9,10,7,39,13,28,3,1,3,3,5,3,4,3,3,3,3,3,3,3,3,3,3,1,2,3,2,6,10,7,3,3,6,11,11,3,3,4,8,15,31,3,0,3,6,6,6,11,11,11,17,17,17,9,11,11
2524,4,1,2,0,1,2,0,11,7,7,21,16,6,33,54,35,1,2,0,1,2,0,1,4,0,27,19,20,24,23,23,2,2,2,5,6,3,5,5,3,4,19,23,6,9,6,1,1,2,4,10,1,1,1,1,1,1,0,0,0,11,2,18,22,18,20
2525,2,3,3,1,3,6,1,9,10,1,8,18,1,22,22,1,0,1,1,6,1,1,8,11,9,11,10,18,49,7,9,1,0,0,4,4,5,8,11,6,1,2,2,54,35,21,4,7,12,23,44,0,0,0,0,0,0,2,4,5,7,8,7,2,1,2
2526,9,3,3,2,5,3,4,6,6,10,22,6,3,15,43,19,0,1,1,4,6,1,9,10,10,10,8,8,10,14,10,1,0,0,1,0,6,9,13,11,14,6,9,15,19,8,3,5,9,16,32,0,3,0,0,0,0,12,12,12,21,20,20,17,17,14
2527,13,2,0,3,2,5,6,7,13,13,7,12,14,21,7,31,1,0,0,5,4,4,6,6,4,5,7,4,48,30,4,2,2,2,3,1,4,0,6,9,11,1,24,5,6,48,1,2,5,11,24,1,1,1,3,3,3,5,5,4,0,3,0,0,0,0
2528,13,2,0,3,2,5,6,7,13,13,7,12,14,10,7,27,1,0,0,5,4,4,6,6,4,5,7,4,48,6,53,2,2,2,3,1,4,0,6,9,11,1,24,5,6,48,1,2,4,9,21,1,1,1,3,3,3,5,5,4,0,3,0,0,0,0
2529,2,3,3,1,3,6,1,9,10,1,8,18,1,22,37,41,0,1,1,6,1,1,8,11,9,11,10,18,49,7,9,1,0,0,4,4,5,8,11,6,1,2,2,54,35,21,4,7,12,23,46,0,0,0,0,0,0,2,4,5,7,8,7,2,1,2
2530,2,3,3,1,3,6,1,9,10,4,20,11,1,4,12,45,0,1,1,6,1,1,8,11,9,25,13,9,21,31,50,1,0,0,4,4,5,5,7,3,2,26,0,7,34,20,4,7,14,27,54,0,0,0,0,0,0,2,4,5,18,14,19,12,14,10
2531,6,3,3,2,3,6,3,13,9,2,0,26,15,0,42,37,2,3,2,2,3,2,3,2,2,2,2,2,43,2,42,0,1,3,6,2,1,5,7,3,16,4,8,49,52,14,4,6,11,22,43,2,2,2,2,2,2,1,1,1,10,12,11,20,20,16
2532,8,3,3,2,5,3,4,3,12,9,10,24,9,55,53,8,0,1,1,4,6,1,7,9,7,19,22,7,51,8,33,1,0,0,4,4,5,11,1,0,25,5,1,22,17,24,3,5,10,20,37,0,0,0,0,0,0,6,6,6,12,13,13,6,9,8
2533,4,1,2,0,1,2,0,11,7,7,21,16,26,33,16,35,1,2,0,1,2,0,1,4,0,27,19,20,24,23,23,2,2,2,5,6,3,5,5,3,4,19,23,6,9,6,1,1,2,4,10,1,1,1,1,1,1,0,0,0,11,2,18,22,18,20
2534,1,3,3,1,3,6,1,8,9,12,15,26,13,45,55,54,0,1,1,6,1,1,13,5,12,9,12,12,9,29,27,1,0,0,4,4,5,5,7,3,0,13,7,55,14,44,4,7,14,26,53,0,0,0,0,0,4,3,2,7,6,6,4,5,3,3
2535,8,3,3,2,5,3,4,3,12,9,2,24,9,55,53,8,0,1,1,4,6,1,7,9,7,19,22,7,17,45,15,1,0,0,4,4,5,11,1,0,25,5,1,40,55,41,3,5,10,20,37,0,0,0,0,0,0,6,6,6,12,13,13,6,9,8
2536,8,3,3,2,5,3,4,6,12,9,10,15,20,32,19,12,0,1,1,4,6,1,12,9,7,7,9,16,8,20,7,1,0,0,4,4,5,5,1,0,22,16,15,43,38,28,3,5,10,17,33,0,0,0,0,0,0,6,6,6,15,15,15,16,13,13
2537,7,3,3,1,3,6,1,8,9,8,0,1,22,27,38,16,0,1,1,6,1,1,2,1,1,20,6,23,50,37,28,1,0,0,4,4,5,1,7,13,26,21,25,24,49,45,4,7,13,25,50,0,0,0,0,0,0,7,7,8,5,5,5,48,47,49
2538,10,0,0,2,0,4,5,10,3,6,27,7,8,43,33,15,2,3,2,2,3,2,3,12,13,12,15,15,25,52,35,0,1,3,6,2,1,12,12,8,8,12,20,19,28,29,2,3,7,14,29,2,2,2,2,2,2,1,1,1,4,4,3,14,12,12
2539,10,0,0,2,0,4,5,10,8,6,27,20,8,16,32,15,2,3,2,2,3,2,3,12,13,12,15,15,25,52,35,0,1,3,6,2,1,12,12,8,8,12,20,19,28,29,2,3,6,12,27,2,2,2,2,2,2,1,1,1,4,4,3,14,12,12
2540,10,0,0,2,0,4,5,13,8,6,4,20,19,5,21,23,2,3,2,2,3,2,3,12,13,12,15,27,38,54,51,0,1,3,6,2,1,3,9,4,16,4,8,49,52,14,2,3,6,12,26,2,2,2,2,2,2,1,1,1,4,4,3,46,26,9
2541,6,3,3,1,3,6,3,0,11,2,25,4,15,0,42,37,0,1,1,0,6,5,0,13,5,14,5,5,15,33,55,1,0,0,0,5,0,13,2,2,15,20,12,29,50,51,4,6,11,22,43,0,0,0,5,5,4,3,2,3,10,12,11,20,20,16
2542,11,0,0,2,0,4,5,13,8,6,4,20,19,34,4,23,2,3,2,2,3,2,3,2,2,2,2,2,43,2,42,0,1,3,6,2,1,3,9,4,16,4,8,49,52,14,2,3,6,12,26,2,2,2,2,2,2,1,1,1,1,1,2,10,26,9
2543,6,3,3,1,3,6,3,0,11,2,0,26,15,0,42,37,0,1,1,0,6,5,0,13,5,14,5,5,15,33,55,1,0,0,0,5,0,13,2,2,15,20,12,29,50,51,4,6,11,22,43,0,0,0,5,5,4,3,2,3,10,12,11,20,20,16
2544,13,2,0,3,2,5,6,7,13,13,7,12,14,10,7,31,1,0,0,5,4,4,6,6,4,5,7,4,5,30,54,2,2,2,3,1,4,0,6,9,11,1,24,5,6,48,1,2,5,11,24,1,1,1,3,3,3,5,5,4,0,3,0,0,0,0
2545,12,2,0,3,4,0,2,5,0,3,14,19,23,53,36,42,1,0,0,1,0,6,5,0,6,6,0,6,31,38,5,2,2,2,3,1,4,7,0,5,6,7,11,1,3,5,1,2,3,8,19,1,1,1,4,4,5,4,3,2,2,0,1,11,7,29
2546,11,0,0,2,0,4,5,12,8,6,4,20,19,34,4,23,2,3,2,2,3,2,3,2,2,2,2,2,44,43,16,0,1,3,6,2,1,3,9,4,16,4,8,27,36,36,2,3,6,12,26,2,2,2,2,2,2,1,1,1,1,1,2,8,8,17
2547,11,0,0,2,0,4,5,12,3,6,3,7,4,38,48,5,2,3,2,2,3,2,3,2,2,2,2,2,44,43,16,0,1,3,6,2,1,3,9,4,16,4,8,27,36,36,2,3,7,13,28,2,2,2,2,2,2,1,1,1,1,1,2,8,8,17
2548,14,2,0,3,2,5,6,7,5,13,23,22,2,6,40,2,1,0,0,5,4,4,10,6,4,21,14,17,14,18,14,2,2,2,3,1,4,0,6,9,12,9,4,4,10,52,1,1,2,5,13,1,1,1,3,3,3,8,9,9,8,9,8,4,5,4
2549,6,3,3,1,3,6,3,0,11,11,26,4,27,42,14,25,0,1,1,0,6,5,0,7,5,0,17,11,47,53,11,1,0,0,0,5,0,4,8,1,9,8,13,17,5,15,4,6,11,21,40,0,0,0,5,5,4,9,10,3,9,11,10,3,2,1
2550,2,3,3,1,3,6,1,9,10,1,8,9,1,22,37,41,0,1,1,6,1,1,8,11,9,11,10,18,7,41,9,1,0,0,4,4,5,8,11,6,1,2,2,10,12,0,4,7,12,23,46,0,0,0,0,0,0,2,4,5,7,8,7,2,1,2
2551,14,2,0,3,2,5,6,7,5,13,23,22,2,6,40,2,1,0,0,5,4,4,10,6,4,21,14,17,14,18,41,2,2,2,3,1,4,0,6,9,12,9,4,4,10,52,1,2,4,9,20,1,1,1,3,3,3,8,9,9,8,9,8,4,5,4
2552,13,2,0,3,2,5,6,7,13,13,7,12,14,21,7,31,1,0,0,5,4,4,6,6,4,5,7,4,5,30,53,2,2,2,3,1,4,0,6,9,11,1,24,5,6,48,1,2,5,11,24,1,1,1,3,3,3,5,5,4,0,3,0,0,0,0
2553,8,3,3,2,5,3,4,6,12,9,10,15,20,32,19,12,0,1,1,4,6,1,12,9,7,7,9,16,8,20,7,1,0,0,4,4,5,5,1,0,22,16,15,43,38,28,3,5,10,17,33,0,0,0,0,0,0,6,6,6,15,15,15,16,13,13
2554,5,1,2,0,1,2,0,1,4,0,1,8,16,1,47,48,1,2,0,1,2,0,1,4,0,8,19,20,30,12,32,2,2,2,5,6,3,5,5,3,20,25,3,28,30,22,1,1,2,3,8,1,1,1,1,1,1,0,0,0,19,2,12,28,24,27
2555,13,2,0,3,2,5,6,7,13,13,12,2,16,35,15,43,1,0,0,5,4,4,6,6,4,5,23,24,26,24,29,2,2,2,3,1,4,0,6,9,18,22,21,14,25,31,1,2,5,10,22,1,1,1,3,3,3,5,5,4,0,25,0,24,22,19
2556,7,3,3,1,3,6,1,8,10,8,18,25,22,19,35,4,0,1,1,6,1,1,2,8,1,15,24,1,13,21,1,1,0,0,4,4,5,1,7,13,13,17,10,8,20,47,4,7,13,24,47,0,0,0,0,0,0,7,7,8,5,5,5,7,6,7
2557,10,0,0,2,0,4,5,10,3,6,3,7,4,5,29,50,2,3,2,2,3,2,3,12,13,12,15,27,38,54,51,0,1,3,6,2,1,5,9,3,16,4,8,49,52,14,2,3,7,14,30,2,2,2,2,2,2,1,1,1,4,4,3,46,46,32
2558,2,3,3,1,3,6,1,9,10,4,20,11,1,11,12,45,0,1,1,6,1,1,8,11,9,25,13,9,21,31,50,1,0,0,4,4,5,8,11,6,2,26,0,7,34,20,4,7,14,27,54,0,0,0,0,0,0,2,4,5,18,14,19,12,14,10
2559,11,0,0,2,0,4,5,13,8,6,4,20,19,34,4,23,2,3,2,2,3,2,3,2,2,2,2,2,43,2,42,0,1,3,6,2,1,3,9,4,16,4,8,49,52,14,2,3,6,12,26,2,2,2,2,2,2,1,1,1,1,1,2,10,8,32
2560,4,1,2,0,1,2,0,11,7,7,21,16,6,33,54,35,1,2,0,1,2,0,1,4,0,22,19,0,29,50,0,2,2,2,5,6,3,5,5,3,4,19,23,6,9,6,1,1,2,4,10,1,1,1,1,1,1,0,0,0,14,2,18,47,18,47
2561,1,3,3,1,3,6,1,8,9,12,15,26,13,46,49,54,0,1,1,6,1,1,13,5,12,9,12,12,9,29,27,1,0,0,4,4,5,5,7,3,0,13,7,55,14,44,4,7,14,26,53,0,0,0,0,0,4,3,2,7,6,6,4,5,3,3
2562,7,3,3,1,5,3,1,6,10,8,18,21,22,48,24,49,0,1,1,4,6,1,12,9,7,4,9,16,23,49,47,1,0,0,4,4,5,5,7,3,5,24,27,20,42,23,4,7,13,25,48,0,0,0,0,0,0,10,8,10,22,16,22,41,35,15
2563,14,2,3,1,3,6,1,8,9,4,20,14,13,18,39,52,0,1,1,6,1,1,13,1,12,16,1,14,34,35,40,1,0,0,4,4,5,5,7,3,0,13,7,0,32,39,4,7,14,28,56,0,0,0,0,0,0,2,8,7,20,21,21,31,29,34
2564,4,1,2,0,1,2,0,1,7,7,11,3,26,8,16,55,1,2,0,1,2,0,1,4,0,8,19,20,11,46,22,2,2,2,5,6,3,5,5,3,4,19,23,48,53,54,1,1,2,4,11,1,1,1,1,1,1,0,0,0,11,2,12,35,39,31
2565,6,3,3,1,3,6,3,0,11,11,26,4,27,42,14,17,0,1,1,0,6,5,0,7,5,0,17,11,47,53,52,1,0,0,0,5,0,4,8,1,9,8,13,52,40,13,4,6,11,21,39,0,0,0,5,5,4,9,10,3,9,11,10,3,2,1
2566,1,3,3,1,3,6,1,8,9,12,0,26,13,46,42,54,0,1,1,0,6,5,0,13,5,14,25,5,15,17,6,1,0,0,4,4,5,13,2,2,15,20,12,2,1,44,4,7,14,26,53,0,0,0,5,5,4,3,2,3,10,12,11,20,20,16
2567,11,0,0,2,0,4,5,12,3,6,3,7,4,38,48,5,2,3,2,2,3,2,3,2,2,2,2,2,44,43,16,0,1,3,6,2,1,3,9,4,16,4,8,27,36,36,2,3,7,13,28,2,2,2,2,2,2,1,1,1,1,1,2,8,15,17
2568,4,1,2,0,1,2,0,11,4,7,21,16,6,9,54,53,1,2,0,1,2,0,1,4,0,27,11,20,24,23,23,2,2,2,5,6,3,5,5,3,4,19,23,6,4,1,1,1,2,4,9,1,1,1,1,1,1,0,0,0,11,2,18,22,31,20
2569,12,2,0,3,4,0,2,5,0,3,14,13,21,31,10,42,1,0,0,1,0,6,5,0,6,6,0,6,31,0,39,2,2,2,3,1,4,7,0,5,6,7,11,1,3,5,1,2,3,8,19,1,1,1,4,4,5,4,3,2,2,0,1,1,4,5
2570,2,3,3,2,5,3,4,6,6,4,20,11,20,4,44,49,0,1,1,6,1,1,8,11,9,25,13,9,21,31,50,1,0,0,4,4,5,5,7,3,2,26,0,53,47,30,4,7,14,27,54,0,0,0,0,0,0,2,4,5,18,14,19,39,41,43
2571,4,1,2,0,1,2,0,11,7,7,21,16,6,33,16,35,1,2,0,1,2,0,1,4,0,27,19,20,24,23,23,2,2,2,5,6,3,5,5,3,4,19,23,6,9,6,1,1,2,4,10,1,1,1,1,1,1,0,0,0,11,2,18,22,18,20
2572,5,1,2,0,1,2,0,2,4,0,17,8,17,25,17,48,1,2,0,1,2,0,11,4,11,13,20,26,37,44,36,2,2,2,5,6,3,5,5,3,4,19,23,45,37,33,1,1,1,1,1,1,1,1,1,1,1,0,0,0,3,7,6,21,31,6
2573,13,2,0,3,2,5,6,7,13,13,12,2,14,35,15,14,1,0,0,5,4,4,6,6,4,5,23,24,26,24,29,2,2,2,3,1,4,0,6,9,18,22,21,14,25,31,1,1,2,6,14,1,1,1,3,3,3,5,5,4,0,25,0,24,22,19
2574,12,2,0,3,4,0,2,5,0,3,14,13,21,41,10,42,1,0,0,1,0,6,5,0,6,6,0,6,31,0,39,2,2,2,3,1,4,7,0,5,6,7,11,1,3,5,1,2,3,8,19,1,1,1,4,4,5,4,3,2,2,0,1,11,7,5
2575,8,3,3,2,5,3,4,3,12,9,10,24,20,55,53,8,0,1,1,4,6,1,12,9,7,7,9,16,39,28,31,1,0,0,4,4,5,11,1,0,5,24,27,2,48,40,3,5,10,20,37,0,0,0,0,0,0,6,6,6,22,16,22,33,37,15
2576,10,0,0,2,0,4,5,13,8,6,4,20,8,16,32,30,2,3,2,2,3,2,3,12,13,12,15,27,2,19,2,0,1,3,6,2,1,12,12,8,8,12,20,44,54,10,2,3,6,12,27,2,2,2,2,2,2,1,1,1,4,4,3,19,21,18
2577,6,3,3,1,3,6,3,0,11,11,26,4,27,12,14,32,0,1,1,0,6,5,0,7,5,0,17,11,0,9,52,1,0,0,0,5,0,4,8,1,9,8,13,18,0,53,4,6,11,21,39,0,0,0,5,5,4,9,10,3,9,11,10,3,2,1
2578,11,0,0,2,0,4,5,13,8,6,4,20,19,13,4,23,2,3,2,2,3,2,3,2,2,2,2,2,43,2,42,0,1,3,6,2,1,3,9,4,16,4,8,49,52,14,2,3,7,13,28,2,2,2,2,2,2,1,1,1,1,1,2,10,26,9
2579,7,3,3,2,5,3,4,6,12,9,10,15,20,32,19,12,0,1,1,4,6,1,12,9,7,7,9,16,8,20,7,1,0,0,4,4,5,5,7,3,22,16,15,43,38,28,3,5,10,17,33,0,0,0,0,0,0,6,6,6,15,15,15,51,51,51
2580,9,3,3,2,5,3,4,6,6,10,2,23,20,2,18,16,0,1,1,6,1,1,8,1,8,24,18,21,27,47,8,1,0,0,4,4,5,5,7,3,26,21,25,37,2,38,3,5,10,18,35,0,0,0,0,0,0,10,8,10,16,19,16,26,25,23
2581,12,2,0,3,4,0,2,5,0,3,14,19,23,53,20,44,1,0,0,1,0,6,5,0,6,6,0,6,31,0,39,2,2,2,3,1,4,7,0,5,6,7,11,1,3,5,1,2,3,8,18,1,1,1,4,4,5,4,3,2,2,0,1,1,4,28
2582,7,3,3,1,3,6,1,8,9,4,0,23,20,4,8,16,0,1,1,6,1,1,2,8,1,20,6,25,55,13,25,1,0,0,4,4,5,5,7,3,2,26,0,2,1,9,4,7,14,27,54,0,0,0,0,0,0,2,4,5,18,14,19,49,50,52
2583,3,1,2,0,1,2,0,11,5,7,23,22,11,49,30,2,1,2,0,1,2,0,1,4,0,23,16,13,33,34,18,2,2,2,5,6,3,5,5,3,24,0,26,51,31,17,1,1,2,7,16,1,1,1,1,1,1,0,0,0,26,26,26,44,45,45
2584,6,3,3,1,3,6,3,0,11,11,26,4,27,42,14,25,0,1,1,0,6,5,0,7,5,0,17,11,47,53,11,1,0,0,0,5,0,4,8,1,9,8,13,17,5,15,4,6,11,21,40,0,0,0,5,5,4,9,10,3,9,11,10,3,2,1
2585,12,2,0,3,4,0,2,5,0,3,14,13,21,41,10,42,1,0,0,1,0,6,5,0,6,6,0,6,31,38,5,2,2,2,3,1,4,7,0,5,6,7,11,1,3,5,1,2,3,8,19,1,1,1,4,4,5,4,3,2,2,0,1,11,7,5
2586,1,3,3,1,3,6,1,8,9,12,15,26,13,46,55,54,0,1,1,6,1,1,13,5,12,9,12,12,9,29,48,2,2,2,5,6,3,5,5,3,0,13,7,6,9,6,4,7,14,26,53,1,1,1,1,1,1,0,0,0,11,2,4,22,18,20
2587,8,3,3,2,5,3,4,3,12,9,10,24,9,40,53,8,0,1,1,4,6,1,12,9,7,7,9,16,39,28,31,1,0,0,4,4,5,11,1,0,5,24,27,2,48,40,3,5,10,20,38,0,0,0,0,0,0,6,6,6,22,16,22,33,37,15
2588,9,3,3,2,5,3,4,6,6,10,2,23,20,17,8,16,0,1,1,6,1,1,8,1,8,24,18,21,27,22,21,1,0,0,4,4,5,5,7,3,26,21,25,50,8,32,3,5,10,18,35,0,0,0,0,0,0,10,8,10,16,19,16,26,25,23
2589,5,1,2,0,1,2,0,11,4,0,21,16,6,26,54,35,1,2,0,1,2,0,1,4,0,27,19,20,24,23,23,2,2,2,5,6,3,5,5,3,4,19,23,6,9,6,1,1,2,4,10,1,1,1,1,1,1,0,0,0,11,2,18,22,18,20
2590,7,3,3,1,3,6,1,9,10,8,18,21,22,48,24,4,0,1,1,6,1,1,2,8,1,20,6,25,32,13,25,1,0,0,4,4,5,1,7,13,17,10,22,16,43,26,4,7,13,25,48,0,0,0,0,0,0,7,7,8,25,24,25,27,27,26
2591,2,3,3,1,3,6,1,8,9,4,20,11,13,4,12,45,0,1,1,6,1,1,8,11,9,25,13,9,21,31,50,1,0,0,4,4,5,5,7,3,2,26,0,7,34,20,4,7,14,27,54,0,0,0,0,0,0,2,4,5,18,14,19,12,14,10
2592,4,1,2,0,1,2,0,11,7,7,21,16,6,33,54,35,1,2,0,1,2,0,1,4,0,22,19,0,29,50,0,2,2,2,5,6,3,5,5,3,4,19,23,6,9,6,1,1,2,4,10,1,1,1,1,1,1,0,0,0,14,2,18,47,18,47
2593,10,0,0,2,0,4,5,13,8,6,4,20,8,16,32,15,2,3,2,2,3,2,3,12,13,12,15,15,25,19,35,0,1,3,6,2,1,12,12,8,8,12,20,2,1,10,2,3,6,12,27,2,2,2,2,2,2,1,1,1,4,4,3,14,12,12
2594,1,3,3,1,3,6,1,8,9,12,15,26,13,46,49,54,0,1,1,6,1,1,13,5,12,9,12,12,9,29,48,2,2,2,4,4,5,5,7,3,0,13,7,55,14,44,4,7,14,26,52,0,0,0,0,0,4,3,2,7,6,6,4,5,3,3
2595,7,3,3,2,5,3,4,6,6,10,0,6,20,17,8,16,0,1,1,6,1,1,8,1,8,4,6,23,4,47,49,1,0,0,4,4,5,5,7,3,0,13,7,2,1,1,3,5,10,18,35,0,0,0,0,0,0,12,12,8,21,20,20,34,34,37
2596,4,1,2,0,1,2,0,1,7,7,11,3,26,8,16,55,1,2,0,1,2,0,1,4,0,8,19,20,30,12,32,2,2,2,5,6,3,5,5,3,20,25,3,6,9,22,1,1,2,4,11,1,1,1,1,1,1,0,0,0,19,2,12,28,24,27
2597,8,3,3,2,5,3,4,6,12,9,10,15,20,32,19,12,0,1,1,4,6,1,12,9,7,7,9,16,8,20,7,1,0,0,4,4,5,5,7,3,22,16,15,43,38,28,3,5,10,17,33,0,0,0,0,0,0,6,6,6,15,15,15,16,13,13
2598,3,1,2,0,4,0,2,11,4,3,6,16,18,26,52,24,1,2,0,1,2,0,1,4,0,1,4,22,35,48,17,2,2,2,5,6,3,5,5,3,4,19,23,32,29,18,1,1,2,2,5,1,1,1,1,1,1,0,0,0,13,10,9,13,16,24
2599,9,3,3,2,5,3,4,6,6,10,2,23,20,2,44,49,0,1,1,6,1,1,8,1,8,25,13,21,41,11,24,1,0,0,4,4,5,5,7,3,2,26,0,53,47,30,3,5,10,18,34,0,0,0,0,0,0,10,4,10,16,16,16,39,41,43
2600,1,3,3,1,3,6,1,8,9,12,0,26,13,46,55,54,0,1,1,6,1,1,13,5,12,9,12,12,9,29,27,1,0,0,4,4,5,5,7,3,0,13,7,55,14,44,4,7,14,26,52,0,0,0,0,0,4,3,2,7,6,6,4,5,3,3
2601,13,2,0,3,2,5,6,7,13,13,12,2,14,21,2,14,1,0,0,5,4,4,6,6,4,5,23,24,48,6,4,2,2,2,3,1,4,0,6,9,11,1,24,5,6,48,1,2,5,11,23,1,1,1,3,3,3,5,5,4,0,3,0,24,22,19
2602,13,2,0,3,2,5,6,7,13,13,7,12,14,10,7,27,1,0,0,5,4,4,6,6,4,5,7,4,5,30,54,2,2,2,3,1,4,0,6,9,11,1,24,5,6,48,1,2,5,11,24,1,1,1,3,3,3,5,5,4,0,3,0,0,0,0
2603,4,1,2,0,1,2,0,11,7,7,11,3,24,49,27,36,1,2,0,1,2,0,1,4,0,22,19,0,29,50,0,2,2,2,5,6,3,5,5,3,7,27,5,23,4,1,1,1,2,4,12,1,1,1,1,1,1,0,0,0,14,18,14,29,40,46
2604,11,0,0,2,0,4,5,12,3,6,3,7,4,47,46,5,2,3,2,2,3,2,3,2,2,2,2,2,43,2,42,0,1,3,6,2,1,3,9,4,16,4,8,49,52,14,2,3,7,13,28,2,2,2,2,2,2,1,1,1,1,1,2,10,26,9
2605,1,3,3,1,3,6,1,8,9,12,16,26,13,46,55,54,0,1,1,6,1,1,13,5,12,9,12,12,9,29,27,1,0,0,4,4,5,5,7,3,0,13,7,55,14,44,4,7,14,26,53,0,0,0,0,0,4,3,2,7,6,6,4,5,3,3
2606,12,2,0,3,4,0,2,5,0,3,14,19,23,53,20,44,1,0,0,1,0,6,5,0,6,6,0,6,31,0,26,2,2,2,3,1,4,7,0,5,6,7,11,1,3,5,1,2,3,8,18,1,1,1,4,4,5,4,3,2,2,0,1,1,4,28
2607,4,1,2,0,1,2,0,1,7,7,11,3,26,8,16,55,1,2,0,1,2,0,1,4,0,8,19,20,18,46,22,2,2,2,5,6,3,5,5,3,4,19,23,6,9,6,1,1,2,4,11,1,1,1,1,1,1,0,0,0,11,2,12,18,19,20
2608,14,3,3,2,5,3,4,6,6,10,0,14,20,17,23,16,0,1,1,6,1,1,13,1,8,16,1,14,34,35,40,1,0,0,4,4,5,5,7,3,0,13,7,0,32,39,3,5,10,18,35,0,0,0,0,0,0,2,8,7,20,21,21,31,29,34
2609,13,2,0,3,2,5,6,7,13,13,12,2,14,21,2,14,1,0,0,5,4,4,6,6,4,5,7,4,48,30,4,2,2,2,3,1,4,0,6,9,11,1,24,5,6,48,1,2,5,11,24,1,1,1,3,3,3,5,5,4,0,3,0,0,0,0
2610,2,3,3,1,3,6,1,9,10,1,8,18,1,22,22,41,0,1,1,6,1,1,8,11,9,11,10,18,7,41,9,1,0,0,4,4,5,8,11,6,1,2,2,54,35,21,4,7,12,23,44,0,0,0,0,0,0,2,4,5,7,8,7,2,1,2
2611,12,2,0,3,4,0,2,5,0,3,14,19,23,53,20,44,1,0,0,1,0,6,5,0,6,6,0,6,31,0,39,2,2,2,3,1,4,7,0,5,6,7,11,1,3,5,1,2,3,8,18,1,1,1,4,4,5,4,3,2,2,0,1,1,4,5
2612,1,3,3,1,3,6,1,8,9,12,15,26,13,46,55,38,0,1,1,6,1,1,13,5,12,9,12,12,9,29,27,1,0,0,4,4,5,5,7,3,0,13,7,55,14,44,4,7,14,28,56,0,0,0,0,0,4,3,2,7,6,6,4,5,3,3
2613,8,0,3,2,5,3,4,3,6,9,2,23,9,29,5,40,0,1,1,4,6,1,7,9,7,19,22,7,51,8,33,1,0,0,4,4,5,11,1,0,25,5,1,22,17,24,3,5,10,19,36,0,0,0,0,0,0,6,6,6,12,13,13,6,9,8
2614,12,2,0,3,4,0,2,5,0,3,14,19,23,53,20,44,1,0,0,1,0,6,5,0,6,6,0,6,31,0,39,2,2,2,3,1,4,7,0,5,6,7,11,1,3,5,1,2,3,8,18,1,1,1,4,4,5,4,3,2,2,0,1,1,4,5
2615,11,0,0,2,0,4,5,12,3,6,3,7,4,38,46,9,2,3,2,2,3,2,3,2,2,2,2,2,16,39,44,0,1,3,6,2,1,3,9,4,16,4,8,3,7,2,2,3,6,12,26,2,2,2,2,2,2,1,1,1,1,1,2,23,15,25
2616,5,1,2,0,1,2,0,2,2,0,5,27,12,50,25,13,1,2,0,1,2,0,11,4,11,26,20,10,12,10,13,2,2,2,5,6,3,2,3,12,10,11,17,12,45,16,1,1,1,1,2,1,1,1,1,1,1,0,0,0,3,7,6,15,10,6
2617,13,2,0,3,2,5,6,7,13,13,7,12,14,10,7,31,1,0,0,5,4,4,6,6,4,5,7,4,5,30,54,2,2,2,3,1,4,0,6,9,11,1,24,5,6,48,1,2,5,11,24,1,1,1,3,3,3,5,5,4,0,3,0,0,0,0
2618,2,3,3,1,3,6,1,9,10,1,8,9,1,11,37,11,0,1,1,6,1,1,8,11,9,11,10,18,7,41,9,1,0,0,4,4,5,8,11,6,1,2,2,10,12,0,4,7,12,23,45,0,0,0,0,0,0,2,4,5,7,8,7,2,1,2
2619,2,3,3,1,5,3,1,6,9,4,20,11,20,4,12,16,0,1,1,6,1,1,8,1,8,25,13,9,21,31,50,1,0,0,4,4,5,5,7,3,2,26,0,7,34,20,4,7,14,27,54,0,0,0,0,0,0,2,4,5,18,14,19,12,14,10
2620,8,3,3,2,5,3,4,6,12,9,10,15,20,32,9,12,0,1,1,4,6,1,12,9,7,7,9,16,36,42,45,1,0,0,4,4,5,5,7,0,22,16,15,34,13,12,4,7,13,25,51,0,0,0,0,0,0,6,6,6,15,15,15,51,51,51
2621,7,3,3,1,3,6,1,9,10,8,18,21,22,48,24,4,0,1,1,6,1,1,2,8,1,20,6,25,32,13,25,1,0,0,4,4,5,1,7,13,17,10,22,16,43,26,4,7,13,25,48,0,0,0,0,0,0,7,7,8,25,24,25,27,27,26
2622,12,2,0,3,4,0,2,5,0,3,14,13,21,41,10,42,1,0,0,1,0,6,5,0,6,6,0,6,31,38,5,2,2,2,3,1,4,7,0,5,6,7,11,1,3,5,1,2,3,8,19,1,1,1,4,4,5,4,3,2,2,0,1,11,4,29
2623,7,3,3,1,3,6,1,8,10,8,18,1,22,19,38,4,0,1,1,6,1,1,2,8,1,15,24,1,13,21,1,1,0,0,4,4,5,1,7,13,13,17,10,8,20,47,4,7,13,25,51,0,0,0,0,0,0,7,7,8,5,5,5,7,6,7
2624,9,3,3,2,5,3,4,6,6,10,22,6,3,15,43,19,0,1,1,4,6,1,9,10,10,10,8,8,10,14,10,1,0,0,1,0,6,9,13,11,14,6,9,15,19,8,3,5,9,16,32,0,3,0,0,0,0,12,12,12,21,20,20,17,17,14
2625,10,0,0,2,0,4,5,13,8,6,4,20,8,16,32,30,2,3,2,2,3,2,3,12,13,12,15,27,2,19,2,0,1,3,6,2,1,12,12,8,8,12,20,44,54,10,2,3,6,12,27,2,2,2,2,2,2,1,1,1,4,4,3,19,21,18
2626,3,1,2,0,1,0,0,11,7,7,6,17,18,14,52,24,1,2,0,1,2,0,1,4,0,1,4,22,35,48,17,2,2,2,5,6,3,5,5,3,4,19,23,32,29,18,1,1,2,2,5,1,1,1,1,1,1,0,0,0,13,10,9,13,16,24
2627,13,2,0,3,2,5,6,7,13,13,12,2,14,21,2,43,1,0,0,5,4,4,6,6,4,5,7,4,48,30,4,2,2,2,3,1,4,0,6,9,26,21,25,50,8,32,1,2,5,11,23,1,1,1,3,3,3,5,5,4,0,19,0,26,25,23
2628,9,3,1,2,6,1,4,4,1,5,9,10,7,39,13,28,3,1,3,3,5,3,4,3,3,3,3,3,3,3,3,3,3,1,2,3,2,6,10,7,3,3,6,11,11,3,3,4,8,15,31,3,0,3,6,6,6,11,11,11,17,17,17,9,11,11
2629,5,1,2,0,1,2,0,2,4,0,17,8,17,20,17,22,1,2,0,1,2,0,11,4,11,13,11,26,37,44,36,2,2,2,5,6,3,2,3,12,4,19,23,45,37,33,1,1,1,1,1,1,1,1,1,1,1,0,0,0,3,7,6,21,31,6
2630,10,0,0,2,0,4,5,13,8,6,27,20,8,16,32,15,2,3,2,2,3,2,3,12,13,12,15,15,25,52,35,0,1,3,6,2,1,12,12,8,8,12,20,19,28,29,2,3,6,12,27,2,2,2,2,2,2,1,1,1,4,4,3,14,12,12
2631,8,3,3,1,3,6,1,8,12,8,10,15,22,54,53,12,0,1,1,4,6,1,12,9,7,7,9,16,39,28,31,1,0,0,4,4,5,5,7,0,22,16,15,2,1,1,3,5,10,17,33,0,0,0,0,0,0,6,6,6,15,15,15,33,37,15
2632,3,1,2,0,1,2,0,11,7,7,19,17,24,14,52,10,1,2,0,1,2,0,1,4,0,1,4,22,35,48,17,2,2,2,5,6,3,5,5,3,4,19,23,32,29,18,1,1,2,3,6,1,1,1,1,1,1,0,0,0,13,10,9,13,16,24
2633,9,3,1,2,6,1,4,4,1,5,9,10,7,39,13,28,3,1,3,3,5,3,4,3,3,3,3,3,3,3,3,3,3,1,2,3,2,6,10,7,3,3,6,11,11,3,3,4,8,15,31,3,0,3,6,6,6,11,11,11,17,17,17,9,11,11
2634,9,3,1,2,6,1,4,4,1,5,9,10,7,39,11,29,3,1,3,3,5,3,4,3,3,3,3,3,3,3,3,3,3,1,2,3,2,6,10,7,3,3,6,30,41,46,3,4,8,15,31,3,0,3,6,6,6,11,11,11,17,17,17,9,11,11
2635,13,2,0,3,2,5,6,7,13,13,12,2,14,35,15,14,1,0,0,5,4,4,6,6,4,5,23,24,26,6,29,2,2,2,3,1,4,0,6,9,11,1,24,5,6,48,1,2,5,11,24,1,1,1,3,3,3,5,5,4,0,25,0,24,22,19
2636,6,3,3,1,3,6,3,0,11,2,25,4,15,12,31,21,0,1,1,0,6,5,0,13,5,14,5,5,40,33,38,1,0,0,0,5,0,13,2,2,15,20,12,25,24,27,4,6,11,22,41,0,0,0,5,5,4,3,2,3,10,12,11,42,44,44
2637,5,1,2,0,1,2,0,2,2,0,17,27,17,20,25,22,1,2,0,1,2,0,11,4,11,26,20,10,12,10,13,2,2,2,5,6,3,2,3,12,10,11,17,12,45,16,1,1,1,1,2,1,1,1,1,1,1,0,0,0,3,7,6,15,10,6
2638,1,3,3,1,3,6,1,8,9,12,15,26,13,45,49,6,0,1,1,6,1,1,13,5,12,9,12,12,9,29,27,1,0,0,4,4,5,5,7,3,0,13,7,55,14,44,4,7,14,26,53,0,0,0,0,0,4,3,2,7,6,6,4,5,3,3
2639,8,3,3,2,5,3,4,6,12,9,10,15,20,32,19,12,0,1,1,4,6,1,12,9,7,7,9,16,8,20,7,1,0,0,4,4,5,5,1,0,22,16,15,39,23,55,3,5,10,17,33,0,0,0,0,0,0,6,6,6,15,15,15,16,13,13
2640,8,3,3,2,5,3,4,6,12,9,10,15,20,32,19,12,0,1,1,4,6,1,12,9,7,7,9,16,8,20,7,1,0,0,4,4,5,5,1,0,22,16,15,43,38,28,3,5,10,17,33,0,0,0,0,0,0,6,6,6,15,15,15,16,13,13
2641,12,2,0,3,4,0,2,5,0,3,14,13,23,53,10,34,1,0,0,1,0,6,5,0,6,6,0,6,31,0,39,2,2,2,3,1,4,7,0,5,6,7,11,1,3,5,1,2,3,8,19,1,1,1,4,4,5,4,3,2,2,0,1,1,4,5
2642,10,0,0,2,0,4,5,13,8,6,4,20,19,34,41,30,2,3,2,2,3,2,3,12,13,12,21,27,2,26,2,0,1,3,6,2,1,5,7,3,8,12,20,2,1,10,2,3,6,12,27,2,2,2,2,2,2,1,1,1,4,4,3,19,21,18
2643,14,2,0,3,2,5,6,7,5,13,23,22,2,30,40,2,1,0,0,5,4,4,10,6,4,21,14,17,14,18,14,2,2,2,3,1,4,0,6,9,12,9,4,4,10,52,1,2,4,9,21,1,1,1,3,3,3,8,9,9,8,9,8,4,5,4
2644,8,3,3,2,5,3,4,6,12,9,10,15,20,32,19,12,0,1,1,4,6,1,12,9,7,7,9,16,8,20,7,1,0,0,4,4,5,5,7,0,22,16,15,43,38,28,3,5,10,17,33,0,0,0,0,0,0,6,6,6,15,15,15,16,13,13
2645,3,1,2,0,1,2,0,1,4,7,19,17,24,36,30,48,1,2,0,1,2,0,1,4,0,1,11,22,28,25,34,2,2,2,5,6,3,5,5,3,24,19,23,48,53,43,1,1,2,3,7,1,1,1,1,1,1,0,0,0,3,10,9,37,38,33
2646,5,1,2,0,1,2,0,2,4,0,17,8,17,25,17,22,1,2,0,1,2,0,11,4,11,13,11,26,37,44,36,2,2,2,5,6,3,2,5,12,4,19,23,38,4,1,1,1,1,1,1,1,1,1,1,1,1,0,0,0,3,7,6,21,39,39
2647,14,2,0,3,2,5,6,7,5,13,23,22,2,30,39,39,1,0,0,5,4,4,10,6,4,21,14,17,14,18,41,2,2,2,3,1,4,5,7,3,12,9,4,4,10,52,1,2,4,9,21,1,1,1,3,3,3,8,9,9,8,9,8,4,5,4
2648,8,3,3,2,5,3,4,3,12,9,2,24,9,55,53,8,0,1,1,4,6,1,7,9,7,19,22,7,17,45,15,1,0,0,4,4,5,11,1,0,25,5,1,40,48,40,3,5,10,20,37,0,0,0,0,0,0,6,6,6,12,13,13,6,9,8
2649,9,3,3,2,5,3,4,6,6,10,2,23,20,17,8,16,0,1,1,6,1,1,8,1,8,24,18,21,27,22,21,1,0,0,4,4,5,5,7,3,26,21,25,50,8,32,3,5,10,18,35,0,0,0,0,0,0,10,8,10,16,19,16,26,25,23
2650,3,2,0,3,4,0,2,5,0,3,6,17,5,14,52,24,1,2,0,1,2,0,1,4,0,1,4,22,35,48,17,2,2,2,5,6,3,5,5,3,4,19,23,32,29,18,1,1,2,2,5,1,1,1,1,1,1,0,0,0,13,10,9,13,16,36
2651,7,3,3,2,5,3,4,6,6,10,2,1,20,27,44,49,0,1,1,6,1,1,8,1,8,25,13,21,41,11,24,1,0,0,4,4,5,5,7,3,2,26,0,53,47,30,4,7,14,27,54,0,0,0,0,0,0,10,4,10,16,16,16,39,41,43
2652,4,1,2,0,1,2,0,11,4,7,21,16,6,33,54,53,1,2,0,1,2,0,1,4,0,27,19,20,24,23,23,2,2,2,5,6,3,5,5,3,4,19,23,6,9,6,1,1,2,4,10,1,1,1,1,1,1,0,0,0,11,2,18,22,18,20
2653,5,1,2,0,1,2,0,2,2,0,5,27,25,23,25,13,1,2,0,1,2,0,1,4,0,22,19,0,29,15,0,2,2,2,5,6,3,5,5,3,4,19,23,23,4,1,1,1,1,1,2,1,1,1,1,1,1,0,0,0,14,18,14,29,40,46
2654,4,1,2,0,1,2,0,11,4,0,21,16,6,9,54,53,1,2,0,1,2,0,1,4,0,27,19,20,24,23,23,2,2,2,5,6,3,5,5,3,4,19,23,23,4,1,1,1,2,4,9,1,1,1,1,1,1,0,0,0,11,2,18,29,40,46
2655,5,1,2,0,1,2,0,1,2,0,13,3,16,23,3,26,1,2,0,1,2,0,1,4,0,23,16,13,45,27,43,2,2,2,5,6,3,5,5,3,24,0,26,26,21,25,1,1,2,6,14,1,1,1,1,1,1,0,0,0,24,23,24,18,19,21
2656,9,3,1,2,5,3,4,6,1,10,9,10,20,2,18,49,0,1,1,6,1,1,8,1,8,24,18,21,27,47,8,1,0,0,4,4,5,5,7,3,26,21,25,37,2,38,4,7,13,25,51,0,0,0,0,0,0,10,8,10,16,19,16,26,25,23
2657,3,1,2,0,1,2,0,11,7,7,19,17,24,14,52,10,1,2,0,1,2,0,1,4,0,1,4,22,35,48,17,2,2,2,5,6,3,5,5,3,4,19,23,32,29,18,1,1,2,2,5,1,1,1,1,1,1,0,0,0,13,10,9,13,16,24
2658,7,3,3,1,3,6,1,8,9,12,0,1,13,46,55,16,0,1,1,6,1,1,2,8,1,15,6,23,20,37,28,1,0,0,4,4,5,1,7,13,0,13,7,2,1,9,4,7,13,25,49,0,0,0,0,0,0,7,7,8,5,5,5,34,34,37
2659,2,3,3,1,3,6,1,9,10,1,8,9,1,22,37,41,0,1,1,6,1,1,8,11,9,11,10,18,7,41,9,1,0,0,4,4,5,8,11,6,1,2,2,10,12,0,4,7,12,23,46,0,0,0,0,0,0,2,4,5,7,8,7,2,1,2
2660,12,2,0,3,4,0,2,5,0,3,14,19,23,53,20,44,1,0,0,1,0,6,5,0,6,6,0,6,31,0,26,2,2,2,3,1,4,7,0,5,6,7,11,1,3,5,1,2,3,8,18,1,1,1,4,4,5,4,3,2,2,0,1,1,7,28
2661,5,1,2,0,1,2,0,2,2,0,5,27,12,50,25,13,1,2,0,1,2,0,11,4,11,26,20,10,12,10,13,2,2,2,5,6,3,2,3,12,10,11,17,12,45,16,1,1,1,1,2,1,1,1,1,1,1,0,0,0,3,7,6,15,10,6
2662,6,3,3,1,3,6,3,0,11,11,26,4,27,12,14,32,0,1,1,0,6,5,0,7,5,0,17,11,0,9,52,1,0,0,0,5,0,4,8,1,9,8,13,18,0,53,4,6,11,21,39,0,0,0,5,5,4,9,10,3,9,11,10,3,2,1
2663,12,2,0,3,4,0,2,5,0,3,14,19,23,28,20,44,1,0,0,1,0,6,5,0,6,6,0,6,31,0,26,2,2,2,3,1,4,7,0,5,6,7,11,1,3,5,1,2,3,8,18,1,1,1,4,4,5,4,3,2,2,0,1,50,7,50
2664,14,2,0,3,2,5,6,7,5,13,23,22,2,6,40,39,1,0,0,5,4,4,10,6,4,21,14,17,14,18,41,2,2,2,3,1,4,0,6,9,12,9,4,4,10,52,1,2,4,9,21,1,1,1,3,3,3,8,9,9,8,9,8,4,5,4
2665,8,3,3,2,5,3,4,3,12,9,10,24,9,55,53,8,0,1,1,4,6,1,7,9,7,19,22,7,17,45,15,1,0,0,4,4,5,11,1,0,5,24,27,2,1,1,3,5,10,20,37,0,0,0,0,0,0,6,6,6,22,16,22,33,35,15
2666,3,1,2,0,1,2,0,1,5,7,23,22,2,6,40,2,1,2,0,1,2,0,1,4,0,23,16,13,33,51,30,2,2,2,5,6,3,5,5,3,24,19,26,2,1,1,1,1,2,3,6,1,1,1,1,1,1,8,0,9,24,23,24,18,19,21
2667,4,1,2,0,1,2,0,1,7,7,1,3,26,1,47,55,1,2,0,1,2,0,1,4,0,8,19,20,30,12,32,2,2,2,5,6,3,5,5,3,20,25,3,28,30,22,1,1,2,4,11,1,1,1,1,1,1,0,0,0,19,2,12,28,24,27
2668,3,1,2,0,2,5,6,7,4,13,24,17,18,1,7,48,1,2,0,1,2,0,1,4,0,1,4,22,28,25,34,2,2,2,5,6,3,5,5,3,4,19,23,2,1,1,1,1,2,3,6,1,1,1,1,1,1,0,0,0,24,10,9,37,38,33
2669,6,3,3,1,3,6,3,0,11,11,26,4,27,12,14,32,0,1,1,0,6,5,0,7,5,0,17,11,0,9,52,1,0,0,0,5,0,4,8,1,9,8,13,17,5,15,4,6,11,21,39,0,0,0,5,5,4,9,10,3,9,11,10,3,2,1
2670,8,3,3,2,5,3,4,3,12,9,10,24,9,55,53,8,0,1,1,4,6,1,7,9,7,19,22,7,17,45,15,1,0,0,4,4,5,11,1,0,25,5,1,40,55,41,3,5,10,20,37,0,0,0,0,0,0,6,6,6,12,13,13,6,9,8
2671,7,3,3,1,3,6,1,8,10,8,18,25,22,52,50,4,0,1,1,6,1,1,2,8,1,15,24,1,13,21,1,1,0,0,4,4,5,1,7,13,13,17,10,2,1,9,4,7,13,24,47,0,0,0,0,0,0,7,7,8,5,5,5,34,34,37
2672,3,1,2,0,1,2,0,1,7,7,13,3,25,23,3,26,1,2,0,1,2,0,1,4,0,23,16,13,45,27,43,2,2,2,5,6,3,5,5,3,24,0,26,26,21,25,1,1,2,6,14,1,1,1,1,1,1,0,0,0,24,23,24,18,19,21
2673,4,1,2,0,1,2,0,11,7,7,19,16,24,14,52,35,1,2,0,1,2,0,1,4,0,1,19,20,53,46,22,2,2,2,5,6,3,5,5,3,4,19,23,2,29,1,1,1,2,3,6,1,1,1,1,1,1,0,0,0,13,10,9,43,53,24
2674,2,3,3,1,3,6,1,9,10,1,8,9,1,22,37,41,0,1,1,6,1,1,8,11,9,11,10,18,7,41,9,1,0,0,4,4,5,8,11,6,1,2,2,10,12,0,4,7,12,23,46,0,0,0,0,0,0,2,4,5,7,8,7,2,1,2
2675,5,1,2,0,1,2,0,1,2,0,13,3,16,23,30,33,1,2,0,1,2,0,1,4,0,23,16,13,33,34,18,2,2,2,5,6,3,5,5,3,24,0,26,46,39,42,1,1,2,7,17,1,1,1,1,1,1,0,0,0,26,26,26,38,36,38
2676,4,1,2,0,1,2,0,1,7,7,11,3,26,8,16,55,1,2,0,1,2,0,1,4,0,22,19,20,18,46,22,2,2,2,5,6,3,5,5,3,4,19,23,6,9,6,1,1,2,4,11,1,1,1,1,1,1,0,0,0,11,2,12,18,33,31
2677,13,2,0,3,2,5,6,7,13,13,12,2,14,35,15,43,1,0,0,5,4,4,6,6,4,5,23,24,26,24,29,2,2,2,3,1,4,0,6,9,18,22,21,14,25,31,1,2,5,10,22,1,1,1,3,3,3,5,5,4,0,25,0,24,22,19
2678,6,3,3,1,3,6,3,0,11,11,26,4,27,42,14,32,0,1,1,0,6,5,0,7,5,0,17,11,47,53,52,1,0,0,0,5,0,4,8,1,9,8,13,2,1,1,4,6,11,21,39,0,0,0,5,5,4,9,10,3,9,11,10,3,2,1
2679,8,3,3,2,5,3,4,6,12,9,10,15,20,32,19,12,0,1,1,4,6,1,12,9,7,7,9,16,8,20,7,1,0,0,4,4,5,5,1,0,22,16,15,43,38,28,3,5,10,17,33,0,0,0,0,0,0,6,6,6,15,15,15,16,13,13
2680,13,2,0,3,2,5,6,7,13,13,12,2,14,24,2,43,1,0,0,5,4,4,6,6,4,5,7,4,48,30,4,2,2,2,3,1,4,0,6,9,11,1,24,5,6,48,1,2,5,11,23,1,1,1,3,3,3,5,5,4,0,3,0,0,0,0
2681,12,2,0,3,4,0,2,5,0,3,14,19,23,53,20,44,1,0,0,1,0,6,5,0,6,6,0,6,31,38,26,2,2,2,3,1,4,7,0,5,6,7,11,1,3,5,1,2,3,8,18,1,1,1,4,4,5,4,3,2,2,0,1,1,7,28
2682,3,2,2,3,2,5,6,7,13,13,7,17,14,21,2,27,1,2,0,1,2,0,1,4,0,1,27,22,28,4,46,2,2,2,3,1,4,0,6,9,11,1,24,32,29,18,1,2,5,11,24,1,1,1,1,1,1,5,5,4,13,10,9,13,16,24
2683,11,0,0,2,0,4,5,12,3,6,3,7,4,38,48,5,2,3,2,2,3,2,3,2,2,2,2,2,44,43,16,0,1,3,6,2,1,3,9,4,16,4,8,3,7,2,2,3,7,13,28,2,2,2,2,2,2,1,1,1,1,1,2,23,15,25
2684,1,3,3,1,3,6,1,8,9,12,16,14,13,46,23,52,0,1,1,6,1,1,13,1,12,16,1,14,34,35,40,1,0,0,4,4,5,5,7,3,0,13,7,0,14,39,4,7,14,26,53,0,0,0,0,0,4,3,2,7,6,6,4,31,29,34
2685,6,3,3,1,3,6,3,0,11,11,26,4,27,42,14,25,0,1,1,0,6,5,0,7,5,0,17,11,42,32,11,1,0,0,0,5,0,4,8,1,27,23,18,47,26,34,4,6,11,21,40,0,0,0,5,5,4,9,10,3,9,11,10,3,2,1
2686,9,3,3,2,5,3,4,6,6,10,2,23,20,2,18,16,0,1,1,6,1,1,8,1,8,24,18,21,27,47,8,1,0,0,4,4,5,5,7,3,26,21,25,37,2,38,3,5,10,18,35,0,0,0,0,0,0,10,8,10,16,19,16,26,25,23
2687,4,1,2,0,1,2,0,1,7,7,11,3,10,49,45,18,1,2,0,1,2,0,1,4,0,22,19,0,29,15,0,2,2,2,5,6,3,5,5,3,7,27,5,42,51,49,1,1,2,4,12,1,1,1,1,1,1,0,0,0,14,18,14,29,28,30
2688,5,1,2,0,1,2,0,2,2,0,13,27,25,23,3,13,1,2,0,1,2,0,1,4,0,23,16,13,45,27,43,2,2,2,5,6,3,5,5,3,24,0,26,26,21,25,1,1,2,6,15,1,1,1,1,1,1,0,0,0,24,23,24,18,19,21
2689,14,2,0,1,3,6,1,8,9,12,20,14,13,18,39,3,0,1,1,6,1,1,13,5,12,9,12,12,9,29,48,1,0,0,4,4,5,5,7,3,0,13,7,2,1,9,4,7,14,28,56,0,0,0,0,0,4,3,2,7,20,21,21,31,29,34
2690,7,3,3,1,3,6,1,9,10,8,18,21,22,48,24,4,0,1,1,6,1,1,2,8,1,20,6,25,32,13,25,1,0,0,4,4,5,1,7,13,17,10,22,16,43,26,4,7,13,25,48,0,0,0,0,0,0,7,7,8,25,24,25,27,27,26
2691,6,3,3,1,3,6,3,0,11,11,26,4,27,42,14,25,0,1,1,0,6,5,0,7,5,0,17,11,47,53,11,1,0,0,0,5,0,4,8,1,9,8,13,17,5,15,4,6,11,21,39,0,0,0,5,5,4,9,10,3,9,11,10,3,2,1
2692,6,3,3,1,3,6,3,0,11,2,25,4,15,0,42,37,0,1,1,0,6,5,0,13,5,14,5,5,15,33,55,1,0,0,0,5,0,13,2,2,15,20,12,29,50,51,4,6,11,22,43,0,0,0,5,5,4,3,2,3,10,12,11,20,20,16
2693,13,2,0,3,2,5,6,7,13,13,12,2,14,35,15,14,1,0,0,5,4,4,6,6,4,5,23,24,26,24,29,2,2,2,3,1,4,0,6,9,11,1,24,5,6,48,1,2,5,10,22,1,1,1,3,3,3,5,5,4,0,25,0,24,22,19
2694,3,1,2,0,1,2,0,11,4,0,17,16,18,14,52,24,1,2,0,1,2,0,1,4,0,1,4,22,35,48,17,2,2,2,5,6,3,5,5,3,4,19,23,32,29,18,1,1,2,2,5,1,1,1,1,1,1,0,0,0,13,10,9,13,16,24
2695,1,3,3,1,3,6,3,0,9,2,25,26,15,45,49,37,0,1,1,0,6,5,0,13,5,14,25,5,15,17,6,1,0,0,4,4,5,13,2,2,19,15,14,13,16,7,4,7,14,26,53,0,0,0,5,5,4,3,2,3,10,12,11,32,30,35
2696,11,0,0,2,0,4,5,12,3,6,3,7,4,38,46,9,2,3,2,2,3,2,3,2,2,2,2,2,16,39,44,0,1,3,6,2,1,3,9,4,16,4,8,3,7,2,2,3,7,13,28,2,2,2,2,2,2,1,1,1,1,1,2,23,15,25
2697,5,1,2,0,1,2,0,1,7,7,13,3,25,23,3,26,1,2,0,1,2,0,1,4,0,23,16,13,45,27,43,2,2,2,5,6,3,5,5,3,24,0,26,26,21,25,1,1,2,6,14,1,1,1,1,1,1,0,0,0,24,23,24,18,19,21
2698,10,0,0,2,0,4,5,13,8,6,4,20,19,44,26,7,2,3,2,2,3,2,3,12,13,17,26,19,22,16,20,0,1,3,6,2,1,10,4,10,21,18,19,9,22,37,2,3,6,12,25,2,2,2,2,2,2,13,13,13,23,22,23,25,23,22
2699,13,2,0,3,2,5,6,7,13,13,12,2,11,35,15,43,1,0,0,5,4,4,6,6,4,5,23,24,26,6,29,2,2,2,3,1,4,0,6,9,24,0,26,46,39,42,1,1,2,7,17,1,1,1,3,3,3,5,5,4,0,25,0,24,22,19
2700,14,2,0,3,2,5,6,7,5,13,23,22,2,30,40,2,1,0,0,5,4,4,10,6,4,21,14,17,14,18,14,2,2,2,3,1,4,0,6,9,12,9,4,4,10,52,1,2,4,9,20,1,1,1,3,3,3,8,9,9,8,9,8,4,5,4
2701,2,3,3,1,3,6,1,9,10,1,8,18,1,22,22,11,0,1,1,6,1,1,8,11,9,11,10,18,7,41,9,1,0,0,4,4,5,8,11,6,1,2,2,54,35,21,4,7,12,23,44,0,0,0,0,0,0,2,4,5,7,8,7,2,1,2
2702,10,0,0,2,0,4,5,10,3,6,27,7,4,43,29,50,2,3,2,2,3,2,3,12,13,12,15,27,38,54,51,0,1,3,6,2,1,3,9,4,16,4,8,49,52,14,2,3,7,14,30,2,2,2,2,2,2,1,1,1,4,4,3,46,46,32
2703,12,2,0,3,4,0,2,5,0,3,14,13,21,41,10,42,1,0,0,1,0,6,5,0,6,6,0,6,31,38,5,2,2,2,3,1,4,7,0,5,6,7,11,1,3,5,1,2,3,8,19,1,1,1,4,4,5,4,3,2,2,0,1,11,7,29
2704,12,2,0,3,4,0,2,5,0,3,14,19,23,53,20,44,1,0,0,1,0,6,5,0,6,6,0,6,31,0,39,2,2,2,3,1,4,7,0,5,6,7,11,1,3,5,1,2,3,8,18,1,1,1,4,4,5,4,3,2,2,0,1,1,4,5
2705,14,2,0,3,2,5,6,7,5,13,23,22,2,30,40,39,1,0,0,5,4,4,10,6,4,21,14,17,14,18,41,2,2,2,3,1,4,0,6,9,12,9,4,4,10,52,1,2,4,9,21,1,1,1,3,3,3,8,9,9,8,9,8,4,5,4
2706,7,3,3,1,3,6,1,8,10,8,18,25,22,54,34,4,0,1,1,6,1,1,2,8,1,15,24,1,13,21,1,1,0,0,4,4,5,1,7,13,13,17,10,8,20,47,4,7,13,24,47,0,0,0,0,0,0,7,7,8,5,5,5,7,6,7
2707,13,2,0,3,2,5,6,7,13,13,7,12,14,21,7,43,1,0,0,5,4,4,6,6,4,5,7,4,48,30,4,2,2,2,3,1,4,0,6,9,11,1,24,5,6,48,1,2,5,11,23,1,1,1,3,3,3,5,5,4,0,3,0,0,0,0
2708,10,0,0,2,0,4,5,10,3,6,27,7,4,43,29,50,2,3,2,2,3,2,3,12,13,12,15,27,38,54,51,0,1,3,6,2,1,3,9,4,16,4,8,49,52,14,2,3,7,14,30,2,2,2,2,2,2,1,1,1,4,4,3,46,46,32
2709,4,1,2,0,1,2,0,1,7,7,11,3,26,8,16,55,1,2,0,1,2,0,1,4,0,8,19,20,11,55,22,2,2,2,5,6,3,5,5,3,4,19,23,6,9,6,1,1,2,4,11,1,1,1,1,1,1,0,0,0,19,2,12,35,49,31
2710,3,2,0,3,2,5,6,7,5,13,24,22,2,6,27,2,1,2,0,1,2,0,1,4,0,1,27,22,1,4,46,2,2,2,5,6,3,5,5,3,4,19,23,23,1,1,1,1,2,3,6,1,1,1,1,1,1,8,9,9,8,9,8,13,43,36
2711,6,3,3,1,3,6,3,0,11,11,26,4,27,12,14,32,0,1,1,0,6,5,0,7,5,0,17,11,47,53,52,1,0,0,0,5,0,4,8,1,9,8,13,52,40,13,4,6,11,21,39,0,0,0,5,5,4,9,10,3,9,11,10,3,2,1
2712,10,0,0,2,0,4,5,10,3,6,4,7,19,5,41,30,2,3,2,2,3,2,3,12,13,12,15,27,2,19,2,0,1,3,6,2,1,3,9,4,16,4,8,49,52,14,2,3,7,13,28,2,2,2,2,2,2,1,1,1,1,1,2,54,55,9
2713,5,1,2,0,1,2,0,1,7,7,13,3,25,23,3,16,1,2,0,1,2,0,1,4,0,23,16,13,45,27,43,2,2,2,5,6,3,5,5,3,24,0,26,26,21,25,1,1,2,6,15,1,1,1,1,1,1,0,0,0,24,23,24,18,19,21
2714,2,3,3,1,3,6,1,9,10,1,8,18,1,22,37,11,0,1,1,6,1,1,8,11,9,11,10,18,7,41,9,1,0,0,4,4,5,8,11,6,1,2,2,10,12,0,4,7,12,23,46,0,0,0,0,0,0,2,4,5,7,8,7,2,1,2
2715,5,1,2,0,1,2,0,2,2,0,1,27,25,1,47,48,1,2,0,1,2,0,1,4,0,8,19,20,30,12,32,2,2,2,5,6,3,5,5,3,20,25,3,28,30,22,1,1,2,3,8,1,1,1,1,1,1,0,0,0,19,2,12,28,24,27
2716,14,3,3,1,3,6,1,8,9,12,0,14,13,18,23,52,0,1,1,6,1,1,13,1,8,16,1,14,34,35,40,1,0,0,4,4,5,5,7,3,0,13,7,0,32,39,4,7,14,28,56,0,0,0,0,0,0,2,8,7,20,21,21,31,29,34
2717,10,0,0,2,0,4,5,13,8,6,4,20,8,16,32,30,2,3,2,2,3,2,3,12,13,12,15,27,2,19,2,0,1,3,6,2,1,12,12,8,8,12,20,44,54,10,2,3,6,12,27,2,2,2,2,2,2,1,1,1,4,4,3,19,21,18
2718,7,3,3,1,3,6,1,8,9,4,20,1,13,27,38,51,0,1,1,6,1,1,2,1,1,20,6,23,50,37,28,1,0,0,4,4,5,5,7,3,4,19,23,24,49,45,4,7,13,25,50,0,0,0,0,0,0,7,7,8,5,5,5,48,47,49
2719,5,1,2,0,1,2,0,2,2,0,5,27,12,50,25,13,1,2,0,1,2,0,11,4,11,26,20,10,12,10,13,2,2,2,5,6,3,2,3,12,10,11,17,12,45,16,1,1,1,1,2,1,1,1,1,1,1,0,0,0,3,7,6,15,10,6
2720,3,1,2,0,1,2,0,11,4,0,19,16,17,9,17,10,1,2,0,1,2,0,1,4,0,1,27,22,28,4,34,2,2,2,5,6,3,5,5,3,4,19,23,45,37,33,1,1,1,1,1,1,1,1,1,1,1,0,0,0,3,10,9,21,31,33
2721,5,1,2,0,1,2,0,2,2,0,5,27,12,50,25,13,1,2,0,1,2,0,11,4,11,26,20,10,12,10,13,2,2,2,5,6,3,2,3,12,10,11,17,12,45,16,1,1,1,1,2,1,1,1,1,1,1,0,0,0,3,7,6,15,10,6
2722,7,3,3,1,3,6,1,8,10,8,18,25,22,19,34,4,0,1,1,6,1,1,2,8,1,15,24,1,13,21,1,1,0,0,4,4,5,1,7,13,13,17,10,8,20,47,4,7,13,24,47,0,0,0,0,0,0,7,7,8,5,5,5,7,6,7
2723,10,0,0,2,0,4,5,13,8,6,27,20,8,16,32,15,2,3,2,2,3,2,3,12,13,12,15,15,25,52,35,0,1,3,6,2,1,12,12,8,8,12,20,19,28,29,2,3,6,12,27,2,2,2,2,2,2,1,1,1,4,4,3,14,12,12
2724,12,2,0,3,4,0,2,5,0,3,14,19,23,53,20,44,1,0,0,1,0,6,5,0,6,6,0,6,31,0,39,2,2,2,3,1,4,7,0,5,6,7,11,1,3,5,1,2,3,8,18,1,1,1,4,4,5,4,3,2,2,0,1,1,4,5
2725,3,1,2,0,1,2,0,11,4,0,24,8,17,36,17,22,1,2,0,1,2,0,1,4,0,1,11,20,28,25,34,2,2,2,5,6,3,5,5,3,4,19,23,48,53,1,1,1,2,3,6,1,1,1,1,1,1,0,0,0,3,10,9,37,38,33
2726,12,2,0,3,4,0,2,5,0,3,14,13,23,28,36,42,1,0,0,1,0,6,5,0,6,6,0,6,31,0,39,2,2,2,3,1,4,7,0,5,6,7,11,1,3,5,1,1,2,3,8,1,1,1,4,4,5,4,3,2,2,0,1,50,52,5
2727,2,3,3,1,3,6,1,9,10,1,8,18,1,22,22,11,0,1,1,6,1,1,8,11,9,11,10,18,49,7,9,1,0,0,4,4,5,8,11,6,1,2,2,54,35,21,4,7,12,23,44,0,0,0,0,0,0,2,4,5,7,8,7,2,1,2
2728,7,3,3,1,3,6,1,8,9,8,0,1,20,27,1,16,0,1,1,6,1,1,2,8,1,15,6,23,20,37,28,1,0,0,4,4,5,1,7,13,0,13,7,33,46,4,4,7,13,25,49,0,0,0,0,0,0,7,7,8,5,5,5,34,34,37
2729,1,3,3,1,3,6,1,8,9,12,15,26,13,46,49,54,0,1,1,6,1,1,13,5,12,9,12,12,9,29,27,1,0,0,4,4,5,5,7,3,0,13,7,55,14,44,4,7,14,26,53,0,0,0,0,0,4,3,2,7,6,6,4,5,3,3
2730,9,3,1,2,6,1,4,4,1,5,9,10,7,39,13,28,3,1,3,3,5,3,4,3,3,3,3,3,3,3,3,3,3,1,2,3,2,6,10,7,3,3,6,11,11,3,3,4,8,15,31,3,0,3,6,6,6,11,11,11,17,17,17,9,11,11
2731,5,1,2,0,1,2,0,2,2,0,5,27,12,50,25,13,1,2,0,1,2,0,11,4,11,26,20,10,12,10,13,2,2,2,5,6,3,2,3,12,10,11,17,12,45,16,1,1,1,1,2,1,1,1,1,1,1,0,0,0,3,7,6,15,10,6
2732,9,3,3,2,5,3,4,6,6,10,2,23,20,17,8,16,0,1,1,6,1,1,8,1,8,24,18,21,27,22,21,1,0,0,4,4,5,5,7,3,26,21,25,50,8,32,3,5,10,18,35,0,0,0,0,0,0,10,8,10,16,19,16,26,25,23
2733,3,1,2,0,1,2,0,1,7,7,1,17,0,8,30,55,1,2,0,1,2,0,1,4,0,8,11,20,11,55,22,2,2,2,5,6,3,5,5,3,4,19,23,48,53,54,1,1,2,6,15,1,1,1,1,1,1,0,0,0,19,2,12,35,49,31
2734,2,3,3,1,3,6,1,9,10,1,8,18,1,22,22,11,0,1,1,6,1,1,8,11,9,11,10,18,49,7,9,1,0,0,4,4,5,8,11,6,1,2,2,54,35,21,4,7,12,23,45,0,0,0,0,0,0,2,4,5,7,8,7,2,1,2
2735,8,3,3,2,5,3,4,6,12,9,10,15,20,32,19,12,0,1,1,4,6,1,12,9,7,7,9,16,8,20,7,1,0,0,4,4,5,5,1,0,22,16,15,43,38,55,3,5,10,17,33,0,0,0,0,0,0,6,6,6,15,15,15,16,13,13
2736,1,3,3,1,3,6,1,8,9,12,16,26,13,46,55,54,0,1,1,6,1,1,13,5,12,9,12,12,9,29,27,1,0,0,4,4,5,5,7,3,0,13,7,55,14,44,4,7,14,26,52,0,0,0,0,0,4,3,2,7,6,6,4,5,3,3
2737,9,3,1,2,6,1,4,4,1,5,9,10,7,39,13,29,3,1,3,3,5,3,4,3,3,3,3,3,3,3,3,3,3,1,2,3,2,6,10,7,3,3,6,11,11,3,3,4,8,15,31,3,0,3,6,6,6,11,11,11,17,17,17,9,11,11
2738,1,3,3,1,3,6,1,8,9,12,16,26,13,46,55,54,0,1,1,6,1,1,13,5,12,9,12,12,9,29,27,1,0,0,4,4,5,5,7,3,0,13,7,55,14,44,4,7,14,26,53,0,0,0,0,0,4,3,2,7,6,6,4,5,3,3
2739,7,3,3,1,3,6,1,9,10,8,18,21,22,48,24,4,0,1,1,6,1,1,2,8,1,20,6,25,32,13,25,1,0,0,4,4,5,1,7,13,17,10,22,16,43,26,4,7,13,25,48,0,0,0,0,0,0,7,7,8,25,24,25,27,27,26
2740,14,2,0,3,2,5,6,7,5,13,23,22,2,6,39,39,1,0,0,5,4,4,10,6,4,21,14,17,14,18,41,2,2,2,3,1,4,5,6,3,12,9,4,4,10,52,1,2,4,9,21,1,1,1,3,3,3,8,9,9,8,9,8,4,5,4
2741,7,3,3,1,3,6,1,8,10,8,18,25,22,19,35,4,0,1,1,6,1,1,2,8,1,15,24,1,13,21,1,1,0,0,4,4,5,1,7,13,13,17,10,8,20,47,4,7,13,24,47,0,0,0,0,0,0,7,7,8,5,5,5,7,6,7
2742,11,0,0,2,0,4,5,12,3,6,4,7,19,5,41,9,2,3,2,2,3,2,3,2,2,2,2,2,16,39,44,0,1,3,6,2,1,3,9,4,16,4,8,3,7,10,2,3,7,14,30,2,2,2,2,2,2,1,1,1,1,1,2,19,21,18
2743,11,0,0,2,0,4,5,13,8,6,4,20,19,34,4,23,2,3,2,2,3,2,3,2,2,2,2,2,44,43,16,0,1,3,6,2,1,3,9,4,16,4,8,27,36,36,2,3,6,12,26,2,2,2,2,2,2,1,1,1,1,1,2,8,8,17
2744,11,0,0,2,0,4,5,12,3,6,3,7,4,38,48,5,2,3,2,2,3,2,3,2,2,2,2,2,44,43,16,0,1,3,6,2,1,3,9,4,16,4,8,27,36,36,2,3,7,13,28,2,2,2,2,2,2,1,1,1,1,1,2,8,8,17
2745,1,3,3,1,3,6,1,8,9,12,16,26,13,45,49,54,0,1,1,6,1,1,13,5,12,9,12,12,9,29,27,1,0,0,4,4,5,5,7,3,0,13,7,55,14,44,4,7,14,26,53,0,0,0,0,0,4,3,2,7,6,6,4,5,3,3
2746,7,3,3,1,3,6,1,8,10,8,18,1,22,27,38,4,0,1,1,6,1,1,2,8,1,20,6,1,13,21,1,1,0,0,4,4,5,1,7,13,13,17,10,2,1,9,4,7,13,25,50,0,0,0,0,0,0,7,7,8,5,5,5,27,27,26
2747,6,3,3,1,3,6,3,0,11,2,25,4,15,0,42,37,0,1,1,0,6,5,0,13,5,14,5,5,15,33,55,1,0,0,0,5,0,13,2,2,15,20,12,29,50,51,4,6,11,22,43,0,0,0,5,5,4,3,2,3,10,12,11,20,20,16
2748,10,0,0,2,0,4,5,10,3,6,27,7,19,44,26,7,2,3,2,2,3,2,3,12,13,17,26,19,22,16,20,0,1,3,6,2,1,10,4,10,21,18,19,9,22,37,2,3,6,12,25,2,2,2,2,2,2,13,13,13,23,22,23,25,23,22
2749,5,1,2,0,1,2,0,11,4,0,17,8,17,20,17,22,1,2,0,1,2,0,11,4,11,26,20,10,12,10,13,2,2,2,5,6,3,2,3,12,4,19,23,45,37,33,1,1,1,1,1,1,1,1,1,1,1,0,0,0,3,7,6,21,10,6
2750,1,3,3,1,3,6,1,8,9,12,15,26,13,46,55,54,0,1,1,6,1,1,13,5,12,9,12,12,9,29,27,1,0,0,4,4,5,5,7,3,0,13,7,55,14,44,4,7,14,26,52,0,0,0,0,0,4,3,2,7,6,6,4,5,3,3
2751,11,0,0,2,0,4,5,13,8,6,4,20,19,34,41,30,2,3,2,2,3,2,3,2,2,2,2,2,16,39,44,0,1,3,6,2,1,3,9,4,16,4,8,3,7,2,2,3,6,12,26,2,2,2,2,2,2,1,1,1,1,1,2,23,15,25
2752,7,3,3,1,3,6,1,2,10,8,18,25,22,19,34,4,0,1,1,6,1,1,2,8,1,15,24,1,13,21,1,1,0,0,4,4,5,1,7,13,13,17,10,8,20,47,3,5,10,20,38,0,0,0,0,0,0,7,7,8,5,5,5,7,6,7
2753,9,3,3,2,5,3,4,6,6,10,2,23,20,2,18,16,0,1,1,6,1,1,8,1,8,24,18,21,27,47,8,1,0,0,4,4,5,5,7,3,26,21,25,37,2,38,3,5,10,18,35,0,0,0,0,0,0,10,8,10,16,19,16,26,25,23
2754,10,0,0,2,0,4,5,13,8,6,4,20,19,44,26,7,2,3,2,2,3,2,3,12,13,17,26,19,22,16,20,0,1,3,6,2,1,10,4,10,21,18,19,9,22,37,2,3,6,12,25,2,2,2,2,2,2,13,13,13,23,22,23,25,23,22
2755,4,1,2,0,1,2,0,11,7,7,21,16,6,26,54,35,1,2,0,1,2,0,1,4,0,27,19,20,24,23,23,2,2,2,5,6,3,5,5,3,4,19,23,31,44,19,1,1,2,4,9,1,1,1,1,1,1,0,0,0,11,2,18,45,48,48
2756,11,0,0,2,0,4,5,12,3,6,3,7,4,47,46,9,2,3,2,2,3,2,3,2,2,2,2,2,44,43,16,0,1,3,6,2,1,3,9,4,16,4,8,27,36,36,2,3,6,12,26,2,2,2,2,2,2,1,1,1,1,1,2,8,8,32
2757,13,2,0,3,2,5,6,7,13,13,12,2,14,35,15,14,1,0,0,5,4,4,6,6,4,5,23,24,26,24,29,2,2,2,3,1,4,0,6,9,18,22,21,14,25,31,1,2,5,10,22,1,1,1,3,3,3,5,5,4,0,25,0,24,22,19
2758,10,0,0,2,0,4,5,13,8,6,4,20,19,5,41,23,2,3,2,2,3,2,3,12,13,17,21,19,22,26,20,0,1,3,6,2,1,5,7,3,16,4,8,49,52,14,2,3,6,12,26,2,2,2,2,2,2,13,13,13,23,22,23,25,23,22
2759,6,3,3,1,3,6,3,0,11,11,26,4,27,12,14,32,0,1,1,0,6,5,0,7,5,0,17,11,47,53,52,1,0,0,0,5,0,4,8,1,9,8,13,2,1,1,4,6,11,21,39,0,0,0,5,5,4,9,10,3,9,11,10,3,2,1
2760,14,2,0,3,2,5,6,7,5,13,23,22,2,30,40,39,1,0,0,5,4,4,10,6,4,21,14,17,14,18,41,2,2,2,3,1,4,0,6,9,12,9,4,4,10,52,1,2,4,9,21,1,1,1,3,3,3,8,9,9,8,9,8,4,5,4
2761,5,1,2,0,1,2,0,1,4,0,1,8,16,1,47,48,1,2,0,1,2,0,1,4,0,8,19,20,30,12,32,2,2,2,5,6,3,5,5,3,20,25,3,28,30,22,1,1,2,3,8,1,1,1,1,1,1,0,0,0,19,2,12,28,24,27
2762,12,2,0,3,4,0,2,5,0,3,14,13,21,41,10,42,1,0,0,1,0,6,5,0,6,6,0,6,31,0,39,2,2,2,3,1,4,7,0,5,6,7,11,1,3,5,1,2,3,8,19,1,1,1,4,4,5,4,3,2,2,0,1,1,4,5
2763,6,3,3,1,3,6,3,0,11,11,26,4,27,12,14,32,0,1,1,0,6,5,0,7,5,0,17,11,47,53,52,1,0,0,0,5,0,4,8,1,9,8,13,18,0,53,4,6,11,21,39,0,0,0,5,5,4,9,10,3,9,11,10,3,2,1
2764,7,3,3,1,3,6,1,9,10,8,18,25,22,19,35,4,0,1,1,6,1,1,2,8,1,15,24,1,13,21,1,1,0,0,4,4,5,1,7,13,13,17,10,8,20,47,4,7,13,24,47,0,0,0,0,0,0,7,7,8,5,5,5,7,6,7
2765,1,3,3,1,3,6,1,8,9,12,15,26,13,46,55,54,0,1,1,6,1,1,13,5,12,9,12,12,9,29,48,1,0,0,4,4,5,5,7,3,0,13,7,55,14,44,4,7,14,26,52,0,0,0,0,0,4,3,2,7,6,6,4,5,3,3
2766,2,3,3,1,3,6,1,9,10,1,8,18,1,22,22,11,0,1,1,6,1,1,8,11,9,11,10,18,49,7,9,1,0,0,4,4,5,8,11,6,1,2,2,54,35,21,4,7,12,23,45,0,0,0,0,0,0,2,4,5,7,8,7,2,1,2
2767,9,3,3,2,5,3,4,6,6,10,2,23,20,17,8,16,0,1,1,6,1,1,8,1,8,24,18,21,27,22,21,1,0,0,4,4,5,5,7,3,26,21,25,50,8,32,3,5,10,18,35,0,0,0,0,0,0,10,8,10,16,19,16,26,25,23
2768,9,3,3,2,5,3,4,6,6,10,22,6,3,15,43,19,0,1,1,4,6,1,9,10,10,10,8,8,10,14,10,1,0,0,1,0,6,9,13,11,14,6,9,15,19,8,3,5,9,16,32,0,3,0,0,0,0,12,12,12,21,20,20,17,17,14
2769,10,0,0,2,0,4,5,10,8,6,4,20,19,13,21,50,2,3,2,2,3,2,3,12,13,12,21,27,2,26,2,0,1,3,6,2,1,12,12,8,8,12,20,44,54,10,2,3,7,14,30,2,2,2,2,2,2,1,1,1,4,4,3,19,21,18
2770,4,1,2,0,1,2,0,11,4,0,21,16,6,26,54,53,1,2,0,1,2,0,1,4,0,27,19,20,24,23,23,2,2,2,5,6,3,5,5,3,4,19,23,31,44,19,1,1,2,4,9,1,1,1,1,1,1,0,0,0,11,2,18,45,48,48
2771,2,3,3,1,3,6,1,8,9,4,20,11,13,4,12,45,0,1,1,6,1,1,8,11,9,25,13,9,21,31,50,1,0,0,4,4,5,5,7,3,2,26,0,7,34,20,4,7,14,27,54,0,0,0,0,0,0,2,4,5,18,14,19,12,14,10
2772,10,0,0,2,0,4,5,10,3,6,27,7,4,43,29,50,2,3,2,2,3,2,3,2,2,2,2,2,43,2,42,0,1,3,6,2,1,12,12,8,8,12,20,49,52,14,2,3,7,14,30,2,2,2,2,2,2,1,1,1,4,4,3,19,21,12
2773,4,1,2,0,1,2,0,1,7,7,11,3,11,49,30,33,1,2,0,1,2,0,1,4,0,23,16,13,33,34,18,2,2,2,5,6,3,5,5,3,24,0,26,46,39,42,1,1,2,7,17,1,1,1,1,1,1,0,0,0,26,26,26,38,36,38
2774,13,2,0,3,2,5,6,7,13,13,12,2,14,35,15,14,1,0,0,5,4,4,6,6,4,5,23,24,26,24,29,2,2,2,3,1,4,0,6,9,18,22,21,14,25,31,1,2,5,10,22,1,1,1,3,3,3,5,5,4,0,25,0,24,22,19
2775,8,0,3,2,5,3,4,3,12,9,2,23,9,29,5,8,0,1,1,4,6,1,7,9,7,19,22,7,17,45,15,1,0,0,4,4,5,11,1,0,25,5,1,40,55,41,3,5,10,20,37,0,0,0,0,0,0,6,6,6,12,13,13,6,9,8
2776,6,3,3,1,3,6,3,0,11,11,26,4,27,42,14,25,0,1,1,0,6,5,0,7,5,0,17,11,47,53,11,1,0,0,0,5,0,4,8,1,27,23,18,47,26,34,4,6,11,21,39,0,0,0,5,5,4,9,10,3,9,11,10,3,2,1
2777,14,2,0,3,2,5,6,7,5,13,23,22,2,6,40,2,1,0,0,5,4,4,10,6,4,21,14,17,14,18,14,2,2,2,3,1,4,0,6,9,12,9,4,4,10,52,1,2,4,9,20,1,1,1,3,3,3,8,9,9,8,9,8,4,5,4
2778,14,2,0,3,2,5,6,7,5,13,23,22,2,51,39,39,1,0,0,5,4,4,10,6,4,21,14,17,14,18,41,2,2,2,3,1,4,0,6,9,12,9,4,4,10,52,1,2,5,11,24,1,1,1,3,3,3,8,9,9,8,9,8,4,5,4
2779,4,1,2,0,1,2,0,1,7,7,11,3,26,49,45,36,1,2,0,1,2,0,1,4,0,22,19,0,29,50,0,2,2,2,5,6,3,5,5,3,7,19,5,2,1,1,1,1,2,4,10,1,1,1,1,1,1,0,0,0,14,18,14,47,33,47
2780,13,2,0,3,2,5,6,7,13,13,7,12,14,24,7,31,1,0,0,5,4,4,6,6,4,5,7,4,48,30,4,2,2,2,3,1,4,0,6,9,11,1,24,5,6,48,1,2,5,11,24,1,1,1,3,3,3,5,5,4,0,3,0,0,0,0
2781,6,3,3,1,3,6,3,0,11,2,25,4,15,0,42,37,0,1,1,0,6,5,0,13,5,14,5,5,15,33,55,1,0,0,0,5,0,13,2,2,15,20,12,29,50,51,4,6,11,22,43,0,0,0,5,5,4,3,2,3,10,12,11,20,20,16
2782,8,3,3,2,5,3,4,3,6,9,2,23,20,40,18,16,0,1,1,4,6,1,12,9,7,7,9,16,39,28,31,1,0,0,4,4,5,11,1,0,5,24,27,39,23,55,3,5,10,20,38,0,0,0,0,0,0,6,6,6,22,16,22,33,37,15
2783,14,2,0,3,2,5,6,7,5,13,23,22,2,51,40,39,1,0,0,5,4,4,10,6,4,21,14,17,14,18,41,2,2,2,3,1,4,0,6,9,12,9,4,4,10,52,1,2,4,9,21,1,1,1,3,3,3,8,9,9,8,9,8,4,5,4
2784,3,1,2,0,1,2,0,11,7,7,24,17,24,14,27,10,1,2,0,1,2,0,1,4,0,1,27,22,1,4,46,2,2,2,5,6,3,5,5,3,4,19,23,23,4,1,1,1,1,1,1,1,1,1,1,1,1,0,0,0,13,10,9,13,43,39
2785,7,3,3,1,3,6,1,8,10,8,18,25,22,54,35,4,0,1,1,6,1,1,2,8,1,15,24,1,13,21,1,1,0,0,4,4,5,1,7,13,13,17,10,8,20,47,4,7,13,24,47,0,0,0,0,0,0,7,7,8,5,5,5,7,6,7
2786,8,3,3,1,3,6,1,8,12,8,10,15,20,32,9,12,0,1,1,4,6,1,12,9,7,7,9,16,36,42,45,1,0,0,4,4,5,5,7,3,22,16,15,34,13,12,4,7,13,25,51,0,0,0,0,0,0,6,6,6,15,15,15,51,51,51
2787,6,3,3,1,3,6,3,0,11,11,26,4,27,12,14,32,0,1,1,0,6,5,0,7,5,0,17,11,0,9,52,1,0,0,0,5,0,4,8,1,9,8,13,18,0,53,4,6,11,21,39,0,0,0,5,5,4,9,10,3,9,11,10,3,2,1
2788,11,0,0,2,0,4,5,13,8,6,4,20,19,34,4,23,2,3,2,2,3,2,3,2,2,2,2,2,43,2,42,0,1,3,6,2,1,3,9,4,16,4,8,27,36,14,2,3,6,12,26,2,2,2,2,2,2,1,1,1,1,1,2,8,8,9
2789,8,3,3,2,5,3,4,3,6,9,2,23,20,40,18,49,0,1,1,4,6,1,12,9,7,7,9,16,23,49,47,1,0,0,4,4,5,11,1,0,5,24,27,20,42,23,3,5,10,20,38,0,0,0,0,0,0,10,8,10,22,16,22,41,35,15
2790,14,2,0,3,2,5,6,7,5,13,23,22,2,30,40,2,1,0,0,5,4,4,10,6,4,21,14,17,14,18,14,2,2,2,3,1,4,0,6,9,12,9,4,4,10,52,1,2,4,9,20,1,1,1,3,3,3,8,9,9,8,9,8,4,5,4
2791,13,2,0,3,2,5,6,7,13,13,12,2,14,21,2,14,1,0,0,5,4,4,6,6,4,5,7,4,48,30,4,2,2,2,3,1,4,0,6,9,11,1,24,5,6,48,1,2,5,11,24,1,1,1,3,3,3,5,5,4,0,3,0,0,0,0
2792,13,2,0,3,2,5,6,7,13,13,7,12,14,10,7,27,1,0,0,5,4,4,6,6,4,5,7,4,5,30,54,2,2,2,3,1,4,0,6,9,11,1,24,5,6,48,1,2,5,11,24,1,1,1,3,3,3,5,5,4,0,3,0,0,0,0
2793,13,2,0,3,2,5,6,7,13,13,7,12,14,10,2,43,1,0,0,5,4,4,6,6,4,5,7,4,5,30,54,2,2,2,3,1,4,0,6,9,11,1,24,5,6,48,1,2,5,11,23,1,1,1,3,3,3,5,5,4,0,3,0,0,0,0
2794,5,1,2,0,1,2,0,2,4,0,17,8,17,36,17,22,1,2,0,1,2,0,11,4,11,13,20,26,37,44,36,2,2,2,5,6,3,2,3,12,10,11,17,45,37,33,1,1,1,1,1,1,1,1,1,1,1,0,0,0,3,7,6,21,10,6
2795,9,3,3,2,5,3,4,6,6,10,2,23,20,2,18,16,0,1,1,6,1,1,8,1,8,24,18,21,27,47,8,1,0,0,4,4,5,5,7,3,26,21,25,37,2,38,3,5,10,18,35,0,0,0,0,0,0,10,8,10,16,19,16,26,25,23
2796,2,3,3,2,5,3,4,6,9,4,20,11,13,4,12,51,0,1,1,6,1,1,8,11,9,25,13,9,21,31,50,1,0,0,4,4,5,5,7,3,2,26,0,51,31,17,4,7,14,27,54,0,0,0,0,0,0,2,4,5,18,14,19,12,14,10
2797,10,0,0,2,0,4,5,13,8,6,4,20,19,34,41,23,2,3,2,2,3,2,3,12,13,12,21,27,2,26,2,0,1,3,6,2,1,3,9,4,16,4,8,49,52,14,2,3,7,14,30,2,2,2,2,2,2,1,1,1,4,4,3,19,21,18
2798,9,3,3,2,5,3,4,6,6,10,2,23,20,2,44,49,0,1,1,6,1,1,8,1,8,25,13,21,41,11,24,1,0,0,4,4,5,5,7,3,2,26,0,53,47,30,3,5,10,18,34,0,0,0,0,0,0,10,4,10,16,16,16,39,41,43
2799,11,0,0,2,0,4,5,12,3,6,3,7,4,13,46,9,2,3,2,2,3,2,3,2,2,2,2,2,16,39,44,0,1,3,6,2,1,3,9,4,16,4,8,3,7,2,2,3,6,12,26,2,2,2,2,2,2,1,1,1,1,1,2,23,15,25
2800,5,1,2,0,1,2,0,1,2,0,13,3,25,23,3,48,1,2,0,1,2,0,1,4,0,22,19,0,29,15,0,2,2,2,5,6,3,5,5,3,7,19,5,2,1,1,1,1,2,6,15,1,1,1,1,1,1,0,0,0,14,18,14,30,28,30
2801,1,3,3,1,3,6,1,8,9,12,0,26,13,46,55,54,0,1,1,6,1,1,13,5,12,9,12,12,9,29,27,1,0,0,4,4,5,5,7,3,0,13,7,55,14,44,4,7,14,26,52,0,0,0,0,0,4,3,2,7,6,6,4,5,3,3
2802,1,2,0,3,4,0,2,5,0,3,14,0,23,53,20,44,1,0,0,1,0,6,5,0,6,6,0,6,6,36,37,2,2,2,3,1,4,7,0,5,6,7,11,35,33,35,1,1,2,2,3,1,1,1,4,4,5,4,3,2,27,27,27,36,32,42
2803,2,3,3,1,3,6,1,9,10,4,20,21,1,11,50,45,0,1,1,6,1,1,8,11,9,25,13,9,21,31,50,1,0,0,4,4,5,8,7,6,2,26,0,7,34,20,4,7,12,23,44,0,0,0,0,0,0,2,4,5,25,24,25,27,27,26
2804,9,3,1,2,6,1,4,4,1,5,9,10,7,39,13,29,3,1,3,3,5,3,4,3,3,3,3,3,3,3,3,3,3,1,2,3,2,6,10,7,3,3,6,11,11,3,3,4,8,15,31,3,0,3,6,6,6,11,11,11,17,17,17,9,11,11
2805,13,2,0,3,2,5,6,7,13,13,7,12,14,10,2,27,1,0,0,5,4,4,6,6,4,5,7,4,5,30,54,2,2,2,3,1,4,0,6,9,11,1,24,5,6,48,1,2,5,11,24,1,1,1,3,3,3,5,5,4,0,3,0,0,0,0
2806,6,3,3,1,3,6,3,0,9,2,0,26,15,12,31,21,0,1,1,0,6,5,0,13,5,14,5,5,40,33,38,1,0,0,0,5,0,13,2,2,15,20,12,25,24,27,4,6,11,22,41,0,0,0,5,5,4,3,2,3,10,12,11,42,44,44
2807,11,0,0,2,0,4,5,13,8,6,4,20,19,34,41,30,2,3,2,2,3,2,3,2,2,2,2,2,16,39,44,0,1,3,6,2,1,3,9,4,16,4,8,3,7,2,2,3,6,12,26,2,2,2,2,2,2,1,1,1,1,1,2,23,15,25
2808,1,3,3,1,3,6,1,8,9,12,15,26,13,46,55,54,0,1,1,6,1,1,13,5,12,9,12,12,9,29,27,1,0,0,4,4,5,5,7,3,0,13,7,55,14,44,4,7,14,26,53,0,0,0,0,0,4,3,2,7,6,6,4,5,3,3
2809,1,3,3,1,3,6,1,8,9,12,0,26,13,46,55,54,0,1,1,6,1,1,13,5,12,9,12,12,9,29,27,1,0,0,4,4,5,5,7,3,0,13,7,55,14,44,4,7,14,26,52,0,0,0,0,0,4,3,2,7,6,6,4,5,3,3
2810,11,0,0,2,0,4,5,12,3,6,3,7,4,38,46,5,2,3,2,2,3,2,3,2,2,2,2,2,16,39,44,0,1,3,6,2,1,3,9,4,16,4,8,3,7,2,2,3,7,13,28,2,2,2,2,2,2,1,1,1,1,1,2,23,15,25
2811,10,0,0,2,0,4,5,10,3,6,27,7,8,43,33,15,2,3,2,2,3,2,3,12,13,12,15,15,25,52,35,0,1,3,6,2,1,12,12,8,8,12,20,19,28,29,2,3,6,12,27,2,2,2,2,2,2,1,1,1,4,4,3,14,12,12
2812,3,2,0,3,4,0,2,1,7,3,6,17,5,37,52,24,1,2,0,1,2,0,1,4,0,1,19,20,53,48,17,2,2,2,5,6,3,5,5,3,4,19,23,2,29,18,1,1,2,2,5,1,1,1,1,1,1,0,0,0,13,10,9,43,24,41
2813,6,3,3,1,3,6,3,0,11,2,25,4,15,12,9,32,0,1,1,0,6,5,0,13,5,14,5,5,15,33,55,1,0,0,0,5,0,13,2,2,15,20,12,29,50,51,4,6,11,21,39,0,0,0,5,5,4,3,2,3,10,12,11,20,20,16
2814,9,3,3,2,5,3,4,6,12,9,10,15,20,2,44,49,0,1,1,6,1,1,8,1,8,25,13,21,41,11,24,1,0,0,4,4,5,5,7,3,2,26,0,53,47,30,3,5,10,17,33,0,0,0,0,0,0,10,4,10,16,16,16,39,41,43
2815,9,3,1,2,6,1,4,4,1,5,9,10,7,39,13,28,3,1,3,3,5,3,4,3,3,3,3,3,3,3,3,3,3,1,2,3,2,6,10,7,3,3,6,11,11,3,3,4,8,15,31,3,0,3,6,6,6,11,11,11,17,17,17,9,11,11
2816,3,1,2,0,1,2,0,1,7,7,19,17,24,36,52,24,1,2,0,1,2,0,1,4,0,1,4,22,28,25,34,2,2,2,5,6,3,5,5,3,4,19,23,48,1,43,1,1,2,2,5,1,1,1,1,1,1,0,0,0,13,10,9,37,38,33
2817,11,0,0,2,0,4,5,13,8,6,4,20,19,34,4,23,2,3,2,2,3,2,3,2,2,2,2,2,43,2,42,0,1,3,6,2,1,3,9,4,16,4,8,49,52,14,2,3,6,12,26,2,2,2,2,2,2,1,1,1,1,1,2,10,26,9
2818,3,1,2,0,1,2,0,1,7,7,19,3,10,49,45,36,1,2,0,1,2,0,1,4,0,22,19,0,29,15,0,2,2,2,5,6,3,5,5,3,7,27,5,42,51,49,1,1,2,5,13,1,1,1,1,1,1,0,0,0,14,18,14,30,28,30
2819,7,3,3,1,3,6,1,8,10,8,18,21,22,27,24,4,0,1,1,6,1,1,2,8,1,20,6,25,32,13,25,1,0,0,4,4,5,1,7,13,17,10,22,16,43,26,4,7,13,25,48,0,0,0,0,0,0,7,7,8,25,24,25,27,27,26
2820,11,0,0,2,0,4,5,13,8,6,4,20,19,34,4,23,2,3,2,2,3,2,3,2,2,2,2,2,43,2,42,0,1,3,6,2,1,3,9,4,16,4,8,49,52,14,2,3,7,14,30,2,2,2,2,2,2,1,1,1,1,1,2,10,26,9
2821,14,3,0,1,3,6,1,8,9,4,20,14,13,18,28,46,0,1,1,6,1,1,13,1,12,18,1,14,19,1,19,0,1,3,4,4,5,5,7,3,23,14,16,21,15,11,1,2,4,9,21,0,0,0,2,0,3,2,8,7,20,21,21,40,42,40
2822,8,0,3,2,5,3,4,3,6,9,2,23,9,29,5,40,0,1,1,4,6,1,7,9,7,19,22,7,51,8,33,1,0,0,4,4,5,11,1,0,25,5,1,22,17,24,3,5,10,19,36,0,0,0,0,0,0,6,6,6,12,13,13,6,9,8
2823,5,1,2,0,1,2,0,2,2,0,17,27,17,20,25,22,1,2,0,1,2,0,11,4,11,26,20,10,12,10,13,2,2,2,5,6,3,2,3,12,10,11,17,45,37,33,1,1,1,1,2,1,1,1,1,1,1,0,0,0,3,7,6,15,10,6
2824,9,3,3,2,5,3,4,6,6,10,22,6,3,15,43,19,0,1,1,4,6,1,9,10,10,10,8,8,10,14,10,1,0,0,1,0,6,9,13,11,14,6,9,15,19,8,3,5,9,16,32,0,3,0,0,0,0,12,12,12,21,20,20,17,17,14
2825,13,2,0,3,2,5,6,7,13,13,12,2,14,35,15,43,1,0,0,5,4,4,6,6,4,5,23,24,26,24,29,2,2,2,3,1,4,0,6,9,18,22,21,14,25,31,1,2,5,10,22,1,1,1,3,3,3,5,5,4,0,25,0,24,22,19
2826,8,0,3,2,5,3,4,3,6,9,2,23,9,29,5,40,0,1,1,4,6,1,7,9,7,19,22,7,51,8,33,1,0,0,4,4,5,11,1,0,25,5,1,22,17,24,3,5,10,19,36,0,0,0,0,0,0,6,6,6,12,13,13,6,9,8
2827,7,3,3,1,3,6,1,9,10,8,18,25,22,19,34,4,0,1,1,6,1,1,2,8,1,15,24,1,13,21,1,1,0,0,4,4,5,1,7,13,13,17,10,8,20,47,4,7,13,24,47,0,0,0,0,0,0,7,7,8,5,5,5,7,6,7
2828,6,3,3,1,3,6,3,0,11,2,25,4,15,0,42,37,0,1,1,0,6,5,0,13,5,14,5,5,15,33,55,1,0,0,0,5,0,13,2,2,15,20,12,29,50,51,4,6,11,22,43,0,0,0,5,5,4,3,2,3,10,12,11,20,20,16
2829,9,3,3,2,5,3,4,6,6,10,22,6,3,15,43,19,0,1,1,4,6,1,9,10,10,10,8,8,10,14,10,1,0,0,1,0,6,9,13,11,14,6,9,15,19,8,3,5,9,16,32,0,3,0,0,0,0,12,12,12,21,20,20,17,17,14
2830,5,1,2,0,1,2,0,2,2,0,5,27,11,23,25,33,1,2,0,1,2,0,1,4,0,23,16,13,33,34,18,2,2,2,5,6,3,5,5,3,24,0,26,46,39,42,1,1,2,7,17,1,1,1,1,1,1,0,0,0,26,26,26,38,36,38
2831,7,3,3,1,3,6,1,8,10,8,18,25,22,19,34,4,0,1,1,6,1,1,2,8,1,15,24,1,13,21,1,1,0,0,4,4,5,1,7,13,13,17,10,8,20,47,4,7,13,24,47,0,0,0,0,0,0,7,7,8,5,5,5,7,6,7
2832,1,3,3,1,3,6,1,8,9,12,15,26,13,46,55,54,0,1,1,6,1,1,13,5,12,9,12,12,9,29,27,1,0,0,4,4,5,5,7,3,0,13,7,55,14,44,4,7,14,26,52,0,0,0,0,0,4,3,2,7,6,6,4,5,3,3
2833,6,3,3,1,3,6,3,0,11,11,26,4,27,12,14,32,0,1,1,0,6,5,0,7,5,0,17,11,47,53,52,1,0,0,0,5,0,4,8,1,9,8,13,52,40,13,4,6,11,21,39,0,0,0,5,5,4,9,10,3,9,11,10,3,2,1
2834,11,0,0,2,0,4,5,12,3,6,3,7,4,47,48,5,2,3,2,2,3,2,3,2,2,2,2,2,43,2,42,0,1,3,6,2,1,3,9,4,16,4,8,27,36,36,2,3,7,13,28,2,2,2,2,2,2,1,1,1,1,1,2,8,8,9
2835,5,1,2,0,1,2,0,11,4,0,19,16,13,46,9,10,0,1,1,6,1,1,13,5,12,9,12,12,9,29,27,1,0,0,5,6,3,5,7,3,15,20,12,2,1,1,1,1,1,1,1,0,0,0,1,1,4,3,2,3,10,12,11,20,20,16
2836,8,3,3,2,5,3,4,6,12,9,10,15,20,32,19,12,0,1,1,4,6,1,12,9,7,7,9,16,8,20,7,1,0,0,4,4,5,11,1,0,22,16,15,43,38,28,3,5,10,17,33,0,0,0,0,0,0,6,6,6,15,15,15,16,13,13
2837,13,2,0,3,2,5,6,7,13,13,7,12,14,10,7,31,1,0,0,5,4,4,6,6,4,5,7,4,5,30,54,2,2,2,3,1,4,0,6,9,11,1,24,5,6,48,1,2,5,11,24,1,1,1,3,3,3,5,5,4,0,3,0,0,0,0
2838,4,1,2,0,1,2,0,11,4,0,21,16,6,26,54,53,1,2,0,1,2,0,1,4,0,27,19,20,24,23,23,2,2,2,5,6,3,5,5,3,4,19,23,31,44,19,1,1,2,4,9,1,1,1,1,1,1,0,0,0,11,2,18,45,48,48
2839,8,3,3,2,5,3,4,6,12,9,10,15,20,32,19,12,0,1,1,4,6,1,12,9,7,7,9,16,8,20,7,1,0,0,4,4,5,5,7,3,22,16,15,43,38,28,3,5,10,17,33,0,0,0,0,0,0,6,6,6,15,15,15,16,13,13
2840,13,2,0,3,2,5,6,7,13,13,7,12,14,21,2,27,1,0,0,5,4,4,6,6,4,5,7,4,48,30,4,2,2,2,3,1,4,0,6,9,11,1,24,5,6,48,1,2,5,11,24,1,1,1,3,3,3,5,5,4,0,3,0,0,0,0
2841,5,1,2,0,1,2,0,1,4,0,19,3,25,36,30,48,1,2,0,1,2,0,1,4,0,8,11,20,11,55,22,2,2,2,5,6,3,5,5,3,4,19,23,48,53,54,1,1,2,6,15,1,1,1,1,1,1,0,0,0,19,2,12,35,49,31
2842,11,0,0,2,0,4,5,12,3,6,3,7,4,47,48,9,2,3,2,2,3,2,3,2,2,2,2,2,43,2,42,0,1,3,6,2,1,3,9,4,16,4,8,27,36,36,2,3,7,13,28,2,2,2,2,2,2,1,1,1,1,1,2,8,8,9
2843,4,1,2,0,1,2,0,11,4,0,21,16,6,26,54,53,1,2,0,1,2,0,1,4,0,27,19,20,24,50,23,2,2,2,5,6,3,5,5,3,4,19,23,23,4,19,1,1,2,4,9,1,1,1,1,1,1,0,0,0,11,2,18,45,48,48
2844,12,2,0,3,4,0,2,5,0,3,14,13,21,28,10,42,1,0,0,1,0,6,5,0,6,6,0,6,31,0,26,2,2,2,3,1,4,7,0,5,6,7,11,1,3,5,1,2,3,8,19,1,1,1,4,4,5,4,3,2,2,0,1,1,4,5
2845,1,2,0,1,4,0,2,5,0,12,15,0,5,46,55,34,1,0,0,1,0,6,5,0,6,6,0,6,6,36,37,2,2,2,3,1,4,7,0,5,0,13,7,35,33,35,1,1,2,2,3,1,1,1,4,4,5,4,3,2,27,27,27,36,32,42
2846,6,3,3,1,3,6,3,0,11,11,0,4,27,12,14,32,0,1,1,0,6,5,0,7,5,0,17,11,0,9,52,1,0,0,0,5,0,4,8,1,9,8,13,18,0,53,4,6,11,21,39,0,0,0,5,5,4,9,10,3,9,11,10,3,2,1
2847,12,2,0,3,4,0,2,5,0,3,14,19,23,53,20,44,1,0,0,1,0,6,5,0,6,6,0,6,31,0,26,2,2,2,3,1,4,7,0,5,6,7,11,1,3,5,1,2,3,8,18,1,1,1,4,4,5,4,3,2,2,0,1,11,7,28
2848,7,3,3,1,3,6,1,9,10,8,18,25,22,19,35,4,0,1,1,6,1,1,2,8,1,15,24,1,13,21,1,1,0,0,4,4,5,1,7,13,13,17,10,8,20,47,4,7,13,24,47,0,0,0,0,0,0,7,7,8,5,5,5,7,6,7
2849,3,1,2,0,1,2,0,11,4,0,1,8,18,36,30,48,1,2,0,1,2,0,1,4,0,8,11,20,11,55,22,2,2,2,5,6,3,5,5,3,4,19,23,48,53,54,1,1,2,3,7,1,1,1,1,1,1,0,0,0,19,2,12,35,49,31
2850,7,3,3,1,3,6,1,8,10,8,18,21,22,48,24,4,0,1,1,6,1,1,2,8,1,20,6,25,32,13,25,1,0,0,4,4,5,1,7,13,17,10,22,16,43,26,4,7,13,25,48,0,0,0,0,0,0,7,7,8,25,24,25,27,27,26
2851,11,0,0,2,0,4,5,13,8,6,4,20,19,34,4,23,2,3,2,2,3,2,3,2,2,2,2,2,43,2,42,0,1,3,6,2,1,3,9,4,16,4,8,49,52,14,2,3,6,12,26,2,2,2,2,2,2,1,1,1,1,1,2,8,26,9
2852,9,3,1,2,6,1,4,4,1,5,9,10,7,39,13,29,3,1,3,3,5,3,4,3,3,3,3,3,3,3,3,3,3,1,2,3,2,6,10,7,3,3,6,11,11,3,3,4,8,15,31,3,0,3,6,6,6,11,11,11,17,17,17,9,11,11
2853,9,3,1,2,6,1,4,4,1,5,9,10,7,39,13,28,3,1,3,3,5,3,4,3,3,3,3,3,3,3,3,3,3,1,2,3,2,6,10,7,3,3,6,11,11,3,3,4,8,15,31,3,0,3,6,6,6,11,11,11,17,17,17,9,11,11
2854,1,2,0,3,4,0,2,5,0,3,14,0,5,41,0,34,1,0,0,1,0,6,5,0,6,6,0,6,6,36,37,2,2,2,3,1,4,7,0,5,6,7,11,35,33,35,1,1,2,2,3,1,1,1,4,4,5,4,3,2,27,27,27,36,32,42
2855,4,1,2,0,1,2,0,1,7,7,11,3,26,8,16,36,1,2,0,1,2,0,1,4,0,22,19,0,29,15,0,2,2,2,5,6,3,5,5,3,4,19,23,2,1,1,1,1,2,4,11,1,1,1,1,1,1,0,0,0,14,2,14,30,33,30
2856,3,1,2,0,1,2,0,1,7,7,1,17,18,1,47,24,1,2,0,1,2,0,1,4,0,8,19,20,30,12,32,2,2,2,5,6,3,5,5,3,20,25,3,28,30,22,1,1,2,2,5,1,1,1,1,1,1,0,0,0,19,2,12,28,24,27
2857,7,3,3,1,3,6,1,8,9,8,16,1,22,54,1,4,0,1,1,6,1,1,2,8,1,15,6,23,20,37,28,1,0,0,4,4,5,1,7,13,0,13,7,33,46,4,4,7,13,25,49,0,0,0,0,0,0,7,7,8,5,5,5,34,34,37
2858,11,0,0,2,0,4,5,13,8,6,4,20,19,34,4,9,2,3,2,2,3,2,3,2,2,2,2,2,43,2,42,0,1,3,6,2,1,3,9,4,16,4,8,27,36,14,2,3,7,13,28,2,2,2,2,2,2,1,1,1,1,1,2,8,8,9
2859,12,2,0,3,4,0,2,5,0,3,14,19,23,53,20,44,1,0,0,1,0,6,5,0,6,6,0,6,31,38,5,2,2,2,3,1,4,7,0,5,6,7,11,1,3,5,1,2,3,8,18,1,1,1,4,4,5,4,3,2,2,0,1,11,7,29
2860,12,2,0,3,4,0,2,5,0,3,14,19,23,53,20,44,1,0,0,1,0,6,5,0,6,6,0,6,31,38,5,2,2,2,3,1,4,7,0,5,6,7,11,1,3,5,1,2,3,8,18,1,1,1,4,4,5,4,3,2,2,0,1,11,7,29
2861,6,3,3,1,3,6,3,0,9,2,25,26,15,0,31,37,0,1,1,0,6,5,0,13,5,14,25,5,15,17,6,1,0,0,0,5,0,13,2,2,19,15,14,13,16,7,4,6,11,22,42,0,0,0,5,5,4,3,2,3,10,12,11,32,30,35
2862,7,3,3,1,3,6,1,8,10,8,18,25,22,54,34,4,0,1,1,6,1,1,2,8,1,15,24,1,54,21,1,1,0,0,4,4,5,1,7,13,13,17,10,8,20,47,4,7,13,24,47,0,0,0,0,0,0,7,7,8,5,5,5,7,6,7
2863,8,3,3,2,5,3,4,3,6,9,2,23,9,29,5,8,0,1,1,4,6,1,12,9,7,7,9,16,39,28,31,1,0,0,4,4,5,11,1,0,25,5,1,39,23,55,3,5,10,20,38,0,0,0,0,0,0,6,6,6,12,13,13,6,13,13
2864,6,3,3,1,3,6,3,0,11,2,25,4,15,0,42,37,0,1,1,0,6,5,0,13,5,14,5,5,15,33,55,1,0,0,0,5,0,13,2,2,15,20,12,29,50,51,4,6,11,22,43,0,0,0,5,5,4,3,2,3,10,12,11,20,20,16
2865,2,3,3,1,3,6,1,9,10,4,20,11,1,11,12,45,0,1,1,6,1,1,8,11,9,25,13,9,21,31,50,1,0,0,4,4,5,8,11,6,2,26,0,7,34,20,4,7,12,23,44,0,0,0,0,0,0,2,4,5,18,14,19,12,14,10
2866,14,3,2,1,3,6,1,8,4,12,20,14,13,18,23,52,0,1,1,6,1,1,13,1,12,16,1,14,34,35,40,1,0,0,4,4,5,5,7,3,0,13,7,0,32,39,4,7,14,28,56,0,0,0,0,0,0,2,8,7,20,21,21,31,29,34
2867,6,3,3,1,3,6,3,0,11,11,26,4,27,12,14,32,0,1,1,0,6,5,0,7,5,0,17,11,47,53,52,1,0,0,0,5,0,4,8,1,9,8,13,52,40,13,4,6,11,21,39,0,0,0,5,5,4,9,10,3,9,11,10,3,2,1
2868,6,3,3,1,3,6,3,0,11,2,25,4,15,0,31,37,0,1,1,0,6,5,0,13,5,14,25,5,15,17,6,1,0,0,0,5,0,13,2,2,15,20,12,2,1,1,4,6,11,22,41,0,0,0,5,5,4,3,2,3,10,12,11,32,30,35
2869,10,0,0,2,0,4,5,13,8,6,4,20,19,44,26,7,2,3,2,2,3,2,3,12,13,17,26,19,22,16,20,0,1,3,6,2,1,10,4,10,21,18,19,9,22,37,2,3,6,12,25,2,2,2,2,2,2,13,13,13,23,22,23,25,23,22
2870,6,3,3,1,3,6,3,0,11,2,25,4,15,0,42,37,0,1,1,0,6,5,0,13,5,14,5,5,15,33,55,1,0,0,0,5,0,13,2,2,15,20,12,29,50,51,4,6,11,22,43,0,0,0,5,5,4,3,2,3,10,12,11,20,20,16
2871,2,3,3,1,3,6,1,9,10,4,20,11,1,4,12,45,0,1,1,6,1,1,8,11,9,25,13,9,21,31,50,1,0,0,4,4,5,5,7,3,2,26,0,7,34,20,4,7,14,27,54,0,0,0,0,0,0,2,4,5,18,14,19,12,14,10
2872,14,2,0,3,2,5,6,7,5,13,23,22,2,30,40,39,1,0,0,5,4,4,10,6,4,21,14,17,14,18,41,2,2,2,3,1,4,0,6,9,12,9,4,4,10,52,1,2,4,9,20,1,1,1,3,3,3,8,9,9,8,9,8,4,5,4
2873,10,0,0,2,0,4,5,13,8,6,4,20,19,34,41,30,2,3,2,2,3,2,3,12,13,17,21,19,22,26,20,0,1,3,6,2,1,3,9,4,16,4,8,3,7,2,2,3,6,12,27,2,2,2,2,2,2,1,1,1,23,22,23,19,21,18
2874,5,1,2,0,1,2,0,1,7,0,13,3,25,23,3,26,1,2,0,1,2,0,1,4,0,23,16,13,45,27,43,2,2,2,5,6,3,5,5,3,24,0,26,26,21,25,1,1,2,6,14,1,1,1,1,1,1,0,0,0,24,23,24,18,19,21
2875,1,3,3,1,3,6,1,8,9,12,16,26,13,46,42,54,0,1,1,0,6,5,0,13,5,14,25,5,15,17,6,1,0,0,4,4,5,5,7,3,15,20,12,2,1,1,4,7,14,26,53,0,0,0,5,5,4,3,2,3,10,12,11,20,20,16
2876,14,2,0,3,2,5,6,7,5,13,23,22,2,30,40,39,1,0,0,5,4,4,10,6,4,21,14,17,14,18,41,2,2,2,3,1,4,0,6,9,12,9,4,4,10,52,1,2,4,9,21,1,1,1,3,3,3,8,9,9,8,9,8,4,5,4
2877,13,2,0,3,2,5,6,7,13,13,12,2,14,35,15,43,1,0,0,5,4,4,6,6,4,5,23,24,26,24,29,2,2,2,3,1,4,0,6,9,18,22,21,14,25,31,1,2,5,10,22,1,1,1,3,3,3,5,5,4,0,25,0,24,22,19
2878,14,2,0,3,2,5,6,7,5,13,23,22,10,30,45,39,1,2,0,1,2,0,1,4,0,22,19,0,29,15,0,2,2,2,5,6,3,5,5,3,7,27,5,42,51,49,1,1,2,5,13,1,1,1,1,1,1,0,0,0,14,18,14,30,28,30
2879,7,3,3,1,3,6,1,8,10,8,18,25,22,19,35,4,0,1,1,6,1,1,2,8,1,15,24,1,13,21,1,1,0,0,4,4,5,1,7,13,13,17,10,8,20,47,4,7,13,24,47,0,0,0,0,0,0,7,7,8,5,5,5,7,6,7
2880,13,2,0,3,2,5,6,7,13,13,7,12,14,21,2,31,1,2,0,1,2,0,1,4,0,23,16,13,33,34,18,2,2,2,3,1,4,0,6,9,11,1,24,5,6,48,1,2,4,9,21,1,1,1,3,3,3,5,5,4,0,3,0,44,45,45
2881,1,3,3,1,3,6,1,8,9,8,18,25,22,54,35,3,0,1,1,6,1,1,13,5,12,9,12,12,9,29,27,1,0,0,4,4,5,1,7,13,0,17,7,2,1,9,4,7,14,26,53,0,0,0,0,0,0,7,2,8,5,5,5,54,55,53
2882,13,2,0,3,2,5,6,7,13,13,12,2,14,35,2,43,1,0,0,5,4,4,6,6,4,5,7,4,48,30,4,2,2,2,3,1,4,0,6,9,11,1,24,5,6,48,1,2,3,8,19,1,1,1,3,3,3,5,5,4,0,25,0,24,22,19
2883,10,0,0,2,0,4,5,10,3,6,27,7,8,43,33,15,2,3,2,2,3,2,3,12,13,12,15,15,25,52,35,0,1,3,6,2,1,12,12,8,8,12,20,19,28,29,2,3,7,14,29,2,2,2,2,2,2,1,1,1,4,4,3,14,12,12
2884,13,2,0,3,2,5,6,7,13,13,7,12,14,10,7,31,1,0,0,5,4,4,6,6,4,5,7,4,5,30,54,2,2,2,3,1,4,0,6,9,11,1,24,5,6,48,1,2,5,11,24,1,1,1,3,3,3,5,5,4,0,3,0,0,0,0
2885,10,0,0,2,0,4,5,10,3,6,27,7,8,43,29,50,2,3,2,2,3,2,3,12,13,12,15,27,38,54,51,0,1,3,6,2,1,12,12,8,8,12,20,49,52,14,2,3,7,14,30,2,2,2,2,2,2,1,1,1,4,4,3,46,12,32
2886,11,0,0,2,0,4,5,13,8,6,4,20,19,5,4,23,2,3,2,2,3,2,3,2,2,2,2,2,43,2,42,0,1,3,6,2,1,3,9,4,16,4,8,49,52,14,2,3,6,12,26,2,2,2,2,2,2,1,1,1,1,1,2,10,26,9
2887,13,2,0,3,2,5,6,7,13,13,12,2,14,35,15,14,1,0,0,5,4,4,6,6,4,5,23,24,26,24,29,2,2,2,3,1,4,0,6,9,18,22,21,14,25,31,1,2,5,10,22,1,1,1,3,3,3,5,5,4,0,25,0,24,22,19
2888,5,1,2,0,1,2,0,2,2,0,13,27,11,23,30,33,1,2,0,1,2,0,1,4,0,23,16,13,33,34,18,2,2,2,5,6,3,5,5,3,24,0,26,46,39,42,1,1,2,7,17,1,1,1,1,1,1,0,0,0,26,26,26,38,36,38
2889,10,0,0,2,0,4,5,10,3,6,27,7,8,43,33,15,2,3,2,2,3,2,3,12,13,12,15,15,25,52,35,0,1,3,6,2,1,12,12,8,8,12,20,19,28,29,2,3,7,14,29,2,2,2,2,2,2,1,1,1,4,4,3,14,12,12
2890,12,2,0,3,4,0,2,5,0,3,14,19,21,53,36,42,1,0,0,1,0,6,5,0,6,6,0,6,31,38,5,2,2,2,3,1,4,7,0,5,6,7,11,1,3,5,1,2,4,9,20,1,1,1,4,4,5,4,3,2,2,0,1,11,7,29
2891,1,2,0,3,4,0,2,5,0,3,15,0,5,28,20,34,1,0,0,1,0,6,5,0,6,6,0,6,6,36,37,2,2,2,3,1,4,7,0,5,0,13,7,35,33,35,1,1,2,2,3,1,1,1,4,4,5,4,3,2,27,27,27,36,32,42
2892,9,3,1,2,6,1,4,4,1,5,9,10,7,39,11,29,3,1,3,3,5,3,4,3,3,3,3,3,3,3,3,3,3,1,2,3,2,6,10,7,3,3,6,30,41,46,3,4,8,15,31,3,0,3,6,6,6,11,11,11,17,17,17,9,11,11
2893,10,0,0,2,0,4,5,10,8,6,27,20,8,16,32,15,2,3,2,2,3,2,3,12,13,12,15,15,25,52,35,0,1,3,6,2,1,12,12,8,8,12,20,19,28,29,2,3,6,12,27,2,2,2,2,2,2,1,1,1,4,4,3,14,12,12
2894,5,1,2,0,1,2,0,2,4,0,17,8,17,20,17,22,1,2,0,1,2,0,11,4,11,13,20,26,37,44,36,2,2,2,5,6,3,2,3,12,4,19,23,45,37,33,1,1,1,1,1,1,1,1,1,1,1,0,0,0,3,7,6,21,31,6
2895,3,2,2,3,1,2,0,11,5,7,19,22,24,6,40,2,1,0,0,5,4,4,10,6,4,21,14,17,14,18,41,2,2,2,3,1,4,5,5,3,12,9,4,4,10,52,1,1,2,3,6,1,1,1,3,3,3,8,9,9,8,9,8,4,5,4
2896,12,2,0,3,4,0,2,5,0,3,14,13,21,28,10,42,1,0,0,1,0,6,5,0,6,6,0,6,31,0,5,2,2,2,3,1,4,7,0,5,6,7,11,1,3,5,1,2,5,11,23,1,1,1,4,4,5,4,3,2,2,0,1,50,52,50
2897,9,3,3,2,5,3,4,6,6,10,2,23,20,2,18,49,0,1,1,6,1,1,8,1,8,24,18,21,4,47,8,1,0,0,4,4,5,5,7,3,26,21,25,20,42,23,3,5,9,16,32,0,0,0,0,0,0,10,8,10,16,19,16,26,25,23
2898,8,3,3,1,5,3,4,3,12,9,10,24,9,55,53,8,0,1,1,4,6,1,7,9,7,19,22,7,17,45,15,1,0,0,4,4,5,11,1,0,5,24,27,40,48,40,3,5,10,20,38,0,0,0,0,0,0,6,6,6,12,13,13,33,37,15
2899,12,2,0,3,4,0,2,5,0,3,14,13,21,41,10,42,1,0,0,1,0,6,5,0,6,6,0,6,31,0,39,2,2,2,3,1,4,7,0,5,6,7,11,1,3,5,1,2,3,8,19,1,1,1,4,4,5,4,3,2,2,0,1,11,7,5
2900,1,2,2,3,3,6,1,8,9,12,15,26,13,46,39,3,0,1,1,6,1,1,13,5,12,9,12,12,9,29,48,2,2,2,4,4,5,5,7,3,0,13,7,55,14,44,4,7,14,26,52,0,0,0,0,0,4,3,2,7,6,6,4,5,3,3
2901,10,0,0,2,0,4,5,13,8,6,4,20,19,5,41,30,2,3,2,2,3,2,3,12,13,12,21,27,2,26,2,0,1,3,6,2,1,12,12,8,8,12,20,49,52,10,2,3,6,12,26,2,2,2,2,2,2,1,1,1,23,22,23,19,21,18
2902,2,3,3,1,3,6,1,9,10,1,8,9,1,22,37,11,0,1,1,6,1,1,8,11,9,11,10,18,7,41,9,1,0,0,4,4,5,8,11,6,1,2,2,10,12,0,4,7,12,23,45,0,0,0,0,0,0,2,4,5,7,8,7,2,1,2
2903,5,1,2,0,1,2,0,2,2,0,5,27,12,50,25,13,1,2,0,1,2,0,11,4,11,26,20,10,12,10,13,2,2,2,5,6,3,2,3,12,10,11,17,12,45,16,1,1,1,1,2,1,1,1,1,1,1,0,0,0,3,7,6,15,10,6
2904,8,3,3,2,5,3,4,3,6,9,2,24,9,55,53,8,0,1,1,4,6,1,7,9,7,19,22,7,51,8,33,1,0,0,4,4,5,11,1,0,25,5,1,22,17,24,3,5,10,20,37,0,0,0,0,0,0,6,6,6,12,13,13,6,9,8
2905,12,2,0,3,4,0,2,5,0,3,14,13,21,41,36,42,1,0,0,1,0,6,5,0,6,6,0,6,31,38,5,2,2,2,3,1,4,7,0,5,6,7,11,1,3,5,1,2,3,8,19,1,1,1,4,4,5,4,3,2,2,0,1,11,7,29
2906,4,1,2,0,1,2,0,11,7,7,21,16,6,33,16,35,1,2,0,1,2,0,1,4,0,22,19,20,29,50,0,2,2,2,5,6,3,5,5,3,4,19,23,6,9,6,1,1,2,4,10,1,1,1,1,1,1,0,0,0,14,2,18,47,18,47
2907,10,0,0,2,0,4,5,10,3,6,27,7,8,43,33,15,2,3,2,2,3,2,3,12,13,12,15,15,25,52,35,0,1,3,6,2,1,12,12,8,8,12,20,19,28,29,2,3,7,14,29,2,2,2,2,2,2,1,1,1,4,4,3,14,12,12
2908,7,3,3,1,3,6,1,9,10,8,18,21,22,48,24,4,0,1,1,6,1,1,2,8,1,20,6,25,32,13,25,1,0,0,4,4,5,1,7,13,17,10,22,16,43,26,4,7,13,25,48,0,0,0,0,0,0,7,7,8,25,24,25,27,27,26
2909,9,3,3,2,5,3,4,6,6,10,2,23,20,2,8,16,0,1,1,6,1,1,8,1,8,24,18,21,27,47,8,1,0,0,4,4,5,5,7,3,26,21,25,2,1,1,3,5,10,18,35,0,0,0,0,0,0,10,8,10,16,19,16,26,25,23
2910,2,3,3,1,3,6,1,8,9,4,20,11,13,4,12,51,0,1,1,6,1,1,8,11,9,25,13,9,21,31,50,1,0,0,4,4,5,5,7,3,2,26,0,7,34,20,4,7,14,27,54,0,0,0,0,0,0,2,4,5,18,14,19,12,14,10
2911,7,3,3,1,3,6,1,8,9,8,0,1,22,52,50,4,0,1,1,6,1,1,2,8,1,15,6,23,20,37,28,1,0,0,4,4,5,1,7,13,0,13,7,36,18,50,4,7,13,25,49,0,0,0,0,0,0,7,7,8,5,5,5,34,34,37
2912,8,0,0,2,0,4,5,12,3,6,3,7,4,47,29,50,2,3,2,2,3,2,3,2,2,2,2,2,43,2,42,0,1,3,6,2,1,3,9,4,16,4,8,49,52,14,2,3,7,14,30,2,2,2,2,2,2,1,1,1,1,1,2,10,46,32
2913,11,0,0,2,0,4,5,12,3,6,3,7,4,47,48,5,2,3,2,2,3,2,3,2,2,2,2,2,43,2,42,0,1,3,6,2,1,3,9,4,16,4,8,27,36,36,2,3,7,13,28,2,2,2,2,2,2,1,1,1,1,1,2,8,8,9
2914,8,3,3,2,5,3,4,6,12,9,2,23,20,2,8,16,0,1,1,4,6,1,12,9,7,7,9,16,39,28,31,1,0,0,4,4,5,5,1,0,5,24,27,2,48,40,3,5,10,18,35,0,0,0,0,0,0,6,6,6,22,16,22,33,37,15
2915,7,3,3,1,3,6,1,8,10,8,18,25,22,19,35,4,0,1,1,6,1,1,2,8,1,15,24,1,13,21,1,1,0,0,4,4,5,1,7,13,13,17,10,8,20,47,4,7,13,24,47,0,0,0,0,0,0,7,7,8,5,5,5,7,6,7
2916,3,1,0,0,4,0,2,11,7,7,19,17,24,14,52,10,1,2,0,1,2,0,1,4,0,1,4,22,35,4,17,2,2,2,5,6,3,5,5,3,4,19,23,32,29,18,1,1,2,3,6,1,1,1,1,1,1,0,0,0,13,10,9,13,16,36
2917,9,3,1,2,6,1,4,4,1,5,9,10,7,39,13,29,3,1,3,3,5,3,4,3,3,3,3,3,3,3,3,3,3,1,2,3,2,6,10,7,3,3,6,11,11,3,3,4,8,15,31,3,0,3,6,6,6,11,11,11,17,17,17,9,11,11
2918,2,3,3,1,3,6,1,9,10,1,8,18,1,22,22,11,0,1,1,6,1,1,8,11,9,11,10,18,49,7,9,1,0,0,4,4,5,8,11,6,1,2,2,54,35,21,4,7,12,23,44,0,0,0,0,0,0,2,4,5,7,8,7,2,1,2
2919,13,2,0,3,2,5,6,7,13,13,12,2,14,21,2,43,1,0,0,5,4,4,6,6,4,5,7,4,48,30,4,2,2,2,3,1,4,0,6,9,7,1,5,5,6,48,1,2,5,11,23,1,1,1,3,3,3,5,5,4,0,3,0,30,28,30
2920,14,2,0,3,2,5,6,7,5,13,23,22,10,6,45,2,1,2,0,1,2,0,1,4,0,22,19,0,29,15,0,2,2,2,5,6,3,5,5,3,7,27,5,42,51,49,1,1,2,5,13,1,1,1,1,1,1,10,8,10,14,18,14,30,28,30
2921,8,0,3,2,5,3,4,3,6,9,2,23,9,29,5,40,0,1,1,4,6,1,7,9,7,19,22,7,51,8,33,1,0,0,4,4,5,11,1,0,25,5,1,22,17,24,3,5,10,19,36,0,0,0,0,0,0,6,6,6,12,13,13,6,9,8
2922,6,3,3,1,3,6,3,0,11,11,26,4,27,42,14,32,0,1,1,0,6,5,0,7,5,0,17,11,47,53,52,1,0,0,0,5,0,4,8,1,9,8,13,52,40,13,4,6,11,21,39,0,0,0,5,5,4,9,10,3,9,11,10,3,2,1
2923,10,0,0,2,0,4,5,10,3,6,27,7,4,43,29,50,2,3,2,2,3,2,3,12,13,12,15,27,38,54,51,0,1,3,6,2,1,12,12,8,8,12,20,49,52,14,2,3,7,13,28,2,2,2,2,2,2,1,1,1,4,4,3,46,12,32
2924,6,3,3,1,3,6,3,0,9,2,25,26,15,12,31,21,0,1,1,0,6,5,0,13,5,14,5,5,40,33,38,1,0,0,4,4,5,5,7,3,15,20,12,25,24,27,4,6,11,22,41,0,0,0,5,5,4,3,2,3,10,12,11,42,44,44
2925,14,2,0,3,3,6,2,8,9,12,0,14,13,18,27,3,1,0,0,1,4,4,1,6,4,21,14,17,14,18,41,2,2,2,3,1,4,5,7,3,4,19,23,2,1,1,1,1,2,3,6,1,1,1,3,3,3,8,9,9,20,21,21,31,29,34
2926,5,3,1,2,6,1,4,4,1,5,9,10,7,39,3,26,1,2,0,1,2,0,1,4,0,23,16,13,45,27,43,2,2,2,5,6,3,5,5,3,24,26,0,26,21,25,4,7,13,25,51,1,1,1,1,1,1,0,0,0,24,23,24,18,19,21
2927,6,3,0,1,3,6,3,0,9,2,25,26,15,45,31,37,0,1,1,0,6,5,0,13,5,14,25,5,15,17,6,1,0,0,0,5,0,13,2,2,19,15,14,13,16,7,4,6,11,22,43,0,0,0,5,5,4,3,2,3,10,12,11,32,30,35
2928,10,0,0,2,0,4,5,10,8,6,27,20,8,16,32,15,2,3,2,2,3,2,3,12,13,12,15,15,25,52,35,0,1,3,6,2,1,12,12,8,8,12,20,19,28,29,2,3,6,12,27,2,2,2,2,2,2,1,1,1,4,4,3,14,12,12
2929,14,3,3,1,3,6,1,8,9,12,20,14,13,18,23,52,0,1,1,6,1,1,13,1,8,16,1,14,34,35,40,1,0,0,4,4,5,5,7,3,0,13,7,0,32,39,4,7,14,28,56,0,0,0,0,0,0,2,8,7,20,21,21,31,29,34
2930,5,1,2,0,1,2,0,1,4,7,1,3,25,1,47,48,1,2,0,1,2,0,1,4,0,8,19,20,30,12,32,2,2,2,5,6,3,5,5,3,20,25,3,28,30,22,1,1,2,3,8,1,1,1,1,1,1,0,0,0,19,2,12,28,24,27
2931,4,1,2,0,1,2,0,11,4,0,21,16,6,26,54,53,1,2,0,1,2,0,1,4,0,27,19,20,24,23,23,2,2,2,5,6,3,5,5,3,4,19,23,31,44,19,1,1,2,4,9,1,1,1,1,1,1,0,0,0,11,2,18,45,48,48
2932,2,3,3,1,3,6,1,8,9,4,20,11,13,4,12,45,0,1,1,6,1,1,8,11,9,25,13,9,21,31,50,1,0,0,4,4,5,5,7,3,2,26,0,7,34,20,4,7,14,27,54,0,0,0,0,0,0,2,4,5,18,14,19,12,14,10
2933,11,0,0,2,0,4,5,13,8,6,4,20,19,34,4,23,2,3,2,2,3,2,3,2,2,2,2,2,43,2,42,0,1,3,6,2,1,3,9,4,16,4,8,49,52,14,2,3,6,12,26,2,2,2,2,2,2,1,1,1,1,1,2,10,26,9
2934,1,3,3,1,3,6,1,8,9,12,16,26,13,46,49,38,0,1,1,6,1,1,13,5,12,9,12,12,9,29,27,1,0,0,4,4,5,5,7,3,0,13,7,55,14,44,4,7,14,26,53,0,0,0,0,0,4,3,2,7,6,6,4,5,3,3
2935,13,2,0,3,2,5,6,7,13,13,12,2,14,35,15,43,1,0,0,5,4,4,6,6,4,5,23,24,26,24,29,2,2,2,3,1,4,0,6,9,18,22,21,14,25,31,1,2,5,10,22,1,1,1,3,3,3,5,5,4,0,25,0,24,22,19
2936,8,3,3,2,5,3,4,6,12,9,10,15,20,32,19,12,0,1,1,4,6,1,12,9,7,7,9,16,8,20,7,1,0,0,4,4,5,11,1,0,22,16,15,43,38,28,3,5,10,17,33,0,0,0,0,0,0,6,6,6,15,15,15,16,13,13
2937,13,2,0,3,2,5,6,7,13,13,7,12,14,21,7,27,1,0,0,5,4,4,6,6,4,5,7,4,48,30,4,2,2,2,3,1,4,0,6,9,11,1,24,5,6,48,1,2,5,11,24,1,1,1,3,3,3,5,5,4,0,3,0,0,0,0
2938,12,2,0,3,4,0,2,5,0,3,14,13,21,53,10,42,1,0,0,1,0,6,5,0,6,6,0,6,31,0,26,2,2,2,3,1,4,7,0,5,6,7,11,1,3,5,1,2,3,8,19,1,1,1,4,4,5,4,3,2,2,0,1,1,4,5
2939,9,3,1,2,6,1,4,4,1,5,9,10,7,39,13,28,3,1,3,3,5,3,4,3,3,3,3,3,3,3,3,3,3,1,2,3,2,6,10,7,3,3,6,11,11,3,3,4,8,15,31,3,0,3,6,6,6,11,11,11,17,17,17,9,11,11
2940,1,3,3,1,3,6,1,8,9,12,15,26,13,45,49,54,0,1,1,6,1,1,13,5,12,9,12,12,9,29,48,1,0,0,4,4,5,5,7,3,0,13,7,55,14,44,4,7,14,26,53,0,0,0,0,0,4,3,2,7,6,6,4,5,3,3
2941,3,1,2,0,1,2,0,1,7,7,19,3,24,6,27,2,1,2,0,1,2,0,1,4,0,23,16,13,33,51,30,2,2,2,5,6,3,5,5,3,4,19,23,23,4,1,1,1,2,3,6,1,1,1,1,1,1,8,0,9,24,23,24,18,19,21
2942,14,2,0,3,2,5,6,7,5,13,23,22,10,6,45,2,1,2,0,1,2,0,1,4,0,22,19,0,29,15,0,2,2,2,5,6,3,5,5,3,7,27,5,42,51,49,1,1,2,5,13,1,1,1,1,1,1,0,0,0,14,18,14,30,28,30
2943,11,0,0,2,0,4,5,12,3,6,3,7,4,38,46,5,2,3,2,2,3,2,3,2,2,2,2,2,16,39,44,0,1,3,6,2,1,3,9,4,16,4,8,3,7,2,2,3,7,13,28,2,2,2,2,2,2,1,1,1,1,1,2,23,15,25
2944,10,0,0,2,0,4,5,10,3,6,3,7,4,5,29,9,2,3,2,2,3,2,3,12,13,17,21,19,22,26,20,0,1,3,6,2,1,3,9,4,16,4,8,49,52,14,2,3,7,14,30,2,2,2,2,2,2,1,1,1,23,22,23,25,23,22
2945,7,3,3,1,3,6,1,3,12,8,18,25,22,54,35,4,0,1,1,6,1,1,2,8,1,15,24,1,54,21,1,1,0,0,4,4,5,1,7,13,13,17,10,8,20,47,4,7,13,24,47,0,0,0,0,0,0,7,7,8,5,5,5,7,6,7
2946,2,3,3,1,3,6,1,9,10,1,8,9,1,11,37,41,0,1,1,6,1,1,8,11,9,11,10,18,7,41,9,1,0,0,4,4,5,8,11,6,1,2,2,10,12,0,4,7,12,23,46,0,0,0,0,0,0,2,4,5,7,8,7,2,1,2
2947,5,1,2,0,1,2,0,2,2,0,13,27,16,23,25,13,1,2,0,1,2,0,1,4,0,23,16,13,45,27,43,2,2,2,5,6,3,5,5,3,24,0,26,41,27,43,1,1,2,6,15,1,1,1,1,1,1,0,0,0,24,23,24,18,19,21
2948,14,2,0,3,2,5,6,7,5,13,23,22,2,30,39,39,1,0,0,1,0,6,5,0,6,6,0,6,31,38,5,2,2,2,3,1,4,7,0,5,6,7,11,1,3,5,1,2,4,9,21,1,1,1,4,4,5,4,3,2,2,0,1,11,38,5
2949,7,3,3,1,3,6,1,9,10,8,18,21,22,48,24,4,0,1,1,6,1,1,2,8,1,20,6,25,32,13,25,1,0,0,4,4,5,1,7,13,17,10,22,16,43,26,4,7,13,25,48,0,0,0,0,0,0,7,7,8,25,24,25,27,27,26
2950,8,0,3,2,5,3,4,3,6,9,2,23,9,29,5,40,0,1,1,4,6,1,7,9,7,19,22,7,51,8,33,1,0,0,4,4,5,11,1,0,25,5,1,22,17,24,3,5,10,19,36,0,0,0,0,0,0,6,6,6,12,13,13,6,9,8
2951,2,3,3,1,3,6,1,9,10,1,8,9,1,22,37,41,0,1,1,6,1,1,8,11,9,11,10,18,7,41,9,1,0,0,4,4,5,8,11,6,1,2,2,10,12,0,4,7,12,23,46,0,0,0,0,0,0,2,4,5,7,8,7,2,1,2
2952,12,2,0,3,4,0,2,5,0,3,14,13,21,41,36,42,1,0,0,1,0,6,5,0,6,6,0,6,31,0,26,2,2,2,3,1,4,7,0,5,6,7,11,1,3,5,1,2,3,8,19,1,1,1,4,4,5,4,3,2,2,0,1,1,4,5
2953,2,3,3,1,3,6,1,9,10,1,8,9,1,22,37,41,0,1,1,6,1,1,8,11,9,11,10,18,7,41,9,1,0,0,4,4,5,8,11,6,1,2,2,10,12,0,4,7,12,23,46,0,0,0,0,0,0,2,4,5,7,8,7,2,1,2
2954,4,1,2,0,1,2,0,1,7,7,11,3,26,8,16,55,1,2,0,1,2,0,1,4,0,8,19,20,18,46,22,2,2,2,5,6,3,5,5,3,4,19,23,6,9,6,1,1,2,4,11,1,1,1,1,1,1,0,0,0,11,2,12,43,33,31
2955,9,3,3,2,5,3,4,6,6,10,22,6,3,15,43,19,0,1,1,4,6,1,9,10,10,10,8,8,10,14,10,1,0,0,1,0,6,9,13,11,14,6,9,15,19,8,3,5,9,16,32,0,3,0,0,0,0,12,12,12,21,20,20,17,17,14
2956,10,0,0,2,0,4,5,13,8,6,4,20,19,44,26,7,2,3,2,2,3,2,3,12,13,17,26,19,22,16,20,0,1,3,6,2,1,10,4,10,21,18,19,9,22,37,2,3,6,12,25,2,2,2,2,2,2,13,13,13,23,22,23,25,23,22
2957,14,2,0,3,2,5,6,7,5,13,23,22,2,6,40,2,1,0,0,5,4,4,10,6,4,21,14,17,14,18,41,2,2,2,3,1,4,0,6,9,12,9,4,4,10,52,1,2,4,9,20,1,1,1,3,3,3,8,9,9,8,9,8,4,5,4
2958,11,0,0,2,0,4,5,12,3,6,3,7,4,38,48,5,2,3,2,2,3,2,3,2,2,2,2,2,44,43,16,0,1,3,6,2,1,3,9,4,16,4,8,27,36,36,2,3,7,13,28,2,2,2,2,2,2,1,1,1,1,1,2,8,8,17
2959,4,1,2,0,1,2,0,1,7,7,11,3,26,8,16,55,1,2,0,1,2,0,1,4,0,8,19,20,18,46,22,2,2,2,5,6,3,5,5,3,4,19,23,6,9,6,1,1,2,4,10,1,1,1,1,1,1,0,0,0,11,2,12,22,18,20
2960,10,0,0,2,0,4,5,13,8,6,4,20,8,16,32,15,2,3,2,2,3,2,3,12,13,12,15,15,25,52,35,0,1,3,6,2,1,12,12,8,8,12,20,19,28,29,2,3,6,12,27,2,2,2,2,2,2,1,1,1,4,4,3,14,12,12
2961,6,3,3,1,3,6,3,0,11,11,26,4,27,12,14,32,0,1,1,0,6,5,0,7,5,0,17,11,0,9,52,1,0,0,0,5,0,4,8,1,9,8,13,18,0,53,4,6,11,21,39,0,0,0,5,5,4,9,10,3,9,11,10,3,2,1
2962,14,2,0,3,2,5,6,7,5,13,23,22,2,6,40,39,1,0,0,5,4,4,10,6,4,21,14,17,14,18,41,2,2,2,3,1,4,0,6,9,12,9,4,4,10,52,1,2,4,9,20,1,1,1,3,3,3,8,9,9,8,9,8,4,5,4
2963,12,2,0,3,4,0,2,5,0,3,14,19,23,53,20,44,1,0,0,1,0,6,5,0,6,6,0,6,31,0,39,2,2,2,3,1,4,7,0,5,6,7,11,1,3,5,1,2,3,8,19,1,1,1,4,4,5,4,3,2,2,0,1,1,4,28
2964,13,2,0,2,2,5,6,7,13,13,12,2,14,35,15,14,1,0,0,5,4,4,6,6,4,5,23,24,26,24,29,2,2,2,3,1,4,0,6,9,18,22,21,14,25,31,1,2,5,10,22,1,1,1,3,3,3,5,5,4,0,25,0,24,22,19
2965,1,3,3,1,3,6,3,0,11,2,0,26,15,0,42,37,0,1,1,0,6,5,0,13,5,14,25,5,15,17,6,1,0,0,4,4,5,13,2,2,15,20,12,29,50,51,4,7,14,26,53,0,0,0,5,5,4,3,2,3,10,12,11,20,20,16
2966,11,0,0,2,0,4,5,13,8,6,4,20,19,34,4,30,2,3,2,2,3,2,3,2,2,2,2,2,16,39,44,0,1,3,6,2,1,3,9,4,16,4,8,3,7,2,2,3,7,13,28,2,2,2,2,2,2,1,1,1,1,1,2,23,15,25
2967,4,1,2,0,1,2,0,1,7,7,11,3,10,8,45,36,1,2,0,1,2,0,1,4,0,22,19,0,29,15,0,2,2,2,5,6,3,5,5,3,7,27,5,42,51,49,1,1,2,5,13,1,1,1,1,1,1,0,0,0,14,18,14,30,28,30
2968,13,2,0,3,2,5,6,7,13,13,7,12,14,21,7,27,1,0,0,5,4,4,6,6,4,5,7,4,48,30,4,2,2,2,3,1,4,0,6,9,11,1,24,5,6,48,1,2,5,11,24,1,1,1,3,3,3,5,5,4,0,3,0,0,0,0
2969,3,1,2,0,1,2,0,11,7,7,19,17,24,36,52,10,1,2,0,1,2,0,1,4,0,22,19,0,29,50,0,2,2,2,5,6,3,5,5,3,4,19,23,2,1,1,1,1,2,3,6,1,1,1,2,2,2,1,1,1,8,9,8,52,53,55
2970,3,1,2,0,1,2,0,1,4,7,19,17,24,36,30,10,1,2,0,1,2,0,1,4,0,1,11,22,28,25,34,2,2,2,5,6,3,5,5,3,4,19,23,48,53,43,1,1,2,3,6,1,1,1,1,1,1,0,0,0,3,10,9,37,38,33
2971,13,2,0,3,2,5,6,7,13,13,7,12,14,10,7,31,1,0,0,5,4,4,6,6,4,5,7,4,5,30,54,2,2,2,3,1,4,0,6,9,11,1,24,5,6,48,1,2,5,11,24,1,1,1,3,3,3,5,5,4,0,3,0,0,0,0
2972,2,3,3,1,3,6,1,9,10,1,8,18,1,22,22,1,0,1,1,6,1,1,8,11,9,11,10,18,49,7,9,1,0,0,4,4,5,8,11,6,2,26,0,54,35,21,4,7,12,23,44,0,0,0,0,0,0,2,4,5,7,8,7,2,1,10
2973,14,2,0,3,2,5,6,7,5,13,23,22,2,6,40,39,1,0,0,5,4,4,10,6,4,21,14,17,14,18,41,1,0,0,4,4,5,5,7,3,12,9,4,4,10,52,1,2,4,9,21,1,1,1,3,3,3,8,9,9,8,9,8,4,5,4
2974,4,1,2,0,1,2,0,11,4,0,21,16,6,9,54,53,1,2,0,1,2,0,1,4,0,27,11,20,24,23,23,2,2,2,5,6,3,5,5,3,4,19,23,6,4,6,1,1,2,4,9,1,1,1,1,1,1,0,0,0,11,2,18,22,18,20
2975,4,1,2,0,1,2,0,11,4,0,17,8,17,26,17,53,1,2,0,1,2,0,1,4,0,22,19,0,29,50,0,2,2,2,5,6,3,5,5,3,4,19,23,23,4,1,1,1,2,4,12,1,1,1,1,1,1,0,0,0,14,18,14,29,40,46
2976,14,2,0,3,2,5,6,7,5,13,23,22,11,6,30,47,1,0,0,5,4,4,6,6,4,5,23,24,26,6,29,2,2,2,5,6,3,5,5,3,24,0,26,46,39,42,1,1,2,7,17,1,1,1,3,3,3,5,5,4,26,26,26,38,36,38
2977,10,0,0,2,0,4,5,13,8,6,4,20,19,44,26,7,2,3,2,2,3,2,3,12,13,17,26,19,22,16,20,0,1,3,6,2,1,10,4,10,21,18,19,9,22,37,2,3,6,12,25,2,2,2,2,2,2,13,13,13,23,22,23,25,23,22
2978,1,3,3,1,3,6,1,8,9,12,16,26,13,46,49,54,0,1,1,6,1,1,13,5,12,9,12,12,9,29,27,1,0,0,4,4,5,5,7,3,0,13,7,55,14,44,4,7,14,26,53,0,0,0,0,0,4,3,2,7,6,6,4,5,3,3
2979,14,1,0,0,1,2,0,8,5,4,23,22,2,6,40,2,1,0,0,5,4,4,10,6,4,21,14,17,14,18,14,2,2,2,3,1,4,5,7,3,12,9,4,4,10,52,1,2,4,9,20,1,1,1,3,3,3,8,9,9,8,9,8,4,5,4
2980,12,2,0,3,4,0,2,5,0,3,14,19,5,53,36,34,1,0,0,1,0,6,5,0,6,6,0,6,31,38,5,2,2,2,3,1,4,7,0,5,6,7,11,1,3,5,1,2,3,8,19,1,1,1,4,4,5,4,3,2,2,0,1,11,7,29
2981,9,3,3,2,5,3,4,6,6,10,10,24,20,40,18,49,0,1,1,4,6,1,12,9,7,7,9,16,23,49,47,1,0,0,4,4,5,5,7,3,5,24,27,20,42,23,3,5,10,20,38,0,0,0,0,0,0,10,8,10,22,16,22,41,35,15
2982,10,0,0,2,0,4,5,13,8,6,4,20,19,16,21,30,2,3,2,2,3,2,3,12,13,12,15,27,2,26,2,0,1,3,6,2,1,12,12,8,8,12,20,44,54,10,2,3,6,12,27,2,2,2,2,2,2,1,1,1,4,4,3,19,21,18
2983,4,1,2,0,1,2,0,11,7,7,21,16,6,33,54,35,1,2,0,1,2,0,1,4,0,27,19,20,24,23,23,2,2,2,5,6,3,5,5,3,4,19,23,2,1,1,1,1,2,4,10,1,1,1,1,1,1,0,0,0,11,2,14,47,33,47
2984,5,1,2,0,1,2,0,2,2,0,5,27,12,25,27,13,1,2,0,1,2,0,11,4,11,13,11,26,37,44,36,2,2,2,5,6,3,2,3,12,4,19,23,38,4,1,1,1,1,1,1,1,1,1,1,1,1,0,0,0,3,7,6,15,39,39
2985,11,0,0,2,0,4,5,13,8,6,4,20,19,34,41,30,2,3,2,2,3,2,3,2,2,2,21,2,16,39,44,0,1,3,6,2,1,3,9,4,16,4,8,3,7,2,2,3,6,12,26,2,2,2,2,2,2,1,1,1,1,1,2,23,15,25
2986,10,0,0,2,0,4,5,10,3,6,27,7,4,43,29,50,2,3,2,2,3,2,3,12,13,12,15,27,38,54,51,0,1,3,6,2,1,12,12,8,8,12,20,49,52,14,2,3,7,14,30,2,2,2,2,2,2,1,1,1,4,4,3,46,46,32
2987,14,2,0,3,2,5,6,7,5,13,23,22,2,6,40,2,1,0,0,5,4,4,10,6,4,21,14,17,14,18,41,2,2,2,3,1,4,0,6,9,12,9,4,4,10,52,1,2,4,9,20,1,1,1,3,3,3,8,9,9,8,9,8,4,5,4
2988,10,0,0,2,0,4,5,13,8,6,4,20,8,16,32,15,2,3,2,2,3,2,3,12,13,12,15,15,25,52,35,0,1,3,6,2,1,12,12,8,8,12,20,19,28,29,2,3,6,12,27,2,2,2,2,2,2,1,1,1,4,4,3,14,12,12
2989,14,2,0,3,2,5,6,7,5,13,23,22,2,6,40,2,1,0,0,5,4,4,10,6,4,21,14,17,14,18,41,2,2,2,3,1,4,5,7,3,12,9,4,4,10,52,1,2,4,9,20,1,1,1,3,3,3,8,9,9,8,9,8,4,5,4
2990,3,1,2,0,1,2,0,11,2,4,24,11,12,11,12,45,1,2,0,1,2,0,1,4,0,1,27,22,1,4,46,1,0,0,4,4,5,5,5,3,4,19,23,2,1,1,1,1,2,3,6,1,1,1,1,1,1,2,4,5,18,14,19,12,43,36
2991,8,3,3,2,5,3,4,6,12,9,10,15,20,32,19,12,0,1,1,4,6,1,12,9,7,7,9,16,8,20,7,1,0,0,4,4,5,5,7,0,22,16,15,43,38,28,3,5,10,17,33,0,0,0,0,0,0,6,6,6,15,15,15,16,13,13
2992,14,3,3,1,3,6,1,8,10,8,20,14,13,18,23,52,0,1,1,6,1,1,13,1,8,16,1,14,34,35,40,1,0,0,4,4,5,5,7,3,0,13,7,0,32,39,4,7,14,28,56,0,0,0,0,0,0,2,8,7,20,21,21,31,29,34
2993,11,0,0,2,0,4,5,12,3,6,3,7,4,47,48,5,2,3,2,2,3,2,3,2,2,2,2,2,43,2,42,0,1,3,6,2,1,3,9,4,16,4,8,27,36,36,2,3,7,13,28,2,2,2,2,2,2,1,1,1,1,1,2,8,8,9
2994,10,3,0,2,0,3,4,10,3,6,27,7,20,43,29,50,2,3,2,2,3,2,3,12,13,12,15,15,25,52,35,0,1,3,6,2,1,5,7,3,8,12,20,49,52,14,4,7,13,25,51,2,2,2,2,2,2,1,1,1,4,4,3,14,12,12
2995,13,2,0,3,2,5,6,7,13,13,7,12,14,21,2,27,1,0,0,5,4,4,6,6,4,5,7,4,5,30,54,2,2,2,3,1,4,0,6,9,11,1,24,5,6,48,1,2,5,11,24,1,1,1,3,3,3,5,5,4,0,3,0,0,0,0
2996,4,1,2,0,1,2,0,1,7,7,11,3,26,8,16,55,1,2,0,1,2,0,1,4,0,8,11,20,11,55,22,2,2,2,5,6,3,5,5,3,4,19,23,48,53,1,1,1,2,4,12,1,1,1,1,1,1,0,0,0,19,2,12,35,49,31
2997,11,0,0,2,0,4,5,12,3,6,3,7,4,38,48,5,2,3,2,2,3,2,3,2,2,2,2,2,44,43,16,0,1,3,6,2,1,3,9,4,16,4,8,27,36,36,2,3,7,13,28,2,2,2,2,2,2,1,1,1,1,1,2,8,8,17
2998,13,2,0,3,2,5,6,7,13,13,7,12,14,10,2,27,1,0,0,5,4,4,6,6,4,5,7,4,5,30,54,2,2,2,3,1,4,0,6,9,11,1,24,5,6,48,1,2,5,11,24,1,1,1,3,3,3,5,5,4,0,3,0,0,0,0
2999,13,2,0,3,2,5,6,7,13,13,7,12,14,21,7,31,1,0,0,5,4,4,6,6,4,5,7,4,5,30,54,2,2,2,3,1,4,0,6,9,11,1,24,5,6,48,1,2,5,11,23,1,1,1,3,3,3,5,5,4,0,3,0,0,0,0
3000,9,3,1,2,6,1,4,4,1,5,9,10,7,39,13,28,3,1,3,3,5,3,4,3,3,3,3,3,3,3,3,3,3,1,2,3,2,6,10,7,3,3,6,11,11,3,3,4,8,15,31,3,0,3,6,6,6,11,11,11,17,17,17,9,11,11
3001,9,3,3,2,5,3,4,6,6,10,22,6,3,15,43,19,0,1,1,4,6,1,9,10,10,10,8,8,10,14,10,1,0,0,1,0,6,9,13,11,14,6,9,15,19,8,3,5,9,16,32,0,3,0,0,0,0,12,12,12,21,20,20,17,17,14
3002,2,3,3,1,3,6,1,9,10,1,8,18,1,4,37,11,0,1,1,6,1,1,8,11,9,11,10,18,49,7,9,1,0,0,4,4,5,8,11,6,1,2,2,10,12,0,4,7,12,23,45,0,0,0,0,0,0,2,4,5,7,8,7,2,1,2
3003,5,1,2,0,1,2,0,2,4,0,17,8,17,20,17,22,1,2,0,1,2,0,11,4,11,13,20,26,37,44,36,2,2,2,5,6,3,2,3,12,10,11,17,45,37,33,1,1,1,1,2,1,1,1,1,1,1,0,0,0,3,7,6,21,10,6
3004,9,3,3,2,5,3,4,6,6,10,22,5,3,15,43,19,0,1,1,4,6,1,9,10,10,10,8,8,10,14,10,1,0,0,1,0,6,9,13,11,14,6,9,15,19,8,3,5,9,16,32,0,3,0,0,0,0,12,12,12,21,20,20,17,17,14
3005,4,1,2,0,1,2,0,11,7,7,21,16,6,33,54,35,1,2,0,1,2,0,1,4,0,27,19,20,24,23,23,2,2,2,5,6,3,5,5,3,4,19,23,6,9,6,1,1,2,4,10,1,1,1,1,1,1,0,0,0,11,2,18,22,18,20
3006,4,1,2,0,1,2,0,1,7,7,11,3,10,8,45,36,1,2,0,1,2,0,1,4,0,22,19,0,29,15,0,2,2,2,5,6,3,5,5,3,7,27,5,42,51,49,1,1,2,5,13,1,1,1,1,1,1,0,0,0,14,18,14,30,28,30
3007,8,3,3,2,5,3,4,3,12,9,10,24,9,55,53,8,0,1,1,4,6,1,7,9,7,19,22,7,17,45,15,1,0,0,4,4,5,11,1,0,25,5,1,40,48,40,3,5,10,20,37,0,0,0,0,0,0,6,6,6,12,13,13,6,9,8
3008,13,2,0,3,2,5,6,7,13,13,7,2,14,21,2,14,1,0,0,5,4,4,6,6,4,5,7,4,5,30,54,2,2,2,3,1,4,0,6,9,11,1,24,5,6,48,1,2,5,11,24,1,1,1,3,3,3,5,5,4,0,3,0,0,0,0
3009,13,2,0,3,2,5,6,7,13,13,7,12,14,10,7,27,1,0,0,5,4,4,6,6,4,5,7,4,5,30,54,2,2,2,3,1,4,0,6,9,11,1,24,5,6,48,1,2,5,11,24,1,1,1,3,3,3,5,5,4,0,3,0,0,0,0
