doc_idx,true_label,kmeans_k16_s0,kmeans_k16_s1,kmeans_k16_s2,kmeans_k32_s0,kmeans_k32_s1,kmeans_k32_s2,kmeans_k64_s0,kmeans_k64_s1,kmeans_k64_s2,kmeans_k128_s0,kmeans_k128_s1,kmeans_k128_s2,kmeans_k256_s0,kmeans_k256_s1,kmeans_k256_s2,gmm_k16_s0,gmm_k16_s1,gmm_k16_s2,gmm_k32_s0,gmm_k32_s1,gmm_k32_s2,gmm_k64_s0,gmm_k64_s1,gmm_k64_s2,gmm_k128_s0,gmm_k128_s1,gmm_k128_s2,gmm_k256_s0,gmm_k256_s1,gmm_k256_s2,spectral_k16_s0,spectral_k16_s1,spectral_k16_s2,spectral_k32_s0,spectral_k32_s1,spectral_k32_s2,spectral_k64_s0,spectral_k64_s1,spectral_k64_s2,spectral_k128_s0,spectral_k128_s1,spectral_k128_s2,spectral_k256_s0,spectral_k256_s1,spectral_k256_s2,ward_k16,ward_k32,ward_k64,ward_k128,ward_k256,leiden_k16_s0,leiden_k16_s1,leiden_k16_s2,leiden_k32_s0,leiden_k32_s1,leiden_k32_s2,leiden_k64_s0,leiden_k64_s1,leiden_k64_s2,leiden_k128_s0,leiden_k128_s1,leiden_k128_s2,leiden_k256_s0,leiden_k256_s1,leiden_k256_s2
0,13,9,8,12,13,27,20,30,24,53,123,85,63,141,192,37,4,5,1,5,4,31,6,23,36,61,102,1,85,41,156,3,6,2,15,2,28,1,12,50,40,42,26,201,163,213,1,1,1,3,5,2,2,3,12,9,12,8,12,14,19,15,32,33,23,33
1,51,12,8,7,15,18,12,27,16,32,64,24,32,181,131,134,4,5,1,5,4,15,21,5,12,21,5,12,113,140,155,3,6,2,31,5,4,21,0,23,7,127,5,139,64,239,1,2,3,6,17,2,2,3,1,1,1,4,4,4,41,52,1,96,20,37
2,39,15,9,11,11,6,23,50,46,24,13,46,74,153,39,166,3,0,4,25,25,23,3,27,29,3,113,102,212,92,242,7,0,10,17,14,19,43,24,32,64,84,41,114,25,155,7,13,20,45,95,7,6,7,19,21,19,6,8,7,69,61,71,38,31,20
3,55,1,1,13,5,25,9,45,21,18,25,80,63,51,110,191,1,2,10,17,22,26,22,21,21,10,21,106,233,142,205,6,13,4,4,4,10,10,58,9,2,32,14,71,160,96,1,1,1,2,3,0,0,0,22,22,21,51,11,11,71,72,78,72,66,64
4,63,8,2,4,0,9,16,47,33,25,47,68,81,199,20,227,15,14,11,0,20,3,0,9,53,0,109,53,166,43,203,0,1,7,4,4,10,10,58,4,57,90,102,19,232,211,13,27,54,103,215,6,3,8,10,13,14,21,20,25,60,59,62,74,85,74
5,46,12,8,7,15,18,12,32,20,61,30,16,61,203,64,248,4,5,1,5,4,15,21,50,62,103,92,62,137,207,50,3,6,2,31,5,4,1,25,29,37,8,71,71,34,16,1,2,4,8,20,2,2,3,1,9,1,33,28,38,8,20,10,56,107,24
6,26,5,3,10,19,19,13,26,57,42,89,57,42,16,250,201,2,6,15,2,15,18,2,44,46,2,44,109,192,103,84,0,1,7,9,4,10,55,15,24,126,79,90,235,32,58,6,11,16,34,78,3,9,1,3,14,15,16,44,12,52,69,48,106,139,152
7,17,11,15,5,10,17,16,40,25,14,40,73,122,61,60,92,7,12,13,7,23,7,55,3,61,81,124,61,136,190,122,0,1,7,0,31,15,15,50,19,0,103,29,192,161,137,13,25,45,86,180,4,4,4,2,2,2,5,7,5,46,19,46,46,142,116
8,16,6,11,2,26,30,24,24,23,20,81,23,20,16,63,201,2,6,15,2,15,18,32,44,46,116,44,109,172,103,84,0,1,7,9,4,10,10,58,4,124,90,90,235,225,58,6,11,16,34,78,3,7,1,13,14,15,16,16,12,75,8,77,106,139,152
9,44,10,5,8,4,26,7,57,13,44,117,13,44,234,223,123,6,3,2,30,3,2,4,52,9,92,52,68,63,17,220,12,8,1,18,27,18,31,4,58,5,24,56,182,16,84,16,32,63,124,251,1,1,2,0,0,5,24,22,21,17,27,15,15,19,19
10,2,14,10,4,22,8,10,8,43,62,86,43,93,38,130,81,15,1,11,15,1,20,9,1,50,9,1,50,175,1,115,0,1,7,10,20,6,32,49,54,33,75,113,156,75,11,10,19,33,66,140,8,12,9,11,23,11,12,14,13,4,2,5,14,73,39
11,58,8,14,4,28,9,1,12,44,26,12,3,62,122,216,11,15,14,11,0,20,3,41,9,45,41,99,80,99,34,159,0,1,7,4,1,10,30,52,55,95,120,4,161,169,244,13,27,53,102,213,6,3,8,10,13,14,21,20,25,37,50,49,105,39,66
12,15,12,8,7,15,18,12,32,20,61,32,16,61,203,64,248,4,5,1,5,4,15,21,50,62,103,92,62,137,207,50,3,6,2,31,5,4,1,25,29,122,8,71,189,83,16,1,2,4,8,20,2,2,3,1,9,1,33,28,38,8,20,10,118,107,24
13,38,11,15,9,7,17,5,52,45,14,119,115,65,139,128,71,13,13,6,16,28,9,49,30,57,49,110,57,84,160,80,0,1,7,4,4,10,57,23,14,96,2,2,99,239,134,13,26,50,97,203,9,8,6,22,5,7,60,59,60,77,68,92,149,65,196
14,59,11,13,5,8,29,30,4,32,35,110,95,78,152,253,241,7,12,13,21,5,29,5,53,20,64,114,20,183,171,207,9,9,9,5,17,3,23,28,17,124,103,29,185,159,194,14,28,55,107,222,4,4,4,20,20,22,11,17,17,1,5,4,87,79,65
15,3,3,0,1,30,13,15,23,60,38,74,77,79,138,211,4,13,13,6,22,8,22,51,30,24,51,78,24,75,202,116,0,1,7,4,4,10,57,11,14,116,70,104,159,248,202,13,27,52,101,212,9,8,6,5,5,7,38,32,2,64,41,54,86,78,106
16,53,8,12,9,12,4,8,33,45,33,33,110,33,169,72,114,0,7,3,4,19,16,44,29,47,44,29,2,151,74,16,8,2,12,9,1,10,53,34,33,24,5,76,147,101,113,13,24,43,83,174,1,3,8,18,11,13,13,25,16,34,13,39,21,30,31
17,1,2,15,8,0,17,16,51,25,14,28,50,122,68,237,36,0,7,3,26,31,24,58,10,58,58,10,76,28,200,160,0,1,7,4,4,10,15,50,19,113,37,37,113,253,114,13,25,48,90,189,4,4,4,2,2,2,5,7,57,100,110,96,167,136,232
18,44,10,12,8,4,26,21,35,58,31,35,40,31,22,249,132,6,3,2,24,27,28,27,31,2,95,31,72,51,73,173,8,2,12,24,16,17,41,59,12,79,68,75,243,222,31,16,32,62,123,248,1,1,2,15,11,5,35,25,33,28,22,24,5,10,3
19,50,15,0,1,30,5,28,22,41,30,73,117,87,143,100,152,12,2,10,31,10,30,53,46,26,53,46,92,143,10,62,0,1,7,2,3,1,54,62,18,98,47,126,141,127,57,3,7,10,21,49,7,0,7,14,12,16,51,51,50,76,84,79,100,84,80
20,18,2,14,3,23,21,4,49,10,55,49,126,64,112,196,206,0,7,3,26,31,24,31,26,43,88,103,67,106,111,65,0,1,7,4,4,10,5,1,37,75,72,76,54,160,234,9,18,30,59,126,7,10,12,24,26,17,50,39,44,115,74,87,233,148,113
21,21,9,8,12,13,27,20,30,24,53,123,85,63,193,33,189,4,5,1,28,4,31,6,23,36,61,102,1,85,41,156,3,6,2,15,2,28,1,12,50,40,42,26,201,163,213,1,1,1,3,5,2,2,3,12,9,12,8,12,14,19,15,32,33,23,33
22,19,14,10,0,14,23,19,21,18,19,21,18,19,250,194,54,10,9,8,12,14,11,14,15,10,14,64,10,117,177,10,11,12,0,26,25,2,45,7,8,51,16,24,106,67,13,8,14,22,49,102,12,10,11,23,18,18,15,15,19,2,3,3,22,37,26
23,59,11,15,5,10,29,3,4,50,3,4,95,98,152,60,241,7,12,13,7,23,7,55,3,61,5,115,88,177,113,165,9,9,9,0,31,15,15,50,19,0,103,29,231,183,137,14,29,57,113,231,4,4,4,2,2,2,5,7,5,11,19,28,87,79,137
24,43,10,12,7,24,20,29,28,39,13,111,39,72,161,159,53,4,11,1,20,18,19,17,14,22,17,14,22,114,26,20,14,11,14,14,12,7,62,47,28,19,87,42,155,158,136,16,31,61,121,246,15,15,15,29,30,29,34,36,32,23,24,25,26,32,28
25,56,13,7,6,27,14,6,25,28,58,88,28,83,127,106,233,13,13,6,16,28,9,13,12,6,13,12,6,227,11,11,0,1,7,1,0,22,0,42,61,101,113,106,205,148,10,11,22,40,77,162,9,8,6,5,5,7,3,6,2,20,33,17,18,18,27
26,30,11,13,5,8,10,30,31,15,35,124,15,78,131,13,116,7,12,13,21,5,29,28,22,37,127,53,37,145,129,180,9,9,9,5,17,3,23,28,17,72,82,84,46,27,29,14,28,55,108,223,4,4,4,20,20,22,11,17,17,1,5,4,76,75,65
27,22,12,8,7,24,20,29,28,39,11,87,39,72,215,159,53,4,11,1,20,18,19,17,14,22,17,14,22,114,26,20,14,11,14,14,12,7,62,47,28,19,87,42,76,234,108,1,2,2,4,11,15,15,15,29,30,29,34,36,32,23,24,25,26,32,149
28,16,0,4,15,17,2,18,15,8,40,15,8,40,183,116,58,5,4,12,11,12,12,46,60,48,123,60,97,165,158,147,15,15,15,16,30,13,2,63,4,120,119,85,151,37,109,12,23,42,81,170,5,11,10,8,8,9,9,3,15,12,9,98,29,125,93
29,25,8,12,9,12,4,8,43,45,7,37,73,108,179,49,31,0,7,3,26,13,24,37,57,25,37,57,69,35,32,125,0,1,7,9,1,10,27,46,51,36,99,54,102,172,156,13,25,45,86,181,10,3,8,18,27,13,13,37,34,46,44,46,23,25,40
30,5,6,11,2,6,30,24,24,23,42,24,23,117,165,63,201,2,6,15,2,15,18,2,44,46,2,44,109,192,173,148,0,1,7,9,4,10,10,58,4,115,121,90,25,194,130,6,10,15,31,71,3,7,1,13,14,15,16,44,12,101,96,95,122,121,142
31,19,14,10,0,14,23,19,34,18,19,102,18,19,89,203,54,10,9,8,12,14,11,14,15,10,14,64,10,18,16,120,11,12,0,26,25,2,52,13,30,4,9,12,2,24,2,10,19,33,66,141,12,10,11,23,18,18,15,15,19,2,3,3,8,37,6
32,44,10,12,8,4,26,21,35,58,31,35,58,31,104,143,207,6,3,2,24,27,28,27,31,2,95,31,72,51,73,173,8,2,12,24,16,17,41,59,12,79,68,75,247,218,107,16,32,62,123,249,1,1,2,15,11,5,35,25,33,28,22,24,5,10,3
33,58,2,14,3,2,21,26,15,56,26,71,126,26,156,6,32,15,14,11,26,31,24,47,58,3,62,43,103,46,21,185,0,1,7,4,4,10,10,1,37,124,90,76,202,213,227,9,18,32,63,136,6,5,11,10,18,18,52,43,25,126,71,74,139,143,208
34,0,3,0,1,30,1,15,59,7,38,59,7,84,73,179,185,12,2,10,31,10,30,20,25,26,20,86,98,26,33,22,6,13,4,2,3,1,29,26,5,90,50,21,160,226,176,3,7,9,18,43,0,0,0,14,12,0,18,19,8,15,18,12,9,11,8
35,56,13,7,6,27,14,6,25,28,58,88,28,58,127,106,233,13,13,6,16,28,9,13,12,6,13,12,6,227,11,11,0,1,7,1,0,22,0,42,61,59,83,106,205,148,10,11,22,40,77,162,9,8,6,5,5,7,3,6,2,20,33,17,18,18,63
36,29,2,9,3,2,28,31,15,8,54,15,37,69,252,140,52,8,10,7,6,7,10,56,35,41,7,70,56,24,85,6,15,15,15,13,29,31,10,58,4,119,6,13,8,177,49,9,15,25,52,109,5,5,5,6,17,6,32,18,31,49,53,50,69,74,79
37,45,10,5,8,4,26,7,57,13,44,28,13,44,240,111,22,6,3,2,30,3,2,4,52,9,92,52,68,5,241,220,12,8,1,18,27,18,31,4,58,5,24,56,165,192,52,16,32,63,124,250,1,1,2,0,0,5,24,22,21,17,27,15,160,231,247
38,8,6,11,2,26,30,0,24,14,0,20,79,97,69,103,113,2,6,15,19,15,18,59,63,15,98,16,119,126,197,172,0,1,7,9,4,10,10,15,24,93,90,90,29,209,54,6,11,16,35,80,3,7,1,31,29,28,48,44,26,73,90,108,198,81,203
39,46,12,8,7,15,18,29,32,16,32,87,24,11,134,64,253,4,5,1,5,4,31,38,5,12,113,62,112,4,145,60,3,6,2,31,5,4,21,0,23,114,19,122,33,234,108,1,2,4,7,18,2,2,3,1,1,1,4,4,4,10,21,1,45,134,149
40,5,6,11,2,6,30,24,24,23,8,96,22,8,69,151,208,2,7,15,19,15,18,59,63,19,32,91,77,96,222,187,0,1,7,29,24,27,47,23,15,93,90,88,179,40,26,3,5,7,14,34,10,0,1,22,19,16,27,29,26,51,31,29,186,207,166
41,36,9,8,7,15,20,29,46,42,51,46,42,67,11,236,163,4,5,1,5,4,31,38,62,55,38,23,55,121,29,212,3,6,2,31,5,4,48,21,6,30,94,127,22,215,93,1,2,2,5,13,2,2,3,1,1,1,14,24,22,16,10,19,164,9,160
42,34,3,2,4,9,8,10,39,61,4,86,43,113,99,172,55,15,14,11,29,29,27,30,32,18,77,93,125,30,209,195,0,1,7,10,20,6,4,27,38,109,105,48,129,92,188,10,19,34,68,146,8,12,9,11,16,11,40,38,36,48,38,47,63,44,133
43,29,0,4,15,2,28,31,15,33,54,80,33,69,137,93,106,8,10,7,6,7,10,36,35,63,114,119,63,87,36,196,15,15,15,13,29,31,10,58,4,119,6,13,8,177,49,3,7,11,23,52,5,5,5,6,17,6,32,10,31,36,35,36,249,244,70
44,27,1,1,13,18,11,22,17,47,28,79,105,126,112,83,242,1,2,10,17,22,26,22,21,21,22,21,21,206,170,66,1,7,11,19,22,5,20,10,16,66,43,92,198,8,163,9,18,28,56,120,11,0,13,21,22,21,10,11,11,102,74,0,150,159,113
45,31,0,4,15,17,2,18,53,36,59,120,90,59,100,142,180,5,4,12,11,12,12,15,38,14,15,38,14,218,19,231,15,15,15,16,30,13,18,17,22,32,62,60,162,108,206,12,23,42,80,169,5,11,10,8,8,9,9,3,15,12,9,13,34,16,18
46,35,1,1,13,18,31,22,17,47,28,79,105,28,6,67,125,1,2,10,17,22,26,22,21,21,112,21,122,67,24,21,1,7,11,19,22,5,20,10,16,108,66,111,186,41,140,2,3,5,9,23,11,0,13,21,22,21,10,11,11,0,1,0,32,47,44
47,46,1,1,13,5,25,9,45,19,18,106,91,76,120,78,196,12,2,10,14,30,5,63,13,38,63,90,78,193,220,191,6,13,4,2,3,1,3,22,9,124,13,76,150,164,193,3,7,9,20,46,0,0,0,4,3,0,54,2,0,106,82,93,163,179,111
48,41,12,8,7,15,22,29,46,42,51,46,42,67,11,88,73,1,2,10,1,2,25,1,2,17,105,2,17,1,109,208,6,13,4,30,13,23,19,14,41,17,39,107,195,249,162,3,4,6,12,30,0,0,0,9,7,10,1,1,3,22,95,2,115,91,131
49,48,15,6,11,11,5,28,22,0,30,67,0,30,206,56,33,3,0,4,3,0,4,26,0,4,106,0,90,129,174,71,2,5,5,8,19,16,51,8,13,73,51,23,100,60,39,7,12,18,41,90,7,6,7,7,6,8,0,0,1,26,14,26,64,49,23
50,19,14,10,0,14,23,19,21,18,19,21,18,19,250,194,54,10,9,8,12,14,11,14,15,10,14,64,10,117,177,10,11,12,0,26,25,2,45,7,8,51,16,24,106,67,13,8,14,22,49,102,12,10,11,23,18,18,15,15,19,2,3,3,22,37,26
51,28,2,14,3,23,21,4,49,10,26,12,126,26,156,6,32,15,14,11,26,31,24,62,43,3,124,81,43,46,203,74,0,1,7,4,4,10,5,1,37,31,22,76,71,82,32,9,18,30,59,126,6,14,12,28,28,17,52,39,35,108,71,74,139,143,252
52,42,2,9,3,28,9,16,12,10,63,12,126,97,103,23,36,0,7,3,26,11,24,31,26,30,71,3,93,228,168,144,0,1,7,4,4,10,30,52,55,113,37,37,44,28,73,7,13,21,48,99,4,7,6,31,29,28,48,49,49,91,101,114,170,172,187
53,51,12,8,7,15,18,12,27,16,32,64,24,32,76,131,175,4,5,1,5,4,15,21,5,12,113,62,12,124,204,200,3,6,2,31,5,4,21,0,23,55,127,5,15,217,246,1,2,3,6,17,2,2,3,1,1,1,4,4,4,10,52,1,61,126,75
54,44,7,5,8,4,26,7,57,13,44,57,13,44,234,223,18,6,3,2,30,3,2,4,6,9,4,71,9,5,241,36,12,8,1,18,27,18,31,4,58,56,24,61,165,102,52,16,32,63,124,251,1,1,2,0,0,5,24,22,21,17,54,15,49,77,88
55,19,14,10,0,14,23,19,21,18,19,21,18,19,89,117,178,10,9,8,12,14,11,14,15,10,14,64,10,18,16,120,11,12,0,26,25,2,52,13,30,4,9,12,209,206,207,8,14,22,49,103,12,10,11,23,18,18,15,15,19,2,3,3,22,37,26
56,32,6,11,2,20,12,11,19,17,22,19,17,117,82,94,29,2,6,15,2,15,18,2,44,46,2,44,46,100,4,27,13,14,13,11,21,21,40,33,31,60,117,30,241,228,25,6,10,15,31,72,3,7,1,13,14,15,16,16,12,9,8,9,2,4,30
57,47,6,11,2,16,16,25,56,37,41,56,94,41,110,71,128,8,10,7,27,24,6,24,18,33,24,18,33,2,166,25,15,15,15,3,26,26,11,5,57,12,55,3,220,12,182,9,16,26,54,114,10,5,5,16,19,24,19,21,18,18,17,18,3,5,4
58,31,0,4,15,21,2,18,18,36,59,18,93,59,247,21,119,5,4,12,11,12,12,46,60,48,100,127,48,247,162,174,15,15,15,16,30,13,50,39,27,110,59,60,39,244,102,12,23,41,79,166,5,11,10,8,8,9,37,3,37,21,26,13,11,55,72
59,30,11,15,5,10,17,3,51,50,14,4,95,85,68,60,83,7,12,13,7,23,7,55,3,61,81,124,61,136,3,210,0,1,7,0,31,15,15,50,19,0,103,29,192,135,137,14,29,57,114,232,4,4,4,2,2,2,5,7,5,11,19,28,46,206,225
60,39,15,9,11,11,6,23,63,48,29,63,48,88,108,39,17,3,0,4,25,25,23,3,27,29,3,65,29,226,167,134,7,0,10,25,18,8,9,53,26,54,63,11,24,19,70,7,13,19,44,94,7,6,7,19,21,19,6,8,7,5,7,7,31,2,29
61,12,13,2,6,27,14,6,42,62,58,118,62,118,101,99,56,13,13,6,16,28,9,13,12,6,104,69,96,58,76,221,0,1,7,1,0,22,26,29,48,44,76,79,122,205,41,11,22,39,75,159,9,8,6,5,5,7,3,6,2,59,58,55,30,40,42
62,42,2,4,3,21,21,31,48,33,56,48,33,116,97,80,80,8,10,7,6,7,10,36,35,63,36,119,41,185,208,192,15,15,15,13,7,24,10,58,4,78,10,6,77,160,44,12,23,41,78,164,5,5,5,6,17,6,36,10,39,29,32,30,17,48,70
63,4,12,8,7,15,18,29,46,42,60,46,42,32,209,88,253,4,5,1,5,4,31,38,5,12,113,75,112,4,145,60,3,6,2,31,5,4,48,21,6,55,94,127,15,155,40,1,2,2,4,11,2,2,3,1,1,1,14,24,22,16,52,19,61,167,36
64,45,7,5,8,4,26,7,57,13,44,117,13,44,234,223,18,6,3,2,30,3,2,4,52,9,92,52,68,63,17,220,12,8,1,18,27,18,31,4,58,5,24,56,182,16,84,16,32,63,124,251,1,1,2,0,0,5,24,22,21,17,27,15,15,19,88
65,2,14,10,4,22,8,10,8,43,62,8,88,93,117,183,8,15,1,11,15,1,20,9,1,50,9,1,50,41,84,229,0,1,7,10,20,6,32,49,54,33,75,113,152,216,77,10,19,33,66,142,8,12,9,11,23,11,12,14,13,4,2,5,28,53,39
66,29,2,9,3,2,28,31,15,41,57,122,75,69,252,108,2,8,10,7,6,7,10,36,35,63,114,119,108,10,136,76,0,1,7,4,4,10,10,58,4,15,12,76,202,213,227,9,18,32,63,132,7,6,7,7,6,8,62,52,62,126,105,124,227,220,219
67,63,12,8,7,15,18,12,32,20,61,30,20,61,34,164,139,4,5,1,5,4,15,21,50,62,103,50,62,210,96,213,3,6,2,15,2,28,1,25,29,118,93,98,14,83,16,1,2,4,7,19,2,2,3,1,1,1,33,28,38,8,20,10,54,43,158
68,56,13,7,6,27,14,6,42,28,58,118,62,118,101,10,56,13,13,6,16,28,9,13,12,6,104,69,96,58,76,221,0,1,7,1,0,22,26,29,48,44,76,79,122,205,41,11,22,39,75,159,9,8,6,5,5,7,3,6,2,59,58,55,30,40,42
69,10,1,1,13,7,25,5,29,22,48,29,19,48,51,230,107,12,2,10,14,21,17,29,61,35,29,61,35,38,71,42,6,13,4,29,24,27,47,55,15,14,58,115,166,160,253,3,6,8,17,39,0,0,0,22,3,16,27,29,26,30,31,29,6,6,5
70,61,6,11,2,6,30,24,26,23,42,26,23,42,36,125,201,2,6,15,2,15,18,52,4,46,52,4,66,76,60,96,10,10,3,9,4,10,22,58,53,126,79,114,25,194,130,4,8,13,28,64,3,9,1,3,14,3,28,44,12,101,96,95,122,121,142
71,34,3,2,4,22,8,10,47,61,4,86,82,4,248,184,215,15,14,11,29,29,27,30,33,32,77,93,125,208,65,89,0,1,7,4,20,10,4,27,38,67,105,87,129,186,80,10,19,34,68,145,8,12,9,11,13,11,40,38,36,48,38,47,63,44,67
72,10,1,0,3,23,22,4,60,44,26,103,86,82,53,245,73,4,11,5,28,26,1,61,37,1,11,37,70,77,102,82,0,1,7,4,4,10,5,1,37,124,90,76,71,160,253,3,7,9,19,45,6,10,12,24,26,17,43,39,35,115,85,110,233,222,246
73,1,11,14,5,23,10,4,49,44,55,49,74,64,170,66,225,0,7,3,7,11,7,35,42,8,55,42,8,73,157,31,0,1,7,4,4,10,5,1,37,75,72,76,246,183,62,9,18,28,56,119,6,4,12,24,26,17,43,39,35,121,74,87,175,168,121
74,10,1,1,13,5,25,9,45,5,18,112,5,112,125,4,221,12,2,10,14,30,5,63,13,38,63,90,38,244,15,244,6,13,4,2,3,1,3,22,9,11,13,18,249,86,191,3,6,8,15,36,0,0,0,4,3,0,20,2,0,83,81,64,90,51,104
75,42,14,10,2,14,12,0,34,17,55,34,121,117,157,38,179,15,9,11,12,31,24,14,15,10,14,15,10,182,144,169,0,1,7,4,4,10,5,1,37,124,90,76,0,14,97,9,18,32,65,139,12,10,11,23,18,18,15,15,19,2,3,3,208,92,206
76,46,9,8,12,13,27,12,27,24,53,27,85,53,193,87,189,4,5,1,5,4,31,6,23,36,6,82,36,29,5,32,3,6,2,15,2,28,1,12,50,37,42,26,67,34,220,1,1,1,1,1,2,2,3,12,9,12,8,12,14,19,15,22,43,23,14
77,44,10,12,9,12,4,21,43,40,31,70,110,80,190,70,114,0,7,3,4,27,16,44,29,47,44,29,2,151,74,16,8,2,12,24,16,17,53,34,33,24,17,20,147,65,5,16,32,62,122,247,1,3,8,18,11,13,13,25,16,34,13,39,21,30,31
78,14,10,12,8,4,26,7,9,58,27,121,58,27,22,111,151,6,3,2,24,3,28,27,31,40,102,107,40,107,52,118,12,8,1,4,4,10,10,58,4,5,104,81,85,208,31,16,32,64,126,254,1,1,2,15,11,5,26,27,27,58,23,56,65,62,61
79,49,11,15,6,10,17,16,52,25,14,52,69,122,217,128,203,13,7,3,16,28,9,49,30,57,49,110,57,196,61,57,0,1,7,4,4,10,57,23,14,96,44,123,21,97,72,13,26,49,94,196,4,8,6,5,5,26,60,43,60,87,68,65,218,240,234
80,48,15,6,11,11,6,23,13,48,29,95,81,29,167,129,147,3,0,4,3,0,4,26,0,4,66,117,4,230,143,143,2,5,5,8,19,16,7,51,49,6,78,9,188,113,4,7,12,18,40,88,7,6,7,7,6,8,6,8,7,82,45,57,58,57,71
81,46,9,8,12,15,27,29,46,42,60,46,104,67,119,236,176,4,5,1,5,4,31,38,62,55,38,104,55,78,186,102,3,6,2,31,5,4,48,21,6,52,110,99,48,48,18,1,2,2,5,12,2,2,3,1,1,1,14,24,22,86,10,99,127,123,95
82,58,2,14,3,2,28,4,15,56,26,15,126,26,103,141,140,8,10,7,6,7,10,16,34,7,97,34,7,237,138,41,0,1,7,4,4,10,5,1,37,106,36,78,71,77,253,15,30,58,116,238,5,5,5,6,0,6,50,18,9,62,62,31,55,216,58
83,16,14,10,0,14,23,19,34,18,19,34,118,109,233,137,227,10,9,8,12,14,11,14,15,10,14,15,10,182,144,169,11,12,0,26,25,2,52,13,30,93,90,90,29,14,179,6,11,16,32,73,12,10,11,23,18,18,15,15,19,2,3,3,208,92,206
84,57,7,5,8,25,3,2,37,2,21,97,2,21,43,2,169,6,3,2,10,17,21,34,55,31,34,55,95,254,118,58,12,8,1,7,9,14,44,37,44,18,1,16,172,98,183,15,30,59,117,240,1,1,2,0,0,4,17,13,10,14,12,11,20,28,11
85,59,11,13,5,8,29,3,4,32,3,98,95,98,152,8,165,7,12,13,7,23,7,5,53,20,5,115,88,177,128,165,9,9,9,0,31,15,15,50,19,0,103,29,231,207,158,14,29,57,113,231,4,4,4,2,2,2,5,7,5,107,106,109,156,168,137
86,61,5,3,10,19,24,13,58,55,47,91,55,99,118,219,115,14,6,0,23,6,0,12,49,54,80,49,54,167,56,91,10,10,3,27,28,30,56,19,3,68,21,27,34,1,60,4,8,12,27,63,3,9,1,3,4,3,42,42,40,31,29,34,16,15,17
87,46,12,8,7,15,18,29,46,42,51,87,104,67,215,86,109,4,5,1,5,4,31,38,62,55,38,104,55,78,251,240,3,6,2,31,5,4,48,21,6,30,94,127,22,79,144,1,2,2,5,13,2,2,3,1,1,1,14,24,22,16,10,19,25,9,36
88,58,2,9,3,2,28,26,6,54,49,2,54,89,58,197,181,8,10,7,6,7,10,48,8,56,48,8,89,55,219,67,15,15,15,13,29,31,10,58,4,124,90,76,221,103,254,9,15,23,50,104,5,5,5,6,24,6,30,18,31,36,35,36,145,12,229
89,20,3,2,4,30,13,10,39,60,1,39,7,113,99,138,244,13,13,6,22,8,22,25,48,39,93,48,118,123,53,154,0,1,7,4,20,10,42,35,43,10,67,43,107,133,63,10,19,34,67,144,8,8,9,30,16,26,55,32,51,72,63,75,47,58,52
90,47,6,11,2,16,16,25,56,37,41,56,94,41,110,71,120,8,10,7,27,24,6,24,18,33,24,18,33,2,166,25,15,15,15,3,26,26,11,5,57,12,55,3,71,59,253,9,16,26,54,113,10,5,5,16,19,24,19,21,18,18,17,18,3,5,4
91,12,13,7,6,27,14,6,25,28,58,118,62,118,78,241,56,13,13,6,16,28,9,13,12,6,104,69,96,58,76,221,0,1,7,1,0,22,26,29,48,44,76,79,122,205,41,11,22,39,75,159,9,8,6,5,5,7,3,6,2,59,58,55,30,40,42
92,26,5,3,10,19,19,13,36,57,45,36,57,45,182,11,246,14,6,0,23,6,0,12,49,0,12,73,104,235,172,69,10,10,3,12,15,11,14,2,4,103,81,82,7,251,38,4,8,13,29,67,3,9,1,3,4,3,2,5,6,7,4,6,51,56,54
93,15,3,2,1,30,13,15,10,7,1,73,117,87,143,100,152,12,2,10,31,10,30,53,46,26,53,46,92,52,10,62,0,1,7,2,3,1,54,62,18,98,47,126,141,127,57,3,7,10,21,49,7,0,7,14,12,16,51,51,50,76,84,79,100,84,80
94,35,1,1,13,18,31,22,17,47,28,79,124,126,6,37,108,1,2,10,17,22,26,22,21,21,22,21,21,224,170,66,1,7,11,19,22,5,20,10,16,2,32,14,64,3,6,2,3,5,9,24,11,0,13,21,22,21,10,11,11,0,1,0,7,3,2
95,4,9,8,12,13,27,29,46,42,60,46,42,67,119,236,163,4,5,1,5,4,31,38,62,55,38,23,55,121,29,212,3,6,2,31,5,4,48,21,6,30,94,127,22,215,93,1,2,2,5,13,2,2,3,1,1,1,14,24,22,16,10,19,164,91,160
96,36,1,0,1,30,1,15,59,5,38,23,86,77,229,28,126,12,2,10,14,30,5,63,13,5,117,101,5,9,87,140,6,13,4,2,3,1,3,22,9,87,95,117,11,68,164,3,7,9,20,46,0,0,0,4,3,0,20,2,0,35,36,43,19,33,50
97,6,0,15,5,0,17,16,40,25,14,40,25,124,116,98,165,7,12,13,7,23,7,55,3,61,81,124,61,174,3,210,0,1,7,0,31,15,15,50,19,9,103,7,72,250,128,13,27,52,101,211,4,4,4,2,2,2,5,7,5,90,76,94,124,106,189
98,40,2,9,3,2,28,31,48,8,56,48,54,69,252,140,121,8,10,7,6,7,10,56,35,41,7,70,56,24,85,6,15,15,15,4,4,10,10,58,4,119,6,13,238,177,180,7,13,21,48,100,5,5,5,6,17,6,32,3,37,105,103,103,146,197,223
99,27,5,3,10,19,19,13,41,57,43,41,57,117,36,133,179,14,6,0,23,6,0,12,49,0,12,73,0,235,172,69,10,10,3,12,15,11,14,2,4,126,79,38,125,147,167,4,8,13,29,65,3,9,1,3,4,3,2,5,6,7,4,6,193,27,68
100,44,10,12,8,4,26,7,9,38,6,9,76,105,198,115,20,6,3,2,24,3,28,27,31,40,74,66,100,27,25,38,8,2,12,28,23,12,28,36,11,62,45,39,52,112,85,16,32,64,125,252,1,1,2,15,11,5,26,27,27,74,23,72,41,60,49
101,5,8,12,9,12,4,8,43,45,7,37,73,108,179,49,31,0,7,3,26,13,24,37,57,25,37,57,69,35,32,125,0,1,7,9,1,10,27,46,51,36,99,54,102,172,156,13,25,45,86,181,10,3,8,18,27,13,54,37,34,46,44,46,23,25,40
102,32,5,3,10,19,19,13,41,57,45,41,57,45,3,133,0,14,6,0,23,6,0,12,49,0,52,4,0,70,172,0,10,10,3,12,15,11,14,2,4,8,38,0,0,120,34,4,8,13,28,64,3,9,1,3,4,3,2,5,6,7,4,6,89,67,32
103,44,10,12,8,4,26,21,35,40,31,35,40,31,104,249,132,6,3,2,24,27,28,27,31,2,95,31,72,51,73,173,8,2,12,24,16,17,41,59,12,79,68,75,135,222,107,16,32,62,123,248,1,1,2,15,11,5,35,25,33,28,22,24,5,10,3
104,5,6,11,2,6,30,24,24,23,8,96,107,7,52,255,145,2,6,15,19,15,18,59,63,15,59,63,119,115,64,68,0,1,7,9,7,10,22,60,53,102,116,10,169,193,59,6,11,17,36,82,10,7,1,25,10,23,28,35,28,51,51,44,53,76,110
105,13,3,2,4,28,9,1,12,61,63,76,61,86,98,149,170,15,14,11,0,20,3,39,20,53,39,80,116,56,80,158,0,1,7,4,1,10,30,52,55,39,125,46,83,55,48,13,27,54,106,219,6,3,8,10,13,14,57,37,34,78,88,49,116,100,107
106,5,6,11,2,6,30,24,24,23,46,96,108,20,72,12,76,2,7,15,19,15,18,59,63,19,32,91,91,205,59,188,0,1,7,9,7,10,22,60,53,102,115,25,144,23,42,6,11,17,38,85,10,7,1,25,10,23,28,35,28,51,51,44,53,76,110
107,54,13,7,9,29,14,14,62,26,15,62,26,119,65,122,70,13,13,6,22,8,22,23,24,28,23,24,28,31,23,24,0,1,7,6,10,9,8,18,20,41,14,80,20,18,82,11,21,38,73,155,9,8,6,27,27,30,39,41,41,33,34,35,10,8,10
108,35,1,1,13,18,31,22,17,47,28,79,105,126,6,37,108,1,2,10,17,22,26,22,21,21,22,21,21,224,170,66,1,7,11,19,22,5,20,10,16,2,32,14,64,3,6,3,7,9,20,47,11,0,13,21,22,21,10,11,11,0,1,0,7,3,2
109,6,6,11,2,20,12,11,19,17,22,89,17,117,30,94,29,2,6,15,2,15,18,2,44,46,2,44,109,192,173,148,13,14,13,11,21,21,40,58,31,60,117,30,241,228,25,6,10,15,31,72,3,7,1,13,14,15,16,16,12,9,8,9,106,139,30
110,45,7,5,8,25,3,2,37,2,21,97,2,21,43,2,158,6,3,2,10,17,21,34,55,31,34,55,95,254,118,58,12,8,1,7,9,14,44,37,44,18,1,16,172,233,183,15,30,59,117,240,1,1,2,0,0,4,17,13,10,14,12,11,20,28,11
111,21,9,7,12,13,27,20,61,12,53,103,66,111,20,17,27,4,11,5,28,26,1,61,37,1,11,37,70,77,102,82,0,1,7,4,4,10,10,58,37,40,28,1,71,80,19,1,1,1,3,4,2,2,3,12,9,12,43,12,47,53,64,32,189,98,217
112,13,3,2,4,28,9,1,39,61,63,108,126,4,98,101,170,15,14,11,29,29,27,30,33,32,96,33,32,33,198,230,0,1,7,4,4,10,10,58,4,124,90,76,177,221,56,13,27,54,106,220,6,3,9,17,13,11,40,38,36,61,73,47,216,206,225
113,2,6,11,9,22,30,10,8,43,62,16,44,46,212,183,8,15,1,11,15,1,20,9,1,50,9,1,50,95,84,30,0,1,7,10,20,6,32,49,54,33,75,113,71,197,11,10,19,33,66,141,8,12,9,11,23,11,12,14,13,4,2,5,28,53,195
114,48,15,6,11,11,5,28,13,9,30,95,81,29,167,129,147,3,0,4,3,0,4,26,0,4,66,117,4,154,143,143,2,5,5,8,19,16,7,51,49,6,78,9,188,113,4,7,12,18,42,92,7,6,7,7,6,8,0,0,1,82,45,57,58,57,71
115,55,3,0,1,30,1,15,23,7,38,108,86,84,73,134,129,12,2,10,31,10,30,20,25,26,20,86,98,26,33,22,6,13,4,2,3,1,29,26,5,27,13,58,234,4,12,3,7,9,20,47,0,0,0,14,12,0,18,2,8,67,91,70,128,115,83
116,27,10,12,8,4,26,7,35,56,6,28,58,110,179,32,92,6,3,2,24,3,28,27,31,60,27,71,60,179,179,176,12,8,1,4,4,10,10,58,4,124,90,61,165,192,52,16,32,62,123,249,1,1,2,0,11,5,35,22,33,62,118,24,160,231,247
117,12,13,7,6,27,14,6,25,62,58,118,62,118,78,99,56,13,13,6,16,28,9,13,12,6,104,69,96,58,76,221,0,1,7,1,0,22,26,29,48,44,76,79,122,205,41,11,22,39,75,159,9,8,6,5,5,7,3,6,2,59,58,55,30,40,42
118,16,12,8,7,15,18,29,27,16,32,87,24,11,215,210,219,4,5,1,5,4,31,38,62,55,38,23,55,211,247,56,3,6,2,31,5,4,21,0,23,124,90,76,208,254,68,1,2,4,7,18,2,2,3,1,1,1,45,26,42,95,79,86,109,127,126
119,31,0,4,15,17,2,18,53,36,40,120,90,40,62,163,171,5,4,12,11,12,12,15,38,14,15,38,14,112,147,12,15,15,15,16,30,13,18,17,22,85,62,62,31,219,152,12,23,42,81,171,5,11,10,8,8,9,9,3,15,12,9,13,29,16,18
120,31,0,4,15,17,2,18,53,8,40,83,68,125,71,222,58,5,4,12,11,12,12,15,38,14,15,38,121,150,191,61,15,15,15,16,30,13,2,63,22,57,112,102,253,184,251,13,25,48,92,192,5,11,10,8,8,9,9,3,15,12,9,13,107,94,122
121,32,6,11,2,20,12,11,19,17,22,19,17,22,82,94,29,2,6,15,2,15,18,2,44,46,2,44,46,100,4,27,13,14,13,11,21,21,40,33,31,60,117,30,241,228,25,6,10,15,31,72,3,7,1,13,14,15,16,16,12,9,8,9,2,4,30
122,60,13,7,14,3,15,27,3,35,17,3,35,17,19,189,12,11,8,9,9,9,8,8,7,11,8,7,11,8,8,243,4,4,8,21,11,0,39,32,10,20,18,50,17,5,33,5,9,14,30,70,13,13,14,26,25,25,23,23,20,6,6,8,0,0,0
123,2,14,10,4,22,21,10,8,43,62,8,88,93,4,183,81,15,1,11,15,1,20,9,1,50,9,1,50,175,1,115,0,1,7,10,20,6,32,49,54,33,75,113,152,216,77,10,19,33,66,142,8,12,9,11,23,11,12,14,13,4,2,5,28,200,195
124,50,8,15,4,28,9,1,12,44,63,12,126,86,87,126,190,15,14,11,0,20,3,41,9,45,125,9,80,158,146,64,0,1,7,4,4,10,30,52,55,80,126,93,71,66,8,3,7,11,26,60,6,3,8,10,13,14,21,20,45,37,73,81,125,89,114
125,56,13,7,6,27,14,6,25,21,58,88,21,58,83,171,220,13,13,6,16,28,9,13,12,6,13,12,6,130,184,222,0,1,7,1,0,22,0,42,61,101,113,35,250,33,241,11,22,40,77,161,9,8,6,5,5,7,3,6,2,20,33,17,66,18,27
126,39,15,9,11,11,6,23,63,53,50,92,64,50,130,146,162,3,0,4,25,25,23,3,27,29,3,65,29,20,27,34,7,0,10,25,18,8,38,43,34,89,49,119,82,153,203,7,13,19,43,93,7,6,7,19,21,19,6,8,7,5,7,7,12,2,9
127,18,0,4,15,17,2,18,52,8,40,52,8,40,249,116,58,5,4,12,11,12,12,46,60,48,123,60,97,165,158,147,15,15,15,16,30,13,2,63,4,120,119,85,151,37,109,13,26,50,96,202,5,11,10,8,8,9,9,3,15,12,9,98,29,125,93
128,16,3,7,3,26,9,16,20,14,9,127,79,97,116,103,230,6,3,2,10,17,21,34,55,31,67,55,31,89,44,5,0,1,7,4,4,10,10,58,4,9,90,7,71,160,100,13,27,52,101,211,1,1,2,31,29,28,48,57,49,90,76,94,124,106,119
129,43,10,12,8,24,26,7,28,39,13,111,39,72,230,32,222,4,11,1,20,18,19,17,14,22,17,14,22,25,152,163,14,11,14,14,12,7,62,47,28,19,87,42,155,158,136,16,32,64,128,256,15,15,15,29,30,29,34,36,32,23,24,25,26,32,28
130,24,4,14,2,31,7,4,38,52,23,116,120,70,128,127,157,8,15,14,18,16,13,18,17,16,18,17,16,14,14,13,5,3,6,23,6,20,25,30,7,21,106,52,78,95,105,9,17,27,55,116,14,14,12,28,28,27,31,34,29,13,11,14,1,1,1
131,62,10,12,8,4,26,7,57,58,27,121,67,44,46,111,151,6,3,2,30,3,2,4,6,9,4,71,9,155,230,228,12,8,1,18,27,18,10,58,4,5,104,81,85,208,31,16,32,64,126,254,1,1,2,15,0,5,26,27,27,74,23,56,65,60,61
132,55,1,1,13,5,25,9,45,5,18,112,5,112,184,46,221,12,2,10,14,30,5,63,13,38,63,90,38,53,185,110,6,13,4,2,3,1,3,22,9,11,13,18,215,119,236,3,7,11,26,59,0,0,0,4,3,0,20,2,0,83,82,64,123,131,171
133,61,5,3,10,19,19,13,58,57,47,58,57,47,36,18,179,14,6,0,23,6,0,12,49,54,80,49,54,142,56,91,10,10,3,27,28,30,56,19,3,68,21,27,34,21,60,4,8,13,29,65,3,9,1,3,4,3,42,42,40,31,29,34,16,15,17
134,3,1,0,13,5,13,15,44,1,12,44,98,12,13,175,82,1,2,10,14,10,17,10,46,49,10,13,106,241,218,227,6,13,4,2,3,1,10,58,4,3,7,59,168,122,149,3,7,11,25,57,0,0,0,4,3,0,38,61,54,81,111,68,93,96,172
135,29,15,9,11,11,6,23,13,48,29,13,53,88,232,39,104,3,0,4,25,25,23,3,27,29,3,65,29,212,167,242,7,0,10,25,18,8,10,58,4,64,84,41,114,25,155,7,13,20,45,95,7,6,7,19,21,19,6,8,7,5,7,7,226,130,20
136,29,2,9,3,21,28,31,48,33,46,48,84,56,144,80,80,8,10,7,6,7,10,36,35,63,36,35,41,185,49,197,15,15,15,13,7,24,10,58,4,25,107,86,237,156,65,12,23,41,78,164,5,5,10,8,17,9,37,10,37,21,26,33,126,149,224
137,22,6,7,9,7,30,5,10,14,9,99,14,9,200,181,42,12,2,10,31,21,17,53,28,35,82,28,85,98,151,88,0,1,7,4,4,10,57,23,14,93,65,88,133,61,87,3,5,7,14,35,0,0,6,22,29,16,27,29,26,73,90,80,84,81,91
138,7,11,15,9,10,17,16,51,21,14,25,73,85,61,227,102,7,12,13,7,23,7,55,3,61,81,124,61,7,3,210,0,1,7,0,4,10,15,50,19,74,91,15,192,161,137,14,29,57,114,232,4,4,4,2,2,2,5,7,5,39,42,97,46,122,116
139,2,3,10,4,22,8,10,8,43,62,86,43,62,196,130,81,15,1,11,15,1,20,9,1,50,9,1,50,175,1,115,0,1,7,10,20,6,32,49,54,109,75,48,59,236,116,10,19,34,68,145,8,12,9,11,23,11,12,14,13,4,2,5,14,72,22
140,20,11,15,9,24,30,16,16,50,46,28,45,106,57,139,21,0,7,3,4,19,16,19,45,47,19,45,47,54,78,107,0,1,7,9,4,10,33,40,60,84,89,105,42,135,115,13,25,46,88,184,6,15,15,29,30,29,34,36,32,25,49,41,67,63,89
141,55,1,1,1,30,1,15,59,7,34,108,86,77,229,134,126,12,2,10,31,10,30,20,25,26,20,86,98,138,213,241,6,13,4,2,3,1,3,22,9,27,13,58,16,4,196,3,7,9,20,47,0,0,0,4,12,0,18,2,8,67,79,70,168,115,83
142,48,15,9,11,11,6,23,63,53,50,50,64,115,194,58,104,3,0,4,25,25,23,3,27,29,3,27,102,212,92,242,7,0,10,4,4,10,10,58,4,124,111,76,82,153,203,7,13,21,48,101,7,6,7,19,21,19,6,8,7,5,7,7,235,174,159
143,6,8,15,9,12,4,8,51,45,33,51,45,106,57,139,21,0,7,3,4,19,16,19,45,47,19,45,47,54,78,107,0,1,7,9,1,10,33,40,60,84,89,105,42,43,115,13,25,46,88,184,6,3,8,18,15,13,13,31,16,25,49,41,67,63,89
144,46,1,1,13,5,25,9,44,1,12,44,98,12,185,57,164,12,2,10,31,10,17,10,46,49,109,96,49,83,47,45,6,13,4,2,3,1,10,58,4,3,7,59,208,254,68,3,7,11,25,57,0,0,0,4,3,0,45,26,42,95,79,86,109,127,126
145,16,8,14,3,28,28,1,12,3,26,103,109,86,75,195,217,2,6,15,2,15,18,57,36,44,57,36,44,49,50,43,0,1,7,4,4,10,10,58,4,13,52,51,26,45,28,13,27,54,105,217,13,13,14,26,25,25,57,60,63,119,115,111,185,173,177
146,0,3,0,1,30,1,15,59,7,38,59,86,84,73,179,129,12,2,10,31,10,30,20,25,26,20,86,98,26,33,22,6,13,4,2,3,1,29,26,5,90,50,21,120,58,71,3,7,9,18,43,0,0,0,14,12,0,18,19,8,15,18,12,9,11,8
147,18,0,4,15,17,2,18,53,36,59,120,90,59,71,142,180,5,4,12,11,12,12,15,38,14,15,38,14,218,19,231,15,15,15,16,30,13,18,17,22,32,62,62,162,108,206,3,7,11,23,53,5,11,10,8,8,9,9,3,15,12,9,13,34,16,18
148,31,0,4,15,17,2,18,18,36,59,83,93,59,71,222,180,5,4,12,11,12,12,15,38,14,15,38,121,150,191,61,15,15,15,16,30,13,18,17,22,32,112,102,253,184,251,13,25,48,92,192,5,11,10,8,8,9,9,3,15,12,9,13,107,94,122
149,35,1,1,13,18,31,22,17,47,28,79,124,28,6,37,108,1,2,10,17,22,26,22,21,21,112,21,122,67,24,21,1,7,11,19,22,5,20,10,16,2,32,14,64,3,6,2,3,5,9,24,11,0,13,21,22,21,10,11,11,0,1,0,7,3,2
150,47,2,11,2,16,16,25,56,37,41,56,94,41,110,71,120,8,10,7,27,24,6,24,18,33,24,18,33,2,166,25,15,15,15,3,26,26,11,5,57,12,55,3,23,59,139,9,16,26,54,113,10,5,5,16,19,24,19,21,18,18,17,18,3,5,4
151,32,5,3,10,19,19,13,41,27,45,41,27,47,50,250,252,14,6,0,23,6,0,12,49,0,12,73,0,255,192,218,10,10,3,12,15,11,14,2,4,126,79,114,12,109,119,4,8,13,29,65,3,9,1,3,4,3,2,5,6,66,69,66,91,68,59
152,50,3,0,1,30,13,15,59,41,38,101,41,76,227,247,34,12,2,10,31,10,30,53,46,26,53,46,92,143,10,62,6,13,4,2,3,1,10,58,4,11,111,9,223,223,138,3,7,11,26,61,0,0,7,7,12,16,18,51,50,109,107,101,131,178,176
153,62,7,5,8,25,3,2,37,2,21,57,111,75,90,97,239,6,3,2,30,3,2,4,6,9,4,6,9,221,46,36,12,8,1,7,9,14,17,37,1,56,4,61,136,102,210,15,30,60,119,244,1,1,2,0,0,5,24,22,21,89,54,107,49,111,135
154,30,11,13,5,8,10,3,4,50,3,78,114,127,188,238,184,7,12,13,21,5,29,5,53,20,64,114,20,183,171,237,9,9,9,0,31,15,58,16,62,65,64,91,167,78,23,14,29,57,114,233,4,4,4,2,2,2,29,30,30,3,16,21,40,69,13
155,32,6,11,2,20,12,11,19,17,22,19,17,117,30,63,100,2,6,15,2,15,18,2,44,46,2,44,109,192,173,148,13,14,13,11,21,21,40,33,31,60,117,30,241,107,170,6,10,15,31,71,3,7,1,13,14,15,16,16,12,9,8,9,2,141,30
156,21,9,8,12,15,27,29,46,42,51,46,104,67,119,17,163,4,5,1,5,4,31,38,62,55,38,23,55,121,29,212,3,6,2,15,2,28,48,21,6,124,28,127,71,80,19,1,1,1,3,4,2,2,3,12,9,12,14,24,22,86,10,32,164,91,160
157,10,1,1,13,5,25,9,44,19,18,17,91,12,115,46,196,12,2,10,14,30,5,63,13,38,63,90,78,250,224,110,6,13,4,2,3,1,3,22,9,11,13,18,215,119,236,3,6,8,17,42,0,0,0,4,3,16,27,29,50,109,82,118,123,213,193
158,62,10,12,8,4,26,7,9,38,27,121,38,27,254,118,122,6,3,2,24,3,28,27,31,40,102,107,40,169,127,142,8,2,12,22,8,29,24,20,46,70,98,40,27,46,15,16,32,64,127,255,1,1,2,15,11,5,26,27,27,58,23,84,75,62,48
159,45,7,5,8,25,3,2,37,2,21,97,111,75,90,97,158,6,3,2,10,17,21,34,55,31,34,55,95,254,118,58,12,8,1,7,9,14,44,37,44,18,1,16,210,202,127,15,30,59,117,239,1,1,2,0,0,4,17,13,10,14,12,11,153,153,153
160,47,2,14,3,16,16,25,56,37,41,56,37,41,110,71,120,8,10,7,27,24,6,24,18,33,24,18,33,2,166,25,15,15,15,3,26,26,11,5,57,12,55,3,23,59,139,9,16,26,54,113,10,5,5,16,19,24,19,21,18,18,17,18,3,5,4
161,6,6,11,2,6,30,24,24,23,8,96,23,8,52,255,145,2,6,15,19,15,18,32,16,15,98,16,111,103,180,232,0,1,7,9,7,10,22,60,53,126,79,90,105,201,120,6,11,16,33,76,3,7,1,25,10,23,28,35,28,51,51,44,53,196,191
162,15,3,0,1,30,1,15,59,7,38,108,86,84,73,179,129,12,2,10,31,10,30,20,25,26,20,86,98,26,33,22,6,13,4,2,3,1,29,26,5,90,50,21,120,58,71,3,7,9,18,43,0,0,0,14,12,0,18,19,8,15,18,12,9,11,8
163,43,0,4,15,17,2,16,52,8,40,52,8,40,62,116,58,0,7,3,26,31,24,45,19,58,75,19,58,81,82,70,15,15,15,16,30,13,2,63,22,85,44,125,41,144,222,13,26,50,96,202,5,11,10,8,8,9,9,3,15,87,102,102,29,132,140
164,27,3,2,4,9,13,20,61,12,63,103,66,63,214,123,27,1,2,10,1,2,25,1,2,17,1,2,79,159,156,136,0,1,7,20,20,25,46,45,40,40,28,1,71,80,19,10,20,35,70,148,8,0,9,17,16,20,25,26,47,53,64,27,189,98,69
165,43,10,12,8,4,26,7,9,58,27,121,58,27,198,111,151,6,3,2,24,3,28,27,31,40,102,107,40,107,52,118,8,2,12,4,4,10,10,58,4,5,104,81,85,208,31,16,32,64,128,256,1,1,2,15,11,5,26,27,27,74,23,72,41,60,49
166,43,0,4,15,0,2,16,39,62,40,75,77,81,12,241,231,13,13,6,16,28,9,13,12,6,104,69,96,58,76,221,0,1,7,1,0,22,12,56,52,88,118,73,71,160,253,13,25,48,91,190,9,8,6,5,5,7,9,46,2,79,75,76,70,87,81
167,22,3,2,1,7,13,5,10,7,48,99,7,48,69,31,42,12,2,10,31,21,17,53,28,35,82,28,85,98,151,88,6,13,4,29,24,27,47,23,15,93,65,88,133,61,87,3,5,7,14,35,0,0,6,22,29,16,27,29,26,73,90,80,84,81,91
168,16,9,8,7,1,22,29,46,42,51,46,42,67,11,210,148,1,2,10,1,2,25,1,2,17,1,2,79,159,156,136,6,13,4,30,13,23,19,14,41,81,86,124,222,249,208,3,4,6,12,30,0,0,0,9,7,10,14,1,3,104,95,105,154,91,131
169,19,14,10,0,14,23,19,34,18,19,102,121,19,180,117,178,10,9,8,12,14,11,14,15,10,14,64,10,18,16,120,11,12,0,26,25,2,52,13,30,4,9,12,2,14,97,8,14,22,49,103,12,10,11,23,18,18,15,15,19,2,3,3,8,92,6
170,39,15,9,11,11,6,23,63,53,50,92,64,71,153,39,17,3,0,4,25,25,23,3,27,29,3,65,29,20,167,242,7,0,10,25,18,8,38,43,34,64,84,41,114,25,155,7,13,20,45,95,7,6,7,19,21,19,6,8,7,5,7,7,12,130,29
171,26,6,11,2,16,16,25,56,37,41,56,94,41,110,71,128,8,10,7,27,24,6,59,18,19,32,91,64,187,20,25,15,15,15,3,26,26,11,5,57,12,55,3,211,167,175,9,18,32,65,138,10,5,5,16,19,24,19,21,18,18,17,18,3,5,4
172,51,12,8,7,15,18,12,32,16,32,64,24,73,134,64,118,4,5,1,5,4,15,21,5,12,21,5,12,113,140,155,3,6,2,31,5,4,21,0,23,114,127,71,33,35,174,1,2,3,6,15,2,2,3,1,1,1,4,4,4,10,21,1,45,38,51
173,2,14,10,3,22,21,10,8,43,62,8,44,93,212,183,8,15,1,11,15,1,20,9,1,50,9,1,50,41,84,229,0,1,7,10,20,6,32,49,54,33,75,113,152,197,77,10,19,33,66,142,8,12,9,11,23,11,12,14,13,4,2,5,28,53,22
174,12,13,7,6,27,14,6,42,28,58,118,62,118,101,241,56,13,13,6,16,28,9,13,12,6,104,69,96,58,76,221,0,1,7,1,0,22,26,29,48,44,76,79,228,130,238,11,22,39,75,159,9,8,6,5,5,7,3,6,2,59,58,55,30,40,42
175,59,11,15,5,10,17,3,51,50,14,104,95,98,35,193,203,7,12,13,7,23,7,55,3,61,81,124,61,7,3,149,9,9,9,0,31,15,15,50,19,0,56,121,37,160,253,14,29,57,113,231,4,4,4,2,2,2,5,7,5,77,77,37,101,158,102
176,1,11,15,5,10,17,3,40,50,14,82,50,98,217,193,38,7,12,13,7,23,7,55,3,61,5,115,88,177,164,8,9,9,9,0,31,15,15,50,19,9,103,118,193,2,157,13,26,49,95,201,4,4,4,2,2,2,5,7,5,11,76,28,141,71,94
177,47,2,14,3,16,16,25,15,37,41,15,94,54,60,116,120,8,10,7,27,24,6,24,18,33,24,18,33,2,166,25,15,15,15,3,26,26,11,5,57,12,55,3,10,167,175,9,16,26,54,115,10,5,5,16,19,24,19,21,18,18,17,18,158,165,120
178,17,11,13,5,8,10,30,40,15,35,98,65,78,136,43,144,7,12,13,21,5,29,28,22,37,127,53,37,145,22,180,9,9,9,5,17,3,23,28,17,112,22,22,216,229,20,14,28,55,109,225,4,4,4,20,20,22,11,17,17,1,5,90,102,105,53
179,13,8,15,4,28,9,1,12,3,63,25,68,86,98,110,170,15,14,11,29,29,27,30,33,32,96,33,32,33,198,230,0,1,7,4,1,10,30,52,55,67,90,76,177,221,56,13,27,54,106,220,6,3,8,10,13,11,40,38,36,61,38,47,216,206,225
180,8,9,8,12,13,27,20,47,24,60,47,85,63,243,110,30,4,5,1,5,4,31,6,23,36,6,82,36,236,134,254,3,6,2,4,4,10,10,58,4,124,19,122,248,220,125,1,2,2,4,6,2,2,3,12,1,1,33,28,14,110,25,83,118,166,209
181,24,4,14,3,31,7,4,38,52,23,116,120,70,176,166,240,8,15,14,18,16,13,18,17,16,18,17,16,14,14,13,5,3,6,23,6,20,25,30,7,21,106,52,13,114,118,9,17,27,55,117,14,14,12,28,28,27,31,34,29,13,11,14,1,1,1
182,39,15,9,11,11,6,23,63,53,50,92,53,71,130,146,93,3,0,4,25,25,23,3,27,29,3,65,29,20,27,34,7,0,10,25,18,8,38,43,34,89,49,119,3,198,165,7,13,19,43,93,7,6,7,19,21,19,6,8,7,5,7,7,12,2,9
183,41,1,0,13,1,22,17,1,11,10,69,112,107,109,41,148,1,2,10,1,2,25,1,2,17,105,2,17,1,109,208,6,13,4,30,13,23,19,14,41,1,102,95,75,200,214,3,4,6,10,26,0,0,0,9,7,10,1,1,3,44,0,2,62,180,41
184,8,1,1,13,5,25,9,45,19,37,126,1,91,48,152,226,12,2,10,14,30,5,63,13,38,119,90,38,231,216,225,6,13,4,2,3,1,34,57,45,42,54,28,81,152,35,3,6,8,16,38,0,0,0,4,3,0,7,40,0,27,47,23,37,54,25
185,0,1,1,13,5,1,9,45,5,18,112,5,76,229,24,126,12,2,10,14,30,5,63,13,5,117,101,5,9,87,140,6,13,4,2,3,1,3,22,9,87,95,117,11,68,164,3,6,8,15,36,0,0,0,4,3,0,20,2,0,35,36,43,19,33,50
186,28,14,14,3,23,21,4,49,44,55,8,34,116,79,144,74,15,14,11,29,31,27,47,58,59,47,58,3,19,75,90,0,1,7,4,4,10,5,1,37,121,100,8,58,124,159,9,18,30,58,124,5,10,5,24,26,17,56,50,45,68,67,67,80,70,105
187,3,1,0,1,1,22,17,1,11,10,1,106,82,214,41,142,1,2,10,1,2,25,1,2,17,105,2,17,1,109,208,6,13,4,30,13,23,19,14,41,81,86,124,79,17,111,3,4,6,11,28,0,0,0,9,7,10,1,1,3,55,100,69,35,45,112
188,51,12,8,7,15,18,12,32,16,32,32,16,73,192,64,47,4,5,1,5,4,15,21,50,62,21,5,62,62,51,238,3,6,2,31,5,4,21,25,29,114,8,71,33,35,174,1,2,4,7,18,2,2,3,1,1,1,4,4,4,10,21,1,56,38,51
189,63,13,2,6,27,14,6,47,3,25,47,28,25,28,20,11,0,7,3,26,11,24,31,26,30,71,84,93,101,99,124,0,1,7,4,4,10,10,58,4,124,90,76,63,170,253,9,18,30,60,127,6,8,6,5,5,7,49,6,44,99,49,121,224,191,163
190,18,6,14,2,26,21,0,49,56,26,71,126,26,156,245,32,15,14,11,26,31,24,62,43,3,62,43,103,220,68,40,0,1,7,4,4,10,5,1,37,31,90,76,71,82,32,9,18,30,60,127,6,5,12,16,19,17,52,43,35,108,71,74,139,143,201
191,10,1,0,13,5,25,9,60,1,34,44,98,34,120,190,23,12,2,10,14,30,5,63,13,38,10,13,106,109,242,79,6,13,4,2,3,1,3,22,9,27,13,58,206,176,14,3,6,8,17,42,0,0,0,4,3,0,7,2,0,67,93,68,138,154,127
192,16,14,14,3,20,12,4,14,17,26,34,121,26,180,182,58,10,9,8,12,14,11,14,15,10,14,15,10,182,144,169,0,1,7,4,4,10,10,58,4,60,90,76,71,14,97,9,18,32,63,133,12,10,11,23,18,18,15,15,19,93,3,3,22,92,26
193,26,6,11,2,20,12,0,19,17,0,89,70,0,180,103,112,2,6,15,19,15,18,32,16,15,116,16,111,172,231,181,0,1,7,9,4,10,55,15,24,63,40,97,61,104,36,9,18,32,63,133,3,7,1,13,14,15,28,44,53,52,57,48,50,52,62
194,17,11,15,5,10,17,3,40,25,14,72,50,124,61,60,83,7,12,13,7,23,7,55,3,61,81,124,61,136,3,210,9,9,9,0,31,15,15,50,19,0,56,29,192,135,137,14,29,57,113,231,4,4,4,2,2,2,5,7,5,11,19,37,46,142,116
195,63,8,2,4,28,9,1,47,3,25,47,3,25,199,20,11,15,14,11,0,20,3,0,9,45,41,109,53,166,43,203,0,1,7,4,1,10,30,52,55,57,112,102,19,232,168,13,25,47,89,187,6,3,8,10,13,14,21,20,25,60,59,62,74,39,74
196,22,3,2,1,7,13,5,29,22,48,99,22,48,69,151,42,12,2,10,14,21,17,29,61,35,29,61,35,38,37,42,6,13,4,29,24,27,47,55,15,93,65,88,133,61,87,3,5,7,14,35,0,0,0,22,29,16,27,29,26,73,31,29,84,81,91
197,62,7,5,8,4,26,7,37,2,27,121,111,27,46,97,151,6,3,2,10,17,21,34,55,31,4,6,9,221,46,36,12,8,1,7,9,14,17,37,1,5,104,81,85,126,233,13,25,47,89,187,1,1,2,0,0,4,26,27,27,56,66,56,65,114,61
198,6,6,11,2,26,30,0,24,56,8,127,79,117,233,137,112,2,6,15,19,15,18,32,16,15,98,16,111,126,180,181,0,1,7,9,4,10,55,15,24,93,65,90,29,209,179,6,11,16,35,80,3,7,1,31,29,28,48,44,61,112,99,108,198,113,203
199,49,13,2,6,27,9,6,39,62,58,39,77,113,113,47,213,15,14,11,29,8,27,25,48,39,85,126,113,238,240,249,0,1,7,4,4,10,61,35,39,50,20,45,236,36,200,13,27,51,98,206,8,7,9,30,10,26,47,45,43,38,43,40,94,99,136
200,42,7,5,8,25,3,2,55,29,2,55,71,123,92,196,88,6,3,2,10,17,21,33,39,34,33,39,34,252,135,141,12,8,1,7,9,14,35,31,2,124,90,76,71,160,234,15,30,58,116,237,1,1,2,0,0,4,22,9,9,115,39,87,151,148,143
201,10,1,1,13,7,25,5,29,22,48,99,22,48,69,151,247,12,2,10,14,21,17,29,61,35,29,61,35,38,71,42,6,13,4,29,24,27,47,55,15,14,58,115,140,61,26,3,5,7,13,33,0,0,0,22,3,16,27,29,26,30,31,29,6,6,5
202,36,3,2,4,9,20,20,61,12,39,90,12,39,224,3,197,9,11,5,13,26,14,42,11,23,42,11,23,110,249,35,0,1,7,20,20,25,46,45,40,26,97,36,35,39,250,10,20,35,70,148,8,3,9,17,16,20,25,26,23,50,40,27,27,34,34
203,7,13,7,14,3,15,27,3,35,17,3,35,17,74,199,12,11,8,9,9,9,8,8,7,11,8,7,11,8,8,243,4,4,8,21,11,0,39,32,10,20,18,50,17,5,33,13,27,54,103,215,13,13,14,26,25,25,23,23,20,6,6,8,0,0,0
204,11,1,1,13,5,25,9,45,19,37,126,1,112,96,35,35,12,2,10,14,30,5,63,13,38,63,90,78,250,224,110,6,13,4,29,24,27,3,22,9,111,13,76,206,204,17,3,6,8,17,40,0,0,0,4,3,16,27,29,0,27,31,23,37,54,25
205,11,1,1,13,7,25,5,29,22,48,29,19,48,145,230,107,12,2,10,14,21,17,29,61,35,29,61,35,38,71,42,6,13,4,29,24,27,47,55,15,14,58,115,166,61,253,3,5,7,13,33,0,0,0,22,3,16,27,29,26,30,31,29,6,6,5
206,17,11,13,5,8,10,30,31,15,35,124,74,78,131,238,49,7,12,13,21,5,29,28,22,37,127,53,37,145,22,180,9,9,9,5,17,3,5,1,37,72,82,84,63,238,237,14,28,55,108,223,4,4,4,20,20,22,11,17,17,1,5,4,76,75,65
207,15,12,8,7,15,18,12,32,16,61,30,16,60,181,64,65,4,5,1,5,4,15,21,50,62,103,92,62,60,207,123,3,6,2,31,5,4,1,25,29,55,127,71,189,195,104,1,2,4,7,19,2,2,3,1,1,1,4,4,4,8,21,10,48,43,76
208,49,11,15,5,10,17,16,40,25,14,40,95,122,91,135,203,7,12,13,7,23,7,55,3,61,5,115,88,7,128,165,9,9,9,0,31,15,57,23,14,9,103,29,231,207,158,13,26,49,94,197,4,4,4,2,2,2,29,30,30,77,106,109,205,199,137
209,37,7,5,8,25,3,2,55,29,2,55,71,123,253,182,174,6,3,2,10,17,21,33,39,60,79,72,75,40,63,239,12,8,1,7,9,14,59,44,47,45,114,17,111,44,123,15,30,58,115,234,1,1,2,0,0,4,22,9,9,54,56,38,60,42,46
210,29,2,9,3,2,28,31,2,34,54,114,113,89,107,45,173,8,10,7,6,7,10,48,8,56,48,8,89,55,36,196,15,15,15,13,29,31,37,41,42,16,80,116,1,99,173,9,15,25,52,108,5,5,5,6,17,6,32,10,31,36,35,36,13,12,15
211,11,1,1,13,7,25,5,29,19,37,106,19,48,184,46,130,12,2,10,14,21,17,29,61,35,29,61,35,38,71,42,6,13,4,29,24,27,47,55,15,14,58,115,215,119,236,3,5,7,13,33,0,0,0,22,3,16,27,29,26,30,31,29,6,6,5
212,34,3,2,4,9,8,10,5,61,4,113,82,120,40,215,159,15,14,11,29,29,27,30,33,32,122,93,125,71,123,47,0,1,7,20,20,25,4,27,38,105,31,31,94,56,81,10,20,36,71,150,8,3,9,11,16,11,12,38,36,48,78,60,129,129,118
213,21,8,2,9,12,4,8,43,45,33,68,103,120,42,62,96,15,14,11,29,29,27,11,33,32,99,47,74,197,212,46,0,1,7,20,1,10,10,58,4,9,5,7,5,132,232,13,26,49,95,199,6,3,8,18,15,13,41,33,16,45,13,126,203,204,221
214,24,4,14,3,31,7,4,38,59,23,38,59,23,128,201,240,8,15,14,18,16,13,18,17,16,18,17,16,14,14,13,5,3,6,23,6,20,25,30,7,21,25,53,108,91,142,9,17,27,55,116,14,14,12,28,28,27,31,34,29,13,11,14,1,1,1
215,58,2,15,3,10,17,16,6,56,26,40,50,26,135,23,78,0,7,3,26,11,24,35,42,8,35,95,114,140,94,251,0,1,7,4,4,10,5,1,37,124,57,109,221,103,37,14,29,56,111,227,4,4,4,2,18,18,59,54,58,80,80,74,210,102,100
216,20,12,8,7,15,18,29,27,42,11,10,42,11,208,88,111,4,5,1,5,4,31,38,62,55,38,75,112,211,247,56,3,6,2,31,5,4,10,58,23,124,19,122,40,34,125,1,2,2,4,9,2,2,3,1,1,1,4,28,4,41,25,116,190,134,92
217,9,15,9,11,11,28,26,6,54,49,6,54,49,67,197,121,8,10,7,6,7,10,7,34,7,68,87,7,34,7,85,0,1,7,4,4,31,10,58,4,15,12,76,71,7,187,9,15,23,50,105,7,6,7,7,6,8,0,0,1,32,28,101,236,183,57
218,25,6,11,2,26,30,0,24,10,36,20,10,97,246,154,207,0,7,3,26,31,24,58,10,58,58,10,76,173,9,18,0,1,7,4,4,10,10,58,4,124,90,76,71,160,253,9,18,32,63,133,3,7,1,13,14,15,48,16,32,91,118,59,225,216,230
219,9,15,6,11,11,5,28,13,9,24,13,127,24,194,58,33,3,0,4,3,0,4,26,0,4,66,117,4,154,143,143,2,5,5,8,19,16,51,8,13,73,51,23,112,149,224,7,13,21,48,101,7,6,7,19,21,19,6,8,7,26,61,26,64,49,159
220,19,14,10,0,14,23,19,21,18,19,21,18,19,89,194,54,10,9,8,12,14,11,14,15,10,14,64,10,117,177,10,11,12,0,26,25,2,45,7,8,51,16,24,106,67,13,8,14,22,49,103,12,10,11,23,18,18,15,15,19,2,3,3,22,37,26
221,24,4,14,3,31,7,4,38,6,55,125,6,66,140,6,59,8,15,14,18,16,13,18,17,16,18,17,16,14,14,13,0,1,7,9,7,24,10,58,4,124,90,76,87,182,83,9,16,26,54,115,5,5,5,28,17,27,36,10,39,29,32,30,17,82,38
222,50,15,9,11,28,9,1,12,41,52,12,54,49,88,212,23,8,10,7,6,7,10,48,8,56,48,8,89,171,119,63,0,1,7,4,4,10,10,58,4,15,111,76,54,7,253,13,27,54,106,220,7,6,7,14,6,8,51,49,50,105,103,103,232,221,188
223,23,7,5,8,25,3,2,37,2,21,97,2,21,43,2,158,6,3,2,10,17,21,34,55,31,34,55,95,254,118,58,12,8,1,7,9,14,44,37,44,18,1,16,183,233,221,15,30,59,117,240,1,1,2,0,0,4,17,13,10,14,12,11,20,28,11
224,27,10,12,8,4,26,7,9,38,27,9,76,105,159,115,16,6,3,2,24,3,28,27,31,40,74,66,100,27,25,38,8,2,12,28,23,12,28,36,11,100,26,19,89,9,66,16,32,64,125,253,1,1,2,15,11,5,26,27,27,74,23,72,41,60,49
225,49,11,15,5,10,17,16,52,50,14,119,115,65,91,128,71,13,7,3,16,28,9,49,30,57,49,110,57,196,61,57,0,1,7,4,4,10,57,23,14,96,2,2,99,239,134,13,26,50,97,203,4,4,4,22,2,7,60,59,60,77,68,92,149,65,98
226,15,3,2,4,9,20,20,61,12,39,90,122,39,147,123,197,9,11,5,13,26,14,42,11,23,42,11,23,110,249,35,0,1,7,20,20,25,46,45,40,127,69,89,47,154,46,10,20,35,70,148,8,3,9,17,16,20,25,26,23,42,40,27,52,29,69
227,46,9,8,12,15,27,29,46,24,60,46,24,60,119,87,134,4,5,1,5,4,31,38,62,55,38,23,112,170,29,212,3,6,2,31,5,4,21,0,23,124,90,76,71,160,253,1,1,1,1,2,2,2,3,1,1,1,4,4,4,88,52,110,207,222,245
228,29,6,11,2,26,30,14,24,14,62,127,123,9,52,137,8,13,7,3,22,8,22,43,41,27,107,118,124,149,210,217,0,1,7,4,4,10,57,23,14,93,65,88,133,21,87,10,19,33,66,141,3,7,1,11,29,11,61,29,61,73,90,80,84,81,91
229,8,6,11,2,26,30,14,10,14,9,127,79,97,32,62,228,0,7,3,26,31,24,43,54,27,72,106,82,23,187,146,0,1,7,4,4,10,10,58,4,124,90,76,224,225,54,6,11,16,35,80,3,7,6,31,29,28,48,49,49,91,101,108,198,182,119
230,23,8,12,9,12,4,8,43,45,33,43,45,33,18,139,198,0,7,3,4,19,16,19,45,47,19,45,86,168,79,73,0,1,7,9,1,10,33,40,60,84,89,105,42,43,115,13,24,43,82,173,6,3,8,18,15,13,13,31,16,25,49,41,79,63,89
231,36,3,1,1,30,1,15,45,7,34,112,91,77,81,24,126,12,2,10,14,30,5,63,13,5,117,101,5,9,87,140,6,13,4,2,3,1,3,22,9,87,95,117,11,68,164,3,7,11,24,54,0,0,0,4,3,0,20,2,0,35,36,43,19,33,50
232,20,1,1,13,5,22,9,45,1,18,44,106,95,13,161,143,1,2,10,1,2,25,10,2,49,65,112,117,241,232,227,6,13,4,30,13,23,19,58,41,17,39,107,170,210,14,3,7,11,25,57,0,0,0,9,7,10,1,1,3,22,0,69,130,145,180
233,22,3,15,9,0,13,16,20,49,9,74,49,79,186,81,235,0,7,3,26,31,24,50,54,51,50,54,51,47,90,39,0,1,7,9,4,10,10,58,4,124,90,76,124,145,253,13,27,52,101,210,0,0,6,25,29,28,48,49,49,92,86,106,133,108,179
234,56,13,7,6,27,14,6,25,28,58,88,28,58,241,48,4,13,13,6,16,28,9,13,12,6,13,12,6,227,11,11,0,1,7,1,0,22,0,42,61,59,83,106,86,148,10,11,22,40,76,160,9,8,6,5,5,7,3,6,2,20,37,17,18,21,63
235,15,3,2,1,30,13,15,23,7,38,108,7,79,73,68,129,12,2,10,31,10,30,20,25,26,90,68,26,147,201,103,0,1,7,2,3,1,29,26,5,90,50,21,71,160,253,13,27,52,101,212,0,0,0,14,12,0,18,19,8,15,18,12,9,11,8
236,54,13,7,9,29,14,14,62,63,15,62,99,119,222,36,63,13,13,6,22,8,22,23,24,28,23,24,28,31,23,24,0,1,7,6,10,9,8,18,20,28,74,32,104,237,78,11,21,38,74,158,9,8,6,27,27,30,39,41,41,33,34,35,10,8,10
237,9,15,6,11,11,0,28,13,41,57,122,41,100,167,16,224,3,0,4,3,0,4,26,0,4,26,105,90,111,124,3,2,5,5,8,19,16,7,51,49,15,12,9,53,7,187,7,12,18,42,92,7,6,7,7,6,8,0,0,1,32,28,16,58,36,57
238,18,9,8,12,15,20,20,61,12,51,61,12,51,210,83,86,9,11,5,13,26,14,42,11,23,126,11,23,39,252,112,0,1,7,4,4,10,5,1,37,75,72,76,246,138,209,9,18,30,59,126,8,3,9,17,16,20,25,26,23,50,40,27,27,34,34
239,50,15,6,11,11,0,28,11,41,30,84,75,100,27,16,224,3,0,4,3,0,4,26,0,4,26,105,4,111,124,3,2,5,5,8,19,16,7,51,49,15,12,44,175,177,180,7,12,18,42,92,7,6,7,7,6,8,0,0,1,32,28,16,136,171,35
240,51,12,8,7,15,18,12,32,16,32,32,16,32,192,64,48,4,5,1,5,4,15,21,50,62,21,5,62,62,51,238,3,6,2,31,5,4,21,25,29,114,127,71,189,35,104,1,2,4,7,19,2,2,3,1,1,1,4,4,4,10,21,1,48,43,76
241,11,1,1,13,5,25,9,45,19,37,126,1,91,48,152,226,12,2,10,14,30,5,63,13,38,119,90,38,231,216,225,6,13,4,2,3,1,34,57,45,42,54,28,81,152,35,3,6,8,16,38,0,0,0,4,3,0,7,40,0,27,47,23,37,54,25
242,45,7,5,8,25,3,2,37,2,21,97,111,27,46,97,151,6,3,2,10,17,21,34,55,31,34,55,95,254,118,58,12,8,1,7,9,14,17,37,1,5,104,81,183,126,233,13,25,47,89,187,1,1,2,0,0,4,17,13,10,56,66,56,65,114,61
243,38,12,8,7,13,27,12,30,24,60,64,85,60,193,87,189,4,5,1,5,4,31,6,23,36,6,82,36,29,134,32,3,6,2,15,2,28,1,12,50,37,42,26,67,34,220,1,2,3,6,17,2,2,3,1,9,1,8,12,14,19,15,22,43,224,14
244,53,2,14,3,2,21,26,6,56,49,119,126,26,156,108,32,15,14,11,26,31,24,62,43,3,124,81,3,46,21,74,0,1,7,4,4,10,10,58,37,124,2,2,71,160,253,9,18,32,63,136,6,5,5,10,19,17,52,43,25,77,71,74,139,143,208
245,58,2,9,3,2,28,26,15,54,49,15,89,69,58,141,67,8,10,7,6,7,10,56,34,41,7,70,56,232,159,198,15,15,15,4,29,31,36,1,0,97,15,103,50,242,95,9,15,23,50,106,5,5,5,6,24,6,30,18,24,24,30,20,24,24,21
246,34,3,2,4,23,13,1,49,7,38,49,87,84,73,179,99,12,2,10,31,21,17,53,28,35,82,28,85,98,151,88,0,1,7,4,4,10,10,58,4,124,90,76,71,160,253,3,5,7,14,35,0,0,6,14,29,17,43,39,8,73,90,80,84,81,91
247,29,2,9,3,2,28,31,2,34,54,114,113,89,137,80,19,8,10,7,6,7,10,48,8,56,48,8,89,55,36,196,15,15,15,13,29,31,37,41,42,16,90,76,71,99,253,9,15,25,53,112,5,5,5,6,17,6,32,10,31,36,35,36,13,12,15
248,22,3,2,9,9,20,14,5,49,9,5,36,94,5,63,63,15,14,11,29,29,27,30,32,18,69,32,110,213,120,99,0,1,7,20,20,25,49,38,56,123,73,70,171,235,110,10,20,37,72,154,8,3,9,17,16,20,45,33,42,45,46,42,57,26,82
249,52,6,11,9,26,30,24,52,23,9,96,107,9,52,47,213,0,7,3,26,8,24,43,41,27,72,41,82,105,98,152,0,1,7,9,4,10,61,35,39,113,37,37,71,21,253,6,11,17,37,83,10,7,1,30,10,23,28,35,28,51,51,44,68,164,199
250,28,8,2,4,28,9,1,47,3,25,47,3,25,199,20,11,15,14,11,0,20,3,0,9,53,0,109,53,166,43,203,0,1,7,4,1,10,30,52,55,57,112,102,19,232,168,13,25,47,89,187,6,3,8,10,13,14,21,20,25,60,59,62,74,85,74
251,1,2,14,3,2,28,4,14,10,36,71,10,36,246,201,64,0,7,3,26,31,24,62,43,43,120,108,105,116,122,117,0,1,7,4,4,10,5,1,37,69,29,47,217,160,37,13,26,49,94,198,4,10,5,16,20,17,53,43,52,70,70,65,157,161,175
252,53,11,15,5,10,17,16,40,50,14,40,50,124,136,225,227,7,12,13,7,23,7,55,3,30,86,3,30,174,190,144,0,1,7,4,4,10,15,50,19,9,103,7,71,2,100,13,26,49,95,201,4,4,4,2,2,2,49,57,44,90,76,94,124,106,167
253,57,7,5,8,25,3,2,37,2,27,97,111,27,46,97,239,6,3,2,10,17,21,34,55,31,4,6,9,221,46,36,12,8,1,7,9,14,17,37,1,56,104,61,136,102,210,16,32,64,126,254,1,1,2,0,0,4,17,13,10,56,66,56,65,111,61
254,17,0,4,15,17,2,18,53,36,59,120,90,127,235,142,180,7,12,13,7,23,7,5,53,20,5,115,88,177,113,53,15,15,15,0,31,15,58,16,62,0,62,76,162,108,62,14,29,56,111,227,4,4,4,2,2,2,29,30,30,3,16,21,34,14,18
255,33,5,3,10,19,19,13,36,57,43,36,57,43,50,11,246,14,6,0,23,6,0,12,49,0,12,73,104,16,18,252,10,10,3,12,15,11,14,2,4,103,81,82,7,251,38,4,8,13,29,66,3,9,1,3,4,3,2,5,6,7,4,6,51,56,54
256,61,5,3,10,19,19,13,41,27,43,41,57,45,182,248,25,14,6,0,23,6,0,12,49,0,12,73,0,235,172,69,10,10,3,12,15,11,14,2,4,8,38,0,125,147,167,4,8,13,29,65,3,9,1,3,4,3,2,5,6,7,4,6,59,27,32
257,26,5,3,10,19,19,0,36,60,43,36,60,43,148,147,154,13,2,10,8,10,22,51,56,24,91,56,71,48,48,81,10,10,3,4,4,10,57,11,14,83,109,67,18,76,86,9,18,32,63,133,3,9,1,3,4,3,2,5,6,85,69,73,78,80,78
258,50,3,0,1,30,13,15,59,7,38,101,86,84,73,68,129,12,2,10,31,10,30,20,25,26,20,86,98,26,133,22,0,1,7,2,3,1,29,26,5,90,50,21,153,160,3,9,18,30,58,124,0,0,0,14,12,0,18,19,8,15,94,12,131,163,214
259,29,2,9,3,2,28,26,2,34,49,114,113,89,107,76,181,8,10,7,6,7,10,48,8,56,48,8,89,55,219,67,15,15,15,13,29,31,37,41,42,16,80,116,96,31,24,9,15,25,53,110,5,5,5,6,17,6,32,10,31,36,35,36,13,12,15
260,34,3,2,4,9,8,10,47,61,4,25,82,4,248,184,215,15,14,11,29,29,27,30,33,32,77,93,125,208,65,89,0,1,7,4,20,10,4,27,38,67,105,87,129,186,80,10,19,34,67,143,8,12,9,11,13,11,40,38,36,48,38,47,63,44,67
261,59,11,13,5,8,10,30,31,15,35,31,65,78,223,162,57,7,12,13,21,5,29,28,22,37,28,22,87,22,129,26,9,9,9,5,17,3,23,28,17,72,82,84,46,27,177,14,28,55,107,222,4,4,4,20,20,22,11,17,17,1,5,4,76,75,65
262,30,11,15,5,10,17,3,51,50,14,4,69,85,61,60,241,7,12,13,7,23,7,55,3,61,5,115,88,7,164,8,9,9,9,0,31,15,15,50,19,0,103,29,192,183,137,14,29,57,113,231,4,4,4,2,2,2,5,7,5,11,19,28,87,79,144
263,59,11,13,5,8,29,3,4,32,3,98,65,35,84,157,203,7,12,13,21,5,29,5,53,20,64,114,20,57,38,237,9,9,9,0,31,15,58,16,62,124,90,64,157,141,91,14,29,57,114,233,4,4,4,2,2,2,11,17,17,3,16,4,40,227,60
264,24,4,14,3,31,7,4,38,59,23,38,125,64,128,127,46,8,15,14,18,16,13,18,17,16,18,17,16,200,14,13,0,1,7,4,4,10,0,42,61,124,90,76,71,160,253,13,24,43,83,174,14,14,12,28,28,27,31,34,29,13,33,14,188,18,231
265,17,11,15,5,10,17,16,52,50,14,52,69,122,136,60,203,7,12,13,7,23,7,55,3,61,81,124,61,136,3,210,0,1,7,0,31,15,15,50,19,0,56,121,37,241,223,14,29,57,113,231,4,4,4,2,2,2,5,7,5,94,77,37,172,104,102
266,39,15,9,11,11,6,23,63,53,50,92,64,50,130,146,162,3,0,4,25,25,23,3,27,29,3,65,29,20,27,34,7,0,10,25,18,8,38,43,34,89,49,119,3,198,165,7,13,19,43,93,7,6,7,19,21,19,6,8,7,5,7,7,12,2,9
267,36,3,2,1,30,13,15,23,7,38,85,7,63,10,68,194,12,2,10,31,10,30,53,46,26,90,68,26,147,201,103,6,13,4,2,3,1,29,26,5,90,50,21,88,226,176,3,7,9,19,45,0,0,0,14,12,0,18,19,8,15,18,12,222,146,192
268,29,2,9,3,2,28,26,15,8,49,2,54,69,2,23,121,8,10,7,6,7,10,56,35,41,7,70,56,232,159,198,15,15,15,13,29,31,36,58,0,119,6,13,175,177,180,9,15,23,50,106,5,5,5,6,24,6,30,18,24,49,53,50,69,74,79
269,14,12,8,7,15,18,29,46,42,5,46,42,67,166,88,134,4,5,1,5,4,31,21,5,12,113,62,112,4,116,60,3,6,2,31,5,4,21,0,23,124,90,5,15,34,40,1,2,2,4,9,2,2,3,1,1,1,4,4,4,41,52,110,207,195,147
270,60,13,7,14,3,15,27,3,35,17,3,35,17,74,199,12,11,8,9,9,9,8,8,7,11,8,7,11,8,8,243,4,4,8,21,11,0,39,32,10,20,18,50,174,151,74,5,9,14,30,70,13,13,14,26,25,25,23,23,20,6,6,8,0,0,0
271,55,1,1,13,5,25,9,45,5,18,112,5,112,51,4,191,12,2,10,31,21,17,40,40,49,40,40,65,178,243,55,6,13,4,2,3,1,3,54,9,71,92,49,148,71,247,1,1,1,2,3,0,0,0,4,3,16,20,53,56,71,72,64,72,51,64
272,23,7,5,8,25,3,2,55,29,21,97,29,21,43,207,140,6,3,2,10,17,21,33,39,60,79,72,123,251,205,127,12,8,1,7,9,14,59,44,63,106,36,78,196,77,143,15,30,58,116,238,1,1,2,0,0,4,50,9,9,62,62,31,55,61,58
273,6,6,11,2,20,12,11,19,17,36,34,17,117,111,94,179,2,6,15,2,15,18,2,44,46,2,44,46,100,4,27,0,1,7,4,4,10,10,58,4,124,57,109,71,32,97,6,10,15,31,72,3,7,1,13,14,15,59,16,12,80,80,59,228,216,227
274,48,15,6,11,11,0,28,11,41,57,122,127,57,252,140,7,3,0,4,3,0,4,26,0,4,26,105,90,111,0,139,2,5,5,8,19,16,7,51,49,15,111,44,54,160,55,7,12,18,42,92,7,6,7,7,6,8,0,0,1,47,14,26,227,95,219
275,47,2,14,3,16,16,25,56,37,41,105,94,121,110,71,120,8,10,7,27,24,6,24,18,33,24,18,33,2,166,25,15,15,15,3,26,26,11,5,57,12,55,3,10,167,253,9,16,26,54,114,10,5,5,16,19,24,19,21,18,18,17,18,3,5,4
276,46,12,8,7,15,18,12,27,16,60,64,24,60,181,87,189,4,5,1,5,4,31,6,23,36,6,82,112,170,134,211,3,6,2,31,5,4,21,0,23,114,19,122,33,34,7,1,2,2,4,10,2,2,3,1,1,1,4,4,4,41,25,1,190,134,92
277,11,3,9,4,28,9,1,44,41,63,101,75,63,252,140,160,1,2,10,31,10,17,10,46,49,110,88,92,188,130,162,0,1,7,4,4,10,10,58,4,15,111,76,153,220,3,3,7,11,26,59,7,6,7,7,6,16,32,51,50,109,103,101,247,178,176
278,53,3,2,4,22,8,10,8,43,4,86,43,62,99,130,255,15,1,11,15,1,20,9,1,50,9,1,18,198,105,30,0,1,7,10,20,6,4,27,38,109,90,48,224,92,53,10,19,34,68,146,8,12,9,11,23,11,12,56,13,48,109,60,173,203,146
279,61,5,3,10,19,19,13,41,57,45,41,57,47,36,173,25,14,6,0,23,6,0,12,49,0,12,73,104,142,192,218,10,10,3,12,15,11,14,2,4,8,38,38,125,147,167,4,8,13,29,67,3,9,1,3,4,3,2,5,6,7,4,6,193,27,68
280,20,15,9,11,11,6,23,63,48,29,63,75,88,155,82,121,3,0,4,3,0,4,26,0,4,66,117,4,230,143,143,2,5,5,8,19,16,51,8,13,73,51,23,112,149,253,7,13,21,48,101,7,6,7,7,6,8,0,0,1,26,14,26,64,49,159
281,37,7,5,3,25,3,2,7,44,2,109,100,2,92,120,79,6,3,2,10,17,21,33,39,34,33,39,34,108,6,141,12,8,1,7,9,14,35,31,2,117,101,108,43,106,69,15,30,60,118,241,1,1,2,0,0,4,22,9,9,43,39,38,42,22,45
282,9,15,6,11,11,0,28,11,0,57,122,0,57,67,56,7,3,0,4,3,0,4,26,0,4,26,105,90,111,124,3,2,5,5,8,19,16,7,51,49,15,111,44,54,7,55,7,12,18,42,92,7,6,7,7,6,8,0,0,1,32,28,16,39,95,35
283,1,6,11,2,26,30,0,16,56,46,20,79,46,186,124,102,0,7,3,26,31,24,58,10,27,76,116,27,66,233,77,0,1,7,9,4,10,33,40,60,74,91,15,119,50,133,13,25,46,87,183,6,15,1,25,10,23,46,47,48,39,42,97,113,122,129
284,13,13,7,4,28,9,14,12,14,15,103,126,119,239,145,99,15,14,11,29,29,27,30,33,32,96,111,45,157,126,151,0,1,7,4,4,10,10,58,4,124,90,76,71,160,253,13,27,54,105,218,6,8,6,27,27,30,39,41,41,33,34,123,209,235,211
285,18,2,4,3,21,28,31,54,33,56,54,33,69,178,176,5,8,10,7,6,7,10,36,35,63,36,119,41,185,208,192,15,15,15,4,4,10,10,58,4,53,123,125,80,51,154,9,18,32,62,131,5,5,5,16,19,24,37,21,18,49,53,50,104,140,130
286,6,0,4,15,23,2,18,33,44,55,33,96,55,49,153,125,0,7,3,26,11,24,35,42,8,35,95,114,140,94,251,0,1,7,4,4,10,5,1,37,61,88,74,142,246,229,9,18,29,57,122,5,11,10,24,26,31,29,55,55,103,60,58,71,46,47
287,58,2,9,3,2,28,0,15,56,54,15,54,69,60,141,121,8,10,7,6,7,10,56,35,63,36,119,127,222,208,192,15,15,15,4,4,10,10,58,4,124,90,76,10,167,175,13,27,53,102,214,5,5,5,16,19,24,19,18,18,105,103,50,146,197,223
288,59,11,13,5,8,29,30,31,32,35,31,32,35,223,232,127,7,12,13,21,5,29,28,22,37,127,22,37,183,69,235,9,9,9,5,17,3,23,28,17,124,34,64,185,159,20,14,28,55,107,222,4,4,4,20,20,22,11,17,17,1,5,4,135,227,125
289,20,6,11,2,6,30,24,24,23,20,24,56,68,124,84,124,2,6,15,2,15,18,54,4,15,115,76,115,93,132,98,0,1,7,9,4,10,16,48,59,38,35,55,245,90,61,6,11,17,39,86,3,7,1,3,4,3,44,52,59,84,83,82,88,90,84
290,57,10,12,8,4,26,7,9,38,27,9,76,105,159,188,16,6,3,2,24,3,28,27,31,40,74,66,100,27,25,38,8,2,12,28,23,12,28,36,11,100,26,19,89,9,66,16,32,64,125,253,1,1,2,15,11,5,26,27,27,74,23,72,41,60,49
291,35,1,1,13,18,31,22,17,30,28,79,30,28,6,67,24,1,2,10,17,22,26,22,21,21,112,21,122,67,24,21,1,7,11,19,22,5,20,10,16,108,66,111,186,41,140,2,3,5,9,23,11,0,13,21,22,21,10,11,11,0,1,0,32,47,44
292,9,15,6,11,11,0,28,13,41,30,122,41,24,167,16,224,3,0,4,3,0,4,26,0,4,26,105,4,111,124,3,2,5,5,8,19,16,7,51,49,15,12,76,53,7,187,13,26,49,93,194,7,6,7,7,6,8,0,0,1,32,28,16,58,36,57
293,47,6,11,2,16,16,25,56,37,41,56,94,121,110,61,208,8,10,7,27,24,6,24,18,33,24,18,33,2,166,25,15,15,15,3,26,26,11,5,57,12,55,3,23,59,139,9,16,26,54,113,10,5,5,16,19,24,19,21,18,18,17,18,3,5,4
294,57,10,5,8,4,26,7,57,58,27,121,111,27,46,97,151,6,3,2,30,3,2,4,6,9,4,71,9,155,230,228,12,8,1,7,9,14,17,58,1,5,104,81,85,208,31,16,32,64,126,254,1,1,2,0,0,5,26,27,27,56,66,56,65,114,61
295,8,1,1,13,7,25,5,29,22,48,99,19,48,145,226,130,12,2,10,14,21,17,29,61,35,29,61,35,38,71,42,6,13,4,29,24,27,47,55,15,14,58,115,166,143,134,3,5,7,13,33,0,0,0,22,3,16,27,29,26,30,31,29,6,6,5
296,25,0,4,15,21,2,18,18,8,56,83,117,104,14,100,68,5,4,12,11,12,12,46,60,48,46,60,48,65,66,161,15,15,15,16,30,13,50,39,27,124,57,76,145,72,242,9,18,30,60,128,5,11,10,8,8,9,37,3,25,76,50,33,105,176,80
297,15,9,8,12,13,27,12,27,24,60,123,24,92,208,131,30,4,5,1,5,4,31,6,5,12,113,62,112,201,116,211,3,6,2,31,5,4,21,0,23,125,60,26,73,53,121,1,2,2,4,6,2,2,3,12,1,1,4,12,4,110,25,83,152,155,139
298,47,2,4,15,16,16,25,15,8,56,15,8,54,183,116,58,8,10,7,27,24,6,56,18,41,56,123,127,102,91,145,15,15,15,3,26,26,2,63,4,119,6,13,8,177,49,9,16,26,54,115,10,5,5,16,19,24,19,21,18,49,53,50,69,74,79
299,32,6,11,2,20,12,11,19,4,22,19,4,22,126,205,85,2,6,15,2,15,18,2,44,46,2,44,46,100,4,27,13,14,13,11,21,21,40,33,31,86,108,72,66,15,129,6,10,15,31,72,3,7,1,13,14,15,16,16,12,9,8,9,2,4,12
300,61,5,3,10,19,19,13,41,27,47,58,57,47,50,18,10,14,6,0,23,6,0,12,49,54,80,49,54,142,192,218,10,10,3,12,15,11,14,2,4,126,79,38,25,21,130,4,8,13,29,65,3,9,1,3,4,3,42,42,40,31,29,34,201,185,157
301,63,13,7,6,27,14,6,25,60,58,16,123,25,164,150,4,13,13,6,16,28,9,51,30,24,51,78,24,189,40,116,0,1,7,4,4,10,33,11,60,124,90,76,204,11,255,14,29,57,114,232,9,8,6,5,5,7,3,32,54,85,41,73,78,80,78
302,59,11,15,5,10,17,3,51,50,14,4,50,98,68,60,83,7,12,13,7,23,7,55,3,61,81,124,61,136,3,210,9,9,9,0,31,15,15,50,19,0,103,29,37,170,137,14,29,57,113,230,4,4,4,2,2,2,5,7,5,11,19,37,46,142,116
303,12,13,7,6,27,14,6,25,62,63,25,28,68,37,48,249,13,13,6,16,28,9,13,30,6,94,30,84,253,227,206,0,1,7,4,4,10,10,58,4,124,90,76,219,136,21,13,27,54,103,215,6,8,6,10,5,7,40,38,36,61,38,83,103,93,67
304,31,0,4,15,21,2,18,18,36,59,18,93,59,247,21,119,5,4,12,11,12,12,46,60,48,100,127,48,247,162,174,15,15,15,16,30,13,50,39,27,110,59,60,39,244,102,12,23,41,79,166,5,11,10,8,8,9,37,3,37,21,26,13,11,55,72
305,9,15,9,11,11,6,23,63,53,29,92,64,24,130,82,162,3,0,4,25,25,23,3,27,29,3,65,29,226,167,134,7,0,10,25,18,8,10,58,4,15,12,76,53,7,187,7,13,19,44,94,7,6,7,19,21,19,6,8,7,5,7,7,12,2,9
306,9,15,6,11,11,0,28,11,9,57,67,127,100,67,56,7,3,0,4,3,0,4,26,0,4,26,105,90,111,0,139,2,5,5,8,19,16,51,8,13,92,122,66,92,129,76,7,12,18,42,92,7,6,7,7,6,8,0,0,1,47,14,26,83,95,77
307,51,12,8,7,15,18,12,32,16,32,64,16,32,181,64,175,4,5,1,5,4,15,21,50,62,21,5,12,113,140,155,3,6,2,31,5,4,21,0,23,55,127,5,189,217,104,1,2,3,6,17,2,2,3,1,1,1,4,4,4,10,21,1,48,43,76
308,2,14,10,3,22,21,26,8,54,49,8,44,93,58,177,117,15,1,11,15,1,20,9,1,59,78,100,59,148,228,128,0,1,7,10,20,6,32,49,54,33,75,113,156,197,11,10,19,33,66,141,8,12,5,11,23,11,12,14,13,4,2,5,28,53,145
309,5,6,14,2,6,30,24,49,23,36,71,97,36,85,169,64,2,6,15,19,15,18,54,16,15,54,85,99,88,153,95,0,1,7,4,4,10,5,1,37,69,29,47,91,137,75,9,18,31,61,129,3,10,1,25,10,17,53,43,52,70,70,65,92,101,115
310,1,6,11,2,16,16,25,56,37,41,105,37,121,110,71,58,8,10,7,27,24,6,56,18,41,56,123,127,102,214,145,15,15,15,3,26,26,2,63,4,120,119,85,151,37,109,9,15,23,50,106,5,5,5,16,19,24,19,21,18,12,9,98,29,125,93
311,52,8,14,9,28,9,1,52,10,1,52,68,1,255,155,209,13,13,6,22,8,22,25,48,39,93,48,118,123,53,154,0,1,7,4,1,10,42,35,43,10,67,43,149,121,217,13,27,52,99,207,6,3,8,5,13,26,55,32,51,72,63,75,47,58,52
312,14,2,9,3,2,28,31,2,34,54,114,113,89,107,45,186,8,10,7,6,7,10,48,8,56,48,8,89,55,219,67,15,15,15,13,29,31,37,41,42,16,80,116,96,31,24,9,15,25,53,110,5,5,5,6,17,6,32,10,31,36,35,36,13,12,15
313,36,3,0,1,30,13,15,23,7,38,108,7,84,10,179,129,12,2,10,31,10,30,20,25,26,20,86,98,26,33,22,6,13,4,2,3,1,29,26,5,90,50,21,88,226,176,3,7,9,19,45,0,0,0,14,12,0,18,19,8,15,18,12,9,11,8
314,34,3,2,4,9,8,10,5,61,4,86,82,113,38,172,159,15,14,11,29,29,27,30,33,32,77,93,125,30,209,195,0,1,7,10,20,6,4,27,38,109,90,48,71,160,253,10,20,36,71,151,8,12,9,11,23,11,12,14,13,124,2,60,229,159,244
315,2,14,2,4,23,21,10,42,43,52,42,93,93,88,177,183,15,1,11,15,1,20,9,1,50,9,1,50,41,84,229,0,1,7,10,20,6,32,49,54,33,75,113,156,75,11,10,19,33,66,140,8,12,9,11,23,11,12,14,13,4,2,5,28,53,39
316,18,2,14,3,28,9,1,12,56,26,20,126,26,156,245,32,15,14,11,26,31,24,62,43,3,124,81,43,46,203,74,0,1,7,4,4,10,5,1,37,124,90,76,55,82,32,13,27,53,102,214,6,5,12,16,0,17,52,43,35,40,113,123,243,202,201
317,18,2,14,3,2,28,4,2,6,54,14,6,90,137,6,59,8,15,14,18,16,13,18,17,16,18,17,16,200,14,13,15,15,15,13,7,24,10,58,4,124,90,76,87,182,83,9,15,25,53,112,5,5,5,6,17,6,36,10,39,29,32,30,17,82,38
318,1,6,11,2,26,30,24,24,23,20,96,107,20,16,62,228,2,6,15,19,15,18,32,16,15,98,16,111,126,180,181,0,1,7,9,7,10,22,60,53,124,90,90,235,225,58,6,11,16,34,78,10,7,1,13,10,23,28,35,28,75,51,44,106,164,152
319,11,12,8,7,15,18,12,27,16,32,64,24,73,134,131,30,4,5,1,5,4,15,21,5,12,113,62,12,124,39,200,3,6,2,31,5,4,21,0,23,7,60,5,139,64,253,1,2,3,6,15,2,2,3,1,1,1,4,4,4,110,25,1,96,20,139
320,22,3,2,9,9,4,8,16,3,7,108,107,7,25,239,218,9,11,5,31,10,14,53,46,26,121,122,107,104,106,167,0,1,7,9,1,10,22,60,53,77,116,10,169,30,59,6,11,17,36,82,6,3,8,17,16,20,57,37,34,111,114,93,161,133,110
321,8,12,8,7,15,18,12,32,16,61,10,16,11,181,64,253,4,5,1,5,4,15,21,23,36,6,82,36,29,5,254,3,6,2,31,5,4,1,25,29,124,19,122,189,160,125,1,2,4,8,20,2,2,3,1,9,1,33,28,38,8,126,10,118,166,209
322,40,2,14,3,2,28,31,2,6,54,115,6,66,140,102,41,8,10,7,6,7,10,60,51,63,83,51,19,139,182,101,15,15,15,13,7,24,60,9,36,58,10,57,87,182,83,9,15,24,51,107,5,5,5,6,17,6,36,10,39,29,32,30,17,48,38
323,55,1,1,13,5,11,9,45,19,37,17,91,77,251,24,211,12,2,10,14,30,5,63,13,38,63,90,78,193,220,191,6,13,4,2,3,1,3,22,9,87,95,117,11,26,164,10,20,36,71,149,0,0,0,4,3,0,20,2,0,35,36,43,179,33,50
324,39,15,9,11,11,6,23,63,53,50,92,48,88,130,146,17,3,0,4,25,25,23,3,27,29,3,65,29,226,167,134,7,0,10,25,18,8,9,53,26,54,63,11,24,19,70,7,13,19,44,94,7,6,7,19,21,19,6,8,7,5,7,7,31,2,29
325,21,9,14,12,23,27,20,49,10,53,49,87,64,195,66,99,4,11,5,28,26,1,61,37,1,11,37,70,77,102,82,0,1,7,15,2,28,5,1,37,31,28,1,71,82,32,1,2,2,4,7,2,2,3,12,9,12,43,12,35,40,104,32,137,151,121
326,1,8,15,9,12,4,8,5,45,33,5,36,94,5,26,141,15,14,11,29,29,27,30,33,32,101,97,110,97,237,105,0,1,7,20,20,25,49,38,56,123,73,70,101,196,199,10,20,37,72,154,8,3,9,17,16,20,45,33,42,45,46,42,57,26,85
327,52,8,2,4,28,9,1,39,62,25,39,3,25,199,20,213,15,14,11,29,29,27,25,9,39,96,74,45,160,31,37,0,1,7,4,1,10,61,35,39,50,20,45,177,36,200,13,27,51,98,205,8,7,9,30,10,26,47,45,43,38,43,40,94,99,56
328,49,11,15,6,0,17,16,40,25,14,40,77,14,28,105,229,13,13,6,16,28,9,13,12,6,94,30,84,13,77,137,0,1,7,0,31,15,10,58,14,59,33,123,203,160,94,13,27,52,101,212,9,8,6,5,5,7,3,6,2,63,37,45,121,21,55
329,53,8,2,6,27,14,6,47,28,58,88,28,83,127,106,11,13,13,6,16,28,9,13,12,6,13,12,6,69,184,133,0,1,7,1,0,22,0,42,61,101,113,35,71,214,253,11,22,40,77,162,9,8,6,5,5,7,3,6,2,20,33,17,18,18,27
330,48,15,6,11,11,5,28,22,9,30,93,9,100,206,231,224,3,0,4,3,0,4,26,0,4,106,0,90,154,174,216,2,5,5,8,19,16,7,51,49,6,78,9,54,175,0,7,12,18,40,89,7,6,7,7,6,8,0,0,1,26,45,26,136,49,23
331,37,7,5,8,25,3,2,7,2,2,109,100,2,92,120,79,6,3,2,10,17,21,33,39,34,33,39,34,252,135,141,12,8,1,7,9,14,35,31,2,117,101,108,43,106,69,15,30,60,118,242,1,1,2,0,0,4,22,9,9,43,39,38,42,22,45
332,22,3,2,1,30,1,15,59,7,38,108,86,84,81,179,129,12,2,10,31,10,30,20,25,26,20,86,98,26,133,22,6,13,4,2,3,1,29,26,5,90,50,21,211,160,17,3,7,9,18,43,0,0,0,14,12,0,18,19,8,15,108,12,242,163,214
333,59,11,13,5,8,10,30,31,15,35,31,65,78,223,232,57,7,12,13,21,5,29,28,22,37,28,22,87,22,129,235,9,9,9,5,17,3,23,28,17,72,82,84,30,191,177,14,28,55,108,223,4,4,4,20,20,22,11,17,17,1,5,4,76,75,65
334,10,1,0,13,5,22,9,45,1,18,126,1,112,26,1,221,12,2,10,14,30,5,63,13,38,63,90,38,109,95,186,6,13,4,30,13,23,3,22,9,27,13,58,206,176,14,3,6,8,17,42,0,0,0,4,7,0,7,1,0,27,0,23,99,154,210
335,56,13,7,6,27,14,6,25,28,58,88,21,58,83,171,220,13,13,6,16,28,9,13,12,6,13,12,6,130,184,222,0,1,7,1,0,22,0,42,61,101,113,35,250,33,241,11,22,40,77,161,9,8,6,5,5,7,3,6,2,20,33,17,66,18,27
336,5,6,11,2,6,30,24,24,23,20,24,23,36,165,169,145,2,6,15,19,15,18,54,16,15,54,85,99,88,153,95,0,1,7,9,7,10,22,60,53,69,29,47,126,137,190,9,18,31,61,129,3,7,1,25,10,17,53,43,28,65,70,89,92,101,115
337,3,3,2,1,30,13,15,39,7,1,74,7,1,200,138,244,13,13,6,22,8,22,51,48,24,93,48,118,123,53,247,0,1,7,4,4,10,42,35,43,10,67,43,107,133,63,13,27,52,99,207,9,8,6,5,5,26,55,32,51,72,63,75,47,58,52
338,45,7,5,8,25,3,2,37,2,21,97,2,75,90,2,169,6,3,2,10,17,21,34,55,31,34,55,95,254,118,58,12,8,1,7,9,14,44,37,44,18,1,16,210,202,127,15,30,59,117,240,1,1,2,0,0,4,17,13,10,14,12,11,98,153,11
339,35,1,1,13,18,31,22,17,30,28,79,124,28,6,37,24,1,2,10,17,22,26,22,21,21,22,21,21,224,170,66,1,7,11,19,22,5,20,10,16,2,32,14,64,3,6,2,3,5,9,24,11,0,13,21,22,21,10,11,11,0,1,0,7,3,2
340,22,13,7,9,29,30,14,62,63,15,62,99,119,226,69,76,13,13,6,22,8,22,23,24,28,23,24,28,180,163,24,0,1,7,6,10,9,8,18,20,49,3,96,51,118,50,11,21,38,74,157,9,8,6,27,27,30,39,41,41,33,34,35,195,187,156
341,10,1,0,13,5,1,9,45,5,34,112,5,82,64,4,177,12,2,10,14,30,5,63,13,38,63,90,38,53,58,186,6,13,4,2,3,1,3,22,9,11,13,18,249,86,191,3,4,6,11,27,0,0,0,4,3,0,20,2,0,83,81,64,90,51,151
342,10,1,1,13,7,25,5,29,22,48,29,22,48,145,226,247,12,2,10,14,21,17,29,61,35,29,61,35,38,71,42,6,13,4,29,24,27,47,55,15,14,58,115,140,61,26,3,5,7,13,33,0,0,0,22,3,16,27,29,26,30,31,29,6,6,5
343,8,12,8,7,13,18,12,30,20,61,30,20,61,34,164,139,4,5,1,5,4,15,21,50,62,103,50,62,210,96,213,3,6,2,15,2,28,1,25,29,37,93,98,14,83,16,1,2,4,8,20,2,2,3,1,9,12,33,28,38,8,20,10,118,50,24
344,1,11,14,5,0,10,16,14,10,52,12,119,52,137,170,36,15,14,11,26,31,24,62,43,42,70,67,42,246,88,179,0,1,7,4,4,10,5,1,37,107,57,109,93,84,145,13,26,49,93,194,4,10,11,8,18,18,59,54,58,80,80,59,119,102,100
345,51,12,8,7,15,18,12,27,16,32,64,24,73,134,131,48,4,5,1,5,4,15,21,5,12,113,62,12,124,39,200,3,6,2,31,5,4,21,0,23,7,60,5,139,64,239,1,2,3,6,15,2,2,3,1,1,1,4,4,4,41,25,1,96,20,37
346,62,10,12,7,24,20,29,28,39,11,111,39,72,251,159,222,4,11,1,20,18,19,17,14,22,17,14,22,114,26,20,0,1,7,4,4,10,62,47,28,19,87,42,71,249,136,16,31,61,121,246,15,15,15,29,30,29,34,36,32,23,24,25,26,32,28
347,16,0,4,15,21,2,0,48,8,56,48,84,56,249,96,58,5,4,12,11,12,12,46,60,48,46,60,48,65,66,48,15,15,15,4,4,10,2,63,27,25,107,86,123,87,109,12,23,41,78,164,5,11,10,8,8,9,37,3,37,21,26,98,11,41,93
348,53,3,2,4,22,8,10,16,61,4,86,88,113,199,184,8,15,1,11,15,1,20,9,1,50,9,1,50,95,1,30,0,1,7,10,20,6,32,49,54,109,90,48,9,197,189,10,19,34,67,144,8,12,9,11,23,11,12,14,13,4,2,5,213,198,22
349,48,15,6,11,11,0,28,11,41,57,122,75,100,39,212,7,3,0,4,3,0,4,26,0,4,26,105,90,3,0,139,2,5,5,8,19,16,7,51,49,15,111,44,54,7,55,7,12,18,42,92,7,6,7,7,6,8,0,0,1,47,14,26,83,95,181
350,0,1,0,13,5,1,9,45,5,34,108,5,34,125,4,143,1,2,10,14,30,5,10,13,38,10,13,106,233,242,79,6,13,4,2,3,1,3,22,9,27,13,58,234,4,12,3,7,11,25,57,0,0,0,4,3,0,10,2,11,67,97,70,128,115,151
351,7,8,2,4,23,9,8,42,62,52,39,93,120,201,98,213,15,14,11,29,8,27,25,48,39,85,74,113,238,240,249,0,1,7,4,4,10,61,35,39,50,20,45,130,36,200,13,27,51,98,206,8,7,9,30,10,26,47,45,43,38,43,40,94,99,136
352,13,8,2,9,12,4,8,43,45,7,76,73,108,163,75,137,0,14,3,26,13,24,37,20,53,39,80,116,56,236,204,0,1,7,9,1,10,27,46,51,39,125,46,83,55,48,13,25,45,86,181,6,3,8,18,15,13,13,37,34,78,88,53,116,100,107
353,61,5,3,10,19,19,13,36,57,45,36,57,45,50,173,246,14,6,0,23,6,0,12,49,0,12,73,104,16,18,252,10,10,3,12,15,11,14,2,4,103,81,82,7,251,38,4,8,13,29,66,3,9,1,3,4,3,2,5,6,7,4,6,51,56,54
354,17,11,14,5,23,10,4,49,31,26,49,74,64,53,225,144,0,7,3,7,11,7,35,42,8,55,89,94,184,67,97,0,1,7,4,4,10,5,1,37,112,22,76,63,229,20,9,18,30,60,127,4,4,4,20,20,22,49,48,44,120,55,90,102,105,53
355,25,6,11,2,6,30,24,24,23,8,96,107,9,179,255,103,2,6,15,19,15,18,59,63,19,32,91,77,96,222,187,0,1,7,9,7,10,22,60,53,102,115,25,179,40,26,13,25,45,86,182,10,7,1,25,10,23,28,35,28,51,51,44,53,76,166
356,61,5,3,10,19,24,13,58,55,47,91,55,99,118,219,115,14,6,0,23,6,0,12,49,54,80,49,54,167,56,91,10,10,3,27,28,30,56,19,3,68,21,27,34,1,60,4,8,12,27,63,3,9,1,3,4,3,42,42,40,31,29,34,16,15,17
357,39,15,9,11,11,6,23,63,48,50,92,48,88,31,59,104,3,0,4,25,25,23,3,27,29,3,65,29,226,167,134,7,0,10,25,18,8,38,43,34,124,49,76,82,153,203,7,13,19,44,94,7,6,7,19,21,19,6,8,7,5,7,7,12,2,9
358,63,8,2,4,28,9,1,16,44,46,16,3,25,199,216,11,15,14,11,0,20,3,0,9,45,41,109,53,166,43,203,0,1,7,4,1,10,30,52,55,95,120,4,71,160,253,13,27,53,102,214,6,3,8,10,13,14,21,20,25,60,59,62,74,63,117
359,12,13,7,6,27,14,6,25,28,58,88,72,118,164,105,4,13,13,6,16,28,9,13,30,6,94,30,84,13,77,137,0,1,7,1,0,22,57,11,14,59,33,123,233,57,225,11,22,40,76,160,9,8,6,5,5,7,3,6,2,63,37,45,132,186,55
360,40,6,11,2,26,21,0,24,56,26,34,54,26,56,120,121,15,9,11,12,31,24,14,15,10,14,15,10,182,144,169,0,1,7,4,4,10,10,58,4,124,90,76,71,14,97,9,18,32,65,139,13,13,14,26,25,25,23,23,20,6,6,8,228,92,227
361,50,3,0,1,30,13,15,59,49,38,101,86,84,23,68,203,15,14,11,29,31,24,47,58,3,43,125,3,36,196,171,0,1,7,4,4,10,10,58,37,124,90,76,71,160,253,3,7,9,19,45,0,0,6,14,12,17,18,19,50,109,94,113,131,163,214
362,19,14,10,0,14,23,19,34,18,19,34,121,19,180,203,227,10,9,8,12,14,11,14,15,10,14,15,10,18,16,120,11,12,0,26,25,2,52,13,30,4,9,12,2,14,97,6,11,16,32,73,12,10,11,23,18,18,15,15,19,2,3,3,208,92,206
363,22,13,7,9,29,14,14,62,26,15,62,26,119,226,122,70,13,13,6,22,8,22,23,24,28,23,24,28,31,23,24,0,1,7,6,10,9,8,18,20,41,14,80,20,18,82,11,21,38,73,155,9,8,6,27,27,30,39,41,41,33,34,35,10,8,10
364,58,2,9,3,2,28,26,6,31,49,6,56,68,37,26,49,8,10,7,6,7,10,16,34,7,97,34,7,237,138,41,0,1,7,4,4,10,10,1,4,124,90,76,221,103,37,6,11,17,39,86,5,5,5,6,24,6,30,18,24,102,30,85,97,147,73
365,59,11,13,5,8,29,30,31,32,35,65,65,35,24,160,75,7,12,13,21,5,29,28,22,37,28,22,87,22,226,26,9,9,9,5,17,3,23,28,17,23,27,22,185,159,194,14,28,55,107,221,4,4,4,20,20,22,11,17,17,1,5,4,4,7,7
366,30,11,13,5,8,29,3,4,32,3,78,114,127,235,135,195,7,12,13,21,23,29,5,53,20,64,114,20,57,38,237,9,9,9,0,31,15,58,16,62,65,64,91,127,63,23,14,29,56,111,227,4,4,4,2,2,2,29,30,30,3,16,21,40,69,13
367,1,0,4,15,17,2,18,18,36,59,18,119,59,247,204,149,5,4,12,11,12,12,15,38,14,15,38,14,112,147,12,15,15,15,16,30,13,2,63,22,124,57,76,32,160,145,12,23,42,81,171,5,11,10,8,8,9,9,3,15,12,9,13,29,55,93
368,20,1,0,1,30,1,15,59,7,38,59,86,84,73,212,185,12,2,10,31,10,30,20,25,26,20,86,98,26,33,22,6,13,4,2,3,1,29,26,5,90,50,21,160,190,147,3,7,9,18,43,0,0,0,14,12,0,18,19,8,15,18,12,9,11,8
369,16,6,11,2,6,30,24,16,23,46,16,108,106,186,125,76,0,7,3,26,31,24,58,10,27,76,116,27,66,233,77,0,1,7,9,7,10,33,40,60,49,3,96,144,23,42,6,11,17,38,85,6,7,1,25,10,23,46,47,48,39,42,51,117,110,156
370,31,0,4,15,17,2,18,53,36,59,53,90,59,100,142,180,5,4,12,11,12,12,15,38,14,15,38,14,218,19,231,15,15,15,16,30,13,18,17,22,32,62,62,162,108,206,12,23,42,80,169,5,11,10,8,8,9,9,3,15,12,9,13,34,16,18
371,46,12,8,7,15,18,29,32,42,32,64,42,11,11,88,253,4,5,1,5,4,31,38,5,12,113,75,112,4,247,15,3,6,2,31,5,4,21,0,23,114,19,122,184,100,7,1,2,2,4,10,2,2,3,1,1,1,4,4,4,41,25,1,155,134,92
372,42,2,11,9,6,30,24,16,6,7,115,6,66,140,75,41,8,10,7,27,24,6,60,51,19,60,51,19,37,55,49,0,1,7,9,7,24,60,9,36,58,85,57,109,182,83,13,25,45,86,182,10,5,5,6,17,6,36,10,39,51,32,30,112,82,38
373,14,8,2,4,23,4,8,42,3,52,31,87,120,170,119,167,7,12,13,21,5,29,5,53,20,64,114,20,183,171,207,0,1,7,4,4,10,10,58,4,124,34,64,146,191,177,14,29,56,110,226,6,3,8,18,15,14,26,30,30,3,108,53,159,157,125
374,0,3,0,1,30,13,15,23,7,38,73,117,87,143,100,152,12,2,10,31,10,30,53,46,26,53,46,92,143,10,62,6,13,4,2,3,1,54,62,18,98,47,126,141,127,57,3,7,10,21,49,0,0,0,14,12,16,51,51,50,76,84,79,100,84,80
375,20,6,11,2,26,30,24,16,23,46,16,108,46,59,124,102,0,7,3,26,31,24,58,63,27,76,116,27,66,233,77,0,1,7,9,7,10,33,40,60,49,3,15,144,23,42,6,11,17,38,85,6,7,1,25,10,23,46,47,48,39,42,97,113,122,129
376,24,4,14,3,31,7,4,38,59,23,116,59,70,176,6,59,8,15,14,18,16,13,18,17,16,18,17,16,14,14,13,5,3,6,23,6,20,25,30,7,21,25,53,108,91,142,9,17,27,55,118,14,14,12,28,28,27,31,34,29,13,11,14,1,1,1
377,32,6,11,2,20,12,11,19,17,22,19,17,117,82,94,29,2,6,15,2,15,18,2,44,46,2,44,46,100,4,27,13,14,13,11,21,21,40,33,31,60,117,30,241,228,25,6,10,15,31,72,3,7,1,13,14,15,16,16,12,9,8,9,2,4,30
378,21,9,8,12,13,27,12,30,24,53,123,85,53,141,87,189,4,5,1,5,4,31,6,23,36,6,82,36,248,255,178,3,6,2,15,2,28,1,12,50,37,42,26,67,34,220,1,1,1,1,1,2,2,3,12,9,12,8,12,14,19,15,22,95,23,33
379,59,11,13,5,8,29,3,4,32,3,78,114,127,235,135,144,7,12,13,21,23,29,5,53,20,64,114,20,57,38,237,9,9,9,0,31,15,58,16,62,65,64,91,216,78,23,14,28,55,109,224,4,4,4,2,2,2,29,30,30,3,16,21,40,69,13
380,15,1,1,13,5,25,9,45,19,37,126,91,112,218,78,196,12,2,10,14,30,5,63,13,38,63,90,38,141,185,4,6,13,4,2,3,1,3,22,9,27,13,58,121,62,112,3,6,8,17,41,0,0,0,4,3,0,20,2,0,96,89,88,162,112,86
381,5,6,11,2,6,30,24,24,23,8,96,23,20,165,12,208,2,6,15,19,15,18,32,16,15,98,16,111,103,180,232,0,1,7,9,4,10,10,58,4,115,121,90,71,21,253,6,11,16,33,76,3,7,1,25,10,23,44,35,28,65,65,89,111,86,99
382,33,5,3,10,19,19,13,41,57,45,41,57,45,3,173,25,14,6,0,23,6,0,12,49,0,12,73,0,70,172,0,10,10,3,12,15,11,14,2,4,8,38,0,0,120,34,4,8,13,29,67,3,9,1,3,4,3,2,5,6,7,4,6,89,67,32
383,24,4,14,3,31,7,4,38,52,23,116,52,70,128,127,240,8,15,14,18,16,13,18,17,16,18,17,16,14,14,13,5,3,6,23,6,20,25,30,7,21,106,52,108,91,142,9,17,27,55,118,14,14,12,28,28,27,31,34,29,13,11,14,1,1,1
384,25,7,14,3,25,3,4,55,29,26,55,100,26,246,182,32,6,3,2,10,17,21,33,39,34,33,39,34,252,135,141,12,8,1,7,9,14,5,1,37,31,22,76,55,82,32,9,18,30,60,128,1,1,2,0,0,4,52,9,9,40,113,38,243,202,201
385,45,10,5,8,4,26,7,57,13,44,117,13,44,240,223,22,6,3,2,30,3,2,4,52,9,92,52,68,63,17,220,12,8,1,18,27,18,31,4,58,5,24,56,182,16,84,16,32,63,124,251,1,1,2,0,0,5,24,22,21,17,27,15,15,19,19
386,53,8,2,9,12,4,8,43,45,33,83,45,33,170,72,216,0,7,3,26,13,24,37,20,53,37,121,25,207,148,150,0,1,7,9,1,10,33,40,60,124,90,76,71,214,253,13,24,43,83,175,6,3,8,18,15,13,13,31,16,25,49,53,159,170,141
387,57,10,12,8,4,26,7,9,38,27,121,67,27,190,111,39,6,3,2,24,3,28,27,31,40,102,107,40,107,52,118,8,2,12,4,4,10,10,58,4,124,90,76,71,192,253,16,32,64,125,253,1,1,2,15,11,5,26,27,33,74,23,24,240,152,48
388,60,13,7,14,3,15,27,3,35,17,3,35,17,129,220,12,11,8,9,9,9,8,8,7,11,8,7,11,8,8,243,4,4,8,21,11,0,39,32,10,20,18,50,17,5,33,5,9,14,30,70,13,13,14,26,25,25,23,23,20,6,6,8,0,0,0
389,28,12,8,7,13,27,12,30,20,61,30,20,61,34,164,139,4,5,1,5,4,15,21,50,62,103,50,62,210,96,213,3,6,2,15,2,28,1,25,29,118,93,98,14,83,16,1,2,4,8,22,2,2,3,12,9,12,33,28,38,8,20,10,54,50,24
390,53,8,15,4,10,17,16,40,31,14,40,50,14,103,225,165,0,7,3,26,11,24,31,26,30,71,84,93,101,99,124,0,1,7,4,4,10,5,1,37,124,90,76,63,170,253,9,18,30,58,124,4,4,4,2,2,2,49,57,44,65,123,121,224,191,189
391,59,11,13,5,8,29,3,4,50,3,104,114,127,84,157,203,7,12,13,7,23,7,5,53,20,64,114,20,177,113,53,9,9,9,0,31,15,58,16,62,0,56,64,157,141,91,14,29,56,111,228,4,4,4,2,2,2,5,30,30,3,16,21,40,14,60
392,8,12,8,7,15,18,12,32,16,32,64,24,11,181,40,30,4,5,1,5,4,31,6,23,36,6,82,36,236,134,254,3,6,2,31,5,4,1,58,4,124,19,122,248,220,125,1,2,2,4,6,2,2,3,1,9,1,33,28,38,8,25,77,118,166,209
393,25,6,11,2,6,30,0,24,23,36,89,70,36,85,169,112,2,6,15,19,15,18,59,16,15,54,16,15,126,72,181,0,1,7,9,4,10,55,15,24,69,29,47,63,201,90,6,11,16,35,79,3,7,1,13,14,15,28,44,53,52,57,48,50,52,62
394,15,1,0,13,1,22,17,1,11,10,1,112,107,218,41,61,1,2,10,1,2,25,1,2,17,105,2,17,1,109,208,6,13,4,30,13,23,19,14,41,81,86,124,79,17,111,3,4,6,11,28,0,0,0,9,7,10,1,1,3,55,100,2,35,45,112
395,60,13,7,14,3,15,27,3,35,17,3,35,17,172,202,77,11,8,9,9,9,8,8,7,11,8,7,11,8,8,209,4,4,8,21,11,0,13,6,21,43,23,69,38,187,9,5,9,14,30,68,13,13,14,26,25,25,23,23,20,6,6,8,0,0,0
396,51,12,8,7,15,18,29,32,42,32,87,42,32,215,88,109,4,5,1,5,4,31,38,5,12,113,75,112,4,145,60,3,6,2,31,5,4,48,21,6,30,19,127,33,234,174,1,2,2,5,14,2,2,3,1,1,1,4,4,4,41,120,1,45,9,149
397,39,15,9,11,11,6,23,63,48,29,63,48,88,80,82,17,3,0,4,25,25,23,3,27,29,3,65,29,226,167,134,7,0,10,25,18,8,9,53,26,54,63,11,24,19,70,7,13,19,44,94,7,6,7,19,21,19,6,8,7,5,7,7,31,2,29
398,6,11,15,5,10,17,16,52,25,14,119,115,122,217,193,241,7,12,13,7,23,7,55,3,61,5,115,88,7,164,8,9,9,9,0,31,15,15,50,19,96,103,29,193,2,157,13,26,50,97,203,4,4,4,2,2,2,5,7,5,11,19,28,141,71,94
399,34,3,2,4,22,8,10,8,43,4,86,88,4,117,183,81,15,1,11,15,1,20,9,1,50,9,1,50,175,1,115,0,1,7,10,20,6,32,49,54,33,75,113,59,212,116,10,19,33,66,142,8,12,9,11,23,11,12,14,13,4,2,5,14,73,39
400,63,3,2,4,23,21,1,42,62,55,8,34,116,4,74,74,15,14,11,29,29,27,30,33,32,96,126,45,160,31,37,0,1,7,4,4,10,5,1,37,121,100,8,219,136,21,13,27,54,103,215,6,10,5,24,26,17,56,50,45,68,67,67,80,176,154
401,18,6,11,2,6,30,4,49,56,26,71,97,26,86,25,27,8,10,7,6,7,10,48,8,56,48,8,89,55,219,67,0,1,7,4,4,10,5,58,37,124,90,76,71,80,19,9,15,25,53,112,3,5,5,16,19,12,43,62,47,53,124,122,246,214,217
402,22,3,9,9,26,9,14,10,49,9,10,126,97,103,181,113,0,7,3,26,31,22,50,54,51,84,54,82,156,35,114,0,1,7,4,4,10,10,23,4,113,37,37,44,28,73,7,13,21,48,99,0,7,6,31,29,28,48,49,49,91,101,114,170,172,187
403,14,7,5,8,25,3,16,7,56,2,109,100,2,92,182,88,6,3,2,10,17,21,33,39,34,33,39,34,252,135,141,12,8,1,7,9,14,35,31,2,117,101,108,165,192,100,15,30,60,118,242,1,1,2,0,0,4,22,9,9,43,39,38,42,241,45
404,46,9,8,7,13,27,12,27,24,60,64,24,60,142,87,189,4,5,1,5,4,31,6,23,36,6,82,36,170,134,178,3,6,2,31,5,4,21,12,50,37,42,26,15,155,205,1,2,3,6,17,2,2,3,12,1,1,8,12,14,110,25,83,152,155,139
405,23,7,5,8,25,3,2,55,29,21,97,29,21,43,207,140,6,3,2,10,17,21,33,39,60,79,72,123,251,205,127,12,8,1,7,9,14,59,44,63,106,36,78,71,160,253,15,30,58,116,238,1,1,2,0,0,4,50,9,9,62,62,31,55,61,58
406,46,1,0,13,1,22,17,1,11,10,1,106,10,214,112,148,1,2,10,1,2,25,1,2,17,105,2,17,204,211,113,6,13,4,30,13,23,19,14,41,81,86,124,222,17,185,3,4,6,11,28,0,0,0,9,7,10,1,1,3,55,100,69,35,45,103
407,22,3,7,14,26,15,14,5,14,9,5,36,94,5,42,63,0,7,3,26,31,22,43,54,51,84,54,82,156,35,114,0,1,7,4,4,10,10,58,4,124,90,76,174,6,54,6,11,16,34,77,13,13,14,26,25,25,23,23,20,6,6,8,198,182,119
408,11,1,1,13,5,25,9,45,1,18,126,1,112,17,24,51,12,2,10,14,30,5,63,13,38,63,90,38,53,185,225,6,13,4,2,3,1,3,22,9,27,13,58,121,62,112,3,6,8,17,41,0,0,0,4,3,0,7,2,0,96,89,88,162,112,86
409,13,2,14,3,28,9,1,54,44,63,54,126,69,178,19,230,8,10,7,27,24,6,56,18,41,56,123,127,102,91,145,15,15,15,4,4,10,10,58,4,53,123,125,80,51,154,9,18,32,62,131,10,5,5,16,19,24,19,21,18,49,53,50,104,140,130
410,51,12,8,7,15,18,12,27,16,32,64,24,73,134,131,118,4,5,1,5,4,15,21,5,12,113,62,12,124,39,200,3,6,2,31,5,4,21,0,23,7,60,5,139,64,239,1,2,3,6,15,2,2,3,1,1,1,4,4,4,41,25,1,96,20,37
411,28,12,14,3,23,21,4,49,20,61,30,20,61,112,83,3,0,7,3,26,31,24,31,26,43,88,103,67,106,225,65,0,1,7,4,4,10,5,1,37,75,72,92,198,138,163,9,18,30,59,126,7,2,12,24,24,12,50,48,44,102,74,85,175,159,113
412,26,5,3,10,19,19,13,36,57,45,36,57,45,50,11,246,14,6,0,23,6,0,12,49,0,12,73,104,235,18,69,10,10,3,12,15,11,14,2,4,103,81,82,7,251,38,4,8,13,29,66,3,9,1,3,4,3,2,5,6,7,4,6,51,56,54
413,25,6,11,2,6,30,0,36,56,16,71,70,16,237,187,161,2,6,15,2,15,18,52,4,15,108,79,73,190,86,86,10,10,3,12,15,11,14,2,4,94,96,101,28,180,79,9,18,31,61,130,3,9,1,3,4,3,2,58,52,93,98,100,114,120,108
414,44,10,5,8,4,26,7,57,13,44,117,13,44,240,223,123,6,3,2,30,3,2,4,52,9,92,52,68,63,17,220,12,8,1,18,27,18,31,4,58,5,24,56,182,16,84,16,32,63,124,251,1,1,2,0,0,5,24,22,21,17,27,15,15,19,19
415,58,2,9,3,2,28,26,15,54,49,15,89,69,178,141,15,8,10,7,6,7,10,56,35,41,7,70,56,232,159,198,15,15,15,4,29,31,36,1,0,119,6,13,8,177,49,9,15,23,50,106,5,5,5,6,24,6,30,18,18,49,53,50,69,74,79
416,61,5,3,10,19,19,13,41,57,45,26,57,47,50,173,25,14,6,0,23,6,0,12,49,0,12,73,0,142,192,218,10,10,3,12,15,11,14,2,4,124,90,38,97,150,98,4,8,13,29,65,3,9,1,3,4,3,2,5,6,31,29,34,187,15,17
417,22,2,9,3,26,13,14,10,49,9,10,49,49,186,81,235,0,7,3,26,31,24,50,54,51,50,54,51,47,90,39,0,1,7,4,4,10,33,23,60,76,41,112,6,81,150,7,13,21,47,97,0,0,6,25,29,28,48,49,49,92,86,106,133,108,162
418,32,6,11,2,20,12,11,19,17,22,19,17,22,126,205,100,2,6,15,2,15,18,2,44,46,2,44,46,192,173,27,13,14,13,11,21,21,40,33,31,60,117,30,241,228,25,6,10,15,31,72,3,7,1,13,14,15,16,16,12,9,8,9,2,4,12
419,3,1,1,13,5,1,9,45,5,18,112,5,76,120,4,23,12,2,10,14,30,5,63,13,38,63,90,38,109,242,79,6,13,4,2,3,1,3,22,9,27,13,58,206,204,14,3,7,11,25,57,0,0,0,4,3,0,20,2,0,67,81,64,215,51,151
420,61,5,3,10,19,24,13,58,55,47,91,55,99,118,219,115,14,6,0,23,6,0,12,49,54,80,49,54,167,56,91,10,10,3,27,28,30,56,19,3,68,21,27,34,1,60,4,8,12,27,63,3,9,1,3,4,3,42,42,40,31,29,34,16,15,17
421,59,11,13,5,8,29,30,31,15,35,65,65,35,131,162,200,7,12,13,21,5,29,28,22,37,28,22,87,22,226,26,9,9,9,5,17,3,23,28,17,23,27,22,30,13,1,14,28,55,107,222,4,4,4,20,20,22,11,17,17,1,5,4,4,7,7
422,30,11,13,5,8,29,3,4,50,3,78,114,85,189,135,13,7,12,13,7,23,7,5,53,20,64,114,20,177,38,53,9,9,9,0,31,15,58,16,62,48,30,68,203,142,94,14,29,56,111,228,4,4,4,2,2,2,29,30,30,3,16,21,36,14,13
423,4,9,8,12,15,18,29,46,42,60,46,42,67,105,230,107,4,5,1,5,4,31,38,62,55,38,23,55,121,29,212,3,6,2,31,5,4,48,21,6,30,94,127,22,215,93,1,2,2,4,11,2,2,3,1,1,1,14,24,22,16,10,19,25,9,36
424,53,3,2,1,23,21,15,42,62,55,49,83,84,101,99,129,13,13,6,16,28,9,13,12,6,104,69,96,58,76,221,0,1,7,1,0,22,5,1,37,31,76,76,122,205,41,9,18,30,60,128,9,8,6,5,5,7,43,39,35,59,58,55,30,40,42
425,23,7,5,3,25,3,2,55,29,2,109,100,90,238,23,210,6,3,2,10,17,21,33,39,60,67,39,123,223,57,5,12,8,1,7,9,14,35,31,2,34,53,94,154,171,92,9,18,32,64,137,1,1,2,0,24,4,17,9,10,98,112,63,110,118,97
426,38,3,2,1,30,13,15,59,7,1,73,117,87,143,100,152,12,2,10,31,10,30,53,46,26,53,46,92,52,10,62,0,1,7,2,3,1,54,62,18,98,47,126,141,127,57,3,7,10,21,49,7,0,7,14,12,16,51,51,50,76,84,79,100,84,80
427,19,14,10,0,14,23,19,21,18,19,102,18,19,89,38,26,10,9,8,12,14,11,14,15,10,14,64,10,18,16,120,11,12,0,26,25,2,52,13,30,4,9,12,209,206,207,8,14,22,49,103,12,10,11,23,18,18,15,15,19,2,3,3,8,13,6
428,7,10,12,8,4,26,7,57,13,44,57,67,44,63,206,123,6,3,2,30,3,2,4,52,9,92,52,68,63,17,220,12,8,1,18,27,18,31,4,58,56,24,61,165,102,52,16,32,63,124,251,1,1,2,0,0,5,24,22,21,17,54,15,49,77,88
429,0,3,0,1,30,1,15,59,7,38,23,7,84,10,179,129,12,2,10,31,10,30,20,25,26,20,86,98,26,33,22,6,13,4,2,3,1,29,26,5,90,50,21,88,93,71,3,7,9,19,45,0,0,0,14,12,0,18,19,8,15,18,12,9,11,8
430,34,8,2,4,28,8,1,12,61,4,25,61,4,207,110,159,15,14,11,29,29,27,30,33,32,77,93,125,208,65,89,0,1,7,4,20,10,4,27,38,67,105,87,137,186,80,10,19,34,67,143,8,12,9,11,13,11,40,38,36,61,38,47,63,44,67
431,55,1,1,13,7,25,5,29,22,48,106,19,48,145,35,130,12,2,10,14,21,17,29,61,35,29,61,35,38,71,42,6,13,4,29,24,27,47,55,15,14,58,115,99,143,134,3,5,7,13,33,0,0,0,22,3,16,27,29,26,30,31,29,6,6,5
432,28,9,8,7,13,27,12,30,20,60,30,20,60,34,95,163,4,5,1,5,4,31,6,23,36,6,82,36,29,5,178,3,6,2,15,2,28,1,12,50,37,42,26,71,195,16,1,2,4,8,22,2,2,3,12,9,12,8,12,14,8,123,22,191,246,14
433,10,1,1,13,5,25,9,45,19,18,112,1,112,120,35,35,12,2,10,14,30,5,63,13,38,63,90,38,53,185,244,6,13,4,2,3,1,3,22,9,111,13,18,71,160,253,3,6,8,15,36,0,0,0,4,3,0,7,2,0,27,92,23,37,137,128
434,43,10,12,7,24,20,29,28,39,13,111,39,72,161,159,53,4,11,1,20,18,19,17,14,22,17,14,22,114,26,20,14,11,14,14,12,7,62,47,28,19,87,42,155,158,136,16,31,61,121,246,15,15,15,29,30,29,34,36,32,23,24,25,26,32,28
435,41,1,0,13,1,22,17,1,11,10,69,112,107,197,44,148,1,2,10,1,2,25,1,2,17,105,2,17,209,229,59,6,13,4,30,13,23,19,14,41,1,102,95,75,200,214,3,4,6,10,26,0,0,0,9,7,10,1,1,3,44,0,2,62,17,41
436,58,2,9,3,2,28,26,6,54,49,6,89,101,58,197,15,8,10,7,6,7,10,7,34,7,68,87,7,34,7,85,15,15,15,4,29,31,36,1,0,97,15,103,50,242,95,9,15,23,50,105,5,5,5,6,24,6,30,18,24,24,30,20,24,24,21
437,45,7,5,8,25,3,2,37,2,21,97,111,75,46,2,101,6,3,2,10,17,21,34,55,31,34,6,95,254,118,58,12,8,1,7,9,14,17,37,1,18,1,16,183,126,233,15,30,59,117,239,1,1,2,0,0,4,17,13,10,14,12,11,98,111,135
438,49,8,15,9,12,4,8,43,45,33,51,45,33,57,139,21,0,7,3,4,19,16,19,45,47,19,45,47,54,78,107,0,1,7,9,1,10,33,40,60,84,89,105,42,43,115,13,25,46,88,184,6,3,8,18,15,13,13,31,16,25,49,41,67,63,89
439,10,1,1,13,7,25,5,29,22,48,29,19,48,145,35,130,12,2,10,14,21,17,29,61,35,29,61,35,38,71,42,6,13,4,29,24,27,47,55,15,14,58,115,166,143,134,3,5,7,13,33,0,0,0,22,3,16,27,29,26,30,31,29,6,6,5
440,12,13,7,6,27,14,6,42,62,58,118,62,118,101,99,56,13,13,6,16,28,9,13,12,6,104,69,96,58,76,221,0,1,7,1,0,22,26,29,48,44,76,79,122,205,41,11,22,39,75,159,9,8,6,5,5,7,3,6,2,59,58,55,30,40,42
441,2,14,10,4,22,8,10,8,43,62,86,88,103,196,183,8,15,1,11,15,1,20,9,1,50,9,1,50,95,1,30,0,1,7,10,20,6,32,49,54,109,75,48,9,197,216,10,19,34,68,145,8,12,9,11,23,11,12,14,13,4,2,5,202,72,22
442,8,12,8,7,15,18,12,32,20,61,32,16,61,203,164,248,4,5,1,5,4,15,21,50,62,103,92,62,137,207,50,3,6,2,15,2,28,1,25,29,122,8,71,207,111,218,1,2,4,8,20,2,2,3,1,9,1,33,28,38,8,20,10,56,107,24
443,3,3,7,6,30,13,6,23,60,58,74,60,118,151,150,238,13,13,6,22,8,22,51,30,24,93,48,118,123,53,44,0,1,7,4,4,10,57,11,14,124,90,76,204,11,255,13,27,52,100,208,9,8,6,5,5,7,38,32,54,122,121,73,202,121,213
444,49,0,15,9,12,4,8,43,45,33,51,45,33,71,70,114,0,7,3,4,19,16,19,45,47,19,45,47,234,78,73,0,1,7,9,1,10,10,58,4,84,89,105,124,20,117,13,27,52,101,210,1,3,8,18,15,13,13,31,16,34,13,39,67,156,190
445,28,2,9,3,2,28,26,6,54,49,6,125,101,135,197,78,8,10,7,6,7,10,16,34,7,97,34,103,120,100,130,0,1,7,4,4,10,36,1,0,124,90,8,221,103,37,9,15,23,50,104,5,5,5,6,24,6,30,18,24,68,67,67,182,70,105
446,27,9,8,7,15,18,12,46,42,60,46,42,60,119,95,65,4,5,1,5,4,15,21,50,62,103,92,62,60,207,123,3,6,2,31,5,4,1,25,29,118,93,100,103,252,151,1,1,1,1,2,2,2,3,1,1,1,14,24,22,8,95,10,54,150,134
447,51,9,8,12,13,27,12,27,24,60,123,85,92,141,236,87,4,5,1,5,4,15,21,5,12,113,62,12,4,204,60,3,6,2,31,5,4,21,0,23,55,127,5,255,217,246,1,2,3,6,16,2,2,3,1,1,1,4,4,4,86,52,1,61,205,75
448,61,5,3,10,19,19,13,41,27,45,41,57,45,182,248,25,14,6,0,23,6,0,12,49,0,12,73,0,235,172,69,10,10,3,12,15,11,14,2,4,8,38,0,125,147,167,4,8,13,29,67,3,9,1,3,4,3,2,5,6,7,4,6,59,27,32
449,51,12,8,7,15,18,12,32,16,61,32,16,61,203,64,248,4,5,1,5,4,15,21,50,62,103,92,62,249,207,50,3,6,2,31,5,4,1,25,29,122,8,71,207,111,218,1,2,4,8,20,2,2,3,1,9,1,33,28,38,8,20,10,56,107,24
450,48,15,6,11,11,5,28,22,9,30,67,9,100,206,231,147,3,0,4,3,0,4,26,0,4,106,0,90,3,0,139,2,5,5,8,19,16,7,51,49,15,111,44,54,60,55,7,12,18,42,92,7,6,7,7,6,8,0,0,1,26,14,26,136,49,23
451,45,10,5,8,4,26,7,57,13,44,57,67,44,8,206,18,6,3,2,30,3,2,4,52,9,92,52,68,63,17,220,12,8,1,18,27,18,17,4,1,56,4,61,136,102,52,16,32,63,124,251,1,1,2,0,0,5,24,22,21,17,54,15,49,77,88
452,38,14,10,1,30,1,15,59,7,38,8,86,84,180,101,129,15,14,11,26,31,24,47,58,59,78,100,59,86,161,128,0,1,7,4,4,10,52,13,30,4,9,12,2,160,253,3,7,11,26,60,12,10,11,23,18,18,15,15,19,2,3,3,8,92,220
453,41,1,0,13,1,22,17,1,11,10,69,112,107,197,41,148,1,2,10,1,2,25,1,2,17,105,2,17,209,229,59,6,13,4,30,13,23,19,14,41,1,102,95,75,200,214,3,4,6,10,26,0,0,0,9,7,10,1,1,3,44,0,2,62,17,41
454,29,2,9,3,2,28,26,2,34,49,114,113,89,2,197,19,8,10,7,6,7,10,48,8,56,48,8,89,55,219,67,15,15,15,13,29,31,37,41,42,16,80,116,71,99,253,9,15,23,50,105,5,5,5,6,17,6,32,10,31,36,35,36,13,12,15
455,15,9,8,12,13,27,12,20,20,61,20,85,61,34,33,111,4,5,1,5,4,15,21,50,62,103,50,62,137,96,50,3,6,2,15,4,28,1,25,29,122,8,98,71,83,16,1,2,4,8,20,2,2,3,1,9,1,33,28,38,8,20,10,118,107,24
456,33,5,3,10,19,19,13,36,57,43,58,57,43,36,173,10,14,6,0,23,6,0,12,49,0,12,73,104,235,18,69,10,10,3,12,15,11,14,2,4,8,38,38,71,160,253,4,8,13,29,67,3,9,1,3,4,3,2,5,6,7,4,6,193,67,68
457,13,8,2,9,28,9,1,12,3,52,76,103,86,162,149,137,15,14,11,0,13,3,39,20,53,39,80,116,56,236,158,0,1,7,4,1,10,27,46,51,39,125,46,83,55,48,13,27,54,106,219,6,3,8,10,15,14,57,37,34,78,88,53,116,100,107
458,15,1,1,13,5,25,9,45,1,18,112,1,112,120,112,221,12,2,10,14,30,5,63,13,38,63,90,38,53,95,186,6,13,4,2,3,1,3,22,9,17,13,107,16,204,17,3,6,8,17,42,0,0,0,4,3,0,7,2,0,22,92,23,221,210,210
459,54,3,10,4,22,8,10,8,43,62,86,43,113,196,130,81,15,1,11,15,1,20,9,1,50,9,1,50,175,1,115,0,1,7,10,20,6,32,49,54,109,75,48,59,236,116,10,19,34,68,145,8,12,9,11,23,11,12,14,13,4,2,5,14,72,22
460,58,2,14,3,2,28,26,6,54,49,6,125,101,156,76,32,8,10,7,26,31,24,16,58,3,62,43,103,120,165,185,0,1,7,4,4,10,5,1,37,31,22,76,221,82,32,9,18,32,63,136,5,5,5,6,24,6,52,18,24,108,71,74,139,143,138
461,36,3,2,4,9,13,10,5,12,9,5,36,94,38,57,55,12,2,10,31,10,30,53,46,26,90,68,26,229,201,103,0,1,7,20,20,25,49,38,56,123,73,70,208,254,68,10,20,37,72,152,8,12,9,17,16,20,45,26,42,95,107,112,171,162,155
462,38,8,12,15,12,4,21,42,40,59,113,93,120,205,21,5,6,3,2,4,27,16,44,29,47,44,29,2,151,74,16,8,2,12,4,4,10,10,58,4,124,90,76,71,160,253,13,24,44,85,179,1,11,10,8,11,9,37,25,16,34,108,39,21,30,31
463,27,14,14,3,2,0,4,60,0,57,122,98,57,246,182,2,8,10,7,6,7,10,36,35,63,114,119,108,10,136,76,0,1,7,4,4,10,10,58,4,15,111,76,202,213,227,9,18,32,63,132,7,6,7,7,6,8,15,52,62,126,105,124,227,220,219
464,4,3,2,9,24,20,29,44,12,11,10,12,39,224,240,50,4,11,1,20,18,19,17,14,22,17,14,22,114,26,20,0,1,7,20,20,25,10,58,4,124,97,36,71,160,54,10,20,35,70,148,8,15,9,29,30,29,34,26,32,50,40,25,231,174,243
465,31,0,4,15,17,2,18,53,36,59,120,90,40,62,163,171,5,4,12,11,12,12,15,38,14,15,38,14,112,147,12,15,15,15,16,30,13,18,17,22,85,62,62,31,219,152,12,23,42,81,171,5,11,10,8,8,9,9,3,15,12,9,13,29,16,18
466,55,1,1,13,5,25,9,60,41,57,101,91,57,13,46,160,1,2,10,31,10,17,10,46,49,110,88,92,188,130,162,6,13,4,4,4,10,10,58,4,124,111,122,248,220,3,3,7,11,25,57,0,0,0,7,6,16,27,29,50,109,103,101,247,178,176
467,63,14,2,4,23,21,10,42,44,55,8,3,113,4,241,74,15,14,11,29,29,27,25,48,39,85,126,113,238,240,249,0,1,7,4,4,10,61,35,39,50,20,45,130,36,200,13,27,51,98,206,8,7,9,30,10,26,47,45,43,38,43,40,94,99,136
468,54,6,7,3,26,28,14,15,14,26,103,109,24,75,195,217,2,6,15,2,15,18,57,36,44,57,36,44,49,50,43,0,1,7,4,4,10,10,58,4,13,52,51,26,45,28,13,27,54,105,217,13,13,14,26,25,25,57,60,63,119,115,111,185,173,177
469,18,14,14,3,23,21,6,42,33,55,42,33,125,137,108,74,8,10,7,6,31,10,36,35,63,36,119,108,10,208,192,0,1,7,4,4,10,10,58,4,124,90,76,71,160,253,3,7,11,23,52,5,10,11,23,18,18,36,15,19,29,32,30,249,244,154
470,13,8,2,4,23,4,8,42,3,52,113,103,120,205,168,95,15,14,11,0,20,3,39,47,13,118,47,13,79,12,190,0,1,7,4,1,10,63,61,35,40,28,1,242,243,178,13,24,44,85,179,6,3,8,10,15,14,41,33,46,57,48,61,85,116,218
471,46,12,8,7,15,18,12,32,20,61,32,16,61,34,164,111,4,5,1,5,4,15,21,50,62,103,92,62,137,207,50,3,6,2,15,2,28,1,25,29,122,8,71,71,83,16,1,2,4,8,20,2,2,3,1,9,1,33,28,38,8,20,10,118,107,24
472,26,6,11,2,20,12,11,19,4,22,19,108,22,72,125,76,2,6,15,2,15,18,2,44,46,2,44,109,192,173,148,13,14,13,11,21,21,40,33,31,115,121,15,144,23,42,6,11,17,38,85,3,7,1,13,14,15,16,16,12,9,8,9,2,4,12
473,17,11,13,5,8,29,30,31,32,35,98,32,14,223,43,127,7,12,13,21,5,29,5,53,20,127,53,37,164,234,132,9,9,9,0,31,15,15,50,19,82,71,118,216,229,20,14,28,55,109,224,4,4,4,20,20,22,11,48,17,1,55,4,102,105,53
474,23,7,5,8,25,3,2,55,29,27,55,29,21,90,50,237,6,3,2,10,17,21,33,39,60,79,72,123,133,125,127,0,1,7,4,4,10,59,44,63,106,36,78,116,77,219,11,22,40,77,161,1,1,2,0,0,4,50,9,9,62,62,31,55,61,58
475,59,11,13,5,8,10,3,4,50,3,78,114,127,235,135,203,7,12,13,21,23,29,5,53,20,64,114,20,57,38,237,9,9,9,0,31,15,58,16,62,65,64,91,167,78,23,14,29,56,111,227,4,4,4,2,2,2,29,30,30,3,16,21,40,69,125
476,31,0,4,15,21,2,18,18,36,59,18,93,59,247,21,119,5,4,12,11,12,12,46,60,48,100,127,48,247,162,174,15,15,15,16,30,13,50,39,27,110,59,60,39,244,102,12,23,41,79,166,5,11,10,8,8,9,37,3,37,21,26,33,11,55,72
477,34,3,2,4,9,8,10,5,61,4,86,82,4,248,172,215,15,14,11,29,29,27,30,33,32,77,93,125,30,206,170,0,1,7,10,20,6,4,27,38,67,105,87,129,92,188,10,19,34,67,144,8,12,9,11,13,11,40,38,36,48,38,47,63,44,133
478,37,7,5,3,25,3,2,7,2,2,109,100,2,92,120,79,6,3,2,10,17,21,33,39,34,33,39,34,108,6,141,12,8,1,7,9,14,35,31,2,117,101,108,43,106,69,15,30,60,118,242,1,1,2,0,0,4,22,9,9,43,39,38,42,22,45
479,1,11,15,3,10,9,16,14,10,52,40,119,52,171,98,78,15,14,11,26,31,24,62,43,42,70,67,42,246,88,179,0,1,7,4,4,10,5,1,37,107,57,109,93,84,145,13,26,49,93,194,4,10,11,8,18,18,59,54,58,80,80,59,119,102,100
480,34,3,2,4,9,8,10,8,61,4,86,82,4,248,172,91,15,14,11,29,29,27,30,33,32,77,93,125,71,206,170,0,1,7,10,20,6,4,27,38,67,105,87,129,92,188,10,19,34,67,144,8,12,9,11,13,11,40,38,36,48,38,47,63,44,133
481,5,6,11,2,6,30,24,49,23,36,71,97,36,36,169,64,2,6,15,19,15,18,54,16,15,54,85,99,88,153,95,0,1,7,4,4,10,5,1,37,69,29,47,91,137,75,9,18,31,61,129,3,10,1,25,10,17,53,43,52,70,70,65,92,101,115
482,13,3,2,4,28,9,1,12,61,63,25,61,4,98,110,170,15,14,11,0,20,3,30,9,45,96,33,32,33,198,230,0,1,7,4,1,10,4,27,38,67,105,87,137,186,80,13,27,54,106,220,8,3,8,10,13,11,40,38,36,61,38,47,63,44,67
483,50,3,9,4,28,9,1,10,49,9,101,92,49,87,98,199,0,7,3,26,31,24,50,10,27,50,125,51,47,90,39,0,1,7,4,4,10,10,58,4,124,90,76,224,225,54,6,11,16,34,77,6,10,6,31,29,28,48,49,49,92,101,81,119,102,167
484,21,9,8,12,13,27,20,30,24,53,61,87,111,193,192,99,4,5,1,5,4,31,6,23,36,6,82,1,248,255,178,3,6,2,15,2,28,1,12,50,40,42,26,201,163,213,1,1,1,3,5,2,2,3,12,9,12,8,12,14,19,15,32,33,151,33
485,6,8,11,9,12,4,8,24,45,33,96,87,9,208,72,209,4,11,1,28,4,1,61,37,1,61,102,1,85,41,1,0,1,7,4,4,10,5,58,37,124,28,76,71,82,32,1,2,2,4,7,2,2,3,12,9,12,41,35,47,53,104,53,204,228,109
486,21,9,8,12,13,27,12,30,24,53,123,85,53,193,87,189,4,5,1,5,4,31,6,23,36,6,82,36,248,255,178,3,6,2,15,2,28,1,12,50,37,42,26,67,34,220,1,1,1,1,1,2,2,3,12,9,12,8,12,14,19,15,22,43,23,14
487,50,15,6,11,11,0,28,11,41,57,11,75,57,27,56,7,3,0,4,3,0,4,26,0,4,26,105,90,111,199,139,2,5,5,8,19,16,7,51,49,15,111,44,54,7,55,3,7,11,26,62,7,6,7,7,6,8,0,0,1,47,28,16,138,95,127
488,38,8,15,9,12,4,8,20,45,33,51,45,33,61,70,114,0,7,3,4,19,16,19,45,47,19,45,47,234,78,73,0,1,7,9,1,10,10,58,4,116,70,104,124,20,117,13,27,52,101,210,1,3,8,18,15,13,13,31,16,34,13,39,67,156,179
489,54,13,7,9,29,14,14,62,63,15,5,99,15,5,36,63,13,13,6,22,8,22,23,24,28,23,24,28,31,23,24,0,1,7,4,4,10,10,58,4,28,74,32,104,237,78,11,21,38,74,158,9,8,6,27,27,30,39,41,41,33,34,35,10,8,82
490,19,14,10,0,14,23,19,34,18,19,102,118,19,9,38,26,10,9,8,12,14,11,14,15,10,14,64,10,18,16,120,11,12,0,26,25,2,52,13,30,4,9,12,2,24,2,8,14,22,49,103,12,10,11,23,18,18,15,15,19,2,3,3,8,13,6
491,27,7,5,8,25,3,2,55,29,2,55,71,123,253,182,88,6,3,2,10,17,21,33,39,60,79,72,75,40,63,239,12,8,1,7,9,14,59,44,47,45,114,17,111,44,123,15,30,58,115,235,1,1,2,0,0,4,22,9,9,54,56,31,60,42,46
492,39,15,9,11,11,6,23,50,46,24,13,46,71,194,129,166,3,0,4,25,25,23,3,27,29,3,113,102,212,92,242,7,0,10,17,14,19,43,24,32,124,90,76,71,10,101,7,13,20,46,96,7,6,7,19,21,19,6,8,7,69,61,71,38,31,20
493,15,12,8,7,15,18,12,32,20,61,32,16,61,203,164,248,4,5,1,5,4,15,21,50,62,103,50,62,137,96,213,3,6,2,15,2,28,1,25,29,122,8,71,207,111,218,1,2,4,8,20,2,2,3,1,9,1,33,28,38,8,20,10,56,107,24
494,53,11,15,5,10,10,16,40,10,36,40,126,124,156,225,32,0,7,3,7,11,7,35,42,8,55,89,94,184,67,97,0,1,7,4,4,10,5,1,37,112,22,121,225,229,20,14,28,55,109,225,4,4,4,20,20,22,49,48,44,120,55,90,102,105,53
495,20,10,5,8,4,26,7,57,13,44,117,13,44,240,111,22,6,3,2,30,3,2,4,52,9,92,52,68,63,17,220,12,8,1,18,27,18,31,4,58,5,24,56,182,16,84,16,32,63,124,251,1,1,2,0,0,5,24,22,21,17,27,15,15,19,19
496,44,10,5,8,4,26,7,57,13,6,57,67,6,211,32,18,6,3,2,30,3,2,4,6,9,4,71,9,155,230,228,12,8,1,4,4,10,10,58,4,56,4,61,71,160,52,16,32,64,128,256,1,1,2,0,0,5,26,27,21,89,54,107,240,152,48
497,36,9,8,12,9,20,29,46,12,39,46,12,39,224,240,197,9,11,5,13,26,14,42,11,23,126,11,23,39,30,112,0,1,7,20,20,25,46,45,40,26,97,36,35,39,250,10,20,35,69,147,8,3,9,17,16,20,25,26,23,50,40,27,27,34,34
498,41,1,14,3,1,22,17,1,11,10,69,112,10,109,196,142,1,2,10,1,2,25,1,2,17,105,2,17,134,109,59,6,13,4,30,13,23,19,14,41,17,39,107,79,105,245,3,6,8,17,39,0,0,0,9,7,10,1,1,3,22,0,2,73,17,123
499,29,2,9,3,2,28,31,2,34,54,114,113,90,137,80,20,8,10,7,6,7,10,48,8,56,48,8,89,55,36,196,15,15,15,13,29,31,37,41,42,16,80,116,96,31,24,9,15,25,53,112,5,5,5,6,17,6,32,10,31,36,35,36,13,12,15
500,2,14,10,4,22,21,10,8,43,62,8,88,93,212,183,81,15,1,11,15,1,20,9,1,50,9,1,50,175,1,115,0,1,7,10,20,6,32,49,54,33,75,113,152,216,77,10,19,33,66,142,8,12,9,11,23,11,12,14,13,4,2,5,28,200,195
501,13,8,2,4,12,4,8,12,3,33,113,103,120,205,72,214,15,14,11,0,20,3,39,20,53,39,80,116,56,236,158,0,1,7,4,1,10,63,61,35,124,90,76,71,160,253,13,24,43,83,176,6,3,8,10,15,14,41,33,46,57,48,53,116,100,43
502,52,14,10,2,26,21,10,39,56,62,127,72,26,233,137,227,0,7,3,26,8,22,43,41,27,107,118,124,118,107,51,0,1,7,4,4,10,57,23,14,93,65,88,233,209,179,6,11,16,32,73,9,8,6,31,29,28,61,46,61,112,99,104,194,113,150
503,46,12,8,7,15,18,29,46,42,11,46,42,92,11,88,253,4,5,1,5,4,31,38,62,55,38,104,112,78,251,240,3,6,2,31,5,4,48,21,6,30,94,127,255,79,144,1,2,2,4,9,2,2,3,1,1,1,14,24,22,16,10,19,108,9,147
504,10,1,1,13,7,25,5,29,22,48,99,115,48,145,35,130,12,2,10,14,21,17,29,61,35,29,61,35,38,71,42,6,13,4,29,24,27,47,55,15,14,58,115,99,143,134,3,5,7,13,33,0,0,0,22,3,16,27,29,26,30,31,29,6,6,5
505,15,12,8,7,15,18,12,32,16,61,32,16,61,203,64,248,4,5,1,5,4,15,21,50,62,103,92,62,249,207,50,3,6,2,31,5,4,1,25,29,122,8,71,207,111,218,1,2,2,5,13,2,2,3,1,9,1,33,28,38,8,20,10,56,107,24
506,57,7,5,8,25,3,2,55,29,21,55,101,21,77,207,237,6,3,2,10,17,21,33,39,60,79,72,75,251,63,94,12,8,1,7,9,14,59,44,63,106,36,78,196,160,45,15,30,58,116,238,1,1,2,0,0,4,22,9,9,54,56,31,60,42,46
507,29,2,9,3,21,28,31,48,8,56,48,84,56,151,80,80,8,10,7,6,7,10,36,35,63,114,35,41,185,49,197,15,15,15,13,29,31,10,39,4,25,107,86,1,99,173,9,15,25,52,108,5,5,10,8,17,9,37,10,37,21,26,33,13,41,16
508,19,14,10,0,14,23,19,21,18,19,21,18,19,250,194,54,10,9,8,12,14,11,14,15,10,14,64,10,117,177,10,11,12,0,26,25,2,45,7,8,51,16,24,106,67,13,8,14,22,49,102,12,10,11,23,18,18,15,15,19,2,3,3,22,37,26
509,43,10,12,7,24,20,29,28,39,13,111,39,72,94,233,50,4,11,1,20,18,19,17,14,22,17,14,22,25,152,163,14,11,14,14,12,7,6,3,25,46,11,33,56,174,30,16,31,61,120,245,15,15,15,29,30,29,34,36,32,23,24,25,81,88,87
510,47,2,11,2,16,16,25,56,37,41,105,94,121,110,128,71,8,10,7,27,24,6,24,18,33,24,18,33,2,166,25,15,15,15,3,26,26,11,5,57,96,2,2,10,239,134,13,26,50,97,203,10,5,5,16,19,24,19,21,18,18,17,18,3,5,4
511,56,13,7,6,27,14,6,25,28,58,88,28,58,127,106,220,13,13,6,16,28,9,13,12,6,13,12,6,130,184,222,0,1,7,1,0,22,0,42,61,59,83,106,250,33,241,11,22,40,77,162,9,8,6,5,5,7,3,6,2,20,33,17,66,18,63
512,17,11,13,5,8,29,30,31,32,35,98,65,35,24,77,75,7,12,13,21,5,29,28,22,37,28,22,87,22,226,26,9,9,9,5,17,3,23,28,17,112,27,22,216,229,20,14,28,55,109,224,4,4,4,20,20,22,11,17,17,1,5,4,102,7,7
513,26,5,3,10,19,19,13,41,57,45,36,57,45,182,173,246,14,6,0,23,6,0,12,49,0,12,73,104,16,18,252,10,10,3,12,15,11,14,2,4,103,81,82,7,251,38,4,8,13,29,67,3,9,1,3,4,3,2,5,6,7,4,6,51,56,54
514,39,15,9,11,11,6,23,63,48,29,63,48,88,80,82,162,3,0,4,25,25,23,3,27,29,3,65,29,226,167,134,7,0,10,25,18,8,9,53,26,54,63,11,24,19,203,7,13,19,44,94,7,6,7,19,21,19,6,8,7,5,7,7,31,2,29
515,4,1,1,13,7,25,5,29,22,48,106,19,48,145,35,130,12,2,10,14,21,17,29,61,35,29,61,35,38,71,42,6,13,4,29,24,27,47,55,15,14,58,115,166,61,253,3,5,7,13,33,0,0,0,22,3,16,27,29,26,30,31,29,6,6,5
516,51,12,8,7,15,18,12,27,16,32,64,24,73,134,131,118,4,5,1,5,4,15,21,5,12,113,62,12,124,39,200,3,6,2,31,5,4,21,0,23,7,60,5,139,64,239,1,2,3,6,15,2,2,3,1,1,1,4,4,4,41,25,1,96,20,37
517,38,8,2,4,23,9,1,12,3,63,103,87,120,205,105,99,15,14,11,29,29,27,30,33,32,96,33,32,33,198,157,0,1,7,4,1,10,63,61,35,124,28,1,130,136,178,13,27,54,103,215,6,3,8,10,15,14,41,33,46,57,48,61,85,116,43
518,5,6,11,2,6,16,24,24,6,8,115,6,66,140,198,202,8,10,7,27,24,6,60,51,19,60,91,77,37,55,49,15,15,15,13,7,24,60,9,36,58,85,57,132,231,215,6,11,16,33,74,5,5,5,6,17,6,36,10,39,29,32,30,112,82,38
519,19,14,10,0,14,23,19,21,18,19,102,118,19,9,203,178,10,9,8,12,14,11,14,15,10,14,64,10,18,16,120,11,12,0,26,25,2,45,7,8,51,16,24,106,67,13,8,14,22,49,103,12,10,11,23,18,18,15,15,19,2,3,3,22,37,26
520,33,5,3,10,19,19,13,41,27,45,41,57,45,182,248,25,14,6,0,23,6,0,12,49,0,12,73,0,235,172,69,10,10,3,12,15,11,14,2,4,8,38,0,125,147,167,4,8,13,29,67,3,9,1,3,4,3,2,5,6,7,4,6,59,27,68
521,29,15,9,11,11,6,28,50,46,24,77,46,74,213,136,245,3,0,4,25,25,23,3,27,29,3,113,102,91,92,75,7,0,10,17,14,19,43,24,32,29,61,34,128,10,101,7,13,20,46,96,7,6,7,19,21,19,6,8,7,69,61,71,38,31,20
522,14,10,12,9,12,4,21,43,40,31,70,110,80,190,70,60,0,7,3,4,27,16,44,29,47,44,29,2,151,74,16,8,2,12,24,16,17,53,34,33,24,17,20,74,29,5,16,32,62,122,247,1,3,8,18,11,13,13,25,16,34,13,39,21,30,31
523,34,3,2,1,30,13,15,59,7,38,108,7,84,81,68,129,12,2,10,31,10,30,53,46,26,90,68,26,147,201,103,0,1,7,2,3,1,29,26,5,124,90,76,137,26,53,3,7,9,18,43,8,0,9,14,12,0,25,19,8,15,18,12,213,212,165
524,54,13,7,9,29,30,14,62,14,15,62,63,119,239,255,113,13,13,6,22,8,22,43,24,28,23,24,28,149,210,24,0,1,7,4,4,10,10,58,4,124,90,76,29,21,253,11,21,38,74,156,9,8,6,27,27,30,39,41,41,33,34,35,10,8,10
525,4,9,0,12,9,20,20,44,12,12,44,12,39,224,240,232,9,11,5,13,26,14,42,11,23,126,11,23,39,30,112,6,13,4,20,3,25,46,45,40,26,97,36,35,38,250,1,2,2,4,7,8,3,9,17,16,20,25,26,23,50,40,27,27,34,34
526,63,8,14,4,23,21,8,49,10,36,49,83,96,195,245,99,15,14,11,26,31,24,62,43,3,124,81,43,46,203,74,0,1,7,4,4,10,5,1,37,31,22,76,71,82,32,13,24,43,83,174,6,3,8,24,26,17,41,33,35,116,119,115,230,218,249
527,50,15,6,11,11,5,28,22,9,30,67,127,30,206,234,33,3,0,4,3,0,4,26,0,4,106,0,90,129,174,71,2,5,5,8,19,16,51,8,13,22,46,44,100,60,39,7,12,18,42,91,7,6,7,7,6,8,0,0,1,26,14,26,44,35,23
528,12,13,7,6,27,14,6,25,28,58,118,28,118,12,241,56,13,13,6,16,28,9,13,12,6,13,12,6,227,11,11,0,1,7,1,0,22,57,58,14,59,83,106,86,160,10,11,22,40,76,160,9,8,6,5,5,7,3,6,2,20,58,55,30,21,42
529,30,11,13,5,8,29,30,31,15,35,65,65,35,24,13,75,7,12,13,21,5,29,28,22,37,28,22,87,22,226,26,9,9,9,5,17,3,23,28,17,23,27,22,185,159,194,14,28,55,107,221,4,4,4,20,20,22,11,17,17,1,5,4,4,7,7
530,46,1,8,13,5,20,29,44,1,11,44,42,38,125,240,232,9,11,5,13,26,14,42,11,23,126,11,23,39,252,112,6,13,4,4,4,10,10,58,4,17,97,107,35,38,250,1,2,2,4,7,0,0,0,4,3,10,25,26,23,50,93,70,115,243,215
531,17,0,15,15,0,17,16,52,25,7,52,73,122,242,75,92,7,12,13,7,23,7,55,3,30,86,3,61,136,190,122,0,1,7,4,4,10,27,46,51,36,99,54,218,161,228,13,25,45,86,180,4,3,8,27,27,13,54,37,34,46,44,46,23,25,40
532,26,6,11,2,20,12,11,19,17,22,73,116,22,72,100,201,2,6,15,2,15,18,2,44,46,2,44,109,192,173,148,13,14,13,11,21,21,40,58,4,60,117,30,65,72,171,3,7,10,21,48,3,7,1,13,14,15,16,16,12,9,8,9,2,4,12
533,43,0,4,15,17,2,18,53,33,59,75,90,81,187,241,231,5,4,12,11,12,12,45,59,52,45,59,52,122,70,226,15,15,15,16,30,13,12,56,52,88,118,73,57,88,106,13,25,48,91,190,5,11,10,8,8,9,9,46,15,79,75,76,70,87,81
534,57,7,5,8,25,3,2,37,2,21,97,111,75,90,97,158,6,3,2,10,17,21,34,55,31,4,55,9,254,101,58,12,8,1,7,9,14,10,37,4,124,90,61,210,202,127,15,30,59,117,239,1,1,2,0,0,4,17,13,10,14,12,11,153,153,153
535,2,14,10,4,22,8,10,8,43,62,86,43,93,117,183,81,15,1,11,15,1,20,9,1,50,9,1,50,175,1,115,0,1,7,10,20,6,32,49,54,109,75,48,59,236,116,10,19,33,66,140,8,12,9,11,23,11,12,14,13,4,2,5,14,73,39
536,43,0,4,15,17,2,18,53,36,40,120,90,125,71,222,180,5,4,12,11,12,12,15,38,14,15,38,121,150,191,61,15,15,15,16,30,13,18,17,22,57,112,102,253,184,251,12,23,42,80,167,5,11,10,8,8,9,9,3,15,12,9,13,107,94,122
537,52,3,0,1,30,13,15,23,60,1,74,123,1,200,138,244,13,13,6,22,8,22,51,48,24,93,48,118,123,53,247,0,1,7,4,4,10,42,35,43,10,67,43,107,133,63,13,27,52,99,207,9,8,6,5,5,26,55,32,51,72,63,75,47,58,52
538,39,15,9,11,11,6,23,63,48,29,63,48,88,80,82,17,3,0,4,25,25,23,3,27,29,3,65,29,226,167,134,7,0,10,25,18,8,9,53,26,54,63,11,24,19,70,7,13,19,44,94,7,6,7,19,21,19,6,8,7,5,7,7,31,2,29
539,60,13,7,14,3,15,27,3,35,17,3,35,17,129,199,12,11,8,9,9,9,8,8,7,11,8,7,11,8,8,243,4,4,8,21,11,0,39,32,10,20,18,50,174,6,74,5,9,14,30,70,13,13,14,26,25,25,23,23,20,6,6,8,0,0,0
540,55,1,0,1,5,1,15,59,5,34,108,5,34,229,134,51,12,2,10,31,10,30,20,25,26,20,86,98,26,213,241,6,13,4,2,3,1,3,22,9,27,13,58,234,4,12,3,7,9,20,47,0,0,0,4,12,0,18,2,8,67,91,70,128,115,83
541,24,4,14,3,31,7,4,38,59,23,38,59,70,41,6,59,8,15,14,18,16,13,18,17,16,18,17,16,14,14,13,5,3,6,23,6,20,25,30,7,21,25,53,108,91,142,9,17,27,55,118,14,14,12,28,28,27,31,34,29,13,11,14,1,1,1
542,13,8,2,4,28,9,1,12,3,63,25,103,63,207,110,170,15,14,11,29,29,27,30,33,32,96,33,32,208,137,157,0,1,7,4,4,10,4,27,38,67,105,87,219,136,21,13,27,54,103,215,6,3,8,10,13,11,40,38,36,61,38,83,103,93,67
543,4,1,1,13,7,25,5,29,22,48,29,22,48,105,230,107,12,2,10,14,21,17,29,61,35,29,61,35,38,71,42,6,13,4,29,24,27,47,55,15,14,58,115,166,61,253,3,5,7,13,33,0,0,0,22,3,16,27,29,26,30,31,29,6,6,5
544,41,1,0,13,1,22,17,1,11,10,60,106,82,197,161,142,1,2,10,1,2,25,1,2,17,105,2,17,1,229,59,6,13,4,30,13,23,19,14,41,17,39,107,170,105,51,3,4,6,12,29,0,0,0,9,7,10,1,1,3,22,0,2,177,17,124
545,2,14,10,4,22,8,10,8,43,62,86,88,93,117,183,81,15,1,11,15,1,20,9,1,50,9,1,50,175,1,115,0,1,7,10,20,6,32,49,54,109,75,48,59,212,116,10,19,33,66,142,8,12,9,11,23,11,12,14,13,4,2,5,14,73,22
546,6,8,15,9,12,4,8,42,45,33,113,110,33,170,72,99,6,3,2,10,17,21,33,39,60,33,39,31,74,44,215,0,1,7,9,1,10,10,58,37,124,90,90,71,214,211,6,11,16,33,75,6,3,8,18,15,13,43,31,16,25,49,53,159,170,216
547,2,14,10,4,22,21,10,8,43,62,42,44,93,117,177,183,15,1,11,15,1,20,9,1,50,9,1,50,41,84,229,0,1,7,10,20,6,32,49,54,33,75,113,156,75,11,10,19,33,66,140,8,12,9,11,23,11,12,14,13,4,2,5,28,53,39
548,18,14,10,4,22,8,10,8,43,62,86,43,113,196,130,62,15,1,11,15,1,20,9,1,50,9,1,50,198,1,30,0,1,7,10,20,6,32,49,54,109,75,48,68,125,189,10,19,34,68,145,8,12,9,11,23,11,12,14,13,4,2,5,14,72,22
549,1,6,11,2,26,30,0,8,56,9,127,79,97,233,137,89,0,7,3,26,31,24,58,10,58,58,10,76,173,9,18,0,1,7,4,4,10,10,58,4,124,90,76,71,160,253,13,25,48,90,189,4,1,6,31,29,28,61,46,61,112,99,104,225,113,230
550,46,12,8,7,15,18,29,46,42,51,87,104,67,204,14,176,4,5,1,5,4,31,38,62,55,38,104,55,78,251,240,3,6,2,31,5,4,48,21,6,30,94,127,22,79,144,1,2,2,5,14,2,2,3,1,1,1,14,24,22,16,10,19,25,9,36
551,34,3,2,4,28,8,10,51,61,4,25,61,4,207,78,196,15,14,11,29,29,27,30,33,32,96,93,32,208,137,47,0,1,7,4,20,10,4,27,38,67,105,87,137,160,252,13,27,54,104,216,8,12,9,11,13,11,40,38,36,61,38,47,213,44,165
552,0,1,1,13,5,1,9,45,19,18,17,91,76,96,24,35,12,2,10,14,30,5,63,13,38,63,90,38,141,58,4,6,13,4,2,3,1,3,22,9,124,13,76,16,210,17,13,25,46,88,184,0,0,0,4,3,0,20,2,0,35,36,91,171,209,180
553,32,6,11,2,20,12,11,19,4,22,19,4,117,126,205,201,2,6,15,2,15,18,2,44,46,2,44,46,100,4,27,13,14,13,11,21,21,40,33,31,60,117,30,235,32,58,6,10,15,31,72,3,7,1,13,14,15,16,16,12,9,8,9,2,4,12
554,29,2,14,3,2,28,31,2,6,54,115,33,116,137,102,212,8,10,7,6,7,10,36,35,63,114,119,63,87,54,87,15,15,15,13,7,24,60,9,36,78,10,6,77,73,44,9,15,24,51,107,5,5,5,6,17,6,36,10,39,29,32,30,17,48,70
555,45,7,5,8,25,3,2,37,2,21,97,2,75,43,2,101,6,3,2,10,17,21,34,55,31,34,55,95,254,118,58,12,8,1,7,9,14,44,37,44,18,1,16,183,126,233,15,30,59,117,239,1,1,2,0,0,4,17,13,10,14,12,11,98,28,11
556,7,0,4,15,0,9,16,14,10,52,12,119,52,98,98,149,15,14,11,26,31,24,62,43,42,70,67,42,246,88,179,0,1,7,4,4,10,10,58,4,107,57,109,93,84,145,13,26,49,93,193,4,10,11,8,18,18,59,54,58,80,80,59,119,102,100
557,3,3,0,1,30,13,15,59,7,38,108,86,84,216,179,73,1,2,10,14,10,26,10,46,49,10,13,106,233,142,205,6,13,4,2,3,1,10,58,4,124,90,76,16,160,196,3,7,9,19,45,0,0,0,14,7,0,40,19,8,113,97,120,244,175,168
558,25,14,10,0,14,23,19,21,6,19,115,6,66,89,194,54,10,9,8,12,14,11,14,15,10,14,64,10,117,177,10,11,12,0,26,25,2,45,7,8,51,16,24,106,67,13,9,15,24,51,107,12,10,11,23,18,18,15,15,19,2,3,3,22,37,26
559,31,0,4,15,17,2,18,5,36,59,5,36,94,71,163,141,15,14,11,29,29,27,30,33,32,101,97,110,97,237,105,0,1,7,20,20,25,49,38,56,123,73,70,101,196,199,10,20,37,72,154,8,3,9,17,16,20,45,33,42,45,46,42,57,26,85
560,11,1,1,13,5,25,9,45,1,37,126,1,37,120,28,35,12,2,10,14,30,5,63,13,38,63,90,38,141,58,4,6,13,4,2,3,1,34,57,45,111,13,58,206,176,14,3,6,8,17,40,0,0,0,4,3,0,7,40,0,27,47,23,37,54,25
561,15,1,0,13,1,22,17,1,11,10,69,112,107,109,112,177,1,2,10,1,2,25,1,2,17,105,112,17,64,2,246,6,13,4,30,13,23,19,14,41,17,39,107,79,105,111,3,4,6,12,32,0,0,0,9,7,10,1,1,3,22,0,2,62,17,101
562,46,12,8,7,15,18,29,46,42,60,46,42,51,119,236,65,4,5,1,5,4,31,38,62,55,38,75,112,60,145,123,3,6,2,31,5,4,48,21,6,30,94,127,22,79,144,1,2,4,8,20,2,2,3,1,1,1,14,24,22,16,10,19,25,9,36
563,6,4,14,3,31,7,4,38,52,23,116,120,70,176,166,240,8,15,14,18,16,13,18,17,16,18,17,16,14,14,13,5,3,6,23,6,20,25,30,7,21,106,52,13,160,253,9,17,27,55,117,14,14,12,28,28,27,31,34,29,13,11,14,1,1,1
564,4,9,1,12,5,25,20,61,5,18,112,80,112,51,230,191,12,2,10,31,21,17,40,40,49,40,40,65,178,243,55,6,13,4,20,4,25,46,54,18,71,92,49,148,71,247,1,1,1,2,3,0,0,0,22,31,16,51,53,56,71,72,78,72,66,64
565,18,6,11,9,28,30,1,16,56,46,16,108,46,72,124,76,0,7,3,26,31,24,58,10,27,76,116,27,66,233,77,0,1,7,9,1,10,33,40,60,49,3,15,144,23,42,6,11,17,38,85,6,7,1,25,10,23,46,47,48,39,42,51,117,110,117
566,6,11,15,5,10,17,3,51,50,14,4,95,85,61,124,102,0,7,3,7,11,7,55,3,30,86,3,61,174,190,144,0,1,7,9,4,10,33,40,60,74,91,15,119,50,133,13,25,46,87,183,4,4,4,2,2,2,46,47,48,39,42,97,113,122,129
567,42,2,9,3,2,28,26,6,54,49,6,89,101,228,197,15,8,10,7,6,7,10,7,34,7,68,87,7,34,7,85,15,15,15,4,29,31,36,1,0,97,15,103,50,242,95,9,15,23,50,106,5,5,5,6,24,6,30,18,24,24,30,20,24,24,21
568,63,8,2,4,28,9,1,47,3,25,47,3,25,162,20,105,15,14,11,0,20,3,0,9,53,0,109,53,166,43,203,0,1,7,4,1,10,30,52,55,57,112,102,19,232,168,13,25,47,89,187,6,3,8,10,13,14,21,20,25,60,59,62,74,85,74
569,13,8,2,4,28,9,1,12,3,52,76,3,86,122,114,214,15,14,11,0,20,3,41,9,45,41,99,80,99,176,111,0,1,7,4,1,10,30,52,55,95,120,4,161,169,244,13,27,53,102,213,6,3,8,10,13,14,21,20,25,37,50,49,120,39,66
570,58,2,9,3,26,28,26,6,54,49,81,54,62,37,62,121,2,6,15,2,15,18,57,36,44,57,36,44,49,50,43,0,1,7,4,4,10,10,58,4,124,90,76,71,160,253,9,15,23,50,106,5,5,5,6,24,6,30,18,24,119,115,111,185,147,177
571,40,0,4,15,21,2,18,48,8,56,48,93,56,14,156,119,5,4,12,11,12,12,46,60,48,46,127,48,247,66,161,15,15,15,16,30,13,50,39,27,110,59,60,39,244,102,12,23,41,79,165,5,11,10,8,8,9,37,3,37,21,26,33,11,55,16
572,38,7,5,8,25,3,2,7,29,27,7,101,123,70,50,105,6,3,2,10,17,21,34,55,31,111,6,101,89,149,131,12,8,1,7,9,14,10,58,4,35,77,110,252,145,234,15,30,58,116,236,1,1,2,0,0,4,22,13,10,56,66,63,82,117,90
573,5,6,14,2,6,21,0,49,10,36,71,97,36,123,169,252,2,6,15,2,15,18,52,4,15,108,79,73,190,86,86,0,1,7,12,15,11,5,1,37,31,22,76,12,109,119,9,18,31,61,129,3,9,1,3,4,3,2,58,52,93,98,100,92,120,115
574,47,2,11,2,16,16,25,56,37,41,56,94,121,60,71,208,8,10,7,27,24,6,24,18,33,24,18,33,2,166,25,15,15,15,3,26,26,11,5,57,12,55,3,10,167,175,9,16,26,54,115,10,5,5,16,19,24,19,21,18,18,17,18,3,5,120
575,44,10,12,9,12,4,21,43,40,31,70,110,80,190,70,114,0,7,3,4,19,16,44,29,47,44,29,2,151,74,16,8,2,12,24,16,17,53,34,33,24,17,20,147,65,5,16,32,62,122,247,1,3,8,18,11,13,13,25,16,34,13,39,21,30,31
576,34,3,2,4,9,8,10,39,61,4,90,82,4,146,172,170,15,14,11,29,29,27,30,33,32,96,33,32,33,198,230,0,1,7,20,20,25,4,27,38,67,90,76,137,221,56,13,27,54,106,220,8,3,9,17,16,11,40,38,36,61,38,47,216,206,225
577,18,8,14,4,23,21,4,49,44,55,49,83,64,112,66,11,15,14,11,0,20,3,41,9,45,41,99,80,99,34,159,0,1,7,4,1,10,5,1,37,75,72,4,71,138,244,13,27,53,102,214,6,3,8,24,26,17,43,39,35,40,74,87,175,159,121
578,7,8,12,9,12,4,8,59,7,38,59,86,84,81,22,198,12,2,10,31,10,30,53,46,26,90,68,26,147,201,103,0,1,7,2,3,1,10,58,5,124,90,76,120,58,71,3,7,9,18,43,6,3,8,18,12,13,13,31,16,34,13,112,171,162,96
579,25,7,5,8,25,3,2,55,29,2,109,100,2,246,182,79,6,3,2,10,17,21,33,39,34,33,39,34,252,135,141,12,8,1,7,9,14,35,31,2,117,101,108,43,106,69,15,30,60,118,242,1,1,2,0,0,4,22,9,9,43,39,38,42,22,45
580,12,1,0,12,23,22,17,44,21,12,44,21,82,13,161,99,13,13,6,16,28,9,13,12,6,13,12,6,130,184,133,0,1,7,4,4,10,0,42,61,101,113,35,250,33,241,13,27,54,104,216,9,0,6,5,5,7,3,6,2,71,33,17,66,18,27
581,25,6,11,2,6,30,24,24,23,36,24,97,36,165,169,64,2,6,15,19,15,18,54,16,15,54,85,15,50,28,14,0,1,7,9,4,10,5,1,37,69,29,47,91,137,75,9,18,31,61,129,3,10,1,25,10,23,53,43,52,70,70,65,92,101,115
582,32,6,11,2,20,12,11,19,4,22,19,4,22,126,54,100,2,6,15,2,15,18,2,44,46,2,44,46,100,4,27,13,14,13,11,21,21,40,33,31,86,108,72,66,15,129,6,10,15,31,72,3,7,1,13,14,15,16,16,12,9,8,9,2,4,12
583,40,0,4,15,21,2,18,48,8,56,48,84,56,14,156,80,5,4,12,11,12,12,46,60,48,46,60,48,65,66,48,15,15,15,16,30,13,50,39,27,25,107,86,71,156,65,12,23,41,79,166,5,11,10,8,8,9,37,3,37,21,26,33,11,41,16
584,24,4,14,3,31,7,4,38,51,23,38,51,23,41,201,46,8,15,14,18,16,13,18,17,16,18,17,16,14,14,13,5,3,6,23,6,20,25,30,7,21,25,53,108,91,142,9,17,27,55,118,14,14,12,28,28,27,31,34,29,13,11,14,1,1,1
585,19,6,11,2,26,12,0,24,17,8,127,79,117,233,9,227,10,9,8,12,14,11,14,15,10,14,64,10,18,16,120,11,12,0,26,25,2,52,13,30,4,9,90,2,14,97,6,11,16,32,73,12,10,11,23,18,18,15,15,19,2,3,3,208,92,206
586,2,14,10,4,22,8,10,8,43,62,8,88,93,117,183,8,15,1,11,15,1,20,9,1,50,9,1,50,41,84,229,0,1,7,10,20,6,32,49,54,33,75,113,152,216,77,10,19,33,66,142,8,12,9,11,23,11,12,14,13,4,2,5,28,53,39
587,0,3,0,1,30,1,15,59,7,38,108,7,76,81,212,34,12,2,10,31,10,30,20,25,26,87,25,81,138,213,241,6,13,4,2,3,1,29,26,5,90,50,21,16,160,17,3,7,9,18,43,0,0,0,4,12,0,18,19,8,15,107,112,171,162,155
588,18,2,14,3,23,21,26,49,44,55,8,34,116,4,144,74,15,14,11,29,31,27,47,58,59,47,58,3,19,75,90,0,1,7,4,4,10,5,1,37,121,100,8,58,124,159,9,18,30,58,124,5,10,5,24,26,17,56,50,45,68,67,67,80,70,105
589,25,6,11,2,6,12,0,24,23,20,24,23,20,157,89,161,2,6,15,19,15,18,54,16,15,54,85,99,88,153,95,0,1,7,4,4,10,5,1,37,124,90,76,0,14,97,9,18,32,65,139,3,10,1,13,14,15,16,16,12,65,65,89,166,169,173
590,41,1,0,13,1,22,17,1,11,10,1,106,107,1,161,73,1,2,10,1,2,25,1,2,17,105,2,17,134,2,246,6,13,4,30,13,23,19,14,41,17,39,107,170,105,245,3,4,6,12,29,0,0,0,9,7,10,1,1,3,22,0,2,73,17,124
591,24,2,14,3,23,21,4,49,44,26,49,126,64,53,108,117,15,14,11,26,31,24,47,58,3,43,81,3,46,21,74,0,1,7,4,4,10,5,1,37,31,90,76,71,160,32,9,15,23,50,105,6,10,12,24,26,17,62,39,35,115,116,74,234,208,138
592,28,12,8,7,13,18,12,30,20,61,30,20,61,34,164,139,4,5,1,5,4,15,21,50,62,103,50,62,210,96,213,3,6,2,15,2,28,1,25,29,118,93,98,14,83,16,1,2,4,8,20,2,2,3,1,9,12,33,28,38,8,20,10,54,50,24
593,42,2,9,3,2,28,26,6,54,49,6,89,101,58,186,121,8,10,7,6,7,10,7,34,7,68,87,7,163,250,168,6,13,4,4,4,31,36,1,0,1,15,103,143,140,172,3,4,6,10,25,0,5,5,6,24,6,30,18,24,24,86,20,144,135,148
594,46,12,8,7,15,18,29,46,42,11,64,42,5,134,88,109,4,5,1,5,4,31,38,5,12,113,75,112,4,247,15,3,6,2,31,5,4,21,0,23,7,19,122,40,211,125,1,2,2,4,9,2,2,3,1,1,1,4,4,4,41,25,1,165,144,92
595,23,7,5,8,25,3,2,37,2,21,97,2,21,43,2,101,6,3,2,10,17,21,34,55,31,34,55,95,254,118,58,12,8,1,7,9,14,44,37,44,18,1,16,183,126,233,15,30,59,117,240,1,1,2,0,0,4,17,13,10,14,12,11,20,28,11
596,9,15,6,11,11,0,28,11,41,57,11,75,100,67,16,193,3,0,4,3,0,4,26,0,4,26,105,90,111,0,139,2,5,5,8,19,16,7,51,49,15,122,44,4,255,55,7,12,18,42,92,7,6,7,7,6,8,0,0,1,32,28,16,39,36,35
597,60,13,7,14,3,15,27,3,35,17,3,35,17,129,145,77,11,8,9,9,9,8,8,7,11,8,7,11,8,8,209,4,4,8,21,11,0,13,6,21,43,23,69,38,187,9,5,9,14,30,70,13,13,14,26,25,25,23,23,20,6,6,8,0,0,0
598,0,3,0,1,30,1,15,23,7,38,85,7,38,73,212,129,12,2,10,31,10,30,20,25,26,20,86,98,26,213,241,6,13,4,2,3,1,29,26,5,90,50,21,160,226,176,3,7,9,19,45,0,0,0,14,12,0,18,19,8,15,18,12,134,146,8
599,1,2,11,3,26,30,16,40,56,26,40,44,26,135,100,78,8,10,7,27,24,6,60,51,63,83,51,19,139,182,101,0,1,7,4,7,10,10,1,37,124,90,76,221,103,37,9,15,23,50,104,5,5,5,6,24,6,36,48,39,68,32,30,112,237,250
600,50,15,6,11,11,0,28,11,0,57,122,75,115,221,218,7,3,0,4,3,0,4,26,0,4,26,105,90,111,0,139,2,5,5,8,19,16,51,8,13,92,122,66,92,129,76,7,12,18,42,92,7,6,7,7,6,8,0,0,1,47,14,26,83,95,77
601,1,11,13,5,10,10,30,14,10,36,71,10,85,223,92,184,0,7,3,26,11,24,35,42,8,55,89,94,184,67,97,0,1,7,4,4,10,5,1,37,124,90,76,217,160,37,13,26,49,94,198,4,10,4,23,20,17,53,43,52,70,70,65,157,161,175
602,51,12,8,7,15,18,12,27,16,32,64,24,73,134,131,118,4,5,1,5,4,15,21,5,12,113,62,12,124,39,200,3,6,2,31,5,4,21,0,23,55,127,5,71,160,253,1,2,3,6,15,2,2,3,1,1,1,4,4,4,10,52,1,96,20,75
603,38,2,9,3,2,28,26,6,54,49,6,125,101,58,197,121,8,10,7,6,7,10,16,34,7,97,34,7,120,100,130,0,1,7,4,4,10,10,1,37,124,90,76,221,103,37,9,15,23,50,105,5,5,5,6,24,6,30,18,24,24,30,20,182,147,236
604,51,12,8,7,15,18,12,27,16,32,64,24,92,76,88,109,4,5,1,5,4,15,21,5,12,113,62,12,4,204,60,3,6,2,31,5,4,21,0,23,55,127,5,255,217,246,1,2,3,6,16,2,2,3,1,1,1,4,4,4,10,52,1,61,126,75
605,47,2,14,3,16,16,25,54,37,41,54,37,69,178,176,120,8,10,7,27,24,6,56,18,41,56,123,127,102,91,145,15,15,15,3,26,26,11,5,57,53,123,125,80,51,154,9,18,32,62,131,10,5,5,16,19,24,19,21,18,49,53,50,104,140,130
606,8,12,8,7,15,18,29,32,42,11,32,42,32,209,154,109,4,5,1,5,4,15,21,5,12,113,62,12,4,204,60,3,6,2,31,5,4,21,0,23,114,19,122,33,211,174,1,2,2,5,14,2,2,3,1,1,1,4,4,4,41,94,1,165,144,92
607,22,1,0,13,1,22,17,1,11,10,1,106,107,210,83,86,1,2,10,1,2,25,1,2,17,105,2,17,209,229,59,6,13,4,30,13,23,19,14,41,75,72,107,195,138,209,9,18,28,56,120,0,0,0,9,7,10,1,1,3,44,0,2,143,109,124
608,29,2,9,3,2,28,31,2,34,54,2,113,89,137,93,19,8,10,7,6,7,10,48,8,56,48,8,89,55,36,196,15,15,15,13,29,31,37,41,42,16,80,116,96,177,24,9,15,25,53,111,5,5,5,6,17,6,32,10,31,36,35,36,13,12,15
609,20,1,1,13,5,25,9,45,5,18,112,5,112,96,24,35,12,2,10,14,30,5,63,13,38,63,90,38,141,15,4,6,13,4,2,3,1,3,22,9,11,95,76,206,204,17,3,7,9,20,46,0,0,0,4,3,0,20,2,0,35,36,43,215,51,151
610,6,6,3,10,26,30,24,58,55,47,58,55,9,118,18,115,14,6,0,23,6,0,12,49,54,80,49,54,167,56,91,10,10,3,27,28,30,56,19,3,68,21,27,34,1,60,4,8,13,28,64,3,9,1,3,4,3,42,42,40,31,29,34,16,15,17
611,8,6,11,9,26,30,24,24,14,8,96,54,9,52,198,106,2,6,15,19,15,18,59,63,19,32,91,77,96,108,187,0,1,7,9,7,10,22,60,53,124,90,90,132,231,215,6,11,16,33,74,10,7,5,31,10,23,28,35,28,51,51,44,155,168,231
612,55,1,1,13,5,25,9,45,19,37,23,91,77,185,35,130,12,2,10,14,30,5,63,13,38,63,90,78,250,220,191,6,13,4,2,3,1,3,22,9,124,13,76,121,254,112,3,6,8,17,41,0,0,0,4,3,0,45,2,42,96,89,86,162,112,86
613,9,15,6,11,11,5,28,22,9,57,73,127,57,206,234,33,3,0,4,3,0,4,26,0,4,106,0,90,129,174,71,2,5,5,8,19,16,54,54,18,124,90,76,100,60,253,7,12,18,42,92,7,6,7,7,6,8,0,0,1,76,84,79,100,84,80
614,56,13,7,6,27,14,6,25,21,58,88,78,65,191,185,110,13,13,6,16,28,9,13,30,6,94,30,84,13,77,137,0,1,7,1,0,22,0,42,61,96,2,2,227,33,241,13,26,50,97,204,9,8,6,5,5,7,3,6,2,20,33,17,66,65,132
615,60,13,7,14,3,15,27,3,35,17,3,35,17,74,199,12,11,8,9,9,9,8,8,7,11,8,7,11,8,8,243,4,4,8,21,11,0,39,32,10,20,18,50,174,6,74,5,9,14,30,70,13,13,14,26,25,25,23,23,20,6,6,8,0,0,0
616,23,8,5,9,12,4,8,43,45,33,37,45,33,18,221,216,0,7,3,4,19,16,19,45,47,19,45,86,168,79,73,0,1,7,9,1,10,33,40,60,99,5,120,181,162,148,13,24,43,82,173,6,3,8,18,15,13,13,31,16,25,13,41,79,64,96
617,8,1,1,13,5,25,9,60,1,37,126,1,37,225,85,51,12,2,10,14,30,5,63,13,38,63,90,38,109,58,186,6,13,4,2,3,1,3,22,9,27,7,58,117,134,212,3,6,8,16,37,0,0,0,4,3,0,7,40,0,27,47,23,99,137,25
618,0,1,1,1,5,1,15,44,19,12,112,91,87,115,24,82,12,2,10,14,10,17,53,46,26,109,96,49,83,169,45,6,13,4,2,3,1,54,54,18,124,90,76,215,119,236,3,7,10,21,49,0,0,0,4,3,0,20,2,50,76,82,118,123,213,193
619,39,15,9,11,11,6,23,63,53,50,92,64,50,130,146,162,3,0,4,25,25,23,3,27,29,3,65,29,20,27,34,7,0,10,25,18,8,38,43,34,89,49,119,3,198,165,7,13,19,43,93,7,6,7,19,21,19,6,8,7,5,7,7,12,2,9
620,43,10,12,9,12,4,8,43,45,33,37,45,72,25,65,222,4,11,1,20,18,19,17,14,22,17,14,22,114,26,20,14,11,14,9,1,10,62,47,28,19,87,42,155,158,136,16,31,61,121,246,15,15,15,29,30,29,34,36,32,23,24,25,26,32,28
621,1,0,15,15,0,17,16,39,25,9,81,69,97,103,237,156,0,7,3,26,31,24,58,10,58,58,10,76,173,9,18,0,1,7,4,4,10,10,58,4,124,90,76,71,253,253,13,25,48,90,188,4,11,4,31,8,28,58,46,57,100,102,102,219,132,140
622,16,12,8,7,15,18,29,46,42,51,46,104,67,119,14,65,4,5,1,5,4,31,38,62,55,38,104,55,78,251,240,3,6,2,31,5,4,48,21,6,30,94,127,22,79,144,1,2,2,5,13,2,2,3,1,1,1,14,24,22,16,10,19,25,9,36
623,30,11,13,5,8,29,3,4,50,3,78,114,127,235,135,184,7,12,13,21,23,29,5,53,20,64,114,20,57,38,237,9,9,9,0,31,15,58,16,62,65,64,91,167,78,23,14,29,56,111,227,4,4,4,2,2,2,29,30,30,3,16,21,40,69,13
624,22,3,9,4,26,13,14,10,49,9,10,92,62,32,81,199,0,7,3,26,31,24,50,54,51,50,54,51,47,90,39,0,1,7,4,4,10,33,23,60,76,41,112,6,81,150,6,11,16,34,77,0,0,6,25,29,28,48,49,49,92,86,106,133,108,162
625,24,4,14,3,31,7,4,38,59,23,125,52,70,41,201,240,8,15,14,18,16,13,18,17,16,18,17,16,14,14,13,5,3,6,23,6,20,25,30,7,21,25,53,108,91,142,9,15,23,50,104,14,14,12,28,28,27,31,34,29,13,11,14,1,1,1
626,46,12,8,7,15,18,29,46,42,60,46,42,92,93,86,219,4,5,1,5,4,31,38,62,55,38,23,112,121,29,212,3,6,2,31,5,4,48,21,6,30,19,122,22,215,93,1,2,2,5,13,2,2,3,1,1,1,14,24,22,16,10,19,164,205,160
627,11,1,1,13,5,25,9,45,19,37,126,1,91,48,85,35,12,2,10,14,30,5,63,13,38,119,90,38,231,216,225,6,13,4,2,3,1,34,57,45,42,54,28,81,152,35,3,6,8,17,40,0,0,0,4,3,0,7,40,0,27,47,23,37,54,25
628,53,3,2,4,23,21,10,39,33,55,80,126,113,112,214,32,15,14,11,26,31,24,62,43,3,124,81,43,46,203,74,0,1,7,4,4,10,5,1,37,31,22,76,71,82,32,9,18,32,64,137,6,10,12,24,26,17,52,39,35,108,71,52,229,159,244
629,21,9,8,12,13,27,20,30,24,53,123,85,53,141,192,37,4,5,1,28,4,31,6,23,36,61,102,1,85,41,156,3,6,2,15,2,28,1,12,50,40,42,26,67,80,19,1,1,1,3,5,2,2,3,12,9,12,8,12,14,19,15,32,95,23,33
630,7,8,2,4,23,4,8,42,3,52,61,87,120,205,221,99,15,14,5,29,26,27,11,33,32,99,94,74,197,212,46,0,1,7,20,1,10,63,61,35,40,28,1,242,224,178,13,24,44,85,178,6,3,8,10,15,14,41,33,46,57,48,61,85,116,43
631,21,9,2,12,9,20,20,61,12,39,90,122,39,147,123,44,9,11,5,13,26,14,42,11,23,42,11,23,110,249,35,0,1,7,20,20,25,46,45,40,127,69,89,47,154,46,10,20,35,70,148,8,3,9,17,16,20,25,26,23,42,64,27,52,29,69
632,62,10,12,8,4,26,7,9,38,27,121,38,27,254,118,122,6,3,2,24,3,28,27,31,40,102,107,40,169,127,142,8,2,12,22,8,29,24,20,46,70,98,40,27,46,15,16,32,64,127,255,1,1,2,15,11,5,26,27,27,58,23,84,75,62,48
633,44,10,12,8,4,26,21,35,58,31,35,58,31,104,143,132,6,3,2,24,27,28,27,31,2,95,31,72,51,73,173,8,2,12,24,16,17,41,59,12,79,68,75,243,222,181,16,32,62,123,248,1,1,2,15,11,5,35,25,33,28,22,24,5,10,3
634,28,6,7,9,26,30,14,16,14,9,127,20,9,53,245,42,13,7,3,22,8,22,43,41,27,84,41,82,149,210,217,3,6,2,4,4,10,1,25,29,93,90,98,71,83,253,13,27,54,105,218,2,2,3,1,9,12,33,28,38,8,20,80,84,81,24
635,11,1,1,13,5,25,9,45,1,18,17,91,102,120,57,51,12,2,10,14,30,5,63,13,38,63,90,38,141,58,4,6,13,4,2,3,1,3,22,9,27,13,58,206,176,14,13,27,52,101,212,0,0,0,4,3,0,7,2,0,97,92,86,109,127,128
636,28,2,14,3,23,21,4,49,10,26,39,33,26,137,196,206,0,7,3,26,31,24,31,26,43,88,103,67,106,111,65,0,1,7,4,4,10,5,35,37,75,72,76,130,160,234,9,15,23,50,104,12,10,11,30,10,26,47,45,43,115,74,87,233,148,113
637,52,14,14,4,23,9,1,39,44,26,39,126,26,113,108,213,15,14,11,29,31,27,25,48,39,85,126,113,238,240,249,0,1,7,4,4,10,61,35,39,50,20,45,130,36,200,13,27,52,99,207,8,10,11,30,10,26,47,45,43,38,43,40,94,216,154
638,17,6,11,2,26,30,24,24,31,20,24,56,68,37,84,124,2,6,15,2,15,18,54,4,15,115,76,115,93,132,98,0,1,7,9,4,10,16,48,59,38,35,55,245,90,61,6,11,17,39,86,3,7,1,3,4,3,44,52,59,84,83,82,88,90,84
639,30,11,15,5,10,17,3,51,31,14,4,95,85,7,238,144,7,12,13,7,23,7,5,53,61,5,115,88,177,128,165,9,9,9,0,31,15,15,50,19,112,103,29,71,183,253,14,29,57,114,233,4,4,4,2,2,2,5,30,5,11,55,28,87,69,144
640,8,12,8,7,15,18,29,46,42,51,87,104,51,93,86,176,4,5,1,5,4,31,38,62,55,38,104,55,78,186,102,3,6,2,31,5,4,48,21,6,52,110,99,48,48,18,1,2,2,5,14,2,2,3,1,1,1,14,24,22,86,10,99,127,123,95
641,24,4,14,3,31,7,4,38,52,23,116,120,70,176,166,240,8,15,14,18,16,13,18,17,16,18,17,16,14,14,13,5,3,6,23,6,20,25,30,7,21,106,52,13,114,118,9,17,27,55,117,14,14,12,28,28,27,31,34,29,13,11,14,1,1,1
642,16,12,8,7,15,18,12,46,42,60,46,16,60,119,236,253,4,5,1,5,4,31,38,5,12,113,75,112,4,145,60,3,6,2,31,5,4,48,21,6,55,127,127,15,155,40,1,2,2,4,11,2,2,3,1,1,1,14,24,22,16,52,19,61,167,75
643,10,1,0,13,5,1,9,44,1,12,100,5,38,120,175,82,12,2,10,14,30,5,63,13,38,63,90,106,109,242,79,6,13,4,2,3,1,3,22,9,27,13,58,16,210,196,3,6,8,17,42,0,0,0,4,3,0,7,2,0,96,89,88,168,112,86
644,60,13,7,14,3,15,27,3,35,17,3,35,17,74,220,12,11,8,9,9,9,8,8,7,11,8,7,11,8,8,243,4,4,8,21,11,0,39,32,10,20,18,50,71,151,253,5,9,14,30,70,13,13,14,26,25,25,23,23,20,6,6,8,0,0,0
645,13,10,12,4,4,26,21,12,58,31,121,105,126,104,233,132,6,3,2,24,27,28,27,31,2,95,31,72,51,194,173,8,2,12,24,16,17,41,59,12,79,124,75,243,222,31,3,7,11,22,50,1,1,2,15,11,5,35,25,33,28,22,24,5,10,3
646,13,0,4,15,0,9,16,52,25,40,52,8,122,33,116,58,0,7,3,26,31,24,45,19,58,75,19,58,81,82,70,15,15,15,4,4,10,2,63,4,53,44,125,41,144,122,13,26,50,96,202,4,11,4,8,8,9,58,3,57,87,102,102,192,132,140
647,15,12,8,7,15,18,29,46,42,11,46,42,92,215,88,109,4,5,1,5,4,31,38,5,12,113,75,112,4,145,60,3,6,2,31,5,4,48,21,23,55,94,127,255,211,246,1,2,3,6,16,2,2,3,1,1,1,14,24,22,16,10,19,108,9,147
648,13,8,2,4,28,4,8,12,3,52,113,103,120,205,168,95,15,14,11,0,20,3,39,47,13,118,47,13,79,12,190,0,1,7,20,1,25,63,61,35,104,0,65,242,47,178,13,24,44,85,179,6,3,8,10,15,14,41,33,46,57,48,61,85,116,43
649,32,6,11,2,20,12,11,19,4,22,19,4,117,82,205,85,2,6,15,2,15,18,2,44,46,2,44,46,100,4,27,13,14,13,11,21,21,40,33,31,60,117,30,194,189,124,6,10,15,31,72,3,7,1,13,14,15,16,16,12,9,8,9,2,4,12
650,9,15,6,11,11,0,28,22,0,30,84,127,30,67,234,224,3,0,4,3,0,4,26,0,4,26,105,90,3,0,139,2,5,5,8,19,16,7,51,49,22,46,44,200,203,67,7,12,18,42,91,7,6,7,7,6,8,0,0,1,32,28,16,44,35,35
651,57,7,5,8,25,3,2,37,2,21,97,111,75,90,97,182,6,3,2,10,17,21,34,55,31,34,55,95,254,118,58,12,8,1,7,9,14,44,37,44,56,90,61,71,160,253,15,30,59,117,239,1,1,2,0,0,4,17,13,10,62,62,11,153,153,153
652,31,0,4,15,21,2,18,48,8,56,48,84,56,14,156,80,5,4,12,11,12,12,46,60,48,46,60,48,65,66,48,15,15,15,16,30,13,50,39,27,25,107,86,39,156,65,12,23,41,79,166,5,11,10,8,8,9,37,3,37,21,26,33,11,41,16
653,1,11,13,5,8,29,3,4,32,3,78,114,3,189,91,13,7,12,13,7,23,7,5,53,20,5,115,88,177,113,53,9,9,9,0,31,15,58,16,62,48,30,68,203,142,94,14,29,56,111,228,4,4,4,2,2,2,29,30,30,3,16,21,36,14,47
654,19,14,10,0,14,23,19,34,18,19,102,18,19,9,203,178,10,9,8,12,14,11,14,15,10,14,64,10,18,16,120,11,12,0,26,25,2,52,13,30,4,9,12,2,24,2,8,14,22,49,103,12,10,11,23,18,18,15,15,19,2,3,3,8,13,6
655,45,10,5,8,4,26,7,57,13,44,117,13,44,234,223,22,6,3,2,30,3,2,4,52,9,92,52,68,63,17,220,12,8,1,18,27,18,31,4,58,5,24,56,182,16,84,16,32,63,124,251,1,1,2,0,0,5,24,22,21,17,27,15,15,19,19
656,39,15,9,11,11,6,23,63,53,50,92,53,71,31,39,104,3,0,4,25,25,23,3,27,29,3,65,29,20,27,34,7,0,10,25,18,8,38,43,34,64,84,41,114,25,155,7,13,20,45,95,7,6,7,19,21,19,6,8,7,5,7,7,12,130,9
657,8,1,9,3,2,28,26,14,10,37,126,10,24,48,79,35,1,2,10,14,30,5,10,13,38,65,112,117,191,89,138,6,13,4,4,4,10,34,57,45,111,54,76,229,11,187,13,26,49,93,194,0,0,0,4,3,10,7,40,0,81,87,23,93,96,101
658,20,6,11,2,26,30,24,24,23,20,81,107,20,16,255,124,2,6,15,19,15,18,32,16,15,116,16,111,172,121,232,0,1,7,9,7,10,22,60,53,115,121,76,235,225,58,6,11,17,37,84,10,7,1,13,10,23,28,35,28,75,65,44,106,139,152
659,54,3,7,6,26,13,6,20,60,1,74,123,79,200,138,4,13,13,6,22,8,22,51,30,24,51,78,24,75,202,247,0,1,7,4,4,10,42,11,43,116,70,104,230,145,63,13,27,52,101,209,9,8,6,5,5,7,55,32,51,64,63,54,47,58,52
660,42,2,9,3,2,28,26,6,6,49,6,6,66,140,254,84,8,10,7,6,7,10,36,35,63,114,119,108,222,235,255,15,15,15,13,7,24,60,9,36,124,90,76,221,103,254,9,15,23,50,104,5,5,5,6,24,6,30,18,24,29,30,30,145,147,229
661,1,2,14,3,2,28,16,14,10,36,71,10,52,135,154,78,15,14,11,26,31,24,62,43,3,124,81,43,46,88,74,0,1,7,4,4,10,5,1,37,107,57,109,93,84,145,13,26,49,93,194,5,10,11,6,18,18,59,54,58,80,80,59,119,102,100
662,23,7,5,8,25,3,2,37,2,21,97,2,75,43,2,169,6,3,2,10,17,21,34,55,31,34,55,95,254,118,58,12,8,1,7,9,14,44,37,44,18,1,16,210,202,221,15,30,59,117,240,1,1,2,0,0,4,17,13,10,14,12,11,20,28,11
663,28,9,8,12,13,27,12,30,24,53,49,20,64,160,95,140,4,5,1,5,4,31,6,23,36,6,82,36,29,5,178,3,6,2,15,2,28,5,1,37,31,22,98,131,146,243,9,18,30,59,126,2,2,3,12,9,12,50,12,38,40,117,119,181,177,174
664,23,7,5,8,25,3,2,37,2,21,97,2,21,43,2,158,6,3,2,10,17,21,34,55,31,34,55,31,162,44,164,12,8,1,7,9,14,44,37,44,18,1,16,172,98,183,15,30,59,117,240,1,1,2,0,0,4,17,13,10,14,12,11,20,28,11
665,51,12,8,7,15,18,12,27,16,32,64,24,73,134,131,118,4,5,1,5,4,15,21,5,12,113,62,12,124,39,200,3,6,2,31,5,4,21,0,23,7,60,5,139,64,239,1,2,3,6,15,2,2,3,1,1,1,4,4,4,41,25,1,45,20,37
666,18,7,5,8,25,3,2,57,2,6,57,111,75,8,206,239,6,3,2,30,3,2,4,6,9,4,6,9,221,46,36,12,8,1,7,9,14,17,37,1,56,4,61,136,102,210,15,30,60,119,244,1,1,2,0,0,5,24,22,21,89,54,107,49,111,135
667,52,8,2,4,28,9,1,39,3,25,39,3,25,199,20,213,15,14,11,29,29,27,25,48,39,96,74,45,160,31,37,0,1,7,4,1,10,61,35,39,91,20,63,177,221,56,13,27,51,98,205,8,7,9,30,10,26,47,45,43,38,43,40,68,83,56
668,55,1,1,13,7,25,5,29,22,48,99,22,48,69,151,247,12,2,10,14,21,17,29,61,35,29,61,35,38,37,42,6,13,4,29,24,27,47,55,15,93,65,88,133,61,26,3,5,7,13,33,0,0,0,22,3,16,27,29,26,30,31,29,6,6,5
669,56,13,7,6,27,14,6,52,28,58,72,115,65,12,105,110,13,13,6,16,28,9,13,30,6,94,30,84,13,77,137,0,1,7,1,0,22,57,11,14,59,33,123,86,57,141,13,26,50,97,204,9,8,6,5,5,7,3,6,2,63,37,45,121,21,132
670,0,1,1,13,5,25,9,45,5,18,112,5,112,96,175,221,12,2,10,14,30,5,63,13,38,63,90,38,244,15,244,6,13,4,2,3,1,3,22,9,11,13,18,249,86,17,3,6,8,17,42,0,0,0,4,3,0,20,2,0,113,97,64,142,51,151
671,55,1,1,1,5,25,15,5,5,34,5,7,77,185,190,172,12,2,10,31,10,17,10,46,49,109,96,49,83,47,45,6,13,4,2,3,1,49,38,56,123,73,70,208,254,68,3,6,8,17,39,0,0,0,4,16,0,45,2,42,95,79,86,109,127,126
672,33,5,3,10,19,19,13,41,27,47,41,27,47,182,18,10,14,6,0,23,6,0,12,49,54,80,49,54,142,56,91,10,10,3,27,28,30,56,19,3,68,21,27,12,109,119,4,8,13,29,65,3,9,1,3,4,3,42,42,40,31,29,34,16,15,17
673,8,1,0,13,1,22,17,1,11,10,1,106,107,243,44,61,1,2,10,1,2,25,1,2,17,105,2,17,134,229,59,6,13,4,30,13,23,19,14,41,1,102,95,71,160,209,1,2,4,7,19,0,0,0,9,7,10,1,1,3,55,0,2,62,45,112
674,8,2,9,3,28,30,1,16,49,46,20,49,106,186,81,235,0,7,3,26,31,24,58,10,27,76,98,27,203,104,109,0,1,7,4,4,10,33,40,60,49,3,15,71,21,253,13,25,46,88,184,6,15,6,25,10,23,46,47,48,92,42,106,133,108,162
675,56,13,7,6,27,14,6,8,43,62,118,123,113,164,105,4,15,14,11,29,8,27,25,48,39,85,126,113,238,240,249,0,1,7,10,20,6,32,49,54,109,75,48,71,212,189,10,19,33,66,142,8,12,9,11,23,11,12,14,13,4,2,5,218,200,195
676,22,3,7,1,7,13,5,29,22,48,99,22,48,69,181,42,12,2,10,31,21,17,53,28,35,82,28,85,98,151,88,6,13,4,29,24,27,47,23,15,93,65,88,133,61,87,3,5,7,14,35,0,0,6,22,29,16,27,29,26,73,90,80,84,81,91
677,25,6,11,2,26,30,24,24,23,20,96,70,9,30,255,161,14,6,0,23,6,0,12,49,54,80,49,54,167,56,91,10,10,3,27,28,30,56,19,3,68,21,27,34,1,60,9,18,30,59,126,3,9,1,3,4,3,42,42,40,31,29,34,16,15,17
678,9,15,9,11,11,6,23,63,48,29,63,48,88,80,82,17,3,0,4,25,25,23,3,27,29,3,27,29,212,167,242,7,0,10,25,18,8,9,53,26,54,63,11,24,19,70,7,13,19,44,94,7,6,7,19,21,19,6,8,7,5,7,7,31,2,29
679,17,8,15,9,12,4,8,43,45,33,51,45,33,132,70,114,0,7,3,4,19,16,19,45,47,19,45,47,234,78,73,0,1,7,9,1,10,33,40,60,84,89,105,124,20,117,13,27,52,101,210,1,3,8,18,15,13,13,31,16,34,13,39,67,156,190
680,62,7,14,8,23,21,4,55,29,27,55,101,18,244,217,99,6,3,2,10,17,21,33,39,60,79,72,75,135,115,166,12,8,1,4,4,10,59,44,47,47,48,83,60,22,161,3,7,11,22,51,1,1,2,24,0,4,22,9,9,54,56,31,212,42,46
681,34,8,2,4,9,4,8,61,12,39,68,122,120,42,3,218,9,14,5,29,29,27,11,33,32,101,97,74,132,42,224,0,1,7,20,20,25,46,45,40,127,69,89,254,157,199,10,20,35,70,148,8,3,9,17,16,20,25,33,23,42,46,42,140,59,85
682,33,5,3,10,26,30,14,36,57,20,58,56,68,50,31,10,14,6,0,23,6,0,12,49,0,80,49,54,68,131,218,10,10,3,4,4,10,10,58,4,124,90,38,25,21,130,4,8,13,28,64,3,9,1,3,4,3,42,42,40,31,29,34,201,185,157
683,35,1,1,13,18,31,22,17,30,28,79,124,28,6,37,24,1,2,10,17,22,26,22,21,21,22,21,21,206,170,66,1,7,11,19,22,5,20,10,16,2,32,14,62,178,230,2,3,5,9,24,11,0,13,21,22,21,10,11,11,0,1,0,7,3,2
684,46,12,8,7,15,18,29,46,42,60,87,42,60,11,88,253,4,5,1,5,4,31,38,62,55,38,75,55,211,251,240,3,6,2,31,5,4,48,21,6,30,94,127,76,234,108,1,2,2,4,11,2,2,3,1,1,1,14,24,22,16,10,19,108,9,149
685,26,6,11,2,26,30,0,10,56,0,89,79,97,124,158,112,2,6,15,19,15,18,32,16,15,116,16,111,126,231,181,0,1,7,9,4,10,55,15,24,63,40,97,61,104,36,6,11,16,35,79,3,7,1,13,14,28,48,44,49,52,57,48,198,108,119
686,31,0,4,15,21,2,18,18,36,59,18,93,59,247,21,119,5,4,12,11,12,12,46,60,48,100,127,48,247,162,174,15,15,15,16,30,13,50,39,27,110,59,60,39,244,102,12,23,41,79,166,5,11,10,8,8,9,37,3,37,21,26,33,11,55,72
687,11,1,1,13,5,25,9,45,19,37,126,1,95,48,112,177,1,2,10,1,30,5,10,13,38,65,112,117,176,89,138,6,13,4,30,13,23,34,57,45,111,54,28,229,11,111,3,4,6,12,32,0,0,0,4,7,0,7,40,0,27,87,23,37,54,101
688,56,13,7,6,27,14,6,25,28,58,88,28,58,127,48,4,13,13,6,16,28,9,13,12,6,13,12,6,227,11,11,0,1,7,1,0,22,0,42,61,59,83,106,86,148,10,11,22,40,76,160,9,8,6,5,5,7,3,6,2,20,37,17,18,21,63
689,62,10,12,8,4,26,7,57,38,27,121,67,27,63,111,151,6,3,2,30,3,2,4,6,9,4,71,9,155,230,228,12,8,1,18,27,18,10,58,4,5,104,81,85,208,31,16,32,64,128,256,1,1,2,15,11,5,26,27,27,58,23,56,65,62,61
690,15,1,1,13,5,1,9,45,5,18,112,5,112,120,24,51,12,2,10,14,30,5,63,13,38,63,90,38,141,58,4,6,13,4,2,3,1,3,22,9,27,13,58,121,62,112,3,6,8,17,41,0,0,0,4,3,0,20,2,0,96,89,88,162,112,86
691,17,11,13,5,8,29,30,31,32,35,65,65,35,24,162,57,7,12,13,21,5,29,28,22,37,28,22,87,22,226,26,9,9,9,5,17,3,23,28,17,23,27,77,244,131,99,14,28,55,107,221,4,4,4,20,20,22,11,17,17,1,5,4,4,7,7
692,14,12,8,7,15,18,12,27,24,60,46,24,60,166,87,134,4,5,1,5,4,31,38,5,12,113,62,112,201,116,211,3,6,2,31,5,4,21,0,23,124,90,76,15,215,40,1,2,3,6,17,2,2,3,1,1,1,4,4,4,88,52,110,207,222,134
693,52,2,14,3,28,9,1,39,21,63,39,126,64,113,47,213,15,14,11,29,8,27,25,48,39,25,74,39,45,175,83,0,1,7,4,4,10,61,35,39,50,20,45,236,36,200,13,27,51,98,206,8,7,9,30,10,26,47,45,43,38,43,40,94,99,136
694,9,15,6,11,11,0,28,11,41,57,84,75,100,39,56,7,3,0,4,3,0,4,26,0,4,26,105,4,153,199,219,2,5,5,8,19,16,10,58,4,15,111,76,54,7,253,16,32,64,125,253,7,6,7,7,6,8,0,0,1,47,28,101,247,178,176
695,55,1,1,1,5,1,9,45,5,18,112,5,77,96,24,126,12,2,10,14,30,5,63,13,5,117,101,5,9,87,140,6,13,4,2,3,1,3,22,9,87,95,117,11,68,164,3,6,8,15,36,0,0,0,4,3,0,20,2,0,35,36,43,19,33,50
696,0,1,1,1,30,1,15,59,5,38,112,5,77,229,28,126,12,2,10,14,30,5,63,13,5,117,101,5,9,155,104,6,13,4,2,3,1,3,22,9,87,95,117,11,68,164,3,6,8,15,36,0,0,0,4,3,0,20,2,0,35,36,43,19,33,50
697,52,3,2,4,28,9,1,39,62,1,39,77,113,201,48,229,15,14,11,29,8,27,25,48,39,25,74,113,90,83,214,0,1,7,4,20,10,61,35,39,50,20,45,177,221,200,13,27,52,101,212,8,7,9,30,10,26,47,45,43,38,43,40,94,99,56
698,8,3,15,9,26,9,16,10,49,9,10,79,49,16,237,125,0,7,3,7,11,7,55,3,30,86,3,30,174,190,144,0,1,7,4,4,10,10,58,4,124,90,76,71,160,100,3,7,11,26,60,4,1,6,31,29,28,48,57,44,90,76,94,124,106,167
699,59,11,13,5,8,29,3,4,32,3,31,32,98,223,135,167,7,12,13,21,5,29,5,53,20,64,114,20,57,171,207,9,9,9,0,31,15,58,16,62,124,34,64,146,191,177,14,28,55,109,224,4,4,4,2,2,2,29,30,30,3,16,21,135,14,13
700,38,8,12,9,12,4,8,43,45,33,43,110,33,40,70,60,0,7,3,4,19,16,19,45,47,19,45,86,168,79,201,0,1,7,9,1,10,10,58,4,99,5,120,187,101,113,13,24,43,82,172,6,3,8,18,15,13,13,31,16,34,13,39,184,64,169
701,30,11,13,5,8,29,30,31,32,35,65,65,35,131,162,57,7,12,13,21,5,29,28,22,37,28,22,87,22,226,26,9,9,9,5,17,3,23,28,17,23,27,22,185,159,194,14,28,55,107,221,4,4,4,20,20,22,11,17,17,1,5,4,4,7,7
702,48,15,6,11,11,5,28,13,9,30,93,9,115,121,218,147,3,0,4,3,0,4,26,0,4,66,117,4,230,143,143,2,5,5,8,19,16,7,51,49,6,78,9,190,175,0,7,12,18,40,89,7,6,7,7,6,8,0,0,1,82,45,57,58,57,71
703,13,8,2,4,12,4,8,47,3,25,113,103,120,168,221,96,15,14,11,0,20,3,39,47,13,118,47,13,79,12,190,0,1,7,20,1,25,63,61,35,104,0,65,164,47,146,13,24,44,84,177,6,3,8,10,15,14,41,33,46,57,48,61,77,59,43
704,18,7,5,8,25,3,2,57,13,44,57,111,2,234,223,123,6,3,2,30,3,2,4,6,9,4,71,9,5,241,36,12,8,1,18,27,18,31,4,58,56,24,61,165,192,100,15,30,60,118,242,1,1,2,0,0,5,24,22,21,17,27,15,160,241,240
705,39,15,9,11,11,6,23,63,48,29,63,48,88,80,82,17,3,0,4,25,25,23,3,27,29,3,65,29,226,167,134,7,0,10,25,18,8,9,53,26,54,63,11,24,19,70,7,13,19,44,94,7,6,7,19,21,19,6,8,7,5,7,7,31,2,29
706,54,2,9,3,2,28,16,15,14,5,80,92,62,197,160,140,12,2,10,31,10,17,53,46,49,110,96,49,83,193,45,0,1,7,4,4,10,10,58,4,124,90,76,71,160,54,14,29,57,114,233,0,0,0,31,29,28,48,56,49,126,95,105,209,242,119
707,15,9,8,12,13,27,12,30,20,53,30,85,53,193,33,111,4,5,1,5,4,15,21,50,62,103,50,62,210,96,213,3,6,2,15,2,28,1,12,50,37,42,26,67,34,16,1,2,4,8,20,2,2,3,12,9,12,8,12,14,19,15,22,43,160,14
708,56,13,7,6,27,14,6,25,28,58,88,21,58,83,171,220,13,13,6,16,28,9,13,12,6,13,12,6,130,184,222,0,1,7,1,0,22,0,42,61,101,113,35,250,33,241,11,22,40,77,161,9,8,6,5,5,7,3,6,2,20,33,17,66,18,27
709,6,1,1,13,5,21,9,33,1,55,33,96,55,21,153,125,0,7,3,26,11,24,35,42,8,35,95,114,140,94,251,0,1,7,4,4,10,5,1,37,61,88,74,142,246,229,9,18,29,57,122,5,5,5,24,26,31,29,55,55,103,60,58,71,46,47
710,32,6,11,2,20,12,11,19,17,22,19,4,22,82,94,29,2,6,15,2,15,18,2,44,46,2,44,46,100,4,27,13,14,13,11,21,21,40,33,31,60,117,30,194,32,25,6,10,15,31,72,3,7,1,13,14,15,16,16,12,9,8,9,2,4,12
711,54,13,7,6,27,14,6,52,60,1,74,123,1,200,138,244,13,13,6,22,8,22,51,30,24,93,48,118,123,53,247,0,1,7,4,4,10,42,35,43,10,67,43,107,133,63,13,27,52,99,207,9,8,6,5,5,26,55,32,51,72,63,75,47,58,52
712,35,1,1,13,18,31,22,17,47,28,79,47,28,6,37,24,1,2,10,17,22,26,22,21,21,22,21,21,224,170,66,1,7,11,19,22,5,20,10,16,2,32,14,64,3,6,2,3,5,9,24,11,0,13,21,22,21,10,11,11,0,1,0,7,3,2
713,62,10,12,8,4,26,7,9,38,27,121,38,27,254,118,122,6,3,2,24,3,28,27,31,40,102,107,40,107,52,118,8,2,12,22,8,29,24,20,46,70,98,40,27,46,15,16,32,64,128,256,1,1,2,15,11,5,26,27,27,58,23,84,75,62,48
714,22,12,8,7,7,18,5,29,22,48,10,19,11,105,181,42,12,2,10,31,21,17,53,28,35,82,28,85,98,151,88,6,13,4,29,24,27,47,23,15,124,19,122,166,61,253,3,5,7,14,35,0,0,3,22,29,16,27,29,26,30,31,29,155,166,212
715,25,14,10,2,6,21,0,26,10,16,71,44,16,237,187,98,2,6,15,2,15,18,52,4,15,108,79,73,190,86,86,0,1,7,12,4,11,5,1,37,94,96,101,71,180,253,9,18,31,61,129,3,9,1,3,4,3,2,58,52,93,98,100,114,120,108
716,1,11,15,5,0,17,16,40,25,14,40,10,124,217,8,241,7,12,13,7,23,7,55,3,61,81,124,61,7,3,149,9,9,9,0,31,15,15,50,19,9,103,29,231,207,158,13,26,49,94,197,4,4,4,2,2,2,5,7,5,11,106,109,205,199,137
717,6,4,14,2,31,7,4,38,52,23,116,120,70,128,127,240,8,15,14,18,16,13,18,17,16,18,17,16,14,14,13,5,3,6,23,6,20,25,30,7,21,106,52,78,95,105,9,17,27,55,116,14,14,12,28,28,27,31,34,29,13,11,14,1,1,1
718,14,10,12,8,4,26,21,35,58,31,121,58,31,22,143,132,6,3,2,24,27,28,27,31,2,102,31,40,107,194,52,8,2,12,24,16,17,41,59,12,79,68,75,243,222,31,16,32,62,123,248,1,1,2,15,11,5,35,25,33,28,22,24,5,10,3
719,19,14,10,0,14,23,19,34,18,19,34,118,19,180,203,234,10,9,8,12,14,11,14,15,10,14,64,10,18,16,120,11,12,0,26,25,2,52,13,30,4,9,12,2,14,97,8,14,22,49,103,12,10,11,23,18,18,15,15,19,2,3,3,8,92,6
720,17,11,15,5,10,17,3,40,31,14,40,50,124,136,8,165,7,12,13,7,23,7,55,3,61,81,124,126,202,195,184,9,9,9,0,31,15,15,50,19,9,103,7,231,207,158,14,29,57,113,231,4,4,4,2,2,2,49,48,5,107,55,90,156,105,137
721,15,15,6,11,11,0,28,11,41,57,122,41,100,221,56,7,3,0,4,3,0,4,26,0,4,26,105,90,111,0,139,2,5,5,8,19,16,51,8,13,92,122,66,92,129,76,7,12,18,42,92,7,6,7,7,6,8,0,0,1,47,14,16,83,95,77
722,4,12,8,7,15,18,29,46,16,32,46,80,73,105,230,6,12,2,10,31,21,17,40,40,49,40,40,65,178,243,55,6,13,4,4,4,10,10,54,4,71,92,49,166,160,253,3,6,8,16,38,2,2,3,22,31,16,51,53,56,71,72,78,72,66,64
723,63,8,2,4,0,9,1,16,3,7,25,73,7,242,75,31,0,7,3,26,13,24,37,57,25,37,57,69,35,32,125,0,1,7,9,1,10,27,46,51,36,99,54,218,161,228,13,27,54,104,216,10,3,8,27,27,13,54,37,34,46,44,46,23,25,40
724,42,2,9,3,1,22,17,15,59,10,69,102,95,159,44,140,6,3,2,24,3,28,27,31,40,74,66,100,27,25,38,6,13,4,30,13,23,19,14,41,124,26,19,170,160,51,16,32,64,125,253,0,0,0,9,7,10,1,1,3,44,0,72,41,225,49
725,36,3,2,4,9,8,10,5,43,4,5,43,113,99,172,55,15,1,11,29,29,27,30,32,18,69,32,18,17,105,54,0,1,7,4,20,10,10,58,4,124,90,76,71,160,253,10,19,34,68,145,8,12,9,17,17,11,32,14,42,45,46,42,237,206,233
726,35,1,1,13,18,31,22,17,47,28,79,124,28,6,37,24,1,2,10,17,22,26,22,21,21,22,21,21,224,170,66,1,7,11,19,22,5,20,10,16,2,32,14,62,178,230,2,3,5,9,24,11,0,13,21,22,21,10,11,11,0,1,0,7,3,2
727,60,13,7,14,3,15,27,3,35,17,3,35,17,19,220,12,11,8,9,9,9,8,8,7,11,8,7,11,8,8,243,4,4,8,21,11,0,39,32,10,20,18,50,17,5,33,5,9,14,30,70,13,13,14,26,25,25,23,23,20,6,6,8,0,0,0
728,60,13,7,14,3,15,27,3,35,17,3,35,17,74,220,12,11,8,9,9,9,8,8,7,11,8,7,11,8,8,243,4,4,8,21,11,0,39,32,10,20,18,50,17,5,33,5,9,14,30,70,13,13,14,26,25,25,23,23,20,6,6,8,0,0,0
729,13,8,2,4,28,9,1,12,3,52,12,119,86,122,1,105,15,14,11,0,20,3,41,9,45,41,99,80,99,34,159,0,1,7,4,1,10,30,52,55,95,120,4,161,169,201,13,26,49,95,200,6,3,8,10,13,14,21,20,25,37,50,49,120,39,170
730,45,10,5,8,4,26,7,57,13,44,117,13,44,234,223,22,6,3,2,30,3,2,4,52,9,92,52,68,63,17,220,12,8,1,18,27,18,31,4,58,5,24,56,182,16,84,16,32,63,124,251,1,1,2,0,0,5,24,22,21,17,27,15,15,19,19
731,28,9,8,12,13,27,12,30,20,53,30,85,53,34,73,139,4,5,1,5,4,31,6,23,36,6,82,36,29,5,32,3,6,2,15,2,28,1,12,50,37,42,98,14,195,16,1,2,4,8,22,2,2,3,12,9,12,8,28,14,8,20,22,191,50,14
732,40,2,9,3,2,28,26,6,54,49,6,89,101,228,197,84,8,10,7,6,7,10,7,34,7,68,87,7,34,7,85,15,15,15,4,29,31,36,1,0,97,15,103,50,242,95,9,15,23,50,106,5,5,5,6,24,6,30,18,24,24,30,20,24,24,21
733,14,10,5,8,4,26,7,55,29,27,55,71,27,22,208,187,6,3,2,10,17,21,33,39,60,79,72,75,135,63,94,12,8,1,7,9,14,59,44,47,45,114,17,196,208,45,15,30,58,115,235,1,1,2,0,0,4,22,9,9,54,56,31,60,42,46
734,59,11,13,5,8,29,3,4,32,3,78,114,3,189,77,13,7,12,13,7,23,7,5,53,20,64,114,20,57,38,53,9,9,9,0,31,15,58,16,62,48,30,68,127,142,94,14,29,56,111,228,4,4,4,2,2,2,29,30,30,3,16,21,36,14,13
735,50,15,6,11,11,0,28,11,41,57,122,41,100,67,16,224,3,0,4,3,0,4,26,0,4,26,105,90,111,0,139,2,5,5,8,19,16,7,51,49,15,12,44,53,7,187,9,15,23,50,105,7,6,7,7,6,8,0,0,1,32,28,16,39,36,57
736,9,15,9,11,11,6,23,63,53,50,63,64,88,80,82,162,3,0,4,25,25,23,3,27,29,3,65,29,226,167,134,7,0,10,25,18,8,9,53,26,54,63,11,232,110,186,7,13,19,44,94,7,6,7,19,21,19,6,8,7,5,7,7,12,2,9
737,56,13,7,6,27,14,6,25,28,58,88,28,58,83,171,220,13,13,6,16,28,9,13,12,6,13,12,6,130,184,222,0,1,7,1,0,22,0,42,61,101,113,35,250,33,241,11,22,40,77,161,9,8,6,5,5,7,3,6,2,20,33,17,66,18,27
738,8,12,8,7,15,18,29,46,42,51,87,104,67,215,159,53,4,11,1,20,18,19,17,14,22,17,14,22,114,26,20,14,11,2,31,5,4,62,47,28,19,87,42,76,234,108,1,2,2,5,14,2,2,15,29,30,29,34,36,32,23,24,25,26,32,28
739,58,2,9,3,2,28,26,6,54,49,6,89,101,58,76,84,8,10,7,6,7,10,7,34,7,68,87,7,34,7,85,15,15,15,4,29,31,36,1,0,97,15,103,50,242,95,9,15,23,50,106,5,5,5,6,24,6,30,18,24,24,30,20,24,24,21
740,13,13,2,4,28,9,1,12,21,63,25,82,63,207,110,249,15,14,11,29,29,27,30,33,32,96,33,32,33,198,157,0,1,7,4,4,10,4,27,38,67,90,76,219,136,21,13,27,54,103,215,6,12,6,10,13,11,40,38,36,61,38,83,103,93,67
741,52,8,2,4,21,9,1,39,62,63,39,82,68,201,47,213,15,14,11,29,29,27,25,48,39,96,74,45,160,31,37,0,1,7,4,20,10,61,58,39,91,20,63,71,221,56,13,27,51,98,205,8,7,6,30,10,26,47,45,43,38,43,40,68,83,56
742,42,7,5,8,25,3,2,37,2,21,97,2,21,43,224,45,6,3,2,10,17,21,34,55,31,67,55,31,162,44,5,12,8,1,7,9,14,44,58,44,5,90,76,211,160,253,15,30,58,116,236,1,1,2,0,0,4,17,13,10,14,12,63,20,124,11
743,38,8,2,4,12,4,8,5,45,33,5,87,111,5,72,99,15,14,11,29,29,27,30,32,18,69,32,110,213,120,99,0,1,7,4,4,10,10,58,4,124,90,76,71,160,253,10,19,33,66,141,6,3,5,24,26,17,41,33,45,68,68,67,226,116,196
744,43,10,12,5,24,26,7,28,39,13,111,39,72,94,132,204,4,11,1,20,18,19,17,14,22,17,14,22,25,152,163,14,11,14,14,12,7,6,3,25,46,11,33,56,174,30,16,31,61,120,245,15,15,15,29,30,29,34,36,32,23,24,25,81,88,87
745,51,12,8,7,15,18,12,27,16,32,64,24,73,134,131,90,4,5,1,5,4,15,21,5,12,113,62,12,124,39,200,3,6,2,31,5,4,21,0,23,7,60,5,139,64,253,1,2,3,6,17,2,2,3,1,1,1,4,4,4,10,25,1,45,20,37
746,2,2,9,3,2,28,26,8,54,26,8,54,93,144,108,117,15,14,11,26,31,24,47,58,59,78,100,59,148,161,128,0,1,7,4,4,10,10,1,4,124,90,76,71,160,11,9,15,23,50,105,5,5,5,6,17,6,32,10,13,105,2,103,232,221,188
747,5,6,11,2,6,30,24,24,56,8,119,115,65,52,128,71,13,13,6,16,28,9,49,30,57,49,110,57,84,160,80,0,1,7,4,4,10,57,23,14,96,2,2,99,143,134,13,26,50,97,203,10,5,5,22,19,7,60,59,60,77,68,92,149,65,196
748,37,7,5,8,25,3,2,7,2,2,109,100,2,92,120,79,6,3,2,10,17,21,33,39,34,33,39,34,252,135,141,12,8,1,7,9,14,35,31,2,35,77,110,43,106,69,15,30,60,118,241,1,1,2,0,0,4,22,9,9,43,39,38,42,22,45
749,45,10,5,8,4,26,7,57,13,44,117,13,13,66,223,123,6,3,2,30,3,2,4,52,9,92,52,68,63,17,220,12,8,1,18,27,18,31,4,58,5,24,56,182,16,84,16,32,63,124,251,1,1,2,0,0,5,24,22,21,17,27,15,15,19,19
750,22,12,8,7,15,18,12,27,16,11,64,24,11,181,87,253,4,5,1,5,4,31,6,23,36,6,82,36,29,5,32,3,6,2,31,5,4,10,58,4,124,19,122,71,34,125,1,1,1,1,1,2,2,3,1,1,1,4,4,4,88,126,116,155,166,226
751,24,4,14,2,31,7,4,38,52,23,116,120,70,128,127,240,8,15,14,18,16,13,18,17,16,18,17,16,14,14,13,5,3,6,23,6,20,25,30,7,21,106,52,71,160,253,9,17,27,55,116,14,14,12,28,28,27,31,34,29,13,11,14,1,1,1
752,19,14,10,0,14,23,19,21,18,19,21,18,19,250,194,54,10,9,8,12,14,11,14,15,10,14,64,10,117,177,10,11,12,0,26,25,2,45,7,8,51,16,24,106,67,13,8,14,22,49,102,12,10,11,23,18,18,15,15,19,2,3,3,22,37,26
753,16,9,8,7,1,22,29,46,42,60,46,42,67,119,210,148,1,2,10,1,2,25,1,2,17,1,2,79,159,156,136,6,13,4,30,13,23,19,14,41,17,39,107,71,249,208,3,4,6,12,30,0,0,0,9,7,10,1,1,3,104,95,105,154,91,131
754,40,2,9,3,2,28,16,54,54,49,54,72,69,178,176,230,8,10,7,27,24,6,56,18,41,56,123,127,102,91,145,15,15,15,4,4,10,2,58,4,53,123,125,80,51,154,9,18,32,62,131,10,5,5,16,19,24,19,21,18,49,53,50,104,140,130
755,10,1,1,13,5,1,9,45,5,34,112,5,112,96,4,221,12,2,10,14,30,5,63,13,38,117,101,38,141,15,4,6,13,4,2,3,1,3,22,9,11,13,18,249,204,17,3,6,8,15,36,0,0,0,4,3,0,20,2,0,83,81,64,90,51,151
756,7,11,15,5,10,17,3,40,50,14,82,50,14,217,193,38,7,12,13,7,23,7,55,3,61,5,115,88,7,164,8,9,9,9,0,31,15,15,50,19,9,103,7,193,2,157,13,26,49,95,201,4,4,4,2,2,2,5,7,5,11,76,28,141,71,94
757,52,8,2,4,28,9,1,39,61,4,39,82,4,146,155,170,15,14,11,29,29,27,30,33,32,96,33,32,33,198,230,0,1,7,4,20,10,4,27,38,67,20,76,177,221,56,13,27,54,106,220,8,3,9,11,13,11,40,38,36,61,38,47,216,206,225
758,41,1,0,13,1,22,17,1,11,10,1,106,107,1,53,61,1,2,10,1,2,25,1,2,17,105,2,17,64,2,246,6,13,4,30,13,23,19,14,41,17,39,107,195,38,162,3,4,6,12,29,0,0,0,9,7,10,1,1,3,22,0,2,115,243,123
759,34,8,2,4,9,4,8,42,61,4,113,82,120,40,215,159,15,14,11,29,29,27,30,33,32,122,93,125,71,123,47,0,1,7,20,20,25,63,61,35,105,31,31,94,56,81,10,20,36,71,150,8,3,9,11,16,11,41,38,36,48,78,60,129,129,118
760,11,1,1,13,7,25,5,29,22,48,29,22,48,145,226,247,12,2,10,14,21,17,29,61,35,29,61,35,38,71,42,6,13,4,29,24,27,47,55,15,14,58,115,140,61,26,3,5,7,13,33,0,0,0,22,3,16,27,29,26,30,31,29,6,6,5
761,11,1,1,13,5,1,9,45,5,34,112,5,34,96,28,35,12,2,10,14,30,5,63,13,38,63,90,38,141,58,4,6,13,4,2,3,1,3,22,9,27,13,58,206,204,17,3,6,8,17,40,0,0,0,4,3,0,20,2,0,67,97,70,128,211,151
762,41,1,0,13,1,22,17,1,11,10,1,106,107,218,44,142,1,2,10,1,2,25,1,2,17,105,2,17,1,109,208,6,13,4,30,13,23,19,14,41,17,39,107,79,105,209,3,4,6,12,29,0,0,0,9,7,10,1,1,3,22,0,2,73,17,123
763,21,13,2,6,9,14,20,61,12,39,107,28,58,241,48,27,9,14,5,29,29,27,11,33,32,99,94,74,197,212,224,0,1,7,20,20,25,10,58,4,124,90,76,254,157,199,1,1,1,3,5,9,8,6,5,5,7,3,33,42,45,46,42,140,151,85
764,22,12,8,7,15,18,29,46,42,60,46,42,51,166,86,219,4,5,1,5,4,31,38,62,55,38,75,112,4,247,56,3,6,2,31,5,4,48,21,6,124,19,122,184,199,7,1,2,2,4,8,2,2,3,1,1,1,14,24,22,16,10,19,108,215,212
765,10,1,1,13,5,25,9,44,1,12,17,91,102,243,175,51,12,2,10,14,30,17,10,13,38,109,96,78,243,220,191,6,13,4,2,3,1,3,22,9,27,13,58,178,117,193,13,25,47,89,185,0,0,0,4,3,0,7,2,0,97,92,91,147,137,128
766,27,14,10,2,22,21,0,8,56,62,34,88,26,233,137,227,0,7,3,26,31,24,43,41,27,107,118,124,245,107,51,0,1,7,4,4,10,10,58,14,93,90,90,29,209,179,6,11,16,32,73,12,10,11,31,29,28,61,46,61,112,99,104,194,113,150
767,9,15,6,11,11,0,28,11,41,30,84,9,100,27,16,224,3,0,4,3,0,4,26,0,4,26,105,90,111,0,139,2,5,5,8,19,16,7,51,49,15,12,44,53,7,187,7,12,18,42,92,7,6,7,7,6,8,0,0,1,32,28,16,39,36,57
768,17,11,15,5,10,17,16,40,25,14,40,119,52,177,98,75,15,14,11,26,31,24,62,43,42,70,67,42,246,88,179,0,1,7,4,4,10,10,58,4,107,57,109,212,84,197,13,26,49,93,193,4,4,4,2,2,2,59,54,58,80,80,59,119,102,100
769,32,6,11,2,20,12,11,19,4,22,19,4,22,126,205,85,2,6,15,2,15,18,2,44,46,2,44,46,100,4,27,13,14,13,11,21,21,40,33,31,86,108,72,66,15,129,6,10,15,31,72,3,7,1,13,14,15,16,16,12,9,8,9,2,4,12
770,49,11,15,5,10,17,3,51,50,14,4,95,124,152,8,165,7,12,13,7,23,7,55,3,61,5,115,88,202,128,184,9,9,9,0,31,15,15,50,19,0,103,29,231,207,158,14,29,57,113,231,4,4,4,2,2,2,5,7,5,107,106,109,156,188,137
771,28,9,8,7,13,27,12,30,20,61,30,20,61,34,95,139,4,5,1,5,4,15,21,50,62,103,50,62,210,96,213,3,6,2,15,2,28,1,25,29,118,93,100,103,185,151,1,2,4,8,21,2,2,3,1,9,12,33,28,38,8,20,10,54,50,158
772,36,6,2,4,26,30,14,12,17,22,24,17,117,162,63,161,2,6,15,2,15,18,2,44,46,2,44,46,192,173,27,13,14,13,4,4,10,10,58,4,60,117,30,241,228,25,13,27,54,105,218,3,7,1,13,14,15,16,16,12,9,8,9,245,141,30
773,37,7,5,3,25,3,2,7,2,2,109,100,2,92,120,79,6,3,2,10,17,21,33,39,34,33,39,34,108,6,141,12,8,1,7,9,14,35,31,2,117,101,108,43,106,69,15,30,60,118,242,1,1,2,0,0,4,22,9,9,43,39,38,42,22,45
774,19,14,10,0,14,23,19,21,18,19,21,121,19,89,117,26,10,9,8,12,14,11,14,15,10,14,64,10,117,177,10,11,12,0,26,25,2,52,13,30,4,9,12,209,206,97,8,14,22,49,103,12,10,11,23,18,18,15,15,19,2,3,3,22,37,26
775,35,1,1,13,18,11,22,17,47,28,79,105,28,6,37,24,1,2,10,17,22,26,22,21,21,22,21,21,206,170,66,1,7,11,19,22,5,20,10,16,66,43,92,90,8,135,2,3,5,9,24,11,0,13,21,22,21,10,11,11,0,1,0,150,3,2
776,4,9,8,7,15,27,29,46,24,60,46,24,92,76,154,175,4,5,1,5,4,15,21,5,12,113,62,12,4,204,60,3,6,2,31,5,4,21,0,23,55,127,5,15,217,246,1,2,3,6,16,2,2,3,1,1,1,4,4,4,16,52,19,61,167,75
777,23,7,5,8,25,3,2,55,29,2,109,100,2,92,182,88,6,3,2,10,17,21,33,39,34,33,39,34,252,135,141,12,8,1,7,9,14,35,31,2,117,101,108,49,96,204,15,30,58,116,237,1,1,2,0,0,4,22,9,9,43,39,38,178,22,164
778,3,1,0,13,1,22,17,1,11,10,1,106,82,64,161,136,1,2,10,1,2,25,10,2,17,105,88,117,204,211,113,6,13,4,30,13,23,19,14,41,81,86,124,222,173,185,3,4,6,12,29,0,0,0,9,7,10,1,1,3,55,0,69,35,45,103
779,36,1,1,13,5,25,9,44,1,12,126,1,12,184,46,177,12,2,10,14,30,5,63,13,38,63,90,78,250,224,110,6,13,4,2,3,1,3,22,9,11,13,18,215,119,236,3,6,8,17,42,0,0,0,4,3,16,7,40,50,109,82,118,123,131,193
780,52,8,2,4,12,4,8,42,62,33,39,103,33,170,119,213,15,14,11,29,8,27,25,48,39,85,126,113,238,240,249,0,1,7,4,4,10,61,35,39,50,20,45,130,36,200,13,27,51,98,206,8,7,9,30,10,26,47,45,43,38,43,40,94,99,136
781,8,12,8,7,15,18,12,30,20,61,30,20,61,181,154,139,4,5,1,5,4,15,21,50,62,103,50,62,210,96,213,3,6,2,15,2,28,1,25,29,118,93,100,103,185,151,1,2,4,8,21,2,2,3,1,9,12,33,28,38,8,94,10,54,144,158
782,34,3,2,4,22,8,10,8,61,4,86,61,4,146,172,55,15,14,11,29,29,27,30,33,32,77,93,125,30,206,170,0,1,7,10,20,6,4,27,38,67,105,87,129,92,188,3,7,11,26,60,8,12,9,11,23,11,12,38,36,48,2,47,63,44,133
783,29,2,9,3,2,28,31,2,54,54,5,84,89,144,80,117,8,10,7,6,7,10,36,35,63,114,119,63,87,235,196,15,15,15,13,29,31,10,58,4,124,90,76,237,99,253,9,15,23,50,105,5,5,5,6,17,6,32,10,31,36,35,36,126,149,224
784,5,6,11,2,6,30,24,26,23,8,96,23,8,165,250,201,2,6,15,19,15,18,54,16,15,98,16,15,103,121,232,10,10,3,9,7,10,22,60,53,126,79,90,105,201,120,6,11,16,33,76,3,9,1,3,4,3,28,44,28,101,96,95,122,196,142
785,61,5,3,10,19,24,13,58,55,47,91,55,99,118,219,115,14,6,0,23,6,0,12,49,54,80,49,54,167,56,91,10,10,3,27,28,30,56,19,3,68,21,27,34,1,60,4,8,12,27,63,3,9,1,3,4,3,42,42,40,31,29,34,16,15,17
786,53,3,14,1,23,21,4,49,10,36,49,83,64,47,66,98,15,14,11,26,31,24,62,43,43,31,26,43,239,114,23,0,1,7,4,4,10,5,1,37,31,22,76,118,89,198,9,18,30,59,125,6,10,12,24,26,17,43,39,35,40,85,52,137,128,121
787,56,12,8,7,15,18,29,46,42,51,87,42,67,215,14,219,4,5,1,5,4,31,38,62,55,38,23,55,121,29,212,3,6,2,31,5,4,48,21,6,30,94,127,22,215,93,1,2,2,5,13,2,2,3,1,1,1,14,24,22,16,10,19,25,9,36
788,35,1,1,13,18,31,22,17,30,28,79,30,28,6,67,24,1,2,10,17,22,26,22,21,21,112,21,122,67,24,21,1,7,11,19,22,5,20,10,16,108,66,111,186,41,140,2,3,5,9,23,11,0,13,21,22,21,10,11,11,0,1,0,32,3,2
789,19,14,10,0,14,23,19,21,18,16,21,121,16,250,174,54,10,9,8,12,14,11,14,15,10,14,64,10,117,177,10,11,12,0,26,25,2,45,7,8,94,96,101,28,180,79,8,14,22,49,102,12,10,11,23,18,18,15,15,19,2,3,3,22,37,26
790,28,9,8,12,13,27,1,30,20,53,30,85,53,193,110,139,4,5,1,5,4,31,6,23,36,6,82,36,248,255,32,3,6,2,15,2,28,1,12,50,37,42,26,67,34,220,1,1,1,1,1,2,2,3,12,9,12,8,12,14,19,15,22,191,160,14
791,30,11,13,5,8,10,30,31,15,35,124,15,78,131,13,116,7,12,13,21,5,29,28,22,37,127,53,37,145,129,180,9,9,9,5,17,3,23,28,17,72,82,84,46,27,29,14,28,55,108,223,4,4,4,20,20,22,11,17,17,1,5,4,76,75,65
792,1,2,9,3,2,28,26,6,56,25,47,68,110,23,197,153,8,10,7,26,31,24,16,10,27,16,77,103,94,141,129,0,1,7,4,4,10,10,58,4,124,90,76,9,107,254,13,25,47,89,186,5,5,5,6,24,6,30,18,24,99,118,113,169,184,229
793,45,7,5,8,25,3,2,37,2,21,97,2,21,43,224,89,6,3,2,10,17,21,34,55,31,34,55,95,162,118,164,12,8,1,7,9,14,44,37,44,18,1,16,183,126,233,15,30,59,117,240,1,1,2,0,0,4,17,13,10,14,12,11,20,124,11
794,57,10,12,8,4,26,7,57,13,44,117,13,44,240,111,22,6,3,2,30,3,2,4,6,60,4,71,9,82,101,126,12,8,1,4,4,10,10,58,63,106,36,78,116,160,253,16,32,63,124,251,1,1,2,0,0,5,24,22,21,62,62,31,151,61,143
795,20,15,6,11,11,0,28,22,0,30,122,0,30,231,0,224,3,0,4,3,0,4,26,0,4,106,0,90,3,0,139,2,5,5,8,19,16,7,51,49,22,46,44,200,203,67,7,12,18,42,91,7,6,7,7,6,8,0,0,1,26,14,16,44,35,35
796,26,6,11,2,26,30,0,24,23,0,89,70,0,124,250,252,2,6,15,2,15,18,52,4,46,52,4,66,76,60,96,10,10,3,9,4,10,55,15,24,126,79,114,12,109,119,6,11,16,35,79,3,9,1,3,14,3,28,44,53,52,57,48,50,52,62
797,19,14,10,0,14,23,19,34,18,19,102,18,19,9,117,178,10,9,8,12,14,11,14,15,10,14,64,10,18,16,120,11,12,0,26,25,2,52,13,30,4,9,12,2,24,2,8,14,22,49,103,12,10,11,23,18,18,15,15,19,2,3,3,8,92,6
798,49,11,15,5,10,17,16,40,25,14,40,50,124,116,225,133,13,7,3,16,28,9,49,30,57,49,110,57,196,61,57,0,1,7,4,4,10,5,1,37,124,90,76,21,97,72,13,26,49,94,196,4,4,4,20,20,22,60,43,60,70,68,65,218,240,234
799,34,3,2,1,9,8,10,23,61,4,86,82,4,248,113,215,15,14,11,29,29,27,30,33,32,77,93,125,30,206,170,0,1,7,10,20,6,4,27,38,67,105,87,129,92,188,10,19,34,67,144,8,12,9,11,13,11,40,38,36,48,38,47,63,44,133
800,37,4,14,3,1,22,17,1,59,10,1,102,95,197,44,143,1,2,10,1,2,25,1,2,17,105,2,17,134,229,59,6,13,4,30,13,23,19,14,41,1,102,95,143,140,172,3,4,6,12,29,0,0,0,9,7,10,1,1,3,44,0,2,144,135,41
801,20,2,14,3,2,28,31,2,6,54,115,6,66,140,102,41,8,10,7,6,7,10,60,51,63,83,51,19,139,182,101,15,15,15,13,7,24,60,9,36,78,10,6,87,182,83,9,15,24,51,107,5,5,5,6,17,6,36,10,39,29,32,30,17,48,38
802,1,11,13,5,8,29,30,31,32,35,98,32,35,223,43,144,7,12,13,21,5,29,5,53,20,127,53,37,164,234,132,9,9,9,4,4,15,5,1,37,112,71,118,216,229,20,13,26,49,95,201,4,4,4,20,20,22,11,48,17,120,55,90,102,105,53
803,12,13,7,6,27,14,6,25,28,58,118,28,118,164,99,56,13,13,6,16,28,9,13,30,6,94,30,84,13,77,137,0,1,7,1,0,22,10,58,4,124,90,76,71,160,253,13,25,45,86,182,9,8,6,5,5,7,3,6,2,59,58,55,30,40,42
804,56,13,7,6,27,14,6,25,28,58,66,21,58,241,171,220,13,13,6,16,28,9,13,12,6,13,12,6,130,184,222,0,1,7,1,0,22,0,42,61,101,113,35,250,33,241,11,22,40,77,161,9,8,6,5,5,7,3,6,2,20,33,17,66,18,27
805,54,13,7,9,29,14,14,62,26,15,62,26,119,65,122,70,13,13,6,22,8,22,23,24,28,23,24,28,31,23,24,0,1,7,6,10,9,8,18,20,41,14,80,20,18,82,11,21,38,73,155,9,8,6,27,27,30,39,41,41,33,34,35,10,8,10
806,49,7,5,8,25,3,2,55,29,21,55,101,21,77,208,237,6,3,2,10,17,21,33,39,60,79,72,75,40,63,94,12,8,1,7,9,14,59,44,63,106,36,78,196,160,45,15,30,58,116,238,1,1,2,0,0,4,22,9,9,54,56,31,60,42,46
807,63,8,2,4,28,9,8,47,3,25,47,103,120,199,20,96,15,14,11,0,20,3,39,9,53,0,109,53,166,43,203,0,1,7,4,1,10,63,61,35,104,0,65,164,214,146,13,24,44,84,177,6,3,8,10,15,14,41,33,46,57,48,61,77,59,43
808,0,1,1,13,5,25,9,45,1,34,106,91,77,125,175,51,12,2,10,14,30,5,63,13,38,63,90,38,141,58,4,6,13,4,2,3,1,3,22,9,27,13,58,16,204,17,3,6,8,17,42,0,0,0,4,3,0,7,2,0,35,97,70,142,234,215
809,37,7,5,8,25,3,2,7,2,2,109,100,2,92,120,79,6,3,2,10,17,21,33,39,34,33,39,34,108,6,141,12,8,1,7,9,14,35,31,2,117,101,108,43,106,69,15,30,60,118,242,1,1,2,0,0,4,22,9,9,43,39,38,42,22,45
810,3,1,0,13,5,1,15,44,1,12,44,98,37,13,240,192,12,2,10,14,10,17,10,46,49,10,13,106,186,217,177,6,13,4,2,3,1,10,58,4,3,7,59,168,122,149,3,7,9,19,44,0,0,0,4,3,0,38,61,54,81,111,68,93,96,172
811,2,14,10,4,22,21,10,8,43,62,42,88,93,117,183,183,15,1,11,15,1,20,9,1,50,9,1,50,41,84,229,0,1,7,10,20,6,32,49,54,33,75,113,152,216,77,10,19,33,66,140,8,12,9,11,23,11,12,14,13,4,2,5,28,53,39
812,46,12,8,7,15,18,29,46,42,60,87,42,67,215,88,134,4,5,1,5,4,31,38,62,55,38,104,112,78,251,240,3,6,2,31,5,4,48,21,6,30,94,127,15,155,40,1,2,2,5,13,2,2,3,1,1,1,14,24,22,16,52,19,25,9,149
813,26,6,11,2,20,12,11,19,17,22,73,116,22,72,100,201,2,6,15,2,15,18,2,44,46,2,44,109,192,173,148,13,14,13,9,7,21,10,58,4,60,117,30,65,72,171,3,7,10,21,48,3,7,1,13,14,15,16,16,12,9,8,9,2,4,12
814,44,10,12,8,4,26,7,9,38,6,9,76,105,198,115,16,6,3,2,24,3,28,27,31,40,74,66,100,27,25,38,8,2,12,28,23,12,28,36,11,62,45,39,52,112,85,16,32,64,125,252,1,1,2,15,11,5,26,27,27,74,23,72,41,60,49
815,11,1,1,13,5,25,9,60,1,37,126,1,37,225,85,226,12,2,10,14,30,5,63,13,38,119,90,38,231,216,225,6,13,4,2,3,1,3,22,9,27,13,58,117,176,212,3,6,8,17,42,0,0,0,4,3,0,7,40,0,27,47,23,99,154,25
816,16,9,8,12,13,27,12,30,24,53,30,85,53,193,73,30,4,5,1,5,4,31,6,23,36,6,82,36,248,255,178,3,6,2,15,2,28,1,12,50,37,42,26,67,34,220,9,18,30,58,124,2,2,3,12,9,12,8,12,14,19,15,22,191,144,14
817,10,1,1,13,5,25,9,44,19,18,17,80,112,51,46,191,12,2,10,14,21,17,53,46,49,109,96,49,83,224,45,6,13,4,29,24,27,3,54,9,71,92,49,215,119,236,3,6,8,17,42,0,0,0,22,31,16,51,53,56,71,72,78,72,66,64
818,7,12,8,7,15,18,29,44,42,5,101,42,96,13,154,69,4,5,1,5,4,31,38,62,55,38,23,112,201,223,211,3,6,2,31,5,4,10,58,4,124,90,76,153,220,3,3,7,11,26,58,2,2,3,1,1,1,18,51,50,88,94,108,165,163,184
819,31,0,4,15,21,2,16,54,33,49,53,33,49,91,176,230,5,4,12,11,12,12,45,59,52,45,59,52,122,70,226,15,15,15,4,4,10,10,58,4,124,90,76,71,160,253,13,25,48,91,190,9,11,10,8,8,9,9,3,37,63,91,125,217,217,55
820,59,11,13,5,10,29,3,4,50,3,104,95,98,152,193,13,7,12,13,7,23,7,5,53,20,5,115,88,177,113,53,9,9,9,0,31,15,58,16,62,48,30,29,203,142,94,14,29,56,111,228,4,4,4,2,2,2,5,30,5,3,16,21,36,14,60
821,3,1,0,1,30,1,15,23,5,34,108,5,38,229,134,126,12,2,10,31,10,30,20,25,26,87,25,81,138,213,241,6,13,4,2,3,1,3,22,9,27,13,58,234,4,12,3,7,9,20,47,0,0,0,14,12,0,18,2,8,67,91,70,128,115,83
822,0,3,0,1,30,13,15,59,7,38,59,86,84,73,179,129,12,2,10,31,10,30,20,25,26,20,86,98,26,33,22,6,13,4,2,3,1,29,26,5,90,50,21,120,58,71,3,7,9,18,43,0,0,0,14,12,0,18,19,8,15,18,12,9,11,8
823,30,11,13,5,8,29,3,4,32,3,98,114,3,189,91,195,7,12,13,21,5,29,5,53,20,64,114,20,57,171,237,9,9,9,0,31,15,58,16,62,48,30,68,127,63,226,14,29,56,111,228,4,4,4,2,2,2,29,30,30,3,16,21,36,14,13
824,22,6,7,9,29,30,14,62,63,15,62,99,106,18,69,76,13,13,6,22,8,22,23,24,28,23,24,28,180,163,24,0,1,7,9,1,10,33,40,60,49,3,96,51,118,50,11,21,38,74,157,6,3,8,25,15,23,46,47,48,39,42,51,195,187,156
825,0,1,0,1,5,1,15,59,5,38,112,91,38,120,4,221,12,2,10,14,30,5,63,13,5,87,25,81,128,155,104,6,13,4,2,3,1,10,58,4,94,96,101,71,180,17,3,7,9,19,45,0,0,0,4,12,0,18,58,52,93,98,100,114,120,108
826,34,9,0,12,13,27,1,25,21,63,25,21,63,37,110,249,15,14,11,29,29,27,30,33,32,122,94,32,219,137,153,0,1,7,4,4,10,10,58,4,124,90,76,250,33,253,13,27,54,104,216,9,8,3,5,5,7,40,6,2,61,33,17,191,93,27
827,29,2,9,3,2,28,31,2,34,54,114,113,89,173,45,19,8,10,7,6,7,10,48,8,56,48,8,89,55,219,67,15,15,15,13,29,31,37,41,42,16,80,116,96,31,24,9,15,25,53,110,5,5,5,6,17,6,32,10,31,36,35,36,13,12,15
828,33,5,3,10,19,19,13,26,57,20,58,56,68,50,84,252,2,6,15,2,15,18,52,4,0,52,4,66,216,60,96,10,10,3,9,4,10,16,48,59,38,35,55,245,90,61,4,8,13,28,64,3,7,1,3,4,3,44,52,59,84,83,82,88,90,84
829,16,11,13,5,8,10,30,31,15,35,31,15,78,223,232,57,7,12,13,21,5,29,28,22,37,28,22,87,22,69,235,9,9,9,5,17,3,23,28,17,72,34,64,146,191,177,14,28,55,108,223,4,4,4,20,20,22,11,17,17,1,5,4,76,75,65
830,43,10,8,7,24,20,29,28,39,11,111,39,72,161,159,53,4,11,1,20,18,19,17,14,22,17,14,22,114,26,20,14,11,14,14,12,7,62,47,28,19,87,42,155,158,136,16,31,61,121,246,15,15,15,29,30,29,34,36,32,23,24,25,26,32,28
831,36,1,0,13,1,22,17,60,11,10,60,112,82,109,190,172,1,2,10,1,2,25,1,2,17,105,88,17,204,211,113,6,13,4,30,13,23,19,14,41,81,86,124,222,173,185,3,4,6,11,27,0,0,0,9,7,10,1,1,3,55,100,69,35,109,101
832,51,12,8,7,15,18,12,32,16,61,32,16,61,192,64,65,4,5,1,5,4,15,21,5,12,21,5,12,113,204,155,3,6,2,31,5,4,21,25,29,114,127,71,189,35,104,1,2,4,7,19,2,2,3,1,1,1,4,4,4,10,21,10,48,43,76
833,25,6,11,2,6,30,24,24,23,8,96,23,8,165,12,201,2,6,15,19,15,18,59,63,15,98,16,64,126,180,181,0,1,7,9,7,10,22,60,53,126,85,90,71,21,253,6,11,16,33,74,3,7,1,3,14,23,36,35,28,101,96,95,112,82,248
834,41,1,0,13,1,22,17,1,11,10,69,112,95,197,44,177,1,2,10,1,2,25,1,2,17,105,2,17,134,2,59,6,13,4,30,13,23,19,14,41,1,102,95,170,160,51,3,4,6,12,29,0,0,0,9,7,10,1,1,3,44,0,2,62,17,41
835,38,1,1,13,5,25,9,45,5,18,112,5,96,26,4,136,12,2,10,14,30,5,10,46,49,10,13,106,42,218,227,6,13,4,2,3,1,3,22,9,11,13,18,249,86,191,13,24,43,83,174,0,0,0,4,3,0,20,2,0,114,81,64,184,192,200
836,16,9,0,12,13,27,20,60,21,34,44,21,63,83,161,27,1,2,10,1,2,25,10,46,49,65,112,117,241,218,227,6,13,4,4,4,10,10,58,4,124,90,76,71,160,253,3,6,8,17,41,0,8,0,9,7,10,1,1,3,55,111,69,130,205,183
837,48,15,6,11,11,5,28,22,9,30,93,9,29,206,109,147,3,0,4,3,0,4,26,0,4,106,0,90,154,174,216,2,5,5,8,19,16,7,51,49,124,90,9,100,60,39,7,12,18,40,89,7,6,7,7,6,8,0,0,1,26,45,26,136,49,23
838,19,14,10,0,14,23,19,21,18,19,21,18,19,89,117,26,10,9,8,12,14,11,14,15,10,14,64,10,117,177,10,11,12,0,26,25,2,52,13,30,4,9,12,2,14,97,8,14,22,49,103,12,10,11,23,18,18,15,15,19,2,3,3,22,37,26
839,11,1,1,13,5,25,9,45,19,37,126,1,112,125,85,35,12,2,10,14,30,5,63,13,38,119,90,38,53,216,225,6,13,4,2,3,1,34,57,45,111,54,28,206,204,17,3,6,8,17,40,0,0,0,4,3,0,7,40,0,27,47,23,37,54,25
840,41,1,0,13,1,22,17,1,11,10,1,106,10,1,161,73,1,2,10,1,2,25,1,2,17,105,2,17,64,2,246,6,13,4,30,13,23,19,14,41,17,39,107,195,210,162,3,4,6,12,31,0,0,0,9,7,10,1,1,3,22,0,2,115,145,180
841,3,15,6,11,11,5,28,22,9,30,22,127,30,206,109,27,12,2,10,8,10,30,53,56,26,91,56,71,48,48,81,2,5,5,8,19,16,51,8,13,3,7,59,112,149,224,7,12,18,41,90,7,6,7,7,6,8,0,0,1,26,111,26,64,97,159
842,21,9,8,12,13,27,12,30,24,53,123,85,60,193,87,189,4,5,1,5,4,31,6,23,36,6,82,36,248,255,178,3,6,2,15,2,28,1,12,50,37,42,26,67,34,220,1,1,1,1,1,2,2,3,12,9,12,8,12,14,19,15,22,43,23,14
843,63,0,4,15,0,2,16,16,25,7,75,73,46,242,227,102,0,7,3,26,13,24,37,57,25,37,57,69,214,32,233,0,1,7,9,4,10,33,40,60,74,91,15,119,50,133,13,25,45,86,180,6,15,8,25,10,23,46,47,48,39,42,97,113,122,129
844,61,5,3,10,19,19,13,41,57,45,41,57,47,182,11,25,14,6,0,23,6,0,12,49,0,12,73,0,235,172,69,10,10,3,12,15,11,14,2,4,8,38,38,125,147,167,4,8,13,29,65,3,9,1,3,4,3,2,5,6,7,4,6,59,27,59
845,31,0,4,15,21,2,18,18,8,56,18,93,56,247,21,119,5,4,12,11,12,12,46,60,48,100,127,48,247,162,161,15,15,15,16,30,13,50,39,27,110,59,60,39,244,102,12,23,41,79,166,5,11,10,8,8,9,37,3,37,21,26,33,11,55,16
846,5,6,11,2,6,30,24,24,23,8,96,107,8,52,255,145,2,6,15,19,15,18,59,63,15,59,63,119,115,64,68,0,1,7,9,7,10,22,60,53,102,115,25,71,193,253,6,11,17,36,82,10,7,1,25,10,23,28,35,28,51,51,44,53,76,110
847,19,14,10,0,14,23,19,21,18,19,21,18,19,250,194,54,10,9,8,12,14,11,14,15,10,14,64,10,117,177,10,11,12,0,26,25,2,45,7,8,51,16,24,106,67,13,8,14,22,49,102,12,10,11,23,18,18,15,15,19,2,3,3,22,37,26
848,14,11,13,5,8,29,3,42,32,3,31,114,127,223,92,5,7,12,13,21,5,29,5,53,20,64,114,20,183,171,207,9,9,9,4,4,15,10,58,4,124,34,64,146,191,177,14,29,56,110,226,4,4,4,2,2,2,26,30,30,3,108,56,135,157,125
849,28,12,8,7,15,18,12,32,16,61,64,24,73,181,64,118,4,5,1,5,4,15,21,50,62,21,92,62,60,51,123,3,6,2,31,5,4,21,0,23,55,127,5,71,35,253,1,1,1,1,1,2,2,3,1,1,1,4,4,4,10,21,10,43,38,51
850,17,8,15,5,0,17,16,40,25,14,83,68,7,255,239,218,15,14,11,26,13,24,0,26,53,0,109,53,0,43,2,0,1,7,9,1,10,10,58,4,77,116,10,169,30,59,13,25,48,92,192,4,4,4,2,2,2,57,37,5,111,114,93,161,133,116
851,42,4,14,3,6,7,4,38,6,16,115,6,66,140,102,59,8,10,7,27,24,6,60,51,63,83,51,19,139,182,101,15,15,15,13,7,24,60,9,36,58,85,57,87,182,83,9,15,24,51,107,5,5,5,6,17,6,36,10,39,29,32,30,17,82,38
852,1,11,15,5,0,17,16,40,25,14,40,95,97,152,121,241,7,12,13,7,11,7,55,3,30,86,42,61,73,3,149,0,1,7,0,31,15,15,50,19,124,103,76,231,207,158,13,26,49,94,197,4,4,4,2,2,2,5,7,5,11,106,109,205,199,137
853,33,5,3,10,19,19,13,41,27,45,36,27,47,50,248,25,14,6,0,23,6,0,12,49,0,12,73,104,235,192,69,10,10,3,12,15,11,14,2,4,124,90,38,71,160,253,4,8,13,29,66,3,9,1,3,4,3,2,5,6,7,4,6,51,56,54
854,62,1,1,13,18,31,22,17,47,28,79,47,28,6,67,24,1,2,10,17,22,26,22,21,21,112,21,122,67,24,21,1,7,11,19,22,5,20,10,16,108,66,111,186,41,140,2,3,5,9,23,11,0,13,21,22,21,10,11,11,0,1,0,32,47,44
855,12,13,7,6,27,14,6,25,28,58,74,117,118,164,100,238,13,13,6,16,28,9,13,30,6,13,12,6,227,117,11,0,1,7,1,0,22,57,11,14,59,33,123,233,57,225,11,22,40,76,160,9,8,6,5,5,7,3,6,2,63,37,45,132,186,55
856,46,12,8,7,15,18,29,46,42,51,87,42,67,119,51,163,4,5,1,5,4,31,38,62,55,38,104,55,78,251,240,3,6,2,31,5,4,48,21,6,30,94,127,22,155,40,1,2,2,5,13,2,2,3,1,1,1,14,24,22,16,10,19,25,9,36
857,25,8,15,9,12,4,8,43,45,7,37,73,108,179,49,31,0,7,3,26,13,24,37,57,25,37,57,69,35,32,125,0,1,7,9,1,10,27,46,51,36,99,54,102,172,156,13,25,45,86,181,10,3,8,18,27,13,13,37,34,46,44,46,23,25,40
858,6,6,11,2,26,30,24,24,23,8,96,70,9,52,255,32,2,6,15,19,15,18,32,16,15,98,16,111,126,180,181,0,1,7,9,4,10,10,58,4,124,90,90,71,21,253,6,11,16,33,76,3,9,1,3,10,23,28,35,28,84,51,44,250,164,191
859,47,2,14,3,16,16,25,56,37,41,105,37,121,55,71,120,8,10,7,27,24,6,24,18,33,56,123,127,102,214,145,15,15,15,3,26,26,11,5,57,119,6,13,8,177,49,9,16,26,54,115,10,5,5,16,19,24,19,21,18,18,17,18,3,5,4
860,27,0,4,15,17,2,18,53,36,40,120,90,81,62,222,58,5,4,12,11,12,12,15,38,14,15,38,121,112,147,12,15,15,15,16,30,13,2,63,22,85,62,62,253,184,251,13,25,48,92,191,5,11,10,8,8,9,9,3,15,12,9,13,29,94,122
861,13,2,15,3,10,17,16,51,50,14,15,50,124,178,141,52,8,10,7,27,24,6,56,18,41,56,123,127,102,91,145,0,1,7,4,4,10,10,58,4,119,56,121,37,241,223,9,18,32,62,131,4,5,4,2,2,2,5,18,18,94,53,37,101,233,163
862,18,2,14,3,16,16,26,6,10,36,71,125,36,150,23,32,8,10,7,27,24,6,56,18,41,56,123,127,102,91,145,15,15,15,4,4,10,5,1,37,124,90,76,71,160,253,9,18,30,60,128,10,5,5,16,19,24,19,21,18,49,53,119,230,119,227
863,54,8,2,4,28,9,1,12,49,63,127,126,26,98,126,190,15,14,11,0,20,3,41,9,45,125,9,80,158,146,64,0,1,7,4,4,10,30,52,55,80,126,93,84,66,8,13,27,54,106,220,6,3,8,10,13,14,21,20,45,78,73,81,180,89,107
864,36,3,0,1,30,13,15,59,7,1,73,117,87,143,100,152,12,2,10,31,10,30,53,46,26,53,46,92,52,10,62,0,1,7,2,3,1,54,62,18,98,47,126,141,127,57,3,7,10,21,49,7,0,7,14,12,16,51,51,50,76,84,79,100,84,80
865,52,3,2,4,26,13,1,39,60,1,74,68,1,200,138,244,13,13,6,22,8,22,51,48,24,93,48,118,123,53,247,0,1,7,4,4,10,42,35,43,10,67,43,149,121,217,13,27,52,99,207,9,8,6,5,5,26,55,32,51,72,63,75,47,58,52
866,63,2,14,3,23,21,4,49,44,55,49,34,64,79,144,74,15,14,11,29,31,27,47,58,59,47,58,3,19,75,90,0,1,7,4,4,10,5,1,37,121,100,8,58,124,159,9,18,30,58,124,6,10,5,24,26,17,56,50,45,68,67,67,80,70,105
867,47,2,11,2,16,16,25,56,37,41,56,37,41,110,71,52,8,10,7,27,24,6,24,18,33,24,18,33,2,166,25,15,15,15,3,26,26,11,5,57,12,55,3,23,59,139,9,16,26,54,113,10,5,5,16,19,24,19,21,18,18,17,18,3,5,4
868,26,5,3,10,19,19,13,41,27,42,41,27,42,182,248,25,14,6,0,23,6,0,12,49,0,52,4,0,70,172,0,10,10,3,12,15,11,14,2,4,8,38,0,125,120,167,4,8,13,29,67,3,9,1,3,4,3,2,5,6,7,4,6,59,27,32
869,33,6,11,2,6,30,24,24,23,20,24,23,8,165,12,161,2,6,15,19,15,18,54,16,15,54,16,15,50,28,14,0,1,7,9,7,10,22,60,53,115,121,15,126,139,190,6,11,17,39,87,3,7,1,25,10,23,44,35,28,65,65,89,111,86,99
870,4,9,8,7,15,18,29,46,42,51,46,42,51,225,236,109,4,5,1,5,4,31,38,62,55,38,23,55,121,29,212,3,6,2,31,5,4,48,21,6,30,94,127,22,215,144,1,2,2,5,13,2,2,3,1,1,1,14,24,22,16,10,19,25,9,36
871,10,1,1,13,7,25,5,29,22,48,29,22,48,145,226,247,12,2,10,14,21,17,29,61,35,29,61,35,38,71,42,6,13,4,29,24,27,47,55,15,14,58,115,140,61,26,3,5,7,13,33,0,0,0,22,3,16,27,29,26,30,31,29,6,6,5
872,42,2,9,3,2,28,26,6,54,49,6,89,101,228,186,84,8,10,7,6,7,10,7,34,7,68,87,7,34,7,85,0,1,7,4,29,31,36,1,0,97,15,103,50,242,95,3,4,6,10,25,5,5,5,6,24,6,30,18,24,24,30,20,24,24,21
873,55,13,7,6,7,25,5,29,22,48,29,115,48,139,226,130,12,2,10,14,21,17,29,61,35,29,61,35,38,71,42,6,13,4,29,24,27,47,55,15,96,2,2,99,143,134,3,5,7,13,33,0,0,0,22,3,16,27,29,26,30,31,29,6,65,196
874,21,12,8,7,15,18,12,32,16,32,32,16,73,192,64,253,4,5,1,5,4,15,21,50,62,21,5,62,62,51,155,3,6,2,31,5,4,21,0,23,114,127,71,189,35,104,1,2,4,7,18,2,2,3,1,1,1,4,4,4,10,21,10,48,43,76
875,37,7,5,8,25,3,2,7,2,2,109,100,2,92,120,79,6,3,2,10,17,21,33,39,34,33,39,34,108,6,141,12,8,1,7,9,14,35,31,2,117,101,108,43,106,69,15,30,60,118,242,1,1,2,0,0,4,22,9,9,43,39,38,42,22,45
876,33,5,3,10,19,19,13,41,57,43,58,57,43,36,133,10,14,6,0,23,6,0,12,49,0,12,73,0,235,172,69,10,10,3,12,15,11,14,2,4,8,79,38,71,21,253,4,8,13,29,65,3,9,1,3,4,3,2,5,6,7,4,6,193,27,68
877,27,2,14,3,26,21,4,49,56,26,49,79,64,53,245,32,15,14,11,26,31,24,62,43,3,124,81,43,46,203,74,0,1,7,4,4,10,5,1,37,31,22,76,71,82,253,9,18,30,60,127,6,10,12,24,26,17,43,39,35,40,85,52,137,128,211
878,20,6,11,2,26,12,11,19,17,26,89,109,117,75,195,217,2,6,15,2,15,18,57,36,44,57,36,44,49,50,43,0,1,7,4,4,10,10,58,4,13,52,51,26,45,28,13,27,54,105,217,13,13,14,26,25,25,57,60,63,119,115,111,185,173,177
879,23,7,5,8,25,3,2,37,2,21,97,2,21,43,2,158,6,3,2,10,17,21,34,55,31,67,39,101,89,149,5,12,8,1,7,9,14,44,31,44,117,1,108,49,96,204,15,30,58,116,237,1,1,2,0,0,4,17,13,10,14,12,11,178,247,164
880,29,2,14,3,2,28,26,6,54,49,2,125,116,137,93,117,8,10,7,6,7,10,36,35,63,114,119,108,222,235,255,0,1,7,4,4,10,10,58,4,124,90,76,71,160,253,9,15,23,50,106,5,5,5,6,24,6,56,18,62,118,105,20,176,193,236
881,10,1,1,1,7,13,5,29,22,48,10,19,48,185,57,130,12,2,10,31,21,17,53,46,49,109,96,49,83,169,45,6,13,4,29,24,27,47,58,15,124,90,76,208,254,68,3,5,7,13,33,0,0,0,22,3,16,27,29,26,95,79,86,109,127,126
882,21,8,2,12,13,27,20,42,24,53,103,87,111,205,168,95,4,11,5,28,26,1,61,37,1,11,37,70,77,102,82,0,1,7,15,2,28,63,61,35,40,28,1,242,224,178,13,24,44,85,178,2,2,3,12,9,12,41,33,47,53,48,32,85,116,109
883,47,2,11,2,16,16,25,56,37,41,56,37,121,110,71,120,8,10,7,27,24,6,24,18,33,24,18,33,2,166,25,15,15,15,3,26,26,11,5,57,12,55,3,23,59,139,9,16,26,54,113,10,5,5,16,19,24,19,21,18,18,17,18,3,5,4
884,3,1,0,13,1,22,17,60,1,12,44,98,12,202,190,172,1,2,10,1,2,25,10,46,49,73,88,117,161,183,121,6,13,4,30,13,23,19,14,41,3,7,59,213,168,47,3,7,11,25,56,0,0,0,9,7,10,1,1,3,117,93,68,138,97,127
885,4,1,1,13,7,25,5,29,22,48,29,22,48,105,230,107,12,2,10,14,21,17,29,61,35,29,61,35,38,71,42,6,13,4,29,24,27,47,55,15,14,58,115,166,61,26,3,5,7,13,33,0,0,0,22,3,16,27,29,26,30,31,29,6,6,5
886,19,6,11,2,26,12,0,34,17,22,34,121,117,180,38,161,10,9,8,12,14,11,14,15,10,14,15,10,182,144,169,11,12,0,26,25,2,52,13,30,4,9,12,2,14,97,9,18,32,65,139,12,10,11,23,18,18,15,15,19,2,3,3,8,92,6
887,13,8,2,6,27,14,1,47,3,25,88,103,120,28,48,220,13,13,6,16,28,9,13,30,6,94,30,84,253,227,206,0,1,7,4,1,10,63,61,35,104,0,65,164,214,146,13,24,44,84,177,9,8,6,10,5,7,41,33,46,57,48,61,77,59,43
888,0,1,1,1,30,1,15,59,19,38,17,91,77,69,78,196,12,2,10,14,30,5,63,13,38,63,90,78,193,220,191,6,13,4,2,3,1,3,22,9,87,95,117,150,164,193,3,7,9,20,46,0,0,0,4,3,0,20,2,0,35,36,43,163,33,111
889,14,3,2,4,0,9,16,39,62,9,39,77,113,201,47,213,15,14,11,29,8,27,25,48,39,25,74,113,90,83,214,0,1,7,4,20,10,61,35,39,91,20,63,98,0,103,13,27,51,98,205,8,7,9,30,10,26,47,45,43,38,43,40,68,83,56
890,37,10,12,8,4,26,21,35,40,31,35,58,31,104,32,92,6,3,2,24,27,28,27,31,2,27,31,72,51,194,52,8,2,12,24,16,17,41,59,12,79,68,75,135,222,107,16,32,64,128,256,1,1,2,15,11,5,35,25,33,28,22,24,5,10,3
891,7,3,2,4,30,8,15,5,61,4,5,36,94,143,172,172,15,14,11,29,29,27,30,33,32,101,97,110,97,237,105,0,1,7,20,20,25,49,38,56,123,73,70,254,196,199,10,20,37,72,152,8,3,9,17,16,20,45,33,42,45,46,42,57,26,85
892,53,2,14,3,23,21,4,49,10,26,49,125,64,53,245,32,15,14,11,26,31,24,62,43,3,124,81,43,46,203,74,0,1,7,4,4,10,5,1,37,31,22,76,118,82,32,9,18,30,59,125,6,10,12,24,26,17,52,39,35,40,71,52,182,119,236
893,5,11,13,5,8,10,30,42,15,35,124,15,78,170,232,116,7,12,13,21,5,29,28,22,37,28,22,87,145,129,180,9,9,9,5,17,3,23,28,17,72,82,84,46,27,29,14,28,55,108,223,4,4,4,20,20,22,11,17,17,1,5,4,76,75,65
894,61,5,3,10,19,24,13,58,55,47,91,55,99,118,18,115,14,6,0,23,6,0,12,49,54,80,49,54,167,56,91,10,10,3,27,28,30,56,19,3,68,21,27,34,1,60,4,8,13,28,64,3,9,1,3,4,3,42,42,40,31,29,34,16,15,17
895,9,15,6,11,11,5,28,22,9,30,122,9,30,206,234,33,3,0,4,3,0,4,26,0,4,106,0,90,129,174,71,2,5,5,8,19,16,7,51,49,22,46,23,100,60,39,7,12,18,42,91,7,6,7,7,6,8,0,0,1,26,14,26,44,35,23
896,8,12,8,7,15,18,12,32,16,61,32,16,61,203,64,65,4,5,1,5,4,15,21,50,62,103,92,62,249,207,50,3,6,2,31,5,4,1,25,29,122,8,71,189,35,104,1,2,4,7,18,2,2,3,1,1,1,4,4,4,10,21,10,56,43,51
897,5,6,11,2,6,16,24,24,6,8,115,6,66,140,198,202,8,10,7,27,24,6,60,51,19,60,51,19,37,55,49,15,15,15,13,7,24,60,9,36,58,85,57,87,182,83,6,11,16,33,74,5,5,5,6,17,6,36,10,39,29,32,30,112,82,38
898,48,15,6,11,11,5,28,22,9,57,22,127,115,206,231,7,3,0,4,3,0,4,26,0,4,106,0,90,3,0,139,2,5,5,8,19,16,51,8,13,92,122,66,4,255,55,7,12,18,42,92,7,6,7,7,6,8,0,0,1,47,14,26,83,49,77
899,49,11,13,5,23,10,30,42,15,52,124,74,78,53,92,23,7,12,13,21,5,29,28,22,37,127,53,37,145,22,180,9,9,9,5,17,3,5,1,37,72,82,84,46,27,177,14,28,55,108,223,4,4,4,20,20,22,11,17,17,1,5,4,76,75,65
900,21,9,8,12,13,27,20,61,24,53,123,66,111,20,192,27,4,5,1,28,4,1,61,37,1,61,102,1,85,41,156,3,6,2,15,2,28,1,12,50,40,28,1,201,163,213,1,1,1,3,5,2,2,3,12,9,12,8,12,14,19,15,32,33,151,33
901,51,12,8,7,15,18,12,27,16,32,64,24,73,134,131,90,4,5,1,5,4,15,21,5,12,113,62,12,124,39,200,3,6,2,31,5,4,21,0,23,7,60,5,139,64,239,1,2,3,6,15,2,2,3,1,1,1,4,4,4,41,25,1,96,20,37
902,41,2,0,3,1,22,17,1,11,10,69,106,10,197,41,142,1,2,10,1,2,25,1,2,17,105,2,17,1,109,208,6,13,4,30,13,23,19,14,41,1,102,95,79,105,245,3,4,6,10,25,0,0,0,9,7,10,1,1,3,22,0,2,73,17,123
903,59,11,13,5,8,10,30,31,15,35,98,65,35,131,162,200,7,12,13,21,5,29,28,22,37,28,22,87,22,226,26,9,9,9,5,17,3,23,28,17,23,27,22,30,13,1,14,28,55,109,225,4,4,4,20,20,22,11,17,17,1,5,4,4,7,7
904,0,1,1,1,5,1,9,45,5,37,112,5,77,96,24,126,12,2,10,14,30,5,63,13,5,117,101,5,9,87,140,6,13,4,2,3,1,3,22,9,87,95,117,11,68,164,3,6,8,15,36,0,0,0,4,3,0,20,2,0,35,36,43,19,33,50
905,63,8,2,4,28,9,1,47,3,25,47,68,25,255,20,11,15,14,11,0,20,3,0,9,53,0,109,53,166,43,203,0,1,7,4,1,10,30,52,55,57,112,102,19,232,168,13,25,47,89,186,6,3,8,10,13,14,21,20,25,60,59,62,74,85,74
906,22,8,2,4,0,9,16,52,25,9,72,115,122,52,180,156,0,7,3,26,11,24,31,26,30,86,3,30,228,168,253,0,1,7,4,4,10,10,23,14,53,44,125,41,240,122,13,26,50,96,202,4,11,4,31,8,28,58,46,57,87,102,102,192,132,140
907,30,11,13,5,23,10,18,42,36,59,53,114,127,100,142,167,7,12,13,21,23,29,5,53,20,64,114,20,57,38,237,15,15,15,16,30,13,18,17,62,32,62,91,162,108,206,14,29,56,111,227,4,4,4,2,2,2,29,30,30,3,16,21,40,69,13
908,31,0,4,15,21,2,18,48,8,56,48,93,56,14,156,119,5,4,12,11,12,12,46,60,48,100,127,48,247,162,161,15,15,15,16,30,13,50,39,27,110,59,60,39,244,102,12,23,41,79,165,5,11,10,8,8,9,37,3,37,21,26,33,11,55,16
909,58,2,9,3,2,28,26,6,54,49,6,89,101,58,197,15,8,10,7,6,7,10,7,34,7,68,87,7,34,7,85,15,15,15,4,29,31,36,1,0,97,15,103,50,242,95,9,15,25,53,111,5,5,5,6,24,6,30,18,24,24,30,20,24,24,21
910,4,9,2,12,9,20,20,61,12,39,90,122,39,147,123,197,9,11,5,13,26,14,42,11,23,42,11,23,110,249,35,0,1,7,20,20,25,46,45,40,127,69,89,47,154,46,10,20,35,70,148,8,3,9,17,16,20,25,26,23,42,64,27,52,29,69
911,45,7,5,8,25,3,2,37,2,21,97,2,75,43,2,101,6,3,2,10,17,21,34,55,31,34,55,95,254,118,58,12,8,1,7,9,14,44,37,44,18,1,16,183,126,233,15,30,60,119,243,1,1,2,0,0,4,17,13,10,14,12,11,98,28,11
912,8,1,1,13,5,25,9,20,19,37,126,91,79,120,78,14,12,2,10,14,30,5,63,13,38,63,90,38,141,58,4,0,1,7,4,4,10,10,58,4,124,90,76,71,145,253,13,27,52,101,210,0,0,0,4,3,0,38,49,0,106,97,54,214,219,187
913,26,6,11,2,20,12,11,19,4,22,24,108,20,72,125,76,2,6,15,19,15,18,32,16,15,116,16,111,103,121,232,13,14,13,9,7,10,55,15,24,115,121,15,144,23,42,6,11,17,38,85,3,7,1,13,14,15,16,16,12,52,8,48,50,52,62
914,36,1,1,13,9,20,20,61,12,39,90,12,39,251,123,211,9,11,5,13,26,14,42,11,23,126,122,107,104,252,19,0,1,7,20,20,25,46,45,40,124,90,76,76,234,108,10,20,36,71,149,8,3,9,17,16,20,25,26,23,42,40,27,179,29,149
915,21,9,8,12,13,27,12,30,20,53,30,85,53,34,164,111,4,5,1,5,4,31,6,23,36,6,82,36,29,5,32,3,6,2,15,2,28,1,12,50,37,42,98,67,34,220,1,1,1,1,1,2,2,3,12,9,12,8,28,14,8,20,22,43,50,14
916,15,12,8,7,15,18,12,32,16,61,32,16,92,181,51,65,4,5,1,5,4,15,21,50,62,21,5,62,62,51,238,3,6,2,31,5,4,1,25,29,55,127,71,189,35,104,1,2,4,7,19,2,2,3,1,1,1,33,28,38,8,20,10,48,43,76
917,5,6,11,2,6,30,24,49,10,36,71,97,36,36,169,64,2,6,15,19,15,18,54,16,15,54,85,99,88,153,95,0,1,7,4,4,10,5,1,37,69,29,47,91,137,75,9,18,31,61,129,3,10,1,25,10,17,53,43,52,70,70,65,92,101,115
918,33,5,3,10,19,19,13,26,57,42,26,108,42,72,125,76,14,6,15,2,15,18,52,4,0,52,4,66,216,60,96,10,10,3,12,15,11,14,2,4,49,3,15,144,23,42,4,8,13,28,64,3,9,1,3,4,3,2,5,6,39,42,51,117,110,166
919,32,6,11,2,20,12,11,19,17,22,19,17,117,30,94,29,2,6,15,2,15,18,2,44,46,2,44,109,192,173,148,13,14,13,11,21,21,40,33,31,60,117,30,241,228,25,6,10,15,31,71,3,7,1,13,14,15,16,16,12,9,8,9,2,4,30
920,5,6,11,2,6,30,24,16,23,46,16,108,20,72,130,202,0,7,3,26,31,24,58,10,27,43,125,91,119,154,199,0,1,7,9,7,10,33,40,60,49,3,15,144,23,42,6,11,17,38,85,6,7,1,25,10,23,46,47,48,39,42,51,117,110,117
921,36,3,0,1,30,1,15,59,7,38,108,86,84,73,179,129,12,2,10,31,10,30,20,25,26,20,86,98,26,33,22,6,13,4,2,3,1,29,26,5,90,50,21,88,226,176,3,7,9,19,45,0,0,0,14,12,0,18,19,8,15,18,12,134,201,182
922,48,15,6,11,11,5,28,22,9,57,67,127,100,206,16,7,3,0,4,3,0,4,26,0,4,106,0,90,3,0,139,2,5,5,8,19,16,51,8,13,92,122,66,54,7,55,7,12,18,42,92,7,6,7,7,6,8,0,0,1,47,14,26,83,95,77
923,31,0,4,15,17,2,18,53,36,59,53,90,104,71,142,180,5,4,12,11,12,12,15,38,14,15,38,14,218,19,231,15,15,15,16,30,13,18,17,22,32,62,60,162,108,206,12,23,42,80,169,5,11,10,8,8,9,9,3,15,12,9,13,34,94,18
924,44,10,12,8,4,26,7,9,38,27,9,76,105,173,188,16,6,3,2,24,3,28,27,31,40,74,66,100,27,25,38,8,2,12,28,23,12,28,36,11,100,26,19,89,9,66,16,32,64,125,253,1,1,2,15,11,5,26,27,27,74,23,72,41,60,49
925,51,12,8,7,15,18,12,27,16,32,64,24,73,11,88,118,4,5,1,5,4,31,38,5,12,113,62,112,201,116,211,3,6,2,31,5,4,21,0,23,124,19,122,33,155,253,1,2,3,6,17,2,2,3,1,1,1,4,4,4,41,25,1,45,236,92
926,46,12,8,7,15,18,29,10,42,11,87,42,11,209,62,253,4,5,1,5,4,31,38,62,55,38,75,55,211,247,56,3,6,2,31,5,4,48,21,6,30,19,127,224,199,54,1,2,2,4,8,2,2,3,1,1,1,14,24,22,16,10,19,108,215,212
927,35,1,1,13,18,11,22,17,47,28,79,105,28,6,37,24,1,2,10,17,22,26,22,21,21,22,21,21,206,170,66,1,7,11,19,22,5,20,10,16,66,43,92,90,8,135,2,3,5,9,24,11,0,13,21,22,21,10,11,11,0,1,0,150,3,2
928,26,6,11,2,26,12,0,24,4,0,89,70,109,30,103,112,2,6,15,19,15,18,32,16,15,116,16,111,172,231,181,0,1,7,9,7,10,55,15,24,63,40,97,61,104,36,6,11,16,35,79,3,7,1,13,14,15,28,44,53,52,57,48,50,52,62
929,21,8,7,9,12,4,8,16,45,33,119,45,9,239,72,198,0,7,3,26,13,24,37,20,25,37,121,25,127,93,245,0,1,7,9,4,10,10,58,4,124,90,76,227,57,141,1,2,2,4,7,6,3,8,18,15,13,13,31,16,107,68,116,204,188,226
930,2,14,10,4,22,21,10,8,43,62,8,88,93,117,177,183,15,1,11,15,1,20,9,1,50,9,1,50,41,84,229,0,1,7,10,20,6,32,49,54,33,75,113,152,216,77,10,19,33,66,142,8,12,9,11,23,11,12,14,13,4,2,5,28,53,39
931,51,12,8,7,15,18,12,32,16,32,32,24,32,192,64,175,4,5,1,5,4,15,21,5,12,21,5,12,113,140,155,3,6,2,31,5,4,21,0,23,55,127,5,15,35,40,1,2,3,6,15,2,2,3,1,1,1,4,4,4,10,21,1,61,38,51
932,42,2,14,3,2,28,31,2,6,54,115,6,66,140,102,41,8,10,7,6,7,10,60,51,63,83,51,19,139,182,101,15,15,15,13,7,24,60,9,36,78,10,6,87,182,83,9,15,24,51,107,5,5,5,6,17,6,36,10,39,29,32,30,17,48,38
933,17,11,15,5,10,17,3,40,31,14,4,31,14,7,26,49,7,12,13,7,23,7,55,3,61,81,124,126,202,195,184,9,9,9,0,31,15,15,50,19,82,71,118,95,52,166,14,29,57,112,229,4,4,4,2,2,2,49,48,5,11,55,85,97,103,73
934,56,13,7,6,27,14,6,25,28,58,88,72,58,127,106,40,13,13,6,16,28,9,13,30,6,94,30,84,13,77,137,0,1,7,1,0,22,57,11,14,59,33,123,173,166,225,11,22,40,76,160,9,8,6,5,5,7,3,6,2,63,37,45,132,21,55
935,48,15,6,11,11,0,28,22,0,57,122,0,57,206,56,7,3,0,4,3,0,4,26,0,4,26,105,90,3,0,139,2,5,5,8,19,16,7,51,49,15,111,44,54,160,55,7,12,18,42,92,7,6,7,7,6,8,0,0,1,47,14,16,83,95,77
936,3,1,0,13,1,22,17,60,11,12,44,98,12,202,190,172,1,2,10,1,2,25,10,46,49,73,88,117,161,183,121,6,13,4,2,4,10,10,58,4,3,7,59,213,168,47,3,7,11,25,56,0,0,0,9,7,10,1,1,3,117,93,68,138,97,127
937,42,2,4,15,21,28,31,48,33,56,48,84,56,151,80,80,8,10,7,6,7,10,36,35,63,36,35,41,185,49,197,15,15,15,13,7,24,50,39,27,25,107,86,237,156,65,12,23,41,79,165,5,5,10,8,17,9,37,10,37,21,26,33,126,41,16
938,41,1,0,13,1,22,17,13,19,37,69,112,24,109,112,177,1,2,10,1,2,25,10,2,17,65,112,117,176,89,246,6,13,4,30,13,23,34,57,45,111,54,28,229,11,111,3,4,6,12,32,0,0,0,9,7,10,1,40,3,27,87,23,37,180,101
939,27,3,2,4,22,8,10,20,60,62,74,77,79,187,235,231,5,4,12,11,12,12,45,59,52,45,59,52,122,70,226,0,1,7,4,4,10,12,56,52,116,70,104,159,230,202,13,25,48,91,190,9,8,6,5,5,7,38,32,2,64,41,54,86,78,106
940,51,12,8,7,15,18,12,32,16,32,64,24,73,181,64,90,4,5,1,5,4,15,21,50,62,21,5,12,62,140,155,3,6,2,31,5,4,21,0,23,114,127,5,33,35,174,1,2,3,6,17,2,2,3,1,1,1,4,4,4,10,21,1,45,20,37
941,34,13,7,6,28,9,1,25,21,63,25,79,63,207,110,249,15,14,11,29,29,27,30,33,32,96,33,32,33,198,230,0,1,7,4,4,10,10,58,4,124,90,76,219,136,21,14,29,57,114,232,6,8,6,10,13,11,40,38,36,61,38,83,103,93,67
942,17,11,15,5,10,17,3,4,50,14,104,95,98,152,60,241,7,12,13,7,23,7,55,3,61,81,124,61,7,3,149,9,9,9,0,31,15,15,50,19,0,56,121,231,241,137,14,29,57,113,231,4,4,4,2,2,2,5,7,5,11,19,28,46,79,60
943,62,2,14,9,0,30,16,16,56,7,127,73,9,33,49,92,0,7,3,26,13,24,37,57,25,37,57,69,35,32,125,0,1,7,9,4,10,27,46,51,36,99,54,218,161,228,13,25,45,86,181,10,3,8,27,27,13,54,37,34,46,44,46,23,25,40
944,59,11,15,5,10,17,3,51,50,14,104,50,114,68,60,133,7,12,13,7,23,7,55,3,61,81,124,61,7,3,149,9,9,9,0,31,15,15,50,19,0,56,121,37,170,223,14,29,57,113,231,4,4,4,2,2,2,5,7,5,11,19,37,101,142,60
945,43,10,12,9,12,4,21,43,45,33,70,110,80,190,70,60,0,7,3,4,19,16,44,29,47,44,29,2,151,74,16,8,2,12,9,1,10,53,34,33,99,5,120,147,101,113,13,24,43,82,173,1,3,8,18,11,13,13,25,16,34,13,39,21,30,31
946,24,4,14,2,31,7,4,38,17,26,105,23,26,156,201,59,8,7,3,26,31,24,62,43,43,120,108,105,116,122,117,0,1,7,4,4,10,10,58,4,60,117,76,71,228,25,9,18,32,63,133,3,7,1,13,14,15,16,16,12,9,8,9,199,251,30
947,52,6,11,4,26,30,10,39,62,9,39,43,113,99,47,213,15,14,11,29,8,27,25,48,39,25,74,113,90,83,214,0,1,7,10,20,10,61,35,39,91,20,63,71,21,103,6,11,17,37,83,8,7,9,30,10,26,47,45,43,38,43,40,68,83,56
948,49,13,7,6,27,14,6,42,62,58,118,62,118,101,241,56,13,13,6,16,28,9,13,12,6,104,69,96,58,76,221,0,1,7,1,0,22,26,29,48,44,76,79,228,130,238,11,22,39,75,159,9,8,6,5,5,7,3,6,2,59,58,55,30,40,42
949,59,11,13,5,8,29,3,4,32,3,78,114,127,217,135,13,7,12,13,7,23,7,5,53,20,5,115,88,177,128,165,9,9,9,0,31,15,58,16,62,48,30,68,127,63,94,14,28,55,109,224,4,4,4,2,2,2,29,30,30,3,16,21,36,14,13
950,49,11,15,5,10,29,3,4,50,14,4,95,85,7,193,38,7,12,13,7,23,7,55,3,61,5,115,88,177,128,8,9,9,9,0,31,15,15,50,19,82,71,118,95,247,88,14,29,57,113,230,4,4,4,2,2,2,5,7,5,11,55,28,97,103,73
951,21,9,2,12,13,27,20,61,24,53,103,87,111,20,17,99,4,11,5,28,26,1,61,37,1,11,37,70,77,102,82,0,1,7,15,2,28,1,12,50,40,28,1,71,80,19,13,24,44,85,178,2,2,3,12,9,12,8,12,47,53,104,32,95,98,109
952,2,3,2,4,22,8,10,8,43,62,25,88,63,207,183,81,15,1,11,29,1,27,9,1,18,69,32,18,198,105,30,0,1,7,10,20,6,32,49,54,33,75,113,219,136,21,10,19,33,66,142,8,12,9,11,23,11,12,14,13,4,2,83,103,93,39
953,34,3,2,4,30,8,10,39,61,1,39,7,62,99,172,215,15,14,11,29,29,27,30,32,18,69,32,18,30,209,195,0,1,7,4,20,6,4,27,38,67,105,87,129,92,188,10,19,34,68,146,8,12,9,11,13,11,40,38,36,48,38,47,63,44,146
954,61,5,3,10,19,19,13,41,27,45,41,57,45,182,248,25,14,6,0,23,6,0,12,49,0,12,73,0,235,172,69,10,10,3,12,15,11,14,2,4,8,38,0,125,120,167,4,8,13,29,67,3,9,1,3,4,3,2,5,6,7,4,6,59,27,32
955,61,5,3,10,19,24,13,58,55,47,91,55,99,118,219,115,14,6,0,23,6,0,12,49,54,80,49,54,167,56,91,10,10,3,27,28,30,56,19,3,68,21,27,34,1,60,4,8,12,27,63,3,9,1,3,4,3,42,42,40,31,29,34,16,15,17
956,18,2,14,3,26,21,4,49,56,26,71,97,26,135,23,32,8,15,14,18,16,13,18,17,16,18,17,16,200,14,13,0,1,7,4,4,10,10,1,37,124,90,76,71,160,37,9,18,30,58,124,14,14,12,28,28,27,31,34,29,13,11,14,131,163,214
957,42,1,1,13,7,25,5,29,22,48,106,19,48,26,151,247,12,2,10,14,21,17,29,61,35,29,61,35,38,71,42,6,13,4,29,24,27,47,55,15,14,58,115,140,61,26,3,6,8,17,40,0,0,0,22,3,16,27,29,26,30,31,29,6,6,5
958,2,3,2,4,22,8,10,8,61,7,86,88,103,242,78,170,0,7,3,26,13,24,37,20,25,37,121,69,127,93,245,0,1,7,10,20,6,4,27,38,109,90,48,218,197,216,10,19,34,68,145,8,12,9,11,23,11,12,14,13,106,2,47,214,219,22
959,32,6,11,2,20,12,11,19,4,22,19,4,22,111,54,85,2,6,15,2,15,18,2,44,46,2,44,46,100,4,27,13,14,13,11,21,21,40,33,31,86,108,72,66,15,129,6,10,15,31,72,3,7,1,13,14,15,16,16,12,9,8,9,2,4,12
960,16,9,8,12,13,27,12,30,20,53,61,85,53,193,192,37,4,5,1,5,4,31,6,23,36,6,82,36,248,255,178,3,6,2,15,2,28,1,12,50,37,42,26,67,74,220,1,1,1,1,1,2,2,3,12,9,12,8,12,14,19,15,22,43,23,14
961,32,6,11,2,20,12,11,19,17,16,19,4,16,123,187,188,2,6,15,2,15,18,52,4,15,108,79,73,190,86,86,0,1,7,4,4,10,10,58,4,94,96,101,28,180,79,9,18,31,61,130,3,9,1,13,14,15,16,16,12,93,98,100,114,169,108
962,49,11,15,5,10,17,3,51,50,14,4,95,85,61,253,241,7,12,13,7,23,7,55,3,61,81,124,88,7,164,8,9,9,9,0,31,15,15,50,19,0,103,29,71,170,137,14,29,57,113,231,4,4,4,2,2,2,5,7,5,99,19,28,87,79,144
963,8,8,12,9,12,4,8,43,45,33,43,110,33,18,70,60,0,7,3,4,19,16,44,29,47,44,29,86,15,79,201,8,2,12,9,1,10,33,40,60,84,89,105,42,43,115,16,32,62,122,247,6,3,8,18,15,13,13,31,16,25,13,41,79,64,89
964,1,11,13,5,8,10,30,42,15,35,124,15,78,170,232,116,7,12,13,21,5,29,28,22,37,127,53,37,145,129,180,9,9,9,5,17,3,23,28,17,72,82,84,46,27,29,14,28,55,108,223,4,4,4,20,20,22,11,17,17,1,5,4,76,75,65
965,17,11,15,5,10,17,3,40,50,14,40,50,124,136,225,165,7,12,13,7,23,7,55,3,61,81,124,61,73,3,149,0,1,7,4,4,15,15,50,19,0,56,121,231,229,158,13,26,49,95,200,4,4,4,2,2,2,5,7,5,94,77,90,172,105,102
966,60,13,7,14,3,15,27,3,35,17,3,35,17,74,220,12,11,8,9,9,9,8,8,7,11,8,7,11,8,8,243,4,4,8,21,11,0,39,32,10,20,18,50,17,5,33,5,9,14,30,70,13,13,14,26,25,25,23,23,20,6,6,8,0,0,0
967,60,13,7,14,3,15,27,3,35,17,3,35,17,19,220,12,11,8,9,9,9,8,8,7,11,8,7,11,8,8,243,4,4,8,21,11,0,39,32,10,20,18,50,17,5,33,5,9,14,30,70,13,13,14,26,25,25,23,23,20,6,6,8,0,0,0
968,3,1,0,13,1,22,17,1,11,10,1,106,10,1,175,177,1,2,10,1,2,25,10,2,17,65,112,117,241,232,227,6,13,4,30,13,23,19,14,41,17,39,107,16,210,196,3,4,6,12,31,0,0,0,9,7,10,1,1,3,22,0,2,223,175,168
969,44,10,12,8,4,26,21,35,58,31,35,58,31,104,143,132,6,3,2,24,27,28,27,31,2,95,31,72,51,73,173,8,2,12,24,16,17,41,59,12,79,68,75,243,222,181,16,32,62,123,248,1,1,2,15,11,5,35,25,33,28,22,24,5,10,3
970,43,0,4,15,21,2,18,48,8,40,75,8,81,183,235,58,5,4,12,11,12,12,45,59,52,45,59,52,122,70,226,15,15,15,16,30,13,12,56,52,88,118,73,159,230,202,9,15,25,52,109,5,11,10,8,8,9,9,46,15,79,75,76,70,87,81
971,1,8,2,9,0,30,14,16,14,46,16,56,46,242,227,102,0,7,3,26,31,24,58,10,27,76,98,27,203,104,109,0,1,7,9,7,10,33,40,60,74,91,15,119,50,133,13,25,46,87,183,6,15,1,25,10,23,46,47,48,39,42,97,113,122,129
972,33,5,3,10,19,19,13,41,57,45,36,57,47,50,173,25,14,6,0,23,6,0,12,49,0,12,73,104,142,192,218,10,10,3,12,15,11,14,2,4,124,90,38,71,160,253,4,8,13,28,64,3,9,1,3,4,3,2,5,6,7,4,6,51,56,54
973,17,11,15,5,10,17,3,40,31,14,98,31,14,7,26,49,7,12,13,7,23,7,55,3,61,81,124,126,202,195,184,9,9,9,0,31,15,15,50,19,82,71,118,95,52,166,14,29,57,112,229,4,4,4,2,2,2,49,48,5,11,55,85,97,103,73
974,33,5,3,10,19,24,13,58,55,47,91,55,99,118,219,115,14,6,0,23,6,0,12,49,54,80,49,54,167,56,91,10,10,3,27,28,30,56,19,3,68,21,27,34,1,60,4,8,12,27,63,3,9,1,3,4,3,42,42,40,31,29,34,16,15,17
975,43,2,4,3,0,22,16,54,25,40,52,75,122,158,176,156,0,7,3,26,31,24,45,19,58,75,19,58,81,82,70,15,15,15,4,4,10,2,63,4,53,44,125,41,144,222,13,26,50,96,202,4,11,5,8,8,24,58,21,57,87,102,102,104,140,130
976,0,1,0,1,5,1,15,45,5,34,112,5,38,120,4,23,12,2,10,14,30,5,63,13,5,87,25,81,128,155,104,6,13,4,2,3,1,3,22,9,124,90,76,16,210,17,13,27,52,100,208,0,0,0,4,12,0,20,19,8,35,97,73,134,209,180
977,7,8,2,9,12,4,8,43,45,33,37,110,33,169,72,96,0,14,3,26,13,24,39,20,53,39,80,116,56,236,204,0,1,7,9,1,10,27,46,51,36,99,54,71,172,156,13,24,43,83,174,6,3,8,18,15,13,13,37,34,78,88,53,116,100,141
978,11,1,0,13,1,22,17,1,11,10,69,112,107,109,44,148,1,2,10,1,2,25,1,2,17,105,2,17,209,229,59,6,13,4,30,13,23,19,14,41,1,102,95,75,200,214,3,4,6,10,26,0,0,0,9,7,10,1,1,3,44,0,2,62,17,41
979,38,1,1,13,5,25,9,45,19,18,17,91,96,26,35,130,12,2,10,14,30,5,10,13,38,109,96,78,42,218,227,6,13,4,2,3,1,3,22,9,124,13,76,71,160,253,13,24,43,83,174,0,0,0,4,3,0,20,2,0,114,81,86,184,192,200
980,30,11,13,5,8,10,30,31,15,35,124,15,78,131,13,116,7,12,13,21,5,29,28,22,37,127,53,37,145,129,180,9,9,9,5,17,3,23,28,17,72,82,84,46,27,29,14,28,55,108,223,4,4,4,20,20,22,11,17,17,1,5,4,76,75,65
981,54,13,7,9,29,14,14,62,63,15,62,99,119,32,62,63,13,13,6,22,8,22,23,24,28,23,24,28,31,23,24,0,1,7,6,10,9,8,18,20,28,74,32,104,237,78,11,21,38,74,158,9,8,6,27,27,30,39,41,41,33,34,35,10,8,10
982,26,6,11,2,26,30,0,52,14,8,127,79,65,52,128,110,13,13,6,22,8,22,51,41,24,93,48,124,72,53,217,0,1,7,4,4,10,10,23,14,124,90,90,227,21,253,6,11,16,33,76,9,7,6,30,10,23,28,35,28,87,68,89,248,164,199
983,12,13,7,6,27,14,6,25,28,58,74,123,79,164,48,4,13,13,6,16,28,9,51,30,24,51,78,24,189,40,116,0,1,7,1,0,22,57,11,14,116,70,104,71,145,63,11,22,40,77,161,9,8,6,5,5,7,3,32,2,64,41,54,86,78,106
984,48,15,6,11,11,5,28,22,9,5,93,9,5,206,218,7,3,0,4,3,0,4,26,0,4,106,0,90,3,0,216,2,5,5,8,19,16,7,51,49,15,111,76,54,160,55,1,2,2,4,9,7,6,7,7,6,8,0,0,1,47,45,57,136,57,77
985,13,8,15,9,12,4,8,43,45,7,37,73,108,179,75,31,0,7,3,26,13,24,37,57,25,37,57,69,35,32,125,0,1,7,9,1,10,27,46,51,36,99,54,102,172,156,13,25,45,86,182,6,3,8,18,15,13,13,37,34,46,44,53,23,25,141
986,0,3,2,4,9,14,15,23,62,4,85,82,77,78,27,72,9,11,5,13,26,14,42,11,23,126,122,107,242,188,19,0,1,7,20,20,25,10,58,4,105,31,31,88,26,176,10,20,36,71,149,9,8,9,14,16,20,39,26,23,59,58,55,179,201,42
987,41,1,0,13,1,22,17,1,11,10,69,112,107,197,44,148,1,2,10,1,2,25,1,2,17,105,2,17,209,229,59,6,13,4,30,13,23,19,14,41,1,102,95,75,200,214,3,4,6,10,26,0,0,0,9,7,10,1,1,3,44,0,2,62,17,41
988,59,11,13,5,8,29,3,4,50,3,110,114,3,210,91,195,7,12,13,7,23,7,5,53,20,5,115,88,177,113,53,9,9,9,0,31,15,58,16,62,48,30,68,246,183,226,14,29,56,111,228,4,4,4,2,2,2,29,30,30,3,16,21,36,14,13
989,26,5,3,10,19,19,13,36,57,45,36,57,47,50,173,246,14,6,0,23,6,0,12,49,0,12,73,104,16,18,252,10,10,3,12,15,11,14,2,4,103,81,82,7,251,38,4,8,13,29,66,3,9,1,3,4,3,2,5,6,7,4,6,51,56,54
990,60,13,7,14,3,15,27,3,35,17,3,35,17,74,220,12,11,8,9,9,9,8,8,7,11,8,7,11,8,8,243,4,4,8,21,11,0,39,32,10,20,18,50,174,6,74,5,9,14,30,70,13,13,14,26,25,25,23,23,20,6,6,8,0,0,0
991,54,14,10,4,22,8,10,8,43,62,86,43,113,38,130,62,15,1,11,15,1,20,9,1,50,9,1,18,198,105,30,0,1,7,10,20,6,32,49,54,109,75,48,68,125,189,10,19,34,68,146,8,12,9,11,23,11,12,14,13,4,2,5,14,72,22
992,36,3,0,1,30,13,15,59,7,38,85,7,84,10,68,129,12,2,10,31,10,30,20,25,5,87,25,81,138,155,104,6,13,4,2,3,1,29,26,5,90,50,21,88,226,71,3,7,11,26,60,0,0,0,14,12,0,18,19,8,15,18,12,9,11,8
993,13,8,2,4,28,9,1,12,3,63,12,3,86,122,216,105,15,14,11,0,20,3,41,9,45,41,99,80,99,176,111,0,1,7,4,1,10,30,52,55,95,120,4,161,169,201,13,27,53,102,213,6,3,8,10,13,14,21,20,25,37,50,49,120,39,170
994,53,8,2,4,23,9,16,40,62,63,40,31,68,78,74,159,0,7,3,26,13,24,0,26,53,0,109,53,0,239,2,0,1,7,4,4,10,5,58,37,124,90,76,122,160,41,14,29,57,112,229,9,8,6,5,5,7,49,48,44,102,55,85,97,103,73
995,25,14,14,4,23,21,4,49,10,55,42,126,93,88,108,8,10,9,8,12,14,11,14,15,10,14,64,10,18,16,120,0,1,7,4,4,10,10,58,37,124,90,76,71,82,253,9,18,30,58,124,6,10,11,24,18,17,15,15,35,116,116,115,230,218,249
996,22,12,8,7,15,18,12,32,16,32,64,24,73,192,64,253,4,5,1,5,4,31,38,5,12,113,75,112,4,247,15,3,6,2,31,5,4,21,0,23,114,19,122,184,100,7,1,2,2,4,10,2,2,3,1,1,1,4,4,4,10,21,1,155,134,92
997,42,7,14,3,25,3,4,55,10,26,71,100,26,246,182,79,6,3,2,10,17,21,33,39,34,33,39,34,252,135,141,12,8,1,7,9,14,5,1,37,124,90,76,55,82,32,9,18,30,60,128,1,1,2,0,0,4,22,9,9,43,39,38,42,216,154
998,27,10,12,8,4,26,7,9,38,27,9,58,105,86,22,16,6,3,2,24,3,28,27,31,40,27,71,60,179,179,52,12,8,1,4,4,10,10,58,4,124,90,76,165,192,100,16,32,62,123,249,1,1,2,15,11,5,35,27,33,94,23,24,160,231,240
999,14,1,0,1,30,1,15,59,7,38,59,86,84,73,179,164,12,2,10,31,10,30,20,25,26,87,25,81,138,155,104,6,13,4,2,3,1,29,26,5,90,50,21,120,93,71,3,7,11,25,57,0,0,0,14,12,0,18,19,8,15,18,12,9,11,8
1000,13,3,0,1,30,9,15,23,7,1,76,7,86,163,140,214,15,14,11,0,20,3,41,9,45,89,9,83,131,238,29,0,1,7,4,4,10,10,58,4,124,90,76,71,160,8,13,27,54,106,220,6,3,8,10,13,14,21,60,51,78,88,103,180,251,107
1001,53,0,4,15,0,2,16,52,33,40,75,72,81,136,137,154,13,7,3,22,8,22,43,41,27,107,118,124,118,107,217,0,1,7,4,4,10,57,11,14,59,33,123,233,209,225,6,11,16,32,73,9,8,6,5,5,28,61,46,61,112,99,104,70,113,150
1002,17,8,2,8,28,9,1,47,3,25,47,68,25,46,20,11,15,14,11,0,20,3,0,9,53,0,109,53,166,43,203,0,1,7,4,1,10,30,52,55,57,112,102,19,232,168,13,25,47,89,187,6,3,8,10,13,14,21,20,25,60,59,62,65,114,197
1003,45,7,5,8,25,3,2,37,2,21,97,2,21,43,224,89,6,3,2,10,17,21,34,55,31,34,55,95,254,118,58,12,8,1,7,9,14,44,37,44,18,1,16,183,126,233,13,25,47,89,187,1,1,2,0,0,4,17,13,10,14,12,11,169,124,161
1004,9,15,9,11,11,6,23,63,53,29,92,64,88,232,82,162,3,0,4,25,25,23,3,27,29,3,65,29,226,167,134,7,0,10,25,18,8,10,58,4,124,111,76,232,110,186,7,13,21,48,101,7,6,7,19,21,19,6,8,7,5,7,7,12,2,9
1005,34,8,2,4,28,8,1,12,61,4,25,61,4,207,110,159,15,14,11,29,29,27,30,33,32,77,93,125,208,65,89,0,1,7,4,20,10,4,27,38,67,105,87,137,186,80,10,19,34,67,143,8,12,9,11,13,11,40,38,36,61,38,47,63,44,67
1006,32,6,11,2,20,12,11,26,4,42,26,4,109,126,205,201,2,6,15,2,15,18,2,44,46,2,44,46,44,4,27,13,14,13,11,21,21,40,33,31,126,79,114,194,32,124,4,8,13,29,65,3,7,1,13,14,15,16,16,12,9,8,9,2,4,12
1007,7,12,8,7,24,18,29,46,42,11,46,42,11,161,65,198,4,11,1,20,18,19,17,14,22,17,14,22,114,26,20,0,1,7,4,4,10,10,58,28,19,87,42,40,211,125,1,2,2,4,9,15,15,15,29,30,29,34,36,32,23,24,25,26,32,28
1008,11,1,1,13,5,25,9,45,19,37,126,1,91,48,152,35,12,2,10,14,30,5,63,13,38,119,90,38,231,216,225,6,13,4,2,3,1,34,57,45,42,54,28,81,152,35,3,6,8,16,38,0,0,0,4,3,0,7,40,0,27,47,23,37,54,25
1009,32,6,11,2,20,12,11,19,4,22,19,4,109,30,205,201,2,6,15,2,15,18,2,44,46,2,44,46,44,4,27,13,14,13,11,21,21,55,15,24,60,117,90,29,32,179,4,8,13,29,65,3,7,1,13,14,15,16,16,12,9,8,9,2,4,12
1010,7,11,13,5,8,10,30,31,32,35,31,119,52,106,98,75,7,12,13,21,5,29,28,22,37,28,22,87,183,69,235,9,9,9,5,17,3,23,28,17,107,57,77,244,131,99,14,28,55,107,221,4,4,4,20,20,22,11,17,17,1,5,4,4,7,7
1011,15,9,8,7,15,27,29,46,42,11,46,87,111,169,236,99,15,11,11,29,26,27,11,33,32,99,47,74,197,212,46,0,1,7,9,1,10,10,58,4,99,5,120,40,224,125,1,2,2,4,7,2,2,3,12,15,12,41,33,47,53,13,32,85,116,109
1012,8,1,0,9,12,4,15,44,45,12,100,98,96,13,161,125,1,2,10,14,10,5,10,46,49,10,13,106,42,178,202,0,1,7,4,4,10,10,58,4,108,66,111,186,41,196,13,26,49,93,194,11,0,13,21,22,21,10,11,11,96,79,88,32,47,44
1013,4,3,2,4,9,20,20,61,12,39,90,12,39,224,123,155,9,11,5,13,26,14,42,11,23,126,11,23,39,30,112,0,1,7,20,20,25,46,45,40,26,97,36,35,39,250,10,20,35,69,147,8,3,9,17,16,20,25,26,23,50,40,27,27,34,34
1014,21,9,8,12,13,27,20,61,24,53,61,66,111,141,192,37,4,11,5,28,26,1,61,37,1,11,37,70,77,102,82,3,6,2,15,2,28,46,12,50,40,28,1,67,80,19,1,1,1,3,5,2,2,3,12,9,12,8,12,14,19,15,32,95,98,33
1015,58,9,14,3,13,27,26,27,54,49,38,125,101,160,131,67,4,5,1,5,4,31,6,5,12,113,62,112,201,116,211,3,6,2,4,5,4,21,1,37,31,22,5,131,146,243,9,18,30,59,126,2,2,3,1,1,1,4,4,4,40,117,119,181,177,174
1016,51,12,8,7,13,27,12,27,24,60,64,24,60,142,87,48,4,5,1,5,4,31,6,5,12,113,62,112,201,116,211,3,6,2,31,5,4,21,0,23,124,90,26,33,155,253,1,2,3,6,17,2,2,3,1,1,1,8,4,14,110,25,83,152,155,139
1017,38,8,2,9,12,4,8,43,45,33,70,110,33,169,72,114,0,7,3,26,13,24,39,20,53,39,80,116,56,236,204,0,1,7,9,1,10,10,58,4,99,5,120,71,101,113,13,24,43,83,174,6,3,8,18,15,13,13,31,16,114,13,39,184,192,200
1018,16,9,8,12,13,27,12,30,24,53,123,85,60,193,87,189,4,5,1,5,4,31,6,23,36,6,82,36,248,255,32,3,6,2,15,2,28,1,12,50,37,42,26,103,252,208,1,1,1,1,2,2,2,3,12,9,12,8,12,14,19,15,22,33,150,134
1019,0,3,0,1,30,1,15,59,7,38,108,86,84,73,179,129,12,2,10,31,10,30,20,25,26,20,86,98,26,33,22,6,13,4,2,3,1,29,26,5,90,50,21,120,58,71,3,7,9,19,45,0,0,0,14,12,0,18,19,8,15,18,12,9,11,8
1020,56,13,7,6,29,14,14,62,14,15,74,60,119,200,150,238,13,13,6,22,8,22,51,30,24,51,78,24,189,40,116,0,1,7,4,4,10,57,11,14,49,3,76,204,145,63,13,27,52,100,208,9,8,6,5,5,7,38,32,51,64,41,54,195,187,106
1021,32,6,11,2,20,12,11,19,4,22,19,4,22,111,54,85,2,6,15,2,15,18,2,44,46,2,44,46,100,4,27,13,14,13,11,21,21,40,33,31,86,108,72,66,15,129,6,10,15,31,72,3,7,1,13,14,15,16,16,12,9,8,9,2,4,12
1022,62,7,5,8,4,26,7,55,29,27,55,101,18,244,217,187,6,3,2,10,17,21,33,39,60,79,72,75,135,115,166,12,8,1,7,9,14,59,44,47,47,48,83,60,22,161,3,7,11,22,51,1,1,2,0,0,4,22,9,9,54,56,31,60,42,46
1023,7,8,2,4,28,4,8,47,3,25,113,103,120,199,184,96,15,14,11,0,20,3,39,47,13,118,47,13,79,12,190,0,1,7,20,1,10,63,61,35,104,0,65,164,214,146,13,24,44,84,177,6,3,8,10,15,14,41,33,46,57,48,61,77,59,43
1024,55,1,1,13,18,31,22,17,47,28,79,124,126,216,37,108,1,2,10,17,22,26,22,21,21,22,21,21,224,170,66,1,7,11,19,22,5,20,10,16,2,32,14,64,3,6,2,3,5,9,24,11,0,13,21,22,21,10,11,11,0,1,0,7,3,2
1025,42,2,14,3,23,21,4,54,44,26,54,126,26,156,176,230,8,10,7,27,24,6,56,18,27,56,123,127,194,244,175,15,15,15,4,4,10,10,58,4,53,90,125,71,160,253,9,18,32,62,131,10,5,5,16,19,24,19,21,18,124,127,127,238,226,130
1026,33,5,3,10,19,19,13,41,57,43,58,57,43,59,18,10,14,6,0,23,6,0,12,49,0,52,4,0,255,131,218,10,10,3,9,4,10,10,58,4,49,3,15,144,23,42,4,8,13,28,64,3,9,1,3,4,3,46,47,48,39,42,51,117,110,166
1027,44,10,12,8,4,26,21,35,40,31,70,58,80,44,111,20,6,3,2,24,3,28,27,31,40,27,107,40,107,52,118,8,2,12,24,16,17,53,34,33,24,17,20,74,29,5,16,32,62,123,249,1,1,2,15,11,5,35,25,33,34,22,24,21,30,31
1028,38,9,8,12,13,27,29,46,24,60,46,66,60,119,236,189,4,5,1,5,4,31,38,62,55,38,23,55,121,29,212,3,6,2,4,4,10,10,58,4,124,90,76,71,160,253,1,1,1,1,1,2,2,3,1,1,1,14,24,22,86,10,99,244,205,245
1029,42,2,4,3,2,28,31,2,33,54,2,34,116,137,80,117,8,10,7,6,7,10,36,35,63,114,119,63,87,54,87,15,15,15,13,7,24,60,9,36,78,10,6,77,73,44,9,15,23,50,104,5,5,5,6,17,6,36,10,39,29,32,30,17,48,70
1030,33,5,3,10,19,19,13,41,57,45,41,57,45,50,248,10,14,6,0,23,6,0,12,49,0,52,4,0,70,172,0,10,10,3,12,15,11,14,2,4,8,38,0,0,120,34,4,8,13,29,67,3,9,1,3,4,3,2,5,6,7,4,6,89,67,32
1031,17,11,15,5,10,17,3,51,50,14,51,50,14,68,139,83,7,12,13,7,23,7,55,3,61,81,124,61,73,3,92,0,1,7,0,31,15,15,50,19,0,56,121,37,170,223,14,29,57,113,231,4,4,4,2,2,2,5,7,5,99,49,37,101,158,163
1032,29,15,6,11,11,5,28,13,46,24,77,46,24,213,107,106,3,0,4,25,25,23,3,27,29,3,113,102,91,92,75,2,5,5,17,14,19,43,24,32,29,61,34,128,10,101,7,13,20,46,96,7,6,7,19,21,19,6,8,7,69,61,71,38,31,20
1033,38,3,2,4,9,4,8,5,5,18,68,36,94,42,57,51,9,14,5,13,29,14,11,33,32,101,97,74,132,42,224,0,1,7,20,20,25,49,38,56,123,73,70,254,157,199,10,20,37,72,153,8,3,9,17,16,20,45,33,42,45,46,42,140,26,85
1034,36,3,0,1,30,13,15,59,7,1,73,117,87,143,100,152,12,2,10,31,10,30,53,46,26,53,46,92,52,10,62,0,1,7,2,3,1,54,62,18,98,47,126,141,127,57,3,7,10,21,49,7,0,7,14,12,16,51,51,50,76,84,79,100,84,80
1035,25,6,14,2,6,30,4,49,56,36,71,97,36,150,169,64,8,7,3,26,31,24,62,26,27,120,108,105,215,122,117,0,1,7,4,4,10,5,1,37,69,29,47,217,12,182,9,18,31,61,129,10,5,5,16,19,17,53,43,52,70,70,65,157,161,175
1036,57,10,12,8,4,26,7,9,38,27,9,76,105,198,115,16,6,3,2,24,3,28,27,31,40,74,66,100,27,25,38,8,2,12,28,23,12,28,36,11,62,45,39,52,112,85,16,32,64,125,253,1,1,2,15,11,5,26,27,27,74,23,72,41,60,49
1037,61,5,3,10,19,19,13,41,27,47,41,27,47,50,250,25,14,6,0,23,6,0,12,49,0,12,73,0,255,192,218,10,10,3,12,15,11,14,2,4,126,79,114,12,109,119,13,27,54,104,216,3,9,1,3,4,3,2,5,6,66,69,66,220,68,59
1038,12,13,7,6,27,14,6,25,28,58,74,123,118,164,48,4,13,13,6,16,28,9,13,30,6,94,30,84,227,117,11,0,1,7,1,0,22,57,11,14,59,33,123,86,160,253,3,7,11,23,52,9,8,6,5,5,7,3,6,2,20,41,54,249,21,63
1039,20,1,1,13,5,1,9,45,5,37,112,5,37,96,28,126,12,2,10,14,30,5,63,13,5,117,101,5,9,87,140,6,13,4,2,3,1,3,22,9,87,95,117,11,68,164,3,6,8,17,42,0,0,0,4,3,0,20,2,0,35,36,43,19,33,50
1040,52,8,2,4,23,9,16,52,62,1,39,68,1,255,155,209,13,13,6,22,8,22,51,48,24,93,48,118,123,53,154,0,1,7,4,1,10,42,35,43,10,67,43,149,121,217,13,27,52,99,207,9,8,6,5,5,26,55,32,51,72,63,75,47,58,52
1041,14,7,5,8,25,3,2,7,2,2,7,111,27,70,2,43,6,3,2,10,17,21,34,55,31,111,6,101,199,149,131,12,8,1,7,9,14,17,37,1,35,77,110,191,70,131,15,30,60,119,243,1,1,2,0,0,4,22,13,10,56,66,63,82,117,90
1042,57,7,5,8,4,26,7,37,2,27,121,111,27,46,97,151,6,3,2,10,17,21,34,6,31,4,6,9,221,46,36,12,8,1,7,9,14,17,37,1,5,104,81,85,126,233,15,30,59,117,239,1,1,2,0,0,4,17,13,10,56,66,56,65,114,61
1043,57,10,5,8,4,26,7,57,13,44,57,111,44,234,223,18,6,3,2,30,3,2,4,52,9,92,52,68,5,17,220,12,8,1,18,27,18,31,4,58,56,24,61,165,192,100,16,32,63,124,250,1,1,2,0,0,5,24,22,21,17,27,15,160,77,240
1044,57,10,12,8,4,26,7,35,58,6,121,111,6,90,32,92,6,3,2,24,3,28,27,31,40,27,71,60,179,179,176,12,8,1,4,4,10,10,58,4,56,4,61,165,192,100,15,30,59,117,239,1,1,2,15,11,5,26,27,33,46,23,46,240,152,202
1045,4,9,8,7,15,27,29,46,42,51,46,104,67,93,236,176,4,5,1,5,4,31,38,62,55,38,104,55,78,186,102,3,6,2,31,5,4,48,21,6,52,110,99,48,48,18,1,2,2,5,12,2,2,3,1,1,1,14,24,22,86,10,99,127,123,95
1046,25,6,11,2,6,30,24,49,23,36,71,97,36,29,169,64,2,6,15,19,15,18,54,16,15,54,85,99,88,153,95,0,1,7,4,4,10,5,1,37,69,29,47,91,137,75,9,18,31,61,129,3,9,1,25,10,17,53,43,52,70,70,65,92,101,115
1047,41,1,0,13,1,22,17,1,11,10,1,106,107,197,44,86,1,2,10,1,2,25,1,2,17,105,2,17,134,229,59,6,13,4,30,13,23,19,14,41,17,39,107,195,210,209,3,4,6,12,29,0,0,0,9,7,10,1,1,3,44,0,2,62,17,41
1048,59,11,13,5,8,29,30,31,32,35,65,65,35,24,162,57,7,12,13,21,5,29,28,22,37,28,22,87,22,226,26,9,9,9,5,17,3,23,28,17,23,27,22,30,13,1,14,28,55,107,222,4,4,4,20,20,22,11,17,17,1,5,4,4,7,7
1049,35,1,1,13,18,31,22,17,30,28,79,124,28,6,37,24,1,2,10,17,22,26,22,21,21,22,21,21,224,170,66,1,7,11,19,22,5,20,10,16,2,32,14,64,3,6,2,3,5,9,24,11,0,13,21,22,21,10,11,11,0,1,0,7,3,2
1050,28,9,8,7,13,27,29,10,42,60,81,92,62,32,62,255,4,11,1,13,26,1,61,37,1,11,37,70,146,150,183,0,1,7,4,4,10,10,58,4,124,19,122,224,225,54,1,2,2,4,8,2,2,3,31,9,28,48,56,49,75,109,77,106,182,119
1051,0,1,0,1,30,1,15,23,5,34,23,98,77,229,28,192,12,2,10,31,10,17,10,46,49,10,13,106,186,217,177,6,13,4,2,3,1,10,58,4,3,7,59,168,122,149,3,7,9,19,44,0,0,0,4,12,0,38,61,54,81,111,68,93,96,172
1052,43,0,4,15,0,17,16,52,25,40,52,78,122,249,96,244,0,7,3,26,31,24,45,19,58,75,19,58,81,82,70,0,1,7,4,4,10,2,63,14,53,44,125,41,144,122,13,26,50,96,202,4,11,6,8,8,9,58,3,57,87,102,102,192,132,140
1053,1,3,15,9,0,17,16,51,25,14,51,68,97,57,139,89,8,7,3,26,31,24,16,10,27,16,77,103,94,141,129,0,1,7,4,4,10,10,58,19,124,90,105,9,107,254,13,25,46,88,184,4,4,4,2,2,2,5,7,5,99,49,113,169,184,163
1054,6,6,11,2,26,30,24,24,14,8,96,79,62,16,105,165,2,6,15,19,15,18,32,16,15,98,16,111,126,197,172,0,1,7,9,4,10,57,23,14,124,90,90,71,57,253,6,11,16,33,76,9,7,1,5,5,7,61,35,28,107,37,45,156,188,239
1055,55,1,1,13,5,25,9,44,19,12,17,91,12,17,78,196,12,2,10,14,30,5,63,13,38,63,90,78,243,220,191,6,13,4,2,3,1,3,22,9,27,13,58,150,164,193,3,7,9,20,46,0,0,0,4,3,0,7,2,0,106,79,93,163,179,111
1056,49,13,7,6,27,9,6,39,28,58,81,123,62,12,105,227,13,13,6,16,28,9,13,30,6,94,30,84,13,77,137,0,1,7,4,4,22,57,23,14,59,33,123,233,57,225,11,22,40,76,160,9,8,6,5,5,7,3,6,2,63,37,45,132,106,55
1057,28,12,8,7,15,18,12,32,20,61,32,16,61,192,164,248,4,5,1,5,4,15,21,50,62,103,92,62,137,207,50,3,6,2,31,5,4,1,25,29,118,93,98,189,83,104,1,2,4,7,19,2,2,3,1,1,1,33,28,38,8,20,10,48,43,76
1058,46,12,8,7,15,18,12,27,16,32,64,24,60,76,87,118,4,5,1,5,4,31,38,5,12,113,62,112,201,116,211,3,6,2,31,5,4,21,0,23,55,127,5,15,155,246,1,2,3,6,17,2,2,3,1,1,1,4,4,4,10,52,1,61,126,245
1059,19,14,10,0,14,23,19,34,18,19,102,18,19,9,117,178,10,9,8,12,14,11,14,15,10,14,64,10,18,16,120,11,12,0,26,25,2,52,13,30,4,9,12,2,24,2,8,14,22,49,103,12,10,11,23,18,18,15,15,19,2,3,3,8,13,6
1060,9,15,6,11,11,0,28,22,0,57,122,127,100,206,56,7,3,0,4,3,0,4,26,0,4,26,105,90,111,0,139,2,5,5,8,19,16,7,51,49,15,111,44,54,7,253,7,12,18,42,92,7,6,7,7,6,8,0,0,1,47,28,16,211,95,205
1061,40,2,14,3,2,28,26,6,54,49,6,89,101,41,19,59,8,10,7,6,7,10,16,35,63,97,34,108,222,100,130,0,1,7,4,4,31,36,1,0,124,90,76,175,160,180,9,18,32,63,134,5,5,5,6,24,6,62,18,24,115,116,50,234,208,138
1062,60,13,7,14,3,15,27,3,35,17,3,35,17,74,199,12,11,8,9,9,9,8,8,7,11,8,7,11,8,8,243,4,4,8,21,11,0,39,32,10,20,18,50,174,6,74,5,9,14,30,70,13,13,14,26,25,25,23,23,20,6,6,8,0,0,0
1063,63,8,2,4,28,9,1,47,3,25,47,3,25,199,216,11,15,14,11,0,20,3,0,9,45,41,109,53,166,43,203,0,1,7,4,1,10,30,52,55,95,120,4,19,232,168,13,25,47,89,187,6,3,8,10,13,14,21,20,25,60,59,62,74,39,66
1064,26,6,11,2,20,12,11,19,17,22,19,17,117,30,63,29,2,6,15,2,15,18,2,44,46,2,44,46,192,173,27,13,14,13,11,21,21,16,48,59,60,117,30,241,228,25,6,10,15,31,71,3,7,1,13,14,15,16,16,12,9,8,9,2,90,30
1065,27,11,14,5,23,17,16,49,10,36,49,126,124,217,165,127,0,7,3,26,11,24,35,42,8,55,89,94,43,67,223,0,1,7,4,4,10,5,1,37,31,22,121,225,229,20,13,26,49,95,201,4,4,4,24,20,22,50,48,44,120,117,90,181,177,174
1066,12,13,7,6,27,14,6,25,28,58,88,72,118,164,10,227,13,13,6,16,28,9,13,30,6,94,30,84,13,77,137,0,1,7,1,0,22,57,11,14,59,33,123,233,11,225,6,11,16,32,73,9,8,6,5,5,7,3,6,2,85,41,45,132,80,55
1067,18,11,13,5,8,10,3,4,50,3,78,114,127,235,135,184,7,12,13,21,5,29,5,53,20,64,114,20,57,38,237,9,9,9,0,31,15,58,16,62,65,64,91,167,78,23,14,29,56,111,227,4,4,4,2,2,2,29,30,30,3,16,21,40,69,13
1068,40,0,4,15,21,2,18,18,8,56,18,84,56,14,156,149,5,4,12,11,12,12,46,60,48,100,127,48,247,162,161,15,15,15,16,30,13,50,39,27,110,59,60,39,244,102,12,23,41,79,166,5,11,10,8,8,9,37,3,37,21,26,33,11,55,16
1069,2,3,10,4,22,8,10,8,43,7,86,73,103,242,227,81,0,7,3,26,13,24,37,57,25,37,57,69,127,93,245,0,1,7,10,20,6,27,46,51,36,99,54,218,161,216,10,19,34,68,145,8,12,9,27,23,13,54,37,34,46,44,46,23,25,40
1070,60,13,7,14,3,15,27,3,35,17,3,35,17,74,220,12,11,8,9,9,9,8,8,7,11,8,7,11,8,8,243,4,4,8,21,11,0,39,32,10,20,18,50,17,5,33,5,9,14,30,70,13,13,14,26,25,25,23,23,20,6,6,8,0,0,0
1071,47,6,11,2,16,16,25,56,37,41,56,94,41,110,71,128,8,10,7,27,24,6,24,18,33,24,18,33,2,166,25,15,15,15,3,26,26,11,5,57,69,29,47,220,12,182,9,16,26,54,114,10,5,5,16,19,24,19,21,18,18,17,18,3,5,4
1072,23,7,5,8,25,3,2,7,2,2,7,2,75,92,2,169,6,3,2,10,17,21,34,55,31,111,6,101,199,149,131,12,8,1,7,9,14,17,37,1,35,77,110,180,70,126,15,30,60,119,243,1,1,2,0,0,4,22,13,10,56,66,63,82,117,90
1073,62,10,12,7,24,20,29,28,39,13,111,39,72,161,65,53,4,11,1,20,18,19,17,14,22,17,14,22,114,26,20,14,11,14,14,12,7,62,47,28,19,87,42,155,158,136,16,31,61,121,246,15,15,15,29,30,29,34,36,32,23,24,25,26,32,28
1074,7,8,2,9,12,4,8,47,3,25,113,103,120,168,221,96,15,14,11,0,20,3,39,47,13,118,47,13,79,12,190,0,1,7,20,1,25,63,61,35,104,0,65,164,47,146,13,24,44,84,177,6,3,8,10,15,14,41,33,46,57,48,61,77,59,43
1075,28,6,5,3,26,30,12,16,20,20,30,20,53,34,89,139,4,5,1,5,4,31,6,23,36,6,82,36,29,5,32,3,6,2,15,2,28,1,58,4,37,90,98,14,195,16,1,2,4,8,22,2,2,3,12,9,12,8,28,14,8,20,22,191,50,14
1076,16,9,8,12,13,27,12,30,24,53,27,85,53,193,87,189,4,5,1,5,4,31,6,23,36,6,82,36,248,255,178,3,6,2,15,2,28,1,12,50,37,42,26,67,34,220,1,1,1,1,1,2,2,3,12,9,12,8,12,14,19,15,22,43,23,14
1077,6,0,4,15,0,2,16,16,25,7,75,73,46,242,227,182,0,7,3,26,13,24,37,57,25,37,57,69,35,32,233,0,1,7,9,1,10,27,46,51,36,99,54,218,161,228,13,25,45,86,180,10,3,8,27,27,13,54,37,34,46,44,46,23,25,40
1078,16,6,11,11,26,30,0,22,0,26,76,127,30,163,149,137,15,14,11,0,13,3,39,20,53,39,80,116,56,236,158,0,1,7,4,1,10,10,58,4,39,125,46,83,55,48,13,27,54,106,219,6,6,8,10,6,14,57,37,34,78,88,53,116,100,107
1079,20,15,9,11,11,6,23,63,53,50,92,64,71,130,146,162,3,0,4,25,25,23,3,27,29,3,65,29,20,27,34,7,0,10,25,18,8,38,43,34,89,49,119,3,198,165,7,13,19,43,93,7,6,7,19,21,19,6,8,7,5,7,7,12,2,9
1080,1,11,15,5,12,10,8,51,45,33,51,119,96,57,139,21,0,7,3,4,19,16,19,45,47,19,45,47,54,78,107,0,1,7,9,1,10,33,40,60,84,89,105,42,43,115,13,26,49,93,194,6,3,8,18,15,13,13,31,16,25,49,41,67,63,89
1081,0,1,0,13,5,1,15,44,5,12,44,5,10,216,175,82,12,2,10,14,30,5,63,13,38,10,25,81,128,242,79,6,13,4,2,3,1,3,22,9,27,13,58,16,4,196,3,7,9,20,47,0,0,0,14,12,0,18,2,8,67,91,70,128,115,83
1082,46,12,8,7,15,18,29,32,16,11,87,42,51,209,64,253,4,5,1,5,4,31,38,62,55,38,75,55,211,251,240,3,6,2,31,5,4,10,58,4,124,90,76,33,155,40,13,27,54,105,218,2,2,3,1,1,1,4,4,4,88,126,111,155,166,242
1083,46,9,8,7,15,18,29,46,42,60,46,42,5,119,210,194,4,5,1,5,4,31,38,62,55,38,23,55,121,29,212,3,6,2,31,5,4,48,21,6,30,94,127,255,249,208,1,2,2,4,9,2,2,3,1,1,1,14,24,22,16,10,19,25,9,36
1084,19,14,10,0,14,23,19,34,18,19,102,18,19,9,203,178,10,9,8,12,14,11,14,15,10,14,64,10,18,16,120,11,12,0,26,25,2,52,13,30,4,9,12,2,24,2,8,14,22,49,103,12,10,11,23,18,18,15,15,19,2,3,3,8,13,6
1085,6,6,11,2,6,30,0,16,56,46,20,108,46,72,125,76,0,7,3,26,31,24,58,10,27,76,116,27,66,233,77,0,1,7,9,7,10,33,40,60,49,3,15,144,23,42,6,11,17,38,85,6,7,1,25,10,23,46,47,48,39,42,51,117,110,117
1086,31,0,4,15,17,2,18,53,36,59,53,90,125,91,222,180,5,4,12,11,12,12,15,38,14,15,38,121,150,191,61,15,15,15,16,30,13,10,58,4,124,90,76,253,184,253,12,23,42,80,167,9,11,10,8,8,9,9,3,15,12,9,13,107,94,122
1087,7,8,2,9,12,4,8,47,3,25,47,103,33,243,221,96,15,14,11,0,20,3,39,47,13,118,47,13,79,12,190,0,1,7,9,1,10,63,61,35,104,0,65,164,214,146,13,25,47,89,185,6,3,8,10,15,14,41,33,46,57,48,61,77,59,43
1088,15,1,0,13,5,25,9,60,19,37,126,1,37,48,112,177,12,2,10,14,30,5,63,13,38,119,90,38,53,216,225,6,13,4,2,3,1,34,57,45,111,54,28,121,62,112,3,6,8,17,41,0,0,0,4,3,0,7,40,0,27,47,23,37,112,235
1089,16,0,4,15,17,2,18,53,36,40,120,90,40,62,163,171,5,4,12,11,12,12,15,38,14,15,38,14,112,147,12,15,15,15,16,30,13,2,63,22,85,62,62,31,219,152,12,23,42,81,171,5,11,10,8,8,9,9,3,15,12,9,13,29,16,18
1090,58,15,6,11,11,5,28,22,9,30,122,9,100,27,16,224,3,0,4,3,0,4,26,0,4,26,105,90,111,124,3,2,5,5,8,19,16,7,51,49,15,12,44,53,7,187,7,12,18,42,92,7,6,7,7,6,8,0,0,1,32,28,16,58,36,57
1091,49,11,15,5,10,17,16,40,50,14,72,69,124,136,157,203,7,12,13,7,11,7,55,3,30,86,3,30,228,168,253,9,9,9,0,4,15,15,50,19,0,56,121,196,241,223,13,26,49,93,194,4,4,4,2,2,2,5,7,5,94,77,37,172,104,102
1092,18,11,13,5,8,10,30,31,31,35,98,95,78,188,43,144,7,12,13,7,23,7,5,53,20,5,115,88,164,234,132,9,9,9,0,31,15,5,1,37,112,90,76,71,183,253,14,29,57,114,233,4,4,4,2,20,2,11,48,17,120,19,90,87,79,144
1093,47,6,11,2,16,16,25,56,37,41,56,94,121,55,61,208,8,10,7,27,24,6,24,18,33,24,18,33,2,166,25,15,15,15,3,26,26,11,5,57,12,55,3,23,59,139,9,16,26,54,115,10,5,5,16,19,24,19,21,18,18,17,18,3,5,4
1094,47,2,11,2,16,16,25,56,37,41,56,94,41,110,71,120,8,10,7,27,24,6,24,18,33,24,18,33,2,166,25,15,15,15,3,26,26,11,5,57,12,55,3,23,59,139,9,16,26,54,113,10,5,5,16,19,24,19,21,18,18,17,18,3,5,4
1095,40,2,4,3,21,28,31,48,33,56,48,84,56,151,80,80,8,10,7,6,7,10,36,35,63,36,35,41,185,49,197,15,15,15,13,7,24,10,58,4,25,107,86,237,156,65,12,23,41,79,165,5,5,5,6,17,6,36,10,39,29,32,33,126,149,16
1096,61,5,3,10,19,24,13,58,55,47,91,55,99,118,219,115,14,6,0,23,6,0,12,49,54,80,49,54,167,56,91,10,10,3,27,28,30,56,19,3,68,21,27,34,1,60,4,8,12,27,63,3,9,1,3,4,3,42,42,40,31,29,34,16,15,17
1097,31,0,4,15,17,2,18,53,36,59,53,90,125,207,163,171,5,4,12,11,12,12,15,38,14,15,38,121,150,191,61,15,15,15,16,30,13,18,17,22,32,62,62,219,136,21,3,7,11,23,53,5,11,10,8,8,9,9,3,15,12,9,13,103,93,18
1098,55,1,1,13,7,25,5,29,22,48,29,22,48,145,46,107,12,2,10,14,21,17,29,61,35,29,61,35,38,71,42,6,13,4,29,24,27,47,55,15,14,58,115,166,119,236,3,5,7,13,33,0,0,0,22,3,16,27,29,26,30,31,29,6,6,5
1099,13,8,2,4,28,9,1,12,3,63,113,103,120,98,199,159,15,14,11,29,29,27,30,33,32,96,33,32,33,198,230,0,1,7,4,4,10,10,58,4,124,90,76,219,136,21,13,27,54,103,215,6,3,14,26,25,25,23,38,36,61,38,83,103,93,67
1100,41,1,0,13,1,22,17,1,11,10,1,106,10,1,41,73,1,2,10,1,2,25,1,2,17,105,2,17,1,109,208,6,13,4,30,13,23,19,14,41,17,39,107,79,105,245,3,4,6,12,31,0,0,0,9,7,10,1,1,3,22,0,2,73,145,123
1101,15,12,8,7,15,18,12,32,16,61,32,16,61,181,64,65,4,5,1,5,4,15,21,50,62,21,92,62,249,51,238,3,6,2,31,5,4,1,25,29,114,8,71,189,35,104,1,2,4,7,18,2,2,3,1,1,1,33,28,38,8,21,10,48,43,76
1102,12,13,7,6,27,14,6,25,28,58,119,28,65,241,128,110,13,13,6,16,28,9,49,30,57,49,110,57,84,160,80,0,1,7,1,0,22,57,23,14,96,2,2,227,33,241,13,26,50,97,203,9,8,6,5,5,7,3,6,2,20,68,17,66,65,196
1103,47,2,14,3,16,16,25,56,37,41,56,94,54,110,71,208,8,10,7,27,24,6,24,18,33,24,18,33,2,166,25,15,15,15,3,26,26,11,5,57,12,55,3,10,167,175,9,16,26,54,115,10,5,5,16,19,24,19,21,18,18,17,18,158,165,120
1104,19,14,10,0,14,23,19,21,18,19,102,18,19,89,38,178,10,9,8,12,14,11,14,15,10,14,64,10,18,16,120,11,12,0,26,25,2,52,13,30,4,9,12,209,206,207,8,14,22,49,103,12,10,11,23,18,18,15,15,19,2,3,3,8,13,6
1105,19,14,10,0,14,23,19,34,18,19,102,118,19,9,203,178,10,9,8,12,14,11,14,15,10,14,64,10,18,16,120,11,12,0,26,25,2,52,13,30,4,9,12,2,24,2,8,14,22,49,103,12,10,11,23,18,18,15,15,19,2,3,3,8,13,6
1106,1,11,13,5,8,10,30,31,15,52,31,65,59,100,92,167,7,12,13,21,5,29,28,22,37,28,22,87,22,69,235,9,9,9,5,30,3,5,1,37,124,34,64,30,191,177,9,18,30,60,128,4,4,4,20,20,22,11,17,17,1,5,4,76,75,65
1107,31,0,4,15,21,2,18,18,8,56,18,93,56,247,21,119,5,4,12,11,12,12,46,60,48,100,127,48,247,162,161,15,15,15,16,30,13,50,39,27,110,59,60,39,244,102,12,23,41,79,166,5,11,10,8,8,9,37,3,37,21,26,33,11,55,16
1108,20,6,11,2,6,30,24,24,23,20,24,23,8,165,12,161,2,6,15,19,15,18,54,16,15,54,16,15,50,28,14,0,1,7,9,7,10,22,60,53,115,121,15,126,139,190,6,11,17,39,87,3,7,1,25,10,23,44,35,28,65,65,89,111,86,99
1109,27,9,8,7,15,3,29,55,42,51,55,71,67,47,182,187,6,3,2,10,17,21,33,39,60,79,72,75,251,63,94,12,8,1,7,9,14,10,58,4,124,90,76,69,69,64,1,2,2,4,9,1,1,2,0,0,4,22,9,9,104,95,31,151,91,143
1110,53,13,14,6,23,14,4,49,10,58,49,83,64,170,66,11,15,14,11,26,20,24,62,43,43,31,26,43,239,114,23,0,1,7,4,4,10,5,1,37,31,22,76,71,82,231,9,18,30,60,128,6,10,12,24,26,17,43,39,35,40,85,52,137,128,121
1111,5,6,11,2,26,30,24,24,23,20,24,56,68,124,84,124,2,6,15,2,15,18,54,4,15,115,76,115,93,132,98,0,1,7,9,7,10,16,48,59,38,35,55,245,90,61,6,11,17,39,86,3,7,1,3,4,3,44,52,59,84,83,82,88,90,84
1112,2,14,10,4,22,8,10,8,43,62,86,88,103,212,130,8,15,1,11,15,1,20,9,1,50,9,1,50,175,1,115,0,1,7,10,20,6,32,49,54,109,75,48,59,236,116,10,19,34,68,145,8,12,9,11,23,11,12,14,13,4,2,5,14,72,22
1113,21,9,2,12,9,20,20,61,12,39,90,122,39,147,123,44,9,11,5,13,26,14,42,11,23,42,11,23,110,249,35,0,1,7,20,20,25,46,45,40,127,69,89,47,154,46,10,20,35,70,148,8,3,9,17,16,20,25,26,23,42,64,27,52,29,69
1114,41,1,0,13,1,22,17,1,11,10,69,112,95,197,112,177,1,2,10,1,2,25,1,2,17,105,2,17,134,2,59,6,13,4,30,13,23,19,14,41,17,39,107,170,105,111,3,4,6,12,29,0,0,0,9,7,10,1,1,3,22,0,2,62,17,101
1115,35,1,1,13,18,31,22,17,47,28,79,124,28,6,37,24,1,2,10,17,22,26,22,21,21,22,21,21,224,170,66,1,7,11,19,22,5,20,10,16,2,32,14,64,3,6,2,3,5,9,24,11,0,13,21,22,21,10,11,11,0,1,0,7,3,2
1116,56,13,7,6,27,14,6,25,28,58,88,123,58,164,105,4,13,13,6,16,28,9,13,30,6,94,30,84,13,117,137,0,1,7,1,0,22,57,11,14,59,33,123,71,57,253,11,22,40,76,160,9,8,6,5,5,7,3,6,2,63,37,45,121,21,55
1117,19,14,10,0,14,23,19,34,18,19,102,18,19,9,203,178,10,9,8,12,14,11,14,15,10,14,64,10,18,16,120,11,12,0,26,25,2,52,13,30,4,9,12,2,24,2,8,14,22,49,103,12,10,11,23,18,18,15,15,19,2,3,3,8,13,6
1118,59,11,13,5,8,29,3,4,50,3,78,95,85,152,60,184,7,12,13,7,23,7,5,53,20,5,115,88,177,113,53,9,9,9,0,31,15,58,16,62,48,103,29,203,142,94,14,29,57,113,231,4,4,4,2,2,2,5,7,5,11,19,28,87,79,60
1119,26,6,11,2,20,12,0,19,4,0,89,4,109,126,103,85,2,6,15,2,15,18,2,44,46,2,44,109,44,4,148,13,14,13,11,21,21,55,15,24,63,40,97,61,104,36,6,11,16,35,80,3,7,1,13,14,15,16,16,12,9,8,48,50,52,12
1120,20,11,15,5,10,9,16,40,50,9,4,50,85,32,62,158,0,7,3,26,11,24,35,42,8,35,95,114,140,94,251,0,1,7,4,4,10,10,58,4,124,103,76,71,160,253,14,29,57,114,232,1,1,2,0,0,4,17,13,10,75,19,77,219,164,119
1121,16,1,0,13,1,22,17,1,11,10,69,112,10,109,41,142,1,2,10,1,2,25,1,2,17,105,2,17,1,109,208,6,13,4,30,13,23,19,14,41,17,39,107,79,105,245,3,4,6,12,30,0,0,0,9,7,10,1,1,3,22,0,2,73,180,112
1122,10,1,1,13,5,25,9,45,19,18,126,91,112,184,78,196,12,2,10,14,30,5,63,13,38,63,90,78,193,220,191,6,13,4,2,3,1,3,22,9,27,13,58,150,164,17,3,7,11,25,57,0,0,0,4,3,0,7,2,0,27,82,93,163,179,111
1123,43,7,5,8,25,3,2,7,2,27,7,111,27,70,50,43,6,3,2,10,17,21,34,55,31,111,6,101,199,149,131,12,8,1,7,9,14,17,37,1,35,77,110,191,70,131,13,24,44,85,179,1,1,2,0,0,4,22,13,10,56,66,63,82,117,90
1124,47,6,11,2,16,16,25,56,37,41,56,94,41,29,71,128,8,10,7,27,24,6,24,18,33,24,18,33,2,166,25,15,15,15,3,26,26,11,5,57,12,55,3,220,12,182,9,16,26,54,114,10,5,5,16,19,24,19,21,18,18,17,18,3,5,4
1125,3,9,8,7,1,22,29,46,42,11,46,42,67,1,210,232,1,2,10,1,2,25,1,2,17,1,2,79,159,156,136,6,13,4,30,13,23,19,14,41,17,97,107,71,249,208,3,4,6,12,30,0,0,0,9,7,10,14,1,3,104,95,105,154,91,131
1126,40,0,4,15,21,2,18,48,33,56,48,84,56,14,156,80,5,4,12,11,12,12,46,60,48,46,60,48,65,66,48,15,15,15,16,30,13,50,39,27,25,107,86,237,156,65,12,23,41,78,164,5,11,10,8,8,9,37,3,37,21,26,33,11,41,16
1127,36,1,0,13,5,22,9,44,11,34,44,106,10,216,175,232,1,2,10,14,30,5,10,13,38,10,13,106,241,218,227,6,13,4,2,3,1,10,58,4,17,39,107,16,210,17,3,6,8,17,42,0,0,0,21,7,21,7,11,11,113,97,120,142,175,168
1128,49,11,15,5,10,17,3,4,50,3,104,114,127,114,135,133,7,12,13,7,23,7,55,3,61,5,115,88,177,113,165,9,9,9,0,31,15,58,16,62,0,56,121,37,241,223,14,29,57,113,231,4,4,4,2,2,2,5,30,30,3,16,37,40,69,60
1129,32,6,11,2,20,12,11,19,17,22,19,17,22,126,94,100,2,6,15,2,15,18,2,44,46,2,44,46,192,4,27,13,14,13,11,21,21,40,33,31,60,117,30,241,228,25,6,10,15,31,72,3,7,1,13,14,15,16,16,12,9,8,9,2,4,30
1130,37,7,5,8,25,3,2,55,29,2,109,100,2,246,182,79,6,3,2,10,17,21,33,39,34,33,39,34,252,135,141,12,8,1,7,9,14,35,31,2,117,101,108,71,160,253,15,30,60,118,242,1,1,2,0,0,4,22,9,9,43,39,38,42,22,45
1131,27,2,14,3,2,28,31,15,44,54,8,126,69,252,140,117,8,10,7,6,7,10,16,35,63,97,34,108,222,100,130,0,1,7,4,4,10,10,58,4,124,90,76,175,160,180,9,18,32,63,134,5,5,5,6,17,6,62,60,31,115,116,50,234,208,138
1132,46,12,8,7,15,18,12,32,16,32,64,41,73,192,64,118,4,5,1,5,4,15,21,5,12,21,5,12,113,140,155,3,6,2,31,5,4,21,0,23,114,127,71,33,35,174,1,2,3,6,15,2,2,3,1,1,1,4,4,4,10,21,1,45,38,51
1133,5,8,12,9,12,4,8,43,45,33,43,110,33,169,72,60,0,7,3,4,19,16,44,29,47,44,29,86,15,79,201,0,1,7,9,1,10,10,58,14,124,5,76,233,101,113,13,24,43,83,174,6,3,8,18,15,13,13,31,16,34,13,39,132,64,169
1134,5,2,14,3,23,21,4,33,44,55,33,96,55,21,153,3,0,7,3,26,31,24,31,26,8,35,95,114,59,45,135,0,1,7,4,4,10,5,1,37,61,88,74,142,246,229,9,18,29,57,122,6,10,5,24,26,31,43,55,55,103,60,58,71,46,47
1135,18,2,14,3,16,16,25,56,37,41,105,8,121,183,116,58,5,4,12,11,12,12,46,60,48,123,60,97,165,158,147,15,15,15,3,26,26,2,63,4,120,119,85,151,37,109,12,23,42,81,170,10,5,5,16,19,24,19,21,18,12,9,98,29,125,93
1136,39,15,9,11,11,6,23,63,53,50,92,53,88,232,82,104,3,0,4,25,25,23,3,27,29,3,65,29,212,167,242,7,0,10,25,18,8,38,43,4,124,111,76,232,110,186,7,13,21,48,101,7,6,7,19,21,19,6,8,7,5,7,7,12,2,9
1137,51,12,8,7,15,18,12,32,16,32,64,24,32,192,64,175,4,5,1,5,4,15,21,5,12,21,5,12,113,140,155,3,6,2,31,5,4,21,0,23,55,127,5,15,217,246,1,2,3,6,17,2,2,3,1,1,1,4,4,4,10,52,1,61,126,75
1138,16,3,0,1,30,13,15,23,60,38,23,60,118,148,150,238,12,2,10,31,10,30,20,46,26,90,68,26,147,201,241,6,13,4,2,3,1,57,11,14,83,109,67,204,11,240,13,27,52,100,208,9,8,6,5,5,7,38,32,54,85,41,73,78,80,78
1139,11,1,1,13,5,25,9,45,19,49,126,1,101,48,28,35,12,2,10,14,30,5,63,13,38,119,90,38,53,216,225,6,13,4,4,4,1,34,57,45,111,54,28,229,204,17,3,6,8,17,40,0,0,0,4,3,0,7,40,0,27,47,23,37,54,25
1140,4,3,2,4,9,20,20,61,12,39,90,122,39,251,123,211,9,11,5,13,26,14,42,11,23,42,11,23,110,249,35,0,1,7,20,20,25,46,45,40,127,69,89,137,26,252,10,20,35,70,148,8,3,9,17,16,20,25,26,23,42,40,27,52,29,165
1141,24,4,14,3,31,7,4,38,59,23,38,59,23,128,6,59,8,15,14,18,16,13,18,17,16,18,17,16,14,14,13,5,3,6,23,6,20,25,30,7,21,25,53,108,91,142,9,17,27,55,118,14,14,12,28,28,27,31,34,29,13,11,14,1,1,1
1142,14,2,9,3,2,28,31,2,34,54,114,113,89,173,45,186,8,10,7,6,7,10,48,8,56,48,8,89,55,219,67,15,15,15,13,29,31,37,41,42,16,80,116,96,31,24,9,15,25,53,110,5,5,5,6,17,6,32,10,31,36,35,36,13,12,15
1143,30,11,13,5,8,29,30,31,15,35,65,65,35,131,160,200,7,12,13,21,5,29,28,22,37,28,22,87,22,226,26,9,9,9,5,17,3,23,28,17,23,27,22,30,13,1,14,28,55,107,222,4,4,4,20,20,22,11,17,17,1,5,4,4,7,7
1144,59,11,13,5,8,29,30,31,32,35,65,65,35,223,162,57,7,12,13,21,5,29,28,22,37,28,22,87,22,226,26,9,9,9,5,17,3,23,28,17,23,27,22,185,159,194,14,28,55,107,222,4,4,4,20,20,22,11,17,17,1,5,4,4,7,7
1145,42,7,5,8,25,3,2,7,29,2,109,100,2,56,120,88,6,3,2,10,17,21,33,39,34,33,39,34,252,135,141,12,8,1,7,9,14,35,31,2,117,101,108,246,160,234,15,30,58,116,237,1,1,2,0,0,4,22,9,9,43,39,38,42,22,45
1146,12,13,7,6,27,14,6,25,28,58,88,72,58,164,105,4,13,13,6,16,28,9,13,30,6,94,30,84,13,77,137,0,1,7,1,0,22,57,11,14,59,33,123,233,57,225,11,22,40,76,160,9,8,6,5,5,7,3,6,2,63,37,45,132,21,55
1147,43,10,12,8,24,26,7,28,39,13,111,39,13,230,233,204,4,11,1,20,18,19,17,14,22,17,14,22,25,152,163,14,11,14,14,12,7,6,3,25,46,11,33,56,174,30,16,31,61,120,245,15,15,15,29,30,29,34,36,32,23,24,25,81,88,87
1148,9,15,9,11,11,6,23,50,49,57,50,54,49,31,39,104,3,0,4,25,25,23,3,27,29,3,27,102,212,92,242,7,0,10,17,14,19,10,58,4,124,111,76,71,160,203,7,13,19,44,94,7,6,7,19,21,19,6,8,7,69,61,71,38,31,20
1149,53,8,15,9,12,10,8,43,45,33,124,45,78,32,72,216,7,12,13,21,5,29,28,22,37,127,53,37,145,22,180,0,1,7,9,1,10,5,1,37,99,5,120,71,82,32,13,24,43,83,174,6,3,8,18,15,13,13,31,16,25,13,41,67,156,216
1150,54,13,7,9,29,14,14,62,26,15,62,26,119,65,122,70,13,13,6,22,8,22,23,24,28,23,24,28,31,23,24,0,1,7,6,10,9,8,18,20,41,14,80,20,18,82,11,21,38,73,155,9,8,6,27,27,30,39,41,41,33,34,35,10,8,10
1151,17,11,15,3,10,17,16,51,50,14,40,50,124,103,225,133,0,7,3,7,11,7,55,3,30,86,42,8,73,3,31,0,1,7,0,31,15,15,50,19,0,56,121,37,170,223,9,18,29,57,121,4,4,4,2,2,2,49,57,44,93,123,37,101,233,163
1152,56,13,7,6,27,14,6,25,28,58,66,28,83,241,106,131,13,13,6,16,28,9,13,12,6,13,12,6,130,184,222,0,1,7,1,0,22,0,42,61,101,113,35,115,116,153,11,22,40,77,162,9,8,6,5,5,7,3,6,2,20,33,17,18,18,27
1153,3,3,0,1,30,1,15,23,7,38,85,7,38,54,244,72,12,2,10,14,30,5,20,13,5,87,25,81,128,155,104,6,13,4,2,3,1,29,26,5,87,95,117,88,226,176,3,7,9,20,46,0,0,0,14,12,0,20,2,8,35,36,43,19,33,50
1154,19,14,10,0,14,23,19,34,18,19,102,121,19,180,117,178,10,9,8,12,14,11,14,15,10,14,64,10,18,16,120,11,12,0,26,25,2,52,13,30,4,9,12,2,14,97,8,14,22,49,103,12,10,11,23,18,18,15,15,19,2,3,3,22,92,26
1155,47,6,11,2,16,16,25,56,37,41,56,94,41,110,71,120,8,10,7,27,24,6,24,18,33,24,18,33,2,166,25,15,15,15,3,26,26,11,5,57,12,55,3,23,59,139,9,16,26,54,113,10,5,5,16,19,24,19,21,18,18,17,18,3,5,4
1156,11,1,1,13,5,25,9,45,1,34,126,1,34,79,28,35,12,2,10,14,30,5,63,13,38,119,90,38,53,216,225,6,13,4,2,3,1,3,22,9,27,13,58,206,204,14,3,6,8,17,40,0,0,0,4,3,0,7,40,0,27,47,23,37,54,25
1157,30,11,13,5,8,29,3,4,50,35,4,95,85,152,238,241,7,12,13,7,23,7,55,3,61,5,115,88,177,113,165,9,9,9,0,31,15,15,50,19,9,103,29,231,183,158,14,29,57,113,231,4,4,4,2,2,2,5,7,5,11,19,28,87,79,144
1158,39,15,9,11,11,6,23,63,48,50,63,64,50,167,59,162,3,0,4,25,25,23,3,27,29,3,65,29,226,167,134,7,0,10,25,18,8,38,43,4,124,90,76,82,153,203,7,13,19,43,93,7,6,7,19,21,19,6,8,7,5,7,7,12,2,9
1159,3,1,1,13,5,25,9,60,1,37,126,1,102,243,229,51,12,2,10,14,30,5,63,13,38,63,90,38,109,58,186,6,13,4,2,3,1,3,22,9,27,13,58,178,117,193,3,6,8,17,41,0,0,0,4,3,0,7,40,0,97,92,91,147,137,128
1160,21,8,2,4,9,20,20,61,12,39,68,36,94,42,168,254,9,14,5,29,29,27,11,33,32,99,97,74,132,42,224,0,1,7,20,20,25,49,38,56,123,73,70,254,157,199,10,20,37,72,153,8,3,9,17,16,20,25,33,42,45,46,42,140,26,85
1161,14,11,13,5,8,29,3,4,32,3,78,114,3,235,91,195,7,12,13,21,23,29,5,53,20,64,114,20,57,38,237,9,9,9,0,31,15,58,16,62,48,30,68,246,183,226,14,29,56,111,228,4,4,4,2,2,2,29,30,30,3,16,21,36,14,13
1162,61,5,3,10,19,24,13,58,55,47,91,55,99,118,219,115,14,6,0,23,6,0,12,49,54,80,49,54,167,56,91,10,10,3,27,28,30,56,19,3,68,21,27,34,1,60,4,8,12,27,63,3,9,1,3,4,3,42,42,40,31,29,34,16,15,17
1163,53,8,2,4,23,8,10,5,62,4,68,36,94,42,184,155,9,14,11,29,29,27,11,33,32,101,97,74,132,42,224,0,1,7,20,20,25,49,38,56,123,73,70,254,196,199,10,20,37,72,153,8,3,9,17,16,20,45,33,42,45,46,42,57,26,85
1164,19,14,10,0,14,23,19,21,18,19,21,18,19,89,117,178,10,9,8,12,14,11,14,15,10,14,64,10,18,16,120,11,12,0,26,25,2,52,13,30,4,9,12,209,206,207,8,14,22,49,103,12,10,11,23,18,18,15,15,19,2,3,3,22,37,6
1165,41,1,0,3,1,22,17,1,11,10,69,102,95,197,161,143,1,2,10,1,2,25,1,2,17,105,2,17,134,229,59,6,13,4,30,13,23,19,14,41,1,90,76,170,105,51,3,4,6,12,29,0,0,0,9,7,10,1,1,3,55,0,69,130,45,103
1166,3,3,0,1,30,13,15,23,7,38,108,7,84,214,179,129,12,2,10,31,10,30,20,25,26,20,86,98,26,33,22,6,13,4,2,3,1,29,26,5,90,50,21,204,93,255,3,7,9,19,44,0,0,0,14,12,0,18,19,8,15,18,12,134,146,83
1167,6,2,11,3,16,16,25,54,37,41,54,37,121,178,176,52,8,10,7,27,24,6,56,18,41,56,123,127,102,91,145,15,15,15,3,26,26,11,5,57,53,123,125,80,51,154,9,18,32,62,131,10,5,5,16,19,24,19,21,18,49,53,50,104,140,130
1168,63,14,14,3,23,21,31,42,33,55,42,33,116,4,214,74,8,10,7,6,31,10,36,35,63,36,119,41,185,208,192,0,1,7,12,4,11,10,58,4,8,38,8,0,120,34,9,18,30,60,128,5,10,5,24,26,3,56,50,45,118,67,67,89,67,32
1169,27,10,12,8,4,26,7,9,38,27,7,38,27,254,118,122,6,3,2,24,3,28,27,31,40,102,107,40,169,127,142,8,2,12,22,8,29,24,20,46,70,98,40,27,46,15,16,32,64,127,255,1,1,2,15,11,5,26,27,27,58,23,84,75,62,48
1170,59,11,15,5,10,17,16,40,50,14,82,69,62,217,193,38,7,12,13,7,23,7,55,3,61,5,115,88,177,164,8,9,9,9,0,31,15,15,50,19,9,103,7,193,2,157,13,26,49,95,201,4,4,4,2,2,2,5,7,5,107,76,28,141,71,94
1171,13,8,2,9,28,9,1,12,3,63,76,103,86,162,149,137,15,14,11,0,13,3,39,20,53,39,80,116,56,236,158,0,1,7,4,1,10,27,46,51,39,125,46,83,55,48,13,27,54,106,219,6,3,8,10,15,14,57,37,34,78,88,53,116,100,107
1172,11,1,1,13,5,25,9,44,19,12,126,1,12,115,35,51,12,2,10,31,21,17,53,46,49,109,96,49,83,169,45,6,13,4,29,24,27,54,54,18,124,13,76,215,119,236,3,7,10,21,49,0,0,0,22,3,16,27,29,50,76,82,118,123,213,193
1173,28,9,8,7,13,27,12,30,20,55,30,20,53,34,95,48,4,5,1,5,4,31,6,23,36,6,82,36,29,5,32,3,6,2,15,2,28,1,25,29,37,42,98,14,195,16,1,2,4,8,22,2,2,3,12,9,12,8,28,14,8,20,22,191,50,14
1174,39,15,9,11,11,6,23,63,53,50,92,64,71,130,146,162,3,0,4,25,25,23,3,27,29,3,65,29,20,27,34,7,0,10,25,18,8,38,43,34,89,49,119,3,198,165,7,13,19,43,93,7,6,7,19,21,19,6,8,7,5,7,7,12,2,9
1175,38,8,12,9,12,4,8,43,45,33,43,110,33,169,72,60,0,7,3,4,19,16,19,45,47,19,45,86,168,79,201,0,1,7,9,1,10,33,40,60,99,5,120,187,101,113,13,24,43,82,172,6,3,8,18,15,13,13,31,16,34,13,39,79,64,169
1176,35,1,1,13,18,31,22,17,47,28,79,30,28,6,67,24,1,2,10,17,22,26,22,21,21,112,21,122,67,24,21,1,7,11,19,22,5,20,10,16,108,66,111,186,41,140,2,3,5,9,23,11,0,13,21,22,21,10,11,11,0,1,0,32,47,44
1177,30,11,13,5,8,29,30,31,32,35,65,65,35,131,162,57,7,12,13,21,5,29,28,22,37,28,22,87,22,226,26,9,9,9,5,17,3,23,28,17,23,27,22,30,13,194,14,28,55,107,222,4,4,4,20,20,22,11,17,17,1,5,4,4,7,7
1178,28,2,2,4,26,28,26,5,54,49,5,36,94,5,76,228,15,14,11,29,29,27,30,32,18,69,32,110,213,120,99,0,1,7,20,20,25,49,38,56,123,73,70,171,235,110,10,20,37,72,154,8,3,9,17,16,20,45,33,42,45,46,42,57,26,82
1179,35,1,1,13,18,11,22,17,47,28,79,105,126,6,37,108,1,2,10,17,22,26,22,21,21,22,21,21,206,170,66,1,7,11,19,22,5,20,10,16,66,43,92,90,8,135,2,3,5,9,24,11,0,13,21,22,21,10,11,11,0,1,0,150,3,2
1180,16,0,4,15,12,4,18,18,36,59,18,103,59,247,21,216,0,7,3,4,19,16,19,45,47,19,45,86,144,13,250,15,15,15,4,1,10,10,58,4,99,5,7,5,132,232,13,26,49,95,199,6,3,8,18,15,13,41,31,16,90,13,126,203,204,221
1181,49,13,7,6,27,14,6,25,28,58,74,77,58,12,48,229,13,13,6,16,28,9,13,12,6,13,12,6,227,11,11,0,1,7,1,0,22,57,11,14,59,83,106,86,148,10,11,22,40,76,160,9,8,6,5,5,7,3,6,2,20,37,17,18,21,63
1182,59,11,13,5,8,29,30,31,32,35,65,65,35,24,162,75,7,12,13,21,5,29,28,22,37,28,22,87,22,226,26,9,9,9,5,17,3,23,28,17,23,27,77,244,131,99,14,28,55,107,221,4,4,4,20,20,22,11,17,17,1,5,4,4,7,7
1183,17,8,15,9,10,17,24,51,31,46,51,74,106,57,139,21,0,7,3,26,11,24,31,26,30,71,84,93,101,99,124,0,1,7,9,1,10,33,40,60,84,89,105,63,43,115,9,18,30,60,127,6,4,4,18,15,13,46,31,44,25,49,41,197,63,89
1184,63,8,2,4,28,9,1,47,3,25,47,68,7,255,20,11,15,14,11,0,20,3,0,9,53,0,109,53,166,43,203,0,1,7,4,1,10,30,52,55,57,112,102,19,232,168,13,25,48,92,192,6,3,8,10,13,14,21,20,25,60,59,62,74,85,74
1185,16,6,11,2,26,16,0,24,6,20,115,6,66,140,61,41,8,10,7,27,24,6,60,51,19,60,51,19,37,55,49,15,15,15,9,7,24,60,9,36,58,85,57,109,182,83,6,11,16,34,78,5,5,5,6,17,6,36,10,39,29,32,30,112,82,38
1186,19,14,10,0,14,23,19,21,18,19,21,18,19,89,194,54,10,9,8,12,14,11,14,15,10,14,64,10,117,177,10,11,12,0,26,25,2,45,7,8,51,16,24,106,67,13,8,14,22,49,103,12,10,11,23,18,18,15,15,19,2,3,3,22,37,26
1187,61,5,3,10,19,24,13,58,55,47,91,55,99,118,219,115,14,6,0,23,6,0,12,49,54,80,49,54,167,56,91,10,10,3,27,28,30,56,19,3,68,21,27,34,1,60,4,8,12,27,63,3,9,1,3,4,3,42,42,40,31,29,34,16,15,17
1188,59,11,13,5,8,29,3,4,32,3,78,114,3,152,91,195,7,12,13,21,23,29,5,53,20,64,114,20,57,38,237,9,9,9,0,31,15,58,16,62,48,30,68,127,63,226,14,29,56,111,228,4,4,4,2,2,2,29,30,30,3,16,21,36,14,13
1189,51,12,8,7,15,18,12,27,16,32,64,24,73,134,131,30,4,5,1,5,4,15,21,5,12,113,62,12,124,39,200,3,6,2,31,5,4,21,0,23,7,60,5,139,64,239,1,2,3,6,15,2,2,3,1,1,1,4,4,4,41,25,1,96,20,37
1190,29,15,9,11,11,6,23,63,41,50,63,75,50,108,58,162,3,0,4,25,25,23,3,27,29,3,27,102,212,167,234,7,0,10,25,18,8,10,58,4,15,12,76,82,153,203,7,13,19,44,94,7,6,7,19,21,19,6,8,7,5,7,7,235,2,29
1191,29,2,9,3,2,28,31,2,33,54,114,33,116,137,108,2,8,10,7,6,7,10,36,35,63,114,119,108,10,136,76,0,1,7,4,4,10,10,58,4,124,90,76,202,213,227,9,18,32,63,132,5,5,5,6,17,6,36,52,62,126,105,124,227,220,219
1192,30,11,13,5,8,10,30,31,15,35,124,65,78,106,238,57,7,12,13,21,5,29,28,22,37,127,53,37,145,22,180,9,9,9,5,17,3,23,28,17,112,82,22,63,238,237,14,28,55,109,225,4,4,4,20,20,22,11,17,17,1,5,4,4,181,53
1193,2,3,2,4,22,8,10,8,43,62,86,88,93,196,183,81,15,1,11,15,1,20,9,1,50,9,1,50,175,1,115,0,1,7,10,20,6,32,49,54,105,31,31,59,212,116,10,20,36,71,151,8,12,9,11,23,11,12,14,13,4,2,5,14,73,118
1194,54,13,7,6,29,14,14,16,14,46,16,14,118,164,150,238,13,13,6,22,28,22,51,30,24,51,78,24,189,40,116,0,1,7,9,4,10,57,11,14,49,3,67,204,11,255,13,27,52,100,208,9,8,6,5,5,7,38,32,54,85,41,73,78,80,78
1195,55,1,1,13,18,31,22,17,47,28,79,47,126,6,37,108,1,2,10,17,22,26,22,21,21,22,21,21,224,170,66,1,7,11,19,22,5,20,10,16,2,32,14,64,3,6,2,3,5,9,24,11,0,13,21,22,21,10,11,11,0,1,0,7,3,2
1196,14,3,0,1,30,13,15,59,7,38,101,86,84,81,179,34,12,2,10,31,10,30,53,46,26,53,46,92,52,10,62,0,1,7,2,3,1,10,58,4,124,90,76,71,160,17,9,18,32,62,131,0,0,0,14,12,17,50,19,8,124,107,112,171,162,244
1197,62,3,0,1,30,13,15,59,7,38,101,86,84,73,68,129,1,2,10,17,22,26,22,21,21,112,21,122,67,24,21,1,7,11,19,22,5,20,10,16,108,66,111,186,41,140,3,7,11,26,60,11,0,13,21,22,21,10,11,11,0,1,0,32,218,220
1198,18,2,11,2,6,30,24,24,56,20,24,23,20,165,12,161,8,10,7,27,24,6,24,18,33,24,18,33,2,166,25,15,15,15,9,7,10,10,58,4,115,121,76,10,167,175,13,25,47,89,186,10,5,5,16,19,24,44,21,18,65,65,18,111,86,99
1199,51,9,8,12,13,27,20,61,24,39,103,12,39,224,240,155,9,11,5,13,26,14,42,11,23,126,11,23,39,30,112,0,1,7,20,20,25,46,45,40,26,97,36,35,39,250,10,20,35,69,147,2,2,3,17,16,20,25,26,23,50,40,27,27,34,34
1200,17,8,15,9,10,17,8,51,31,14,51,31,14,7,26,49,7,12,13,7,23,7,55,3,61,81,124,61,73,3,92,0,1,7,9,1,10,15,50,19,84,89,105,37,170,253,14,29,57,113,231,4,4,4,2,2,2,49,7,5,99,49,121,224,191,163
1201,12,13,15,6,27,14,6,52,28,58,72,123,65,28,105,40,13,13,6,16,28,9,13,30,6,94,30,84,13,77,137,0,1,7,1,0,22,57,23,14,59,33,123,173,166,225,11,22,40,76,160,9,8,6,5,5,7,3,6,2,63,37,45,121,21,55
1202,12,13,4,6,21,14,6,48,28,56,48,84,56,151,156,94,5,4,12,11,12,12,46,60,48,100,127,48,247,162,161,15,15,15,16,30,13,50,39,27,110,59,60,39,244,102,12,23,41,79,165,5,11,10,8,8,9,37,3,37,21,26,33,11,55,16
1203,28,2,14,3,2,21,4,49,33,55,6,34,116,4,144,74,15,14,11,29,31,27,47,58,59,47,58,3,19,75,90,0,1,7,4,4,10,5,1,37,121,100,8,58,124,159,9,18,30,58,124,5,5,5,24,26,17,56,50,45,68,67,67,80,70,105
1204,60,13,7,14,3,15,27,3,35,17,3,35,17,19,199,12,11,8,9,9,9,8,8,7,11,8,7,11,8,8,243,4,4,8,21,11,0,39,32,10,20,18,50,174,6,74,5,9,14,30,70,13,13,14,26,25,25,23,23,20,6,6,8,0,0,0
1205,2,3,10,4,22,8,10,8,43,62,81,88,62,99,183,81,15,1,11,15,1,20,9,1,50,9,1,50,175,1,115,0,1,7,10,20,6,32,49,54,109,75,48,59,212,253,10,20,36,71,151,8,12,9,11,23,11,12,14,13,4,2,5,231,174,243
1206,43,10,12,9,24,26,7,28,39,13,111,39,72,25,65,222,4,11,1,20,18,19,17,14,22,17,14,22,114,26,20,14,11,14,14,12,7,62,47,28,19,87,42,155,158,136,16,31,61,121,246,15,15,15,29,30,29,34,36,32,23,24,25,26,32,28
1207,13,8,2,4,12,4,8,47,3,25,113,103,120,168,221,96,15,14,11,0,20,3,39,47,13,118,47,13,79,12,190,0,1,7,20,1,25,63,61,35,104,0,65,164,47,146,13,24,44,84,177,6,3,8,10,15,14,41,33,46,57,48,61,77,59,43
1208,60,13,7,14,3,15,27,3,35,17,3,35,17,15,7,12,11,8,9,9,9,8,8,7,11,8,7,11,8,8,243,4,4,8,21,11,0,39,32,10,20,18,50,45,151,195,5,9,14,30,70,13,13,14,26,25,25,23,23,20,6,6,8,0,0,0
1209,18,8,14,3,23,21,4,49,10,36,49,83,64,195,245,32,15,14,11,26,31,24,62,43,3,124,81,43,46,203,74,0,1,7,4,4,10,5,1,37,31,22,76,71,82,32,9,18,30,60,128,6,10,12,24,26,17,52,39,35,40,71,52,148,119,121
1210,55,1,1,13,5,25,9,45,5,18,112,5,112,125,46,221,12,2,10,14,30,5,63,13,38,63,90,78,250,185,110,6,13,4,2,3,1,3,22,9,11,13,18,249,86,191,3,6,8,15,36,0,0,0,4,3,0,20,2,0,83,81,64,90,51,104
1211,12,13,7,6,27,14,6,42,28,58,88,21,58,83,171,220,13,13,6,16,28,9,13,12,6,13,12,6,130,184,222,0,1,7,1,0,22,0,42,61,101,113,35,228,130,241,11,22,40,77,161,9,8,6,5,5,7,3,6,2,20,33,17,66,18,63
1212,33,5,3,10,19,19,13,26,27,42,26,27,42,50,18,9,14,6,0,23,6,0,52,4,0,52,4,66,216,131,96,10,10,3,12,15,11,14,2,4,126,79,114,25,194,130,4,8,13,28,64,3,9,1,3,4,3,2,44,40,101,96,95,122,121,142
1213,44,10,12,8,24,20,7,28,39,13,111,39,72,94,65,222,4,11,1,20,18,19,17,14,22,17,14,22,114,26,20,14,11,14,14,12,7,62,47,28,19,87,42,155,158,136,16,31,61,121,246,15,15,15,29,30,29,34,36,32,23,24,25,26,32,28
1214,40,14,10,4,26,21,10,39,44,9,80,43,113,38,63,62,15,14,11,29,29,27,30,32,18,69,32,18,17,105,54,0,1,7,4,4,10,10,58,4,124,90,76,171,235,110,10,20,37,72,154,3,9,1,3,4,3,38,32,40,116,41,54,252,78,82
1215,19,14,10,0,14,23,19,21,18,19,21,18,19,89,117,178,10,9,8,12,14,11,14,15,10,14,64,10,117,177,10,11,12,0,26,25,2,52,13,30,4,9,12,209,206,207,8,14,22,49,103,12,10,11,23,18,18,15,15,19,2,3,3,22,37,26
1216,18,2,14,3,23,21,31,33,33,55,33,96,55,49,153,117,0,7,3,26,31,24,31,26,8,35,95,114,59,45,135,0,1,7,4,4,10,5,1,37,61,88,74,142,246,229,9,18,29,57,122,5,5,5,24,26,31,29,55,55,103,60,58,71,46,47
1217,34,9,2,12,9,27,20,61,12,39,90,122,39,20,3,254,9,11,5,13,26,1,11,37,1,99,94,70,12,112,182,0,1,7,20,20,25,46,45,40,40,28,1,71,160,253,1,1,1,3,5,2,3,9,17,16,20,25,33,23,42,64,61,52,29,69
1218,1,6,11,2,26,30,0,5,56,9,5,36,94,5,63,255,15,14,11,29,29,27,30,32,18,69,32,18,17,120,54,0,1,7,20,20,25,49,38,56,123,73,70,171,235,110,10,20,37,72,154,8,3,9,17,16,20,45,56,42,45,46,42,57,26,82
1219,45,10,5,8,4,26,7,57,13,44,57,13,44,234,223,18,6,3,2,30,3,2,4,52,9,92,52,68,63,17,220,12,8,1,18,27,18,31,4,58,56,24,56,165,102,52,16,32,63,124,251,1,1,2,0,0,5,24,22,21,17,27,15,49,77,88
1220,29,2,9,3,2,28,31,2,34,54,114,54,69,252,140,19,8,10,7,6,7,10,48,8,56,48,8,89,55,36,196,15,15,15,13,29,31,10,58,4,119,6,13,175,177,180,7,13,21,48,100,5,5,5,6,17,6,32,10,31,105,103,103,146,197,223
1221,35,1,1,13,18,31,22,17,47,28,79,47,28,6,37,24,1,2,10,17,22,26,22,21,21,22,21,21,224,170,66,1,7,11,19,22,5,20,10,16,2,32,14,64,3,6,2,3,5,9,24,11,0,13,21,22,21,10,11,11,0,1,0,7,3,2
1222,46,9,8,7,15,18,29,46,42,60,46,42,67,119,236,219,4,5,1,5,4,31,38,62,55,38,23,55,121,29,212,3,6,2,31,5,4,48,21,6,30,94,127,22,155,93,1,2,2,4,11,2,2,3,1,1,1,14,24,22,16,10,19,25,9,36
1223,25,5,3,10,6,19,0,36,57,20,58,56,68,237,84,10,14,6,0,2,15,18,52,4,0,52,4,66,216,60,96,10,10,3,9,4,10,16,48,59,38,35,55,71,21,253,4,8,13,28,64,3,9,1,3,4,3,44,52,59,84,83,82,88,90,84
1224,9,15,6,11,11,0,28,11,41,57,122,75,57,206,16,7,3,0,4,3,0,4,26,0,4,26,105,90,111,0,139,2,5,5,8,19,16,7,51,49,15,111,76,54,7,253,3,6,8,17,40,7,6,7,7,6,8,0,0,1,47,105,124,227,220,219
1225,4,1,1,13,5,25,9,45,19,18,73,117,112,115,228,191,12,2,10,31,21,17,40,40,49,40,40,65,32,62,55,6,13,4,4,4,10,54,62,18,98,47,126,199,115,27,3,7,10,21,49,0,0,0,22,31,16,51,51,50,76,84,79,100,84,80
1226,40,2,14,3,6,21,4,49,6,26,115,6,66,140,102,41,8,10,7,27,24,6,60,51,63,83,51,19,139,182,101,15,15,15,13,7,24,60,9,36,58,85,57,87,182,83,9,15,25,53,112,3,5,5,3,4,3,36,10,39,29,32,30,112,82,38
1227,45,7,5,8,4,26,7,57,13,44,117,13,44,240,111,123,6,3,2,30,3,2,4,52,9,92,52,68,63,17,220,12,8,1,18,27,18,31,4,58,5,24,56,182,16,84,15,30,58,116,236,1,1,2,0,0,5,24,22,21,17,27,15,15,19,19
1228,54,12,8,7,15,20,29,5,42,11,87,42,11,209,159,63,9,11,5,13,26,14,42,11,23,126,11,23,39,252,112,0,1,7,20,20,25,49,38,56,123,73,70,171,235,110,1,2,2,4,8,8,3,9,17,16,20,45,26,42,45,46,42,57,215,82
1229,21,9,8,12,13,27,20,61,24,53,103,66,111,20,17,27,4,11,5,28,26,1,61,37,1,11,37,70,77,102,82,3,6,2,15,2,28,1,12,50,40,28,1,71,80,19,1,1,1,3,4,2,2,3,12,9,12,8,12,47,53,15,32,95,98,33
1230,54,3,7,4,26,9,14,10,63,15,47,56,68,32,76,228,13,13,6,22,8,22,23,24,28,23,24,28,31,23,24,0,1,7,4,4,10,10,58,4,124,90,76,71,82,32,9,18,32,64,137,13,7,14,26,25,25,52,49,49,108,101,114,229,182,119
1231,59,11,13,5,10,29,3,4,50,14,82,69,98,217,193,38,7,12,13,7,23,7,55,3,61,5,115,88,7,164,8,9,9,9,0,31,15,15,50,19,9,103,29,193,2,157,14,29,57,113,230,4,4,4,2,2,2,5,7,5,11,19,28,141,71,94
1232,44,10,12,8,4,26,21,35,40,31,35,40,31,104,249,132,6,3,2,24,27,28,27,31,2,95,31,72,51,73,173,8,2,12,24,16,17,41,59,12,79,68,75,247,54,107,16,32,62,123,248,1,1,2,15,11,5,35,25,33,28,22,24,5,10,3
1233,51,12,8,7,15,18,12,32,16,32,32,16,73,192,64,90,4,5,1,5,4,15,21,50,62,21,5,62,62,51,238,3,6,2,31,5,4,21,0,23,114,127,71,189,35,104,1,2,4,7,18,2,2,3,1,1,1,4,4,4,10,21,1,48,43,76
1234,44,10,12,8,4,26,21,35,40,31,35,40,31,104,249,132,6,3,2,24,27,28,27,31,2,95,31,72,51,73,173,8,2,12,24,16,17,41,59,12,79,68,75,247,54,107,16,32,62,123,248,1,1,2,15,11,5,35,25,33,28,22,24,5,10,3
1235,48,15,6,11,11,0,28,11,0,57,122,127,115,206,218,7,3,0,4,3,0,4,26,0,4,26,105,90,111,0,139,2,5,5,8,19,16,51,8,13,92,122,66,92,129,76,7,12,18,42,92,7,6,7,7,6,8,0,0,1,47,14,26,83,95,77
1236,4,1,1,12,5,25,9,44,5,18,44,80,63,51,230,191,12,2,10,31,21,17,40,40,49,40,40,65,178,243,55,6,13,4,4,4,10,3,54,9,71,92,49,148,71,247,1,1,1,2,3,0,0,0,22,31,16,51,53,56,71,72,78,72,66,64
1237,42,2,9,3,2,28,26,15,6,46,16,84,66,151,80,238,8,10,7,6,7,10,36,35,63,114,119,63,222,235,255,15,15,15,13,7,24,10,58,4,124,90,76,237,156,253,9,15,23,50,104,5,5,5,6,17,6,36,10,39,29,32,30,126,149,224
1238,23,7,5,9,12,4,8,43,45,33,37,45,108,45,70,114,0,7,3,4,19,16,44,29,47,44,29,86,15,13,250,0,1,7,9,1,10,33,40,60,99,5,120,124,20,117,13,24,43,83,176,1,3,8,18,15,13,13,31,16,34,13,39,67,156,190
1239,3,3,0,1,30,13,15,23,60,38,108,7,38,54,244,238,12,2,10,31,10,30,20,25,26,20,86,98,26,133,241,0,1,7,2,3,1,57,11,14,83,109,67,204,11,240,3,7,9,19,44,9,8,6,5,5,7,38,32,54,85,41,73,78,80,78
1240,2,3,10,4,22,8,10,8,43,62,86,43,113,196,130,62,15,1,11,15,1,20,9,1,50,9,1,50,198,1,30,0,1,7,10,20,6,32,49,54,109,75,48,68,125,189,10,19,34,68,145,8,12,9,11,23,11,12,14,13,4,2,5,14,72,22
1241,29,2,9,3,2,28,31,2,34,54,114,113,89,173,45,181,8,10,7,6,7,10,48,8,56,48,8,89,55,219,67,15,15,15,13,29,31,37,41,42,16,80,116,96,31,24,9,15,25,53,110,5,5,5,6,17,6,32,10,31,36,35,36,13,12,15
1242,54,13,7,9,29,14,14,62,63,15,62,63,119,95,52,138,13,13,6,22,8,22,23,24,28,23,24,28,31,23,24,0,1,7,6,10,9,8,18,20,124,37,76,176,123,184,11,21,38,74,156,9,8,6,27,27,30,39,41,41,33,34,35,10,8,10
1243,31,0,4,15,17,2,18,18,36,59,120,90,125,154,204,119,5,4,12,11,12,12,15,38,14,15,38,14,218,19,231,15,15,15,16,30,13,18,17,22,110,59,60,134,179,89,12,23,42,80,167,5,11,10,8,8,9,9,3,15,21,9,13,34,16,72
1244,59,11,15,5,10,29,3,51,50,14,110,69,98,223,193,203,7,12,13,7,23,7,55,3,61,5,115,88,7,164,8,9,9,9,0,31,15,15,50,19,0,34,64,37,191,177,14,29,56,110,226,4,4,4,2,2,2,5,7,5,11,77,37,135,104,125
1245,45,7,5,8,25,3,2,55,29,27,55,111,75,238,97,101,6,3,2,10,17,21,33,6,60,67,71,123,223,57,5,12,8,1,7,9,14,10,58,63,34,53,94,154,171,92,9,18,29,57,123,1,1,2,0,0,4,17,9,10,98,112,63,110,118,97
1246,29,2,9,3,2,28,31,2,34,54,114,113,89,183,109,173,8,10,7,6,7,10,48,8,56,48,8,89,55,36,196,15,15,15,13,29,31,10,58,4,119,6,13,1,99,173,9,15,25,52,108,5,5,5,6,17,6,32,10,31,36,35,36,13,12,15
1247,9,15,9,11,11,6,23,63,48,29,63,48,88,80,82,17,3,0,4,25,25,23,3,27,29,3,65,29,226,167,134,7,0,10,25,18,8,9,53,26,54,63,11,24,19,70,7,13,19,44,94,7,6,7,19,21,19,6,8,7,5,7,7,31,2,29
1248,52,8,2,9,0,9,16,39,62,9,39,77,113,219,155,213,15,14,11,29,8,27,25,48,39,25,74,113,90,83,214,0,1,7,4,4,10,61,35,39,91,20,63,177,221,103,13,27,51,98,205,8,7,9,30,10,26,47,45,43,38,43,40,68,83,56
1249,23,7,5,8,25,3,2,37,2,21,97,29,21,43,224,182,6,3,2,10,17,21,34,55,31,34,55,95,162,118,164,12,8,1,7,9,14,44,37,63,106,36,78,183,77,143,15,30,59,117,240,1,1,2,0,0,4,17,13,10,62,62,11,20,61,11
1250,41,1,0,13,1,22,17,1,11,10,1,106,10,13,161,73,1,2,10,1,2,25,1,2,17,105,2,17,64,2,246,6,13,4,30,13,23,19,14,41,17,39,107,195,210,162,3,4,6,12,31,0,0,0,9,7,10,1,1,3,22,0,2,115,109,123
1251,2,14,10,4,22,21,10,8,43,62,42,88,93,117,183,183,15,1,11,15,1,20,9,1,50,9,1,50,41,84,229,0,1,7,10,20,6,32,49,54,33,75,113,152,216,77,10,19,33,66,140,8,12,9,11,23,11,12,14,13,4,2,5,28,53,39
1252,39,15,9,11,11,6,23,63,48,29,63,48,88,80,82,17,3,0,4,25,25,23,3,27,29,3,65,29,226,167,134,7,0,10,25,18,8,9,53,26,54,63,11,24,19,70,7,13,19,44,94,7,6,7,19,21,19,6,8,7,5,7,7,31,2,29
1253,40,0,4,15,21,2,0,48,8,56,48,84,56,14,156,80,5,4,12,11,12,12,46,60,48,46,60,48,65,66,48,15,15,15,16,30,13,50,39,27,25,107,86,123,87,65,12,23,41,78,164,5,11,10,8,8,9,37,3,37,21,26,33,11,41,16
1254,22,13,7,9,29,14,14,62,63,15,62,99,119,239,36,70,13,13,6,22,8,22,23,24,28,23,24,28,31,23,24,0,1,7,6,10,9,8,18,20,28,74,32,104,237,78,11,21,38,74,158,9,8,6,27,27,30,39,41,41,33,34,35,10,8,10
1255,36,9,2,12,9,20,20,61,12,39,90,122,39,147,123,197,9,11,5,13,26,14,42,11,23,42,11,23,110,249,35,0,1,7,20,20,25,46,45,40,127,69,89,47,154,46,10,20,35,70,148,8,3,9,17,16,20,25,26,23,42,64,27,52,29,69
1256,13,8,2,4,28,4,8,12,3,33,76,103,86,163,181,214,15,14,11,0,20,3,39,9,45,89,9,83,131,238,29,0,1,7,4,1,10,27,46,51,39,125,46,71,160,8,3,5,7,14,35,6,3,8,10,13,16,27,29,26,78,88,81,180,100,107
1257,42,2,9,3,2,28,26,6,54,49,6,89,101,135,254,84,8,10,7,6,7,10,16,34,7,97,34,7,237,138,130,0,1,7,4,4,31,36,1,0,97,15,103,221,103,254,9,15,23,50,104,5,5,5,6,24,6,30,18,24,24,30,20,145,24,21
1258,1,6,11,2,6,30,24,24,23,8,89,97,8,150,29,3,2,6,15,19,15,18,32,16,15,116,16,111,172,231,181,0,1,7,4,4,10,5,58,37,124,90,90,71,32,253,9,18,28,56,119,3,7,1,13,14,15,16,16,12,52,74,109,239,169,198
1259,23,7,5,8,25,3,2,7,2,21,97,2,21,43,50,169,6,3,2,10,17,21,34,55,31,111,55,101,254,149,58,12,8,1,7,9,14,44,37,44,35,77,110,180,233,126,15,30,58,116,236,1,1,2,0,0,4,17,13,10,14,12,63,82,28,11
1260,6,3,10,4,22,8,10,5,43,62,5,43,94,38,130,62,15,1,11,15,1,20,9,1,50,9,1,18,198,105,30,0,1,7,10,20,6,49,38,56,109,90,48,68,125,189,10,19,34,68,146,8,12,9,11,23,11,12,14,13,45,46,42,57,72,82
1261,10,1,1,13,7,25,5,29,22,48,29,22,48,69,151,28,12,2,10,14,21,17,29,61,35,29,61,35,38,71,42,6,13,4,29,24,27,47,55,15,14,58,115,140,61,26,3,5,7,13,33,0,0,0,22,3,16,27,29,26,30,31,29,6,6,5
1262,16,9,14,12,13,21,20,44,12,26,44,12,39,224,240,197,9,11,5,13,26,14,42,11,23,126,11,23,39,30,112,0,1,7,20,20,25,46,45,40,26,97,36,35,39,208,10,20,35,69,147,8,3,9,17,16,20,25,26,23,50,40,27,27,34,34
1263,39,15,9,11,11,6,23,13,46,24,13,81,24,167,129,166,3,0,4,25,25,23,3,27,29,3,113,102,212,92,242,7,0,10,17,14,19,43,24,32,64,84,41,114,25,155,7,13,20,45,95,7,6,7,19,21,19,6,8,7,69,61,71,38,31,20
1264,47,6,11,2,16,16,25,56,37,41,56,94,41,110,71,120,8,10,7,27,24,6,24,18,33,24,18,33,2,166,25,15,15,15,3,26,26,11,5,57,12,55,3,23,59,139,9,16,26,54,113,10,5,5,16,19,24,19,21,18,18,17,18,3,5,4
1265,56,0,4,6,27,14,6,25,28,58,83,28,58,127,106,94,13,13,6,16,28,9,13,12,6,13,12,6,227,11,11,0,1,7,1,0,22,0,42,61,57,83,106,205,184,10,13,25,48,92,192,9,8,6,5,5,7,3,6,2,20,33,17,18,94,63
1266,36,3,0,1,30,1,15,59,7,38,108,7,84,54,179,129,12,2,10,31,10,30,20,25,26,20,86,98,26,33,22,6,13,4,2,3,1,29,26,5,90,50,21,16,93,196,3,7,9,19,45,0,0,0,14,12,0,18,19,8,15,18,12,222,146,83
1267,60,13,7,14,3,15,27,3,35,17,3,35,17,19,220,12,11,8,9,9,9,8,8,7,11,8,7,11,8,8,243,4,4,8,21,11,0,39,32,10,20,18,50,45,151,195,5,9,14,30,70,13,13,14,26,25,25,23,23,20,6,6,8,0,0,0
1268,3,1,0,13,5,25,9,44,1,12,106,98,12,13,112,177,1,2,10,1,2,25,10,2,17,65,88,117,64,97,113,6,13,4,30,13,23,19,58,41,3,7,59,16,210,196,3,7,11,25,57,0,0,0,9,7,10,1,1,3,81,87,68,93,96,131
1269,0,1,1,13,7,25,5,29,22,48,99,19,48,69,151,247,12,2,10,31,21,17,53,28,35,82,28,85,98,37,88,6,13,4,29,24,27,47,55,15,14,58,115,140,61,26,3,5,7,14,35,0,0,0,22,3,16,27,29,26,30,31,29,6,6,5
1270,50,8,9,3,28,9,1,12,49,63,12,126,49,87,126,190,15,14,11,0,20,3,41,9,45,125,9,80,158,146,64,0,1,7,4,4,10,30,52,55,80,126,93,84,66,248,7,13,21,47,98,6,3,8,10,13,14,21,20,45,37,73,81,125,89,114
1271,28,12,8,7,15,18,12,32,16,61,32,16,61,192,64,118,4,5,1,5,4,15,21,50,62,103,92,62,249,207,50,3,6,2,31,5,4,1,25,29,114,8,71,189,35,104,1,2,4,7,19,2,2,3,1,1,1,33,28,38,8,21,10,56,43,24
1272,29,2,9,3,2,28,31,2,34,54,114,113,89,39,45,19,8,10,7,6,7,10,48,8,56,48,8,89,55,219,67,15,15,15,13,29,31,37,41,42,16,6,13,8,99,49,9,15,25,52,109,5,5,5,6,17,6,32,10,31,36,35,36,13,12,15
1273,36,3,0,1,30,13,15,23,7,38,108,7,84,73,150,238,12,2,10,31,10,30,20,25,26,20,86,98,26,33,22,6,13,4,2,3,1,29,58,5,124,90,76,16,4,196,3,7,9,20,47,0,0,0,14,12,0,18,19,8,63,121,12,222,146,83
1274,2,14,10,4,22,8,10,8,43,62,8,88,93,212,183,81,15,1,11,15,1,20,9,1,50,9,1,50,41,1,229,0,1,7,10,20,6,32,49,54,33,75,113,152,216,77,10,19,33,66,142,8,12,9,11,23,11,12,14,13,4,2,5,28,73,39
1275,4,9,8,12,15,20,20,46,42,60,46,80,60,51,230,191,12,2,10,31,21,17,40,40,49,40,40,65,178,243,55,0,1,7,20,20,25,46,54,18,71,92,49,148,71,247,1,1,1,2,3,2,0,0,22,31,16,51,53,56,71,72,78,72,66,64
1276,8,1,0,13,1,22,17,1,11,10,1,10,10,109,112,177,1,2,10,1,2,25,10,2,17,65,112,117,64,232,246,6,13,4,30,13,23,19,14,41,17,57,109,71,11,111,13,26,49,93,194,0,0,0,9,7,10,1,1,3,22,87,2,200,109,101
1277,54,1,0,1,30,13,15,60,60,38,106,98,76,252,190,34,1,2,10,14,2,25,10,46,49,65,112,117,241,218,227,6,13,4,4,4,10,10,58,4,17,90,76,195,210,162,3,6,8,17,39,0,0,0,9,7,10,62,19,3,105,107,120,215,223,155
1278,25,6,11,2,26,30,24,24,23,20,24,56,68,124,84,124,2,6,15,2,15,18,54,4,15,115,76,115,93,132,98,0,1,7,9,7,10,16,48,59,38,35,55,245,90,61,6,11,17,39,86,3,7,1,3,4,3,44,52,59,84,83,82,88,90,84
1279,50,15,6,11,11,5,28,13,9,30,84,81,100,121,129,147,3,0,4,3,0,4,26,0,4,66,117,4,154,143,143,2,5,5,8,19,16,7,51,49,6,78,9,188,113,4,7,12,18,42,92,7,6,7,7,6,8,0,0,1,82,45,57,58,57,71
1280,58,2,9,3,2,28,26,6,54,49,6,125,101,58,197,121,8,10,7,6,7,10,7,34,7,68,87,7,163,250,168,0,1,7,4,29,31,36,1,0,97,15,103,221,103,172,3,4,6,10,25,5,5,5,6,24,6,30,18,24,24,30,20,24,24,21
1281,6,5,3,10,19,19,13,41,57,43,41,57,43,36,133,179,14,6,0,23,6,0,12,49,0,12,73,0,235,172,69,10,10,3,12,15,11,14,2,4,8,38,38,125,147,167,4,8,13,29,67,3,9,1,3,4,3,2,5,6,7,4,6,193,27,68
1282,36,14,14,2,23,21,4,49,44,26,49,83,64,53,245,32,15,14,11,29,31,27,47,58,59,78,100,59,148,228,128,0,1,7,4,4,10,5,1,37,31,90,76,152,82,231,9,18,32,65,138,6,10,12,24,26,17,43,39,35,40,85,52,137,128,173
1283,16,12,8,7,13,27,12,30,20,61,30,85,61,34,164,111,4,5,1,5,4,31,6,23,36,6,82,36,248,255,178,3,6,2,15,2,28,1,12,50,40,28,1,67,224,220,13,24,44,85,178,2,2,3,12,9,12,8,28,47,53,20,32,85,116,109
1284,55,1,1,12,5,25,9,44,1,34,44,80,63,51,175,191,12,2,10,31,21,17,40,40,49,40,40,65,178,243,55,6,13,4,2,3,1,3,22,9,71,92,49,148,71,96,1,1,1,2,3,0,0,0,22,3,16,51,53,56,71,72,78,72,66,64
1285,58,2,14,3,2,28,16,14,56,26,2,126,26,171,170,78,15,14,11,26,31,24,62,43,42,70,67,42,246,88,100,0,1,7,4,4,10,5,1,37,107,57,109,93,84,37,9,18,32,63,134,4,10,11,6,18,18,59,54,58,80,80,59,119,102,100
1286,38,8,7,4,28,9,1,12,44,63,103,126,86,87,126,190,15,14,11,0,20,3,41,9,45,125,9,80,158,146,64,0,1,7,4,4,10,30,52,55,80,126,93,71,66,8,13,27,53,102,213,6,3,8,10,13,14,21,20,45,37,73,81,125,89,114
1287,48,15,6,11,11,5,28,22,9,30,93,9,29,206,231,147,3,0,4,3,0,4,26,0,4,66,117,90,154,143,216,2,5,5,8,19,16,7,51,49,6,111,9,100,60,55,7,12,18,40,89,7,6,7,7,6,8,0,0,1,26,45,26,136,49,23
1288,28,12,8,7,13,27,12,30,20,61,30,20,61,34,95,139,4,5,1,5,4,31,6,23,36,6,82,36,29,5,32,3,6,2,15,2,28,1,25,29,37,42,98,67,74,220,9,18,30,59,126,2,2,3,12,9,12,33,28,14,8,20,10,54,50,14
1289,1,11,15,5,10,17,30,40,31,14,40,10,124,116,225,71,7,12,13,7,23,7,55,3,61,81,124,61,7,3,210,0,1,7,4,4,10,5,23,37,96,2,2,99,239,134,13,26,49,94,198,4,4,4,20,2,22,60,59,60,77,68,92,149,65,98
1290,50,15,6,11,11,0,28,11,9,57,93,9,115,121,218,7,3,0,4,3,0,4,26,0,4,66,117,4,154,143,143,2,5,5,8,19,16,7,51,49,6,78,9,190,175,0,7,12,18,40,89,7,6,7,7,6,8,0,0,1,47,45,57,83,57,77
1291,44,10,12,9,12,4,21,43,40,31,70,110,80,190,70,114,0,7,3,4,19,16,44,29,47,44,29,2,151,74,16,8,2,12,24,16,17,53,34,33,24,17,20,147,65,113,16,32,62,122,247,1,3,8,18,11,13,13,25,16,34,13,39,21,30,31
1292,36,3,0,1,30,1,15,59,7,38,108,86,84,73,179,129,12,2,10,14,30,5,20,25,5,87,25,81,138,155,104,6,13,4,2,3,1,10,58,4,124,90,76,71,93,253,3,7,9,19,45,0,0,0,14,12,0,18,19,8,15,94,12,131,163,214
1293,33,5,3,10,19,19,13,41,57,45,41,57,47,36,248,25,14,6,0,23,6,0,12,49,0,12,73,0,235,172,69,10,10,3,12,15,11,14,2,4,8,38,0,125,147,167,4,8,13,29,67,3,9,1,3,4,3,2,5,6,7,4,6,59,27,32
1294,49,11,15,5,10,17,16,52,25,14,72,69,122,217,185,251,0,7,3,7,11,7,55,3,30,86,3,30,228,168,253,0,1,7,0,31,15,15,23,19,0,44,123,41,240,122,13,26,50,96,202,4,4,4,2,2,2,5,7,5,94,77,37,192,104,132
1295,0,3,0,1,30,1,15,59,7,38,59,86,84,73,179,129,12,2,10,31,10,30,20,25,26,20,86,98,26,33,22,6,13,4,2,3,1,29,26,5,90,50,21,120,58,71,3,7,9,18,43,0,0,0,14,12,0,18,19,8,15,18,12,9,11,8
1296,16,2,11,2,26,16,0,24,6,20,115,6,66,140,102,255,8,10,7,27,24,6,60,51,19,60,51,19,37,55,49,15,15,15,9,7,24,60,9,36,58,85,57,109,182,83,6,11,16,34,78,5,5,5,6,17,6,36,10,39,29,32,30,112,82,38
1297,41,9,0,12,1,22,17,1,11,10,69,106,95,13,161,143,1,2,10,1,2,25,1,2,17,105,2,17,134,229,59,6,13,4,30,13,23,19,14,41,17,39,107,170,249,208,3,4,6,12,30,0,0,0,9,7,10,1,1,3,104,0,2,130,91,131
1298,55,1,0,1,30,1,15,59,7,34,85,5,34,184,24,243,12,2,10,14,30,5,63,13,5,87,25,81,128,155,104,6,13,4,2,3,1,3,22,9,11,95,18,215,119,236,3,7,11,26,59,0,0,0,4,12,0,20,2,0,83,82,70,123,211,176
1299,60,13,7,14,3,15,27,3,35,17,3,35,17,172,202,12,11,8,9,9,9,8,8,7,11,8,7,11,8,8,209,4,4,8,21,11,0,39,32,10,20,18,50,17,5,33,5,9,14,30,68,13,13,14,26,25,25,23,23,20,6,6,8,0,0,0
1300,29,2,14,3,2,28,31,2,6,54,114,33,116,137,254,212,8,10,7,6,7,10,36,35,63,114,119,63,87,54,87,15,15,15,13,7,24,60,9,36,78,10,6,77,73,44,9,15,24,51,107,5,5,5,6,17,6,36,10,39,29,32,30,17,48,70
1301,8,6,11,9,26,30,16,54,49,9,127,79,97,233,176,227,5,4,12,11,12,12,46,60,48,123,60,97,165,158,147,0,1,7,4,4,10,10,23,4,124,90,76,71,160,253,12,23,41,78,164,5,5,6,31,29,28,48,49,49,107,113,108,156,207,203
1302,60,13,7,14,3,15,27,3,35,17,3,35,17,19,7,77,11,8,9,9,9,8,8,7,11,8,7,11,8,8,243,4,4,8,21,11,0,13,32,21,43,23,50,174,6,74,5,9,14,30,70,13,13,14,26,25,25,23,23,20,6,6,8,0,0,0
1303,13,8,2,4,28,9,1,12,3,63,76,103,86,98,114,214,15,14,11,0,20,3,39,9,45,89,9,83,131,238,29,0,1,7,4,1,10,30,52,55,39,124,46,110,128,169,3,7,11,22,50,6,3,8,10,13,14,21,37,25,78,88,49,174,189,178
1304,18,14,14,3,23,21,4,49,10,36,8,44,93,135,245,98,15,1,11,15,1,20,47,58,59,78,100,59,148,228,128,0,1,7,4,4,10,5,1,37,31,22,76,118,89,198,9,18,30,59,125,6,10,12,24,26,17,59,39,35,80,80,59,228,119,227
1305,18,2,14,3,23,21,16,49,10,36,12,126,26,135,170,98,15,14,11,26,31,24,62,43,42,70,67,42,246,88,100,0,1,7,4,4,10,5,13,37,31,22,121,225,89,198,9,18,30,59,125,12,10,11,23,18,18,15,15,19,2,3,3,8,13,6
1306,44,10,12,8,4,26,7,57,13,44,28,67,97,103,237,151,6,3,2,30,3,2,4,6,9,4,71,9,155,230,228,12,8,1,18,27,18,10,58,4,113,37,37,32,253,114,13,25,48,90,188,1,1,2,31,0,5,24,22,21,100,110,96,167,136,185
1307,11,1,1,13,5,25,9,44,1,18,44,1,112,120,175,23,12,2,10,14,30,5,63,13,38,10,13,106,233,242,79,6,13,4,2,3,1,3,22,9,27,13,58,206,176,14,1,1,1,2,3,0,0,0,4,3,0,7,2,0,97,89,88,99,154,86
1308,38,3,6,1,30,13,28,10,0,5,10,127,5,67,56,27,12,2,10,31,10,17,53,46,49,110,96,49,83,193,45,0,1,7,4,4,10,10,58,4,124,90,76,71,160,253,7,13,21,48,99,7,8,6,31,29,28,43,62,47,91,124,122,246,214,217
1309,60,13,7,14,3,15,27,3,35,17,3,35,17,74,7,12,11,8,9,9,9,8,8,7,11,8,7,11,8,8,243,4,4,8,21,11,0,39,32,10,20,18,50,174,6,74,5,9,14,30,70,13,13,14,26,25,25,23,23,20,6,6,8,0,0,0
1310,38,8,12,9,12,4,8,43,45,33,9,76,105,40,70,60,0,7,3,4,19,16,44,29,47,44,45,86,15,79,201,8,2,12,9,1,10,10,58,4,105,45,39,187,101,113,13,24,43,82,172,6,3,8,18,15,13,13,31,16,34,78,39,129,129,169
1311,55,1,1,13,5,25,9,45,1,18,112,1,112,184,46,221,12,2,10,14,30,5,63,13,38,63,90,78,250,185,110,6,13,4,2,3,1,3,22,9,11,13,18,215,119,236,3,7,11,26,59,0,0,0,4,3,0,20,2,0,83,82,64,123,131,171
1312,0,1,1,13,5,1,9,45,5,34,44,5,77,120,175,232,12,2,10,14,30,5,63,13,38,63,90,38,128,242,79,6,13,4,2,3,1,3,22,9,27,13,58,234,4,12,3,7,9,20,47,0,0,0,4,3,0,7,2,0,67,91,70,128,115,215
1313,62,7,5,8,25,3,2,55,29,27,55,101,18,244,217,14,6,3,2,10,17,21,33,39,60,79,72,75,135,115,166,12,8,1,7,9,14,59,44,47,47,48,83,60,22,161,3,7,11,22,51,1,1,2,0,0,4,22,9,9,54,56,31,60,42,46
1314,39,15,9,11,11,6,23,63,48,29,63,48,88,80,82,17,3,0,4,25,25,23,3,27,29,3,65,29,226,167,134,7,0,10,25,18,8,9,53,26,54,63,11,24,19,70,7,13,19,44,94,7,6,7,19,21,19,6,8,7,5,7,7,31,2,29
1315,34,3,2,1,7,13,5,23,7,48,99,19,48,163,181,42,12,2,10,31,21,17,53,28,35,82,28,85,98,151,88,0,1,7,4,4,10,57,23,14,93,65,88,133,61,87,3,5,7,14,35,0,0,6,22,29,16,27,29,26,73,90,80,84,81,91
1316,44,10,12,8,4,26,7,9,38,6,9,76,105,198,115,16,6,3,2,24,3,28,27,31,40,74,66,100,27,25,38,8,2,12,28,23,12,28,36,11,62,45,39,52,112,85,16,32,64,125,252,1,1,2,15,11,5,26,27,27,74,23,72,41,60,49
1317,3,3,0,1,30,1,15,23,7,34,74,77,79,138,211,4,12,2,10,31,10,30,20,46,26,20,86,98,26,213,241,0,1,7,2,3,1,57,11,14,116,70,104,234,248,12,13,27,52,101,212,9,8,6,5,5,7,38,32,8,64,41,54,86,78,106
1318,10,1,1,13,5,25,9,60,1,37,126,1,37,184,229,135,12,2,10,14,30,5,63,13,38,63,90,78,109,95,186,6,13,4,2,3,1,3,22,9,3,7,59,215,119,236,3,6,8,17,42,0,0,0,4,3,0,7,40,0,27,82,23,123,131,171
1319,30,11,13,5,8,29,30,31,15,35,65,65,35,131,238,200,7,12,13,21,5,29,28,22,37,28,22,87,22,69,235,9,9,9,5,17,3,23,28,17,112,27,22,63,238,237,14,29,57,114,233,4,4,4,20,20,22,11,17,17,1,5,4,4,181,53
1320,21,9,8,12,13,27,20,30,24,53,123,85,53,141,192,37,4,5,1,28,4,31,61,37,1,61,102,1,85,41,156,3,6,2,15,2,28,1,12,50,40,28,1,67,80,19,1,1,1,3,5,2,2,3,12,9,12,8,12,14,19,15,32,95,23,33
1321,50,15,6,11,11,5,28,22,9,24,22,127,115,39,243,33,3,0,4,3,0,4,26,0,4,106,0,90,129,174,71,2,5,5,8,19,16,51,8,13,73,51,23,112,149,224,7,13,21,48,101,7,6,7,7,6,8,0,0,1,26,14,26,64,49,159
1322,54,13,7,9,29,14,14,62,26,15,62,26,119,65,122,70,13,13,6,22,8,22,23,24,28,23,24,28,31,23,24,0,1,7,6,10,9,8,18,20,41,14,80,20,18,82,11,21,38,73,155,9,8,6,27,27,30,39,41,41,33,34,35,10,8,10
1323,46,12,8,7,15,18,12,27,16,32,64,24,73,166,131,134,4,5,1,5,4,15,21,5,12,113,62,12,124,204,200,3,6,2,31,5,4,21,0,23,7,127,5,139,64,239,1,2,3,6,17,2,2,3,1,1,1,4,4,4,41,52,1,96,20,75
1324,25,2,11,3,26,28,0,15,6,20,125,56,68,37,84,124,2,6,15,2,15,18,54,4,15,115,76,115,93,132,98,0,1,7,9,4,10,16,48,59,38,35,55,245,90,61,6,11,17,39,86,3,7,1,3,4,3,44,52,59,84,83,82,88,90,84
1325,17,11,13,5,8,10,30,31,15,35,124,32,78,106,13,144,7,12,13,21,5,29,28,22,37,127,53,37,145,22,180,9,9,9,5,17,3,23,28,17,112,82,84,216,229,237,14,28,55,109,225,4,4,4,20,20,22,11,17,17,1,5,4,102,105,53
1326,14,10,5,8,4,26,7,57,2,27,121,111,27,63,97,151,6,3,2,10,3,21,4,6,60,4,71,9,82,101,126,12,8,1,4,4,10,10,58,4,124,104,81,165,192,100,15,30,58,116,238,1,1,2,0,0,5,26,27,27,56,66,56,212,194,202
1327,12,13,7,6,27,14,6,25,28,58,74,123,118,164,48,4,13,13,6,16,28,9,13,30,6,51,78,24,189,40,116,0,1,7,1,0,22,57,11,14,124,90,123,204,11,255,11,22,40,76,160,9,8,6,5,5,7,3,32,2,59,41,54,86,80,78
1328,9,15,6,11,11,0,28,50,41,57,50,75,57,27,56,7,3,0,4,3,0,4,26,0,4,26,105,4,153,124,3,2,5,5,4,4,10,10,58,4,15,111,76,54,7,253,7,12,18,42,92,7,6,7,7,6,8,6,8,7,69,61,71,38,31,20
1329,47,2,11,2,16,16,25,56,37,41,105,94,121,110,71,120,8,10,7,27,24,6,24,18,33,24,18,33,2,166,25,15,15,15,3,26,26,11,5,57,12,55,3,10,167,175,9,16,26,54,115,10,5,5,16,19,24,19,21,18,18,17,18,158,165,120
1330,38,8,2,4,7,4,5,12,45,33,99,19,33,163,72,96,15,14,11,0,20,3,39,9,45,89,9,83,131,238,29,0,1,7,4,4,10,10,58,4,124,90,76,71,160,8,3,5,7,14,35,6,3,8,22,15,16,27,29,26,77,73,81,180,89,98
1331,43,0,4,15,0,2,18,52,25,40,75,56,81,158,180,231,5,4,12,11,12,12,45,59,52,45,59,52,122,70,226,15,15,15,16,4,10,12,56,52,88,118,73,57,88,106,13,25,48,91,190,5,11,10,8,8,9,9,46,15,79,75,76,70,87,81
1332,55,1,1,13,5,25,9,44,19,12,17,91,102,185,226,130,12,2,10,14,21,17,29,61,38,109,96,78,250,224,110,6,13,4,29,24,27,47,55,15,14,58,115,208,254,68,10,20,36,71,149,0,0,0,22,3,16,27,29,26,30,31,29,6,6,5
1333,3,3,0,1,30,1,15,23,5,38,23,7,94,185,190,172,12,2,10,31,10,17,10,46,49,109,96,49,186,217,177,6,13,4,2,3,1,10,58,4,124,90,76,88,254,68,3,7,9,20,46,0,0,0,14,12,0,45,19,42,95,79,86,109,230,241
1334,10,1,1,13,5,25,9,45,19,37,126,91,37,33,151,196,12,2,10,31,10,30,53,46,26,121,122,107,104,106,167,6,13,4,9,1,10,27,46,51,36,99,54,102,172,156,13,25,45,86,181,0,0,0,4,3,13,54,37,34,46,44,46,23,25,40
1335,60,13,7,14,3,15,27,3,35,17,3,35,17,19,220,12,11,8,9,9,9,8,8,7,11,8,7,11,8,8,243,4,4,8,21,11,0,39,32,10,20,18,50,17,5,33,5,9,14,30,70,13,13,14,26,25,25,23,23,20,6,6,8,0,0,0
1336,52,13,7,6,27,9,6,52,21,63,52,78,65,113,185,110,13,13,6,22,8,22,25,48,39,25,74,39,45,175,83,0,1,7,4,4,10,10,23,14,96,2,2,227,33,141,14,29,57,114,233,9,8,6,5,5,26,47,45,43,38,43,40,66,65,132
1337,53,7,5,8,4,26,7,57,38,6,57,38,6,32,32,228,6,3,2,30,3,2,4,6,9,4,71,9,155,230,228,12,8,1,4,4,10,10,58,4,56,4,61,158,49,192,16,32,64,128,256,1,1,2,15,11,5,26,27,27,58,54,84,75,62,48
1338,43,10,12,8,24,20,7,28,39,13,111,39,72,94,233,204,4,11,1,20,18,19,17,14,22,17,14,22,25,152,163,14,11,14,14,12,7,6,3,25,46,11,33,56,174,30,16,31,61,120,245,15,15,15,29,30,29,34,36,32,23,24,25,81,88,87
1339,50,15,6,11,11,5,28,22,0,30,122,127,30,206,234,33,3,0,4,3,0,4,26,0,4,106,0,90,129,174,71,2,5,5,8,19,16,51,8,13,73,51,23,100,60,212,3,6,8,16,37,7,6,7,7,6,8,0,0,1,26,14,26,64,35,23
1340,50,8,14,3,28,9,1,12,49,63,101,49,49,87,126,190,15,14,11,0,31,3,41,58,45,125,9,80,158,146,64,0,1,7,4,4,10,30,52,55,80,126,93,84,66,248,7,13,21,47,98,6,3,8,10,13,14,21,20,45,92,73,81,125,89,114
1341,27,2,14,3,2,21,26,49,10,36,71,44,93,156,108,98,15,1,11,15,1,20,47,58,59,78,100,59,148,161,128,0,1,7,4,4,10,5,1,37,31,22,109,118,89,198,9,18,30,59,125,6,10,11,24,18,17,59,54,35,80,80,59,228,119,227
1342,53,14,10,4,22,8,10,8,43,62,8,88,93,212,183,81,15,1,11,15,1,20,9,1,50,9,1,50,175,1,30,0,1,7,10,20,6,32,49,54,109,75,48,68,125,189,10,19,34,68,146,8,12,9,11,23,11,12,14,13,4,2,5,14,73,39
1343,31,0,4,15,21,2,18,48,8,56,48,84,56,14,156,80,5,4,12,11,12,12,46,60,48,46,60,48,65,66,161,15,15,15,16,30,13,50,39,27,25,107,86,39,244,102,12,23,41,79,166,5,11,10,8,8,9,37,3,37,21,26,33,11,55,16
1344,37,7,5,8,25,3,2,55,29,2,55,100,123,246,182,88,6,3,2,10,17,21,33,39,34,79,72,75,40,135,239,12,8,1,7,9,14,35,31,2,117,101,108,55,96,204,15,30,58,116,237,1,1,2,0,0,4,22,9,9,43,39,38,60,22,46
1345,58,2,9,3,2,28,26,6,54,49,6,89,101,107,19,186,8,10,7,6,7,10,7,34,7,68,87,7,34,7,85,15,15,15,4,29,31,36,1,0,97,15,103,50,242,95,9,15,25,53,112,5,5,5,6,24,6,30,18,24,24,30,20,24,135,186
1346,23,7,5,8,25,3,2,55,29,21,97,2,21,240,207,140,6,3,2,10,17,21,33,39,34,67,39,34,252,135,5,12,8,1,7,9,14,35,31,2,117,101,108,49,96,204,15,30,58,116,237,1,1,2,0,0,4,17,13,10,14,12,11,178,247,164
1347,30,11,13,5,8,29,3,4,32,3,78,114,3,235,135,195,7,12,13,21,5,29,5,53,20,64,114,20,57,38,237,9,9,9,0,31,15,58,16,62,65,64,91,127,63,23,14,29,56,111,227,4,4,4,2,2,2,29,30,30,3,16,21,40,69,13
1348,26,6,11,2,6,12,0,24,33,55,24,23,117,4,89,238,15,14,11,26,31,24,62,43,42,43,67,42,86,21,23,0,1,7,4,4,10,10,58,4,124,90,76,152,82,231,9,18,32,65,138,3,10,1,24,26,17,43,39,35,40,85,52,137,169,173
1349,4,9,1,12,7,25,5,29,22,48,29,22,48,105,230,107,12,2,10,31,21,17,29,61,35,29,61,35,38,71,42,6,13,4,29,24,27,47,55,15,14,58,115,166,61,26,3,5,7,13,33,0,0,0,22,3,16,27,29,26,30,31,29,6,6,5
1350,8,12,8,7,15,18,12,32,16,61,32,16,61,181,64,248,4,5,1,5,4,15,21,50,62,103,92,62,249,207,50,3,6,2,31,5,4,1,25,29,122,8,71,207,111,218,1,2,4,7,18,2,2,3,1,1,1,33,28,38,8,20,10,56,43,24
1351,61,5,3,10,19,19,13,41,57,45,36,57,45,50,173,10,14,6,0,23,6,0,12,49,0,12,73,0,235,172,69,10,10,3,12,15,11,14,2,4,8,38,0,0,120,34,4,8,13,29,67,3,9,1,3,4,3,2,5,6,7,4,6,89,67,32
1352,33,5,3,10,19,19,13,26,57,43,58,57,43,59,133,10,14,6,0,23,6,0,12,49,0,52,4,0,255,131,218,10,10,3,9,15,11,14,2,4,124,90,38,179,40,26,4,8,13,28,64,3,9,1,3,4,3,2,5,6,51,51,51,186,207,166
1353,2,14,10,4,22,8,10,8,43,62,86,88,93,117,183,81,15,1,11,15,1,20,9,1,50,9,1,50,175,1,115,0,1,7,10,20,6,32,49,54,33,75,113,59,212,116,10,20,36,71,151,8,12,9,11,23,11,12,14,13,4,2,5,14,73,39
1354,13,8,2,9,12,4,8,43,3,7,76,73,120,242,49,137,15,14,11,26,13,24,37,20,53,39,121,116,56,236,204,0,1,7,9,1,10,27,46,51,39,125,46,71,172,253,13,25,45,86,181,6,3,8,10,15,13,54,37,34,78,88,53,116,100,107
1355,13,13,7,6,27,14,6,47,3,25,47,68,120,28,48,11,13,13,6,16,28,9,13,30,6,94,30,84,253,227,206,0,1,7,4,1,10,10,58,4,124,90,76,71,214,253,13,24,44,84,177,6,3,8,10,15,14,41,20,46,60,59,126,203,204,221
1356,52,8,2,9,12,4,8,5,45,33,5,36,94,42,119,213,15,14,11,29,29,27,30,33,32,101,97,110,97,237,105,0,1,7,20,20,25,49,38,56,123,73,70,101,196,199,10,20,37,72,153,8,3,9,17,16,20,45,33,42,45,46,42,57,26,85
1357,44,10,12,8,4,26,7,57,13,27,121,67,27,44,111,20,6,3,2,24,3,28,27,31,40,102,107,40,107,52,118,12,8,1,4,4,10,10,58,4,5,90,76,71,160,253,16,32,64,128,256,1,1,2,15,11,5,26,27,27,58,23,84,75,62,48
1358,5,6,11,2,6,30,14,16,14,46,16,108,20,72,150,76,0,7,3,19,31,24,59,63,19,32,116,91,205,233,77,0,1,7,9,7,10,33,40,60,49,3,15,144,23,42,6,11,17,38,85,6,7,1,25,10,23,46,47,48,39,42,51,117,110,117
1359,20,15,6,11,11,0,28,22,0,30,84,127,100,67,16,224,3,0,4,3,0,4,26,0,4,26,105,90,111,0,139,2,5,5,8,19,16,7,51,49,22,46,44,200,203,67,7,12,18,42,91,7,6,7,7,6,8,0,0,1,32,28,16,39,36,35
1360,7,0,4,15,17,2,18,18,36,40,18,90,125,247,222,180,5,4,12,11,12,12,15,38,14,15,38,14,150,191,61,15,15,15,16,30,13,18,17,22,32,112,102,253,184,251,12,23,42,80,167,5,11,10,8,8,9,9,3,15,12,9,13,107,94,122
1361,0,1,1,1,30,1,15,59,7,38,112,91,77,96,24,130,12,2,10,14,30,5,63,13,38,63,90,78,193,220,191,6,13,4,2,3,1,3,22,9,27,13,58,150,164,193,3,6,8,17,42,0,0,0,4,3,0,20,2,0,35,36,91,163,133,111
1362,3,1,0,1,1,22,17,23,11,10,23,106,82,245,112,23,1,2,10,14,30,5,10,46,49,10,13,106,241,218,227,6,13,4,2,3,1,19,58,41,124,90,76,170,93,185,3,4,6,11,28,0,0,0,9,7,10,1,1,3,55,100,69,35,230,241
1363,40,2,9,3,2,28,26,6,29,49,6,125,101,58,186,67,8,10,7,6,7,10,7,34,7,68,87,7,163,250,168,0,1,7,4,4,10,10,1,4,124,90,76,252,145,234,9,15,25,53,111,1,1,2,6,24,6,30,18,24,24,30,20,196,195,143
1364,46,12,8,7,15,18,29,46,42,51,46,104,67,119,86,219,4,5,1,5,4,31,38,62,55,38,104,55,78,251,240,3,6,2,31,5,4,48,21,6,30,94,127,22,79,144,1,2,2,4,9,2,2,3,1,1,1,14,24,22,16,10,19,25,9,36
1365,15,9,8,12,13,27,12,30,24,60,123,61,60,119,236,194,4,5,1,28,4,31,6,23,36,61,102,1,85,41,156,3,6,2,15,2,28,10,12,50,124,42,26,201,163,208,3,7,11,26,60,2,2,3,12,9,12,8,12,14,19,15,22,33,224,222
1366,18,2,11,2,26,28,0,15,56,26,2,54,69,252,140,121,8,10,7,6,7,10,56,35,41,7,70,56,24,85,6,15,15,15,4,4,10,10,58,4,124,90,76,238,167,180,7,13,21,48,100,5,5,5,16,19,24,19,18,18,105,103,103,146,197,223
1367,39,15,9,11,11,6,28,50,46,24,77,46,74,194,107,106,3,0,4,25,25,23,3,27,29,3,113,102,91,92,75,7,0,10,17,14,19,43,24,32,29,61,34,128,10,101,7,13,20,46,96,7,6,7,19,21,19,6,8,7,69,61,71,38,31,20
1368,13,8,2,4,28,9,1,12,3,25,12,3,86,122,216,105,15,14,11,0,20,3,41,9,45,41,99,80,99,176,111,0,1,7,4,1,10,30,52,55,95,120,4,161,169,244,13,27,53,102,213,6,3,8,10,13,14,21,20,25,37,50,49,120,39,66
1369,12,13,7,6,27,13,6,25,60,58,80,60,118,148,150,238,13,13,6,22,28,9,51,30,24,51,78,24,189,40,116,0,1,7,1,0,22,57,11,14,83,109,67,204,76,86,13,27,52,100,208,9,8,6,5,5,7,38,32,54,85,41,73,78,80,78
1370,3,1,0,1,1,22,17,1,11,10,1,106,82,245,161,129,1,2,10,1,2,25,1,2,17,105,2,17,204,211,113,6,13,4,30,13,23,19,14,41,124,90,76,170,160,253,3,4,6,11,28,0,0,0,9,7,10,1,1,3,55,100,69,35,230,241
1371,18,2,14,3,23,21,4,49,44,49,49,125,64,88,108,117,8,10,7,6,7,10,16,34,7,97,34,7,120,100,130,0,1,7,4,4,10,5,1,37,31,22,76,221,103,32,9,15,23,50,105,6,10,5,24,26,17,30,39,35,40,71,52,182,119,138
1372,0,1,1,13,5,1,9,45,5,18,112,5,77,96,24,196,12,2,10,14,30,5,63,13,5,117,101,5,9,87,140,6,13,4,2,3,1,3,22,9,11,95,18,249,68,17,3,7,9,20,46,0,0,0,4,3,0,20,2,0,35,36,43,19,131,171
1373,18,2,14,3,2,28,26,6,54,49,6,125,101,228,197,84,8,10,7,6,7,10,7,34,7,68,87,7,34,7,85,0,1,7,4,29,31,36,1,0,97,15,103,221,103,32,9,15,23,50,106,5,5,5,6,24,6,30,18,24,24,30,20,182,24,21
1374,28,12,8,7,13,27,12,30,20,61,30,20,61,195,164,111,4,5,1,5,4,31,6,23,36,6,82,36,248,255,32,3,6,2,15,2,28,1,25,29,37,93,98,14,74,220,1,2,4,8,22,2,2,3,12,9,12,8,28,14,8,20,10,85,50,109
1375,44,10,12,8,4,26,21,35,38,6,35,38,6,86,32,92,6,3,2,24,3,28,27,31,2,27,31,40,107,194,52,8,2,12,24,16,17,41,59,12,56,4,61,158,49,192,16,32,64,128,256,1,1,2,15,11,5,35,25,33,28,22,24,5,152,3
1376,19,14,10,0,14,23,19,21,18,19,21,18,19,250,117,26,10,9,8,12,14,11,14,15,10,14,64,10,117,177,10,11,12,0,26,25,2,45,7,8,51,16,24,106,67,13,8,14,22,49,103,12,10,11,23,18,18,15,15,19,2,3,3,22,37,26
1377,63,8,2,4,28,8,1,47,3,25,25,3,25,199,20,11,15,14,11,0,20,3,0,9,45,0,109,53,166,43,203,0,1,7,4,1,10,30,52,55,57,112,102,19,232,168,13,25,47,89,187,6,3,8,10,13,14,21,20,25,60,59,62,74,85,74
1378,29,2,9,3,2,28,26,15,54,49,15,54,69,137,19,173,8,10,7,6,7,10,56,35,41,7,70,56,24,85,6,15,15,15,4,29,31,2,63,4,119,6,13,8,177,49,9,15,25,52,109,5,5,5,6,17,6,32,18,31,49,53,50,69,74,79
1379,46,9,8,7,15,18,29,46,42,60,46,104,60,93,86,219,4,5,1,5,4,31,38,62,55,38,23,55,121,29,212,3,6,2,31,5,4,48,21,6,30,94,127,22,215,93,1,2,2,5,13,2,2,3,1,1,1,14,24,22,16,10,19,164,205,160
1380,39,15,9,11,11,6,0,50,46,24,77,46,74,194,129,166,3,0,4,25,25,23,3,27,29,3,113,102,91,92,75,7,0,10,17,14,19,43,24,32,29,61,34,128,10,101,7,13,20,46,96,7,6,7,19,21,19,6,8,7,69,61,71,38,31,20
1381,52,3,2,12,28,9,20,39,60,1,74,66,1,200,138,244,13,13,6,22,8,22,51,48,24,93,48,118,123,53,247,0,1,7,4,4,10,42,35,43,10,67,43,107,133,217,13,27,52,99,207,9,8,6,5,5,26,55,32,51,72,63,75,47,58,52
1382,18,4,14,3,31,7,4,38,59,23,38,59,64,53,245,240,8,15,14,18,16,13,18,17,16,18,17,16,14,14,13,5,3,6,23,6,20,25,30,7,21,25,76,71,82,32,9,18,30,60,128,14,14,12,28,28,27,31,34,29,13,11,14,1,1,1
1383,26,6,11,2,6,30,0,24,23,20,24,70,20,226,89,161,2,6,15,19,15,18,59,16,15,54,16,15,126,72,181,0,1,7,9,4,10,10,58,4,124,90,76,211,167,175,9,18,32,65,138,3,7,1,13,10,15,44,52,61,84,83,82,184,252,238
1384,36,3,2,1,30,13,15,59,7,38,108,7,77,32,212,228,12,2,10,31,10,30,53,46,26,90,68,26,147,201,103,0,1,7,2,3,1,29,58,5,124,90,76,224,225,53,13,27,54,106,220,8,0,9,14,12,0,48,19,8,91,18,108,198,182,119
1385,55,1,0,13,1,22,17,1,11,10,60,102,95,64,161,143,1,2,10,1,2,25,1,2,17,105,2,17,134,2,59,6,13,4,30,13,23,19,14,41,81,86,124,170,86,51,3,4,6,12,29,0,0,0,9,7,10,1,1,3,55,0,69,130,45,103
1386,37,7,5,8,25,3,2,7,2,2,109,100,2,92,120,79,6,3,2,10,17,21,33,39,34,33,39,34,108,6,141,12,8,1,7,9,14,35,31,2,117,101,108,43,106,69,15,30,60,118,242,1,1,2,0,0,4,22,9,9,43,39,38,42,22,45
1387,38,8,2,4,12,4,8,12,3,4,113,103,120,40,215,159,15,14,11,29,29,27,30,33,32,122,93,125,208,123,47,0,1,7,20,20,25,63,61,35,105,31,31,94,56,81,10,20,36,71,150,6,3,8,11,15,11,41,38,46,48,78,60,129,129,118
1388,6,6,11,2,16,16,25,56,37,41,56,97,41,29,169,128,8,10,7,27,24,6,24,18,19,24,91,33,187,20,25,15,15,15,3,26,26,11,5,57,69,29,47,220,12,182,9,16,26,54,114,10,5,5,16,19,24,19,21,18,18,17,18,3,5,4
1389,40,2,4,15,21,28,31,48,33,56,48,84,56,151,80,80,8,10,7,6,7,10,36,35,63,36,35,41,185,49,197,15,15,15,13,7,24,50,39,27,25,107,86,237,156,65,12,23,41,79,165,5,5,10,8,17,9,37,10,37,21,26,33,126,149,16
1390,9,15,6,11,11,0,28,11,41,30,84,75,100,27,16,224,3,0,4,3,0,4,26,0,4,26,105,90,111,199,219,2,5,5,8,19,16,7,51,49,15,12,44,53,255,187,7,12,18,42,92,7,6,7,7,6,8,0,0,1,32,28,16,39,36,57
1391,51,12,8,7,15,18,12,32,16,32,87,16,32,181,64,109,4,5,1,5,4,31,38,5,12,113,75,112,4,145,60,3,6,2,31,5,4,21,0,23,55,127,5,255,217,246,1,2,4,7,18,2,2,3,1,1,1,4,4,4,10,52,1,61,126,75
1392,11,1,1,13,5,25,9,60,19,37,126,1,37,120,229,51,12,2,10,14,21,17,10,13,38,109,96,78,250,224,110,6,13,4,2,4,10,10,58,4,27,13,58,71,160,253,7,13,21,48,99,0,0,0,4,3,16,7,29,26,97,92,91,221,238,228
1393,23,7,5,8,25,3,2,37,2,21,97,2,21,43,2,169,6,3,2,10,17,21,34,55,31,34,55,95,254,118,58,12,8,1,7,9,14,44,37,44,18,1,16,172,233,183,15,30,58,116,236,1,1,2,0,0,4,17,13,10,14,12,11,20,28,11
1394,61,5,3,10,19,19,13,41,27,45,41,27,47,50,248,10,14,6,0,23,6,0,12,49,0,12,73,0,235,172,69,10,10,3,12,15,11,14,2,4,126,79,114,12,109,119,4,8,13,28,64,3,9,1,3,4,3,2,5,6,66,4,6,91,27,59
1395,48,15,6,11,11,5,28,22,9,30,67,9,29,155,231,147,3,0,4,3,0,4,26,0,4,106,0,90,154,143,216,2,5,5,8,19,16,51,8,13,73,51,23,100,60,39,7,12,18,40,89,7,6,7,7,6,8,0,0,1,26,14,26,64,49,23
1396,9,15,6,11,11,0,14,10,0,57,122,92,57,38,56,199,0,7,3,26,31,24,50,54,51,84,54,82,156,35,114,0,1,7,4,4,10,10,58,4,124,90,76,224,225,54,6,11,16,34,77,7,6,6,7,6,28,48,49,49,75,86,77,133,108,119
1397,34,3,2,4,28,8,10,8,61,4,25,61,4,248,110,215,15,14,11,29,29,27,30,33,32,77,93,125,208,65,89,0,1,7,4,20,10,4,27,38,67,105,87,129,186,80,10,19,34,67,143,8,12,9,11,13,11,40,38,36,48,38,47,63,44,67
1398,22,10,15,9,0,13,16,16,49,46,16,67,106,186,139,198,0,7,3,4,19,16,19,45,47,19,45,47,234,78,73,0,1,7,9,4,10,33,40,60,84,90,105,192,135,115,13,25,46,88,184,1,15,2,29,0,29,46,47,48,25,49,41,67,63,89
1399,47,6,11,2,16,16,25,56,37,41,56,94,41,29,71,128,8,10,7,27,24,6,24,18,33,24,18,33,2,166,25,15,15,15,3,26,26,11,5,57,12,55,3,220,12,182,9,16,26,54,114,10,5,5,16,19,24,19,21,18,18,17,18,3,5,4
1400,46,9,8,12,13,27,12,27,24,60,123,85,60,142,87,37,4,5,1,5,4,31,6,23,36,6,82,36,170,134,178,3,6,2,15,2,28,1,12,50,125,60,26,73,53,121,1,1,1,1,2,2,2,3,12,1,1,8,12,14,110,25,83,152,155,139
1401,43,10,5,8,4,26,7,57,13,44,28,67,75,8,206,18,6,3,2,30,3,2,4,52,9,92,52,68,63,17,220,12,8,1,18,27,18,31,4,58,56,24,61,165,192,52,16,32,63,124,251,1,1,2,0,0,5,24,22,21,17,54,15,49,77,88
1402,24,4,14,3,31,7,4,38,59,23,116,59,23,128,201,240,8,15,14,18,16,13,18,17,16,18,17,16,14,14,13,5,3,6,23,6,20,25,30,7,21,25,53,108,91,142,9,17,27,55,116,14,14,12,28,28,27,31,34,29,13,11,14,1,1,1
1403,53,3,2,4,28,9,1,12,7,63,108,68,103,98,149,170,15,14,11,0,20,3,41,9,45,89,9,83,131,238,29,0,1,7,4,4,10,10,58,4,124,90,76,71,197,253,13,27,54,106,220,8,3,8,10,13,14,21,49,25,106,121,122,214,219,187
1404,23,8,5,9,12,4,8,43,45,33,37,45,108,32,62,228,0,7,3,4,19,16,19,45,47,19,45,86,144,13,250,12,8,1,9,1,10,10,58,4,99,5,7,5,132,232,13,24,43,82,173,1,3,8,18,15,13,13,31,16,25,13,41,203,204,221
1405,5,6,11,2,6,30,24,16,6,46,115,108,66,72,198,202,0,10,7,27,31,6,60,51,19,60,91,77,37,55,49,0,1,7,9,7,24,60,9,36,58,85,57,144,23,42,6,11,17,38,85,5,7,1,25,10,23,46,47,48,39,42,51,117,110,38
1406,60,13,7,14,3,15,27,3,35,17,3,35,17,129,220,12,11,8,9,9,9,8,8,7,11,8,7,11,8,8,243,4,4,8,21,11,0,39,32,10,20,18,50,174,6,74,5,9,14,30,70,13,13,14,26,25,25,23,23,20,6,6,8,0,0,203
1407,2,14,10,4,22,8,10,8,43,62,8,88,93,212,183,81,15,1,11,15,1,20,9,1,50,9,1,50,175,1,115,0,1,7,10,20,6,32,49,54,33,75,113,118,212,198,10,19,33,66,142,8,12,9,11,23,11,12,14,13,4,2,5,14,73,22
1408,56,13,7,6,27,14,6,25,28,58,118,60,118,164,10,238,13,13,6,16,28,9,13,30,6,94,30,84,189,117,137,0,1,7,1,0,22,57,11,14,59,33,123,204,11,255,13,27,52,100,208,9,8,6,5,5,7,3,32,2,85,41,73,78,80,78
1409,35,1,1,13,18,31,22,17,47,28,79,124,28,6,37,24,1,2,10,17,22,26,22,21,21,22,21,21,224,170,66,1,7,11,19,22,5,20,10,16,2,32,14,64,3,6,2,3,5,9,24,11,0,13,21,22,21,10,11,11,0,1,0,7,3,2
1410,44,10,12,8,4,26,21,35,40,31,35,40,31,104,249,132,6,3,2,24,27,28,27,31,2,95,31,72,51,73,173,8,2,12,24,16,17,41,59,12,79,68,75,247,54,107,16,32,62,123,248,1,1,2,15,11,5,35,25,33,28,22,24,5,10,3
1411,41,1,0,13,5,25,9,60,1,37,126,112,95,125,112,177,12,2,10,14,30,5,10,13,38,65,112,117,191,95,138,6,13,4,2,3,1,10,58,4,27,7,58,71,160,253,3,6,8,17,41,0,0,0,4,3,0,7,40,0,81,47,23,93,96,235
1412,36,14,14,4,23,21,1,12,44,52,12,126,93,88,216,11,15,14,11,0,20,3,41,9,45,41,99,80,61,248,194,0,1,7,4,4,10,30,52,55,95,57,4,130,160,145,13,26,49,93,193,6,10,8,10,13,14,21,20,25,37,50,59,105,176,154
1413,54,6,7,9,29,30,14,62,63,15,62,63,46,95,52,138,13,13,6,22,8,22,23,24,28,23,24,28,31,23,24,0,1,7,9,10,9,27,46,51,124,37,76,176,123,184,13,25,46,87,183,9,8,6,27,27,30,39,41,41,33,34,35,10,8,10
1414,56,13,7,6,27,14,6,25,28,58,118,28,83,149,106,131,13,13,6,16,28,9,13,12,6,13,12,6,130,184,222,0,1,7,1,0,22,0,42,61,101,113,35,115,116,153,11,22,40,76,160,9,8,6,5,5,7,3,6,2,20,33,17,18,18,27
1415,45,10,5,8,4,26,7,57,13,44,117,13,44,240,223,123,6,3,2,30,3,2,4,52,9,92,52,68,63,17,220,12,8,1,18,27,18,31,4,58,5,24,56,182,16,84,16,32,63,124,251,1,1,2,0,0,5,24,22,21,17,27,15,15,19,19
1416,54,3,7,6,26,13,14,20,60,9,74,14,79,138,42,4,13,13,6,22,8,22,51,30,24,51,78,24,75,202,116,0,1,7,4,4,10,57,11,14,116,70,104,230,145,63,13,27,52,101,209,9,8,6,5,5,7,38,32,2,64,41,54,86,78,106
1417,58,6,11,2,26,12,0,24,56,26,52,17,26,249,155,32,15,14,11,26,31,24,47,58,42,43,67,42,86,161,128,0,1,7,4,4,10,10,35,4,124,90,76,149,121,217,9,18,32,63,136,3,7,1,13,14,15,55,43,51,72,63,75,47,252,52
1418,48,15,6,11,11,5,28,13,9,57,93,9,115,121,218,147,3,0,4,3,0,4,26,0,4,66,117,4,154,143,143,2,5,5,8,19,16,7,51,49,6,78,9,190,175,0,7,12,18,40,89,7,6,7,7,6,8,0,0,1,82,45,57,58,57,71
1419,54,13,7,9,29,14,14,62,63,15,62,63,119,95,52,138,13,13,6,22,8,22,23,24,28,23,24,28,31,23,24,0,1,7,6,10,9,8,18,20,124,37,2,176,123,184,11,21,38,74,156,9,8,6,27,27,30,39,41,41,33,34,35,10,8,10
1420,53,11,15,5,7,17,5,51,50,14,119,115,122,91,181,71,13,7,3,26,28,9,49,26,57,49,110,57,196,61,57,0,1,7,4,4,10,57,23,14,96,2,2,99,239,134,3,5,7,14,34,4,4,4,22,2,16,60,59,60,77,68,92,149,65,98
1421,11,1,0,13,5,25,9,60,1,37,126,1,37,225,79,135,1,2,10,14,30,5,10,13,38,65,112,117,191,89,138,6,13,4,2,3,1,10,58,4,3,7,59,117,134,212,3,6,8,16,37,0,0,0,4,3,0,7,40,0,81,47,23,93,96,25
1422,15,12,8,7,15,18,29,46,42,60,46,42,67,204,14,109,4,5,1,5,4,31,38,62,55,38,104,112,78,251,240,3,6,2,31,5,4,48,21,6,30,94,127,255,79,144,1,2,2,5,14,2,2,3,1,1,1,14,24,22,16,10,19,25,9,36
1423,55,3,2,1,9,20,20,5,12,12,5,12,94,185,57,155,9,11,5,13,26,14,53,46,23,126,122,107,104,252,19,0,1,7,20,20,25,49,38,56,26,97,36,208,254,68,10,20,37,72,152,8,3,9,17,16,20,45,26,42,95,79,86,109,127,126
1424,3,1,0,1,30,13,15,23,60,34,106,98,82,148,4,143,1,2,10,1,2,25,10,2,17,65,112,117,64,232,17,6,13,4,2,3,1,57,11,14,83,109,67,204,11,240,13,27,52,100,208,0,0,0,5,5,7,38,32,54,85,41,73,78,80,78
1425,7,10,12,8,4,26,21,35,58,31,35,58,31,104,143,207,6,3,2,24,27,28,27,31,2,95,31,72,51,73,173,8,2,12,24,16,17,41,59,12,79,68,75,243,222,181,16,32,64,128,256,1,1,2,15,11,5,35,25,33,28,22,24,5,10,3
1426,6,6,15,9,26,30,14,20,14,9,4,14,85,61,255,241,0,7,3,4,19,16,19,45,47,19,45,47,234,78,73,0,1,7,9,4,10,10,58,4,124,90,29,124,145,253,14,29,57,114,232,4,4,4,25,10,23,28,35,28,51,51,44,53,156,179
1427,25,4,14,3,31,7,4,38,52,23,116,120,23,128,166,240,8,15,14,18,16,13,18,17,16,18,17,16,14,14,13,5,3,6,23,6,20,25,30,7,21,106,52,71,160,253,9,17,27,55,117,14,14,12,28,28,27,31,34,29,13,11,14,1,1,1
1428,26,5,3,10,19,19,13,41,57,43,36,57,43,36,133,25,2,6,15,2,15,18,52,4,0,52,4,66,216,131,96,10,10,3,12,15,11,14,2,4,124,90,38,71,160,253,6,11,16,35,80,3,9,1,3,4,3,2,5,6,66,69,66,91,68,251
1429,35,1,1,13,18,31,22,17,30,28,79,30,28,6,67,24,1,2,10,17,22,26,22,21,21,112,21,122,67,24,21,1,7,11,19,22,5,20,10,16,108,66,111,186,41,140,2,3,5,9,23,11,0,13,21,22,21,10,11,11,0,1,0,32,47,44
1430,33,6,11,2,6,30,24,26,23,42,26,108,42,72,125,9,2,6,15,2,15,18,52,4,46,2,44,66,76,60,96,0,1,7,9,7,10,10,58,4,115,121,15,25,194,130,4,8,13,28,64,3,9,1,3,4,3,16,44,12,101,96,95,122,121,142
1431,20,10,12,7,24,20,29,28,39,13,111,39,72,161,159,53,4,11,1,20,18,19,17,14,22,17,14,22,114,26,20,14,11,14,14,12,7,62,47,28,19,87,42,155,158,136,16,31,61,121,246,15,15,15,29,30,29,34,36,32,23,24,25,26,32,28
1432,13,15,9,11,28,9,1,11,41,57,101,75,57,108,58,121,3,0,4,25,25,23,3,27,29,3,27,102,212,92,234,0,1,7,4,4,10,10,58,4,15,12,76,82,153,203,7,13,21,48,100,7,6,7,19,21,19,6,8,7,73,90,80,235,174,237
1433,28,12,8,7,15,18,12,32,20,61,30,16,60,34,64,65,4,5,1,5,4,15,21,50,62,103,92,62,137,207,50,3,6,2,31,5,4,1,25,29,37,127,98,189,195,104,1,2,4,7,19,2,2,3,1,1,1,33,28,38,8,20,10,48,43,76
1434,22,12,8,7,15,18,29,27,16,60,64,24,51,11,86,219,4,5,1,5,4,31,38,5,12,113,75,112,4,247,15,3,6,2,31,5,4,21,0,23,114,19,122,184,100,7,1,2,2,4,10,2,2,3,1,1,1,14,24,4,41,25,19,155,134,92
1435,63,8,2,4,28,21,1,47,3,25,47,3,25,199,20,11,15,14,11,0,20,3,0,9,53,0,109,53,166,43,203,0,1,7,4,1,10,30,52,55,57,112,102,19,232,168,13,25,47,89,187,6,3,8,10,13,14,21,20,25,60,59,62,74,85,74
1436,7,8,12,9,12,4,8,43,45,33,43,45,33,18,139,198,0,7,3,4,19,16,19,45,47,19,45,86,168,79,73,0,1,7,9,1,10,33,40,60,99,5,120,181,160,253,13,24,43,82,173,6,3,8,18,15,13,13,31,16,25,13,41,79,64,96
1437,29,2,9,3,2,28,31,2,34,54,114,113,89,173,45,19,8,10,7,6,7,10,48,8,56,48,8,89,55,219,67,15,15,15,13,29,31,37,41,42,16,80,116,96,31,24,9,15,25,53,110,5,5,5,6,17,6,32,10,31,36,35,36,13,12,15
1438,40,2,9,3,2,28,31,2,6,54,114,33,90,137,254,212,8,10,7,6,7,10,36,35,63,114,119,63,87,54,87,15,15,15,13,7,24,60,9,36,78,10,6,77,73,44,9,15,25,53,112,5,5,5,6,17,6,36,10,39,29,32,30,17,48,70
1439,12,9,0,12,13,27,6,27,21,63,44,125,63,166,110,134,4,5,1,5,4,15,21,5,12,113,62,12,124,39,200,3,6,2,4,4,10,21,0,23,124,90,76,71,160,253,3,7,11,26,62,2,2,3,1,1,1,4,4,4,88,25,110,223,224,183
1440,37,7,5,8,25,3,2,7,2,2,57,100,2,92,120,79,6,3,2,10,17,21,33,39,60,67,39,101,89,149,5,12,8,1,7,9,14,35,31,2,56,101,61,136,102,210,15,30,60,119,244,1,1,2,0,0,4,22,9,9,43,54,38,60,111,46
1441,52,3,2,4,9,13,20,61,12,1,103,66,1,20,213,1,9,11,5,13,26,1,11,37,1,99,94,70,12,112,182,0,1,7,4,4,10,42,35,43,10,67,43,149,121,217,1,1,1,3,5,9,8,6,5,5,26,55,32,51,72,63,75,47,58,52
1442,36,1,1,13,5,25,9,44,1,12,44,98,12,185,190,51,1,2,10,14,30,5,10,46,49,10,13,106,42,178,202,6,13,4,2,4,10,10,58,4,108,66,111,186,41,196,3,7,11,25,57,0,0,0,21,22,21,10,11,11,109,79,118,32,179,193
1443,8,6,11,2,6,30,24,16,23,46,16,108,46,72,124,102,0,7,3,26,31,24,58,10,27,76,116,27,66,233,77,0,1,7,9,7,10,33,40,60,74,91,15,119,50,133,13,25,46,87,183,6,7,1,25,10,23,46,47,48,39,42,97,113,122,129
1444,4,1,1,13,18,31,22,17,47,28,79,80,126,6,37,108,1,2,10,17,22,26,22,21,21,22,21,21,224,170,66,1,7,11,19,22,5,20,10,16,71,92,49,148,71,247,1,1,1,2,3,11,0,13,21,22,21,10,11,11,0,1,0,72,66,64
1445,55,1,1,13,5,1,9,45,5,18,112,5,76,120,28,82,12,2,10,14,30,5,63,13,5,117,101,5,141,87,4,6,13,4,2,3,1,3,22,9,27,13,58,71,176,253,3,6,8,17,42,0,0,0,4,3,0,20,2,0,67,82,68,123,131,171
1446,10,1,1,13,5,25,9,44,1,12,44,98,12,13,175,177,1,2,10,1,2,25,10,2,17,65,112,117,191,232,138,6,13,4,30,13,23,19,58,41,17,39,107,195,210,162,3,4,6,12,31,0,0,0,4,7,0,7,2,0,81,87,68,93,96,183
1447,23,7,5,8,25,3,2,37,2,21,97,2,21,43,2,158,6,3,2,10,17,21,34,55,31,34,55,95,254,118,58,12,8,1,7,9,14,44,37,44,18,1,16,172,233,183,15,30,59,117,240,1,1,2,0,0,4,17,13,10,14,12,11,20,28,11
1448,44,10,12,8,4,26,21,35,40,31,35,40,31,104,249,132,6,3,2,24,27,28,27,31,2,95,31,72,51,73,173,8,2,12,24,16,17,41,59,12,79,68,75,135,222,107,16,32,62,123,248,1,1,2,15,11,5,35,25,33,28,22,24,5,10,3
1449,21,9,8,12,13,27,20,61,24,53,103,66,111,20,17,37,4,11,5,28,26,1,61,37,1,11,37,70,77,102,82,0,1,7,15,2,28,46,45,40,40,28,1,47,80,19,1,1,1,3,4,2,2,3,12,9,12,8,12,47,53,64,32,189,98,33
1450,38,3,2,4,0,9,1,20,60,1,74,123,79,200,101,4,13,13,6,22,8,22,51,30,24,93,48,118,75,202,44,0,1,7,4,4,10,57,11,14,116,70,104,230,145,63,13,27,52,101,211,9,8,6,5,5,7,38,32,51,64,41,54,86,78,106
1451,14,9,2,12,9,27,20,61,12,39,80,66,39,147,3,197,9,11,5,13,26,14,42,11,23,42,11,23,110,249,35,0,1,7,20,20,25,46,45,40,127,69,89,47,154,46,10,20,35,70,148,2,2,3,12,9,12,8,12,23,42,64,27,52,98,33
1452,6,6,11,2,26,30,24,24,23,8,89,79,117,16,103,201,2,6,15,2,15,18,52,4,0,52,4,66,216,131,96,10,10,3,9,4,10,10,58,4,124,90,38,235,32,58,6,11,16,35,81,3,9,1,3,14,15,16,16,12,75,8,51,106,139,152
1453,30,11,13,5,8,29,3,4,50,3,78,114,127,235,135,195,7,12,13,21,23,29,5,53,20,64,114,20,57,38,237,9,9,9,0,31,15,58,16,62,65,64,91,167,78,23,14,29,56,111,227,4,4,4,2,2,2,29,30,30,3,16,21,40,69,13
1454,33,5,3,10,19,19,13,41,27,47,41,27,47,50,18,25,14,6,0,23,6,0,12,49,0,12,73,54,142,192,218,10,10,3,27,28,30,14,2,4,126,79,114,71,160,253,4,8,13,28,64,3,9,1,3,4,3,2,42,40,31,29,34,16,15,59
1455,51,12,8,7,15,18,12,32,16,32,64,24,73,11,88,109,4,5,1,5,4,15,21,5,12,113,62,12,124,39,200,3,6,2,31,5,4,21,0,23,7,19,122,33,64,174,1,2,3,6,15,2,2,3,1,1,1,4,4,4,41,25,1,45,20,37
1456,39,15,9,11,11,6,23,63,53,50,92,53,71,130,146,17,3,0,4,25,25,23,3,27,29,3,65,29,20,27,34,7,0,10,25,18,8,38,43,26,54,63,11,24,19,70,7,13,19,44,94,7,6,7,19,21,19,6,8,7,5,7,7,12,2,9
1457,13,8,2,9,12,4,8,43,45,33,76,103,7,170,72,214,15,14,11,0,13,3,39,20,53,39,80,116,56,236,158,0,1,7,9,1,10,27,46,51,77,116,10,169,160,59,13,24,43,83,175,6,3,8,18,15,13,13,37,34,78,88,53,116,100,141
1458,29,2,9,3,2,28,31,2,34,54,114,113,89,173,45,186,8,10,7,6,7,10,48,8,56,48,8,89,55,219,67,15,15,15,13,29,31,37,41,42,16,80,116,96,31,24,9,15,25,53,111,5,5,5,6,17,6,32,10,31,36,35,36,13,12,15
1459,0,1,0,1,30,1,15,59,7,38,59,86,84,73,179,129,12,2,10,31,10,30,20,25,26,20,86,98,26,33,22,6,13,4,2,3,1,29,26,5,90,50,21,120,58,71,3,7,9,18,43,0,0,0,14,12,0,18,19,8,15,18,12,9,11,8
1460,53,6,14,2,23,30,4,49,10,26,49,74,64,53,245,32,15,14,3,26,31,24,62,43,43,31,26,43,125,114,193,0,1,7,4,4,10,5,1,37,31,22,76,71,82,32,9,18,30,60,127,6,10,12,24,26,17,43,39,35,40,85,52,243,202,246
1461,8,1,0,13,1,22,17,1,11,10,60,106,107,109,112,73,1,2,10,1,2,25,1,2,17,1,2,79,1,109,208,6,13,4,30,13,23,19,14,41,17,39,107,170,105,245,3,4,6,12,30,0,0,0,9,7,10,1,1,3,22,0,2,177,109,124
1462,25,7,5,8,25,3,2,37,2,6,57,111,75,8,2,101,6,3,2,30,3,2,4,6,9,4,6,9,221,46,36,12,8,1,7,9,14,17,37,1,56,4,61,136,102,210,15,30,60,119,244,1,1,2,0,0,4,17,13,10,89,54,11,98,111,161
1463,15,12,8,7,15,18,29,46,20,61,30,104,67,195,164,176,4,5,1,5,4,31,38,62,55,38,104,55,78,186,102,3,6,2,15,2,28,48,21,6,52,110,99,48,48,18,1,2,2,5,12,2,2,3,1,1,1,14,24,22,86,10,99,127,123,95
1464,10,1,0,13,5,9,16,52,19,63,94,91,125,13,161,203,6,3,2,24,17,28,27,31,60,27,71,60,179,179,176,0,1,7,4,4,10,10,58,4,124,90,76,36,94,43,3,7,11,24,55,4,0,0,9,7,10,58,54,58,123,122,117,211,190,205
1465,57,10,5,8,4,26,7,57,13,44,117,13,13,66,111,22,6,3,2,30,3,2,4,52,9,92,52,68,63,17,220,12,8,1,18,27,18,31,4,58,5,24,56,182,16,84,16,32,63,124,251,1,1,2,0,0,5,24,22,21,17,27,15,15,19,19
1466,22,6,11,9,26,30,14,10,63,15,81,92,62,16,121,63,0,7,3,26,31,24,50,54,51,84,54,82,156,35,114,0,1,7,4,4,10,10,58,4,124,90,76,224,225,54,6,11,16,34,77,9,7,6,27,27,28,48,41,49,75,34,77,106,139,152
1467,20,10,12,8,24,26,7,28,13,13,28,67,72,66,65,222,4,11,1,20,18,19,17,14,22,17,14,22,114,26,20,0,1,7,18,27,18,62,47,28,19,87,42,155,158,52,13,25,48,90,188,15,15,15,29,30,29,34,36,32,23,24,25,26,32,28
1468,16,6,11,2,26,12,0,24,4,0,89,70,109,124,103,112,2,6,15,19,15,18,32,16,15,116,16,111,172,231,181,0,1,7,9,7,10,55,15,24,63,40,97,61,104,36,6,11,16,35,79,3,7,1,13,14,15,28,44,53,52,57,48,50,52,62
1469,55,1,0,1,30,1,15,59,7,38,108,86,84,73,179,129,12,2,10,31,10,30,20,25,26,87,25,81,138,213,241,0,1,7,2,3,1,10,58,4,27,90,58,71,160,253,3,7,9,19,45,11,0,13,14,22,21,18,11,8,114,91,125,217,217,218
1470,1,2,9,3,2,28,16,6,56,49,20,56,97,135,23,36,0,7,3,26,31,24,58,10,58,58,10,76,28,200,160,0,1,7,4,4,10,10,58,4,113,37,37,113,253,114,13,25,48,90,189,4,15,15,31,30,29,34,36,57,100,110,96,167,136,232
1471,24,4,14,3,31,7,4,38,6,23,105,6,66,150,6,59,8,10,7,27,24,6,60,51,63,83,51,19,139,182,101,15,15,15,4,7,10,10,58,4,124,90,76,87,182,83,9,15,25,53,112,14,5,5,28,28,27,31,34,29,13,11,14,112,82,38
1472,40,2,14,3,2,28,31,2,6,54,115,33,116,97,254,236,8,10,7,6,7,10,36,35,63,114,119,63,87,54,87,15,15,15,13,7,24,60,9,36,78,10,6,77,73,44,9,15,24,51,107,5,5,5,6,17,6,36,10,39,29,32,30,17,48,70
1473,30,11,13,5,8,29,3,4,32,3,98,114,3,189,77,195,7,12,13,21,5,29,5,53,20,64,114,20,57,38,237,9,9,9,0,31,15,58,16,62,48,30,68,127,63,226,14,29,56,111,228,4,4,4,2,2,2,29,30,30,3,16,21,36,14,13
1474,6,2,9,3,2,28,14,16,56,46,47,68,110,23,76,89,8,10,7,26,31,24,16,10,27,16,77,103,94,141,129,15,15,15,4,4,10,10,58,4,124,90,76,9,107,254,13,25,47,89,186,10,5,5,16,19,24,19,21,18,122,118,113,169,184,229
1475,27,10,12,8,4,26,21,35,58,31,35,40,31,211,249,92,6,3,2,24,27,28,27,31,2,95,31,72,51,73,173,8,2,12,24,16,17,41,59,12,79,68,75,116,54,107,16,32,62,123,248,1,1,2,15,11,5,35,25,33,28,22,24,5,10,3
1476,24,4,14,3,31,7,4,38,59,23,38,59,23,128,201,46,8,15,14,18,16,13,18,17,16,18,17,16,14,14,13,5,3,6,23,6,20,25,30,7,21,25,53,108,91,142,9,17,27,55,118,14,14,12,28,28,27,31,34,29,13,11,14,1,1,1
1477,53,11,13,5,8,29,30,31,32,35,98,32,35,24,43,144,7,12,13,21,5,29,28,22,37,127,22,37,183,69,235,9,9,9,5,17,3,58,16,62,112,71,118,216,229,20,14,28,55,109,224,4,4,4,20,20,22,11,17,17,1,5,4,102,227,53
1478,47,2,11,2,16,16,25,56,37,41,56,37,121,55,71,52,8,10,7,27,24,6,24,18,33,24,18,33,2,166,25,15,15,15,3,26,26,11,5,57,12,55,3,8,59,49,9,16,26,54,115,10,5,5,16,19,24,19,21,18,18,17,18,3,5,4
1479,20,15,6,11,11,5,28,22,0,30,84,9,30,206,234,33,3,0,4,3,0,4,26,0,4,106,0,90,3,0,139,2,5,5,8,19,16,7,51,49,22,46,44,200,203,67,7,12,18,42,91,7,6,7,7,6,8,0,0,1,26,14,16,44,35,35
1480,16,12,8,7,15,18,12,27,24,60,64,24,92,134,131,109,4,5,1,5,4,15,21,5,12,113,62,12,124,39,200,3,6,2,31,5,4,21,0,23,7,60,5,255,217,246,1,2,3,6,16,2,2,3,1,1,1,4,4,4,41,25,1,61,20,75
1481,44,10,12,9,12,4,21,43,40,31,70,110,80,190,70,114,0,7,3,4,27,16,44,29,47,44,29,2,151,74,16,8,2,12,24,16,17,53,34,33,24,17,20,74,29,5,16,32,62,122,247,1,3,8,18,11,13,13,25,16,34,13,39,21,30,31
1482,3,3,0,1,30,13,15,60,7,38,108,7,84,73,179,129,12,2,10,31,10,30,20,46,26,87,25,81,186,217,177,0,1,7,2,3,1,10,58,4,3,7,59,71,168,253,3,7,11,23,52,7,6,7,7,6,8,43,39,62,117,93,124,138,97,159
1483,10,1,1,13,7,25,5,29,22,48,29,22,48,69,151,28,12,2,10,14,21,17,29,61,35,29,61,35,38,71,42,6,13,4,29,24,27,47,55,15,14,58,115,140,61,26,3,5,7,13,33,0,0,0,22,3,16,27,29,26,30,31,29,6,6,5
1484,60,13,7,14,3,15,27,3,35,17,3,35,17,74,220,12,11,8,9,9,9,8,8,7,11,8,7,11,8,8,243,4,4,8,21,11,0,39,32,10,20,18,50,174,151,74,5,9,14,30,70,13,13,14,26,25,25,23,23,20,6,6,8,0,0,0
1485,55,1,1,13,5,1,9,44,5,12,100,5,77,229,175,82,12,2,10,14,30,5,63,13,38,10,13,106,128,242,79,6,13,4,2,3,1,3,22,9,87,95,117,16,210,196,3,7,9,20,47,0,0,0,4,3,0,20,2,0,35,36,88,168,209,83
1486,42,14,10,0,14,23,19,34,18,19,102,18,19,9,38,178,10,9,8,12,14,11,14,15,10,14,64,10,18,16,120,11,12,0,26,25,2,52,13,30,4,9,12,209,206,207,8,14,22,49,103,12,10,11,23,18,18,15,15,19,2,3,3,8,13,6
1487,27,10,12,8,4,26,7,9,38,27,9,76,105,159,188,16,6,3,2,24,3,28,27,31,40,74,66,100,27,25,38,8,2,12,28,23,12,28,36,11,100,26,19,89,9,66,16,32,64,125,253,1,1,2,15,11,5,26,27,27,74,23,72,41,60,49
1488,35,1,1,13,18,11,22,17,30,28,79,105,126,6,37,108,1,2,10,17,22,26,22,21,21,22,21,21,206,170,66,1,7,11,19,22,5,20,10,16,2,32,14,64,3,6,3,6,8,17,41,11,0,13,21,22,21,10,11,11,0,1,0,7,3,2
1489,35,1,1,13,18,31,22,17,30,28,79,30,28,6,67,24,1,2,10,17,22,26,22,21,21,112,21,122,67,24,21,1,7,11,19,22,5,20,10,16,108,66,111,186,41,140,2,3,5,9,23,11,0,13,21,22,21,10,11,11,0,1,0,32,47,44
1490,56,13,2,6,27,14,6,25,28,58,88,28,58,133,106,4,13,13,6,16,28,9,13,30,6,13,12,6,227,11,11,0,1,7,20,0,25,46,45,40,59,83,106,205,148,252,11,22,40,77,162,9,8,6,5,5,7,3,53,56,71,72,78,72,66,64
1491,41,1,0,13,1,22,17,1,11,10,1,106,95,197,44,143,1,2,10,1,2,25,1,2,17,105,2,17,134,2,59,6,13,4,30,13,23,19,14,41,1,102,95,170,160,51,3,4,6,12,29,0,0,0,9,7,10,1,1,3,44,0,2,144,135,148
1492,39,15,9,11,11,6,23,63,53,50,92,53,71,130,146,93,3,0,4,25,25,23,3,27,29,3,65,29,20,27,34,7,0,10,25,18,8,38,43,34,89,49,119,3,198,165,7,13,19,43,93,7,6,7,19,21,19,6,8,7,5,7,7,12,2,9
1493,20,3,0,1,30,13,15,59,7,38,108,7,84,73,212,185,12,2,10,31,10,30,20,25,26,20,86,98,26,33,22,6,13,4,2,3,1,29,26,5,90,50,21,160,190,147,3,7,9,18,43,0,0,0,14,12,0,18,19,8,15,18,12,9,11,8
1494,58,0,4,15,17,2,18,15,8,40,120,8,40,62,163,149,5,4,12,11,12,12,46,60,48,123,60,97,165,158,147,15,15,15,16,30,13,2,63,22,120,119,85,151,37,109,12,23,42,81,170,5,11,10,8,8,9,9,3,15,12,9,98,29,125,93
1495,59,11,13,5,8,29,30,31,32,35,98,65,35,24,77,75,7,12,13,21,5,29,28,22,37,28,22,87,22,69,235,9,9,9,5,17,3,58,16,62,48,27,68,127,63,1,14,28,55,109,224,4,4,4,20,20,22,11,17,17,1,16,21,4,14,7
1496,43,7,5,8,25,3,2,7,2,2,7,111,2,92,2,43,6,3,2,10,17,21,34,55,31,111,6,101,199,149,131,12,8,1,7,9,14,17,31,1,35,77,110,191,70,131,15,30,60,119,243,1,1,2,0,0,4,22,13,10,56,66,63,82,117,90
1497,2,14,10,4,22,21,10,8,43,62,42,88,93,117,183,8,10,9,8,12,14,11,14,15,10,14,64,10,18,16,120,0,1,7,10,4,6,52,13,30,4,9,12,2,24,2,9,18,30,58,124,12,10,11,23,18,18,15,15,19,2,3,3,230,13,249
1498,17,11,15,5,10,10,16,14,25,14,40,10,122,85,108,156,0,7,3,7,11,7,35,42,30,55,42,8,43,168,31,0,1,7,4,4,10,5,1,37,124,90,76,63,160,90,13,26,49,94,198,4,4,4,20,20,22,53,43,44,70,70,65,157,161,234
1499,22,3,7,4,9,13,14,10,60,4,108,60,68,251,150,238,13,13,6,22,8,22,51,30,24,93,48,118,75,202,44,0,1,7,4,4,10,10,58,4,124,90,76,204,11,255,10,20,36,71,149,9,8,6,17,5,20,38,52,59,42,83,82,78,29,84
1500,42,2,14,3,2,21,26,6,54,49,6,125,101,58,197,67,8,10,7,6,7,10,16,34,7,97,34,7,120,100,130,0,1,7,4,4,31,36,1,0,31,22,76,221,103,32,9,15,23,50,105,6,5,5,6,24,6,30,18,24,24,30,20,182,119,138
1501,59,11,13,5,8,29,30,31,32,35,65,65,35,24,162,57,7,12,13,21,5,29,28,22,37,28,22,87,22,226,26,9,9,9,5,17,3,23,28,17,23,27,22,30,13,1,14,28,55,107,222,4,4,4,20,20,22,11,17,17,1,5,4,4,7,7
1502,20,13,7,6,27,14,6,20,21,9,74,77,79,138,48,4,13,13,6,22,8,22,51,30,24,51,78,24,75,202,116,0,1,7,4,4,10,57,11,14,116,70,104,86,145,253,13,27,52,101,212,9,8,6,5,5,7,38,32,2,64,41,54,86,78,106
1503,59,11,13,5,8,29,3,4,50,3,104,114,127,235,74,203,7,12,13,21,23,29,5,53,20,64,114,20,57,38,237,9,9,9,0,31,15,58,16,62,124,90,64,203,142,94,14,29,56,111,228,4,4,4,2,2,2,49,30,30,3,16,21,36,14,73
1504,16,9,8,12,13,27,12,30,20,53,27,85,53,193,87,189,4,5,1,5,4,31,6,23,36,6,82,36,29,5,32,3,6,2,15,2,28,1,12,50,37,42,26,67,34,220,1,1,1,1,1,2,2,3,12,9,12,8,12,14,19,15,22,43,23,14
1505,2,14,10,3,22,21,10,8,43,62,42,88,93,117,38,8,15,1,11,15,1,20,9,1,50,78,100,59,41,84,229,11,12,0,4,4,10,10,58,4,33,75,113,152,216,231,9,18,32,65,138,12,10,11,23,23,18,12,14,13,4,2,5,28,53,173
1506,6,6,11,2,20,12,11,19,4,22,19,4,117,82,205,85,2,6,15,2,15,18,2,44,46,2,44,46,44,4,27,13,14,13,11,21,21,40,33,31,60,117,30,71,32,25,6,11,16,35,80,3,7,1,13,14,15,16,16,12,9,8,9,2,4,12
1507,2,14,10,4,22,21,10,8,43,62,42,44,93,88,177,117,15,1,11,15,1,20,9,1,50,9,1,50,41,84,229,0,1,7,10,20,6,32,49,54,33,75,113,156,75,11,10,19,33,66,140,8,12,9,11,23,11,12,14,13,4,2,5,28,53,39
1508,61,5,3,10,19,19,13,41,27,47,41,27,47,50,250,10,14,6,0,23,6,0,12,49,0,12,73,0,142,192,218,10,10,3,12,15,11,14,2,4,126,79,114,12,109,119,4,8,13,29,65,3,9,1,3,4,3,2,5,6,66,4,66,59,27,59
1509,51,12,8,7,15,18,12,32,16,32,32,16,73,192,64,118,4,5,1,5,4,15,21,5,12,21,5,12,113,140,155,3,6,2,31,5,4,21,0,23,114,19,122,33,35,174,1,2,4,7,18,2,2,3,1,1,1,4,4,4,10,21,1,45,38,76
1510,33,5,3,10,19,19,13,41,57,45,41,57,45,123,248,25,14,6,0,23,6,0,12,49,0,12,73,0,235,172,69,10,10,3,12,15,11,14,2,4,126,79,114,12,109,119,4,8,13,29,65,3,9,1,3,4,3,2,5,6,66,69,66,91,68,59
1511,23,7,5,8,25,3,2,37,2,21,97,2,75,43,191,101,6,3,2,10,17,21,34,55,31,34,55,95,254,118,58,12,8,1,7,9,14,44,37,44,18,1,16,183,126,233,15,30,59,117,239,1,1,2,0,0,4,17,13,10,14,12,11,98,124,161
1512,41,9,0,12,1,22,17,60,11,10,69,102,107,197,161,86,1,2,10,1,2,25,1,2,17,105,2,17,134,229,59,6,13,4,30,13,23,19,14,41,17,39,107,195,210,162,3,4,6,12,30,0,0,0,9,7,10,1,1,3,22,0,2,115,91,131
1513,38,8,15,9,12,4,8,43,45,33,51,45,33,170,139,21,0,7,3,4,19,16,19,45,47,19,45,47,54,78,107,0,1,7,9,1,10,33,40,60,84,89,105,42,43,115,13,24,43,83,174,6,3,8,18,15,13,13,31,16,25,49,41,67,63,190
1514,1,6,11,2,26,30,4,33,56,26,127,97,26,150,29,3,0,7,3,26,11,24,35,42,8,55,42,8,140,157,31,0,1,7,4,4,10,5,1,37,75,72,76,246,188,62,9,18,28,56,119,1,1,2,9,0,10,50,9,9,121,74,87,143,148,198
1515,29,2,9,3,2,28,31,2,6,54,114,33,69,144,80,212,8,10,7,6,7,10,36,35,63,114,119,63,87,36,196,15,15,15,13,7,24,60,9,36,78,10,6,237,156,253,9,15,25,53,112,5,5,5,6,17,6,36,10,39,29,32,30,126,149,224
1516,32,6,11,2,20,12,11,19,4,22,19,4,22,126,205,85,2,6,15,2,15,18,2,44,46,2,44,46,100,4,27,13,14,13,11,21,21,40,33,31,86,108,72,66,15,129,6,10,15,31,72,3,7,1,13,14,15,16,16,12,9,8,9,2,4,12
1517,38,8,2,9,12,4,8,43,45,33,113,103,33,18,149,216,0,7,3,4,19,16,19,45,47,19,45,86,168,79,73,0,1,7,9,1,10,33,40,60,99,5,120,71,160,253,13,24,43,83,176,6,3,8,18,15,13,13,31,16,25,13,41,79,64,117
1518,30,8,15,9,12,4,8,43,45,33,51,45,33,61,72,21,0,7,3,4,19,16,19,45,47,19,45,47,234,78,73,0,1,7,9,1,10,33,40,60,84,89,105,42,245,249,13,24,43,83,174,6,3,8,18,15,13,13,31,16,25,49,53,67,63,190
1519,55,1,1,13,5,25,9,45,1,37,126,1,112,120,1,51,12,2,10,14,30,5,63,13,38,63,90,38,109,58,186,6,13,4,2,3,1,3,22,9,27,13,58,206,176,14,3,6,8,17,42,0,0,0,4,3,0,7,2,0,27,89,23,99,131,86
1520,55,1,1,13,5,31,9,45,5,18,112,5,112,184,24,221,12,2,10,14,30,5,63,13,38,63,90,38,244,15,244,6,13,4,2,3,1,3,22,9,11,95,18,249,86,191,3,6,8,15,36,0,0,0,4,3,0,20,2,0,83,81,64,90,51,104
1521,19,14,10,0,14,23,19,21,18,19,21,18,19,89,117,178,10,9,8,12,14,11,14,15,10,14,64,10,18,16,120,11,12,0,26,25,2,52,13,30,4,9,12,2,14,97,8,14,22,49,103,12,10,11,23,18,18,15,15,19,2,3,3,22,37,26
1522,4,9,8,12,15,27,29,46,42,60,46,66,67,119,236,215,4,11,5,28,26,1,61,37,1,11,37,70,77,102,82,3,6,2,20,20,25,46,45,40,40,28,1,71,80,19,1,1,1,3,4,2,2,3,12,9,12,8,12,47,53,64,32,95,98,134
1523,56,13,7,6,27,14,6,52,14,8,72,78,65,191,185,110,13,13,6,16,28,9,49,30,57,94,30,84,13,246,137,0,1,7,1,0,22,57,23,14,96,2,2,227,57,141,13,26,50,97,204,9,8,6,5,5,7,3,6,2,63,37,45,66,65,132
1524,19,14,10,0,14,23,19,34,18,19,102,118,19,9,203,178,10,9,8,12,14,11,14,15,10,14,64,10,18,16,120,11,12,0,26,25,2,52,13,30,4,9,12,2,24,2,8,14,22,49,103,12,10,11,23,18,18,15,15,19,2,3,3,8,13,6
1525,52,3,7,6,28,13,1,52,60,1,119,78,65,191,185,110,13,13,6,22,8,22,51,30,24,93,48,118,72,246,247,0,1,7,4,4,10,57,23,14,96,2,2,227,57,141,13,26,50,97,204,9,8,6,5,5,7,55,6,2,73,37,80,66,65,132
1526,46,12,8,7,24,20,29,28,39,11,87,39,72,161,65,53,4,11,1,20,18,19,17,14,22,17,14,22,114,26,20,14,11,14,14,12,7,62,47,28,19,87,42,155,234,136,1,2,2,4,7,15,15,15,29,30,29,34,36,32,23,24,25,26,32,28
1527,63,14,14,3,23,21,4,49,44,55,8,34,116,4,144,74,15,14,11,29,31,27,47,58,59,47,58,3,19,75,90,0,1,7,4,4,10,5,1,37,121,100,8,58,124,159,9,18,30,58,124,5,10,5,24,26,17,56,50,45,68,67,67,80,70,105
1528,48,15,6,11,11,5,28,22,9,30,67,127,100,206,234,33,3,0,4,3,0,4,26,0,4,106,0,90,3,0,139,2,5,5,8,19,16,51,8,13,124,111,44,100,60,55,7,12,18,42,91,7,6,7,7,6,8,0,0,1,47,14,26,83,49,23
1529,4,3,2,13,9,20,20,44,12,39,90,12,39,224,240,155,9,11,5,13,26,14,42,11,23,126,11,23,39,30,112,0,1,7,20,20,25,46,45,40,26,97,36,35,39,250,10,20,35,69,147,8,3,9,17,16,20,25,26,23,50,40,27,27,34,34
1530,23,7,5,8,25,3,2,37,2,21,97,2,21,32,224,228,6,3,2,10,17,21,34,55,31,34,55,31,162,44,164,12,8,1,7,9,14,44,37,44,18,1,16,172,98,183,15,30,59,117,240,1,1,2,0,0,4,17,13,10,14,12,11,20,28,11
1531,3,13,7,6,27,13,6,16,60,46,16,60,118,164,150,238,13,13,6,22,28,9,51,30,24,51,78,24,189,40,116,0,1,7,4,4,10,57,11,14,124,90,76,204,11,255,13,27,52,100,208,9,8,6,5,5,7,38,32,54,85,41,73,78,80,78
1532,43,10,12,8,4,26,7,57,13,6,57,67,6,211,32,18,6,3,2,30,3,2,4,6,9,4,71,9,155,230,228,12,8,1,18,27,18,10,58,1,56,4,61,165,192,52,16,32,63,124,251,1,1,2,0,0,5,24,22,21,89,54,107,49,77,88
1533,50,15,6,11,11,5,28,13,41,30,122,81,100,167,129,224,3,0,4,3,0,4,26,0,4,26,105,4,111,124,3,2,5,5,8,19,16,7,51,49,15,12,76,53,7,187,7,12,18,42,92,7,6,7,7,6,8,0,0,1,32,28,16,58,36,57
1534,19,14,10,0,14,23,19,34,18,19,102,118,19,9,203,178,10,9,8,12,14,11,14,15,10,14,64,10,18,16,120,11,12,0,26,25,2,52,13,30,4,9,12,2,24,2,8,14,22,49,103,12,10,11,23,18,18,15,15,19,2,3,3,8,13,6
1535,16,9,8,7,15,18,29,46,24,60,46,42,51,119,51,175,4,5,1,5,4,31,38,62,55,38,23,112,121,29,212,3,6,2,31,5,4,48,21,6,55,94,127,15,155,40,1,2,3,6,17,2,2,3,1,1,1,14,24,22,16,52,19,245,167,75
1536,46,12,8,7,15,18,29,46,42,60,46,42,5,204,14,109,4,5,1,5,4,31,38,62,55,38,104,55,78,251,240,3,6,2,31,5,4,48,21,6,30,94,127,255,79,144,1,2,2,4,9,2,2,3,1,1,1,14,24,22,16,10,19,108,9,147
1537,59,11,13,5,8,29,30,31,32,35,98,32,35,223,43,144,7,12,13,21,5,29,28,22,37,127,22,37,183,69,235,9,9,9,5,17,3,23,28,17,112,22,22,216,229,20,14,28,55,109,224,4,4,4,20,20,22,11,17,17,1,5,4,102,105,53
1538,56,13,7,6,27,14,6,25,28,58,88,28,58,127,106,233,13,13,6,16,28,9,13,12,6,13,12,6,227,11,11,0,1,7,1,0,22,0,42,61,59,83,106,205,148,10,11,22,40,77,162,9,8,6,5,5,7,3,6,2,20,33,17,18,21,63
1539,40,2,9,3,16,16,25,56,37,41,15,37,69,110,19,52,8,10,7,6,7,10,56,35,41,7,70,56,24,85,6,15,15,15,3,26,26,11,5,57,119,6,13,8,177,49,9,16,26,54,115,10,5,5,16,19,24,19,21,18,49,53,50,69,74,79
1540,25,5,3,10,19,19,13,41,57,43,58,57,43,36,18,64,14,6,0,23,6,0,52,4,0,52,4,66,216,60,96,10,10,3,12,15,11,5,2,37,69,29,47,91,137,75,4,8,13,29,67,3,9,1,3,4,3,2,5,6,70,70,65,92,101,157
1541,47,2,11,2,16,16,25,56,37,41,56,94,41,110,71,120,8,10,7,27,24,6,24,18,33,24,18,33,2,166,25,15,15,15,3,26,26,11,5,57,12,55,3,10,167,175,9,16,26,54,115,10,5,5,16,19,24,19,21,18,18,17,18,3,5,4
1542,19,14,10,0,14,23,19,34,18,19,102,18,19,9,117,178,10,9,8,12,14,11,14,15,10,14,64,10,18,16,120,11,12,0,26,25,2,52,13,30,4,9,12,2,24,2,8,14,22,49,103,12,10,11,23,18,18,15,15,19,2,3,3,8,13,6
1543,46,12,8,7,15,18,29,46,42,51,46,42,51,204,86,219,4,5,1,5,4,31,38,62,55,38,75,112,4,251,240,3,6,2,31,5,4,48,21,6,30,19,122,184,79,7,1,2,2,5,14,2,2,3,1,1,1,14,24,22,16,10,19,155,9,36
1544,56,13,7,6,27,14,6,25,28,58,88,123,65,28,171,40,13,13,6,16,28,9,13,30,6,94,30,84,13,77,137,0,1,7,1,0,22,57,23,14,59,33,123,173,166,225,11,22,40,77,161,9,8,6,5,5,7,3,6,2,63,37,45,121,21,55
1545,0,3,0,1,30,1,15,59,7,38,59,86,84,73,179,129,12,2,10,31,10,30,20,25,26,20,86,98,26,33,22,6,13,4,2,3,1,29,26,5,90,50,21,120,58,71,3,7,9,18,43,0,0,0,14,12,0,18,19,8,15,18,12,9,11,8
1546,38,8,12,9,12,4,8,43,45,33,43,110,33,169,70,60,0,7,3,4,19,16,19,45,47,19,45,86,168,79,201,0,1,7,9,1,10,33,40,60,99,5,120,187,101,113,13,24,43,82,172,6,3,8,18,15,13,13,31,16,34,13,39,79,64,169
1547,26,2,11,3,2,28,31,2,6,54,115,6,116,137,102,236,8,10,7,6,7,10,60,51,63,83,51,19,139,182,101,15,15,15,13,7,24,60,9,36,78,10,6,77,73,44,9,15,24,51,107,5,5,5,6,17,6,36,10,39,29,32,30,17,48,70
1548,13,8,2,9,28,9,1,12,3,7,12,73,9,242,216,31,0,7,3,26,13,24,37,57,25,37,57,69,35,93,125,0,1,7,9,1,10,27,46,51,36,99,54,218,161,228,13,25,45,86,182,6,3,8,27,27,13,54,37,34,46,44,46,23,25,40
1549,6,6,11,2,6,30,24,24,6,8,115,6,66,140,198,202,2,7,7,27,24,6,59,63,19,60,91,77,37,55,49,0,1,7,9,7,24,60,9,36,58,85,57,132,231,215,6,11,16,33,74,5,5,5,6,17,23,36,10,39,29,32,30,112,82,38
1550,26,5,3,10,19,19,13,36,57,45,36,57,47,50,11,246,14,6,0,23,6,0,12,49,0,12,73,104,16,18,252,10,10,3,12,15,11,14,2,4,103,81,82,7,251,38,4,8,13,29,66,3,9,1,3,4,3,2,5,6,7,4,6,51,56,54
1551,59,11,13,5,8,29,3,4,50,3,104,114,98,152,91,133,7,12,13,7,23,7,5,53,20,5,115,88,177,113,53,9,9,9,0,31,15,58,16,62,48,30,68,203,142,94,14,29,56,111,228,4,4,4,2,2,2,5,30,30,3,16,21,36,14,60
1552,41,1,0,13,1,22,17,1,11,10,69,106,107,13,112,177,1,2,10,1,2,25,1,2,17,105,112,17,64,2,246,6,13,4,30,13,23,19,14,41,124,90,76,170,160,253,3,7,11,25,57,0,0,0,9,7,10,1,1,3,44,87,23,130,180,101
1553,7,8,2,4,23,4,8,12,3,52,113,103,120,205,184,214,15,14,11,0,20,3,39,47,13,118,47,13,79,12,190,0,1,7,4,1,10,63,61,35,104,0,65,242,243,178,13,24,44,85,179,6,3,8,10,15,14,41,33,46,57,48,61,85,116,43
1554,35,1,1,13,18,31,22,17,30,28,79,124,28,6,37,24,1,2,10,17,22,26,22,21,21,22,21,21,224,170,66,1,7,11,19,22,5,20,10,16,2,32,14,64,3,6,2,3,5,9,24,11,0,13,21,22,21,10,11,11,0,1,0,7,3,2
1555,29,2,9,3,2,28,31,2,34,54,114,113,89,173,45,19,8,10,7,6,7,10,48,8,56,48,8,89,55,219,67,15,15,15,13,29,31,37,41,42,16,80,116,96,31,24,9,15,25,53,110,5,5,5,6,17,6,32,10,31,36,35,36,13,12,15
1556,60,13,7,14,3,15,27,3,35,17,3,35,17,129,202,12,11,8,9,9,9,8,8,7,11,8,7,11,8,8,243,4,4,8,21,11,0,39,32,10,124,90,50,174,6,74,5,9,14,30,70,13,13,14,26,25,25,23,23,20,6,6,8,0,0,0
1557,19,14,10,0,14,23,19,34,18,19,102,18,19,9,203,178,10,9,8,12,14,11,14,15,10,14,64,10,18,16,120,11,12,0,26,25,2,52,13,30,4,9,12,2,24,2,8,14,22,49,103,12,10,11,23,18,18,15,15,19,2,3,3,8,13,6
1558,6,5,3,10,19,19,13,41,57,45,26,57,45,36,133,250,14,6,0,23,6,0,12,49,0,12,73,0,235,172,69,10,10,3,12,15,11,14,2,4,8,38,0,97,150,98,4,8,13,29,67,3,9,1,3,4,3,2,5,6,31,4,6,187,67,68
1559,11,1,1,13,5,1,9,45,5,34,44,5,38,120,211,23,12,2,10,14,30,5,63,13,38,63,25,81,128,155,104,6,13,4,2,3,1,3,22,9,27,13,58,234,248,12,13,27,52,101,212,0,0,0,4,3,0,7,2,8,67,91,70,128,115,83
1560,50,8,14,4,28,9,1,12,44,26,12,126,26,177,216,11,15,14,11,0,20,3,41,9,45,41,99,80,99,34,159,0,1,7,4,4,10,30,52,55,95,120,4,161,82,244,13,27,53,102,214,6,3,8,10,13,14,21,20,25,37,50,49,105,39,66
1561,43,10,12,8,24,26,7,28,39,13,111,39,72,161,32,53,4,11,1,20,18,19,17,14,22,17,14,22,114,26,20,14,11,7,4,4,10,62,47,28,19,87,42,40,211,136,16,31,61,121,246,15,15,15,29,30,29,34,36,32,23,24,25,26,32,28
1562,6,11,15,5,10,17,3,51,50,14,12,50,98,68,60,105,0,7,3,7,11,7,55,3,30,86,42,61,73,3,92,0,1,7,4,4,10,15,50,19,0,56,102,37,170,137,13,25,47,89,187,4,4,4,2,2,2,5,7,5,99,19,37,46,239,197
1563,4,9,8,12,13,27,20,46,24,60,46,80,67,51,236,163,9,11,5,31,26,17,40,40,49,40,40,65,217,62,248,3,6,2,15,2,28,46,54,40,71,92,49,148,71,247,1,1,1,3,4,2,2,3,22,31,16,51,53,56,71,72,78,72,66,64
1564,56,13,7,6,27,14,6,25,28,58,88,28,15,241,106,233,13,13,6,16,28,9,13,12,6,13,12,6,227,11,11,0,1,7,1,0,22,0,42,61,59,83,106,205,148,10,11,22,40,77,162,9,8,6,5,5,7,3,6,2,20,33,17,18,21,63
1565,31,0,4,15,17,2,18,53,36,59,120,90,40,154,163,171,5,4,12,11,12,12,15,38,14,15,38,14,112,147,12,15,15,15,16,30,13,18,17,22,85,62,62,31,219,152,12,23,42,81,171,5,11,10,8,8,9,9,3,15,12,9,13,34,16,18
1566,39,15,9,11,11,6,23,63,48,29,63,48,88,130,146,17,3,0,4,25,25,23,3,27,29,3,65,29,20,27,34,7,0,10,25,18,8,9,53,26,54,63,11,24,19,70,7,13,19,44,94,7,6,7,19,21,19,6,8,7,5,7,7,31,2,29
1567,3,3,7,1,30,13,15,23,60,38,108,60,118,148,150,238,13,13,6,22,28,9,51,30,24,51,78,24,189,40,116,0,1,7,1,0,22,57,11,14,83,109,67,204,11,255,13,27,52,100,208,9,8,6,5,5,7,38,32,54,85,41,73,78,80,78
1568,59,11,13,5,8,29,30,31,32,35,31,32,35,223,162,167,7,12,13,21,5,29,28,22,37,127,22,37,183,69,235,9,9,9,5,17,3,23,28,17,23,34,64,146,191,177,14,29,56,110,226,4,4,4,20,20,22,11,17,17,1,5,4,135,7,125
1569,13,8,2,4,28,9,1,12,3,52,76,103,86,162,114,214,15,14,11,0,20,3,39,9,45,89,9,83,131,238,29,0,1,7,4,1,10,30,52,55,39,124,46,110,128,169,3,7,11,22,50,6,3,8,10,13,14,10,11,25,78,88,49,174,189,178
1570,52,8,2,9,12,4,8,52,45,7,83,73,1,170,72,209,0,7,3,26,13,24,37,20,53,37,121,116,127,93,245,0,1,7,9,1,10,42,35,43,10,67,43,149,121,217,13,24,43,83,175,6,3,8,18,15,13,55,37,51,72,63,53,47,58,141
1571,30,11,13,5,8,29,3,4,32,3,78,95,85,152,135,241,7,12,13,7,23,7,5,53,20,64,114,20,177,38,53,9,9,9,0,31,15,58,16,62,48,30,68,203,142,94,14,29,57,114,233,4,4,4,2,2,2,29,30,30,3,16,21,87,14,13
1572,53,2,14,3,23,21,4,49,33,55,49,83,116,4,66,74,15,14,11,0,20,3,41,9,45,41,99,43,61,248,194,0,1,7,4,4,10,5,1,37,31,100,8,71,82,231,9,18,30,58,124,6,10,12,24,26,17,43,39,35,40,85,52,137,128,121
1573,55,1,0,13,1,22,17,45,5,34,112,5,82,64,4,221,12,2,10,14,30,5,63,13,38,63,90,38,244,15,244,6,13,4,2,3,1,3,22,9,11,86,18,249,86,191,3,4,6,11,27,0,0,0,4,3,0,20,2,0,83,81,64,90,51,103
1574,60,13,7,14,3,15,27,3,35,17,3,35,17,113,189,140,11,8,9,9,9,8,8,7,11,8,7,11,8,8,243,4,4,8,21,11,0,39,32,10,20,18,50,17,5,33,5,9,14,30,69,13,13,14,26,25,25,23,23,20,6,6,8,0,0,0
1575,57,7,5,8,25,3,2,37,2,21,97,111,75,46,97,151,6,3,2,10,17,21,34,55,31,4,6,9,221,46,36,12,8,1,7,9,14,44,37,44,18,1,16,136,202,221,16,32,64,126,254,1,1,2,0,0,4,17,13,10,56,12,11,65,114,61
1576,24,4,14,3,31,7,4,38,59,23,38,52,23,128,6,59,8,15,14,18,16,13,18,17,16,18,17,16,14,14,13,5,3,6,23,6,20,25,30,7,21,25,53,108,91,142,9,17,27,55,118,14,14,12,28,28,27,31,34,29,13,11,14,1,1,1
1577,41,1,0,13,1,22,17,44,11,12,44,112,10,13,112,177,1,2,10,1,2,25,10,2,38,65,112,117,191,89,138,6,13,4,30,13,23,19,58,41,3,7,59,16,210,253,3,4,6,12,31,0,0,0,9,7,10,1,1,3,81,87,23,93,96,101
1578,31,0,4,15,21,2,18,16,36,56,16,90,104,71,139,180,5,4,12,11,12,12,46,60,48,123,60,97,165,158,147,15,15,15,4,4,10,10,58,4,25,107,86,123,87,65,12,23,41,78,163,5,11,10,8,8,9,37,3,37,21,26,33,174,41,178
1579,43,0,4,15,17,2,18,53,36,59,75,90,81,154,204,154,5,4,12,11,12,12,15,38,14,15,38,121,150,191,61,15,15,15,16,30,13,12,56,52,88,118,73,57,88,106,13,25,48,91,190,5,11,10,8,8,9,9,46,15,79,75,76,70,87,81
1580,46,9,8,7,15,18,29,46,42,51,46,42,67,119,236,163,4,5,1,5,4,31,38,62,55,38,23,55,121,29,212,3,6,2,31,5,4,48,21,6,30,94,127,22,79,93,1,2,2,5,13,2,2,3,1,1,1,14,24,22,16,10,19,25,9,36
1581,17,11,13,5,8,29,30,31,32,52,31,119,52,223,193,167,7,12,13,21,5,29,28,22,37,28,22,87,183,69,235,9,9,9,5,17,3,23,28,17,107,57,77,244,131,99,14,28,55,107,221,4,4,4,20,20,22,11,17,17,1,5,4,135,7,125
1582,18,2,14,3,2,21,4,49,10,26,71,126,26,156,108,32,8,14,11,26,31,24,62,58,3,62,43,103,220,68,185,0,1,7,4,4,10,5,1,37,31,22,76,221,82,32,9,18,32,63,136,6,10,12,24,26,17,52,39,35,108,71,52,139,143,138
1583,42,2,9,3,2,28,26,15,54,49,15,89,101,228,19,15,8,10,7,6,7,10,7,34,7,7,70,56,232,159,198,15,15,15,4,29,31,36,1,0,97,15,103,50,242,95,9,15,23,50,106,5,5,5,6,24,6,30,18,24,24,30,20,24,24,21
1584,41,1,0,13,1,22,17,1,11,10,1,106,10,13,161,142,1,2,10,1,2,25,1,2,17,105,2,17,1,109,208,6,13,4,30,13,23,19,14,41,17,39,107,79,105,245,3,7,11,23,53,0,0,0,9,7,10,1,1,3,22,0,2,73,145,123
1585,28,12,8,7,15,18,12,32,20,61,30,16,61,34,164,65,4,5,1,5,4,15,21,50,62,103,50,62,210,96,213,3,6,2,15,2,28,1,25,29,37,90,98,189,195,16,1,2,4,8,20,2,2,3,1,1,1,33,28,38,8,20,10,48,50,24
1586,6,2,9,3,2,28,31,2,34,54,15,113,69,137,80,19,8,10,7,6,7,10,56,35,41,7,70,56,24,85,6,15,15,15,13,29,31,10,58,4,119,6,13,8,177,49,9,15,25,52,109,5,5,5,6,17,6,32,10,31,49,53,50,69,74,79
1587,24,4,14,2,31,7,4,38,52,23,116,120,70,176,166,157,8,15,14,18,16,13,18,17,16,18,17,16,14,14,13,5,3,6,23,6,20,25,30,7,21,106,52,13,114,118,9,17,27,55,117,14,14,12,28,28,27,31,34,29,13,11,14,1,1,1
1588,54,13,7,6,27,14,6,20,60,58,74,14,79,138,42,4,13,13,6,22,8,22,51,30,24,51,78,24,75,202,116,0,1,7,1,0,22,57,11,14,116,70,104,230,145,63,13,27,52,101,209,9,8,6,5,5,7,38,32,2,64,41,54,86,78,106
1589,38,8,7,9,7,4,5,52,45,33,119,115,65,139,128,71,13,13,6,16,28,9,49,30,57,49,110,57,84,160,80,0,1,7,4,4,10,57,23,14,96,2,2,99,143,134,13,26,50,97,203,9,8,6,22,5,7,60,59,60,77,68,92,149,65,196
1590,51,12,8,7,15,18,12,32,16,61,32,16,61,203,64,47,4,5,1,5,4,15,21,50,62,103,92,62,249,207,50,3,6,2,31,5,4,1,25,29,122,8,71,207,111,218,1,2,4,7,18,2,2,3,1,9,1,33,28,38,8,20,10,56,107,24
1591,33,5,3,10,19,19,13,41,27,43,41,27,47,50,248,25,14,6,0,23,6,0,12,49,0,12,73,0,255,192,218,10,10,3,12,15,11,14,2,4,126,79,114,12,109,119,4,8,13,29,65,3,9,1,3,4,3,2,5,6,66,69,66,220,68,59
1592,23,7,5,9,12,4,5,43,45,33,37,45,108,18,191,216,0,7,3,4,19,16,19,45,47,19,45,86,144,13,250,0,1,7,9,1,10,33,40,60,99,5,120,181,162,148,13,24,43,82,173,6,3,8,18,15,13,13,31,16,25,13,41,79,64,96
1593,2,3,10,4,22,8,10,8,43,62,86,43,113,38,130,62,15,1,11,15,1,20,9,1,50,9,1,18,198,105,30,0,1,7,10,20,6,32,49,54,109,75,48,68,125,189,10,20,36,71,151,8,12,9,11,23,11,12,14,13,4,2,5,14,72,22
1594,20,6,7,2,26,30,14,24,14,8,96,79,8,16,189,201,2,6,15,19,15,18,32,16,15,98,16,111,103,121,232,0,1,7,9,4,10,10,58,4,126,79,90,105,201,120,6,11,16,33,76,3,7,1,26,25,25,23,23,20,6,6,8,106,196,191
1595,41,1,0,13,1,22,17,1,11,10,1,106,95,197,112,143,1,2,10,1,2,25,1,2,17,105,2,17,134,2,59,6,13,4,30,13,23,19,14,41,17,39,107,170,210,51,3,4,6,12,29,0,0,0,9,7,10,1,1,3,22,0,2,130,223,103
1596,53,9,8,12,13,27,12,30,24,60,30,85,60,79,87,48,4,5,1,5,4,31,6,23,36,6,82,36,170,134,178,3,6,2,15,2,28,10,58,37,121,100,8,58,124,159,9,18,30,59,126,2,2,3,1,1,1,8,50,14,68,67,67,80,70,105
1597,28,9,8,7,13,27,12,30,20,61,30,20,61,34,40,139,4,5,1,5,4,31,6,23,36,6,82,36,236,5,254,3,6,2,15,2,28,1,12,50,37,42,98,67,34,220,1,2,4,7,18,2,2,3,12,9,12,8,28,14,8,20,22,54,50,207
1598,11,1,1,13,5,25,9,44,1,34,126,1,34,125,175,221,12,2,10,14,30,5,63,13,38,63,90,38,53,58,186,6,13,4,2,3,1,3,22,9,27,13,58,206,204,17,3,6,8,17,42,0,0,0,4,3,0,7,2,0,27,82,23,168,131,171
1599,36,9,8,12,24,20,29,46,42,11,46,80,51,105,230,53,4,11,1,20,18,19,17,14,22,17,14,22,114,26,20,0,1,7,4,4,10,62,47,28,19,87,42,40,158,136,16,31,61,121,246,15,15,15,29,30,29,34,36,32,23,24,25,26,32,28
1600,32,6,11,2,20,12,11,19,4,22,19,4,109,82,9,85,2,6,15,2,15,18,2,44,46,2,44,46,100,4,27,13,14,13,11,21,21,40,33,31,60,117,30,241,32,25,6,10,15,31,72,3,7,1,13,14,15,16,16,12,9,8,9,2,4,12
1601,0,3,0,1,30,13,15,23,7,38,108,7,84,73,68,129,12,2,10,31,10,30,20,25,26,20,86,98,26,33,22,6,13,4,2,3,1,29,26,5,90,50,21,88,226,71,3,7,9,20,46,0,0,0,14,12,0,18,19,8,15,18,12,9,11,8
1602,25,5,3,10,19,19,13,41,57,45,41,57,45,59,133,250,14,6,0,23,6,0,12,49,0,12,73,0,235,172,69,10,10,3,12,15,11,14,2,4,8,38,0,97,150,98,4,8,13,29,67,3,9,1,3,4,3,2,5,6,7,4,6,187,67,68
1603,45,10,5,8,4,26,7,57,13,44,28,67,44,234,206,18,6,3,2,30,3,2,4,52,9,92,52,68,63,17,220,12,8,1,18,27,18,31,4,58,56,24,56,165,192,52,16,32,63,124,251,1,1,2,0,0,5,24,22,21,17,27,15,160,77,88
1604,23,7,5,8,25,3,2,55,29,21,97,29,110,90,207,140,6,3,2,10,17,21,33,39,60,79,72,123,133,205,127,12,8,1,7,9,14,59,44,63,106,36,78,251,77,143,9,18,28,56,120,1,1,2,0,0,4,50,9,9,62,62,31,55,61,58
1605,1,3,2,4,0,9,16,39,62,9,80,77,79,201,237,223,15,14,11,29,8,27,25,48,39,25,74,39,90,83,214,0,1,7,4,4,10,61,35,39,91,70,63,138,165,132,13,27,52,101,212,9,8,6,30,5,26,38,32,43,116,41,54,206,78,194
1606,14,2,9,3,2,28,0,15,56,54,15,54,69,252,140,186,8,10,7,6,7,10,36,35,63,36,119,108,222,208,192,0,1,7,4,4,10,10,58,4,124,90,76,71,151,253,7,13,21,48,100,13,5,14,26,25,25,23,23,20,49,53,50,69,74,79
1607,7,10,12,9,12,4,8,43,45,33,43,110,33,169,70,114,0,7,3,4,19,16,44,29,47,44,29,2,151,74,16,8,2,12,9,1,10,53,34,33,99,5,120,147,101,113,13,24,43,83,174,1,3,8,18,11,13,13,31,16,34,13,39,21,30,31
1608,5,6,11,2,16,16,25,56,37,41,56,94,41,110,71,120,8,10,7,27,24,6,24,18,33,24,18,33,2,166,25,15,15,15,3,26,26,11,5,57,12,55,3,23,59,139,6,11,17,37,84,10,5,5,16,19,24,19,21,18,18,17,18,3,5,4
1609,59,11,15,5,10,17,3,51,50,14,104,69,98,217,193,203,7,12,13,7,23,7,55,3,61,5,115,88,7,164,8,9,9,9,0,31,15,15,50,19,0,103,29,37,247,88,14,29,57,113,230,4,4,4,2,2,2,5,7,5,11,19,37,101,233,163
1610,15,1,0,13,1,22,17,1,11,10,1,106,82,1,112,177,1,2,10,1,2,25,1,2,17,105,2,17,134,2,113,6,13,4,30,13,23,19,14,41,81,86,124,222,17,185,3,4,6,12,29,0,0,0,9,7,10,1,1,3,55,0,2,177,45,112
1611,51,12,8,7,15,18,12,27,16,32,64,24,73,181,131,118,4,5,1,5,4,15,21,5,12,113,62,12,124,39,200,3,6,2,31,5,4,21,0,23,55,127,5,139,217,246,1,2,3,6,15,2,2,3,1,1,1,4,4,4,10,25,1,45,20,37
1612,12,13,7,6,27,14,6,20,60,58,74,123,79,132,42,4,13,13,6,22,8,22,51,30,24,51,78,24,75,202,116,0,1,7,1,0,22,57,11,14,116,70,104,230,145,63,13,27,52,101,209,9,8,6,5,5,7,38,32,2,64,41,54,86,78,106
1613,31,0,4,15,17,2,18,47,36,25,83,68,63,207,222,11,5,4,12,11,12,12,15,38,14,15,38,121,150,191,61,15,15,15,16,30,13,10,58,4,57,112,102,253,184,251,13,25,48,92,192,5,11,10,8,8,9,9,3,15,12,9,13,107,94,122
1614,45,7,5,8,4,26,7,57,13,44,57,13,44,234,223,18,6,3,2,30,3,2,4,6,9,4,71,120,5,241,28,12,8,1,18,4,18,10,58,4,124,90,76,71,160,100,16,32,63,124,250,1,1,2,0,0,5,24,22,21,90,76,94,124,106,167
1615,62,10,12,8,4,26,7,9,38,27,9,76,105,198,115,16,6,3,2,24,3,28,27,31,40,74,66,100,27,25,38,8,2,12,28,23,12,28,36,11,62,45,39,52,112,85,16,32,64,125,252,1,1,2,15,11,5,26,27,27,74,23,72,41,60,49
1616,19,14,10,0,14,23,19,21,18,19,21,18,19,250,194,54,10,9,8,12,14,11,14,15,10,14,64,10,117,177,10,11,12,0,26,25,2,45,7,8,51,16,24,106,67,13,8,14,22,49,102,12,10,11,23,18,18,15,15,19,2,3,3,22,37,26
1617,23,7,5,8,25,3,2,33,29,21,33,2,21,238,207,45,6,3,2,10,17,21,33,39,60,67,71,123,223,57,5,12,8,1,7,9,14,10,58,63,34,53,94,154,171,92,9,18,29,57,123,1,1,2,0,0,4,17,9,10,98,112,63,110,118,97
1618,24,4,14,3,31,7,4,38,59,23,116,59,23,128,127,240,8,15,14,18,16,13,18,17,16,18,17,16,200,14,13,5,3,6,23,6,20,25,30,7,21,106,52,78,95,105,9,17,27,55,116,14,14,12,28,28,27,31,34,29,13,11,14,1,1,1
1619,43,0,4,15,0,2,16,52,25,7,75,73,81,242,227,92,0,7,3,26,13,24,37,57,25,37,57,69,35,32,233,0,1,7,9,4,10,27,46,51,36,99,54,218,161,228,13,25,45,86,180,10,3,8,27,27,13,54,37,34,46,44,46,23,25,40
1620,42,2,9,3,2,28,26,6,54,49,6,89,101,228,197,15,8,10,7,6,7,10,7,34,7,68,87,7,34,7,85,15,15,15,4,29,31,36,1,0,97,15,103,50,242,95,9,15,23,50,106,5,5,5,6,24,6,30,18,24,24,30,20,24,24,21
1621,41,2,0,3,1,22,17,1,11,10,69,112,107,210,83,148,1,2,10,1,2,25,1,2,17,105,2,17,209,229,59,6,13,4,30,13,23,19,14,41,1,102,95,75,200,214,9,18,28,56,120,0,0,0,9,7,10,1,1,3,44,0,2,143,17,41
1622,8,12,8,7,15,18,29,27,42,11,10,42,11,243,154,134,4,5,1,5,4,31,6,23,36,6,82,36,236,134,254,3,6,2,31,5,4,10,58,4,124,19,122,248,220,125,1,2,2,4,6,2,2,3,1,1,1,33,28,4,88,25,77,118,166,209
1623,47,6,11,2,16,16,25,56,37,41,56,94,121,110,71,120,8,10,7,27,24,6,24,18,33,24,18,33,2,166,25,15,15,15,3,26,26,11,5,57,12,55,3,10,167,175,9,16,26,54,115,10,5,5,16,19,24,19,21,18,18,17,18,158,165,120
1624,13,8,2,4,0,9,16,39,62,14,39,77,114,199,216,203,15,14,11,0,20,3,0,9,45,41,99,53,166,43,203,0,1,7,4,4,10,30,52,55,124,90,76,161,160,253,13,27,52,101,212,6,3,8,10,13,14,21,20,25,57,108,37,101,158,170
1625,36,3,2,4,0,9,16,39,61,52,39,68,52,98,98,170,15,14,11,29,29,27,30,33,32,96,33,32,33,198,157,0,1,7,4,4,10,10,58,4,124,90,76,71,160,253,13,26,49,93,193,8,3,9,10,13,11,40,38,36,61,38,47,214,219,225
1626,15,15,6,11,11,0,28,11,0,57,122,0,100,231,56,193,3,0,4,3,0,4,26,0,4,26,105,90,111,0,139,2,5,5,8,19,16,7,51,49,22,46,44,54,7,187,7,12,18,42,92,7,6,7,7,6,8,0,0,1,32,28,16,39,95,35
1627,4,9,1,12,7,25,5,29,22,48,29,22,48,105,230,107,12,2,10,14,21,17,29,61,35,29,61,35,38,71,42,6,13,4,29,24,27,47,55,15,14,58,115,166,61,26,3,5,7,13,33,0,0,0,22,3,16,27,29,26,30,31,29,6,6,5
1628,22,13,7,9,29,14,14,62,63,15,62,63,119,239,52,218,13,13,6,22,8,22,23,24,28,23,24,28,31,23,24,0,1,7,6,10,9,8,18,20,28,74,32,176,237,78,11,21,38,74,156,9,8,6,27,27,30,39,41,41,33,34,35,10,8,10
1629,6,5,3,10,6,19,0,36,57,16,71,97,16,237,187,0,2,6,15,2,15,18,52,4,15,108,79,73,190,86,86,10,10,3,12,15,11,14,2,4,94,96,101,28,180,79,9,18,31,61,130,3,9,1,3,4,3,2,58,52,93,98,100,114,120,108
1630,53,6,12,9,12,30,14,16,45,7,37,73,9,179,75,31,0,7,3,26,13,24,37,57,25,37,57,69,35,32,125,0,1,7,9,1,10,27,46,51,36,99,54,71,160,228,13,25,45,86,182,10,3,8,27,27,13,54,37,34,46,44,46,23,25,40
1631,19,14,10,0,14,23,19,34,18,19,102,18,19,9,203,178,10,9,8,12,14,11,14,15,10,14,64,10,18,16,120,11,12,0,26,25,2,52,13,30,4,9,12,2,24,2,8,14,22,49,103,12,10,11,23,18,18,15,15,19,2,3,3,8,13,6
1632,52,3,14,4,23,21,16,39,10,26,39,126,26,23,47,213,15,14,11,29,8,27,25,48,39,85,74,113,238,240,249,0,1,7,4,4,10,61,35,39,50,20,45,71,36,200,13,27,51,98,206,6,7,11,30,10,26,47,45,43,38,43,40,209,99,211
1633,41,9,0,3,1,22,17,1,11,10,69,106,10,197,41,142,1,2,10,1,2,25,1,2,17,105,2,17,1,109,208,6,13,4,30,13,23,19,14,41,17,39,107,79,105,245,3,4,6,10,25,0,0,0,9,7,10,1,1,3,22,0,2,73,17,123
1634,20,7,5,8,25,3,7,57,2,6,57,111,75,8,206,239,6,3,2,30,3,2,4,6,9,4,6,9,221,46,36,12,8,1,18,27,18,17,37,1,56,4,61,136,102,210,15,30,60,119,244,1,1,2,0,0,5,24,22,21,89,54,107,49,111,135
1635,31,0,4,6,17,2,18,53,36,59,53,90,104,91,163,171,5,4,12,11,12,12,15,38,14,15,38,121,150,191,61,15,15,15,16,30,13,18,17,22,32,62,76,219,136,21,3,7,11,23,53,5,11,10,8,8,9,9,3,15,12,9,13,103,93,18
1636,33,5,3,10,19,19,13,41,27,42,36,27,42,50,11,25,14,6,0,23,6,0,12,49,0,12,73,0,255,192,218,10,10,3,12,15,11,14,2,4,126,79,114,25,194,130,4,8,13,28,64,3,9,1,3,4,3,2,5,6,66,69,66,220,68,59
1637,23,7,5,8,25,3,2,55,29,21,55,29,110,90,207,140,6,3,2,10,17,21,33,39,60,79,72,123,251,205,127,12,8,1,7,9,14,59,44,63,106,36,78,251,77,219,15,30,58,116,238,1,1,2,0,0,4,50,9,9,62,62,31,55,61,58
1638,3,1,0,13,1,22,17,60,11,10,60,112,107,202,190,172,1,2,10,1,2,25,10,2,49,73,88,117,161,183,121,6,13,4,30,13,23,19,14,41,3,7,59,213,168,47,3,7,11,25,56,0,0,0,9,7,10,1,1,3,117,93,68,138,97,127
1639,63,8,14,4,23,21,1,49,44,55,103,34,64,195,245,74,15,14,11,29,20,27,41,9,45,125,9,80,158,146,64,0,1,7,4,4,10,5,1,37,121,100,8,71,82,8,9,18,30,58,124,6,10,8,24,26,17,56,50,45,68,67,67,80,70,105
1640,21,9,2,12,9,20,20,61,12,39,103,66,111,20,17,27,9,11,5,13,26,1,11,37,1,99,94,70,12,112,182,0,1,7,20,20,25,10,58,4,124,28,1,71,26,19,1,1,1,3,5,2,3,9,17,16,20,25,33,23,42,64,60,52,29,226
1641,41,1,0,13,1,22,17,44,11,10,69,106,95,13,161,142,1,2,10,1,2,25,1,2,17,105,2,17,1,109,208,6,13,4,30,13,23,19,14,41,17,39,107,79,105,245,3,7,11,25,57,0,0,0,9,7,10,1,1,3,22,0,2,73,145,123
1642,53,9,14,12,23,27,4,49,20,26,49,87,64,195,245,95,4,5,1,28,4,1,61,37,1,61,102,1,85,41,1,0,1,7,15,2,28,5,1,37,31,28,1,14,82,32,1,2,2,4,7,2,2,3,12,9,12,41,28,47,53,104,52,148,228,109
1643,59,11,13,5,8,29,30,31,32,35,65,32,35,106,162,75,7,12,13,21,5,29,28,22,37,28,22,87,22,226,26,9,9,9,5,17,3,23,28,17,23,27,22,185,159,194,14,28,55,107,221,4,4,4,20,20,22,11,17,17,1,5,4,4,7,7
1644,56,3,7,1,7,13,5,29,60,48,99,60,48,69,181,42,12,2,10,31,21,17,53,28,35,82,28,85,98,151,88,6,13,4,29,24,27,57,23,14,93,65,88,133,61,87,3,5,7,14,35,0,0,6,22,29,16,27,29,26,73,90,80,84,81,91
1645,35,1,1,13,18,31,22,17,47,28,79,105,28,6,67,24,1,2,10,17,22,26,22,21,21,22,21,21,206,170,66,1,7,11,19,22,5,20,10,16,66,43,92,62,178,230,2,3,5,9,24,11,0,13,21,22,21,10,11,11,0,1,0,150,3,2
1646,62,10,5,8,4,26,7,55,38,27,55,66,18,86,217,27,6,3,2,10,17,21,33,39,60,27,71,60,82,101,126,12,8,1,4,4,10,10,58,4,47,48,83,60,22,161,3,7,11,22,51,1,1,2,0,0,5,24,22,21,89,54,107,212,194,202
1647,27,6,11,2,26,12,0,24,17,26,89,56,68,30,84,2,8,10,7,6,7,10,36,35,63,114,119,108,10,136,76,0,1,7,4,4,10,16,48,59,38,35,55,202,213,227,9,18,32,63,132,3,7,1,13,14,15,44,52,59,84,83,82,88,90,84
1648,50,8,14,4,28,9,1,12,44,63,12,126,86,87,126,190,15,14,11,0,20,3,41,9,45,125,9,80,158,146,64,0,1,7,4,4,10,30,52,55,80,126,93,84,66,248,7,13,21,47,98,6,3,8,10,13,14,21,20,45,37,73,81,125,89,114
1649,22,3,2,9,0,13,16,52,25,7,52,73,122,219,75,196,0,7,3,26,13,24,37,57,25,37,120,69,214,32,72,0,1,7,9,4,10,27,46,51,36,99,54,218,161,228,13,25,45,86,180,10,3,8,27,27,13,54,37,34,46,44,46,23,25,40
1650,28,12,8,7,15,18,29,32,20,61,32,104,61,203,14,253,4,5,1,5,4,15,21,50,62,103,92,62,60,145,123,3,6,2,31,5,4,1,25,29,122,8,71,22,79,144,1,2,2,5,14,2,2,3,1,1,1,33,28,22,16,20,10,25,9,36
1651,62,10,12,8,4,26,7,9,38,27,121,38,6,254,118,122,6,3,2,24,3,28,27,31,40,102,107,40,169,127,142,8,2,12,22,8,29,24,20,46,70,98,40,27,46,15,16,32,64,128,256,1,1,2,15,11,5,26,27,27,58,23,84,75,62,48
1652,46,12,8,7,15,18,12,27,16,32,64,24,32,76,131,194,4,5,1,5,4,15,21,5,12,21,5,12,113,140,155,3,6,2,31,5,4,21,0,23,55,127,5,15,217,246,1,2,3,6,17,2,2,3,1,1,1,4,4,4,10,25,1,61,126,75
1653,44,10,12,8,4,26,21,35,38,31,35,38,6,44,118,20,6,3,2,24,3,28,27,31,40,102,107,40,107,52,118,8,2,12,24,16,17,41,59,12,56,4,61,158,49,192,16,32,64,128,256,1,1,2,15,11,5,35,25,33,28,22,24,5,10,3
1654,8,12,8,7,15,18,12,32,16,61,32,16,73,192,64,90,4,5,1,5,4,15,21,5,12,21,5,12,113,140,155,3,6,2,31,5,4,21,0,23,114,90,71,33,35,174,1,2,4,7,19,2,2,3,1,1,1,4,4,4,10,21,1,45,38,76
1655,43,0,4,15,0,2,18,23,60,40,75,60,81,148,147,154,13,2,10,8,10,22,51,56,24,91,56,71,48,48,81,0,1,7,4,4,10,57,11,52,83,109,67,18,76,86,13,27,52,100,208,9,8,6,5,5,7,38,32,54,85,41,73,78,80,78
1656,48,15,6,11,11,5,28,13,0,24,13,81,24,167,129,66,3,0,4,25,25,23,3,27,29,66,117,4,230,143,143,2,5,5,17,14,19,7,51,49,64,84,41,114,25,155,7,13,20,45,95,7,6,7,19,21,19,6,8,7,69,61,71,38,31,20
1657,32,6,11,2,20,12,11,19,4,22,19,4,22,16,205,85,2,6,15,2,15,18,2,44,46,2,44,46,44,103,27,13,14,13,11,21,21,40,33,31,60,117,30,71,32,25,13,27,54,105,218,3,7,1,13,14,15,16,16,12,9,8,9,2,4,12
1658,14,10,12,8,4,26,7,9,58,27,121,58,27,22,111,151,6,3,2,24,3,28,27,31,40,102,107,40,107,52,118,12,8,1,18,4,18,10,58,4,5,104,81,85,208,31,16,32,64,126,254,1,1,2,15,0,5,26,27,27,58,23,56,65,225,61
1659,54,6,7,3,26,28,14,15,14,26,103,109,24,75,195,217,2,6,15,2,15,18,57,36,44,57,36,44,49,50,43,0,1,7,4,4,10,10,58,4,13,52,51,26,45,28,13,27,54,105,217,13,13,14,26,25,25,57,60,63,119,115,111,185,173,177
1660,59,11,15,5,10,17,3,51,50,14,104,50,114,114,242,251,7,12,13,7,23,7,55,3,61,81,124,61,73,3,149,9,9,9,0,31,15,15,50,19,0,56,121,37,241,223,14,29,57,113,231,4,4,4,2,2,2,5,7,5,94,77,37,101,104,102
1661,62,10,12,8,4,26,7,9,38,27,9,76,105,198,115,16,6,3,2,24,3,28,27,31,40,74,66,100,27,25,38,8,2,12,28,23,12,28,36,11,62,45,39,52,112,85,16,32,64,125,252,1,1,2,15,11,5,26,27,27,74,23,72,41,60,49
1662,32,6,11,2,20,12,11,19,4,22,19,4,22,111,54,85,2,6,15,2,15,18,2,44,46,2,44,46,100,4,27,13,14,13,11,21,21,40,33,31,86,108,72,66,15,129,6,10,15,31,72,3,7,1,13,14,15,16,16,12,9,8,9,2,4,12
1663,32,6,11,2,20,12,11,19,17,22,19,17,117,82,205,29,2,6,15,2,15,18,2,44,46,2,44,46,100,4,27,13,14,13,11,21,21,40,33,31,60,117,30,241,32,25,6,10,15,31,72,3,7,1,13,14,15,16,16,12,9,8,9,2,4,30
1664,63,8,15,9,28,9,1,51,21,7,25,73,63,242,75,31,0,7,3,26,13,24,37,57,25,37,57,69,127,93,245,0,1,7,4,1,10,27,46,51,36,99,54,137,161,252,13,27,54,104,216,4,3,8,27,27,13,54,37,34,46,44,46,23,25,40
1665,1,14,10,0,14,9,16,14,10,36,34,119,52,180,98,234,15,14,11,26,31,24,62,43,42,70,67,42,246,88,179,0,1,7,4,4,10,10,58,37,107,57,109,93,84,145,13,26,49,93,193,12,10,11,23,18,18,59,54,58,80,80,59,119,102,100
1666,62,10,12,8,18,31,22,17,47,28,79,47,18,86,217,24,1,2,10,17,22,26,22,21,21,112,21,122,67,24,21,1,7,11,19,22,5,20,10,16,47,48,83,60,22,161,3,7,11,22,51,11,0,13,21,22,21,10,11,11,0,1,0,212,194,202
1667,47,2,14,3,16,16,25,56,37,41,15,37,54,150,141,52,8,10,7,27,24,6,56,18,41,56,123,127,102,91,145,15,15,15,4,4,26,10,1,4,119,6,13,8,177,49,9,16,26,54,115,10,5,5,16,19,24,19,21,18,49,53,50,69,74,113
1668,32,6,11,2,20,12,11,19,4,22,19,4,22,111,205,201,2,6,15,2,15,18,2,44,46,2,44,46,100,4,27,13,14,13,11,21,21,40,33,31,60,117,30,241,32,25,6,10,15,31,72,3,7,1,13,14,15,16,16,12,9,8,9,2,4,12
1669,39,15,9,11,11,6,28,50,46,24,77,46,74,213,136,245,3,0,4,25,25,23,3,27,29,3,113,102,91,92,75,7,0,10,17,14,19,43,24,32,29,61,34,128,10,101,7,13,20,46,96,7,6,7,19,21,19,6,8,7,69,61,71,38,31,20
1670,36,9,8,12,15,18,29,46,42,60,46,104,67,119,236,163,4,5,1,5,4,31,38,62,55,38,104,55,78,186,102,3,6,2,31,5,4,48,21,6,52,110,99,48,48,18,1,2,2,5,12,2,2,3,1,1,1,14,24,22,86,10,99,127,123,95
1671,60,13,7,14,3,15,27,3,35,17,3,35,17,74,7,12,11,8,9,9,9,8,8,7,11,8,7,11,8,8,209,4,4,8,21,11,0,39,32,10,20,18,50,174,6,74,5,9,14,30,70,13,13,14,26,25,25,23,23,20,6,6,8,0,0,0
1672,13,8,0,1,23,1,15,59,7,38,103,86,84,210,101,95,12,2,10,31,10,17,10,46,49,109,96,49,42,178,202,0,1,7,4,4,10,10,58,37,124,28,76,71,160,253,9,18,28,56,120,6,0,3,14,12,12,41,33,47,116,119,115,244,218,220
1673,25,8,14,4,23,21,1,12,44,55,12,3,25,122,216,11,15,14,11,0,20,3,41,9,45,41,99,80,99,176,111,0,1,7,4,1,10,30,52,55,95,120,4,161,169,244,13,27,53,102,214,6,3,8,10,13,14,21,20,25,37,50,49,105,39,66
1674,17,11,15,4,10,17,16,51,50,14,40,50,124,91,225,251,7,12,13,7,11,7,55,3,30,81,42,61,73,3,31,0,1,7,0,4,15,10,23,37,0,56,121,37,170,223,9,18,29,57,121,4,4,4,2,2,2,49,57,44,77,123,37,101,158,98
1675,21,9,8,12,13,27,12,30,24,53,123,85,53,193,87,189,4,5,1,5,4,31,6,23,36,6,82,36,248,255,32,3,6,2,15,2,28,1,12,50,37,42,26,67,34,220,1,1,1,1,1,2,2,3,12,9,12,8,12,14,19,15,22,43,23,14
1676,3,1,0,13,1,22,17,1,11,10,1,106,82,109,229,177,1,2,10,1,2,25,10,2,49,65,112,117,241,232,17,6,13,4,30,13,23,19,14,41,124,90,76,229,17,111,3,4,6,11,28,0,0,0,9,7,10,1,1,3,55,100,2,35,45,112
1677,48,15,6,11,11,5,28,22,9,30,22,127,30,206,231,33,3,0,4,3,0,4,26,0,4,106,0,90,129,174,71,2,5,5,8,19,16,51,8,13,73,51,23,100,60,39,7,12,18,42,91,7,6,7,7,6,8,0,0,1,26,14,26,64,49,23
1678,9,15,9,11,11,6,23,13,48,29,63,48,88,80,129,17,3,0,4,25,25,23,3,27,29,3,27,102,212,92,242,7,0,10,25,18,8,9,53,26,54,63,11,24,19,70,7,13,19,44,94,7,6,7,19,21,19,6,8,7,5,7,7,31,2,29
1679,47,6,11,2,16,16,25,56,37,41,56,37,121,55,61,208,8,10,7,27,24,6,24,18,33,24,18,33,2,166,25,15,15,15,3,26,26,11,5,57,12,55,3,23,59,139,9,16,26,54,115,10,5,5,16,19,24,19,21,18,18,17,18,3,5,4
1680,26,5,3,10,19,19,13,36,57,45,36,57,47,50,11,246,14,6,0,23,6,0,12,49,0,12,73,104,16,18,252,10,10,3,12,15,11,14,2,4,103,81,82,7,251,38,4,8,13,29,66,3,9,1,3,4,3,2,5,6,7,4,6,51,56,54
1681,7,10,12,9,12,4,21,43,40,31,70,110,96,190,70,114,0,7,3,4,19,16,44,29,47,44,29,2,151,74,16,8,2,12,24,16,17,53,34,33,124,90,76,147,65,113,16,32,62,122,247,1,3,8,18,11,13,13,25,16,34,13,39,21,30,31
1682,31,0,4,15,17,2,18,53,36,59,120,90,40,62,163,171,5,4,12,11,12,12,15,38,14,15,38,14,112,147,12,15,15,15,16,30,13,18,17,22,85,62,62,31,219,152,12,23,42,81,171,5,11,10,8,8,9,9,3,15,12,9,13,29,16,18
1683,13,8,2,4,28,9,1,12,3,63,76,3,86,163,114,170,15,14,11,0,20,3,41,9,45,89,9,83,131,238,29,0,1,7,4,1,10,30,52,55,39,124,46,161,160,8,13,27,53,102,213,6,3,8,10,13,14,21,20,25,78,88,49,180,100,107
1684,16,1,0,12,1,22,17,1,11,10,94,106,107,197,161,142,6,3,2,10,17,21,27,31,60,27,71,60,179,179,176,3,6,2,4,4,10,10,58,4,124,90,76,71,105,100,3,7,11,24,55,2,2,3,9,7,10,58,9,9,123,122,117,211,190,205
1685,63,8,4,15,17,2,18,47,3,25,47,68,25,199,20,11,15,14,11,0,20,3,0,9,53,0,109,53,166,43,203,0,1,7,4,1,10,30,52,55,57,112,102,19,232,168,13,27,54,103,215,6,3,8,10,13,14,21,20,25,60,59,62,74,85,74
1686,47,2,14,3,16,16,25,56,44,41,105,37,121,177,251,11,15,14,11,0,20,3,41,9,45,41,99,43,61,248,194,0,1,7,4,4,10,30,52,55,95,120,4,212,121,197,13,27,53,102,214,6,3,8,10,13,14,21,20,25,37,50,74,105,138,66
1687,5,6,11,2,26,12,0,24,4,0,89,70,0,30,103,112,2,6,15,19,15,18,32,16,15,116,16,111,172,231,181,0,1,7,9,4,10,55,15,24,63,40,97,61,104,36,6,11,16,35,79,3,7,1,13,14,15,28,44,53,52,57,48,50,52,62
1688,7,8,2,4,28,9,1,47,3,25,47,68,25,243,184,11,15,14,11,0,20,3,0,9,53,0,109,53,166,43,203,0,1,7,4,1,10,30,52,55,57,112,102,19,232,168,13,24,44,84,177,6,3,8,10,13,14,21,20,25,60,59,62,74,85,74
1689,45,10,5,8,4,26,7,57,13,44,117,13,13,66,223,123,6,3,2,30,3,2,4,52,9,92,52,68,63,17,220,12,8,1,18,27,18,31,4,58,5,24,56,182,16,84,16,32,63,124,251,1,1,2,0,0,5,24,22,21,17,27,15,15,19,19
1690,62,10,12,8,4,26,7,9,38,6,57,38,6,8,118,122,6,3,2,24,3,28,27,31,40,102,107,40,107,52,118,8,2,12,22,8,29,24,20,46,70,98,40,158,49,192,16,32,64,128,256,1,1,2,15,11,5,26,27,27,58,23,84,75,62,48
1691,17,11,15,5,10,17,16,40,25,14,40,50,122,135,167,78,0,7,3,7,11,7,35,42,8,86,42,8,73,157,31,0,1,7,4,4,15,5,1,37,124,90,76,221,103,37,13,26,49,94,197,4,4,4,2,2,2,29,50,60,3,60,90,210,147,145
1692,54,8,2,4,28,9,1,12,3,63,12,3,86,122,114,105,15,14,11,0,20,3,41,9,45,41,99,80,99,176,111,0,1,7,4,1,10,30,52,55,95,120,4,161,169,244,13,27,53,102,213,6,3,8,10,13,14,21,20,25,37,50,49,120,39,66
1693,50,1,0,1,30,1,15,59,41,38,112,86,76,120,229,34,12,2,10,14,30,5,63,13,38,63,90,78,109,242,227,6,13,4,2,3,1,3,22,9,124,90,76,71,160,17,3,7,9,19,45,0,0,0,4,12,0,18,40,0,117,107,112,171,162,155
1694,39,15,9,11,11,6,28,50,46,24,77,46,74,213,136,245,3,0,4,25,25,23,3,27,29,3,113,102,91,92,75,7,0,10,17,14,19,43,24,32,29,61,34,128,10,101,7,13,20,46,96,7,6,7,19,21,19,6,8,7,69,61,71,38,31,20
1695,4,9,8,12,13,27,12,46,24,60,123,85,60,142,87,189,4,5,1,5,4,31,6,23,36,6,82,36,170,134,178,3,6,2,15,2,28,10,12,50,37,42,26,240,215,205,1,1,1,1,2,2,2,3,12,9,12,8,12,14,19,15,22,152,155,139
1696,28,9,8,12,13,27,12,30,20,53,30,20,61,195,164,139,4,5,1,5,4,31,6,23,36,6,82,36,248,255,32,3,6,2,15,2,28,1,12,50,37,42,98,14,74,220,1,2,4,8,22,2,2,3,12,9,12,8,12,14,8,20,22,43,50,95
1697,2,14,10,4,22,21,10,8,43,62,42,88,93,196,183,81,15,1,11,15,1,20,9,1,50,9,1,50,175,1,115,0,1,7,10,20,6,32,49,54,109,75,48,59,212,116,9,15,23,50,104,8,12,9,11,23,11,12,14,13,4,2,5,14,73,22
1698,18,15,0,3,11,13,28,10,41,57,101,41,95,186,154,34,4,5,1,5,4,31,38,5,12,113,62,112,201,223,211,6,13,4,4,4,10,10,58,4,124,90,76,153,11,3,3,4,6,12,29,0,0,0,31,29,28,18,51,50,88,94,108,165,163,184
1699,2,14,10,6,22,21,6,8,43,62,119,44,65,117,128,110,13,13,6,16,28,22,51,30,24,49,110,57,84,246,80,0,1,7,4,4,10,57,23,14,96,2,2,227,57,253,13,26,50,97,203,8,12,9,11,23,11,12,14,13,4,68,5,218,200,195
1700,37,7,5,8,25,3,2,55,29,2,55,101,123,244,182,88,6,3,2,10,17,21,33,39,60,79,72,75,40,63,239,12,8,1,7,9,14,59,44,47,45,114,17,55,44,123,15,30,58,115,234,1,1,2,0,0,4,22,9,9,54,56,38,60,42,46
1701,39,15,9,11,11,6,23,63,53,50,92,64,50,130,146,162,3,0,4,25,25,23,3,27,29,3,65,29,20,27,34,7,0,10,25,18,8,38,43,34,89,49,119,3,198,165,7,13,19,44,94,7,6,7,19,21,19,6,8,7,5,7,7,12,2,9
1702,39,15,9,11,11,6,23,50,46,24,50,46,74,213,136,245,3,0,4,25,25,23,3,27,29,3,113,102,91,92,75,7,0,10,17,14,19,43,24,32,29,61,34,128,10,101,7,13,20,46,96,7,6,7,19,21,19,6,8,7,69,61,71,38,31,20
1703,34,14,10,4,22,8,10,8,43,62,86,43,93,196,130,81,15,1,11,15,1,20,9,1,50,9,1,50,175,1,115,0,1,7,10,20,6,32,49,54,109,75,48,59,236,116,10,19,34,68,145,8,12,9,11,23,11,12,14,13,4,2,5,14,73,22
1704,24,6,11,2,6,12,4,56,17,26,71,97,117,29,205,201,8,10,7,26,31,24,59,63,19,32,91,64,187,20,119,0,1,7,4,4,10,10,58,37,124,90,76,220,12,182,9,18,32,63,136,3,7,1,13,14,15,52,44,12,108,71,48,139,143,138
1705,4,9,8,12,15,20,29,60,42,51,46,80,51,93,55,163,4,5,1,5,4,31,38,62,55,38,23,55,121,29,212,3,6,2,31,5,4,48,21,6,30,94,127,22,215,93,1,2,2,5,13,2,2,3,1,1,1,14,24,22,104,10,19,164,91,160
1706,42,2,9,3,2,28,14,6,54,49,114,54,49,107,76,186,8,10,7,6,7,10,7,34,7,68,87,7,225,7,85,15,15,15,13,29,31,37,41,42,16,80,116,163,227,42,9,18,32,64,137,5,5,5,6,24,6,30,18,24,24,30,20,176,193,186
1707,35,1,1,13,18,31,22,17,30,28,79,124,28,6,67,24,1,2,10,17,22,26,22,21,21,22,21,21,224,170,66,1,7,11,19,22,5,20,10,16,2,32,14,62,178,230,2,3,5,9,24,11,0,13,21,22,21,10,11,11,0,1,0,7,3,2
1708,51,12,8,7,15,18,29,46,42,32,87,42,92,11,88,109,4,5,1,5,4,31,38,5,12,113,75,112,4,145,60,3,6,2,31,5,4,21,0,23,55,127,5,255,217,246,1,2,3,6,16,2,2,3,1,1,1,4,4,4,16,10,1,108,20,147
1709,6,8,2,9,12,4,8,43,45,33,37,45,108,45,72,198,0,7,3,4,19,16,44,29,47,44,29,86,15,79,201,0,1,7,9,1,10,33,40,60,99,5,120,181,162,148,13,24,43,83,176,6,3,8,18,15,13,13,31,16,25,13,41,79,64,96
1710,31,0,4,15,21,2,6,18,28,58,18,93,125,154,156,119,5,4,12,11,12,12,15,38,14,100,127,121,11,162,174,15,15,15,16,30,13,50,39,27,110,59,60,134,179,89,12,23,41,79,166,5,11,10,8,8,9,37,3,37,21,26,33,11,55,72
1711,30,11,15,5,10,17,3,4,50,14,4,95,85,152,91,241,7,12,13,7,23,7,5,53,20,5,115,88,177,113,53,9,9,9,0,31,15,15,50,19,48,103,29,246,183,62,14,29,57,114,232,4,4,4,2,2,2,5,7,5,11,19,28,87,79,144
1712,10,1,1,13,5,25,9,5,19,12,5,36,12,185,57,130,12,2,10,31,10,17,10,46,49,109,96,49,83,47,45,6,13,4,20,20,25,49,38,56,123,73,70,208,254,68,10,20,37,72,152,0,0,0,17,16,20,45,26,42,95,79,86,109,127,126
1713,26,6,11,2,26,30,0,24,23,0,89,70,0,30,103,112,2,6,15,19,15,18,32,16,15,116,16,111,172,231,181,0,1,7,9,4,10,55,15,24,63,40,97,61,104,36,6,11,16,35,79,3,7,1,13,14,15,28,44,53,52,57,48,50,52,62
1714,29,2,9,3,2,28,31,2,34,54,2,54,89,137,45,173,8,10,7,6,7,10,48,8,56,48,8,89,55,36,196,15,15,15,13,29,31,37,41,42,78,6,13,1,99,173,9,15,25,52,108,5,5,5,6,17,6,32,10,31,36,35,36,13,12,15
1715,58,12,8,7,15,18,12,27,16,32,64,24,73,134,131,118,4,5,1,5,4,15,21,5,12,113,62,12,124,39,200,3,6,2,31,5,4,21,0,23,7,60,5,139,64,239,1,2,3,6,15,2,2,3,1,1,1,4,4,4,41,25,1,96,20,37
1716,11,1,1,13,5,1,9,45,1,34,126,5,37,17,28,23,12,2,10,14,30,5,63,13,38,63,90,38,141,58,4,6,13,4,2,3,1,3,22,9,27,13,58,206,176,14,3,6,8,17,42,0,0,0,4,3,0,7,40,0,27,47,23,99,154,25
1717,11,1,1,13,5,25,9,45,1,18,126,1,34,96,4,221,12,2,10,14,30,5,63,13,38,119,90,38,53,216,225,6,13,4,2,3,1,3,22,9,27,13,58,206,204,14,3,6,8,17,40,0,0,0,4,3,0,7,40,0,27,47,23,37,54,25
1718,4,3,2,4,9,20,20,61,12,39,90,122,39,251,27,211,9,11,5,13,26,14,42,11,23,42,11,23,110,249,35,0,1,7,20,20,25,46,45,40,105,31,31,137,26,56,10,20,36,71,149,8,3,9,17,16,20,25,26,23,42,78,60,179,29,118
1719,25,11,11,5,6,10,24,33,23,55,33,96,55,189,133,225,0,7,3,7,11,7,35,42,8,35,42,8,140,94,251,0,1,7,0,31,15,58,16,62,61,88,74,142,246,22,9,18,28,56,119,4,4,4,2,2,31,29,30,55,3,60,58,71,46,47
1720,32,6,11,2,20,12,11,19,4,22,19,4,22,111,205,85,2,6,15,2,15,18,2,44,46,2,44,46,100,4,27,13,14,13,11,21,21,40,33,31,86,108,72,66,15,129,6,10,15,31,72,3,7,1,13,14,15,16,16,12,9,8,9,2,4,12
1721,28,9,8,7,13,27,12,30,20,53,30,20,53,34,164,139,4,5,1,5,4,31,6,23,36,6,82,36,29,5,32,3,6,2,15,2,28,1,25,29,37,93,98,14,83,16,1,2,4,8,22,2,2,3,12,9,12,8,28,14,8,20,22,54,50,95
1722,9,2,9,3,2,28,31,15,34,54,15,37,69,2,19,19,8,10,7,6,7,10,56,35,41,7,70,56,232,159,198,15,15,15,13,29,31,10,58,4,119,6,13,8,177,49,9,15,23,50,106,5,5,5,6,17,6,32,18,31,49,53,50,69,74,79
1723,23,7,5,8,25,3,2,7,2,2,7,2,75,92,2,101,6,3,2,10,17,21,34,55,31,111,6,101,199,149,131,12,8,1,7,9,14,17,37,1,35,77,110,191,70,131,15,30,60,119,243,1,1,2,0,0,4,22,13,10,56,66,63,82,117,90
1724,5,6,11,2,6,30,24,24,23,8,96,107,8,52,198,145,2,6,15,19,15,18,59,63,19,32,91,77,96,108,187,0,1,7,9,7,24,22,60,53,102,85,57,132,231,215,6,11,16,33,74,10,7,1,25,10,23,28,35,28,51,51,44,53,76,110
1725,63,8,2,4,28,9,1,47,3,25,47,3,25,199,20,11,15,14,11,0,20,3,0,9,53,0,109,53,166,43,203,0,1,7,4,1,10,30,52,55,57,112,102,19,232,168,13,25,47,89,187,6,3,8,10,13,14,21,20,25,60,59,62,74,85,74
1726,0,1,1,13,5,25,9,45,5,18,112,91,112,96,78,196,12,2,10,14,30,5,63,13,38,63,90,78,193,220,191,6,13,4,2,3,1,3,22,9,27,13,58,150,164,193,3,7,9,20,46,0,0,0,4,3,0,20,2,0,35,36,93,163,179,111
1727,21,8,2,12,9,20,20,61,12,39,103,3,111,20,3,27,9,14,5,29,26,27,11,33,32,99,94,74,197,212,46,0,1,7,20,1,25,10,58,4,40,28,1,201,80,213,1,1,1,3,5,2,3,3,12,9,12,43,12,47,53,64,32,189,151,216
1728,12,13,7,6,27,14,6,25,28,58,88,28,58,241,106,94,13,13,6,16,28,9,13,12,6,13,12,6,227,11,11,0,1,7,1,0,22,0,42,61,59,83,106,205,148,10,11,22,40,77,162,9,8,6,5,5,7,3,6,2,20,33,17,18,21,63
1729,0,1,1,1,5,1,15,59,5,34,112,5,76,81,24,34,12,2,10,14,30,5,63,13,5,117,101,5,9,87,140,6,13,4,2,3,1,3,22,9,87,95,117,11,68,164,3,6,8,15,36,0,0,0,4,3,0,20,2,0,35,36,43,19,33,50
1730,36,3,2,12,9,20,20,44,12,12,44,12,12,224,27,155,9,11,5,13,26,14,42,11,23,126,11,23,39,252,112,0,1,7,20,20,25,46,45,40,26,97,36,35,39,250,10,20,35,69,147,8,3,9,17,16,20,25,26,23,50,40,27,27,34,34
1731,46,12,8,7,15,18,12,27,16,32,64,24,73,125,87,118,4,5,1,5,4,31,21,5,12,113,62,112,201,116,211,3,6,2,31,5,4,21,0,23,124,19,122,33,155,253,1,2,3,6,17,2,2,3,1,1,1,4,4,4,41,25,1,190,134,92
1732,37,7,5,8,25,3,2,55,29,2,109,100,110,246,182,88,6,3,2,10,17,21,33,39,34,33,39,34,252,135,141,12,8,1,7,9,14,35,31,2,117,101,108,49,96,204,15,30,58,116,237,1,1,2,0,0,4,22,9,9,43,39,38,178,22,164
1733,42,2,9,3,2,28,26,6,54,2,109,100,2,58,120,79,6,3,2,10,17,21,33,39,34,33,39,34,108,6,141,12,8,1,7,9,14,35,31,2,117,101,108,43,106,69,9,15,23,50,104,1,1,2,0,0,4,22,9,9,43,39,38,42,22,45
1734,61,5,3,10,19,19,13,41,27,45,41,27,47,50,250,25,14,6,0,23,6,0,12,49,0,12,73,0,255,192,69,10,10,3,12,15,11,14,2,4,126,79,114,12,109,119,4,8,13,29,65,3,9,1,3,4,3,2,5,6,66,69,66,91,68,59
1735,56,13,7,6,27,14,6,25,28,58,88,28,83,149,106,131,13,13,6,16,28,9,13,12,6,13,12,6,130,184,222,0,1,7,1,0,22,0,42,61,101,113,35,115,116,153,11,22,40,77,162,9,8,6,5,5,7,3,6,2,20,33,17,18,18,27
1736,22,3,9,1,28,13,1,10,49,63,101,49,49,186,81,235,0,7,3,26,31,24,50,54,51,50,54,51,47,90,39,0,1,7,4,4,10,33,23,60,76,41,112,6,81,150,7,13,21,47,98,0,0,6,25,29,28,48,49,49,92,86,106,133,108,162
1737,1,2,9,3,21,28,0,48,33,56,48,84,97,14,156,80,0,7,3,26,31,24,58,10,58,58,10,76,173,9,18,15,15,15,4,4,10,12,56,52,113,37,37,71,253,253,13,25,48,90,189,5,11,10,8,8,9,37,46,37,21,26,33,225,41,230
1738,56,13,7,6,27,14,6,25,28,58,118,28,83,149,10,249,13,13,6,16,28,9,13,12,6,13,12,6,130,184,222,0,1,7,1,0,22,0,42,61,101,113,35,115,116,153,11,22,40,77,162,9,8,6,5,5,7,3,6,2,20,33,17,66,18,27
1739,62,10,12,8,4,26,7,9,38,27,9,76,105,198,115,16,6,3,2,24,3,28,27,31,40,74,66,100,27,25,38,8,2,12,28,23,12,28,36,11,62,45,39,52,112,85,16,32,64,125,252,1,1,2,15,11,5,26,27,27,74,23,72,41,60,49
1740,37,7,5,3,25,3,2,55,29,2,109,100,110,150,120,3,6,3,2,10,17,21,33,39,60,33,39,123,133,205,127,12,8,1,7,9,14,35,31,63,106,36,78,116,77,234,15,30,58,116,238,1,1,2,0,0,4,50,9,9,62,62,31,55,148,58
1741,6,8,14,4,23,21,16,47,3,25,47,68,25,255,20,11,15,14,11,0,20,3,0,9,53,0,109,53,166,43,203,0,1,7,4,1,10,30,52,55,57,112,102,19,232,168,13,25,47,89,186,6,3,8,10,13,14,21,20,25,60,59,62,74,85,74
1742,14,15,9,11,11,6,23,50,56,24,77,54,88,232,82,106,3,0,4,25,25,23,3,27,29,3,27,102,212,167,234,7,0,10,4,4,10,10,58,4,124,111,76,232,110,186,7,13,21,48,101,7,6,7,19,21,19,6,8,7,5,61,7,38,31,9
1743,30,11,15,5,10,17,3,33,50,55,33,96,55,235,153,133,7,12,13,7,23,7,55,3,61,5,115,88,73,3,149,9,9,9,0,31,15,58,16,62,61,88,74,203,142,22,9,18,29,57,121,4,4,4,2,2,2,29,30,30,3,16,21,36,14,47
1744,4,3,2,12,9,20,20,61,12,39,90,122,39,147,123,197,9,11,5,13,26,14,42,11,23,42,11,23,110,249,35,0,1,7,20,20,25,46,45,40,127,69,89,47,154,46,10,20,35,70,148,8,3,9,17,16,20,25,26,23,42,64,27,52,29,69
1745,33,5,3,10,19,19,13,41,57,45,41,57,45,50,173,9,14,6,0,23,6,0,12,49,0,12,73,0,235,172,69,10,10,3,12,15,11,14,2,4,126,79,114,125,147,167,4,8,13,29,67,3,9,1,3,4,3,2,5,6,7,4,6,59,27,68
1746,53,8,2,9,12,4,8,43,45,33,43,40,33,112,72,3,0,7,3,4,19,16,44,29,47,44,29,86,15,79,201,0,1,7,4,4,10,5,1,37,75,72,76,71,138,253,13,24,43,83,174,6,3,8,24,26,17,13,39,16,102,74,87,175,159,113
1747,12,13,7,6,27,14,6,25,28,58,88,72,58,164,105,40,13,13,6,16,28,9,13,30,6,94,30,84,13,77,137,0,1,7,1,0,22,57,11,14,59,33,123,233,166,225,11,22,40,76,160,9,8,6,5,5,7,3,6,2,63,37,45,132,21,55
1748,57,10,12,8,4,26,21,35,58,31,121,58,31,104,143,132,6,3,2,24,27,28,27,31,2,95,31,72,51,194,173,8,2,12,24,16,17,41,59,12,79,68,75,243,222,31,16,32,62,123,248,1,1,2,15,11,5,35,25,33,28,22,24,5,10,3
1749,33,5,3,10,19,19,13,41,27,45,41,27,47,36,250,252,14,6,0,23,6,0,12,49,0,12,73,0,255,192,218,10,10,3,12,15,11,14,2,4,126,79,114,12,109,119,4,8,13,29,65,3,9,1,3,4,3,2,5,6,66,4,66,91,27,59
1750,15,12,8,7,15,18,29,46,42,60,46,104,67,93,236,176,4,5,1,5,4,31,38,62,55,38,104,55,78,186,102,3,6,2,31,5,4,48,21,6,52,110,99,48,48,18,1,2,2,5,12,2,2,3,1,1,1,14,24,22,86,10,99,127,123,95
1751,44,7,5,8,25,3,2,57,2,6,57,111,75,8,206,101,6,3,2,30,3,2,4,6,9,4,6,9,221,46,36,12,8,1,18,27,18,17,4,1,56,4,61,136,102,52,16,32,63,124,250,1,1,2,0,0,5,24,22,21,17,54,15,49,111,135
1752,50,15,6,11,11,0,28,11,41,30,84,9,100,27,16,193,3,0,4,3,0,4,26,0,4,26,105,90,111,0,139,2,5,5,8,19,16,7,51,49,15,12,44,53,255,187,7,12,18,42,92,7,6,7,7,6,8,0,0,1,32,28,16,39,36,57
1753,12,13,7,6,27,14,6,42,28,58,118,62,58,241,241,56,13,13,6,16,28,9,13,12,6,104,69,96,58,76,221,0,1,7,1,0,22,26,29,48,44,76,79,228,130,238,11,22,39,75,159,9,8,6,5,5,7,3,6,2,20,58,55,30,40,42
1754,32,6,11,2,20,12,11,19,17,22,19,17,68,30,63,29,2,6,15,2,15,18,2,44,46,2,44,109,192,173,148,13,14,13,11,21,21,16,48,59,38,35,55,245,90,61,6,10,15,31,71,3,7,1,13,14,15,16,52,12,84,83,82,88,90,30
1755,20,5,3,10,19,19,13,26,57,43,58,57,43,50,18,10,14,6,0,23,6,0,12,49,0,12,73,0,255,131,218,10,10,3,12,15,11,14,2,4,126,79,38,144,23,42,4,8,13,28,64,3,9,1,3,4,3,2,5,6,39,29,34,186,207,166
1756,24,4,14,3,31,7,4,38,59,23,116,59,23,128,127,46,8,15,14,18,16,13,18,17,16,18,17,16,14,14,13,5,3,6,23,6,20,25,30,7,21,106,52,78,95,105,9,17,27,55,116,14,14,12,28,28,27,31,34,29,13,11,14,1,1,1
1757,12,13,7,6,27,14,6,25,21,1,66,72,1,208,48,27,13,13,6,16,28,9,13,12,6,13,12,6,227,117,11,0,1,7,1,0,22,0,42,61,101,113,35,250,33,241,1,2,2,4,7,9,8,6,5,5,7,3,6,2,20,33,17,66,18,27
1758,15,12,8,7,15,18,29,46,42,51,46,42,67,204,14,109,4,5,1,5,4,31,38,62,55,38,104,55,78,251,240,3,6,2,31,5,4,48,21,6,30,94,127,22,79,144,1,2,2,5,13,2,2,3,1,1,1,14,24,22,16,10,19,25,9,36
1759,9,15,6,11,11,5,28,13,9,30,93,9,100,206,109,224,3,0,4,3,0,4,26,0,4,26,105,4,111,124,3,2,5,5,8,19,16,7,51,49,15,12,9,53,7,187,7,12,18,40,89,7,6,7,7,6,8,0,0,1,32,28,16,136,171,57
1760,23,7,5,8,25,3,2,37,2,21,97,2,21,43,224,45,6,3,2,10,17,21,34,55,31,34,55,31,162,44,164,12,8,1,7,9,14,44,37,44,18,1,16,183,21,221,15,30,59,117,240,1,1,2,0,0,4,17,13,10,14,12,11,20,124,11
1761,36,9,2,12,9,20,20,61,12,39,90,12,39,147,123,197,9,11,5,13,26,14,42,11,23,42,11,23,110,249,35,0,1,7,20,20,25,46,45,40,26,97,36,35,39,250,10,20,35,70,148,8,3,9,17,16,20,25,26,23,50,40,27,27,34,34
1762,50,8,2,4,28,9,1,47,3,25,47,68,110,243,20,89,15,14,11,0,20,3,0,9,53,0,109,53,166,43,203,0,1,7,4,1,10,30,52,55,57,112,102,19,232,168,13,25,47,89,186,6,3,8,10,13,14,21,20,25,60,59,62,74,85,74
1763,7,3,0,1,7,13,5,59,7,38,119,115,25,139,251,71,0,7,3,26,31,24,31,26,27,71,84,93,196,215,236,0,1,7,4,4,10,57,23,14,96,2,2,99,239,134,13,26,50,97,203,9,8,6,22,5,7,60,59,60,77,68,92,149,65,98
1764,45,7,5,8,25,3,2,37,2,21,57,111,75,46,191,101,6,3,2,10,17,21,34,55,31,34,55,95,254,118,58,12,8,1,7,9,14,17,37,1,18,1,16,183,126,233,15,30,59,117,239,1,1,2,0,0,4,17,13,10,14,12,11,98,114,161
1765,57,7,5,8,25,3,2,55,29,21,97,29,110,90,207,182,6,3,2,10,17,21,33,39,60,79,72,123,133,205,127,12,8,1,7,9,14,59,44,63,106,36,78,251,77,219,15,30,58,116,238,1,1,2,0,0,4,50,9,9,62,62,31,55,61,58
1766,57,10,5,8,4,26,7,57,58,27,121,111,27,70,97,151,6,3,2,30,3,2,4,6,9,4,71,9,155,230,228,12,8,1,4,4,10,10,58,4,5,104,81,85,208,31,16,32,64,126,254,1,1,2,0,0,5,26,27,27,56,66,56,65,157,61
1767,6,6,11,14,3,15,27,3,35,17,3,35,17,15,252,12,11,8,9,9,9,8,8,7,11,8,7,11,8,8,7,4,4,8,21,11,0,39,32,10,20,18,50,45,151,195,6,11,16,35,80,13,13,14,26,25,25,23,23,20,6,6,8,0,0,0
1768,59,11,15,5,10,17,3,51,50,14,110,95,98,35,193,203,7,12,13,7,23,7,55,3,61,81,124,88,7,164,149,9,9,9,0,31,15,15,50,19,0,56,121,37,170,223,14,29,57,113,231,4,4,4,2,2,2,5,7,5,94,77,37,172,104,102
1769,5,6,3,10,6,30,24,24,23,43,58,107,43,175,18,103,14,6,0,23,6,0,12,49,0,52,4,66,68,131,218,10,10,3,9,7,10,22,60,53,102,115,25,197,42,160,6,11,17,37,84,3,9,1,3,4,3,42,42,40,31,29,34,201,185,157
1770,50,15,6,11,11,5,28,22,9,30,122,127,100,39,56,237,3,0,4,3,0,4,26,0,4,26,105,90,111,0,139,2,5,5,8,19,16,7,51,49,15,12,76,54,7,187,7,12,18,42,92,7,6,7,7,6,8,0,0,1,32,28,16,236,220,181
1771,54,13,7,4,29,14,14,62,63,15,62,99,119,226,36,63,13,13,6,22,8,22,23,24,28,23,24,28,31,23,24,0,1,7,6,10,9,8,18,20,28,74,32,104,237,78,11,21,38,74,158,9,8,6,27,27,30,39,41,41,33,34,35,10,8,10
1772,19,14,10,0,14,23,19,21,18,19,21,18,19,89,194,54,10,9,8,12,14,11,14,15,10,14,64,10,117,177,10,11,12,0,26,25,2,45,7,8,51,16,24,106,67,13,8,14,22,49,103,12,10,11,23,18,18,15,15,19,2,3,3,22,37,26
1773,21,8,2,4,9,4,8,61,3,39,113,103,120,40,221,96,15,14,11,0,20,3,39,47,13,118,47,13,79,12,190,0,1,7,20,1,25,63,61,35,104,0,65,242,47,178,13,24,44,85,178,6,3,8,10,15,14,41,33,46,57,48,61,129,59,43
1774,3,1,0,13,1,22,17,60,11,12,60,98,82,13,161,37,1,2,10,1,2,25,10,46,49,73,88,117,161,183,121,6,13,4,30,13,23,19,58,41,3,7,59,4,168,47,3,7,9,19,44,0,0,0,9,7,10,1,1,3,55,100,69,35,109,183
1775,41,1,0,13,1,22,17,1,11,10,1,106,107,218,112,61,1,2,10,1,2,25,1,2,17,105,2,17,134,2,59,6,13,4,30,13,23,19,14,41,17,39,107,195,210,162,3,4,6,12,29,0,0,0,9,7,10,1,1,3,22,0,2,115,223,41
1776,30,11,13,5,8,10,30,31,15,35,65,65,35,131,160,200,7,12,13,21,5,29,28,22,37,28,22,87,22,226,26,9,9,9,5,17,3,23,28,17,23,27,22,185,13,194,14,28,55,107,222,4,4,4,20,20,22,11,17,17,1,5,4,4,7,7
1777,12,13,15,6,27,17,6,25,28,58,119,115,65,139,128,71,13,13,6,16,28,9,49,30,57,49,110,57,84,160,80,0,1,7,4,4,10,57,23,14,96,2,2,99,239,134,13,26,50,97,203,9,8,6,5,5,7,60,59,60,77,68,92,149,65,98
1778,35,1,1,13,18,31,22,17,47,28,100,105,28,6,67,125,1,2,10,17,22,26,22,21,21,112,21,122,67,24,21,1,7,11,19,22,5,20,10,16,108,66,111,186,41,140,2,3,5,9,23,11,0,13,21,22,21,10,11,11,0,1,0,32,47,44
1779,36,1,0,1,30,1,15,60,7,34,108,86,82,214,179,148,1,2,10,1,2,25,1,2,17,105,2,17,204,211,113,6,13,4,30,13,23,19,14,41,81,86,124,222,17,185,3,7,9,19,45,0,0,0,9,7,10,1,1,3,55,100,69,35,45,112
1780,38,1,1,13,5,25,9,44,5,12,44,5,96,125,161,177,12,2,10,14,30,5,10,46,49,109,13,106,42,178,202,6,13,4,2,3,1,10,58,9,124,13,76,208,254,68,3,6,8,17,40,0,0,0,4,3,0,45,2,42,95,79,86,109,127,126
1781,16,9,8,12,15,20,29,46,42,60,73,80,67,119,228,6,12,2,10,31,21,17,40,40,49,40,40,65,32,62,55,0,1,7,4,4,10,54,54,18,71,92,49,199,115,27,3,7,10,21,49,2,0,0,22,31,16,51,53,56,71,84,79,164,91,160
1782,62,7,5,8,25,3,2,55,29,27,55,71,123,47,246,187,6,3,2,10,17,21,33,39,60,79,72,75,40,63,94,12,8,1,7,9,14,59,44,47,45,114,17,69,69,64,15,30,58,115,235,1,1,2,0,0,4,22,9,9,54,56,31,151,42,143
1783,23,7,5,9,25,3,2,37,2,7,37,73,9,179,75,31,0,7,3,26,13,24,37,57,25,37,57,69,35,32,125,0,1,7,9,1,10,27,46,51,36,99,54,218,161,228,15,30,59,117,239,10,3,8,27,27,13,54,37,34,46,44,46,23,25,40
1784,63,8,15,9,12,4,8,43,45,33,51,45,33,169,72,21,0,7,3,4,19,16,19,45,47,19,20,25,152,148,33,0,1,7,9,1,10,33,40,60,84,89,105,226,245,249,13,24,43,83,176,6,3,8,18,15,13,13,31,16,25,49,53,67,170,141
1785,63,8,14,9,28,30,1,47,3,25,47,68,25,255,20,11,15,14,11,0,20,3,0,9,53,0,109,53,166,43,203,0,1,7,4,1,10,30,52,55,57,112,102,19,232,168,13,25,47,89,186,6,3,8,10,13,14,21,20,25,60,59,62,74,85,74
1786,23,7,5,8,25,3,2,37,2,21,97,2,21,43,2,158,6,3,2,10,17,21,34,55,31,67,6,101,89,149,5,12,8,1,7,9,14,44,31,44,117,1,108,49,96,204,15,30,58,116,237,1,1,2,0,0,4,17,13,10,14,12,11,178,106,164
1787,17,11,15,5,10,17,3,40,25,14,40,69,14,68,60,83,7,12,13,7,23,7,55,3,61,81,124,88,7,164,8,9,9,9,0,31,15,15,50,19,0,103,29,192,135,137,13,26,49,95,201,4,4,4,2,2,2,5,7,5,11,19,28,46,239,73
1788,37,7,5,8,25,3,2,33,29,2,109,100,2,238,120,88,6,3,2,10,17,21,33,39,60,67,39,123,223,57,5,12,8,1,7,9,14,35,31,63,34,53,94,154,171,92,9,18,29,57,123,1,1,2,0,0,4,17,9,10,98,112,63,110,118,97
1789,28,9,8,12,13,27,12,30,24,53,30,85,53,193,95,139,4,5,1,5,4,31,6,23,36,6,50,36,29,5,32,3,6,2,15,2,28,1,12,50,118,93,100,103,252,151,1,1,1,1,2,2,2,3,12,9,12,8,12,38,19,15,22,54,150,158
1790,20,2,9,15,2,28,31,2,34,54,114,113,89,107,45,186,8,10,7,6,7,10,48,8,56,48,8,89,55,36,196,15,15,15,13,29,31,10,58,4,124,6,13,1,99,173,9,15,25,52,108,5,5,5,6,17,6,32,10,31,36,35,36,13,12,15
1791,31,0,4,15,17,2,18,53,36,40,83,90,104,71,222,180,5,4,12,11,12,12,15,38,14,15,38,121,150,191,61,15,15,15,16,30,13,18,17,22,32,112,102,253,184,251,13,25,48,92,192,5,11,10,8,8,9,9,3,15,12,9,13,107,94,122
1792,33,5,3,10,19,19,13,41,27,45,41,57,45,182,173,25,14,6,0,23,6,0,12,49,0,12,73,0,235,172,69,10,10,3,12,15,11,14,2,4,8,38,0,125,147,167,4,8,13,29,67,3,9,1,3,4,3,2,5,6,7,4,6,59,27,32
1793,15,12,8,7,15,18,29,46,42,51,87,104,67,204,14,176,4,5,1,5,4,31,38,62,55,38,104,55,78,186,102,3,6,2,31,5,4,48,21,6,52,110,99,48,48,18,1,2,2,5,12,2,2,3,1,1,1,14,24,22,86,10,99,127,123,95
1794,54,0,4,15,17,2,18,53,8,40,120,68,40,62,222,171,5,4,12,11,12,12,15,38,14,15,38,121,150,191,61,15,15,15,16,30,13,2,63,22,57,112,102,253,184,251,13,25,47,89,186,5,11,10,8,8,9,9,3,15,12,9,13,107,94,122
1795,50,15,6,11,11,0,28,11,9,57,122,9,115,27,218,147,3,0,4,3,0,4,26,0,4,26,105,4,111,124,3,2,5,5,8,19,16,7,51,49,15,111,9,54,7,253,7,12,18,42,92,7,6,7,7,6,8,0,0,1,47,45,57,196,57,181
1796,6,11,15,5,10,17,16,40,50,14,40,50,122,114,242,165,7,12,13,7,23,7,55,3,61,81,124,61,73,3,149,0,1,7,0,31,15,15,50,19,0,56,121,231,207,158,13,26,49,95,200,4,4,4,2,2,2,5,7,5,94,77,37,101,233,163
1797,20,15,9,11,11,6,23,63,53,29,13,54,88,232,82,162,3,0,4,25,25,23,3,27,29,3,65,29,226,167,134,7,0,10,25,18,8,10,58,4,124,111,76,232,110,203,7,13,21,48,99,7,6,7,19,21,19,6,8,7,5,7,7,12,2,29
1798,28,2,14,3,26,21,26,6,56,49,6,44,26,135,197,78,8,10,7,6,31,10,16,34,3,97,34,103,120,165,185,0,1,7,4,4,10,5,1,37,31,22,76,221,103,37,9,15,23,50,104,5,5,5,6,24,6,52,50,24,94,99,104,188,183,231
1799,63,3,15,4,0,9,16,39,62,9,39,77,113,201,237,150,15,14,11,29,8,27,25,48,39,25,74,113,90,83,214,0,1,7,4,20,10,61,35,39,91,20,63,98,0,103,13,27,51,98,205,8,7,9,30,10,26,47,45,43,38,43,40,68,83,56
1800,63,13,7,6,27,14,6,42,28,58,118,62,118,4,66,74,13,13,6,16,28,9,13,12,6,104,69,96,58,76,221,0,1,7,1,0,22,10,58,37,121,100,8,228,130,238,11,22,39,75,159,9,8,6,5,5,7,3,6,2,68,58,55,80,40,42
1801,0,1,0,13,5,1,15,44,5,12,44,5,76,13,161,82,1,2,10,14,30,5,10,46,49,10,13,106,241,242,79,6,13,4,2,3,1,3,58,9,108,66,111,16,210,196,3,7,9,20,47,0,0,0,4,7,0,20,2,11,96,36,88,168,209,183
1802,62,10,12,8,4,26,7,9,34,27,9,76,105,173,45,19,6,3,2,24,3,28,27,31,40,74,66,100,27,25,38,15,15,15,28,23,12,28,36,11,100,26,19,89,9,66,16,32,64,125,253,1,1,2,15,11,5,26,27,27,74,23,72,41,60,49
1803,6,7,5,8,25,3,2,37,2,21,97,111,75,43,224,239,6,3,2,10,17,21,34,55,31,34,55,95,254,118,58,12,8,1,7,9,14,17,37,1,18,1,16,183,126,233,15,30,59,117,239,1,1,2,0,0,4,17,13,10,14,12,11,169,124,161
1804,18,6,14,3,26,9,1,33,56,26,127,126,26,210,83,3,0,7,3,26,31,24,31,26,43,88,103,67,106,111,65,0,1,7,4,4,10,5,1,37,75,72,76,246,188,62,9,18,28,56,119,1,1,2,24,0,17,50,39,9,115,74,87,143,148,198
1805,5,6,11,2,16,16,25,56,37,41,56,94,41,110,71,120,8,10,7,27,24,6,24,18,33,24,18,33,2,166,25,15,15,15,3,26,26,11,5,57,12,55,3,23,59,139,9,16,26,54,113,10,5,5,16,19,24,19,21,18,18,17,18,3,5,4
1806,42,2,9,3,2,28,26,6,54,49,6,125,101,197,186,142,8,10,7,6,7,10,7,34,7,68,87,7,163,250,168,6,13,4,30,13,23,36,14,0,1,102,95,143,140,172,3,4,6,10,25,0,0,0,9,24,10,1,1,24,44,86,20,144,135,148
1807,23,7,5,8,25,3,2,37,2,21,97,2,21,43,224,182,6,3,2,10,17,21,34,55,31,34,55,95,254,118,58,12,8,1,7,9,14,44,37,44,18,1,16,183,126,233,15,30,59,117,240,1,1,2,0,0,4,17,13,10,14,12,11,20,28,11
1808,58,8,2,4,28,9,1,12,56,63,12,126,86,122,114,190,15,14,11,0,20,3,41,9,45,89,9,83,131,238,29,0,1,7,4,4,10,30,52,55,124,124,76,71,160,8,3,7,11,22,50,6,3,8,10,13,14,21,20,25,78,73,49,174,189,178
1809,27,7,5,8,25,3,2,55,29,2,55,71,123,253,182,187,6,3,2,10,17,21,33,39,60,79,72,75,40,63,239,12,8,1,7,9,14,59,44,47,45,114,17,111,44,123,15,30,58,115,235,1,1,2,0,0,4,22,9,9,54,56,31,60,42,46
1810,8,12,8,7,15,18,29,32,42,61,32,16,61,203,64,109,4,5,1,5,4,31,38,62,55,38,75,112,60,145,123,3,6,2,31,5,4,1,25,29,122,8,71,22,79,144,1,2,2,5,13,2,2,3,1,1,1,33,28,22,16,21,10,56,9,36
1811,55,1,0,1,1,1,15,59,5,34,108,86,82,216,4,192,1,2,10,1,2,25,10,2,49,65,88,117,204,211,113,6,13,4,2,3,1,3,58,9,81,86,124,222,173,185,3,4,6,11,27,0,0,0,9,12,0,18,19,8,55,100,69,35,45,103
1812,23,7,5,8,25,3,2,20,2,21,97,2,21,43,224,45,6,3,2,10,17,21,34,55,31,34,55,31,162,44,164,12,8,1,7,9,14,44,37,44,18,1,16,183,145,253,15,30,59,117,240,1,1,2,0,0,4,17,13,10,14,12,11,153,156,179
1813,25,7,5,8,25,3,2,7,2,21,97,2,21,70,50,198,6,3,2,10,17,21,34,55,31,34,55,31,162,44,164,12,8,1,7,9,14,44,37,44,99,5,120,183,21,253,13,24,43,82,173,1,1,2,0,0,4,17,13,10,14,12,63,20,124,11
1814,59,11,13,5,8,10,30,31,15,35,124,65,35,223,232,57,7,12,13,21,5,29,28,22,37,28,22,87,22,129,26,9,9,9,5,17,3,23,28,17,72,34,64,30,13,177,14,28,55,108,223,4,4,4,20,20,22,11,17,17,1,5,4,76,75,65
1815,20,6,11,2,26,30,24,24,23,20,24,56,68,37,84,124,2,6,15,2,15,18,54,4,15,115,76,115,93,132,98,0,1,7,9,4,10,16,48,59,38,35,55,245,90,61,6,11,17,39,86,3,7,1,3,4,3,44,52,59,84,83,82,88,90,84
1816,63,8,2,4,28,9,1,16,3,46,16,126,106,57,139,21,0,7,3,26,19,24,19,45,47,19,20,47,54,78,107,0,1,7,9,1,10,33,40,60,84,89,105,42,43,115,13,25,46,88,184,6,3,8,18,15,13,13,31,16,25,49,41,197,63,89
1817,9,15,6,11,11,0,28,22,0,30,122,127,30,67,234,224,3,0,4,3,0,4,26,0,4,106,0,90,3,0,139,2,5,5,8,19,16,7,51,49,22,46,44,200,203,67,7,12,18,42,91,7,6,7,7,6,8,0,0,1,26,14,16,44,35,35
1818,61,5,3,10,19,19,13,41,57,45,41,57,45,182,133,10,14,6,0,23,6,0,12,49,0,12,73,0,235,172,69,10,10,3,12,15,11,14,2,4,8,38,0,97,150,98,4,8,13,29,67,3,9,1,3,4,3,2,5,6,7,4,6,193,27,68
1819,1,6,11,2,6,30,0,24,56,26,127,54,26,72,198,106,15,14,11,26,31,24,62,43,3,62,43,103,220,68,40,0,1,7,4,4,10,10,58,37,124,90,76,71,160,37,13,27,53,102,214,6,3,8,10,13,17,52,43,25,75,99,104,188,183,231
1820,20,1,1,13,5,25,9,45,19,37,17,91,77,120,28,51,12,2,10,14,30,5,63,13,38,63,90,38,141,58,4,6,13,4,2,3,1,3,22,9,27,13,58,121,62,112,3,6,8,17,41,0,0,0,4,3,0,20,2,0,96,89,86,162,112,86
1821,33,5,3,10,19,19,13,41,27,45,41,27,45,182,248,25,14,6,0,23,6,0,12,49,0,12,73,0,235,172,69,10,10,3,12,15,11,14,2,4,8,38,0,125,147,167,4,8,13,29,67,3,9,1,3,4,3,2,5,6,7,4,6,59,27,32
1822,30,11,15,5,10,17,3,51,50,14,4,95,85,61,60,83,7,12,13,7,23,7,55,3,61,81,124,61,7,164,210,9,9,9,0,31,15,15,50,19,0,103,29,192,135,137,14,29,57,113,231,4,4,4,2,2,2,5,7,5,11,19,28,46,79,116
1823,55,1,1,13,5,25,9,45,19,18,126,91,112,115,46,243,12,2,10,14,30,5,63,13,38,63,90,78,250,224,110,6,13,4,2,3,1,3,54,9,11,90,18,215,119,236,3,7,11,26,59,0,0,0,22,3,16,27,29,50,76,82,118,123,213,193
1824,11,1,1,13,5,25,9,45,1,37,126,1,91,48,209,226,12,2,10,14,30,5,63,13,38,119,90,38,231,216,225,6,13,4,2,3,1,34,57,45,42,54,28,81,152,35,3,6,8,16,38,0,0,0,4,3,0,7,40,0,27,47,23,37,54,25
1825,0,1,0,1,30,1,15,23,5,38,85,5,38,229,24,126,12,2,10,31,10,30,20,25,26,87,86,98,138,213,241,6,13,4,2,3,1,29,26,5,27,13,58,234,4,196,3,7,9,20,47,0,0,0,14,12,0,18,19,8,67,18,12,134,115,83
1826,51,12,8,7,15,18,12,32,16,32,64,24,73,181,64,118,4,5,1,5,4,15,21,5,12,21,5,12,113,140,155,3,6,2,31,5,4,21,0,23,114,127,5,33,35,174,1,2,3,6,15,2,2,3,1,1,1,4,4,4,10,21,1,45,20,37
1827,31,0,4,15,17,2,18,18,36,59,18,90,59,247,142,180,5,4,12,11,12,12,15,38,14,15,38,121,11,162,174,15,15,15,16,30,13,18,17,22,32,62,60,239,181,235,12,23,42,80,168,5,11,10,8,8,9,9,3,15,12,9,13,34,55,72
1828,29,15,9,11,11,6,23,63,53,24,13,53,71,31,39,104,3,0,4,25,25,23,3,27,29,3,27,102,212,92,242,7,0,10,25,18,8,10,58,4,64,84,41,114,25,155,7,13,20,45,95,7,6,7,19,21,19,6,8,7,5,7,7,226,130,20
1829,48,15,6,11,11,5,28,13,9,30,93,81,115,121,129,147,3,0,4,3,0,4,26,0,4,66,117,4,154,143,143,2,5,5,8,19,16,7,51,49,6,78,9,190,175,0,7,12,18,40,89,7,6,7,7,6,8,0,0,1,82,45,57,58,57,71
1830,28,12,8,7,15,18,12,32,20,61,30,20,61,34,164,111,4,5,1,5,4,15,21,50,62,103,50,62,210,96,213,3,6,2,15,2,28,1,25,29,118,93,98,14,83,16,1,2,4,8,20,2,2,3,1,9,12,33,28,38,8,20,10,54,50,24
1831,17,11,15,5,0,17,16,51,25,14,4,50,85,61,237,83,7,12,13,7,23,7,55,3,61,86,3,61,136,190,122,0,1,7,0,31,15,15,50,19,0,90,29,158,170,137,13,25,48,90,188,4,4,4,2,2,2,5,7,5,11,19,37,46,142,116
1832,36,1,1,13,9,20,20,44,12,39,90,12,39,224,240,232,9,11,5,13,26,14,42,11,23,126,11,23,39,30,112,0,1,7,20,20,25,46,45,40,26,97,36,35,39,250,10,20,35,69,147,8,3,9,17,16,20,25,26,23,50,40,27,27,34,34
1833,54,13,7,11,29,5,14,22,14,1,73,117,87,143,100,152,12,2,10,31,10,30,53,46,26,53,46,92,52,10,62,0,1,7,4,4,10,54,54,18,124,90,76,71,160,253,3,7,10,21,49,7,6,7,7,6,8,51,51,50,76,84,79,100,84,80
1834,31,0,4,15,17,2,18,53,36,59,53,90,104,71,142,171,5,4,12,11,12,12,15,38,14,15,38,14,11,19,231,15,15,15,16,30,13,18,17,22,32,62,62,162,108,206,12,23,42,80,169,5,11,10,8,8,9,9,3,15,12,9,13,34,16,18
1835,40,0,4,15,21,2,0,48,8,56,48,84,56,14,96,80,5,4,12,11,12,12,46,60,48,46,60,48,65,66,48,15,15,15,16,30,13,50,39,27,25,107,86,123,87,65,12,23,41,78,164,5,11,10,8,8,9,37,3,37,21,26,33,11,41,16
1836,53,1,0,13,1,22,17,1,11,10,1,106,10,1,112,73,1,2,10,1,2,25,1,2,17,105,2,17,1,109,208,6,13,4,30,13,23,19,14,41,17,39,107,16,105,245,3,4,6,12,31,0,0,0,9,7,10,1,1,3,22,0,2,73,145,168
1837,5,8,11,9,6,30,24,16,23,46,16,108,25,170,125,216,0,7,3,26,13,24,37,20,53,37,121,25,207,148,150,0,1,7,9,1,10,33,40,60,49,3,76,71,23,253,6,11,17,38,85,6,3,8,18,15,23,46,47,48,25,42,51,117,110,117
1838,33,5,3,10,19,19,0,36,57,45,36,57,45,182,248,246,14,6,0,23,6,0,12,49,0,52,4,0,70,172,0,10,10,3,12,15,11,14,2,4,8,38,0,0,120,34,9,18,32,63,133,3,9,1,3,4,3,2,5,6,7,4,6,89,67,32
1839,5,5,3,10,19,24,13,58,55,47,58,55,99,118,18,115,14,6,0,23,6,0,12,49,54,80,49,54,167,56,91,10,10,3,27,28,30,56,19,3,68,21,27,34,1,60,4,8,13,28,64,3,9,1,3,4,3,42,42,40,31,29,34,16,15,17
1840,55,1,0,9,23,9,14,49,56,26,127,74,64,210,83,86,0,7,3,26,31,24,62,43,43,31,26,43,125,114,193,0,1,7,4,4,10,5,1,37,75,72,76,246,138,209,9,18,28,56,120,6,0,8,9,7,10,43,39,35,44,74,87,143,202,113
1841,40,0,4,15,21,2,18,48,8,56,48,84,56,14,156,80,5,4,12,11,12,12,46,60,48,46,60,48,65,66,48,15,15,15,16,30,13,50,39,27,25,107,86,39,156,65,12,23,41,79,166,5,11,10,8,8,9,37,3,37,21,26,33,11,41,16
1842,45,10,5,8,4,26,7,57,13,44,28,67,44,8,206,123,6,3,2,30,3,2,4,52,9,92,52,68,63,17,220,12,8,1,18,27,18,31,4,58,56,24,61,136,102,52,15,30,60,118,242,1,1,2,0,0,5,24,22,21,17,54,15,49,77,88
1843,55,1,1,13,7,25,5,29,22,48,29,22,48,145,226,247,12,2,10,14,21,17,29,61,35,29,61,35,38,71,42,6,13,4,29,24,27,47,55,15,14,58,115,140,61,26,3,5,7,13,33,0,0,0,22,3,16,27,29,26,30,31,29,6,6,5
1844,46,1,1,13,18,31,22,17,47,28,79,11,28,216,67,14,1,2,10,17,22,26,22,21,21,112,21,122,67,24,21,1,7,11,19,22,5,20,10,16,108,66,111,186,41,140,2,3,5,9,23,11,0,13,21,22,21,10,11,11,0,1,0,32,47,44
1845,7,9,8,12,13,27,1,30,24,53,123,85,63,141,110,30,4,5,1,5,4,31,6,23,36,6,82,112,170,134,178,3,6,2,15,2,28,10,12,50,125,60,26,73,53,121,1,2,2,4,6,2,2,3,12,9,12,8,12,14,110,25,83,152,155,139
1846,12,13,7,6,27,14,6,25,28,58,88,28,83,83,171,220,13,13,6,16,28,9,13,12,6,13,12,6,130,184,222,0,1,7,1,0,22,0,42,61,101,113,35,250,33,241,11,22,40,77,162,9,8,6,5,5,7,3,6,2,20,33,17,66,18,27
1847,33,6,11,2,6,19,24,26,23,42,26,23,42,165,125,9,2,6,15,2,15,18,52,4,15,108,79,73,76,86,86,0,1,7,9,4,10,22,58,53,115,121,15,25,194,130,4,8,13,28,64,3,9,1,3,4,3,44,44,12,101,96,95,122,121,142
1848,32,6,11,2,20,12,11,19,17,22,19,17,117,30,9,29,2,6,15,2,15,18,2,44,46,2,44,46,100,4,27,13,14,13,11,21,21,40,33,31,60,117,30,241,228,25,6,10,15,31,72,3,7,1,13,14,15,16,16,12,9,8,9,2,4,30
1849,60,13,7,14,3,15,27,3,35,17,3,35,17,129,202,77,11,8,9,9,9,8,8,7,11,8,7,11,8,8,209,4,4,8,21,11,0,13,6,21,43,23,69,38,187,9,5,9,14,30,70,13,13,14,26,25,25,23,23,20,6,6,8,0,0,0
1850,58,0,4,15,17,2,18,53,8,40,120,90,40,62,163,171,5,4,12,11,12,12,15,38,14,15,38,14,112,147,12,15,15,15,16,30,13,2,63,22,85,62,62,31,219,152,12,23,42,81,171,5,11,10,8,8,9,9,3,15,12,9,13,29,16,18
1851,45,10,5,8,4,26,7,57,13,44,28,67,44,211,206,123,6,3,2,30,3,2,4,52,9,92,52,68,63,17,220,12,8,1,18,27,18,31,4,58,5,24,56,165,192,52,16,32,63,124,250,1,1,2,0,0,5,24,22,21,17,27,15,160,231,247
1852,44,10,12,8,4,26,21,35,40,31,35,40,31,104,249,132,6,3,2,24,27,28,27,31,2,95,31,72,51,73,173,8,2,12,24,16,17,41,59,12,79,68,75,247,54,107,16,32,62,123,248,1,1,2,15,11,5,35,25,33,28,22,24,5,10,3
1853,50,15,6,11,11,0,28,22,0,30,84,127,100,206,56,33,3,0,4,3,0,4,26,0,4,26,105,90,3,0,139,2,5,5,8,19,16,7,51,49,22,46,44,200,203,67,7,12,18,42,91,7,6,7,7,6,8,0,0,1,47,14,16,83,95,35
1854,59,11,15,5,10,29,3,51,50,14,110,69,98,68,60,83,7,12,13,7,23,7,55,3,61,5,115,88,7,164,8,9,9,9,0,31,15,15,50,19,0,34,64,37,191,177,14,29,56,110,226,4,4,4,2,2,2,5,7,5,56,77,37,135,158,125
1855,26,6,11,2,26,12,11,19,17,22,89,17,117,16,63,201,2,6,15,2,15,18,2,44,46,116,44,109,172,103,84,13,14,13,9,4,10,10,58,4,60,117,30,235,225,58,6,11,16,34,78,3,7,1,13,14,15,16,16,12,9,8,9,106,139,152
1856,18,0,4,15,17,2,18,56,8,40,83,8,40,183,116,58,5,4,12,11,12,12,46,60,48,123,60,97,165,158,147,15,15,15,16,30,13,2,63,4,120,119,85,151,37,109,12,23,42,81,170,5,11,10,8,8,9,9,3,15,12,9,98,29,125,93
1857,37,7,5,8,25,3,2,55,29,2,55,29,123,236,207,140,6,3,2,10,17,21,33,39,34,33,39,34,252,135,141,12,8,1,7,9,14,59,44,63,106,36,78,49,96,204,15,30,58,116,237,1,1,2,0,0,4,50,9,9,62,62,31,55,61,58
1858,35,1,1,13,18,11,22,17,47,28,79,105,28,6,37,24,1,2,10,17,22,26,22,21,21,22,21,21,206,170,66,1,7,11,19,22,5,20,10,16,66,43,92,90,8,135,2,3,5,9,24,11,0,13,21,22,21,10,11,11,0,1,0,150,3,2
1859,31,0,4,15,17,2,18,47,36,25,83,68,120,71,222,180,5,4,12,11,12,12,15,38,14,15,38,121,150,191,61,15,15,15,16,30,13,18,17,22,32,112,102,253,184,251,13,25,48,92,192,5,11,10,8,8,9,9,3,15,12,9,13,107,94,122
1860,6,11,15,9,12,4,8,51,45,33,51,45,33,84,139,21,0,7,3,4,19,16,19,45,47,19,45,47,54,78,107,0,1,7,9,1,10,33,40,60,84,89,105,226,245,249,6,11,16,33,75,6,3,8,18,15,13,13,31,16,25,49,41,67,170,216
1861,62,1,1,13,18,31,22,17,47,28,79,11,28,6,67,14,1,2,10,17,22,26,22,21,21,112,21,122,67,24,21,1,7,11,19,22,5,20,10,16,108,66,111,186,41,140,2,3,5,9,23,11,0,13,21,22,21,10,11,11,0,1,0,32,47,44
1862,58,9,8,12,13,27,12,46,24,5,46,66,5,166,87,134,4,5,1,5,4,31,21,5,12,113,62,112,201,116,211,3,6,2,4,4,10,10,58,4,124,90,76,71,160,40,1,2,2,4,9,2,2,3,1,1,1,4,4,4,88,52,101,235,167,253
1863,54,13,7,9,29,14,14,62,63,15,62,99,119,222,36,63,13,13,6,22,8,22,23,24,28,23,24,28,31,23,24,0,1,7,6,10,9,8,18,20,28,74,32,104,237,78,11,21,38,74,158,9,8,6,27,27,30,39,41,41,33,34,35,10,8,10
1864,37,7,11,2,26,3,2,37,56,2,81,100,62,32,120,255,6,3,2,10,17,21,33,39,60,33,39,31,74,44,215,0,1,7,4,4,10,10,58,4,124,90,76,71,225,253,6,11,16,34,78,10,5,5,16,19,24,52,56,9,75,109,77,173,203,146
1865,29,2,9,3,2,28,31,15,34,54,33,96,90,107,19,186,8,10,7,6,7,10,48,8,56,48,8,89,55,219,67,15,15,15,13,29,31,37,41,42,16,80,116,96,31,24,9,15,25,53,111,5,5,5,6,17,6,32,10,31,36,35,36,13,12,15
1866,52,13,7,6,23,14,1,25,21,63,25,21,63,207,110,220,13,13,6,16,28,9,13,30,6,13,12,6,69,181,133,0,1,7,4,4,10,0,42,61,101,113,35,250,33,241,13,27,54,104,216,9,8,6,5,5,7,3,6,2,61,33,17,103,93,27
1867,47,2,11,2,16,16,25,56,37,41,105,94,121,60,71,120,8,10,7,27,24,6,24,18,33,24,18,33,2,166,25,15,15,15,3,26,26,11,5,57,12,55,3,10,167,175,9,16,26,54,115,10,5,5,16,19,24,19,21,18,18,17,18,3,5,120
1868,9,15,6,11,11,0,28,22,0,30,122,0,30,231,0,33,3,0,4,3,0,4,26,0,4,106,0,90,3,0,139,2,5,5,8,19,16,7,51,49,22,46,44,200,203,67,7,12,18,42,91,7,6,7,7,6,8,0,0,1,26,14,16,44,35,35
1869,49,14,10,4,23,21,10,42,62,55,39,62,113,101,177,183,15,14,11,29,8,27,25,48,39,85,126,113,238,240,249,0,1,7,4,4,10,61,35,39,50,20,45,130,243,200,13,27,51,98,206,8,7,9,30,10,26,47,45,43,38,43,40,94,99,136
1870,62,10,12,15,18,31,22,17,47,28,79,105,126,6,37,108,1,2,10,17,22,26,22,21,21,22,21,21,67,24,66,1,7,11,19,22,5,20,10,16,39,124,46,110,128,169,3,7,11,22,50,11,0,13,21,22,21,10,11,11,0,1,0,174,189,178
1871,38,8,2,9,12,4,8,5,45,33,5,36,94,18,70,216,15,14,11,29,29,27,30,33,32,101,97,110,97,237,105,0,1,7,20,20,25,49,38,56,123,73,70,101,196,199,10,20,37,72,154,8,3,9,17,16,20,45,33,42,45,46,42,57,26,85
1872,54,13,7,9,29,14,14,62,63,15,62,63,119,143,100,138,13,13,6,22,8,22,23,24,28,23,24,28,31,23,24,0,1,7,6,10,9,54,54,18,28,47,32,65,237,78,3,7,10,21,49,9,8,6,27,27,30,39,41,41,33,34,35,10,8,10
1873,8,2,9,3,2,28,26,6,54,49,2,10,101,135,23,78,8,10,7,6,7,10,7,34,41,7,70,56,232,159,198,0,1,7,4,29,31,10,1,4,124,90,76,153,103,3,13,26,49,93,194,5,5,5,6,24,6,30,18,24,88,94,59,165,163,184
1874,49,8,15,9,12,4,8,51,45,33,51,45,33,57,139,21,0,7,3,4,19,16,19,45,47,19,45,47,54,78,107,0,1,7,9,1,10,33,40,60,84,89,105,42,43,115,13,25,46,88,184,6,3,8,18,15,13,13,31,16,25,49,41,67,63,89
1875,18,3,3,1,7,13,5,29,22,48,99,19,48,145,181,42,12,2,10,31,21,17,53,28,35,82,28,85,98,151,88,0,1,7,4,4,10,10,23,4,93,90,88,133,61,87,3,5,7,14,35,0,0,1,22,29,16,27,29,26,73,90,80,84,81,91
1876,16,9,8,12,13,27,12,30,20,53,27,85,53,193,87,189,4,5,1,5,4,31,6,23,36,6,82,36,29,5,32,3,6,2,15,2,28,1,12,50,37,42,26,67,34,220,1,1,1,1,1,2,2,3,12,9,12,8,12,14,19,15,22,43,160,14
1877,25,14,10,0,26,23,0,34,43,62,34,118,62,180,203,234,10,9,8,12,14,11,14,15,10,14,64,10,18,16,120,11,12,0,4,4,10,52,13,30,4,9,12,2,24,2,6,11,16,32,73,12,10,11,23,18,18,15,15,19,2,3,3,188,92,201
1878,41,1,0,13,1,22,17,1,11,10,1,106,107,197,44,148,1,2,10,1,2,25,1,2,17,105,2,17,134,109,208,6,13,4,30,13,23,19,14,41,1,39,107,79,105,51,3,4,6,12,29,0,0,0,9,7,10,1,1,3,55,0,2,130,45,112
1879,6,6,11,2,6,30,24,26,23,8,96,23,8,52,255,252,2,6,15,19,15,18,54,16,15,98,16,15,103,121,232,0,1,7,9,4,10,10,58,4,126,79,90,105,201,211,6,11,16,33,75,3,9,1,3,4,3,28,44,12,101,96,95,122,196,142
1880,6,6,11,2,20,12,11,19,17,22,24,17,117,30,63,100,2,6,15,2,15,18,2,44,46,2,44,109,192,173,148,13,14,13,11,21,21,40,33,31,60,117,30,241,107,170,9,18,32,65,139,3,7,1,13,14,15,16,16,12,9,8,9,2,141,30
1881,40,2,11,2,6,16,0,56,6,41,115,6,66,140,102,41,8,10,7,27,24,6,60,51,63,83,51,19,139,182,101,15,15,15,13,7,24,60,9,36,58,85,57,87,182,83,9,15,24,51,107,5,5,5,6,17,6,36,10,39,29,32,30,112,82,38
1882,6,6,11,2,26,30,24,24,23,20,96,107,20,175,255,103,2,6,15,19,15,18,59,63,15,59,63,119,115,64,68,0,1,7,9,7,10,22,60,53,102,115,25,197,42,160,6,11,17,37,84,10,7,1,25,10,23,28,35,28,51,51,44,53,76,179
1883,6,14,14,3,23,21,4,49,10,36,42,97,36,137,169,3,8,10,7,6,7,10,36,51,63,36,119,108,222,208,192,0,1,7,4,4,10,5,1,37,69,29,113,156,75,11,9,18,30,60,128,12,10,11,23,18,17,53,43,52,70,70,65,92,101,115
1884,58,8,9,4,28,9,1,12,44,63,12,126,86,122,114,105,15,14,11,0,20,3,41,9,45,41,99,80,99,176,111,0,1,7,4,1,10,30,52,55,95,120,4,161,169,201,9,15,23,50,105,6,3,8,10,13,14,21,20,25,37,50,49,120,39,66
1885,22,6,11,9,26,30,14,10,49,9,24,56,97,103,12,113,0,7,3,26,31,22,50,54,51,84,54,82,156,35,114,0,1,7,4,4,10,10,58,4,113,37,37,44,28,73,7,13,21,48,99,4,7,6,31,29,28,48,49,49,91,101,114,170,172,187
1886,16,9,8,12,13,27,12,30,24,53,123,85,53,193,192,189,4,5,1,5,4,31,6,23,36,6,82,36,248,255,178,3,6,2,15,2,28,1,12,50,37,42,26,67,34,220,1,1,1,3,5,2,2,3,12,9,12,8,12,14,19,15,22,33,23,14
1887,8,1,1,13,5,25,9,45,19,37,126,1,91,48,152,226,12,2,10,14,30,5,63,13,38,119,90,38,231,216,225,6,13,4,2,3,1,34,57,45,42,54,28,81,152,35,3,6,8,16,38,0,0,0,4,3,0,7,40,0,27,47,23,37,54,25
1888,63,14,14,3,23,21,26,42,33,55,8,34,116,4,177,74,15,14,11,29,31,27,47,58,59,78,58,59,148,228,90,0,1,7,4,4,10,5,1,37,121,100,8,58,124,159,9,18,30,58,124,5,10,5,24,26,17,56,50,45,68,67,67,80,70,145
1889,14,2,9,3,2,28,31,2,34,54,114,113,89,39,45,19,8,10,7,6,7,10,48,8,56,48,8,89,55,219,67,15,15,15,13,29,31,37,41,42,16,6,13,232,99,186,9,15,25,52,108,5,5,5,6,17,6,32,10,31,36,35,36,13,12,15
1890,52,14,14,4,28,9,1,39,44,26,39,126,26,113,47,213,15,14,11,29,31,27,25,48,39,85,126,113,238,240,249,0,1,7,4,4,10,61,35,39,50,20,45,130,36,200,13,27,53,102,214,8,7,9,30,10,26,47,45,43,38,43,40,94,99,136
1891,15,1,0,13,1,22,17,1,11,10,1,106,10,1,112,73,1,2,10,1,2,25,1,2,17,105,2,17,134,2,246,6,13,4,30,13,23,19,14,41,17,39,107,195,210,245,3,4,6,12,31,0,0,0,9,7,10,1,1,3,22,0,2,177,109,124
1892,7,11,15,5,10,17,3,51,50,14,40,50,14,68,225,203,7,12,13,7,23,7,55,3,61,81,124,61,136,3,210,0,1,7,0,31,15,15,50,19,0,56,121,37,170,223,14,29,57,113,231,4,4,4,2,2,2,5,7,5,11,77,37,101,158,102
1893,17,11,15,5,10,17,3,40,31,14,40,31,14,7,26,49,7,12,13,7,11,7,55,3,61,81,124,126,202,195,184,0,1,7,0,31,15,15,50,19,82,71,118,95,52,166,14,29,57,112,229,4,4,4,2,2,2,49,48,44,102,55,85,97,103,73
1894,54,13,7,9,29,30,14,62,63,15,62,63,119,95,52,70,13,13,6,22,8,22,23,24,28,23,24,28,31,23,24,0,1,7,6,10,9,8,18,20,41,14,80,176,123,184,11,21,38,74,156,9,8,6,27,27,30,39,41,41,33,34,35,10,8,10
1895,17,10,12,8,4,26,7,57,2,6,57,111,6,211,32,222,6,3,2,30,3,2,4,6,9,4,71,9,155,230,228,12,8,1,4,4,10,17,58,1,56,4,61,158,102,52,13,25,48,90,188,1,1,2,0,0,5,24,22,21,89,54,107,49,77,135
1896,18,14,14,3,23,21,4,49,10,26,49,126,26,246,182,32,15,14,11,26,31,24,62,43,43,31,26,43,239,114,23,0,1,7,4,4,10,5,1,37,124,90,76,71,82,253,9,18,30,58,124,14,10,12,28,28,17,53,43,43,70,123,65,157,246,254
1897,58,2,14,3,2,28,26,12,56,26,12,126,86,171,126,78,15,14,11,0,20,3,41,9,45,41,99,80,99,34,159,0,1,7,4,4,10,5,1,37,124,90,121,71,160,37,9,18,32,63,134,4,4,4,2,2,2,53,43,45,125,73,109,125,138,114
1898,5,6,11,2,6,30,24,24,23,20,96,23,20,165,12,145,2,6,15,19,15,18,54,16,15,98,16,15,50,28,14,0,1,7,9,7,10,22,60,53,115,121,15,126,139,190,6,11,17,39,87,3,7,1,25,10,23,44,35,28,65,65,44,111,86,99
1899,7,8,2,9,12,4,8,43,45,33,43,45,33,18,72,216,0,7,3,4,19,16,19,45,47,19,45,86,168,79,73,0,1,7,9,1,10,33,40,60,99,5,120,181,101,253,13,24,43,82,173,6,3,8,18,15,13,13,31,16,25,13,41,79,64,96
1900,11,2,9,3,2,28,26,6,54,49,6,125,24,58,93,210,8,10,7,6,7,10,7,34,7,68,87,7,225,7,85,0,1,7,4,29,31,36,1,0,97,15,103,163,227,42,9,18,32,64,137,5,5,5,6,24,6,30,18,24,24,30,20,24,193,186
1901,9,15,9,11,11,0,26,6,54,49,122,75,100,58,197,224,3,0,4,3,0,4,26,0,4,26,105,4,153,199,219,2,5,5,8,19,16,7,51,49,15,12,44,53,7,187,9,15,23,50,105,7,6,7,7,6,8,0,0,1,32,28,16,236,183,57
1902,47,4,14,3,16,16,25,56,37,41,56,94,54,110,71,128,8,10,7,27,24,6,24,18,33,24,18,33,2,166,25,15,15,15,3,26,26,11,5,57,12,55,3,220,12,182,9,16,26,54,114,10,5,5,16,19,24,19,21,18,18,17,18,3,5,4
1903,35,1,1,13,18,31,22,17,47,28,79,47,28,6,37,24,1,2,10,17,22,26,22,21,21,22,21,21,224,170,66,1,7,11,19,22,5,20,10,16,2,32,14,64,3,6,2,3,5,9,24,11,0,13,21,22,21,10,11,11,0,1,0,7,3,2
1904,53,8,14,4,23,9,1,49,44,26,12,3,25,177,251,11,15,14,11,0,20,3,41,9,45,41,99,43,61,248,194,0,1,7,4,1,10,30,52,55,95,120,4,212,121,197,13,27,53,102,214,6,3,8,10,13,14,21,20,25,37,50,49,105,39,66
1905,52,11,15,4,0,9,16,39,62,9,39,77,122,201,47,213,15,14,11,29,8,27,25,48,39,25,74,113,90,83,214,0,1,7,4,20,10,61,35,39,91,20,63,98,0,103,13,27,51,98,205,8,7,9,30,10,26,47,45,43,38,43,40,68,83,56
1906,20,6,11,2,26,30,24,24,23,20,24,56,68,124,84,124,2,6,15,2,15,18,54,4,15,115,76,115,93,132,98,0,1,7,9,7,10,16,48,59,38,35,55,245,90,61,6,11,17,39,86,3,7,1,3,4,3,44,52,59,84,83,82,88,90,84
1907,37,7,5,3,25,3,2,7,2,2,109,100,2,92,120,79,6,3,2,10,17,21,33,39,34,33,39,34,108,6,141,12,8,1,7,9,14,35,31,2,117,101,108,43,106,69,15,30,60,118,242,1,1,2,0,0,4,22,9,9,43,39,38,42,22,45
1908,23,7,5,8,25,3,2,37,2,6,57,111,75,8,2,101,6,3,2,10,17,21,34,55,31,4,6,9,221,46,36,12,8,1,7,9,14,17,37,1,56,1,61,136,102,210,15,30,60,119,244,1,1,2,0,0,4,17,13,10,89,54,11,98,111,161
1909,17,11,15,5,10,17,16,40,31,14,82,31,14,7,26,49,7,12,13,7,23,7,55,3,61,81,124,126,202,195,184,0,9,7,0,31,15,15,50,19,112,71,118,71,183,253,14,29,57,114,233,4,4,4,2,2,2,5,48,5,11,55,28,141,71,73
1910,23,7,5,9,12,4,8,43,45,33,37,45,108,18,70,114,0,7,3,4,19,16,19,45,47,19,45,86,144,13,250,12,8,1,9,1,10,33,40,60,99,5,120,181,20,148,13,24,43,83,176,1,3,8,18,15,13,13,31,16,34,13,39,79,64,96
1911,3,3,0,1,30,13,15,59,7,38,108,7,84,73,212,129,12,2,10,31,10,30,20,25,26,20,86,98,26,33,22,6,13,4,2,3,1,29,26,5,90,50,21,16,93,196,3,7,9,19,44,0,0,0,14,12,0,18,19,8,15,18,12,134,146,182
1912,63,8,2,9,12,4,8,47,3,25,25,3,25,170,72,11,15,14,11,0,13,3,39,20,53,39,80,116,56,236,158,0,1,7,9,1,10,30,52,55,57,112,102,19,214,253,13,24,43,83,175,6,3,8,10,15,14,21,37,34,60,59,53,116,100,141
1913,61,5,3,10,19,19,13,41,57,45,41,57,45,3,173,10,14,6,0,23,6,0,12,49,0,12,73,0,235,172,69,10,10,3,12,15,11,14,2,4,8,38,0,0,147,167,4,8,13,29,67,3,9,1,3,4,3,2,5,6,7,4,6,89,67,32
1914,16,11,13,5,8,10,3,4,50,3,104,95,85,84,157,127,7,12,13,7,23,7,5,53,20,64,114,20,57,38,53,9,9,9,0,31,15,58,16,62,0,56,64,157,141,91,14,29,57,114,233,4,4,4,2,2,2,11,30,30,3,16,21,40,227,60
1915,3,15,6,11,11,5,28,22,9,30,22,127,100,206,243,33,3,0,4,3,0,4,26,0,4,106,0,90,129,174,71,2,5,5,8,19,16,51,8,13,73,51,23,112,149,224,7,12,18,41,90,7,6,7,7,6,8,0,0,1,26,14,26,64,49,23
1916,17,11,15,5,10,17,3,51,50,14,104,50,114,68,60,251,7,12,13,7,23,7,55,3,61,81,124,61,136,3,210,9,9,9,0,31,15,15,50,19,0,56,121,37,241,223,14,29,57,113,231,4,4,4,2,2,2,5,7,5,11,19,37,46,104,116
1917,40,2,9,3,2,28,31,2,6,54,114,6,66,151,80,41,8,10,7,6,7,10,36,35,63,114,119,63,87,36,196,15,15,15,13,7,24,60,9,36,78,90,76,237,156,253,9,15,25,53,112,5,5,5,6,17,6,36,10,39,29,32,30,17,48,38
1918,48,15,6,11,11,0,28,13,48,29,95,81,29,167,129,147,3,0,4,3,0,4,26,0,4,66,117,4,230,143,143,2,5,5,8,19,16,7,51,49,6,78,9,188,113,4,7,12,18,40,88,7,6,7,7,6,8,0,0,1,82,45,57,58,57,71
1919,19,14,10,0,14,23,19,34,18,19,102,18,19,89,117,26,10,9,8,12,14,11,14,15,10,14,64,10,18,16,120,11,12,0,26,25,2,52,13,30,4,9,12,2,24,2,8,14,22,49,103,12,10,11,23,18,18,15,15,19,2,3,3,8,13,6
1920,39,15,9,11,11,6,28,50,46,24,77,46,74,213,136,245,3,0,4,25,25,23,3,27,29,3,113,102,91,92,75,7,0,10,17,14,19,43,24,32,29,61,34,128,10,101,7,13,20,46,96,7,6,7,19,21,19,6,8,7,69,61,71,38,31,20
1921,36,3,2,1,30,13,15,23,7,7,85,73,7,219,78,72,0,7,3,26,13,24,37,57,25,37,120,69,214,93,72,0,1,7,2,3,1,27,46,51,36,99,54,88,164,176,3,7,9,20,46,0,3,8,27,27,13,54,37,34,106,44,46,23,25,192
1922,12,13,7,6,27,14,6,20,60,58,74,123,79,132,42,4,13,13,6,22,8,22,51,30,24,51,78,24,75,202,116,0,1,7,1,0,22,57,11,14,116,70,104,230,145,63,13,27,52,101,209,9,8,6,5,5,7,38,32,2,64,41,54,86,78,106
1923,44,10,5,8,4,26,7,57,13,44,117,13,44,240,223,22,6,3,2,30,3,2,4,52,9,92,52,68,63,17,220,12,8,1,18,27,18,31,4,58,5,24,56,182,16,84,16,32,63,124,251,1,1,2,0,0,5,24,22,21,17,27,15,15,19,19
1924,25,6,11,2,26,8,10,8,43,62,81,43,62,38,130,255,15,1,11,15,1,20,9,1,50,9,1,18,198,105,30,0,1,7,10,20,6,10,58,4,109,90,48,224,225,54,6,11,16,34,78,8,12,9,11,23,11,12,56,13,4,109,77,173,72,146
1925,61,5,3,10,19,19,13,41,27,20,58,27,42,50,89,10,14,6,0,2,6,0,52,4,0,52,4,66,216,60,96,10,10,3,9,4,10,10,58,4,124,90,38,25,21,130,4,8,13,28,64,3,9,1,3,4,3,44,52,59,84,83,82,88,90,84
1926,1,11,15,5,10,17,3,51,50,14,40,50,122,68,167,165,7,12,13,7,23,7,55,3,61,5,115,88,177,128,165,0,1,7,0,31,15,15,50,19,0,56,121,231,207,158,14,29,57,114,232,4,4,4,2,2,2,5,7,5,77,77,37,183,186,98
1927,36,3,0,1,30,13,15,59,7,38,108,7,84,252,140,129,12,2,10,31,10,30,20,25,26,20,86,98,26,33,22,6,13,4,2,3,1,29,26,5,119,6,13,238,177,180,7,13,21,48,100,0,0,0,14,12,0,18,19,8,15,18,12,146,197,223
1928,26,6,11,2,26,30,0,24,23,0,89,79,0,16,103,112,2,6,15,19,15,18,32,16,15,116,16,111,172,231,181,0,1,7,9,4,10,55,15,24,124,40,90,71,160,253,6,11,16,35,79,3,7,1,13,14,15,28,44,53,52,57,48,50,52,62
1929,54,3,9,9,26,9,14,10,14,9,76,109,86,75,31,137,15,14,11,0,13,3,39,20,53,39,80,116,56,236,158,0,1,7,4,1,10,27,46,51,39,125,46,83,55,48,13,27,54,106,219,6,3,8,10,15,14,57,37,34,78,88,53,116,100,107
1930,51,12,8,7,15,18,12,32,16,32,32,16,32,181,64,90,4,5,1,5,4,15,21,50,62,21,5,62,62,51,238,3,6,2,31,5,4,21,25,29,114,127,71,189,35,104,1,2,4,7,18,2,2,3,1,1,1,4,4,4,10,21,10,48,43,76
1931,10,1,1,13,5,1,9,45,5,18,112,5,112,96,24,221,12,2,10,14,30,5,63,13,5,117,101,5,9,87,140,6,13,4,2,3,1,3,22,9,11,95,18,249,68,17,3,6,8,15,36,0,0,0,4,3,0,20,2,0,35,36,43,19,51,104
1932,48,15,6,11,11,5,28,22,9,30,84,9,30,206,234,147,3,0,4,3,0,4,26,0,4,66,117,4,154,143,216,2,5,5,8,19,16,7,51,49,6,78,9,190,175,0,7,12,18,42,92,7,6,7,7,6,8,0,0,1,26,45,57,44,35,71
1933,4,1,1,13,18,31,22,17,30,28,79,30,126,6,34,108,1,2,10,17,22,26,22,21,21,112,21,122,67,24,21,1,7,11,19,22,5,20,10,16,108,66,111,186,41,140,2,3,5,9,23,11,0,13,21,22,21,10,11,11,0,1,0,32,47,44
1934,17,13,15,6,7,17,5,25,28,58,119,28,122,91,128,71,13,13,6,16,28,9,49,30,57,49,110,57,84,160,57,0,1,7,4,4,10,57,23,14,96,2,2,71,239,134,3,5,7,14,34,4,4,4,22,2,7,60,59,60,77,68,92,183,186,98
1935,44,10,12,8,4,26,21,35,40,31,35,40,31,104,249,132,6,3,2,24,27,28,27,31,2,95,31,72,51,73,173,8,2,12,24,16,17,41,59,12,79,68,75,247,54,107,16,32,62,123,248,1,1,2,15,11,5,35,25,33,28,22,24,5,10,3
1936,23,8,5,9,12,4,8,43,45,33,43,45,33,18,139,237,0,7,3,4,19,16,19,45,47,19,45,86,168,79,73,0,1,7,9,1,10,33,40,60,99,5,120,116,162,148,13,24,43,82,173,6,3,8,18,15,13,13,31,16,25,13,41,79,64,96
1937,41,1,0,13,1,22,17,1,11,10,69,102,107,109,41,61,1,2,10,1,2,25,1,2,17,105,2,17,134,2,59,6,13,4,30,13,23,19,14,41,1,102,95,229,11,111,3,4,6,12,29,0,0,0,9,7,10,1,1,3,44,0,2,62,180,41
1938,36,3,2,1,30,13,15,10,7,38,108,7,84,81,150,129,12,2,10,31,10,30,53,46,26,90,68,26,147,201,103,0,1,7,2,3,1,29,26,5,90,50,21,71,160,71,10,20,37,72,152,0,0,0,14,12,0,18,19,8,15,107,112,171,162,155
1939,62,10,12,8,4,26,7,9,38,27,121,38,27,254,118,122,6,3,2,24,3,28,27,31,40,102,107,40,169,127,142,8,2,12,22,8,29,24,20,46,70,98,40,27,46,15,16,32,64,127,255,1,1,2,15,11,5,26,27,27,58,23,84,75,62,48
1940,40,0,4,15,21,2,18,48,8,56,48,84,56,14,156,68,5,4,12,11,12,12,46,60,48,46,60,48,65,66,48,15,15,15,16,30,13,50,39,27,25,107,86,145,72,242,12,23,41,79,165,5,11,10,8,8,9,37,3,37,21,26,33,11,41,16
1941,62,1,1,13,18,31,22,17,47,28,79,47,28,6,67,24,1,2,10,17,22,26,22,21,21,22,21,21,67,24,21,1,7,11,19,22,5,20,10,16,108,66,111,64,41,6,2,3,5,9,24,11,0,13,21,22,21,10,11,11,0,1,0,32,47,44
1942,41,1,0,13,1,22,17,1,11,10,1,106,76,13,112,177,1,2,10,1,2,25,1,2,17,105,112,17,64,2,246,6,13,4,30,13,23,19,14,41,17,39,107,195,210,162,3,4,6,12,29,0,0,0,9,7,10,1,1,3,22,0,2,115,223,155
1943,55,3,2,1,30,13,15,59,7,38,59,86,84,73,179,129,12,2,10,31,10,30,20,25,26,20,86,98,26,33,22,6,13,4,2,3,1,29,26,5,90,50,21,120,58,71,3,7,9,18,43,0,0,0,14,12,0,18,19,8,15,18,12,9,11,8
1944,35,1,1,13,18,31,22,17,30,28,79,124,28,6,67,24,1,2,10,17,22,26,22,21,21,22,21,21,224,170,66,1,7,11,19,22,5,20,10,16,2,32,14,62,178,230,2,3,5,9,24,11,0,13,21,22,21,10,11,11,0,1,0,7,3,2
1945,9,15,6,11,11,5,28,22,9,30,22,127,100,206,243,33,3,0,4,3,0,4,26,0,4,106,0,90,129,174,71,2,5,5,8,19,16,51,8,13,73,51,23,112,149,224,7,12,18,41,90,7,6,7,7,6,8,0,0,1,26,14,26,64,49,23
1946,54,13,7,6,29,14,14,62,26,15,62,99,119,239,36,70,13,13,6,22,8,22,23,24,28,23,24,28,31,23,24,0,1,7,6,10,9,8,18,20,28,74,32,104,237,78,11,21,38,74,156,9,8,6,27,27,30,39,41,41,33,34,35,10,8,10
1947,15,9,8,12,13,27,12,46,24,60,123,80,60,51,87,191,4,11,1,5,26,31,38,62,55,38,83,55,217,221,248,3,6,2,15,2,28,10,12,50,71,92,26,240,215,205,1,1,1,2,3,2,2,3,12,9,12,8,12,14,19,15,22,33,66,64
1948,4,9,8,12,13,27,20,46,24,60,46,80,57,51,228,191,12,2,10,31,21,17,40,40,49,40,40,65,178,243,55,6,13,4,4,4,10,54,54,18,71,92,49,148,71,247,1,1,1,2,3,2,0,0,22,31,16,51,53,56,71,72,78,72,66,64
1949,63,9,8,12,13,27,20,46,24,53,46,87,67,195,236,99,4,5,1,5,4,31,38,62,55,38,104,55,78,186,102,3,6,2,15,2,28,48,21,6,52,110,99,48,48,18,1,2,2,5,12,2,2,3,1,1,1,14,24,22,86,10,99,127,123,95
1950,21,8,2,9,9,20,20,5,12,39,68,36,94,42,3,254,9,14,5,29,29,27,11,33,32,101,97,74,132,42,224,0,1,7,20,20,25,49,38,56,123,73,70,254,157,199,10,20,37,72,153,8,3,9,17,16,20,45,33,42,45,46,42,140,26,85
1951,57,7,5,8,25,3,2,7,2,27,7,111,27,46,97,43,6,3,2,10,17,21,34,55,31,111,6,101,199,149,131,12,8,1,7,9,14,17,37,1,35,77,110,191,70,131,15,30,60,119,243,1,1,2,0,0,4,22,13,10,56,66,63,82,117,90
1952,3,1,0,13,5,22,9,45,1,34,44,5,10,120,4,177,12,2,10,14,30,5,63,13,38,63,90,38,109,58,186,6,13,4,2,3,1,3,22,9,27,13,58,206,204,14,3,6,8,17,39,0,0,0,4,3,0,7,2,0,67,89,70,128,211,151
1953,26,5,3,10,19,19,0,36,57,45,36,57,0,182,133,0,14,6,0,23,6,0,12,49,0,12,73,0,70,172,0,10,10,3,12,15,11,14,2,4,8,38,0,0,120,34,4,8,13,29,67,3,9,1,3,4,3,2,5,6,7,4,6,89,67,32
1954,15,12,8,7,15,18,12,32,16,61,32,16,61,192,64,65,4,5,1,5,4,15,21,50,62,21,92,62,249,51,238,3,6,2,31,5,4,21,25,29,114,8,71,189,35,104,1,2,4,7,19,2,2,3,1,1,1,4,4,4,10,21,10,48,43,51
1955,16,6,11,2,20,12,11,19,17,0,89,79,117,30,103,112,2,6,15,19,15,18,32,16,15,116,16,111,172,197,172,0,1,7,9,4,10,55,15,24,63,40,90,29,151,54,6,11,16,35,80,3,7,1,13,14,15,28,44,53,52,57,48,50,52,203
1956,9,15,9,11,11,6,23,63,53,50,92,64,88,130,146,162,3,0,4,25,25,23,3,27,29,3,65,29,20,27,34,7,0,10,25,18,8,38,43,34,89,49,119,3,198,165,7,13,19,43,93,7,6,7,19,21,19,6,8,7,5,7,7,12,2,9
1957,9,15,6,11,11,0,28,22,0,30,84,9,30,67,234,147,3,0,4,3,0,4,26,0,4,66,117,90,154,143,216,2,5,5,8,19,16,7,51,49,22,46,44,200,203,67,3,7,9,19,45,7,6,7,7,6,8,0,0,1,26,45,57,44,35,71
1958,60,13,7,14,3,15,27,3,35,17,3,35,17,129,220,12,11,8,9,9,9,8,8,7,11,8,7,11,8,8,243,4,4,8,21,11,0,39,32,10,20,18,50,17,5,33,5,9,14,30,70,13,13,14,26,25,25,23,23,20,6,6,8,0,0,0
1959,21,9,8,12,13,27,12,30,24,53,123,85,60,193,33,189,4,5,1,5,4,31,6,23,36,6,82,36,248,255,178,3,6,2,15,2,28,1,12,50,37,42,26,67,34,220,1,1,1,1,2,2,2,3,12,9,12,8,12,14,19,15,22,33,107,14
1960,29,2,9,11,2,28,26,50,46,24,77,46,24,213,107,106,3,0,4,25,25,23,3,27,29,3,113,102,91,92,75,0,1,7,17,14,19,43,24,32,29,61,34,128,10,101,7,13,20,46,96,7,6,7,19,21,19,6,8,7,69,61,71,38,31,20
1961,13,8,2,9,12,4,8,12,3,25,76,103,120,162,149,214,15,14,11,0,13,3,39,20,53,39,80,116,56,236,158,0,1,7,9,1,10,27,61,51,39,125,46,83,55,48,13,24,43,83,176,6,3,8,10,15,14,57,37,34,78,88,53,116,100,107
1962,44,10,12,8,12,4,21,43,40,31,70,40,80,190,70,114,0,7,3,4,27,16,44,29,47,44,29,2,151,74,16,8,2,12,24,16,17,53,34,33,24,17,20,74,29,5,16,32,62,122,247,1,3,8,18,11,13,13,25,16,34,13,39,21,30,31
1963,0,1,0,1,30,1,15,59,7,38,59,86,84,73,179,129,12,2,10,31,10,30,20,25,26,20,86,98,26,33,22,6,13,4,2,3,1,29,26,5,90,50,21,120,58,71,3,6,8,15,36,0,0,0,14,12,0,18,19,8,15,18,12,9,11,8
1964,48,15,6,11,11,6,28,13,48,29,95,81,30,167,129,147,3,0,4,3,0,4,26,0,4,66,117,4,230,143,143,2,5,5,8,19,16,7,51,49,22,46,44,188,113,4,7,12,18,40,88,7,6,7,7,6,8,0,0,1,82,45,57,44,35,71
1965,53,14,10,4,22,8,10,8,43,62,86,88,93,196,130,8,15,1,11,15,1,20,9,1,50,9,1,50,175,1,30,0,1,7,10,20,6,32,49,54,109,75,48,59,197,253,10,19,34,68,145,8,12,9,11,23,11,12,14,13,4,2,5,14,73,22
1966,26,5,3,10,19,19,13,36,57,45,36,57,47,50,11,246,14,6,0,23,6,0,12,49,0,12,73,104,16,18,252,10,10,3,12,15,11,14,2,4,103,81,82,7,251,38,4,8,13,29,66,3,9,1,3,4,3,2,5,6,7,4,6,51,56,54
1967,20,15,6,11,11,0,28,22,0,30,122,127,30,231,0,33,3,0,4,3,0,4,26,0,4,106,0,90,3,0,139,2,5,5,8,19,16,7,51,49,22,46,44,200,203,67,7,12,18,42,91,7,6,7,7,6,8,0,0,1,26,14,16,44,35,35
1968,37,7,5,3,25,3,2,55,29,2,109,100,123,236,182,79,6,3,2,10,17,21,33,39,34,33,39,34,252,135,141,12,8,1,7,9,14,35,31,2,117,101,108,49,96,204,15,30,58,116,237,1,1,2,0,0,4,22,9,9,43,39,38,42,22,45
1969,49,11,15,5,10,17,3,51,50,14,104,50,122,114,242,203,7,12,13,7,23,7,55,3,61,5,115,88,7,3,149,0,1,7,0,31,15,10,58,19,0,56,121,211,241,37,14,29,56,111,227,4,4,4,2,2,2,5,7,5,94,77,37,210,104,102
1970,17,11,15,9,10,17,16,51,25,14,51,50,106,57,139,21,0,7,3,4,19,16,19,45,47,19,45,47,54,78,107,0,1,7,0,31,15,33,40,60,84,89,105,192,135,115,13,25,46,88,184,4,4,4,2,2,2,5,7,5,25,49,41,67,63,89
1971,33,5,3,10,19,19,13,26,57,43,26,57,43,59,18,10,14,6,0,23,6,0,12,49,0,52,4,0,255,131,218,10,10,3,12,15,11,14,2,4,124,90,38,144,23,42,4,8,13,28,64,3,9,1,3,4,3,2,5,6,39,42,51,186,110,166
1972,56,13,7,6,27,14,6,25,28,58,88,123,58,12,105,229,13,13,6,16,28,9,13,30,6,94,30,84,13,117,137,0,1,7,1,0,22,57,11,14,59,33,123,86,57,10,11,22,40,76,160,9,8,6,5,5,7,3,6,2,20,37,45,30,21,63
1973,34,8,2,4,23,8,10,42,61,52,113,103,120,205,184,99,9,11,5,29,26,27,11,33,32,99,94,74,197,212,182,0,1,7,4,1,10,63,61,35,124,90,76,71,160,253,10,19,33,66,140,6,3,8,10,15,14,41,33,46,57,48,61,77,59,43
1974,32,6,11,2,20,12,11,19,17,22,19,17,22,82,9,29,2,6,15,2,15,18,2,44,46,2,44,46,100,4,27,13,14,13,11,21,21,40,33,31,60,117,30,241,228,25,6,10,15,31,72,3,7,1,13,14,15,16,16,12,9,8,9,2,4,30
1975,51,12,8,7,15,18,12,32,16,32,64,24,73,181,64,90,4,5,1,5,4,15,21,50,62,21,5,62,62,51,238,3,6,2,31,5,4,21,0,23,7,127,5,139,64,239,1,2,4,7,18,2,2,3,1,1,1,4,4,4,10,21,1,45,20,37
1976,11,2,1,3,22,21,9,8,44,55,8,34,116,79,144,74,15,14,11,29,31,27,47,58,59,47,58,3,19,75,90,0,1,7,4,4,10,5,1,37,121,100,8,58,124,159,3,6,8,17,42,5,12,5,24,26,17,56,50,45,68,67,67,80,70,105
1977,20,12,8,7,15,18,12,32,16,32,64,24,73,76,64,118,4,5,1,5,4,15,21,5,12,21,5,12,113,140,155,3,6,2,31,5,4,21,0,23,114,127,5,33,35,174,1,2,3,6,17,2,2,3,1,1,1,4,4,4,10,21,1,45,38,37
1978,30,11,13,5,8,29,3,4,50,3,4,95,85,188,253,241,7,12,13,7,23,7,5,53,20,5,115,88,177,113,53,9,9,9,0,31,15,15,50,19,112,103,29,231,183,158,14,29,57,114,233,4,4,4,2,2,2,5,7,5,11,19,28,87,79,144
1979,34,3,2,4,23,9,1,12,7,63,101,87,49,87,126,190,12,2,10,31,21,17,53,28,35,82,28,85,98,151,88,0,1,7,4,4,10,10,58,55,80,126,93,84,66,248,3,7,11,26,60,6,3,8,10,13,14,21,20,45,92,73,81,125,89,114
1980,40,2,9,3,2,28,31,2,6,54,115,34,116,97,102,41,8,10,7,6,7,10,36,35,63,114,119,63,87,36,196,15,15,15,13,7,24,60,9,36,78,10,6,71,160,253,9,15,25,53,112,5,5,5,6,17,6,36,10,39,29,32,30,17,48,38
1981,33,13,7,6,26,13,14,25,60,9,25,60,9,52,19,4,14,6,0,23,6,0,12,49,0,12,73,0,255,192,218,0,1,7,4,4,10,10,58,4,126,79,114,12,109,119,13,27,54,104,216,3,9,1,3,4,3,2,60,34,66,69,66,220,68,194
1982,6,6,11,2,16,16,25,56,37,41,56,94,41,110,71,120,8,10,7,27,24,6,24,18,33,24,18,33,2,166,25,15,15,15,3,26,26,11,5,57,12,55,3,23,59,139,9,16,26,54,113,10,5,5,16,19,24,19,21,18,18,17,18,3,5,4
1983,34,3,2,4,28,9,1,25,21,7,25,61,63,207,110,249,15,14,11,0,13,3,39,20,53,39,80,116,56,236,158,0,1,7,4,4,10,4,27,38,67,105,87,137,161,252,13,27,54,104,216,8,3,9,27,13,11,40,38,36,61,38,47,213,212,165
1984,47,6,14,2,16,16,25,56,37,41,56,97,41,29,71,128,8,10,7,27,24,6,24,18,33,24,18,33,2,166,25,15,15,15,3,26,26,11,5,57,12,55,3,220,12,182,9,16,26,54,114,10,5,5,16,19,24,19,21,18,18,17,18,3,5,4
1985,35,1,1,13,18,31,22,17,30,28,79,124,126,6,37,108,1,2,10,17,22,26,22,21,21,22,21,21,224,170,66,1,7,11,19,22,5,20,10,16,2,32,14,64,3,6,2,3,5,9,24,11,0,13,21,22,21,10,11,11,0,1,0,7,3,2
1986,30,11,13,5,17,10,18,42,36,59,53,114,59,235,142,180,7,12,13,21,23,29,5,53,20,64,114,20,57,38,237,9,9,9,0,31,15,58,16,62,65,64,91,162,108,206,14,29,56,111,227,4,4,4,2,2,2,29,30,30,3,16,21,40,69,13
1987,22,3,7,1,7,13,5,29,22,48,99,19,48,233,181,113,12,2,10,31,21,17,53,28,35,82,28,85,98,151,88,6,13,4,4,4,10,57,23,14,93,65,88,133,61,87,3,5,7,14,35,0,0,6,22,29,16,27,29,26,73,90,80,84,81,91
1988,28,9,8,12,13,27,12,30,20,53,30,85,53,34,87,111,4,5,1,5,4,31,6,23,36,6,82,36,248,255,32,3,6,2,15,2,28,1,12,50,37,42,26,67,74,220,1,2,4,8,22,2,2,3,12,9,12,8,12,14,19,15,22,43,23,14
1989,50,3,0,1,30,1,15,59,7,38,59,86,84,81,212,185,12,2,10,31,10,30,20,25,26,20,86,98,26,33,22,6,13,4,2,3,1,29,26,5,90,50,21,160,190,147,3,7,9,18,43,0,0,0,14,12,0,18,19,8,15,18,12,9,11,8
1990,19,14,10,0,14,23,19,34,18,19,102,118,19,9,38,178,10,9,8,12,14,11,14,15,10,14,64,10,18,16,120,11,12,0,26,25,2,52,13,30,4,9,12,2,24,90,8,14,22,49,103,12,10,11,23,18,18,15,15,19,2,3,3,8,13,6
1991,53,6,0,2,23,21,4,49,44,55,49,83,64,195,66,27,15,14,11,29,31,27,47,58,59,47,58,3,19,75,90,0,1,7,4,4,10,5,1,37,31,90,8,71,82,231,9,18,30,58,124,6,10,12,24,26,17,43,39,35,40,85,52,137,128,238
1992,19,14,10,0,14,23,19,21,18,19,21,18,19,89,194,178,10,9,8,12,14,11,14,15,10,14,64,10,18,16,120,11,12,0,26,25,2,52,13,30,4,9,12,209,206,207,8,14,22,49,103,12,10,11,23,18,18,15,15,19,2,3,3,8,13,6
1993,30,11,13,5,8,10,30,31,15,35,65,65,35,131,162,57,7,12,13,21,5,29,28,22,37,28,22,87,22,226,26,9,9,9,5,17,3,23,28,17,23,27,22,30,13,1,14,28,55,107,222,4,4,4,20,20,22,11,17,17,1,5,4,4,7,7
1994,61,5,3,10,19,19,13,26,27,42,41,27,47,50,250,25,14,6,0,23,6,0,12,49,0,12,73,0,235,172,69,10,10,3,12,15,11,14,2,4,126,79,114,12,109,119,4,8,13,29,65,3,9,1,3,4,3,2,5,6,66,69,66,91,68,59
1995,43,10,12,8,4,26,7,9,38,27,9,76,105,198,115,16,6,3,2,24,3,28,27,31,40,74,66,100,27,25,38,8,2,12,28,23,12,28,36,11,62,45,39,52,112,85,16,32,64,125,252,1,1,2,15,11,5,26,27,27,74,23,72,41,60,49
1996,53,3,15,5,0,17,16,40,25,14,82,79,62,16,225,156,7,12,13,7,23,7,55,3,30,86,3,30,174,190,144,0,1,7,4,4,10,10,58,19,9,103,7,193,2,100,13,26,49,95,201,4,4,4,2,2,2,49,57,44,90,76,94,124,106,167
1997,13,3,0,1,30,1,15,59,7,38,108,86,84,73,179,129,9,11,5,31,26,14,53,46,49,121,122,107,104,106,167,0,1,7,2,3,1,10,58,5,124,90,76,120,58,71,3,7,9,18,43,0,0,0,14,12,0,18,19,8,86,78,99,244,218,245
1998,60,13,7,14,3,15,27,3,35,17,3,35,17,129,189,12,11,8,9,9,9,8,8,7,11,8,7,11,8,8,243,4,4,8,21,11,0,39,32,10,20,18,50,174,6,74,5,9,14,30,70,13,13,14,26,25,25,23,23,20,6,6,8,0,0,0
1999,8,0,4,15,17,2,18,18,36,59,18,119,104,247,204,149,5,4,12,11,12,12,15,38,14,15,38,14,112,147,12,15,15,15,16,30,13,18,17,22,124,57,76,32,253,253,12,23,42,81,171,5,11,10,8,8,9,9,3,15,12,9,13,29,55,93
2000,10,1,1,13,5,25,9,45,19,37,73,117,87,115,35,130,12,2,10,31,21,17,53,46,49,109,96,49,83,169,45,6,13,4,2,4,1,54,54,18,98,47,126,65,160,253,3,7,10,21,49,0,0,0,22,3,16,51,51,50,76,84,79,100,84,80
2001,51,9,8,12,13,27,12,27,24,53,123,85,63,142,110,30,4,5,1,5,4,31,6,23,36,6,82,112,170,134,178,3,6,2,15,2,28,21,12,50,125,60,26,73,53,121,1,2,2,4,6,2,2,3,12,1,1,8,12,14,110,25,83,152,155,139
2002,29,2,9,3,2,28,26,6,34,49,6,89,89,58,76,15,8,10,7,6,7,10,7,34,7,68,87,7,34,7,85,15,15,15,13,29,31,36,1,0,97,15,103,50,242,95,9,15,25,53,111,5,5,5,6,24,6,30,18,24,24,30,20,24,24,21
2003,24,4,14,2,31,7,4,38,52,23,116,120,23,128,127,240,8,15,14,18,16,13,18,17,16,18,17,16,14,14,13,5,3,6,23,6,20,25,30,7,21,106,52,78,95,105,9,17,27,55,116,14,14,12,28,28,27,31,34,29,13,11,14,1,1,1
2004,32,3,12,8,20,12,11,54,17,22,54,17,22,126,25,230,2,6,15,2,15,18,2,44,46,2,44,46,100,4,27,13,14,13,11,21,21,40,33,31,124,90,76,71,160,253,9,18,32,62,131,3,7,1,13,14,15,16,16,12,9,8,9,41,4,12
2005,50,15,6,11,11,5,28,22,9,30,22,127,29,155,231,33,3,0,4,3,0,4,26,0,4,106,0,90,129,174,71,2,5,5,8,19,16,51,8,13,73,51,23,112,149,224,7,12,18,41,90,7,6,7,7,6,8,0,0,1,26,14,26,64,49,23
2006,34,8,2,4,9,4,20,61,3,39,113,122,120,168,221,96,15,14,11,0,20,3,39,47,13,118,47,13,79,12,190,0,1,7,20,1,25,63,61,35,104,0,65,164,47,146,13,24,44,84,177,6,3,8,10,15,14,41,33,46,57,48,61,77,59,43
2007,3,3,0,1,30,13,14,33,7,5,33,96,55,21,212,125,0,7,3,26,11,24,31,42,8,35,95,114,59,45,135,0,1,7,4,4,10,10,58,37,61,90,94,214,85,229,10,20,36,71,149,1,1,2,31,29,28,43,55,55,91,60,58,252,118,217
2008,22,1,1,13,7,25,5,10,19,48,99,19,48,120,35,113,12,2,10,14,30,5,63,13,38,63,90,78,250,224,110,6,13,4,29,24,27,10,58,4,124,90,76,166,160,253,3,6,8,17,39,0,0,0,22,3,16,27,29,26,30,31,29,221,238,228
2009,30,11,13,5,8,29,3,4,32,3,78,114,127,235,135,184,7,12,13,21,23,29,5,53,20,64,114,20,57,38,237,9,9,9,0,31,15,58,16,62,65,64,91,71,78,23,14,29,56,111,228,4,4,4,2,2,2,29,30,30,3,16,21,40,69,13
2010,44,10,12,8,4,26,7,9,38,27,9,76,105,198,188,16,6,3,2,24,3,28,27,31,40,74,66,100,27,25,38,8,2,12,28,23,12,28,36,11,100,26,19,89,9,66,16,32,64,125,253,1,1,2,15,11,5,26,27,27,74,23,72,41,60,49
2011,10,1,1,13,5,25,9,45,19,18,17,91,112,120,24,130,12,2,10,14,30,5,63,13,38,63,90,38,109,58,186,6,13,4,2,3,1,3,22,9,124,13,76,215,119,236,3,6,8,17,42,0,0,0,4,3,16,27,29,0,109,82,118,123,213,193
2012,59,11,13,5,8,29,3,4,50,3,104,114,127,235,50,167,7,12,13,7,23,7,5,53,20,64,114,20,57,38,53,9,9,9,0,31,15,58,16,62,0,34,64,146,191,177,14,29,56,111,227,4,4,4,2,2,2,29,30,30,3,16,21,135,14,60
2013,37,7,5,8,25,3,2,7,2,21,97,2,21,70,50,169,6,3,2,10,17,21,34,55,31,67,55,101,89,149,5,12,8,1,7,9,14,44,37,44,18,90,16,43,98,253,15,30,58,116,236,1,1,2,0,0,4,17,13,10,14,12,63,20,28,11
2014,48,15,6,11,11,5,28,13,48,30,95,81,24,167,129,147,3,0,4,3,0,4,26,0,4,66,117,4,230,143,143,2,5,5,8,19,16,7,51,49,6,78,9,188,113,4,7,12,18,40,88,7,6,7,7,6,8,0,0,1,82,45,57,58,57,71
2015,16,9,8,12,13,27,12,30,24,53,123,85,53,193,87,189,4,5,1,5,4,31,6,23,36,6,82,36,170,134,178,3,6,2,15,2,28,1,12,50,37,42,26,67,34,220,1,1,1,1,1,2,2,3,12,9,12,8,12,14,19,15,22,43,23,14
2016,42,2,9,3,2,28,26,6,54,49,6,89,101,228,197,15,8,10,7,6,7,10,7,34,7,68,87,7,34,7,85,0,1,7,4,29,31,36,1,0,97,15,103,50,242,95,9,15,23,50,106,5,5,5,6,24,6,30,18,24,24,30,20,24,24,21
2017,62,8,2,4,28,9,1,12,21,52,25,119,18,207,74,170,1,2,10,17,22,26,22,21,21,22,21,21,224,170,66,1,7,11,19,22,5,30,10,55,39,124,46,110,128,169,3,7,11,22,50,11,0,13,21,22,21,10,11,11,78,88,0,174,189,178
2018,54,3,0,1,30,1,15,23,7,38,85,7,84,10,68,185,12,2,10,31,10,30,20,25,26,20,86,98,26,33,22,6,13,4,2,3,1,29,26,5,90,50,21,88,226,176,3,7,9,20,46,0,0,0,14,12,0,18,19,8,15,18,12,9,11,8
2019,22,8,7,9,29,14,14,62,63,15,62,99,119,226,36,63,13,13,6,22,8,22,23,24,28,23,24,28,31,23,24,0,1,7,9,1,10,10,58,4,28,74,32,104,237,78,11,21,38,74,158,9,3,8,27,27,30,39,41,41,33,34,35,10,8,10
2020,3,11,0,3,1,22,17,1,11,10,69,106,10,218,41,97,1,2,10,1,2,25,1,2,17,105,2,17,1,109,208,6,13,4,30,13,23,19,14,41,17,39,107,79,105,245,3,4,6,12,31,0,0,0,9,7,10,1,1,3,22,0,2,73,145,112
2021,14,3,2,4,0,9,16,39,62,9,80,77,113,201,237,213,13,13,6,22,8,22,25,48,39,25,74,39,45,175,154,0,1,7,4,4,10,61,35,39,91,90,63,138,165,132,13,27,52,101,211,9,7,6,30,10,26,47,45,43,116,108,115,206,157,194
2022,24,4,14,3,31,7,4,38,59,23,38,52,90,128,201,105,8,15,14,18,16,13,18,17,16,18,17,16,14,14,13,5,3,6,23,4,20,10,30,7,21,25,53,108,91,142,9,17,27,55,116,14,14,12,28,28,27,31,34,29,13,11,14,1,1,1
2023,44,10,12,8,4,26,21,35,40,31,35,58,31,104,143,132,6,3,2,24,27,28,27,31,2,95,31,72,51,73,173,8,2,12,24,16,17,41,59,12,79,68,75,243,222,181,16,32,62,123,248,1,1,2,15,11,5,35,25,33,28,22,24,5,10,3
2024,57,7,5,8,25,3,2,37,2,21,97,2,21,43,2,169,6,3,2,10,17,21,34,55,31,34,55,95,254,118,58,12,8,1,7,9,14,44,37,44,18,1,16,71,233,253,15,30,58,116,236,1,1,2,0,0,4,17,13,10,14,12,11,20,28,11
2025,51,12,8,7,15,18,12,27,16,32,64,24,73,134,88,90,4,5,1,5,4,15,21,5,12,113,62,12,124,39,200,3,6,2,31,5,4,21,0,23,7,60,5,139,64,239,1,2,3,6,15,2,2,3,1,1,1,4,4,4,41,25,1,45,20,37
2026,29,14,10,3,23,21,31,42,33,62,42,33,93,137,177,183,15,1,11,15,1,20,9,1,50,9,1,50,41,84,229,0,1,7,4,4,10,10,58,4,124,90,76,156,243,11,13,27,51,98,206,12,10,11,23,18,18,15,15,19,103,2,123,209,235,211
2027,47,2,14,3,2,21,4,33,44,55,33,96,55,49,153,3,0,7,3,26,31,24,31,26,43,35,95,114,59,45,135,15,15,15,4,4,10,5,1,37,61,88,74,142,246,229,9,16,26,54,115,5,5,5,24,26,31,29,55,55,103,60,58,71,46,47
2028,45,10,5,8,4,26,7,33,13,44,33,96,55,174,111,207,6,3,2,30,3,2,4,6,9,27,71,120,240,17,28,12,8,1,4,4,10,10,58,37,34,53,94,214,85,92,9,18,29,57,123,1,1,2,0,0,5,24,22,55,98,112,58,110,118,97
2029,29,2,9,3,2,28,31,2,6,54,114,33,116,137,102,236,8,10,7,6,7,10,36,35,63,114,119,63,87,54,87,15,15,15,13,7,24,60,9,36,78,10,6,77,73,44,9,15,24,51,107,5,5,5,6,17,6,36,10,39,29,32,30,17,48,70
2030,50,3,9,4,28,9,1,12,49,63,101,49,49,87,126,190,15,14,11,0,20,3,41,9,45,125,9,80,158,146,64,0,1,7,4,4,10,30,52,55,80,126,93,84,66,248,7,13,21,47,98,6,3,8,10,13,14,21,20,45,92,73,81,125,89,114
2031,42,2,9,3,2,28,26,6,54,49,6,89,101,135,197,84,8,10,7,6,7,10,16,34,7,97,34,7,237,138,130,15,15,15,4,4,10,36,1,0,124,57,109,221,103,254,9,15,23,50,104,5,5,5,6,24,6,30,18,24,24,30,20,145,237,229
2032,53,8,15,6,7,17,5,54,25,14,119,115,65,139,128,71,13,13,6,16,28,9,49,30,57,49,110,57,84,160,80,0,1,7,4,4,10,57,23,14,96,2,2,99,239,134,13,26,50,97,203,9,8,6,5,5,7,60,59,60,77,68,92,149,65,98
2033,45,10,5,8,4,26,7,57,13,44,117,13,44,240,223,22,6,3,2,30,3,2,4,52,9,92,52,68,63,17,220,12,8,1,18,27,18,31,4,58,5,24,56,182,16,84,16,32,63,124,251,1,1,2,0,0,5,24,22,21,17,27,15,15,19,19
2034,8,3,0,9,0,13,16,23,25,9,127,60,7,25,237,48,0,7,3,7,23,7,55,3,30,86,3,61,136,190,122,10,10,3,27,28,30,56,19,3,68,21,27,34,1,60,3,7,11,24,54,3,9,1,3,4,3,42,42,40,31,29,34,16,15,17
2035,58,2,9,3,2,28,26,6,54,49,6,89,101,228,197,84,8,10,7,6,7,10,7,34,7,68,87,7,34,7,85,15,15,15,4,29,31,36,1,0,97,15,103,50,242,95,9,15,23,50,106,5,5,5,6,24,6,30,18,24,24,30,20,24,24,21
2036,36,12,8,7,24,20,29,28,42,11,87,105,11,94,159,50,4,11,1,20,18,19,17,14,22,17,14,22,25,152,163,14,11,14,14,12,7,10,58,4,124,19,122,224,199,54,1,2,2,4,8,15,15,15,29,30,29,34,36,32,23,24,25,81,88,87
2037,45,7,5,8,4,26,7,55,29,27,55,71,123,47,246,187,6,3,2,10,17,21,33,39,60,79,72,75,40,63,94,12,8,1,7,9,14,59,44,47,45,114,17,69,69,64,15,30,58,115,235,1,1,2,0,0,4,22,9,9,54,56,31,151,42,143
2038,54,13,7,9,29,14,14,62,14,1,74,63,1,200,138,244,13,13,6,22,8,22,51,30,24,93,48,118,123,53,247,0,1,7,4,4,10,42,35,43,10,67,43,107,133,63,13,27,52,99,207,9,8,6,5,5,26,55,32,51,72,63,75,47,58,52
2039,31,0,4,15,17,2,18,53,36,40,120,90,40,62,163,171,5,4,12,11,12,12,45,19,58,75,19,58,81,82,70,15,15,15,16,30,13,2,63,22,85,44,62,31,144,222,13,26,50,96,202,5,11,10,8,8,9,9,3,15,12,9,13,29,16,18
2040,51,12,8,7,15,18,29,27,42,60,46,24,92,76,236,253,4,5,1,5,4,31,38,5,12,113,62,112,4,145,60,3,6,2,31,5,4,21,0,23,55,127,5,15,217,246,1,2,3,6,16,2,2,3,1,1,1,4,4,4,16,52,1,61,167,75
2041,19,14,10,0,14,23,19,21,18,19,21,121,19,250,194,54,10,9,8,12,14,11,14,15,10,14,64,10,117,177,10,11,12,0,26,25,2,45,7,8,51,16,24,106,67,13,8,14,22,49,102,12,10,11,23,18,18,15,15,19,2,3,3,22,37,26
2042,17,8,14,15,23,10,16,14,10,52,18,119,52,205,98,23,15,14,11,26,31,24,62,43,42,70,67,42,246,88,179,0,1,7,4,4,10,10,58,37,107,57,109,93,84,145,13,26,49,93,193,4,10,11,8,18,18,59,54,58,80,80,59,119,102,100
2043,36,3,2,4,9,8,10,47,3,25,47,68,25,23,20,153,2,6,15,2,15,18,52,4,46,2,44,66,76,60,96,0,1,7,4,4,10,10,58,4,115,121,76,25,107,130,13,25,47,89,186,3,9,1,3,4,3,44,42,59,60,121,62,201,121,157
2044,14,10,5,8,4,26,7,55,29,27,55,71,27,22,208,187,6,3,2,10,17,21,33,39,60,79,72,75,135,63,94,12,8,1,7,9,14,59,44,47,45,114,17,196,208,45,15,30,58,115,235,1,1,2,0,0,4,22,9,9,54,56,31,60,42,46
2045,30,11,13,5,8,29,3,4,32,3,98,114,3,189,162,195,7,12,13,21,5,29,5,53,20,64,114,20,57,171,237,9,9,9,0,31,15,58,16,62,48,30,68,127,63,226,14,29,56,111,228,4,4,4,20,20,22,11,17,17,1,16,21,36,14,7
2046,14,11,13,5,8,29,3,4,50,3,110,95,98,152,253,241,7,12,13,7,23,7,55,3,61,5,115,88,7,164,8,9,9,9,0,31,15,15,50,19,0,103,29,71,170,137,14,29,57,113,231,4,4,4,2,2,2,5,7,5,99,19,28,87,79,197
2047,10,1,1,13,18,11,22,17,47,28,17,105,102,6,37,108,1,2,10,17,22,26,22,21,21,22,21,21,206,170,66,1,7,11,19,22,5,20,10,16,66,43,92,90,8,135,10,20,36,71,149,11,0,13,21,22,21,10,11,11,0,1,0,150,3,2
2048,15,9,8,7,15,18,29,46,42,11,46,42,11,94,88,109,4,5,1,5,4,31,38,62,55,38,75,112,211,247,56,3,6,2,31,5,4,10,58,4,124,90,76,40,211,125,1,2,2,4,9,2,2,3,1,1,1,34,36,32,23,24,25,108,232,147
2049,15,12,8,7,15,18,12,46,42,60,46,16,51,181,236,65,4,5,1,5,4,15,21,50,62,103,92,62,60,207,123,3,6,2,31,5,4,1,25,29,37,127,98,189,195,104,1,2,4,7,19,2,2,3,1,1,1,14,28,38,8,20,10,48,43,76
2050,63,3,7,4,26,8,1,10,61,4,66,79,83,16,110,131,13,13,6,16,28,9,13,12,6,13,12,6,130,184,222,0,1,7,4,4,22,0,42,61,101,113,35,115,116,153,3,7,11,26,60,9,8,6,5,5,7,3,6,2,20,33,17,18,18,27
2051,26,6,11,2,26,30,0,24,56,8,127,79,117,30,103,112,2,6,15,19,15,18,32,16,15,116,16,111,126,180,181,0,1,7,9,4,10,10,58,24,124,90,90,29,209,179,6,11,16,35,79,3,7,1,13,14,15,28,44,28,52,57,48,250,113,203
2052,4,1,0,13,5,22,29,60,42,51,44,80,67,93,209,14,1,2,10,17,22,26,10,21,21,10,13,106,233,142,205,0,1,7,4,4,10,10,58,4,124,90,76,71,215,253,1,2,2,5,13,2,0,3,1,1,1,14,24,22,16,52,110,223,222,210
2053,47,2,14,3,16,16,25,33,37,41,33,96,55,49,153,52,0,7,3,26,11,24,31,42,8,35,95,114,59,45,135,15,15,15,4,4,10,5,1,37,61,88,74,142,246,229,9,18,29,57,122,10,5,5,16,19,31,29,55,55,103,60,58,71,46,47
2054,16,12,8,7,15,18,29,46,42,11,10,42,11,208,88,253,4,5,1,5,4,31,38,62,55,38,75,55,211,247,56,3,6,2,31,5,4,48,21,6,30,19,122,40,211,125,1,2,2,4,11,2,2,3,1,1,1,14,24,22,16,10,19,108,9,212
2055,46,12,8,7,15,18,12,32,16,61,32,16,61,192,164,47,4,5,1,5,4,15,21,50,62,103,92,62,249,207,50,3,6,2,31,5,4,1,25,29,122,8,71,207,111,218,1,2,4,8,20,2,2,3,1,1,1,33,28,38,8,20,10,56,107,24
2056,15,9,8,12,13,27,12,30,20,53,123,85,53,193,33,139,4,5,1,5,4,31,6,23,36,6,82,36,29,5,178,3,6,2,15,2,28,1,12,50,37,42,26,240,215,205,1,2,2,5,12,2,2,3,12,9,12,8,12,14,19,15,22,33,160,95
2057,30,11,13,5,8,29,30,31,15,35,65,65,35,131,162,200,7,12,13,21,5,29,28,22,37,28,22,87,22,226,26,9,9,9,5,17,3,23,28,17,23,27,22,30,13,1,14,28,55,107,222,4,4,4,20,20,22,11,17,17,1,5,4,4,7,7
2058,63,8,2,4,23,21,1,42,44,55,8,34,116,4,66,74,15,14,11,29,31,27,47,58,59,47,58,3,19,75,90,0,1,7,4,4,10,5,1,37,121,100,8,58,124,159,9,18,30,58,124,6,10,5,24,26,17,56,50,45,68,67,67,80,70,105
2059,46,12,8,7,15,18,29,32,16,32,32,42,32,209,88,253,4,5,1,5,4,15,21,5,12,113,62,12,4,204,60,3,6,2,31,5,4,21,0,23,55,127,122,15,155,40,1,2,2,4,11,2,2,3,1,1,1,4,4,4,10,21,1,61,38,92
2060,5,6,11,2,26,30,0,24,23,8,127,79,9,233,137,227,0,7,3,26,8,22,43,41,27,107,118,124,118,107,51,0,1,7,4,4,10,57,23,14,93,90,90,233,209,179,6,11,16,32,73,3,9,1,31,29,28,61,46,61,112,99,104,194,113,150
2061,31,0,4,15,21,2,18,18,36,59,18,93,59,247,21,119,5,4,12,11,12,12,46,60,48,100,127,48,247,162,174,15,15,15,16,30,13,50,39,27,110,59,60,39,244,102,12,23,41,79,166,5,11,10,8,8,9,37,3,37,21,26,33,11,55,72
2062,13,15,6,11,11,0,28,22,0,30,122,0,30,231,234,224,3,0,4,3,0,4,26,0,4,26,105,90,3,0,139,2,5,5,8,19,16,7,8,13,22,46,44,200,203,67,7,12,18,42,91,7,6,7,7,6,8,0,0,1,26,14,16,44,35,35
2063,31,0,4,15,17,2,18,47,36,40,83,68,104,71,222,11,5,4,12,11,12,12,15,38,14,15,38,121,150,191,61,15,15,15,16,30,13,2,63,22,57,112,102,253,184,251,13,25,48,92,192,5,11,10,8,8,9,9,3,15,12,9,13,107,94,122
2064,62,12,8,7,15,31,29,46,42,11,46,30,126,125,88,14,4,5,1,5,4,31,38,62,55,38,83,55,92,139,106,3,6,2,31,5,4,10,58,6,124,90,76,40,211,125,1,2,2,4,9,11,0,13,21,22,21,10,11,11,0,1,0,154,232,222
2065,5,10,15,8,0,17,16,51,25,9,28,50,97,103,237,36,0,7,3,26,31,24,58,10,58,58,10,76,28,200,160,0,1,7,4,4,10,10,58,4,113,37,37,113,253,114,13,25,48,90,189,4,15,15,31,30,29,34,36,57,100,110,96,167,136,232
2066,33,5,3,10,19,19,13,41,27,45,41,27,47,50,248,25,14,6,0,23,6,0,12,49,0,12,73,0,255,172,69,10,10,3,12,15,11,14,2,4,8,38,0,125,120,167,4,8,13,29,67,3,9,1,3,4,3,2,5,6,7,4,6,59,27,32
2067,33,5,3,10,19,24,13,58,55,47,91,55,99,118,219,115,14,6,0,23,6,0,12,49,54,80,49,54,142,56,91,10,10,3,27,28,30,56,19,3,68,21,27,34,1,60,4,8,12,27,63,3,9,1,3,4,3,42,42,40,31,29,34,16,15,17
2068,11,1,0,13,5,25,9,60,1,37,126,112,37,225,79,135,1,2,10,14,30,5,10,13,38,65,112,117,191,89,138,6,13,4,2,3,1,10,58,4,3,7,59,117,134,212,3,6,8,16,37,0,0,0,4,3,0,7,40,0,81,47,23,93,96,25
2069,60,13,7,14,3,15,27,3,35,17,3,35,17,129,202,77,11,8,9,9,9,8,8,7,11,8,7,11,8,8,209,4,4,8,21,11,0,13,6,21,43,23,69,38,187,9,5,9,14,30,70,13,13,14,26,25,25,23,23,20,6,6,8,0,0,0
2070,44,10,12,8,4,26,21,35,40,31,35,58,6,44,143,114,6,3,2,24,27,28,27,31,2,27,31,72,51,194,52,8,2,12,24,16,17,41,59,12,56,4,61,158,49,192,16,32,62,123,249,1,1,2,15,11,5,35,25,33,28,22,24,5,152,3
2071,16,9,8,12,13,27,12,30,24,53,123,85,53,193,87,189,4,5,1,5,4,31,6,23,36,6,82,36,248,255,178,3,6,2,15,2,28,1,12,50,37,42,26,67,74,220,1,1,1,1,1,2,2,3,12,9,12,8,12,14,19,15,22,43,23,14
2072,59,11,13,5,8,29,30,31,15,35,65,65,35,131,160,200,7,12,13,21,5,29,28,22,37,28,22,87,22,226,26,9,9,9,5,17,3,23,28,17,23,27,22,30,13,1,14,28,55,107,222,4,4,4,20,20,22,11,17,17,1,5,4,4,7,7
2073,23,7,5,8,25,3,2,55,29,2,55,71,123,246,207,88,6,3,2,30,3,2,4,6,9,4,71,9,155,101,126,12,8,1,7,9,14,59,44,47,45,114,17,111,44,45,15,30,58,116,237,1,1,2,0,0,4,22,9,9,54,56,31,60,42,46
2074,59,11,13,5,8,10,30,31,15,35,98,65,78,106,43,144,7,12,13,21,5,29,28,22,37,28,22,87,22,129,235,9,9,9,5,17,3,23,28,17,112,27,22,216,238,237,14,28,55,109,224,4,4,4,20,20,22,11,17,17,1,5,4,4,181,53
2075,36,3,2,4,22,8,10,8,43,62,86,43,113,38,183,81,15,1,11,15,1,20,9,1,50,9,1,18,198,105,30,0,1,7,10,20,6,32,49,54,109,75,48,68,125,189,10,19,34,68,146,8,12,9,11,23,11,12,14,13,4,2,5,14,72,22
2076,10,1,1,13,7,25,5,29,22,48,29,19,48,145,35,247,12,2,10,14,21,17,29,61,35,29,61,35,38,71,42,6,13,4,29,24,27,47,55,15,14,58,115,166,61,26,3,5,7,13,33,0,0,0,22,3,16,27,29,26,30,31,29,6,6,5
2077,9,15,6,11,11,0,28,22,41,30,122,41,100,39,16,224,3,0,4,3,0,4,26,0,4,26,105,90,111,0,139,2,5,5,8,19,16,7,51,49,15,12,44,54,7,187,7,12,18,42,92,7,6,7,7,6,8,0,0,1,47,28,16,44,95,57
2078,15,12,8,7,15,18,29,46,42,11,46,42,11,208,65,253,4,11,1,20,18,19,17,14,22,17,14,22,114,26,20,3,6,2,4,4,10,10,58,4,124,19,122,40,34,125,1,2,2,4,7,2,2,3,1,1,1,14,24,22,16,68,116,204,166,226
2079,34,3,2,12,9,20,20,61,12,39,90,122,39,147,123,197,9,11,5,13,26,14,42,11,23,42,11,23,110,249,35,0,1,7,20,20,25,46,45,40,127,69,89,47,154,46,10,20,35,70,148,8,3,9,17,16,20,25,26,23,42,64,27,52,29,69
2080,40,2,14,3,23,28,31,14,10,16,12,126,16,137,187,188,8,10,7,6,7,10,36,35,63,36,119,108,222,208,192,0,1,7,4,4,10,10,58,4,94,96,101,28,180,79,9,18,32,63,134,5,5,5,6,17,6,36,58,52,93,98,100,114,120,108
2081,18,9,8,12,9,20,20,61,12,39,90,12,39,224,240,155,9,11,5,13,26,14,42,11,23,126,11,23,39,30,112,0,1,7,20,20,25,46,45,40,26,97,36,35,39,250,10,20,35,69,147,8,3,9,17,16,20,25,26,23,50,40,27,27,34,34
2082,41,1,0,13,1,22,17,1,11,10,1,102,107,218,44,86,1,2,10,1,2,25,1,2,17,105,2,17,209,229,59,6,13,4,30,13,23,19,14,41,1,102,95,195,210,209,3,4,6,12,29,0,0,0,9,7,10,1,1,3,44,0,2,62,17,41
2083,1,11,15,5,10,17,3,51,50,14,119,115,85,35,193,71,7,12,13,7,23,7,55,3,61,81,124,61,136,3,210,0,1,7,0,31,15,15,23,14,96,2,2,99,239,134,13,26,50,97,203,4,4,4,2,2,2,5,7,5,77,68,92,149,65,98
2084,45,10,5,8,4,26,7,57,13,44,117,13,44,240,223,22,6,3,2,30,3,2,4,52,9,92,52,68,63,17,220,12,8,1,18,27,18,31,4,58,5,24,56,182,16,84,16,32,63,124,251,1,1,2,0,0,5,24,22,21,17,27,15,15,19,19
2085,29,8,9,4,28,9,1,12,44,63,8,54,86,97,114,117,8,10,7,6,7,10,36,35,63,114,119,63,222,235,63,0,1,7,4,4,10,10,58,4,124,90,76,71,160,253,13,27,54,106,220,5,12,5,11,13,11,21,20,36,105,103,103,232,221,188
2086,28,9,8,12,13,27,12,27,24,60,47,85,11,243,87,30,4,5,1,5,4,31,6,23,36,6,82,36,236,134,254,3,6,2,4,4,10,10,58,4,124,19,122,248,220,125,1,2,2,4,6,2,2,3,12,9,1,33,28,14,75,25,77,118,166,209
2087,36,3,0,1,30,1,15,59,7,38,108,86,84,73,179,129,12,2,10,14,10,30,20,25,5,87,25,81,128,155,104,6,13,4,2,3,1,29,26,5,90,50,21,120,58,71,3,7,9,19,45,0,0,0,14,12,0,18,19,8,15,18,12,9,11,8
2088,38,8,15,5,12,4,8,51,45,33,51,31,33,7,26,49,0,7,3,4,19,16,19,45,47,19,45,47,54,78,107,0,1,7,9,1,10,15,50,19,124,90,118,101,196,199,14,29,57,112,229,6,3,8,18,15,13,13,31,16,25,13,41,67,156,216
2089,6,2,10,3,16,16,25,56,37,41,105,44,121,60,141,8,8,10,7,27,24,6,24,18,33,24,18,33,2,166,25,15,15,15,3,26,26,11,5,57,12,55,3,10,167,175,9,16,26,54,115,10,5,5,16,19,24,19,21,18,18,17,18,158,165,120
2090,54,3,2,4,26,30,14,16,60,9,80,60,113,144,150,238,13,13,6,22,8,22,25,48,39,25,48,39,45,175,154,0,1,7,4,4,10,10,58,4,124,90,90,138,165,132,13,27,52,101,211,9,8,6,30,5,26,38,32,54,116,108,115,206,157,194
2091,51,12,8,7,15,18,12,32,16,32,64,24,32,134,88,118,4,5,1,5,4,15,21,5,12,113,62,12,113,140,200,3,6,2,31,5,4,21,0,23,55,127,5,255,217,246,1,2,3,6,16,2,2,3,1,1,1,4,4,4,10,25,1,45,20,37
2092,49,8,15,5,23,17,3,42,50,52,40,93,120,88,168,133,0,7,3,7,11,7,35,42,8,55,42,8,73,157,31,0,1,7,0,31,15,5,58,37,75,72,121,246,183,62,14,29,56,111,227,4,4,4,2,2,2,41,7,30,121,48,87,239,168,198
2093,14,10,12,8,4,26,7,9,58,27,121,58,27,22,111,5,6,3,2,24,3,28,27,31,2,102,107,40,107,194,52,0,1,7,4,4,10,10,58,4,5,104,81,85,208,31,14,29,56,110,226,1,1,2,15,11,5,26,27,27,58,108,56,242,157,125
2094,59,11,13,5,8,29,3,4,50,3,78,114,3,152,91,144,7,12,13,7,23,7,5,53,20,64,114,20,177,113,53,9,9,9,0,31,15,58,16,62,48,30,68,246,183,226,14,29,56,111,228,4,4,4,2,2,2,29,30,30,3,16,21,36,14,13
2095,23,7,5,8,25,3,2,37,2,21,97,111,75,43,2,101,6,3,2,10,17,21,34,55,31,34,55,95,254,118,58,12,8,1,7,9,14,44,37,44,18,1,16,210,202,221,15,30,60,119,244,1,1,2,0,0,4,17,13,10,14,12,11,156,124,153
2096,18,8,14,4,23,9,1,12,44,26,12,126,26,33,216,105,15,14,11,0,20,3,41,9,45,41,99,80,99,34,159,0,1,7,4,4,10,30,52,55,95,120,4,161,169,244,13,27,53,102,214,6,3,8,10,13,14,21,20,25,37,50,49,120,39,66
2097,15,3,2,4,9,8,10,42,61,4,113,87,84,248,184,91,15,14,11,29,29,27,30,33,32,122,93,125,71,206,170,0,1,7,4,20,10,4,27,38,124,90,76,71,92,188,10,19,34,67,144,8,12,9,11,16,11,40,38,36,48,78,60,129,129,133
2098,0,1,1,1,5,1,15,45,5,34,85,5,77,81,24,72,12,2,10,14,30,5,63,13,5,117,101,5,9,87,140,6,13,4,2,3,1,3,22,9,87,95,117,88,226,176,3,7,9,20,46,0,0,0,4,12,0,20,2,0,35,36,43,19,162,50
2099,39,15,9,11,11,6,23,50,53,29,92,64,88,232,82,104,3,0,4,25,25,23,3,27,29,3,27,102,212,167,234,7,0,10,25,18,8,10,58,4,124,111,76,232,110,186,7,13,20,46,96,7,6,7,19,21,19,6,8,7,5,7,7,38,31,9
2100,12,13,7,6,27,14,6,25,28,58,88,28,58,241,106,94,13,13,6,16,28,9,13,12,6,13,12,6,227,11,11,0,1,7,1,0,22,0,42,61,59,83,106,205,148,10,11,22,40,77,162,9,8,6,5,5,7,3,6,2,20,33,17,18,18,63
2101,29,2,9,3,2,28,31,2,34,54,2,113,89,2,45,19,8,10,7,6,7,10,48,8,56,48,8,89,55,36,196,15,15,15,13,29,31,37,41,42,16,80,116,96,99,24,9,15,25,52,109,5,5,5,6,17,6,32,10,31,36,35,36,13,12,15
2102,29,2,9,3,2,28,31,2,34,54,114,113,89,2,45,19,8,10,7,6,7,10,48,8,56,48,8,89,55,219,67,15,15,15,13,29,31,37,41,42,16,80,116,96,31,24,9,15,25,53,110,5,5,5,6,17,6,32,10,31,36,35,36,13,12,15
2103,31,13,7,6,27,14,6,18,28,58,88,28,125,154,204,119,5,4,12,11,12,12,15,38,14,15,38,14,218,19,231,15,15,15,16,30,13,18,17,22,110,59,60,134,179,89,12,23,42,80,167,5,11,10,8,8,9,9,3,15,21,9,13,34,16,72
2104,29,0,4,15,21,2,31,48,33,56,48,84,56,151,156,68,5,4,12,11,12,12,46,60,48,46,60,48,65,66,48,15,15,15,16,30,13,50,39,27,25,107,86,237,156,65,12,23,41,79,165,5,11,10,8,8,9,37,3,37,21,26,33,11,41,16
2105,23,7,5,9,25,30,2,16,56,46,97,29,106,43,224,198,6,3,2,10,17,21,34,55,31,34,55,31,162,44,164,12,8,1,9,4,10,33,40,60,49,3,96,183,118,253,15,30,59,117,240,1,1,2,25,0,23,46,47,48,39,42,51,195,187,156
2106,14,9,8,12,13,27,20,46,24,60,123,66,92,166,192,163,4,5,1,5,4,31,6,23,36,61,102,1,248,255,156,3,6,2,15,2,28,10,12,50,40,28,1,71,80,19,1,1,1,3,4,2,2,3,12,9,12,8,12,14,86,52,32,85,228,109
2107,35,1,1,13,18,31,22,17,30,28,79,124,28,6,67,24,1,2,10,17,22,26,22,21,21,22,21,21,224,170,66,1,7,11,19,22,5,20,10,16,2,32,14,62,178,230,2,3,5,9,24,11,0,13,21,22,21,10,11,11,0,1,0,7,3,2
2108,10,1,1,13,5,25,9,44,5,12,100,91,12,125,175,82,12,2,10,14,30,5,10,13,38,10,13,106,42,242,79,6,13,4,2,3,1,10,58,9,124,13,76,16,210,196,3,6,8,17,42,0,0,0,4,3,0,7,2,0,96,79,88,168,179,242
2109,39,15,9,11,11,6,23,50,53,50,92,64,71,130,146,166,3,0,4,25,25,23,3,27,29,3,113,102,212,92,242,7,0,10,25,18,8,38,43,34,124,90,76,82,153,203,7,13,20,46,96,7,6,7,19,21,19,6,8,7,5,7,7,12,31,20
2110,60,13,7,14,3,15,27,3,35,17,3,35,17,172,148,77,11,8,9,9,9,8,8,7,11,8,7,11,8,8,209,4,4,8,21,11,0,13,6,21,43,23,69,38,187,9,5,9,14,30,68,13,13,14,26,25,25,23,23,20,6,6,8,0,0,0
2111,34,3,2,4,9,8,10,8,61,4,25,82,4,146,172,55,15,14,11,29,29,27,30,33,32,77,93,125,208,206,170,0,1,7,20,20,25,4,27,38,67,105,87,137,186,80,10,20,36,71,151,8,12,9,11,13,11,40,38,36,61,38,47,63,44,67
2112,22,3,0,1,30,13,15,59,7,1,108,7,1,81,212,113,12,2,10,31,10,30,53,46,26,90,68,26,147,201,103,0,1,7,2,3,1,29,58,5,124,90,76,71,160,253,13,27,52,99,207,0,0,0,14,12,0,18,19,8,15,107,112,171,162,155
2113,56,13,7,6,27,14,6,42,62,58,118,62,118,101,99,56,13,13,6,16,28,9,13,12,6,104,69,96,58,76,221,0,1,7,1,0,22,26,29,48,44,76,79,122,205,41,11,22,39,75,159,9,8,6,5,5,7,3,6,2,59,58,55,30,40,42
2114,4,9,0,12,9,20,20,61,12,39,90,12,39,224,123,197,9,11,5,13,26,14,42,11,23,126,11,23,39,30,112,0,1,7,20,20,25,46,45,40,26,97,36,35,39,250,10,20,35,70,148,8,3,9,17,16,20,25,26,23,50,40,27,27,34,34
2115,18,2,14,3,23,21,4,49,10,26,49,126,26,156,108,32,15,14,11,26,31,24,62,43,3,124,81,43,46,203,74,0,1,7,4,4,10,5,1,37,31,22,76,71,82,32,9,18,32,63,136,6,10,12,24,26,17,52,39,35,40,71,74,148,143,208
2116,62,10,12,8,4,26,7,9,38,6,121,38,6,86,118,92,6,3,2,24,3,28,27,31,40,102,107,40,107,52,118,8,2,12,4,4,10,10,58,4,56,4,61,158,49,192,16,32,64,128,256,1,1,2,15,11,5,26,27,27,58,23,84,75,62,48
2117,37,7,5,8,25,3,2,7,29,2,7,100,123,238,182,88,6,3,2,10,17,21,33,39,34,67,39,34,252,135,5,12,8,1,7,9,14,35,31,2,34,53,94,154,171,92,15,30,58,116,237,1,1,2,0,0,4,22,9,10,98,39,63,110,118,97
2118,8,2,9,3,2,28,31,15,8,54,15,54,69,252,140,67,8,10,7,6,7,10,36,35,63,114,70,56,24,85,6,15,15,15,4,4,10,2,63,4,119,6,13,218,161,49,9,15,25,52,109,5,5,5,6,17,6,32,37,34,46,44,46,214,125,93
2119,0,3,1,1,5,25,9,45,19,18,17,91,102,243,78,196,12,2,10,14,30,5,63,13,38,63,90,78,193,220,191,6,13,4,2,3,1,3,22,9,77,116,10,150,164,193,3,7,9,20,46,0,0,0,4,3,0,20,2,0,111,114,93,163,133,111
2120,6,6,11,2,6,30,24,24,23,8,96,23,8,53,198,228,2,7,15,19,31,18,59,63,19,32,91,77,96,108,187,0,1,7,9,7,10,22,60,53,58,85,90,132,231,215,6,11,16,33,74,6,3,8,18,15,23,43,31,16,25,49,53,159,170,231
2121,62,8,14,4,23,21,4,49,10,26,12,101,18,244,217,32,6,3,2,10,17,21,33,39,60,79,72,75,135,115,166,0,1,7,4,4,10,59,44,37,47,48,83,60,22,161,3,7,11,22,51,6,10,12,24,26,17,52,39,35,40,71,52,148,119,46
2122,15,1,1,13,5,25,9,60,19,37,126,1,37,125,229,51,12,2,10,14,30,5,10,13,38,65,112,78,191,95,227,6,13,4,2,3,1,3,22,9,27,13,58,215,119,236,3,4,6,11,28,0,0,0,4,3,0,7,40,0,27,82,23,99,131,228
2123,30,11,13,5,8,10,30,31,15,35,124,15,78,131,13,116,7,12,13,21,5,29,28,22,37,127,53,37,145,129,180,9,9,9,5,17,3,23,28,17,72,82,84,46,27,29,14,28,55,108,223,4,4,4,20,20,22,11,17,17,1,5,4,76,75,65
2124,23,7,5,8,25,3,2,37,2,21,97,2,21,43,224,45,6,3,2,10,17,21,34,55,31,34,55,31,162,44,164,12,8,1,7,9,14,44,37,44,18,1,16,183,126,221,15,30,59,117,240,1,1,2,0,0,4,17,13,10,14,12,11,20,124,11
2125,12,13,7,6,27,14,6,42,28,58,118,62,118,101,99,56,13,13,6,16,28,9,13,12,6,104,69,96,58,76,221,0,1,7,1,0,22,26,29,48,44,76,79,228,130,238,11,22,39,75,159,9,8,6,5,5,7,3,6,2,59,58,55,30,40,42
2126,61,5,3,10,19,19,13,58,57,47,36,57,47,36,250,179,14,6,0,23,6,0,12,49,54,80,49,54,142,192,91,10,10,3,27,28,30,56,2,4,124,90,38,71,21,253,4,8,13,29,65,3,9,1,3,4,3,42,42,40,31,29,34,16,15,17
2127,16,12,8,7,1,22,17,1,11,11,69,112,107,1,210,97,1,2,10,1,2,25,1,2,17,1,2,79,159,156,136,6,13,4,30,13,23,19,14,41,17,19,122,71,249,208,3,4,6,12,30,0,0,0,9,7,10,14,1,3,104,95,105,154,91,131
2128,17,0,15,15,0,30,16,5,62,9,5,36,94,38,237,156,0,7,3,26,31,24,45,10,58,58,10,76,80,9,18,0,1,7,20,20,10,49,38,56,123,73,70,101,196,199,13,25,48,90,189,8,3,9,17,16,20,45,33,42,45,46,42,57,26,82
2129,15,12,8,7,15,18,12,32,16,61,32,16,61,203,64,248,4,5,1,5,4,15,21,50,62,103,92,62,249,207,50,3,6,2,31,5,4,1,25,29,122,8,71,207,111,218,1,2,4,7,18,2,2,3,1,9,1,33,28,38,8,20,10,56,107,24
2130,60,13,7,14,3,15,27,3,35,17,3,35,17,74,145,12,11,8,9,9,9,8,8,7,11,8,7,11,8,8,243,4,4,8,21,11,0,39,32,10,20,18,50,174,6,74,5,9,14,30,70,13,13,14,26,25,25,23,23,20,6,6,8,0,0,0
2131,42,2,9,3,2,28,26,6,54,49,6,125,101,58,197,84,8,10,7,6,7,10,7,34,7,68,87,7,34,7,85,0,1,7,4,29,31,36,1,0,97,15,103,221,103,253,9,15,23,50,106,5,5,5,6,24,6,30,18,24,24,30,20,24,24,21
2132,63,0,4,15,17,2,18,47,3,25,83,68,7,255,222,218,15,14,11,26,13,24,0,9,53,0,109,53,0,43,2,0,1,7,4,1,10,10,58,4,77,116,10,169,184,59,13,25,48,92,192,5,11,10,8,8,9,9,3,15,111,114,93,107,94,122
2133,12,13,7,6,27,14,6,25,28,58,88,28,58,28,106,233,13,13,6,16,28,9,13,12,6,13,12,6,227,11,11,0,1,7,1,0,22,0,42,61,59,83,106,205,148,10,11,22,40,76,160,9,8,6,5,5,7,3,6,2,20,37,17,18,21,63
2134,63,13,15,6,27,14,6,25,28,58,118,28,118,127,10,229,13,13,6,16,28,9,13,12,6,13,12,6,227,11,11,0,1,7,1,0,22,0,42,61,59,83,106,86,148,10,13,26,50,97,204,9,8,6,5,5,7,3,6,2,20,37,17,18,21,63
2135,26,5,3,10,19,19,13,36,57,45,36,57,47,50,11,10,14,6,0,23,6,0,12,49,0,12,73,104,142,192,218,10,10,3,12,15,11,14,2,4,124,90,38,71,160,253,4,8,13,29,65,3,9,1,3,4,3,2,5,6,31,29,34,187,15,17
2136,58,2,9,3,2,28,26,6,54,49,6,54,101,58,197,121,8,10,7,6,7,10,7,34,7,68,87,7,163,250,168,0,1,7,4,4,10,36,1,0,1,90,53,143,140,172,3,4,6,10,25,5,5,5,6,24,6,30,18,24,24,86,20,144,135,148
2137,0,1,1,13,5,25,9,45,1,18,45,5,112,17,4,221,12,2,10,14,30,5,63,13,38,63,90,38,109,58,186,6,13,4,29,24,27,3,22,9,27,13,58,16,204,17,3,6,8,17,42,0,0,0,4,3,0,7,2,0,113,97,64,142,175,168
2138,40,2,14,3,2,16,31,2,6,26,115,6,66,140,102,41,8,10,7,27,24,6,60,51,63,83,51,19,139,182,101,15,15,15,13,7,24,60,9,36,58,85,57,109,182,83,9,15,24,51,107,5,5,5,6,17,6,36,10,39,29,32,30,112,82,38
2139,32,6,11,2,20,12,11,19,4,22,19,4,22,111,54,85,2,6,15,2,15,18,2,44,46,2,44,46,100,4,27,13,14,13,11,21,21,40,33,31,86,108,72,66,15,129,6,10,15,31,72,3,7,1,13,14,15,16,16,12,9,8,9,2,4,12
2140,50,3,0,1,30,13,15,59,41,5,101,75,5,13,46,160,12,2,10,31,10,30,53,46,26,53,46,92,143,10,62,6,13,4,2,3,1,10,58,4,11,111,76,153,220,138,3,7,11,26,59,7,0,7,7,12,16,18,51,50,109,94,101,131,178,176
2141,44,10,12,8,4,26,21,35,58,31,35,58,31,104,143,132,6,3,2,24,27,28,27,31,2,95,31,72,51,73,173,8,2,12,24,16,17,41,59,12,79,68,75,243,222,181,16,32,62,123,248,1,1,2,15,11,5,35,25,33,28,22,24,5,10,3
2142,51,12,8,7,15,18,12,27,16,32,27,24,73,181,131,118,4,5,1,5,4,15,21,5,12,113,62,12,124,39,200,3,6,2,31,5,4,21,0,23,7,60,5,139,64,239,1,2,3,6,15,2,2,3,1,1,1,4,4,4,41,52,1,96,20,37
2143,52,13,2,6,27,14,6,42,62,58,118,62,118,101,99,56,13,13,6,16,28,9,13,12,6,104,69,96,58,76,221,0,1,7,1,0,22,26,29,48,44,76,79,122,205,41,11,22,39,75,159,9,8,6,5,5,7,3,6,2,59,58,55,30,40,42
2144,33,5,3,10,19,19,13,58,57,47,58,57,68,124,84,10,14,6,0,23,6,0,12,49,54,80,49,54,68,56,91,10,10,3,27,28,30,10,58,4,38,35,55,71,21,253,4,8,13,28,64,3,9,1,3,4,3,42,42,40,84,29,82,88,90,84
2145,28,9,8,7,13,27,12,30,20,61,30,20,61,34,95,139,4,5,1,5,4,15,21,50,62,103,50,62,210,96,213,3,6,2,15,2,28,1,25,29,118,93,100,103,185,151,1,2,4,8,21,2,2,3,12,9,12,33,28,38,8,20,10,54,50,158
2146,6,5,3,10,19,19,13,58,57,47,58,55,47,50,18,10,14,6,0,23,6,0,12,49,54,80,49,54,167,56,91,10,10,3,27,28,30,56,19,3,68,21,27,34,1,60,4,8,13,28,64,3,9,1,3,4,3,42,42,40,31,29,34,16,15,17
2147,27,14,14,3,23,21,4,49,44,55,8,34,116,79,144,48,15,14,11,29,31,27,47,58,59,47,58,3,19,75,90,0,1,7,4,4,10,5,1,37,121,100,8,58,124,159,9,18,30,58,124,5,10,5,24,26,17,56,50,45,68,67,67,80,70,105
2148,27,9,8,7,15,20,29,46,42,51,46,42,67,161,79,6,1,2,10,1,2,25,1,2,17,1,2,79,159,156,136,3,6,2,4,4,10,10,58,4,124,90,76,71,249,208,9,18,32,63,133,2,2,3,9,7,10,14,1,32,104,95,105,154,91,131
2149,62,10,12,8,4,26,7,9,38,6,7,38,6,254,118,122,6,3,2,24,3,28,27,31,40,102,107,40,107,52,118,8,2,12,22,8,29,24,20,46,70,98,40,27,46,15,16,32,64,128,256,1,1,2,15,11,5,26,27,27,58,23,84,75,62,48
2150,2,14,10,4,22,8,10,8,43,62,25,44,93,212,183,81,15,1,11,15,1,20,9,1,50,9,1,50,175,1,115,0,1,7,10,20,6,32,49,54,33,75,113,59,212,77,10,19,33,66,142,8,12,9,11,23,11,12,14,13,4,2,5,14,73,39
2151,15,1,0,13,1,22,17,1,11,10,69,112,107,218,41,73,1,2,10,1,2,25,1,2,17,105,2,17,209,229,59,6,13,4,30,13,23,19,14,41,17,39,107,79,105,245,3,4,6,12,29,0,0,0,9,7,10,1,1,3,22,0,2,73,17,41
2152,11,1,1,13,7,25,9,29,22,48,29,22,48,145,35,35,12,2,10,14,30,5,63,13,38,63,90,78,250,224,110,6,13,4,29,24,27,47,55,15,14,58,115,206,204,17,3,6,8,17,40,0,0,0,22,3,16,27,29,26,30,31,29,6,6,5
2153,5,6,11,2,26,30,24,24,23,8,96,79,8,30,103,201,2,6,15,19,15,18,32,16,15,98,16,111,103,121,232,0,1,7,9,4,10,10,58,4,126,79,90,105,201,120,6,11,16,33,76,3,7,1,13,14,15,44,23,20,65,65,89,111,86,239
2154,31,0,4,15,21,2,18,18,36,59,18,93,59,247,21,119,5,4,12,11,12,12,15,38,14,100,127,121,11,162,174,15,15,15,16,30,13,50,39,27,110,59,60,39,244,102,12,23,41,79,166,5,11,10,8,8,9,9,3,15,21,26,13,11,55,72
2155,11,1,1,13,5,25,9,60,1,34,44,1,34,125,30,221,12,2,10,14,30,5,63,13,38,63,90,38,109,58,186,6,13,4,2,3,1,3,22,9,27,13,58,206,204,14,3,6,8,17,40,0,0,0,4,3,0,7,40,0,27,93,23,115,154,210
2156,11,2,9,3,1,22,26,1,11,10,69,89,101,197,186,142,8,10,7,6,7,10,7,34,7,68,87,7,163,250,168,6,13,4,30,13,23,36,14,0,1,15,103,143,140,172,3,4,6,10,25,0,0,0,9,24,10,1,1,24,24,30,20,144,135,148
2157,34,8,2,4,23,8,10,42,61,4,61,61,96,248,172,159,15,14,11,29,29,27,30,33,32,77,93,125,30,206,170,0,1,7,10,20,6,4,27,38,67,105,87,129,92,188,10,19,34,67,144,8,12,9,11,13,11,40,38,36,48,38,47,63,44,133
2158,15,12,8,7,15,18,12,32,16,32,32,16,92,192,64,109,4,5,1,5,4,15,21,50,62,21,5,12,113,51,155,3,6,2,31,5,4,21,0,23,55,127,5,255,35,104,1,2,4,7,18,2,2,3,1,1,1,4,4,4,10,21,1,48,43,76
2159,55,3,0,1,30,1,15,23,7,38,85,7,76,229,24,34,12,2,10,31,10,30,20,25,5,87,25,81,138,155,104,6,13,4,2,3,1,29,26,5,90,50,21,88,226,253,3,7,9,19,45,0,0,0,14,12,0,18,19,8,15,18,12,9,33,8
2160,52,8,15,9,0,9,16,39,25,7,39,73,122,242,47,213,0,7,3,26,8,24,43,41,27,72,41,82,105,98,152,0,1,7,4,4,10,61,35,39,91,20,63,218,161,103,13,25,45,86,180,4,7,8,30,10,26,54,45,34,46,44,46,68,83,56
2161,27,10,12,8,4,26,7,9,38,27,121,38,27,254,118,122,6,3,2,24,3,28,27,31,40,102,107,40,169,127,142,8,2,12,22,8,29,24,20,46,70,98,40,27,46,15,16,32,64,127,255,1,1,2,15,11,5,26,27,27,58,23,84,75,62,48
2162,20,15,9,11,11,6,23,63,48,29,63,48,88,80,82,162,3,0,4,25,25,23,3,27,29,3,65,29,226,167,134,7,0,10,25,18,8,9,53,26,54,63,11,24,19,70,7,13,19,44,94,7,6,7,19,21,19,6,8,7,5,7,7,31,2,29
2163,11,2,4,3,21,28,16,48,8,56,48,84,56,151,156,80,5,4,12,11,12,12,46,60,48,46,60,48,65,66,48,15,15,15,4,4,10,50,39,27,25,107,86,237,156,253,12,23,41,79,165,5,5,10,8,8,9,37,3,37,21,26,33,209,242,16
2164,63,8,2,9,12,4,8,16,45,46,16,45,25,170,119,216,0,7,3,26,13,24,37,20,53,37,121,25,207,148,150,0,1,7,9,1,10,33,40,60,84,89,105,42,43,115,13,24,43,83,175,6,3,8,18,15,13,13,31,16,25,49,41,197,63,89
2165,44,10,12,7,24,20,29,28,39,13,111,39,72,94,132,50,4,11,1,20,18,19,17,14,22,17,14,22,25,152,163,14,11,14,14,12,7,6,3,25,46,11,33,56,174,30,16,31,61,120,245,15,15,15,29,30,29,34,36,32,23,24,25,81,88,87
2166,24,4,14,3,31,7,4,38,52,23,116,120,70,128,127,157,8,15,14,18,16,13,18,17,16,18,17,16,14,14,13,5,3,6,23,6,20,25,30,7,21,106,52,108,91,142,9,17,27,55,118,14,14,12,28,28,27,31,34,29,13,11,14,1,1,1
2167,21,9,8,12,13,27,20,30,24,53,103,66,111,20,17,27,4,11,5,28,26,1,61,37,1,11,37,70,77,102,82,3,6,2,15,2,28,1,12,50,40,28,1,201,80,19,1,1,1,3,4,2,2,3,12,9,12,8,12,14,19,15,32,95,23,33
2168,32,6,11,2,20,12,11,19,17,22,24,23,117,30,125,100,2,6,15,2,15,18,2,44,46,2,44,109,76,173,148,13,14,13,11,21,21,10,58,4,115,121,30,241,107,170,13,25,47,89,186,3,7,1,13,14,15,16,16,12,9,8,9,122,141,30
2169,15,3,10,4,22,21,10,42,43,55,42,88,113,111,183,2,15,1,11,15,1,20,9,1,50,9,1,50,198,1,115,0,1,7,4,4,10,10,58,4,124,90,76,71,228,25,3,7,11,23,52,8,7,9,13,16,15,16,16,12,64,78,60,216,200,133
2170,20,6,11,2,26,30,0,24,56,0,81,79,62,16,103,201,2,6,15,2,15,18,32,44,15,116,44,109,172,103,84,0,1,7,4,4,10,10,58,4,124,90,76,235,225,58,4,8,13,29,65,3,7,1,13,14,15,16,16,12,75,74,77,106,139,152
2171,23,7,5,8,25,3,2,37,2,21,97,2,21,43,2,169,6,3,2,10,17,21,34,55,31,34,55,95,254,118,58,12,8,1,7,9,14,44,37,44,18,1,16,172,98,183,15,30,59,117,240,1,1,2,0,0,4,17,13,10,14,12,11,20,28,11
2172,39,15,9,11,11,6,23,63,53,29,92,53,71,155,82,93,3,0,4,25,25,23,3,27,29,3,27,29,212,167,242,7,0,10,25,18,8,38,43,34,64,84,41,114,25,155,7,13,20,45,95,7,6,7,19,21,19,6,8,7,5,7,7,12,130,9
2173,62,12,8,7,24,20,29,46,42,11,87,42,67,161,159,53,4,11,1,20,18,19,17,14,22,17,14,22,114,26,20,3,6,2,31,5,4,62,47,28,19,87,42,40,211,136,16,31,61,121,246,15,15,15,29,30,29,34,36,32,23,24,25,26,32,28
2174,48,15,6,11,11,5,28,22,9,30,93,127,30,206,234,33,3,0,4,3,0,4,26,0,4,106,0,90,154,143,216,2,5,5,8,19,16,7,8,13,22,46,23,100,60,39,7,12,18,42,91,7,6,7,7,6,8,0,0,1,26,14,26,44,35,23
2175,48,15,6,11,11,5,28,22,9,57,67,127,115,39,56,7,3,0,4,3,0,4,26,0,4,106,0,90,3,0,139,2,5,5,8,19,16,51,8,13,92,111,66,54,60,55,7,12,18,42,92,7,6,7,7,6,8,0,0,1,47,14,26,83,49,77
2176,24,4,14,2,31,7,4,38,52,23,116,120,23,128,127,240,8,15,14,18,16,13,18,17,16,18,17,16,14,14,13,5,3,6,23,6,20,25,30,7,21,106,52,78,95,105,9,17,27,55,116,14,14,12,28,28,27,31,34,29,13,11,14,1,1,1
2177,55,1,0,13,1,22,17,60,11,34,60,106,82,64,4,136,1,2,10,1,2,25,1,2,17,105,88,117,204,211,113,6,13,4,30,13,23,19,14,41,81,86,124,222,173,185,3,4,6,11,27,0,0,0,9,7,10,1,1,3,55,100,69,35,45,103
2178,20,6,11,2,6,30,24,24,23,20,24,23,36,165,12,161,2,7,15,19,31,24,59,63,19,32,106,91,181,59,188,0,1,7,9,4,10,10,58,37,115,121,76,130,21,42,6,11,17,37,83,3,7,1,30,10,23,44,35,28,65,65,51,166,86,199
2179,60,13,7,14,3,15,27,3,35,17,3,35,17,172,202,77,11,8,9,9,9,8,8,7,11,8,7,11,8,8,209,4,4,8,21,11,0,13,6,21,43,23,69,38,187,9,5,9,14,30,68,13,13,14,26,25,25,23,23,20,6,6,8,0,0,0
2180,38,8,2,4,12,4,8,47,3,25,113,103,120,168,221,96,15,14,11,0,20,3,39,47,13,118,47,13,79,12,190,0,1,7,20,1,25,63,61,35,104,0,65,164,47,146,13,24,44,84,177,6,3,8,10,15,14,41,33,46,57,48,61,77,59,43
2181,25,6,11,2,6,30,0,24,23,0,89,70,0,124,25,112,2,6,15,19,15,18,32,16,15,116,16,111,126,231,181,0,1,7,9,7,10,55,15,24,63,40,97,61,104,36,6,11,16,35,79,3,7,1,13,14,15,28,44,53,52,57,48,50,52,62
2182,0,3,2,4,9,8,10,8,61,4,86,43,113,99,130,81,15,1,11,15,1,20,9,1,50,9,1,50,175,1,115,0,1,7,10,20,6,4,27,38,109,90,48,59,26,53,10,20,36,71,151,8,12,9,11,23,11,12,14,13,4,2,5,14,73,118
2183,60,13,7,14,3,15,27,3,35,17,3,35,17,129,199,12,11,8,9,9,9,8,8,7,11,8,7,11,8,8,243,4,4,8,21,11,0,39,32,10,20,18,50,174,6,74,5,9,14,30,70,13,13,14,26,25,25,23,23,20,6,6,8,0,0,0
2184,30,11,15,9,12,4,8,51,45,33,51,45,85,57,139,21,0,7,3,4,19,16,19,45,47,19,45,47,54,78,107,0,1,7,9,1,10,33,40,60,84,89,105,42,43,115,13,25,46,88,184,6,3,8,18,15,13,13,31,16,25,49,41,67,63,89
2185,36,3,2,1,30,13,15,23,7,38,85,122,103,219,78,72,12,2,10,31,10,30,53,46,26,90,68,26,229,81,103,0,1,7,2,3,1,10,58,4,124,90,76,88,226,176,3,7,9,20,46,0,0,0,14,12,0,25,19,8,106,121,12,222,146,192
2186,61,5,3,10,19,19,13,41,57,43,41,57,47,36,248,10,14,6,0,23,6,0,12,49,0,12,73,0,235,172,69,10,10,3,12,15,11,14,2,4,8,79,38,125,147,167,4,8,13,29,67,3,9,1,3,4,3,2,5,6,7,4,6,193,27,68
2187,57,7,5,8,25,3,2,55,29,21,97,29,21,77,207,237,6,3,2,10,17,21,33,39,60,79,72,75,251,63,94,12,8,1,7,9,14,59,44,63,106,36,78,196,77,143,15,30,58,116,238,1,1,2,0,0,4,50,9,9,62,62,31,55,61,58
2188,28,14,14,3,23,21,4,49,10,36,42,44,93,137,108,98,15,1,11,15,1,20,47,58,59,78,100,59,148,161,128,0,1,7,4,4,10,5,1,37,31,22,113,118,89,198,9,18,30,59,125,5,10,11,24,17,17,59,43,35,80,80,59,228,119,227
2189,3,15,0,11,11,0,28,11,41,57,44,98,115,13,218,168,3,0,4,3,0,4,26,0,4,26,105,90,111,0,139,2,5,5,8,19,16,51,8,13,92,122,66,4,255,55,3,7,11,25,57,7,6,7,7,6,8,0,0,1,47,14,68,83,97,77
2190,61,5,3,10,19,24,13,58,55,47,91,55,99,118,219,115,14,6,0,23,6,0,12,49,54,80,49,54,167,56,91,10,10,3,27,28,30,56,19,3,68,21,27,34,1,60,4,8,12,27,63,3,9,1,3,4,3,42,42,40,31,29,34,16,15,17
2191,15,15,6,11,11,0,28,22,0,30,122,0,30,231,0,33,3,0,4,3,0,4,26,0,4,106,0,90,3,0,139,2,5,5,8,19,16,7,51,49,22,46,44,200,203,67,7,12,18,42,91,7,6,7,7,6,8,0,0,1,26,14,16,44,35,35
2192,24,4,14,3,31,7,4,49,59,26,71,97,26,150,201,59,8,7,3,26,31,24,62,43,43,120,108,105,116,122,117,0,1,7,4,4,10,5,1,37,31,22,76,217,82,37,9,17,27,55,116,14,10,12,28,28,17,53,43,35,70,70,65,157,161,175
2193,16,13,0,6,27,14,6,42,28,58,88,28,58,241,190,94,13,13,6,16,28,9,13,12,6,13,12,6,130,184,222,0,1,7,1,0,22,0,42,61,17,90,76,228,130,238,3,7,11,23,53,9,8,6,5,5,7,3,6,2,20,33,17,215,18,127
2194,45,10,12,8,4,26,7,57,13,44,28,67,44,211,206,123,6,3,2,30,3,2,4,52,9,92,52,68,63,17,220,12,8,1,18,27,18,31,4,58,56,24,61,158,102,52,16,32,63,124,250,1,1,2,0,0,5,24,22,21,17,54,15,49,77,88
2195,5,6,11,2,6,30,24,24,23,8,96,107,8,175,255,145,2,6,15,19,15,18,59,63,15,59,63,119,115,64,68,0,1,7,9,7,24,22,60,53,102,115,25,197,193,160,6,11,17,36,82,10,7,1,25,10,23,28,35,28,51,51,44,53,76,110
2196,36,3,2,4,9,8,10,61,12,4,90,82,113,146,123,211,9,14,5,29,29,27,11,33,32,101,97,74,132,42,224,0,1,7,20,20,25,4,27,38,105,31,31,137,26,56,10,19,34,67,144,8,3,9,17,16,11,25,38,23,42,78,60,216,29,118
2197,42,2,9,3,2,28,26,6,54,49,6,125,101,228,197,121,8,10,7,6,7,10,16,34,7,97,34,7,120,100,130,0,1,7,4,29,31,36,1,0,124,90,76,221,103,37,9,15,23,50,105,5,5,5,6,24,6,30,18,24,24,30,20,145,147,145
2198,53,3,2,4,28,8,10,8,61,4,25,61,62,99,110,255,15,14,11,29,29,27,30,33,32,77,93,125,30,209,195,0,1,7,10,20,6,4,27,38,67,105,87,129,92,188,10,19,34,68,146,8,12,9,11,13,11,40,38,36,48,38,47,63,44,146
2199,48,15,6,11,11,5,28,22,9,30,93,9,29,206,231,147,3,0,4,3,0,4,26,0,4,106,0,90,154,143,216,2,5,5,8,19,16,7,51,49,124,111,9,100,60,55,7,12,18,40,89,7,6,7,7,6,8,0,0,1,26,14,26,64,49,23
2200,57,10,5,8,4,26,7,57,2,27,121,111,27,46,97,151,6,3,2,30,3,2,4,6,9,4,71,9,155,101,126,12,8,1,7,9,14,17,58,1,5,104,81,85,208,31,16,32,64,126,254,1,1,2,0,0,5,26,27,27,56,66,56,65,114,61
2201,10,1,1,13,5,25,9,44,19,18,126,106,10,125,175,177,12,2,10,14,30,5,10,13,38,65,112,117,241,218,227,6,13,4,30,13,23,10,58,9,124,13,76,71,160,253,3,6,8,17,42,0,0,0,4,7,0,7,2,0,96,97,88,168,234,215
2202,28,14,14,3,23,21,4,42,33,55,42,33,116,97,214,74,15,14,11,26,31,24,47,58,3,43,125,103,119,21,199,0,1,7,4,4,10,5,1,37,121,100,8,163,227,42,9,18,30,60,128,5,10,5,24,26,17,56,50,45,118,67,67,176,70,105
2203,21,9,0,12,13,27,20,61,24,53,103,66,111,216,33,27,4,11,1,28,26,1,61,37,1,11,37,70,77,102,82,0,1,7,15,2,28,10,12,50,40,42,26,201,80,253,3,7,11,26,60,2,2,3,12,9,12,8,12,14,19,15,32,33,151,33
2204,23,7,5,8,25,3,2,55,29,21,97,29,21,90,207,237,6,3,2,10,17,21,33,39,60,79,72,123,133,125,127,12,8,1,7,9,14,59,44,63,106,36,78,251,77,143,15,30,58,116,238,1,1,2,0,0,4,50,9,9,62,62,31,55,61,58
2205,24,4,14,2,31,7,4,38,52,23,116,120,70,128,127,240,8,15,14,18,16,13,18,17,16,18,17,16,14,14,13,5,3,6,23,6,20,25,30,7,21,106,52,78,95,105,9,17,27,55,116,14,14,12,28,28,27,31,34,29,13,11,14,1,1,1
2206,21,8,2,12,13,27,20,61,3,53,61,87,111,20,168,99,4,11,5,28,26,1,61,37,1,11,37,70,77,102,82,0,1,7,20,2,25,63,61,35,40,28,1,242,224,178,13,24,44,85,178,2,3,3,12,9,12,41,33,46,57,48,32,85,116,109
2207,38,1,1,13,5,25,9,45,19,18,17,91,112,243,78,196,12,2,10,14,30,5,63,13,38,63,90,78,243,58,191,6,13,4,2,4,10,3,22,9,27,13,58,150,164,96,3,6,8,17,40,0,0,0,4,3,0,7,2,0,106,72,93,163,179,111
2208,46,12,8,7,15,18,29,46,42,51,46,42,67,119,236,253,4,5,1,5,4,31,38,62,55,38,104,55,78,251,240,3,6,2,31,5,4,48,21,6,30,94,127,22,155,144,1,2,2,5,13,2,2,3,1,1,1,14,24,22,16,10,19,25,9,36
2209,16,12,8,7,13,18,12,30,24,60,46,85,60,119,87,189,4,5,1,5,4,31,6,23,36,6,82,36,170,134,178,3,6,2,15,2,28,1,12,50,37,42,26,71,34,253,1,1,1,1,2,2,2,3,1,1,1,8,12,14,110,15,22,152,155,139
2210,49,11,15,5,10,17,3,40,25,14,40,95,124,188,167,165,7,12,13,7,23,7,55,3,61,81,124,61,7,3,149,9,9,9,0,31,15,15,50,19,9,103,29,231,207,158,14,29,57,113,231,4,4,4,2,2,2,5,7,5,11,106,109,205,199,137
2211,60,13,7,14,3,15,27,3,35,17,3,35,17,172,202,77,11,8,9,9,9,8,8,7,11,8,7,11,8,8,209,4,4,8,21,11,0,13,6,21,43,23,69,38,187,9,5,9,14,30,70,13,13,14,26,25,25,23,23,20,6,6,8,0,0,0
2212,27,14,10,0,14,23,19,21,18,19,21,18,19,89,194,54,10,9,8,12,14,11,14,15,10,14,64,10,117,177,10,11,12,0,26,25,2,52,13,30,4,9,12,209,206,207,8,14,22,49,103,12,10,11,23,18,18,15,15,19,2,3,3,22,37,26
2213,14,6,11,2,26,12,0,24,17,9,80,23,117,19,63,252,2,6,15,2,15,18,54,63,15,2,44,109,6,110,148,0,1,7,4,4,10,10,58,4,126,79,90,138,165,132,13,27,52,101,211,3,7,1,26,25,25,23,23,20,116,108,115,206,141,194
2214,4,1,0,13,1,22,17,60,11,10,60,112,82,64,112,136,1,2,10,1,2,25,1,2,17,65,112,117,204,232,17,6,13,4,30,13,23,19,14,41,81,86,124,222,17,111,3,4,6,11,27,0,0,0,9,7,10,1,1,3,55,72,78,35,66,101
2215,3,3,0,1,30,13,15,23,60,12,44,98,63,54,209,192,12,2,10,31,10,17,10,46,49,109,96,49,186,217,177,6,13,4,2,3,1,10,11,4,3,7,59,168,122,149,13,27,54,104,216,0,0,0,4,12,0,38,61,54,81,111,68,93,96,172
2216,48,15,6,11,11,0,28,11,41,57,95,127,100,206,56,7,3,0,4,3,0,4,26,0,4,106,0,90,3,0,139,2,5,5,8,19,16,7,8,13,15,111,76,54,7,55,7,12,18,42,92,7,6,7,7,6,8,0,0,1,47,14,26,83,95,77
2217,38,8,2,4,28,9,1,12,3,63,12,103,86,98,216,105,15,14,11,0,20,3,41,9,45,89,9,83,131,238,29,0,1,7,4,1,10,30,52,55,95,90,4,161,169,201,13,24,43,83,176,6,3,8,10,13,14,21,20,25,37,50,49,120,39,170
2218,7,3,7,1,30,13,6,23,60,58,74,123,79,132,42,192,12,2,10,31,10,17,53,46,49,109,96,49,83,169,45,0,1,7,4,4,10,57,11,14,124,90,76,71,57,253,3,5,7,14,35,9,8,6,5,5,7,38,32,2,73,37,45,84,81,91
2219,29,2,9,3,2,28,26,15,54,49,15,89,69,2,76,121,8,10,7,6,7,10,7,34,7,68,87,7,34,7,85,15,15,15,13,29,31,36,1,0,97,15,103,50,242,95,9,15,23,50,106,5,5,5,6,24,6,30,18,24,24,30,20,24,24,21
2220,25,6,11,2,26,12,0,24,17,0,89,70,0,30,103,112,2,6,15,19,15,18,32,16,15,116,16,111,172,231,84,0,1,7,9,4,10,55,15,24,63,40,97,61,104,36,6,11,16,35,79,3,7,1,13,14,15,28,44,53,52,57,48,50,52,62
2221,56,3,14,6,23,21,1,49,21,12,49,83,83,53,225,140,15,14,11,26,13,24,0,26,53,0,109,53,0,239,2,0,1,7,4,4,10,5,1,37,31,22,76,130,160,253,10,20,35,69,147,6,10,6,24,12,17,49,48,44,102,55,85,223,176,154
2222,10,1,1,13,5,25,9,44,1,12,126,1,10,120,175,177,12,2,10,14,30,5,63,13,38,65,90,78,191,95,186,6,13,4,2,3,1,3,22,9,27,13,58,16,204,17,3,6,8,17,42,0,0,0,4,3,0,7,2,0,96,89,88,142,210,86
2223,23,7,5,8,25,3,2,7,2,21,97,2,21,43,50,158,6,3,2,10,17,21,34,55,31,111,55,101,89,149,58,12,8,1,7,9,14,44,37,44,18,1,16,180,233,126,15,30,58,116,236,1,1,2,0,0,4,17,13,10,14,12,11,82,28,11
2224,51,9,8,7,13,27,12,27,24,60,64,24,60,119,87,48,4,5,1,5,4,31,6,23,36,6,82,112,170,134,178,3,6,2,31,5,4,10,58,4,124,90,76,15,155,40,9,18,30,59,126,2,2,3,1,1,1,4,4,4,88,52,127,175,167,253
2225,5,8,2,9,12,4,8,16,45,46,16,45,106,57,139,21,0,7,3,4,19,16,19,45,47,19,45,47,54,78,107,0,1,7,9,1,10,33,40,60,84,89,105,42,43,115,13,25,46,88,184,6,3,8,18,15,13,13,31,16,25,49,41,197,63,89
2226,53,11,15,5,10,17,3,51,31,14,51,31,14,7,225,165,0,7,3,26,11,24,31,26,30,71,84,93,101,99,124,0,1,7,4,4,10,5,58,37,124,90,76,63,170,253,9,18,30,60,127,4,4,4,2,2,2,49,57,44,99,49,121,224,191,163
2227,5,6,11,2,6,30,24,16,23,46,16,108,20,72,125,76,2,7,15,19,31,24,59,63,19,32,116,91,205,233,188,0,1,7,9,7,10,33,40,60,49,3,15,144,23,42,6,11,17,38,85,6,7,1,25,10,23,46,47,48,39,42,51,117,110,117
2228,21,3,2,4,9,20,20,61,12,39,68,36,94,42,3,254,9,14,5,13,29,27,11,33,32,101,97,74,132,42,224,0,1,7,20,20,25,49,38,56,123,73,70,254,157,199,10,20,37,72,153,8,3,9,17,16,20,25,33,23,45,46,42,140,26,85
2229,53,1,14,3,23,21,4,49,10,36,49,83,64,160,196,140,15,14,11,26,31,24,62,43,43,31,26,43,239,114,193,0,1,7,4,4,10,5,1,37,31,22,76,131,146,243,9,18,30,59,125,6,10,12,24,26,17,50,39,35,40,117,119,181,177,174
2230,36,3,0,1,30,13,15,59,7,38,108,86,84,73,179,129,12,2,10,31,10,30,20,25,26,20,86,98,26,33,22,6,13,4,2,3,1,29,26,5,90,50,21,88,93,240,3,7,9,19,45,0,0,0,14,12,0,18,19,8,15,18,12,9,229,8
2231,25,6,11,2,20,12,11,19,17,22,19,4,117,82,94,29,2,6,15,2,15,18,2,44,46,2,44,46,100,4,27,13,14,13,11,21,21,40,33,31,60,117,30,194,189,124,6,10,15,31,72,3,7,1,13,14,15,16,16,12,9,8,9,2,4,12
2232,16,9,8,12,13,27,12,30,20,53,123,85,5,34,228,111,4,5,1,5,4,31,6,23,36,6,82,36,236,134,254,3,6,2,15,2,28,1,12,50,124,90,122,40,34,125,1,1,1,3,5,2,2,3,12,9,12,33,28,14,76,84,116,118,84,207
2233,43,10,12,9,24,26,7,28,39,13,111,39,72,25,65,222,4,11,1,20,18,19,17,14,22,17,14,22,114,26,20,14,11,14,14,12,7,62,47,28,19,87,42,155,158,136,16,31,61,121,246,15,15,15,29,30,29,34,36,32,23,24,25,26,32,28
2234,44,10,12,8,12,4,21,43,40,31,70,110,80,190,70,114,0,7,3,4,27,16,44,29,47,44,29,2,151,74,16,8,2,12,24,16,17,53,34,33,24,17,20,147,65,113,16,32,62,122,247,1,3,8,18,11,13,13,25,16,34,13,39,21,30,31
2235,47,6,11,2,16,16,25,56,37,41,56,94,41,110,71,208,8,10,7,27,24,6,24,18,33,24,18,33,187,20,25,15,15,15,3,26,26,11,5,57,12,55,3,10,167,139,9,16,26,54,115,10,5,5,16,19,24,19,21,18,18,17,18,3,5,4
2236,54,3,7,1,30,13,1,39,60,1,74,123,1,200,138,244,13,13,6,22,8,22,51,48,24,93,48,118,123,53,247,0,1,7,4,4,10,42,35,43,10,67,43,107,133,63,13,27,52,99,207,9,8,6,5,5,26,55,32,51,72,63,75,47,58,52
2237,14,15,9,11,2,6,23,2,34,54,2,54,88,232,140,106,3,0,4,25,25,23,3,27,29,3,27,102,212,167,234,0,1,7,4,4,10,10,58,4,124,111,76,232,110,186,7,13,21,48,101,7,6,7,19,21,19,6,8,7,5,35,7,146,172,9
2238,15,12,8,7,15,18,29,46,20,61,46,104,67,119,236,176,4,5,1,5,4,31,38,62,55,38,104,55,78,186,102,3,6,2,31,5,4,48,21,6,52,110,99,48,48,18,1,2,2,5,12,2,2,3,1,1,1,14,24,22,86,10,99,127,123,95
2239,55,1,1,13,18,31,22,17,47,28,79,124,126,6,37,108,1,2,10,17,22,26,22,21,21,22,21,21,224,170,66,1,7,11,19,22,5,3,22,9,11,32,18,249,3,6,2,3,5,9,24,0,0,0,4,22,21,20,11,11,83,81,64,90,51,104
2240,42,2,9,3,2,28,26,15,54,49,6,125,34,228,93,193,8,10,7,6,7,10,7,34,7,68,87,7,34,7,85,0,1,7,4,4,10,36,1,0,124,90,76,71,34,253,3,7,11,26,62,5,5,5,6,24,6,30,18,24,24,30,20,253,193,186
2241,14,3,7,1,26,13,0,39,60,9,74,123,79,138,42,4,13,13,6,22,8,22,51,30,24,51,78,24,75,202,116,0,1,7,4,4,10,57,11,14,116,70,104,159,230,202,13,27,52,101,212,9,8,6,5,5,7,38,32,2,64,41,54,86,78,106
2242,5,6,11,2,6,30,24,24,23,8,96,107,8,52,198,145,2,6,15,19,15,18,59,63,19,32,91,77,96,108,187,0,1,7,9,7,24,22,60,53,102,85,90,132,231,215,6,11,16,33,76,10,7,1,25,10,23,28,35,28,51,51,44,53,76,110
2243,5,14,10,0,14,23,19,34,18,19,34,118,19,180,117,178,10,9,8,12,14,11,14,15,10,14,64,10,18,16,120,11,12,0,26,25,2,52,13,30,4,9,12,2,14,97,8,14,22,49,103,12,10,11,23,18,18,15,15,19,2,3,3,208,92,206
2244,56,13,7,6,27,14,6,25,28,58,88,28,83,12,225,249,13,13,6,16,28,9,13,12,6,13,12,6,130,184,222,0,1,7,1,0,22,0,42,61,101,113,35,115,116,153,11,22,40,76,160,9,8,6,5,5,7,3,6,2,20,33,17,18,18,27
2245,11,1,0,13,5,1,9,44,5,34,44,5,34,125,4,221,12,2,10,14,30,5,63,13,38,63,90,38,109,242,79,6,13,4,2,3,1,3,22,9,27,13,58,206,204,17,3,6,8,17,40,0,0,0,4,3,0,7,2,0,67,79,70,168,211,151
2246,9,15,6,11,11,0,28,11,41,30,122,0,100,231,16,224,3,0,4,3,0,4,26,0,4,26,105,4,111,124,3,2,5,5,8,19,16,7,51,49,15,12,44,53,7,187,7,12,18,42,91,7,6,7,7,6,8,0,0,1,32,28,16,39,36,57
2247,33,5,3,10,19,19,13,41,57,45,36,57,47,36,248,10,14,6,0,23,6,0,12,49,0,12,73,104,142,18,252,10,10,3,12,15,11,14,2,4,8,38,38,71,160,253,4,8,13,29,67,3,9,1,3,4,3,2,5,6,7,4,6,193,27,68
2248,3,13,7,6,27,14,6,25,60,58,74,123,58,164,105,4,13,13,6,22,28,9,51,30,24,51,78,24,189,40,116,0,1,7,1,0,22,57,11,14,59,33,123,204,11,225,11,22,40,76,160,9,8,6,5,5,7,3,32,2,85,41,45,78,80,78
2249,48,15,6,11,11,5,28,22,9,57,95,9,115,39,231,7,3,0,4,3,0,4,26,0,4,106,0,90,3,0,216,2,5,5,8,19,16,7,51,49,15,111,9,54,7,55,7,12,18,42,92,7,6,7,7,6,8,0,0,1,47,45,26,196,49,181
2250,38,8,12,9,12,4,8,43,45,33,43,110,33,169,139,60,0,7,3,4,19,16,19,45,47,19,45,86,168,79,201,0,1,7,9,1,10,33,40,60,99,5,120,187,101,113,13,24,43,82,172,6,3,8,18,15,13,13,31,16,34,13,39,79,64,169
2251,19,14,10,0,14,23,19,34,18,19,102,18,19,9,203,26,10,9,8,12,14,11,14,15,10,14,64,10,18,16,120,11,12,0,26,25,2,52,13,30,4,9,12,2,24,2,8,14,22,49,103,12,10,11,23,18,18,15,15,19,2,3,3,8,13,6
2252,52,3,2,4,26,9,16,39,62,9,39,77,113,99,47,213,15,14,11,29,8,27,25,48,39,25,74,113,90,83,214,0,1,7,10,20,6,61,35,39,91,20,63,68,21,103,6,11,17,37,83,8,7,9,30,10,26,47,45,43,38,43,40,68,83,56
2253,42,2,9,3,2,28,26,15,54,49,2,54,69,2,23,117,8,10,7,6,7,10,56,34,41,7,70,56,232,159,198,15,15,15,4,29,31,36,1,0,119,6,13,175,177,180,9,15,23,50,106,5,5,5,6,24,6,32,18,31,49,53,50,69,74,79
2254,20,13,0,6,27,14,6,25,28,58,88,72,76,139,190,4,13,13,6,16,28,9,13,30,6,51,78,24,189,40,116,0,1,7,1,0,22,57,11,14,59,33,123,250,33,225,3,6,8,17,39,9,8,6,5,5,7,3,6,2,20,33,45,132,249,55
2255,42,2,9,3,2,28,26,6,29,49,6,125,101,228,19,15,8,10,7,6,7,10,7,34,7,68,87,7,237,138,41,12,8,1,4,9,14,36,44,63,106,36,78,251,77,219,15,30,58,116,238,1,1,5,6,0,4,30,9,9,62,62,31,55,61,58
2256,37,14,10,3,22,21,2,7,44,2,109,100,2,246,120,79,6,3,2,10,17,21,33,39,34,33,39,34,108,6,141,12,8,1,7,9,14,35,31,2,117,101,108,43,106,69,9,18,32,63,136,1,1,2,0,0,4,22,9,9,43,39,38,42,22,45
2257,61,5,3,10,19,19,13,41,27,47,58,27,47,50,31,25,14,6,0,23,6,0,12,49,0,12,73,0,142,192,218,10,10,3,4,4,10,10,58,4,124,90,38,71,21,253,4,8,13,28,64,3,9,1,3,4,3,42,42,40,31,29,34,248,185,157
2258,42,2,9,6,2,28,26,6,54,49,6,72,101,58,107,106,13,13,6,16,28,9,13,30,6,94,30,84,13,77,137,0,1,7,4,4,10,10,58,14,124,90,123,233,160,225,11,22,40,76,160,9,8,5,5,5,7,3,6,2,63,37,45,132,214,55
2259,26,6,11,2,6,30,0,36,56,43,36,70,43,33,11,246,14,6,0,23,6,0,12,49,0,12,73,104,16,18,252,10,10,3,12,15,11,14,2,4,124,90,38,12,21,119,9,18,32,63,133,3,9,1,3,4,3,2,5,6,7,69,6,51,56,54
2260,50,15,6,11,11,0,28,11,41,50,92,41,100,167,146,224,3,0,4,3,0,4,26,0,4,66,117,4,230,143,143,7,0,10,8,19,16,7,51,49,124,111,76,54,7,253,7,12,18,40,88,7,6,7,7,6,8,0,0,1,32,45,57,12,57,9
2261,0,3,0,1,30,1,15,59,7,38,108,86,84,73,68,129,12,2,10,31,10,30,20,25,26,20,86,98,26,33,22,6,13,4,2,3,1,29,26,5,90,50,21,120,58,71,3,7,9,18,43,0,0,0,14,12,0,18,19,8,15,18,12,9,11,8
2262,11,1,1,13,5,25,9,44,1,12,100,1,12,17,175,51,12,2,10,14,30,5,10,13,38,10,13,106,109,218,227,6,13,4,2,3,1,3,22,9,27,13,58,208,254,196,3,6,8,17,42,0,0,0,4,3,0,7,2,0,96,79,88,168,179,126
2263,30,11,13,5,8,29,30,31,32,35,31,32,78,188,238,75,7,12,13,21,5,29,28,22,37,28,22,87,22,69,235,9,9,9,5,17,3,23,28,17,23,27,22,185,159,194,14,29,57,114,233,4,4,4,20,20,22,11,17,17,1,5,4,4,7,7
2264,26,6,11,2,6,30,24,26,23,46,26,108,20,72,125,76,2,6,15,19,15,18,32,16,15,98,16,15,103,121,232,0,1,7,9,7,10,33,40,60,49,3,15,144,23,42,6,11,17,38,85,3,7,1,25,10,23,46,47,48,39,42,51,117,110,117
2265,35,1,1,13,18,31,22,17,30,28,79,105,126,6,209,108,1,2,10,17,22,26,22,21,21,22,21,21,224,170,66,1,7,11,19,22,5,20,10,16,66,43,92,90,8,135,2,3,5,9,24,11,0,13,21,22,21,10,11,11,0,1,0,93,3,2
2266,58,2,9,3,2,28,26,6,54,49,6,125,49,137,93,210,8,10,7,6,7,10,7,34,7,68,87,7,225,7,85,15,15,15,4,29,31,36,1,0,124,90,76,163,227,42,9,18,32,64,137,5,5,5,6,24,6,56,18,62,118,105,20,176,193,186
2267,60,13,7,14,3,15,27,3,35,17,3,35,17,19,189,12,11,8,9,9,9,8,8,7,11,8,7,11,8,8,243,4,4,8,21,11,0,39,32,10,20,18,50,17,5,33,5,9,14,30,70,13,13,14,26,25,25,23,23,20,6,6,8,0,0,0
2268,6,6,11,2,20,12,11,24,17,8,89,79,117,233,103,227,2,6,15,2,15,18,2,44,46,2,44,109,192,173,148,0,1,7,9,4,10,55,15,24,93,90,90,29,209,179,6,11,16,32,73,3,7,1,13,14,15,16,16,12,112,99,9,194,113,150
2269,29,15,9,11,2,6,23,2,34,54,114,54,88,232,82,104,3,0,4,25,25,23,3,27,29,3,27,102,212,167,234,7,0,10,25,18,8,10,58,4,124,111,76,232,110,186,7,13,21,48,101,7,6,7,19,21,19,6,8,7,5,7,7,146,197,9
2270,5,6,11,2,6,30,24,16,23,46,16,108,20,72,125,76,2,6,15,19,15,18,59,63,15,98,16,15,50,28,14,0,1,7,9,7,10,33,40,60,49,3,15,144,23,42,6,11,17,38,85,3,7,1,25,10,23,46,47,48,39,42,51,117,110,117
2271,46,10,12,8,24,26,7,28,39,13,111,39,72,230,233,204,4,11,1,20,18,19,17,14,22,17,14,22,25,152,163,14,11,14,14,12,7,6,3,25,46,11,33,56,174,30,16,31,61,120,245,15,15,15,29,30,29,34,36,32,23,24,25,81,88,87
2272,28,1,1,13,5,25,9,45,1,37,126,1,91,17,112,51,12,2,10,14,30,5,63,13,38,119,90,38,53,216,225,6,13,4,2,3,1,34,57,45,111,54,28,121,62,112,3,6,8,17,41,0,0,0,4,3,0,7,40,0,27,47,23,199,112,204
2273,35,1,1,13,18,31,22,17,30,28,79,124,28,6,37,24,1,2,10,17,22,26,22,21,21,22,21,21,224,170,66,1,7,11,19,22,5,20,10,16,2,32,14,62,178,230,2,3,5,9,24,11,0,13,21,22,21,10,11,11,0,1,0,7,3,2
2274,3,1,0,13,1,22,17,1,11,10,1,106,82,1,210,73,1,2,10,1,2,25,1,2,17,1,2,79,1,109,208,6,13,4,30,13,23,19,14,41,17,39,107,71,249,208,3,4,6,12,30,0,0,0,9,7,10,1,1,3,22,0,2,177,45,124
2275,59,11,15,5,10,17,3,51,50,14,82,69,114,217,193,38,7,12,13,7,23,7,55,3,61,5,115,88,7,164,8,9,9,9,0,31,15,15,50,19,0,103,29,37,247,88,14,29,57,113,230,4,4,4,2,2,2,5,7,5,11,19,28,101,71,94
2276,49,11,15,5,10,17,3,4,50,3,78,95,127,235,135,184,7,12,13,21,5,29,5,53,20,64,114,20,57,38,237,9,9,9,0,31,15,58,16,62,65,64,91,167,78,23,14,29,57,114,233,4,4,4,2,2,2,29,30,30,3,16,21,40,69,13
2277,37,7,5,3,25,3,26,55,29,2,109,29,110,90,182,182,6,3,2,10,17,21,33,39,60,79,72,123,133,205,127,12,8,1,7,9,14,59,44,63,106,36,78,251,77,219,15,30,58,116,238,1,1,2,0,0,4,50,9,9,62,62,31,55,61,58
2278,33,5,3,10,19,30,24,58,23,47,58,55,20,36,18,10,14,6,0,23,6,0,12,49,54,80,49,54,167,56,91,10,10,3,27,28,30,56,19,3,68,21,27,34,1,60,4,8,13,28,64,3,9,1,3,4,3,42,42,40,31,29,34,16,15,17
2279,0,3,0,1,30,1,15,59,7,38,59,86,84,73,179,129,12,2,10,31,10,30,20,25,26,20,86,98,26,33,22,6,13,4,2,3,1,29,26,5,90,50,21,120,58,71,3,7,9,18,43,0,0,0,14,12,0,18,19,8,15,18,12,9,11,8
2280,46,12,8,7,15,18,29,46,42,51,46,42,67,119,14,253,4,5,1,5,4,31,38,62,55,38,104,55,78,251,240,3,6,2,31,5,4,48,21,6,30,94,127,22,155,144,1,1,1,3,4,2,2,3,1,1,1,14,24,22,16,10,19,25,9,36
2281,23,8,5,9,12,4,8,43,45,33,43,45,33,18,70,216,0,7,3,4,19,16,19,45,47,19,45,86,168,79,73,0,1,7,9,1,10,33,40,60,99,5,120,181,162,148,13,24,43,82,173,6,3,8,18,15,13,13,31,16,25,13,41,79,64,96
2282,61,6,11,2,26,30,14,16,56,46,24,108,117,72,31,10,2,6,15,2,15,18,2,44,46,2,44,109,192,173,148,0,1,7,9,4,10,10,58,4,115,121,76,71,160,253,4,8,13,28,64,3,7,1,13,14,15,16,16,12,116,8,9,206,141,194
2283,36,1,1,13,7,25,5,29,22,48,29,22,48,145,226,130,12,2,10,14,21,17,29,61,35,29,61,35,38,71,42,6,13,4,29,24,27,47,55,15,14,58,115,140,61,26,3,5,7,13,33,0,0,0,22,3,16,27,29,26,30,31,29,6,6,5
2284,16,9,8,12,13,27,12,30,24,53,123,85,60,193,33,189,4,5,1,5,4,31,6,23,36,6,82,36,248,255,178,3,6,2,15,2,28,1,12,50,37,42,26,67,34,220,1,1,1,1,2,2,2,3,12,9,12,8,12,14,19,15,22,33,23,14
2285,53,6,14,3,23,21,4,49,10,26,49,83,64,53,245,32,0,14,3,26,31,24,62,43,43,31,26,43,239,114,23,0,1,7,4,4,10,5,1,37,31,22,76,63,82,231,9,18,30,60,127,6,10,12,24,26,17,43,39,35,40,85,52,137,128,121
2286,18,12,8,7,15,18,12,32,16,61,32,16,61,192,64,118,4,5,1,5,4,15,21,50,62,21,5,62,62,51,238,3,6,2,31,5,4,21,25,29,114,8,71,33,35,174,1,2,4,7,19,2,2,3,1,1,1,4,4,4,10,21,10,56,38,24
2287,0,3,0,1,30,13,15,59,7,38,108,7,84,73,68,129,12,2,10,31,10,30,20,25,26,20,86,98,26,133,22,6,13,4,2,3,1,29,26,5,90,50,21,88,160,71,3,7,9,20,46,0,0,0,14,12,0,18,19,8,15,18,12,9,11,8
2288,0,1,1,1,5,1,15,45,5,34,59,5,77,229,24,126,12,2,10,14,30,5,63,13,5,117,101,5,9,87,140,6,13,4,2,3,1,3,22,9,87,95,117,11,68,164,3,6,8,15,36,0,0,0,4,3,0,20,2,0,35,36,43,19,33,50
2289,28,9,8,12,13,27,12,30,24,53,123,85,53,193,33,189,4,5,1,5,4,31,6,23,36,6,82,36,248,255,178,3,6,2,15,2,28,1,12,50,37,42,26,67,34,220,1,1,1,3,5,2,2,3,12,9,12,8,12,14,19,15,22,33,23,14
2290,25,6,11,2,6,19,24,36,23,16,71,97,36,29,169,64,2,6,15,2,15,18,54,4,15,108,85,99,88,153,95,0,1,7,4,4,10,5,1,37,69,29,47,217,137,37,9,18,31,61,129,3,9,1,25,4,17,53,43,52,70,70,65,92,101,115
2291,24,4,14,3,31,7,4,49,59,26,49,83,64,112,127,3,8,15,14,18,16,13,18,17,16,18,17,16,200,14,13,5,3,6,4,4,10,5,1,37,31,22,76,78,95,105,9,17,27,55,116,14,14,12,28,28,27,31,34,29,13,11,14,1,1,113
2292,12,13,7,6,27,14,6,25,28,58,88,28,58,241,48,94,13,13,6,16,28,9,13,12,6,13,12,6,227,11,11,0,1,7,1,0,22,0,42,61,124,90,76,219,136,21,13,27,54,103,215,9,8,6,5,5,7,3,6,2,20,33,17,103,93,63
2293,37,7,14,3,25,21,4,7,44,2,109,100,2,92,120,79,6,3,2,10,17,21,33,39,34,33,39,34,108,6,141,12,8,1,7,9,14,35,31,2,117,101,108,43,106,69,15,30,60,118,241,1,1,2,0,0,4,22,9,9,43,39,38,42,22,45
2294,39,15,9,11,11,6,23,63,48,29,63,48,88,80,82,17,3,0,4,25,25,23,3,27,29,3,65,29,226,167,134,7,0,10,25,18,8,9,53,26,54,63,11,24,19,70,7,13,19,44,94,7,6,7,19,21,19,6,8,7,5,7,7,31,2,29
2295,63,11,15,5,10,17,3,40,50,14,4,69,85,61,60,83,7,12,13,7,23,7,55,3,61,81,124,88,7,164,8,0,1,7,0,31,15,15,50,19,124,103,29,192,52,137,14,29,57,114,232,4,4,4,2,2,2,5,7,5,11,55,28,46,239,73
2296,40,2,9,3,2,28,26,6,54,49,6,89,101,58,108,117,8,10,7,6,7,10,16,35,63,97,34,108,222,100,130,0,1,7,4,29,31,10,1,4,124,90,76,175,160,180,9,18,32,63,134,5,5,5,6,17,6,62,10,35,115,116,128,234,208,138
2297,26,6,11,2,26,30,10,24,23,20,86,56,68,38,84,227,0,7,3,19,31,24,59,63,27,72,106,82,23,59,146,0,1,7,9,4,10,16,48,59,38,35,55,245,90,61,9,18,32,64,137,3,7,1,3,4,3,44,52,59,84,83,82,88,90,84
2298,17,6,15,2,10,17,16,54,43,14,40,44,124,136,128,165,0,7,3,26,31,24,31,26,27,71,84,93,196,215,236,0,1,7,4,4,10,57,23,14,124,90,121,71,197,158,10,19,33,66,141,4,4,4,2,2,2,49,57,44,107,123,94,156,188,189
2299,7,10,12,9,12,4,21,43,40,31,43,110,80,190,70,114,0,7,3,4,27,16,44,29,47,44,29,2,151,74,16,8,2,12,24,16,17,53,34,33,24,17,20,74,29,5,16,32,62,122,247,1,3,8,15,11,13,35,25,33,28,22,24,21,10,3
2300,3,1,0,13,1,22,17,1,11,10,1,11,82,64,161,136,1,2,10,1,2,25,10,46,49,65,88,117,204,211,113,6,13,4,30,13,23,19,14,41,17,39,107,170,210,162,3,4,6,12,29,0,0,0,9,7,10,1,1,3,22,0,69,130,145,180
2301,29,2,9,3,2,28,26,2,54,54,2,54,89,232,140,106,8,10,7,6,7,10,48,8,56,48,8,89,171,119,63,0,1,7,4,29,31,10,58,4,124,111,76,232,110,186,7,13,21,48,101,5,6,5,6,17,6,32,8,7,105,103,103,232,221,188
2302,63,3,2,4,9,8,10,47,61,4,86,82,4,40,215,159,15,14,11,29,29,27,30,33,32,122,93,125,71,123,47,0,1,7,20,20,25,4,27,38,105,31,31,94,56,81,10,20,36,71,150,8,3,9,11,16,11,12,38,36,48,78,60,129,129,118
2303,33,5,3,10,19,19,13,41,57,45,41,57,47,36,173,179,14,6,0,23,6,0,12,49,0,12,73,104,142,192,218,10,10,3,12,15,11,14,2,4,8,38,38,125,147,167,4,8,13,29,67,3,9,1,3,4,3,2,5,6,7,4,6,59,27,68
2304,39,15,9,11,11,6,23,13,53,29,13,53,71,167,129,166,3,0,4,25,25,23,3,27,29,3,27,102,212,92,242,7,0,10,25,18,8,38,43,34,64,84,41,114,25,155,7,13,20,45,95,7,6,7,19,21,19,6,8,7,5,7,7,12,130,20
2305,20,6,11,2,6,30,24,24,23,20,24,23,20,52,47,161,2,7,15,19,31,24,59,63,19,32,106,91,181,59,188,0,1,7,9,4,10,5,58,37,115,121,90,71,21,253,6,11,17,37,83,3,7,1,30,10,23,44,35,28,65,65,89,166,86,199
2306,22,6,11,9,26,30,14,16,49,46,16,108,46,186,124,198,0,7,3,26,31,24,58,10,27,76,98,27,203,104,109,0,1,7,9,1,10,33,40,60,74,91,15,119,50,133,13,25,46,87,183,6,15,1,25,10,23,46,47,48,39,42,97,113,122,129
2307,29,2,9,3,2,28,31,2,34,54,114,54,62,151,80,117,8,10,7,6,7,10,36,35,63,114,119,63,87,235,196,0,1,7,4,4,31,10,58,4,124,6,13,237,99,253,9,15,23,50,105,5,5,5,6,17,6,32,10,31,36,35,36,126,149,146
2308,4,9,1,12,7,25,5,29,22,48,99,22,48,69,35,107,12,2,10,14,21,17,29,61,35,29,61,35,38,71,42,6,13,4,29,24,27,47,55,15,14,58,115,166,61,26,3,5,7,14,35,0,0,0,22,3,16,27,29,26,30,31,29,6,6,5
2309,27,14,14,2,6,21,0,49,10,16,71,97,16,156,187,32,2,6,15,19,15,18,54,16,15,54,85,99,88,153,95,0,1,7,4,4,10,10,58,4,124,90,76,71,160,90,9,18,30,59,126,3,9,1,11,23,11,12,43,53,125,125,74,199,138,204
2310,42,12,8,7,15,18,12,27,16,32,64,24,73,134,131,118,4,5,1,5,4,15,21,5,12,113,62,12,124,39,200,3,6,2,31,5,4,21,0,23,7,60,5,139,64,239,1,2,3,6,15,2,2,3,1,1,1,4,4,4,41,25,1,96,20,37
2311,52,3,2,4,28,9,1,39,62,4,39,77,113,201,172,213,15,14,11,29,29,27,25,48,39,96,74,45,160,31,37,0,1,7,4,20,10,61,35,39,91,20,63,177,221,56,13,27,51,98,205,8,7,9,30,10,26,47,45,43,38,43,40,68,83,56
2312,13,8,2,4,28,9,1,12,44,63,12,3,86,122,216,11,15,14,11,0,20,3,41,9,45,41,99,80,99,176,111,0,1,7,4,1,10,30,52,55,95,120,4,161,169,244,13,27,53,102,213,6,3,8,10,13,14,21,20,25,37,50,49,105,39,66
2313,60,13,7,14,3,15,27,3,35,17,3,35,17,172,202,12,11,8,9,9,9,8,8,7,11,8,7,11,8,8,243,4,4,8,21,11,0,39,32,10,20,18,50,174,6,74,5,9,14,30,70,13,13,14,26,25,25,23,23,20,6,6,8,0,0,0
2314,58,15,9,11,11,6,26,6,48,29,63,125,24,80,107,106,3,0,4,25,25,23,3,27,29,3,27,102,212,167,234,7,0,10,4,4,10,9,53,26,54,63,11,24,19,70,7,13,19,44,94,7,6,7,19,21,19,6,8,7,5,7,7,31,31,29
2315,51,12,8,7,15,18,12,27,16,32,64,24,92,76,131,175,4,5,1,5,4,15,21,5,12,113,62,12,124,204,200,3,6,2,31,5,4,21,0,23,55,127,5,255,217,246,1,2,3,6,16,2,2,3,1,1,1,4,4,4,10,52,1,61,126,75
2316,12,13,7,6,27,14,6,20,60,58,74,123,79,132,42,4,13,13,6,22,8,22,51,30,24,51,78,24,75,202,116,0,1,7,1,0,22,57,11,14,116,70,104,230,145,63,13,27,52,101,209,9,8,6,5,5,7,38,32,2,64,41,54,86,78,106
2317,34,8,2,4,28,9,1,40,21,63,25,31,63,78,74,249,0,14,3,26,13,24,0,26,53,0,109,53,0,239,2,0,1,7,4,4,10,4,27,38,82,71,118,95,52,166,14,29,57,112,229,4,8,6,2,2,11,49,48,44,102,55,85,97,103,73
2318,51,12,8,7,15,18,12,32,16,32,64,24,73,192,64,118,4,5,1,5,4,15,21,50,62,21,5,12,62,140,155,3,6,2,31,5,4,21,0,23,114,127,71,33,35,174,1,2,3,6,15,2,2,3,1,1,1,4,4,4,10,21,1,45,38,51
2319,22,6,11,2,26,30,14,10,49,9,10,49,49,186,81,235,0,7,3,26,31,24,50,54,51,50,54,51,47,90,39,0,1,7,4,4,10,33,23,60,76,41,112,6,81,150,7,13,21,47,97,0,0,6,25,29,28,48,49,49,92,86,106,133,108,162
2320,5,6,11,2,20,12,11,19,17,22,19,17,117,30,63,100,2,6,15,2,15,18,2,44,46,2,44,109,192,173,148,13,14,13,11,21,21,40,33,31,60,117,30,241,235,170,6,10,15,31,71,3,7,1,13,14,15,16,16,12,9,8,9,2,4,30
2321,41,1,0,13,1,22,17,1,11,10,1,106,107,13,161,86,1,2,10,1,2,25,1,2,17,105,112,17,64,2,246,6,13,4,30,13,23,19,14,41,17,39,107,195,210,162,3,4,6,12,31,0,0,0,9,7,10,1,1,3,22,0,2,115,96,123
2322,52,8,2,4,0,9,8,39,62,9,39,77,113,201,119,213,15,14,11,29,8,27,25,48,39,25,74,113,90,83,214,0,1,7,4,20,10,61,35,39,91,20,63,98,0,103,13,27,51,98,205,8,7,9,30,10,26,47,45,43,38,43,40,68,83,56
2323,45,7,5,8,4,26,7,57,13,44,117,13,44,234,223,22,6,3,2,30,3,2,4,52,9,92,52,68,63,17,220,12,8,1,18,27,18,31,4,58,5,24,56,182,16,84,16,32,63,124,251,1,1,2,0,0,5,24,22,21,17,27,15,15,19,19
2324,23,7,5,8,25,3,2,37,2,21,97,2,21,43,224,45,6,3,2,10,17,21,34,55,31,34,55,31,162,44,164,12,8,1,7,9,14,44,58,44,34,53,94,183,21,253,15,30,59,117,240,1,1,2,0,0,4,17,13,10,98,112,63,110,118,97
2325,24,4,14,2,31,7,4,38,59,23,116,120,70,128,127,240,8,15,14,18,16,13,18,17,16,18,17,16,14,14,13,5,3,6,23,6,20,25,30,7,21,106,52,78,95,105,9,17,27,55,116,14,14,12,28,28,27,31,34,29,13,11,14,1,1,1
2326,57,7,5,8,25,3,2,55,29,21,55,29,110,90,207,140,6,3,2,10,17,21,33,39,60,79,72,123,133,205,127,12,8,1,7,9,14,59,44,63,106,36,78,251,77,219,15,30,58,116,238,1,1,2,0,0,4,50,9,9,62,62,31,55,61,58
2327,27,0,4,15,0,2,16,52,25,9,75,77,81,158,235,231,5,4,12,11,12,12,45,59,52,45,59,52,122,70,226,0,1,7,4,4,10,12,56,52,88,118,73,159,230,202,13,25,48,91,190,5,11,10,8,8,9,9,46,15,79,75,76,70,87,81
2328,8,1,1,13,5,25,9,44,19,18,17,91,96,243,175,130,12,2,10,14,30,5,10,13,38,10,13,106,42,242,79,6,13,4,4,4,10,10,58,9,27,13,58,178,117,193,13,25,47,89,185,0,0,0,4,3,0,7,2,0,97,92,91,147,137,128
2329,26,6,11,2,26,30,24,24,23,20,89,70,20,52,255,103,2,6,15,19,15,18,59,63,15,59,63,119,115,64,68,0,1,7,9,7,10,22,60,53,102,115,25,197,42,160,6,11,17,37,84,3,7,1,25,10,23,28,35,28,51,51,44,53,76,179
2330,11,1,1,13,7,25,5,29,22,48,29,22,48,145,35,107,12,2,10,14,21,17,29,61,35,29,61,35,38,71,42,6,13,4,29,24,27,47,55,15,14,58,115,166,61,26,3,5,7,13,33,0,0,0,22,3,16,27,29,26,30,31,29,6,6,5
2331,55,1,1,13,5,1,9,45,5,34,112,5,34,96,4,136,12,2,10,14,30,5,63,13,5,117,101,5,9,87,140,6,13,4,2,3,1,3,22,9,11,95,18,249,86,191,3,4,6,11,27,0,0,0,4,3,0,20,2,0,83,81,64,90,51,104
2332,2,14,10,4,22,8,10,8,43,62,86,88,93,117,183,81,15,1,11,15,1,20,9,1,50,9,1,50,175,1,115,0,1,7,10,20,6,32,49,54,109,75,48,59,212,116,10,20,36,71,151,8,12,9,11,23,11,12,14,13,4,2,5,14,73,22
2333,22,2,9,9,26,30,14,10,49,9,81,92,95,197,121,199,0,7,3,26,31,24,50,54,51,50,54,51,47,90,39,0,1,7,4,4,10,10,23,4,1,102,95,224,225,54,3,4,6,10,26,0,0,6,9,24,28,48,49,49,44,86,20,144,108,148
2334,48,15,6,11,11,5,28,13,9,29,95,9,29,155,231,147,3,0,4,3,0,4,26,0,4,66,117,4,230,143,143,2,5,5,8,19,16,7,51,49,6,78,9,188,113,4,7,12,18,40,89,7,6,7,7,6,8,0,0,1,82,45,57,58,57,71
2335,19,14,10,0,14,23,19,34,18,19,102,18,19,9,117,178,10,9,8,12,14,11,14,15,10,14,64,10,18,16,120,11,12,0,26,25,2,52,13,30,4,9,12,209,206,2,8,14,22,49,103,12,10,11,23,18,18,15,15,19,2,3,3,8,13,6
2336,62,1,1,13,18,31,22,17,30,28,79,124,28,6,37,24,1,2,10,17,22,26,22,21,21,22,21,21,224,170,66,1,7,11,19,22,5,20,10,16,2,32,14,64,3,6,2,3,5,9,24,11,0,13,21,22,21,10,11,11,0,1,0,7,3,2
2337,60,13,7,14,3,15,27,3,35,17,3,35,17,129,220,12,11,8,9,9,9,8,8,7,11,8,7,11,8,8,243,4,4,8,21,11,0,13,6,21,43,23,69,174,6,74,5,9,14,30,70,13,13,14,26,25,25,23,23,20,6,6,8,0,0,0
2338,1,2,15,3,10,17,3,33,50,55,33,96,90,49,153,133,0,7,3,26,11,24,35,42,8,35,95,114,140,94,251,0,1,7,0,31,15,58,16,62,61,88,74,142,246,22,9,18,29,57,121,4,4,4,2,2,31,29,30,55,3,60,58,71,46,47
2339,27,5,3,10,6,19,0,36,57,16,71,97,16,237,187,234,2,6,15,2,15,18,52,4,15,108,79,73,190,86,86,10,10,3,12,15,11,14,2,4,94,96,101,28,180,79,9,18,31,61,130,3,9,1,3,4,3,2,58,52,93,98,100,114,120,108
2340,49,11,15,5,10,29,3,40,31,14,98,31,14,7,26,49,7,12,13,7,23,7,55,3,61,81,124,126,202,195,184,9,9,9,0,31,15,15,50,19,82,71,118,95,52,166,14,29,57,112,229,4,4,4,2,2,2,49,48,44,102,55,85,97,103,73
2341,59,11,15,5,10,29,3,40,50,14,110,31,98,7,26,38,7,12,13,7,23,7,55,3,61,5,115,88,177,164,8,9,9,9,0,31,15,15,50,19,82,71,118,95,247,88,14,29,57,113,230,4,4,4,2,2,2,5,7,5,11,55,85,97,103,73
2342,36,3,0,1,30,13,5,60,7,1,60,117,87,143,228,192,12,2,10,31,21,17,53,46,49,110,96,49,83,193,45,6,13,4,4,4,10,54,54,18,124,90,76,71,160,253,10,20,37,72,152,0,0,0,22,12,16,51,51,50,76,84,79,100,84,80
2343,13,11,13,5,8,10,30,31,15,35,4,74,85,223,92,144,7,12,13,21,5,29,28,22,37,127,22,37,183,69,235,9,9,9,4,4,10,5,1,37,124,90,76,71,160,253,14,28,55,108,223,4,4,4,20,20,22,11,17,17,1,5,4,76,75,65
2344,10,3,2,1,9,20,20,61,12,39,90,122,39,251,27,211,1,2,10,17,22,26,22,21,21,22,21,21,206,170,66,1,7,11,19,22,5,20,10,16,108,66,111,186,41,140,2,3,5,9,23,11,0,13,21,22,21,10,11,11,0,1,0,32,47,44
2345,35,1,1,13,18,31,22,17,30,28,79,30,28,6,67,24,1,2,10,17,22,26,22,21,21,112,21,122,67,24,21,1,7,11,19,22,5,20,10,16,108,66,111,186,41,140,2,3,5,9,23,11,0,13,21,22,21,10,11,11,0,1,0,32,47,44
2346,41,1,0,3,1,22,17,1,11,10,69,106,10,197,186,142,1,2,10,1,2,25,1,2,17,105,2,17,1,109,208,6,13,4,30,13,23,19,14,41,17,39,107,79,105,245,3,4,6,10,25,0,0,0,9,7,10,1,1,3,22,0,2,73,17,123
2347,14,11,13,5,8,29,3,4,32,3,31,32,98,223,232,167,7,12,13,21,5,29,5,53,20,64,114,20,183,171,207,9,9,9,0,31,15,15,50,19,82,34,64,146,191,177,14,29,56,110,226,4,4,4,2,2,2,11,30,30,3,16,21,135,157,125
2348,61,5,3,10,19,19,13,58,27,47,58,27,47,50,18,10,14,6,0,23,6,0,12,49,54,80,49,54,142,192,218,10,10,3,12,15,11,14,2,4,126,79,38,71,21,253,4,8,13,29,65,3,9,1,3,4,3,2,5,6,31,29,34,201,185,157
2349,18,8,15,3,28,9,1,12,56,26,12,126,26,156,216,105,14,6,0,23,6,0,12,49,0,12,73,0,255,192,218,10,10,3,4,4,10,10,58,4,124,90,38,71,160,253,4,8,13,28,64,3,9,1,3,4,3,2,5,6,124,127,127,238,226,130
2350,31,0,4,15,17,2,18,18,36,59,120,90,59,100,204,119,5,4,12,11,12,12,15,38,14,15,38,14,218,19,231,15,15,15,16,30,13,18,17,22,110,59,60,134,179,89,12,23,42,80,167,5,11,10,8,8,9,9,3,15,21,9,13,34,16,72
2351,30,11,13,5,8,29,30,31,15,35,65,32,78,106,13,144,7,12,13,21,5,29,28,22,37,28,22,87,22,129,26,9,9,9,5,17,3,23,28,17,112,27,22,185,159,237,14,28,55,107,222,4,4,4,20,20,22,11,17,17,1,5,4,4,181,53
2352,2,14,10,4,22,8,10,8,43,62,8,44,93,212,183,81,15,1,11,15,1,20,9,1,50,9,1,50,41,84,229,0,1,7,10,20,6,32,49,54,33,75,113,152,216,77,10,19,33,66,142,8,12,9,11,23,11,12,14,13,4,2,5,28,53,39
2353,2,14,10,4,22,8,10,8,43,62,86,88,4,196,183,81,15,1,11,15,1,20,9,1,50,9,1,50,198,1,30,0,1,7,10,20,6,4,27,38,109,90,48,9,107,116,10,19,34,68,145,8,12,9,11,23,11,12,14,13,122,2,5,14,73,213
2354,20,9,8,12,13,27,12,30,24,53,123,85,60,193,33,189,4,5,1,5,4,31,6,23,36,6,82,36,170,134,178,3,6,2,15,2,28,1,12,50,37,42,26,240,215,205,1,1,1,1,2,2,2,3,12,9,12,8,12,14,19,15,22,33,150,134
2355,26,6,11,2,26,30,0,24,56,8,127,79,117,233,75,112,2,6,15,19,15,18,32,16,15,98,16,111,126,180,181,0,1,7,9,4,10,10,58,4,124,90,90,29,209,179,6,11,16,35,80,3,7,1,31,14,28,28,44,61,112,99,104,188,113,231
2356,61,5,3,10,19,19,13,41,27,45,41,27,47,50,248,25,14,6,0,23,6,0,12,49,0,12,73,0,255,192,69,10,10,3,12,15,11,14,2,4,126,79,114,12,109,119,4,8,13,28,64,3,9,1,3,4,3,2,5,6,66,69,66,91,68,59
2357,49,11,15,5,10,17,3,4,50,3,104,114,127,114,167,133,7,12,13,7,23,7,5,53,20,5,115,88,177,113,53,9,9,9,0,31,15,15,50,19,0,56,121,203,241,94,14,29,56,111,228,4,4,4,2,2,2,5,30,5,3,16,21,36,14,60
2358,17,11,15,5,10,17,3,4,50,3,104,114,127,235,91,251,7,12,13,7,23,7,5,53,20,5,115,88,177,113,53,9,9,9,0,31,15,58,16,62,0,56,121,203,78,62,14,29,56,111,227,4,4,4,2,2,2,5,30,30,3,16,21,40,14,60
2359,48,15,6,11,11,5,28,13,48,29,95,48,29,155,178,147,3,0,4,3,0,4,26,0,4,66,117,4,230,143,143,2,5,5,8,19,16,7,51,49,6,78,9,188,113,4,7,12,18,40,88,7,6,7,7,6,8,0,0,1,82,45,57,58,57,71
2360,43,7,5,8,4,3,7,55,38,6,94,38,6,86,32,14,6,3,2,24,3,28,27,31,60,27,71,60,179,179,176,12,8,1,4,4,10,10,58,4,56,4,61,36,94,43,3,7,11,24,55,1,1,2,15,11,5,58,27,9,123,122,117,211,190,205
2361,16,1,0,13,1,22,17,1,11,10,60,112,107,109,41,148,1,2,10,1,2,25,1,2,17,105,2,17,1,109,208,6,13,4,30,13,23,19,14,41,17,39,107,71,160,111,3,4,6,12,30,0,0,0,9,7,10,1,1,3,22,0,2,35,109,124
2362,50,2,9,3,2,28,26,6,54,49,6,89,49,228,197,15,8,10,7,6,7,10,7,34,7,68,87,7,34,7,85,0,1,7,4,29,31,36,1,0,97,15,103,50,242,95,9,15,23,50,106,5,5,5,6,24,6,30,18,24,24,30,20,24,24,21
2363,55,1,1,13,7,25,5,29,22,48,29,19,48,145,35,130,12,2,10,14,21,17,29,61,35,29,61,35,38,71,42,6,13,4,29,24,27,47,55,15,14,58,115,166,160,253,3,5,7,13,33,0,0,0,22,3,16,27,29,26,30,31,29,6,6,5
2364,13,8,2,9,0,30,14,10,49,7,76,107,7,25,239,218,9,11,5,13,26,14,53,46,23,121,122,107,104,106,167,0,1,7,9,1,10,22,60,53,77,116,10,169,30,59,6,11,17,36,82,6,3,8,25,10,20,57,37,34,111,114,93,161,133,111
2365,4,9,2,12,9,20,20,61,12,39,61,122,39,224,3,197,9,11,5,13,26,14,42,11,23,42,11,23,110,249,35,0,1,7,20,20,25,46,45,40,127,69,89,47,154,46,10,20,35,70,148,8,3,9,17,16,20,25,26,23,50,40,27,27,34,34
2366,16,3,7,4,26,9,1,39,14,9,80,126,79,200,48,227,2,6,15,2,15,18,54,63,15,2,44,109,6,110,148,0,1,7,4,4,10,10,58,4,126,79,90,138,165,132,13,27,52,101,211,13,13,14,26,25,25,23,23,20,116,108,115,206,173,194
2367,18,2,14,3,2,28,4,16,56,46,16,108,106,186,139,198,0,7,3,26,31,24,58,10,27,58,98,27,203,104,109,0,1,7,9,1,10,33,40,60,49,3,15,71,21,253,13,25,46,88,184,6,3,8,18,13,14,46,31,25,25,42,41,197,63,89
2368,61,5,3,10,19,24,13,58,55,47,91,55,99,118,219,115,14,6,0,23,6,0,12,49,54,80,49,54,167,56,91,10,10,3,27,28,30,56,19,3,68,21,27,34,1,60,4,8,12,27,63,3,9,1,3,4,3,42,42,40,31,29,34,16,15,17
2369,37,7,5,3,25,3,2,33,29,2,109,100,2,150,120,3,6,3,2,10,17,21,33,39,34,33,39,34,108,6,141,12,8,1,7,9,14,35,31,2,34,53,94,154,171,92,9,18,28,56,119,1,1,2,0,0,4,22,9,9,43,39,38,143,148,45
2370,3,1,0,1,30,1,15,23,5,12,23,98,38,54,190,172,12,2,10,31,10,30,10,46,26,87,25,81,186,217,177,6,13,4,2,3,1,10,58,4,3,7,59,88,93,240,3,7,9,19,44,0,0,0,14,12,0,38,61,54,81,93,73,215,229,127
2371,7,0,4,15,17,2,16,52,25,40,72,78,65,191,185,110,0,7,3,26,31,24,45,19,58,75,19,58,81,82,70,0,1,7,4,4,10,2,63,14,96,2,2,41,240,122,13,26,50,96,202,4,4,4,8,8,9,5,7,15,77,68,92,149,65,132
2372,22,3,2,4,9,13,14,10,7,4,108,82,68,40,27,211,9,11,5,13,26,14,42,11,23,126,122,107,242,188,19,0,1,7,20,20,25,10,58,4,124,90,76,137,26,108,10,20,36,71,149,8,3,9,17,16,20,25,52,23,42,78,60,179,29,149
2373,0,3,0,1,30,1,15,59,7,38,85,86,84,10,24,164,12,2,10,31,10,30,20,25,5,87,25,81,138,155,104,6,13,4,2,3,1,29,26,5,90,50,21,88,93,240,3,7,9,20,46,0,0,0,14,12,0,18,19,8,35,36,12,223,212,165
2374,49,11,13,5,8,29,30,31,15,35,31,65,35,24,92,200,7,12,13,21,5,29,28,22,37,28,22,87,22,69,235,9,9,9,5,17,3,23,28,17,23,27,22,30,13,1,14,28,55,107,222,4,4,4,20,20,22,11,17,17,1,5,4,4,7,7
2375,7,9,8,12,13,27,20,30,24,53,103,66,111,20,17,27,4,11,5,28,26,1,61,37,1,11,37,70,77,102,82,0,1,7,15,2,28,10,12,50,40,28,1,71,80,19,1,1,1,3,4,2,2,3,12,9,12,8,12,47,53,64,32,95,98,226
2376,51,12,8,7,15,18,12,27,16,32,64,24,32,76,131,118,4,5,1,5,4,15,21,5,12,113,62,12,113,204,155,3,6,2,31,5,4,21,0,23,55,127,5,15,217,246,1,2,3,6,17,2,2,3,1,1,1,4,4,4,10,52,1,61,126,75
2377,63,14,10,4,22,8,10,8,43,62,86,88,93,196,183,8,15,1,11,15,1,20,9,1,50,9,1,50,95,1,30,0,1,7,10,20,6,10,58,4,109,90,48,9,197,253,10,19,34,68,145,8,12,9,11,23,11,12,14,13,122,2,5,202,198,213
2378,63,0,4,15,0,2,16,14,33,59,14,33,125,154,204,119,5,4,12,11,12,12,15,38,14,15,38,14,218,19,231,15,15,15,16,30,13,18,17,37,110,59,60,134,179,89,13,26,49,95,201,5,11,10,8,8,9,9,3,15,21,9,13,34,16,72
2379,62,1,0,13,18,31,22,17,47,28,79,11,28,216,67,14,1,2,10,17,22,26,22,21,21,112,21,122,21,254,21,1,7,11,19,22,5,20,10,16,108,66,111,186,41,140,2,3,5,9,24,11,0,13,21,22,21,10,11,11,0,1,0,32,47,44
2380,15,12,8,7,15,18,12,32,20,61,32,16,61,181,164,248,4,5,1,5,4,15,21,50,62,103,92,62,249,207,50,3,6,2,31,5,4,1,25,29,122,8,71,189,83,104,1,2,4,8,20,2,2,3,1,1,1,33,28,38,8,20,10,48,43,24
2381,53,11,13,5,8,10,30,49,15,35,124,15,78,53,245,116,0,7,3,26,11,24,31,26,43,55,89,94,43,245,223,9,9,9,5,17,3,5,1,37,72,82,84,46,27,29,14,28,55,108,223,4,4,4,20,20,22,11,17,17,1,5,4,76,75,65
2382,25,6,11,2,6,30,24,24,23,8,96,107,8,52,255,145,2,6,15,19,15,18,32,16,15,98,16,111,103,180,232,0,1,7,9,7,10,22,60,53,102,115,25,105,201,120,6,11,16,33,76,10,7,1,25,10,23,28,35,28,51,51,44,53,76,110
2383,7,8,15,9,0,9,16,52,25,25,52,68,122,162,233,36,15,14,11,0,20,3,0,9,53,0,109,53,166,43,203,0,1,7,4,4,10,10,58,4,57,112,102,9,107,254,13,26,49,95,200,4,4,4,2,2,2,5,7,57,99,92,113,169,184,128
2384,19,14,10,0,14,23,19,34,18,19,34,118,19,180,5,178,10,9,8,12,14,11,14,15,10,14,64,10,18,16,120,11,12,0,26,25,2,52,13,30,4,9,12,209,206,2,8,14,22,49,103,12,10,11,23,18,18,15,15,19,2,3,3,8,13,6
2385,60,13,7,14,3,15,27,3,35,17,3,35,17,74,189,12,11,8,9,9,9,8,8,7,11,8,7,11,8,8,243,4,4,8,21,11,0,39,32,10,20,18,50,174,6,74,5,9,14,30,70,13,13,14,26,25,25,23,23,20,6,6,8,0,0,0
2386,16,10,0,8,1,22,17,1,11,10,69,106,10,1,41,97,1,2,10,1,2,25,1,2,17,1,2,79,159,156,136,6,13,4,30,13,23,19,14,41,17,39,107,79,249,245,3,4,6,12,30,0,0,0,9,7,10,1,1,3,22,0,2,73,91,131
2387,4,3,2,1,9,20,20,23,12,39,90,122,39,147,123,211,9,11,5,13,26,14,42,11,23,126,11,23,110,30,112,0,1,7,20,20,25,46,45,40,127,69,89,178,117,193,13,25,47,89,185,8,3,9,17,16,20,25,26,23,42,40,27,147,29,128
2388,37,7,5,8,25,3,7,57,13,6,57,111,44,70,97,151,6,3,2,30,3,2,4,6,9,4,71,9,155,230,228,12,8,1,7,9,14,17,58,1,56,4,61,211,102,253,15,30,58,116,236,1,1,2,0,0,5,24,22,21,89,54,56,49,117,135
2389,21,8,2,4,9,20,20,5,12,39,68,36,94,42,3,155,9,14,5,29,29,27,11,33,32,101,97,74,132,42,224,0,1,7,20,20,25,49,38,56,123,73,70,254,157,199,10,20,37,72,153,8,3,9,17,16,20,45,33,42,45,46,42,140,26,85
2390,51,12,8,7,15,18,12,32,16,32,64,24,73,192,64,118,4,5,1,5,4,15,21,50,62,21,5,62,62,51,238,3,6,2,31,5,4,21,0,23,114,127,71,33,35,174,1,2,3,6,15,2,2,3,1,1,1,4,4,4,10,21,1,45,38,51
2391,4,9,8,12,9,20,29,46,12,51,46,12,39,23,240,232,9,11,5,13,26,14,42,11,23,126,11,23,39,30,112,0,1,7,20,20,25,46,45,40,26,97,36,35,39,250,10,20,35,69,147,8,3,9,17,16,20,25,26,23,50,40,27,27,34,34
2392,56,13,7,6,27,14,6,25,21,58,88,83,83,83,171,249,13,13,6,16,28,9,13,12,6,13,12,6,130,184,222,0,1,7,1,0,22,0,42,61,101,113,35,115,116,153,9,18,30,58,124,9,8,6,5,5,7,3,6,2,20,33,17,66,18,27
2393,52,3,7,6,27,14,6,52,60,1,74,123,1,200,138,244,13,13,6,22,8,22,51,48,24,93,48,118,123,53,247,0,1,7,4,4,10,42,35,43,10,67,43,107,133,63,13,27,52,99,207,9,8,6,5,5,26,55,32,51,72,63,75,47,58,52
2394,42,14,10,6,27,21,6,42,33,58,118,123,118,101,241,8,13,13,6,16,28,9,13,12,6,104,69,96,58,76,78,0,1,7,1,0,22,10,58,4,124,90,76,228,130,238,11,22,39,75,159,9,8,6,5,5,7,3,6,2,59,58,55,30,40,42
2395,25,6,11,2,6,30,24,24,23,8,96,23,8,165,12,145,2,6,15,19,15,18,32,16,15,98,16,111,103,180,232,0,1,7,9,7,10,22,60,53,102,79,90,105,201,120,6,11,16,33,76,3,7,1,25,10,23,28,35,28,51,51,44,53,196,191
2396,28,12,8,7,15,18,12,32,16,61,32,20,61,195,154,175,4,5,1,5,4,15,21,50,62,103,92,62,137,207,50,3,6,2,31,5,4,1,25,29,118,93,98,189,83,104,1,2,4,8,21,2,2,3,1,1,1,33,28,38,8,104,10,54,43,76
2397,10,1,1,13,5,25,9,45,1,34,126,1,34,17,57,51,12,2,10,14,30,5,63,13,38,63,90,38,109,58,186,6,13,4,2,3,1,3,22,9,27,13,58,206,204,17,3,6,8,17,40,0,0,0,4,3,0,7,2,0,27,79,23,109,211,86
2398,25,3,2,4,22,8,10,39,43,62,86,43,113,99,130,55,15,1,11,15,1,20,9,1,18,9,32,18,198,105,30,0,1,7,10,20,6,32,49,54,109,90,48,68,125,189,10,19,34,68,146,8,12,9,11,23,11,12,14,13,4,2,5,14,72,146
2399,9,6,11,2,26,30,0,10,56,8,73,117,87,143,100,152,12,2,10,31,10,30,53,46,26,53,46,92,52,10,62,0,1,7,4,4,10,54,62,18,98,47,126,141,127,57,3,7,10,21,49,7,7,7,14,12,16,51,51,50,76,84,79,100,84,80
2400,48,15,6,11,11,0,28,11,9,57,122,127,115,206,218,7,3,0,4,3,0,4,26,0,4,26,105,90,111,0,139,2,5,5,8,19,16,51,8,13,92,122,66,54,160,55,7,12,18,42,92,7,6,7,7,6,8,0,0,1,47,14,26,83,95,77
2401,56,13,7,6,27,14,6,25,28,58,88,28,83,149,106,131,13,13,6,16,28,9,13,12,6,13,12,6,130,184,222,0,1,7,1,0,22,0,42,61,101,113,35,115,116,153,11,22,40,76,160,9,8,6,5,5,7,3,6,2,20,33,17,18,18,27
2402,8,1,0,13,1,22,17,1,11,10,1,106,107,1,41,73,1,2,10,1,2,25,1,2,17,105,2,17,64,2,246,6,13,4,30,13,23,19,14,41,17,39,107,79,105,245,3,4,6,12,29,0,0,0,9,7,10,1,1,3,22,0,2,73,17,124
2403,13,1,14,4,28,9,1,12,10,52,12,126,86,122,114,23,12,2,10,31,21,17,40,40,49,40,40,65,178,243,55,0,1,7,4,4,10,30,52,55,124,90,76,32,160,253,13,27,54,106,220,6,3,8,10,13,14,21,20,25,37,50,49,105,249,66
2404,26,5,3,10,19,19,13,36,57,45,36,57,45,50,11,246,14,6,0,23,6,0,12,49,0,12,73,104,16,18,252,10,10,3,12,15,11,14,2,4,103,81,82,7,251,38,4,8,13,29,66,3,9,1,3,4,3,2,5,6,7,4,6,51,56,54
2405,20,1,1,13,7,25,5,29,22,48,106,19,48,145,35,130,12,2,10,14,30,5,63,13,38,63,90,78,250,224,110,6,13,4,29,24,27,3,22,9,124,90,76,166,160,253,3,5,7,13,33,0,0,0,4,3,16,27,29,26,30,31,29,221,238,228
2406,29,15,6,11,11,0,28,11,41,57,95,127,24,27,200,67,3,0,4,3,0,4,26,0,4,26,105,90,111,0,139,2,5,5,8,19,16,7,51,49,15,111,76,54,7,55,9,15,25,53,111,7,6,7,7,6,8,0,0,1,47,45,26,196,171,181
2407,54,8,7,9,29,30,14,62,63,15,62,63,119,226,36,146,13,13,6,22,8,22,23,24,28,23,24,28,31,23,24,0,1,7,6,10,9,8,18,20,28,74,32,104,237,78,11,21,38,74,158,9,8,6,27,27,30,39,41,41,33,34,35,10,8,10
2408,4,9,8,12,9,20,20,61,12,39,90,12,39,224,240,197,9,11,5,13,26,14,42,11,23,126,11,23,39,30,112,0,1,7,20,20,25,46,45,40,26,97,36,35,39,250,10,20,35,69,147,8,3,9,17,16,20,25,26,23,50,40,27,27,34,34
2409,7,10,12,9,12,4,21,43,40,31,35,40,108,45,249,114,0,7,3,4,27,16,44,29,47,44,29,2,151,74,16,8,2,12,24,16,17,27,46,51,36,99,54,116,54,107,16,32,62,123,248,1,3,8,18,11,13,13,25,16,34,13,39,21,30,31
2410,18,3,2,4,22,8,10,8,61,4,86,88,4,196,172,8,15,1,11,15,1,20,9,1,50,9,1,50,95,1,30,0,1,7,10,20,6,32,49,54,109,90,48,9,197,189,10,19,34,67,144,8,12,9,11,23,11,12,14,13,4,2,5,202,198,22
2411,0,1,1,13,5,1,9,45,5,34,112,5,76,96,24,126,12,2,10,14,30,5,63,13,5,117,101,5,9,87,140,6,13,4,2,3,1,3,22,9,87,95,117,11,68,164,3,6,8,15,36,0,0,0,4,3,0,20,2,0,35,36,43,19,33,50
2412,19,14,10,0,14,23,19,34,18,19,102,18,19,9,117,178,10,9,8,12,14,11,14,15,10,14,64,10,18,16,120,11,12,0,26,25,2,52,13,30,4,9,12,2,24,2,8,14,22,49,103,12,10,11,23,18,18,15,15,19,2,3,3,8,13,6
2413,40,0,4,15,17,2,18,15,8,40,15,8,40,183,116,58,5,4,12,11,12,12,46,60,48,123,60,97,165,158,147,15,15,15,16,30,13,2,63,4,120,119,85,151,37,109,12,23,42,81,170,5,11,10,8,8,9,9,3,15,12,9,98,29,125,93
2414,8,6,11,2,26,30,0,5,23,20,5,36,94,38,63,255,15,1,11,29,1,27,9,32,18,69,32,18,17,105,54,0,1,7,10,20,6,49,38,56,109,90,48,171,235,110,10,19,34,68,146,8,12,9,11,23,11,45,56,42,45,46,42,57,26,82
2415,3,15,0,11,11,0,28,11,41,57,44,98,115,13,218,168,3,0,4,3,0,4,26,0,4,26,105,90,111,0,139,2,5,5,8,19,16,51,8,13,92,122,66,4,255,55,3,7,11,25,57,7,6,7,7,6,8,0,0,1,47,14,68,83,97,77
2416,7,10,5,8,4,26,7,33,13,44,33,96,55,174,153,207,6,3,2,30,3,2,4,6,9,27,71,120,240,17,28,12,8,1,4,4,10,5,58,37,61,88,94,214,85,229,9,18,29,57,123,1,1,2,0,0,5,24,22,55,98,60,58,110,46,97
2417,16,15,9,11,11,6,23,63,48,29,63,48,88,80,82,17,3,0,4,25,25,23,3,27,29,3,27,102,212,167,234,7,0,10,25,18,8,9,53,26,54,63,11,24,19,70,7,13,19,44,94,7,6,7,19,21,19,6,8,7,5,7,7,31,2,29
2418,49,3,2,4,28,9,10,39,60,9,74,123,113,200,105,227,13,13,6,22,8,22,51,48,24,93,48,118,123,53,154,0,1,7,4,4,10,57,11,14,124,90,76,71,145,253,13,27,52,101,211,9,8,6,5,5,7,38,32,51,64,119,54,86,198,106
2419,10,1,1,13,18,25,9,45,19,18,17,105,102,120,37,108,1,2,10,17,22,26,22,21,21,22,21,21,224,170,66,1,7,11,19,22,5,20,10,16,2,32,14,64,3,6,3,6,8,17,41,11,0,13,21,22,21,10,11,11,0,1,0,7,3,2
2420,39,15,9,11,11,6,23,63,53,29,92,64,88,130,82,162,3,0,4,25,25,23,3,27,29,3,65,29,226,27,134,7,0,10,25,18,8,9,53,26,54,63,11,24,19,70,7,13,19,44,94,7,6,7,19,21,19,6,8,7,5,7,7,31,2,29
2421,14,9,2,12,9,20,20,61,12,39,90,122,39,147,3,44,9,11,5,13,26,14,42,11,23,42,11,23,110,249,35,0,1,7,20,20,25,46,45,40,127,69,89,47,154,46,10,20,35,70,148,8,3,9,17,16,20,25,26,23,42,64,27,52,29,69
2422,60,13,7,14,3,15,27,3,35,17,3,35,17,129,202,12,11,8,9,9,9,8,8,7,11,8,7,11,8,8,243,4,4,8,21,11,0,13,6,21,43,23,69,38,187,9,5,9,14,30,70,13,13,14,26,25,25,23,23,20,6,6,8,0,0,0
2423,9,15,6,11,11,5,28,22,0,30,122,81,30,67,234,224,3,0,4,3,0,4,26,0,4,106,117,90,154,143,216,2,5,5,8,19,16,7,51,49,22,46,44,200,203,67,7,12,18,42,91,7,6,7,7,6,8,0,0,1,26,14,16,44,35,35
2424,40,2,14,3,6,28,31,16,6,46,115,6,66,140,102,202,8,10,7,27,24,6,60,51,63,83,51,19,139,182,101,15,15,15,13,7,24,60,9,36,58,85,57,87,182,83,6,11,17,38,85,5,5,5,6,17,6,36,10,39,29,32,30,17,82,38
2425,34,9,2,4,28,8,1,8,21,4,25,61,4,207,110,37,15,14,11,29,29,27,30,33,32,77,93,125,208,65,89,0,1,7,4,4,10,4,27,38,67,105,87,129,186,80,10,19,34,67,143,8,12,9,11,13,11,40,38,36,61,38,47,103,44,67
2426,34,3,2,4,9,8,10,39,61,4,86,43,113,99,172,55,15,14,11,29,29,27,30,32,18,69,32,18,30,209,195,0,1,7,10,20,6,4,27,38,109,105,48,224,92,53,10,19,34,68,146,8,12,9,11,16,11,40,56,36,48,109,60,173,203,146
2427,49,13,7,6,28,13,1,25,60,1,73,117,87,143,100,152,12,2,10,31,10,30,53,46,26,53,46,92,52,10,62,0,1,7,4,4,10,54,62,18,98,47,126,65,72,171,3,7,10,21,49,7,7,7,14,12,16,51,51,50,76,84,79,100,84,80
2428,23,7,5,8,25,3,2,37,2,21,97,2,21,63,224,45,6,3,2,10,17,21,34,55,31,34,55,95,162,118,164,12,8,1,7,9,14,44,37,44,18,1,16,183,21,221,15,30,59,117,240,1,1,2,0,0,4,17,13,10,14,12,11,20,124,11
2429,38,8,2,9,12,4,8,47,3,25,113,103,120,168,221,96,15,14,11,0,20,3,39,47,13,118,47,13,79,12,190,0,1,7,20,1,25,63,61,35,104,0,65,164,47,146,13,24,44,84,177,6,3,8,10,15,14,41,33,46,57,48,61,77,59,43
2430,61,5,3,10,19,24,13,58,55,47,91,55,99,118,219,115,14,6,0,23,6,0,12,49,54,80,49,54,167,56,91,10,10,3,27,28,30,56,19,3,68,21,27,34,1,60,4,8,12,27,63,3,9,1,3,4,3,42,42,40,31,29,34,16,15,17
2431,42,2,11,3,2,28,31,2,6,54,115,6,66,140,102,41,8,10,7,27,24,6,60,51,63,83,51,19,139,182,101,15,15,15,13,7,24,60,9,36,58,10,57,87,182,83,9,15,24,51,107,5,5,5,6,17,6,36,10,39,29,32,30,17,48,38
2432,50,3,2,4,0,28,16,5,49,9,5,36,87,5,57,152,15,14,11,29,29,27,30,32,18,69,32,110,213,120,99,0,1,7,20,20,25,49,38,56,123,73,70,208,254,253,13,25,48,92,191,8,3,9,17,16,20,45,33,42,45,46,42,237,208,233
2433,52,6,11,2,26,30,24,24,23,9,96,107,9,52,47,213,0,7,3,26,31,24,43,41,27,72,41,82,105,98,152,0,1,7,9,4,10,61,35,39,124,90,76,71,21,253,6,11,17,37,83,10,7,1,30,10,23,28,35,28,51,51,44,166,164,199
2434,44,10,12,8,4,26,21,35,58,31,35,58,31,104,143,132,6,3,2,24,27,28,27,31,2,95,31,72,51,73,173,8,2,12,24,16,17,41,59,12,79,68,75,243,222,31,16,32,64,128,256,1,1,2,15,11,5,35,25,33,28,22,24,5,10,3
2435,35,1,1,13,18,31,22,17,47,28,79,47,28,6,37,24,1,2,10,17,22,26,22,21,21,22,21,21,67,24,66,1,7,11,19,22,5,20,10,16,2,32,14,64,3,6,2,3,5,9,24,11,0,13,21,22,21,10,11,11,0,1,0,7,3,2
2436,14,10,12,8,4,26,7,57,58,27,121,13,27,22,111,151,6,3,2,24,3,28,27,31,40,102,107,40,107,52,118,12,8,1,18,27,18,10,58,4,5,104,81,85,208,31,16,32,64,126,254,1,1,2,15,0,5,26,27,27,58,23,56,65,225,61
2437,22,3,7,4,28,9,1,10,21,63,25,78,63,207,58,110,13,13,6,22,8,22,51,48,24,93,48,118,123,53,247,0,1,7,4,4,10,10,23,14,124,90,76,227,153,141,3,7,11,26,60,9,8,6,19,29,19,55,38,51,73,90,80,235,174,237
2438,0,3,1,1,30,1,15,23,7,38,85,7,77,251,134,126,12,2,10,31,10,30,53,46,26,90,68,26,229,81,103,6,13,4,2,3,1,29,26,5,124,90,76,11,26,53,10,20,36,71,149,0,0,0,14,12,0,20,2,8,42,36,43,179,33,149
2439,53,2,14,3,23,21,4,49,10,36,49,126,64,53,245,32,8,14,11,26,31,24,62,43,3,62,43,103,220,68,40,0,1,7,4,4,10,5,1,37,31,22,76,221,82,32,9,18,30,60,128,6,10,12,24,26,17,52,39,35,40,71,52,148,119,138
2440,21,9,8,12,13,27,4,30,24,53,103,87,111,195,245,99,4,5,1,28,4,1,61,37,1,61,102,1,85,41,1,3,6,2,15,2,28,1,12,50,40,28,1,71,80,19,1,1,1,3,4,2,2,3,12,9,12,8,12,47,53,104,32,85,228,109
2441,62,10,12,8,4,26,7,9,38,27,121,38,27,254,118,122,6,3,2,24,3,28,27,31,40,102,107,40,169,127,142,8,2,12,22,8,29,24,20,46,70,98,40,27,46,15,16,32,64,127,255,1,1,2,15,11,5,26,27,27,58,23,84,75,62,48
2442,16,9,8,12,13,27,12,30,24,53,123,85,60,193,33,189,4,5,1,5,4,31,6,23,36,6,82,36,248,255,178,3,6,2,15,2,28,1,12,50,37,42,26,67,34,220,1,1,1,1,2,2,2,3,12,9,12,8,12,14,19,15,22,33,23,14
2443,51,12,8,7,15,18,12,32,16,32,64,24,73,181,64,118,4,5,1,5,4,15,21,5,12,113,62,12,124,204,200,3,6,2,31,5,4,21,0,23,114,127,122,33,160,40,1,2,3,6,15,2,2,3,1,1,1,4,4,4,10,21,1,190,144,92
2444,41,1,0,13,1,22,17,1,11,10,1,106,10,1,53,177,1,2,10,1,2,25,1,2,17,105,112,117,64,2,246,6,13,4,30,13,23,19,14,41,17,39,107,195,210,162,3,4,6,12,31,0,0,0,9,7,10,1,1,3,22,0,2,115,175,123
2445,40,0,4,15,21,2,31,48,33,56,48,84,56,14,156,68,5,4,12,11,12,12,46,60,48,46,60,48,65,66,48,15,15,15,16,30,13,50,39,27,25,107,86,237,156,65,12,23,41,78,164,5,11,10,8,8,9,37,3,37,21,26,33,11,41,16
2446,21,8,2,4,28,9,1,12,21,63,103,87,111,207,114,99,15,14,11,0,20,3,30,9,32,96,33,32,33,198,230,0,1,7,4,1,10,30,52,55,124,28,1,71,160,8,13,24,44,85,178,6,3,8,10,13,14,41,33,45,57,73,81,180,89,170
2447,21,9,2,12,9,27,20,61,12,39,90,66,111,20,123,197,9,11,5,13,26,1,11,37,1,99,94,70,12,112,182,0,1,7,20,2,25,46,45,40,40,28,1,71,80,19,1,1,1,3,5,2,3,3,12,9,12,25,12,23,42,64,32,189,151,69
2448,3,13,7,6,27,14,6,25,60,1,74,123,1,164,138,244,13,13,6,22,8,22,51,30,24,93,48,118,123,53,247,0,1,7,4,4,22,42,35,43,10,67,43,107,133,63,13,27,52,99,207,9,8,6,5,5,7,55,32,51,72,63,75,47,58,52
2449,26,6,11,2,6,12,0,24,4,0,89,70,0,72,103,112,2,6,15,19,15,18,32,16,15,116,16,111,172,231,84,13,14,13,9,7,10,55,15,24,63,40,97,61,104,36,6,11,16,35,79,3,7,1,13,14,15,28,44,53,52,57,48,50,52,62
2450,57,7,5,8,25,3,2,7,2,27,7,111,27,70,97,151,6,3,2,30,3,2,4,6,9,4,71,9,155,230,228,12,8,1,7,9,14,10,58,4,5,104,81,211,160,253,16,32,64,126,254,1,1,2,0,0,4,26,27,27,56,66,56,82,117,90
2451,45,7,5,8,25,3,2,55,29,27,55,71,123,253,208,187,6,3,2,10,17,21,33,39,60,79,72,75,40,63,239,12,8,1,7,9,14,59,44,47,45,114,17,111,44,123,15,30,58,115,235,1,1,2,0,0,4,22,9,9,54,56,31,60,42,46
2452,51,12,8,7,15,18,29,46,42,60,46,104,92,93,88,109,4,5,1,5,4,31,38,5,12,113,75,112,4,145,60,3,6,2,31,5,4,48,21,6,52,110,99,48,48,18,1,2,4,7,19,2,2,3,1,1,1,14,24,22,86,10,99,127,123,95
2453,6,7,5,8,25,3,2,37,2,21,97,2,21,43,224,140,6,3,2,10,17,21,34,55,31,34,55,31,162,44,164,12,8,1,7,9,14,44,58,44,18,1,16,183,21,221,15,30,59,117,240,1,1,2,0,0,4,17,13,10,14,12,11,192,124,140
2454,56,13,7,6,27,14,6,25,28,58,118,60,118,101,10,56,13,13,6,16,28,9,13,12,6,104,69,96,58,76,221,0,1,7,1,0,22,26,29,48,44,76,79,122,205,41,11,22,39,75,159,9,8,6,5,5,7,3,6,2,59,58,55,30,40,42
2455,21,9,8,12,13,27,20,61,24,53,123,66,63,193,33,254,4,5,1,28,4,1,61,37,1,61,102,1,85,41,156,3,6,2,15,2,28,1,12,50,40,42,26,201,163,213,1,1,1,3,5,2,2,3,12,9,12,8,12,14,19,15,32,33,151,33
2456,22,3,9,3,26,28,26,10,49,9,81,49,49,186,81,199,0,7,3,26,31,24,50,54,51,50,54,51,47,90,39,0,1,7,4,4,10,33,23,60,76,41,112,6,81,150,6,11,16,34,77,0,0,6,25,29,28,48,49,49,92,86,106,133,108,162
2457,33,5,3,10,6,19,13,26,27,42,26,27,42,50,125,9,14,6,0,23,6,0,52,4,0,52,4,66,216,60,96,10,10,3,12,15,11,14,2,4,126,79,114,25,194,130,4,8,13,28,64,3,9,1,3,4,3,2,5,6,101,96,95,122,121,142
2458,7,8,15,4,0,17,16,0,25,25,0,68,122,0,110,105,15,14,11,26,13,24,0,9,53,0,109,53,0,43,2,0,1,7,4,4,10,10,58,4,57,112,102,19,184,137,13,25,48,92,192,5,4,8,10,13,14,21,20,25,111,37,98,214,219,197
2459,36,1,1,13,5,25,9,44,1,34,17,91,102,243,175,51,12,2,10,31,10,17,10,46,49,109,96,49,243,47,191,6,13,4,2,3,1,3,22,9,27,13,58,178,117,193,10,20,35,69,147,0,0,0,4,3,0,7,2,0,97,92,91,147,137,128
2460,45,10,12,8,4,26,7,57,13,44,28,67,44,63,111,22,6,3,2,30,3,2,4,52,9,92,52,68,63,17,220,12,8,1,18,27,18,31,4,58,5,24,56,182,16,84,15,30,58,116,236,1,1,2,0,0,5,24,22,21,17,27,15,15,19,19
2461,25,6,14,2,23,10,4,49,10,36,49,74,36,16,66,225,0,7,3,26,31,24,31,26,43,31,26,43,125,114,193,0,1,7,4,4,10,5,1,37,31,22,76,63,238,237,9,18,30,60,128,4,10,4,24,26,17,43,39,35,40,85,52,241,128,121
2462,57,7,5,8,25,3,2,55,29,21,97,29,21,77,207,237,6,3,2,10,17,21,33,39,60,79,72,123,133,125,127,12,8,1,7,9,14,59,44,63,106,36,78,251,77,143,15,30,58,116,238,1,1,2,0,0,4,50,9,9,62,62,31,55,61,58
2463,28,12,8,7,15,18,12,32,16,61,32,16,32,192,64,48,4,5,1,5,4,15,21,50,62,103,92,62,249,207,50,3,6,2,31,5,4,1,25,29,114,127,71,189,35,104,1,2,4,7,19,2,2,3,1,1,1,33,4,38,8,21,10,48,43,76
2464,52,9,8,12,13,27,1,59,21,1,103,66,1,20,213,1,4,11,1,28,26,1,61,37,1,61,102,1,85,41,156,0,1,7,4,4,10,42,35,43,10,67,43,149,121,217,1,1,1,3,5,2,2,3,12,9,26,55,32,51,72,63,75,47,58,52
2465,25,6,11,2,6,30,24,24,23,20,24,108,20,165,12,161,2,6,15,19,15,18,54,16,15,98,16,15,50,28,14,0,1,7,9,7,10,22,60,53,115,121,15,126,139,190,6,11,17,39,87,3,7,1,25,10,23,44,35,28,65,65,89,111,86,99
2466,61,5,3,10,19,24,13,58,55,47,91,55,99,118,219,115,14,6,0,23,6,0,12,49,54,80,49,54,167,56,91,10,10,3,27,28,30,56,19,3,68,21,27,34,1,60,4,8,12,27,63,3,9,1,3,4,3,42,42,40,31,29,34,16,15,17
2467,21,8,2,12,9,20,20,61,12,39,103,66,111,251,215,211,9,11,5,28,26,1,61,37,1,99,94,70,12,112,182,0,1,7,20,20,25,10,58,4,105,31,31,71,80,19,13,24,44,85,178,8,3,9,12,16,12,25,12,47,53,78,32,129,129,118
2468,63,13,7,4,23,21,1,42,44,63,103,126,26,205,48,99,15,14,11,29,29,27,30,33,32,96,111,45,157,126,151,0,1,7,4,4,10,10,58,4,124,90,76,242,243,178,13,27,54,105,218,6,8,6,27,27,30,39,41,41,103,113,123,209,235,211
2469,13,8,2,4,12,4,8,12,61,4,73,117,87,143,100,152,12,2,10,31,10,30,53,46,26,53,46,92,52,10,62,0,1,7,4,4,10,54,62,18,98,47,126,141,127,57,3,7,10,21,49,7,3,8,14,15,16,51,51,50,76,84,79,100,84,80
2470,41,1,0,13,1,22,17,1,11,10,69,106,10,13,41,143,1,2,10,1,2,25,1,2,17,105,2,17,1,109,208,6,13,4,30,13,23,19,14,41,17,39,107,79,105,245,3,7,11,25,57,0,0,0,9,7,10,1,1,3,22,0,2,73,145,123
2471,17,0,15,15,10,17,3,51,50,14,104,68,122,68,242,83,7,12,13,7,23,7,55,3,61,81,124,61,73,3,92,0,9,7,0,31,15,15,50,19,0,56,121,37,170,223,14,29,57,113,231,4,4,4,2,2,2,5,7,5,99,19,37,46,104,197
2472,13,8,2,4,28,9,1,12,44,63,12,3,86,122,216,11,15,14,11,0,20,3,41,9,45,41,99,80,99,176,111,0,1,7,4,1,10,30,52,55,95,120,4,161,169,244,13,27,53,102,213,6,3,8,10,13,14,21,20,25,37,50,49,120,39,66
2473,59,11,13,5,8,29,3,4,32,3,78,114,3,189,77,13,7,12,13,21,23,29,5,53,20,64,114,20,57,38,237,9,9,9,0,31,15,58,16,62,48,30,68,127,142,94,14,29,56,111,228,4,4,4,2,2,2,29,30,30,3,16,21,36,14,13
2474,43,7,5,8,25,3,2,37,2,21,97,111,75,211,97,158,6,3,2,30,3,2,4,52,9,92,52,68,5,241,220,12,8,1,7,9,14,10,58,4,56,90,61,165,192,127,16,32,63,124,250,1,1,2,0,0,4,17,13,10,14,12,11,153,153,153
2475,60,13,7,14,3,15,27,3,35,17,3,35,17,129,7,12,11,8,9,9,9,8,8,7,11,8,7,11,8,8,243,4,4,8,21,11,0,39,32,10,20,18,50,45,151,195,5,9,14,30,70,13,13,14,26,25,25,23,23,20,6,6,8,0,0,0
2476,56,13,7,6,27,14,6,25,28,58,88,28,83,241,106,249,13,13,6,16,28,9,13,12,6,13,12,6,130,184,222,0,1,7,1,0,22,0,42,61,101,113,35,250,33,153,11,22,40,77,162,9,8,6,5,5,7,3,6,2,20,33,17,18,18,27
2477,45,7,5,8,4,26,7,57,13,44,117,13,44,66,223,158,6,3,2,30,3,2,4,52,9,92,52,68,63,17,220,12,8,1,18,27,18,31,58,58,9,103,7,71,160,100,16,32,63,124,250,1,1,2,0,0,5,24,22,21,90,76,94,124,106,167
2478,40,2,9,3,2,28,31,15,34,54,15,54,69,232,116,156,8,10,7,6,7,10,56,35,41,7,70,56,24,85,6,15,15,15,4,4,31,10,58,4,119,6,13,8,177,49,9,15,25,52,109,5,5,5,6,19,6,19,18,18,49,53,50,69,140,79
2479,18,2,4,15,21,21,31,48,33,56,48,84,56,144,80,117,8,10,7,6,7,10,36,35,63,36,35,41,185,49,197,15,15,15,13,7,24,10,58,4,25,107,86,237,156,65,13,25,47,89,186,5,5,10,8,17,9,37,10,37,21,26,33,126,149,224
2480,40,2,14,3,2,21,31,2,6,54,114,33,116,97,73,236,8,10,7,6,7,10,36,35,63,114,119,63,87,54,87,15,15,15,13,7,24,60,9,36,78,10,6,77,73,44,9,18,30,58,124,5,5,5,6,17,6,36,10,39,29,32,30,17,48,70
2481,2,14,10,4,22,21,10,8,43,62,8,44,93,212,177,117,15,1,11,15,1,20,9,1,50,9,1,50,41,84,229,0,1,7,10,20,6,32,49,54,33,75,113,156,75,11,10,19,33,66,141,8,12,9,11,23,11,12,14,13,4,2,5,28,53,39
2482,58,2,9,3,2,28,26,6,54,49,6,89,101,228,197,84,8,10,7,6,7,10,7,34,7,68,87,7,34,7,85,15,15,15,4,29,31,36,1,0,97,15,103,50,242,95,9,15,23,50,106,5,5,5,6,24,6,30,18,24,24,30,20,24,24,21
2483,57,10,5,8,4,26,7,57,2,27,121,111,27,46,97,151,6,3,2,30,3,2,4,6,9,4,71,9,155,101,126,12,8,1,7,9,14,17,37,1,5,104,81,85,208,31,16,32,64,126,254,1,1,2,0,0,5,26,27,27,56,66,56,65,114,61
2484,25,6,14,2,26,21,4,49,10,36,81,125,62,32,62,255,15,14,11,26,31,24,47,58,3,43,125,103,119,21,199,0,1,7,4,4,10,10,58,4,124,90,76,224,225,54,6,11,16,34,78,10,5,5,16,19,24,52,56,35,75,109,77,230,119,119
2485,20,10,12,8,4,26,21,35,58,31,35,58,31,104,143,207,6,3,2,24,27,28,27,31,2,95,31,72,51,73,173,8,2,12,24,16,17,41,59,12,79,4,61,214,218,181,16,32,62,123,249,1,1,2,15,11,5,35,25,33,28,22,24,5,10,3
2486,29,2,9,3,2,28,31,2,34,54,47,84,89,151,80,80,8,10,7,6,7,10,36,35,63,36,35,41,185,49,197,15,15,15,13,7,10,10,58,4,25,107,86,237,156,65,13,25,47,89,186,5,5,5,6,17,6,37,10,37,21,26,33,126,149,224
2487,30,11,15,5,10,17,3,4,50,3,78,95,127,84,157,203,7,12,13,7,23,7,5,53,20,64,114,20,177,113,53,9,9,9,0,31,15,58,16,62,65,64,91,157,141,91,14,29,57,114,233,4,4,4,2,2,2,29,30,30,3,16,21,40,69,60
2488,41,1,0,13,1,22,17,1,11,10,1,106,10,218,175,142,1,2,10,14,30,5,10,13,38,10,13,106,241,218,227,6,13,4,30,13,23,19,14,41,17,39,107,16,210,196,3,6,8,17,42,0,0,0,9,7,10,1,1,3,113,97,70,142,175,151
2489,1,11,15,5,10,17,3,51,50,14,51,50,14,68,157,133,7,12,13,7,23,7,55,3,61,81,124,61,136,3,210,0,1,7,0,31,15,15,50,19,0,56,121,37,170,223,14,29,57,113,231,4,4,4,2,2,2,5,7,5,11,19,37,101,158,163
2490,30,11,13,5,8,10,30,31,15,35,124,15,78,106,162,57,7,12,13,21,5,29,28,22,37,28,22,87,22,129,180,9,9,9,5,17,3,23,28,17,72,82,84,46,27,29,14,28,55,107,222,4,4,4,20,20,22,11,17,17,1,5,4,76,75,65
2491,29,2,9,3,2,28,31,2,34,54,114,113,89,159,178,19,8,10,7,6,7,10,48,8,56,48,8,89,55,219,67,15,15,15,28,23,12,37,41,42,16,26,19,89,9,66,16,32,64,125,253,5,5,5,6,17,6,32,10,31,36,35,36,41,12,49
2492,4,3,2,4,9,20,20,61,12,39,90,12,39,224,123,197,9,11,5,13,26,14,42,11,23,126,11,23,39,30,112,0,1,7,20,20,25,46,45,40,26,97,36,35,39,250,10,20,35,69,147,8,3,9,17,16,20,25,26,23,50,40,27,27,34,34
2493,8,0,4,15,0,2,16,14,10,36,75,10,52,154,204,156,5,4,12,11,12,12,15,38,14,15,38,14,218,19,231,15,15,15,4,4,10,10,58,37,107,57,109,32,253,145,12,23,42,81,171,5,11,10,8,8,9,9,54,15,100,80,59,219,249,100
2494,57,7,5,8,25,3,2,37,2,21,97,111,75,43,2,182,6,3,2,10,17,21,34,55,31,34,55,95,254,118,58,12,8,1,7,9,14,44,37,44,18,1,16,210,202,127,15,30,59,117,240,1,1,2,0,0,4,17,13,10,14,12,11,153,153,11
2495,43,10,12,8,4,26,7,35,38,6,35,38,6,86,32,20,6,3,2,24,3,28,27,31,40,102,107,40,107,52,118,8,2,12,24,16,17,10,58,4,56,4,61,158,49,192,16,32,64,128,256,1,1,2,15,11,5,35,25,33,58,22,24,75,152,48
2496,41,1,0,13,1,22,17,1,11,10,1,106,10,218,41,61,1,2,10,1,2,25,1,2,17,105,2,17,134,229,59,6,13,4,30,13,23,19,14,41,17,39,107,195,210,209,3,4,6,12,29,0,0,0,9,7,10,1,1,3,22,0,2,62,145,180
2497,58,2,9,3,2,28,26,6,54,49,6,125,101,58,197,121,8,10,7,6,7,10,7,34,7,68,87,7,225,7,85,15,15,15,4,29,31,36,1,0,97,15,103,221,103,37,9,18,32,64,137,5,5,5,6,24,6,30,18,24,24,30,20,24,147,186
2498,41,2,9,3,1,22,17,1,11,10,69,112,107,197,186,142,8,10,7,6,7,10,7,34,7,68,87,7,163,250,168,6,13,4,30,13,23,19,14,41,1,102,95,252,145,234,3,4,6,10,25,0,0,0,9,7,10,1,1,3,24,0,2,238,195,41
2499,34,8,2,4,9,20,20,47,3,25,47,3,25,199,3,11,15,14,11,29,29,27,30,33,32,96,47,32,219,137,46,0,1,7,20,1,25,30,52,55,57,90,76,71,160,253,13,25,47,89,187,6,3,8,10,13,14,21,20,25,60,59,62,74,59,74
2500,61,2,14,3,6,21,0,54,6,55,115,6,116,137,102,41,2,6,15,2,15,18,52,4,0,52,4,66,216,60,96,0,1,7,9,7,10,10,58,4,126,79,114,71,160,211,9,15,24,51,107,3,9,1,3,4,3,2,44,39,66,69,66,238,226,191
2501,21,9,8,12,13,27,20,61,24,53,61,66,111,20,17,197,4,11,5,28,26,1,61,37,1,11,37,70,77,102,82,3,6,2,15,2,28,1,12,50,40,28,1,71,80,19,1,1,1,3,5,2,2,3,12,9,12,8,12,47,53,15,32,95,98,33
2502,42,7,5,8,25,3,2,55,29,27,69,112,107,44,50,15,8,10,7,6,7,10,7,34,7,68,87,7,163,250,168,12,8,1,4,4,10,10,58,4,1,90,76,252,145,234,9,15,25,53,111,1,1,2,9,7,4,22,9,9,24,62,31,151,195,143
2503,42,2,14,2,6,12,4,14,6,16,71,97,16,123,187,188,2,6,15,2,15,18,52,4,15,108,79,73,190,86,86,0,1,7,4,4,10,10,58,4,94,96,101,28,180,79,9,18,31,61,130,3,9,1,3,4,3,19,58,52,93,98,100,114,120,108
2504,50,15,6,11,11,5,28,22,9,30,84,9,30,206,234,33,3,0,4,3,0,4,26,0,4,26,105,90,3,0,139,2,5,5,8,19,16,7,51,49,22,46,44,200,203,67,7,12,18,42,91,7,6,7,7,6,8,0,0,1,26,14,16,44,35,23
2505,24,4,14,3,31,7,4,38,52,23,116,120,70,176,166,240,8,15,14,18,16,13,18,17,16,18,17,16,14,14,13,5,3,6,23,6,20,25,30,7,21,106,52,13,114,118,9,17,27,55,117,14,14,12,28,28,27,31,34,29,13,11,14,1,1,1
2506,38,8,2,4,28,9,1,39,62,9,39,77,113,201,47,213,15,14,11,29,8,27,25,48,39,25,74,113,90,83,214,0,1,7,4,4,10,61,35,39,91,20,63,177,221,103,13,27,51,98,205,8,7,9,30,10,26,47,45,43,38,43,40,68,83,56
2507,40,6,14,2,26,16,0,49,56,26,105,97,26,150,83,3,2,7,15,19,31,24,59,63,19,32,91,64,96,189,119,0,1,7,4,4,10,5,1,37,75,72,76,70,188,90,9,18,32,63,135,10,10,5,24,0,17,53,43,53,125,74,87,143,148,204
2508,53,11,14,5,23,10,4,49,31,26,49,74,64,53,225,144,0,7,3,7,11,7,35,42,8,55,89,94,184,67,97,0,1,7,4,4,10,5,1,37,112,22,76,63,160,253,9,18,30,60,127,4,4,4,20,20,22,53,48,44,70,55,90,102,105,175
2509,43,7,5,8,25,3,2,37,2,6,57,111,75,8,191,239,6,3,2,30,3,2,4,6,9,4,6,9,221,46,36,12,8,1,7,9,14,17,58,1,56,4,61,136,102,210,15,30,60,119,244,1,1,2,0,0,5,24,22,21,89,54,107,49,111,135
2510,21,9,8,12,13,27,20,30,24,53,123,85,53,141,192,37,4,5,1,28,4,1,61,37,1,61,102,1,85,41,156,3,6,2,15,2,28,1,12,50,40,28,1,67,80,19,1,1,1,3,5,2,2,3,12,9,12,8,12,14,19,15,32,95,23,33
2511,49,11,14,5,23,10,4,49,31,55,49,74,55,53,225,144,0,7,3,7,11,7,35,42,8,55,89,94,184,67,97,0,1,7,4,4,10,5,1,37,112,22,76,216,229,20,14,28,55,109,225,4,4,4,20,20,22,49,48,44,120,55,90,102,105,53
2512,59,11,13,5,8,29,30,31,32,35,82,69,98,24,193,38,7,12,13,7,23,7,55,3,61,5,115,88,177,128,8,9,9,9,0,31,15,15,50,19,9,103,77,193,2,157,14,29,57,113,230,4,4,4,2,2,2,11,17,17,11,76,28,141,71,94
2513,24,4,14,3,31,7,4,38,51,23,38,51,23,41,201,46,8,15,14,18,16,13,18,17,16,18,17,16,14,14,13,5,3,6,23,6,20,25,30,7,21,25,53,108,91,142,9,17,27,55,118,14,14,12,28,28,27,31,34,29,13,11,14,1,1,1
2514,5,6,11,2,6,30,24,24,23,20,24,23,20,165,12,161,2,6,15,19,15,18,54,16,15,54,16,15,50,28,14,0,1,7,9,7,10,22,60,53,115,121,15,126,139,190,6,11,17,39,87,3,7,1,25,10,23,44,35,28,65,65,89,111,86,99
2515,56,13,7,6,27,14,6,25,28,58,66,28,83,149,171,131,13,13,6,16,28,9,13,12,6,13,12,6,130,184,222,0,1,7,1,0,22,0,42,61,101,113,35,115,116,153,11,22,40,77,162,9,8,6,5,5,7,3,6,2,20,33,17,18,18,27
2516,14,11,13,5,8,29,3,4,32,3,31,114,35,223,162,57,7,12,13,21,5,29,28,22,37,127,22,37,183,69,235,9,9,9,5,17,3,23,28,17,23,34,64,146,191,177,14,28,55,107,222,4,4,4,20,20,22,11,17,17,1,5,4,135,7,125
2517,50,15,6,11,11,5,28,22,9,30,84,9,30,206,234,33,3,0,4,3,0,4,26,0,4,106,0,90,3,174,216,2,5,5,8,19,16,7,51,49,22,46,9,100,60,0,7,12,18,42,91,7,6,7,7,6,8,0,0,1,26,14,26,136,35,23
2518,22,6,11,9,26,30,14,10,14,9,127,63,9,52,75,113,13,7,3,22,8,22,43,54,27,84,41,82,149,210,114,0,1,7,9,4,10,10,58,4,113,37,37,44,123,73,7,13,21,48,99,9,7,6,27,27,28,39,49,41,91,101,114,170,172,187
2519,45,7,5,8,25,3,2,55,29,27,55,71,123,253,208,187,6,3,2,10,17,21,33,39,60,79,72,75,40,63,94,12,8,1,7,9,14,59,44,47,45,114,17,111,44,45,15,30,58,115,235,1,1,2,0,0,4,22,9,9,54,56,31,60,42,46
2520,35,1,1,13,18,31,22,17,47,28,79,124,126,6,37,108,1,2,10,17,22,26,22,21,21,22,21,21,224,170,66,1,7,11,19,22,5,20,10,16,2,32,14,64,3,6,2,3,5,9,24,11,0,13,21,22,21,10,11,11,0,1,0,7,3,2
2521,15,9,8,12,13,27,12,30,20,53,30,85,53,34,33,111,4,5,1,5,4,15,6,50,62,103,50,36,210,5,32,3,6,2,15,2,28,1,25,29,37,42,98,67,34,220,1,2,4,8,20,2,2,3,12,9,12,8,28,14,8,20,22,43,107,14
2522,54,13,7,9,0,30,14,20,14,9,74,14,79,200,42,4,13,13,6,22,8,22,51,30,24,51,78,24,75,202,116,0,1,7,9,4,10,57,11,14,116,70,104,230,145,63,13,27,52,101,210,9,8,6,5,5,7,38,32,2,64,41,54,86,78,179
2523,53,1,0,13,5,1,9,60,1,37,106,98,37,225,79,135,1,2,10,14,2,25,10,46,49,65,13,117,241,218,227,6,13,4,2,3,1,10,58,4,3,7,59,117,134,212,3,7,9,19,44,0,0,0,4,3,0,7,40,0,81,47,68,93,96,183
2524,61,5,3,10,19,19,13,41,57,45,41,57,47,182,173,25,14,6,0,23,6,0,12,49,0,12,73,104,142,192,218,10,10,3,12,15,11,14,2,4,8,38,0,125,147,167,4,8,13,29,67,3,9,1,3,4,3,2,5,6,7,4,6,59,27,68
2525,0,3,2,1,30,13,15,10,7,38,108,7,84,32,62,228,12,2,10,31,10,30,53,46,26,90,68,26,147,201,103,0,1,7,2,3,1,29,26,5,90,50,21,120,58,71,10,20,37,72,152,0,0,0,14,12,0,18,19,8,15,18,12,9,11,8
2526,0,1,1,1,30,1,15,23,5,38,112,5,76,96,28,126,12,2,10,14,30,5,63,13,5,117,101,5,9,87,140,6,13,4,2,3,1,3,22,9,87,95,117,11,68,164,3,7,9,20,47,0,0,0,4,3,0,20,2,0,35,36,43,19,33,50
2527,45,10,5,8,4,26,7,57,13,44,28,67,44,25,206,22,6,3,2,30,3,2,4,52,9,92,52,68,63,17,220,12,8,1,18,27,18,31,4,58,5,24,56,165,192,52,16,32,63,124,250,1,1,2,0,0,5,24,22,21,17,27,15,160,231,247
2528,10,1,1,13,5,25,9,45,19,18,112,91,112,120,35,130,12,2,10,14,30,5,63,13,38,63,90,38,53,185,244,6,13,4,2,3,1,3,22,9,124,13,58,71,160,17,3,6,8,17,41,0,0,0,4,3,0,20,2,0,76,84,79,221,210,210
2529,5,13,14,6,23,21,4,49,10,26,49,83,64,53,66,32,0,14,3,26,31,24,62,43,43,31,26,43,125,114,193,0,1,7,4,4,10,5,1,37,31,22,76,63,82,32,9,18,30,60,128,6,10,12,24,26,17,43,39,35,40,85,52,241,128,121
2530,10,1,1,13,7,25,5,29,22,48,29,22,48,145,226,247,12,2,10,14,21,17,29,61,35,29,61,35,38,71,42,6,13,4,29,24,27,47,55,15,14,58,115,140,61,26,3,5,7,13,33,0,0,0,22,3,16,27,29,26,30,31,29,6,6,5
2531,29,2,9,3,2,28,31,2,6,54,114,33,116,137,254,212,8,10,7,6,7,10,36,35,63,114,119,63,87,54,87,15,15,15,13,7,24,60,9,36,78,10,6,77,73,44,9,15,24,51,107,5,5,5,6,17,6,36,10,39,29,32,30,17,48,70
2532,45,7,5,8,25,3,2,33,45,33,33,45,55,238,224,198,6,3,2,10,17,21,33,39,60,67,71,123,223,57,5,12,8,1,7,9,14,33,40,60,34,53,94,154,171,92,13,24,43,82,173,6,3,2,18,15,4,17,31,10,98,112,63,110,118,97
2533,3,3,0,1,30,1,15,23,7,38,108,7,38,214,179,164,12,2,10,31,10,30,20,25,26,87,25,81,138,155,104,6,13,4,2,3,1,29,26,5,90,50,21,88,93,240,3,7,9,19,45,0,0,0,14,12,0,18,19,8,15,18,12,134,146,83
2534,17,11,13,5,8,10,30,31,15,35,124,15,78,106,13,57,7,12,13,21,5,29,28,22,37,127,53,37,145,22,180,9,9,9,5,17,3,23,28,17,112,27,22,63,238,237,14,28,55,109,225,4,4,4,20,20,22,11,17,17,1,5,4,4,181,53
2535,16,9,8,12,13,27,12,30,24,53,123,85,53,193,33,189,4,5,1,5,4,31,6,23,36,6,82,36,248,255,178,3,6,2,15,2,28,1,12,50,37,42,26,67,34,220,1,1,1,1,2,2,2,3,12,9,12,8,12,14,19,15,22,33,23,14
2536,50,15,9,11,11,0,1,11,41,57,101,41,57,227,247,7,3,0,4,3,0,4,26,0,4,26,105,4,111,124,3,2,5,5,8,19,16,7,51,49,15,111,9,223,223,138,3,7,11,26,62,7,6,7,7,6,8,0,0,1,47,107,101,131,178,176
2537,13,8,11,9,28,9,1,10,56,26,127,126,26,23,121,27,15,14,11,29,29,27,30,33,32,96,111,45,157,126,151,0,1,7,4,4,10,10,23,4,124,90,76,71,160,253,7,13,21,48,99,6,4,6,22,29,28,60,59,47,73,113,123,243,202,211
2538,15,9,8,7,13,27,12,46,42,60,46,85,60,119,236,65,4,5,1,5,4,31,38,23,36,6,82,112,170,134,178,3,6,2,31,5,4,48,21,6,37,94,127,240,215,205,1,1,1,1,2,2,2,3,1,1,1,14,24,22,16,10,19,33,150,134
2539,37,7,5,8,25,3,2,55,29,2,55,101,123,246,182,88,6,3,2,10,17,21,33,39,60,79,72,75,40,63,239,12,8,1,7,9,14,59,44,47,45,114,17,55,44,123,15,30,58,115,234,1,1,2,0,0,4,22,9,9,54,56,38,60,42,46
2540,8,8,0,1,23,9,1,60,10,63,103,87,64,195,190,99,15,14,11,29,29,27,30,33,32,96,111,45,157,126,151,0,1,7,4,4,10,10,58,37,3,28,1,71,160,253,3,7,9,19,44,6,3,8,12,15,12,41,31,47,53,104,68,85,116,169
2541,22,3,2,1,9,13,15,39,7,9,81,7,113,99,68,55,15,14,11,29,29,27,30,32,18,69,32,110,213,120,99,0,1,7,20,20,25,4,27,38,124,90,48,224,26,53,10,20,36,71,149,8,12,9,17,16,11,25,56,23,48,109,60,173,203,146
2542,36,3,2,4,9,8,10,39,61,4,86,82,113,146,215,159,15,14,11,29,29,27,30,33,32,122,93,125,71,123,47,0,1,7,10,20,6,4,27,38,105,31,31,94,56,81,10,19,34,67,144,8,3,9,11,16,11,12,38,36,48,78,60,129,129,118
2543,4,3,2,4,9,20,20,61,12,39,90,12,39,224,240,155,9,11,5,13,26,14,42,11,23,126,11,23,39,30,112,0,1,7,20,20,25,46,45,40,26,97,36,35,39,250,10,20,35,69,147,8,3,9,17,16,20,25,26,23,50,40,27,27,34,34
2544,18,10,12,8,4,26,7,9,38,6,121,38,6,44,118,20,6,3,2,24,3,28,27,31,40,102,107,40,107,52,118,8,2,12,28,4,10,10,58,4,62,45,39,52,112,85,16,32,64,128,256,1,1,2,15,11,5,26,27,27,58,23,84,75,62,48
2545,5,6,11,2,26,30,24,24,23,20,96,107,9,175,255,103,2,6,15,19,15,18,59,63,15,59,63,119,115,64,68,0,1,7,9,7,10,22,60,53,102,115,25,197,42,160,6,11,17,37,84,10,7,1,25,10,23,28,35,28,51,51,44,53,76,110
2546,16,3,0,1,1,22,15,1,11,10,1,106,10,1,41,73,1,2,10,1,2,25,1,2,17,105,2,17,1,109,208,6,13,4,30,13,23,19,14,41,17,39,107,79,17,245,3,4,6,11,28,0,0,0,9,7,10,1,1,3,22,0,2,35,45,112
2547,24,4,14,3,31,7,4,38,51,23,38,51,23,41,201,46,8,15,14,18,16,13,18,17,16,18,17,16,14,14,13,5,3,6,23,6,20,25,30,7,21,25,53,108,91,142,9,17,27,55,118,14,14,12,28,28,27,31,34,29,13,11,14,1,1,1
2548,11,1,1,13,5,25,9,45,1,37,126,1,95,48,23,35,12,2,10,14,30,5,63,13,38,119,90,38,53,216,225,6,13,4,2,3,1,34,57,45,111,54,28,206,204,17,3,6,8,17,40,0,0,0,4,3,0,7,40,0,27,47,23,37,54,25
2549,46,12,8,7,13,27,12,27,16,53,27,24,53,166,87,189,4,5,1,5,4,31,6,23,36,6,82,36,29,5,32,3,6,2,15,2,28,1,12,50,37,42,26,67,34,220,1,1,1,1,1,2,2,3,1,1,1,4,4,4,19,15,22,43,38,14
2550,27,2,14,3,2,28,31,15,10,26,114,125,69,137,109,2,8,10,7,6,7,10,36,35,63,114,119,108,10,136,76,0,1,7,4,4,10,10,58,4,124,90,76,202,213,227,9,18,32,63,132,5,5,11,23,18,18,15,52,62,126,105,124,227,220,219
2551,33,5,3,10,19,19,13,41,27,47,58,57,47,50,18,10,14,6,0,23,6,0,12,49,54,80,49,54,142,56,91,10,10,3,12,15,11,14,2,4,126,79,38,25,21,130,4,8,13,29,65,3,9,1,3,4,3,42,42,40,31,29,34,201,185,157
2552,18,7,5,8,25,3,2,37,2,21,97,2,21,43,224,169,6,3,2,10,17,21,34,55,31,34,55,31,162,44,164,12,8,1,7,9,14,44,37,44,18,1,16,183,160,211,6,11,16,33,75,1,1,2,0,0,4,17,13,10,14,12,11,20,28,11
2553,7,0,15,5,0,17,16,40,25,14,40,25,97,116,167,205,7,12,13,7,23,7,55,3,61,81,124,61,174,190,210,0,1,7,0,4,10,15,50,19,9,103,7,72,250,128,13,26,49,94,195,4,4,4,2,2,2,49,57,44,90,76,94,124,106,189
2554,56,13,7,6,27,14,6,25,28,58,88,28,58,241,106,233,13,13,6,16,28,9,13,12,6,13,12,6,227,11,11,0,1,7,1,0,22,0,42,61,59,83,106,205,148,10,11,22,40,77,162,9,8,6,5,5,7,3,6,2,20,33,17,18,44,63
2555,32,6,11,2,26,12,11,19,17,20,89,17,117,30,63,201,2,6,15,2,15,18,2,44,46,2,44,109,192,173,148,13,14,13,9,4,10,10,58,4,60,117,30,241,235,110,6,10,15,31,71,3,7,1,13,14,15,16,16,12,9,8,9,225,141,30
2556,35,1,1,13,18,31,22,17,47,28,79,11,28,6,67,24,1,2,10,17,22,26,22,21,21,112,21,122,67,24,21,1,7,11,19,22,5,20,10,16,108,66,111,186,41,140,2,3,5,9,23,11,0,13,21,22,21,10,11,11,0,1,0,32,47,44
2557,21,8,2,9,12,4,8,47,45,33,113,103,33,168,221,96,15,14,11,0,20,3,39,47,13,118,47,13,79,12,190,0,1,7,20,1,25,63,61,35,104,0,65,164,214,146,13,24,44,84,177,6,3,8,18,15,13,41,33,46,57,48,61,77,59,43
2558,38,8,2,9,12,4,8,42,45,33,53,87,120,205,72,216,15,14,11,0,20,3,39,9,45,96,33,32,33,198,230,15,15,15,4,1,10,10,58,4,124,28,1,242,243,178,13,24,44,85,179,6,3,8,8,15,9,41,33,46,114,91,125,217,217,218
2559,13,8,2,4,23,9,1,12,3,52,12,3,52,199,216,99,15,14,11,0,20,3,0,9,45,0,109,53,166,43,203,0,1,7,4,4,10,10,58,4,124,90,76,71,160,253,13,26,49,93,193,6,3,8,10,13,14,38,20,47,60,119,59,148,176,220
2560,5,6,11,2,6,30,24,26,23,8,96,108,8,72,198,202,2,7,15,19,31,18,59,63,19,32,91,77,96,108,187,0,1,7,9,7,24,22,60,53,58,85,57,132,231,215,6,11,16,33,74,3,9,1,3,4,23,36,35,28,51,96,95,112,82,248
2561,15,9,8,12,13,27,12,30,20,53,30,85,53,34,33,111,4,5,1,5,4,31,6,23,36,6,82,36,29,5,32,3,6,2,15,2,28,1,25,29,37,42,98,71,34,16,1,2,4,8,20,2,2,3,12,9,12,33,28,14,8,20,22,118,107,24
2562,38,8,12,9,12,4,8,43,45,33,43,110,33,169,70,60,0,7,3,4,19,16,44,29,47,44,29,86,15,79,201,8,2,12,9,1,10,53,34,33,99,5,120,187,101,113,13,24,43,82,172,6,3,8,18,15,13,13,31,16,34,13,39,21,64,169
2563,32,6,11,2,20,12,11,19,17,22,19,17,22,82,94,29,2,6,15,2,15,18,2,44,46,2,44,46,100,4,27,13,14,13,11,21,21,40,33,31,60,117,30,241,228,25,6,10,15,31,72,3,7,1,13,14,15,16,16,12,9,8,9,2,4,30
2564,4,9,2,12,9,20,20,61,12,39,90,66,39,20,123,197,9,11,5,13,26,14,42,11,23,42,11,23,110,249,35,0,1,7,20,20,25,46,45,40,127,69,89,71,160,253,10,20,35,70,148,8,3,9,17,16,20,25,26,23,50,40,27,161,151,69
2565,48,15,6,11,11,5,28,22,9,30,67,127,30,206,234,33,3,0,4,3,0,4,26,0,4,106,0,90,129,174,71,2,5,5,8,19,16,51,8,13,73,51,23,100,60,39,7,12,18,41,90,7,6,7,7,6,8,0,0,1,26,14,26,44,35,23
2566,1,11,15,5,23,10,3,33,50,3,49,74,3,56,91,225,0,7,3,7,11,7,35,42,8,55,42,8,73,157,31,0,1,7,0,31,15,5,1,37,75,72,76,246,183,62,9,18,28,56,119,4,4,4,2,2,2,29,30,30,121,74,87,239,168,198
2567,54,3,2,6,30,13,15,39,60,1,39,123,113,113,138,244,13,13,6,22,8,22,25,48,39,25,74,39,45,175,83,0,1,7,4,4,10,61,35,39,50,20,45,236,36,200,13,27,51,98,206,9,8,6,30,10,26,47,45,43,38,43,40,94,99,136
2568,62,10,12,8,4,26,7,14,10,36,49,10,124,53,225,97,6,3,2,24,27,28,27,31,2,27,31,60,179,179,176,0,1,7,4,4,10,5,1,37,107,57,109,71,160,253,13,26,49,93,194,1,1,2,15,11,5,59,54,58,80,80,59,228,102,100
2569,7,12,8,7,15,18,29,46,42,51,87,104,67,204,14,176,4,5,1,5,4,31,38,62,55,38,104,55,78,251,240,3,6,2,31,5,4,48,21,6,30,94,127,22,79,144,1,2,2,5,13,2,2,3,1,1,1,14,24,22,16,10,19,25,9,36
2570,56,13,2,6,27,14,6,25,28,58,118,62,58,28,48,40,13,13,6,16,28,9,13,12,6,94,30,84,227,117,11,0,1,7,1,0,22,57,58,14,59,33,123,173,166,225,11,22,40,76,160,9,8,6,5,5,7,3,6,2,59,58,55,30,40,55
2571,62,8,12,4,28,9,1,12,58,63,12,58,86,122,114,105,15,14,11,0,20,3,39,20,45,89,9,83,131,238,29,0,1,7,4,4,10,30,52,55,39,124,46,110,128,169,3,7,11,22,50,6,3,8,10,13,14,21,20,25,78,50,49,174,189,178
2572,36,3,2,4,9,8,10,42,61,4,108,82,113,146,134,91,15,14,11,29,29,27,30,33,32,122,93,125,71,206,170,0,1,7,2,20,1,4,27,38,105,31,31,94,92,188,10,19,34,67,144,8,12,9,11,16,11,18,38,36,48,78,60,129,129,133
2573,50,15,6,11,11,0,28,11,41,57,122,75,115,27,218,7,3,0,4,3,0,4,26,0,4,26,105,4,111,124,3,2,5,5,8,19,16,7,51,49,15,111,76,54,7,253,7,12,18,42,92,7,6,7,7,6,8,0,0,1,47,28,101,227,178,219
2574,58,8,2,4,28,9,1,12,3,63,12,3,86,87,126,190,15,14,11,0,20,3,41,9,45,125,9,80,158,146,64,0,1,7,4,1,10,30,52,55,80,126,93,84,66,8,7,13,21,47,98,6,3,8,10,13,14,21,20,45,37,73,81,125,89,114
2575,51,12,8,7,15,18,12,27,16,32,64,24,73,181,131,118,4,5,1,5,4,15,21,5,12,21,5,12,113,140,155,3,6,2,31,5,4,21,0,23,7,127,5,139,64,253,1,2,3,6,15,2,2,3,1,1,1,4,4,4,10,25,1,96,20,37
2576,33,5,3,10,19,19,13,36,57,43,36,57,43,36,248,10,14,6,0,23,6,0,12,49,0,12,73,104,235,18,69,10,10,3,12,15,11,14,2,4,8,38,0,71,120,34,4,8,13,29,66,3,9,1,3,4,3,2,5,6,7,4,6,51,56,32
2577,56,13,15,6,27,14,6,25,28,58,82,69,65,12,105,40,13,13,6,16,28,9,13,30,6,94,30,84,13,77,137,0,1,7,1,0,22,57,11,14,59,33,123,173,166,225,11,22,40,76,160,9,8,6,5,5,7,3,6,2,63,37,45,121,21,55
2578,60,13,7,14,3,15,27,3,35,17,3,35,17,19,220,12,11,8,9,9,9,8,8,7,11,8,7,11,8,8,243,4,4,8,21,11,0,39,32,10,20,18,50,17,5,33,5,9,14,30,70,13,13,14,26,25,25,23,23,20,6,6,8,0,0,0
2579,47,2,14,2,16,16,25,56,37,41,105,94,41,110,71,120,8,10,7,27,24,6,24,18,33,24,18,33,2,166,25,15,15,15,3,26,26,11,5,57,12,55,3,220,12,182,9,16,26,54,114,10,5,5,16,19,24,19,21,18,18,17,18,3,5,4
2580,43,10,12,8,24,26,7,28,39,13,111,39,72,230,233,204,4,11,1,20,18,19,17,14,22,17,14,22,25,152,163,14,11,14,14,12,7,6,3,25,46,11,33,56,174,30,16,31,61,120,245,15,15,15,29,30,29,34,36,32,23,24,25,81,88,87
2581,29,2,9,3,2,28,26,6,54,49,114,54,89,232,76,121,8,10,7,6,7,10,7,34,7,68,87,7,225,119,63,0,1,7,4,29,31,10,1,4,124,90,76,163,227,42,9,18,32,64,137,5,5,5,6,24,6,56,18,62,118,105,20,176,193,186
2582,28,8,14,3,23,21,4,49,10,36,49,126,64,195,5,32,15,14,11,26,31,24,62,43,3,62,43,103,220,68,40,0,1,7,4,4,10,5,1,37,31,22,76,130,82,32,9,18,30,60,128,6,10,12,24,26,17,52,39,35,40,71,52,148,176,154
2583,33,5,3,10,19,19,13,41,57,45,36,57,45,50,173,10,14,6,0,23,6,0,12,49,0,12,73,104,235,172,69,10,10,3,12,15,11,14,2,4,8,38,38,0,21,34,4,8,13,29,67,3,9,1,3,4,3,2,5,6,7,4,6,187,67,68
2584,51,12,8,7,15,18,12,32,16,32,64,24,32,181,64,65,4,5,1,5,4,15,21,5,12,113,62,12,113,204,155,3,6,2,31,5,4,21,0,23,55,127,5,255,217,246,1,2,2,4,11,2,2,3,1,1,1,4,4,4,10,52,1,61,126,75
2585,61,5,3,10,19,24,13,58,55,47,91,55,99,118,219,115,14,6,0,23,6,0,12,49,54,80,49,54,167,56,91,10,10,3,27,28,30,56,19,3,68,21,27,34,1,60,4,8,12,27,63,3,9,1,3,4,3,42,42,40,31,29,34,16,15,17
2586,13,8,2,4,12,4,8,47,3,25,113,103,120,168,221,96,15,14,11,0,20,3,39,9,53,39,80,116,195,253,93,0,1,7,9,1,10,63,61,35,104,0,65,164,214,146,13,24,44,84,177,6,3,8,10,15,14,41,33,46,57,48,61,77,59,43
2587,32,6,11,2,20,12,11,19,4,22,19,4,22,126,205,85,2,6,15,2,15,18,2,44,46,2,44,46,100,4,27,13,14,13,11,21,21,40,33,31,86,108,72,66,15,129,6,10,15,31,72,3,7,1,13,14,15,16,16,12,9,8,9,2,4,12
2588,54,3,15,9,26,30,14,10,14,9,16,69,97,33,139,156,0,7,3,26,31,24,31,26,27,71,84,93,28,200,160,0,1,7,4,4,10,10,58,4,124,90,76,71,160,253,10,19,34,68,145,4,8,6,31,29,28,34,46,32,100,119,104,219,254,230
2589,55,3,2,4,9,20,20,5,12,39,5,36,94,224,57,155,9,11,5,13,26,14,42,11,23,101,97,74,132,42,224,0,1,7,20,20,25,49,38,56,123,73,70,101,196,199,10,20,37,72,154,8,3,9,17,16,20,45,33,42,45,46,42,57,26,85
2590,42,15,9,3,2,28,1,2,41,57,122,54,57,27,200,121,8,10,7,6,7,10,7,34,7,68,87,7,225,119,63,0,1,7,4,4,10,10,58,4,15,12,76,54,7,187,9,15,23,50,105,7,6,7,7,6,8,32,0,1,105,28,103,232,221,188
2591,44,10,12,8,12,26,21,35,40,31,70,110,80,190,143,207,0,7,3,4,27,16,44,29,47,44,29,2,151,74,16,8,2,12,24,16,17,53,34,33,24,17,20,147,65,113,16,32,62,122,247,1,3,8,18,11,13,13,25,16,34,13,39,21,30,31
2592,17,8,15,5,23,21,16,49,10,52,12,126,124,136,242,251,0,7,3,7,11,7,35,42,8,55,89,94,184,67,97,0,1,7,4,4,10,5,1,37,31,56,121,225,89,198,13,26,49,95,200,4,4,4,24,20,22,5,48,44,94,77,90,172,104,102
2593,3,1,1,13,18,31,22,17,47,28,17,91,102,243,37,108,1,2,10,14,22,26,10,21,49,10,13,106,233,142,205,1,7,11,19,22,5,20,10,9,27,13,58,178,117,193,13,25,47,89,185,11,0,13,21,22,21,10,11,11,97,92,91,147,137,128
2594,27,3,10,4,22,8,10,8,43,4,86,43,113,38,172,62,15,1,11,15,1,20,9,1,50,9,1,18,198,105,30,0,1,7,10,20,6,32,49,54,109,75,48,68,125,189,10,19,34,68,145,8,12,9,11,23,11,12,14,13,4,2,5,14,72,22
2595,25,6,11,2,6,10,4,33,23,55,33,96,55,189,29,3,0,7,3,7,11,7,35,42,8,35,42,8,140,94,251,0,1,7,0,31,15,58,16,62,61,88,74,142,246,22,9,18,28,56,119,4,4,4,2,2,31,29,30,55,3,60,58,71,46,47
2596,58,2,9,3,2,28,26,6,54,49,6,89,101,228,197,84,8,10,7,6,7,10,7,34,7,68,87,7,34,7,85,15,15,15,4,29,31,36,1,0,97,15,103,50,242,95,9,15,23,50,106,5,5,5,6,24,6,30,18,24,24,30,20,24,24,21
2597,33,5,3,10,19,19,13,41,57,45,41,57,45,123,25,25,14,6,0,23,6,0,52,4,0,52,4,0,70,172,0,10,10,3,12,15,11,14,2,4,8,38,0,0,120,34,4,8,13,29,67,3,9,1,3,4,3,2,5,6,7,4,6,89,67,32
2598,5,6,14,2,6,30,24,49,23,36,71,97,36,165,169,64,2,6,15,19,15,18,54,16,15,54,85,99,88,153,95,0,1,7,4,4,10,5,1,37,69,29,47,91,137,75,9,18,31,61,129,3,10,1,25,10,17,53,43,52,70,70,65,92,101,115
2599,49,13,4,6,27,21,1,42,21,63,8,60,63,207,110,249,15,14,11,29,29,27,30,33,32,96,126,45,160,31,37,0,1,7,4,4,10,10,58,4,124,90,76,219,136,21,3,7,11,23,53,9,8,6,11,26,11,56,50,36,61,67,83,103,93,145
2600,20,15,9,11,11,6,23,63,53,50,92,64,50,130,146,162,3,0,4,25,25,23,3,27,29,3,65,29,20,27,34,7,0,10,25,18,8,38,43,34,89,49,119,3,198,165,7,13,19,43,93,7,6,7,19,21,19,6,8,7,5,7,7,12,2,9
2601,33,5,3,10,19,19,13,41,27,42,41,27,42,50,248,25,14,6,0,23,6,0,12,49,0,12,73,0,235,172,69,10,10,3,12,15,11,14,2,4,126,79,114,25,194,130,4,8,13,28,64,3,9,1,3,4,3,2,5,6,101,4,6,59,121,142
2602,36,3,15,1,0,17,16,52,25,14,72,69,103,217,135,196,7,12,13,7,23,7,5,53,20,5,115,88,177,128,165,9,9,9,0,31,15,10,58,4,124,103,76,71,160,253,3,7,11,24,54,4,4,4,2,2,2,29,30,30,106,19,28,174,71,178
2603,44,10,12,8,4,26,21,35,40,31,35,58,80,104,143,114,6,3,2,24,27,28,27,31,2,95,31,72,51,73,173,8,2,12,24,16,17,53,34,33,24,4,61,147,65,113,16,32,62,123,249,1,1,2,15,11,5,35,25,33,28,22,24,5,30,3
2604,58,2,9,3,2,28,26,15,54,49,15,37,69,178,23,52,8,10,7,6,7,10,56,34,41,7,70,56,232,159,198,15,15,15,4,4,10,36,1,0,124,90,76,71,160,253,16,32,63,124,250,5,5,5,6,24,6,30,18,24,49,53,94,124,106,167
2605,62,7,5,8,25,3,7,57,2,6,57,111,75,8,206,239,6,3,2,30,3,2,4,6,9,4,6,9,221,46,36,12,8,1,7,9,14,17,58,1,56,4,61,136,102,210,15,30,60,119,244,1,1,2,0,0,5,24,22,21,89,54,107,49,111,135
2606,25,14,10,4,22,8,10,8,43,62,86,43,93,196,130,81,15,1,11,15,1,20,9,1,50,9,1,50,175,1,115,0,1,7,10,20,6,32,49,54,109,75,48,59,236,116,10,19,34,68,145,8,12,9,11,23,11,12,14,13,4,2,5,14,72,22
2607,4,9,8,12,13,27,29,46,42,60,46,104,67,93,55,163,4,5,1,5,4,31,38,62,55,38,23,55,121,29,212,3,6,2,15,2,28,48,21,6,124,90,76,22,215,93,1,1,1,3,4,2,2,3,1,1,1,14,24,22,86,10,19,164,205,160
2608,28,9,8,12,13,27,12,30,20,53,30,20,53,193,95,139,4,5,1,5,4,31,6,23,36,6,82,36,29,5,32,3,6,2,15,2,28,1,12,50,37,93,98,67,34,220,1,1,1,1,1,2,2,3,12,9,12,8,12,14,19,15,22,43,23,14
2609,9,15,6,11,11,0,28,11,9,30,84,9,100,27,16,224,3,0,4,3,0,4,26,0,4,26,105,4,111,124,3,2,5,5,8,19,16,7,51,49,22,46,44,200,203,67,7,12,18,42,92,7,6,7,7,6,8,0,0,1,32,28,16,39,171,35
2610,35,1,1,13,18,31,22,17,47,28,79,47,28,6,67,24,1,2,10,17,22,26,22,21,21,112,21,122,67,24,21,1,7,11,19,22,5,20,10,16,108,66,111,186,41,140,2,3,5,9,23,11,0,13,21,22,21,10,11,11,0,1,0,32,47,44
2611,32,5,3,10,20,19,11,41,27,42,41,4,42,123,25,9,14,6,0,23,6,0,12,49,0,52,4,0,70,172,0,10,10,3,12,15,11,14,2,4,126,79,114,25,32,130,4,8,13,29,65,3,9,1,3,4,3,2,5,6,7,4,6,89,169,68
2612,41,1,0,13,1,22,17,1,11,10,60,106,82,1,112,177,1,2,10,1,2,25,1,2,17,105,2,17,64,2,246,6,13,4,30,13,23,19,14,41,17,39,107,170,210,245,3,4,6,12,31,0,0,0,9,7,10,1,1,3,22,0,2,177,109,124
2613,47,6,11,2,16,16,25,56,37,41,56,37,41,110,71,120,8,10,7,27,24,6,24,18,33,24,18,33,2,166,25,15,15,15,3,26,26,11,5,57,12,55,3,71,160,253,9,16,26,54,115,10,5,5,16,19,24,19,21,18,18,17,18,3,5,4
2614,60,13,7,14,3,15,27,3,35,17,3,35,17,74,220,12,11,8,9,9,9,8,8,7,11,8,7,11,8,8,7,4,4,8,21,11,0,39,32,10,20,18,50,17,151,33,5,9,14,30,70,13,13,14,26,25,25,23,23,20,6,6,8,0,0,0
2615,40,2,11,2,6,16,0,26,6,8,115,6,66,140,102,41,8,10,7,27,24,6,60,51,63,83,51,19,139,182,101,15,15,15,13,7,24,60,9,36,58,85,57,87,182,83,9,15,24,51,107,5,5,5,6,17,6,36,10,39,29,32,30,112,82,38
2616,37,7,5,8,25,3,2,7,2,2,7,2,75,92,2,101,6,3,2,10,17,21,34,55,31,111,6,101,199,149,131,12,8,1,7,9,14,17,37,1,35,77,110,191,70,131,15,30,60,119,243,1,1,2,0,0,4,22,13,10,56,66,63,82,117,90
2617,16,9,8,12,13,27,12,30,20,53,30,85,53,34,40,111,4,5,1,5,4,31,6,23,36,6,82,36,248,255,32,3,6,2,15,2,28,1,12,50,37,42,26,67,74,220,1,1,1,1,1,2,2,3,12,9,12,8,12,14,19,15,22,43,23,14
2618,15,9,8,12,13,27,20,30,24,53,123,61,63,141,192,194,4,5,1,5,4,31,6,23,36,61,102,1,248,255,156,3,6,2,15,2,28,1,12,50,37,42,26,201,163,213,1,1,1,3,5,2,2,3,12,9,12,8,12,14,19,15,22,33,224,222
2619,14,11,13,5,8,29,3,4,32,3,78,114,98,189,135,13,7,12,13,21,23,29,5,53,20,64,114,20,57,38,237,9,9,9,0,31,15,58,16,62,48,30,68,203,142,94,14,29,56,111,228,4,4,4,2,2,2,29,30,30,3,16,21,36,14,13
2620,45,10,5,8,4,26,7,57,13,44,28,67,44,8,206,18,6,3,2,30,3,2,4,52,9,92,52,68,63,17,220,12,8,1,18,27,18,31,4,58,5,24,56,182,16,52,16,32,63,124,251,1,1,2,0,0,5,24,22,21,17,27,15,15,77,88
2621,16,6,11,2,26,30,24,24,23,20,81,107,20,52,47,161,2,7,15,19,31,24,59,63,19,32,106,91,181,59,188,0,1,7,9,7,10,22,60,53,115,121,76,235,21,58,6,11,17,37,83,10,7,1,13,10,23,28,35,28,75,65,44,166,86,199
2622,28,9,8,12,13,27,12,10,56,5,20,61,63,112,95,242,0,7,3,26,31,24,31,26,43,88,103,67,106,225,65,0,1,7,4,4,10,5,1,37,75,72,92,198,138,163,9,18,28,56,120,2,2,3,24,9,12,50,48,44,102,74,85,175,159,113
2623,24,4,14,3,31,7,4,38,59,23,49,59,64,112,201,240,8,15,14,18,16,13,18,17,16,18,17,16,200,14,13,5,3,6,4,4,10,5,1,37,31,22,76,78,95,32,9,17,27,55,116,14,14,12,28,28,27,31,34,29,13,11,14,1,1,1
2624,22,13,7,9,29,14,14,62,63,15,62,63,119,239,52,110,13,13,6,22,8,22,23,24,28,23,24,28,180,163,24,0,1,7,6,10,9,8,18,20,28,74,32,104,237,78,11,21,38,74,156,9,8,6,27,27,30,39,41,41,33,34,35,10,8,10
2625,46,12,8,7,15,18,12,32,16,32,64,24,73,134,64,118,4,5,1,5,4,15,21,5,12,21,5,12,113,140,155,3,6,2,31,5,4,21,0,23,114,19,122,33,35,174,1,2,3,6,15,2,2,3,1,1,1,4,4,4,10,21,1,45,20,37
2626,0,1,1,1,5,1,9,45,5,18,45,5,34,96,24,221,12,2,10,14,30,5,63,13,5,117,101,5,9,87,140,6,13,4,2,3,1,3,22,9,11,95,18,249,86,191,3,6,8,15,36,0,0,0,4,3,0,20,2,0,35,36,43,19,51,104
2627,52,8,7,9,12,4,8,47,3,1,83,68,1,255,72,209,0,14,3,26,13,24,37,20,53,37,121,116,127,93,245,0,1,7,4,1,10,42,35,43,10,67,43,149,121,217,13,24,43,83,175,6,3,8,5,15,26,55,32,51,72,63,75,47,58,52
2628,31,0,4,15,17,2,18,53,8,40,83,90,104,71,222,180,5,4,12,11,12,12,15,38,14,15,38,121,150,191,61,15,15,15,16,30,13,2,63,4,119,6,13,8,184,49,13,25,48,92,192,5,11,10,8,8,9,9,3,15,12,9,13,107,94,122
2629,6,2,9,3,16,28,31,54,34,54,54,37,69,178,176,19,8,10,7,27,24,6,56,18,41,56,123,127,102,91,145,15,15,15,3,26,26,10,58,4,53,123,125,80,51,154,9,18,32,62,131,10,5,5,16,19,24,19,21,18,49,53,50,104,140,130
2630,41,15,0,11,1,22,17,1,11,10,69,106,107,197,161,142,1,2,10,1,2,25,1,2,17,105,2,17,64,2,246,6,13,4,30,13,23,19,14,41,17,39,107,170,105,51,3,4,6,12,29,0,0,0,9,7,10,1,1,3,22,0,2,62,17,123
2631,38,10,12,9,12,4,8,43,45,33,43,110,33,169,70,60,0,7,3,4,19,16,44,29,47,44,29,86,15,79,201,8,2,12,9,1,10,53,34,33,99,5,120,187,101,113,13,24,43,82,172,6,3,8,18,15,13,13,31,16,34,13,39,21,64,169
2632,33,5,3,10,19,19,13,41,57,45,36,57,47,50,173,179,14,6,0,23,6,0,12,49,0,12,73,104,16,18,252,10,10,3,12,15,11,14,2,4,103,81,82,7,251,38,4,8,13,29,65,3,9,1,3,4,3,2,5,6,7,4,6,51,56,54
2633,6,6,11,2,26,30,24,5,23,20,5,43,94,38,47,62,15,14,11,29,29,27,25,32,18,69,32,18,17,105,54,0,1,7,10,20,6,49,38,56,109,73,48,171,235,110,6,11,17,37,83,8,12,9,11,16,11,45,56,42,45,46,42,57,26,82
2634,42,2,9,3,2,28,31,2,34,54,114,113,89,107,45,186,8,10,7,6,7,10,48,8,56,48,8,89,55,219,67,15,15,15,13,29,31,37,41,42,16,80,116,96,31,24,9,15,25,53,110,5,5,5,6,17,6,32,10,31,36,35,36,13,12,15
2635,53,0,14,6,23,10,4,42,10,36,42,74,125,154,204,119,5,4,12,11,12,12,15,38,14,15,38,14,218,19,231,15,15,15,16,4,13,5,58,37,110,59,60,134,179,89,9,18,30,60,128,5,10,10,8,8,9,9,3,15,21,9,13,34,16,72
2636,5,6,11,2,26,30,0,24,56,0,89,79,97,124,158,112,2,6,15,19,15,18,32,16,15,116,16,111,172,231,181,0,1,7,9,7,10,55,15,24,63,40,97,61,104,36,6,11,16,35,79,3,7,1,13,14,15,28,44,53,52,57,48,50,52,62
2637,63,8,2,6,28,9,16,47,3,25,47,68,25,255,20,11,15,14,11,0,20,3,0,9,53,0,109,53,166,43,203,0,1,7,4,1,10,30,52,55,57,112,102,19,232,168,13,26,49,95,201,6,3,8,10,13,14,21,20,25,60,59,62,74,85,74
2638,52,8,2,6,23,21,6,42,62,55,107,74,113,101,47,213,15,14,11,29,8,27,25,48,39,85,126,113,238,240,249,0,1,7,4,4,10,61,35,39,50,20,45,236,36,200,13,27,51,98,206,8,7,9,30,10,26,47,45,43,38,43,40,94,99,136
2639,18,2,14,3,2,21,26,6,54,49,6,34,116,135,76,74,8,10,7,6,7,10,16,34,7,97,34,103,120,100,130,0,1,7,4,29,31,36,1,0,121,100,8,58,124,159,9,15,23,50,104,5,5,5,6,24,6,56,50,24,68,67,67,80,70,105
2640,3,3,0,1,30,1,15,23,7,38,23,7,84,229,179,129,12,2,10,14,30,5,63,13,5,87,25,81,138,155,104,6,13,4,2,3,1,29,26,5,87,95,117,88,93,164,3,7,9,20,47,0,0,0,14,12,0,20,2,8,35,36,43,19,33,50
2641,9,15,9,11,11,28,26,15,41,57,11,75,95,125,141,121,3,0,4,3,0,4,26,0,4,26,105,4,153,124,3,0,1,7,4,4,10,10,58,4,15,111,76,54,7,203,3,7,11,26,62,7,6,7,7,6,8,6,8,7,47,86,101,144,135,148
2642,19,14,10,0,14,23,19,34,18,19,102,18,19,9,203,178,10,9,8,12,14,11,14,15,10,14,64,10,18,16,120,11,12,0,26,25,2,52,13,30,4,9,12,2,24,2,8,14,22,49,103,12,10,11,23,18,18,15,15,19,2,3,3,8,13,6
2643,43,11,13,5,8,29,30,31,15,35,65,65,35,131,160,200,7,12,13,21,5,29,28,22,37,28,22,87,22,226,26,9,9,9,5,17,3,23,28,17,23,27,22,185,13,194,14,28,55,107,222,4,4,4,20,20,22,11,17,17,1,5,4,4,7,7
2644,25,6,11,2,6,30,0,16,6,46,16,108,46,72,125,202,2,7,15,19,31,24,59,63,19,32,91,77,96,108,187,0,1,7,9,7,24,55,15,24,49,3,15,144,23,42,6,11,17,38,85,6,7,1,25,10,23,46,47,48,39,42,51,117,110,117
2645,61,5,3,10,19,24,13,58,55,47,91,55,99,118,219,115,14,6,0,23,6,0,12,49,54,80,49,54,167,56,91,10,10,3,27,28,30,56,19,3,68,21,27,34,1,60,4,8,12,27,63,3,9,1,3,4,3,42,42,40,31,29,34,16,15,17
2646,3,15,0,11,1,22,28,60,9,57,60,75,57,202,190,172,1,2,10,1,2,25,10,46,49,73,88,117,161,183,121,6,13,4,4,4,10,51,8,13,3,7,59,213,168,47,3,7,11,25,56,7,6,7,7,6,8,1,1,1,117,93,68,138,97,127
2647,59,11,13,5,8,29,30,31,32,35,31,32,78,223,232,127,7,12,13,21,5,29,28,22,37,127,22,37,145,69,235,9,9,9,5,17,3,23,28,17,72,82,84,185,27,177,14,28,55,107,222,4,4,4,20,20,22,11,17,17,1,5,4,76,75,65
2648,2,14,10,4,22,21,10,8,43,55,8,44,93,88,177,117,15,1,11,15,1,20,9,1,50,9,1,50,41,84,229,0,1,7,10,20,6,32,49,54,33,75,113,156,75,11,10,19,33,66,140,8,12,9,11,23,11,12,14,13,4,2,5,28,53,39
2649,41,2,14,3,26,21,16,54,56,26,54,126,26,156,176,230,8,10,7,26,24,24,56,18,27,56,123,127,194,244,175,0,1,7,4,4,10,10,58,4,124,90,76,71,105,253,9,18,32,62,131,3,1,2,16,19,24,58,49,21,124,127,127,238,226,130
2650,14,2,9,3,2,28,31,2,34,54,114,113,89,173,45,212,8,10,7,6,7,10,48,8,56,48,8,89,55,219,67,15,15,15,13,29,31,37,41,42,16,80,116,96,31,24,9,15,25,53,112,5,5,5,6,17,6,32,10,31,36,35,36,13,12,15
2651,49,11,15,5,10,17,16,40,25,14,72,119,122,114,242,251,7,12,13,7,23,7,55,3,61,81,124,61,73,3,149,0,1,7,0,31,15,15,50,19,0,56,121,37,241,223,13,26,49,95,200,4,4,4,2,2,2,5,7,5,94,77,37,172,104,102
2652,61,5,3,10,19,19,13,26,57,43,36,57,43,50,250,10,14,6,0,23,6,0,12,49,0,12,73,0,235,172,69,10,10,3,12,15,11,14,2,4,126,79,114,12,109,119,4,8,13,29,65,3,9,1,3,4,3,2,5,6,66,69,66,91,68,191
2653,36,3,0,1,30,13,15,23,7,7,85,73,7,219,78,72,12,2,10,31,10,30,20,25,26,20,86,98,138,213,241,0,1,7,2,3,1,27,46,51,77,116,10,150,164,176,3,7,9,20,46,0,3,8,27,27,13,54,37,34,106,44,93,163,133,111
2654,4,3,2,4,9,20,10,5,12,39,68,36,94,42,57,155,9,11,5,13,26,14,42,11,23,126,11,23,39,30,112,0,1,7,20,20,25,49,38,56,123,73,70,208,254,68,10,20,37,72,153,8,3,9,17,16,20,45,26,42,45,46,42,140,26,85
2655,21,9,2,12,13,27,20,61,24,53,103,66,111,20,17,27,4,11,5,28,26,1,61,37,1,11,37,70,77,102,82,0,1,7,15,2,28,10,58,4,40,28,1,71,80,19,1,1,1,3,4,2,2,3,12,9,12,43,12,47,53,64,32,189,98,220
2656,15,9,8,7,15,18,29,46,42,60,46,104,67,11,236,176,4,5,1,5,4,31,38,62,55,38,104,55,78,186,102,3,6,2,31,5,4,48,21,6,52,110,99,48,48,18,1,2,2,5,12,2,2,3,1,1,1,14,24,22,86,10,99,127,123,95
2657,22,8,15,9,0,9,16,10,49,9,10,126,97,103,237,222,0,7,3,26,31,24,50,54,27,50,120,51,214,90,189,0,1,7,4,4,10,10,58,4,113,37,37,32,253,253,13,27,52,101,211,4,7,6,31,29,28,48,49,49,100,110,96,170,136,185
2658,5,6,11,2,26,12,24,24,23,20,81,79,117,16,103,201,2,6,15,2,15,18,32,44,46,116,44,109,172,103,84,0,1,7,4,4,10,10,58,4,124,90,90,235,225,58,6,11,16,34,78,3,7,1,13,14,15,16,16,12,75,74,77,106,139,152
2659,35,1,1,13,18,31,22,17,47,28,79,47,28,6,37,24,1,2,10,17,22,26,22,21,21,22,21,21,224,24,66,1,7,11,19,22,5,20,10,16,108,66,111,64,3,6,2,3,5,9,24,11,0,13,21,22,21,10,11,11,0,1,0,7,3,2
2660,16,7,5,8,25,3,2,33,29,21,97,2,21,238,207,45,6,3,2,10,17,21,33,39,60,67,71,123,223,57,5,12,8,1,7,9,14,10,58,63,34,53,94,154,171,92,9,18,29,57,123,1,1,2,0,0,4,17,9,10,98,112,63,110,118,97
2661,57,10,12,8,4,26,7,9,38,27,9,76,105,159,115,16,6,3,2,24,3,28,27,31,40,74,66,100,27,25,38,8,2,12,28,23,12,28,36,11,100,26,19,89,9,66,16,32,64,125,253,1,1,2,15,11,5,26,27,27,74,23,72,41,60,49
2662,10,1,1,13,5,25,9,44,19,12,17,12,12,185,57,51,12,2,10,31,10,17,10,46,49,109,96,49,83,47,45,6,13,4,20,3,25,10,58,56,124,13,76,208,254,68,10,20,37,72,152,0,0,0,4,3,0,45,26,42,95,79,86,109,127,126
2663,2,14,10,3,22,21,4,8,43,62,8,88,93,117,183,8,15,1,11,15,1,20,9,1,50,9,1,50,41,84,229,0,1,7,10,20,6,32,49,54,33,75,113,152,216,77,10,19,33,66,142,8,12,9,11,23,11,12,14,13,4,2,5,28,53,39
2664,58,2,4,15,21,2,0,48,8,56,48,84,56,14,156,80,5,4,12,11,12,12,46,60,48,46,60,48,65,66,48,15,15,15,16,30,13,50,39,27,25,107,86,123,87,65,12,23,41,78,164,5,11,10,8,8,9,37,3,37,21,26,33,11,41,16
2665,62,10,5,8,4,26,7,57,13,6,57,67,6,8,206,18,6,3,2,30,3,2,4,6,9,4,71,9,155,230,228,12,8,1,18,27,18,17,4,1,56,4,61,136,102,52,15,30,60,119,244,1,1,2,0,0,5,24,22,21,89,54,107,49,77,88
2666,48,15,9,11,11,6,23,63,53,29,92,53,71,130,146,17,3,0,4,25,25,23,3,27,29,3,65,29,20,27,34,7,0,10,25,18,8,38,43,34,89,49,119,3,198,165,7,13,19,43,93,7,6,7,19,21,19,6,8,7,5,7,7,31,2,9
2667,6,6,11,2,6,30,0,16,56,46,47,108,110,23,12,89,8,7,3,26,31,24,16,10,27,16,77,103,94,141,129,0,1,7,4,4,10,10,58,4,124,90,76,9,107,254,13,25,47,89,186,3,7,1,13,14,15,16,16,12,122,118,113,169,184,213
2668,14,7,5,8,4,26,7,55,29,27,55,71,27,238,208,187,6,3,2,30,3,2,4,6,60,4,71,9,82,101,126,12,8,1,7,9,14,59,44,63,5,104,81,85,208,45,16,32,64,126,254,1,1,2,0,0,4,26,27,27,54,56,56,65,42,61
2669,37,7,5,8,25,3,2,7,2,2,109,100,2,92,120,88,6,3,2,10,17,21,33,39,34,33,39,34,252,135,141,12,8,1,7,9,14,35,31,2,117,101,108,49,96,204,15,30,58,116,237,1,1,2,0,0,4,22,9,9,43,39,38,42,22,45
2670,40,2,9,3,2,28,26,15,54,49,15,54,69,210,83,121,8,10,7,6,7,10,56,34,41,7,70,56,232,159,198,15,15,15,4,29,31,36,1,0,75,72,13,175,177,180,9,15,23,50,106,5,5,5,6,24,6,32,18,31,49,103,103,143,183,113
2671,51,12,8,7,15,18,12,32,16,32,64,24,73,134,64,118,4,5,1,5,4,15,21,5,12,21,5,12,113,140,155,3,6,2,31,5,4,21,0,23,114,127,5,33,35,174,1,2,3,6,17,2,2,3,1,1,1,4,4,4,10,21,1,45,20,37
2672,21,9,2,9,13,27,14,61,45,7,103,73,111,179,75,27,0,7,3,26,13,24,37,57,25,37,57,69,127,93,72,0,1,7,9,1,10,27,46,51,124,90,76,176,160,253,1,1,1,3,4,2,3,8,27,27,13,39,37,41,33,34,35,204,228,141
2673,10,1,1,13,5,1,9,45,5,18,112,5,112,96,4,221,12,2,10,14,30,5,63,13,38,117,101,38,141,15,4,6,13,4,2,3,1,3,22,9,11,13,18,249,86,191,3,6,8,15,36,0,0,0,4,3,0,20,2,0,83,81,64,90,51,104
2674,37,14,10,3,26,9,16,8,56,26,20,44,26,233,23,78,0,7,3,26,31,24,43,10,27,43,125,103,119,154,199,0,1,7,4,4,10,10,58,4,124,90,76,29,160,37,7,13,21,48,100,5,5,5,16,19,24,61,54,61,78,73,98,180,237,250
2675,20,15,6,11,11,0,28,22,0,30,122,0,30,67,16,224,3,0,4,3,0,4,26,0,4,26,105,90,3,0,139,2,5,5,8,19,16,7,51,49,22,46,44,200,203,67,7,12,18,42,91,7,6,7,7,6,8,0,0,1,26,14,16,44,35,35
2676,33,5,3,10,19,24,13,58,55,47,91,55,99,118,219,115,14,6,0,23,6,0,12,49,54,80,49,54,167,56,91,10,10,3,27,28,30,56,19,3,68,21,27,34,1,60,4,8,12,27,63,3,9,1,3,4,3,42,42,40,31,29,34,16,15,17
2677,62,10,5,8,4,26,7,57,13,27,121,111,27,46,97,151,6,3,2,10,17,21,34,6,31,4,6,9,221,101,126,12,8,1,7,9,14,17,37,1,5,104,81,85,208,31,13,25,47,89,187,1,1,2,0,0,5,26,27,27,56,66,56,65,114,61
2678,31,0,4,15,21,2,18,53,33,56,75,84,81,14,235,231,5,4,12,11,12,12,45,59,52,45,59,52,122,70,226,15,15,15,16,30,13,12,56,52,88,118,73,57,88,106,13,25,48,90,189,5,11,10,8,8,9,9,46,37,79,75,76,70,87,81
2679,3,15,0,11,11,0,28,60,41,57,60,75,57,202,190,172,1,2,10,1,2,25,10,46,49,73,88,117,161,183,121,6,13,4,4,4,10,10,58,4,3,7,59,213,168,47,3,7,11,25,56,7,6,7,7,6,8,1,1,1,117,93,68,138,97,127
2680,14,9,8,12,13,18,12,32,24,60,64,24,60,166,87,134,4,5,1,5,4,15,21,50,62,103,92,62,60,116,123,3,6,2,31,5,4,21,0,23,114,127,71,15,34,40,1,2,3,6,17,2,2,3,1,1,1,4,4,4,10,21,110,207,222,51
2681,60,13,7,14,3,15,27,3,35,17,3,35,17,19,189,12,11,8,9,9,9,8,8,7,11,8,7,11,8,8,243,4,4,8,21,11,0,39,32,10,20,18,50,17,5,33,5,9,14,30,70,13,13,14,26,25,25,23,23,20,6,6,8,0,0,0
2682,40,2,9,3,16,16,25,56,37,41,15,37,69,110,71,52,8,10,7,27,24,6,56,18,41,56,123,127,102,91,145,15,15,15,3,26,26,10,58,4,119,6,13,8,177,49,9,16,26,54,115,10,5,5,16,19,24,19,21,18,49,53,50,69,74,79
2683,33,5,3,10,19,19,13,41,57,45,41,57,47,50,250,179,14,6,0,23,6,0,12,49,0,12,73,104,142,192,218,10,10,3,12,15,11,14,2,4,124,90,38,12,109,119,4,8,13,29,65,3,9,1,3,4,3,2,5,6,7,4,6,51,56,54
2684,21,9,8,12,13,27,12,30,24,53,123,85,53,141,87,189,4,5,1,5,4,31,6,23,36,6,82,36,248,255,178,3,6,2,15,2,28,1,12,50,37,42,26,67,34,220,1,1,1,1,1,2,2,3,12,9,12,8,12,14,19,15,22,95,23,14
2685,63,11,14,5,10,10,16,14,10,26,14,74,125,160,98,58,15,14,11,26,31,24,62,43,3,43,67,103,86,88,40,15,15,15,4,4,10,5,1,37,107,57,109,93,84,145,13,26,49,93,193,4,4,4,8,8,9,59,54,58,80,80,59,119,102,100
2686,5,6,11,2,6,30,24,24,23,20,96,107,9,175,255,103,2,6,15,19,15,18,59,63,15,59,63,119,115,64,68,0,1,7,9,7,10,22,60,53,102,115,25,197,42,160,6,11,17,37,84,10,7,1,25,10,23,28,35,28,51,51,44,53,76,110
2687,43,10,12,7,24,20,29,28,39,11,87,39,72,215,159,53,4,11,1,20,18,19,17,14,22,17,14,22,114,26,20,14,11,14,14,12,7,62,47,28,19,87,42,76,234,108,16,31,61,121,246,15,15,15,29,30,29,34,36,32,23,24,25,26,32,28
2688,2,3,2,4,22,8,10,8,43,63,8,88,63,207,183,81,15,1,11,15,1,20,9,1,50,9,1,50,175,1,115,0,1,7,10,20,6,32,49,54,33,75,113,152,216,77,3,7,11,26,60,8,12,9,11,23,11,12,14,13,4,2,5,231,174,118
2689,27,0,15,15,0,17,16,54,25,46,54,50,122,144,176,230,0,7,3,26,31,24,45,19,58,75,19,58,81,82,70,0,1,7,4,4,10,10,58,4,53,44,125,41,144,222,13,26,50,96,202,4,4,4,8,8,24,58,47,57,87,102,102,104,140,130
2690,8,3,2,4,9,20,10,5,12,39,5,36,94,38,57,155,9,11,5,13,26,14,42,11,23,126,11,23,39,30,112,0,1,7,20,20,25,49,38,56,123,73,70,208,254,68,10,20,37,72,152,8,3,9,17,16,20,45,26,42,45,46,42,57,26,82
2691,2,14,10,3,22,21,26,8,43,62,8,44,93,212,177,117,15,1,11,15,1,20,9,1,50,9,1,50,41,84,229,0,1,7,10,20,6,32,49,54,33,75,113,152,197,77,10,19,33,66,141,8,12,9,11,23,11,12,14,13,4,2,5,28,53,145
2692,26,6,11,2,26,30,0,24,23,0,89,70,0,124,84,112,2,6,15,19,15,18,32,16,15,116,16,111,172,231,181,0,1,7,9,7,10,55,15,24,63,40,97,61,104,36,6,11,16,35,79,3,7,1,13,14,15,28,44,53,52,57,48,50,52,62
2693,6,6,11,2,16,16,25,56,37,41,56,37,121,110,61,208,8,10,7,27,24,6,24,18,33,24,18,33,2,166,25,15,15,15,3,26,26,11,5,57,12,55,3,23,59,139,9,16,26,54,113,10,5,5,16,19,24,19,21,18,18,17,18,3,5,4
2694,55,1,1,13,5,1,9,45,5,18,126,5,112,17,24,51,12,2,10,14,30,5,63,13,38,63,90,38,141,58,4,6,13,4,2,3,1,3,22,9,27,13,58,121,62,112,3,6,8,17,41,0,0,0,4,3,0,20,2,0,96,89,43,162,112,86
2695,16,1,0,13,1,22,17,1,11,10,1,112,107,1,41,148,1,2,10,1,2,25,1,2,17,105,2,17,1,109,208,6,13,4,30,13,23,19,14,41,81,86,124,222,17,185,3,4,6,11,28,0,0,0,9,7,10,1,1,3,55,0,2,35,45,112
2696,60,13,7,14,3,15,14,3,14,15,3,63,17,200,145,12,13,13,6,22,8,22,43,24,27,23,24,28,149,210,24,4,4,8,21,11,0,10,32,10,124,90,76,174,6,74,13,27,54,105,218,13,13,14,26,25,25,23,23,20,6,6,8,0,0,0
2697,24,4,14,3,31,7,26,38,51,23,38,51,101,41,186,46,8,15,14,18,16,13,18,17,16,18,17,16,200,14,13,5,3,6,23,6,20,36,30,0,1,25,53,143,140,172,9,17,27,55,118,14,14,12,28,24,27,31,34,24,24,11,20,144,135,148
2698,45,10,5,8,4,26,7,57,13,44,117,13,44,240,223,22,6,3,2,30,3,2,4,52,9,92,52,68,63,17,220,12,8,1,18,27,18,31,4,58,5,24,56,182,16,84,16,32,63,124,251,1,1,2,0,0,5,24,22,21,17,27,15,15,19,19
2699,62,10,12,8,24,26,7,28,39,13,111,39,72,230,233,204,4,11,1,20,18,19,17,14,22,17,14,22,25,152,163,14,11,14,14,12,7,6,3,25,46,11,33,56,174,30,16,31,61,120,245,15,15,15,29,30,29,34,36,32,23,24,25,81,88,87
2700,54,13,7,6,29,14,14,62,63,15,62,99,119,226,36,63,13,13,6,22,8,22,23,24,28,23,24,28,31,23,24,0,1,7,6,10,9,8,18,20,28,74,32,104,237,78,11,21,38,74,158,9,8,6,27,27,30,39,41,41,33,34,35,10,8,10
2701,25,5,3,10,6,19,0,36,57,16,71,57,16,237,187,246,2,6,15,2,15,18,52,4,15,108,79,73,190,86,86,10,10,3,12,15,11,14,2,4,94,96,101,28,180,79,9,18,31,61,130,3,9,1,3,4,3,2,58,52,93,98,100,114,120,108
2702,46,12,8,7,15,18,12,27,16,32,64,24,73,134,131,118,4,5,1,5,4,15,21,5,12,113,62,12,124,39,200,3,6,2,31,5,4,21,0,23,7,60,5,139,64,239,1,2,3,6,15,2,2,3,1,1,1,4,4,4,41,25,1,45,20,37
2703,29,15,9,11,11,6,23,63,48,24,122,54,88,67,107,106,3,0,4,3,0,4,26,0,4,26,105,4,153,124,3,2,5,5,4,4,10,7,51,49,15,12,76,54,7,187,9,15,23,50,105,7,6,7,7,6,8,6,8,7,32,28,16,226,130,188
2704,41,9,8,7,24,20,29,46,42,11,87,42,11,94,159,50,4,11,1,5,4,31,38,62,55,38,83,55,92,139,106,14,11,7,4,4,10,10,58,4,124,19,122,224,199,54,1,2,2,4,8,15,15,15,29,30,29,34,36,32,23,24,25,81,215,212
2705,26,5,3,10,19,19,13,36,57,45,36,57,45,182,11,246,14,6,0,23,6,0,12,49,0,12,73,104,16,18,252,10,10,3,12,15,11,14,2,4,103,81,82,7,251,38,4,8,13,29,66,3,9,1,3,4,3,2,5,6,7,4,6,51,56,54
2706,16,9,1,12,5,27,9,45,24,18,46,80,60,51,230,191,12,2,10,31,21,17,40,40,49,40,40,65,178,243,55,6,13,4,4,4,10,3,54,18,71,92,49,148,71,247,1,1,1,2,3,0,0,0,22,31,16,51,53,56,71,72,78,72,66,64
2707,31,0,4,15,17,2,18,53,36,59,53,90,104,71,142,180,5,4,12,11,12,12,15,38,14,15,38,14,218,19,231,15,15,15,16,30,13,18,17,22,32,62,62,162,108,206,12,23,42,80,169,5,11,10,8,8,9,9,3,15,12,9,13,34,16,18
2708,50,15,6,11,11,0,28,60,9,57,60,127,57,202,30,7,1,2,10,1,2,25,10,46,49,73,88,117,161,183,121,2,5,5,8,19,16,10,58,13,3,7,59,4,168,47,3,7,11,25,56,7,6,7,7,6,8,0,0,1,47,93,68,138,97,127
2709,39,15,9,11,11,6,23,63,48,29,50,48,88,31,82,104,3,0,4,25,25,23,3,27,29,3,65,29,226,167,134,7,0,10,25,18,8,9,53,26,54,63,11,24,19,70,7,13,19,44,94,7,6,7,19,21,19,6,8,7,5,7,7,31,2,29
2710,24,4,14,3,31,7,4,38,51,23,38,51,23,128,201,240,8,15,14,18,16,13,18,17,16,18,17,16,14,14,13,5,3,6,23,6,20,25,30,7,21,25,53,108,91,142,9,17,27,55,116,14,14,12,28,28,27,31,34,29,13,11,14,1,1,1
2711,9,15,6,11,11,0,28,11,41,57,84,75,100,27,16,224,3,0,4,3,0,4,26,0,4,26,105,90,111,199,219,2,5,5,8,19,16,7,51,49,15,12,44,4,255,67,7,12,18,42,92,7,6,7,7,6,8,0,0,1,32,28,16,39,36,35
2712,8,7,14,8,28,9,1,12,10,26,12,126,26,177,216,149,15,14,11,0,20,3,41,9,45,41,99,80,99,34,159,0,1,7,4,4,10,30,52,55,95,57,4,32,160,145,13,27,53,102,214,6,3,8,10,13,14,21,20,25,37,50,49,105,39,66
2713,20,6,11,2,20,12,11,19,4,22,19,4,22,126,205,85,2,6,15,2,15,18,2,44,46,2,44,46,44,4,27,13,14,13,11,21,21,40,33,31,60,108,30,194,189,124,6,10,15,31,72,3,7,1,13,14,15,16,16,12,9,8,9,2,4,12
2714,56,13,7,6,28,14,1,25,21,63,25,21,63,207,110,249,15,14,11,29,29,27,30,33,32,96,33,32,33,198,157,0,1,7,4,4,10,4,27,38,67,105,87,250,33,80,13,27,54,104,216,9,8,6,5,5,7,40,6,2,61,38,17,103,93,67
2715,32,6,11,2,20,12,11,19,17,22,19,17,117,82,94,201,2,6,15,2,15,18,2,44,46,2,44,46,192,4,27,13,14,13,11,21,21,40,33,31,60,117,30,71,32,25,6,10,15,31,72,3,7,1,13,14,15,16,16,12,9,8,9,2,4,30
2716,56,13,7,6,27,14,6,25,28,58,88,28,58,241,106,4,13,13,6,16,28,9,13,12,6,13,12,6,227,11,11,0,1,7,1,0,22,0,42,61,59,83,106,86,148,10,11,22,40,76,160,9,8,6,5,5,7,3,6,2,20,37,17,18,21,63
2717,48,15,6,11,11,5,28,22,9,30,73,9,29,206,228,191,12,2,10,31,21,17,40,40,49,40,40,65,32,62,55,2,5,5,8,19,16,54,54,18,71,92,49,199,115,27,3,7,10,21,49,7,6,7,7,6,16,51,53,56,71,84,79,136,84,80
2718,58,6,14,2,26,30,0,24,56,26,71,126,26,156,104,32,15,14,11,26,31,24,62,43,3,62,43,103,220,68,40,0,1,7,4,4,10,5,58,37,124,90,76,71,40,37,13,27,53,102,214,10,5,5,16,19,17,52,43,9,75,113,74,188,138,201
2719,22,6,7,9,29,30,14,62,63,46,16,99,106,186,69,76,13,13,6,22,8,22,23,24,28,23,24,28,180,163,24,0,1,7,9,4,10,33,40,60,49,3,96,51,118,50,11,21,38,74,157,6,8,6,25,10,23,46,47,48,39,42,51,195,187,156
2720,19,14,10,0,14,23,19,21,18,19,21,18,19,89,117,26,10,9,8,12,14,11,14,15,10,14,64,10,117,177,10,11,12,0,26,25,2,52,13,30,4,9,12,209,206,207,8,14,22,49,103,12,10,11,23,18,18,15,15,19,2,3,3,22,37,26
2721,62,10,12,8,12,4,7,9,38,27,9,76,105,159,115,39,6,3,2,24,3,28,27,31,40,74,66,100,27,25,38,8,2,12,28,23,12,28,36,11,100,26,19,89,9,66,16,32,64,125,253,1,1,2,15,11,5,26,27,27,74,23,72,41,60,49
2722,49,11,15,5,10,17,3,40,25,14,82,25,114,217,60,83,7,12,13,7,23,7,55,3,61,81,124,61,7,164,210,9,9,9,0,31,15,15,50,19,9,103,29,192,135,137,14,29,57,113,231,4,4,4,2,2,2,5,7,5,11,19,28,46,71,94
2723,30,11,15,5,10,17,3,4,50,14,4,69,85,152,60,241,7,12,13,7,23,7,55,3,61,5,115,88,7,164,8,9,9,9,0,31,15,15,50,19,9,103,29,192,135,137,14,29,57,113,231,4,4,4,2,2,2,5,7,5,11,19,28,46,71,94
2724,22,6,11,2,26,30,14,10,49,9,81,92,62,32,121,42,0,7,3,26,31,24,50,54,51,50,54,51,47,90,39,0,1,7,4,4,10,33,23,60,124,90,76,224,225,54,6,11,16,34,77,0,7,6,25,29,28,48,49,49,75,86,77,133,108,119
2725,6,8,2,9,12,4,8,5,45,33,5,36,94,5,119,141,15,14,11,29,29,27,30,33,32,101,97,110,97,237,105,0,1,7,20,20,25,49,38,56,123,73,70,101,196,199,10,20,37,72,154,8,3,9,17,16,20,45,33,42,45,46,42,57,26,85
2726,25,5,3,10,19,19,13,26,57,45,41,27,47,237,187,25,2,6,15,2,15,18,52,4,15,108,79,73,190,86,86,10,10,3,12,15,11,14,2,4,94,96,101,12,109,119,9,15,24,51,107,3,9,1,3,4,3,2,58,52,93,98,100,114,120,108
2727,20,3,2,4,9,20,20,61,12,39,90,122,39,147,123,96,9,11,5,13,26,14,42,11,23,42,11,23,110,249,35,0,1,7,20,20,25,46,45,40,127,69,89,47,154,46,10,20,35,70,148,8,3,9,17,16,20,25,26,23,42,40,27,52,29,69
2728,41,1,0,13,1,22,17,1,11,10,1,106,107,109,53,143,1,2,10,1,2,25,1,2,17,65,112,117,64,232,246,6,13,4,30,13,23,19,14,41,17,39,107,195,210,162,3,4,6,12,29,0,0,0,9,7,10,1,1,3,22,0,2,115,223,155
2729,36,3,0,1,30,1,15,59,7,38,85,7,84,73,179,129,12,2,10,31,10,30,20,25,5,87,25,81,138,155,104,6,13,4,2,3,1,29,26,5,90,50,21,88,226,176,3,7,9,19,45,0,0,0,14,12,0,20,19,8,15,18,12,134,201,182
2730,16,1,0,13,1,22,17,60,11,10,69,112,107,109,41,148,1,2,10,1,2,25,1,2,17,105,2,17,1,109,208,6,13,4,30,13,23,19,14,41,81,86,124,229,17,111,3,4,6,11,28,0,0,0,9,7,10,1,1,3,55,100,69,35,45,112
2731,38,9,8,12,13,27,20,30,20,53,61,87,111,193,168,95,4,11,5,28,26,1,61,37,1,11,37,70,77,102,82,3,6,2,15,2,28,1,12,50,40,28,1,67,224,178,13,24,44,85,178,2,2,3,12,9,12,8,33,14,53,48,32,85,116,109
2732,25,6,11,2,6,30,24,24,23,20,24,108,68,72,84,124,2,6,15,2,15,18,54,4,15,115,76,115,93,132,98,0,1,7,9,7,10,33,40,60,115,121,15,144,23,42,6,11,17,39,87,3,7,1,25,10,23,44,47,48,39,42,51,117,110,117
2733,0,1,0,1,1,1,15,1,5,38,1,5,38,218,112,177,12,2,10,14,10,30,20,25,5,87,25,81,128,155,104,6,13,4,2,3,1,3,22,9,17,39,107,16,210,196,3,7,9,19,45,0,0,0,14,12,0,20,19,8,35,36,12,134,209,182
2734,18,2,14,3,6,30,0,49,56,26,81,126,26,156,251,32,15,14,11,26,31,24,62,43,3,62,43,103,220,68,40,0,1,7,4,4,10,5,1,37,124,90,76,71,40,37,13,27,53,102,214,10,5,5,16,19,17,52,43,25,75,113,74,188,138,201
2735,28,12,14,7,23,21,4,49,10,36,49,20,64,195,95,140,4,5,1,5,4,15,21,50,62,103,50,62,210,96,213,3,6,2,15,2,28,1,25,29,118,93,98,71,83,32,1,2,4,8,21,2,2,3,12,9,12,33,28,38,40,104,10,54,177,158
2736,11,1,1,13,5,25,9,44,1,12,44,1,12,13,46,221,12,2,10,14,30,5,10,13,38,65,112,78,191,95,227,6,13,4,29,24,27,47,58,15,124,90,76,170,204,253,3,7,11,25,57,0,0,0,22,3,16,27,29,26,30,31,29,130,6,5
2737,41,1,0,13,1,22,17,1,11,10,69,112,107,48,79,148,1,2,10,14,30,5,10,13,38,65,112,117,191,89,138,6,13,4,30,13,23,19,14,41,1,7,95,117,134,212,3,6,8,16,37,0,0,0,9,7,10,1,1,3,81,87,23,93,96,101
2738,24,4,14,3,31,7,4,38,59,23,38,59,70,41,6,59,8,15,14,18,16,13,18,17,16,18,17,16,200,14,13,5,3,6,23,6,20,25,30,7,21,25,53,143,140,172,9,17,27,55,118,14,14,12,28,28,27,31,34,29,13,11,14,1,1,1
2739,26,5,3,10,19,19,13,36,57,16,36,57,16,182,11,246,14,6,0,23,6,0,12,49,0,12,73,104,16,18,252,10,10,3,12,15,11,14,2,4,103,81,82,7,251,38,4,8,13,29,67,3,9,1,3,4,3,2,5,6,7,4,6,51,56,54
2740,57,10,5,8,4,26,7,57,13,44,117,111,44,234,97,101,6,3,2,30,3,2,4,6,9,4,6,9,5,241,36,12,8,1,7,9,14,17,37,1,5,90,76,71,126,233,16,32,63,124,251,1,1,2,0,0,5,24,22,21,89,54,15,98,194,135
2741,1,11,13,5,23,10,16,14,10,36,49,10,52,223,170,98,15,14,11,26,31,24,62,43,42,70,67,42,246,88,100,0,1,7,4,4,10,5,1,37,107,57,109,225,89,198,13,26,49,94,198,4,10,11,24,18,17,59,54,58,80,80,59,228,102,100
2742,35,1,1,13,18,31,22,17,47,28,79,47,28,6,67,24,1,2,10,17,22,26,22,21,21,112,21,122,67,24,21,1,7,11,19,22,5,20,10,16,108,66,111,186,41,140,2,3,5,9,23,11,0,13,21,22,21,10,11,11,0,1,0,32,47,44
2743,14,2,9,3,2,28,26,6,54,49,6,89,101,58,141,15,8,10,7,6,7,10,7,34,7,68,87,7,34,7,85,0,1,7,4,29,31,36,1,0,97,15,103,50,242,95,3,4,6,10,25,5,5,5,6,24,6,30,18,24,24,30,20,24,24,21
2744,38,14,2,4,23,21,10,42,33,55,8,87,116,157,214,74,15,14,11,29,31,27,47,58,59,78,58,59,148,228,128,0,1,7,4,4,10,5,1,37,124,90,8,71,160,253,13,24,44,85,179,5,10,5,24,26,17,56,50,45,118,67,67,176,70,145
2745,23,7,5,8,25,3,2,37,2,21,97,2,21,32,224,228,6,3,2,10,17,21,34,55,31,34,55,31,162,44,164,12,8,1,7,9,14,44,37,44,18,1,16,172,98,183,15,30,59,117,240,1,1,2,0,0,4,17,13,10,14,12,11,20,28,11
2746,19,14,10,0,14,23,19,21,18,19,21,121,19,250,174,54,10,9,8,12,14,11,14,15,10,14,64,10,117,177,10,11,12,0,26,25,2,45,7,8,51,16,24,106,67,13,8,14,22,49,102,12,10,11,23,18,18,15,15,19,2,3,3,22,37,26
2747,30,11,15,5,10,17,3,4,50,3,4,95,85,68,60,83,7,12,13,7,23,7,55,3,61,81,124,88,7,164,8,9,9,9,0,31,15,15,50,19,0,103,29,192,135,137,14,29,57,114,232,4,4,4,2,2,2,5,7,5,11,19,28,46,79,116
2748,7,13,7,6,27,14,6,25,60,58,74,60,118,148,147,238,13,2,10,8,10,22,51,56,24,91,56,71,48,48,81,0,1,7,1,0,22,57,11,14,83,109,67,18,76,86,13,27,52,100,208,9,8,6,5,5,7,38,32,54,85,41,73,78,80,78
2749,24,4,14,3,31,7,4,38,59,23,116,59,23,128,127,240,8,15,14,18,16,13,18,17,16,18,17,16,14,14,13,5,3,6,23,6,20,25,30,7,21,106,52,71,160,253,9,17,27,55,118,14,14,12,28,28,27,31,34,29,13,11,14,1,1,1
2750,22,6,11,9,26,30,14,10,49,7,96,107,9,52,255,138,0,7,3,26,31,24,37,57,27,37,120,69,214,32,233,0,1,7,9,4,10,10,58,4,113,37,37,32,253,253,13,25,45,86,182,10,7,6,31,27,23,28,46,28,100,110,96,167,136,185
2751,13,3,2,4,9,8,10,39,61,4,86,82,4,248,172,215,15,14,11,29,29,27,30,33,32,77,93,125,71,206,170,0,1,7,10,20,6,4,27,38,67,105,87,129,92,188,10,19,34,67,144,8,12,9,11,16,11,40,38,36,48,38,47,63,44,133
2752,5,13,7,6,27,14,14,25,63,20,24,56,68,37,84,124,2,6,15,2,15,18,54,4,15,115,76,115,93,132,98,0,1,7,4,4,10,16,48,59,38,35,55,245,90,61,6,11,17,39,86,3,7,1,3,4,3,44,52,59,84,83,82,88,90,84
2753,55,1,1,13,5,25,9,45,5,34,112,5,77,120,4,130,12,2,10,14,30,5,63,13,38,63,90,78,250,185,110,6,13,4,2,3,1,3,22,9,124,13,76,208,254,68,3,6,8,17,40,0,0,0,4,3,0,45,2,42,95,79,86,109,127,126
2754,24,4,14,3,31,7,4,38,52,23,125,120,70,176,166,240,8,15,14,18,16,13,18,17,16,18,17,16,14,14,13,5,3,6,23,6,20,25,30,7,21,106,52,13,138,118,9,18,28,56,120,14,14,12,28,28,27,31,34,29,13,11,14,1,1,1
2755,63,8,7,6,27,14,8,47,45,46,16,45,25,170,119,198,0,7,3,26,13,24,37,20,53,37,121,25,207,148,150,0,1,7,9,1,10,33,40,60,84,90,105,71,214,253,13,24,43,83,175,6,3,8,18,15,13,46,31,16,25,49,41,197,63,89
2756,38,8,2,4,28,9,1,20,60,1,103,68,79,200,101,99,13,13,6,22,8,22,51,48,24,93,48,118,123,53,44,0,1,7,4,4,10,10,58,4,124,70,76,230,145,8,13,27,52,101,211,6,8,6,5,5,7,38,32,47,64,119,54,86,78,220
2757,14,11,13,5,8,29,3,4,32,3,31,32,98,223,232,167,7,12,13,21,5,29,5,53,20,64,114,20,183,171,207,9,9,9,0,31,15,58,16,62,124,34,64,146,191,177,14,29,56,110,226,4,4,4,2,2,2,11,30,30,3,16,21,135,14,125
2758,21,9,2,12,13,27,20,61,24,53,103,87,111,20,3,99,4,11,5,28,26,1,61,37,1,11,37,70,77,102,82,0,1,7,15,2,28,1,12,50,40,28,1,201,163,213,1,1,1,3,5,2,2,3,12,9,12,8,12,14,53,15,32,33,151,33
2759,21,8,2,4,9,4,8,61,3,39,113,103,120,168,221,96,15,14,11,0,20,3,39,47,13,118,47,13,79,12,190,0,1,7,20,1,25,63,61,35,104,0,65,164,47,146,13,24,44,84,177,6,3,8,10,15,14,41,33,46,57,48,61,77,59,43
2760,26,6,11,2,20,12,11,19,17,22,19,17,117,82,63,29,2,6,15,2,15,18,2,44,46,2,44,46,192,173,27,13,14,13,11,21,21,40,33,31,60,117,30,241,228,25,6,10,15,31,71,3,7,1,13,14,15,16,16,12,9,8,9,2,4,30
2761,60,13,7,14,3,15,27,3,35,17,3,35,17,74,199,12,11,8,9,9,9,8,8,7,11,8,7,11,8,8,209,4,4,8,21,11,0,39,32,10,20,18,50,174,6,74,5,9,14,30,70,13,13,14,26,25,25,23,23,20,6,6,8,0,0,0
2762,61,5,3,10,19,19,13,26,57,45,26,57,45,50,248,250,14,6,0,23,6,0,12,49,0,12,73,0,235,172,69,10,10,3,12,15,11,14,2,4,126,79,114,97,150,98,4,8,13,29,67,3,9,1,3,4,3,2,5,6,101,96,95,187,121,142
2763,62,7,5,8,25,3,7,7,2,27,7,111,27,46,97,43,6,3,2,10,17,21,34,55,31,111,6,101,199,149,131,12,8,1,7,9,14,17,37,1,35,77,110,191,70,131,15,30,60,119,243,1,1,2,0,0,4,26,13,10,56,66,56,65,114,61
2764,40,2,9,3,2,28,26,15,54,54,15,54,69,58,19,193,8,10,7,6,7,10,56,34,41,7,70,56,232,159,198,0,1,7,4,4,10,10,58,4,15,12,76,71,7,187,3,7,11,26,62,7,6,5,7,6,8,62,18,31,49,53,50,69,74,79
2765,36,3,0,1,30,13,15,59,7,38,108,7,87,81,212,152,12,2,10,31,10,30,53,46,26,53,46,92,143,10,62,6,13,4,2,3,1,54,62,18,98,47,126,141,127,57,3,7,10,21,49,0,0,0,14,12,16,51,51,50,76,84,79,100,84,80
2766,35,1,1,13,18,31,22,17,47,28,79,47,28,6,67,24,1,2,10,17,22,26,22,21,21,112,21,122,67,24,21,1,7,11,19,22,5,20,10,16,108,66,111,186,41,140,2,3,5,9,23,11,0,13,21,22,21,10,11,11,0,1,0,7,3,2
2767,45,7,5,8,25,3,2,37,2,6,57,111,75,8,2,101,6,3,2,10,17,21,34,55,31,4,6,9,221,46,36,12,8,1,7,9,14,17,37,1,56,4,61,136,102,210,15,30,60,119,244,1,1,2,0,0,4,17,13,10,89,54,11,98,111,135
2768,8,6,11,9,26,30,14,16,56,46,20,56,46,186,124,102,0,7,3,26,31,24,58,10,27,76,98,27,203,104,109,0,1,7,9,4,10,33,40,60,74,91,15,119,50,133,13,25,46,87,183,6,15,1,25,10,23,46,47,48,39,42,97,113,122,129
2769,22,3,15,9,7,13,5,10,49,9,10,49,49,186,81,235,0,7,3,26,31,24,50,54,51,50,54,51,47,90,39,0,1,7,4,4,10,33,23,60,76,41,112,6,81,150,7,13,21,47,97,0,0,6,25,29,28,48,49,49,92,86,106,133,108,162
2770,48,15,6,11,11,5,28,22,9,57,22,127,115,39,243,7,3,0,4,3,0,4,26,0,4,106,0,90,111,0,139,2,5,5,8,19,16,51,8,13,92,122,66,92,129,76,7,12,18,41,90,7,6,7,7,6,8,0,0,1,47,14,26,83,95,77
2771,41,7,0,8,1,22,17,1,11,10,69,112,107,197,41,142,1,2,10,1,2,25,1,2,17,105,2,17,209,229,59,6,13,4,30,13,23,19,14,41,1,102,95,75,200,51,3,4,6,12,29,0,0,0,9,7,10,1,1,3,44,0,2,62,17,41
2772,18,7,14,3,23,21,4,49,10,26,49,126,64,246,66,32,15,14,11,26,31,24,62,43,3,124,81,43,46,203,74,0,1,7,4,4,10,5,1,37,31,22,76,71,82,32,9,18,30,60,128,6,10,12,24,26,17,52,39,35,40,71,52,148,119,121
2773,46,12,8,7,15,18,12,32,16,32,32,16,32,166,64,134,4,5,1,5,4,15,21,5,12,21,5,12,113,204,155,3,6,2,31,5,4,21,0,23,55,127,71,15,35,40,1,2,3,6,17,2,2,3,1,1,1,4,4,4,10,21,110,207,43,51
2774,3,15,0,1,30,0,28,11,41,57,84,75,57,27,244,7,3,0,4,3,0,4,26,0,4,26,105,90,111,0,139,2,5,5,8,19,16,7,51,49,3,122,59,4,255,55,3,7,11,25,57,7,6,7,7,6,8,0,0,1,32,28,16,39,97,77
2775,17,11,15,5,10,17,3,40,50,14,4,95,85,217,193,241,7,12,13,7,23,7,55,3,61,5,115,88,7,164,8,9,9,9,0,31,15,15,50,19,0,103,29,231,207,158,14,29,57,113,231,4,4,4,2,2,2,5,7,5,11,106,28,87,79,137
2776,26,6,11,2,20,12,11,19,17,22,19,17,117,30,63,29,2,6,15,2,15,18,2,44,46,2,44,109,192,173,148,13,14,13,11,21,21,10,58,4,60,117,30,241,228,25,6,10,15,31,71,3,7,1,13,14,15,16,16,12,9,8,9,252,141,30
2777,42,2,9,3,2,28,26,6,49,49,6,49,49,186,81,235,0,7,3,26,31,24,50,54,51,50,54,51,47,90,39,0,1,7,4,4,31,36,23,0,76,41,112,6,81,150,7,13,21,47,97,5,5,5,6,24,6,30,18,24,92,86,106,133,108,162
2778,15,12,8,7,15,18,12,32,20,61,32,16,61,203,164,248,4,5,1,5,4,15,21,50,62,103,92,62,137,207,50,3,6,2,15,2,28,1,25,29,122,8,71,207,111,218,1,2,4,8,20,2,2,3,1,9,1,33,28,38,8,20,10,56,107,24
2779,57,7,5,8,25,3,2,57,2,44,28,111,2,92,97,79,6,3,2,30,3,2,4,6,9,4,71,9,5,241,36,12,8,1,7,9,14,10,58,4,124,90,76,165,192,100,16,32,63,124,250,1,1,2,0,0,4,24,22,21,17,27,15,160,241,240
2780,30,11,13,5,8,29,30,31,15,35,65,65,35,131,13,75,7,12,13,21,5,29,28,22,37,28,22,87,22,226,26,9,9,9,5,17,3,23,28,17,23,27,22,244,131,99,14,28,55,107,221,4,4,4,20,20,22,11,17,17,1,5,4,4,7,7
2781,50,15,6,11,11,5,28,22,9,30,122,9,30,231,231,33,3,0,4,3,0,4,26,0,4,106,0,90,129,174,71,2,5,5,8,19,16,51,8,13,73,51,23,100,60,212,3,6,8,16,37,7,6,7,7,6,8,0,0,1,26,14,26,64,35,23
2782,1,11,15,5,10,10,30,40,15,14,124,74,78,160,167,200,7,12,13,21,5,29,28,22,37,28,22,87,22,226,26,9,9,9,5,17,3,23,28,17,124,90,76,30,13,1,13,26,49,94,198,4,4,4,20,20,22,11,17,17,1,5,4,181,202,174
2783,51,12,8,7,15,18,12,32,16,32,64,24,32,181,64,118,4,5,1,5,4,15,21,50,62,21,5,62,62,51,238,3,6,2,31,5,4,21,0,23,55,127,5,15,217,246,1,2,3,6,17,2,2,3,1,1,1,4,4,4,10,21,1,56,126,51
2784,3,1,1,13,18,31,22,17,47,28,79,105,126,6,37,108,1,2,10,17,22,26,22,21,21,112,21,122,67,24,21,1,7,11,19,22,5,20,10,16,2,32,14,64,3,6,2,3,5,9,24,11,0,13,21,22,21,10,11,11,0,1,0,7,3,2
2785,45,10,12,8,4,26,7,9,38,27,9,76,105,198,115,16,6,3,2,24,3,28,27,31,40,74,66,100,27,25,38,8,2,12,28,23,12,28,36,11,62,45,39,52,112,85,16,32,64,125,252,1,1,2,15,11,5,26,27,27,74,23,72,41,60,49
2786,4,9,0,12,1,20,20,44,11,34,44,12,10,224,240,232,9,11,5,13,26,14,42,11,23,126,11,23,39,30,112,6,13,4,20,20,25,46,45,40,26,97,36,35,38,250,10,20,35,69,147,8,3,9,17,16,20,25,26,23,50,40,27,27,34,34
2787,11,1,1,13,5,25,9,15,8,37,15,8,69,120,85,51,8,10,7,6,7,10,56,35,41,7,70,56,24,85,6,15,15,15,2,3,1,10,58,4,119,6,13,8,177,49,9,15,25,52,109,0,0,0,4,3,0,7,40,31,49,53,50,69,74,79
2788,37,7,5,8,25,3,2,55,29,2,55,71,123,253,182,174,6,3,2,10,17,21,33,39,60,79,72,75,40,63,239,12,8,1,7,9,14,59,44,47,45,114,17,111,44,123,15,30,58,115,234,1,1,2,0,0,4,22,9,9,54,56,38,60,42,46
2789,6,5,3,10,19,19,13,41,57,45,26,57,45,182,133,250,14,6,0,23,6,0,12,49,0,12,73,0,235,172,69,10,10,3,12,15,11,14,2,4,8,38,0,97,150,98,4,8,13,29,67,3,9,1,3,4,3,2,5,6,31,4,6,187,67,68
2790,48,15,6,11,11,5,28,11,9,57,93,9,115,206,218,147,3,0,4,3,0,4,26,0,4,66,117,4,154,143,216,2,5,5,8,19,16,7,51,49,6,111,9,54,175,55,7,12,18,40,89,7,6,7,7,6,8,0,0,1,47,45,57,136,57,77
2791,55,1,1,13,5,25,9,45,5,18,112,5,34,64,4,136,12,2,10,14,30,5,63,13,38,63,90,38,244,15,244,6,13,4,2,3,1,3,22,9,11,86,18,249,86,191,3,6,8,15,36,0,0,0,4,3,0,20,2,0,83,81,64,90,51,104
2792,60,13,7,14,3,15,27,3,35,17,3,35,17,74,199,12,11,8,9,9,9,8,8,7,11,8,7,11,8,8,243,4,4,8,21,11,0,39,32,10,20,18,50,174,6,74,5,9,14,30,70,13,13,14,26,25,25,23,23,20,6,6,8,0,0,0
2793,19,14,10,0,14,23,19,34,18,19,102,18,19,9,117,178,10,9,8,12,14,11,14,15,10,14,64,10,18,16,120,11,12,0,26,25,2,52,13,30,4,9,12,2,24,2,8,14,22,49,103,12,10,11,23,18,18,15,15,19,2,3,3,8,13,6
2794,22,3,7,9,7,13,5,10,22,48,99,22,48,105,181,42,12,2,10,31,21,17,53,28,35,82,28,85,98,151,88,6,13,4,29,24,27,57,23,14,93,65,88,133,61,87,3,5,7,14,35,0,0,6,22,29,16,27,29,26,73,90,80,84,81,91
2795,41,1,0,13,1,22,17,1,11,10,60,102,107,202,112,177,1,2,10,1,2,25,1,2,17,105,112,17,64,2,246,6,13,4,30,13,23,19,14,41,3,39,59,213,168,47,3,4,6,12,29,0,0,0,9,7,10,1,1,3,22,0,2,138,109,124
2796,14,12,8,7,15,18,12,32,16,32,64,24,32,181,15,118,4,5,1,5,4,15,21,50,62,103,92,62,249,207,123,3,6,2,31,5,4,21,25,29,114,8,71,33,34,40,1,2,3,6,17,2,2,3,1,1,1,4,4,4,10,21,110,56,38,51
2797,21,9,2,12,13,27,20,61,24,53,103,66,111,20,17,99,4,11,5,28,26,1,61,37,1,11,37,70,77,102,82,0,1,7,15,2,28,1,12,50,40,28,1,201,163,213,1,1,1,3,5,2,2,3,12,9,12,8,12,47,53,64,32,189,98,33
2798,17,11,15,5,10,17,16,40,31,14,40,79,97,116,167,230,7,12,13,7,23,7,55,3,61,81,124,61,73,3,149,0,1,7,4,4,10,10,58,37,9,103,7,231,207,158,13,26,49,94,197,4,4,4,2,2,2,49,57,44,90,106,109,205,199,137
2799,45,10,5,8,4,26,7,57,13,44,117,13,44,240,223,123,6,3,2,30,3,2,4,52,9,92,52,68,63,17,220,12,8,1,18,27,18,31,4,58,5,24,56,182,16,84,16,32,63,124,251,1,1,2,0,0,5,24,22,21,17,27,15,15,19,19
2800,3,3,7,1,30,13,15,20,60,1,74,123,79,200,42,4,13,13,6,22,8,22,51,30,24,51,78,24,75,202,116,0,1,7,1,0,22,57,11,14,116,70,104,230,145,63,13,27,52,101,209,9,8,6,5,5,7,38,32,2,64,41,54,86,78,106
2801,37,7,5,8,25,3,2,55,29,2,55,71,123,92,50,88,6,3,2,10,17,21,33,39,34,33,39,34,252,135,141,12,8,1,7,9,14,35,31,2,124,90,76,252,145,234,15,30,58,116,237,1,1,2,0,0,4,22,9,9,123,39,31,151,195,143
2802,0,1,0,1,5,1,15,23,5,34,44,5,38,96,4,192,12,2,10,14,30,5,63,13,38,63,13,106,109,242,79,6,13,4,2,3,1,3,22,9,27,7,58,206,38,14,1,1,1,2,3,0,0,0,4,3,0,25,26,23,117,93,70,115,243,215
2803,7,11,15,5,0,17,3,5,50,9,5,36,94,61,237,241,7,12,13,7,23,7,55,3,61,5,115,88,7,164,8,0,1,7,0,31,15,15,50,19,123,103,29,101,196,253,13,25,48,90,189,4,4,4,2,2,2,5,7,5,45,19,42,57,79,82
2804,48,15,6,11,11,5,28,22,9,57,93,9,115,121,218,147,3,0,4,3,0,4,26,0,4,66,117,4,154,143,143,2,5,5,8,19,16,7,51,49,6,78,9,190,175,0,7,12,18,40,89,7,6,7,7,6,8,0,0,1,82,45,57,58,57,71
2805,18,2,9,3,2,21,26,6,56,49,20,126,49,135,23,121,8,10,7,6,7,10,16,34,7,97,34,103,237,138,41,0,1,7,4,4,10,10,1,37,124,90,76,71,21,37,7,13,21,48,100,5,5,5,6,24,6,30,18,24,92,113,106,145,108,162
2806,17,11,15,5,10,17,3,51,50,14,104,50,124,84,157,133,7,12,13,7,23,7,5,53,20,5,115,88,177,113,53,9,9,9,0,31,15,15,50,19,0,56,121,203,241,91,14,29,57,113,231,4,4,4,2,2,2,5,7,5,3,19,37,40,142,60
2807,55,1,1,13,7,25,5,29,22,48,29,22,48,145,226,247,12,2,10,14,21,17,29,61,35,29,61,35,38,71,42,6,13,4,29,24,27,47,55,15,14,58,115,140,61,26,3,5,7,13,33,0,0,0,22,3,16,27,29,26,30,31,29,6,6,5
2808,59,11,13,5,8,29,30,31,15,35,65,65,35,24,160,200,7,12,13,21,5,29,28,22,37,28,22,87,22,226,26,9,9,9,5,17,3,23,28,17,23,27,22,30,13,1,14,28,55,107,222,4,4,4,20,20,22,11,17,17,1,5,4,4,7,7
2809,20,3,15,9,0,30,16,52,25,9,127,67,97,103,237,156,0,7,3,26,31,24,58,10,58,58,10,76,173,9,160,0,1,7,4,4,10,10,58,4,113,37,37,32,253,253,13,25,48,90,188,4,7,6,31,29,28,48,46,57,100,110,96,167,136,185
2810,13,8,2,9,28,9,8,12,3,7,76,103,86,242,108,137,15,14,11,26,13,24,37,20,53,37,121,116,127,93,245,0,1,7,4,1,10,27,46,51,124,90,76,71,160,253,13,27,54,106,220,6,3,8,10,15,13,54,37,34,78,88,53,116,100,107
2811,40,0,4,15,21,2,18,48,8,56,48,8,56,14,156,58,5,4,12,11,12,12,46,60,48,46,60,48,65,66,48,15,15,15,16,30,13,50,39,27,120,119,85,151,37,109,12,23,41,79,166,5,11,10,8,8,9,37,3,37,21,26,33,11,41,16
2812,37,7,5,8,25,3,2,37,2,21,97,111,75,43,2,169,6,3,2,10,17,21,34,55,31,34,55,95,254,118,58,12,8,1,7,9,14,44,37,44,18,1,16,210,202,127,15,30,59,117,239,1,1,2,0,0,4,17,13,10,14,12,11,153,153,153
2813,7,0,15,15,0,17,16,14,10,52,12,119,52,114,98,149,15,14,11,26,31,24,62,43,42,70,67,42,246,88,179,0,1,7,4,4,10,10,58,4,107,57,109,93,84,145,13,26,49,95,200,4,10,11,8,18,18,59,54,58,80,80,59,119,102,100
2814,40,2,9,3,2,28,31,2,34,54,2,54,89,137,80,212,8,10,7,6,7,10,36,35,63,114,119,63,87,36,196,15,15,15,13,29,24,60,9,4,78,10,6,1,99,173,9,15,25,52,108,5,5,5,6,17,6,32,10,31,36,35,36,13,12,15
2815,26,5,3,10,19,19,13,36,57,45,36,57,47,50,11,246,14,6,0,23,6,0,12,49,0,12,73,104,16,18,252,10,10,3,12,15,11,14,2,4,103,81,82,7,251,38,4,8,13,29,66,3,9,1,3,4,3,2,5,6,7,4,6,51,56,54
2816,0,1,0,1,30,1,15,59,5,38,112,5,76,96,24,34,12,2,10,14,30,5,63,13,5,87,25,81,128,155,104,6,13,4,2,3,1,10,58,9,124,90,76,71,160,17,3,6,8,15,36,0,0,0,4,12,0,18,19,8,35,107,112,171,162,155
2817,27,8,14,2,23,21,5,49,44,26,119,115,25,139,251,11,15,14,11,0,20,3,62,9,45,31,26,43,61,248,194,0,1,7,4,4,10,30,52,55,95,120,4,212,239,197,13,27,53,102,214,6,3,8,10,13,14,21,20,25,77,68,92,105,65,98
2818,30,11,13,5,10,17,3,4,50,3,78,95,85,152,238,184,7,12,13,7,23,7,5,53,20,5,115,88,177,113,53,9,9,9,0,31,15,58,16,62,48,30,68,203,183,94,14,29,57,113,231,4,4,4,2,2,2,29,30,30,3,16,21,36,14,13
2819,27,10,5,8,4,26,7,33,13,44,33,96,55,174,111,22,6,3,2,30,3,2,4,52,9,92,52,120,240,17,28,12,8,1,18,27,18,31,4,58,5,24,94,214,85,84,9,18,29,57,123,1,1,2,0,0,5,24,22,21,98,27,15,110,118,97
2820,13,8,2,4,23,4,8,42,3,52,113,103,120,205,168,254,15,14,11,0,20,3,39,47,13,118,47,13,79,12,190,0,1,7,20,1,25,63,61,35,104,0,65,242,243,178,13,24,44,85,179,6,3,8,10,15,14,41,33,46,57,48,61,85,116,43
2821,22,1,1,1,30,1,15,23,5,38,112,5,76,96,28,34,12,2,10,14,30,5,63,13,5,117,101,5,9,87,140,6,13,4,2,3,1,3,22,9,87,95,117,11,68,164,3,6,8,15,36,0,0,0,4,3,0,20,2,0,35,36,43,19,33,50
2822,23,7,5,8,25,3,2,37,2,21,97,2,75,43,2,89,6,3,2,10,17,21,34,55,31,34,55,95,254,118,58,12,8,1,7,9,14,44,37,44,18,1,16,210,202,127,15,30,59,117,239,1,1,2,0,0,4,17,13,10,14,12,11,153,153,153
2823,3,13,7,6,27,14,6,25,60,58,23,123,38,164,48,4,12,2,10,31,10,30,20,25,26,20,86,98,26,133,241,0,1,7,2,3,1,57,11,14,124,33,123,71,160,225,13,27,52,100,208,9,8,6,5,5,7,3,6,2,63,37,45,121,245,55
2824,11,1,1,13,5,25,9,45,1,37,106,1,112,48,112,35,1,2,10,1,30,5,10,13,38,65,112,117,191,89,138,6,13,4,19,4,5,10,58,4,17,39,107,16,210,17,3,4,6,12,31,0,0,0,21,22,21,10,11,11,81,87,0,93,96,183
2825,23,7,5,8,25,3,2,37,2,21,97,2,21,43,2,101,6,3,2,10,17,21,34,55,31,34,55,95,254,118,58,12,8,1,7,9,14,44,37,44,18,1,16,183,126,233,15,30,59,117,239,1,1,2,0,0,4,17,13,10,14,12,11,20,28,11
2826,37,7,5,8,25,3,2,37,2,2,57,100,75,92,2,88,6,3,2,10,17,21,34,6,31,4,6,9,221,46,36,12,8,1,7,9,14,17,58,1,56,4,61,136,102,210,15,30,60,119,244,1,1,2,0,0,4,17,13,10,89,54,38,98,111,161
2827,42,2,14,3,2,7,26,6,59,49,38,59,101,197,186,142,8,10,7,6,7,10,7,34,7,68,87,7,163,250,168,6,13,4,30,13,23,36,14,0,1,102,95,143,140,172,3,4,6,10,25,0,0,0,9,24,10,1,1,24,24,86,20,144,135,148
2828,27,7,5,8,4,26,7,57,13,44,117,13,44,234,223,18,6,3,2,10,3,21,33,6,60,67,71,123,89,57,5,12,8,1,18,27,18,31,4,58,56,24,56,165,192,100,15,30,60,118,242,1,1,2,0,0,5,24,22,21,17,27,15,160,241,240
2829,8,6,11,9,29,30,14,16,14,46,16,14,46,45,124,102,0,7,3,26,31,24,58,10,27,76,98,27,203,104,109,0,1,7,9,7,10,33,40,60,74,91,15,119,50,133,13,25,46,87,183,6,15,1,25,10,23,46,47,48,39,42,97,113,122,129
2830,41,1,0,3,1,22,17,1,11,10,60,106,82,197,161,142,1,2,10,1,2,25,1,2,17,105,2,17,209,229,59,6,13,4,30,13,23,19,14,41,1,102,95,75,200,51,3,4,6,12,29,0,0,0,9,7,10,1,1,3,44,0,2,62,17,41
2831,1,11,15,5,10,17,3,33,50,14,33,96,55,152,91,165,7,12,13,7,11,7,35,42,8,86,42,8,73,3,31,0,1,7,0,31,15,5,1,37,61,88,74,142,207,22,9,18,29,57,121,4,4,4,2,2,31,29,30,55,3,60,58,210,46,47
2832,26,6,11,2,6,30,0,24,23,0,89,70,0,72,125,112,2,6,15,19,15,18,32,16,15,116,16,111,172,231,181,0,1,7,9,7,10,55,15,24,63,40,97,61,104,36,6,11,17,38,85,3,7,1,13,14,15,28,44,53,52,57,48,50,52,62
2833,57,10,5,8,4,26,7,57,13,44,117,13,44,240,223,22,6,3,2,30,3,2,4,52,9,92,52,68,63,17,220,12,8,1,18,27,18,31,4,58,5,24,56,182,16,84,16,32,63,124,251,1,1,2,0,0,5,24,22,21,17,27,15,15,19,19
2834,8,10,12,7,24,20,29,28,39,13,111,39,72,161,159,53,4,11,1,20,18,19,17,14,22,17,14,22,114,26,20,14,11,14,14,12,7,62,47,28,19,87,42,40,158,136,16,31,61,121,246,15,15,15,29,30,29,34,36,32,23,24,25,26,32,28
2835,10,1,1,13,5,1,9,45,1,34,112,5,34,120,24,51,12,2,10,14,30,5,63,13,38,63,90,38,141,58,4,6,13,4,2,3,1,3,22,9,27,13,58,206,176,14,3,6,8,17,42,0,0,0,4,3,0,7,2,0,67,89,70,162,211,86
2836,35,1,1,13,18,31,22,17,47,28,79,47,28,6,67,24,1,2,10,17,22,26,22,21,21,112,21,122,67,24,21,1,7,11,19,22,5,20,10,16,108,66,111,186,41,140,2,3,5,9,23,11,0,13,21,22,21,10,11,11,0,1,0,32,47,44
2837,28,9,8,7,13,27,12,30,20,61,30,20,61,160,95,139,4,5,1,5,4,31,6,23,36,6,82,36,29,5,32,3,6,2,15,2,28,1,25,29,118,93,98,131,146,243,1,2,4,8,22,2,2,3,12,9,12,33,28,38,8,20,10,54,50,174
2838,46,9,8,12,13,27,29,46,24,60,46,85,60,93,51,163,4,5,1,5,4,31,6,23,36,6,82,36,248,255,178,3,6,2,15,2,28,1,12,50,37,42,26,22,215,253,1,1,1,1,2,2,2,3,12,9,12,14,12,14,19,15,22,33,150,134
2839,33,5,3,10,19,19,13,36,57,43,36,57,43,36,248,246,14,6,0,23,6,0,12,49,0,12,73,0,235,172,69,10,10,3,12,15,11,14,2,4,126,79,114,71,160,253,6,11,16,35,79,3,9,1,3,4,3,2,5,6,52,4,6,186,27,68
2840,28,9,14,12,13,27,4,49,24,26,71,20,64,195,245,32,8,7,3,26,31,24,62,43,43,120,108,105,116,122,117,0,1,7,4,4,10,5,1,37,31,22,76,217,82,37,9,18,30,59,126,2,2,12,12,9,17,53,43,35,70,70,65,157,161,175
2841,22,15,9,11,11,6,14,10,49,50,47,92,97,243,59,113,0,7,3,26,31,22,50,54,51,84,54,82,156,35,114,0,1,7,4,4,10,10,58,4,113,37,37,44,28,73,7,13,21,48,99,7,7,6,31,29,28,48,49,49,91,101,114,170,172,187
2842,18,8,14,3,23,21,16,54,10,26,12,126,26,156,108,32,15,14,11,26,31,24,62,43,3,124,81,43,46,203,74,0,1,7,4,4,10,5,1,37,31,22,76,71,82,32,9,18,32,63,136,6,10,12,24,26,17,52,39,35,108,71,74,139,143,208
2843,18,2,11,2,6,28,31,2,6,54,115,6,66,97,102,41,8,10,7,27,24,6,60,51,63,83,51,19,139,182,101,15,15,15,13,7,24,60,9,36,78,10,6,87,182,83,13,25,47,89,186,5,5,5,6,17,6,36,10,39,29,32,30,17,82,38
2844,10,1,1,13,5,1,9,45,1,18,126,1,37,120,28,51,12,2,10,14,30,5,63,13,38,63,90,38,141,58,4,6,13,4,2,3,1,3,22,9,27,13,58,206,176,14,3,6,8,17,42,0,0,0,4,3,0,7,2,0,27,89,23,99,154,86
2845,48,15,6,11,11,5,28,22,9,30,67,127,24,27,243,33,3,0,4,3,0,4,26,0,4,106,0,90,129,174,71,2,5,5,8,19,16,51,8,13,73,51,23,112,149,224,7,12,18,41,90,7,6,7,7,6,8,0,0,1,26,14,26,64,171,57
2846,62,10,12,8,4,26,7,9,38,6,9,76,105,198,115,16,6,3,2,24,3,28,27,31,40,74,66,100,27,25,38,8,2,12,28,23,12,28,36,11,100,26,19,89,9,66,16,32,64,125,253,1,1,2,15,11,5,26,27,27,74,23,72,41,60,49
2847,44,10,12,9,24,20,7,28,39,13,111,39,72,161,65,53,4,11,1,20,18,19,17,14,22,17,14,22,114,26,20,14,11,14,14,12,7,62,47,28,19,87,42,155,158,136,16,31,61,121,246,15,15,15,29,30,29,34,36,32,23,24,25,26,32,28
2848,13,8,2,4,28,9,1,12,44,63,103,3,86,163,216,190,15,14,11,0,20,3,41,9,45,125,9,80,158,146,64,0,1,7,4,1,10,30,52,55,80,126,93,177,221,8,13,27,54,106,220,6,3,8,10,13,14,21,20,45,37,73,81,180,89,114
2849,48,15,6,11,11,5,28,22,9,30,67,127,29,206,178,33,3,0,4,3,0,4,26,0,4,106,0,90,129,174,71,2,5,5,8,19,16,51,8,13,73,51,23,100,60,39,7,12,18,41,90,7,6,7,7,6,8,0,0,1,26,14,26,64,49,23
2850,41,2,0,3,1,22,17,1,11,10,69,102,107,197,41,148,1,2,10,1,2,25,1,2,17,105,2,17,209,229,59,6,13,4,30,13,23,19,14,41,1,102,95,75,200,214,3,4,6,10,26,0,0,0,9,7,10,1,1,3,44,0,2,62,180,41
2851,2,14,10,4,22,8,10,8,43,62,86,43,103,196,130,81,15,1,11,15,1,20,9,1,50,9,1,50,175,1,115,0,1,7,10,20,6,32,49,54,109,75,48,59,236,116,10,19,34,68,145,8,12,9,11,23,11,12,14,13,4,2,5,14,72,22
2852,24,4,14,3,31,7,4,38,52,23,125,52,70,128,127,240,8,15,14,18,16,13,18,17,16,18,17,16,14,14,13,5,3,6,23,6,20,25,30,7,21,25,53,108,91,142,9,17,27,55,116,14,14,12,28,28,27,31,34,29,13,11,14,1,1,1
2853,9,15,6,11,11,0,28,13,41,30,84,41,100,27,16,193,3,0,4,3,0,4,26,0,4,26,105,4,111,124,3,2,5,5,8,19,16,7,51,49,15,12,9,53,7,187,7,12,18,42,92,7,6,7,7,6,8,0,0,1,32,28,16,58,36,57
2854,24,4,14,3,31,7,4,38,59,23,38,59,23,128,6,59,8,15,14,18,16,13,18,17,16,18,17,16,14,14,13,5,3,6,23,6,20,25,30,7,21,25,53,108,91,142,9,17,27,55,118,14,14,12,28,28,27,31,34,29,13,11,14,1,1,1
2855,0,1,0,13,5,1,15,44,5,34,44,5,76,229,175,221,12,2,10,14,30,5,63,13,38,10,13,106,128,242,79,6,13,4,2,3,1,3,22,9,27,13,58,16,204,17,3,6,8,15,36,0,0,0,4,12,0,7,2,0,113,107,120,142,162,168
2856,53,8,14,6,23,21,4,49,10,26,49,83,64,53,66,32,15,14,11,26,31,24,62,43,43,31,26,43,239,114,193,0,1,7,4,4,10,5,1,37,31,22,76,71,82,32,9,18,30,60,128,6,10,12,24,26,17,43,39,35,40,85,52,233,128,121
2857,41,1,0,13,1,22,17,1,11,10,1,112,10,109,112,177,1,2,10,1,2,25,10,2,17,65,112,117,64,232,246,6,13,4,30,13,23,19,14,41,17,39,107,16,210,111,3,4,6,12,31,0,0,0,9,7,10,1,1,3,22,87,2,200,109,101
2858,62,10,12,8,4,26,7,9,38,27,9,76,105,198,115,16,6,3,2,24,3,28,27,31,40,74,66,100,27,25,38,8,2,12,28,23,12,28,36,11,62,45,39,52,112,85,16,32,64,125,252,1,1,2,15,11,5,26,27,27,74,23,72,41,60,49
2859,53,9,14,12,23,21,4,49,24,26,49,83,64,150,83,3,4,5,1,5,4,31,6,23,36,61,82,112,170,134,178,0,1,7,4,4,10,5,1,37,75,72,76,246,138,253,9,18,30,59,126,2,2,3,24,26,17,43,39,35,88,74,87,175,159,113
2860,55,1,1,13,5,1,9,45,1,18,112,5,112,184,4,221,12,2,10,14,30,5,63,13,38,63,90,38,53,185,110,6,13,4,2,3,1,3,22,9,11,13,18,215,119,236,3,7,11,23,53,0,0,0,4,3,0,20,2,0,83,82,64,123,131,171
2861,43,0,4,15,0,2,16,52,25,40,52,78,40,191,185,156,0,7,3,26,31,24,45,19,58,75,19,58,81,82,70,0,1,7,4,4,10,2,63,4,53,44,125,41,240,122,13,26,50,96,202,4,11,4,8,8,9,58,46,57,87,102,102,192,132,140
2862,36,3,2,4,28,13,1,25,21,7,25,73,63,219,78,72,0,14,3,26,13,24,37,20,53,37,121,116,127,93,72,0,1,7,4,4,10,4,27,38,67,99,54,137,164,252,13,27,54,104,216,0,3,8,27,27,13,54,38,34,106,44,46,220,25,192
2863,46,12,8,7,15,18,29,46,42,51,46,104,67,11,236,109,4,5,1,5,4,31,38,62,55,38,104,55,78,251,240,3,6,2,31,5,4,48,21,6,30,94,127,22,79,144,1,2,4,7,19,2,2,3,1,1,1,14,24,22,16,10,19,25,9,36
2864,43,0,4,15,0,2,18,47,33,40,75,68,81,187,180,231,5,4,12,11,12,12,45,59,52,45,59,52,122,70,226,15,15,15,16,4,10,12,56,52,88,118,73,57,88,106,13,25,48,92,191,5,11,10,8,8,9,9,46,15,79,75,76,70,87,81
2865,19,14,10,0,14,23,19,34,18,19,102,18,19,9,203,178,10,9,8,12,14,11,14,15,10,14,64,10,18,16,120,11,12,0,26,25,2,52,13,30,4,9,12,2,24,2,8,14,22,49,103,12,10,11,23,18,18,15,15,19,2,3,3,8,13,6
2866,56,8,0,6,23,4,8,42,28,58,107,87,96,241,72,99,13,13,6,16,28,9,13,30,6,13,12,6,69,181,133,0,1,7,4,4,10,10,58,37,101,90,35,71,160,253,11,22,40,77,161,9,3,6,5,15,7,3,6,2,114,104,17,184,192,200
2867,37,7,5,8,25,3,2,55,29,27,55,71,123,90,182,151,6,3,2,10,17,21,33,6,60,4,71,123,82,101,126,12,8,1,7,9,14,59,44,47,106,36,78,116,77,234,16,32,63,124,251,1,1,2,0,0,4,22,9,9,62,62,31,151,61,143
2868,60,13,7,14,3,15,27,3,35,17,3,35,17,172,145,77,11,8,9,9,9,8,8,7,11,8,7,11,8,8,209,4,4,8,21,11,0,13,6,21,43,23,69,38,187,9,5,9,14,30,68,13,13,14,26,25,25,23,23,20,6,6,8,0,0,0
2869,8,3,0,1,30,1,15,33,7,55,33,96,55,21,153,125,0,7,3,26,11,24,31,42,8,35,95,114,59,45,135,0,1,7,4,4,10,5,1,37,61,88,74,142,246,229,9,18,29,57,122,1,1,2,24,26,31,43,55,55,103,60,58,71,46,47
2870,30,11,15,5,10,17,3,51,50,14,4,95,85,152,167,241,7,12,13,7,23,7,5,53,20,5,115,88,177,113,53,0,1,7,0,31,15,10,58,4,124,90,76,231,207,94,14,29,56,111,228,4,4,4,2,2,2,29,30,30,3,106,109,205,199,137
2871,32,6,11,2,20,12,11,19,17,22,19,17,117,30,63,100,2,6,15,2,15,18,2,44,46,2,44,46,192,4,27,13,14,13,11,21,21,40,33,31,60,117,30,241,228,25,6,10,15,31,72,3,7,1,13,14,15,16,16,12,9,8,9,2,4,30
2872,53,6,14,2,23,21,4,49,10,36,49,97,26,156,214,32,15,14,11,26,31,24,62,58,3,62,43,103,46,21,40,0,1,7,4,4,10,5,1,37,31,22,76,163,82,32,9,18,32,64,137,6,10,12,24,26,17,52,39,35,108,71,52,229,119,138
2873,44,10,12,8,4,26,21,35,58,31,35,58,31,104,143,207,6,3,2,24,27,28,27,31,2,95,31,72,51,73,173,8,2,12,24,16,17,41,59,12,79,68,75,214,218,181,16,32,62,123,249,1,1,2,15,11,5,35,25,33,28,22,24,5,10,3
2874,29,2,9,3,2,28,31,2,34,54,114,113,89,137,45,117,8,10,7,6,7,10,48,8,56,48,8,89,55,36,196,15,15,15,13,29,31,37,41,42,16,80,116,96,31,24,9,15,25,53,112,5,5,5,6,17,6,32,10,31,36,35,36,13,12,15
2875,58,8,15,4,28,9,1,12,44,63,12,126,86,122,114,105,15,14,11,0,20,3,41,9,45,41,99,80,99,176,111,0,1,7,4,4,10,30,52,55,95,120,4,161,169,201,13,26,49,95,200,6,3,8,10,13,14,21,20,25,37,50,49,120,39,208
2876,13,13,7,6,28,9,1,42,21,63,25,87,63,207,110,99,15,14,11,29,29,27,30,33,32,96,33,32,33,198,157,0,1,7,4,4,10,10,58,4,124,90,76,219,136,21,13,27,54,103,215,6,8,6,10,13,14,40,38,36,61,38,83,103,93,67
2877,53,10,12,8,4,26,7,35,38,6,57,38,6,211,32,222,6,3,2,24,3,28,27,6,40,102,71,40,107,52,118,8,2,12,4,4,10,10,58,4,56,4,61,158,49,192,16,32,64,128,256,1,1,2,15,11,5,35,25,33,58,54,107,240,152,48
2878,51,12,8,7,15,18,12,27,16,32,64,24,73,134,131,118,4,5,1,5,4,15,21,5,12,113,62,12,124,39,200,3,6,2,31,5,4,21,0,23,7,60,5,139,64,253,1,2,3,6,15,2,2,3,1,1,1,4,4,4,41,25,1,96,20,37
2879,43,10,12,9,24,26,7,28,39,13,111,39,72,25,65,222,4,11,1,20,18,19,17,14,22,17,14,22,114,26,20,14,11,14,14,12,7,62,47,28,19,87,42,155,158,136,16,31,61,121,246,15,15,15,29,30,29,34,36,32,23,24,25,26,32,28
2880,51,12,8,7,15,18,12,27,16,32,64,24,92,76,131,118,4,5,1,5,4,15,21,5,12,113,62,12,124,204,200,3,6,2,31,5,4,21,0,23,55,127,5,15,217,246,1,2,3,6,15,2,2,3,1,1,1,4,4,4,10,52,1,61,126,75
2881,0,14,14,1,23,21,15,49,7,55,49,83,64,4,179,74,15,14,11,29,31,27,47,58,59,78,100,59,148,228,128,0,1,7,4,4,10,5,1,37,121,100,8,71,82,231,3,7,11,24,54,6,10,12,24,26,17,56,50,45,68,67,67,80,70,173
2882,41,1,0,13,1,22,17,1,11,10,1,106,107,210,83,86,1,2,10,1,2,25,1,2,17,105,2,17,209,229,59,6,13,4,30,13,23,19,14,41,75,72,107,195,138,209,9,18,28,56,120,0,0,0,9,7,10,1,1,3,44,0,2,143,17,41
2883,37,7,5,8,25,3,2,55,29,2,55,100,123,253,182,88,6,3,2,10,17,21,33,39,60,79,72,75,40,63,239,12,8,1,7,9,14,35,31,47,45,114,17,111,44,123,15,30,58,115,234,1,1,2,0,0,4,22,9,9,43,39,38,60,22,46
2884,32,6,11,2,20,12,11,19,4,22,19,4,22,111,205,85,2,6,15,2,15,18,2,44,46,2,44,46,100,4,27,13,14,13,11,21,21,40,33,31,60,117,30,241,228,25,6,10,15,31,72,3,7,1,13,14,15,16,16,12,9,8,9,2,4,12
2885,43,10,12,9,24,20,29,28,39,13,111,39,72,161,159,53,4,11,1,20,18,19,17,14,22,17,14,22,114,26,20,14,11,14,14,12,7,62,47,28,19,87,42,155,158,136,16,31,61,121,246,15,15,15,29,30,29,34,36,32,23,24,25,26,32,28
2886,45,10,5,8,4,26,7,57,13,44,117,13,44,234,111,123,6,3,2,30,3,2,4,52,9,92,52,68,63,17,220,12,8,1,18,27,18,31,4,58,5,24,56,165,192,52,16,32,63,124,250,1,1,2,0,0,5,24,22,21,17,27,15,160,77,19
2887,53,3,2,4,26,9,16,10,49,9,81,92,62,99,121,55,15,14,11,29,29,27,30,32,18,69,32,18,17,105,54,0,1,7,4,4,10,10,58,4,124,90,76,224,225,53,6,11,16,34,77,8,12,9,31,29,28,48,56,49,48,109,77,173,203,146
2888,7,8,5,9,12,4,8,43,45,33,43,45,106,18,72,216,0,7,3,4,19,16,19,45,47,19,45,86,168,79,73,0,1,7,9,1,10,33,40,60,99,5,120,181,162,148,13,24,43,82,173,6,3,8,18,15,13,13,31,16,25,13,41,79,64,96
2889,56,13,7,6,27,14,6,25,28,58,66,28,83,149,106,131,13,13,6,16,28,9,13,12,6,13,12,6,130,184,222,0,1,7,1,0,22,0,42,61,101,113,35,115,116,153,11,22,40,77,162,9,8,6,5,5,7,3,6,2,20,33,17,18,18,27
2890,23,2,15,3,2,28,16,15,56,26,52,75,122,136,19,106,6,3,2,10,17,21,34,55,31,34,55,31,162,44,164,0,1,7,4,4,10,10,58,4,124,90,76,71,160,253,12,23,41,78,163,5,5,5,6,25,6,57,60,63,119,115,111,185,173,177
2891,42,2,9,3,2,28,26,6,54,49,6,54,49,67,197,121,8,10,7,6,7,10,7,34,7,68,87,7,237,138,41,0,1,7,4,4,10,10,1,4,124,90,76,71,103,37,9,15,23,50,105,5,5,5,6,24,6,30,18,24,87,30,96,236,183,236
2892,25,5,3,10,6,19,0,36,57,16,71,97,16,237,187,188,2,6,15,2,15,18,52,4,15,108,79,73,190,86,86,10,10,3,12,15,11,14,2,4,94,96,101,28,180,79,9,18,31,61,130,3,9,1,3,4,3,2,58,52,93,98,100,114,120,108
2893,62,10,12,8,4,26,7,55,38,27,55,101,18,86,217,16,6,3,2,10,17,21,33,39,60,79,72,75,135,115,166,12,8,1,7,9,14,59,44,47,47,48,83,60,22,161,3,7,11,22,51,1,1,2,0,0,4,26,9,9,54,56,31,212,194,202
2894,6,2,9,3,2,28,20,6,56,39,90,122,110,147,123,89,8,10,7,26,31,24,16,10,27,16,77,103,94,141,129,0,1,7,4,20,10,10,58,40,124,90,76,9,107,254,9,15,23,50,104,8,3,9,17,16,20,25,26,23,122,118,113,169,184,213
2895,16,0,4,15,21,2,18,48,8,56,48,84,56,14,156,80,5,4,12,11,12,12,46,60,48,46,60,48,65,66,48,15,15,15,16,30,13,50,39,27,25,107,86,123,87,65,12,23,41,78,163,5,11,10,8,8,9,37,3,37,21,26,33,11,41,16
2896,8,2,0,3,1,22,17,60,11,10,69,102,95,109,112,177,1,2,10,1,2,25,1,2,17,65,112,117,176,232,246,6,13,4,30,13,23,19,14,41,111,90,76,229,11,111,3,4,6,12,29,0,0,0,9,7,10,1,1,3,44,87,23,35,180,101
2897,43,10,12,7,24,20,29,28,39,13,111,39,72,94,132,50,4,11,1,20,18,19,17,14,22,17,14,22,25,152,163,14,11,14,14,12,7,6,3,25,46,11,33,56,174,30,16,31,61,120,245,15,15,15,29,30,29,34,36,32,23,24,25,81,88,87
2898,42,14,10,3,22,21,31,8,6,55,125,33,116,137,102,41,8,10,7,6,7,10,60,51,63,83,51,19,139,182,101,15,15,15,13,7,24,60,9,36,78,10,6,87,182,83,9,15,24,51,107,5,5,5,6,17,6,36,10,39,29,32,30,17,48,38
2899,47,2,11,2,16,16,25,56,37,41,56,94,121,110,71,208,8,10,7,27,24,6,24,18,33,24,18,33,2,166,25,15,15,15,3,26,26,11,5,57,12,55,3,10,167,175,9,16,26,54,115,10,5,5,16,19,24,19,21,18,18,17,18,158,165,120
2900,49,0,4,15,17,2,18,53,36,59,120,90,125,154,163,171,5,4,12,11,12,12,15,38,14,15,38,14,218,19,231,15,15,15,16,30,13,18,17,22,32,62,62,134,179,89,12,23,42,80,167,5,11,10,8,8,9,9,3,15,12,9,13,34,16,18
2901,30,11,15,5,10,17,3,42,50,59,78,114,127,235,135,251,7,12,13,21,23,29,5,53,20,64,114,20,57,38,237,9,9,9,0,31,15,58,16,62,65,64,91,167,78,23,14,29,56,111,227,4,4,4,2,2,2,29,30,30,3,16,21,40,69,13
2902,29,2,4,15,17,28,31,15,8,54,15,8,69,71,141,5,8,10,7,6,7,10,56,35,41,7,70,56,24,85,6,15,15,15,4,4,13,10,58,4,119,6,13,8,177,49,9,15,25,52,109,5,5,5,6,17,6,32,3,31,49,53,50,69,74,79
2903,35,1,1,13,18,31,22,17,47,28,79,47,28,6,37,24,1,2,10,17,22,26,22,21,21,22,21,21,67,24,21,1,7,11,19,22,5,20,10,16,2,32,14,64,3,6,2,3,5,9,23,11,0,13,21,22,21,10,11,11,0,1,0,7,3,2
2904,16,3,7,1,30,13,15,23,60,38,101,7,84,73,68,113,12,2,10,31,10,30,20,25,26,20,86,98,26,133,241,6,13,4,2,3,1,29,26,5,90,50,21,71,160,71,13,27,52,100,208,0,0,0,14,12,0,18,19,8,15,18,12,9,11,8
2905,12,13,2,6,27,14,6,42,62,58,118,62,118,78,99,56,13,13,6,16,28,9,13,12,6,104,69,96,58,76,221,0,1,7,1,0,22,26,29,48,44,76,79,122,205,41,11,22,39,75,159,9,8,6,5,5,7,3,6,2,59,58,55,30,40,42
2906,20,6,11,2,26,30,0,24,23,8,96,79,8,30,62,112,2,6,15,19,15,18,32,16,15,98,16,111,103,180,232,0,1,7,9,7,10,55,15,24,126,79,90,105,201,120,6,11,16,35,79,3,7,1,13,14,15,28,44,28,52,57,48,106,196,191
2907,12,2,2,6,27,21,16,8,28,63,8,44,58,28,48,117,13,13,6,16,28,9,13,30,6,94,30,84,253,227,206,0,1,7,4,4,10,10,58,4,124,90,76,152,216,77,10,19,33,66,142,9,12,6,11,23,11,3,14,13,63,2,90,234,245,234
2908,47,2,11,3,16,16,25,56,37,41,56,94,121,110,71,208,8,10,7,27,24,6,24,18,33,24,18,33,2,166,25,15,15,15,3,26,26,11,5,57,12,55,3,10,167,175,9,16,26,54,115,10,5,5,16,19,24,19,21,18,18,17,18,3,5,120
2909,17,10,12,8,4,26,7,57,13,6,57,67,6,211,32,222,6,3,2,30,3,2,4,6,9,4,71,9,155,230,228,12,8,1,18,27,18,10,58,4,56,37,61,32,253,52,13,25,48,90,188,1,1,2,0,0,5,24,22,21,89,54,107,49,77,88
2910,57,10,5,8,4,26,7,57,13,44,121,111,44,70,111,151,6,3,2,30,3,2,4,6,9,4,71,9,155,230,228,12,8,1,18,27,18,10,58,4,34,53,94,71,85,253,16,32,63,124,251,1,1,2,0,0,5,26,27,27,98,112,56,110,118,97
2911,53,3,14,12,23,21,4,49,12,26,49,83,26,224,240,194,4,5,1,28,4,31,61,37,1,61,102,1,85,41,156,0,1,7,4,4,10,10,58,37,26,97,36,71,249,208,3,7,11,26,60,2,2,3,17,16,20,25,26,23,50,40,27,27,34,34
2912,9,15,9,11,11,28,28,11,41,5,84,75,100,27,140,15,3,0,4,3,0,4,26,0,4,26,105,4,111,124,3,0,1,7,4,4,10,10,58,4,15,111,76,252,145,234,9,15,25,53,111,7,6,7,7,6,8,0,0,1,47,45,101,196,195,181
2913,5,6,11,2,6,30,24,24,23,8,96,107,8,175,255,145,2,6,15,19,15,18,59,63,15,59,63,119,115,64,68,0,1,7,9,7,24,22,60,53,102,115,25,132,193,215,6,11,17,36,82,10,7,1,25,10,23,28,35,28,51,51,44,53,76,110
2914,20,2,9,3,26,28,14,20,14,9,74,109,79,138,195,217,2,6,15,2,15,18,57,36,44,57,36,44,49,50,43,0,1,7,4,4,10,10,11,4,13,52,51,26,45,28,13,27,54,105,217,13,13,14,26,25,25,57,60,63,119,115,111,185,173,177
2915,62,10,5,8,4,26,7,57,13,44,57,13,44,240,223,123,6,3,2,30,3,2,4,6,9,4,71,120,5,241,28,12,8,1,18,27,18,31,4,58,5,24,56,182,16,84,16,32,63,124,251,1,1,2,0,0,5,24,22,21,17,27,15,15,19,19
2916,39,15,9,11,11,6,23,63,48,29,63,48,88,80,82,104,3,0,4,25,25,23,3,27,29,3,65,29,226,167,134,7,0,10,25,18,8,9,53,26,54,63,11,24,19,70,7,13,19,44,94,7,6,7,19,21,19,6,8,7,5,7,7,31,2,29
2917,55,1,0,13,18,31,22,17,5,34,79,47,126,216,37,108,1,2,10,17,22,26,22,21,21,22,21,21,224,170,66,1,7,11,19,22,5,20,10,16,2,32,14,64,3,6,2,3,5,9,24,11,0,13,21,22,21,10,11,11,0,1,0,7,3,2
2918,14,10,12,8,4,26,21,35,58,31,35,58,31,104,143,207,6,3,2,24,27,28,27,31,2,95,31,72,51,73,173,8,2,12,24,16,17,41,59,12,79,90,76,71,160,181,16,32,62,123,249,1,1,2,15,11,5,35,25,33,28,22,24,5,10,3
2919,44,10,12,8,4,26,21,35,40,31,35,58,31,104,249,132,6,3,2,24,27,28,27,31,2,95,31,72,51,73,173,8,2,12,24,16,17,41,59,12,79,68,75,247,54,107,16,32,62,123,248,1,1,2,15,11,5,35,25,33,28,22,24,5,10,3
2920,43,0,4,15,0,2,18,53,33,40,75,90,81,187,180,231,5,4,12,11,12,12,45,59,52,45,59,52,122,70,226,0,1,7,4,4,10,12,56,52,88,118,73,57,88,106,13,25,48,91,190,5,11,10,8,8,9,9,46,15,79,75,76,70,87,81
2921,18,2,15,3,10,17,16,33,50,55,33,96,55,21,153,117,0,7,3,26,11,24,35,42,8,35,95,114,140,94,251,0,1,7,0,31,15,5,1,37,61,88,74,142,246,22,9,18,29,57,122,4,4,4,2,2,31,29,55,55,3,60,58,71,46,47
2922,44,10,12,8,4,26,21,35,58,31,35,58,6,44,143,207,6,3,2,24,27,28,27,31,2,95,31,72,51,194,52,8,2,12,24,16,17,41,59,12,56,4,61,158,49,192,16,32,62,123,249,1,1,2,15,11,5,35,25,33,28,22,24,5,152,3
2923,48,15,6,11,11,5,28,13,0,30,13,81,30,167,129,66,3,0,4,3,0,4,26,0,4,66,117,4,230,143,143,2,5,5,8,19,16,7,51,49,22,46,44,100,60,39,7,13,20,45,95,7,6,7,7,6,8,0,0,1,26,14,26,44,35,23
2924,9,15,0,11,1,22,17,60,41,30,84,112,57,206,56,148,3,0,4,3,0,4,26,0,4,26,105,90,111,0,139,2,5,5,8,19,16,19,14,41,15,111,124,229,17,111,3,4,6,11,28,7,6,7,7,6,8,0,0,1,55,28,69,35,45,112
2925,59,11,13,5,8,29,30,31,32,35,31,32,35,223,232,127,7,12,13,21,5,29,28,22,37,127,22,37,183,69,235,9,9,9,5,17,3,23,28,17,72,34,64,146,191,177,14,28,55,107,222,4,4,4,20,20,22,11,17,17,1,5,4,76,75,65
2926,63,8,2,6,12,4,8,47,3,25,47,68,25,170,20,11,15,14,11,0,20,3,39,9,53,39,80,116,195,253,93,0,1,7,4,1,10,63,61,35,57,112,102,19,214,253,13,24,44,84,177,6,3,8,10,15,14,21,20,46,60,59,53,159,85,74
2927,36,3,0,1,30,13,15,23,7,38,108,7,84,251,27,211,12,2,10,31,10,30,53,46,26,90,68,26,229,81,103,6,13,4,2,3,1,10,58,40,124,90,76,234,4,12,3,7,9,20,47,0,0,0,14,12,0,25,26,8,67,91,70,128,115,83
2928,57,7,5,8,25,3,2,7,2,2,7,111,75,90,2,43,6,3,2,10,17,21,34,55,31,111,6,101,199,149,131,12,8,1,7,9,14,17,37,1,35,77,110,191,70,131,15,30,60,119,243,1,1,2,0,0,4,22,13,10,56,66,63,82,117,90
2929,39,15,9,11,11,6,23,50,46,24,77,46,74,213,136,245,3,0,4,25,25,23,3,27,29,3,113,102,91,92,75,7,0,10,17,14,19,43,24,32,29,61,34,128,10,101,7,13,20,46,96,7,6,7,19,21,19,6,8,7,69,61,71,38,31,20
2930,58,2,14,3,28,9,1,12,44,26,12,126,26,156,128,32,15,14,11,0,20,3,41,9,45,41,99,43,36,248,194,0,1,7,4,4,10,30,52,55,95,120,4,161,169,244,13,27,53,102,213,6,3,8,10,13,14,21,20,25,37,71,74,139,143,208
2931,40,2,14,3,2,28,31,2,6,54,115,33,116,97,102,236,8,10,7,6,7,10,36,35,63,114,119,63,87,54,87,15,15,15,13,7,24,60,9,36,78,10,6,77,73,44,9,15,24,51,107,5,5,5,6,17,6,36,10,39,29,32,30,17,48,70
2932,59,11,15,5,10,17,3,51,50,14,104,50,14,68,60,83,7,12,13,7,23,7,55,3,61,81,124,61,136,3,210,9,9,9,0,31,15,15,50,19,0,56,121,37,170,223,14,29,57,113,231,4,4,4,2,2,2,5,7,5,11,77,37,101,158,102
2933,41,1,0,13,1,22,17,1,11,10,1,106,10,1,112,177,1,2,10,1,2,25,10,2,17,65,112,117,64,232,246,6,13,4,30,13,23,19,14,41,17,39,107,195,210,162,3,4,6,12,31,0,0,0,9,7,10,1,1,3,22,0,2,115,109,210
2934,5,14,10,0,14,23,19,34,18,19,102,121,19,89,38,234,10,9,8,12,14,11,14,15,10,14,64,10,18,16,120,11,12,0,26,25,2,52,13,30,4,9,12,2,24,2,8,14,22,49,103,12,10,11,23,18,18,15,15,19,2,3,3,8,13,6
2935,60,13,7,14,3,15,27,3,35,17,3,35,17,172,202,77,11,8,9,9,9,8,8,7,11,8,7,11,8,8,209,4,4,8,21,11,0,13,6,21,43,23,69,38,187,9,5,9,14,30,68,13,13,14,26,25,25,23,23,20,6,6,8,0,0,0
2936,26,6,11,2,20,12,0,54,17,0,89,79,117,16,103,201,2,6,15,19,15,18,32,16,15,116,16,109,172,103,84,0,1,7,4,4,10,10,58,4,60,117,30,235,225,58,9,18,32,62,131,3,7,1,13,14,15,16,16,12,9,8,9,106,139,152
2937,26,6,11,2,26,30,24,24,23,20,96,107,20,175,255,103,2,6,15,19,15,18,59,63,15,59,63,119,115,64,68,0,1,7,9,7,10,22,60,53,102,115,25,197,42,160,6,11,17,37,84,10,7,1,25,10,23,28,35,28,51,51,44,53,76,179
2938,5,6,11,2,6,30,24,49,23,36,71,97,36,123,25,64,2,6,15,2,15,18,52,4,15,108,79,73,190,86,86,0,1,7,4,4,10,5,1,37,69,29,47,91,137,75,9,18,31,61,129,3,10,1,25,10,17,53,43,52,70,70,65,92,101,115
2939,41,1,0,13,1,22,17,1,11,10,69,106,107,1,41,143,1,2,10,1,2,25,1,2,17,1,2,17,1,109,208,6,13,4,30,13,23,19,14,41,17,39,107,79,105,245,3,4,6,12,29,0,0,0,9,7,10,1,1,3,22,0,2,73,109,124
2940,55,1,0,13,5,1,9,45,5,18,112,5,76,120,24,177,12,2,10,14,10,30,20,25,5,87,25,81,128,155,104,6,13,4,2,3,1,3,22,9,17,39,107,16,210,196,3,7,9,19,45,0,0,0,4,3,0,20,2,0,67,87,70,134,211,182
2941,51,12,8,7,15,18,12,27,16,32,61,24,92,76,131,118,4,5,1,5,4,15,21,5,12,113,62,12,124,204,200,3,6,2,31,5,4,21,0,23,55,127,5,15,217,246,1,2,3,6,17,2,2,3,1,1,1,4,4,4,10,52,1,61,126,75
2942,36,9,2,12,9,20,20,61,12,39,61,87,39,147,123,197,9,11,5,13,26,14,42,11,23,42,11,23,110,249,35,0,1,7,20,20,25,46,45,40,26,97,36,35,39,250,1,1,1,3,5,2,3,3,12,9,12,25,26,23,50,40,27,27,34,34
2943,0,1,1,1,7,1,5,45,5,48,112,19,77,229,226,126,12,2,10,14,30,5,63,13,5,117,25,81,193,155,104,6,13,4,2,3,1,3,22,9,87,95,117,11,68,164,3,7,9,20,46,0,0,0,4,12,0,20,2,8,35,36,43,19,33,50
2944,21,9,8,12,13,27,20,30,24,53,61,85,53,193,192,189,4,5,1,28,4,31,6,23,36,61,102,1,85,41,156,3,6,2,15,2,28,1,12,50,40,28,1,67,80,19,1,1,1,3,5,2,2,3,12,9,12,8,12,14,19,15,32,95,23,33
2945,26,5,3,10,19,19,13,41,57,45,36,57,45,50,173,25,14,6,0,23,6,0,12,49,0,52,4,0,70,172,0,10,10,3,12,15,11,14,2,4,8,38,0,0,120,34,4,8,13,29,67,3,9,1,3,4,3,2,5,6,7,4,6,89,67,32
2946,24,4,14,2,31,7,4,38,52,23,116,120,70,176,166,240,8,15,14,18,16,13,18,17,16,18,17,16,14,14,13,5,3,6,23,6,20,25,30,7,21,106,52,13,114,118,9,17,27,55,117,14,14,12,28,28,27,31,34,29,13,11,14,1,1,1
2947,3,1,0,1,30,13,15,23,60,38,106,60,38,148,147,238,13,2,10,8,10,22,51,56,24,91,56,71,48,48,81,0,1,7,2,3,1,57,11,14,83,109,67,18,76,86,13,27,52,100,208,9,8,6,5,5,7,38,32,54,85,41,73,78,80,78
2948,58,2,9,3,2,28,26,6,54,49,6,125,101,58,186,117,8,10,7,6,7,10,7,34,7,68,87,7,120,100,130,0,1,7,4,29,31,36,1,0,124,90,76,221,103,253,9,18,30,58,124,5,5,5,6,24,6,30,18,24,24,30,20,145,147,145
2949,6,4,14,3,31,7,4,38,52,23,116,120,70,176,166,240,8,15,14,18,16,13,18,17,16,18,17,16,14,14,13,5,3,6,23,6,20,25,30,7,21,106,52,13,114,118,9,17,27,55,117,14,14,12,28,28,27,31,34,29,13,11,14,1,1,1
2950,9,15,9,11,11,6,23,63,53,29,63,64,88,80,82,162,3,0,4,25,25,23,3,27,29,3,65,29,20,27,34,7,0,10,25,18,8,38,43,4,124,49,76,232,110,186,7,13,19,43,93,7,6,7,19,21,19,6,8,7,5,7,7,12,2,9
2951,62,8,2,6,27,14,6,47,28,58,88,28,58,127,106,11,13,13,6,16,28,9,13,12,6,13,12,6,69,184,133,0,1,7,4,4,10,0,42,61,39,124,46,110,128,169,3,7,11,22,50,9,8,6,5,5,7,3,6,2,20,33,17,174,189,178
2952,19,14,10,0,14,23,19,21,18,19,21,18,19,250,194,54,10,9,8,12,14,11,14,15,10,14,64,10,117,177,10,11,12,0,26,25,2,45,7,8,51,16,24,106,67,13,8,14,22,49,102,12,10,11,23,18,18,15,15,19,2,3,3,22,37,26
2953,52,3,2,4,0,9,10,39,62,9,39,77,113,201,47,213,15,14,11,29,8,27,25,48,39,25,74,113,90,83,214,0,1,7,4,4,10,61,35,39,91,20,63,177,221,56,13,27,52,101,212,8,7,9,30,10,26,47,45,43,38,43,40,68,83,56
2954,13,8,14,3,28,9,1,12,44,63,12,126,86,122,114,190,15,14,11,0,20,3,41,9,45,125,9,80,158,146,64,0,1,7,4,4,10,30,52,55,80,126,93,71,66,8,13,27,53,102,213,6,3,8,10,13,14,21,20,45,37,73,81,125,89,114
2955,28,12,8,7,13,27,12,30,20,61,30,20,61,34,164,111,4,5,1,5,4,15,21,50,62,103,50,62,210,96,213,3,6,2,15,2,28,1,25,29,118,93,98,14,83,16,1,2,4,8,20,2,2,3,12,9,12,33,28,38,8,20,10,43,50,24
2956,7,10,12,8,4,26,7,9,38,6,121,38,6,211,118,16,6,3,2,24,3,28,27,31,40,102,107,40,107,52,118,8,2,12,4,4,10,10,58,4,56,4,61,158,49,192,16,32,64,128,256,1,1,2,15,11,5,26,27,27,58,23,84,75,62,48
2957,53,8,14,9,12,4,8,43,45,33,94,45,96,195,245,216,15,14,11,26,31,24,62,43,3,124,81,43,46,203,74,0,1,7,9,1,10,5,1,37,99,5,120,147,82,113,13,24,43,83,174,6,3,8,18,26,13,13,31,16,34,13,39,21,30,31
2958,1,11,15,5,23,10,3,49,44,55,49,74,55,235,91,225,0,7,3,7,11,7,35,42,8,55,42,8,73,157,31,9,9,9,0,31,15,5,1,37,75,72,76,246,183,62,9,18,28,56,119,4,4,4,2,2,2,29,30,30,121,74,87,241,168,198
2959,51,12,8,7,15,18,12,27,16,32,64,24,73,134,131,118,4,5,1,5,4,15,21,5,12,113,62,12,124,39,200,3,6,2,31,5,4,21,0,23,7,60,5,139,64,239,1,2,3,6,16,2,2,3,1,1,1,4,4,4,41,25,1,45,20,37
2960,28,2,14,3,2,21,26,6,54,49,6,125,64,160,196,140,8,10,7,26,31,24,16,26,43,97,77,103,120,165,185,0,1,7,4,4,10,5,1,37,31,22,76,131,146,243,9,18,30,59,126,2,5,12,24,26,17,50,39,38,40,117,119,181,177,174
2961,8,9,8,7,13,27,12,30,20,61,30,20,61,174,95,139,4,5,1,5,4,15,21,50,62,103,50,62,210,96,213,3,6,2,15,2,28,1,25,29,118,93,100,103,185,151,1,2,4,8,21,2,2,3,1,9,12,33,28,38,8,94,10,54,144,158
2962,47,6,11,2,16,16,25,56,37,41,56,37,121,110,61,208,8,10,7,27,24,6,24,18,33,24,18,33,2,166,25,15,15,15,3,26,26,11,5,57,12,55,3,23,59,139,9,16,26,54,115,10,5,5,16,19,24,19,21,18,18,17,18,3,5,4
2963,18,12,8,7,15,18,12,32,16,32,64,24,73,76,64,206,4,5,1,5,4,15,21,5,12,113,62,112,201,116,211,3,6,2,31,5,4,21,0,23,114,127,5,33,35,174,1,2,3,6,17,2,2,3,1,1,1,4,4,4,10,21,1,45,38,51
2964,24,4,14,2,31,7,4,38,59,23,116,120,23,128,127,240,8,15,14,18,16,13,18,17,16,18,17,16,14,14,13,5,3,6,23,6,20,25,30,7,21,106,52,78,95,105,9,17,27,55,116,14,14,12,28,28,27,31,34,29,13,11,14,1,1,1
2965,20,15,9,3,28,6,1,12,56,26,63,54,49,87,126,190,15,14,11,0,20,3,41,9,45,125,9,80,158,146,64,0,1,7,4,4,10,10,1,55,80,126,93,84,66,8,9,15,23,50,104,6,6,8,10,13,14,21,20,45,92,73,81,125,89,114
2966,59,11,15,5,10,17,3,51,50,14,4,95,85,61,139,83,7,12,13,7,23,7,55,3,61,86,124,61,136,190,122,9,9,9,0,31,15,15,50,19,0,103,29,192,135,137,14,29,57,113,231,4,4,4,2,2,2,5,7,5,11,19,28,46,63,89
2967,8,6,11,2,26,30,14,10,14,20,127,79,97,63,31,113,2,6,15,19,15,18,59,63,15,98,16,119,126,197,172,0,1,7,9,4,10,10,58,4,124,90,76,29,21,54,6,11,16,35,80,3,7,1,31,29,28,48,44,40,91,101,108,198,182,203
2968,36,14,10,4,22,21,10,8,43,62,42,88,93,117,177,183,15,1,11,15,1,20,9,1,50,9,1,50,41,84,229,0,1,7,10,20,6,32,49,54,33,75,113,156,75,11,10,19,33,66,140,8,12,9,11,23,11,12,14,13,4,2,5,28,53,39
2969,59,11,13,5,8,29,3,4,32,3,31,32,98,223,232,167,7,12,13,21,5,29,5,53,20,64,114,20,183,171,207,9,9,9,0,31,15,15,50,19,82,34,64,146,191,177,14,29,56,110,226,4,4,4,2,2,2,11,30,30,3,16,21,135,14,125
2970,1,11,13,5,8,10,30,31,15,35,124,15,78,131,13,57,7,12,13,21,5,29,28,22,37,28,22,87,145,129,180,9,9,9,5,17,3,23,28,17,72,82,84,46,27,29,14,28,55,107,222,4,4,4,20,20,22,11,17,17,1,5,4,76,75,65
2971,60,13,7,14,3,15,27,3,35,17,3,35,17,129,199,12,11,8,9,9,9,8,8,7,11,8,7,11,8,8,243,4,4,8,21,11,0,39,32,10,20,18,50,174,6,74,5,9,14,30,70,13,13,14,26,25,25,23,23,20,6,6,8,0,0,0
2972,52,8,2,4,9,4,8,5,62,39,68,36,94,42,119,213,15,14,11,29,29,27,30,33,32,101,97,74,97,237,105,0,1,7,20,20,25,49,38,56,123,73,70,254,157,199,10,20,37,72,153,8,3,9,17,16,20,45,33,42,45,46,42,140,26,85
2973,23,7,5,8,25,3,2,37,2,21,97,29,21,90,224,182,6,3,2,10,17,21,34,55,31,34,55,31,162,125,164,12,8,1,7,9,14,44,37,63,106,36,78,116,77,143,15,30,59,117,239,1,1,2,0,0,4,17,13,10,62,62,11,55,61,58
2974,22,8,9,9,26,9,14,10,49,9,127,56,97,103,12,113,0,7,3,26,31,22,50,54,51,84,54,82,156,35,114,0,1,7,4,4,10,10,23,4,113,37,37,44,28,73,7,13,21,48,99,1,7,6,31,29,28,48,49,49,91,101,114,170,172,187
2975,60,13,7,14,3,15,27,3,35,17,3,35,17,74,220,12,11,8,9,9,9,8,8,7,11,8,7,11,8,8,243,4,4,8,21,11,0,39,32,10,20,18,50,17,5,33,5,9,14,30,69,13,13,14,26,25,25,23,23,20,6,6,8,0,0,0
2976,27,0,4,15,0,2,16,52,25,40,52,68,122,249,185,58,0,7,3,26,31,24,45,19,58,75,19,58,81,82,70,0,1,7,4,4,10,2,63,4,53,44,125,41,240,122,13,26,50,96,202,1,11,2,8,8,9,58,3,57,87,102,102,192,132,140
2977,23,7,5,3,25,3,2,55,29,21,97,29,21,43,207,140,6,3,2,10,17,21,33,39,60,79,72,123,251,205,127,12,8,1,7,9,14,59,44,63,106,36,78,196,77,143,15,30,58,116,238,1,1,2,0,0,4,50,9,9,62,62,31,55,61,58
2978,43,10,12,8,24,26,7,28,39,13,111,39,72,230,132,204,4,11,1,20,18,19,17,14,22,17,14,22,25,152,163,14,11,14,14,12,7,6,3,25,46,11,33,56,174,30,16,31,61,120,245,15,15,15,29,30,29,34,36,32,23,24,25,81,88,87
2979,31,2,11,2,21,28,0,48,8,56,48,84,56,14,156,80,5,4,12,11,12,12,46,60,48,46,60,48,65,66,48,15,15,15,16,4,13,50,39,27,25,107,86,123,87,65,12,23,41,78,164,5,11,10,8,8,9,37,3,37,21,26,33,11,41,16
2980,51,12,8,7,15,18,12,32,16,32,64,24,32,76,64,175,4,5,1,5,4,15,21,5,12,113,62,12,113,204,155,3,6,2,31,5,4,21,0,23,55,127,5,15,217,246,1,2,3,6,17,2,2,3,1,1,1,4,4,4,10,52,1,61,126,75
2981,14,9,8,12,13,27,12,30,24,60,123,85,60,193,51,65,4,5,1,5,4,31,6,23,36,6,82,36,170,134,178,3,6,2,15,2,28,1,12,50,37,42,26,15,252,40,1,2,4,7,19,2,2,3,1,1,1,14,12,14,8,52,10,48,150,134
2982,44,10,12,8,4,26,7,57,13,44,117,13,44,63,223,123,6,3,2,30,3,2,4,52,9,92,52,68,63,17,220,12,8,1,18,27,18,31,4,58,123,73,70,101,196,84,16,32,63,124,251,1,1,2,0,0,5,24,22,21,17,27,42,57,26,19
2983,21,9,8,12,13,27,20,61,24,53,103,66,111,20,17,27,4,11,5,28,26,1,61,37,1,11,37,70,77,102,82,3,6,2,15,2,28,1,12,50,40,28,1,71,80,19,1,1,1,3,4,2,2,3,12,9,12,8,12,47,53,64,32,95,98,33
2984,23,7,5,8,25,3,2,37,2,6,57,111,75,90,97,101,6,3,2,10,17,21,34,55,31,34,55,95,254,118,58,12,8,1,7,9,14,17,37,1,56,4,61,136,102,210,15,30,59,117,239,1,1,2,0,0,4,17,13,10,89,54,11,98,111,135
2985,18,14,14,3,23,21,4,49,56,26,49,126,26,150,196,206,0,7,3,26,31,24,31,26,43,88,103,67,106,111,65,0,1,7,4,4,10,5,1,37,75,72,8,246,188,234,9,18,30,59,126,4,10,4,24,0,17,50,39,44,115,74,87,143,148,113
2986,44,10,12,8,4,26,21,35,58,31,35,58,31,104,22,132,6,3,2,24,27,28,27,31,2,95,31,72,51,73,173,8,2,12,24,16,17,41,59,12,79,68,75,243,222,31,16,32,64,128,256,1,1,2,15,11,5,35,25,33,28,22,24,5,10,3
2987,9,15,0,11,11,0,28,44,41,57,44,98,10,202,244,177,3,0,4,3,0,4,26,0,4,26,105,90,111,199,219,6,13,4,8,4,16,10,58,4,3,7,59,4,255,253,3,7,11,25,57,7,6,7,7,6,8,0,0,1,32,28,16,39,97,238
2988,39,15,6,11,11,0,28,11,48,29,95,53,115,155,218,147,3,0,4,3,0,4,26,0,4,66,117,4,230,143,143,2,5,5,8,19,16,7,51,49,124,46,76,188,113,4,7,12,18,40,88,7,6,7,7,6,8,0,0,1,82,45,57,58,57,71
2989,1,2,9,9,0,28,16,16,54,46,16,50,46,68,237,102,0,7,3,26,31,24,58,10,27,76,98,27,203,104,109,0,1,7,9,4,10,33,40,60,74,91,15,119,50,133,13,25,46,87,183,6,15,1,25,10,23,46,47,48,39,42,97,113,122,129
2990,26,5,3,10,19,19,13,36,57,43,36,57,43,36,133,246,14,6,0,23,6,0,12,49,0,12,73,104,16,18,252,10,10,3,12,15,11,14,2,4,103,81,82,7,251,38,4,8,13,29,65,3,9,1,3,4,3,2,5,6,7,4,6,51,56,54
2991,12,13,7,6,27,14,6,47,62,58,118,62,118,101,99,56,13,13,6,16,28,9,13,12,6,104,69,96,58,76,221,0,1,7,1,0,22,26,29,48,44,76,79,122,205,41,11,22,39,75,159,9,8,6,5,5,7,3,6,2,59,58,55,30,40,42
2992,48,15,6,11,11,5,28,22,9,30,67,127,29,206,231,33,3,0,4,3,0,4,26,0,4,106,0,90,129,174,71,2,5,5,8,19,16,51,8,13,73,51,23,100,60,39,7,12,18,41,90,7,6,7,7,6,8,0,0,1,26,14,26,64,49,23
2993,11,1,0,13,5,25,9,13,19,37,126,1,37,109,229,35,1,2,10,1,2,25,10,2,38,65,112,117,176,89,138,6,13,4,2,13,1,34,57,45,111,54,9,229,11,111,3,4,6,12,32,0,0,0,4,7,0,7,40,0,27,87,23,37,54,101
2994,46,9,8,12,15,20,29,46,42,11,87,42,11,215,236,219,4,5,1,5,4,31,38,62,55,38,23,55,211,247,56,3,6,2,31,5,4,48,21,6,30,94,127,71,234,93,1,2,2,4,11,2,2,3,1,1,1,14,24,22,16,120,19,25,9,149
2995,18,8,2,4,6,30,24,16,33,46,16,108,20,144,214,8,0,7,3,26,31,24,47,10,27,43,125,103,119,154,199,0,1,7,4,4,10,10,58,4,124,90,76,71,160,42,9,18,30,60,128,6,7,9,30,10,23,46,47,62,118,105,51,176,198,117
2996,0,1,1,13,5,1,9,45,19,18,59,91,76,120,24,196,12,2,10,14,30,5,63,13,38,63,90,38,141,242,4,6,13,4,2,3,1,3,22,9,27,13,58,71,160,253,3,7,9,20,47,0,0,0,4,3,0,7,2,0,35,82,88,155,234,228
2997,36,3,7,1,30,13,14,23,60,38,85,60,79,148,123,113,9,11,5,13,26,14,42,11,23,126,122,107,242,188,19,0,1,7,2,3,1,10,11,14,124,90,67,9,107,240,13,25,47,89,185,8,3,9,17,16,20,25,26,23,122,118,73,202,184,213
2998,36,12,8,7,15,18,29,46,42,51,46,104,67,119,236,65,4,5,1,5,4,31,38,62,55,38,104,55,78,251,240,3,6,2,31,5,4,48,21,6,30,94,127,22,79,144,1,2,2,5,13,2,2,3,1,1,1,14,24,22,16,10,19,25,9,36
2999,5,6,11,2,6,30,24,24,23,36,71,97,36,36,169,64,2,6,15,2,15,18,52,4,15,108,79,73,190,86,86,10,10,3,12,15,11,5,1,37,69,29,47,91,137,75,9,18,31,61,129,3,9,1,3,4,3,53,43,52,70,70,65,92,101,115
3000,58,2,9,3,2,28,26,6,54,49,6,89,101,228,197,15,8,10,7,6,7,10,7,34,7,68,87,7,34,7,85,15,15,15,4,29,31,36,1,0,97,15,103,50,242,95,9,15,23,50,106,5,5,5,6,24,6,30,18,24,24,30,20,24,24,21
3001,56,13,7,6,27,14,6,25,28,58,88,28,58,83,171,220,13,13,6,16,28,9,13,12,6,13,12,6,130,184,222,0,1,7,1,0,22,0,42,61,101,113,35,250,33,241,11,22,40,77,161,9,8,6,5,5,7,3,6,2,20,33,17,66,18,27
3002,63,11,13,5,8,10,30,31,15,35,124,65,78,106,238,200,7,12,13,21,5,29,28,22,37,28,22,87,22,129,235,9,9,9,5,17,3,23,28,17,112,27,22,63,238,237,14,28,55,109,225,4,4,4,20,20,22,11,17,17,1,5,4,4,181,53
3003,49,11,15,5,23,10,30,14,10,52,42,119,52,114,242,119,0,7,3,7,11,7,35,42,8,55,89,94,184,157,97,15,9,15,4,4,10,10,58,4,107,57,109,244,131,99,13,26,49,93,193,4,4,4,20,20,22,11,17,17,121,50,87,239,168,198
3004,30,11,13,5,8,29,3,4,32,3,78,114,3,189,135,13,7,12,13,21,23,29,5,53,20,64,114,20,57,38,237,9,9,9,0,31,15,58,16,62,48,30,68,127,142,94,14,29,56,111,228,4,4,4,2,2,2,29,30,30,3,16,21,36,14,13
3005,23,7,5,9,12,4,5,43,45,33,37,45,33,18,72,216,0,7,3,4,19,16,19,45,47,19,45,86,144,13,250,0,1,7,9,1,10,33,40,60,99,5,120,181,162,148,13,24,43,82,173,6,3,8,18,15,13,13,31,16,25,13,41,79,64,96
3006,23,8,5,9,12,4,8,43,45,33,43,45,108,45,70,216,0,7,3,4,19,16,44,29,47,44,29,86,15,13,250,8,2,12,9,1,10,33,40,60,99,5,120,181,162,148,13,24,43,82,173,6,3,8,18,15,13,13,31,16,25,13,41,79,64,96
3007,11,0,4,15,17,2,18,53,36,18,120,90,102,120,1,51,12,2,10,14,30,5,63,13,38,63,90,38,109,58,4,6,13,4,2,3,1,3,22,9,27,13,58,206,176,14,3,7,11,23,53,0,0,0,4,3,0,7,3,0,97,92,91,99,154,128
3008,17,11,15,5,10,17,3,51,50,14,4,50,85,68,60,83,7,12,13,7,23,7,55,3,61,81,124,61,136,3,210,0,9,7,0,31,15,15,50,19,0,103,29,192,135,137,14,29,57,114,232,4,4,4,2,2,2,5,7,5,11,19,28,46,142,116
3009,23,7,5,8,25,3,2,37,2,21,97,2,21,43,2,169,6,3,2,10,17,21,34,55,31,34,55,95,254,118,58,12,8,1,7,9,14,44,37,44,18,1,16,172,98,183,15,30,59,117,240,1,1,2,0,0,4,17,13,10,14,12,11,20,28,11
3010,16,6,11,2,26,16,0,24,6,20,115,6,66,140,102,255,8,10,7,27,24,6,60,51,19,60,51,19,37,55,49,0,1,7,9,7,24,60,9,36,58,85,57,109,182,83,6,11,16,34,78,5,5,5,6,17,6,36,10,39,29,32,30,112,82,38
3011,21,9,8,12,13,27,12,30,24,53,123,85,53,193,87,189,4,5,1,5,4,31,6,23,36,6,82,36,248,255,178,3,6,2,15,2,28,1,12,50,37,42,26,67,34,220,1,2,4,8,21,2,2,3,12,9,12,8,12,14,19,15,22,43,23,14
3012,46,9,8,7,15,18,29,46,42,60,46,42,67,119,236,219,4,5,1,5,4,31,38,62,55,38,23,55,121,29,212,3,6,2,31,5,4,48,21,6,30,94,127,22,155,93,1,2,2,4,11,2,2,3,1,1,1,14,24,22,16,10,19,25,9,36
3013,43,10,12,8,24,20,7,28,39,13,111,39,72,94,233,50,4,11,1,20,18,19,17,14,22,17,14,22,25,152,163,14,11,14,14,12,7,6,3,25,46,11,33,56,174,30,16,31,61,120,245,15,15,15,29,30,29,34,36,32,23,24,25,81,88,87
3014,19,14,10,0,14,23,19,34,18,19,102,118,19,9,203,178,10,9,8,12,14,11,14,15,10,14,64,10,18,16,120,11,12,0,26,25,2,52,13,30,4,9,12,2,24,2,8,14,22,49,103,12,10,11,23,18,18,15,15,19,2,3,3,8,13,6
3015,41,1,0,13,1,22,17,1,11,10,69,106,107,210,83,86,1,2,10,1,2,25,1,2,17,105,2,17,209,229,59,6,13,4,30,13,23,19,14,41,75,72,95,246,138,209,9,18,28,56,120,0,0,0,9,7,10,1,1,3,44,0,2,143,17,41
3016,19,14,10,0,14,23,19,34,18,19,102,121,19,9,38,26,10,9,8,12,14,11,14,15,10,14,64,10,18,16,120,11,12,0,26,25,2,52,13,30,4,9,12,2,24,2,8,14,22,49,103,12,10,11,23,18,18,15,15,19,2,3,3,8,13,6
3017,7,10,12,8,4,26,7,57,13,6,57,67,44,211,206,222,6,3,2,30,3,2,4,52,9,92,52,68,63,17,220,12,8,1,18,27,18,31,4,58,56,24,61,71,126,52,16,32,63,124,251,1,1,2,0,0,5,24,22,21,17,54,15,49,77,135
3018,15,9,8,12,13,27,12,30,20,53,123,85,1,193,213,1,4,5,1,5,4,31,6,23,36,6,82,36,248,255,178,3,6,2,15,2,28,1,12,50,37,42,26,71,160,253,13,27,52,99,207,2,2,3,12,9,12,8,12,14,19,15,22,33,224,222
3019,26,6,11,2,6,30,24,16,23,46,16,108,20,72,47,161,0,7,3,19,31,24,59,63,19,32,106,91,181,59,188,0,1,7,9,7,10,33,40,60,115,121,15,144,23,42,6,11,17,37,83,6,7,1,30,10,23,46,47,28,39,65,51,166,86,117
3020,6,6,11,2,6,30,24,52,23,8,96,115,9,52,29,71,13,13,6,22,8,22,43,24,27,23,24,28,180,163,24,0,1,7,9,4,10,10,23,14,96,2,2,99,21,134,13,26,50,97,203,10,8,6,27,27,23,39,35,28,51,51,35,10,8,10
3021,35,1,1,13,18,31,22,17,30,28,79,124,28,6,67,24,1,2,10,17,22,26,22,21,21,112,21,122,67,24,21,1,7,11,19,22,5,20,10,16,108,66,111,186,41,140,2,3,5,9,23,11,0,13,21,22,21,10,11,11,0,1,0,32,47,44
3022,0,1,1,13,5,1,9,45,5,18,112,5,76,96,24,35,12,2,10,14,30,5,63,13,38,63,90,38,141,15,4,6,13,4,2,3,1,3,22,9,87,95,117,11,68,17,3,6,8,15,36,0,0,0,4,3,0,20,2,0,35,36,43,19,51,151
3023,58,0,4,15,17,2,18,53,8,40,120,90,40,62,163,171,5,4,12,11,12,12,15,38,14,15,38,14,112,147,12,15,15,15,16,30,13,2,63,22,85,62,62,31,219,152,12,23,42,81,171,5,11,10,8,8,9,9,3,15,12,9,13,29,16,18
3024,0,1,1,1,18,11,22,17,47,28,79,105,126,6,37,108,1,2,10,17,22,26,22,21,21,22,21,21,224,170,66,1,7,11,19,22,5,20,10,16,2,32,14,64,3,6,2,3,5,9,24,11,0,13,21,22,21,10,11,11,0,1,0,7,3,2
3025,19,14,10,0,14,23,19,34,18,19,102,18,19,9,203,178,10,9,8,12,14,11,14,15,10,14,64,10,18,16,120,11,12,0,26,25,2,52,13,30,4,9,12,2,24,2,8,14,22,49,103,12,10,11,23,18,18,15,15,19,2,3,3,8,13,6
3026,63,0,4,9,0,30,16,52,25,7,37,73,9,242,75,31,0,7,3,26,13,24,37,57,25,37,57,69,35,32,233,0,1,7,9,4,10,27,46,51,36,99,54,218,161,228,13,25,45,86,180,10,3,8,27,27,13,54,37,34,46,44,46,23,25,40
3027,53,14,14,3,23,21,4,49,10,26,49,83,64,53,245,32,8,7,3,26,31,24,62,43,43,120,108,105,116,122,117,0,1,7,4,4,10,5,1,37,31,22,76,217,82,32,9,17,27,55,116,6,10,12,24,26,17,53,39,35,40,71,52,157,161,175
3028,3,1,0,13,1,22,17,60,11,10,44,106,82,1,229,27,12,2,10,14,2,17,10,46,49,65,112,117,241,218,227,6,13,4,4,4,10,10,58,4,124,90,76,71,160,111,3,4,6,11,28,0,0,0,12,31,12,43,62,47,53,124,122,246,214,217
3029,24,4,14,3,31,7,4,38,59,23,116,120,23,128,127,59,8,15,14,18,16,13,18,17,16,18,17,16,14,14,13,5,3,6,23,6,20,25,30,7,21,106,52,78,95,105,9,17,27,55,116,14,14,12,28,28,27,31,34,29,13,11,14,1,1,1
3030,63,2,14,3,23,21,1,42,44,55,8,34,116,4,73,74,15,14,11,29,31,27,47,58,59,47,58,3,19,75,90,0,1,7,4,4,10,5,1,37,121,100,8,58,124,159,9,18,30,58,124,5,10,5,24,26,17,56,50,45,68,67,67,80,70,105
3031,31,0,4,15,17,2,18,18,36,59,120,90,59,247,142,149,5,4,12,11,12,12,15,38,14,15,38,14,218,19,231,15,15,15,16,30,13,18,17,22,32,62,60,239,181,235,12,23,42,80,168,5,11,10,8,8,9,9,3,15,12,9,13,34,16,72
3032,3,1,0,13,5,25,9,44,1,12,126,1,10,48,112,177,1,2,10,14,30,5,10,13,38,65,112,117,191,89,138,6,13,4,2,3,1,34,57,45,111,54,28,16,210,196,3,4,6,12,31,0,0,0,4,3,0,7,40,0,27,47,88,37,112,235
3033,43,0,4,15,21,2,18,48,33,56,48,84,56,151,156,80,5,4,12,11,12,12,46,60,48,100,127,48,247,162,161,15,15,15,16,30,13,50,39,27,25,107,86,253,156,251,12,23,41,79,165,5,11,10,8,8,9,37,3,37,21,26,33,11,55,16
3034,9,15,6,11,11,0,28,11,0,30,84,75,30,27,16,224,3,0,4,3,0,4,26,0,4,26,105,90,111,0,139,2,5,5,8,19,16,7,51,49,22,46,44,200,203,67,7,12,18,42,92,7,6,7,7,6,8,0,0,1,32,28,16,39,35,35
3035,4,9,2,12,9,20,20,61,12,39,90,122,39,51,3,197,9,11,5,13,26,14,42,11,23,126,122,107,39,252,19,0,1,7,20,20,25,46,45,40,71,92,49,148,71,247,10,20,35,70,148,8,3,9,17,16,20,25,26,23,50,40,27,161,133,69
3036,22,12,8,7,15,20,29,46,42,11,87,42,11,215,88,253,4,5,1,5,4,31,38,62,55,38,75,55,211,251,56,3,6,2,31,5,4,48,21,6,30,94,127,76,234,108,1,2,2,4,11,2,2,3,1,1,1,14,24,22,16,120,19,25,9,149
3037,1,11,15,5,10,10,30,49,31,36,49,31,14,7,225,144,0,7,3,7,11,7,35,42,8,55,89,94,184,67,97,0,9,7,4,4,10,5,1,37,112,22,76,216,229,20,14,28,55,109,225,4,4,4,20,20,22,49,48,44,120,55,90,102,105,53
3038,44,1,0,13,1,22,17,44,1,10,44,106,10,125,112,177,1,2,10,1,2,25,10,2,38,65,112,117,191,89,138,6,13,4,30,13,23,19,14,41,17,39,107,195,210,162,3,4,6,12,31,0,0,0,9,7,10,1,1,3,22,0,2,115,109,180
3039,46,12,8,7,15,18,12,32,16,32,64,24,73,181,40,118,4,5,1,5,4,15,21,50,62,21,5,62,62,51,238,3,6,2,31,5,4,21,0,23,114,127,71,33,35,174,1,2,4,7,18,2,2,3,1,1,1,4,4,4,10,21,1,190,38,51
3040,43,10,12,8,4,26,7,35,38,6,121,38,6,86,32,132,6,3,2,24,3,28,27,31,40,102,107,40,107,52,118,8,2,12,24,16,17,41,59,12,56,4,61,158,49,192,16,32,64,128,256,1,1,2,15,11,5,35,25,33,28,22,24,5,152,3
3041,57,7,5,8,25,3,2,57,2,44,117,111,75,90,97,101,6,3,2,30,3,2,4,6,9,4,71,9,221,46,36,12,8,1,7,9,14,10,58,4,124,90,76,71,160,100,16,32,63,124,251,1,1,2,0,0,5,24,22,21,56,66,15,178,194,164
3042,48,15,6,11,11,5,28,22,9,30,93,9,30,206,234,33,3,0,4,3,0,4,26,0,4,66,117,4,154,143,216,2,5,5,8,19,16,7,51,49,22,46,9,100,175,0,7,12,18,42,91,7,6,7,7,6,8,0,0,1,26,14,57,44,35,23
3043,3,1,1,13,18,11,22,17,47,18,17,91,102,243,37,108,1,2,10,14,22,26,10,21,49,10,13,106,233,142,205,6,13,4,2,3,1,3,22,9,27,13,58,178,117,193,13,25,47,89,185,0,0,0,4,3,0,7,2,0,97,92,91,147,137,128
3044,29,15,9,11,11,28,28,50,46,24,77,46,74,213,136,106,3,0,4,25,25,23,3,27,29,3,113,102,91,92,75,2,5,5,17,14,19,43,24,32,29,61,34,128,10,101,7,13,20,46,96,7,6,7,19,21,19,6,8,7,69,61,71,38,31,20
3045,62,12,8,7,15,18,29,46,42,11,46,42,67,11,210,97,1,2,10,1,2,25,1,2,17,1,2,79,159,156,136,3,6,2,31,5,4,10,58,4,124,19,122,71,249,208,3,4,6,12,30,2,2,3,1,1,10,14,1,4,104,95,105,154,91,131
3046,55,1,0,13,1,22,17,44,5,34,60,5,82,64,4,143,1,2,10,14,30,5,10,46,49,65,13,117,241,218,227,6,13,4,30,13,23,3,22,9,81,86,18,249,86,191,3,4,6,11,27,0,0,0,4,3,0,20,2,0,83,81,64,90,51,103
3047,6,6,11,2,26,30,0,5,14,20,5,36,94,5,63,255,2,6,15,19,15,18,54,16,15,98,16,109,6,173,148,0,1,7,9,4,10,49,38,56,124,90,76,171,235,110,10,20,37,72,154,8,12,9,11,16,11,45,56,42,45,46,42,57,26,82
3048,30,11,15,5,10,17,16,52,25,14,52,72,122,217,193,40,13,13,6,16,28,9,13,30,6,94,30,84,13,77,137,0,1,7,0,31,15,57,23,14,59,33,123,173,166,225,11,22,40,76,160,9,8,6,5,5,7,5,7,5,63,37,45,121,21,55
3049,4,3,2,4,9,20,20,61,12,39,90,122,39,147,123,197,9,11,5,13,26,14,42,11,23,42,11,23,110,249,35,0,1,7,20,20,25,46,45,40,127,69,89,47,154,46,10,20,35,70,148,8,3,9,17,16,20,25,26,23,42,64,27,52,29,69
3050,11,1,1,13,18,31,22,17,47,28,79,124,126,6,37,24,1,2,10,17,22,26,22,21,21,22,21,21,224,170,66,1,7,11,19,22,5,20,10,16,2,32,14,64,3,6,2,3,5,9,24,11,0,13,21,22,21,10,11,11,0,1,0,7,3,2
3051,13,10,12,8,4,26,21,35,58,21,35,58,21,86,97,27,6,3,2,24,3,28,27,31,60,27,71,60,179,179,176,0,1,7,4,4,10,10,58,4,124,90,76,71,160,253,16,32,62,123,249,1,1,2,15,11,5,43,62,47,94,124,122,246,214,217
3052,27,0,4,15,17,2,18,47,36,40,75,68,81,187,222,154,5,4,12,11,12,12,45,59,52,45,59,52,122,70,226,15,15,15,16,30,13,12,56,52,88,118,73,253,184,251,13,25,48,92,191,5,11,10,8,8,9,9,46,15,79,75,76,70,87,81
3053,59,11,13,5,8,29,30,31,32,35,65,65,35,24,162,200,7,12,13,21,5,29,28,22,37,28,22,87,22,226,26,9,9,9,5,17,3,23,28,17,23,27,22,30,13,1,14,28,55,107,222,4,4,4,20,20,22,11,17,17,1,5,4,4,7,7
3054,49,8,15,9,12,4,8,51,45,33,51,45,33,61,139,21,0,7,3,4,19,16,19,45,47,19,45,47,54,78,107,0,1,7,9,1,10,33,40,60,84,89,105,226,245,249,13,24,43,83,176,6,3,8,18,15,13,13,31,16,25,49,53,67,63,190
3055,7,8,0,9,12,4,8,44,45,33,100,87,96,195,72,99,12,2,10,14,10,17,10,46,49,109,96,49,42,178,202,0,1,7,4,1,10,10,58,4,124,28,76,71,160,253,13,24,43,83,174,6,3,8,18,15,13,13,33,16,114,104,41,184,192,200
3056,28,12,8,7,15,18,12,32,20,61,30,20,61,34,164,139,4,5,1,5,4,15,21,50,62,103,50,62,210,96,213,3,6,2,15,2,28,1,25,29,118,93,98,14,83,16,1,2,4,8,22,2,2,3,1,9,1,33,28,38,8,20,10,54,50,24
3057,57,10,12,8,4,26,7,57,58,27,121,67,27,22,97,151,6,3,2,30,3,2,4,6,9,4,71,9,155,101,126,12,8,1,4,4,10,10,58,4,5,104,81,85,208,31,16,32,64,126,254,1,1,2,0,0,5,26,27,27,56,66,56,65,114,61
3058,30,11,13,5,8,29,3,4,32,3,78,114,127,235,135,13,7,12,13,21,23,29,5,53,20,64,114,20,57,38,237,9,9,9,0,31,15,58,16,62,65,64,91,127,63,23,14,28,55,109,224,4,4,4,2,2,2,29,30,30,3,16,21,40,69,13
3059,41,1,0,13,1,22,17,60,11,10,60,106,82,197,112,177,1,2,10,1,2,25,1,2,17,105,2,17,1,109,208,6,13,4,30,13,23,19,14,41,81,86,124,170,105,51,3,4,6,12,29,0,0,0,9,7,10,1,1,3,55,0,69,35,109,124
3060,7,10,12,8,4,26,21,35,38,6,35,58,6,44,32,20,6,3,2,24,27,28,27,31,2,95,31,72,51,194,52,8,2,12,24,16,17,41,59,12,56,4,61,158,49,192,16,32,62,123,249,1,1,2,15,11,5,35,25,33,28,22,24,5,152,3
3061,40,2,9,3,2,28,16,15,8,40,15,8,69,183,116,58,8,10,7,26,31,24,46,60,63,123,60,97,165,158,147,15,15,15,4,4,10,2,63,4,120,119,85,151,37,109,9,15,25,52,109,5,5,5,16,19,9,19,3,18,12,9,98,29,125,93
3062,39,15,9,11,11,6,28,50,46,24,77,46,74,213,136,245,3,0,4,25,25,23,3,27,29,3,113,102,91,92,75,7,0,10,17,14,19,43,24,32,29,61,34,128,10,101,7,13,20,46,96,7,6,7,19,21,19,6,8,7,69,61,71,38,31,20
3063,44,10,12,8,4,26,21,35,40,31,70,58,80,44,143,207,6,3,2,24,27,28,27,31,2,95,31,72,51,73,173,8,2,12,24,16,17,53,34,33,24,17,20,74,65,181,16,32,62,123,249,1,1,2,15,11,5,35,25,33,34,22,24,21,30,31
3064,58,2,14,3,23,9,1,12,10,36,12,126,26,171,170,98,15,14,11,26,31,24,62,43,42,70,67,42,246,88,100,0,1,7,4,4,10,5,1,37,31,57,109,225,89,198,9,18,30,59,125,6,10,11,24,18,17,59,54,58,80,80,59,188,216,154
3065,53,11,13,5,8,29,30,31,32,35,98,32,35,24,43,144,7,12,13,21,5,29,28,22,37,127,22,37,183,69,235,9,9,9,5,17,3,23,28,17,112,90,22,216,229,20,14,28,55,109,224,4,4,4,20,20,22,11,17,17,1,5,4,102,227,53
3066,15,9,8,12,13,27,12,30,20,53,61,85,53,193,87,139,4,5,1,5,4,31,6,23,36,6,82,36,29,5,32,3,6,2,15,2,28,1,12,50,37,42,26,67,34,220,1,1,1,3,5,2,2,3,12,9,12,8,28,14,8,20,22,43,160,207
3067,17,11,15,5,10,17,16,52,25,14,72,69,122,217,185,156,0,7,3,7,11,7,55,3,30,86,3,30,228,168,253,0,1,7,0,31,15,15,23,19,53,44,125,41,240,122,13,26,50,96,202,4,4,4,2,2,2,58,7,57,87,102,102,192,132,140
3068,52,3,2,9,0,9,16,39,62,7,39,77,9,201,47,213,15,14,3,26,8,24,25,48,39,25,41,39,105,98,152,0,1,7,4,4,10,61,35,39,91,20,63,98,0,103,13,27,51,98,205,8,7,9,30,10,26,47,45,43,38,43,40,68,83,56
3069,22,10,12,9,0,30,16,52,49,7,52,73,9,179,75,31,0,7,3,26,13,24,37,57,25,37,57,69,214,32,233,0,1,7,9,4,10,27,46,51,36,99,54,218,161,228,3,4,6,10,26,10,3,8,27,27,13,54,37,34,46,44,46,23,25,40
3070,3,15,6,11,11,5,28,22,9,30,22,127,30,202,243,33,3,0,4,3,0,4,26,0,4,106,0,90,129,174,71,2,5,5,8,19,16,51,8,13,73,51,23,112,149,224,7,12,18,41,90,7,6,7,7,6,8,0,0,1,26,14,26,64,97,159
3071,20,6,11,2,26,30,24,24,23,20,96,107,9,175,255,103,2,6,15,19,15,18,59,63,15,59,63,119,115,64,68,0,1,7,9,7,10,22,60,53,102,115,25,197,42,160,6,11,17,37,84,10,7,1,25,10,23,28,35,28,51,51,44,53,76,110
3072,61,5,3,10,19,19,13,41,27,45,41,27,47,50,250,25,14,6,0,23,6,0,12,49,0,12,73,0,235,172,69,10,10,3,12,15,11,14,2,4,126,79,114,12,109,119,4,8,13,29,65,3,9,1,3,4,3,2,5,6,66,69,66,91,68,59
3073,1,6,14,2,6,16,4,14,10,16,71,97,16,123,187,188,2,6,15,2,15,18,52,4,15,108,79,73,190,86,86,0,1,7,4,4,10,10,58,4,94,96,101,28,180,79,9,18,31,61,130,3,9,1,23,18,18,15,58,52,93,98,100,114,120,108
3074,5,6,11,2,6,30,24,24,23,8,96,23,8,55,12,208,2,6,15,19,15,18,59,63,19,32,91,77,96,222,187,0,1,7,9,7,10,22,60,53,115,121,90,179,40,26,3,5,7,14,34,10,5,1,25,19,23,28,35,28,51,96,95,186,196,166
3075,60,13,7,14,3,15,27,3,35,17,3,35,17,172,148,77,11,8,9,9,9,8,8,7,11,8,7,11,8,8,243,4,4,8,21,11,0,13,6,21,43,23,69,38,187,9,5,9,14,30,70,13,13,14,26,25,25,23,23,20,6,6,8,0,0,0
3076,9,15,6,11,11,5,28,22,9,30,84,9,100,206,16,224,3,0,4,3,0,4,26,0,4,26,105,90,111,0,139,2,5,5,8,19,16,7,51,49,15,12,44,54,7,187,7,12,18,42,92,7,6,7,7,6,8,0,0,1,32,28,16,39,36,35
3077,48,15,6,11,11,0,28,22,0,30,122,127,30,67,234,7,3,0,4,3,0,4,26,0,4,106,0,90,129,0,139,2,5,5,8,19,16,51,8,13,22,46,44,100,60,39,7,12,18,42,92,7,6,7,7,6,8,0,0,1,26,14,26,44,35,23
3078,3,13,7,6,27,13,6,52,60,1,52,115,65,139,128,110,13,13,6,22,8,22,51,30,24,94,30,84,72,246,137,0,1,7,4,4,10,57,23,14,96,2,2,71,57,134,13,26,50,97,203,9,8,6,5,5,7,3,6,2,63,37,45,132,65,55
3079,44,10,12,9,12,4,21,43,40,31,70,110,80,190,70,20,0,7,3,4,27,16,44,29,47,44,29,2,151,74,16,8,2,12,24,16,17,53,34,33,24,17,20,74,29,5,16,32,62,122,247,1,3,8,18,11,13,13,25,16,34,13,39,21,30,31
3080,55,3,0,1,30,1,15,59,7,38,108,7,84,73,134,129,12,2,10,31,10,30,20,25,26,20,86,98,26,33,22,6,13,4,2,3,1,29,26,5,90,50,21,71,4,71,3,7,9,20,47,0,0,0,14,12,0,18,19,8,15,18,12,9,115,83
3081,61,5,3,10,19,24,13,58,55,47,91,55,99,118,219,115,14,6,0,23,6,0,12,49,54,80,49,54,167,56,91,10,10,3,27,28,30,56,19,3,68,21,27,34,1,60,4,8,12,27,63,3,9,1,3,4,3,42,42,40,31,29,34,16,15,17
3082,56,13,7,6,27,14,6,25,21,58,88,21,83,149,171,131,13,13,6,16,28,9,13,12,6,13,12,6,130,184,222,0,1,7,1,0,22,0,42,61,101,113,35,115,116,153,11,22,40,77,162,9,8,6,5,5,7,3,6,2,20,33,17,18,18,27
3083,40,2,9,3,28,6,23,63,56,50,92,54,50,97,23,162,8,10,7,6,7,10,16,34,3,97,34,103,120,100,130,7,0,10,25,18,8,10,58,4,124,90,76,82,153,203,7,13,21,48,100,7,6,7,19,21,19,6,8,7,5,7,7,12,2,9
3084,15,1,1,13,5,1,9,45,5,37,126,5,77,120,4,51,12,2,10,14,30,5,63,13,38,63,90,38,141,58,4,6,13,4,2,3,1,3,22,9,27,13,58,234,4,12,3,7,9,20,47,0,0,0,4,3,0,7,2,0,67,91,70,128,115,83
3085,17,11,15,5,10,17,3,51,50,14,51,50,124,136,60,83,7,12,13,7,23,7,55,3,61,81,124,61,73,3,92,9,9,9,0,31,15,15,50,19,0,56,121,37,170,137,13,26,49,95,200,4,4,4,2,2,2,5,7,5,99,19,37,46,142,197
3086,44,10,12,8,4,26,21,35,58,31,35,58,31,104,143,132,6,3,2,24,27,28,27,31,2,95,31,72,51,73,173,8,2,12,24,16,17,41,59,12,79,68,75,243,222,181,16,32,62,123,249,1,1,2,15,11,5,35,25,33,28,22,24,5,10,3
3087,62,10,12,8,4,26,7,55,58,27,55,101,18,244,217,187,6,3,2,10,17,21,33,39,60,79,72,75,135,115,166,12,8,1,4,4,10,59,44,47,47,48,83,60,22,161,3,7,11,22,51,1,1,2,0,0,4,22,9,9,54,56,31,212,42,46
3088,58,2,10,3,26,21,0,6,56,26,34,126,26,246,23,78,8,10,7,6,7,10,36,35,63,36,119,108,222,208,192,0,1,7,4,4,10,10,58,4,124,90,76,71,160,37,7,13,21,48,100,12,5,11,23,18,18,53,43,45,125,73,74,210,138,251
3089,49,13,15,6,27,14,6,25,28,58,88,28,58,91,167,165,13,13,6,16,28,9,49,30,57,49,110,57,84,160,80,0,1,7,1,0,22,57,23,14,96,2,2,231,207,158,11,22,40,77,161,9,8,6,5,5,7,3,6,2,63,37,45,183,186,98
3090,5,6,11,2,6,30,24,5,23,20,5,107,94,5,63,145,2,6,15,19,15,18,59,63,15,59,63,119,115,64,68,0,1,7,9,7,10,22,60,53,102,115,25,171,235,110,6,11,17,37,84,10,7,1,13,10,23,28,35,28,45,46,44,57,26,82
3091,34,3,2,4,9,8,20,5,12,39,68,36,94,42,172,55,9,14,5,29,29,27,11,33,32,101,97,74,132,42,224,0,1,7,20,20,25,49,38,56,123,73,70,254,157,199,10,20,37,72,153,8,3,9,17,16,20,45,33,42,45,46,42,140,26,85
3092,8,12,8,7,13,18,12,30,20,61,30,20,61,34,154,139,4,5,1,5,4,15,21,50,62,103,50,62,210,96,213,3,6,2,15,2,28,1,25,29,118,93,100,103,185,151,1,2,4,8,21,2,2,3,1,9,12,33,28,38,8,20,10,54,50,158
3093,32,6,11,2,20,12,11,19,4,22,19,4,22,126,54,85,2,6,15,2,15,18,2,44,46,2,44,46,100,4,27,13,14,13,11,21,21,40,33,31,86,108,72,66,15,129,6,10,15,31,72,3,7,1,13,14,15,16,16,12,9,8,9,2,4,12
3094,30,11,13,5,8,29,3,4,50,3,98,95,78,84,157,184,7,12,13,21,23,29,5,53,20,64,114,20,57,38,237,9,9,9,0,31,15,58,16,62,65,64,91,157,141,91,14,29,57,114,233,4,4,4,2,2,2,11,30,30,3,16,21,40,69,60
3095,55,1,1,1,30,1,15,59,5,34,112,5,77,96,24,126,12,2,10,14,30,5,63,13,5,117,101,5,9,87,140,6,13,4,2,3,1,3,22,9,87,95,117,11,68,164,3,6,8,15,36,0,0,0,4,12,0,20,2,8,35,36,43,19,33,50
3096,33,5,3,10,19,19,13,41,27,47,41,27,47,50,250,25,14,6,0,23,6,0,12,49,0,12,73,0,255,192,218,10,10,3,12,15,11,14,2,4,126,79,114,12,109,119,4,8,13,29,65,3,9,1,3,4,3,2,5,6,66,69,66,91,68,59
3097,56,10,12,6,4,26,7,35,58,6,35,38,6,211,32,222,6,3,2,24,3,28,27,31,40,102,107,40,107,52,118,8,2,12,24,16,17,10,59,12,56,4,61,158,49,192,16,32,64,128,256,1,1,2,15,11,5,35,25,33,28,22,24,5,152,3
3098,32,6,11,2,20,12,11,19,17,22,19,4,22,111,54,29,2,6,15,2,15,18,2,44,46,2,44,46,100,4,27,13,14,13,11,21,21,40,33,31,86,108,72,66,15,129,6,10,15,31,72,3,7,1,13,14,15,16,16,12,9,8,9,2,4,12
3099,16,10,0,8,1,22,17,1,11,10,69,106,107,1,41,73,6,3,2,24,27,28,27,31,2,95,31,72,51,194,173,6,13,4,30,13,23,19,14,41,124,90,76,170,160,51,3,4,6,12,29,0,0,0,9,7,10,1,1,3,55,22,69,177,45,103
3100,52,3,7,6,28,9,1,52,60,63,119,78,65,191,185,110,13,13,6,22,8,22,51,30,24,93,48,118,72,53,247,0,1,7,4,4,10,57,23,14,96,2,2,227,57,141,13,26,50,97,204,9,8,6,5,5,7,55,6,2,73,37,80,66,65,132
3101,1,6,11,9,26,30,24,39,23,9,39,107,9,52,47,213,0,7,3,26,8,24,43,41,27,72,41,82,105,98,152,0,1,7,9,4,10,61,35,39,91,20,63,71,21,103,6,11,17,37,83,8,7,9,30,10,26,47,45,43,38,43,40,68,83,56
3102,44,10,12,9,12,4,21,43,40,33,70,110,80,190,70,114,0,7,3,4,19,16,44,29,47,44,29,2,151,74,16,8,2,12,24,16,17,53,34,33,24,17,20,147,65,113,16,32,62,122,247,1,3,8,18,11,13,13,25,16,34,13,39,21,30,31
3103,8,3,0,1,30,1,15,33,7,55,33,96,55,49,153,129,0,7,3,26,11,24,31,42,8,35,95,114,59,45,135,0,1,7,2,3,1,29,26,5,61,88,74,142,246,229,9,18,29,57,122,0,0,0,24,26,31,18,55,55,103,60,58,71,46,47
3104,35,1,1,13,18,31,22,17,47,28,79,47,28,6,37,24,1,2,10,17,22,26,22,21,21,22,21,21,224,170,66,1,7,11,19,22,5,20,10,16,2,32,14,64,3,6,2,3,5,9,24,11,0,13,21,22,21,10,11,11,0,1,0,7,3,2
3105,54,13,7,9,29,14,14,62,63,15,62,63,119,102,52,138,13,13,6,22,8,22,23,24,28,23,24,28,31,23,24,0,1,7,6,10,9,8,18,20,124,37,76,176,123,184,11,21,38,74,156,9,8,6,27,27,30,39,41,41,33,34,35,10,8,10
3106,16,1,0,13,1,22,17,1,11,10,1,112,107,109,41,148,1,2,10,1,2,25,1,2,17,105,2,17,1,109,208,6,13,4,30,13,23,19,14,41,81,86,124,222,17,111,3,4,6,11,28,0,0,0,9,7,10,1,1,3,55,0,2,35,45,112
3107,28,12,8,7,15,18,12,32,20,61,30,20,61,181,164,139,4,5,1,5,4,15,21,50,62,103,50,62,60,96,123,3,6,2,15,2,28,1,25,29,37,90,98,14,83,16,1,2,4,8,22,2,2,3,1,9,1,33,28,38,8,20,10,54,50,95
3108,59,11,13,5,8,29,30,31,32,35,65,65,35,24,160,75,7,12,13,21,5,29,28,22,37,28,22,87,22,226,26,9,9,9,5,17,3,23,28,17,23,27,22,185,159,194,14,28,55,107,221,4,4,4,20,20,22,11,17,17,1,5,4,4,7,7
3109,47,2,14,3,16,16,25,14,37,41,14,94,69,60,141,188,8,10,7,27,24,6,56,18,41,56,123,127,102,91,145,15,15,15,3,26,26,11,5,57,119,6,13,10,167,175,13,26,49,93,193,10,5,5,16,19,24,19,21,18,49,53,50,69,74,120
3110,55,1,1,1,5,1,9,45,5,18,112,5,77,96,24,126,12,2,10,14,30,5,63,13,5,117,101,5,9,87,140,6,13,4,2,3,1,3,22,9,11,95,18,249,86,191,3,6,8,15,36,0,0,0,4,3,0,20,2,0,35,36,43,19,51,104
3111,28,2,9,3,2,28,26,6,56,49,127,79,49,233,23,78,8,10,7,6,7,10,16,34,7,97,34,103,237,138,130,0,1,7,4,4,10,10,58,4,93,90,76,221,103,179,6,11,16,32,73,5,5,5,6,24,6,30,18,24,24,30,20,145,147,150
3112,36,3,2,4,0,8,10,16,61,4,86,73,46,242,227,102,0,7,3,26,31,24,58,10,58,58,10,76,173,9,18,0,1,7,9,4,10,10,58,4,74,91,15,119,160,253,10,20,37,72,152,8,12,6,31,29,28,46,47,48,39,42,97,113,122,129
3113,31,0,4,15,17,2,18,53,36,59,120,90,40,247,163,149,5,4,12,11,12,12,15,38,14,15,38,14,112,147,12,15,15,15,16,30,13,18,17,22,32,62,62,71,160,253,12,23,41,78,163,5,11,10,8,8,9,9,3,15,12,9,13,34,16,18
3114,9,15,6,11,11,5,28,22,9,30,22,127,30,206,243,33,3,0,4,3,0,4,26,0,4,106,0,90,129,174,71,2,5,5,8,19,16,51,8,13,73,51,23,112,149,224,7,12,18,41,90,7,6,7,7,6,8,0,0,1,26,14,26,64,35,23
3115,11,1,1,13,5,25,9,45,1,18,112,1,112,184,175,221,12,2,10,14,30,5,63,13,38,63,90,78,53,185,186,6,13,4,2,3,1,3,22,9,11,13,58,206,204,17,3,6,8,17,42,0,0,0,4,3,0,7,2,0,27,82,64,142,131,171
3116,12,13,7,6,27,14,6,25,28,58,118,62,118,101,99,56,13,13,6,16,28,9,13,12,6,104,69,96,58,76,221,0,1,7,1,0,22,26,29,48,44,76,79,122,205,41,11,22,39,75,159,9,8,6,5,5,7,3,6,2,59,58,55,30,40,42
3117,4,3,2,4,9,20,20,61,12,39,90,122,39,251,27,211,9,11,5,13,26,14,42,11,23,126,11,23,39,30,112,0,1,7,20,20,25,46,45,40,127,69,89,137,26,252,10,20,36,71,149,8,3,9,17,16,20,25,26,23,42,78,60,52,29,165
3118,25,6,11,2,6,30,24,24,23,36,71,97,36,29,169,64,2,6,15,19,15,18,59,63,19,32,91,64,96,189,119,0,1,7,9,4,10,5,1,37,69,29,47,220,12,182,9,18,32,63,133,3,7,1,13,14,15,28,44,53,52,57,48,122,101,115
3119,12,13,7,6,27,14,6,25,60,58,74,123,58,28,48,40,13,13,6,16,28,9,13,30,6,94,30,84,13,77,137,0,1,7,1,0,22,57,11,14,59,33,123,173,166,225,11,22,40,76,160,9,8,6,5,5,7,3,6,2,63,37,45,121,21,55
3120,23,7,5,8,25,3,2,37,2,21,97,2,21,43,224,45,6,3,2,10,17,21,34,55,31,34,55,31,162,44,164,12,8,1,4,4,10,33,58,60,124,90,76,183,21,253,15,30,59,117,240,1,1,2,0,0,4,17,13,10,87,42,51,195,124,156
3121,49,11,15,6,10,17,16,40,31,14,40,74,97,116,167,205,0,7,3,7,11,7,55,3,30,71,42,93,73,3,92,0,1,7,4,4,10,15,50,19,9,103,7,72,250,128,13,27,54,103,215,4,4,4,2,2,2,49,57,44,90,76,94,124,106,189
3122,33,5,3,10,19,19,13,41,57,42,41,57,47,123,248,179,14,6,0,23,6,0,12,49,0,12,73,104,235,18,69,10,10,3,12,15,11,14,2,4,126,79,114,125,147,167,4,8,13,29,65,3,9,1,3,4,3,2,5,6,7,4,6,59,27,59
3123,24,2,14,3,1,22,4,1,56,26,69,66,95,197,245,142,8,15,14,18,16,13,18,17,16,18,17,16,200,14,13,0,1,7,30,13,23,19,14,41,1,25,53,108,91,51,9,17,27,55,116,14,14,12,9,7,10,1,34,3,44,11,14,130,17,246
3124,5,6,11,2,26,30,0,24,14,0,89,79,97,30,103,112,2,6,15,19,15,18,32,16,15,98,16,111,126,197,172,0,1,7,9,4,10,55,15,24,124,90,90,29,209,54,6,11,16,35,80,3,7,1,26,25,25,23,44,20,52,57,48,198,188,203
3125,32,8,14,4,28,21,1,33,44,55,33,126,55,53,153,11,15,14,11,0,20,3,41,9,45,41,99,80,61,34,159,0,1,7,4,4,10,30,52,37,61,88,74,142,246,229,13,27,53,102,213,6,10,14,24,26,31,43,55,55,103,60,58,71,46,47
3126,55,1,1,13,5,1,9,45,5,34,112,5,34,184,4,221,12,2,10,14,30,5,63,13,38,63,90,38,244,15,244,6,13,4,2,3,1,3,22,9,11,95,18,249,86,17,3,6,8,15,36,0,0,0,4,3,0,20,2,0,83,81,64,90,51,104
3127,13,8,2,4,28,9,1,12,43,63,12,3,86,122,114,11,15,14,11,0,20,3,41,9,45,41,99,80,99,176,111,0,1,7,4,4,10,30,52,55,95,120,4,161,169,244,13,27,53,102,213,6,3,8,10,13,14,21,20,25,37,50,49,105,39,66
3128,22,3,7,4,26,13,14,10,49,9,127,56,97,103,109,113,0,7,3,26,31,22,50,54,51,84,54,82,156,35,114,0,1,7,4,4,10,10,58,4,113,37,37,44,28,73,7,13,21,48,99,7,7,6,31,29,28,48,49,49,91,101,114,170,172,187
3129,12,13,2,6,27,14,6,42,62,58,118,62,118,101,99,56,13,13,6,16,28,9,13,12,6,104,69,96,58,76,221,0,1,7,1,0,22,26,29,48,44,76,79,122,205,41,11,22,39,75,159,9,8,6,5,5,7,3,6,2,59,58,55,30,40,42
3130,36,3,0,1,30,13,15,23,7,38,85,7,84,23,27,153,12,2,10,31,10,30,53,46,26,90,68,26,229,201,103,0,1,7,2,3,1,10,58,4,124,90,76,88,254,176,10,20,37,72,152,0,0,0,14,12,0,18,19,8,95,121,12,222,146,192
3131,19,14,10,0,14,23,19,34,18,19,102,18,19,9,38,178,10,9,8,12,14,11,14,15,10,14,64,10,18,16,120,11,12,0,26,25,2,52,13,30,4,9,12,2,24,2,8,14,22,49,103,12,10,11,23,18,18,15,15,19,2,3,3,8,13,6
3132,3,3,0,1,30,21,15,59,33,38,108,34,38,4,196,74,1,2,10,1,2,25,1,2,17,105,88,117,64,97,113,6,13,4,4,4,10,10,58,4,17,90,76,79,105,240,3,7,11,23,53,0,0,0,9,7,10,62,19,3,113,97,120,215,175,168
3133,49,8,15,9,12,4,8,42,45,33,51,45,33,170,72,96,15,14,3,26,13,24,39,20,53,39,80,116,56,236,204,0,1,7,4,1,10,10,58,4,124,90,76,71,170,253,13,24,43,83,174,6,3,8,8,15,9,9,31,15,114,49,13,184,192,200
3134,50,15,6,11,11,5,28,22,9,57,22,127,115,206,243,33,3,0,4,3,0,4,26,0,4,106,0,90,129,174,71,2,5,5,8,19,16,51,8,13,73,51,23,112,149,224,7,12,18,41,90,7,6,7,7,6,8,0,0,1,26,14,26,64,49,159
3135,59,11,15,5,10,29,3,4,50,14,82,69,98,217,193,38,7,12,13,7,23,7,55,3,61,5,115,88,177,164,8,9,9,9,0,31,15,15,50,19,9,103,29,231,247,88,14,29,57,113,230,4,4,4,2,2,2,5,7,5,11,19,28,141,71,94
3136,53,8,7,4,28,9,1,47,3,1,47,3,25,255,20,11,15,14,11,0,20,3,0,9,53,0,109,53,166,43,203,0,1,7,4,1,10,30,52,55,57,112,102,19,121,168,13,27,53,102,213,6,3,8,10,13,14,21,20,25,60,59,62,74,85,74
3137,17,11,15,5,10,17,3,51,50,14,4,50,98,68,60,83,7,12,13,7,23,7,55,3,61,81,124,61,136,3,210,9,9,9,0,31,15,15,50,19,0,56,29,37,170,137,14,29,57,113,231,4,4,4,2,2,2,5,7,5,11,19,37,46,104,116
3138,56,8,7,9,12,4,8,43,45,33,37,45,33,169,72,60,0,7,3,26,19,24,19,45,47,19,20,25,152,148,33,0,1,7,9,1,10,33,40,60,99,5,120,226,245,253,13,24,43,83,175,6,3,8,18,15,13,13,31,16,25,13,53,159,170,141
3139,22,3,1,9,0,25,14,16,19,9,17,91,7,25,239,218,9,11,10,31,10,14,53,46,26,121,122,107,104,106,167,0,1,7,9,4,10,10,58,4,77,116,10,169,30,59,6,11,17,36,82,0,0,0,4,3,13,57,37,34,111,114,93,161,133,111
3140,54,13,7,9,29,14,14,62,26,15,62,26,119,65,52,70,13,13,6,22,8,22,23,24,28,23,24,28,31,23,24,0,1,7,6,10,9,8,18,20,41,14,80,20,18,82,11,21,38,73,155,9,8,6,27,27,30,39,41,41,33,34,35,10,8,10
3141,21,9,8,12,13,27,20,30,24,53,103,66,111,141,192,37,4,5,1,28,4,1,61,37,1,61,102,1,85,41,156,3,6,2,15,2,28,1,12,50,40,28,1,67,80,19,1,1,1,3,4,2,2,3,12,9,12,8,12,14,19,15,32,95,23,33
3142,46,9,8,12,13,27,29,44,24,5,44,66,5,166,210,134,4,11,5,5,26,31,38,62,55,38,83,55,217,139,248,3,6,2,4,4,10,10,58,4,124,97,127,255,249,208,1,2,2,4,9,2,2,3,9,7,10,14,24,22,104,95,105,154,91,131
3143,56,3,7,12,13,13,1,25,21,4,25,14,63,138,110,131,13,13,6,22,8,22,51,30,24,51,78,24,75,202,116,0,1,7,4,4,10,10,58,4,116,70,104,168,122,149,13,27,54,104,216,9,8,6,5,5,7,38,61,2,64,111,54,220,78,172
3144,33,5,3,10,19,19,13,41,27,45,41,27,47,50,250,25,14,6,0,23,6,0,12,49,0,12,73,0,255,192,218,10,10,3,12,15,11,14,2,4,126,79,114,12,109,119,4,8,13,29,65,3,9,1,3,4,3,2,5,6,66,69,66,59,68,59
3145,40,5,3,10,19,19,13,36,57,43,58,57,43,85,18,246,14,6,0,23,6,0,12,49,54,80,49,54,142,192,91,10,10,3,4,4,10,5,1,37,124,90,38,70,188,90,9,18,32,63,135,3,9,1,3,4,3,42,42,40,31,29,34,193,138,204
3146,40,2,14,3,21,16,25,48,33,56,48,84,56,14,156,41,5,4,12,11,12,12,46,60,48,46,60,97,65,66,48,15,15,15,4,4,10,10,58,4,119,6,13,237,156,49,9,18,32,63,133,10,5,5,16,19,24,19,21,18,49,53,50,69,74,16
3147,9,15,6,11,11,0,28,11,41,57,122,75,115,221,218,7,3,0,4,3,0,4,26,0,4,26,105,90,111,0,139,2,5,5,8,19,16,51,8,13,92,122,66,92,129,76,7,12,18,42,92,7,6,7,7,6,8,0,0,1,47,14,26,83,95,77
3148,21,9,8,12,13,27,20,30,24,53,123,66,63,193,33,189,4,5,1,28,4,31,61,37,1,61,102,1,85,41,156,3,6,2,15,2,28,1,12,50,40,42,26,201,163,213,1,1,1,3,5,2,2,3,12,9,12,8,12,14,19,15,32,33,151,33
3149,45,7,5,8,25,3,2,37,2,21,97,2,21,43,224,89,6,3,2,10,17,21,34,55,31,34,55,95,162,118,164,12,8,1,7,9,14,44,37,44,18,1,16,183,126,233,15,30,59,117,240,1,1,2,0,0,4,17,13,10,14,12,11,20,124,11
3150,14,2,4,3,21,28,31,48,33,56,48,33,116,137,102,236,8,10,7,6,7,10,36,35,63,114,119,63,87,54,87,15,15,15,13,7,24,60,9,36,78,10,6,77,73,44,12,23,41,78,164,5,5,5,6,17,6,36,10,39,29,32,30,17,48,70
3151,63,8,2,6,23,4,8,47,3,25,47,103,25,170,20,96,15,14,11,0,20,3,39,9,53,39,80,116,195,253,93,0,1,7,4,1,10,63,61,35,104,0,65,164,214,146,13,24,44,84,177,6,3,8,10,15,14,41,33,46,57,48,61,77,59,43
3152,60,13,7,14,3,15,27,3,35,17,3,35,17,129,7,77,11,8,9,9,9,8,8,7,11,8,7,11,8,8,243,4,4,8,21,11,0,13,6,21,43,23,69,174,6,74,5,9,14,30,70,13,13,14,26,25,25,23,23,20,6,6,8,0,0,0
3153,39,15,9,11,11,6,23,63,53,50,92,53,88,130,146,166,3,0,4,25,25,23,3,27,29,3,65,29,20,27,34,7,0,10,25,18,8,38,43,34,89,49,119,3,198,165,7,13,21,48,101,7,6,7,19,21,19,6,8,7,5,7,7,12,2,9
3154,46,12,8,7,15,18,29,46,42,32,64,42,32,11,88,87,4,5,1,5,4,15,21,5,12,113,62,12,124,204,200,3,6,2,31,5,4,21,0,23,55,127,122,15,155,40,1,2,2,4,11,2,2,3,1,1,1,4,4,4,10,52,1,61,236,92
3155,1,6,11,2,26,30,16,16,56,9,127,79,97,103,237,102,0,7,3,26,31,24,58,10,58,58,10,76,173,9,18,0,1,7,4,4,10,10,58,4,113,37,37,71,253,253,13,25,48,90,189,4,7,6,31,29,28,48,46,49,100,110,96,225,136,230
3156,63,8,2,4,28,9,1,47,3,25,47,3,25,199,20,11,15,14,11,0,20,3,0,9,53,0,109,53,166,43,203,0,1,7,4,1,10,30,52,55,57,112,102,19,232,168,13,25,47,89,187,6,3,8,10,13,14,21,20,25,60,59,62,74,85,74
3157,26,5,3,10,19,19,13,36,57,45,36,57,47,50,11,246,14,6,0,23,6,0,12,49,0,12,73,104,16,18,252,10,10,3,12,15,11,14,2,4,103,81,82,7,251,38,4,8,13,29,66,3,9,1,3,4,3,2,5,6,7,4,6,51,56,54
3158,11,3,0,1,30,13,15,23,7,12,23,7,77,245,68,34,12,2,10,31,10,17,10,46,49,109,96,49,186,217,177,6,13,4,2,3,1,10,58,4,124,90,76,208,254,68,10,20,37,72,152,0,0,0,9,12,0,45,19,42,95,79,86,109,230,241
3159,58,7,5,8,25,3,2,55,29,2,55,100,110,246,182,89,6,3,2,10,17,21,33,39,34,33,39,34,252,135,141,12,8,1,7,9,14,10,58,63,124,90,76,55,82,253,13,27,53,102,214,1,1,2,0,0,4,17,9,9,62,113,123,243,202,201
3160,54,2,0,3,0,13,16,54,25,9,54,126,69,178,176,230,8,10,7,27,24,6,56,18,41,56,123,127,102,91,145,15,15,15,4,4,10,2,63,4,53,123,125,80,51,154,9,18,32,62,131,10,5,5,16,19,24,58,21,18,49,53,50,104,140,130
3161,21,8,2,4,28,9,1,47,21,63,25,3,63,207,110,11,15,14,11,29,29,27,30,33,32,96,33,32,33,198,157,0,1,7,4,1,10,30,52,55,124,90,76,71,160,253,1,1,1,3,5,6,3,8,10,13,14,40,38,36,61,38,83,103,93,67
3162,3,3,0,1,30,13,15,23,60,12,23,98,38,54,68,192,12,2,10,31,10,30,10,46,26,87,25,81,186,217,177,0,1,7,2,3,1,10,58,4,3,7,59,71,93,240,3,7,9,19,44,0,0,0,14,12,0,18,61,54,81,93,73,215,229,127
3163,38,1,1,13,5,25,9,45,19,18,126,1,112,26,4,51,12,2,10,14,30,5,63,13,38,63,90,78,109,95,186,6,13,4,2,3,1,3,22,9,27,13,58,206,204,14,3,6,8,17,42,0,0,0,4,3,0,7,2,0,114,81,64,99,192,200
3164,16,12,8,7,15,18,12,27,16,11,64,24,73,192,41,97,4,5,1,5,4,31,38,62,55,38,75,112,4,223,15,3,6,2,31,5,4,21,0,23,114,19,122,184,100,7,1,2,2,4,10,2,2,3,1,1,10,4,1,4,41,25,105,190,134,92
3165,54,13,15,6,27,14,6,52,28,58,72,115,65,28,105,110,13,13,6,16,28,9,13,30,6,94,30,84,13,77,137,0,1,7,1,0,22,57,23,14,59,33,123,227,57,141,13,26,50,97,204,9,8,6,5,5,7,3,6,2,63,37,45,121,21,132
3166,31,0,4,15,17,2,18,53,36,59,120,90,125,71,222,180,5,4,12,11,12,12,15,38,14,15,38,121,150,191,61,15,15,15,16,30,13,18,17,22,32,112,102,253,184,251,12,23,42,80,167,5,11,10,8,8,9,9,3,15,12,9,13,107,94,122
3167,46,10,12,8,24,26,7,16,58,27,111,67,27,161,32,151,4,11,1,20,18,19,17,14,22,17,14,22,114,26,20,0,1,7,4,4,10,10,58,4,124,90,76,71,160,31,16,32,64,128,256,1,1,2,29,30,5,26,27,27,23,24,25,195,187,156
3168,44,10,5,8,4,26,7,57,13,44,117,13,44,234,223,123,6,3,2,30,3,2,4,52,9,92,52,68,63,17,220,12,8,1,18,27,18,31,4,58,5,24,56,182,16,84,16,32,63,124,251,1,1,2,0,0,5,24,22,21,17,27,15,15,19,19
3169,42,14,14,3,22,21,4,49,10,26,49,44,93,156,183,32,15,14,11,26,31,24,62,43,3,62,43,103,220,68,40,0,1,7,4,4,10,5,1,37,31,22,76,152,82,32,10,19,33,66,141,8,5,9,16,23,11,52,14,13,108,71,74,139,143,252
3170,20,1,0,1,30,1,15,59,7,38,59,86,84,73,179,185,12,2,10,31,10,30,20,25,26,20,86,98,26,33,22,6,13,4,2,3,1,29,26,5,90,50,21,160,190,147,3,7,9,18,43,0,0,0,14,12,0,18,19,8,15,18,12,9,11,8
3171,45,10,12,8,4,26,7,57,13,44,117,13,44,63,111,123,6,3,2,30,3,2,4,52,9,92,52,68,63,17,220,12,8,1,18,27,18,31,4,58,5,24,56,71,160,253,16,32,63,124,251,1,1,2,0,0,5,24,22,21,17,27,15,41,60,19
3172,5,6,11,9,26,30,0,16,56,7,20,73,9,179,75,153,0,7,3,26,13,24,37,57,25,37,57,69,35,32,125,0,1,7,9,4,10,27,46,51,36,99,54,71,161,252,13,27,54,104,216,10,3,8,27,27,13,54,37,34,46,44,46,23,25,40
3173,28,9,8,12,13,27,12,30,20,53,30,85,53,34,87,139,4,5,1,5,4,31,6,23,36,6,82,36,29,5,32,3,6,2,15,2,28,1,12,50,37,93,98,14,83,220,1,2,4,8,22,2,2,3,12,9,12,8,28,14,8,20,22,54,50,14
3174,44,10,12,8,4,26,21,35,58,31,35,58,31,104,22,132,6,3,2,24,27,28,27,31,2,95,31,72,51,73,173,8,2,12,24,16,17,41,59,12,79,68,75,243,222,181,16,32,62,123,248,1,1,2,15,11,5,35,25,33,28,22,24,5,10,3
3175,63,8,2,9,12,4,8,47,45,25,51,45,25,170,119,11,0,7,3,26,13,24,37,20,53,37,121,25,207,148,150,0,1,7,9,1,10,33,40,60,84,90,105,71,214,253,13,24,43,83,175,6,3,8,18,15,13,13,31,16,25,49,53,159,63,216
3176,22,3,7,9,29,8,14,10,63,15,5,92,62,5,121,63,0,7,3,26,31,22,43,54,51,84,54,82,156,35,114,0,1,7,4,4,10,10,58,4,28,74,32,104,237,78,6,11,16,34,77,9,8,6,27,27,30,48,41,49,33,34,35,10,108,119
3177,20,12,8,7,15,18,12,32,16,32,64,24,32,76,64,175,4,5,1,5,4,15,21,5,12,113,62,12,113,204,155,3,6,2,31,5,4,21,0,23,55,127,5,15,217,246,1,2,3,6,17,2,2,3,1,1,1,4,4,4,10,52,1,61,126,75
3178,37,7,5,8,25,3,2,55,29,2,55,71,123,253,182,174,6,3,2,10,17,21,33,39,60,79,72,75,40,63,239,12,8,1,7,9,14,59,44,47,45,114,17,111,44,123,15,30,58,115,234,1,1,2,0,0,4,22,9,9,54,56,38,60,42,46
3179,13,3,2,4,28,9,1,12,7,63,101,126,84,87,126,190,9,14,11,29,29,27,30,33,32,30,97,74,208,137,153,0,1,7,4,4,10,10,58,4,124,90,76,153,160,8,13,24,44,85,179,13,13,14,26,25,25,23,23,20,6,6,8,131,218,114
3180,17,11,15,5,10,17,3,51,50,14,4,95,85,68,139,83,7,12,13,7,23,7,55,3,30,86,3,61,136,190,122,0,9,7,0,31,15,33,40,60,84,89,105,192,135,115,14,29,57,113,231,4,4,4,2,2,2,5,7,5,25,19,28,67,63,89
3181,22,3,7,9,29,30,14,62,63,15,62,63,119,200,138,63,13,13,6,22,8,22,23,24,28,23,24,28,31,23,24,0,1,7,4,4,10,57,11,14,116,70,104,71,145,63,11,21,38,74,156,9,8,6,27,27,30,39,41,41,33,34,35,10,8,10
3182,9,15,6,11,11,5,28,22,9,30,67,127,30,67,234,33,3,0,4,3,0,4,26,0,4,106,0,90,129,174,71,2,5,5,8,19,16,51,8,13,22,46,23,100,60,39,7,12,18,42,92,7,6,7,7,6,8,0,0,1,26,14,26,44,35,23
3183,60,13,7,14,3,15,27,3,35,17,3,35,17,19,7,12,11,8,9,9,9,8,8,7,11,8,7,11,8,8,243,4,4,8,21,11,0,39,32,10,20,18,50,174,6,74,5,9,14,30,70,13,13,14,26,25,25,23,23,20,6,6,8,0,0,0
3184,30,8,15,9,12,4,8,43,45,33,82,45,85,32,62,38,7,12,13,7,23,7,55,3,61,81,115,88,7,164,8,0,1,7,4,4,10,15,50,19,9,103,7,5,132,232,13,26,49,95,199,4,4,4,2,2,2,5,7,5,90,76,126,203,204,221
3185,23,7,5,8,25,3,2,37,2,21,97,111,75,43,97,89,6,3,2,10,17,21,34,55,31,34,55,95,254,118,58,12,8,1,7,9,14,44,37,44,18,1,16,210,202,127,15,30,59,117,239,1,1,2,0,0,4,17,13,10,14,12,11,153,153,153
3186,27,0,15,15,0,17,16,54,25,9,52,50,122,217,176,230,0,7,3,26,31,24,45,19,58,75,19,58,81,82,70,15,15,15,4,4,10,2,63,4,53,44,125,41,144,222,13,26,50,96,202,4,11,4,8,8,24,58,3,57,87,102,102,104,132,140
3187,52,3,2,4,28,9,1,39,21,1,25,68,1,207,138,244,13,13,6,22,8,22,51,48,24,93,48,118,123,53,247,0,1,7,4,4,10,42,35,43,10,67,43,149,121,217,13,27,52,99,207,9,8,6,5,5,26,55,32,51,72,63,75,47,58,52
3188,15,12,8,7,15,18,29,32,42,32,32,42,32,209,88,253,4,5,1,5,4,31,38,5,12,113,75,112,4,145,60,3,6,2,31,5,4,48,21,6,30,94,127,15,155,40,1,2,2,4,9,2,2,3,1,1,1,14,24,22,16,10,19,25,167,147
3189,31,0,4,15,17,2,18,18,36,59,53,90,104,71,21,180,5,4,12,11,12,12,15,38,14,100,127,121,11,162,174,15,15,15,16,30,13,18,17,22,32,90,60,162,108,206,12,23,42,80,169,5,11,10,8,8,9,9,3,15,12,9,13,159,55,72
3190,44,10,8,7,24,20,29,28,39,13,111,39,72,94,65,50,4,11,1,20,18,19,17,14,22,17,14,22,114,26,20,14,11,14,14,12,7,62,47,28,19,87,42,155,158,136,16,31,61,120,245,15,15,15,29,30,29,34,36,32,23,24,25,26,32,28
3191,21,9,8,12,13,27,20,30,24,53,103,66,111,20,17,27,4,11,5,28,26,1,61,37,1,11,37,70,77,102,82,0,1,7,15,2,28,10,12,50,40,28,1,71,80,19,1,1,1,3,4,2,2,3,12,9,12,8,12,47,53,64,32,95,98,33
3192,13,8,2,9,12,4,8,43,45,33,37,45,33,169,72,214,0,7,3,26,19,24,19,45,47,19,20,25,152,148,33,0,1,7,9,1,10,33,40,60,84,89,105,226,245,249,13,24,43,83,176,6,3,8,18,15,13,13,31,16,25,49,53,159,170,141
3193,6,6,11,2,6,30,24,16,23,46,16,108,20,72,47,161,0,7,3,19,31,24,59,63,19,32,106,91,181,59,188,0,1,7,9,7,10,33,40,60,49,3,15,144,23,42,6,11,17,37,83,6,7,1,30,10,23,46,47,28,39,65,51,166,86,117
3194,11,1,1,13,5,25,9,45,19,37,126,1,37,120,28,51,12,2,10,14,30,5,63,13,38,63,90,38,109,58,186,6,13,4,2,3,1,3,22,9,27,13,58,206,176,14,3,6,8,17,39,0,0,0,4,3,0,7,40,0,27,47,23,99,54,25
3195,34,14,10,4,22,8,10,8,43,62,86,43,93,117,130,81,15,1,11,15,1,20,9,1,50,9,1,50,175,1,115,0,1,7,10,20,6,32,49,54,109,75,48,59,236,116,10,19,34,68,145,8,12,9,11,23,11,12,14,13,4,2,5,14,73,22
3196,21,9,8,12,13,27,12,30,24,53,123,85,53,193,87,189,4,5,1,5,4,31,6,23,36,6,82,36,248,255,178,3,6,2,15,2,28,1,12,50,37,42,26,71,34,253,1,1,1,1,1,2,2,3,12,9,12,8,12,14,19,15,22,253,253,253
3197,3,1,0,13,1,22,17,1,11,10,1,106,82,1,161,143,1,2,10,1,2,25,1,2,17,105,2,17,134,2,59,6,13,4,30,13,23,19,14,41,81,86,124,170,160,51,3,4,6,11,28,0,0,0,9,7,10,1,1,3,55,0,69,35,45,103
3198,49,11,15,5,10,17,3,40,25,14,4,25,85,217,60,133,7,12,13,7,23,7,55,3,61,81,124,61,7,164,210,9,9,9,0,31,15,15,50,19,9,103,29,192,135,137,14,29,57,113,231,4,4,4,2,2,2,5,7,5,11,19,28,46,71,116
3199,54,9,8,12,13,27,29,27,24,11,10,42,11,215,87,219,4,5,1,5,4,31,6,23,36,6,82,36,236,134,254,0,1,7,4,4,10,10,58,4,124,90,76,71,34,125,1,2,2,4,7,2,2,3,12,27,13,39,37,14,75,120,77,204,160,209
3200,34,3,2,4,28,9,1,39,61,7,25,73,4,242,110,170,15,14,11,0,13,3,39,20,53,39,80,116,56,236,158,0,1,7,4,1,10,27,46,51,67,105,87,137,161,252,13,27,54,104,216,8,3,9,27,13,11,40,38,36,61,38,47,213,212,165
3201,32,6,11,2,20,12,11,19,4,22,19,4,117,111,205,201,2,6,15,2,15,18,2,44,46,2,44,46,44,4,27,13,14,13,11,21,21,40,33,31,60,117,30,194,189,124,6,10,15,31,72,3,7,1,13,14,15,16,16,12,9,8,9,2,4,12
3202,38,9,8,12,13,27,12,30,20,53,103,87,111,195,236,99,4,11,5,28,26,1,61,37,1,11,37,70,77,102,82,0,1,7,15,2,28,1,12,50,40,28,1,67,224,19,13,24,44,85,178,2,2,3,12,9,12,8,33,47,53,48,32,85,116,109
3203,19,14,10,0,14,23,19,21,18,19,21,18,19,250,194,54,10,9,8,12,14,11,14,15,10,14,64,10,117,177,10,11,12,0,26,25,2,45,7,8,51,16,24,106,67,13,8,14,22,49,102,12,10,11,23,18,18,15,15,19,2,3,3,22,37,26
3204,21,9,8,12,13,27,12,30,20,53,30,85,53,193,192,37,4,5,1,5,4,31,6,23,36,6,82,36,248,255,178,3,6,2,15,2,28,1,12,50,37,42,26,67,74,220,1,1,1,1,1,2,2,3,12,9,12,8,12,14,19,15,22,43,23,14
3205,23,7,5,8,25,3,2,37,45,33,117,13,21,240,224,216,0,7,3,4,19,16,19,45,47,19,45,86,144,13,250,12,8,1,9,4,10,10,58,4,99,5,120,181,160,253,13,24,43,82,173,1,1,2,18,0,13,13,31,16,25,13,41,79,64,96
3206,53,3,2,4,0,9,16,39,62,9,39,77,62,99,47,255,15,1,11,15,1,20,9,1,18,9,1,18,198,105,30,0,1,7,4,4,10,10,58,4,124,90,76,71,160,253,13,25,48,92,192,8,12,9,11,23,11,12,56,13,111,109,77,173,72,146
3207,31,0,4,15,21,2,18,18,8,56,18,93,56,247,21,119,5,4,12,11,12,12,46,60,48,100,127,48,247,162,161,15,15,15,16,30,13,50,39,27,110,59,60,39,244,102,12,23,41,79,166,5,11,10,8,8,9,37,3,37,21,26,33,11,55,16
3208,28,14,14,3,23,21,4,49,44,26,49,125,64,156,245,98,15,14,11,26,31,24,14,58,10,14,15,10,86,144,128,0,1,7,4,4,10,5,1,37,31,22,76,71,82,32,9,18,30,58,124,12,10,11,24,26,17,52,15,35,108,71,52,229,119,138
3209,41,1,0,13,1,22,17,1,11,10,69,106,107,109,41,142,1,2,10,1,2,25,1,2,17,105,2,17,1,109,208,6,13,4,30,13,23,19,14,41,17,39,107,79,105,245,3,4,6,12,29,0,0,0,9,7,10,1,1,3,55,0,2,73,45,112
3210,37,7,14,3,25,21,2,7,29,2,109,100,2,92,120,79,6,3,2,10,17,21,33,39,34,33,39,34,108,6,141,12,8,1,7,9,14,35,31,2,117,101,108,43,106,69,15,30,60,118,241,1,1,2,0,0,4,22,9,9,43,39,38,42,22,45
3211,44,10,12,8,12,4,21,35,40,31,70,110,80,190,70,60,0,7,3,4,27,16,44,29,47,44,29,2,151,74,16,8,2,12,24,16,17,53,34,33,24,17,20,74,65,5,16,32,62,122,247,1,3,8,18,11,13,13,25,16,34,13,39,21,30,31
3212,24,4,14,3,31,7,4,38,51,23,116,51,70,41,201,46,8,15,14,18,16,13,18,17,16,18,17,16,14,14,13,5,3,6,23,6,20,25,30,7,21,25,53,108,91,142,9,17,27,55,118,14,14,12,28,28,27,31,34,29,13,11,14,1,1,1
3213,29,2,9,3,2,28,31,2,34,54,114,113,89,173,45,19,8,10,7,6,7,10,48,8,56,48,8,89,55,219,67,15,15,15,13,29,31,37,41,42,16,80,116,96,31,24,9,15,25,53,110,5,5,5,6,17,6,32,10,31,36,35,36,13,12,15
3214,39,15,9,11,11,6,23,50,46,24,50,46,74,194,136,166,3,0,4,25,25,23,3,27,29,3,113,102,91,92,75,7,0,10,17,14,19,43,24,32,29,61,34,128,10,101,7,13,20,46,96,7,6,7,19,21,19,6,8,7,69,61,71,38,31,20
3215,34,9,2,12,13,27,1,30,21,63,25,61,63,207,110,30,15,14,11,29,29,27,30,33,32,122,94,32,219,137,153,0,1,7,15,2,28,10,12,50,67,90,26,71,160,253,1,1,1,3,5,2,2,3,12,13,11,40,38,36,61,38,83,103,93,67
3216,2,3,10,4,22,8,10,39,43,62,86,43,113,38,47,62,15,1,11,15,1,20,9,1,50,9,1,18,198,105,30,0,1,7,10,20,6,61,35,39,109,90,48,68,125,189,10,19,34,68,146,8,12,9,11,23,11,12,14,13,4,2,5,14,72,22
3217,59,11,15,5,10,29,3,40,50,14,82,69,98,7,193,38,7,12,13,7,23,7,55,3,61,5,115,88,177,164,8,9,9,9,0,31,15,15,50,19,9,103,118,193,2,157,14,29,57,113,230,4,4,4,2,2,2,5,7,5,11,76,28,141,71,94
3218,42,4,9,3,31,7,26,38,59,23,38,52,95,197,186,157,8,10,7,6,7,10,7,34,7,68,87,7,163,250,168,6,13,4,30,13,23,36,14,0,1,25,53,143,140,172,9,17,27,55,118,0,0,0,9,24,10,1,1,24,24,86,20,144,135,148
3219,62,7,5,8,23,3,2,55,29,27,55,71,123,47,246,187,6,3,2,10,17,21,33,39,60,79,72,75,40,63,94,12,8,1,7,9,14,59,44,47,45,114,17,69,69,64,15,30,58,115,235,1,1,2,0,0,4,22,9,9,54,56,31,151,42,143
3220,21,9,0,12,13,27,20,61,24,53,103,66,111,20,17,27,4,11,5,28,26,1,61,37,1,11,37,70,77,102,82,3,6,2,15,2,28,46,12,50,40,28,1,71,80,19,1,1,1,3,4,2,2,3,12,9,12,8,12,47,53,64,32,95,98,33
3221,54,0,4,15,0,2,16,52,25,40,52,126,122,156,116,58,0,7,3,26,31,24,45,19,58,75,19,58,81,82,70,15,15,15,4,4,10,2,63,4,124,44,76,41,144,222,13,26,50,96,202,4,11,4,8,8,9,58,3,57,87,102,102,219,132,140
3222,16,2,9,3,2,28,26,6,6,49,6,89,116,97,254,84,8,10,7,6,7,10,36,35,63,114,119,63,222,235,255,15,15,15,13,7,24,60,9,36,78,10,6,77,73,44,9,15,23,50,104,5,5,5,6,17,6,36,10,39,29,32,30,17,48,70
3223,10,1,1,13,7,25,5,29,22,48,29,22,48,145,226,247,12,2,10,14,21,17,29,61,35,29,61,35,38,71,42,6,13,4,29,24,27,47,55,15,14,58,115,140,61,26,3,5,7,13,33,0,0,0,22,3,16,27,29,26,30,31,29,6,6,5
3224,8,12,8,7,15,18,29,32,16,32,64,10,73,76,154,118,4,5,1,5,4,31,38,5,12,113,75,112,4,223,15,3,6,2,31,5,4,34,57,45,111,54,28,33,211,174,3,6,8,16,38,2,2,3,1,1,1,4,4,4,41,94,1,165,144,92
3225,63,11,15,5,10,10,16,40,31,26,40,74,78,53,29,32,0,7,3,7,11,7,35,42,8,55,89,94,184,67,97,9,9,9,4,4,10,5,1,37,112,90,76,63,238,237,14,28,55,108,223,4,4,4,20,20,22,11,17,17,1,19,4,241,181,53
3226,30,11,13,5,8,29,3,4,32,3,78,32,3,189,135,13,7,12,13,21,23,29,5,53,20,64,114,20,57,38,237,9,9,9,0,31,15,58,16,62,48,30,68,127,142,94,14,29,56,111,228,4,4,4,2,2,2,29,30,30,3,16,21,36,14,13
3227,29,2,9,3,2,28,26,6,54,49,6,54,49,107,93,210,8,10,7,6,7,10,7,34,7,68,87,7,225,7,85,0,1,7,4,29,31,10,1,0,124,90,76,163,227,42,9,18,32,64,137,5,5,5,6,24,6,56,18,62,118,105,20,176,193,186
3228,19,14,10,0,14,23,19,34,18,19,102,18,19,9,203,178,10,9,8,12,14,11,14,15,10,14,64,10,18,16,120,11,12,0,26,25,2,52,13,30,4,9,12,2,24,2,8,14,22,49,103,12,10,11,23,18,18,15,15,19,2,3,3,8,13,6
3229,16,9,8,12,13,27,12,30,20,53,30,85,53,193,87,189,4,5,1,5,4,31,6,23,36,6,82,36,29,5,32,3,6,2,15,2,28,1,12,50,37,42,26,67,34,220,1,1,1,1,1,2,2,3,12,9,12,8,12,14,19,15,22,43,160,14
3230,21,8,2,9,12,4,8,16,45,33,43,45,25,179,72,198,0,7,3,26,13,24,37,20,53,37,121,25,207,148,150,0,1,7,9,1,10,33,40,60,124,90,76,71,160,253,13,24,43,83,175,6,3,8,18,15,13,13,31,16,25,49,53,197,170,141
3231,11,1,1,13,5,25,9,45,1,18,126,1,37,120,1,51,12,2,10,14,30,5,63,13,38,63,90,38,109,58,186,6,13,4,2,3,1,3,22,9,27,13,58,206,176,14,3,6,8,17,42,0,0,0,4,3,0,7,2,0,27,89,23,99,154,86
3232,45,10,5,8,4,26,7,57,13,44,117,13,44,66,223,22,6,3,2,30,3,2,4,52,9,92,52,68,63,17,220,12,8,1,18,27,18,31,4,58,5,24,56,182,16,84,16,32,63,124,251,1,1,2,0,0,5,24,22,21,17,27,15,15,19,19
3233,40,2,9,3,2,28,31,2,6,54,115,6,66,140,102,212,8,10,7,6,7,10,36,35,63,114,119,63,87,54,87,15,15,15,13,7,24,60,9,36,78,10,6,87,182,83,9,15,25,53,112,5,5,5,6,17,6,36,10,39,29,32,30,17,48,38
3234,20,2,9,3,2,28,31,15,60,57,74,75,69,252,140,4,8,10,7,6,7,10,48,8,56,48,8,89,171,119,63,0,1,7,4,4,10,10,58,4,124,111,76,4,255,55,3,7,11,23,53,7,6,7,7,26,8,62,60,31,113,116,68,146,97,77
3235,45,7,5,8,25,3,2,55,29,2,55,101,123,113,182,88,6,3,2,10,17,21,33,39,34,79,72,34,252,135,141,12,8,1,7,9,14,59,44,47,50,90,45,236,36,200,13,27,51,98,206,1,1,2,0,0,4,22,9,9,54,56,31,60,42,46
3236,22,3,0,1,30,9,15,59,7,38,108,86,84,73,179,129,15,14,11,0,20,3,0,9,53,96,109,53,33,198,230,0,1,7,4,4,10,10,58,4,124,90,76,71,160,253,3,7,9,18,43,0,0,0,14,13,28,57,56,34,111,114,106,219,209,183
3237,27,14,10,4,22,21,10,8,43,62,8,88,93,79,144,74,15,1,11,15,1,20,9,1,50,9,1,50,41,84,229,0,1,7,10,20,6,32,49,54,121,100,8,58,197,189,10,19,33,66,142,8,12,9,11,23,11,12,14,13,4,2,5,202,72,195
3238,46,9,8,7,15,27,29,46,42,60,46,42,60,119,236,253,4,5,1,5,4,31,38,62,55,38,104,55,78,251,240,3,6,2,31,5,4,48,21,6,30,94,127,22,79,144,1,2,2,4,9,2,2,3,1,1,1,14,24,22,16,10,19,25,9,36
3239,27,10,12,8,4,26,7,9,38,27,7,38,27,254,118,122,6,3,2,24,3,28,27,31,40,102,107,40,169,127,142,8,2,12,22,8,29,24,20,46,70,98,40,27,46,15,16,32,64,127,255,1,1,2,15,11,5,26,27,27,58,23,84,75,62,48
3240,16,1,0,13,1,22,17,1,11,10,44,106,10,216,190,142,1,2,10,1,2,25,1,2,17,105,88,117,64,97,113,6,13,4,30,13,23,19,14,41,3,39,59,79,105,240,3,7,11,23,53,0,0,0,9,7,10,1,1,3,22,93,68,73,97,127
3241,1,6,11,9,26,30,0,10,56,9,127,79,97,103,237,113,0,7,3,26,31,24,58,10,58,58,10,76,173,9,18,0,1,7,4,4,10,10,58,4,113,37,37,71,253,253,13,25,48,90,189,4,7,6,31,29,28,48,49,49,91,101,114,225,172,230
3242,35,1,1,13,18,31,22,17,47,28,79,124,28,6,37,24,1,2,10,17,22,26,22,21,21,22,21,21,224,170,66,1,7,11,19,22,5,20,10,16,2,32,14,64,3,6,2,3,5,9,24,11,0,13,21,22,21,10,11,11,0,1,0,7,3,2
3243,27,14,10,4,22,21,10,8,43,62,8,44,93,212,183,98,15,1,11,15,1,20,9,1,50,9,1,50,41,84,229,0,1,7,10,20,6,32,49,54,33,75,113,118,89,198,10,19,33,66,142,8,12,9,11,23,11,12,14,13,4,2,5,28,53,39
3244,50,15,6,11,11,0,28,11,0,30,122,127,100,67,56,224,3,0,4,3,0,4,26,0,4,26,105,90,3,0,139,2,5,5,8,19,16,7,51,49,22,46,44,200,203,67,7,12,18,42,91,7,6,7,7,6,8,0,0,1,32,28,16,39,36,35
3245,13,8,7,4,28,9,1,12,44,63,12,126,86,87,126,190,15,14,11,0,20,3,41,9,45,125,9,80,158,146,64,0,1,7,4,1,10,30,52,55,80,126,93,161,66,8,13,27,53,102,213,6,3,8,10,13,14,21,20,45,37,73,81,125,89,114
3246,9,15,9,11,11,6,23,63,53,57,92,75,88,39,82,104,3,0,4,25,25,23,3,27,29,3,27,102,212,167,234,7,0,10,25,18,8,10,58,4,124,111,76,232,110,186,7,13,21,48,101,7,6,7,19,21,19,6,8,7,5,7,7,12,2,9
3247,18,2,4,3,21,28,31,48,33,56,47,84,56,151,80,153,8,10,7,6,7,10,36,35,63,36,35,41,185,49,197,15,15,15,13,7,10,10,58,4,25,107,86,237,156,65,13,25,47,89,186,5,5,10,8,17,9,37,10,37,21,26,33,126,149,224
3248,57,7,5,8,25,3,2,55,29,27,55,101,18,77,207,237,6,3,2,10,17,21,33,39,60,79,72,75,135,63,94,12,8,1,7,9,14,59,44,63,47,48,83,60,22,161,15,30,58,116,238,1,1,2,0,0,4,22,9,9,54,56,31,60,42,46
3249,31,0,4,15,17,2,18,18,36,59,120,90,59,247,204,149,5,4,12,11,12,12,15,38,14,15,38,14,112,147,12,15,15,15,16,30,13,18,17,22,85,62,62,31,219,152,12,23,42,81,171,5,11,10,8,8,9,9,3,15,12,9,13,29,16,18
3250,14,11,13,5,8,29,3,4,32,3,31,114,127,223,232,167,7,12,13,21,5,29,5,53,20,64,114,20,183,171,207,9,9,9,0,31,15,58,16,62,0,34,64,146,191,177,14,29,56,110,226,4,4,4,2,2,2,11,30,30,3,16,21,135,14,125
3251,42,15,6,11,11,0,28,11,41,57,122,127,100,27,200,67,3,0,4,3,0,4,26,0,4,26,105,90,111,0,139,2,5,5,8,19,16,7,8,13,15,12,44,53,7,187,9,15,23,50,105,7,6,7,7,6,8,0,0,1,32,28,16,39,171,57
3252,57,7,5,8,25,3,2,57,2,44,117,111,75,46,97,151,6,3,2,30,3,2,4,6,9,4,71,9,155,230,228,12,8,1,7,9,14,17,58,1,5,104,81,85,208,31,16,32,64,126,254,1,1,2,0,0,5,26,27,27,56,66,56,65,114,61
3253,5,6,11,2,26,30,16,52,56,8,20,56,122,37,185,110,8,10,7,27,24,6,56,18,41,56,123,127,102,91,145,0,1,7,4,4,10,10,58,4,124,90,76,71,21,253,6,11,16,33,76,3,5,5,16,19,24,44,52,59,87,83,82,192,237,250
3254,36,1,1,1,30,1,15,45,5,34,112,5,77,96,24,126,12,2,10,14,30,5,63,13,5,117,101,5,9,87,140,6,13,4,2,3,1,3,22,9,87,95,117,11,68,164,3,6,8,15,36,0,0,0,4,12,0,20,2,8,35,36,43,19,33,50
3255,47,6,11,2,16,16,25,56,37,41,56,94,41,110,71,120,8,10,7,27,24,6,24,18,33,24,18,33,2,166,25,15,15,15,3,26,26,11,5,57,12,55,3,23,59,139,9,16,26,54,113,10,5,5,16,19,24,19,21,18,18,17,18,3,5,4
3256,59,11,15,5,10,17,3,40,50,14,82,69,98,217,193,38,7,12,13,7,23,7,55,3,61,5,115,88,177,164,8,9,9,9,0,31,15,15,50,19,9,103,7,193,2,157,13,26,49,95,201,4,4,4,2,2,2,5,7,5,11,76,28,141,71,94
3257,53,11,13,5,8,10,30,31,15,35,124,15,78,223,92,116,7,12,13,21,5,29,28,22,37,127,53,37,145,129,180,9,9,9,5,17,3,23,28,17,72,82,84,46,27,29,14,28,55,108,223,4,4,4,20,20,22,11,17,17,1,5,4,76,75,65
3258,1,8,4,15,17,2,18,18,36,52,12,119,59,247,242,105,15,14,11,0,20,3,41,9,45,41,99,80,99,34,159,15,15,15,4,4,10,30,52,55,95,56,121,161,169,201,13,26,49,95,200,6,3,8,10,13,14,21,20,25,37,50,49,120,39,170
3259,52,8,2,4,28,9,1,39,62,63,39,103,113,98,114,170,15,14,11,29,29,27,25,48,39,96,74,45,160,31,37,0,1,7,4,20,10,61,35,39,91,20,63,177,221,56,13,27,51,98,205,8,7,9,30,10,26,47,45,43,38,43,40,68,83,56
3260,29,2,9,3,2,28,31,2,34,54,2,113,89,2,45,181,8,10,7,6,7,10,48,8,56,48,8,89,55,219,67,15,15,15,13,29,31,37,41,42,16,80,116,96,31,24,9,15,25,53,110,5,5,5,6,17,6,32,10,31,36,35,36,13,12,15
3261,29,2,9,3,2,28,31,2,6,54,115,33,116,97,254,236,8,10,7,6,7,10,36,35,63,114,119,63,87,54,87,15,15,15,13,7,24,60,9,36,78,10,6,77,73,44,9,15,24,51,107,5,5,5,6,17,6,36,10,39,29,32,30,17,48,70
3262,51,12,8,7,15,18,12,27,16,32,64,24,32,166,88,87,4,5,1,5,4,15,21,5,12,113,62,12,4,204,60,3,6,2,31,5,4,21,0,23,55,127,5,15,217,246,1,2,3,6,17,2,2,3,1,1,1,4,4,4,10,52,1,61,236,75
3263,56,13,7,6,27,14,6,25,28,58,88,28,83,149,106,131,13,13,6,16,28,9,13,12,6,13,12,6,130,184,222,0,1,7,1,0,22,0,42,61,101,113,35,115,116,153,11,22,40,77,162,9,8,6,5,5,7,3,6,2,20,33,17,18,18,27
3264,51,9,8,7,15,18,29,46,42,60,46,42,60,119,236,134,4,5,1,5,4,31,38,62,55,38,23,55,121,29,212,3,6,2,31,5,4,48,21,6,30,94,127,71,160,253,1,1,1,1,1,2,2,3,1,1,1,14,24,22,16,10,19,164,167,160
3265,6,6,15,9,0,30,16,52,25,9,127,67,97,103,237,36,0,7,3,26,31,24,58,10,27,58,10,76,173,9,160,0,1,7,4,4,10,10,58,4,113,37,37,32,253,114,13,25,48,90,188,4,7,6,31,10,23,28,46,28,100,110,96,167,136,185
3266,33,5,3,10,19,19,0,26,27,42,26,70,42,72,125,10,2,6,15,2,15,18,52,4,46,52,4,66,76,60,96,10,10,3,9,4,10,55,15,24,63,40,90,71,194,253,4,8,13,28,64,3,9,1,3,14,3,28,44,53,52,57,48,50,52,62
3267,46,10,12,8,24,26,7,28,39,13,111,39,72,230,132,204,4,11,1,20,18,19,17,14,22,17,14,22,25,152,163,14,11,14,14,12,7,6,3,25,46,11,33,56,174,30,16,31,61,120,245,15,15,15,29,30,29,34,36,32,23,24,25,81,88,87
3268,39,15,9,11,11,6,23,63,53,50,92,53,71,130,146,93,3,0,4,25,25,23,3,27,29,3,65,29,20,27,34,7,0,10,25,18,8,38,43,34,89,49,119,3,198,165,7,13,19,43,93,7,6,7,19,21,19,6,8,7,5,7,7,12,2,9
3269,38,8,2,9,12,4,8,47,3,25,113,103,120,168,221,96,15,14,11,0,20,3,39,9,53,39,80,116,195,253,93,0,1,7,9,1,10,63,61,35,104,0,65,187,101,113,13,24,44,84,177,6,3,8,10,15,14,41,33,46,57,48,61,77,59,43
3270,10,1,1,13,5,1,9,45,5,18,17,91,102,120,24,51,12,2,10,14,30,5,63,13,38,63,90,38,141,58,4,6,13,4,2,3,1,3,22,9,27,13,58,178,117,193,3,7,9,20,46,0,0,0,4,3,0,20,2,0,35,36,91,147,131,171
3271,20,15,9,11,11,6,14,50,56,26,127,64,88,31,31,121,3,0,4,25,25,23,3,27,29,3,27,29,212,167,242,0,1,7,4,4,10,10,58,4,124,90,76,71,160,253,7,13,21,48,99,7,6,7,19,21,19,6,8,7,5,7,7,12,183,9
3272,3,3,0,1,30,13,15,23,7,38,85,7,77,10,68,72,12,2,10,31,10,30,20,25,5,87,25,81,138,155,104,6,13,4,2,3,1,29,26,5,87,95,117,88,226,176,3,7,9,20,46,0,0,0,14,12,0,20,19,8,35,36,43,19,33,50
3273,35,1,1,13,18,31,22,17,47,28,79,124,28,6,37,108,1,2,10,17,22,26,22,21,21,22,21,21,224,170,66,1,7,11,19,22,5,20,10,16,2,32,14,64,3,6,2,3,5,9,24,11,0,13,21,22,21,10,11,11,0,1,0,7,3,2
3274,58,2,14,3,6,21,4,49,56,26,71,97,26,85,104,32,15,14,11,26,31,24,62,43,3,62,43,103,220,68,40,0,1,7,4,4,10,5,1,37,31,22,76,63,40,90,13,27,53,102,214,10,5,5,16,19,17,52,43,35,40,113,74,188,138,201
3275,13,8,2,4,28,9,1,39,3,63,39,3,113,199,114,213,15,14,11,0,20,3,0,9,45,41,109,53,166,43,203,0,1,7,4,4,10,30,52,55,95,120,4,161,169,244,13,27,52,101,212,6,3,8,10,13,14,21,20,25,37,50,49,120,39,170
3276,20,6,11,2,16,16,25,56,37,41,56,37,121,55,6,120,8,10,7,26,31,24,46,60,63,123,60,97,165,158,147,15,15,15,3,26,26,11,5,57,12,55,3,71,160,253,12,23,41,78,163,10,5,5,16,19,24,19,21,18,18,17,18,256,161,93
3277,55,1,1,9,7,25,5,29,22,48,99,22,48,69,151,247,12,2,10,14,21,17,29,61,35,29,61,35,38,71,42,6,13,4,29,24,27,47,55,15,14,58,115,140,61,26,3,5,7,13,33,0,0,0,22,3,16,27,29,26,30,31,29,6,6,5
3278,18,8,14,5,23,10,4,49,10,36,42,74,64,88,214,23,15,14,11,26,31,24,47,58,3,43,125,103,119,21,199,0,1,7,4,4,10,5,1,37,124,90,76,163,82,42,9,18,30,60,128,6,10,9,24,26,17,52,39,35,118,71,115,230,119,138
3279,40,14,10,2,14,12,0,34,17,26,34,121,117,157,25,54,15,9,11,12,31,24,14,15,10,14,15,10,182,144,169,11,12,0,26,25,2,10,58,4,124,90,76,0,14,97,9,18,32,65,139,12,10,11,23,18,18,15,15,19,2,3,3,22,92,26
3280,7,7,5,9,25,3,2,5,45,21,5,36,94,5,224,198,15,14,11,29,29,27,30,32,18,69,32,110,213,120,99,0,1,7,20,4,10,49,38,56,123,73,70,171,235,110,10,20,37,72,154,8,3,9,17,16,20,45,31,42,45,46,42,57,26,82
3281,26,6,11,2,6,30,24,24,23,20,24,108,20,165,12,161,2,6,15,19,15,18,54,16,15,54,16,15,50,28,14,0,1,7,9,7,10,22,60,53,115,121,15,126,139,190,6,11,17,39,87,3,7,1,25,10,23,44,35,28,65,65,89,111,86,99
3282,4,9,8,12,15,18,29,46,24,60,46,80,60,51,230,191,12,2,10,31,21,17,40,40,49,40,40,65,178,243,55,0,1,7,20,4,25,46,54,18,71,92,49,148,71,247,1,1,1,2,3,2,0,0,22,31,16,51,53,56,71,72,78,72,66,64
3283,14,10,12,8,4,26,7,9,58,27,121,38,27,22,111,151,6,3,2,24,3,28,27,31,40,102,107,40,107,52,118,8,2,12,4,4,10,10,58,4,5,104,81,85,208,31,16,32,64,126,254,1,1,2,15,11,5,26,27,27,58,23,56,65,62,61
3284,37,2,9,3,2,28,26,6,54,49,81,100,110,92,120,79,8,10,7,6,7,10,16,34,7,97,34,7,237,138,41,0,1,7,4,4,10,10,58,4,124,90,76,221,103,253,9,15,23,50,104,5,5,5,6,24,6,30,18,24,24,30,20,145,147,229
3285,47,2,11,2,16,16,25,56,37,41,56,94,41,110,71,120,8,10,7,27,24,6,24,18,33,24,18,33,2,166,25,15,15,15,3,26,26,11,5,57,12,55,3,23,59,139,9,16,26,54,113,10,5,5,16,19,24,19,21,18,18,17,18,3,5,4
3286,35,1,1,13,18,11,22,17,30,28,79,30,126,6,37,108,1,2,10,17,22,26,22,21,21,22,21,21,224,170,66,1,7,11,19,22,5,20,10,16,66,43,92,90,8,135,2,3,5,9,24,11,0,13,21,22,21,10,11,11,0,1,0,150,3,2
3287,37,7,5,3,25,3,2,7,2,2,109,100,2,92,120,79,6,3,2,10,17,21,33,39,34,33,39,34,108,6,141,12,8,1,7,9,14,35,31,2,117,101,108,43,106,69,15,30,60,118,241,1,1,2,0,0,4,22,9,9,43,39,38,42,22,45
3288,35,1,1,13,18,11,22,17,30,28,79,105,28,6,209,24,1,2,10,17,22,26,22,21,21,22,21,21,206,170,66,1,7,11,19,22,5,20,10,16,66,43,92,90,8,135,2,3,5,9,24,11,0,13,21,22,21,10,11,11,0,1,0,150,3,2
3289,13,8,2,9,12,4,8,43,45,33,113,110,33,169,72,99,15,14,11,0,20,3,39,20,53,39,80,116,195,253,93,0,1,7,9,1,10,10,58,4,99,5,76,71,101,113,13,24,43,83,174,6,3,8,18,15,13,13,31,16,34,13,39,85,156,190
3290,37,7,5,3,25,3,2,7,2,2,109,100,2,92,120,43,6,3,2,10,17,21,33,39,34,33,39,34,252,135,141,12,8,1,7,9,14,35,31,2,35,77,110,43,106,69,15,30,60,118,241,1,1,2,0,0,4,22,9,10,43,39,63,82,22,90
3291,31,0,4,15,21,2,18,18,36,59,18,93,59,247,21,180,5,4,12,11,12,12,46,60,48,100,127,48,247,162,174,15,15,15,16,30,13,50,39,27,110,59,60,39,244,102,12,23,42,80,168,5,11,10,8,8,9,37,3,37,21,26,13,11,55,72
3292,28,12,8,7,15,18,12,32,20,61,30,20,61,34,164,48,4,5,1,5,4,15,21,50,62,103,50,62,137,96,213,3,6,2,31,5,4,1,25,29,118,93,98,189,83,16,1,2,4,8,21,2,2,3,1,9,1,33,28,38,8,20,10,118,107,24
3293,11,1,1,13,5,25,9,60,1,37,126,1,37,120,85,51,12,2,10,14,30,5,63,13,38,119,90,38,109,58,186,6,13,4,2,3,1,34,57,45,27,7,58,117,176,212,3,6,8,16,38,0,0,0,4,3,0,7,40,0,27,47,23,99,54,25
3294,42,4,14,3,31,7,26,38,59,23,38,59,101,41,186,240,8,10,7,6,7,10,7,34,7,68,87,7,163,250,168,6,13,4,4,4,10,36,1,0,1,25,53,143,140,172,9,17,27,55,118,14,14,12,28,24,27,31,34,24,24,86,20,144,135,148
3295,33,5,3,10,19,19,13,41,57,45,41,57,47,50,248,25,14,6,0,23,6,0,12,49,0,12,73,0,235,172,69,10,10,3,12,15,11,14,2,4,8,38,38,71,120,253,4,8,13,29,67,3,9,1,3,4,3,2,5,6,7,4,6,59,27,32
3296,27,10,12,8,4,26,21,35,58,31,35,58,105,198,143,207,6,3,2,24,27,28,27,31,2,95,31,72,51,194,173,8,2,12,24,16,17,41,59,12,79,4,61,214,218,181,16,32,62,123,249,1,1,2,15,11,5,35,25,33,28,22,24,5,10,3
3297,25,6,11,2,6,30,24,24,23,20,24,23,68,165,84,124,2,6,15,2,15,18,54,4,15,115,76,115,93,132,98,0,1,7,9,7,10,16,48,59,38,35,55,245,90,61,6,11,17,39,87,3,7,1,3,4,3,44,52,59,84,83,82,88,90,84
3298,60,13,7,14,3,15,27,3,35,17,3,35,17,19,220,12,11,8,9,9,9,8,8,7,11,8,7,11,8,8,243,4,4,8,21,11,0,39,32,10,20,18,50,45,151,195,5,9,14,30,70,13,13,14,26,25,25,23,23,20,6,6,8,0,0,0
3299,41,1,0,13,1,22,17,1,11,10,1,106,10,1,41,73,1,2,10,1,2,25,1,2,17,105,2,17,64,2,208,6,13,4,30,13,23,19,14,41,17,39,107,79,105,245,3,4,6,12,31,0,0,0,9,7,10,1,1,3,22,0,2,73,109,124
3300,8,9,8,13,13,27,12,30,10,53,30,20,53,48,154,97,4,5,1,5,4,31,6,23,36,6,82,36,170,134,178,3,6,2,15,2,28,1,25,29,118,93,100,103,185,151,1,2,4,8,21,2,2,3,1,9,12,33,28,38,8,94,10,54,144,158
3301,2,14,10,3,22,21,10,8,43,62,42,44,93,117,183,81,15,1,11,15,1,20,9,1,50,9,1,50,41,84,229,0,1,7,10,20,6,32,49,54,33,75,113,152,216,77,10,19,33,66,142,8,12,9,11,23,11,12,14,13,4,2,5,28,53,39
3302,8,6,14,3,23,28,14,42,56,36,42,54,49,128,93,210,8,10,7,6,7,10,7,34,7,68,87,7,225,119,63,0,1,7,4,4,10,10,58,4,124,90,76,163,227,42,9,18,32,64,137,5,5,5,6,17,6,56,18,62,118,105,20,176,193,186
3303,36,3,0,1,30,1,15,59,7,38,108,7,84,10,179,129,12,2,10,31,10,30,20,25,26,20,86,98,26,33,22,6,13,4,2,3,1,29,26,5,87,95,117,88,226,176,3,7,9,18,43,0,0,0,4,12,0,20,19,8,15,36,12,19,33,182
3304,63,8,2,4,28,9,1,12,3,63,12,3,86,122,114,105,15,14,11,0,20,3,41,9,45,41,99,80,99,176,111,0,1,7,4,1,10,30,52,55,95,120,4,161,169,244,13,27,53,102,213,6,3,8,10,13,14,21,20,25,37,50,49,120,39,66
3305,62,1,1,13,18,31,22,17,47,28,79,30,28,6,37,24,1,2,10,17,22,26,22,21,21,22,21,21,224,170,66,1,7,11,19,22,5,20,10,16,2,32,14,64,3,6,2,3,5,9,24,11,0,13,21,22,21,10,11,11,0,1,0,7,3,2
3306,33,5,3,10,19,19,13,41,27,45,41,57,45,50,248,25,14,6,0,23,6,0,12,49,0,12,73,0,235,172,69,10,10,3,12,15,11,14,2,4,8,38,0,125,147,167,4,8,13,29,67,3,9,1,3,4,3,2,5,6,7,4,6,59,27,68
3307,28,12,8,7,15,18,12,32,16,61,64,20,61,192,95,48,4,5,1,5,4,15,21,50,62,103,50,62,137,96,213,3,6,2,31,5,4,1,25,29,118,93,100,103,185,151,1,2,4,8,21,2,2,3,1,1,1,33,28,38,8,94,10,54,144,158
3308,43,0,4,15,17,2,18,53,36,40,120,90,125,71,222,180,5,4,12,11,12,12,15,38,14,15,38,121,150,191,61,15,15,15,16,30,13,2,63,22,124,90,76,253,184,251,12,23,42,80,167,5,11,10,8,8,9,9,3,15,12,9,13,107,94,122
3309,6,6,11,2,6,30,24,24,23,16,71,97,36,220,169,64,2,6,15,2,15,18,54,4,15,54,85,99,88,153,95,0,1,7,9,4,10,5,1,37,69,29,47,71,137,37,9,18,31,61,129,3,7,1,25,10,17,53,43,52,70,70,65,92,101,115
3310,56,13,7,6,27,14,6,25,28,58,88,28,83,149,106,131,13,13,6,16,28,9,13,12,6,13,12,6,130,184,222,0,1,7,1,0,22,0,42,61,101,113,35,115,116,153,11,22,40,77,162,9,8,6,5,5,7,3,6,2,20,33,17,18,18,27
3311,29,2,9,3,2,28,31,2,6,54,2,33,116,137,102,236,8,10,7,6,7,10,36,35,63,114,119,63,87,54,87,15,15,15,13,7,24,60,9,36,78,10,6,77,73,44,9,15,24,51,107,5,5,5,6,17,6,36,10,39,29,32,30,17,48,70
3312,17,11,13,5,8,29,3,4,31,35,98,31,14,7,26,49,7,12,13,7,23,7,55,3,61,81,115,126,202,195,184,9,9,9,0,31,15,15,50,19,82,71,118,95,52,166,14,29,57,112,229,4,4,4,2,2,2,49,48,5,11,55,85,97,103,73
3313,30,11,15,5,10,17,3,4,50,14,78,95,85,235,139,184,7,12,13,7,23,7,5,53,20,5,115,88,177,113,53,9,9,9,0,31,15,58,16,62,48,30,68,203,142,94,9,18,29,57,121,4,4,4,2,2,2,29,30,30,3,16,21,36,14,60
3314,5,6,11,2,26,30,0,16,23,46,20,70,46,72,124,102,0,7,3,26,31,24,58,10,27,76,116,27,66,233,77,0,1,7,9,7,10,55,15,24,74,91,15,119,50,133,6,11,17,38,85,6,7,1,25,10,23,46,47,48,39,42,97,113,122,129
3315,52,13,7,6,27,14,14,39,14,1,74,123,1,200,105,4,13,13,6,22,28,22,51,30,24,51,78,24,189,40,116,0,1,7,4,4,10,57,11,14,124,90,76,233,160,63,13,27,52,99,207,9,8,6,5,5,7,3,32,51,63,63,45,132,58,52
3316,20,2,14,3,23,28,31,15,33,54,42,54,69,252,140,236,8,10,7,6,7,10,36,35,63,114,119,63,87,54,87,15,15,15,13,4,31,10,58,4,78,6,13,77,177,44,3,7,11,23,52,5,5,5,6,17,6,36,10,31,29,32,30,249,244,70
3317,2,14,10,4,22,8,10,8,43,62,86,88,93,117,183,81,15,1,11,15,1,20,9,1,50,9,1,50,175,1,115,0,1,7,10,20,6,32,49,54,109,75,48,59,212,116,10,19,34,68,145,8,12,9,11,23,11,12,14,13,4,2,5,14,73,22
3318,40,6,14,2,6,16,24,14,23,36,71,97,36,85,169,128,2,7,15,19,15,18,59,63,19,32,91,64,96,189,119,0,1,7,4,4,10,5,1,37,69,29,47,70,188,90,9,18,32,63,135,10,10,5,16,19,17,53,43,53,125,70,74,199,138,204
3319,46,12,8,7,15,18,29,46,42,60,87,42,11,209,88,253,4,5,1,5,4,31,38,62,55,38,75,112,78,251,240,3,6,2,31,5,4,48,21,6,30,94,127,15,155,40,1,2,2,4,11,2,2,3,1,1,1,14,24,22,16,10,19,25,9,36
3320,13,8,2,9,12,4,8,12,45,33,113,110,33,169,72,60,0,7,3,4,19,16,44,29,47,44,29,86,15,79,201,0,1,7,4,1,10,10,23,14,124,90,76,233,160,225,13,24,43,83,174,6,3,8,10,15,13,13,31,16,34,73,81,132,89,169
3321,46,12,8,7,15,18,29,46,42,11,10,42,11,11,88,134,4,5,1,5,4,31,38,62,55,38,75,112,211,247,56,3,6,2,31,5,4,21,0,23,124,19,122,40,211,125,1,2,2,4,9,2,2,3,1,1,1,4,24,4,41,25,116,108,134,212
3322,43,0,4,15,0,2,18,53,33,40,75,77,81,187,235,231,5,4,12,11,12,12,45,59,52,45,59,52,122,70,226,0,1,7,4,4,10,12,56,52,88,118,73,159,230,202,13,25,48,91,190,5,11,10,8,8,9,9,46,15,79,75,76,70,87,81
3323,19,6,11,2,6,12,0,24,23,20,24,23,117,123,89,161,2,6,15,2,15,18,2,44,46,2,44,109,192,173,148,0,1,7,9,4,10,10,58,4,124,90,90,71,32,97,9,18,32,65,139,3,7,1,13,14,15,16,16,12,65,65,89,166,169,238
3324,36,3,10,4,22,8,10,8,43,62,81,88,62,99,183,81,15,1,11,15,1,20,9,1,50,9,1,50,175,1,115,0,1,7,10,20,6,10,58,4,124,90,76,59,212,253,10,20,36,71,151,8,12,9,11,23,11,12,14,13,4,2,5,231,174,243
3325,14,12,8,7,15,18,12,32,16,32,64,24,73,181,64,118,4,5,1,5,4,15,21,50,62,21,5,62,62,51,238,3,6,2,31,5,4,21,0,23,114,8,71,33,35,174,1,2,4,7,18,2,2,3,1,1,1,4,4,4,10,21,1,56,38,51
3326,13,3,2,4,0,9,1,39,60,9,39,77,113,200,101,213,15,14,11,29,8,27,25,48,39,25,74,39,45,175,154,0,1,7,4,4,10,61,35,39,124,20,76,177,221,56,13,27,52,101,211,8,7,9,30,10,26,47,45,43,38,43,40,170,198,56
3327,31,0,4,15,21,2,18,48,8,56,48,8,56,183,156,173,5,4,12,11,12,12,46,60,48,123,60,97,165,158,147,15,15,15,16,30,13,50,39,27,120,119,85,151,37,109,12,23,42,81,170,5,11,10,8,8,9,37,3,37,21,26,33,11,41,16
3328,7,8,15,9,12,4,8,51,45,33,51,45,106,57,139,21,0,7,3,4,19,16,19,45,47,19,45,47,54,78,107,0,1,7,9,1,10,33,40,60,84,89,105,42,43,115,13,25,46,88,184,6,3,8,18,15,13,13,31,16,25,49,41,67,63,89
3329,60,13,7,14,3,15,27,3,35,17,3,35,17,74,220,12,11,8,9,9,9,8,8,7,11,8,7,11,8,8,243,4,4,8,21,11,0,39,32,10,20,18,50,174,6,33,5,9,14,30,70,13,13,14,26,25,25,23,23,20,6,6,8,0,0,0
3330,45,10,5,8,4,26,7,57,13,44,117,67,44,234,206,18,6,3,2,30,3,2,4,52,9,92,52,68,63,17,220,12,8,1,18,27,18,31,4,58,56,24,56,165,102,52,16,32,63,124,251,1,1,2,0,0,5,24,22,21,17,54,15,49,77,88
3331,54,13,7,9,29,14,14,62,63,15,62,99,119,226,36,63,13,13,6,22,8,22,23,24,28,23,24,28,31,23,24,0,1,7,6,10,9,8,18,20,28,74,32,104,237,78,11,21,38,74,156,9,8,6,27,27,30,39,41,41,33,34,35,10,8,10
3332,39,15,9,11,11,6,23,63,48,29,63,48,88,80,82,17,3,0,4,25,25,23,3,27,29,3,65,29,226,167,134,7,0,10,25,18,8,9,53,26,54,63,11,24,19,70,7,13,19,44,94,7,6,7,19,21,19,6,8,7,5,7,7,31,2,29
3333,27,0,4,15,17,2,18,53,33,40,75,90,81,187,222,58,5,4,12,11,12,12,45,59,52,45,59,52,122,70,226,15,15,15,16,30,13,12,56,52,88,118,73,253,184,251,13,25,48,92,191,5,11,10,8,8,9,9,46,15,79,75,76,70,87,81
3334,0,3,2,1,30,1,15,59,7,38,108,86,84,73,179,183,9,11,5,13,26,14,42,11,23,126,11,23,39,30,112,0,1,7,2,3,1,10,58,5,124,90,76,242,243,178,3,7,9,18,43,0,0,0,14,12,0,18,19,8,114,91,125,217,217,218
3335,6,6,11,2,6,30,24,24,23,20,24,23,8,165,20,145,2,6,15,19,15,18,54,16,15,98,16,15,103,121,232,0,1,7,9,1,10,22,60,53,115,121,102,19,194,168,13,25,47,89,186,3,7,1,25,10,23,44,35,28,101,96,89,122,121,99
3336,62,10,12,8,4,26,7,9,38,27,121,38,27,254,118,122,6,3,2,24,3,28,27,31,40,102,107,40,169,127,142,8,2,12,22,8,29,24,20,46,70,98,40,27,46,15,16,32,64,127,255,1,1,2,15,11,5,26,27,27,58,23,84,75,62,48
3337,30,11,13,5,8,29,30,31,32,35,65,65,35,131,160,57,7,12,13,21,5,29,28,22,37,28,22,87,22,226,26,9,9,9,5,17,3,23,28,17,23,27,22,185,159,194,14,28,55,107,222,4,4,4,20,20,22,11,17,17,1,5,4,4,7,7
3338,41,1,0,13,1,22,17,1,11,10,1,106,107,1,112,73,1,2,10,1,2,25,1,2,17,105,2,17,1,109,208,6,13,4,30,13,23,19,14,41,17,39,107,170,105,245,3,4,6,12,29,0,0,0,9,7,10,1,1,3,22,0,2,177,109,124
3339,22,8,9,4,28,9,1,12,54,63,40,125,49,112,114,206,3,0,4,3,0,4,26,0,4,26,105,4,153,199,219,0,1,7,4,4,10,10,1,37,15,90,76,221,7,37,9,15,23,50,105,7,6,7,24,24,8,50,48,44,32,74,85,236,183,113
3340,53,11,14,5,6,10,4,49,15,26,124,74,78,53,29,116,7,12,13,21,5,29,28,22,37,127,53,37,145,22,180,9,9,9,4,4,10,5,1,37,72,82,84,63,82,253,9,18,28,56,119,4,4,4,20,20,22,11,17,17,1,5,4,76,75,65
3341,27,0,4,15,17,2,18,18,36,59,18,90,59,23,5,153,5,4,12,11,12,12,15,38,14,15,38,121,11,162,174,15,15,15,16,30,13,10,58,4,124,90,76,239,181,235,12,23,42,80,168,5,11,10,8,8,9,9,3,15,108,9,13,199,55,72
3342,24,4,14,3,31,7,4,38,59,23,116,59,70,41,6,59,8,15,14,18,16,13,18,17,16,18,17,16,14,14,13,5,3,6,23,6,20,25,30,7,21,25,53,108,91,142,9,17,27,55,118,14,14,12,28,28,27,31,34,29,13,11,14,1,1,1
3343,34,3,2,4,22,8,10,8,61,4,25,61,4,248,172,215,15,14,11,29,29,27,30,33,32,77,93,125,208,65,89,0,1,7,10,20,6,4,27,38,67,105,87,129,186,80,10,19,34,67,143,8,12,9,11,13,11,40,38,36,48,38,47,63,44,67
3344,37,7,5,8,25,3,2,7,2,2,109,100,2,92,120,88,6,3,2,10,17,21,33,39,34,33,39,34,252,135,141,12,8,1,7,9,14,35,31,2,117,101,108,71,160,100,15,30,60,118,242,1,1,2,0,0,4,22,9,9,43,39,38,42,22,45
3345,41,1,0,3,1,22,17,1,11,10,69,112,107,197,112,148,1,2,10,1,2,25,1,2,17,105,2,17,209,229,59,6,13,4,30,13,23,19,14,41,1,102,95,252,145,234,9,15,25,53,111,0,0,0,9,7,10,1,1,3,44,0,2,62,195,41
3346,26,2,11,3,26,13,0,48,33,0,20,70,97,151,31,238,2,6,15,19,15,18,59,16,15,116,16,111,126,72,181,10,10,3,12,15,11,10,58,4,8,38,0,10,167,175,9,18,32,65,138,3,9,1,3,4,3,2,5,6,91,125,66,158,165,120
3347,1,2,14,2,6,7,4,33,56,55,33,96,55,49,153,3,0,7,3,26,11,24,35,42,8,35,95,114,140,94,251,0,1,7,4,4,10,5,1,37,61,88,74,142,246,22,9,18,32,63,133,4,5,5,2,2,31,29,55,55,3,60,58,71,46,47
3348,63,3,2,4,23,8,10,40,33,4,40,82,68,112,74,159,15,14,11,29,29,27,30,33,32,77,93,125,30,209,195,0,1,7,4,4,10,10,58,37,9,22,7,71,250,32,10,20,36,71,151,8,12,9,11,23,17,50,14,13,124,76,94,229,159,244
3349,28,9,8,12,13,27,12,30,20,53,30,87,53,195,87,99,4,11,1,28,4,1,61,37,1,61,102,1,85,41,1,3,6,2,15,2,28,1,12,50,37,28,1,67,74,220,13,24,43,83,174,2,2,3,12,9,12,8,12,14,19,104,22,85,224,109
3350,32,6,11,2,20,12,11,19,17,22,19,17,22,82,94,29,2,6,15,2,15,18,2,44,46,2,44,46,100,4,27,13,14,13,11,21,21,40,33,31,60,117,30,241,32,25,6,10,15,31,72,3,7,1,13,14,15,16,16,12,9,8,9,2,4,12
3351,3,0,7,6,27,13,6,23,60,20,74,60,118,164,10,238,13,13,6,16,28,9,51,30,24,51,78,24,189,40,116,0,1,7,1,0,22,57,11,14,83,109,67,204,11,255,13,27,52,100,208,9,8,6,5,5,7,38,32,54,85,41,73,78,80,78
3352,62,10,5,8,4,26,7,9,38,27,121,111,27,46,97,151,6,3,2,30,3,2,4,6,9,4,71,9,155,230,228,12,8,1,7,9,14,17,58,1,5,104,81,85,208,31,16,32,64,126,254,1,1,2,15,11,5,26,27,27,56,23,56,65,114,61
3353,46,12,8,7,15,18,29,46,42,51,87,104,67,11,14,109,4,5,1,5,4,31,38,62,55,38,104,55,78,251,240,3,6,2,31,5,4,48,21,6,30,94,127,22,79,144,1,2,2,5,13,2,2,3,1,1,1,14,24,22,16,10,19,25,9,36
3354,40,0,4,15,16,16,25,56,8,40,15,8,40,183,116,58,5,4,12,11,12,12,46,60,48,123,60,97,165,158,147,15,15,15,16,30,13,2,63,4,120,119,85,151,37,109,12,23,42,81,170,5,11,10,8,8,9,9,3,15,12,9,98,29,125,93
3355,46,9,8,12,13,27,12,27,24,60,123,85,60,193,87,189,4,5,1,5,4,31,6,23,36,6,82,36,170,134,178,3,6,2,15,2,28,1,12,50,37,42,26,240,215,205,1,1,1,1,2,2,2,3,12,9,12,8,12,14,19,15,22,33,155,139
3356,24,4,14,3,31,7,4,38,59,23,38,59,23,41,6,59,8,15,14,18,16,13,18,17,16,18,17,16,200,14,13,5,3,6,23,6,20,25,30,7,21,25,53,108,91,142,9,17,27,55,118,14,14,12,28,28,27,31,34,29,13,11,14,1,1,1
3357,55,1,1,13,5,1,9,45,5,34,112,5,34,96,4,130,12,2,10,14,30,5,63,13,38,63,90,38,244,15,244,6,13,4,2,3,1,3,22,9,11,86,18,249,86,191,3,4,6,11,27,0,0,0,4,3,0,20,2,0,83,81,64,90,51,103
3358,48,15,6,11,11,5,28,13,9,30,93,9,29,121,109,147,3,0,4,3,0,4,26,0,4,66,117,4,154,143,143,2,5,5,8,19,16,7,51,49,6,78,9,190,175,0,7,12,18,40,89,7,6,7,7,6,8,0,0,1,82,45,57,58,57,71
3359,49,11,13,5,8,29,30,31,15,35,65,65,35,131,13,200,7,12,13,21,5,29,28,22,37,28,22,87,22,226,26,9,9,9,5,17,3,23,28,17,23,27,22,30,13,1,14,28,55,107,222,4,4,4,20,20,22,11,17,17,1,5,4,4,7,7
3360,45,10,5,8,4,26,7,57,13,44,117,13,44,240,223,22,6,3,2,30,3,2,4,52,9,92,52,68,63,17,220,12,8,1,18,27,18,31,4,58,5,24,56,182,16,84,16,32,63,124,251,1,1,2,0,0,5,24,22,21,17,27,15,15,19,19
3361,42,2,9,3,22,21,26,8,43,62,119,44,93,88,128,8,15,1,11,15,1,20,9,1,50,9,1,59,95,228,30,0,1,7,4,4,10,32,49,54,33,75,113,71,197,11,10,19,33,66,141,8,12,9,11,23,11,12,14,13,4,2,5,139,174,237
3362,26,6,3,10,26,19,0,36,57,0,36,57,0,36,103,0,14,6,0,23,6,0,12,49,0,12,73,0,142,192,218,10,10,3,4,4,10,10,58,4,124,90,38,71,160,253,9,18,32,63,134,3,9,1,3,4,3,42,42,40,31,29,34,182,15,17
3363,1,6,11,2,6,30,24,24,23,20,24,23,20,70,89,161,2,6,15,19,15,18,59,16,15,54,16,64,126,72,181,0,1,7,4,4,10,10,58,4,124,90,76,211,167,175,9,18,32,65,138,3,7,1,13,14,15,16,16,12,65,65,89,166,169,238
3364,36,3,2,4,9,8,10,61,12,4,86,88,103,146,123,197,9,11,5,13,26,14,42,11,23,42,11,23,110,249,35,0,1,7,20,20,25,46,45,40,127,69,89,47,197,46,10,19,34,67,144,8,3,9,17,16,20,25,26,23,42,64,27,52,29,69
3365,38,8,2,12,12,4,8,5,24,33,68,87,111,205,168,99,4,11,5,28,26,1,61,37,1,11,37,70,77,102,82,0,1,7,15,2,28,10,12,50,40,28,1,242,224,178,13,24,44,85,178,2,2,3,12,9,12,41,33,47,53,48,32,85,116,109
3366,6,8,0,9,1,22,17,60,11,10,60,112,95,243,79,86,1,2,10,1,2,25,1,2,17,105,2,17,209,229,59,6,13,4,30,13,23,19,14,41,1,102,95,117,117,209,3,4,6,10,26,0,0,0,9,7,10,1,1,3,44,92,2,93,96,148
3367,25,6,11,2,6,30,24,24,23,20,24,56,20,103,12,161,2,6,15,19,15,18,54,16,15,54,16,15,50,28,14,0,1,7,9,4,10,10,58,53,115,121,76,71,170,253,6,11,17,39,87,3,7,1,25,10,23,44,35,28,65,65,121,224,191,99
3368,0,1,1,1,5,1,15,23,5,34,108,5,38,216,211,51,12,2,10,14,30,5,63,13,38,63,25,81,128,155,104,6,13,4,2,3,1,3,22,9,27,13,58,234,248,12,3,7,9,20,47,0,0,0,4,3,0,18,2,8,67,91,70,128,115,83
3369,5,6,11,2,6,21,0,24,23,8,96,23,54,156,89,32,6,3,2,10,17,21,33,39,60,33,39,31,74,44,215,0,1,7,4,4,10,10,58,4,126,79,90,71,160,211,6,11,16,33,75,3,1,1,3,0,4,44,44,9,65,39,74,166,138,216
3370,63,11,13,5,8,29,30,31,32,35,65,65,35,106,162,75,7,12,13,21,5,29,28,22,37,28,22,87,22,226,26,9,9,9,5,17,3,23,28,17,23,27,22,185,159,194,14,28,55,107,221,4,4,4,20,20,22,11,17,17,1,5,4,4,7,7
3371,31,0,4,15,17,2,18,53,36,59,120,90,125,154,163,171,5,4,12,11,12,12,15,38,14,15,38,14,218,19,231,15,15,15,16,30,13,18,17,22,85,62,62,134,179,89,12,23,42,80,167,5,11,10,8,8,9,9,3,15,12,9,13,34,16,18
3372,6,6,11,2,26,30,14,5,14,20,5,56,97,5,63,228,0,7,3,19,31,24,43,63,27,72,106,82,23,187,146,0,1,7,4,4,10,10,58,4,124,90,76,171,235,110,9,18,32,64,137,3,7,6,31,29,28,48,49,49,91,101,42,225,182,82
3373,51,9,8,12,13,27,12,27,24,60,64,24,60,141,73,37,4,5,1,5,4,31,6,23,36,6,82,112,170,134,178,3,6,2,31,5,4,10,12,50,124,90,76,71,155,3,1,2,3,6,17,2,2,3,1,1,1,8,12,14,88,94,108,165,144,184
3374,33,5,3,10,19,19,13,41,27,47,41,27,47,50,250,25,14,6,0,23,6,0,12,49,0,12,73,0,255,192,218,10,10,3,12,15,11,14,2,4,126,79,114,12,109,119,4,8,13,29,65,3,9,1,3,4,3,2,5,6,66,69,66,91,68,59
3375,50,8,15,9,28,9,1,12,49,63,119,115,49,87,126,190,15,14,11,0,20,3,41,9,45,125,9,80,158,146,64,0,1,7,4,4,10,30,23,55,80,126,93,84,66,248,7,13,21,47,98,6,3,8,22,13,14,60,59,60,77,68,92,125,89,114
3376,30,11,13,5,8,29,30,31,32,35,65,32,35,106,162,127,7,12,13,21,5,29,28,22,37,28,22,87,22,226,26,9,9,9,5,17,3,23,28,17,23,27,22,185,159,194,14,28,55,107,222,4,4,4,20,20,22,11,17,17,1,5,4,4,7,7
3377,3,1,0,1,30,1,15,23,5,38,112,5,76,96,28,34,12,2,10,14,30,5,63,13,5,117,101,5,9,87,140,6,13,4,2,3,1,3,22,9,87,95,117,11,68,17,3,7,9,19,45,0,0,0,4,3,0,20,2,0,35,36,43,19,33,104
3378,6,1,0,13,1,22,17,1,11,10,69,92,95,197,44,143,1,2,10,1,2,25,1,2,17,105,2,17,134,2,59,6,13,4,30,13,23,19,14,41,1,102,95,170,160,51,3,4,6,10,26,0,0,0,9,7,10,1,1,3,44,86,101,144,135,148
3379,54,6,11,9,26,30,14,10,14,9,127,79,97,200,31,113,14,6,0,23,6,0,12,49,54,80,49,54,68,56,91,0,1,7,4,4,10,10,58,4,124,37,76,71,21,253,7,13,21,48,99,3,9,6,31,29,28,42,42,40,91,101,114,146,172,237
3380,4,9,2,12,9,20,20,47,12,39,47,12,39,23,123,155,9,11,5,13,26,14,42,11,23,42,11,23,110,249,35,0,1,7,20,20,25,46,45,40,26,97,36,35,39,250,10,20,35,69,147,8,3,9,17,16,20,25,26,23,50,40,27,27,34,34
3381,24,4,14,3,31,7,4,38,52,23,116,120,70,176,166,157,8,15,14,18,16,13,18,17,16,18,17,16,14,14,13,5,3,6,23,6,20,25,30,7,21,106,52,13,114,118,9,17,27,55,117,14,14,12,28,28,27,31,34,29,13,11,14,1,1,1
3382,18,2,10,3,22,21,26,33,43,55,33,96,55,49,153,117,15,1,11,15,1,20,9,1,50,9,1,50,95,84,30,0,1,7,4,4,6,32,49,37,61,88,113,156,75,11,10,19,33,66,141,8,12,5,11,23,31,29,55,13,103,2,58,71,46,47
3383,39,15,9,11,11,6,23,63,48,29,63,48,88,80,82,17,3,0,4,25,25,23,3,27,29,3,65,29,226,167,134,7,0,10,25,18,8,9,53,26,54,63,11,24,19,70,7,13,19,44,94,7,6,7,19,21,19,6,8,7,5,7,7,31,2,29
3384,54,13,7,9,29,14,14,62,63,15,62,63,119,102,90,138,13,13,6,22,8,22,23,24,28,23,24,28,31,23,24,0,1,7,6,10,9,8,18,20,113,37,80,176,123,184,11,21,38,74,156,9,8,6,27,27,30,39,41,41,33,34,35,10,8,10
3385,40,2,9,15,2,28,31,15,8,54,15,8,69,63,116,173,8,10,7,6,7,10,56,35,41,7,70,56,24,85,6,15,15,15,13,29,31,2,63,4,119,6,13,8,177,49,9,15,25,52,109,5,5,5,6,17,6,32,18,31,49,53,50,69,74,79
3386,28,12,8,7,13,18,12,30,20,61,30,20,61,34,164,139,4,5,1,5,4,15,21,50,62,103,50,62,210,96,213,3,6,2,15,2,28,1,25,29,118,93,98,14,83,16,1,2,4,8,22,2,2,3,1,9,12,33,28,38,8,20,10,54,50,24
3387,39,15,9,11,11,6,28,50,46,24,77,46,74,213,136,245,3,0,4,25,25,23,3,27,29,3,113,102,91,92,75,7,0,10,17,14,19,43,24,32,29,61,34,128,10,101,7,13,20,46,96,7,6,7,19,21,19,6,8,7,69,61,71,38,31,20
3388,1,6,14,3,2,12,16,14,10,36,34,119,52,157,98,234,15,14,11,26,31,24,62,43,42,70,67,42,246,88,179,0,1,7,4,4,10,5,1,37,107,57,109,93,84,145,9,18,32,65,139,12,10,11,23,18,18,59,54,58,80,80,59,119,102,100
3389,11,1,0,13,1,22,17,1,11,10,69,106,95,197,44,143,1,2,10,1,2,25,1,2,17,105,2,17,134,229,59,6,13,4,30,13,23,19,14,41,1,102,95,170,105,51,3,4,6,12,29,0,0,0,9,7,10,1,1,3,44,0,2,62,17,41
3390,11,1,1,13,5,25,9,45,19,37,126,1,91,48,152,226,12,2,10,14,30,5,63,13,38,119,90,38,231,216,225,6,13,4,2,3,1,34,57,45,42,54,28,81,152,35,3,6,8,16,38,0,0,0,4,3,0,7,40,0,27,47,23,37,54,25
3391,29,2,9,3,2,28,31,2,34,54,114,113,89,107,45,186,8,10,7,6,7,10,48,8,56,48,8,89,55,219,67,15,15,15,13,29,31,37,41,42,16,80,116,96,31,24,9,15,25,53,112,5,5,5,6,17,6,32,10,31,36,35,36,13,12,15
3392,14,2,9,3,2,28,31,2,34,54,114,113,89,107,45,181,8,10,7,6,7,10,48,8,56,48,8,89,55,219,67,15,15,15,13,29,31,37,41,42,16,80,116,96,31,24,9,15,25,53,110,5,5,5,6,17,6,32,10,31,36,35,36,13,12,15
3393,47,2,14,3,16,16,25,56,37,41,56,37,121,110,71,120,8,10,7,27,24,6,24,18,33,24,18,33,2,214,25,15,15,15,3,26,26,11,5,57,12,55,76,217,12,182,9,16,26,54,115,10,5,5,16,19,24,19,21,18,18,17,18,157,161,175
3394,59,11,15,5,10,29,3,4,50,3,4,95,85,152,60,241,7,12,13,7,23,7,55,3,61,5,115,88,177,113,165,9,9,9,0,31,15,15,50,19,0,103,29,203,183,94,14,29,57,113,231,4,4,4,2,2,2,5,7,5,11,19,28,87,79,60
3395,48,15,6,11,11,0,28,11,9,57,84,9,100,27,16,224,3,0,4,3,0,4,26,0,4,26,105,4,111,124,3,2,5,5,8,19,16,7,51,49,15,12,44,53,255,187,7,12,18,42,92,7,6,7,7,6,8,0,0,1,32,28,16,39,36,57
3396,24,4,14,3,31,7,4,38,52,23,116,52,70,176,166,157,8,15,14,18,16,13,18,17,16,18,17,16,14,14,13,5,3,6,23,6,20,25,30,7,21,106,52,13,114,118,9,17,27,55,118,14,14,12,28,28,27,31,34,29,13,11,14,1,1,1
3397,63,3,2,4,22,8,10,8,61,4,86,61,4,248,172,215,15,14,11,29,29,27,30,33,32,77,93,125,30,206,170,0,1,7,10,20,6,4,27,38,67,105,87,129,92,188,10,19,34,67,144,8,12,9,11,16,11,40,38,36,48,38,47,63,44,133
3398,59,11,13,5,8,29,30,31,32,35,31,32,35,24,92,167,7,12,13,21,5,29,28,22,37,28,22,87,22,226,26,9,9,9,5,17,3,23,28,17,23,27,77,244,131,99,14,28,55,107,221,4,4,4,20,20,22,11,17,17,1,5,4,4,7,7
3399,7,8,12,9,12,4,8,43,40,33,70,110,80,190,70,60,0,7,3,4,27,16,44,29,47,44,29,2,151,74,16,8,2,12,24,16,17,53,34,33,24,17,20,147,65,5,13,24,43,83,174,1,3,8,18,11,13,13,25,16,34,13,39,21,30,31
3400,16,6,11,2,6,30,24,24,23,20,24,23,20,165,12,161,2,6,15,19,15,18,54,16,15,54,16,15,50,28,14,0,1,7,9,7,10,22,60,53,115,121,15,126,139,190,6,11,17,39,87,3,7,1,25,10,23,44,35,28,65,65,51,111,86,99
3401,48,15,6,11,11,6,23,63,53,29,92,53,71,31,146,104,3,0,4,25,25,23,3,27,29,3,65,29,20,27,34,7,0,10,25,18,8,38,43,34,124,49,9,3,198,165,7,12,18,40,89,7,6,7,19,21,19,6,8,7,5,7,7,12,2,9
3402,57,7,5,8,4,26,7,57,2,21,121,111,27,90,97,151,6,3,2,10,17,21,4,6,60,4,71,9,82,101,126,12,8,1,7,9,14,10,58,63,124,104,81,71,192,253,16,32,64,126,254,1,1,2,0,0,4,26,27,27,62,62,56,153,61,61
3403,50,12,8,7,15,18,29,46,42,11,10,42,11,119,88,253,4,11,1,5,4,31,38,62,55,38,83,55,92,139,106,3,6,2,31,5,4,48,21,6,124,19,122,224,199,54,1,2,2,4,8,2,2,3,1,1,1,14,24,22,16,10,19,108,215,212
3404,6,4,14,3,31,22,17,1,59,25,47,68,95,197,20,142,1,2,10,1,2,25,1,2,17,105,2,17,209,229,59,0,1,7,4,4,10,10,58,4,124,90,76,71,105,253,13,25,47,89,186,0,0,0,9,7,10,1,20,3,99,59,62,170,17,197
3405,28,9,8,12,13,27,12,30,20,61,30,20,61,34,95,139,4,5,1,5,4,15,21,50,62,103,50,62,210,96,213,3,6,2,15,2,28,1,25,29,118,93,100,103,83,151,1,2,4,8,21,2,2,3,12,9,12,33,28,38,8,20,10,54,50,158
3406,4,9,0,12,5,20,20,44,12,12,44,12,10,224,240,232,9,11,5,13,26,14,42,11,23,126,11,23,39,30,112,6,13,4,20,20,25,46,45,40,26,97,36,35,39,250,10,20,35,69,147,8,3,9,17,16,20,25,26,23,50,40,27,27,34,34
3407,3,1,0,13,5,20,20,44,12,12,44,12,39,224,240,232,9,11,5,13,26,14,42,11,23,126,11,23,39,30,112,6,13,4,20,20,25,46,45,40,26,97,36,35,39,250,10,20,35,69,147,8,3,9,17,16,20,25,26,23,50,40,27,27,34,34
3408,33,5,3,10,19,19,13,41,27,47,41,27,47,182,18,25,14,6,0,23,6,0,12,49,54,80,49,54,142,56,91,10,10,3,12,15,11,14,2,4,126,79,114,12,109,119,4,8,13,29,65,3,9,1,3,4,3,2,5,6,66,29,66,91,68,59
3409,15,12,8,7,15,18,29,46,42,51,46,104,67,93,14,176,4,5,1,5,4,31,38,62,55,38,104,55,78,186,102,3,6,2,31,5,4,48,21,6,52,110,99,48,48,18,1,2,2,5,12,2,2,3,1,1,1,14,24,22,86,10,99,127,123,95
3410,39,15,9,11,11,6,23,63,53,50,92,53,71,232,39,104,3,0,4,25,25,23,3,27,29,3,27,102,212,167,242,7,0,10,25,18,8,38,43,4,64,84,41,114,25,155,7,13,20,45,95,7,6,7,19,21,19,6,8,7,5,7,7,12,130,9
3411,63,8,2,9,12,4,8,43,45,33,113,103,33,170,119,214,0,7,3,26,19,24,19,45,47,19,20,25,152,148,33,0,1,7,9,1,10,33,40,60,99,5,120,181,162,148,13,24,43,83,176,6,3,8,18,15,13,13,31,16,25,48,41,77,59,96
3412,59,11,15,5,10,17,3,51,50,14,104,50,98,68,60,83,7,12,13,7,23,7,55,3,61,81,124,61,136,3,210,0,9,7,0,31,15,15,50,19,0,56,29,37,161,137,14,29,57,113,231,4,4,4,2,2,2,5,7,5,11,19,37,46,142,116
3413,48,15,6,11,11,5,28,22,9,30,67,127,29,206,231,33,3,0,4,3,0,4,26,0,4,106,0,90,129,174,71,2,5,5,8,19,16,51,8,13,73,51,23,112,60,39,7,12,18,41,90,7,6,7,7,6,8,0,0,1,26,14,26,64,49,23
3414,29,2,9,3,2,28,14,60,56,26,127,54,26,210,39,3,8,10,7,6,7,10,7,34,7,68,87,7,225,119,63,0,1,7,4,4,10,10,1,4,124,90,76,71,160,253,9,18,28,56,120,7,6,7,19,24,19,48,8,62,91,105,108,226,130,220
3415,42,2,9,3,28,9,1,12,49,63,101,49,49,87,126,199,0,7,3,26,31,24,50,54,51,50,54,51,47,90,39,0,1,7,4,4,10,30,23,55,76,41,112,6,81,150,7,13,21,47,98,6,0,6,25,13,14,48,49,49,92,86,106,133,108,162
3416,26,6,11,2,6,12,11,24,17,8,89,23,117,30,63,201,2,6,15,2,15,18,2,44,46,2,44,109,192,173,148,0,1,7,9,4,10,10,58,4,60,117,90,105,201,253,6,11,16,34,78,3,7,1,13,14,15,16,16,12,9,8,9,106,196,191
3417,22,2,11,9,26,30,14,10,49,1,47,49,1,249,155,235,0,7,3,26,31,24,50,54,27,50,120,51,47,90,189,0,1,7,4,4,10,10,35,4,10,67,43,149,121,217,12,23,41,78,164,6,3,6,25,29,28,55,49,49,92,63,106,133,108,162
3418,44,10,12,8,4,26,21,35,58,31,35,58,31,104,143,207,6,3,2,24,27,28,27,31,2,95,31,72,51,73,173,8,2,12,24,16,17,41,59,12,79,4,94,214,218,181,16,32,62,123,249,1,1,2,15,11,5,35,25,33,28,22,24,5,10,3
3419,37,7,5,8,25,3,2,37,2,6,57,111,75,8,2,101,6,3,2,10,17,21,34,55,31,4,6,9,221,46,36,12,8,1,7,9,14,17,37,1,56,4,61,136,102,210,15,30,60,119,244,1,1,2,0,0,4,17,13,10,89,54,11,98,111,161
3420,44,10,12,8,12,4,21,43,40,31,70,110,80,190,70,20,0,7,3,4,27,16,44,29,47,44,29,2,151,74,16,8,2,12,24,16,17,53,34,33,24,17,20,74,29,5,16,32,62,122,247,1,3,8,18,11,13,13,25,16,34,13,39,21,30,31
3421,25,4,14,2,31,7,4,38,59,36,71,97,36,176,6,59,8,15,14,18,16,13,18,17,16,18,17,16,14,14,13,5,3,6,23,6,20,5,1,37,31,25,53,143,82,32,9,17,27,55,118,14,14,12,28,28,27,31,34,29,13,11,14,1,1,1
3422,19,14,10,0,14,23,19,34,18,19,102,18,19,9,117,178,10,9,8,12,14,11,14,15,10,14,64,10,18,16,120,11,12,0,26,25,2,52,13,30,4,9,12,2,24,2,8,14,22,49,103,12,10,11,23,18,18,15,15,19,2,3,3,22,37,26
3423,63,14,14,3,23,21,4,14,10,52,14,119,52,137,98,98,15,14,11,26,31,24,62,43,42,43,67,42,86,88,179,15,15,15,4,4,10,10,58,37,107,57,109,93,84,145,13,26,49,93,193,8,12,9,11,23,11,59,14,13,80,80,59,119,102,100
3424,4,9,2,12,9,20,20,61,12,39,90,12,39,224,240,232,9,11,5,13,26,14,42,11,23,126,11,23,39,30,112,0,1,7,20,20,25,46,45,40,26,97,36,35,39,250,10,20,35,69,147,8,3,9,17,16,20,25,26,23,50,40,27,27,34,34
3425,32,6,11,2,20,12,11,19,17,22,47,23,117,30,63,100,2,6,15,2,15,18,2,44,46,2,44,109,76,173,148,0,1,7,4,4,10,10,58,4,60,117,30,241,107,170,13,25,47,89,186,3,7,1,13,14,15,16,16,12,9,8,9,220,141,30
3426,4,9,0,7,1,22,29,46,42,60,46,80,82,51,228,61,1,2,10,1,2,25,10,46,49,110,112,117,159,156,17,6,13,4,30,13,23,19,54,18,71,92,49,148,71,247,3,6,8,17,39,0,0,0,9,7,16,51,53,56,71,72,78,72,66,64
3427,0,1,1,1,5,1,9,45,19,12,17,91,77,17,57,126,12,2,10,14,30,5,63,13,38,63,90,78,193,220,191,6,13,4,2,3,1,3,22,9,87,95,117,11,68,164,3,7,9,20,46,0,0,0,4,3,0,20,2,0,35,36,43,179,33,50
3428,26,6,11,2,26,30,24,24,23,20,81,79,20,32,62,228,2,6,15,19,15,18,32,16,15,98,16,111,103,121,232,0,1,7,9,7,10,22,60,53,115,121,76,235,225,58,6,11,17,39,87,10,7,1,13,10,23,28,35,28,75,65,44,106,139,152
3429,33,5,3,10,19,19,13,26,27,42,26,27,42,50,248,9,14,6,0,23,6,0,52,4,0,52,4,66,216,60,96,10,10,3,12,15,11,14,2,4,126,79,114,25,194,130,4,8,13,28,64,3,9,1,3,4,3,2,5,6,101,96,95,122,121,142
3430,60,13,7,14,3,15,27,3,35,17,3,35,17,172,202,77,11,8,9,9,9,8,8,7,11,8,7,11,8,8,209,4,4,8,21,11,0,13,6,21,43,23,69,38,187,9,5,9,14,30,68,13,13,14,26,25,25,23,23,20,6,6,8,0,0,0
3431,27,7,14,3,25,3,4,55,29,26,55,100,123,246,182,140,6,3,2,10,17,21,33,39,60,79,72,123,133,205,127,12,8,1,7,9,14,5,1,37,31,22,78,131,146,243,15,30,58,116,238,1,1,2,0,0,4,50,9,9,43,39,38,55,177,58
3432,52,3,7,6,0,9,16,52,60,1,80,123,1,200,138,244,13,13,6,22,8,22,51,48,24,93,48,118,123,53,154,0,1,7,4,4,10,42,35,43,10,67,43,138,165,132,13,27,52,99,207,9,8,6,5,5,26,55,32,51,72,63,75,47,58,52
3433,49,11,15,5,10,17,3,4,50,14,4,69,98,152,60,241,7,12,13,7,23,7,55,3,61,5,115,88,7,164,8,9,9,9,0,31,15,15,50,19,0,103,29,192,135,137,14,29,57,113,230,4,4,4,2,2,2,5,7,5,11,19,28,46,71,94
3434,39,15,9,11,11,6,23,50,46,24,13,46,74,194,129,166,3,0,4,25,25,23,3,27,29,3,113,102,212,92,242,7,0,10,17,14,19,43,24,32,64,84,41,114,25,155,7,13,20,46,96,7,6,7,19,21,19,6,8,7,69,61,71,38,31,20
3435,40,0,4,15,21,2,0,48,8,56,48,84,46,14,156,102,5,4,12,11,12,12,46,60,48,46,60,48,65,66,48,15,15,15,9,7,10,50,39,27,25,107,86,123,87,65,12,23,41,78,164,5,11,10,8,8,9,37,3,37,21,26,33,113,41,16
3436,14,11,13,5,8,29,30,31,32,35,65,65,35,131,162,57,7,12,13,21,5,29,28,22,37,28,22,87,22,226,26,9,9,9,5,17,3,23,28,17,23,27,22,30,13,1,14,28,55,107,222,4,4,4,20,20,22,11,17,17,1,5,4,4,7,7
3437,16,3,15,4,0,9,16,40,62,63,40,56,68,63,74,36,15,14,11,0,20,3,0,9,53,0,109,53,0,43,2,0,1,7,4,4,10,10,58,4,124,90,76,71,160,211,13,27,54,103,215,3,1,1,3,4,3,44,52,59,84,83,82,88,90,84
3438,4,1,0,13,5,25,9,60,5,18,103,80,96,51,190,191,12,2,10,31,21,17,40,40,49,40,40,65,178,243,55,6,13,4,4,4,10,3,54,9,71,92,49,148,71,247,13,24,43,83,174,0,0,0,22,31,16,51,53,56,71,72,78,72,66,64
3439,59,11,13,5,8,29,30,31,32,35,98,65,35,24,77,57,7,12,13,21,5,29,28,22,37,28,22,87,22,69,235,9,9,9,5,17,3,23,28,17,23,27,64,216,63,20,14,28,55,109,224,4,4,4,20,20,22,11,17,17,1,5,4,4,7,7
3440,12,13,2,6,27,14,6,42,62,58,118,62,118,78,99,56,13,13,6,16,28,9,13,12,6,104,69,96,58,76,221,0,1,7,1,0,22,26,29,48,44,76,79,122,205,41,11,22,39,75,159,9,8,6,5,5,7,3,6,2,59,58,55,30,40,42
3441,5,6,11,9,26,30,24,5,23,20,5,36,94,38,63,228,15,14,3,26,13,24,37,20,53,37,121,25,207,93,150,0,1,7,9,20,10,49,38,56,123,73,70,101,196,199,10,20,37,72,154,8,3,9,17,16,20,45,33,42,45,46,42,57,26,82
3442,40,0,4,15,17,2,31,15,8,40,15,8,69,71,141,58,8,10,7,6,7,10,36,35,63,114,70,56,24,85,6,15,15,15,16,30,13,2,63,4,120,119,85,8,37,49,9,15,25,52,109,5,11,10,8,8,9,9,3,15,12,9,50,107,125,93
3443,27,3,10,4,22,21,10,8,33,62,8,123,113,103,50,161,13,14,11,22,8,22,25,48,39,25,74,39,45,175,83,0,1,7,4,4,10,10,58,14,124,90,76,71,160,253,13,27,52,101,211,8,12,9,11,23,11,12,14,13,64,2,54,218,200,195
3444,42,2,9,3,2,28,26,6,54,49,6,89,101,58,76,15,8,10,7,6,7,10,7,34,7,68,87,7,34,7,85,0,1,7,4,29,31,36,1,0,97,15,103,50,242,254,9,15,23,50,105,5,5,5,6,24,6,30,18,24,24,30,20,24,24,21
3445,27,0,4,15,21,2,18,48,8,56,48,84,56,14,156,80,5,4,12,11,12,12,46,60,48,46,60,48,65,66,48,15,15,15,16,30,13,50,39,27,25,107,86,123,156,65,12,23,41,78,164,5,11,10,8,8,9,37,3,37,21,26,33,11,41,16
3446,56,1,1,13,5,25,9,60,1,37,126,1,37,120,85,51,12,2,10,14,30,5,63,13,38,63,90,38,109,58,186,6,13,4,2,3,1,3,22,9,27,13,58,121,176,14,3,6,8,17,41,0,0,0,4,3,0,7,40,0,27,47,23,99,154,25
3447,61,5,3,10,19,19,13,26,27,47,58,27,47,50,18,10,14,6,0,23,6,0,12,49,54,80,49,54,167,56,91,10,10,3,27,28,30,56,19,3,68,21,27,34,1,60,4,8,13,28,64,3,9,1,3,4,3,42,42,40,31,29,34,16,15,17
3448,50,3,0,1,30,13,15,59,7,5,101,125,49,81,141,140,12,2,10,31,10,17,10,46,49,10,13,106,188,130,162,0,1,7,4,4,10,10,1,4,124,90,76,16,160,17,3,7,11,26,62,5,5,5,6,24,6,30,18,24,88,117,119,223,175,184
3449,17,11,15,5,10,17,16,40,25,14,40,10,124,116,225,230,7,12,13,7,23,7,55,3,61,81,124,61,174,3,210,0,1,7,4,4,10,15,50,19,9,103,7,72,250,128,13,26,49,94,198,4,4,4,20,20,22,49,57,44,90,76,94,124,106,189
3450,63,11,15,5,10,17,16,40,31,14,82,50,124,32,225,158,7,12,13,7,11,7,55,3,30,86,3,30,174,190,144,0,1,7,4,4,10,15,50,19,9,103,7,193,2,157,13,26,49,95,201,4,4,4,2,2,2,49,57,44,90,76,94,124,106,167
3451,37,7,5,8,25,3,2,7,29,2,7,2,123,174,50,88,6,3,2,10,17,21,33,6,31,67,6,101,89,149,5,12,8,1,7,9,14,10,58,4,124,77,76,252,145,234,15,30,58,116,236,1,1,2,0,0,4,22,9,9,58,39,63,82,195,97
3452,54,13,7,6,29,14,14,62,26,15,62,26,119,226,122,70,13,13,6,22,8,22,23,24,28,23,24,28,31,23,24,0,1,7,6,10,9,8,18,20,41,14,80,20,18,82,11,21,38,73,155,9,8,6,27,27,30,39,41,41,33,34,35,10,8,10
3453,1,11,15,5,10,17,16,40,50,14,40,50,122,114,242,251,0,7,3,7,11,7,55,3,30,86,42,30,228,168,31,0,1,7,4,4,10,15,50,19,0,56,121,37,241,223,13,26,49,95,200,4,4,4,2,2,2,5,7,5,94,77,37,172,104,102
3454,47,4,14,3,31,7,4,54,10,16,54,59,16,178,165,230,8,10,7,27,24,6,56,18,41,56,123,127,102,91,145,15,15,15,4,4,10,10,58,4,53,123,125,80,51,154,9,18,32,62,131,10,5,5,16,19,24,19,21,18,49,53,50,104,140,130
3455,61,5,3,10,19,19,13,26,27,47,58,27,47,50,18,10,14,6,0,23,6,0,12,49,0,52,4,0,68,131,218,10,10,3,12,15,11,14,2,4,126,79,114,25,21,130,4,8,13,29,65,3,9,1,3,4,3,2,5,6,66,69,66,91,185,157
3456,53,10,12,9,12,4,21,35,40,31,35,58,108,179,49,114,0,7,3,4,19,16,19,45,47,19,45,86,15,79,201,8,2,12,9,1,10,27,46,51,36,99,54,147,172,113,13,25,45,86,181,1,3,8,18,11,13,54,25,34,46,44,46,23,25,40
3457,44,10,12,9,12,4,21,43,40,31,70,40,80,45,70,114,0,7,3,4,27,16,44,29,47,44,29,2,151,74,16,8,2,12,24,16,17,53,34,33,24,17,20,74,29,5,16,32,62,122,247,1,3,8,18,11,13,13,25,16,34,13,39,21,30,31
3458,30,11,13,5,23,10,4,49,44,55,78,74,127,157,135,195,7,12,13,21,5,29,5,53,20,64,114,20,183,171,237,9,9,9,0,31,15,58,16,62,65,64,91,167,78,23,14,29,56,111,227,4,4,4,2,2,2,29,30,30,3,16,21,40,69,13
3459,35,1,1,13,18,11,22,17,47,28,79,105,28,6,37,108,1,2,10,17,22,26,22,21,21,22,21,21,224,170,66,1,7,11,19,22,5,20,10,16,2,32,14,64,3,6,3,6,8,17,41,11,0,13,21,22,21,10,11,11,0,1,0,7,3,2
3460,0,3,2,1,30,13,14,10,7,1,10,72,68,251,137,211,12,2,10,31,10,30,53,46,26,53,46,92,52,10,62,0,1,7,4,4,10,10,58,14,124,90,76,233,26,225,6,11,16,32,73,9,8,6,31,29,28,61,51,61,91,99,104,194,113,150
3461,19,14,10,0,14,23,19,34,17,19,34,121,117,180,203,234,10,9,8,12,14,11,14,15,10,14,15,10,18,16,120,11,12,0,26,25,2,52,13,30,4,9,12,2,14,97,6,11,16,32,73,12,10,11,23,18,18,15,15,19,2,3,3,208,92,206
3462,3,1,0,13,5,1,15,44,1,12,44,98,12,13,161,82,1,2,10,14,2,17,10,46,49,10,13,106,241,218,227,6,13,4,2,3,1,10,58,4,3,7,59,168,122,149,3,7,11,25,57,0,0,0,4,3,0,38,61,54,81,111,68,93,96,172
3463,45,7,5,8,4,3,7,55,29,27,55,71,123,47,246,187,6,3,2,10,17,21,33,39,60,79,72,75,40,63,94,12,8,1,7,9,14,59,44,47,45,114,17,69,69,64,15,30,58,115,235,1,1,2,0,0,4,22,9,9,54,56,31,151,42,143
3464,4,3,2,4,9,20,20,61,12,39,61,122,39,133,3,197,9,11,5,13,26,14,42,11,23,42,11,23,110,249,35,0,1,7,20,20,25,46,45,40,127,69,89,35,39,252,10,20,35,70,148,8,3,9,17,16,20,25,26,23,50,40,27,27,34,34
3465,53,2,14,3,23,10,4,49,10,26,71,74,64,53,225,32,0,7,3,26,11,24,35,42,8,55,89,94,43,67,223,0,1,7,4,4,10,5,1,37,31,22,76,63,82,37,9,18,30,60,127,4,4,4,20,20,17,53,43,44,70,70,65,157,161,175
3466,36,13,7,14,3,15,27,3,35,17,3,35,17,15,7,12,11,8,9,9,9,8,8,7,11,8,7,11,8,8,7,4,4,8,21,11,0,39,32,10,20,18,50,174,6,74,5,9,14,30,70,13,13,14,26,25,25,23,23,20,6,6,8,0,0,0
3467,14,1,0,13,5,25,9,60,1,37,126,1,37,184,229,51,12,2,10,14,30,5,63,13,38,63,90,78,109,95,186,6,13,4,2,3,1,10,58,9,3,7,59,215,119,236,3,6,8,17,42,0,0,0,4,3,0,7,40,0,81,82,23,93,131,171
3468,42,2,9,3,2,28,26,6,54,49,6,125,101,37,76,121,8,10,7,6,7,10,16,34,7,97,34,7,237,138,41,0,1,7,4,4,10,10,1,37,124,90,76,221,103,37,9,18,28,56,120,5,5,5,6,24,6,30,18,24,102,30,85,175,147,236
3469,63,8,2,9,12,4,8,47,3,25,47,103,120,168,221,96,15,14,11,0,20,3,39,9,53,39,80,116,195,253,93,0,1,7,9,1,10,63,61,35,104,0,65,164,214,146,13,24,44,84,177,6,3,8,10,15,14,41,33,46,57,48,61,77,59,43
3470,30,11,13,5,8,29,3,4,32,3,78,114,3,189,135,195,7,12,13,21,5,29,5,53,20,64,114,20,57,38,237,9,9,9,0,31,15,58,16,62,48,30,68,127,63,226,14,29,56,111,228,4,4,4,2,2,2,29,30,30,3,16,21,36,14,13
3471,2,14,10,4,22,8,10,8,43,62,8,88,93,196,183,81,15,1,11,15,1,20,9,1,50,9,1,50,41,84,229,0,1,7,10,20,6,32,49,54,109,75,48,9,197,253,10,19,34,68,145,8,12,9,11,23,11,12,14,13,4,2,5,231,174,243
3472,46,12,8,7,15,18,29,32,42,11,119,115,65,208,185,253,13,13,6,16,28,9,49,30,57,49,110,57,84,160,80,3,1,7,31,5,4,10,23,14,96,2,2,99,143,134,1,2,2,4,7,2,2,3,1,1,1,60,59,60,77,68,92,204,65,196
3473,30,11,13,5,8,29,3,4,32,3,78,114,3,189,135,13,7,12,13,7,23,7,5,53,20,64,114,20,57,38,53,9,9,9,0,31,15,58,16,62,48,30,68,127,142,94,14,29,56,111,228,4,4,4,2,2,2,29,30,30,3,16,21,36,14,13
3474,24,4,14,3,31,7,4,38,51,23,125,51,23,128,201,240,8,15,14,18,16,13,18,17,16,18,17,16,200,14,13,5,3,6,23,6,20,25,30,7,21,25,53,108,91,142,9,17,27,55,116,14,14,12,28,28,27,31,34,29,13,11,14,1,1,1
3475,63,11,15,3,10,17,16,40,31,14,40,34,122,136,43,144,7,12,13,7,11,7,35,42,8,55,89,94,184,157,97,0,1,7,4,4,10,5,1,37,121,100,8,216,229,20,9,18,30,58,124,4,4,4,2,2,2,56,50,60,68,67,90,102,105,145
3476,18,14,10,4,23,21,1,49,44,36,42,126,26,88,38,234,10,9,8,12,14,11,14,15,10,14,64,10,18,16,120,11,12,0,4,4,10,52,13,30,4,9,12,2,24,2,9,18,30,58,124,12,10,11,23,18,18,15,15,19,2,3,3,8,13,6
3477,15,1,0,13,1,22,17,1,19,37,126,1,107,210,229,86,1,2,10,1,2,25,1,2,17,105,2,17,209,229,59,6,13,4,30,13,23,19,14,41,1,102,95,75,200,209,3,7,11,24,55,0,0,0,9,7,10,1,1,3,44,0,2,62,17,41
3478,19,14,10,0,14,23,19,34,18,19,102,118,19,9,203,178,10,9,8,12,14,11,14,15,10,14,64,10,18,16,120,11,12,0,26,25,2,52,13,30,4,9,12,2,24,2,8,14,22,49,103,12,10,11,23,18,18,15,15,19,2,3,3,8,13,6
3479,42,2,14,3,2,21,26,6,54,49,6,44,93,144,108,117,15,1,11,15,1,20,9,1,50,78,100,59,95,228,30,0,1,7,4,4,10,10,58,4,124,90,76,71,197,11,10,19,33,66,141,8,12,9,11,23,11,62,14,13,115,116,128,234,208,138
3480,13,8,2,4,28,9,1,12,3,52,76,103,86,162,149,170,15,14,11,0,20,3,39,20,53,39,80,116,56,80,158,0,1,7,4,1,10,30,52,55,39,125,46,83,55,48,13,27,54,106,219,6,3,8,10,13,14,57,37,34,78,88,49,116,100,107
3481,43,0,4,15,17,2,18,53,33,40,75,90,81,187,235,231,5,4,12,11,12,12,45,59,52,45,59,52,122,70,226,15,15,15,16,30,13,12,56,52,88,118,73,57,88,106,13,25,48,91,190,5,11,10,8,8,9,9,46,15,79,75,76,70,87,81
3482,11,1,1,13,5,31,22,44,5,34,44,98,126,216,161,108,1,2,10,17,22,26,22,21,21,112,21,122,21,254,21,1,7,11,19,22,5,20,10,16,108,66,111,186,41,140,3,7,11,25,57,11,0,13,21,22,21,10,11,11,0,1,0,130,47,44
3483,8,1,1,13,5,25,9,16,1,18,17,91,102,243,150,51,12,2,10,14,30,5,63,13,38,63,90,78,243,220,191,6,13,4,2,3,1,3,22,9,27,13,58,150,164,193,3,6,8,17,42,0,0,0,4,3,0,7,2,0,97,89,91,163,157,111
3484,14,6,7,2,26,30,14,39,14,9,80,79,9,52,89,252,2,6,15,2,15,18,52,4,0,52,4,66,216,60,96,0,1,7,4,4,10,10,58,4,126,79,90,138,165,132,6,11,16,33,76,3,9,1,3,4,3,2,23,20,66,69,66,206,68,194
3485,40,6,11,2,6,16,0,24,56,26,105,97,26,156,103,32,2,7,15,19,15,18,59,63,19,32,91,64,96,189,119,0,1,7,4,4,10,5,1,37,124,90,76,63,160,90,9,18,32,63,133,10,5,5,16,19,17,53,43,53,125,125,74,199,138,204
3486,22,1,1,13,5,25,9,45,19,18,112,91,112,120,35,221,12,2,10,14,30,5,63,13,38,63,90,78,250,95,186,6,13,4,2,4,1,3,58,9,124,13,76,166,204,253,3,7,11,25,57,0,0,0,4,3,16,27,29,26,30,92,29,221,238,228
3487,61,5,3,10,19,19,13,41,57,45,41,57,45,3,173,25,14,6,0,23,6,0,12,49,0,12,73,0,70,172,0,10,10,3,12,15,11,14,2,4,8,38,0,0,120,34,4,8,13,29,67,3,9,1,3,4,3,2,5,6,7,4,6,89,67,32
3488,15,12,8,7,15,18,29,32,42,32,32,42,32,204,88,109,4,5,1,5,4,31,38,5,12,113,75,112,4,145,60,3,6,2,31,5,4,21,0,23,30,19,122,255,211,125,1,2,2,5,14,2,2,3,1,1,1,4,4,4,16,10,19,108,38,147
3489,8,1,0,13,1,22,17,1,11,10,1,106,82,64,161,143,1,2,10,1,2,25,1,2,17,105,2,17,134,2,59,6,13,4,30,13,23,19,14,41,81,86,18,170,86,51,3,4,6,12,29,0,0,0,9,7,10,1,1,3,22,0,2,177,45,103
3490,45,10,5,8,4,26,7,57,13,44,117,13,44,240,111,22,6,3,2,30,3,2,4,52,9,92,52,68,63,17,220,12,8,1,18,27,18,31,4,58,5,24,56,182,16,84,16,32,63,124,251,1,1,2,0,0,5,24,22,21,17,27,15,15,19,19
3491,51,12,8,7,15,18,12,27,16,32,64,24,73,134,131,90,4,5,1,5,4,15,21,5,12,113,62,12,124,39,200,3,6,2,31,5,4,21,0,23,7,60,5,139,64,239,1,2,3,6,15,2,2,3,1,1,1,4,4,4,41,25,1,96,20,37
3492,59,11,13,5,8,29,30,31,32,35,98,69,35,217,193,203,7,12,13,21,5,29,5,53,20,64,114,20,183,171,207,9,9,9,0,31,15,15,50,19,124,90,76,30,160,1,14,28,55,109,225,4,4,4,20,20,22,11,17,17,1,5,4,251,71,255
3493,32,6,11,2,20,12,11,19,4,22,19,17,117,30,63,201,2,6,15,2,15,18,2,44,46,2,44,109,192,173,148,13,14,13,11,21,21,10,58,4,60,117,30,71,32,253,6,10,15,31,71,3,7,1,13,14,15,16,16,12,9,8,9,2,141,12
3494,11,1,1,13,5,25,9,45,1,37,126,1,10,48,112,177,1,2,10,14,30,5,10,13,38,65,112,117,191,89,138,6,13,4,30,13,23,34,57,45,111,39,107,16,210,111,3,4,6,12,32,0,0,0,4,7,0,7,40,0,27,87,23,37,210,101
3495,51,9,8,12,13,27,12,30,24,53,123,85,53,193,192,37,4,5,1,5,4,31,6,23,36,6,82,36,248,255,178,3,6,2,15,2,28,1,12,50,37,42,26,67,34,220,1,1,1,1,2,2,2,3,12,9,12,8,12,14,19,15,22,33,23,14
3496,31,0,4,15,16,16,25,56,8,40,56,8,40,183,116,58,5,4,12,11,12,12,46,60,48,123,60,97,165,158,147,15,15,15,3,26,26,2,63,4,120,119,85,151,37,109,12,23,42,81,170,10,5,5,16,19,9,19,3,18,12,9,98,29,125,93
3497,19,14,10,0,14,23,19,21,18,19,21,18,19,250,194,54,10,9,8,12,14,11,14,15,10,14,64,10,117,177,10,11,12,0,26,25,2,45,7,8,51,16,24,106,67,13,8,14,22,49,102,12,10,11,23,18,18,15,15,19,2,3,3,22,37,26
3498,52,13,7,2,26,30,16,52,14,9,39,115,65,52,47,110,0,7,3,26,8,24,43,41,27,72,41,82,105,98,152,0,1,7,4,4,10,61,35,39,124,90,76,227,21,141,13,26,50,97,204,9,7,6,30,10,26,47,45,43,38,43,40,68,164,199
3499,35,1,1,13,18,31,22,17,30,28,79,124,28,6,37,24,1,2,10,17,22,26,22,21,21,22,21,21,224,170,66,1,7,11,19,22,5,20,10,16,2,32,14,64,3,6,2,3,5,9,24,11,0,13,21,22,21,10,11,11,0,1,0,7,3,2
3500,57,7,5,8,25,3,2,57,2,44,117,2,44,234,2,101,6,3,2,10,17,21,34,6,31,4,6,9,5,241,36,12,8,1,7,9,14,44,37,44,18,1,16,172,98,183,15,30,60,119,243,1,1,2,0,0,4,17,13,10,14,12,11,98,28,11
3501,30,11,13,5,8,29,30,31,15,35,65,32,35,106,13,127,7,12,13,21,5,29,28,22,37,28,22,87,22,226,26,9,9,9,5,17,3,23,28,17,112,27,22,185,159,194,14,28,55,107,222,4,4,4,20,20,22,11,17,17,1,5,4,4,7,7
3502,43,0,4,15,17,2,16,54,25,40,52,87,40,62,176,156,0,7,3,26,31,24,45,19,58,75,19,58,81,82,70,15,15,15,4,4,10,2,63,4,53,44,125,41,144,222,13,26,50,96,202,4,11,4,8,8,24,58,3,57,87,102,102,104,132,140
3503,45,10,5,8,4,26,7,57,13,44,57,67,44,8,206,18,6,3,2,30,3,2,4,52,9,92,52,68,63,17,220,12,8,1,18,27,18,31,4,58,56,24,61,136,102,52,16,32,63,124,251,1,1,2,0,0,5,24,22,21,17,54,15,49,77,88
3504,55,1,0,13,5,1,9,44,5,34,44,5,10,120,175,82,1,2,10,14,30,5,10,13,38,10,13,106,241,218,227,6,13,4,2,3,1,3,22,9,27,13,58,16,210,196,3,4,6,12,31,0,0,0,4,7,0,7,2,0,113,97,120,142,175,168
3505,41,1,0,13,7,25,5,44,19,48,106,19,10,216,112,177,12,2,10,14,2,17,10,46,49,65,112,117,241,218,227,6,13,4,4,4,10,10,58,4,124,90,76,71,11,111,3,4,6,12,32,0,0,0,9,7,10,38,51,54,85,87,112,200,80,155
3506,43,10,12,7,24,20,29,28,39,11,87,39,72,161,159,53,4,11,1,20,18,19,17,14,22,17,14,22,114,26,20,14,11,14,14,12,7,62,47,28,19,87,42,76,234,108,16,31,61,121,246,15,15,15,29,30,29,34,36,32,23,24,25,26,32,28
3507,42,2,14,3,16,16,16,54,25,26,54,37,69,178,165,230,8,10,7,27,24,6,56,18,41,56,123,127,102,91,145,15,15,15,4,4,10,2,63,4,53,123,125,80,51,154,9,18,32,62,131,10,5,5,16,19,24,19,21,18,49,53,50,104,140,130
3508,54,13,7,9,29,14,14,62,63,15,62,63,119,95,52,138,13,13,6,22,8,22,23,24,28,23,24,28,31,23,24,0,1,7,6,10,9,8,18,20,41,14,80,176,123,184,11,21,38,74,156,9,8,6,27,27,30,39,41,41,33,34,35,10,8,10
3509,42,7,5,8,25,3,2,7,29,2,94,100,2,92,182,88,6,3,2,10,17,21,33,39,34,33,39,34,252,135,141,12,8,1,7,9,14,35,31,2,117,90,108,71,160,100,15,30,60,118,242,1,1,2,0,0,4,58,9,9,123,39,117,211,190,205
3510,59,11,13,5,8,29,3,4,50,3,4,95,3,152,91,241,7,12,13,7,23,7,5,53,20,5,115,88,177,113,53,9,9,9,0,31,15,58,16,62,0,90,29,246,183,62,14,29,56,111,228,4,4,4,2,2,2,5,7,5,3,19,21,87,79,144
3511,53,2,14,3,23,21,4,49,10,26,49,83,64,160,196,32,0,7,3,26,31,24,62,43,43,31,26,43,125,114,193,0,1,7,4,4,10,5,1,37,31,22,76,131,146,243,9,18,30,59,126,6,10,12,24,26,17,50,39,35,124,117,119,181,177,174
3512,20,6,15,9,0,30,16,52,25,8,52,69,9,52,60,71,0,7,3,26,31,24,43,41,27,72,41,82,105,98,152,0,1,7,4,4,10,10,58,4,124,90,76,71,21,253,13,25,45,86,182,10,9,1,30,19,23,28,35,28,87,51,44,104,164,199
3513,37,7,5,8,25,3,2,7,2,2,109,100,2,246,120,79,6,3,2,10,17,21,33,39,34,33,39,34,252,135,141,12,8,1,7,9,14,35,31,2,117,101,108,43,106,69,15,30,58,116,236,1,1,2,0,0,4,22,9,9,43,39,38,42,22,45
3514,49,11,15,5,10,17,3,51,50,14,104,50,122,68,135,133,7,12,13,7,23,7,55,3,61,5,115,88,7,113,149,9,9,9,0,31,15,15,50,19,0,56,121,203,241,91,14,29,56,111,227,4,4,4,2,2,2,5,7,5,3,16,37,210,142,60
3515,40,2,9,3,21,28,31,48,33,56,48,84,56,144,76,80,8,10,7,6,7,10,36,35,63,36,35,41,185,49,197,15,15,15,13,7,24,50,39,27,25,107,86,237,156,65,9,15,25,52,108,5,11,10,8,8,9,37,10,37,21,26,33,126,41,16
3516,29,2,9,3,2,28,31,2,34,54,114,113,89,173,45,19,8,10,7,6,7,10,48,8,56,48,8,89,55,219,67,15,15,15,13,29,31,37,41,42,16,80,116,96,99,24,16,32,64,125,253,5,5,5,6,17,6,32,10,31,36,35,36,13,12,15
3517,51,12,8,7,15,18,12,32,20,11,32,85,11,181,40,111,4,5,1,5,4,31,6,23,36,6,82,112,236,134,254,3,6,2,31,5,4,10,58,4,124,19,122,40,34,125,1,2,2,4,9,2,2,3,1,1,1,33,28,4,41,25,116,118,134,207
3518,25,6,11,2,6,30,24,24,23,8,96,23,8,165,251,208,2,7,15,19,15,18,59,63,19,32,91,77,96,222,187,0,1,7,9,4,10,10,58,4,124,90,90,179,40,26,3,5,7,14,34,10,5,1,16,19,23,52,35,28,51,113,95,186,207,166
3519,20,8,2,4,28,9,1,12,49,9,101,49,49,87,126,190,15,14,11,0,20,3,41,58,45,125,9,80,158,146,64,0,1,7,4,4,10,30,52,55,80,126,93,84,66,248,7,13,21,47,98,6,3,8,10,13,14,21,20,45,92,73,81,125,89,114
3520,2,3,2,4,22,8,10,39,43,62,86,43,113,99,130,55,15,1,11,15,1,20,9,1,50,9,1,18,198,105,30,0,1,7,10,20,6,61,49,39,109,90,48,68,125,189,10,19,34,68,146,8,12,9,11,23,11,12,14,13,4,2,5,14,72,22
3521,17,11,15,5,10,17,3,40,50,14,40,50,124,114,242,251,7,12,13,7,23,7,55,3,61,81,124,61,73,3,149,9,9,9,0,31,15,15,50,19,0,56,121,225,241,223,13,26,49,95,200,4,4,4,2,2,2,5,7,5,94,77,37,172,104,102
3522,25,6,14,2,6,7,4,49,23,36,71,97,36,85,169,64,2,6,15,19,15,18,54,16,15,54,85,99,88,153,95,0,1,7,4,4,10,5,1,37,69,29,47,63,160,90,9,18,31,61,129,10,5,5,16,19,17,53,43,53,65,70,74,199,138,204
3523,28,9,8,12,13,27,12,30,20,53,30,20,53,193,95,139,4,5,1,5,4,31,6,23,36,6,82,36,29,5,32,3,6,2,15,2,28,1,12,50,37,42,98,14,195,16,1,2,4,8,22,2,2,3,12,9,12,8,28,14,8,20,22,191,50,14
3524,34,3,2,4,9,8,10,5,61,4,68,36,94,42,172,55,9,14,11,29,29,27,30,33,32,101,97,74,97,237,105,0,1,7,20,20,25,49,38,56,123,73,70,254,157,199,10,20,37,72,153,8,3,9,17,16,20,45,33,42,45,46,42,140,26,85
3525,28,10,12,9,24,30,7,28,39,13,28,39,72,25,65,222,4,11,1,20,18,19,17,14,22,17,14,22,114,26,20,14,11,14,14,12,7,62,47,28,19,87,42,113,158,114,16,31,61,121,246,15,15,15,29,30,29,34,36,32,23,24,25,26,32,28
3526,22,3,2,4,0,9,1,39,49,9,39,77,113,99,237,55,0,7,3,26,31,24,50,54,27,50,120,51,214,90,189,0,1,7,4,4,10,10,58,4,124,37,76,32,253,253,13,27,52,101,211,8,7,9,31,29,28,48,56,49,100,110,96,173,136,185
3527,31,0,4,15,17,2,18,18,36,59,18,90,59,183,142,180,5,4,12,11,12,12,15,38,14,100,38,121,11,162,174,15,15,15,16,30,13,18,17,22,32,90,60,239,181,235,12,23,42,80,168,5,11,10,8,8,9,9,3,15,12,9,13,34,55,72
3528,54,13,7,6,29,14,14,62,63,15,62,99,119,226,36,70,13,13,6,22,8,22,23,24,28,23,24,28,31,23,24,0,1,7,6,10,9,8,18,20,28,74,32,104,237,78,11,21,38,74,158,9,8,6,27,27,30,39,41,41,33,34,35,10,8,10
3529,44,10,12,9,12,4,21,43,40,33,70,110,80,190,70,39,0,7,3,4,27,16,44,29,47,44,29,2,151,74,16,8,2,12,24,16,17,53,34,33,24,17,20,74,29,5,16,32,62,122,247,1,3,8,18,11,13,13,25,16,34,13,39,21,30,31
3530,58,2,9,3,2,28,26,6,54,49,6,89,101,228,19,15,8,10,7,6,7,10,7,34,7,68,87,7,34,7,85,15,15,15,4,29,31,36,1,0,97,15,103,50,242,95,9,15,23,50,106,5,5,5,6,24,6,30,18,24,24,30,20,24,24,21
3531,10,1,1,13,7,25,5,29,22,48,29,19,48,145,35,130,12,2,10,14,21,17,29,61,35,29,61,35,38,71,42,6,13,4,29,24,27,47,55,15,14,58,115,166,61,26,3,5,7,13,33,0,0,0,22,3,16,27,29,26,30,31,29,6,6,5
3532,1,11,15,5,10,17,3,51,50,14,104,50,98,217,193,241,7,12,13,7,23,7,55,3,61,5,115,88,177,164,8,9,9,9,0,31,15,15,50,19,0,103,29,37,2,157,13,26,49,95,201,4,4,4,2,2,2,5,7,5,11,19,28,141,71,94
3533,55,3,0,1,30,1,15,59,7,38,59,86,84,81,212,129,12,2,10,31,10,30,20,25,26,20,86,98,26,33,22,6,13,4,2,3,1,29,26,5,90,50,21,120,58,71,3,7,9,18,43,0,0,0,14,12,0,18,19,8,15,18,12,9,11,8
3534,27,10,12,8,4,26,7,35,58,6,35,58,6,211,32,39,6,3,2,24,3,28,27,31,40,102,107,40,107,52,52,8,2,12,24,16,17,10,58,4,56,4,61,158,49,192,16,32,62,123,249,1,1,2,15,11,5,35,25,33,28,22,24,240,152,48
3535,34,8,2,9,12,4,8,43,3,33,113,103,7,25,239,218,15,14,11,0,13,3,39,20,53,39,80,116,56,236,158,0,1,7,9,1,10,27,58,51,77,116,10,169,30,59,13,24,43,83,176,6,3,8,17,15,20,57,37,34,111,114,93,161,133,111
3536,31,0,4,15,17,2,18,53,36,40,120,117,40,62,100,58,5,4,12,11,12,12,46,60,48,15,38,121,112,147,12,15,15,15,16,30,13,54,63,18,85,47,76,239,181,235,13,25,48,92,191,5,11,10,8,8,9,9,3,15,76,9,79,100,84,80
3537,7,10,12,9,12,4,21,43,45,33,70,110,33,190,70,114,0,7,3,4,19,16,44,29,47,44,29,2,151,74,16,8,2,12,9,1,10,53,34,33,99,5,120,147,101,113,16,32,62,122,247,1,3,8,18,11,13,13,25,16,34,13,39,21,30,31
3538,3,6,0,1,30,13,15,23,60,38,74,60,84,148,179,238,13,2,10,8,10,22,51,56,24,91,56,71,48,48,81,0,1,7,4,4,10,57,11,14,83,109,67,18,76,86,13,27,52,100,208,9,8,6,5,5,7,38,32,54,85,41,73,78,80,78
3539,14,9,8,7,15,18,29,46,42,60,46,42,60,119,51,134,4,5,1,5,4,31,38,62,55,38,23,112,121,29,212,3,6,2,31,5,4,48,21,6,124,90,127,15,252,208,1,2,2,4,9,2,2,3,1,1,1,14,24,22,104,95,105,33,150,134
3540,14,12,8,7,15,18,12,27,16,32,64,24,73,134,131,118,4,5,1,5,4,15,21,5,12,113,62,12,124,39,200,3,6,2,31,5,4,21,0,23,7,60,5,139,64,125,1,2,3,6,15,2,2,3,1,1,1,4,4,4,41,25,1,45,134,37
3541,31,0,4,15,17,2,18,53,36,59,53,90,104,154,163,171,5,4,12,11,12,12,15,38,14,15,38,14,150,191,61,15,15,15,16,30,13,18,17,22,32,62,62,162,108,206,13,25,48,91,190,5,11,10,8,8,9,9,3,15,12,9,13,34,16,18
3542,45,10,5,8,4,26,7,57,13,44,57,13,44,211,111,18,6,3,2,30,3,2,4,52,9,92,52,68,63,17,220,12,8,1,18,27,18,31,4,58,5,24,61,71,160,253,1,2,4,8,22,1,1,2,0,0,5,24,22,21,17,27,15,49,77,88
3543,29,2,9,3,2,28,26,15,54,49,2,54,69,58,76,121,8,10,7,6,7,10,56,8,41,7,70,56,232,159,198,15,15,15,13,29,31,10,58,4,119,6,13,1,99,180,9,15,25,52,109,5,5,5,6,17,6,32,18,31,36,35,36,69,74,79
3544,37,7,5,8,25,3,2,55,29,2,109,100,2,92,120,88,6,3,2,10,17,21,33,39,34,33,39,34,252,135,141,12,8,1,7,9,14,35,31,2,117,101,108,49,96,204,15,30,58,116,237,1,1,2,0,0,4,22,9,9,43,39,38,178,22,164
3545,55,1,1,13,5,25,9,45,5,18,112,5,112,96,24,136,12,2,10,14,30,5,63,13,38,63,90,38,244,15,244,6,13,4,2,3,1,3,22,9,11,95,18,249,86,191,3,6,8,15,36,0,0,0,4,3,0,20,2,0,83,81,64,90,51,104
3546,25,11,15,5,10,17,3,4,50,14,4,95,85,235,251,225,7,12,13,7,23,7,55,3,61,81,124,61,73,3,149,9,9,9,0,31,15,5,23,37,96,2,2,71,183,134,3,5,7,14,34,4,4,4,2,2,2,5,7,5,77,68,92,183,168,98
3547,63,8,2,4,28,9,1,47,3,25,47,68,25,199,20,11,15,14,11,0,20,3,0,9,53,0,109,53,166,43,203,0,1,7,4,1,10,30,52,55,57,112,102,19,232,168,13,24,44,84,177,6,3,8,10,13,14,21,20,25,60,59,62,74,85,74
3548,47,6,11,2,16,16,25,56,37,41,56,94,41,110,71,120,8,10,7,27,24,6,24,18,33,24,18,33,2,166,25,15,15,15,3,26,26,11,5,57,12,55,3,23,59,139,9,16,26,54,113,10,5,5,16,19,24,19,21,18,18,17,18,3,5,4
3549,26,6,11,2,26,30,24,24,23,8,96,70,46,52,255,103,2,6,15,19,15,18,59,63,15,59,63,119,115,64,68,0,1,7,9,7,24,22,60,53,102,115,25,197,42,160,6,11,17,37,84,10,7,1,25,10,23,28,35,28,51,51,44,53,76,179
3550,41,1,0,13,1,22,17,1,11,10,69,112,107,243,44,61,1,2,10,1,2,25,1,2,17,105,2,17,209,229,59,6,13,4,30,13,23,19,14,41,1,102,95,71,160,209,3,4,6,10,26,0,0,0,9,7,10,1,1,3,44,0,2,62,17,41
3551,4,3,2,4,9,20,20,61,12,39,90,122,39,42,123,197,9,11,5,13,26,14,42,11,23,42,11,23,110,249,35,0,1,7,20,20,25,46,45,40,127,69,89,47,154,46,10,20,35,70,148,8,3,9,17,16,20,25,26,23,42,40,27,52,29,69
3552,8,10,9,8,4,26,7,15,10,27,69,10,27,159,154,187,6,3,2,24,3,28,27,31,40,102,107,40,107,52,118,12,8,1,4,4,10,10,58,4,5,104,81,85,208,31,16,32,64,126,254,1,1,2,15,11,5,26,27,27,58,23,72,41,225,49
3553,33,5,3,10,19,19,13,36,57,45,36,57,45,50,248,246,14,6,0,23,6,0,12,49,0,52,4,0,70,172,0,10,10,3,12,15,11,14,2,4,8,38,0,0,120,34,4,8,13,29,67,3,9,1,3,4,3,2,5,6,7,4,6,89,67,32
3554,26,6,11,2,26,12,0,24,4,0,89,70,0,124,158,112,2,6,15,19,15,18,32,16,15,116,16,111,172,231,181,0,1,7,9,7,10,55,15,24,63,40,97,61,104,36,6,11,16,35,79,3,7,1,13,14,15,28,44,53,52,57,48,50,52,62
3555,41,1,0,13,1,22,17,1,11,10,1,106,82,1,210,177,1,2,10,1,2,25,1,2,17,1,2,17,1,109,208,6,13,4,30,13,23,19,14,41,17,39,107,71,249,208,3,4,6,12,30,0,0,0,9,7,10,1,1,3,22,0,2,200,91,131
3556,1,11,15,5,10,17,16,40,25,14,40,50,124,136,225,165,7,12,13,7,23,7,55,3,61,81,124,61,73,3,149,0,1,7,0,31,15,15,50,19,9,103,7,231,207,158,13,26,49,94,197,4,4,4,2,2,2,5,7,5,90,106,109,205,199,137
3557,34,3,2,4,9,8,10,5,61,4,86,61,4,248,113,215,15,14,11,29,29,27,30,33,32,77,93,125,30,206,170,0,1,7,10,20,6,4,27,38,67,105,87,129,92,188,10,19,34,67,144,8,12,9,11,13,11,40,38,36,48,38,47,63,44,133
3558,12,13,7,6,27,14,6,25,28,58,118,28,118,12,105,56,13,13,6,16,28,9,13,12,6,13,12,6,227,11,11,0,1,7,1,0,22,0,42,61,59,90,76,86,57,153,11,22,40,76,160,9,8,6,5,5,7,3,6,2,20,37,17,18,21,27
3559,27,14,14,4,23,21,1,12,44,55,12,34,116,4,216,74,15,14,11,29,20,27,47,58,3,43,99,3,36,248,171,0,1,7,4,4,10,5,52,37,121,100,8,58,124,159,9,18,30,58,124,6,10,5,24,26,17,56,50,45,68,67,67,80,70,105
3560,12,13,15,6,27,14,6,40,28,58,82,28,62,12,105,228,13,13,6,16,28,9,49,30,57,49,110,57,84,160,80,0,1,7,4,4,10,10,58,4,9,103,7,5,132,232,13,26,49,95,199,4,4,4,2,2,2,5,7,5,90,76,126,203,204,221
3561,46,9,12,9,24,20,29,28,39,11,111,39,7,25,65,222,4,11,1,20,18,19,17,14,22,17,14,22,114,26,20,0,1,7,4,4,10,62,47,28,77,116,10,169,158,59,6,11,17,36,82,15,15,15,29,30,29,34,36,32,23,24,25,161,133,28
3562,60,13,7,14,3,15,27,3,35,17,3,35,17,19,220,12,11,8,9,9,9,8,8,7,11,8,7,11,8,8,243,4,4,8,21,11,0,39,32,10,20,18,50,17,5,33,5,9,14,30,70,13,13,14,26,25,25,23,23,20,6,6,8,0,0,0
3563,17,0,15,5,0,17,16,40,25,14,40,25,97,116,167,205,7,12,13,7,23,7,55,3,61,81,124,61,174,190,210,0,1,7,0,4,10,15,50,19,9,103,7,72,250,128,13,26,49,94,195,4,4,4,2,2,2,49,57,44,90,76,94,124,106,189
3564,27,9,14,3,23,21,4,49,44,55,49,34,116,4,144,74,15,14,11,29,31,27,47,58,59,47,58,3,19,75,90,0,1,7,4,4,10,5,1,37,121,100,8,58,124,222,9,18,30,58,124,6,10,5,24,26,17,56,50,45,68,67,67,80,70,105
3565,51,12,8,7,15,18,12,32,16,32,32,16,73,181,64,248,4,5,1,5,4,15,21,50,62,21,92,62,249,51,238,3,6,2,31,5,4,21,25,29,114,8,71,33,35,174,1,2,4,7,18,2,2,3,1,1,1,4,4,4,10,21,10,56,43,51
3566,20,6,11,2,26,30,0,24,56,9,127,17,110,103,140,89,0,7,3,26,31,24,43,54,27,72,106,82,23,187,146,0,1,7,4,4,10,10,58,4,124,90,76,9,107,253,9,18,32,63,134,3,7,1,13,14,15,16,16,12,122,118,113,182,184,213
3567,43,0,4,15,0,2,18,16,60,40,75,60,81,187,235,231,5,4,12,11,12,12,45,59,52,45,59,52,122,70,226,0,1,7,4,4,10,12,56,52,88,118,73,159,230,202,13,25,48,91,190,5,11,10,8,8,9,9,46,15,79,75,76,70,87,81
3568,55,1,0,1,30,1,15,59,7,38,85,7,84,115,24,243,12,2,10,31,10,30,20,25,5,87,25,81,138,155,104,6,13,4,2,3,1,29,26,5,90,50,21,160,226,176,3,7,11,26,59,0,0,0,14,12,0,20,19,8,15,18,12,123,11,182
3569,29,2,4,3,21,28,31,2,33,54,114,84,56,137,80,80,8,10,7,6,7,10,36,35,63,36,35,41,185,49,197,15,15,15,13,7,24,10,58,4,78,10,6,77,73,44,9,15,25,52,109,5,5,5,6,17,6,36,10,39,29,32,30,17,48,70
3570,40,2,9,3,2,28,26,6,56,49,6,56,68,103,76,121,8,10,7,6,7,10,16,34,7,97,34,103,237,138,41,0,1,7,4,4,10,10,58,4,124,90,76,113,103,114,13,25,48,90,189,5,5,5,6,24,6,44,18,24,84,83,96,88,90,84
3571,3,1,0,1,30,13,15,23,60,38,23,98,38,54,150,238,12,2,10,31,10,30,20,46,26,87,25,81,186,217,177,6,13,4,2,3,1,57,11,14,3,7,67,204,93,240,3,7,9,19,44,0,0,0,14,12,0,38,32,54,81,41,73,78,229,78
3572,25,6,11,2,6,30,24,24,23,20,56,94,20,60,71,208,8,10,7,27,24,6,24,18,33,24,18,33,187,20,25,15,15,15,3,26,26,11,5,57,12,55,3,179,40,26,3,5,7,14,34,10,5,5,16,19,24,19,21,18,18,17,18,186,207,166
3573,61,5,3,10,19,19,13,41,27,42,41,27,42,3,173,9,14,6,0,23,6,0,12,49,0,12,73,0,235,172,69,10,10,3,12,15,11,14,2,4,126,79,114,25,194,130,4,8,13,28,64,3,9,1,3,4,3,2,5,6,101,4,6,201,185,157
3574,31,0,4,15,21,2,18,48,8,56,48,84,56,91,96,80,5,4,12,11,12,12,46,60,48,46,60,48,65,66,48,15,15,15,16,30,13,50,39,27,25,107,86,123,87,65,12,23,41,78,164,5,11,10,8,8,9,37,3,37,21,26,33,11,41,16
3575,60,13,7,14,3,15,27,3,35,17,3,35,17,74,199,12,11,8,9,9,9,8,8,7,11,8,7,11,8,8,243,4,4,8,21,11,0,39,32,10,20,18,50,174,6,74,5,9,14,30,70,13,13,14,26,25,25,23,23,20,6,6,8,0,0,0
3576,55,1,1,13,5,25,9,45,19,18,17,91,102,120,35,130,12,2,10,14,30,5,63,13,38,63,90,78,243,220,191,6,13,4,2,3,1,3,22,9,27,13,58,178,117,193,3,6,8,17,42,0,0,0,4,3,0,7,2,0,97,92,91,147,137,128
3577,57,10,12,8,4,26,7,9,38,27,121,38,27,22,111,22,6,3,2,24,3,28,27,31,40,102,107,40,107,52,118,12,8,1,4,4,10,10,58,4,5,90,76,71,160,253,16,32,64,128,256,1,1,2,15,11,5,26,27,27,58,23,84,75,62,48
3578,63,3,2,4,22,8,10,8,61,4,86,88,113,226,183,81,15,1,11,15,1,20,9,1,50,9,1,50,41,84,229,0,1,7,4,4,10,10,58,4,124,90,76,71,160,253,13,27,54,105,218,9,8,6,27,27,30,39,41,41,33,34,123,209,235,211
3579,23,7,5,8,25,3,2,55,29,2,109,100,123,236,182,88,6,3,2,10,17,21,33,39,34,33,39,34,252,135,141,12,8,1,7,9,14,35,31,2,117,101,108,49,96,204,15,30,58,116,237,1,1,2,0,0,4,22,9,9,43,39,38,42,22,45
3580,49,11,13,5,8,29,30,31,32,35,98,65,35,24,92,57,7,12,13,21,5,29,28,22,37,28,22,87,22,226,26,9,9,9,5,17,3,23,28,17,23,27,22,30,13,1,14,28,55,107,222,4,4,4,20,20,22,11,17,17,1,5,4,4,7,7
3581,35,1,1,13,18,31,22,17,47,28,79,11,28,216,67,24,1,2,10,17,22,26,22,21,21,112,21,122,21,254,21,1,7,11,19,22,5,20,10,16,108,66,111,186,41,140,2,3,5,9,23,11,0,13,21,22,21,10,11,11,0,1,0,32,47,44
3582,41,1,0,13,1,22,17,1,11,10,1,106,107,1,112,73,1,2,10,1,2,25,1,2,17,105,2,17,64,2,246,6,13,4,30,13,23,19,14,41,17,39,107,195,210,162,3,4,6,12,31,0,0,0,9,7,10,1,1,3,22,0,2,200,145,180
3583,20,6,11,2,6,30,0,24,23,0,89,70,109,72,103,112,2,6,15,19,15,18,32,16,15,116,16,111,172,231,181,0,1,7,9,7,10,55,15,24,63,40,97,61,104,36,6,11,17,38,85,3,7,1,13,14,15,28,44,53,52,57,48,50,52,62
3584,23,7,5,8,25,3,2,37,29,21,97,29,68,150,224,3,6,3,2,10,17,21,33,39,60,79,72,123,133,205,127,12,8,1,7,9,14,59,44,63,106,36,78,196,77,143,9,18,28,56,120,1,1,2,0,0,4,50,9,9,62,62,31,55,148,58
3585,28,12,8,7,15,18,12,32,16,61,32,16,61,119,164,163,4,5,1,5,4,15,21,50,62,103,92,62,60,207,123,3,6,2,31,5,4,1,25,29,124,8,71,189,35,104,1,2,4,7,19,2,2,3,1,1,1,33,28,38,8,21,10,48,43,24
3586,26,6,11,2,26,30,0,24,56,0,81,79,62,16,62,201,2,6,15,2,15,18,2,44,46,116,44,109,172,103,84,0,1,7,4,4,10,10,58,4,126,79,90,235,225,58,6,11,16,34,78,3,7,1,13,14,15,16,16,12,75,69,77,106,139,152
3587,17,11,15,5,10,17,3,33,50,55,33,96,55,235,153,13,0,7,3,26,11,24,35,42,8,35,95,114,140,94,251,0,1,7,0,31,15,58,16,62,61,88,74,142,246,22,9,18,29,57,121,4,4,4,2,2,31,29,30,55,3,60,58,71,46,47
3588,27,6,11,2,6,30,24,24,23,20,24,23,20,165,12,161,2,6,15,19,15,18,54,16,15,98,16,15,50,28,14,0,1,7,9,7,10,22,60,53,115,121,15,126,139,190,6,11,17,39,87,3,7,1,25,10,23,44,35,28,65,65,89,111,86,99
3589,11,1,0,13,5,1,9,45,1,37,126,1,37,120,85,143,12,2,10,14,30,5,63,13,38,63,90,38,109,58,186,6,13,4,2,3,1,3,22,9,27,13,58,206,176,14,3,7,11,24,55,0,0,0,4,3,0,7,2,0,97,89,91,99,154,86
3590,7,10,12,9,12,4,21,43,40,31,70,110,80,190,70,114,0,7,3,4,19,16,44,29,47,44,29,2,151,74,16,8,2,12,24,16,17,53,34,33,24,17,20,147,65,5,16,32,62,122,247,1,3,8,18,11,13,13,25,16,34,13,39,21,30,31
3591,42,13,2,6,23,14,6,42,28,58,118,33,83,23,48,153,15,14,11,29,8,27,25,48,39,85,126,113,238,240,9,0,1,7,1,0,22,10,58,4,124,90,76,242,243,178,13,27,51,98,206,9,8,6,5,5,7,3,6,2,59,58,55,30,40,218
3592,53,9,8,7,13,27,12,27,24,60,64,24,60,142,131,30,4,5,1,5,4,31,6,23,36,6,82,112,201,116,211,3,6,2,31,5,4,21,0,23,125,60,26,73,53,121,1,2,2,4,6,2,2,3,12,1,1,8,12,14,110,25,83,152,155,139
3593,7,9,8,12,24,20,29,46,42,11,111,42,72,25,65,222,4,11,1,20,18,19,17,14,22,17,14,22,114,26,20,14,11,7,4,4,10,62,47,28,19,87,42,155,158,136,16,31,61,121,246,15,15,15,29,30,29,34,36,32,23,24,25,26,32,28
3594,44,10,12,8,4,26,21,35,40,31,35,58,31,104,249,132,6,3,2,24,27,28,27,31,2,95,31,72,51,73,173,8,2,12,24,16,17,41,59,12,79,68,75,247,54,107,16,32,62,123,248,1,1,2,15,11,5,35,25,33,28,22,24,5,10,3
3595,15,12,8,7,15,18,12,32,16,61,32,16,61,181,64,65,4,5,1,5,4,15,21,50,62,103,92,62,249,207,123,3,6,2,31,5,4,1,25,29,37,127,98,189,195,104,1,2,4,7,19,2,2,3,1,1,1,14,28,38,8,20,10,48,43,76
3596,35,1,1,13,18,31,22,17,47,28,79,11,28,216,67,24,1,2,10,17,22,26,22,21,21,112,21,122,21,254,21,1,7,11,19,22,5,20,10,16,108,66,111,186,41,140,2,3,5,9,23,11,0,13,21,22,21,10,11,11,0,1,0,32,47,44
3597,5,6,11,2,26,30,24,24,56,20,81,79,62,32,62,228,2,6,15,19,15,18,59,63,19,32,91,77,96,222,187,0,1,7,4,4,10,10,58,4,124,90,76,224,225,54,6,11,16,34,78,10,7,5,16,19,24,52,56,49,75,109,77,133,164,119
3598,50,15,6,11,11,5,28,22,9,30,22,127,100,206,243,33,3,0,4,3,0,4,26,0,4,106,0,90,129,174,71,2,5,5,8,19,16,51,8,13,73,51,23,112,149,224,7,12,18,41,90,7,6,7,7,6,8,0,0,1,26,14,26,64,171,159
3599,24,4,14,3,31,7,4,38,52,23,116,52,70,176,6,157,8,15,14,18,16,13,18,17,16,18,17,16,14,14,13,5,3,6,23,6,20,25,30,7,21,106,52,13,114,118,9,17,27,55,118,14,14,12,28,28,27,31,34,29,13,11,14,1,1,1
3600,40,2,14,3,2,28,31,2,6,54,7,33,116,137,102,236,8,10,7,6,7,10,36,35,63,114,119,63,87,54,87,15,15,15,13,7,24,60,9,36,78,10,6,77,73,44,9,15,24,51,107,5,5,5,6,17,6,36,10,39,29,32,30,17,48,70
3601,15,12,8,7,13,27,12,30,20,53,30,85,53,34,40,139,4,5,1,5,4,31,6,23,36,6,82,36,29,5,32,3,6,2,15,2,28,1,12,50,37,42,26,40,34,125,1,1,1,1,1,2,2,3,12,9,12,8,28,14,8,20,22,43,160,207
3602,37,7,5,3,25,3,2,55,29,2,109,100,123,236,207,88,6,3,2,10,17,21,33,39,34,33,39,34,252,135,141,12,8,1,7,9,14,35,31,2,117,101,108,49,96,204,15,30,58,116,237,1,1,2,0,0,4,22,9,9,43,39,38,178,22,164
3603,14,12,8,7,15,18,12,27,16,32,64,24,73,134,131,118,4,5,1,5,4,15,21,5,12,113,62,12,124,39,200,3,6,2,31,5,4,21,0,23,7,60,5,139,64,239,1,2,3,6,15,2,2,3,1,1,1,4,4,4,41,25,1,96,20,37
3604,51,12,8,7,15,18,12,32,16,32,32,16,73,181,64,118,4,5,1,5,4,15,21,50,62,21,5,62,62,51,238,3,6,2,31,5,4,21,25,29,114,127,71,189,35,104,1,2,4,7,18,2,2,3,1,1,1,4,4,4,10,21,1,48,43,76
3605,32,6,11,2,26,30,14,24,14,20,24,14,117,59,63,76,2,6,15,2,15,18,2,44,46,2,44,109,192,173,148,0,1,7,9,4,10,10,58,4,60,117,30,241,107,170,9,18,32,65,139,3,7,1,13,14,15,16,16,12,65,8,9,111,141,30
3606,46,9,8,7,13,27,12,30,24,61,30,20,60,192,95,65,4,5,1,5,4,15,21,50,62,103,50,62,210,96,213,3,6,2,15,2,28,1,25,29,118,93,100,103,252,151,13,24,44,85,178,2,2,3,1,1,1,14,28,38,8,95,10,54,150,134
3607,39,15,9,11,11,6,23,63,48,29,92,48,88,31,82,104,3,0,4,25,25,23,3,27,29,3,65,29,226,167,134,7,0,10,25,18,8,9,53,26,54,63,11,232,110,186,7,13,19,44,94,7,6,7,19,21,19,6,8,7,5,7,7,31,2,9
3608,13,14,14,4,23,9,1,12,10,52,12,126,52,122,98,227,15,14,11,26,31,24,62,43,42,70,67,42,246,88,179,0,1,7,4,4,10,5,58,37,107,57,109,130,145,145,13,26,49,93,193,6,10,11,10,18,18,38,54,58,64,119,59,148,176,154
3609,49,13,7,6,27,14,6,25,28,58,74,123,118,164,105,4,13,13,6,16,28,9,13,30,6,94,30,84,189,117,137,0,1,7,1,0,22,57,11,14,124,33,123,233,57,63,11,22,40,76,160,9,8,6,5,5,7,3,32,2,64,37,54,86,78,106
3610,29,6,11,2,26,30,14,10,56,20,81,79,68,32,93,210,0,7,3,26,31,24,43,63,27,72,106,82,23,187,146,0,1,7,4,4,10,10,58,4,124,90,76,163,227,42,9,18,32,64,137,3,9,1,3,4,3,42,42,62,118,105,108,176,182,119
3611,4,1,0,13,5,21,9,44,1,34,44,106,10,125,175,232,1,2,10,14,30,5,10,46,49,10,13,106,241,218,227,6,13,4,2,3,1,10,58,4,17,97,107,16,204,17,3,6,8,17,42,0,0,0,4,7,20,7,26,23,113,97,120,142,175,168
3612,17,8,15,4,0,17,16,8,25,7,12,73,103,242,227,105,0,7,3,26,13,24,37,57,25,37,57,69,35,93,125,0,1,7,4,4,10,27,46,51,36,99,54,218,161,216,13,25,45,86,180,4,4,8,27,2,13,54,37,34,46,44,46,214,219,116
3613,5,11,14,5,0,10,16,14,10,36,127,10,52,14,98,225,15,14,11,26,31,24,62,43,42,70,67,42,246,88,179,0,1,7,4,4,10,5,1,37,107,57,109,93,84,145,13,26,49,93,194,4,10,11,8,18,18,59,54,58,80,80,59,119,102,100
3614,59,11,15,5,10,29,3,40,50,14,82,69,98,217,193,38,7,12,13,7,23,7,55,3,61,5,115,88,177,164,8,9,9,9,0,31,15,15,50,19,82,71,118,95,247,88,14,29,57,113,230,4,4,4,2,2,2,5,7,5,11,19,28,97,71,94
3615,49,11,15,5,10,17,3,40,50,14,104,31,114,7,91,251,7,12,13,7,23,7,55,3,61,81,124,61,73,3,149,9,9,9,0,31,15,15,50,19,0,56,121,37,241,62,14,29,57,113,231,4,4,4,2,2,2,5,7,5,121,55,37,97,103,73
3616,25,6,11,2,6,30,0,49,23,36,71,97,36,123,169,64,2,6,15,2,15,18,52,4,15,108,79,73,190,86,86,10,10,3,12,15,11,5,1,37,69,29,47,91,137,75,9,18,31,61,129,3,9,1,3,4,3,53,43,52,70,70,65,92,101,115
3617,32,6,11,2,6,12,24,24,23,20,24,23,117,165,63,201,2,6,15,19,15,18,32,16,15,98,16,109,103,121,232,0,1,7,9,4,10,22,58,53,115,121,90,71,160,253,6,10,15,31,71,3,7,1,13,14,15,16,16,12,65,65,89,111,169,99
3618,20,6,7,14,26,15,14,3,14,17,127,79,46,52,98,77,11,8,9,9,9,8,8,7,11,8,7,11,8,8,7,0,1,7,4,4,10,10,58,4,124,90,76,174,6,74,12,23,41,78,163,13,13,14,26,25,25,23,23,20,6,6,8,185,173,177
3619,8,1,0,13,1,22,17,1,19,10,69,112,95,109,112,35,1,2,10,1,30,5,10,13,38,65,112,117,176,89,138,6,13,4,30,13,23,34,57,45,111,54,28,229,11,111,3,4,6,12,29,0,0,0,4,7,10,7,40,0,27,87,23,37,54,101
3620,56,13,7,6,27,14,6,25,28,58,118,28,118,91,105,94,13,13,6,16,28,9,13,30,6,94,30,84,13,77,137,0,1,7,1,0,22,57,42,14,124,90,76,233,57,153,11,22,40,76,160,9,8,6,5,5,7,3,6,2,59,37,45,183,186,98
3621,31,0,4,15,17,2,18,53,36,59,53,90,59,100,142,180,5,4,12,11,12,12,15,38,14,15,38,14,218,19,231,15,15,15,16,30,13,18,17,22,32,62,62,162,108,206,12,23,42,80,169,5,11,10,8,8,9,9,3,15,12,9,13,34,16,18
3622,29,2,9,3,2,28,26,2,34,49,2,113,89,2,45,181,8,10,7,6,7,10,48,8,56,48,8,89,55,219,67,15,15,15,13,29,31,37,41,42,16,80,116,96,31,24,9,15,25,53,110,5,5,5,6,17,6,32,10,31,36,35,36,13,12,15
3623,10,1,1,13,5,25,9,45,1,18,112,91,112,120,57,130,12,2,10,14,30,5,63,13,38,63,90,78,243,220,191,6,13,4,2,3,1,3,22,9,27,13,58,71,160,193,3,6,8,17,42,0,0,0,4,3,0,7,2,0,97,82,86,109,127,126
3624,46,12,8,7,15,18,12,32,16,60,46,24,60,166,15,134,4,5,1,5,4,15,21,5,12,113,62,112,60,116,123,3,6,2,31,5,4,21,58,4,114,127,71,15,34,40,1,2,3,6,17,2,2,3,1,1,1,4,4,4,10,21,110,207,222,51
3625,14,2,4,3,2,28,31,15,8,54,15,75,69,252,140,5,8,10,7,6,7,10,56,35,41,7,70,56,24,85,6,0,1,7,4,4,10,10,58,4,119,6,13,238,177,180,9,15,25,52,109,5,5,5,6,17,6,32,63,31,105,103,103,146,197,223
3626,55,1,0,13,1,22,17,60,11,34,60,106,82,245,161,136,1,2,10,1,2,25,1,2,17,105,88,117,204,211,113,6,13,4,30,13,23,19,14,41,81,86,124,222,173,185,3,4,6,11,27,0,0,0,9,7,10,1,1,3,55,100,69,35,45,103
3627,62,10,12,8,4,26,7,9,38,6,121,38,6,86,118,101,6,3,2,24,3,28,27,31,40,102,107,40,107,52,118,12,8,1,4,4,10,10,58,4,56,4,61,158,49,192,16,32,64,128,256,1,1,2,15,11,5,26,27,27,58,23,84,75,62,48
3628,55,1,1,13,5,1,9,45,1,18,100,5,112,17,4,51,12,2,10,14,30,5,63,13,5,117,101,38,141,15,4,6,13,4,2,3,1,3,22,9,27,13,58,121,176,14,3,6,8,17,42,0,0,0,4,3,0,20,2,0,96,89,88,162,112,86
3629,59,11,15,5,10,17,3,40,50,14,82,69,98,217,193,38,7,12,13,7,23,7,55,3,61,81,124,61,7,164,8,9,9,9,0,31,15,15,50,19,9,103,7,193,2,157,14,29,57,113,230,4,4,4,2,2,2,5,7,5,11,76,28,141,71,94
3630,39,15,9,11,11,6,23,50,53,50,50,53,71,31,39,104,3,0,4,25,25,23,3,27,29,3,65,29,20,27,34,7,0,10,25,18,8,38,43,34,124,49,76,114,25,203,7,13,19,44,94,7,6,7,19,21,19,6,8,7,5,7,7,12,31,20
3631,9,15,6,11,11,0,28,11,0,30,84,127,100,67,16,224,3,0,4,3,0,4,26,0,4,26,105,90,111,0,139,2,5,5,8,19,16,7,51,49,22,46,44,200,203,67,7,12,18,42,92,7,6,7,7,6,8,0,0,1,32,14,16,39,95,35
3632,50,3,2,4,0,9,1,39,49,9,39,77,49,201,216,213,15,14,11,29,31,27,47,58,3,43,125,3,36,196,171,0,1,7,4,4,10,61,35,39,124,90,76,71,160,253,9,18,30,58,124,6,10,6,31,10,26,55,49,45,92,101,81,131,163,214
3633,50,15,6,11,11,5,28,22,9,30,122,9,100,206,231,224,3,0,4,3,0,4,26,0,4,26,105,90,3,0,139,2,5,5,8,19,16,7,51,49,15,12,44,54,7,187,7,12,18,42,92,7,6,7,7,6,8,0,0,1,32,28,16,136,36,57
3634,54,1,1,13,5,11,9,44,19,12,17,91,102,243,57,51,12,2,10,31,10,17,10,46,49,109,96,49,243,47,45,6,13,4,2,3,1,10,58,4,27,13,58,76,26,108,10,20,36,71,149,0,0,0,4,3,0,7,2,0,42,120,91,179,137,149
3635,49,13,2,6,23,21,6,42,62,58,118,62,118,101,241,183,13,13,6,16,28,9,13,12,6,104,69,96,58,76,78,0,1,7,1,0,22,10,58,4,124,76,76,228,130,238,11,22,39,75,159,9,8,6,5,5,7,3,6,2,59,58,55,30,40,42
3636,0,1,1,13,5,1,9,45,1,34,44,5,34,120,175,51,12,2,10,14,30,5,63,13,38,63,90,38,141,58,4,6,13,4,2,3,1,3,22,9,27,13,58,234,4,12,3,7,9,20,47,0,0,0,4,3,0,7,2,0,67,91,70,128,115,83
3637,10,1,1,13,5,25,9,45,1,18,17,91,102,120,175,51,12,2,10,14,30,5,63,13,38,63,90,38,109,58,186,6,13,4,2,3,1,3,22,9,27,13,58,71,160,253,3,6,8,17,42,0,0,0,4,3,0,7,2,0,97,92,91,255,210,210
3638,49,11,13,5,8,29,30,31,31,35,98,31,14,106,43,144,7,12,13,7,5,7,35,42,8,127,53,37,164,234,132,9,9,9,0,31,15,5,1,37,112,71,118,216,229,20,14,28,55,109,224,4,4,4,20,20,22,11,48,17,120,55,90,102,105,53
3639,31,0,4,15,17,2,18,18,36,59,120,90,59,100,142,180,5,4,12,11,12,12,15,38,14,15,38,14,218,19,231,15,15,15,16,30,13,18,17,22,32,62,60,239,181,235,12,23,42,80,168,5,11,10,8,8,9,9,3,15,12,9,13,34,16,18
3640,35,1,0,13,1,31,22,1,47,10,1,106,126,216,37,108,1,2,10,17,22,26,10,21,21,112,13,122,21,254,205,6,13,4,30,13,23,19,14,41,17,39,107,71,160,253,2,3,5,9,24,11,0,13,21,22,21,10,11,11,0,1,0,177,145,180
3641,20,14,10,4,22,8,10,8,43,62,86,43,93,196,130,81,15,1,11,15,1,20,9,1,50,9,1,50,175,1,115,0,1,7,10,20,6,32,49,54,109,75,48,59,236,116,10,19,34,68,145,8,12,9,11,23,11,12,14,13,4,2,5,14,72,22
3642,59,11,13,5,8,10,30,31,15,35,65,15,78,131,13,200,7,12,13,21,5,29,28,22,37,28,22,87,22,129,26,9,9,9,5,17,3,23,28,17,72,82,84,46,27,29,14,28,55,107,222,4,4,4,20,20,22,11,17,17,1,5,4,76,75,65
3643,3,1,0,1,30,1,15,23,5,34,44,98,38,216,175,23,12,2,10,14,30,5,63,13,38,63,25,81,128,242,79,6,13,4,2,3,1,3,22,9,27,13,58,71,93,253,3,7,9,19,45,0,0,0,4,3,0,7,2,8,67,111,68,217,154,172
3644,18,2,14,3,23,21,4,33,44,55,33,96,55,21,153,32,0,7,3,26,31,24,31,26,8,35,95,114,59,45,135,0,1,7,4,4,10,5,1,37,61,88,74,142,246,229,9,18,29,57,122,6,10,12,24,26,31,43,55,55,103,60,58,71,46,47
3645,30,11,15,5,10,10,30,40,31,14,4,74,85,188,167,165,7,12,13,7,23,7,55,3,61,5,115,88,177,164,8,9,9,9,0,31,15,15,50,19,9,103,29,5,132,232,13,26,49,95,199,4,4,4,2,2,2,5,7,5,90,106,126,87,79,144
3646,4,9,6,12,13,5,20,22,9,30,73,80,57,51,228,191,12,2,10,31,21,17,40,40,49,40,40,65,32,62,55,0,1,7,8,4,16,54,54,18,71,92,49,199,115,27,1,1,1,2,3,2,6,7,22,31,16,51,53,56,71,72,78,72,66,64
3647,58,8,15,4,10,17,16,51,50,14,104,50,114,68,242,83,7,12,13,7,23,7,55,3,61,81,124,61,136,3,210,0,1,7,0,31,15,15,50,19,0,56,121,113,253,114,14,29,57,113,231,4,4,4,2,2,2,5,7,57,100,110,37,167,136,232
3648,18,2,14,3,2,28,26,6,56,49,6,34,116,135,144,78,8,10,7,6,7,10,16,34,7,97,34,103,120,100,130,0,1,7,4,4,10,5,1,37,121,100,8,221,103,37,9,15,23,50,104,5,5,5,6,24,6,56,50,24,68,67,67,80,70,105
3649,62,10,12,8,4,26,7,35,58,6,35,58,124,136,32,92,6,3,2,24,27,28,27,31,2,27,31,60,179,179,176,8,2,12,24,16,17,10,58,4,124,4,76,165,192,181,13,26,49,93,194,1,1,2,15,11,5,35,25,33,28,22,24,5,10,202
3650,4,9,0,12,9,20,20,61,12,39,73,80,87,105,228,191,12,2,10,31,21,17,40,40,49,40,40,65,32,62,55,6,13,4,29,24,27,54,54,18,71,92,49,199,115,27,3,7,10,21,49,0,0,0,22,31,16,51,53,56,71,72,78,72,66,64
3651,15,12,8,7,15,18,29,46,42,61,32,16,67,119,236,65,4,5,1,5,4,15,21,50,62,103,92,62,60,145,123,3,6,2,31,5,4,48,21,6,30,94,127,189,195,104,1,2,4,7,19,2,2,3,1,1,1,14,28,22,8,10,19,48,43,36
3652,21,9,2,12,13,27,20,61,24,53,103,87,111,20,17,99,4,11,5,28,26,1,61,37,1,11,37,70,77,102,82,0,1,7,15,2,28,10,58,37,40,28,1,71,80,19,1,1,1,3,4,2,2,3,12,9,12,41,33,47,53,104,32,85,116,109
3653,11,1,1,13,5,25,9,44,1,12,126,1,34,17,175,51,12,2,10,14,30,5,63,13,38,63,90,78,109,58,186,6,13,4,2,3,1,3,22,9,27,13,58,16,160,196,10,20,35,69,147,0,0,0,4,3,0,7,2,0,96,79,88,168,112,86
3654,36,1,0,13,1,22,17,45,5,18,112,5,82,64,4,136,1,2,10,1,2,25,10,46,49,65,88,117,204,211,113,6,13,4,2,13,23,3,22,9,81,86,18,249,86,191,3,4,6,12,29,0,0,0,4,3,0,20,2,0,83,81,64,90,51,103
3655,20,1,1,13,5,25,9,44,1,12,17,1,12,17,1,51,12,2,10,14,30,5,63,13,38,63,90,78,109,58,186,6,13,4,2,3,1,3,22,9,27,13,58,215,119,236,3,6,8,17,42,0,0,0,4,3,0,7,2,0,109,82,118,123,179,193
3656,33,5,3,10,19,24,13,58,55,47,91,55,99,118,219,115,14,6,0,23,6,0,12,49,54,80,49,54,167,56,91,10,10,3,27,28,30,56,19,3,68,21,27,34,1,60,4,8,12,27,63,3,9,1,3,4,3,42,42,40,31,29,34,16,15,17
3657,53,14,14,3,23,21,4,49,44,55,49,83,64,4,66,74,15,14,11,29,31,27,47,58,59,78,100,59,148,228,128,0,1,7,4,4,10,5,1,37,31,100,8,152,82,231,10,19,33,66,142,6,10,12,24,26,17,43,39,35,40,85,52,137,128,173
3658,9,15,6,11,11,0,28,11,41,57,84,75,57,39,56,7,3,0,4,3,0,4,26,0,4,26,105,90,3,0,139,2,5,5,8,19,16,7,51,49,15,122,66,4,255,55,7,12,18,42,92,7,6,7,7,6,8,0,0,1,47,14,16,83,36,77
3659,29,2,9,3,2,28,31,2,34,54,114,113,89,173,45,19,8,10,7,6,7,10,48,8,56,48,8,89,55,219,67,15,15,15,13,29,31,37,41,42,16,80,116,96,31,24,9,15,25,53,110,5,5,5,6,17,6,32,10,31,36,35,36,13,12,15
3660,19,14,10,0,14,23,19,34,18,19,102,121,19,180,203,178,10,9,8,12,14,11,14,15,10,14,64,10,18,16,120,11,12,0,26,25,2,52,13,30,4,9,12,2,14,97,8,14,22,49,103,12,10,11,23,18,18,15,15,19,2,3,3,119,92,108
3661,32,6,11,2,20,12,11,19,4,22,19,4,117,30,205,201,2,6,15,2,15,18,2,44,46,2,44,46,100,4,27,13,14,13,11,21,21,40,33,31,60,117,30,194,189,124,6,10,15,31,72,3,7,1,13,14,15,16,16,12,9,8,9,2,4,12
3662,40,0,4,15,17,2,18,15,8,40,15,8,40,183,116,58,8,10,7,6,7,10,36,35,63,114,70,56,24,85,6,15,15,15,4,4,10,2,63,4,120,119,85,151,37,109,9,15,25,52,109,5,11,10,8,8,9,9,3,15,12,9,98,29,125,93
3663,39,15,9,11,11,6,23,63,48,29,63,48,88,80,82,17,3,0,4,25,25,23,3,27,29,3,65,29,226,167,134,7,0,10,25,18,8,9,53,26,54,63,11,24,19,70,7,13,19,44,94,7,6,7,19,21,19,6,8,7,5,7,7,31,2,29
3664,22,9,8,7,15,20,29,10,42,11,10,92,11,215,121,199,4,11,1,13,26,1,61,37,1,11,37,70,146,150,183,0,1,7,4,4,10,10,58,4,124,19,122,224,199,54,1,2,2,4,8,2,2,3,29,30,28,48,36,49,75,86,77,155,166,209
3665,15,3,0,1,30,13,15,59,7,38,85,7,84,10,179,129,12,2,10,31,10,30,20,25,26,20,86,98,26,133,241,6,13,4,2,3,1,29,26,5,90,50,21,88,226,176,3,7,11,26,60,0,0,0,14,12,0,18,19,8,15,18,12,9,11,8
3666,33,5,3,10,19,24,13,58,55,47,91,55,99,118,219,115,14,6,0,23,6,0,12,49,54,80,49,54,167,56,91,10,10,3,27,28,30,56,19,3,68,21,27,34,1,60,4,8,12,27,63,3,9,1,3,4,3,42,42,40,31,29,34,16,15,17
3667,4,9,8,7,13,27,29,46,42,60,46,42,67,93,236,219,4,5,1,5,4,31,38,62,55,38,23,55,121,29,212,3,6,2,31,5,4,48,21,6,30,94,127,22,215,93,1,2,2,5,13,2,2,3,1,1,1,14,24,22,16,10,19,164,9,160
3668,39,15,9,11,11,6,23,63,48,29,63,48,88,31,59,104,3,0,4,25,25,23,3,27,29,3,65,29,226,167,134,7,0,10,25,18,8,9,53,26,54,63,11,24,19,203,7,13,19,44,94,7,6,7,19,21,19,6,8,7,5,7,7,31,2,29
3669,63,11,13,5,8,29,3,4,32,3,78,114,127,235,77,195,7,12,13,21,5,29,5,53,20,64,114,20,57,171,237,9,9,9,0,31,15,58,16,62,65,64,91,127,63,23,14,28,55,109,224,4,4,4,2,2,2,29,30,30,3,16,21,40,69,13
3670,33,5,3,10,19,19,13,41,27,47,41,27,47,50,250,25,14,6,0,23,6,0,12,49,0,12,73,0,255,192,218,10,10,3,12,15,11,14,2,4,126,79,114,12,109,119,4,8,13,29,65,3,9,1,3,4,3,2,5,6,66,69,66,91,68,59
3671,19,14,10,0,14,23,19,21,18,19,21,18,19,89,117,54,10,9,8,12,14,11,14,15,10,14,64,10,117,177,10,11,12,0,26,25,2,52,13,30,4,9,12,209,206,207,8,14,22,49,103,12,10,11,23,18,18,15,15,19,2,3,3,22,37,26
3672,50,3,0,1,30,13,15,59,7,38,101,117,87,81,212,152,12,2,10,31,10,30,53,46,26,53,46,92,143,10,62,6,13,4,2,3,1,54,62,18,98,47,126,141,127,57,3,7,10,21,49,0,0,0,14,12,16,51,51,50,76,84,79,100,84,80
3673,61,5,3,10,19,19,13,41,57,45,41,57,45,3,248,179,14,6,0,23,6,0,52,4,0,52,4,0,70,172,0,10,10,3,12,15,11,14,2,4,8,38,0,0,120,34,4,8,13,29,67,3,9,1,3,4,3,2,5,6,7,4,6,89,67,32
3674,47,2,11,2,16,16,25,56,37,41,56,94,121,110,71,208,8,10,7,27,24,6,24,18,33,56,123,127,102,214,145,15,15,15,4,4,10,10,58,4,53,90,125,10,161,228,9,16,26,54,115,10,5,5,16,19,24,19,21,18,87,44,46,104,140,130
3675,23,7,5,8,25,3,2,7,2,21,97,2,21,43,2,169,6,3,2,10,17,21,34,55,31,111,55,95,254,118,58,12,8,1,7,9,14,44,37,44,18,77,16,180,233,126,15,30,58,116,236,1,1,2,0,0,4,17,13,10,14,12,11,82,28,90
3676,59,11,15,5,10,17,3,4,50,3,104,95,98,152,91,133,7,12,13,7,23,7,55,3,61,5,115,88,7,113,165,9,9,9,0,31,15,15,50,19,0,56,121,203,241,137,14,29,56,111,227,4,4,4,2,2,2,5,7,5,11,19,37,46,104,60
3677,55,1,1,13,18,31,22,17,47,28,79,124,126,6,37,14,1,2,10,17,22,26,22,21,21,22,21,21,67,24,66,1,7,11,19,22,5,20,10,16,2,32,14,64,3,6,2,3,5,9,24,11,0,13,21,22,21,10,11,11,0,1,0,7,3,2
3678,14,12,8,7,15,18,29,46,42,11,46,42,11,11,88,109,4,5,1,5,4,31,38,62,55,38,75,112,211,247,56,3,6,2,31,5,4,21,0,23,7,19,122,40,211,125,1,2,2,4,9,2,2,3,1,1,1,4,4,4,41,25,1,108,232,222
3679,24,4,14,2,31,7,4,38,51,23,116,120,70,128,201,240,8,15,14,18,16,13,18,17,16,18,17,16,14,14,13,5,3,6,23,6,20,25,30,7,21,106,52,13,114,118,9,17,27,55,118,14,14,12,28,28,27,31,34,29,13,11,14,1,1,1
3680,34,3,2,4,9,8,20,61,12,39,90,122,7,199,3,218,9,14,5,29,29,27,11,33,32,101,97,74,132,42,224,0,1,7,20,20,25,46,45,40,127,69,89,137,26,252,10,20,35,70,148,8,3,9,17,16,20,25,38,23,42,38,47,213,212,165
3681,56,13,7,6,27,14,6,25,28,58,88,28,83,241,106,131,13,13,6,16,28,9,13,12,6,13,12,6,130,184,222,0,1,7,1,0,22,0,42,61,101,113,35,71,160,253,11,22,40,77,162,9,8,6,5,5,7,3,6,2,20,33,17,18,18,27
3682,12,13,7,6,27,14,6,42,28,58,118,62,118,101,10,56,13,13,6,16,28,9,13,12,6,104,69,96,58,76,221,0,1,7,1,0,22,26,29,48,44,76,79,228,130,238,11,22,39,75,159,9,8,6,5,5,7,3,6,2,59,58,55,30,40,42
3683,39,15,9,11,11,6,23,63,48,29,63,48,88,80,82,17,3,0,4,25,25,23,3,27,29,3,65,29,226,167,134,7,0,10,25,18,8,9,53,26,54,63,11,24,19,70,7,13,19,44,94,7,6,7,19,21,19,6,8,7,5,7,7,31,2,29
3684,50,2,9,3,2,28,26,6,54,49,6,89,101,58,186,67,8,10,7,6,7,10,7,34,7,68,87,7,163,7,85,0,1,7,4,29,31,36,1,0,97,15,103,71,160,253,3,4,6,10,25,5,5,5,6,24,6,30,18,24,24,30,20,145,24,21
3685,30,8,15,9,12,4,8,43,45,33,37,45,108,61,70,114,0,7,3,4,19,16,19,45,47,19,45,47,234,78,73,0,1,7,9,1,10,33,40,60,84,89,105,124,20,117,13,24,43,83,176,1,3,8,18,15,13,13,31,16,34,13,39,67,156,190
3686,42,2,9,3,2,28,26,6,54,49,6,89,101,228,197,15,8,10,7,6,7,10,7,34,7,68,87,7,34,7,85,15,15,15,4,29,31,36,1,0,97,15,103,50,242,95,9,15,23,50,106,5,5,5,6,24,6,30,18,24,24,30,20,24,24,21
3687,52,3,11,1,26,13,5,39,14,9,99,123,48,233,137,42,12,2,10,31,21,17,53,28,35,82,28,85,98,151,88,0,1,7,4,4,10,57,23,14,93,65,88,133,209,87,3,5,7,14,35,0,0,6,22,29,16,27,29,26,73,90,80,84,81,91
3688,24,4,14,3,31,7,4,38,59,23,125,59,23,128,127,59,8,15,14,18,16,13,18,17,16,18,17,16,14,14,13,5,3,6,23,6,20,25,30,7,21,106,52,78,95,105,9,17,27,55,116,14,14,12,28,28,27,31,34,29,13,11,14,1,1,1
3689,6,6,11,2,26,30,0,24,56,0,127,70,9,179,103,112,2,6,15,19,15,18,59,63,15,116,16,111,126,72,181,0,1,7,9,7,10,10,15,24,124,90,76,71,21,175,6,11,16,35,79,3,7,1,13,14,23,28,35,28,52,51,44,250,164,179
3690,36,3,12,1,24,13,22,10,47,28,101,105,28,251,27,24,1,2,10,17,22,26,22,21,21,112,21,122,67,24,21,1,7,11,19,22,5,20,10,16,108,66,111,186,41,140,2,3,5,9,23,11,0,13,21,22,21,10,11,11,0,1,0,32,47,44
3691,60,13,7,14,3,15,27,3,35,17,3,35,17,74,220,12,11,8,9,9,9,8,8,7,11,8,7,11,8,8,243,4,4,8,21,11,0,39,32,10,20,18,50,17,5,33,5,9,14,30,70,13,13,14,26,25,25,23,23,20,6,6,8,0,0,0
3692,51,12,8,7,15,18,12,32,16,32,32,16,73,192,64,118,4,5,1,5,4,15,21,5,12,21,5,12,113,140,155,3,6,2,31,5,4,21,0,23,114,127,71,33,35,174,1,2,4,7,18,2,2,3,1,1,1,4,4,4,10,21,1,45,38,51
3693,37,7,14,3,25,3,2,55,29,26,55,125,110,47,182,140,6,3,2,10,17,21,33,39,60,79,72,123,133,205,127,0,1,7,4,4,14,59,44,63,106,36,78,251,146,219,15,30,58,116,238,1,1,2,0,0,4,50,9,9,62,62,31,55,177,58
3694,33,5,3,10,19,24,13,58,55,47,91,55,99,118,219,115,14,6,0,23,6,0,12,49,54,80,49,54,167,56,91,10,10,3,27,28,30,56,19,3,68,21,27,34,1,60,4,8,12,27,63,3,9,1,3,4,3,42,42,40,31,29,34,16,15,17
3695,3,3,7,6,30,13,6,39,60,1,39,123,1,200,138,244,13,13,6,22,8,22,51,48,24,93,48,118,123,53,247,0,1,7,4,4,10,42,35,43,10,67,43,107,133,63,13,27,52,99,207,9,8,6,5,5,26,55,32,51,72,63,75,47,58,52
3696,14,2,9,3,2,28,26,15,54,49,15,89,69,252,141,15,8,10,7,6,7,10,56,34,41,7,70,56,232,159,198,15,15,15,13,29,31,36,1,0,119,6,13,175,177,180,9,15,23,50,106,5,5,5,6,24,6,30,18,24,49,30,20,24,74,79
3697,19,14,10,0,14,23,19,34,18,19,102,18,19,9,203,178,10,9,8,12,14,11,14,15,10,14,64,10,18,16,120,11,12,0,26,25,2,52,13,30,4,9,12,2,24,2,8,14,22,49,103,12,10,11,23,18,18,15,15,19,2,3,3,8,13,6
3698,33,5,3,10,19,19,13,41,27,45,41,57,45,182,173,179,14,6,0,23,6,0,12,49,0,12,73,104,235,18,69,10,10,3,12,15,11,14,2,4,8,38,0,125,147,167,4,8,13,29,67,3,9,1,3,4,3,2,5,6,7,4,6,59,27,32
3699,30,11,13,5,8,17,3,4,50,3,78,114,127,235,135,13,7,12,13,21,23,29,5,53,20,64,114,20,57,38,53,9,9,9,0,31,15,58,16,62,48,30,68,203,142,94,9,18,29,57,121,4,4,4,2,2,2,29,30,30,3,16,21,36,14,13
3700,59,11,13,5,8,29,30,31,15,35,65,65,35,131,162,57,7,12,13,21,5,29,28,22,37,28,22,87,22,226,26,9,9,9,5,17,3,23,28,17,23,27,22,30,13,1,14,28,55,107,222,4,4,4,20,20,22,11,17,17,1,5,4,4,7,7
3701,55,1,0,13,1,22,17,1,5,34,1,5,82,64,4,136,1,2,10,1,2,25,1,2,17,105,2,17,134,2,113,6,13,4,30,13,23,19,14,41,81,86,18,170,86,51,3,4,6,12,29,0,0,0,9,7,10,1,1,3,55,0,69,90,45,103
3702,43,10,12,9,24,20,29,28,39,13,111,39,72,161,159,53,4,11,1,20,18,19,17,14,22,17,14,22,114,26,20,14,11,14,14,12,7,62,47,28,19,87,42,76,234,108,16,31,61,121,246,15,15,15,29,30,29,34,36,32,23,24,25,26,32,28
3703,37,7,14,3,21,3,26,55,29,56,48,29,56,14,207,140,6,3,2,10,17,21,33,39,60,79,72,123,133,205,127,12,8,1,7,9,14,59,44,63,106,36,78,251,77,219,15,30,58,116,238,1,1,2,0,0,4,50,9,9,62,62,31,55,61,58
3704,39,15,9,11,11,6,23,63,53,50,92,53,88,130,146,17,3,0,4,25,25,23,3,27,29,3,65,29,226,167,134,7,0,10,25,18,8,9,53,26,54,63,11,24,19,70,7,13,19,44,94,7,6,7,19,21,19,6,8,7,5,7,7,31,2,29
3705,54,13,7,6,29,14,14,62,26,15,62,26,119,226,52,70,13,13,6,22,8,22,23,24,28,23,24,28,31,23,24,0,1,7,6,10,9,8,18,20,41,14,80,20,18,82,11,21,38,73,155,9,8,6,27,27,30,39,41,41,33,34,35,10,8,10
3706,60,13,7,14,3,15,27,3,35,17,3,35,17,172,202,77,11,8,9,9,9,8,8,7,11,8,7,11,8,8,209,4,4,8,21,11,0,13,6,21,43,23,69,38,187,9,5,9,14,30,68,13,13,14,26,25,25,23,23,20,6,6,8,0,0,0
3707,59,11,15,5,10,17,3,40,25,14,104,50,114,217,193,133,7,12,13,7,23,7,55,3,61,5,115,88,7,164,8,9,9,9,0,31,15,15,50,19,82,71,118,95,247,88,14,29,57,112,229,4,4,4,2,2,2,5,7,5,11,19,28,97,103,73
3708,22,3,2,4,26,13,10,10,12,9,81,92,62,158,121,255,15,14,11,29,29,27,30,32,18,69,32,18,17,105,54,0,1,7,10,20,6,10,58,4,109,90,48,224,225,53,10,19,34,68,146,8,12,9,17,16,11,25,56,23,48,109,60,173,203,146
3709,61,5,3,10,19,19,13,41,27,47,99,27,47,50,181,25,13,13,6,22,8,22,43,41,27,107,118,124,149,210,217,0,1,7,4,4,10,57,23,14,93,65,88,133,21,87,4,8,13,28,64,3,9,1,3,29,3,27,29,26,73,90,80,84,81,91
3710,8,12,8,7,15,18,12,27,16,32,64,24,73,181,154,48,4,5,1,5,4,31,21,5,12,113,62,112,201,116,211,3,6,2,31,5,4,10,58,4,124,19,122,71,160,253,1,2,4,8,21,2,2,3,1,1,1,4,4,4,88,94,59,165,144,184
3711,43,10,12,9,24,20,7,28,39,13,111,39,72,230,132,204,4,11,1,20,18,19,17,14,22,17,14,22,25,152,163,14,11,14,14,12,7,6,3,25,46,11,33,56,174,30,16,31,61,120,245,15,15,15,29,30,29,34,36,32,23,24,25,81,88,87
3712,26,6,11,2,6,30,24,24,23,20,89,23,20,165,103,201,2,6,15,19,15,18,32,16,15,116,16,111,103,121,232,0,1,7,9,7,10,55,15,24,115,121,90,235,160,58,6,11,17,39,87,3,7,1,13,14,23,28,35,28,52,57,48,50,52,62
3713,37,8,14,4,28,9,1,12,44,26,12,126,26,113,216,105,15,14,11,29,29,27,25,48,39,85,126,45,160,31,37,0,1,7,4,4,10,61,52,39,50,20,45,130,36,200,13,27,53,102,214,6,3,8,10,13,14,21,20,25,37,50,49,94,39,170
3714,13,3,10,4,22,8,10,8,43,62,86,43,113,196,130,62,15,1,11,15,1,20,9,1,50,9,1,18,198,105,30,0,1,7,10,20,6,32,49,54,109,75,48,68,125,189,10,19,34,68,146,8,12,9,11,23,11,12,14,13,4,2,5,14,72,22
3715,56,13,7,6,27,14,6,25,28,58,88,28,58,241,106,233,13,13,6,16,28,9,13,12,6,13,12,6,227,11,11,0,1,7,1,0,22,0,42,61,59,83,106,71,160,253,11,22,40,77,162,9,8,6,5,5,7,3,6,2,20,33,17,18,18,63
3716,43,0,4,15,17,2,18,52,25,40,75,69,125,217,163,156,5,4,12,11,12,12,15,38,14,15,38,14,112,147,12,15,15,15,16,30,13,10,58,4,124,90,76,239,181,235,3,7,11,24,55,4,11,4,8,8,9,9,46,15,49,102,102,248,132,140
3717,46,9,8,12,13,27,29,46,42,60,46,42,92,93,86,219,4,5,1,5,4,31,38,62,55,38,23,55,121,29,212,3,6,2,31,5,4,48,21,6,30,94,127,22,215,93,1,2,2,5,13,2,2,3,1,1,1,14,24,22,16,10,19,164,205,160
3718,39,15,9,11,11,6,23,63,48,29,63,48,88,80,82,162,3,0,4,25,25,23,3,27,29,3,65,29,226,167,134,7,0,10,25,18,8,9,53,26,54,63,11,24,19,70,7,13,19,44,94,7,6,7,19,21,19,6,8,7,5,7,7,31,2,29
3719,58,15,9,11,2,0,26,6,41,49,122,125,101,58,200,193,3,0,4,3,0,4,26,0,4,26,105,4,153,199,219,2,5,5,8,19,16,7,51,49,15,12,76,53,7,187,3,7,11,26,62,7,6,7,7,6,8,0,0,1,32,28,16,236,36,57
3720,32,6,11,2,20,12,11,19,17,22,19,4,22,82,94,85,2,6,15,2,15,18,2,44,46,2,44,46,100,4,27,13,14,13,11,21,21,40,33,31,60,108,30,241,228,25,6,10,15,31,72,3,7,1,13,14,15,16,16,12,9,8,9,2,4,12
3721,24,8,14,4,28,9,4,10,31,63,40,56,68,112,84,242,0,7,3,26,31,24,31,26,43,88,103,67,106,225,65,0,1,7,4,4,10,5,1,37,75,72,92,198,138,163,9,18,28,56,120,15,7,12,24,24,29,50,48,44,102,74,85,175,159,113
3722,22,1,1,13,5,25,9,45,19,18,17,91,7,25,239,218,9,11,5,31,10,14,53,46,26,121,122,107,104,106,167,0,1,7,9,1,10,10,58,9,77,116,10,169,30,59,6,11,17,36,82,0,0,0,4,3,0,57,37,34,111,114,93,161,133,111
3723,48,15,6,11,11,5,28,22,9,30,93,9,115,206,218,147,3,0,4,3,0,4,26,0,4,66,117,4,154,143,216,2,5,5,8,19,16,7,51,49,6,78,9,69,175,0,7,12,18,40,89,7,6,7,7,6,8,0,0,1,82,45,57,151,57,143
3724,7,8,2,9,12,4,8,43,45,7,37,73,108,242,49,31,0,7,3,26,13,24,37,57,25,37,57,69,35,32,125,0,1,7,9,1,10,27,46,51,36,99,54,102,172,156,13,25,45,86,181,10,3,8,27,27,13,54,37,34,46,44,46,23,25,40
3725,21,9,8,12,13,27,20,30,24,53,123,85,53,141,192,37,4,5,1,28,4,31,6,23,36,61,102,1,85,41,156,3,6,2,15,2,28,1,12,50,40,42,26,201,163,213,1,1,1,3,5,2,2,3,12,9,12,8,12,14,19,15,32,33,23,33
3726,1,2,4,3,0,17,16,33,33,55,33,96,55,49,153,156,0,7,3,26,11,24,35,42,8,35,95,114,140,94,251,0,1,7,4,4,15,5,1,37,61,88,74,142,246,22,9,18,29,57,121,4,4,4,2,2,31,29,55,55,3,60,58,71,46,47
3727,43,0,4,15,0,2,16,52,25,7,75,73,81,242,227,31,0,7,3,26,13,24,37,57,25,37,57,69,35,32,233,0,1,7,9,4,10,27,46,51,36,99,54,218,161,228,13,25,45,86,180,10,3,8,27,27,13,54,37,34,46,44,46,23,25,40
3728,62,10,12,8,4,26,21,35,58,31,35,58,31,104,32,132,6,3,2,24,27,28,27,31,2,95,31,72,51,73,173,8,2,12,24,16,17,41,59,12,79,68,75,135,222,181,16,32,64,128,256,1,1,2,15,11,5,35,25,33,28,22,24,5,10,3
3729,18,7,5,9,25,3,2,37,2,21,81,2,21,32,62,228,6,3,2,10,17,21,34,55,31,34,55,31,162,44,164,12,8,1,7,4,10,10,58,4,124,90,76,71,98,253,15,30,59,117,240,1,1,2,0,0,4,17,13,10,75,12,77,20,182,119
3730,45,7,5,8,25,3,2,37,2,21,97,2,75,43,2,101,6,3,2,10,17,21,34,55,31,34,55,95,254,118,58,12,8,1,7,9,14,44,37,44,18,1,16,183,126,233,15,30,59,117,239,1,1,2,0,0,4,17,13,10,14,12,11,98,28,11
3731,23,8,12,9,12,4,8,43,45,33,37,45,108,45,70,114,0,7,3,4,19,16,44,29,47,44,29,86,15,79,201,0,1,7,9,1,10,27,46,51,99,5,120,181,172,253,13,24,43,83,176,1,3,8,18,15,13,13,31,16,34,13,39,79,156,190
3732,49,11,15,5,10,17,3,33,50,14,33,96,55,49,153,125,7,12,13,7,23,7,55,3,61,81,124,61,73,3,149,0,1,7,0,31,15,5,1,37,61,88,74,142,246,22,9,18,29,57,121,4,4,4,2,2,31,29,30,55,3,60,58,71,46,47
3733,57,7,5,8,25,3,2,37,2,21,97,2,75,43,2,88,6,3,2,10,17,21,34,55,31,34,55,95,254,118,58,12,8,1,7,9,14,44,37,44,18,1,16,210,202,127,15,30,59,117,239,1,1,2,0,0,4,17,13,10,14,12,11,153,153,153
3734,20,15,9,11,11,6,23,50,46,24,13,46,71,153,39,166,3,0,4,25,25,23,3,27,29,3,27,102,212,92,242,7,0,10,17,14,19,43,24,32,64,84,41,114,25,155,7,13,20,45,95,7,6,7,19,21,19,6,8,7,5,7,7,38,130,20
3735,46,12,8,7,15,18,12,32,16,32,32,24,73,204,14,118,4,5,1,5,4,15,21,5,12,113,62,12,4,204,60,3,6,2,31,5,4,21,0,23,114,8,71,33,35,174,1,2,2,5,14,2,2,3,1,1,1,4,4,4,10,21,1,204,38,51
3736,33,5,3,10,19,19,13,36,57,45,36,57,47,50,11,179,14,6,0,23,6,0,12,49,0,12,73,104,142,192,252,10,10,3,12,15,11,14,2,4,103,81,38,71,160,253,4,8,13,29,65,3,9,1,3,4,3,2,5,6,7,4,6,51,56,54
3737,27,8,7,6,27,14,6,52,60,58,119,115,65,23,105,153,13,13,6,16,28,9,49,30,57,49,110,57,84,160,80,0,1,7,4,4,10,57,23,14,96,2,2,99,239,134,13,26,50,97,203,9,8,6,5,5,7,60,59,60,77,68,92,149,65,196
3738,55,3,2,1,30,13,15,59,7,38,108,7,84,73,68,129,12,2,10,31,10,30,20,25,26,20,86,98,26,133,22,6,13,4,2,3,1,29,26,5,90,50,21,120,58,71,3,7,9,20,46,0,0,0,14,12,0,18,19,8,15,18,12,9,11,8
3739,41,2,0,9,1,22,17,1,11,10,69,112,106,109,41,148,1,2,10,1,2,25,1,2,17,105,2,17,1,109,208,6,13,4,30,13,23,19,14,41,49,3,76,79,160,111,3,4,6,10,26,0,0,0,9,7,10,1,1,3,39,42,2,73,187,156
3740,10,1,1,13,5,25,9,44,19,12,17,91,102,185,57,51,12,2,10,31,10,17,10,46,49,109,96,49,83,47,45,6,13,4,20,20,25,49,38,56,123,73,70,208,254,68,10,20,37,72,152,0,0,0,4,3,0,45,26,42,95,79,86,109,127,126
3741,53,8,14,2,23,9,1,49,44,26,12,126,25,177,251,11,15,14,11,0,20,3,41,9,45,41,99,43,61,248,194,0,1,7,4,4,10,30,52,55,95,120,4,212,121,197,13,27,53,102,214,6,3,8,10,13,14,21,20,25,37,50,59,105,176,66
3742,6,10,5,8,4,26,7,5,13,44,117,67,44,63,223,123,6,3,2,30,3,2,4,52,9,92,52,68,63,17,220,12,8,1,18,27,18,31,4,58,5,24,76,71,160,52,16,32,63,124,251,1,1,2,0,0,5,24,22,21,17,27,42,237,225,82
3743,51,12,8,7,15,18,12,27,16,32,64,24,73,142,131,118,4,5,1,5,4,15,21,5,12,113,62,12,124,39,200,3,6,2,31,5,4,21,0,23,7,19,122,33,35,174,1,2,3,6,17,2,2,3,1,1,1,4,4,4,10,25,1,45,134,37
3744,0,3,0,1,30,1,15,59,7,38,85,7,77,81,68,126,12,2,10,14,30,5,63,13,5,87,25,81,138,155,104,6,13,4,2,3,1,29,26,5,87,95,117,88,226,176,3,7,9,20,46,0,0,0,14,12,0,20,2,8,35,36,43,19,33,50
3745,52,3,2,4,28,9,1,39,61,63,39,77,113,113,98,215,15,14,11,29,8,27,25,48,39,25,74,113,238,240,249,0,1,7,4,4,10,61,35,39,50,20,45,236,36,200,13,27,52,101,212,8,7,9,30,10,26,47,45,43,38,43,40,94,99,136
3746,11,1,1,13,5,25,9,45,1,37,126,1,91,125,112,35,12,2,10,14,30,5,63,13,38,119,90,38,231,216,225,6,13,4,2,3,1,34,57,45,111,54,28,206,204,35,3,6,8,17,40,0,0,0,4,3,0,7,40,0,27,47,23,37,54,25
3747,25,6,11,9,6,30,24,24,23,7,96,107,9,179,255,31,2,6,15,19,15,18,59,63,15,59,63,119,115,64,68,0,1,7,9,7,10,22,60,53,102,115,25,197,42,160,6,11,17,37,84,10,7,1,27,27,23,28,35,28,51,51,44,53,76,110
3748,0,1,1,1,30,1,15,45,5,18,112,5,76,96,24,126,12,2,10,14,30,5,63,13,5,117,101,5,9,87,140,6,13,4,2,3,1,3,22,9,87,95,117,11,68,164,3,6,8,15,36,0,0,0,4,3,0,20,2,0,35,36,43,19,33,104
3749,2,14,10,4,22,21,10,8,43,62,8,44,93,117,177,183,15,1,11,15,1,20,9,1,50,9,1,50,41,84,229,0,1,7,10,20,6,32,49,54,33,75,113,156,75,11,10,19,33,66,140,8,12,9,11,23,11,12,14,13,4,2,5,28,53,39
3750,44,10,12,8,12,4,21,43,40,31,70,40,80,190,249,20,0,7,3,4,27,16,44,29,47,44,29,2,151,74,16,8,2,12,24,16,17,53,34,33,24,17,20,74,29,5,16,32,62,122,247,1,3,8,18,11,13,13,25,16,34,13,39,21,30,31
3751,57,7,5,8,25,3,2,7,2,21,121,111,27,90,97,151,6,3,2,30,3,2,4,6,60,4,71,9,82,101,126,12,8,1,7,9,14,10,58,63,5,104,81,165,192,100,15,30,58,116,238,1,1,2,0,0,4,26,27,27,56,66,56,82,117,90
3752,57,10,12,8,4,26,21,35,40,31,35,58,31,104,249,39,6,3,2,24,27,28,27,31,2,95,31,72,51,194,173,8,2,12,24,16,17,41,59,12,79,68,75,243,222,31,16,32,62,123,248,1,1,2,15,11,5,35,25,33,28,22,24,5,10,3
3753,2,14,10,4,22,21,10,8,43,62,39,88,113,117,183,213,15,14,11,29,29,27,25,48,39,85,126,113,238,240,249,0,1,7,10,20,6,61,35,39,50,20,45,236,36,200,13,27,51,98,206,8,7,9,30,10,26,47,45,43,38,43,40,94,99,136
3754,21,9,8,12,13,27,20,30,24,53,123,85,53,141,192,37,4,5,1,28,4,1,61,37,1,61,102,1,85,41,156,3,6,2,15,2,28,1,12,50,40,42,26,67,80,19,1,1,1,3,5,2,2,3,12,9,12,8,12,14,19,15,32,95,23,33
3755,35,12,8,7,15,18,29,46,42,11,46,42,11,166,34,134,4,5,1,5,4,31,38,62,55,38,83,55,92,139,106,3,6,2,31,5,4,10,58,4,124,19,122,40,211,125,1,2,2,4,9,11,2,13,21,22,21,10,11,11,0,1,0,154,232,222
3756,37,7,5,3,25,3,2,55,29,2,109,100,123,236,182,79,6,3,2,10,17,21,33,39,34,33,39,34,252,135,141,12,8,1,7,9,14,35,31,2,117,101,108,49,96,204,15,30,58,116,237,1,1,2,0,0,4,22,9,9,43,39,38,42,22,45
3757,9,15,6,11,11,0,28,11,41,57,122,75,100,37,200,67,3,0,4,3,0,4,26,0,4,26,105,90,111,0,139,2,5,5,8,19,16,7,51,49,15,12,44,53,7,187,9,15,23,50,105,7,6,7,7,6,8,0,0,1,32,28,16,39,36,57
3758,23,7,5,8,25,3,2,37,2,21,97,111,75,43,97,89,6,3,2,10,17,21,34,55,31,34,55,95,254,118,58,12,8,1,7,9,14,44,37,44,18,1,16,210,202,127,15,30,59,117,239,1,1,2,0,0,4,17,13,10,14,12,11,153,153,153
3759,44,10,12,8,4,26,7,35,38,27,121,38,13,104,217,5,6,3,2,24,3,28,27,31,40,102,107,40,107,52,118,8,2,12,4,4,10,10,58,4,5,90,76,182,16,84,13,24,44,85,179,1,1,2,15,11,5,35,25,33,28,22,24,5,62,3
3760,36,3,2,4,9,8,10,10,61,4,25,82,4,146,74,249,15,14,11,29,29,27,30,33,32,96,93,125,208,137,47,0,1,7,20,20,25,4,27,38,67,105,87,137,26,56,10,20,36,71,151,8,12,9,17,16,11,40,38,36,42,38,60,63,44,67
3761,15,12,8,7,15,18,29,32,42,11,87,42,11,209,64,253,4,5,1,5,4,31,38,62,55,38,75,112,4,145,60,3,6,2,31,5,4,21,0,23,114,19,122,33,155,40,1,2,2,5,14,2,2,3,1,1,1,4,4,4,88,126,1,155,166,92
3762,49,11,15,5,10,17,3,51,50,14,104,50,14,68,237,83,7,12,13,7,23,7,55,3,61,81,124,61,136,190,122,0,1,7,0,31,15,15,50,19,0,56,121,37,170,223,13,25,48,90,188,4,4,4,2,2,2,5,7,5,100,77,37,101,158,102
3763,33,5,3,10,19,19,13,41,57,45,41,57,45,182,248,25,14,6,0,23,6,0,12,49,0,12,73,0,235,172,69,10,10,3,12,15,11,14,2,4,8,38,0,125,147,167,4,8,13,29,67,3,9,1,3,4,3,2,5,6,7,4,6,59,27,32
3764,26,6,11,2,20,12,11,19,17,22,19,17,22,126,54,100,2,6,15,2,15,18,2,44,46,2,44,46,100,4,27,13,14,13,11,21,21,40,33,31,86,108,72,66,15,129,6,10,15,31,72,3,7,1,13,14,15,16,16,12,9,8,9,2,4,12
3765,27,7,5,8,25,3,7,7,2,2,7,111,75,8,2,101,6,3,2,10,17,21,34,55,31,111,6,101,199,149,131,12,8,1,7,9,14,17,37,1,35,77,110,191,70,131,15,30,60,119,243,1,1,2,0,0,4,22,13,10,56,66,63,82,117,90
3766,32,6,11,2,26,12,11,24,17,8,89,17,117,30,63,100,2,6,15,2,15,18,2,44,46,2,44,109,192,173,148,0,1,7,4,4,10,10,58,4,93,117,90,29,209,179,6,11,16,32,73,3,7,1,13,14,15,16,16,12,112,99,9,194,113,150
3767,10,1,1,13,7,25,5,29,22,48,106,19,48,145,151,130,12,2,10,14,21,17,29,61,35,29,61,35,38,71,42,6,13,4,29,24,27,47,55,15,14,58,115,140,61,26,3,6,8,17,40,0,0,0,22,3,16,27,29,26,30,31,29,6,6,5
3768,35,1,1,13,18,11,22,17,47,28,79,105,28,6,37,24,1,2,10,17,22,26,22,21,21,22,21,21,206,170,66,1,7,11,19,22,5,20,10,16,66,43,92,90,8,135,2,3,5,9,24,11,0,13,21,22,21,10,11,11,0,1,0,150,3,2
3769,52,3,7,1,7,13,5,29,22,48,99,19,48,69,181,42,12,2,10,31,21,17,53,28,35,82,28,85,98,151,88,6,13,4,29,24,27,47,23,15,93,65,88,133,61,87,3,5,7,14,35,0,0,6,22,29,16,27,29,26,73,90,80,84,81,91
3770,45,10,5,8,4,26,7,57,13,44,57,13,13,234,223,18,6,3,2,30,3,2,4,52,9,92,52,68,63,17,220,12,8,1,18,27,18,31,4,58,56,24,56,182,102,52,16,32,63,124,250,1,1,2,0,0,5,24,22,21,17,27,15,15,19,88
3771,1,11,15,5,10,17,3,51,50,14,104,95,124,114,242,165,7,12,13,7,23,7,55,3,61,81,124,88,7,164,149,9,9,9,0,31,15,15,50,19,0,56,121,231,207,158,14,29,57,113,231,4,4,4,2,2,2,5,7,5,107,106,92,156,168,137
3772,7,7,5,8,4,26,7,57,13,44,57,13,44,234,206,18,6,3,2,30,3,2,4,52,9,92,52,68,63,17,220,12,8,1,18,27,18,31,4,58,56,24,61,71,102,52,16,32,63,124,251,1,1,2,0,0,5,24,22,21,17,54,15,49,77,88
3773,22,3,2,4,29,13,14,62,63,15,80,63,68,200,52,227,13,13,6,22,8,22,23,24,28,23,24,28,31,23,24,0,1,7,2,4,10,10,58,4,124,90,76,71,160,253,10,20,36,71,149,9,8,6,27,27,30,39,41,41,33,34,35,206,8,194
3774,9,15,6,11,11,0,28,11,41,57,84,75,100,27,16,224,3,0,4,3,0,4,26,0,4,26,105,90,111,0,139,2,5,5,8,19,16,7,51,49,15,12,44,53,7,187,7,12,18,42,92,7,6,7,7,6,8,0,0,1,32,28,16,39,36,35
3775,18,2,2,3,2,28,26,6,54,49,6,56,101,103,76,89,8,10,7,6,7,10,16,34,7,97,34,103,237,138,41,0,1,7,4,4,10,10,58,4,124,90,76,71,170,253,13,25,47,89,186,5,5,5,6,24,6,49,46,24,99,83,96,237,191,233
3776,5,6,11,2,26,16,16,54,25,0,54,79,97,116,176,230,2,6,15,19,15,18,32,16,15,116,16,111,172,231,181,0,1,7,4,4,10,55,15,24,53,44,125,71,144,222,9,18,32,62,131,3,7,5,16,19,24,28,44,53,52,57,48,104,52,62
3777,54,13,7,9,29,30,14,62,63,15,62,99,106,72,69,76,13,13,6,22,8,22,23,24,28,23,24,28,180,163,24,0,1,7,9,4,10,33,40,60,49,3,96,51,118,50,11,21,38,74,157,9,8,6,25,10,23,46,47,48,39,42,51,195,187,156
3778,32,6,11,2,20,12,11,19,17,22,24,17,117,30,63,100,2,6,15,2,15,18,2,44,46,2,44,109,192,173,148,13,14,13,11,21,21,40,33,31,60,117,30,241,228,170,6,10,15,31,71,3,7,1,13,14,15,16,16,12,9,8,9,2,141,30
3779,15,1,0,13,1,22,17,1,11,10,1,106,107,1,41,142,1,2,10,1,2,25,1,2,17,105,2,17,1,109,208,6,13,4,30,13,23,19,14,41,17,39,107,79,105,245,3,4,6,12,29,0,0,0,9,7,10,1,1,3,22,0,2,73,17,112
3780,41,1,0,13,1,22,17,1,11,10,1,106,107,13,161,73,1,2,10,1,2,25,1,2,17,105,112,17,64,2,246,6,13,4,30,13,23,19,14,41,17,39,107,170,105,245,3,7,11,25,57,0,0,0,9,7,10,1,1,3,22,0,2,130,17,124
3781,35,1,1,13,18,31,22,17,30,28,79,124,28,6,37,24,1,2,10,17,22,26,22,21,21,22,21,21,224,170,66,1,7,11,19,22,5,20,10,16,2,32,14,62,178,230,2,3,5,9,24,11,0,13,21,22,21,10,11,11,0,1,0,7,3,2
3782,58,14,10,3,28,21,1,12,44,63,12,126,26,156,108,117,15,14,11,26,31,24,47,58,3,47,58,3,46,21,74,0,1,7,4,4,10,30,52,55,95,120,4,161,169,201,9,18,32,63,136,6,10,11,10,18,18,21,43,25,37,71,74,139,143,208
3783,14,12,8,7,15,18,12,32,16,32,64,24,73,192,64,118,4,5,1,5,4,15,21,50,62,21,5,12,113,140,155,3,6,2,31,5,4,21,0,23,114,127,71,33,35,174,1,2,3,6,17,2,2,3,1,1,1,4,4,4,10,21,1,207,38,51
3784,6,6,11,2,6,10,24,14,15,36,71,15,36,165,169,64,7,12,13,21,5,29,28,22,37,127,53,37,145,22,180,9,9,9,4,4,10,5,1,37,69,29,47,217,137,37,9,18,31,61,129,3,10,1,25,20,17,53,43,52,70,70,65,92,101,115
3785,24,8,14,3,23,21,4,49,44,26,49,83,64,112,196,86,0,7,3,26,31,24,31,26,43,88,103,67,106,225,65,0,1,7,4,4,10,5,1,37,75,72,76,198,138,163,9,17,27,55,116,6,10,12,24,26,17,50,39,35,102,74,87,175,159,113
3786,30,13,7,6,27,14,6,25,28,58,118,28,118,91,99,249,13,13,6,16,28,9,13,30,6,94,30,84,13,77,137,0,1,7,1,0,22,57,23,14,124,90,76,233,160,253,11,22,40,77,161,9,8,6,5,5,7,3,6,2,59,58,55,183,186,98
3787,3,1,0,1,1,22,17,23,11,12,23,106,82,245,112,177,1,2,10,1,2,25,10,2,17,65,88,117,204,97,113,6,13,4,30,13,23,19,14,41,81,86,124,170,210,185,3,4,6,11,28,0,0,0,9,7,10,1,1,3,55,100,69,35,230,241
3788,12,8,14,6,23,4,8,42,3,52,49,83,96,205,66,99,13,13,6,26,13,24,0,26,53,0,109,53,253,181,206,0,1,7,4,1,10,5,1,37,31,90,76,71,214,231,11,22,40,77,161,6,3,8,10,15,14,43,39,46,40,85,53,159,170,121
3789,30,8,15,9,12,4,8,51,45,33,51,45,33,32,62,228,0,7,3,4,19,16,19,45,47,19,45,86,144,13,250,0,1,7,9,1,10,33,40,60,99,5,120,5,132,232,13,26,49,95,199,6,3,8,18,15,13,13,31,16,25,13,41,203,204,221
3790,6,6,11,2,26,21,0,24,56,26,127,79,26,233,137,227,0,7,3,26,31,24,43,41,27,107,118,124,245,107,51,0,1,7,4,4,10,57,23,14,93,65,88,29,209,179,6,11,16,32,73,3,7,6,31,29,28,61,46,61,112,99,104,194,113,150
3791,34,3,2,4,22,8,10,8,61,4,8,61,103,117,183,81,15,1,11,15,1,20,9,1,50,9,1,50,175,1,115,0,1,7,10,20,6,32,49,54,109,75,48,59,212,116,3,7,11,26,60,8,12,9,11,23,11,12,14,13,4,2,5,14,73,39
3792,5,6,11,2,6,30,24,24,23,8,24,23,8,165,12,161,2,6,15,19,15,18,54,16,15,54,16,15,50,28,14,0,1,7,9,7,10,22,60,53,115,121,15,126,139,190,6,11,17,39,87,3,7,1,25,10,23,44,35,28,65,65,89,111,86,99
3793,50,6,11,2,26,30,0,24,56,26,127,79,26,86,109,27,3,0,4,3,0,4,26,0,4,26,105,90,153,199,219,0,1,7,4,4,10,10,58,4,124,90,76,71,80,19,7,13,21,48,99,7,5,5,16,19,12,43,62,47,53,124,122,246,214,217
3794,37,7,5,8,25,3,2,7,2,2,7,2,123,92,2,101,6,3,2,10,17,21,34,55,31,111,6,101,89,149,131,12,8,1,7,9,14,17,37,1,35,77,110,191,126,233,15,30,60,119,243,1,1,2,0,0,4,17,13,10,14,12,11,98,117,90
3795,16,9,8,12,13,27,20,46,24,60,46,66,11,141,192,189,4,11,1,28,4,1,61,37,1,61,102,1,85,41,156,3,6,2,15,2,28,10,12,50,40,28,1,71,80,19,1,1,1,3,4,2,2,3,12,9,12,8,12,47,53,64,32,189,98,226
3796,43,0,4,15,21,2,18,48,33,56,75,84,81,187,235,231,5,4,12,11,12,12,45,59,52,45,59,52,122,70,226,15,15,15,16,30,13,12,56,52,88,118,73,57,88,106,13,25,48,91,190,5,11,10,8,8,9,9,46,37,79,75,76,70,87,81
3797,22,3,0,1,30,13,15,59,7,38,108,86,84,10,179,164,12,2,10,31,10,30,20,25,26,20,86,98,26,33,22,6,13,4,2,3,1,29,26,5,90,50,21,88,93,71,3,7,9,18,43,0,0,0,14,12,0,18,19,8,15,18,12,9,11,8
3798,41,1,0,13,1,22,17,44,11,12,69,12,10,185,57,177,12,2,10,31,10,17,10,46,49,109,96,49,83,47,45,6,13,4,20,20,25,10,58,4,26,97,36,208,254,68,3,4,6,12,32,0,0,0,17,7,20,25,26,23,95,87,86,200,127,126
3799,52,3,2,4,0,9,16,39,62,9,39,77,113,201,47,150,15,14,11,29,8,27,25,48,39,25,74,113,90,83,214,0,1,7,4,20,10,61,35,39,91,20,63,98,0,103,13,27,51,98,205,8,7,9,30,10,26,47,45,43,38,43,40,68,83,56
3800,36,1,0,1,7,13,5,29,22,48,99,19,48,145,35,130,12,2,10,14,21,17,29,61,35,29,61,35,38,71,42,6,13,4,29,24,27,47,55,15,124,90,76,166,160,253,3,6,8,17,39,0,0,0,22,3,16,27,29,26,30,31,29,6,6,5
3801,23,7,5,8,25,3,2,33,29,21,33,96,55,238,153,169,6,3,2,10,17,21,33,6,60,67,71,123,223,57,5,12,8,1,7,9,14,44,58,63,34,53,94,154,171,92,9,18,29,57,123,1,1,2,0,0,4,17,9,10,98,112,63,110,118,97
3802,55,1,0,1,30,1,15,59,7,38,59,86,84,73,179,185,12,2,10,31,10,30,20,25,26,20,86,98,26,33,22,6,13,4,2,3,1,29,26,5,90,50,21,160,226,253,3,7,9,18,43,0,0,0,14,12,0,18,19,8,15,18,12,9,11,8
3803,38,3,2,4,28,13,1,20,21,63,25,14,79,138,101,249,13,13,6,22,8,22,51,48,24,93,48,118,123,53,44,0,1,7,4,4,10,57,11,14,116,70,104,230,145,8,13,27,54,104,216,6,8,6,5,5,7,38,32,2,64,88,54,180,78,107
3804,52,3,14,3,23,9,1,52,44,1,52,68,1,255,155,1,13,13,6,22,8,22,51,48,39,93,48,118,123,53,154,0,1,7,4,4,10,42,35,43,10,67,43,149,121,217,13,27,52,99,207,9,8,6,5,5,26,55,32,51,72,63,75,47,58,52
3805,54,13,7,9,29,14,14,62,63,15,62,99,119,222,36,70,13,13,6,22,8,22,23,24,28,23,24,28,31,23,24,0,1,7,6,10,9,8,18,20,28,74,32,104,237,78,11,21,38,74,158,9,8,6,27,27,30,39,41,41,33,34,35,10,8,10
3806,27,6,11,2,6,30,24,47,23,20,47,23,20,23,12,153,0,7,3,26,31,24,58,10,27,16,125,103,94,141,129,0,1,7,4,4,10,10,58,4,115,121,76,9,107,254,13,25,47,89,186,6,7,1,30,10,23,44,45,43,108,65,113,169,86,211
3807,49,11,15,5,10,17,3,51,50,14,51,95,85,57,139,21,0,7,3,4,19,16,19,45,47,19,45,47,54,78,107,0,1,7,0,1,15,33,40,60,84,89,105,42,43,115,13,25,46,88,184,4,4,4,2,2,2,5,7,5,25,49,41,67,63,89
3808,37,7,12,8,25,3,7,55,38,6,94,38,6,86,32,92,6,3,2,24,3,28,27,31,60,27,71,60,179,179,176,12,8,1,4,4,10,17,58,1,56,4,61,36,94,43,3,7,11,24,55,1,1,2,15,11,5,58,27,9,123,122,117,211,190,205
3809,2,14,10,4,22,8,10,8,43,62,86,88,4,212,183,81,15,1,11,15,1,20,9,1,50,9,1,50,41,84,229,0,1,7,10,20,6,32,49,54,67,75,113,152,186,80,10,19,34,68,145,8,12,9,11,23,11,12,14,13,4,2,5,231,44,39
3810,53,11,13,5,8,10,30,40,15,35,124,74,78,37,238,127,7,12,13,21,5,29,28,22,37,127,53,37,145,22,180,9,9,9,5,17,3,23,28,17,112,90,22,63,238,237,14,28,55,108,223,4,4,4,20,20,22,11,17,17,1,5,4,241,181,53
3811,36,14,10,4,22,21,10,8,43,62,16,88,93,144,177,8,15,1,11,15,1,20,9,1,50,9,1,50,95,84,30,0,1,7,10,20,6,32,49,54,33,75,113,9,197,253,10,19,34,68,145,8,12,9,11,23,11,12,14,13,4,2,5,28,53,22
3812,24,4,14,3,31,7,4,38,59,23,125,59,70,41,6,240,8,15,14,18,16,13,18,17,16,18,17,16,14,14,13,5,3,6,23,6,20,25,30,7,21,25,53,108,91,142,9,17,27,55,118,14,14,12,28,28,27,31,34,29,13,11,14,1,1,1
3813,38,1,1,13,5,25,9,5,5,18,68,36,94,42,57,51,9,14,5,13,29,27,11,33,32,101,97,74,132,42,224,0,1,7,20,20,25,49,38,56,123,73,70,254,157,199,10,20,37,72,153,8,3,9,17,16,20,45,33,42,45,46,42,140,26,85
3814,52,13,7,6,27,14,6,39,21,58,39,21,58,113,105,220,13,13,6,22,8,22,25,48,39,25,74,39,45,175,83,0,1,7,1,0,22,61,35,39,50,20,45,236,36,200,11,22,40,77,161,9,8,6,5,5,7,3,6,2,38,43,40,94,99,136
3815,39,15,6,11,11,0,28,22,0,30,122,0,30,231,234,33,3,0,4,3,0,4,26,0,4,66,117,90,154,143,216,2,5,5,8,19,16,7,51,49,22,46,44,200,203,67,7,12,18,42,91,7,6,7,7,6,8,0,0,1,26,14,16,44,35,35
3816,43,0,4,15,17,2,18,53,36,40,120,90,40,62,153,171,5,4,12,11,12,12,15,38,14,15,38,14,112,147,12,15,15,15,16,30,13,2,63,22,85,62,62,31,219,152,13,25,48,92,191,5,11,10,8,8,9,9,3,15,12,9,13,29,16,18
3817,59,11,13,5,8,29,30,31,32,35,65,65,35,24,77,75,7,12,13,21,5,29,28,22,37,28,22,87,22,226,26,9,9,9,5,17,3,23,28,17,23,27,77,244,131,99,14,28,55,107,221,4,4,4,20,20,22,11,17,17,1,5,4,4,7,7
3818,9,15,6,11,11,0,28,22,41,30,122,127,100,27,16,224,3,0,4,3,0,4,26,0,4,26,105,90,3,0,139,2,5,5,8,19,16,7,51,49,15,12,44,53,7,187,7,12,18,42,92,7,6,7,7,6,8,0,0,1,32,28,16,39,36,57
3819,39,15,9,11,11,6,23,63,53,50,92,53,71,130,146,93,3,0,4,25,25,23,3,27,29,3,65,29,20,27,34,7,0,10,25,18,8,38,43,34,89,49,119,3,198,165,7,13,19,43,93,7,6,7,19,21,19,6,8,7,5,7,7,12,2,9
3820,9,15,6,11,11,0,28,22,0,57,122,127,100,67,234,224,3,0,4,3,0,4,26,0,4,26,105,90,111,0,139,2,5,5,8,19,16,7,51,49,15,12,44,53,7,187,7,12,18,42,92,7,6,7,7,6,8,0,0,1,32,28,16,39,36,57
3821,57,7,5,8,25,3,2,37,2,21,97,2,21,43,2,169,6,3,2,10,17,21,34,55,31,34,55,95,254,118,58,12,8,1,7,9,14,44,37,44,18,1,16,172,233,183,15,30,59,117,240,1,1,2,0,0,4,17,13,10,14,12,11,20,28,11
3822,4,9,0,12,5,27,20,61,5,34,103,80,82,51,4,191,12,2,10,31,21,17,40,40,49,40,40,65,178,243,55,6,13,4,4,4,10,10,54,9,71,92,49,148,71,247,1,1,1,2,3,0,0,0,22,31,16,51,53,56,71,72,78,72,66,64
3823,54,2,2,3,0,28,16,15,33,9,47,68,69,151,80,156,0,14,3,26,31,24,62,10,3,43,125,103,119,21,199,0,1,7,4,4,10,10,58,4,124,90,76,71,160,253,13,25,48,92,191,1,1,2,17,16,20,62,46,57,99,116,96,237,208,233
3824,58,0,4,15,17,2,18,18,36,59,120,90,59,247,204,149,5,4,12,11,12,12,15,38,14,15,38,14,112,147,12,15,15,15,16,30,13,18,17,22,85,62,62,31,219,152,12,23,42,81,171,5,11,10,8,8,9,9,3,15,12,9,13,29,16,18
3825,38,8,5,9,12,4,8,43,45,33,43,45,33,18,72,216,0,7,3,4,19,16,19,45,47,19,45,86,15,13,250,0,1,7,9,1,10,33,40,60,99,5,120,181,101,113,13,24,43,82,173,6,3,8,18,15,13,13,31,16,25,13,41,79,64,96
3826,29,2,9,3,2,28,31,2,34,54,114,54,89,107,107,106,3,0,4,25,25,23,3,27,29,3,113,102,91,92,75,15,15,15,13,29,31,37,41,42,16,80,116,232,110,186,9,15,25,53,112,7,6,7,19,21,19,6,8,7,36,35,36,13,12,15
3827,18,2,14,3,16,16,25,56,37,41,105,37,121,150,71,3,8,10,7,27,24,6,56,18,27,56,123,127,215,214,145,15,15,15,4,4,10,5,1,37,75,72,76,71,160,37,9,18,28,56,119,10,5,5,16,19,24,19,21,18,18,74,87,143,148,113
3828,47,6,11,2,26,16,0,24,23,8,96,79,8,55,116,120,8,10,7,27,24,6,24,18,33,24,18,33,2,166,25,15,15,15,3,4,26,10,58,4,124,90,90,71,21,253,9,16,26,54,115,10,5,5,16,19,24,19,21,18,18,17,18,158,165,120
3829,15,12,8,7,15,18,29,46,42,60,46,104,67,11,88,176,4,5,1,5,4,31,38,62,55,38,104,55,78,186,102,3,6,2,31,5,4,48,21,6,52,110,99,48,48,18,1,2,2,5,12,2,2,3,1,1,1,14,24,22,86,10,99,127,123,95
3830,6,10,5,8,4,26,7,57,13,44,57,13,44,234,223,123,6,3,2,30,3,2,4,52,9,92,52,68,63,17,220,12,8,1,18,27,18,31,4,58,5,24,56,182,16,84,16,32,63,124,251,1,1,2,0,0,5,24,22,21,17,27,15,15,19,88
3831,51,12,8,7,15,18,12,27,16,32,64,24,32,76,154,48,4,5,1,5,4,31,38,5,12,113,62,112,201,116,211,3,6,2,31,5,4,21,0,23,55,127,5,33,155,3,1,2,3,6,17,2,2,3,1,1,1,4,4,4,88,94,1,165,144,184
3832,32,6,11,2,20,12,11,19,17,22,19,17,22,126,205,85,2,6,15,2,15,18,2,44,46,2,44,46,100,4,27,13,14,13,11,21,21,40,33,31,60,117,30,65,32,25,6,10,15,31,72,3,7,1,13,14,15,16,16,12,9,8,9,2,4,12
3833,11,1,1,13,5,25,9,45,19,37,126,1,76,96,28,35,12,2,10,14,30,5,63,13,38,119,90,38,53,216,225,6,13,4,2,3,1,3,22,9,111,54,76,206,204,17,3,6,8,17,40,0,0,0,4,3,0,7,40,0,27,47,23,37,54,25
3834,38,8,15,6,28,9,1,52,44,1,52,68,1,255,155,244,13,13,6,22,8,22,25,48,39,93,48,118,123,53,154,0,1,7,4,4,10,42,35,43,10,67,43,149,121,217,13,27,52,99,207,9,8,6,5,5,26,55,32,51,72,63,75,47,58,52
3835,58,6,11,2,26,30,14,10,14,0,89,79,97,30,103,113,2,6,15,2,15,18,2,44,46,2,44,109,44,60,148,0,1,7,4,4,10,10,58,24,124,90,76,71,160,253,6,11,16,35,80,3,7,1,13,14,15,23,23,20,91,57,48,50,52,251
3836,12,13,7,6,27,14,6,25,60,58,74,123,118,164,105,40,13,13,6,16,28,9,13,30,6,94,30,84,13,117,137,0,1,7,1,0,22,57,11,14,59,33,123,173,166,225,11,22,40,76,160,9,8,6,5,5,7,3,6,2,63,37,45,121,21,55
3837,17,11,15,5,10,17,3,40,31,14,82,31,14,7,26,49,7,12,13,7,23,7,55,3,61,81,115,126,202,195,184,9,9,9,0,31,15,15,50,19,82,71,118,95,52,166,14,29,57,112,229,4,4,4,2,2,2,49,48,5,11,55,28,97,103,73
3838,63,8,2,9,12,4,8,47,3,25,47,45,33,170,221,96,15,14,11,0,20,3,39,9,53,39,80,116,195,253,93,0,1,7,9,1,10,63,61,35,104,0,65,164,214,146,13,24,44,84,177,6,3,8,10,15,14,41,33,46,57,48,61,77,59,43
3839,37,7,5,8,25,3,2,37,2,21,97,111,110,90,224,89,6,3,2,10,17,21,34,55,31,34,55,95,162,118,164,12,8,1,7,9,14,10,58,4,124,90,76,9,107,253,16,32,64,126,254,1,1,2,0,0,4,17,13,10,14,12,113,169,153,153
3840,54,13,7,9,29,14,14,62,63,15,62,63,119,102,90,138,13,13,6,22,8,22,23,24,28,23,24,28,31,23,24,0,1,7,6,10,9,8,18,20,113,37,80,176,123,184,11,21,38,74,156,9,8,6,27,27,30,39,41,41,33,34,35,10,8,10
3841,30,11,13,5,8,29,3,4,32,3,78,114,3,189,135,195,7,12,13,21,23,29,5,53,20,64,114,20,57,38,237,9,9,9,0,31,15,58,16,62,48,30,68,127,63,226,14,29,56,111,228,4,4,4,2,2,2,29,30,30,3,16,21,36,14,13
3842,63,0,4,15,0,2,16,47,3,25,83,68,81,255,222,11,5,4,12,11,12,12,45,59,52,45,59,52,122,70,226,0,1,7,4,1,10,30,52,55,57,112,102,19,232,168,13,25,48,92,191,6,3,8,10,13,14,21,20,25,60,59,62,74,85,74
3843,63,8,14,4,23,21,4,33,44,55,33,83,55,53,153,11,15,14,11,26,20,24,62,43,43,31,26,43,239,114,23,0,1,7,4,4,10,5,1,37,61,88,74,142,246,231,13,27,53,102,214,6,10,12,24,26,31,43,55,55,103,60,58,71,46,47
3844,7,8,15,9,0,17,16,52,25,7,83,73,122,242,227,83,0,7,3,26,13,24,37,57,25,37,57,69,35,32,125,0,1,7,9,1,10,27,46,51,36,99,54,218,161,216,13,25,45,86,180,4,4,8,27,2,13,54,37,34,46,44,46,46,142,116
3845,9,15,6,11,11,5,28,22,9,30,73,9,29,206,228,224,3,0,4,3,0,4,26,0,4,26,105,90,3,0,139,2,5,5,8,19,16,7,51,49,15,12,44,53,7,187,3,7,10,21,49,7,6,7,7,6,8,0,0,1,32,28,16,136,49,23
3846,26,8,2,4,23,21,1,16,44,46,16,3,25,199,20,11,15,14,11,26,31,24,47,58,3,43,125,3,119,154,199,0,1,7,4,4,10,10,58,4,57,90,76,19,197,253,9,18,30,60,128,6,3,8,10,13,14,46,20,25,124,59,62,197,198,170
3847,6,0,4,15,26,30,0,5,56,40,5,36,94,5,63,78,15,14,11,29,29,27,30,32,18,69,32,110,213,120,99,0,1,7,20,20,25,49,38,56,123,73,70,171,235,110,10,20,37,72,154,8,3,9,17,16,20,45,33,42,45,46,42,57,26,82
3848,31,0,4,15,17,2,18,53,36,59,53,90,104,71,142,180,5,4,12,11,12,12,15,38,14,15,38,14,218,19,231,15,15,15,16,30,13,18,17,22,32,62,60,162,108,206,12,23,42,80,169,5,11,10,8,8,9,9,3,15,12,9,13,34,55,18
3849,26,6,11,2,6,16,0,56,56,0,105,70,20,124,89,120,2,6,15,19,15,18,59,63,15,116,16,64,126,72,181,15,15,15,9,4,10,55,15,24,124,40,76,10,167,175,9,18,32,65,138,3,7,1,16,19,24,19,21,18,52,125,48,158,165,120
3850,16,2,14,3,6,21,0,36,33,16,105,70,16,237,187,32,14,6,0,23,6,0,52,4,0,52,4,0,70,172,0,0,1,7,4,4,10,10,58,4,124,90,76,10,167,175,9,18,32,63,133,3,9,1,16,19,3,2,5,6,125,125,74,158,165,120
3851,41,1,0,13,1,22,17,1,11,10,69,112,10,109,112,177,1,2,10,1,2,25,10,2,17,65,112,117,176,232,246,6,13,4,30,13,23,19,14,41,124,90,76,229,11,111,3,4,6,12,32,0,0,0,9,7,10,1,1,3,44,87,2,35,180,101
3852,54,13,7,9,29,30,14,62,63,15,62,99,106,72,69,76,13,13,6,22,8,22,23,24,28,23,24,28,180,163,24,0,1,7,9,4,10,33,40,60,49,3,96,51,118,50,11,21,38,74,157,9,8,6,25,10,23,46,47,48,39,42,51,195,187,156
3853,0,3,0,1,30,1,15,59,7,38,59,86,84,73,179,129,12,2,10,31,10,30,20,25,26,20,86,98,26,33,22,6,13,4,2,3,1,29,26,5,90,50,21,120,58,71,3,7,9,18,43,0,0,0,14,12,0,18,19,8,15,18,12,9,11,8
3854,24,4,14,7,31,7,4,38,59,23,116,120,70,128,127,240,8,15,14,18,16,13,18,17,16,18,17,16,14,14,13,5,3,6,23,6,20,25,30,7,21,106,52,78,95,105,1,2,4,7,19,14,14,12,28,28,27,31,34,29,13,11,14,1,1,1
3855,59,11,15,5,10,17,3,4,50,14,110,69,98,152,60,241,7,12,13,7,23,7,55,3,61,5,115,88,7,164,8,9,9,9,0,31,15,15,50,19,0,103,29,203,160,137,14,29,57,113,231,4,4,4,2,2,2,5,7,5,11,19,28,46,79,94
3856,31,0,4,15,21,2,18,53,36,59,53,90,104,247,156,5,5,4,12,11,12,12,15,38,14,100,127,121,11,162,174,15,15,15,16,30,13,18,17,22,32,62,60,162,108,206,12,23,42,80,169,5,11,10,8,8,9,9,3,37,21,26,13,11,55,18
3857,14,12,8,7,15,18,12,32,16,32,64,24,32,166,87,134,4,5,1,5,4,31,38,5,12,113,75,112,4,116,60,3,6,2,31,5,4,21,0,23,55,127,76,15,160,40,1,2,3,6,17,2,2,3,1,1,1,4,4,4,16,52,19,108,126,147
3858,41,1,0,13,1,22,17,1,11,10,1,112,107,218,44,61,1,2,10,1,2,25,1,2,17,105,2,17,134,2,59,6,13,4,30,13,23,19,14,41,1,102,95,195,210,209,3,4,6,12,29,0,0,0,9,7,10,1,1,3,44,0,2,62,17,41
3859,40,2,4,15,21,28,31,48,8,56,48,84,56,249,96,80,5,4,12,11,12,12,46,60,48,46,60,48,65,66,48,15,15,15,16,30,13,50,39,27,25,107,86,123,87,65,12,23,41,78,164,5,11,10,8,8,9,37,3,37,21,26,33,11,41,16
3860,59,11,13,5,8,29,30,31,32,35,31,65,35,24,77,75,7,12,13,21,5,29,28,22,37,28,22,87,22,226,26,9,9,9,5,17,3,23,28,17,23,27,77,244,131,99,14,28,55,107,221,4,4,4,20,20,22,11,17,17,1,5,4,4,7,7
3861,33,5,3,10,19,19,13,41,27,45,41,57,45,182,248,25,14,6,0,23,6,0,12,49,0,12,73,0,235,172,69,10,10,3,12,15,11,14,2,4,8,38,0,125,147,167,4,8,13,29,67,3,9,1,3,4,3,2,5,6,7,4,6,59,27,32
3862,27,10,12,8,4,26,21,35,40,31,35,40,31,150,249,3,6,3,2,24,27,28,27,31,2,95,31,72,51,73,173,8,2,12,24,16,17,41,59,12,75,68,75,247,54,107,9,18,28,56,119,1,1,2,15,11,5,35,25,33,28,22,24,5,10,3
3863,39,15,9,11,11,6,23,63,53,50,92,64,50,130,58,162,3,0,4,25,25,23,3,27,29,3,65,29,20,27,34,7,0,10,25,18,8,38,43,34,89,49,119,82,153,203,7,13,19,43,93,7,6,7,19,21,19,6,8,7,5,7,7,12,2,9
3864,61,5,3,10,19,19,13,41,57,45,26,57,47,50,248,25,14,6,0,23,6,0,12,49,0,12,73,0,255,192,218,10,10,3,12,15,11,14,2,4,126,79,114,97,150,98,4,8,13,29,65,3,9,1,3,4,3,2,5,6,66,69,66,187,68,191
3865,59,11,13,5,8,29,3,4,32,3,78,95,98,152,238,184,7,12,13,7,23,7,5,53,20,5,115,88,177,113,53,9,9,9,0,31,15,58,16,62,48,30,29,203,142,94,14,29,57,113,231,4,4,4,2,2,2,5,30,5,3,19,28,36,14,60
3866,13,8,2,4,28,9,1,12,3,25,113,103,120,162,149,96,15,14,11,0,20,3,0,9,53,96,109,53,166,43,203,0,1,7,4,1,10,30,52,55,124,90,76,177,221,56,13,24,44,84,177,6,3,8,10,13,14,40,20,46,60,59,62,203,206,225
3867,35,1,1,13,18,31,22,17,30,28,79,124,28,6,209,24,1,2,10,17,22,26,22,21,21,22,21,21,224,170,66,1,7,11,19,22,5,20,10,16,2,32,14,64,3,6,2,3,5,9,24,11,0,13,21,22,21,10,11,11,0,1,0,7,3,2
3868,34,9,8,12,13,27,29,46,42,60,46,104,67,93,55,176,4,5,1,5,4,31,38,62,55,38,104,55,78,186,102,3,6,2,15,2,28,48,21,6,52,110,99,48,48,18,1,2,2,5,12,2,2,3,1,1,1,14,24,22,86,10,99,127,123,95
3869,3,1,0,13,5,1,15,44,19,12,44,12,10,216,240,82,1,2,10,14,30,5,10,13,38,10,13,106,42,242,79,6,13,4,2,3,1,10,58,4,108,66,111,16,160,196,3,4,6,12,32,0,0,0,17,7,20,25,26,23,50,87,70,200,209,83
3870,15,1,1,13,5,25,9,45,19,18,112,19,112,115,35,130,12,2,10,14,30,5,63,13,38,63,90,78,250,185,110,6,13,4,2,3,1,3,22,9,11,13,18,121,62,112,3,6,8,15,36,0,0,0,4,3,0,20,2,0,83,81,64,90,112,235
3871,26,5,3,10,19,19,13,36,57,45,36,57,47,50,11,246,14,6,0,23,6,0,12,49,0,12,73,104,16,18,252,10,10,3,12,15,11,14,2,4,103,81,82,7,251,38,4,8,13,29,66,3,9,1,3,4,3,2,5,6,7,4,6,51,56,54
3872,40,0,4,15,21,2,18,48,8,56,48,84,56,14,156,68,5,4,12,11,12,12,46,60,48,46,60,48,65,66,48,15,15,15,16,30,13,50,39,27,25,107,86,145,72,242,12,23,41,79,165,5,11,10,8,8,9,37,3,37,21,26,33,11,41,16
3873,4,1,0,13,5,20,9,44,1,12,126,12,39,17,240,232,9,11,5,13,26,14,42,11,23,126,11,23,39,30,112,0,1,7,20,20,25,46,45,40,26,97,36,35,39,250,10,20,35,69,147,8,3,9,17,16,20,25,26,23,50,40,27,27,34,34
3874,58,2,9,3,2,28,26,6,54,49,6,89,101,228,141,15,8,10,7,6,7,10,7,34,7,68,87,7,34,7,85,15,15,15,4,29,31,36,1,0,97,15,103,50,242,95,3,4,6,10,25,5,5,5,6,24,6,30,18,24,24,30,20,24,24,21
3875,48,15,6,11,11,5,28,22,9,30,93,9,115,121,218,147,3,0,4,3,0,4,26,0,4,66,117,4,154,143,143,2,5,5,8,19,16,7,51,49,6,78,9,190,175,0,7,12,18,40,89,7,6,7,7,6,8,0,0,1,82,45,57,58,57,71
3876,60,13,7,14,3,15,27,3,35,17,3,35,17,129,220,12,11,8,9,9,9,8,8,7,11,8,7,11,8,8,243,4,4,8,21,11,0,39,32,10,20,18,50,17,5,33,5,9,14,30,69,13,13,14,26,25,25,23,23,20,6,6,8,0,0,0
3877,40,0,4,9,21,2,18,48,8,7,37,73,9,242,49,31,0,7,3,26,13,24,37,57,25,37,57,69,35,32,125,0,1,7,9,7,10,27,46,51,36,99,54,102,172,156,13,25,45,86,181,10,3,8,27,27,13,54,37,34,46,44,46,23,25,40
3878,0,1,1,1,5,1,15,45,5,18,112,5,77,96,24,221,12,2,10,14,30,5,63,13,5,117,101,5,9,87,140,6,13,4,2,3,1,3,22,9,11,95,18,249,68,17,3,6,8,15,36,0,0,0,4,3,0,20,2,0,35,36,43,19,51,104
3879,55,1,1,13,5,1,9,45,1,34,126,5,77,120,28,51,12,2,10,14,30,5,63,13,38,63,90,38,141,58,4,6,13,4,2,3,1,3,22,9,27,13,58,121,62,112,3,7,9,20,47,0,0,0,4,3,0,7,2,0,96,89,88,162,112,86
3880,23,7,5,8,25,3,2,7,2,2,7,111,123,92,2,101,6,3,2,10,17,21,34,55,31,111,6,101,199,149,131,12,8,1,7,9,14,17,37,1,35,77,110,180,70,126,15,30,60,119,243,1,1,2,0,0,4,22,13,10,54,56,63,82,117,90
3881,62,10,5,8,4,26,7,9,38,27,7,38,27,254,118,122,6,3,2,24,3,28,27,31,40,102,107,40,169,127,142,8,2,12,22,8,29,24,20,46,70,98,40,27,46,15,16,32,64,127,255,1,1,2,15,11,5,26,27,27,58,23,84,75,62,48
3882,36,13,7,6,30,13,15,25,21,38,85,123,63,164,48,4,12,2,10,31,10,30,20,25,26,20,86,98,26,133,241,0,1,7,2,3,1,10,58,4,124,90,76,88,226,176,3,7,9,19,45,9,8,6,14,5,7,18,19,8,61,121,12,222,146,192
3883,37,7,5,8,25,3,2,7,2,2,109,100,2,92,120,79,6,3,2,10,17,21,33,39,34,33,39,34,108,6,141,12,8,1,7,9,14,35,31,2,117,101,108,43,106,69,15,30,60,118,241,1,1,2,0,0,4,22,9,9,43,39,38,42,22,45
3884,16,6,11,2,20,12,11,19,17,22,19,116,117,82,94,201,2,6,15,2,15,18,2,44,46,2,44,46,192,173,27,13,14,13,11,21,21,40,58,4,60,117,30,65,72,171,6,10,15,31,71,3,7,1,13,14,15,16,16,12,9,8,9,2,4,30
3885,3,1,0,13,5,25,15,44,60,12,44,98,38,148,190,172,12,2,10,31,10,17,10,46,49,10,13,106,186,217,177,6,13,4,2,3,1,57,11,14,3,7,67,168,122,240,13,27,52,100,208,0,0,0,4,12,0,38,61,54,81,111,73,78,96,172
3886,49,11,13,5,8,29,30,31,32,35,65,65,35,24,77,57,7,12,13,21,5,29,28,22,37,28,22,87,22,226,26,9,9,9,5,17,3,23,28,17,23,27,22,30,13,1,14,28,55,107,222,4,4,4,20,20,22,11,17,17,1,5,4,4,7,7
3887,35,1,1,13,18,31,22,17,47,28,79,124,28,6,37,24,1,2,10,17,22,26,22,21,21,22,21,21,224,170,66,1,7,11,19,22,5,20,10,16,2,32,14,64,3,6,2,3,5,9,24,11,0,13,21,22,21,10,11,11,0,1,0,7,3,2
3888,23,7,5,3,25,3,2,55,29,21,55,71,123,47,246,187,6,3,2,10,17,21,33,39,60,79,72,75,251,63,94,12,8,1,7,9,14,59,44,63,106,36,78,69,69,64,15,30,58,116,236,1,1,2,0,0,4,50,9,9,62,62,31,55,61,58
3889,5,7,5,9,25,3,2,37,2,7,37,73,9,179,75,31,0,7,3,26,13,24,37,57,25,37,57,69,35,32,125,0,1,7,9,1,10,27,46,51,36,99,54,102,172,156,15,30,59,117,239,10,3,8,27,27,13,54,37,34,46,44,46,23,25,40
3890,37,7,5,8,25,3,2,55,29,2,55,100,110,246,182,88,6,3,2,10,17,21,33,39,34,33,39,34,252,135,141,12,8,1,7,9,14,59,44,47,106,36,78,55,77,253,9,18,30,60,128,1,1,2,0,0,4,22,9,9,54,56,38,55,61,58
3891,61,5,3,10,19,19,13,41,27,45,41,27,45,182,248,25,14,6,0,23,6,0,12,49,0,12,73,0,235,172,69,10,10,3,12,15,11,14,2,4,8,38,0,125,147,167,4,8,13,29,67,3,9,1,3,4,3,2,5,6,7,4,6,59,27,32
3892,8,12,8,7,15,18,29,44,42,5,101,42,96,13,154,69,4,5,1,5,4,31,38,62,55,38,23,112,201,223,211,3,6,2,31,5,4,10,58,4,124,90,76,153,220,3,3,7,11,26,58,2,2,3,1,1,1,18,51,50,88,94,108,165,163,184
3893,9,15,6,11,11,5,28,22,9,30,84,75,100,39,231,147,3,0,4,3,0,4,26,0,4,106,0,90,3,0,216,2,5,5,8,19,16,7,51,49,15,111,9,54,7,55,7,12,18,42,92,7,6,7,7,6,8,0,0,1,82,45,26,196,49,181
3894,58,2,9,3,2,28,26,6,54,49,6,89,101,228,19,15,8,10,7,6,7,10,7,34,7,68,87,7,34,7,85,15,15,15,4,29,31,36,1,0,97,15,103,50,242,95,9,15,23,50,106,5,5,5,6,24,6,30,18,24,24,30,20,24,24,21
3895,46,9,8,7,15,20,29,46,42,51,46,42,67,166,210,97,1,2,10,1,2,25,1,2,17,1,2,79,159,156,136,3,6,2,31,5,4,10,58,4,124,19,122,71,249,208,1,2,2,4,9,2,2,3,9,7,10,14,1,3,104,95,105,154,91,131
3896,47,2,11,2,16,16,25,56,37,41,56,94,54,60,61,208,8,10,7,27,24,6,24,18,33,24,18,33,2,166,25,15,15,15,3,26,26,11,5,57,12,55,3,10,167,175,9,18,32,65,138,10,5,5,16,19,24,19,21,18,18,17,18,158,165,120
3897,1,11,15,5,10,17,16,40,10,36,40,126,124,136,225,234,0,7,3,7,11,7,35,42,8,55,89,94,184,67,97,0,1,7,4,4,10,5,1,37,112,22,121,225,229,20,14,28,55,109,225,4,4,4,20,20,22,49,48,44,120,55,90,102,105,53
3898,28,9,8,12,13,27,12,30,20,53,30,85,53,34,95,111,4,5,1,5,4,31,6,23,36,6,82,36,29,5,32,3,6,2,15,2,28,1,25,29,37,42,98,14,195,16,1,2,4,8,22,2,2,3,12,9,12,8,28,14,8,20,22,191,50,14
3899,33,5,3,10,19,19,13,36,57,45,36,57,45,182,248,25,14,6,0,23,6,0,12,49,0,12,73,0,235,172,69,10,10,3,12,15,11,14,2,4,8,38,0,0,120,34,9,18,32,65,138,3,9,1,3,4,3,2,5,6,7,4,6,89,67,32
3900,53,11,13,5,8,10,30,49,10,35,98,65,124,223,43,144,0,7,3,7,11,7,35,42,8,55,89,94,184,67,97,9,9,9,4,4,10,5,1,37,112,22,121,225,89,20,14,28,55,109,225,4,4,4,20,20,22,11,48,17,120,55,90,102,105,53
3901,42,2,9,3,2,28,26,6,54,49,6,89,101,228,79,135,8,10,7,6,7,10,7,34,7,97,34,7,237,138,130,15,15,15,4,29,31,36,1,0,97,15,103,221,103,254,9,15,23,50,104,5,5,5,6,24,6,30,18,24,24,30,20,145,24,21
3902,6,5,3,10,19,19,13,41,27,47,58,27,47,50,18,10,14,6,0,23,6,0,12,49,0,52,4,0,68,131,218,10,10,3,9,4,10,10,58,4,124,90,38,25,21,130,4,8,13,28,64,3,9,1,3,4,3,42,42,40,31,29,34,201,185,157
3903,10,1,1,13,7,25,5,29,22,48,29,22,48,69,151,247,12,2,10,14,21,17,29,61,35,29,61,35,38,37,42,6,13,4,29,24,27,47,55,15,14,58,115,140,61,26,3,5,7,13,33,0,0,0,22,3,16,27,29,26,30,31,29,6,6,5
3904,51,12,8,7,15,18,12,32,16,32,64,24,73,181,131,109,4,5,1,5,4,15,21,5,12,113,62,12,113,204,60,3,6,2,31,5,4,21,0,23,124,127,5,255,160,253,1,2,3,6,17,2,2,3,1,1,1,4,4,4,10,25,1,96,20,75
3905,27,14,14,4,28,21,1,12,44,63,12,126,86,122,114,11,15,14,11,0,20,3,41,9,45,41,99,80,99,176,111,0,1,7,4,4,10,30,52,55,95,120,4,161,169,244,13,27,53,102,213,6,3,8,10,13,14,21,20,25,37,50,49,105,39,66
3906,63,8,14,3,23,21,26,42,44,55,12,126,116,4,108,74,15,14,11,29,31,27,47,58,59,47,58,3,46,21,90,0,1,7,4,4,10,5,1,37,124,90,8,71,160,253,9,18,32,63,136,6,10,11,24,18,18,56,50,25,68,71,67,139,143,208
3907,3,3,7,1,30,13,6,23,60,38,74,60,118,148,150,238,13,13,6,22,28,9,51,30,24,51,78,24,189,40,116,0,1,7,1,0,22,57,11,14,83,109,67,204,11,255,13,27,52,100,208,9,8,6,5,5,7,38,32,54,85,41,73,78,80,78
3908,7,8,12,9,12,4,8,16,45,46,16,45,46,45,124,198,0,7,3,26,31,24,58,10,27,76,98,27,203,104,109,0,1,7,9,1,10,33,40,60,74,91,15,119,50,133,13,25,46,87,183,6,15,8,25,10,23,46,47,48,39,42,97,113,122,129
3909,60,13,7,14,3,15,27,3,35,17,3,35,17,129,220,12,11,8,9,9,9,8,8,7,11,8,7,11,8,8,243,4,4,8,21,11,0,39,32,10,20,18,50,17,5,33,5,9,14,30,69,13,13,14,26,25,25,23,23,20,6,6,8,0,0,0
3910,15,12,8,7,15,18,12,32,16,32,32,16,32,192,40,65,4,5,1,5,4,15,21,50,62,21,5,62,62,51,238,3,6,2,31,5,4,21,25,29,114,127,71,189,35,104,1,2,4,7,18,2,2,3,1,1,1,4,4,4,10,21,10,56,38,51
3911,33,5,3,10,19,19,13,41,27,45,41,27,47,50,250,10,14,6,0,23,6,0,12,49,0,80,49,54,142,192,218,10,10,3,12,15,11,14,2,4,126,79,114,12,109,119,4,8,13,29,65,3,9,1,3,4,3,2,5,6,66,69,66,91,68,59
3912,5,6,11,2,26,30,24,24,23,20,96,107,9,52,255,103,2,6,15,19,15,18,59,63,15,59,63,119,115,64,68,0,1,7,9,7,10,22,60,53,102,115,25,71,21,253,6,11,17,37,83,10,7,1,25,10,23,28,35,28,51,51,44,53,76,185
3913,52,3,7,9,0,9,16,52,21,1,39,68,1,113,155,244,13,13,6,22,8,22,51,48,24,93,48,118,123,53,247,0,1,7,4,4,10,42,35,43,10,67,43,149,121,217,13,27,52,99,207,9,8,6,5,5,26,55,32,51,72,63,75,47,58,52
3914,28,12,8,7,13,18,12,30,20,61,30,20,61,34,164,47,4,5,1,5,4,15,21,50,62,103,50,62,210,96,213,3,6,2,15,2,28,1,25,29,118,93,98,14,83,16,1,2,4,8,22,2,2,3,1,9,12,33,28,38,8,20,10,118,50,24
3915,10,1,1,13,5,25,9,45,1,37,126,1,112,120,1,221,12,2,10,14,30,5,63,13,38,119,90,38,53,216,186,6,13,4,2,3,1,3,22,9,27,13,58,206,204,17,3,6,8,17,42,0,0,0,4,3,0,7,2,0,27,92,23,142,210,210
3916,31,0,4,15,21,2,18,48,8,56,48,84,56,14,156,68,5,4,12,11,12,12,46,60,48,46,60,48,65,66,48,15,15,15,16,30,13,50,39,27,25,107,86,145,72,242,12,23,41,79,165,5,11,10,8,8,9,37,3,37,21,26,33,11,41,16
3917,0,1,1,13,5,1,9,45,5,18,112,5,77,229,24,126,12,2,10,14,30,5,63,13,5,117,101,5,9,87,140,6,13,4,2,3,1,3,22,9,87,95,117,11,68,164,3,6,8,15,36,0,0,0,4,3,0,20,2,0,35,36,43,19,33,50
3918,36,8,2,4,28,9,1,12,3,1,25,68,1,207,155,209,13,13,6,22,8,22,25,48,39,93,48,118,123,53,154,0,1,7,4,1,10,42,35,43,10,67,43,149,121,217,13,27,52,99,207,6,3,8,10,13,26,55,32,51,72,63,75,47,58,52
3919,31,0,4,15,17,2,18,53,36,59,53,90,104,71,142,180,5,4,12,11,12,12,15,38,14,15,38,14,218,19,231,15,15,15,16,30,13,18,17,22,32,62,60,162,108,206,12,23,42,80,169,5,11,10,8,8,9,9,3,15,12,9,13,34,16,18
3920,19,14,10,0,14,23,19,34,18,19,102,18,19,9,38,178,10,9,8,12,14,11,14,15,10,14,64,10,18,16,120,11,12,0,26,25,2,52,13,30,4,9,12,209,206,207,8,14,22,49,103,12,10,11,23,18,18,15,15,19,2,3,3,8,13,6
3921,24,4,14,3,31,7,4,38,59,23,38,59,64,176,6,157,8,15,14,18,16,13,18,17,16,18,17,16,200,14,13,5,3,6,23,6,20,25,30,7,31,25,53,71,82,32,9,18,30,60,128,14,14,12,28,28,27,31,34,29,13,11,14,1,1,1
3922,60,13,7,14,3,15,27,3,35,17,3,35,17,15,252,12,11,8,9,9,9,8,8,7,11,8,7,11,8,8,7,4,4,8,21,11,0,39,32,10,20,18,50,45,151,195,6,11,16,35,80,13,13,14,26,25,25,23,23,20,6,6,8,0,0,0
3923,13,8,2,4,28,9,1,12,3,52,76,126,86,98,126,170,15,14,11,0,20,3,41,9,45,89,9,83,131,238,29,0,1,7,4,1,10,30,52,55,39,124,46,137,160,56,13,27,54,106,220,6,3,8,10,13,14,57,37,34,78,88,47,116,100,107
3924,36,3,0,1,30,13,15,23,7,38,108,7,84,73,211,129,12,2,10,31,10,30,20,25,26,20,86,98,26,213,241,0,1,7,2,3,1,29,58,5,27,13,58,234,4,12,3,7,11,24,54,0,0,0,14,12,0,18,32,8,64,108,54,242,157,104
3925,61,5,3,10,19,19,13,41,27,47,41,27,47,50,250,25,14,6,0,23,6,0,12,49,0,12,73,0,142,192,218,10,10,3,12,15,11,14,2,4,126,79,114,12,109,119,4,8,13,29,65,3,9,1,3,4,3,2,5,6,66,29,66,91,68,59
3926,14,10,12,8,4,26,21,35,58,31,35,58,31,104,143,207,6,3,2,24,27,28,27,31,2,95,31,72,51,73,173,8,2,12,24,16,17,41,59,12,79,4,94,214,218,181,16,32,62,123,249,1,1,2,15,11,5,35,25,33,28,22,24,5,10,3
3927,41,2,0,3,1,22,17,1,11,10,69,92,95,197,44,61,1,2,10,1,2,25,1,2,17,105,2,17,209,229,59,6,13,4,30,13,23,19,14,41,1,102,95,75,200,214,3,4,6,10,26,0,0,0,9,7,10,1,1,3,44,0,2,62,17,41
3928,1,6,11,9,26,30,14,16,56,46,16,108,106,72,150,76,0,7,3,26,31,24,58,10,27,76,116,27,66,233,77,0,1,7,9,7,10,33,40,60,49,3,96,144,23,42,6,11,17,38,85,6,7,1,25,10,23,46,47,48,39,42,51,117,110,156
3929,2,8,10,4,22,21,10,8,43,62,8,44,93,212,183,8,15,1,11,15,1,20,9,1,50,9,1,50,95,84,30,0,1,7,10,20,6,32,49,54,33,75,113,152,197,77,10,19,33,66,142,8,12,9,11,23,11,12,14,13,4,2,5,28,53,39
3930,15,9,8,12,13,27,12,27,24,53,64,85,53,141,131,30,4,5,1,5,4,31,6,5,12,113,62,112,201,116,211,3,6,2,31,5,4,21,0,23,125,60,26,73,53,121,1,2,3,6,17,2,2,3,12,1,1,8,12,14,110,25,83,152,155,139
3931,48,15,6,11,11,5,28,13,9,30,93,81,115,121,218,147,3,0,4,3,0,4,26,0,4,66,117,4,230,143,143,2,5,5,8,19,16,7,51,49,6,78,9,190,175,0,7,12,18,40,89,7,6,7,7,6,8,0,0,1,82,45,57,58,57,71
3932,9,15,6,11,11,0,28,22,0,30,122,0,30,67,56,193,3,0,4,3,0,4,26,0,4,26,105,90,111,0,139,2,5,5,8,19,16,7,51,49,22,12,44,53,7,187,7,12,18,42,91,7,6,7,7,6,8,0,0,1,32,28,16,39,36,35
3933,40,2,14,3,2,21,31,2,6,54,115,33,116,97,102,41,8,10,7,6,7,10,36,35,63,114,119,63,87,54,87,15,15,15,13,7,24,60,9,36,78,10,6,77,73,44,9,15,24,51,107,5,5,5,6,17,6,36,10,39,29,32,30,17,48,70
3934,40,2,14,3,2,28,31,2,6,54,115,6,66,140,102,41,8,10,7,6,7,10,60,51,63,83,51,19,139,182,101,15,15,15,13,7,24,60,9,36,58,85,57,87,182,83,9,15,24,51,107,5,5,5,6,17,6,36,10,39,29,32,30,17,82,38
3935,37,14,14,3,23,21,4,49,44,55,8,34,64,4,50,74,15,14,11,29,31,27,47,58,59,78,100,59,148,228,128,0,1,7,4,4,10,5,1,37,121,100,8,71,82,231,3,7,11,24,54,6,10,12,24,26,17,56,50,45,68,67,67,80,70,173
3936,30,11,13,5,8,10,3,4,15,3,78,15,127,235,253,116,7,12,13,21,5,29,5,53,20,64,114,20,57,38,237,9,9,9,0,31,15,58,16,62,65,64,91,167,78,23,14,29,56,111,227,4,4,4,2,2,2,29,30,30,3,16,21,40,69,13
3937,1,6,11,5,6,10,24,24,56,26,127,74,9,53,29,182,7,12,13,7,11,7,35,42,8,55,89,94,184,67,97,0,1,7,4,4,10,5,1,37,124,90,76,71,82,253,9,18,28,56,119,4,4,4,25,26,23,43,39,28,121,85,124,250,168,246
3938,57,7,5,8,25,3,2,55,29,21,55,29,123,77,207,237,6,3,2,10,17,21,33,39,60,79,72,75,251,63,94,12,8,1,7,9,14,59,44,63,106,36,78,196,77,45,15,30,58,116,238,1,1,2,0,0,4,22,9,9,54,56,31,60,42,46
3939,11,1,1,13,5,25,9,45,1,37,126,1,91,48,152,226,12,2,10,14,30,5,63,13,38,119,90,38,231,216,225,6,13,4,2,3,1,34,57,45,42,54,28,81,152,35,3,6,8,16,38,0,0,0,4,3,0,7,40,0,27,47,23,37,54,25
3940,43,10,12,7,24,27,7,28,39,13,111,39,72,94,233,204,4,11,1,20,18,19,17,14,22,17,14,22,25,152,163,14,11,14,14,12,7,6,3,25,46,11,33,56,174,30,16,31,61,120,245,15,15,15,29,30,29,34,36,32,23,24,25,81,88,87
3941,12,13,7,6,27,14,6,25,28,58,88,78,65,139,171,110,13,13,6,16,28,9,13,30,6,94,30,84,13,77,137,0,1,7,1,0,22,0,42,61,96,2,2,250,33,241,11,22,40,76,160,9,8,6,5,5,7,3,6,2,20,33,17,66,65,196
3942,14,0,4,15,0,14,6,52,60,9,75,77,81,187,235,231,5,4,12,11,12,12,45,59,52,45,59,52,122,70,226,0,1,7,1,0,22,12,56,52,88,118,73,159,230,202,13,25,48,91,190,9,8,6,5,5,7,3,46,2,79,37,45,121,21,81
3943,20,6,11,2,16,16,25,56,37,41,56,94,41,110,71,120,8,10,7,27,24,6,24,18,33,24,18,33,2,166,25,15,15,15,3,26,26,11,5,57,12,55,3,10,167,175,9,16,26,54,114,10,5,5,16,19,24,19,21,18,18,17,18,3,5,4
3944,47,6,14,2,16,16,25,56,37,41,56,94,121,60,71,128,8,10,7,27,24,6,24,18,33,24,18,33,2,166,25,15,15,15,3,26,26,11,5,57,12,55,3,220,12,182,9,16,26,54,114,10,5,5,16,19,24,19,21,18,18,17,18,3,5,4
3945,4,9,8,12,13,27,29,46,24,60,46,80,51,51,228,191,12,2,10,31,21,17,40,40,49,40,40,65,178,243,55,3,6,2,4,4,10,10,54,4,71,92,49,148,71,96,1,1,1,2,3,2,2,3,22,31,16,51,53,56,71,72,78,72,66,64
3946,63,8,14,4,23,21,4,49,10,26,49,126,64,53,245,140,15,14,11,26,31,24,62,43,43,31,26,43,125,114,193,0,1,7,4,4,10,5,1,37,31,22,76,130,82,32,9,18,30,60,128,6,10,12,24,26,17,43,39,35,40,85,52,233,176,154
3947,20,15,9,11,11,6,23,63,53,50,92,64,50,130,146,162,3,0,4,25,25,23,3,27,29,3,65,29,20,27,34,7,0,10,25,18,8,38,43,34,89,49,119,82,198,203,7,13,19,43,93,7,6,7,19,21,19,6,8,7,5,7,7,12,2,9
3948,51,12,8,7,15,18,12,27,16,32,64,24,73,208,131,1,4,5,1,5,4,15,21,5,12,113,62,12,124,39,200,3,6,2,31,5,4,21,0,23,7,60,5,139,64,239,1,2,2,4,7,2,2,3,1,1,1,4,4,4,41,25,1,204,20,109
3949,60,13,7,14,3,15,27,3,35,17,3,35,17,74,199,12,11,8,9,9,9,8,8,7,11,8,7,11,8,8,243,4,4,8,21,11,0,39,32,10,20,18,50,174,6,74,5,9,14,30,70,13,13,14,26,25,25,23,23,20,6,6,8,0,0,0
3950,8,9,8,12,9,20,20,61,12,39,61,122,39,133,3,197,4,11,5,28,26,1,61,37,1,11,37,70,77,102,82,0,1,7,20,2,25,46,45,40,40,28,1,71,80,252,1,1,1,3,5,2,3,3,12,9,12,25,26,23,50,40,27,27,34,33
3951,6,7,5,8,25,3,2,37,2,21,20,2,21,43,224,45,6,3,2,10,17,21,34,55,31,34,55,31,162,44,164,12,8,1,7,9,14,44,37,44,18,1,16,183,21,221,15,30,59,117,240,1,1,2,0,0,4,17,13,10,14,12,11,20,124,11
3952,36,14,10,4,22,8,10,16,43,62,16,88,106,196,130,8,15,1,11,15,1,20,9,1,50,9,1,50,95,1,30,0,1,7,10,20,6,32,49,54,109,3,48,9,197,189,10,19,34,68,145,8,12,9,11,23,11,12,14,13,4,2,5,202,72,22
3953,58,2,9,3,2,28,31,2,34,54,114,113,89,107,45,186,8,10,7,6,7,10,48,8,56,48,8,89,55,219,67,15,15,15,13,29,31,37,41,42,16,80,116,96,31,24,9,15,25,53,110,5,5,5,6,17,6,32,10,31,36,35,36,13,12,15
3954,50,15,6,11,11,0,28,11,41,57,122,75,100,67,56,193,3,0,4,3,0,4,26,0,4,26,105,90,111,199,219,2,5,5,8,19,16,7,51,49,15,12,44,53,7,187,3,7,11,26,62,7,6,7,7,6,8,0,0,1,32,28,16,39,36,57
3955,49,11,15,5,10,17,16,51,50,14,119,69,65,35,105,165,13,13,6,16,28,9,49,30,57,49,110,57,84,160,80,0,1,7,0,4,15,57,23,14,0,56,121,227,57,141,13,26,50,97,204,4,4,4,2,2,2,5,7,5,107,37,45,156,188,132
3956,4,9,4,12,17,27,20,61,36,53,61,90,40,62,163,171,4,11,5,28,26,1,61,37,1,11,37,70,77,102,82,15,15,15,16,30,13,2,63,22,85,62,62,31,219,152,1,1,1,3,5,2,11,10,8,8,9,9,3,15,12,9,13,29,16,18
3957,29,2,9,3,2,28,31,2,34,54,114,113,89,137,140,19,8,10,7,6,7,10,36,35,63,114,119,63,87,36,196,15,15,15,13,29,31,10,58,4,78,6,13,1,99,173,9,15,25,52,109,5,5,5,6,17,6,32,10,31,36,35,36,126,149,70
3958,53,13,7,6,27,14,6,47,28,58,24,56,20,103,12,161,0,7,3,26,11,24,31,26,30,71,84,93,101,99,124,0,1,7,9,4,10,10,58,4,124,90,76,63,170,253,9,18,30,60,127,6,8,6,25,10,23,44,35,44,65,65,121,224,191,99
3959,30,11,13,5,10,17,3,4,31,14,4,95,85,188,253,241,7,12,13,7,23,7,5,53,20,5,115,88,177,128,165,9,9,9,0,31,15,15,50,19,112,103,29,231,183,158,14,29,57,114,233,4,4,4,2,2,2,5,7,5,11,19,28,87,79,144
3960,63,8,2,4,28,9,1,12,3,46,16,3,86,162,114,8,15,14,11,26,31,24,47,58,3,43,125,3,119,154,199,0,1,7,4,1,10,10,58,55,124,90,76,71,160,253,13,27,54,105,217,6,3,8,10,13,14,21,20,25,37,50,49,245,198,170
3961,36,3,2,4,9,8,10,42,61,4,86,82,113,78,215,159,15,14,11,29,29,27,30,33,32,122,93,125,71,123,47,0,1,7,10,20,6,4,27,38,105,31,31,94,56,81,10,20,36,71,150,8,3,9,11,16,11,12,38,36,48,78,60,129,129,118
3962,20,6,11,2,26,30,24,24,23,20,5,107,20,5,63,103,2,6,15,19,15,18,59,63,15,59,63,119,115,64,68,0,1,7,9,7,10,22,38,53,102,115,25,171,235,110,6,11,17,37,84,10,7,1,13,10,23,28,35,28,45,46,44,57,26,82
3963,48,15,6,11,11,5,28,22,9,30,67,9,30,155,231,147,3,0,4,3,0,4,26,0,4,66,117,4,154,143,143,2,5,5,8,19,16,7,51,49,6,78,9,71,175,0,3,7,11,23,52,7,6,7,7,6,8,0,0,1,82,45,57,136,57,71
3964,20,15,6,11,11,0,28,22,0,30,84,127,30,67,16,224,3,0,4,3,0,4,26,0,4,26,105,90,3,0,139,2,5,5,8,19,16,7,51,49,22,46,44,200,203,67,7,12,18,42,91,7,6,7,7,6,8,0,0,1,32,28,16,39,36,35
3965,49,11,15,5,10,17,16,40,25,14,72,25,122,217,160,156,7,12,13,7,11,7,55,3,30,86,3,30,228,168,253,0,1,7,0,31,15,15,50,19,0,56,121,192,240,137,13,26,50,96,202,4,4,4,2,2,2,5,7,5,94,77,37,172,104,102
3966,25,6,11,2,20,12,11,19,17,22,19,17,22,82,94,29,2,6,15,2,15,18,2,44,46,2,44,46,100,4,27,13,14,13,11,21,21,40,33,31,60,117,30,241,228,25,6,10,15,31,72,3,7,1,13,14,15,16,16,12,9,8,9,2,4,30
3967,0,3,2,1,30,13,15,23,7,38,23,7,84,219,68,72,12,2,10,31,10,30,20,25,26,20,86,98,26,133,22,6,13,4,2,3,1,29,26,5,90,50,21,88,164,176,3,7,9,20,46,0,0,0,14,12,0,18,19,8,106,18,12,9,11,8
3968,27,13,7,2,26,14,16,54,14,0,54,79,97,116,103,230,2,6,15,19,15,18,32,16,15,116,16,111,172,231,181,0,1,7,4,4,10,10,58,4,124,90,76,71,21,253,9,18,32,62,131,3,9,1,16,19,24,42,44,40,107,57,48,104,188,239
3969,30,11,13,5,8,29,30,31,15,35,65,65,35,24,162,57,7,12,13,21,5,29,28,22,37,28,22,87,22,226,26,9,9,9,5,17,3,23,28,17,23,27,22,185,159,194,14,28,55,107,222,4,4,4,20,20,22,11,17,17,1,5,4,4,7,7
3970,36,15,9,11,28,6,23,63,53,50,92,64,50,207,146,162,3,0,4,25,25,23,3,27,29,3,65,29,20,27,34,7,0,10,25,18,8,38,43,4,124,49,76,232,110,96,1,1,1,2,3,7,6,7,19,21,19,6,8,7,5,7,7,12,189,9
3971,7,0,4,15,17,2,18,53,33,59,75,90,81,187,180,231,5,4,12,11,12,12,45,59,52,45,59,52,122,70,226,15,15,15,16,30,13,12,56,52,88,118,73,57,88,106,13,25,48,91,190,5,11,10,8,8,9,9,46,15,79,75,76,70,87,81
3972,43,7,5,8,4,26,7,1,38,6,94,38,6,86,32,92,6,3,2,10,17,21,27,31,60,27,71,60,179,179,176,12,8,1,4,4,10,10,58,4,56,4,61,36,94,43,3,7,11,24,55,1,1,2,9,7,5,58,27,9,123,122,117,211,190,205
3973,21,9,14,12,13,27,20,49,24,53,103,87,111,195,17,99,4,11,1,28,26,1,61,37,1,61,102,1,85,41,1,3,6,2,15,2,28,1,12,50,40,28,1,71,80,19,1,1,1,3,4,2,2,3,12,9,12,8,12,47,53,104,32,245,248,109
3974,10,3,1,13,5,25,9,5,19,12,23,36,12,185,57,172,12,2,10,31,10,17,10,46,49,109,96,49,83,47,45,6,13,4,20,20,25,49,38,56,123,73,70,208,254,68,10,20,37,72,152,0,0,0,17,16,20,45,26,42,95,79,86,109,127,126
3975,36,3,0,1,30,1,15,59,7,38,108,7,84,73,179,129,12,2,10,31,10,30,20,25,26,87,25,81,138,155,104,6,13,4,2,3,1,29,26,5,90,50,21,16,226,196,3,7,9,19,45,0,0,0,14,12,0,18,19,8,15,18,12,134,146,182
3976,54,13,7,6,27,14,6,20,60,1,74,123,79,200,42,4,13,13,6,22,8,22,51,30,24,51,78,24,75,202,116,0,1,7,4,4,10,57,11,14,116,70,104,230,145,63,13,27,52,101,209,9,8,6,5,5,7,38,32,51,64,41,54,86,78,106
3977,61,5,3,10,19,19,13,41,27,45,41,57,45,182,248,25,14,6,0,23,6,0,12,49,0,12,73,0,235,172,69,10,10,3,12,15,11,14,2,4,8,38,0,125,147,167,4,8,13,29,67,3,9,1,3,4,3,2,5,6,7,4,6,59,27,32
3978,47,6,11,2,16,16,25,56,37,41,56,94,41,110,71,120,8,10,7,27,24,6,24,18,33,24,18,33,2,166,25,15,15,15,3,26,26,11,5,57,12,55,3,23,59,139,9,16,26,54,115,10,5,5,16,19,24,19,21,18,18,17,18,3,5,4
3979,43,10,12,9,24,20,7,28,39,13,111,39,72,25,65,222,4,11,1,20,18,19,17,14,22,17,14,22,114,26,20,14,11,7,4,4,10,62,47,28,19,87,42,155,158,136,16,31,61,121,246,15,15,15,29,30,29,34,36,32,23,24,25,26,32,28
3980,5,6,11,2,20,12,11,19,4,22,19,17,117,16,205,201,2,6,15,2,15,18,2,44,46,2,44,46,192,103,27,13,14,13,11,21,21,40,33,31,60,117,30,235,32,58,6,11,16,34,78,3,7,1,13,14,15,16,16,12,9,8,9,2,4,12
3981,35,1,1,13,18,31,22,17,30,28,79,30,28,6,67,24,1,2,10,17,22,26,22,21,21,112,21,122,67,24,21,1,7,11,19,22,5,20,10,16,108,66,111,186,41,140,2,3,5,9,23,11,0,13,21,22,21,10,11,11,0,1,0,32,47,44
3982,50,15,6,11,11,5,28,22,9,30,122,9,100,206,234,224,3,0,4,3,0,4,26,0,4,26,105,90,3,0,139,2,5,5,8,19,16,7,51,49,15,12,44,54,7,187,7,12,18,42,92,7,6,7,7,6,8,0,0,1,32,28,16,136,171,35
3983,51,12,8,7,15,18,12,32,16,32,32,16,73,192,64,47,4,5,1,5,4,15,21,50,62,21,5,62,62,51,238,3,6,2,31,5,4,21,25,29,114,8,71,33,35,174,1,2,4,7,18,2,2,3,1,1,1,4,4,4,10,21,1,56,38,24
3984,38,8,5,9,12,4,8,43,45,7,37,73,108,179,49,31,0,7,3,26,13,24,37,57,25,37,57,69,35,32,125,0,1,7,9,1,10,27,46,51,36,99,54,102,172,156,13,25,45,86,181,10,3,8,18,15,13,13,37,34,46,44,46,23,25,40
3985,44,11,15,5,10,17,3,51,50,14,4,50,85,61,193,38,7,12,13,7,23,7,55,3,61,5,115,88,7,164,8,9,9,9,0,31,15,15,50,19,0,103,29,71,170,137,14,29,57,113,231,4,4,4,2,2,2,5,7,5,11,19,28,251,71,144
3986,48,15,6,11,11,5,28,13,46,24,77,46,24,153,231,166,3,0,4,3,0,4,26,0,4,66,117,4,230,143,143,2,5,5,17,14,19,43,24,32,73,51,23,100,60,39,7,12,18,41,90,7,6,7,19,21,19,6,8,7,69,61,71,38,31,20
3987,57,10,5,8,4,26,7,57,58,27,121,111,27,46,97,151,6,3,2,30,3,2,4,6,60,4,71,9,82,101,126,12,8,1,7,9,14,59,44,63,5,104,81,85,208,31,16,32,64,126,254,1,1,2,0,0,5,26,27,27,56,66,56,65,114,61
3988,43,10,12,8,4,26,21,35,58,31,35,58,31,104,143,207,6,3,2,24,27,28,27,31,2,95,31,72,51,73,173,8,2,12,24,16,17,41,59,12,79,4,94,214,218,181,16,32,62,123,249,1,1,2,15,11,5,35,25,33,28,22,24,5,10,3
3989,0,3,0,1,30,1,15,59,7,38,59,86,84,73,179,129,12,2,10,31,10,30,20,25,26,20,86,98,26,33,22,6,13,4,2,3,1,29,26,5,90,50,21,120,58,71,3,7,9,18,43,0,0,0,14,12,0,18,19,8,15,18,12,9,11,8
3990,18,0,4,9,0,4,16,52,25,7,37,73,108,219,176,40,0,7,3,26,13,24,37,57,25,37,120,69,214,32,72,0,1,7,9,4,10,27,46,51,36,99,54,218,161,228,13,25,45,86,182,10,3,8,27,27,13,54,37,34,46,44,46,23,25,40
3991,43,0,15,15,0,2,16,52,25,14,75,69,81,217,180,156,0,7,3,26,31,24,45,59,58,45,59,52,80,70,108,0,1,7,4,4,10,12,56,52,88,118,73,57,88,106,13,25,48,91,190,4,11,10,8,8,9,9,46,15,79,75,76,70,87,81
3992,55,1,1,13,5,25,9,45,19,37,126,91,112,120,4,130,12,2,10,14,30,5,63,13,38,63,90,78,250,185,110,6,13,4,2,3,1,3,22,9,27,13,58,206,204,17,3,6,8,17,40,0,0,0,4,3,0,7,2,0,27,47,23,221,234,215
3993,44,10,12,8,4,26,21,35,40,31,35,58,80,190,143,207,6,3,2,24,27,28,27,31,2,95,31,72,51,73,173,8,2,12,24,16,17,53,34,33,24,17,20,74,65,181,16,32,62,123,249,1,1,2,15,11,5,35,25,33,34,22,24,21,30,31
3994,45,7,5,8,25,3,2,55,13,21,117,13,21,43,207,123,6,3,2,30,3,2,4,52,9,92,52,68,63,17,220,12,8,1,18,27,18,31,4,58,5,24,56,182,16,84,15,30,58,116,236,1,1,2,0,0,4,24,22,21,17,27,15,15,19,19
3995,34,3,10,4,22,8,10,8,43,62,86,88,93,196,130,81,15,1,11,15,1,20,9,1,50,9,1,50,175,1,115,0,1,7,10,20,6,32,49,54,109,75,48,59,212,116,10,19,34,68,145,8,12,9,11,23,11,12,14,13,4,2,5,14,73,22
3996,11,1,0,13,1,22,17,1,11,37,69,112,95,210,83,86,1,2,10,1,2,25,1,2,17,105,2,17,209,229,59,6,13,4,30,13,23,19,14,41,75,72,95,195,138,209,9,18,28,56,120,0,0,0,9,7,10,1,1,3,44,0,2,143,17,41
3997,8,2,14,3,26,30,0,33,56,55,33,96,55,21,153,125,0,7,3,26,11,24,31,42,8,35,95,114,59,45,135,0,1,7,4,4,10,5,1,37,61,88,74,142,246,229,9,18,29,57,122,1,1,2,24,26,31,43,55,55,103,60,58,71,46,47
3998,34,3,2,4,9,8,20,61,12,39,90,122,39,251,172,55,9,14,11,29,29,27,30,33,32,101,97,74,97,237,105,0,1,7,20,20,25,4,27,38,127,69,89,137,26,56,10,20,36,71,151,8,3,9,17,16,20,25,26,23,42,78,60,52,29,118
3999,44,10,12,8,24,26,7,28,39,13,111,39,72,230,233,204,4,11,1,20,18,19,17,14,22,17,14,22,25,152,163,14,11,14,14,12,7,6,3,25,46,11,33,56,174,30,16,31,61,120,245,15,15,15,29,30,29,34,36,32,23,24,25,81,88,87
4000,52,8,2,4,28,9,1,39,62,63,39,3,113,99,47,213,15,14,11,29,8,27,25,48,39,25,74,113,90,83,214,0,1,7,4,4,10,61,35,39,50,20,45,177,36,200,13,27,53,102,214,8,7,9,30,10,26,47,45,43,38,43,40,94,99,56
4001,24,4,14,3,31,7,4,49,59,26,49,59,64,246,6,59,8,15,14,18,16,13,18,17,16,18,17,16,200,14,13,5,3,6,23,6,20,5,1,37,31,25,53,143,82,32,9,17,27,55,118,14,14,12,28,28,27,31,34,29,13,11,14,148,246,254
4002,54,13,7,6,29,14,14,62,63,15,62,99,119,83,36,220,13,13,6,22,8,22,23,24,28,23,24,28,31,23,24,0,1,7,6,10,9,8,18,20,28,74,32,104,237,78,11,21,38,74,158,9,8,6,27,27,30,39,41,41,33,34,35,10,8,10
4003,53,14,0,1,23,1,15,42,10,38,108,87,84,93,55,99,15,14,11,29,29,27,25,48,39,85,126,113,238,240,9,0,1,7,2,3,1,10,58,4,124,28,1,242,243,178,3,7,9,19,45,0,0,0,14,15,0,41,33,46,67,91,125,217,217,218
4004,48,15,9,11,11,6,23,63,53,50,92,64,88,232,82,166,3,0,4,25,25,23,3,27,29,3,65,29,20,167,242,7,0,10,25,18,8,38,43,34,89,49,119,232,110,186,7,13,21,48,101,7,6,7,19,21,19,6,8,7,5,7,7,12,2,9
4005,22,3,7,9,7,13,5,10,22,48,99,22,48,105,181,42,12,2,10,31,21,17,53,28,35,82,28,85,98,151,88,6,13,4,29,24,27,57,23,14,93,65,88,133,61,87,3,5,7,14,35,0,0,6,22,29,16,27,29,26,73,90,80,84,81,91
4006,18,2,9,3,2,28,26,6,54,49,6,84,46,144,124,102,8,10,7,6,7,10,16,34,7,97,34,7,237,138,41,15,15,15,4,4,10,33,58,60,74,91,15,119,50,133,9,15,23,50,104,5,5,5,6,24,6,46,18,48,39,42,97,113,122,129
4007,14,14,10,2,26,12,0,34,17,0,34,121,117,180,89,234,10,9,8,12,14,11,14,15,10,14,15,10,182,144,169,0,1,7,4,4,10,10,58,4,124,90,90,138,14,97,6,11,16,32,73,12,10,11,23,18,18,15,15,19,2,3,3,208,92,206
4008,7,11,15,5,10,17,3,51,50,14,40,50,114,61,60,133,7,12,13,7,23,7,55,3,61,81,124,61,7,164,210,9,9,9,0,31,15,15,50,19,0,56,121,37,170,223,14,29,57,113,231,4,4,4,2,2,2,5,7,5,11,19,37,101,142,116
4009,14,9,8,12,13,27,12,46,24,60,46,85,60,166,87,134,4,5,1,5,4,31,6,23,36,6,82,36,170,134,178,3,6,2,15,2,28,1,12,50,37,42,26,240,215,205,1,1,1,1,2,2,2,3,12,9,12,8,12,14,19,15,22,33,150,134
4010,30,11,15,5,10,17,3,51,50,14,4,95,85,152,60,241,7,12,13,7,23,7,55,3,61,81,124,61,7,164,210,0,1,7,0,31,15,15,50,19,0,103,29,192,135,137,14,29,57,113,231,4,4,4,2,2,2,5,7,5,77,19,28,183,186,98
4011,53,8,15,9,12,4,8,6,45,7,25,73,122,135,75,209,0,7,3,26,13,24,37,20,25,37,121,69,127,93,245,0,1,7,4,1,10,27,46,51,36,99,54,221,172,37,9,15,23,50,105,6,3,8,18,24,13,13,37,34,46,44,53,23,183,141
4012,10,1,1,13,5,25,9,45,1,18,126,5,112,120,175,221,12,2,10,14,30,5,63,13,38,63,90,38,191,95,186,6,13,4,2,3,1,3,22,9,17,39,107,195,204,17,3,6,8,17,42,0,0,0,4,3,0,7,2,0,113,97,64,142,210,151
4013,1,6,15,4,26,30,16,5,56,9,5,79,13,38,237,36,6,3,2,30,3,2,4,52,9,92,52,68,63,17,220,12,8,1,18,27,18,31,4,58,5,24,56,71,160,253,16,32,63,124,250,1,1,2,0,0,5,24,22,21,17,27,15,15,19,167
4014,52,8,14,4,23,9,1,42,21,63,39,87,64,113,245,99,15,14,11,29,8,27,25,48,39,25,74,39,45,175,83,0,1,7,4,4,10,61,35,39,50,20,45,236,36,200,13,27,51,98,206,8,7,9,30,10,26,47,45,43,38,43,40,94,99,136
4015,9,15,6,11,11,5,28,22,9,57,73,75,29,206,178,33,3,0,4,3,0,4,26,0,4,106,0,90,129,174,71,2,5,5,8,19,16,54,54,18,124,90,76,100,60,27,3,7,10,21,49,7,6,7,7,6,8,0,0,1,76,84,79,100,84,80
4016,31,0,4,15,17,2,18,53,36,40,120,90,40,247,163,149,5,4,12,11,12,12,15,38,14,15,38,14,112,147,12,15,15,15,16,30,13,18,17,22,85,62,62,253,184,251,3,7,11,24,55,5,11,10,8,8,9,9,3,15,12,9,13,29,16,18
4017,20,9,8,12,13,27,12,30,20,53,30,85,53,166,87,139,4,5,1,5,4,31,6,23,36,6,82,36,29,5,32,3,6,2,15,2,28,1,12,50,37,42,122,40,34,125,1,1,1,1,1,2,2,3,12,9,12,33,28,14,75,120,77,118,160,209
4018,18,2,9,2,26,28,14,6,56,49,2,54,69,252,39,121,8,10,7,6,7,10,7,34,7,68,87,7,225,119,63,0,1,7,4,4,10,10,58,4,124,90,76,71,160,253,9,15,25,52,109,5,5,5,6,17,6,32,8,62,105,105,103,226,130,188
4019,37,7,5,8,25,3,2,37,2,21,97,111,75,92,191,88,6,3,2,10,17,21,34,55,31,34,55,95,254,118,58,12,8,1,7,9,14,44,37,44,18,1,16,183,126,233,15,30,60,118,242,1,1,2,0,0,4,17,13,10,14,12,11,98,124,161
4020,10,1,1,13,7,25,5,29,22,48,29,22,48,145,226,247,12,2,10,14,21,17,29,61,35,29,61,35,38,71,42,6,13,4,29,24,27,47,55,15,14,58,115,140,61,26,3,5,7,13,33,0,0,0,22,3,16,27,29,26,30,31,29,6,6,5
4021,9,7,5,8,25,5,2,22,0,30,7,127,30,92,234,88,6,3,2,10,17,21,34,55,31,111,6,101,89,149,131,12,8,1,7,9,14,35,31,2,117,90,108,49,96,204,7,12,18,42,92,1,1,2,0,0,4,17,13,10,14,12,11,178,247,164
4022,15,15,6,11,11,0,28,22,0,30,67,127,100,67,16,224,3,0,4,3,0,4,26,0,4,26,105,90,111,0,139,2,5,5,8,19,16,7,51,49,22,46,44,200,203,67,7,12,18,42,92,7,6,7,7,6,8,0,0,1,32,28,16,39,36,35
4023,45,7,5,8,25,3,2,55,29,6,55,101,123,246,182,187,6,3,2,10,17,21,33,39,60,79,72,75,40,63,239,12,8,1,7,9,14,59,44,47,45,114,17,55,44,253,15,30,58,115,234,1,1,2,0,0,4,22,9,9,54,56,31,60,42,46
4024,6,6,11,2,26,30,24,52,23,8,96,23,8,52,185,71,2,6,15,19,15,18,59,16,15,98,16,15,50,28,14,0,1,7,9,4,10,10,58,4,124,90,90,71,21,253,6,11,16,33,76,3,7,1,25,10,23,28,35,28,87,51,89,248,164,99
4025,44,10,5,8,4,26,7,57,13,44,57,67,44,211,206,18,6,3,2,30,3,2,4,52,9,92,52,68,63,17,220,12,8,1,18,27,18,31,4,58,56,24,61,165,102,52,16,32,63,124,250,1,1,2,0,0,5,24,22,21,17,27,15,49,77,88
4026,26,5,3,10,19,19,13,36,57,16,36,57,16,237,187,246,2,6,15,2,15,18,52,4,15,108,79,73,190,86,86,10,10,3,12,15,11,14,2,4,94,96,101,28,180,79,9,18,31,61,130,3,9,1,3,4,3,2,58,52,93,98,100,114,120,108
4027,34,3,2,4,9,8,10,61,61,4,25,122,63,207,172,55,15,14,11,29,29,27,30,33,32,96,93,125,208,137,47,0,1,7,20,20,25,4,27,38,67,105,89,137,221,56,10,20,36,71,151,8,3,9,17,16,11,40,38,36,42,38,60,216,29,67
4028,35,1,1,13,18,11,22,17,47,28,79,105,126,6,37,108,1,2,10,17,22,26,22,21,21,22,21,21,206,170,66,1,7,11,19,22,5,20,10,16,66,43,92,90,8,135,2,3,5,9,24,11,0,13,21,22,21,10,11,11,0,1,0,150,3,2
4029,36,3,10,4,22,8,10,8,43,62,8,88,110,196,183,8,15,1,11,15,1,20,9,1,50,9,1,50,95,1,30,0,1,7,10,20,6,10,58,4,124,90,76,9,197,253,10,19,34,68,145,8,12,9,11,23,11,12,14,13,122,2,5,202,184,213
4030,63,11,13,5,8,29,30,31,32,35,98,65,35,24,43,144,7,12,13,21,5,29,28,22,37,28,22,87,22,69,235,9,9,9,5,17,3,23,28,17,23,27,22,30,63,1,14,28,55,107,221,4,4,4,20,20,22,11,17,17,1,5,4,4,7,7
4031,24,4,14,3,31,7,4,38,59,23,38,59,23,41,201,59,8,15,14,18,16,13,18,17,16,18,17,16,200,14,13,5,3,6,23,6,20,25,30,7,21,25,53,108,91,142,9,17,27,55,118,14,14,12,28,28,27,31,34,29,13,11,14,1,1,1
4032,8,1,1,13,5,25,9,47,19,25,17,91,102,243,221,51,12,2,10,14,30,17,10,13,38,109,96,78,243,220,191,6,13,4,4,4,10,3,22,9,27,13,58,178,117,193,13,25,47,89,185,0,0,0,4,3,0,7,2,0,97,92,91,147,137,128
4033,52,8,2,4,12,4,8,39,62,33,68,36,94,42,119,213,15,14,11,29,29,27,25,48,39,96,74,113,160,31,37,0,1,7,20,20,25,61,38,39,91,20,63,254,157,103,13,27,51,98,205,8,3,9,30,10,26,47,45,43,38,43,40,68,83,56
4034,63,9,8,12,13,27,12,27,24,60,27,85,60,160,87,30,4,5,1,5,4,31,6,23,36,6,82,112,170,134,178,3,6,2,15,2,28,21,12,50,125,60,26,73,53,121,9,18,30,59,126,2,2,3,12,1,1,8,12,14,110,25,83,152,155,139
4035,8,9,8,7,13,27,12,16,20,53,30,85,53,34,40,198,4,5,1,5,4,31,6,23,36,6,82,36,236,5,254,3,6,2,15,2,28,1,58,4,37,90,98,40,34,125,1,1,1,1,1,2,2,3,12,9,12,33,28,14,8,20,116,118,160,207
4036,2,2,10,3,22,21,10,8,43,62,8,44,93,212,183,117,15,1,11,15,1,20,9,1,50,9,1,50,41,84,229,0,1,7,10,20,6,32,49,54,33,75,113,152,197,11,10,19,33,66,141,8,12,9,11,23,11,12,14,13,4,2,5,28,53,145
4037,33,5,3,10,19,19,13,26,27,42,26,27,42,50,125,9,2,6,15,2,15,18,52,4,46,52,4,66,216,60,96,10,10,3,9,4,10,10,58,4,115,121,114,25,194,130,4,8,13,28,64,3,9,1,3,4,3,2,5,12,101,96,95,122,121,142
4038,26,6,11,2,26,30,0,24,23,0,89,70,0,72,103,112,2,6,15,19,15,18,32,16,15,116,16,111,172,231,181,0,1,7,9,7,10,55,15,24,63,40,97,61,104,36,6,11,16,35,79,3,7,1,13,14,15,28,44,53,52,57,48,50,52,62
4039,27,11,15,5,0,17,16,40,25,14,82,69,13,66,193,156,7,12,13,7,23,7,55,3,61,86,3,61,136,190,122,0,1,7,4,4,10,15,50,19,9,103,7,193,2,157,13,26,49,95,199,4,4,4,2,2,2,24,22,21,90,76,94,124,106,167
4040,63,8,2,4,28,9,1,47,3,25,12,3,25,46,216,105,15,14,11,0,20,3,0,9,45,41,99,53,166,43,203,0,1,7,4,1,10,30,52,55,57,112,102,19,232,201,13,25,47,89,187,6,3,8,10,13,14,21,20,25,37,50,49,120,39,197
4041,23,8,5,9,12,4,8,43,45,33,37,45,108,45,70,198,0,7,3,4,19,16,44,29,47,44,29,86,15,13,250,0,1,7,9,1,10,33,40,60,99,5,120,181,162,148,13,24,43,83,176,6,3,8,18,15,13,13,31,16,25,13,41,79,64,96
4042,56,13,7,6,27,14,6,25,28,58,88,72,118,28,105,40,13,13,6,16,28,9,13,30,6,94,30,84,13,77,137,0,1,7,1,0,22,57,11,14,59,33,123,173,166,225,11,22,40,76,160,9,8,6,5,5,7,3,6,2,63,37,45,121,21,55
4043,46,12,8,7,15,18,12,32,16,32,64,24,73,192,64,118,4,5,1,5,4,15,21,50,62,21,5,62,62,51,238,3,6,2,31,5,4,21,25,29,114,8,71,33,35,174,1,2,4,7,18,2,2,3,1,1,1,4,4,4,10,21,1,56,38,51
4044,36,3,2,12,9,20,20,61,12,39,90,12,39,224,240,155,9,11,5,13,26,14,42,11,23,126,11,23,39,30,112,0,1,7,20,20,25,46,45,40,26,97,36,35,39,250,10,20,35,69,147,8,3,9,17,16,20,25,26,23,50,40,27,27,34,34
4045,35,1,1,13,18,31,22,17,47,28,79,124,126,6,37,108,1,2,10,17,22,26,22,21,21,22,21,21,224,170,66,1,7,11,19,22,5,20,10,16,2,32,14,64,3,6,3,6,8,17,41,11,0,13,21,22,21,10,11,11,0,1,0,7,3,2
4046,12,13,7,6,27,14,6,25,28,58,88,28,58,241,106,4,13,13,6,16,28,9,13,12,6,13,12,6,227,11,11,0,1,7,1,0,22,0,42,61,59,83,106,86,148,10,11,22,40,76,160,9,8,6,5,5,7,3,6,2,20,37,17,18,21,63
4047,56,13,7,6,27,14,6,25,28,58,118,60,118,101,10,238,13,13,6,16,28,9,13,12,6,13,12,6,227,11,11,0,1,7,1,0,22,26,29,48,44,76,67,204,11,255,11,22,39,75,159,9,8,6,5,5,7,3,32,2,85,41,73,78,80,78
4048,45,10,5,8,4,26,7,57,13,44,117,13,44,240,223,123,6,3,2,30,3,2,4,52,9,92,52,68,63,17,220,12,8,1,18,27,18,31,4,58,5,24,56,182,16,84,16,32,63,124,251,1,1,2,0,0,5,24,22,21,17,27,15,15,19,19
4049,21,9,8,12,13,27,20,30,24,53,123,66,111,141,192,27,4,11,5,28,26,1,61,37,1,11,37,70,77,102,82,3,6,2,15,2,28,1,12,50,40,28,1,71,80,19,1,1,1,3,4,2,2,3,12,9,12,8,12,47,53,64,32,95,98,33
4050,20,1,0,13,1,22,17,55,29,34,55,101,123,244,217,73,6,3,2,10,17,21,33,39,60,79,72,75,135,115,166,12,8,1,7,9,14,59,44,47,47,48,83,60,22,161,3,7,11,22,51,1,1,2,0,0,4,22,9,9,54,56,31,60,42,46
4051,45,7,5,8,25,3,7,7,13,2,109,100,2,92,120,22,6,3,2,10,17,21,33,39,34,33,39,34,252,135,141,12,8,1,18,27,18,35,31,2,117,101,108,43,106,69,15,30,60,118,242,1,1,2,0,0,4,22,9,9,43,39,38,42,22,45
4052,49,13,15,6,27,14,16,40,31,0,40,79,97,91,167,165,0,7,3,26,11,24,31,26,30,71,84,93,101,99,124,0,1,7,4,4,10,10,58,4,9,90,7,231,207,158,13,27,54,103,215,4,4,4,2,2,2,49,57,44,65,123,121,183,191,189
4053,43,10,12,9,24,26,7,28,39,13,111,39,72,230,233,204,4,11,1,20,18,19,17,14,22,17,14,22,25,152,163,14,11,14,14,12,7,6,3,25,46,11,33,56,174,30,16,31,61,120,245,15,15,15,29,30,29,34,36,32,23,24,25,81,88,87
4054,28,9,8,7,13,27,12,30,20,53,30,85,53,193,40,139,4,5,1,5,4,31,6,23,36,6,82,36,29,5,32,3,6,2,15,2,28,1,25,50,37,42,98,40,34,125,1,1,1,1,1,2,2,3,12,9,12,33,28,14,8,20,116,43,160,207
4055,4,12,8,7,15,18,12,32,16,60,32,16,60,119,64,253,4,5,1,5,4,31,38,5,12,113,75,112,4,145,60,3,6,2,31,5,4,10,58,4,124,90,76,15,155,40,1,2,2,5,13,2,2,3,1,1,1,14,24,22,110,52,19,152,167,139
4056,11,1,1,13,5,25,9,45,19,37,126,1,91,115,152,35,12,2,10,14,30,5,63,13,38,119,90,38,53,216,225,6,13,4,2,3,1,34,57,45,111,54,28,215,119,35,3,6,8,16,38,0,0,0,4,3,0,7,40,0,27,47,23,37,54,25
4057,21,8,2,9,12,4,8,47,3,25,113,103,33,168,221,96,15,14,11,0,20,3,39,47,13,118,47,13,79,12,190,0,1,7,20,1,25,63,61,35,104,0,65,71,214,253,13,24,44,84,177,6,3,8,10,15,14,41,33,46,57,48,61,77,59,43
4058,45,7,5,8,25,3,2,7,2,21,97,2,21,238,97,158,6,3,2,10,3,21,33,6,60,67,71,123,223,57,5,12,8,1,7,9,14,10,58,63,34,53,94,71,85,253,9,18,29,57,123,1,1,2,0,0,4,17,9,10,98,112,63,110,118,97
4059,4,9,8,12,13,27,20,46,24,51,46,66,67,93,236,163,4,5,1,5,4,31,38,62,55,38,23,55,121,29,212,3,6,2,15,2,28,48,21,6,40,28,1,71,80,19,1,1,1,3,4,2,2,3,12,9,12,14,24,22,86,10,32,127,123,95
4060,28,9,14,3,23,21,4,49,10,26,49,125,64,160,245,32,4,5,1,5,4,31,6,23,36,6,82,112,29,5,178,0,1,7,4,4,10,5,1,37,31,22,76,131,146,243,9,18,30,59,126,6,10,12,24,26,17,50,39,35,40,117,119,181,177,174
4061,41,3,0,1,0,13,16,5,19,9,68,36,76,81,57,34,6,3,2,30,3,2,4,6,9,4,71,120,5,241,28,6,13,4,2,3,1,10,58,4,124,90,76,165,192,68,10,20,37,72,152,0,0,0,14,12,0,45,19,8,95,107,112,171,162,155
4062,25,11,15,5,0,17,16,51,25,14,82,50,9,242,237,83,7,12,13,7,23,7,55,3,61,86,3,61,136,190,122,10,10,3,27,28,30,56,19,3,68,21,27,34,1,60,13,25,48,90,188,3,9,1,3,4,3,42,42,40,31,29,34,16,15,17
4063,47,2,14,2,16,16,25,56,37,41,105,37,121,110,71,120,8,10,7,27,24,6,24,18,33,24,18,33,2,166,25,15,15,15,3,26,26,11,5,57,12,55,3,71,59,253,9,18,32,62,131,10,5,5,16,19,24,19,21,18,18,17,18,3,5,4
4064,23,7,5,8,25,3,2,37,2,21,97,2,21,43,224,169,6,3,2,10,17,21,34,55,31,34,55,95,254,118,58,12,8,1,7,9,14,44,37,44,18,1,16,183,160,253,15,30,59,117,239,1,1,2,0,0,4,17,13,10,14,12,11,20,28,11
4065,43,3,2,7,9,20,29,46,42,51,107,42,51,224,134,163,15,14,11,29,29,27,11,33,32,99,94,74,197,212,46,0,1,7,20,4,25,10,58,4,124,90,76,71,160,253,3,7,11,23,52,2,3,3,17,16,20,14,24,22,79,75,76,140,248,242
4066,4,3,2,4,9,20,20,44,12,39,90,12,39,224,240,155,9,11,5,13,26,14,42,11,23,126,11,23,39,30,112,0,1,7,20,20,25,46,45,40,26,97,36,35,39,250,10,20,35,69,147,8,3,9,17,16,20,25,26,23,50,40,27,27,34,34
4067,40,0,4,15,21,2,18,15,8,40,15,8,69,183,116,58,5,4,12,11,12,12,46,60,48,123,60,97,165,158,147,15,15,15,16,30,13,2,63,4,120,119,85,151,37,109,9,15,25,52,109,5,11,10,8,8,9,9,3,15,12,9,98,29,125,93
4068,2,2,10,3,22,21,10,8,43,55,8,34,93,117,177,117,15,14,11,29,31,27,47,58,59,78,58,59,148,228,128,0,1,7,10,4,6,32,49,54,33,75,113,152,160,253,10,19,33,66,142,8,12,9,11,23,11,12,14,13,4,2,5,28,53,145
4069,34,14,10,4,22,8,10,8,43,62,8,88,93,212,183,81,15,1,11,15,1,20,9,1,50,9,1,50,175,1,115,0,1,7,10,20,6,32,49,54,33,75,113,118,212,198,10,19,33,66,142,8,12,9,11,23,11,12,14,13,4,2,5,14,73,195
4070,13,8,2,4,28,9,1,12,3,63,25,3,63,207,110,11,15,14,11,29,29,27,30,33,32,96,33,32,33,198,230,0,1,7,4,1,10,30,52,55,57,112,102,219,136,21,13,27,54,103,215,6,3,8,10,13,14,21,20,25,61,38,83,103,93,67
4071,16,1,0,13,1,22,17,1,11,10,69,112,107,109,41,148,1,2,10,1,2,25,1,2,17,105,2,17,1,109,208,6,13,4,30,13,23,19,14,41,81,86,124,222,17,111,3,4,6,11,28,0,0,0,9,7,10,1,1,3,55,0,2,35,45,112
4072,24,4,14,2,31,7,4,38,52,23,116,52,70,176,166,157,8,15,14,18,16,13,18,17,16,18,17,16,14,14,13,5,3,6,23,6,20,25,30,7,21,106,52,13,114,118,9,17,27,55,118,14,14,12,28,28,27,31,34,29,13,11,14,1,1,1
4073,47,6,11,2,16,16,25,56,37,41,56,37,121,55,71,120,8,10,7,27,24,6,24,18,33,24,18,33,2,166,25,15,15,15,3,26,26,11,5,57,12,55,3,23,59,139,9,16,26,54,115,10,5,5,16,19,24,19,21,18,18,17,18,3,5,4
4074,5,6,11,2,6,30,24,24,23,8,96,107,9,175,255,103,2,6,15,19,15,18,59,63,15,59,63,119,115,64,68,0,1,7,9,7,24,22,60,53,102,115,25,197,42,160,6,11,17,37,84,10,7,1,25,10,23,28,35,28,51,51,44,53,76,110
4075,59,11,13,5,8,29,3,4,32,3,82,69,98,152,60,38,7,12,13,7,23,7,5,53,61,5,115,88,177,113,165,9,9,9,0,31,15,15,50,19,9,103,29,203,2,94,14,29,57,114,233,4,4,4,2,2,2,5,7,5,11,19,28,87,79,94
4076,25,4,14,3,31,7,4,38,52,23,116,52,70,176,127,157,8,15,14,18,16,13,18,17,16,18,17,16,14,14,13,5,3,6,23,6,20,25,30,7,21,106,52,13,114,118,9,17,27,55,118,14,14,12,28,28,27,31,34,29,13,11,14,1,1,1
4077,13,13,7,6,27,14,1,25,21,63,88,21,63,207,171,220,13,13,6,16,28,9,13,12,6,13,12,6,130,184,222,0,1,7,1,0,22,0,42,61,101,113,35,250,33,241,11,22,40,77,161,9,8,6,5,5,7,3,6,2,61,33,17,103,93,27
4078,19,14,10,0,14,23,19,34,18,19,102,18,19,9,117,178,10,9,8,12,14,11,14,15,10,14,64,10,18,16,120,11,12,0,26,25,2,52,13,30,4,9,12,2,24,2,8,14,22,49,103,12,10,11,23,18,18,15,15,19,2,3,3,8,13,6
4079,5,6,11,2,6,30,24,24,23,20,24,56,68,124,84,124,2,6,15,2,15,18,54,4,15,115,76,115,93,132,98,0,1,7,9,7,10,16,48,59,38,35,55,245,90,61,6,11,17,39,86,3,7,1,3,4,3,44,52,59,84,83,82,88,90,84
4080,35,1,1,13,18,31,22,17,47,28,79,47,28,6,67,24,1,2,10,17,22,26,22,21,21,112,21,122,67,24,21,1,7,11,19,22,5,20,10,16,108,66,111,186,41,140,2,3,5,9,23,11,0,13,21,22,21,10,11,11,0,1,0,32,47,44
4081,39,15,9,11,11,6,23,63,53,50,92,64,50,130,146,162,3,0,4,25,25,23,3,27,29,3,65,29,20,27,34,7,0,10,25,18,8,38,43,34,89,49,119,3,198,165,7,13,19,43,93,7,6,7,19,21,19,6,8,7,5,7,7,12,2,9
4082,48,15,6,11,11,6,23,13,48,29,95,81,24,167,129,147,3,0,4,25,25,23,3,27,29,66,117,4,230,143,143,7,0,10,8,4,10,7,51,49,124,90,9,188,113,4,7,12,18,40,88,7,6,7,19,21,19,6,8,7,82,45,57,58,57,71
4083,34,3,0,1,30,1,15,23,7,38,85,80,38,73,24,72,12,2,10,31,10,30,20,25,5,87,25,81,138,155,104,6,13,4,2,3,1,29,26,5,90,50,21,88,226,176,3,7,9,19,45,0,0,0,14,12,0,20,19,8,15,18,12,134,201,182
4084,13,8,2,4,28,9,1,12,3,63,76,3,86,122,114,170,15,14,11,0,20,3,41,9,45,41,99,80,99,176,111,0,1,7,4,1,10,30,52,55,95,120,4,161,169,244,13,27,53,102,213,6,3,8,10,13,14,21,20,25,37,50,49,120,39,66
4085,12,0,15,6,27,14,6,52,25,58,72,78,65,28,185,40,13,13,6,16,28,9,13,30,6,94,30,84,13,77,137,0,1,7,1,0,22,57,23,14,59,33,123,173,166,225,13,26,50,96,202,9,8,6,5,5,7,3,6,2,63,37,45,121,21,55
4086,18,2,4,3,2,28,31,2,34,54,114,113,89,137,45,19,8,10,7,6,7,10,48,8,56,48,8,89,55,219,67,15,15,15,13,29,31,37,41,42,16,80,116,96,31,24,9,15,25,53,111,5,5,5,6,17,6,32,10,31,36,35,36,13,12,15
4087,12,10,12,8,4,26,7,9,38,27,9,76,105,159,115,16,6,3,2,24,3,28,27,31,40,74,66,100,27,25,38,8,2,12,28,23,12,28,36,11,100,26,19,89,9,66,16,32,64,125,253,1,1,2,15,11,5,26,27,27,74,23,72,41,60,49
4088,57,7,5,8,25,3,2,37,2,21,97,111,27,46,97,43,6,3,2,10,17,21,34,55,31,34,55,95,254,118,58,12,8,1,7,9,14,44,37,44,124,90,76,71,160,253,16,32,64,126,254,1,1,2,0,0,4,17,13,10,14,12,11,237,61,233
4089,14,10,12,8,4,26,7,57,58,44,117,13,44,240,111,22,6,3,2,30,3,2,4,52,9,92,52,68,63,17,220,12,8,1,18,27,18,31,4,58,5,24,94,214,85,181,16,32,63,124,251,1,1,2,0,0,5,24,22,21,98,27,15,110,118,97
4090,59,11,13,5,8,10,30,31,15,35,65,65,78,131,162,57,7,12,13,21,5,29,28,22,37,28,22,87,22,226,26,9,9,9,5,17,3,23,28,17,23,27,22,30,13,1,14,28,55,107,222,4,4,4,20,20,22,11,17,17,1,5,4,4,7,7
4091,26,5,3,10,19,19,13,36,57,45,36,57,47,50,11,246,14,6,0,23,6,0,12,49,0,12,73,104,16,18,252,10,10,3,12,15,11,14,2,4,103,81,82,7,251,38,4,8,13,29,66,3,9,1,3,4,3,2,5,6,7,4,6,51,56,54
4092,25,6,11,2,6,30,24,24,23,20,24,23,20,165,12,161,2,6,15,19,15,18,54,16,15,54,16,15,50,28,14,0,1,7,9,7,10,22,60,53,115,121,15,126,139,190,6,11,17,39,87,3,7,1,25,10,23,44,35,28,65,65,89,111,86,99
4093,44,10,12,9,12,4,21,43,40,31,70,110,80,190,70,60,0,7,3,4,27,16,44,29,47,44,29,2,151,74,16,8,2,12,24,16,17,53,34,33,24,17,20,74,29,5,16,32,62,122,247,1,3,8,18,11,13,13,25,16,34,13,39,21,30,31
4094,44,10,12,4,24,20,7,28,39,13,111,39,72,230,233,50,4,11,1,20,18,19,17,14,22,17,14,22,25,152,163,14,11,14,14,12,7,6,3,25,46,11,33,76,234,108,16,31,61,120,245,15,15,15,29,30,29,34,36,32,23,24,25,81,88,87
4095,34,9,0,1,30,1,15,59,7,38,59,86,84,10,179,95,15,14,5,29,29,27,30,33,32,122,94,32,219,137,153,6,13,4,2,3,1,10,58,4,124,90,76,16,160,253,3,7,9,19,45,0,0,3,14,12,0,40,19,8,113,97,120,244,93,168
4096,16,6,11,2,6,16,0,24,6,8,115,6,66,140,198,41,8,10,7,27,24,6,60,51,19,60,91,77,37,55,49,15,15,15,13,7,24,60,9,36,58,85,57,109,182,83,6,11,16,33,74,5,5,5,6,17,6,36,10,39,29,32,30,112,82,38
4097,46,12,8,7,15,18,29,46,42,51,87,42,32,11,88,109,4,5,1,5,4,31,38,5,12,113,75,112,4,145,60,3,6,2,31,5,4,21,0,23,124,19,122,33,234,174,1,2,2,5,14,2,2,3,1,1,1,4,4,4,41,120,1,165,144,92
4098,36,3,0,1,30,13,15,59,7,38,108,86,84,73,179,129,12,2,10,31,10,30,20,25,26,20,86,98,26,33,22,6,13,4,2,3,1,29,26,5,90,50,21,120,58,71,3,7,9,19,45,0,0,0,14,12,0,18,19,8,15,18,12,9,11,8
4099,20,9,0,12,9,20,20,44,12,12,100,12,39,224,240,82,1,2,10,17,22,26,10,21,49,10,13,106,233,142,205,6,13,4,20,20,25,46,45,40,26,97,36,35,39,196,10,20,35,69,147,8,0,13,17,16,20,25,26,23,50,40,27,27,34,34
4100,4,3,2,4,9,20,20,61,12,39,90,122,39,251,215,211,9,11,5,13,26,14,42,11,23,42,11,23,110,249,35,0,1,7,20,20,25,46,45,40,127,69,89,137,26,53,10,20,36,71,149,8,3,9,17,16,20,25,26,23,42,78,60,52,29,69
4101,36,1,1,1,30,1,15,23,5,34,112,5,77,229,24,126,12,2,10,14,30,5,63,13,5,87,25,81,9,155,104,6,13,4,2,3,1,3,22,9,87,95,117,11,68,164,3,7,9,20,47,0,0,0,4,12,0,20,2,8,35,36,43,19,33,50
4102,47,6,11,2,16,16,25,56,37,41,56,94,41,110,71,120,8,10,7,27,24,6,24,18,33,24,18,33,2,166,25,15,15,15,3,26,26,11,5,57,12,55,3,71,59,253,9,16,26,54,113,10,5,5,16,19,24,19,21,18,18,17,18,3,5,4
4103,62,7,5,8,25,3,2,55,29,21,55,2,21,238,97,158,6,3,2,10,17,21,33,6,60,67,71,123,223,57,5,12,8,1,7,9,14,59,44,63,34,53,94,154,171,92,9,18,29,57,123,1,1,2,0,0,4,17,9,10,98,112,63,110,118,97
4104,1,6,11,2,6,17,0,33,56,55,33,96,55,135,153,78,0,7,3,26,11,24,35,42,8,35,95,114,140,94,251,0,1,7,4,4,10,5,1,37,61,88,74,221,103,22,9,18,29,57,121,4,4,4,2,2,31,29,55,55,3,60,58,210,46,47
4105,60,13,7,14,3,15,27,3,35,17,3,35,17,172,148,77,11,8,9,9,9,8,8,7,11,8,7,11,8,8,209,4,4,8,21,11,0,13,6,21,43,23,69,38,187,9,5,9,14,30,68,13,13,14,26,25,25,23,23,20,6,6,8,0,0,0
4106,20,6,11,2,6,30,24,24,23,20,96,107,9,175,255,103,2,6,15,19,15,18,59,63,15,59,63,119,115,64,68,0,1,7,9,7,10,22,60,53,102,115,25,197,42,160,6,11,17,37,84,10,7,1,25,10,23,28,35,28,51,51,44,53,76,110
4107,54,12,8,7,15,18,12,32,16,32,64,24,11,26,40,134,4,5,1,5,4,15,21,5,12,21,62,12,113,140,155,3,6,2,31,5,4,21,0,23,114,19,122,33,34,40,1,2,2,4,7,2,2,3,1,1,1,4,4,4,10,21,1,190,38,51
4108,40,0,4,15,21,2,18,48,8,56,48,84,56,144,156,80,5,4,12,11,12,12,46,60,48,46,60,48,65,66,48,15,15,15,16,30,13,50,39,27,25,107,86,123,87,65,12,23,41,78,164,5,11,10,8,8,9,37,3,37,21,26,33,11,41,16
4109,26,5,3,10,19,19,13,36,57,45,36,57,47,50,11,246,14,6,0,23,6,0,12,49,0,12,73,104,16,18,252,10,10,3,12,15,11,14,2,4,103,81,82,7,251,38,4,8,13,29,66,3,9,1,3,4,3,2,5,6,7,4,6,51,56,54
4110,14,9,8,12,15,18,12,46,24,5,27,24,32,166,140,134,4,5,1,5,4,15,21,5,12,113,62,12,4,204,60,3,6,2,31,5,4,10,58,4,124,90,76,15,34,40,1,2,3,6,17,2,2,3,1,1,1,57,60,4,119,115,110,207,173,177
4111,21,9,2,12,9,27,20,61,12,39,103,66,111,20,17,197,4,11,5,28,26,1,61,37,1,11,37,70,77,102,82,0,1,7,15,2,28,46,12,50,40,28,1,201,80,19,1,1,1,3,5,2,2,3,12,9,12,8,12,47,53,64,32,189,98,33
4112,33,5,3,10,19,24,13,58,55,47,91,55,99,118,219,115,14,6,0,23,6,0,12,49,54,80,49,54,167,56,91,10,10,3,27,28,30,56,19,3,68,21,27,34,1,60,4,8,12,27,63,3,9,1,3,4,3,42,42,40,31,29,34,16,15,17
4113,7,8,2,9,28,9,14,47,3,25,47,68,25,243,20,11,15,14,11,0,20,3,0,9,53,0,109,53,166,43,203,0,1,7,4,1,10,30,52,55,57,112,102,178,117,193,13,25,47,89,186,6,3,8,10,13,14,21,20,25,60,59,62,147,137,128
4114,18,4,14,3,31,21,4,49,6,36,71,33,116,137,6,3,8,10,7,6,7,10,36,35,63,114,119,63,87,54,87,15,15,15,13,7,24,60,9,36,78,10,6,77,82,44,9,15,24,51,107,5,5,5,6,17,6,36,10,39,29,32,30,17,48,70
4115,16,9,8,12,13,27,12,30,24,53,123,85,60,141,87,189,4,5,1,5,4,31,6,23,36,6,82,36,248,255,178,3,6,2,15,2,28,1,12,50,37,42,26,67,252,253,1,1,1,1,2,2,2,3,12,9,12,8,12,14,19,15,22,33,23,134
4116,25,6,11,2,26,12,0,19,17,0,89,70,0,30,103,112,2,6,15,19,15,18,32,16,15,116,16,111,172,103,84,0,1,7,9,4,10,55,15,24,63,40,97,61,104,36,9,18,32,63,133,3,7,1,13,14,15,28,44,53,52,57,48,50,52,62
4117,48,15,6,11,11,5,28,13,48,29,95,48,29,155,129,147,3,0,4,3,0,4,26,0,4,66,117,4,230,143,143,2,5,5,8,19,16,7,51,49,6,78,9,188,113,4,7,12,18,40,88,7,6,7,7,6,8,0,0,1,82,45,57,58,57,71
4118,12,1,1,12,5,25,20,45,5,18,61,80,112,51,230,191,12,2,10,31,21,17,40,40,49,40,40,65,178,243,55,6,13,4,20,4,25,46,54,9,71,92,49,148,71,247,1,1,1,2,3,0,0,0,22,31,16,51,53,56,71,72,78,72,66,64
4119,54,13,7,9,29,14,14,62,26,15,62,26,119,65,122,70,13,13,6,22,8,22,23,24,28,23,24,28,31,23,24,0,1,7,6,10,9,8,18,20,41,14,80,20,18,82,11,21,38,73,155,9,8,6,27,27,30,39,41,41,33,34,35,10,8,10
4120,7,10,12,8,4,26,7,35,38,6,94,38,6,86,32,92,6,3,2,24,3,28,27,31,60,27,71,60,179,179,176,12,8,1,4,4,10,10,58,4,56,4,61,36,94,43,3,7,11,24,55,1,1,2,15,11,5,58,27,9,123,122,117,211,190,205
4121,46,12,8,7,15,18,12,27,16,32,64,24,73,192,131,118,4,5,1,5,4,15,21,5,12,21,5,12,113,140,155,3,6,2,31,5,4,21,0,23,7,60,5,139,64,239,1,2,3,6,15,2,2,3,1,1,1,4,4,4,41,25,1,96,38,147
4122,23,7,5,8,25,3,2,37,2,21,97,2,21,43,224,158,6,3,2,10,17,21,34,55,31,111,55,101,89,149,58,12,8,1,7,9,14,44,37,44,18,1,16,49,233,204,15,30,58,116,237,1,1,2,0,0,4,17,13,10,14,12,11,178,28,164
4123,27,10,5,8,4,26,7,9,38,27,7,38,27,254,118,122,6,3,2,24,3,28,27,31,40,102,107,40,169,127,142,8,2,12,22,8,29,24,20,46,70,98,40,27,46,15,16,32,64,127,255,1,1,2,15,11,5,26,27,27,58,23,84,75,62,48
4124,3,3,6,1,30,13,15,23,9,30,22,127,30,132,243,192,12,2,10,8,10,30,53,56,26,91,56,71,48,48,81,0,1,7,2,4,1,51,8,13,3,7,59,112,122,224,7,12,18,41,90,7,6,7,7,6,8,39,61,1,26,111,26,64,201,172
4125,47,2,14,3,16,16,25,56,37,41,56,37,54,110,141,52,8,10,7,27,24,6,56,18,41,56,123,127,102,214,145,15,15,15,3,26,26,11,5,57,119,6,13,8,177,49,9,16,26,54,115,10,5,5,16,19,24,19,21,18,49,53,50,69,74,79
4126,7,12,8,7,15,18,29,46,42,11,87,42,11,204,14,109,4,5,1,5,4,31,38,62,55,38,75,112,4,251,240,3,6,2,31,5,4,48,21,6,30,94,127,255,79,144,1,2,2,5,14,2,2,3,1,1,1,14,24,22,16,10,19,108,9,147
4127,0,3,0,1,30,13,15,23,7,7,85,73,7,219,78,31,0,7,3,26,13,24,37,57,25,37,57,69,214,32,72,0,1,7,9,1,10,27,46,51,36,99,54,88,164,228,13,25,45,86,181,10,3,8,27,27,13,54,37,34,46,44,46,23,25,40
4128,3,3,0,1,30,13,15,44,7,12,44,98,12,13,240,192,12,2,10,31,10,17,10,46,49,10,13,106,186,217,177,6,13,4,2,3,1,10,58,4,3,7,59,168,122,149,3,7,9,19,44,0,0,13,21,22,21,38,61,54,81,111,68,93,96,172
4129,20,6,7,2,26,30,14,20,14,9,74,109,79,132,195,217,2,6,15,2,15,18,57,36,44,57,36,44,49,50,43,0,1,7,4,4,10,10,11,4,13,52,51,26,45,28,13,27,54,105,217,13,13,14,26,25,25,57,60,20,119,115,111,185,173,177
4130,22,12,8,7,15,18,29,32,16,32,64,24,11,11,88,253,4,5,1,5,4,31,38,5,12,113,75,112,4,247,15,3,6,2,31,5,4,21,0,23,114,19,122,184,100,7,1,2,2,4,10,2,2,3,1,1,1,4,4,4,41,25,1,190,134,92
4131,25,6,11,2,16,16,25,56,37,41,56,97,41,29,169,128,8,10,7,27,24,6,24,18,33,24,18,33,2,166,25,15,15,15,3,26,26,11,5,57,12,55,3,220,12,182,9,16,26,54,114,10,5,5,16,19,24,19,21,18,18,17,18,3,5,4
4132,16,6,11,2,6,30,24,24,6,46,115,108,66,165,12,161,2,6,15,19,15,18,59,63,15,54,16,15,50,28,14,0,1,7,9,7,24,22,60,53,115,121,15,126,139,190,6,11,17,38,85,3,7,1,25,10,23,44,35,28,65,65,51,111,86,99
4133,53,0,4,15,17,2,18,18,36,59,18,90,125,247,119,149,5,4,12,11,12,12,15,38,14,15,38,121,150,191,61,15,15,15,16,30,13,10,58,4,124,90,76,239,160,253,12,23,42,80,167,5,11,10,8,8,9,9,3,15,12,9,13,107,94,72
4134,34,3,2,4,9,8,10,5,61,4,86,43,113,38,172,62,15,14,11,29,29,27,30,32,18,69,32,18,30,209,195,0,1,7,10,20,6,4,27,38,109,105,48,68,125,189,10,19,34,67,144,8,12,9,11,23,11,12,14,13,48,2,5,14,72,133
4135,33,5,3,10,19,24,13,58,55,47,91,55,99,118,219,115,14,6,0,23,6,0,12,49,54,80,49,54,167,56,91,10,10,3,27,28,30,56,19,3,68,21,27,34,1,60,4,8,12,27,63,3,9,1,3,4,3,42,42,40,31,29,34,16,15,17
4136,0,3,0,1,30,1,15,23,7,38,85,7,77,251,27,211,12,2,10,31,10,30,53,46,26,90,68,26,229,81,103,6,13,4,2,3,1,46,45,40,124,90,76,88,26,176,10,20,36,71,149,0,0,0,14,12,0,20,26,8,42,36,43,179,201,192
4137,36,3,2,1,30,1,15,23,7,38,85,7,77,219,78,72,12,2,10,31,10,30,20,25,26,20,86,98,26,33,22,6,13,4,2,3,1,29,26,5,87,95,117,88,226,176,3,7,9,20,46,0,0,0,14,12,0,20,19,8,106,18,12,134,201,192
4138,12,13,7,6,27,14,6,62,28,58,88,28,65,241,128,110,13,13,6,22,8,22,49,30,24,94,30,84,13,246,137,0,1,7,4,4,10,57,23,14,96,2,2,227,33,253,13,26,50,97,203,9,8,6,27,27,30,39,41,41,33,34,35,10,8,10
4139,34,3,2,4,9,8,10,39,61,4,86,82,113,146,215,55,15,14,11,29,29,27,30,33,32,122,93,125,71,123,47,0,1,7,10,20,6,4,27,38,105,31,31,94,56,81,10,19,34,67,144,8,12,9,11,16,11,12,38,36,48,78,60,129,129,118
4140,0,3,0,1,30,1,15,59,7,38,59,86,84,73,179,129,12,2,10,31,10,30,20,25,26,20,86,98,26,33,22,6,13,4,2,3,1,29,26,5,90,50,21,120,58,71,3,7,9,18,43,0,0,0,14,12,0,18,19,8,15,18,12,9,11,8
4141,61,5,3,10,19,19,13,26,27,47,41,27,47,50,250,252,14,6,0,23,6,0,12,49,0,12,73,0,255,192,218,10,10,3,12,15,11,14,2,4,126,79,114,12,109,119,4,8,13,29,65,3,9,1,3,4,3,2,5,6,66,69,66,91,68,59
4142,23,7,5,8,25,3,2,37,2,21,97,2,21,43,2,169,6,3,2,10,17,21,34,55,31,34,55,95,254,118,58,12,8,1,7,9,14,44,37,44,18,1,16,172,98,183,15,30,60,119,243,1,1,2,0,0,4,17,13,10,14,12,11,20,28,11
4143,11,1,1,13,5,25,9,45,1,37,126,1,37,120,85,51,12,2,10,14,30,5,63,13,38,119,90,38,231,216,225,6,13,4,2,3,1,34,57,45,111,54,58,206,176,14,3,6,8,16,38,0,0,0,4,3,0,7,40,0,27,47,23,99,54,25
4144,1,11,15,5,23,17,3,33,33,55,33,96,55,235,153,225,0,7,3,26,11,24,35,42,8,35,95,114,140,94,251,0,1,7,0,31,15,58,16,62,61,88,74,142,246,22,9,18,29,57,121,4,4,4,2,2,31,29,30,55,3,60,58,71,46,47
4145,58,8,11,9,28,9,1,12,56,25,47,68,110,255,149,153,15,14,11,0,20,3,0,9,53,0,109,53,166,43,203,0,1,7,4,1,10,30,52,55,57,112,102,19,232,168,13,25,47,89,186,6,3,8,10,13,14,21,20,25,60,59,62,74,85,74
4146,41,1,0,13,1,22,17,1,11,10,1,112,107,109,112,177,1,2,10,1,2,25,1,2,17,65,112,117,64,232,17,6,13,4,30,13,23,19,14,41,17,39,107,229,11,111,3,4,6,12,32,0,0,0,9,7,10,1,1,3,22,87,2,200,180,101
4147,60,13,7,14,3,15,27,3,35,17,3,35,17,129,220,12,11,8,9,9,9,8,8,7,11,8,7,11,8,8,209,4,4,8,21,11,0,39,32,10,20,18,50,174,6,33,5,9,14,30,70,13,13,14,26,25,25,23,23,20,6,6,8,0,0,0
4148,45,7,5,8,4,26,7,57,13,44,117,13,44,240,223,123,6,3,2,30,3,2,4,52,9,92,52,68,63,17,220,12,8,1,18,27,18,31,4,58,5,24,56,182,16,84,16,32,63,124,251,1,1,2,0,0,5,24,22,21,17,27,15,15,19,19
4149,55,1,1,13,5,25,9,45,5,18,45,5,112,96,24,221,12,2,10,14,30,5,63,13,5,117,101,38,244,15,244,6,13,4,2,3,1,3,22,9,11,95,18,249,86,191,3,6,8,15,36,0,0,0,4,3,0,20,2,0,83,81,64,90,51,104
4150,11,1,1,13,5,25,9,45,1,37,126,1,37,48,85,51,12,2,10,14,30,5,63,13,38,119,90,38,231,216,225,6,13,4,2,3,1,34,57,45,111,54,28,81,152,35,3,6,8,16,38,0,0,0,4,3,0,7,40,0,27,47,23,37,54,25
4151,35,1,1,13,18,11,22,17,47,28,79,105,28,6,37,24,1,2,10,17,22,26,22,21,21,22,21,21,206,170,66,1,7,11,19,22,5,20,10,16,66,43,92,90,8,135,2,3,5,9,24,11,0,13,21,22,21,10,11,11,0,1,0,150,3,2
4152,51,12,8,7,15,18,12,32,16,32,32,16,32,192,64,90,4,5,1,5,4,15,21,50,62,21,5,62,62,51,238,3,6,2,31,5,4,21,25,29,114,8,71,189,35,104,1,2,4,7,18,2,2,3,1,1,1,4,4,4,10,21,10,48,43,76
4153,49,13,15,6,27,10,6,25,28,58,88,28,125,91,105,71,13,13,6,16,28,9,13,30,6,94,30,84,13,77,137,0,1,7,1,0,22,0,42,61,124,2,2,250,33,241,11,22,40,77,161,9,8,6,5,5,7,3,6,2,20,33,17,183,186,98
4154,53,11,13,5,10,10,30,40,15,35,98,74,78,28,225,144,0,7,3,26,11,24,31,26,30,71,84,93,101,99,124,0,1,7,4,4,10,5,1,37,112,22,76,63,229,237,14,28,55,109,225,4,4,4,20,20,22,3,48,44,63,55,90,102,105,53
4155,33,5,3,10,19,19,13,26,27,43,58,27,47,36,18,10,14,6,0,23,6,0,12,49,0,12,73,0,255,131,218,10,10,3,9,4,10,22,60,53,126,79,114,71,160,253,13,25,45,86,182,3,9,1,3,4,3,2,5,6,51,51,44,53,76,110
4156,25,6,11,2,6,30,24,26,23,42,24,23,42,165,125,9,2,6,15,2,15,18,52,4,46,2,44,66,76,60,96,0,1,7,9,7,10,22,60,53,115,121,15,25,194,130,4,8,13,28,64,3,9,1,3,4,3,44,44,12,101,96,95,122,121,142
4157,7,10,12,8,4,26,21,35,58,6,35,58,6,179,32,92,6,3,2,24,27,28,27,31,2,95,31,72,51,73,173,8,2,12,24,16,17,41,59,12,79,68,75,135,222,31,16,32,64,128,256,1,1,2,15,11,5,35,25,33,28,22,24,5,10,3
4158,55,3,0,1,30,1,15,59,7,38,108,86,84,73,68,129,12,2,10,31,10,30,20,25,26,20,86,98,26,33,22,6,13,4,2,3,1,29,26,5,90,50,21,120,58,71,3,7,9,18,43,0,0,0,14,12,0,18,19,8,15,18,12,9,11,8
4159,7,3,7,1,9,13,14,20,12,9,74,77,79,138,211,4,13,13,6,22,8,22,51,30,24,51,78,24,75,202,116,0,1,7,4,4,10,57,11,14,116,70,104,159,248,12,13,27,52,101,212,9,8,6,5,5,7,38,32,2,64,41,54,86,78,106
4160,50,3,0,1,30,13,15,59,41,38,101,41,76,227,247,34,12,2,10,31,10,30,53,46,26,53,46,92,143,10,62,0,1,7,2,4,1,10,58,4,11,111,76,223,223,138,3,7,11,26,61,0,0,7,7,12,16,18,51,50,109,107,101,131,178,176
4161,41,1,0,13,1,22,17,44,11,10,44,106,95,13,161,177,1,2,10,1,2,25,1,2,17,105,112,17,64,2,246,6,13,4,30,13,23,19,14,41,17,39,107,170,210,51,3,4,6,12,31,0,0,0,9,7,10,1,1,3,22,0,69,130,145,183
4162,48,15,6,11,11,5,28,22,9,30,67,127,29,39,231,33,3,0,4,3,0,4,26,0,4,106,0,90,129,174,71,2,5,5,8,19,16,51,8,13,73,51,23,100,60,39,7,12,18,41,90,7,6,7,7,6,8,0,0,1,26,14,26,64,49,23
4163,17,11,15,5,10,17,3,40,31,14,40,31,14,7,26,49,7,12,13,7,23,7,55,3,61,81,124,126,202,195,184,9,9,9,0,31,15,15,50,19,82,71,118,95,52,166,14,29,57,112,229,4,4,4,2,2,2,49,48,5,11,55,85,97,103,73
4164,26,0,4,15,17,2,18,52,8,40,52,8,40,249,116,58,0,7,3,26,31,24,45,19,58,75,19,58,81,82,70,15,15,15,16,30,13,2,63,4,120,44,85,41,240,122,13,26,50,96,202,5,11,10,8,8,9,9,3,15,12,9,98,29,125,93
4165,62,7,5,8,25,3,7,57,2,6,57,111,75,8,97,239,6,3,2,30,3,2,4,6,9,4,6,9,221,46,36,12,8,1,7,9,14,17,37,1,56,4,61,136,102,210,16,32,64,126,254,1,1,2,0,0,5,24,22,21,89,54,107,49,111,135
4166,48,15,6,11,11,6,28,13,48,29,95,81,24,167,129,147,3,0,4,3,0,4,26,0,4,66,117,4,230,143,143,2,5,5,8,19,16,7,51,49,6,78,9,188,113,4,7,12,18,40,88,7,6,7,7,6,8,0,0,1,82,45,57,58,57,71
4167,15,1,0,13,1,22,17,60,11,10,60,102,95,197,161,143,1,2,10,1,2,25,1,2,17,105,2,17,134,229,59,6,13,4,30,13,23,19,14,41,3,7,59,170,168,51,3,7,11,25,56,0,0,0,9,7,10,1,1,3,44,0,69,35,180,124
4168,11,1,1,13,5,25,9,45,1,37,126,1,37,120,85,51,12,2,10,14,30,5,63,13,38,63,90,38,109,58,186,6,13,4,2,3,1,3,22,9,27,13,58,206,176,14,3,6,8,17,42,0,0,0,4,3,0,7,40,0,27,47,23,99,54,25
4169,5,5,3,10,19,19,13,36,57,43,58,57,47,36,250,25,14,6,0,23,6,0,12,49,0,12,73,0,142,192,218,10,10,3,12,4,11,10,2,4,126,79,38,12,160,119,4,8,13,29,65,3,9,1,3,4,3,42,42,40,31,29,34,186,207,239
4170,17,11,15,6,10,17,16,40,31,14,40,31,14,7,26,49,7,12,13,7,11,7,55,3,61,81,124,126,202,195,184,0,1,7,4,4,10,15,50,19,82,71,118,95,52,166,14,29,57,112,229,4,4,4,2,2,2,49,48,44,102,55,85,97,103,73
4171,0,3,0,1,30,1,15,23,7,38,108,7,77,229,134,126,12,2,10,31,10,30,20,25,26,20,86,98,138,213,241,6,13,4,2,3,1,3,22,9,27,13,58,234,4,196,3,7,9,20,47,0,0,0,14,12,0,18,2,8,67,91,70,128,115,83
4172,17,0,15,15,0,17,16,40,62,14,75,82,81,78,180,36,15,14,11,29,29,27,30,33,32,122,93,125,71,123,47,0,1,7,4,4,10,10,58,4,105,31,31,94,56,81,13,25,48,91,190,4,4,4,11,2,2,49,50,36,79,75,96,129,129,232
4173,54,13,7,6,27,14,6,25,28,58,88,28,58,241,106,233,13,13,6,16,28,9,13,12,6,13,12,6,227,11,11,0,1,7,1,0,22,0,42,61,59,83,106,205,148,10,11,22,40,77,162,9,8,6,5,5,7,3,6,2,20,33,17,18,21,63
4174,11,1,1,13,5,1,9,45,1,37,126,1,37,120,28,51,12,2,10,14,30,5,63,13,38,63,90,38,141,58,4,6,13,4,2,3,1,3,22,9,27,13,58,11,176,14,3,6,8,17,42,0,0,0,4,3,0,7,40,0,27,47,23,99,33,25
4175,17,0,7,6,27,14,6,52,28,58,119,123,65,91,105,165,13,13,6,16,28,9,49,30,57,49,110,57,84,160,80,0,1,7,4,4,10,57,23,14,59,33,123,227,57,141,13,26,50,97,204,9,8,6,5,5,7,3,6,2,107,37,45,156,188,132
4176,9,15,6,11,11,0,28,11,41,30,84,75,100,27,16,224,3,0,4,3,0,4,26,0,4,26,105,90,111,0,139,2,5,5,8,19,16,7,51,49,15,12,44,53,7,187,7,12,18,42,92,7,6,7,7,6,8,0,0,1,32,28,16,39,36,57
4177,29,2,9,3,2,28,31,2,34,54,114,113,69,151,80,186,8,10,7,6,7,10,36,35,63,114,119,63,87,36,196,15,15,15,13,29,31,10,58,4,119,6,13,237,156,49,9,15,25,52,109,5,5,5,6,17,6,32,10,31,36,35,36,126,149,70
4178,50,15,6,11,11,5,28,22,9,30,22,127,24,206,243,33,3,0,4,3,0,4,26,0,4,106,0,90,129,174,71,2,5,5,8,19,16,51,8,13,73,51,23,112,149,224,7,12,18,41,90,7,6,7,7,6,8,0,0,1,26,14,26,64,49,159
4179,26,6,11,2,26,16,0,24,4,0,89,70,0,140,103,112,2,6,15,19,15,18,32,16,15,116,16,111,172,231,181,0,1,7,9,7,10,55,15,24,63,40,97,61,104,36,6,11,16,35,79,3,7,1,13,14,15,28,44,53,52,57,48,50,52,62
4180,39,15,9,11,11,6,23,50,46,24,77,46,74,213,129,166,3,0,4,25,25,23,3,27,29,3,113,102,91,92,75,7,0,10,17,14,19,43,24,32,29,61,34,128,10,101,7,13,20,46,96,7,6,7,19,21,19,6,8,7,69,61,71,38,31,20
4181,1,11,15,5,10,17,3,51,50,25,51,23,25,170,20,161,0,7,3,7,11,7,55,3,30,86,42,61,73,3,92,0,1,7,9,1,10,33,58,60,115,121,76,71,170,253,14,29,57,113,231,4,4,4,2,2,2,44,44,5,99,49,121,224,121,163
4182,23,7,5,8,4,3,2,37,13,21,20,13,21,32,224,45,6,3,2,30,3,2,4,6,9,4,71,120,5,241,28,12,8,1,18,27,18,31,4,58,5,24,56,182,16,84,15,30,58,116,236,1,1,2,0,0,5,24,22,21,17,27,15,15,19,19
4183,58,13,7,3,2,14,26,14,10,26,52,125,122,83,128,78,13,7,3,16,28,9,49,30,57,49,110,57,196,61,57,0,1,7,4,4,10,57,23,14,96,2,2,21,97,72,13,26,49,94,196,5,10,11,6,18,18,60,43,60,80,68,65,218,240,234
4184,14,11,13,5,8,29,30,31,32,35,31,32,98,223,8,167,7,12,13,21,23,29,5,53,20,64,114,20,183,171,207,9,9,9,0,31,15,15,50,19,0,34,64,146,191,177,14,29,56,110,226,4,4,4,20,20,22,11,17,17,1,5,4,135,7,125
4185,3,15,0,1,30,0,15,60,9,57,44,98,57,202,30,172,1,2,10,1,2,25,10,46,49,73,88,117,161,183,121,6,13,4,4,4,10,51,8,13,3,7,59,4,168,47,3,7,9,19,44,7,6,7,7,6,8,0,0,1,117,93,68,138,97,159
4186,34,3,2,4,28,9,1,5,61,63,25,3,63,207,172,55,15,14,11,29,29,27,30,33,32,77,93,125,208,206,170,0,1,7,20,20,25,10,58,4,124,90,76,71,254,252,3,7,11,26,60,8,3,9,17,13,20,40,38,36,61,38,47,213,212,165
4187,38,11,13,5,8,29,3,4,32,3,78,114,127,84,238,144,7,12,13,21,5,29,5,53,20,64,114,20,183,171,237,9,9,9,0,31,15,58,16,62,65,64,91,216,78,23,14,29,57,114,233,4,4,4,2,2,2,29,30,30,3,16,21,40,69,13
4188,47,6,11,2,16,16,25,56,37,41,56,94,121,110,71,208,8,10,7,27,24,6,24,18,33,24,18,33,2,166,25,15,15,15,3,26,26,11,5,57,12,55,3,23,59,139,9,16,26,54,115,10,5,5,16,19,24,19,21,18,18,17,18,3,5,4
4189,6,0,4,15,17,2,18,18,36,59,120,90,125,154,204,119,5,4,12,11,12,12,15,38,14,15,38,14,218,19,231,15,15,15,16,30,13,18,17,22,110,59,60,134,179,89,12,23,42,80,167,5,11,10,8,8,9,9,3,15,21,9,13,34,16,72
4190,2,3,10,4,22,8,10,8,43,62,86,88,93,117,183,81,15,1,11,15,1,20,9,1,50,9,1,50,175,1,115,0,1,7,10,20,6,32,49,54,109,75,48,59,212,189,10,20,36,71,151,8,12,9,11,23,11,12,14,13,4,2,5,14,73,22
4191,17,11,15,5,10,17,3,40,31,14,40,31,14,7,74,49,7,12,13,7,23,7,55,3,61,81,124,126,202,195,184,0,9,7,0,31,15,15,50,19,82,71,118,95,52,166,14,29,57,112,229,4,4,4,2,2,2,49,48,5,102,55,85,97,103,73
4192,53,3,14,4,23,21,4,49,10,55,49,83,64,23,66,153,15,14,11,26,31,24,62,43,43,31,26,43,239,114,23,0,1,7,4,4,10,5,1,37,31,22,76,71,82,231,9,18,30,58,124,6,10,12,24,26,17,43,39,35,40,85,52,137,128,121
4193,9,3,0,1,30,13,15,59,7,38,108,7,84,81,212,129,12,2,10,31,10,30,20,25,26,20,86,98,26,33,22,6,13,4,2,3,1,29,26,5,90,50,21,160,160,253,3,7,9,18,43,0,0,0,14,12,0,18,19,8,15,18,12,134,11,8
4194,39,15,9,11,11,6,23,63,48,29,63,48,88,80,82,17,3,0,4,25,25,23,3,27,29,3,65,29,226,167,134,7,0,10,25,18,8,9,53,26,54,63,11,24,19,203,7,13,19,44,94,7,6,7,19,21,19,6,8,7,5,7,7,31,2,29
4195,39,15,9,11,11,6,23,63,48,29,63,48,88,31,59,104,3,0,4,25,25,23,3,27,29,3,65,29,226,167,134,7,0,10,25,18,8,9,53,26,54,63,11,82,19,203,7,13,19,44,94,7,6,7,19,21,19,6,8,7,5,7,7,31,2,29
4196,63,8,14,4,28,9,1,12,44,63,12,3,25,122,216,11,15,14,11,0,20,3,41,9,45,41,99,80,99,176,111,0,1,7,4,1,10,30,52,55,95,120,4,161,121,244,13,27,53,102,213,6,3,8,10,13,14,21,20,25,37,50,49,105,39,66
4197,2,3,7,6,27,14,6,52,60,62,119,123,65,239,128,110,13,13,6,16,28,9,49,30,57,49,110,57,84,160,80,0,1,7,4,4,10,57,23,14,96,2,2,227,57,141,13,26,50,97,204,9,8,6,5,5,7,3,6,2,107,37,45,156,188,132
4198,33,5,3,10,19,19,13,41,57,45,41,57,45,123,25,25,14,6,0,23,6,0,52,4,0,52,4,0,70,172,0,10,10,3,12,15,11,14,2,4,8,38,0,71,147,97,4,8,13,29,67,3,9,1,3,4,3,2,5,6,7,4,6,92,169,68
4199,19,14,10,0,14,23,19,34,18,19,102,18,19,9,203,178,10,9,8,12,14,11,14,15,10,14,64,10,18,16,120,11,12,0,26,25,2,52,13,30,4,9,12,2,24,2,8,14,22,49,103,12,10,11,23,18,18,15,15,19,2,3,3,8,13,6
4200,32,6,11,2,20,12,11,19,4,22,19,4,22,126,205,85,2,6,15,2,15,18,2,44,46,2,44,46,100,4,27,13,14,13,11,21,21,40,33,31,60,108,30,71,32,25,6,10,15,31,72,3,7,1,13,14,15,16,16,12,9,8,9,2,4,12
4201,54,2,14,3,2,28,26,6,56,49,6,125,49,135,154,121,8,14,7,26,31,24,16,58,3,62,43,103,120,165,185,0,1,7,4,4,10,5,1,37,124,90,76,221,103,37,13,26,49,93,194,5,5,5,6,24,6,30,18,24,88,30,59,182,147,236
4202,1,13,7,6,27,14,6,25,28,58,118,28,118,139,105,56,13,13,6,16,28,9,13,30,6,94,30,84,13,77,137,0,1,7,1,0,22,57,23,14,96,33,123,227,57,141,13,26,50,97,204,9,8,6,5,5,7,3,6,2,59,37,45,30,40,132
4203,5,6,11,2,6,30,24,24,23,20,96,107,9,175,255,103,2,6,15,19,15,18,59,63,15,59,63,119,115,64,68,0,1,7,9,7,10,22,60,53,102,115,25,197,42,160,6,11,17,37,84,10,7,1,25,10,23,28,35,28,51,51,44,53,76,110
4204,46,12,8,7,15,18,29,32,42,11,32,42,11,209,88,253,4,5,1,5,4,15,21,5,12,113,62,12,113,204,155,3,6,2,31,5,4,21,0,23,114,19,122,33,211,174,1,2,2,5,14,2,2,3,1,1,1,4,4,4,10,21,1,190,38,92
4205,4,1,1,13,5,25,9,46,19,37,126,91,37,25,78,51,12,2,10,14,30,5,63,13,38,63,90,78,243,220,191,6,13,4,4,4,10,10,58,4,27,13,58,71,164,253,3,6,8,16,38,0,0,0,4,3,0,7,36,32,106,72,93,163,179,111
4206,40,0,4,15,21,2,18,48,8,56,48,84,56,151,80,80,5,4,12,11,12,12,46,60,48,46,60,48,65,66,48,15,15,15,16,7,13,50,39,27,25,107,86,123,156,65,12,23,41,78,164,5,11,10,8,8,9,37,3,37,21,26,33,11,41,16
4207,41,1,0,13,1,22,17,1,11,10,69,112,107,197,44,148,1,2,10,1,2,25,1,2,17,105,2,17,209,229,59,6,13,4,30,13,23,19,14,41,1,102,95,75,200,214,3,4,6,10,26,0,0,0,9,7,10,1,1,3,44,0,2,62,17,41
4208,35,1,1,13,18,31,22,17,30,28,79,30,28,6,67,24,1,2,10,17,22,26,22,21,21,112,21,122,67,24,21,1,7,11,19,22,5,20,10,16,108,66,111,186,41,140,2,3,5,9,23,11,0,13,21,22,21,10,11,11,0,1,0,32,47,44
4209,37,7,5,8,25,3,2,55,29,2,55,71,123,236,246,187,6,3,2,10,17,21,33,39,60,79,72,75,40,63,239,12,8,1,7,9,14,59,44,47,45,114,17,69,69,64,15,30,58,116,237,1,1,2,0,0,4,22,9,9,54,56,31,151,42,143
4210,14,9,8,12,24,20,29,46,42,11,46,42,67,166,210,134,4,11,1,5,4,31,38,62,55,38,83,55,92,139,106,0,1,7,4,4,10,10,58,4,124,97,76,40,211,208,1,2,2,4,9,11,2,13,21,22,21,34,36,32,104,95,105,154,232,222
4211,50,3,0,1,30,13,15,59,7,38,101,86,84,81,212,129,12,2,10,31,10,30,20,25,26,20,86,98,26,133,241,6,13,4,2,3,1,29,26,5,90,50,21,153,220,3,3,7,9,18,43,0,0,0,14,12,0,18,19,50,15,94,12,131,163,214
4212,58,2,9,3,2,28,26,6,54,49,6,89,101,228,254,84,8,10,7,6,7,10,36,35,63,114,119,63,222,235,255,15,15,15,13,29,31,36,1,0,97,15,103,221,103,254,9,15,23,50,104,5,5,5,6,24,6,30,18,24,24,30,20,24,24,21
4213,28,1,1,13,7,25,5,29,22,48,29,22,48,145,226,247,12,2,10,14,21,17,29,61,35,29,61,35,38,71,42,6,13,4,29,24,27,47,55,15,14,58,115,140,61,26,3,6,8,17,39,0,0,0,22,3,16,27,29,26,30,31,29,6,6,5
4214,3,1,0,1,30,1,15,44,5,12,44,98,10,216,175,82,1,2,10,17,22,26,10,21,21,10,13,106,233,142,205,6,13,4,2,3,1,10,58,9,108,66,111,234,4,196,3,7,9,20,47,0,0,13,21,22,21,10,2,11,67,91,70,32,47,44
4215,54,13,7,9,29,14,14,62,63,15,62,99,119,222,36,63,13,13,6,22,8,22,23,24,28,23,24,28,31,23,24,0,1,7,6,10,9,8,18,20,28,74,32,104,237,78,11,21,38,74,158,9,8,6,27,27,30,39,41,41,33,34,35,10,8,10
4216,50,3,0,1,30,13,15,59,7,1,101,41,87,143,68,152,12,2,10,31,10,30,53,46,26,53,46,92,143,10,62,6,13,4,2,3,1,54,62,18,98,47,126,141,127,57,3,7,10,21,49,0,0,7,14,12,16,18,51,50,76,84,79,131,84,80
4217,50,3,14,1,28,13,1,12,44,26,101,126,26,53,245,32,15,14,11,0,20,3,47,58,3,43,99,3,36,248,194,0,1,7,4,4,10,5,58,37,124,90,76,71,160,253,3,7,11,26,60,6,10,12,10,13,26,21,20,45,92,73,81,131,89,214
4218,35,3,2,4,18,31,22,17,47,28,79,47,126,6,37,108,1,2,10,17,22,26,22,21,21,22,21,21,224,170,66,1,7,11,19,22,5,20,10,16,39,124,46,110,128,169,3,7,11,22,50,11,0,13,21,22,21,10,11,11,0,1,0,174,189,178
4219,44,10,5,8,4,26,7,57,13,44,117,13,13,66,223,22,6,3,2,30,3,2,4,52,9,92,52,68,63,17,220,12,8,1,18,27,18,31,4,58,5,24,56,182,16,84,16,32,63,124,251,1,1,2,0,0,5,24,22,21,17,27,15,15,19,19
4220,24,4,14,3,31,7,4,38,52,23,116,120,70,176,166,157,8,15,14,18,16,13,18,17,16,18,17,16,14,14,13,5,3,6,23,6,20,25,30,7,21,106,52,13,114,118,9,17,27,55,117,14,14,12,28,28,27,31,34,29,13,11,14,1,1,1
4221,53,3,2,4,9,20,20,61,12,39,90,122,39,133,3,197,9,11,5,13,26,14,42,11,23,42,11,23,110,249,35,0,1,7,20,20,25,46,45,40,127,69,89,137,26,252,10,20,35,70,148,8,3,9,17,16,20,25,26,23,42,40,27,52,29,69
4222,17,11,13,5,10,29,3,40,31,14,98,31,14,7,26,49,7,12,13,7,23,7,55,3,61,5,115,126,202,195,184,9,9,9,0,31,15,15,50,19,82,71,118,95,52,166,14,29,57,112,229,4,4,4,2,2,2,49,48,5,11,55,85,97,103,73
4223,46,12,8,7,15,18,12,46,42,60,46,24,51,119,236,175,4,5,1,5,4,31,38,62,55,38,23,112,121,29,212,3,6,2,31,5,4,10,58,4,124,90,76,71,160,253,1,2,3,6,17,2,2,3,1,1,1,14,24,22,119,115,111,245,248,242
4224,22,3,2,9,26,30,14,10,49,9,10,49,9,52,75,235,0,7,3,26,8,24,43,54,27,84,120,82,180,163,114,0,1,7,9,4,10,10,23,4,124,37,76,71,160,253,13,25,45,86,182,10,8,6,27,27,30,39,41,41,33,34,35,167,136,185
4225,1,6,11,2,6,30,24,16,56,46,16,108,46,72,12,202,0,7,3,19,31,24,59,63,19,32,91,77,205,233,187,0,1,7,9,7,24,33,40,60,49,3,15,144,23,42,6,11,17,38,85,6,7,1,25,10,23,46,47,48,39,42,51,117,110,117
4226,25,8,14,4,28,9,1,16,44,46,20,3,46,199,124,11,0,7,3,26,13,24,37,26,53,37,121,25,207,93,150,0,1,7,4,1,10,30,52,55,95,120,4,161,169,244,13,27,53,102,214,6,3,8,10,13,14,21,20,25,37,50,49,105,39,66
4227,17,11,13,5,8,29,3,4,32,3,78,114,127,235,135,13,7,12,13,21,5,29,5,53,20,64,114,20,57,38,237,9,9,9,0,31,15,58,16,62,65,64,91,127,63,23,14,29,56,111,227,4,4,4,2,2,2,29,30,30,3,16,21,40,69,13
4228,37,14,10,3,2,21,26,6,33,55,8,34,116,4,177,74,15,14,11,29,31,27,47,58,59,78,58,59,148,228,128,0,1,7,4,4,10,10,58,4,121,100,8,58,197,159,9,15,23,50,104,5,5,5,6,17,6,56,50,39,68,67,67,80,70,145
4229,63,3,14,4,23,8,10,49,61,4,25,61,4,248,113,215,15,14,11,29,29,27,30,33,32,77,93,125,208,65,89,0,1,7,4,20,10,4,27,38,67,105,87,129,186,80,9,18,30,59,125,8,12,9,11,13,11,40,38,36,48,38,47,63,44,67
4230,58,2,15,3,2,17,26,6,54,49,6,72,101,91,197,84,13,7,3,16,28,9,49,30,57,49,110,57,196,61,57,0,1,7,4,4,10,57,23,14,96,2,2,21,97,72,13,26,49,94,196,5,5,5,6,24,6,60,18,60,77,68,65,218,240,234
4231,56,13,2,6,27,14,6,25,28,58,88,28,58,28,48,40,13,13,6,16,28,9,13,30,6,94,30,84,13,117,137,0,1,7,1,0,22,57,58,14,59,33,123,173,166,225,11,22,40,76,160,9,8,6,5,5,7,3,6,2,63,37,45,121,245,55
4232,43,0,4,15,0,2,18,48,60,40,75,77,81,187,235,231,5,4,12,11,12,12,45,59,52,45,59,52,122,70,226,15,15,15,4,4,10,12,56,52,88,118,73,159,230,202,13,25,48,91,190,5,11,10,8,8,9,9,46,15,79,75,76,70,87,81
4233,1,8,15,9,0,9,16,51,56,9,28,56,14,63,26,36,0,7,3,26,31,24,58,10,58,58,10,76,28,200,160,0,1,7,4,4,10,10,58,4,113,37,37,113,253,114,13,25,48,90,189,4,15,15,2,30,29,34,36,57,100,110,96,167,136,232
4234,46,12,8,7,15,18,29,46,42,11,87,42,11,11,88,253,4,5,1,5,4,31,38,62,55,38,75,55,211,247,56,3,6,2,31,5,4,48,21,6,124,19,122,184,199,7,1,2,2,4,8,2,2,3,1,1,1,14,24,22,16,10,19,108,215,212
4235,19,14,10,0,14,23,19,21,18,19,21,18,19,250,194,54,10,9,8,12,14,11,14,15,10,14,64,10,117,177,10,11,12,0,26,25,2,45,7,8,51,16,24,106,67,13,8,14,22,49,102,12,10,11,23,18,18,15,15,19,2,3,3,22,37,26
4236,50,15,6,11,11,0,28,22,0,30,122,127,30,67,56,224,3,0,4,3,0,4,26,0,4,26,105,90,3,0,139,2,5,5,8,19,16,7,51,49,22,46,44,200,203,67,9,15,25,52,108,7,6,7,7,6,8,0,0,1,26,14,16,44,35,35
4237,63,11,13,5,8,10,30,31,15,35,124,65,78,131,92,200,7,12,13,21,5,29,28,22,37,28,22,87,22,129,26,9,9,9,5,17,3,23,28,17,112,27,22,30,238,237,14,28,55,109,225,4,4,4,20,20,22,11,17,17,1,5,4,4,181,53
4238,15,9,2,12,9,20,20,61,12,39,90,3,63,199,3,42,9,14,5,29,26,27,11,33,32,99,94,74,197,212,224,0,1,7,20,4,25,10,23,4,93,65,88,133,61,87,1,1,1,3,5,0,0,6,22,29,16,27,29,26,73,90,80,84,81,91
4239,33,5,3,10,19,19,13,41,57,45,36,57,45,50,173,179,14,6,0,23,6,0,12,49,0,12,73,104,16,18,252,10,10,3,12,15,11,14,2,4,8,38,38,0,120,34,4,8,13,29,65,3,9,1,3,4,3,2,5,6,7,4,6,89,67,68
4240,15,1,1,13,5,25,9,45,19,37,126,1,95,48,112,177,12,2,10,14,30,5,63,13,38,119,90,38,53,216,225,6,13,4,2,3,1,34,57,45,111,54,28,121,62,112,3,6,8,17,41,0,0,0,4,3,0,7,40,0,27,47,23,37,112,235
4241,51,12,8,7,15,18,12,32,16,32,32,16,73,192,40,47,4,5,1,5,4,15,21,50,62,21,5,62,62,51,238,3,6,2,31,5,4,21,25,29,114,8,71,33,35,174,1,2,4,7,18,2,2,3,1,1,1,4,4,4,10,21,10,56,38,51
4242,51,12,8,7,15,18,29,32,42,32,32,42,92,11,88,109,4,5,1,5,4,31,38,5,12,113,75,112,4,145,60,3,6,2,31,5,4,48,21,6,30,94,127,255,79,144,1,2,3,6,16,2,2,3,1,1,1,14,24,22,16,10,19,25,9,147
4243,16,8,14,4,28,9,1,12,44,63,12,126,26,156,216,190,15,14,11,0,20,3,41,9,45,41,99,80,99,34,159,0,1,7,4,1,10,30,52,55,95,120,4,161,169,244,13,27,53,102,214,6,3,8,10,13,14,21,20,25,37,50,49,105,39,66
4244,54,13,7,6,27,14,6,25,28,58,74,123,15,164,48,4,13,13,6,22,28,9,51,30,24,51,78,24,189,40,116,0,1,7,1,0,22,57,11,14,124,90,76,71,160,253,13,27,54,103,215,9,8,6,5,5,7,3,32,2,64,41,54,222,146,192
4245,9,15,9,11,11,0,28,6,54,57,122,54,100,58,39,121,3,0,4,3,0,4,26,0,4,26,105,4,153,199,219,2,5,5,4,4,10,10,58,4,15,12,76,54,7,187,9,15,23,50,105,7,6,7,7,6,8,0,8,7,32,28,16,226,130,188
4246,39,15,9,11,11,6,23,50,46,24,13,46,71,153,39,66,3,0,4,25,25,23,3,27,29,3,113,102,212,92,242,7,0,10,17,14,19,43,24,32,64,84,41,114,25,155,7,13,20,45,95,7,6,7,19,21,19,6,8,7,69,61,71,38,130,20
4247,36,3,2,4,9,20,20,61,12,39,90,122,39,147,123,197,9,11,5,13,26,14,42,11,23,42,11,23,110,249,35,0,1,7,20,20,25,46,45,40,127,69,89,35,39,250,10,20,35,70,148,8,3,9,17,16,20,25,26,23,42,40,27,52,29,69
4248,14,12,8,7,15,18,29,46,42,5,46,104,67,93,55,219,4,5,1,5,4,31,38,62,55,38,23,112,121,29,212,3,6,2,31,5,4,48,21,6,30,94,127,22,79,144,1,2,2,5,13,2,2,3,1,1,1,14,24,22,16,10,19,25,9,36
4249,33,5,3,10,19,19,13,26,27,47,41,27,47,50,250,252,14,6,0,23,6,0,12,49,0,12,73,0,255,192,218,10,10,3,12,15,11,14,2,4,126,79,114,12,109,119,4,8,13,29,65,3,9,1,3,4,3,2,5,6,66,69,66,91,68,59
4250,61,5,3,10,19,19,13,41,57,45,41,57,45,123,25,25,14,6,0,23,6,0,52,4,0,52,4,0,70,172,0,10,10,3,12,15,11,14,2,4,8,38,0,0,14,97,4,8,13,29,67,3,9,1,3,4,3,2,5,6,7,4,6,89,169,173
4251,7,3,10,4,0,9,16,39,60,9,127,123,62,233,137,227,0,7,3,26,8,22,43,41,27,107,118,124,118,107,51,0,1,7,4,4,10,57,23,14,93,65,90,29,209,179,6,11,16,32,73,9,8,6,31,29,28,61,46,61,112,99,104,194,113,150
4252,30,11,13,5,8,10,30,31,15,35,65,65,35,106,13,57,7,12,13,21,5,29,28,22,37,28,22,87,22,129,26,9,9,9,5,17,3,23,28,17,112,27,22,63,238,237,14,28,55,107,222,4,4,4,20,20,22,11,17,17,1,5,4,4,181,53
4253,52,3,2,4,0,9,16,39,62,9,39,77,94,201,237,213,15,14,11,29,8,27,25,48,39,25,74,113,90,83,214,0,1,7,4,20,10,61,35,39,91,20,63,98,0,103,13,27,51,98,205,8,7,9,30,10,26,47,45,43,38,43,40,68,83,56
4254,7,0,4,15,0,2,16,52,60,40,75,77,81,187,235,231,5,4,12,11,12,12,45,59,52,45,59,52,122,70,226,0,1,7,4,4,10,12,56,52,88,118,73,159,230,202,13,25,48,91,190,9,8,6,5,5,7,9,46,2,79,75,76,70,87,81
4255,31,0,4,15,17,2,18,53,36,40,120,90,40,62,163,171,5,4,12,11,12,12,15,38,14,15,38,14,112,147,12,15,15,15,16,30,13,2,63,22,85,62,62,31,219,152,12,23,42,81,171,5,11,10,8,8,9,9,3,15,12,9,13,29,16,18
4256,17,11,13,5,10,10,3,4,50,3,40,74,3,53,29,165,7,12,13,7,11,7,35,42,8,55,89,94,184,157,97,0,1,7,0,31,15,5,1,37,75,72,76,246,183,62,9,18,28,56,119,4,4,4,2,2,2,29,30,30,121,106,109,239,168,198
4257,13,8,2,9,12,4,8,12,3,33,76,103,120,163,149,214,15,14,11,0,13,3,39,20,53,39,80,116,56,236,158,0,1,7,9,1,10,27,46,51,39,125,46,83,55,48,13,24,43,83,176,6,3,8,10,15,14,57,37,34,78,88,53,116,100,107
4258,7,8,12,9,12,4,8,43,45,7,37,73,108,179,49,31,0,7,3,26,13,24,37,57,25,37,57,69,35,32,125,0,1,7,9,1,10,27,46,51,36,99,54,102,172,156,13,25,45,86,181,10,3,8,18,27,13,13,37,34,46,44,46,23,25,40
4259,47,6,11,2,16,16,25,56,37,41,56,94,41,110,71,120,8,10,7,27,24,6,24,18,33,24,18,33,2,166,25,15,15,15,3,26,26,11,5,57,12,55,3,10,167,58,9,16,26,54,114,10,5,5,16,19,24,19,21,18,18,17,18,3,5,4
4260,9,15,9,11,2,28,26,6,54,49,6,89,101,58,200,67,3,0,4,3,0,4,26,0,4,26,105,4,153,199,219,2,5,5,4,29,31,36,1,0,15,12,76,54,7,187,9,15,23,50,105,7,6,7,7,6,8,30,0,1,32,28,20,196,171,57
4261,55,1,1,13,18,31,22,17,47,28,79,124,126,6,37,108,12,2,10,14,30,5,63,13,5,63,101,38,141,15,4,6,13,4,2,3,1,3,22,9,87,95,117,11,68,164,3,6,8,17,42,0,0,0,4,3,0,20,2,0,35,36,43,19,33,50
4262,31,0,4,15,17,2,18,53,36,59,53,90,59,100,142,180,5,4,12,11,12,12,15,38,14,15,38,14,218,19,231,15,15,15,16,30,13,18,17,22,32,62,60,162,108,206,12,23,42,80,169,5,11,10,8,8,9,9,3,15,12,9,13,34,16,18
4263,4,9,1,12,7,25,5,29,22,48,29,22,48,105,230,107,12,2,10,14,21,17,29,61,35,29,61,35,38,71,42,6,13,4,29,24,27,47,55,15,14,58,115,166,61,96,3,5,7,13,33,0,0,0,22,3,16,27,29,26,30,31,29,6,6,5
4264,55,1,0,1,1,22,17,60,11,34,60,112,82,225,190,192,1,2,10,1,2,25,1,2,17,105,88,117,204,211,113,6,13,4,30,13,23,19,14,41,81,86,124,222,173,185,3,4,6,11,27,0,0,0,9,7,10,1,1,3,55,100,69,35,45,103
4265,32,6,11,2,20,12,11,19,17,22,19,17,22,82,94,29,2,6,15,2,15,18,2,44,46,2,44,46,100,4,27,13,14,13,11,21,21,40,33,31,60,117,30,241,228,25,6,10,15,31,72,3,7,1,13,14,15,16,16,12,9,8,9,2,4,30
4266,24,4,14,3,31,7,4,38,59,23,38,59,23,128,201,46,8,15,14,18,16,13,18,17,16,18,17,16,14,14,13,5,3,6,23,6,20,25,30,7,21,25,53,108,91,142,9,17,27,55,118,14,14,12,28,28,27,31,34,29,13,11,14,1,1,1
4267,17,11,14,3,2,10,30,14,10,16,71,10,16,223,92,15,0,7,3,26,11,24,35,42,8,55,89,94,184,67,97,0,1,7,4,4,10,5,1,37,124,90,76,217,160,37,13,26,49,94,198,4,4,4,20,20,22,53,43,44,70,70,65,157,161,175
4268,31,0,4,15,17,2,18,18,36,59,120,90,125,154,204,119,5,4,12,11,12,12,15,38,14,15,38,14,218,19,231,15,15,15,16,30,13,18,17,22,110,59,60,134,179,89,12,23,42,80,167,5,11,10,8,8,9,9,3,15,21,26,13,34,16,72
4269,35,1,1,13,18,31,22,17,47,28,79,124,126,6,37,108,1,2,10,17,22,26,22,21,21,22,21,21,224,170,66,1,7,11,19,22,5,20,10,16,2,32,14,64,3,6,2,3,5,9,24,11,0,13,21,22,21,10,11,11,0,1,0,7,3,2
4270,49,11,15,5,10,17,3,40,50,14,4,95,85,152,167,165,7,12,13,7,23,7,55,3,61,81,124,61,7,3,149,9,9,9,0,31,15,15,50,19,0,56,121,231,207,158,14,29,57,113,231,4,4,4,2,2,2,5,7,5,11,106,37,205,233,137
4271,3,9,0,12,13,27,15,60,21,57,44,98,57,202,190,172,1,2,10,1,2,25,10,46,49,73,88,117,161,183,121,6,13,4,30,13,23,10,58,4,3,7,59,213,168,47,3,7,11,25,56,7,6,7,7,6,8,1,1,1,117,93,68,138,97,127
4272,61,5,3,10,19,19,13,41,57,45,41,57,45,50,25,9,14,6,0,23,6,0,12,49,0,52,4,0,70,172,0,10,10,3,12,15,11,14,2,4,8,38,0,0,120,34,4,8,13,29,67,3,9,1,3,4,3,2,5,6,7,4,6,89,67,32
4273,40,2,14,3,2,28,31,2,6,54,115,6,90,140,102,41,8,10,7,6,7,10,36,35,63,114,119,63,87,54,87,15,15,15,13,7,24,60,9,36,78,10,6,77,73,44,9,15,25,53,112,5,5,5,6,17,6,36,10,39,29,32,30,17,48,38
4274,21,8,2,4,9,4,20,47,3,39,113,103,120,168,221,96,15,14,11,0,20,3,39,47,13,118,47,13,79,12,190,0,1,7,20,1,25,63,61,35,104,0,65,164,47,146,13,24,44,84,177,6,3,8,10,15,14,41,33,46,57,48,61,77,59,43
4275,25,6,11,14,3,15,27,3,35,17,3,35,17,15,252,12,11,8,9,9,9,8,8,7,11,8,7,11,8,8,7,4,4,8,21,11,0,39,32,10,20,18,50,45,151,195,6,11,16,35,80,13,13,14,26,25,25,23,23,20,6,6,8,0,0,0
4276,36,3,1,1,30,1,15,23,5,34,85,91,7,25,239,218,12,2,10,31,10,30,53,46,26,121,122,107,104,106,167,6,13,4,2,3,1,10,58,9,77,116,10,169,30,59,6,11,17,36,82,0,0,0,14,12,0,57,37,8,111,114,93,161,133,111
4277,53,8,14,3,23,21,4,49,10,26,49,83,64,53,245,32,15,14,11,26,31,24,62,43,3,124,81,43,46,203,74,0,1,7,4,4,10,5,1,37,31,22,76,71,82,32,9,18,30,60,127,6,10,12,24,26,17,52,39,35,40,71,52,148,119,252
4278,0,3,0,1,30,1,15,59,7,38,108,7,84,73,179,129,12,2,10,31,10,30,20,25,26,20,86,98,26,33,22,6,13,4,2,3,1,29,26,5,90,50,21,120,58,71,3,7,9,20,46,0,0,0,14,12,0,18,19,8,15,18,12,9,11,8
4279,10,1,1,13,5,25,9,45,1,34,126,5,112,79,4,221,12,2,10,14,30,5,63,13,38,10,13,106,109,242,79,6,13,4,2,3,1,3,22,9,27,13,58,206,204,17,3,6,8,17,40,0,0,0,4,3,0,7,2,0,67,97,70,142,234,215
4280,54,13,7,9,29,14,14,62,63,15,62,63,119,102,90,138,13,13,6,22,8,22,23,24,28,23,24,28,31,23,24,0,1,7,6,10,9,8,18,20,113,37,37,176,123,184,11,21,38,74,156,9,8,6,27,27,30,39,41,41,33,34,35,10,8,10
4281,12,13,2,6,27,14,6,42,62,58,118,62,118,101,99,56,13,13,6,16,28,9,13,12,6,104,69,96,58,76,221,0,1,7,1,0,22,26,29,48,44,76,79,122,205,41,11,22,39,75,159,9,8,6,5,5,7,3,6,2,59,58,55,30,40,42
4282,58,2,9,3,2,28,31,2,34,54,2,54,89,252,140,117,8,10,7,6,7,10,48,8,56,48,8,89,171,119,63,15,15,15,13,29,31,10,58,4,124,6,13,175,99,180,9,15,23,50,105,5,5,5,6,17,6,32,10,31,105,103,103,232,221,188
4283,57,10,5,8,4,26,7,9,2,27,121,111,27,63,97,16,6,3,2,24,3,28,27,6,60,4,71,9,82,101,126,12,8,1,4,4,10,10,58,4,124,90,81,165,192,100,16,32,64,125,253,1,1,2,15,0,5,26,27,27,74,23,72,41,60,49
4284,62,10,12,8,4,31,22,55,21,27,55,21,18,216,217,187,6,3,2,10,17,21,33,39,60,79,72,75,135,115,166,1,7,11,19,22,5,59,44,63,47,48,83,60,22,161,3,7,11,22,51,11,0,13,21,22,21,10,11,11,54,56,0,212,194,202
4285,34,3,2,4,9,8,10,5,61,4,86,43,113,38,172,55,15,14,11,29,29,27,30,33,32,77,93,125,30,206,170,0,1,7,10,20,6,4,27,38,67,105,87,129,92,188,10,20,37,72,153,8,12,9,11,16,11,40,38,36,48,38,47,63,44,133
4286,2,14,10,4,22,21,10,8,43,62,8,44,93,212,183,8,15,1,11,15,1,20,9,1,50,9,1,50,41,84,229,0,1,7,10,20,6,32,49,54,33,75,113,152,216,77,10,19,33,66,142,8,12,9,11,23,11,12,14,13,4,2,5,28,53,39
4287,4,1,0,13,30,1,15,44,7,34,44,47,34,125,57,51,12,2,10,14,30,5,10,46,49,109,13,106,241,218,227,6,13,4,2,3,1,10,58,4,124,90,76,208,254,68,3,6,8,17,40,0,0,0,4,16,0,45,2,42,95,79,86,109,127,126
4288,15,15,6,11,11,5,28,22,9,30,22,127,30,206,234,33,3,0,4,3,0,4,26,0,4,106,0,90,129,174,71,2,5,5,8,19,16,51,8,13,22,46,44,100,60,39,7,12,18,42,91,7,6,7,7,6,8,0,0,1,26,14,26,44,35,23
4289,1,11,15,5,10,17,16,40,25,14,40,50,124,116,225,165,7,12,13,7,23,7,55,3,61,81,124,61,174,3,210,0,1,7,0,4,15,15,50,19,9,103,7,72,250,128,13,26,49,94,198,4,4,4,2,2,2,49,57,44,90,76,94,124,106,189
4290,16,6,11,9,6,30,24,16,6,7,115,73,66,140,75,31,8,10,7,27,24,6,60,51,19,60,91,77,37,55,49,0,1,7,9,7,24,27,46,51,36,99,54,109,161,228,13,25,45,86,182,10,3,8,27,27,13,54,37,34,46,44,46,23,25,40
4291,49,11,15,5,10,17,3,51,50,14,40,50,124,210,83,251,7,12,13,7,23,7,55,3,61,5,115,88,7,113,149,9,9,9,0,31,15,15,50,19,75,72,121,246,183,62,9,18,29,57,121,4,4,4,2,2,2,5,7,5,3,77,37,101,158,102
4292,62,7,5,8,25,3,2,7,2,2,7,111,75,70,2,43,6,3,2,10,17,21,34,55,31,111,6,101,199,149,131,12,8,1,7,9,14,17,37,1,35,77,110,191,70,131,15,30,60,119,243,1,1,2,0,0,4,22,13,10,56,66,63,82,117,90
4293,7,0,4,8,4,26,16,33,33,55,33,96,55,174,50,207,6,3,2,30,3,2,4,6,9,27,71,120,240,17,28,0,1,7,4,4,10,5,58,37,61,88,94,214,85,229,9,18,29,57,123,1,1,2,24,0,31,43,55,55,98,60,58,110,46,97
4294,39,15,9,11,11,6,23,63,53,50,92,53,71,130,146,104,3,0,4,25,25,23,3,27,29,3,65,29,20,27,34,7,0,10,25,18,8,38,43,34,89,49,119,3,198,165,7,13,19,43,93,7,6,7,19,21,19,6,8,7,5,7,7,12,2,20
4295,19,14,10,0,14,23,19,34,18,19,102,118,19,9,203,178,10,9,8,12,14,11,14,15,10,14,64,10,18,16,120,11,12,0,26,25,2,52,13,30,4,9,12,2,24,2,8,14,22,49,103,12,10,11,23,18,18,15,15,19,2,3,3,8,13,6
4296,41,1,0,13,1,22,17,1,11,10,69,106,10,197,41,142,1,2,10,1,2,25,1,2,17,105,2,17,1,109,208,6,13,4,30,13,23,19,14,41,17,39,107,79,105,245,3,4,6,10,25,0,0,0,9,7,10,1,1,3,22,0,2,73,17,123
4297,51,12,8,7,15,18,12,27,24,5,64,24,11,166,131,134,4,5,1,5,4,15,21,5,12,113,62,12,124,39,200,3,6,2,31,5,4,21,0,23,7,90,5,40,211,125,3,7,11,26,62,2,2,3,1,1,1,4,4,4,88,25,1,96,20,184
4298,33,5,3,10,19,19,13,26,57,45,26,27,47,50,18,10,14,6,0,23,6,0,12,49,0,12,73,0,255,192,218,10,10,3,12,15,11,14,2,4,126,79,38,97,150,98,4,8,13,29,65,3,9,1,3,4,3,2,5,6,31,29,34,187,250,239
4299,17,8,15,5,10,17,16,47,31,25,4,68,14,61,20,11,7,12,13,7,23,7,55,3,61,81,124,61,73,3,92,0,1,7,0,31,15,15,50,19,124,90,76,71,170,253,13,25,47,89,186,4,4,4,2,2,2,5,7,5,99,55,28,46,239,197
4300,33,5,3,10,19,19,13,41,27,45,41,27,47,50,248,25,14,6,0,23,6,0,12,49,0,12,73,0,235,172,69,10,10,3,12,15,11,14,2,4,8,38,38,71,160,253,4,8,13,29,66,3,9,1,3,4,3,2,5,6,7,4,6,254,250,248
4301,20,5,3,10,6,19,0,36,57,16,58,108,16,237,12,161,2,6,15,2,15,18,52,4,15,108,79,73,190,86,86,0,1,7,9,7,10,10,58,4,94,96,101,28,180,79,9,18,31,61,130,3,9,1,3,4,3,44,58,52,93,98,100,114,120,108
4302,56,13,7,6,27,14,6,25,28,58,88,28,58,164,171,220,13,13,6,16,28,9,13,12,6,13,12,6,227,117,222,0,1,7,1,0,22,0,42,61,101,113,35,250,33,241,11,22,40,77,161,9,8,6,5,5,7,3,6,2,20,33,17,66,18,27
4303,44,10,12,9,12,4,21,43,40,31,70,110,80,190,70,114,0,7,3,4,27,16,44,29,47,44,29,2,151,74,16,8,2,12,24,16,17,53,34,33,24,17,20,147,65,113,16,32,62,122,247,1,3,8,18,11,13,13,25,16,34,13,39,21,30,31
4304,32,6,11,2,20,12,11,19,17,22,24,23,117,30,63,201,2,6,15,2,15,18,2,44,46,2,44,109,192,173,148,13,14,13,11,21,21,10,58,4,60,117,30,241,107,170,6,10,15,31,71,3,7,1,13,14,15,16,16,12,9,8,9,111,141,30
4305,39,15,9,11,11,6,23,50,46,24,50,46,74,213,136,245,3,0,4,25,25,23,3,27,29,3,113,102,91,92,75,7,0,10,17,14,19,43,24,32,29,61,34,128,10,101,7,13,20,46,96,7,6,7,19,21,19,6,8,7,69,61,71,38,31,20
4306,30,11,13,5,8,29,3,4,32,3,78,114,3,235,135,13,7,12,13,21,23,29,5,53,20,64,114,20,57,38,237,9,9,9,0,31,15,58,16,62,48,30,68,203,142,94,14,29,56,111,228,4,4,4,2,2,2,29,30,30,3,16,21,36,14,13
4307,57,10,5,8,4,26,7,57,58,27,121,111,27,46,97,151,6,3,2,30,3,2,4,6,9,4,71,9,155,230,228,12,8,1,4,4,10,10,58,4,5,104,81,85,208,31,16,32,64,126,254,1,1,2,0,0,5,26,27,27,56,23,56,65,114,61
4308,47,2,11,2,16,16,25,56,37,41,105,94,121,60,71,208,8,10,7,27,24,6,24,18,33,24,18,33,2,166,25,15,15,15,3,26,26,11,5,57,12,55,3,10,167,175,9,16,26,54,115,10,5,5,16,19,24,19,21,18,18,17,18,3,5,120
4309,62,7,0,8,4,9,16,55,29,26,55,125,18,86,217,27,6,3,2,10,17,21,33,39,60,27,71,60,179,179,176,0,1,7,4,4,10,10,58,4,124,90,76,71,160,253,3,7,11,22,51,1,1,2,0,0,4,52,62,47,94,124,122,212,194,202
4310,54,13,7,9,29,14,14,62,63,15,62,99,119,239,36,63,13,13,6,22,8,22,23,24,28,23,24,28,31,23,24,0,1,7,6,10,9,8,18,20,28,74,32,104,237,78,11,21,38,74,158,9,8,6,27,27,30,39,41,41,33,34,35,10,8,10
4311,2,14,10,3,22,21,10,8,43,62,8,44,93,117,183,117,15,1,11,15,1,20,9,1,50,9,1,50,41,84,229,0,1,7,10,20,6,32,49,54,33,75,113,152,216,77,10,19,33,66,141,8,12,9,11,23,11,12,14,13,4,2,5,28,53,39
4312,6,11,13,5,10,29,3,4,50,3,110,95,98,152,60,184,7,12,13,7,23,7,5,53,61,5,115,88,177,113,165,9,9,9,0,31,15,15,50,19,0,103,29,203,142,94,14,29,57,113,231,4,4,4,2,2,2,5,7,5,3,19,28,36,14,60
4313,25,7,5,8,25,3,2,37,2,2,57,111,75,92,2,88,6,3,2,10,17,21,34,55,31,111,6,101,89,149,5,12,8,1,7,9,14,35,31,2,56,90,61,71,160,100,15,30,60,118,242,1,1,2,0,0,4,17,13,10,14,12,11,98,111,161
4314,10,1,1,13,5,25,9,45,1,18,126,1,112,120,24,51,12,2,10,14,30,5,63,13,38,63,90,38,141,58,4,6,13,4,2,3,1,3,22,9,27,13,58,121,62,112,3,6,8,17,42,0,0,0,4,3,0,7,2,0,96,89,88,162,112,86
4315,60,13,7,14,3,15,27,3,35,17,3,35,17,19,7,12,11,8,9,9,9,8,8,7,11,8,7,11,8,8,209,4,4,8,21,11,0,39,32,10,20,18,50,174,6,74,5,9,14,30,70,13,13,14,26,25,25,23,23,20,6,6,8,0,0,0
4316,48,15,6,11,11,5,28,13,9,30,95,81,29,167,129,147,3,0,4,3,0,4,26,0,4,66,117,4,230,143,143,2,5,5,8,19,16,7,51,49,6,78,9,188,113,4,7,12,18,40,88,7,6,7,7,6,8,0,0,1,82,45,57,58,57,71
4317,13,3,2,4,23,9,1,12,33,9,80,126,27,70,108,5,15,14,11,29,31,27,47,58,18,69,32,18,95,196,128,0,1,7,4,4,10,10,58,4,124,90,76,211,160,17,3,7,9,18,43,1,1,2,14,12,17,26,27,27,56,108,56,242,157,90
4318,29,2,9,3,2,28,31,2,34,54,2,54,69,2,140,19,8,10,7,6,7,10,48,8,56,48,8,89,55,159,198,15,15,15,13,29,31,37,41,42,16,6,13,175,177,180,9,15,23,50,106,5,5,5,6,17,6,32,10,31,36,35,36,13,12,15
4319,27,14,14,3,23,21,4,49,10,36,42,97,26,85,182,32,2,7,15,19,31,24,59,63,19,32,91,64,96,189,119,0,1,7,4,4,10,5,1,37,31,22,76,70,188,90,9,18,32,63,135,10,10,5,24,0,17,53,43,53,125,125,74,199,138,204
4320,46,10,12,8,24,26,7,28,39,13,111,39,72,230,132,204,4,11,1,20,18,19,17,14,22,17,14,22,25,152,163,14,11,14,14,12,7,6,3,25,46,11,33,56,174,30,16,31,61,120,245,15,15,15,29,30,29,34,36,32,23,24,25,81,88,87
4321,48,15,6,11,11,5,28,22,9,30,67,127,30,206,234,33,3,0,4,3,0,4,26,0,4,106,0,90,3,0,139,2,5,5,8,19,16,51,8,13,22,46,44,200,203,67,7,12,18,42,91,7,6,7,7,6,8,0,0,1,26,14,26,44,35,23
4322,8,3,2,4,9,20,20,61,12,39,90,122,7,255,239,218,9,11,5,13,26,14,42,11,23,126,122,107,242,188,19,0,1,7,20,1,25,46,45,40,77,116,10,169,30,59,10,20,35,70,148,8,3,9,17,16,20,25,37,23,111,114,93,161,133,111
4323,42,2,9,3,26,28,0,15,56,26,20,54,69,252,140,121,8,10,7,6,7,10,56,35,41,7,70,56,24,85,6,15,15,15,4,4,10,10,58,4,124,6,13,238,177,180,7,13,21,48,100,5,5,5,6,17,6,32,36,39,105,103,103,146,197,223
4324,34,3,2,4,9,8,10,39,12,39,90,43,113,99,172,55,15,14,11,29,29,27,30,32,18,77,93,125,30,209,195,0,1,7,20,20,25,4,27,38,109,90,48,71,92,188,10,19,34,68,146,8,12,9,17,16,11,25,56,23,48,109,60,173,203,146
4325,47,6,11,2,16,16,25,56,37,41,56,94,121,110,71,208,8,10,7,27,24,6,24,18,33,24,18,33,2,166,25,15,15,15,3,26,26,11,5,57,12,55,3,23,59,139,9,16,26,54,115,10,5,5,16,19,24,19,21,18,18,17,18,3,5,4
4326,3,1,7,1,30,13,15,23,60,38,106,60,38,148,147,238,13,2,10,8,10,22,51,56,24,91,56,71,48,48,81,0,1,7,2,3,1,57,11,14,83,109,67,18,76,86,13,27,52,100,208,9,8,6,5,5,7,38,32,54,85,41,73,78,80,78
4327,26,6,11,2,26,30,0,24,23,0,89,70,0,72,103,112,2,6,15,19,15,18,32,16,15,116,16,111,172,231,181,0,1,7,9,7,10,55,15,24,63,40,97,61,104,36,6,11,17,38,85,3,7,1,13,14,15,28,44,53,52,57,48,50,52,62
4328,43,10,12,8,24,26,7,28,39,13,111,39,72,94,233,204,4,11,1,20,18,19,17,14,22,17,14,22,25,152,163,14,11,14,14,12,7,6,3,25,46,11,33,56,174,30,16,31,61,120,245,15,15,15,29,30,29,34,36,32,23,24,25,81,88,87
4329,29,2,9,3,2,28,31,2,34,54,114,54,89,39,45,121,8,10,7,6,7,10,48,8,56,48,8,89,55,219,67,15,15,15,13,29,31,37,41,42,16,80,116,1,99,173,9,15,25,52,108,5,5,5,6,17,6,32,10,31,36,35,36,13,12,15
4330,44,10,5,8,4,26,7,57,13,44,57,13,44,8,206,123,6,3,2,30,3,2,4,52,9,92,52,68,63,17,220,12,8,1,18,27,18,31,4,58,56,24,56,182,102,52,16,32,63,124,251,1,1,2,0,0,5,24,22,21,17,27,15,49,77,19
4331,24,4,14,3,31,7,4,38,59,23,125,59,70,41,201,240,8,15,14,18,16,13,18,17,16,18,17,16,14,14,13,5,3,6,23,6,20,25,30,7,21,25,53,108,91,142,9,17,27,55,118,14,14,12,28,28,27,31,34,29,13,11,14,1,1,1
4332,22,3,2,4,9,20,14,10,12,39,5,122,68,251,84,211,15,14,11,29,29,27,30,32,32,69,97,110,97,237,105,0,1,7,20,20,25,46,45,40,127,69,89,137,26,53,10,20,36,71,149,8,3,9,17,16,20,25,26,23,42,78,60,52,29,149
4333,34,3,2,4,9,8,10,61,61,4,86,82,4,146,215,159,15,14,11,29,29,27,30,33,32,122,93,125,71,123,47,0,1,7,20,20,25,4,27,38,105,31,31,94,56,81,10,20,36,71,150,8,3,9,11,16,11,12,38,36,48,78,60,129,129,118
4334,54,13,7,6,29,14,14,62,26,15,62,26,119,226,52,70,13,13,6,22,8,22,23,24,28,23,24,28,31,23,24,0,1,7,6,10,9,8,18,20,41,14,80,20,18,82,11,21,38,73,155,9,8,6,27,27,30,39,41,41,33,34,35,10,8,10
4335,44,10,12,8,4,26,21,35,58,31,35,58,31,86,22,132,6,3,2,24,27,28,27,31,2,95,31,72,51,73,173,8,2,12,24,16,17,41,59,12,79,68,75,165,192,181,16,32,62,123,249,1,1,2,15,11,5,35,25,33,28,22,24,5,10,3
4336,25,6,11,2,6,30,24,24,23,36,71,97,36,52,169,64,2,6,15,19,15,18,54,16,15,54,85,99,88,153,95,0,1,7,9,4,10,5,1,37,69,29,47,91,137,75,9,18,31,61,129,3,7,1,25,10,17,53,43,52,70,70,65,92,101,115
4337,32,6,11,2,20,12,11,19,4,22,19,4,22,126,205,85,2,6,15,2,15,18,2,44,46,2,44,46,100,4,27,13,14,13,11,21,21,40,33,31,86,108,72,66,15,129,6,10,15,31,72,3,7,1,13,14,15,16,16,12,9,8,9,2,4,12
4338,4,9,2,12,9,20,20,61,12,39,90,122,39,147,123,197,9,11,5,13,26,14,42,11,23,42,11,23,110,249,35,0,1,7,20,20,25,46,45,40,127,69,89,47,154,46,10,20,35,70,148,8,3,9,17,16,20,25,26,23,42,64,27,52,29,69
4339,35,1,1,13,18,31,22,17,47,28,79,124,28,6,37,24,1,2,10,17,22,26,22,21,21,22,21,21,224,170,66,1,7,11,19,22,5,20,10,16,2,32,14,64,3,6,2,3,5,9,24,11,0,13,21,22,21,10,11,11,0,1,0,7,3,2
4340,62,10,12,8,4,26,7,9,38,27,9,76,105,159,115,16,6,3,2,24,3,28,27,31,40,74,66,100,27,25,38,8,2,12,28,23,12,28,36,11,100,26,19,89,9,66,16,32,64,125,253,1,1,2,15,11,5,26,27,27,74,23,72,41,60,49
4341,37,7,5,8,25,3,2,7,2,2,57,111,2,90,32,88,6,3,2,10,17,21,34,55,31,34,55,95,254,118,58,12,8,1,7,9,14,17,58,1,56,4,61,165,126,100,15,30,60,118,242,1,1,2,0,0,4,17,13,10,123,122,117,98,190,161
4342,55,1,0,13,1,22,17,60,11,10,60,106,82,64,4,136,1,2,10,1,2,25,1,2,17,105,88,117,204,211,113,6,13,4,30,13,23,19,14,41,81,86,124,222,173,185,3,4,6,11,27,0,0,0,9,7,10,1,1,3,55,100,69,35,45,103
4343,6,11,14,3,23,9,16,14,10,26,12,119,52,246,98,32,15,14,11,26,31,24,62,43,42,70,67,42,246,88,179,0,1,7,4,4,10,5,1,37,107,57,109,93,84,145,13,26,49,93,193,4,10,11,8,18,18,59,54,58,80,80,59,119,102,100
4344,38,1,0,1,30,1,15,59,5,34,108,5,84,73,134,129,12,2,10,31,10,30,20,25,26,20,86,98,26,213,241,6,13,4,2,3,1,29,26,5,27,13,58,234,4,12,3,7,9,20,47,0,0,0,14,12,0,18,2,8,67,91,70,128,115,83
4345,17,11,15,4,10,17,1,40,31,63,40,31,14,37,26,49,7,12,13,7,11,7,55,3,61,81,124,126,202,195,184,0,1,7,0,31,15,15,50,19,82,71,118,95,52,166,14,29,57,112,229,4,4,4,2,2,2,49,48,44,102,55,85,97,103,73
4346,55,1,1,13,7,25,5,29,22,48,29,22,48,145,46,247,12,2,10,14,21,17,29,61,35,29,61,35,38,71,42,6,13,4,29,24,27,47,55,15,14,58,115,140,61,26,3,5,7,13,33,0,0,0,22,3,16,27,29,26,30,31,29,6,6,5
4347,58,2,9,3,2,28,26,15,54,49,15,89,69,178,19,15,8,10,7,6,7,10,56,35,41,7,70,56,232,159,198,15,15,15,4,29,31,36,1,0,119,6,13,8,177,49,9,15,23,50,106,5,5,5,6,24,6,30,18,24,49,53,50,69,74,79
4348,25,6,14,2,23,10,4,49,10,16,49,83,64,53,66,64,15,14,11,26,31,24,62,43,43,31,26,43,239,114,23,0,1,7,4,4,10,5,1,37,31,22,76,63,82,231,9,18,30,60,128,6,10,12,24,26,17,43,39,35,40,85,52,137,128,121
4349,26,6,11,2,6,21,0,24,44,26,24,23,25,53,89,11,15,14,11,26,31,24,62,43,43,31,26,43,239,114,23,0,1,7,9,4,10,5,1,37,31,90,90,71,82,231,9,18,32,65,138,6,10,12,24,26,17,43,39,35,40,85,52,137,128,173
4350,27,2,14,3,23,21,16,54,10,26,54,126,26,246,176,230,0,7,3,26,31,24,45,19,58,75,19,58,81,82,70,0,1,7,4,4,10,5,1,37,53,44,125,41,144,222,13,26,50,96,202,4,4,4,8,8,24,58,48,57,87,102,102,104,132,140
4351,26,5,3,10,19,19,13,36,57,45,36,57,45,50,11,246,14,6,0,23,6,0,12,49,0,12,73,104,16,18,252,10,10,3,12,15,11,14,2,4,103,81,82,7,251,38,4,8,13,29,66,3,9,1,3,4,3,2,5,6,7,4,6,51,56,54
4352,44,10,12,8,4,26,21,35,58,31,35,58,31,104,249,132,6,3,2,24,27,28,27,31,2,95,31,72,51,73,173,8,2,12,24,16,17,41,59,12,79,68,75,135,222,107,16,32,62,123,248,1,1,2,15,11,5,35,25,33,28,22,24,5,10,3
4353,5,0,4,15,0,2,16,52,25,40,75,56,81,233,116,227,0,7,3,26,8,22,43,41,27,107,118,124,118,107,51,0,1,7,4,4,10,57,58,14,93,90,90,29,209,179,6,11,16,32,73,9,7,6,31,29,28,61,46,61,112,99,104,70,113,150
4354,19,14,10,0,14,23,19,34,18,19,102,18,19,9,117,178,10,9,8,12,14,11,14,15,10,14,64,10,18,16,120,11,12,0,26,25,2,52,13,30,4,9,12,2,24,2,8,14,22,49,103,12,10,11,23,18,18,15,15,19,2,3,3,8,13,6
4355,42,2,9,3,2,28,26,6,54,49,6,89,101,58,197,84,8,10,7,6,7,10,7,34,7,68,87,7,34,7,85,15,15,15,4,29,31,36,1,0,97,15,103,221,103,253,9,15,23,50,106,5,5,5,6,24,6,30,18,24,24,30,20,24,24,21
4356,48,15,6,11,11,5,28,22,9,57,93,127,115,206,218,7,3,0,4,3,0,4,26,0,4,66,117,90,154,143,216,2,5,5,8,19,16,51,8,13,92,122,66,4,255,55,7,12,18,40,89,7,6,7,7,6,8,0,0,1,47,14,26,83,49,77
4357,16,9,0,12,1,22,17,1,11,10,69,106,107,214,210,148,1,2,10,1,2,25,1,2,17,1,2,79,159,156,136,6,13,4,30,13,23,19,14,41,26,97,36,71,249,208,3,4,6,12,30,0,0,0,9,7,10,1,1,3,104,95,105,154,91,131
4358,9,9,8,12,13,27,20,44,24,53,73,80,29,51,178,191,12,2,10,31,21,17,40,40,49,40,40,65,32,62,55,2,5,5,8,19,16,54,54,18,71,92,49,199,115,27,3,7,10,21,49,7,6,7,22,31,16,51,53,56,71,72,78,72,66,64
4359,56,13,7,6,27,14,6,25,28,58,118,28,118,164,105,249,13,13,6,16,28,9,13,12,6,13,12,6,227,11,11,0,1,7,1,0,22,0,42,61,59,83,106,86,148,10,13,26,50,97,204,9,8,6,5,5,7,3,6,2,20,37,17,18,21,63
4360,53,2,14,3,23,21,4,49,44,26,49,126,64,112,196,206,0,7,3,26,31,24,31,26,43,88,103,67,106,111,65,0,1,7,4,4,10,5,1,37,75,72,76,246,160,234,9,18,30,59,126,6,10,12,24,26,17,43,39,35,115,74,87,233,148,113
4361,11,1,1,13,7,25,5,29,22,48,29,19,48,145,35,247,12,2,10,14,21,17,29,61,35,29,61,35,38,71,42,6,13,4,29,24,27,47,55,15,14,58,115,140,61,26,3,5,7,13,33,0,0,0,22,3,16,27,29,26,30,31,29,6,6,5
4362,43,0,4,15,17,2,18,53,36,40,75,90,81,71,222,231,5,4,12,11,12,12,15,38,14,15,38,121,150,191,61,15,15,15,16,30,13,12,56,52,88,118,73,253,184,251,13,25,48,91,190,5,11,10,8,8,9,9,46,15,79,75,76,70,87,81
4363,11,3,9,4,28,9,1,44,41,63,101,75,63,252,140,160,1,2,10,31,10,17,10,46,49,110,88,92,188,130,162,0,1,7,4,4,10,10,58,4,15,111,76,153,220,3,3,7,11,26,59,7,6,7,7,6,16,32,51,50,109,103,101,247,178,176
4364,34,8,2,4,28,8,1,12,61,4,25,3,4,199,110,215,15,14,11,29,29,27,30,33,32,77,93,125,208,65,89,0,1,7,4,20,10,4,27,38,67,105,87,129,186,80,10,19,34,67,143,8,12,9,11,13,11,40,38,36,48,38,47,63,44,67
4365,54,8,15,5,28,9,16,51,50,9,4,95,85,233,253,227,0,7,3,26,8,22,43,41,27,107,118,124,245,107,51,0,1,7,4,4,10,10,23,14,93,90,90,29,209,179,14,29,57,114,232,4,4,4,31,29,28,61,46,61,112,99,104,194,113,150
4366,23,7,5,8,25,3,2,37,2,21,97,2,21,43,2,169,6,3,2,10,17,21,34,55,31,34,55,95,254,118,58,12,8,1,7,9,14,44,37,44,18,1,16,210,202,183,15,30,59,117,240,1,1,2,0,0,4,17,13,10,14,12,11,20,28,11
4367,35,1,1,13,18,31,22,17,47,28,79,124,28,6,37,108,1,2,10,17,22,26,22,21,21,22,21,21,224,170,66,1,7,11,19,22,5,20,10,16,2,32,14,64,3,6,2,3,5,9,24,11,0,13,21,22,21,10,11,11,0,1,0,7,3,2
4368,28,12,8,7,15,18,12,46,20,60,46,16,60,34,236,65,4,5,1,5,4,15,21,50,62,103,92,62,60,207,123,3,6,2,31,5,4,1,25,29,124,127,76,189,195,104,1,2,4,7,19,2,2,3,1,1,1,14,24,22,8,10,10,48,150,134
4369,34,3,2,4,9,8,10,44,61,4,10,61,4,248,110,194,15,14,11,29,29,27,30,33,32,77,93,125,71,206,170,0,1,7,4,20,10,4,27,38,67,105,87,137,160,196,3,7,11,26,60,8,12,9,11,13,11,40,38,36,61,38,47,63,44,133
4370,28,12,8,7,15,18,12,46,42,61,46,16,60,119,95,65,4,5,1,5,4,15,21,50,62,103,92,62,60,207,123,3,6,2,31,5,4,1,21,6,118,93,100,103,252,208,1,2,4,7,19,2,2,3,1,1,1,14,24,22,8,95,10,48,150,134
4371,3,1,1,13,5,1,9,47,19,18,17,91,102,243,78,51,12,2,10,14,30,5,10,13,49,10,13,106,233,142,205,6,13,4,4,4,10,3,22,9,27,13,58,178,117,193,13,25,47,89,185,0,0,0,4,3,0,7,2,0,97,92,91,147,137,128
4372,22,8,15,9,0,30,14,16,14,46,16,73,46,242,227,102,0,7,3,26,31,24,58,10,27,76,98,27,203,104,109,0,1,7,9,7,10,33,40,60,74,91,15,119,50,133,13,25,46,87,183,6,15,1,25,10,23,46,47,48,39,42,97,113,122,129
4373,53,0,4,15,0,2,16,52,25,40,83,68,25,255,237,156,5,4,12,11,12,12,15,38,14,15,38,121,150,191,61,15,15,15,9,4,10,10,58,4,124,90,76,32,253,228,13,25,48,90,188,5,11,10,8,8,9,9,46,15,100,75,76,219,170,185
4374,42,2,9,3,2,28,31,2,34,54,2,113,89,107,45,181,8,10,7,6,7,10,48,8,56,48,8,89,55,219,67,15,15,15,13,29,31,37,41,42,16,80,116,96,31,24,9,15,25,53,110,5,5,5,6,17,6,32,10,31,36,35,36,13,12,15
4375,1,11,15,5,10,17,3,51,50,14,104,50,124,114,242,251,7,12,13,7,23,7,55,3,61,81,124,61,73,3,149,0,1,7,0,31,15,15,50,19,0,56,121,37,241,223,14,29,57,113,231,4,4,4,2,2,2,5,7,5,94,77,37,172,104,102
4376,12,13,5,6,27,14,6,33,28,58,88,28,58,241,48,220,13,13,6,16,28,9,13,12,6,13,12,6,130,184,222,0,1,7,1,0,22,0,42,61,101,113,35,250,33,241,11,22,40,77,161,9,8,6,5,5,7,3,6,2,20,33,17,66,18,63
4377,0,1,0,1,30,1,15,59,5,34,59,5,34,81,179,129,12,2,10,14,30,5,63,13,5,117,101,5,9,87,140,6,13,4,2,3,1,3,22,9,11,13,18,16,204,17,3,6,8,15,36,0,0,0,4,3,0,20,2,0,83,81,64,90,51,104
4378,51,12,8,7,15,18,29,46,42,32,64,42,92,11,88,109,4,5,1,5,4,31,38,5,12,113,62,12,4,204,60,3,6,2,31,5,4,21,0,23,124,19,122,71,211,253,1,2,3,6,15,2,2,3,1,1,1,4,4,4,41,25,1,61,236,92
4379,12,8,2,6,27,14,6,47,62,58,118,62,118,78,99,56,13,13,6,16,28,9,13,12,6,104,69,96,58,76,221,0,1,7,1,0,22,26,29,48,44,76,79,122,205,41,11,22,39,75,159,9,8,6,5,5,7,3,6,2,59,58,55,30,40,42
4380,7,8,12,9,12,4,8,43,45,33,37,45,108,18,72,198,0,7,3,4,19,16,19,45,47,19,45,86,168,79,73,0,1,7,9,1,10,33,40,60,99,5,120,181,162,148,13,24,43,82,173,6,3,8,18,15,13,13,31,16,25,13,41,79,64,96
4381,59,11,13,5,8,29,3,4,32,35,98,95,85,217,193,203,7,12,13,7,23,7,5,53,20,5,115,88,177,128,165,9,9,9,0,31,15,15,50,19,124,103,29,71,160,1,14,29,57,113,230,4,4,4,2,2,2,5,7,5,11,19,28,251,71,144
4382,53,3,0,1,30,13,15,23,7,38,108,98,38,214,212,192,12,2,10,31,10,17,53,46,49,110,96,49,83,193,45,6,13,4,2,3,1,10,58,4,124,90,76,71,93,253,3,7,9,19,44,0,0,0,14,12,28,18,19,8,81,95,105,209,242,235
4383,0,1,1,13,5,1,9,45,5,18,112,5,76,96,24,126,12,2,10,14,30,5,63,13,5,117,101,5,9,87,140,6,13,4,2,3,1,3,22,9,87,95,117,11,68,164,3,6,8,15,36,0,0,0,4,3,0,20,2,0,35,36,43,19,51,50
4384,45,10,5,8,4,26,7,57,13,44,117,13,44,240,223,123,6,3,2,30,3,2,4,52,9,92,52,68,63,17,220,12,8,1,18,27,18,31,4,58,5,24,56,182,16,84,16,32,63,124,251,1,1,2,0,0,5,24,22,21,17,27,15,15,19,19
4385,31,0,4,15,17,2,18,53,36,59,53,90,59,247,142,180,5,4,12,11,12,12,15,38,14,15,38,14,218,19,231,15,15,15,16,30,13,18,17,22,32,62,62,162,108,206,12,23,42,80,169,5,11,10,8,8,9,9,3,15,12,9,13,34,16,18
4386,17,11,15,5,10,17,3,4,50,3,104,50,114,84,157,251,7,12,13,7,23,7,5,53,20,5,115,88,177,113,53,9,9,9,0,31,15,15,50,19,0,56,121,157,141,91,14,29,57,114,233,4,4,4,2,2,2,5,30,5,3,16,37,40,142,60
4387,30,11,15,5,10,17,3,51,50,14,4,95,85,61,253,241,7,12,13,7,23,7,55,3,61,5,115,88,177,164,8,9,9,9,0,31,15,15,50,19,124,103,29,71,183,137,14,29,57,113,231,4,4,4,2,2,2,5,7,5,11,19,28,87,79,144
4388,9,15,9,11,11,6,23,63,53,50,92,64,50,232,58,121,3,0,4,25,25,23,3,27,29,3,27,102,212,92,234,7,0,10,25,18,8,10,58,4,124,90,76,82,153,203,7,13,21,48,100,7,6,7,19,21,19,6,8,7,5,7,7,235,174,237
4389,23,7,5,8,25,3,2,37,2,21,81,2,62,32,2,169,6,3,2,10,17,21,34,55,31,34,55,95,254,118,58,12,8,1,7,9,14,44,37,44,18,1,16,172,98,183,15,30,59,117,240,1,1,2,0,0,4,17,13,10,14,12,11,20,28,11
4390,13,8,2,9,28,9,1,12,3,63,76,103,86,162,149,216,0,7,3,26,13,24,37,20,53,37,121,25,127,93,245,0,1,7,9,1,10,10,58,4,124,90,76,71,160,253,3,7,9,18,43,6,3,8,18,15,13,13,31,16,25,127,41,238,226,96
4391,59,11,13,5,8,29,3,4,32,14,110,69,98,217,193,241,7,12,13,7,23,7,55,3,61,5,115,88,177,128,8,9,9,9,0,31,15,15,50,19,9,103,29,71,2,157,14,29,57,113,230,4,4,4,2,2,2,5,7,5,11,19,28,141,71,94
4392,6,10,5,8,4,26,7,57,13,44,117,13,44,234,223,123,6,3,2,30,3,2,4,52,9,92,52,68,63,17,220,12,8,1,18,27,18,31,4,58,5,24,56,182,16,84,16,32,63,124,251,1,1,2,0,0,5,24,22,21,17,27,15,15,19,19
4393,37,7,5,3,25,3,2,7,2,2,109,100,2,92,120,79,6,3,2,10,17,21,33,39,34,33,39,34,108,6,141,12,8,1,7,9,14,35,31,2,117,101,108,43,106,69,15,30,60,118,242,1,1,2,0,0,4,22,9,9,43,39,38,42,22,45
4394,2,14,10,4,22,8,10,8,43,62,86,88,93,196,183,81,15,1,11,15,1,20,9,1,50,9,1,50,175,1,115,0,1,7,10,20,6,32,49,54,109,75,48,59,212,116,10,20,36,71,151,8,12,9,11,23,11,12,14,13,4,2,5,14,73,195
4395,33,0,4,15,17,2,18,26,27,42,47,27,42,50,222,9,14,6,0,23,6,0,12,49,0,52,4,0,255,131,218,10,10,3,12,15,11,14,2,4,126,79,114,25,194,130,13,25,47,89,186,3,9,1,3,4,3,2,5,6,101,96,95,122,121,142
4396,54,8,2,4,23,4,8,42,33,52,107,103,120,205,168,183,15,14,11,0,20,3,30,9,45,96,33,32,33,198,230,0,1,7,4,4,10,10,58,4,124,28,1,242,243,178,13,24,44,85,179,9,3,8,14,15,14,41,33,46,114,91,125,217,217,218
4397,8,12,8,7,15,18,12,32,16,61,32,16,61,192,64,139,4,5,1,5,4,15,21,50,62,103,92,62,249,207,50,3,6,2,31,5,4,1,25,29,114,8,71,189,35,104,1,2,4,8,21,2,2,3,1,1,1,33,28,38,8,21,10,48,43,76
4398,13,8,2,4,12,4,8,47,3,25,113,103,120,168,221,96,15,14,11,0,20,3,39,47,13,118,47,13,79,12,190,0,1,7,20,1,25,63,61,35,104,0,65,164,47,146,13,24,44,84,177,6,3,8,10,15,14,41,33,46,57,48,61,77,59,43
4399,60,13,7,14,3,15,27,3,35,17,3,35,17,74,220,12,11,8,9,9,9,8,8,7,11,8,7,11,8,8,243,4,4,8,21,11,0,39,32,10,20,18,50,17,5,33,5,9,14,30,70,13,13,14,26,25,25,23,23,20,6,6,8,0,0,0
4400,7,9,8,12,24,20,29,16,39,11,111,39,72,161,65,53,4,11,1,20,18,19,17,14,22,17,14,22,114,26,20,14,11,14,14,12,7,62,47,28,19,87,42,40,158,136,16,31,61,121,246,15,15,15,29,30,29,34,36,32,23,24,25,26,32,28
4401,22,3,7,1,7,13,5,29,22,48,99,19,48,69,181,42,12,2,10,31,21,17,53,28,35,82,28,85,98,151,88,6,13,4,29,24,27,57,23,14,93,65,88,133,61,87,3,5,7,14,35,0,0,6,22,29,16,27,29,26,73,90,80,84,81,91
4402,34,3,2,4,9,8,10,61,61,4,25,82,4,207,172,215,15,14,11,29,29,27,30,33,32,122,93,125,208,137,47,0,1,7,20,20,25,4,27,38,67,105,87,137,26,252,13,27,54,104,216,8,12,9,11,13,11,40,38,36,61,38,47,213,44,165
4403,36,3,2,4,9,20,20,61,12,39,90,122,39,251,123,211,9,11,5,13,26,14,42,11,23,42,11,23,110,30,112,0,1,7,20,20,25,46,45,40,127,69,89,35,26,250,10,20,36,71,149,8,3,9,17,16,20,25,26,23,42,40,27,52,29,69
4404,12,13,7,6,27,14,6,52,28,58,72,123,65,28,105,110,13,13,6,16,28,9,13,30,6,94,30,84,13,77,137,0,1,7,1,0,22,57,23,14,59,33,123,227,57,141,13,26,50,97,204,9,8,6,5,5,7,3,6,2,63,37,45,121,21,132
4405,56,13,7,6,27,14,6,25,21,58,88,78,65,191,185,110,13,13,6,16,28,9,13,30,6,94,30,84,13,77,137,0,1,7,1,0,22,0,23,61,96,2,2,227,33,241,13,26,50,97,204,9,8,6,5,5,7,3,6,2,20,33,17,66,65,132
4406,21,9,2,12,13,27,20,61,24,53,123,66,63,141,192,254,9,11,5,13,26,1,11,37,1,99,94,70,12,112,182,0,1,7,15,2,28,1,12,50,40,28,1,201,163,213,1,1,1,3,5,2,2,3,12,9,12,8,12,14,19,15,32,33,151,33
4407,2,14,10,3,22,21,10,8,43,62,8,88,93,196,183,183,15,1,11,15,1,20,9,1,50,9,1,50,175,1,115,0,1,7,10,20,6,32,49,54,33,75,113,152,216,77,10,19,33,66,142,8,12,9,11,23,11,12,14,13,4,2,5,28,200,22
4408,21,8,2,6,27,14,6,42,28,58,107,87,58,241,72,99,15,14,11,29,29,27,30,33,32,96,47,32,219,137,46,0,1,7,4,4,10,10,58,4,124,90,76,71,160,253,1,2,2,4,7,9,3,6,5,15,7,3,33,46,114,104,17,184,192,200
4409,13,8,2,4,28,9,1,12,44,63,12,126,86,87,126,190,15,14,11,0,20,3,41,9,45,125,9,80,158,146,64,0,1,7,4,4,10,30,52,55,80,126,93,71,66,8,13,27,54,106,220,6,3,8,10,13,14,21,20,45,37,73,81,125,89,114
4410,3,1,0,13,5,1,15,44,5,34,44,98,38,216,190,172,12,2,10,14,30,5,63,13,38,87,25,81,128,155,104,6,13,4,2,3,1,3,22,9,27,13,58,88,93,240,3,7,9,20,46,0,0,0,14,12,0,38,2,8,81,93,68,223,229,127
4411,14,15,9,11,11,6,23,63,56,24,92,54,88,232,140,106,3,0,4,25,25,23,3,27,29,3,27,102,212,167,234,0,1,7,4,4,10,10,58,4,124,111,76,232,110,186,7,13,21,48,101,7,6,7,19,21,19,6,8,7,5,61,7,146,31,9
4412,6,6,11,2,16,16,25,56,37,41,56,37,121,110,71,208,8,10,7,27,24,6,24,18,33,24,18,33,2,166,25,15,15,15,3,26,26,11,5,57,12,55,3,23,59,139,9,16,26,54,115,10,5,5,16,19,24,19,21,18,18,17,18,3,5,4
4413,46,12,8,7,15,18,29,46,42,60,46,104,67,119,236,109,4,5,1,5,4,31,38,62,55,38,75,112,4,145,60,3,6,2,31,5,4,48,21,6,30,94,127,255,79,144,1,2,2,5,13,2,2,3,1,1,1,14,24,22,16,10,19,25,9,207
4414,31,0,4,15,21,2,18,18,36,56,53,93,56,247,21,68,5,4,12,11,12,12,46,60,48,100,127,48,247,162,174,15,15,15,16,30,13,50,39,27,110,59,60,39,244,102,12,23,41,79,166,5,11,10,8,8,9,37,3,37,21,26,33,11,55,72
4415,41,1,0,13,1,22,17,1,11,10,1,106,95,13,161,143,1,2,10,1,2,25,1,2,17,105,2,17,64,2,246,6,13,4,30,13,23,19,14,41,17,39,107,195,210,162,3,4,6,12,29,0,0,0,9,7,10,1,1,3,22,0,2,115,223,123
4416,29,2,9,3,2,28,31,15,34,54,15,113,69,151,19,19,8,10,7,6,7,10,56,35,41,7,70,56,24,85,6,15,15,15,13,29,31,10,58,4,119,6,13,8,177,49,9,15,25,52,109,5,5,5,6,17,6,32,18,31,49,53,50,69,74,79
4417,31,0,4,15,17,2,18,53,36,59,120,90,125,154,163,171,5,4,12,11,12,12,15,38,14,15,38,14,218,19,231,15,15,15,16,30,13,18,17,22,85,62,62,31,219,152,12,23,42,80,167,5,11,10,8,8,9,9,3,15,12,9,13,34,16,18
4418,1,11,15,5,10,17,3,33,50,14,104,50,122,35,242,251,7,12,13,7,23,7,55,3,61,81,124,61,73,3,149,9,9,9,0,31,15,15,50,19,61,56,121,203,241,22,9,18,29,57,121,4,4,4,2,2,2,5,7,5,3,60,58,210,46,60
4419,5,5,3,10,19,19,13,41,57,43,41,57,47,36,173,10,14,6,0,23,6,0,12,49,0,12,73,0,235,172,69,10,10,3,12,15,11,14,2,4,69,29,47,91,137,75,4,8,13,29,67,3,9,1,3,4,3,2,5,6,7,4,6,92,101,68
4420,7,8,2,4,9,8,10,47,61,4,113,82,120,40,215,159,15,14,11,29,29,27,30,33,32,122,93,125,71,123,47,0,1,7,20,20,25,4,27,38,105,31,31,94,56,81,10,20,36,71,150,8,3,9,11,16,11,40,38,36,48,78,60,129,129,118
4421,10,1,1,13,18,31,22,17,47,28,79,30,28,6,37,24,1,2,10,17,22,26,22,21,21,112,21,122,67,24,21,1,7,11,19,22,5,20,10,16,124,90,76,71,160,253,2,3,5,9,24,11,0,13,21,22,21,10,11,11,0,1,0,123,213,193
4422,11,1,1,13,5,25,9,45,19,37,126,1,91,48,152,226,12,2,10,14,30,5,63,13,38,119,90,38,231,216,225,6,13,4,2,3,1,34,57,45,42,54,28,81,152,35,3,6,8,16,38,0,0,0,4,3,0,7,40,0,27,47,23,37,54,25
4423,56,13,7,6,27,14,6,42,28,58,118,62,118,101,241,56,13,13,6,16,28,9,13,12,6,104,69,96,58,76,221,0,1,7,1,0,22,26,29,48,44,76,79,228,130,238,11,22,39,75,159,9,8,6,5,5,7,3,6,2,59,58,55,30,40,42
4424,60,13,7,14,3,15,27,3,35,17,3,35,17,172,202,77,11,8,9,9,9,8,8,7,11,8,7,11,8,8,209,4,4,8,21,11,0,13,6,21,43,23,69,38,187,9,5,9,14,30,68,13,13,14,26,25,25,23,23,20,6,6,8,0,0,0
4425,27,2,10,3,2,21,0,33,33,55,33,96,55,237,174,117,10,9,8,12,14,11,14,15,10,14,15,10,18,16,120,0,1,7,4,4,10,5,58,37,94,96,101,2,14,97,9,18,29,57,121,12,10,11,23,18,18,15,15,19,93,98,100,114,120,108
4426,29,2,9,3,21,28,31,48,33,56,48,84,56,144,96,106,5,4,12,11,12,12,46,60,48,46,60,48,65,66,48,15,15,15,13,7,24,50,39,27,25,107,86,123,156,65,12,23,41,78,164,5,11,10,8,8,9,37,3,37,21,26,33,126,41,16
4427,4,12,8,7,15,20,29,46,42,51,87,42,67,105,86,6,4,5,1,5,4,31,38,62,55,38,23,55,121,29,212,3,6,2,31,5,4,48,21,6,30,94,127,22,215,93,1,2,2,5,13,2,2,3,1,1,1,14,24,22,16,10,19,25,9,36
4428,41,1,0,13,1,22,17,60,1,37,69,1,107,26,229,86,12,2,10,14,30,5,10,13,38,65,112,117,191,89,138,6,13,4,30,13,23,19,14,41,27,13,58,71,176,209,3,6,8,17,42,0,0,0,9,7,10,1,1,3,44,0,2,99,17,41
4429,6,2,15,3,10,17,16,33,50,55,33,96,55,49,153,78,0,7,3,26,11,24,35,42,8,35,95,114,140,94,251,0,1,7,0,31,15,5,1,37,61,88,74,142,246,22,9,18,29,57,121,4,4,4,2,2,31,29,55,55,3,60,58,71,46,47
4430,49,11,15,5,10,17,3,51,50,14,82,50,114,68,232,133,7,12,13,7,23,7,55,3,61,81,124,61,7,3,149,9,9,9,0,31,15,15,50,19,0,56,121,37,170,223,14,29,57,113,231,4,4,4,2,2,2,5,7,5,11,77,37,101,158,102
4431,54,13,7,6,29,14,14,62,63,15,62,72,119,226,137,27,13,13,6,22,8,22,51,30,24,94,30,84,13,246,137,0,1,7,4,4,10,57,23,14,28,74,32,233,237,225,11,21,38,74,158,9,8,6,27,27,30,39,41,41,33,34,35,132,8,55
4432,37,14,14,3,2,21,26,7,44,55,8,125,116,4,120,74,6,3,2,10,17,21,33,39,34,33,39,34,108,6,141,12,8,1,7,9,14,35,31,2,117,101,108,43,106,69,15,30,60,118,241,1,1,2,0,0,4,22,9,9,43,39,38,82,22,145
4433,5,6,11,2,26,12,0,49,17,0,89,79,36,160,103,29,2,6,15,19,15,18,32,16,15,116,16,111,172,231,84,0,1,7,4,4,10,10,58,4,124,90,76,235,225,58,9,18,32,62,131,3,7,1,13,14,15,16,16,12,9,8,9,181,139,174
4434,34,3,2,1,30,13,15,59,7,38,80,7,84,70,179,254,13,13,6,16,28,9,13,12,6,104,69,96,58,76,78,0,1,7,4,4,10,10,58,4,124,90,76,211,160,17,3,7,9,18,43,0,0,0,14,12,17,26,27,8,116,108,115,242,157,90
4435,57,7,5,8,25,3,2,55,29,21,97,29,21,77,207,237,6,3,2,10,17,21,33,39,60,79,72,75,251,63,94,12,8,1,7,9,14,59,44,63,106,36,78,196,96,143,15,30,58,116,238,1,1,2,0,0,4,50,9,9,62,62,31,55,61,58
4436,18,8,14,4,23,21,1,49,44,55,49,83,25,4,66,11,15,14,11,0,20,3,41,9,45,41,99,80,61,34,159,0,1,7,4,1,10,30,52,55,95,120,4,71,82,231,13,27,53,102,214,6,10,12,24,26,17,21,39,35,40,85,52,137,128,121
4437,56,13,7,6,27,14,6,25,28,58,88,28,58,127,106,233,13,13,6,16,28,9,13,12,6,13,12,6,227,11,11,0,1,7,1,0,22,0,42,61,59,83,106,205,148,10,11,22,40,77,162,9,8,6,5,5,7,3,6,2,20,33,17,18,21,63
4438,46,12,8,7,15,18,12,32,16,32,64,24,73,181,64,118,4,5,1,5,4,15,21,50,62,21,5,62,62,51,238,3,6,2,31,5,4,21,25,29,114,8,71,33,35,174,1,2,4,7,18,2,2,3,1,1,1,4,4,4,10,21,10,56,38,51
4439,6,8,2,9,12,4,8,43,45,7,83,73,108,170,72,209,0,7,3,26,13,24,37,57,25,37,121,69,127,93,245,0,1,7,9,1,10,27,46,51,36,99,54,102,172,156,13,24,43,83,175,6,3,8,18,15,13,13,37,34,46,44,53,23,25,141
4440,19,14,10,0,14,23,19,34,18,16,21,121,16,237,174,54,10,9,8,12,14,11,14,15,10,14,64,10,117,177,10,11,12,0,26,25,2,45,7,8,94,96,101,28,180,79,8,14,22,49,102,12,10,11,23,18,18,15,15,19,93,98,3,114,120,108
4441,46,12,8,7,15,18,29,46,42,60,32,42,60,119,64,253,4,5,1,5,4,31,38,5,12,113,75,112,4,145,60,3,6,2,31,5,4,48,21,6,30,94,127,15,155,40,1,2,2,4,11,2,2,3,1,1,1,14,24,22,16,10,19,108,167,147
4442,24,4,14,3,31,7,4,38,59,52,12,126,64,128,127,240,8,15,14,18,16,13,18,17,16,18,17,16,200,14,13,0,1,7,4,4,10,5,1,37,124,90,76,130,82,32,9,18,30,60,128,14,10,12,28,28,27,31,34,29,13,11,14,148,176,154
4443,9,15,6,11,11,5,28,22,9,57,95,75,100,206,56,7,3,0,4,3,0,4,26,0,4,26,105,90,111,124,3,2,5,5,8,19,16,7,51,49,15,111,76,54,7,55,7,12,18,42,92,7,6,7,7,6,8,0,0,1,47,45,26,196,171,181
4444,26,5,3,10,19,19,13,41,57,45,36,57,45,50,133,10,14,6,0,23,6,0,12,49,0,12,73,104,16,18,252,10,10,3,12,15,11,14,2,4,8,38,0,97,150,98,4,8,13,29,67,3,9,1,3,4,3,2,5,6,7,4,6,89,67,68
4445,14,15,9,11,11,28,31,50,46,24,77,46,74,213,136,245,3,0,4,25,25,23,3,27,29,3,113,102,91,92,75,2,5,5,17,14,19,43,24,32,29,61,34,128,10,101,9,15,25,52,108,7,6,7,19,21,19,6,8,7,69,61,71,38,31,20
4446,24,4,14,3,31,7,4,38,52,23,116,120,23,128,166,240,8,15,14,18,16,13,18,17,16,18,17,16,14,14,13,5,3,6,23,6,20,25,30,7,21,106,52,13,114,118,9,17,27,55,117,14,14,12,28,28,27,31,34,29,13,11,14,1,1,1
4447,58,2,9,3,2,28,31,2,34,54,114,113,89,107,45,186,8,10,7,6,7,10,48,8,56,48,8,89,55,219,67,15,15,15,13,29,31,37,41,42,16,80,116,96,31,24,9,15,25,53,110,5,5,5,6,17,6,32,10,31,36,35,36,13,12,15
4448,26,0,4,15,0,2,16,5,8,40,75,36,81,38,180,231,5,4,12,11,12,12,45,59,52,45,59,52,122,70,226,15,15,15,4,4,10,10,58,4,124,90,76,71,160,253,13,25,48,92,191,5,11,10,8,8,9,9,46,15,79,75,76,70,113,233
4449,47,6,11,2,16,16,25,56,37,41,56,94,41,110,71,120,8,10,7,27,24,6,24,18,33,24,18,33,2,166,25,15,15,15,3,26,26,11,5,57,12,55,3,23,59,139,9,16,26,54,113,10,5,5,16,19,24,19,21,18,18,17,18,3,5,4
4450,14,3,0,1,30,13,15,59,41,5,101,41,84,184,46,34,12,2,10,31,10,30,53,46,26,53,46,92,143,10,62,6,13,4,2,3,1,10,58,4,11,111,18,223,223,138,3,7,11,26,59,0,0,7,7,12,16,18,51,50,109,82,101,131,178,176
4451,55,1,1,13,5,1,9,45,5,18,112,5,37,120,24,51,12,2,10,14,30,5,63,13,38,63,90,38,141,58,4,6,13,4,2,3,1,3,22,9,27,13,58,121,62,112,3,6,8,17,41,0,0,0,4,3,0,7,2,0,96,89,88,162,112,86
4452,3,3,7,1,30,13,14,39,60,1,74,123,1,200,138,244,13,13,6,22,8,22,51,30,24,93,48,118,123,53,247,0,1,7,4,4,10,42,35,43,10,67,43,107,133,63,13,27,52,99,207,9,8,6,5,5,26,55,32,51,72,63,75,47,58,52
4453,9,8,2,4,28,9,8,12,3,63,76,103,86,98,114,214,15,14,11,0,20,3,41,9,45,89,9,83,131,238,29,0,1,7,4,4,10,30,52,55,15,12,44,54,7,187,10,20,37,72,152,7,6,7,7,6,8,0,0,1,32,28,16,120,36,181
4454,58,2,9,3,2,28,26,6,54,49,6,89,101,228,197,15,8,10,7,6,7,10,7,34,7,68,87,7,34,7,85,0,1,7,4,29,31,36,1,0,97,15,103,50,242,95,9,15,23,50,106,5,5,5,6,24,6,30,18,24,24,30,20,24,24,21
4455,4,3,2,4,9,20,20,61,12,39,90,122,39,251,215,211,9,11,5,13,26,14,42,11,23,42,11,23,110,249,35,0,1,7,20,20,25,46,45,40,127,69,89,47,26,46,10,20,35,70,148,8,3,9,17,16,20,25,26,23,42,78,60,52,29,69
4456,22,3,0,1,30,13,15,59,7,38,108,7,84,81,68,129,12,2,10,31,10,30,20,25,26,20,86,98,26,133,22,6,13,4,2,3,1,29,26,5,90,50,21,88,160,71,3,7,9,18,43,0,0,0,14,12,0,18,19,8,15,18,12,9,11,8
4457,10,1,1,13,7,25,5,29,22,48,29,19,48,145,46,130,12,2,10,14,21,17,29,61,35,29,61,35,38,71,42,6,13,4,29,24,27,47,55,15,14,58,115,166,204,17,3,5,7,13,33,0,0,0,22,3,16,27,29,26,30,31,29,6,6,5
4458,23,7,5,8,25,3,2,7,2,21,97,2,21,43,2,169,6,3,2,10,17,21,34,55,31,111,55,95,254,118,58,12,8,1,7,9,14,44,37,44,18,77,16,180,233,126,15,30,58,116,236,1,1,2,0,0,4,17,13,10,14,12,11,20,28,11
4459,52,8,2,4,23,4,8,42,62,52,113,103,120,205,168,95,15,14,11,29,8,27,25,48,39,85,126,113,238,240,249,0,1,7,4,4,10,61,35,39,50,20,45,242,243,178,13,27,51,98,206,8,7,9,30,10,26,47,45,43,38,43,40,94,99,136
4460,57,7,5,8,25,3,2,55,29,21,97,29,21,90,207,237,6,3,2,10,17,21,33,39,60,79,71,123,82,125,126,12,8,1,7,9,14,59,44,63,106,36,78,116,77,143,15,30,58,116,238,1,1,2,0,0,4,50,9,9,62,62,31,55,61,58
4461,48,15,9,11,11,6,23,63,53,50,92,53,71,130,146,93,3,0,4,25,25,23,3,27,29,3,65,29,20,27,34,7,0,10,25,18,8,38,43,34,89,49,119,3,198,165,7,13,19,43,93,7,6,7,19,21,19,6,8,7,5,7,7,12,2,9
4462,31,0,4,15,17,2,18,53,36,40,83,90,104,71,222,180,5,4,12,11,12,12,15,38,14,15,38,121,150,191,61,15,15,15,16,30,13,18,17,22,32,112,102,253,184,251,13,25,48,92,192,5,11,10,8,8,9,9,3,15,12,9,13,107,94,122
4463,9,15,6,11,11,0,28,11,41,57,84,75,100,27,56,224,3,0,4,3,0,4,26,0,4,26,105,90,111,199,219,2,5,5,8,19,16,7,51,49,15,12,44,4,255,67,7,12,18,42,92,7,6,7,7,6,8,0,0,1,32,28,16,39,36,35
4464,19,14,10,0,14,23,19,34,18,19,34,121,19,180,203,26,10,9,8,12,14,11,14,15,10,14,64,10,18,16,120,11,12,0,26,25,2,52,13,30,4,9,12,2,14,97,6,11,16,32,73,12,10,11,23,18,18,15,15,19,2,3,3,208,92,206
4465,52,3,7,4,7,13,5,39,14,9,99,123,48,233,181,42,12,2,10,31,21,17,53,28,35,82,28,85,98,151,88,0,1,7,29,24,27,57,23,14,93,65,88,133,61,87,3,5,7,14,35,0,0,6,22,29,16,27,29,26,73,90,80,84,81,91
4466,52,3,2,4,0,9,8,39,62,9,39,77,79,201,119,213,15,14,11,29,8,27,25,48,39,25,74,113,90,83,214,0,1,7,4,4,10,61,35,39,91,20,63,177,221,56,13,27,52,101,212,8,7,9,30,10,26,47,45,43,38,43,40,68,83,56
4467,58,2,6,3,2,28,26,6,54,49,6,89,101,58,197,67,3,0,4,3,0,4,26,0,4,26,105,4,153,199,219,0,1,7,4,29,31,36,1,0,15,12,103,53,7,187,9,15,23,50,105,5,5,5,6,24,6,30,18,24,24,30,20,145,24,21
4468,55,1,1,13,7,25,5,29,22,48,29,19,48,145,35,130,12,2,10,14,21,17,29,61,35,29,61,35,38,71,42,6,13,4,29,24,27,47,55,15,14,58,115,166,143,253,3,5,7,13,33,0,0,0,22,3,16,27,29,26,30,31,29,6,6,5
4469,19,14,10,0,14,23,19,34,18,19,102,18,19,9,38,178,10,9,8,12,14,11,14,15,10,14,64,10,18,16,120,11,12,0,26,25,2,52,13,30,4,9,12,209,206,207,8,14,22,49,103,12,10,11,23,18,18,15,15,19,2,3,3,8,13,6
4470,4,9,8,12,9,20,20,61,12,60,46,80,57,51,228,191,12,2,10,31,21,17,40,40,49,40,40,65,178,243,55,0,1,7,20,4,25,54,54,18,71,92,49,148,71,247,1,1,1,2,3,2,0,0,22,31,16,51,53,56,71,72,78,72,66,64
4471,25,6,11,2,6,12,11,24,23,22,24,23,117,30,89,161,2,6,15,2,15,18,2,44,46,2,44,109,76,173,148,0,1,7,9,4,10,10,58,4,115,121,15,0,107,170,9,18,32,65,139,3,7,1,13,14,15,16,16,12,9,8,51,89,169,173
4472,46,12,8,7,15,18,12,32,20,61,27,16,61,203,15,248,4,5,1,5,4,15,21,50,62,103,92,62,137,207,50,3,6,2,31,5,4,1,25,29,122,8,71,207,111,218,1,2,4,8,20,2,2,3,1,9,1,33,28,38,8,20,10,56,107,24
4473,28,9,14,3,23,21,4,49,44,55,49,34,116,79,196,74,15,14,11,29,31,27,47,58,59,47,58,3,19,75,90,0,1,7,4,4,10,5,1,37,121,100,8,58,124,159,9,18,30,58,124,2,10,5,24,26,17,56,50,45,68,67,67,80,70,105
4474,9,15,6,11,1,0,28,11,41,57,44,98,57,202,30,172,1,2,10,1,2,25,10,46,49,73,88,117,161,183,121,2,5,5,8,19,16,51,8,13,3,7,59,4,168,47,3,7,11,25,56,7,6,7,7,6,8,0,0,1,117,93,68,138,97,127
4475,33,5,3,10,19,19,13,36,57,45,58,57,68,50,84,10,14,6,0,23,6,0,12,49,0,52,4,0,68,131,218,10,10,3,12,15,11,14,2,4,8,38,38,0,120,34,4,8,13,28,64,3,9,1,3,4,3,2,5,6,84,4,82,88,67,84
4476,59,11,13,5,10,29,3,4,50,3,104,95,98,152,60,241,7,12,13,7,23,7,5,53,20,5,115,88,177,113,53,9,9,9,0,31,15,15,50,19,0,103,29,203,183,94,14,29,56,111,228,4,4,4,2,2,2,5,7,5,11,16,21,87,14,60
4477,52,3,2,4,0,9,16,39,62,9,80,77,113,201,237,223,15,14,11,29,8,27,25,48,39,25,74,39,90,83,214,0,1,7,4,4,10,61,35,39,91,20,63,98,0,103,13,27,52,101,212,8,7,9,30,10,26,47,45,43,38,43,40,68,83,56
4478,44,10,12,8,4,26,21,35,40,31,35,40,31,104,249,132,6,3,2,24,27,28,27,31,2,95,31,72,51,73,173,8,2,12,24,16,17,41,59,12,79,68,75,247,54,107,16,32,62,123,248,1,1,2,15,11,5,35,25,33,28,22,24,5,10,3
4479,13,8,2,9,12,4,8,43,45,33,37,45,33,169,72,214,0,7,3,26,19,24,19,45,47,19,20,25,152,148,33,0,1,7,9,1,10,27,40,51,84,89,105,226,245,249,13,24,43,83,176,6,3,8,18,15,13,13,31,16,25,49,53,159,170,141
