doc_idx,true_label,kmeans_k4_s0,kmeans_k4_s1,kmeans_k4_s2,kmeans_k8_s0,kmeans_k8_s1,kmeans_k8_s2,kmeans_k16_s0,kmeans_k16_s1,kmeans_k16_s2,kmeans_k32_s0,kmeans_k32_s1,kmeans_k32_s2,kmeans_k64_s0,kmeans_k64_s1,kmeans_k64_s2,gmm_k4_s0,gmm_k4_s1,gmm_k4_s2,gmm_k8_s0,gmm_k8_s1,gmm_k8_s2,gmm_k16_s0,gmm_k16_s1,gmm_k16_s2,gmm_k32_s0,gmm_k32_s1,gmm_k32_s2,gmm_k64_s0,gmm_k64_s1,gmm_k64_s2,spectral_k4_s0,spectral_k4_s1,spectral_k4_s2,spectral_k8_s0,spectral_k8_s1,spectral_k8_s2,spectral_k16_s0,spectral_k16_s1,spectral_k16_s2,spectral_k32_s0,spectral_k32_s1,spectral_k32_s2,spectral_k64_s0,spectral_k64_s1,spectral_k64_s2,ward_k4,ward_k8,ward_k16,ward_k32,ward_k64,leiden_k4_s0,leiden_k4_s1,leiden_k4_s2,leiden_k8_s0,leiden_k8_s1,leiden_k8_s2,leiden_k16_s0,leiden_k16_s1,leiden_k16_s2,leiden_k32_s0,leiden_k32_s1,leiden_k32_s2,leiden_k64_s0,leiden_k64_s1,leiden_k64_s2
0,intent:hi,3,0,2,7,1,2,7,11,8,16,1,19,12,51,49,0,0,1,4,7,7,9,7,7,7,27,7,27,52,51,1,1,2,6,4,5,6,1,6,8,1,16,55,45,21,4,5,12,25,50,1,1,2,7,7,5,6,6,7,2,3,2,32,8,16
1,intent:can_i_get_from_feces_animal_pets,2,1,1,2,7,1,13,14,0,23,2,7,40,48,33,1,1,0,7,1,0,7,1,0,28,1,0,22,54,30,0,0,0,1,5,0,2,3,4,30,7,4,4,14,3,2,3,5,8,15,0,0,0,0,0,0,0,0,0,6,8,7,8,15,17
2,intent:how_does_corona_spread,2,1,1,2,7,1,13,9,10,10,2,23,14,11,18,1,1,0,7,1,0,7,14,0,14,31,16,21,39,47,0,0,0,1,5,0,2,3,4,22,15,20,54,54,29,2,3,5,9,18,0,0,0,0,0,0,0,0,0,28,28,28,24,32,38
3,intent:what_are_symptoms,2,1,1,1,6,7,1,15,2,1,30,27,49,62,41,1,1,0,1,1,5,1,8,8,1,11,13,1,8,54,0,0,0,1,5,0,13,10,8,15,4,14,32,1,26,2,3,6,13,24,0,0,0,0,0,0,8,8,8,7,7,6,23,9,23
4,intent:travel,1,1,2,3,3,4,14,12,4,6,20,3,63,18,63,1,3,0,5,4,2,5,11,15,11,4,11,5,37,56,0,0,0,0,6,4,10,12,14,23,12,24,26,9,41,3,4,10,21,40,0,2,1,1,1,1,1,1,3,19,17,12,17,12,0
5,intent:how_does_corona_spread,2,1,1,2,7,7,13,14,10,10,2,7,56,39,33,1,1,0,7,1,0,7,1,0,8,14,29,7,42,49,0,0,0,1,5,0,2,3,4,30,7,4,47,14,4,2,3,5,9,18,0,0,0,0,0,0,0,0,0,6,8,7,8,32,17
6,intent:donate,3,2,0,6,4,5,9,8,5,14,17,4,32,54,4,3,0,3,3,3,3,3,3,3,4,2,3,46,63,43,2,2,1,2,1,3,0,7,1,9,25,6,22,39,53,4,6,13,26,52,3,3,3,6,6,6,7,7,5,1,2,1,37,36,43
7,intent:can_i_get_from_feces_animal_pets,2,2,1,6,4,1,6,7,0,4,23,1,36,33,1,1,1,0,7,1,0,7,1,0,28,1,0,60,1,0,0,0,0,1,5,0,2,3,4,30,7,4,47,15,15,2,3,5,8,15,0,0,0,0,0,0,0,0,0,6,8,7,42,44,42
8,intent:travel,1,1,2,3,3,4,10,3,4,6,26,17,24,15,38,1,3,0,5,4,2,5,11,15,11,20,11,24,35,27,0,0,0,0,6,4,10,12,14,7,17,8,35,44,55,3,4,10,22,43,0,2,1,1,1,1,1,1,3,3,4,5,11,13,10
9,intent:donate,3,0,2,4,1,5,9,8,5,14,17,29,6,38,26,3,0,3,3,3,3,3,3,3,4,2,3,3,36,3,2,2,1,2,1,3,0,7,1,9,25,6,21,36,9,4,6,13,26,53,3,3,3,6,6,6,7,7,5,1,2,1,61,60,58
10,intent:what_are_symptoms,3,1,2,1,6,7,1,15,2,13,27,27,39,20,42,1,1,0,1,1,5,14,8,8,20,16,19,18,21,16,0,0,0,1,5,0,8,6,10,4,10,0,23,28,30,2,3,6,12,23,0,0,0,0,0,2,8,8,8,20,22,19,34,38,24
11,intent:latest_numbers,3,0,2,4,0,2,4,0,12,29,0,20,19,0,19,0,0,1,6,0,4,6,0,4,26,0,6,4,0,37,0,0,0,7,7,7,7,13,7,24,2,22,2,30,4,4,8,15,29,57,1,2,1,2,2,3,13,13,11,5,5,4,4,3,3
12,intent:travel,1,1,2,3,3,4,10,3,4,6,20,3,5,18,3,1,3,0,5,4,2,5,11,15,11,4,11,5,37,56,0,0,0,0,6,4,10,12,14,23,12,24,26,9,41,3,4,10,21,40,0,2,1,1,1,1,1,1,3,19,17,12,17,12,0
13,intent:hi,3,0,2,7,1,2,12,11,15,16,1,19,34,55,32,0,0,1,4,7,7,9,7,7,21,7,7,40,59,31,1,1,2,6,4,5,6,1,6,11,27,15,27,53,51,4,5,12,24,48,1,1,2,7,7,5,6,6,7,2,3,2,40,43,40
14,intent:what_are_treatment_options,1,1,2,3,6,7,14,12,2,18,27,10,9,5,45,1,3,0,5,4,2,5,4,10,16,28,2,62,50,2,0,0,0,1,5,0,2,3,4,5,9,5,45,35,44,3,4,8,17,29,0,0,0,0,1,2,9,8,9,20,22,19,38,42,60
15,intent:can_i_get_from_feces_animal_pets,0,3,3,5,5,3,13,14,0,11,25,24,26,52,44,1,1,0,7,1,0,7,1,0,28,1,29,22,34,30,0,0,0,1,5,0,2,3,4,30,7,4,33,51,50,2,3,5,8,14,0,0,0,0,0,0,0,0,0,15,18,13,26,35,26
16,intent:how_does_corona_spread,2,1,1,2,7,1,2,9,10,24,13,23,40,8,15,1,1,0,1,1,0,7,14,0,23,21,16,21,60,15,0,0,0,1,5,0,2,3,4,27,29,2,54,54,29,2,3,5,11,22,0,0,0,0,0,0,0,0,0,18,19,20,24,26,15
17,intent:okay_thanks,3,0,2,4,1,6,8,13,6,7,14,26,57,63,12,2,2,2,2,5,6,2,5,6,30,30,30,25,43,32,3,3,3,3,2,2,9,0,11,13,20,17,28,22,7,4,5,11,23,45,2,1,2,5,5,4,5,5,6,30,1,30,36,41,44
18,intent:myths,2,2,0,6,4,0,15,4,11,19,28,18,8,43,30,0,0,1,6,0,4,11,13,12,10,12,18,12,25,60,0,0,0,1,5,0,14,15,13,17,14,27,25,20,28,2,2,4,7,12,1,0,0,2,2,0,10,10,15,17,15,18,10,10,8
19,intent:hi,3,0,2,7,1,2,7,11,8,17,14,14,58,24,9,0,0,1,4,7,7,9,7,7,21,7,7,8,7,31,1,1,2,6,4,5,6,1,6,8,24,30,16,11,17,4,5,11,23,47,1,1,2,7,7,5,6,6,7,2,3,2,9,29,9
20,intent:travel,1,1,2,3,3,4,10,3,4,6,26,17,24,15,38,1,3,0,5,4,2,5,11,15,11,20,11,24,35,27,0,0,0,0,6,4,10,12,14,7,17,8,35,44,55,3,4,10,22,43,0,2,1,1,1,1,1,1,3,3,4,5,11,13,10
21,intent:what_are_treatment_options,2,2,1,6,4,1,6,7,1,4,24,1,54,45,1,1,1,0,1,1,5,13,10,5,27,18,31,44,28,46,0,0,0,1,5,0,2,3,4,31,6,13,53,8,63,2,3,7,15,27,0,0,0,0,0,0,14,14,13,14,12,16,27,37,31
22,intent:share,3,0,2,4,1,2,8,1,9,9,4,15,55,28,61,0,0,1,4,2,1,4,2,1,6,6,22,51,6,33,0,0,0,5,3,6,12,9,12,14,3,9,37,23,38,4,7,14,27,54,1,1,2,4,4,3,2,2,2,0,0,0,12,6,11
23,intent:travel,1,1,2,3,3,4,10,3,4,6,26,17,24,15,38,1,3,0,5,4,2,5,11,15,11,20,11,24,35,27,0,0,0,0,6,4,10,12,14,7,17,8,35,44,55,3,4,10,22,43,0,2,1,1,1,1,1,1,3,3,4,5,11,13,10
24,intent:what_is_corona,2,2,1,6,4,1,15,7,1,28,12,8,36,42,25,1,1,0,1,1,5,12,15,11,19,10,14,11,18,28,0,0,0,1,5,0,1,14,15,19,0,28,40,10,10,2,2,4,7,12,1,0,0,2,2,0,4,4,1,9,10,10,28,30,28
25,intent:what_are_symptoms,3,1,2,1,6,7,1,15,2,1,30,27,49,62,41,1,1,0,1,1,5,1,8,8,1,11,13,57,8,11,0,0,0,1,5,0,13,10,8,15,4,14,32,1,26,2,3,6,13,24,0,0,0,0,0,0,8,8,8,7,7,6,23,9,23
26,intent:myths,0,3,3,0,2,3,0,2,14,0,21,5,0,21,20,0,0,1,0,6,5,0,9,13,0,15,9,0,12,14,0,0,0,4,0,1,3,5,3,10,26,26,57,37,8,1,1,1,1,2,0,0,0,3,3,2,15,15,14,21,20,22,6,5,7
27,intent:okay_thanks,3,0,2,4,1,6,8,13,6,7,9,13,44,7,8,2,2,2,2,5,6,2,5,6,2,3,5,2,51,5,3,3,3,3,2,2,9,0,11,6,8,12,48,13,25,4,5,11,23,46,2,1,2,5,5,4,5,5,6,4,1,3,0,0,1
28,intent:donate,3,0,2,4,1,5,9,8,5,14,6,29,6,58,26,3,0,3,3,3,3,3,3,3,4,2,3,3,36,3,2,2,1,2,1,3,0,7,1,9,25,6,13,7,20,4,6,13,26,53,3,3,3,6,6,6,7,7,5,1,2,1,30,34,33
29,intent:hi,0,3,3,5,5,3,7,5,3,12,1,19,2,13,9,0,0,1,4,7,7,9,7,7,21,7,7,8,7,31,1,1,2,6,4,5,6,1,6,8,24,30,11,19,16,4,5,12,25,49,1,1,2,7,7,5,6,6,7,2,3,2,44,47,46
30,intent:myths,0,3,3,5,5,3,5,5,13,11,15,21,30,4,48,1,1,0,1,1,5,15,10,5,13,8,28,29,29,4,0,0,0,1,5,0,2,3,4,25,6,31,39,43,45,4,8,16,31,61,0,0,0,0,3,2,9,12,9,23,24,25,62,61,19
31,intent:donate,3,0,2,4,1,5,9,8,5,14,17,29,6,58,26,3,0,3,3,3,3,3,3,3,4,2,3,3,36,3,2,2,1,2,1,3,0,7,1,20,13,18,13,32,20,4,6,13,26,53,3,3,3,6,6,6,7,7,5,1,2,1,30,34,33
32,intent:how_does_corona_spread,0,3,3,5,5,3,13,14,13,11,25,24,21,41,48,1,1,0,7,1,0,7,1,0,8,14,29,37,44,63,0,0,0,1,5,0,2,3,4,22,15,20,33,51,50,2,3,5,9,17,0,0,0,0,0,0,0,0,0,15,18,13,45,46,48
33,intent:protect_yourself,1,1,2,3,6,7,3,6,7,15,31,9,18,29,21,1,3,0,5,4,2,10,12,14,22,23,24,20,15,12,0,0,0,1,5,0,5,8,0,29,19,21,8,0,13,3,4,8,19,36,0,0,1,1,1,1,11,11,10,16,14,17,16,17,18
34,intent:what_are_treatment_options,2,2,1,6,4,1,6,7,1,4,24,1,17,10,1,1,1,0,1,1,5,13,10,5,27,29,31,13,13,20,0,0,0,1,5,0,2,3,4,25,6,31,53,8,34,2,3,7,15,26,0,0,0,0,0,0,14,14,13,14,12,16,7,19,14
35,intent:what_are_symptoms,3,1,2,1,6,7,1,15,2,13,27,27,39,20,42,1,1,0,1,1,5,14,8,8,20,16,19,18,21,16,0,0,0,1,5,0,8,6,10,4,10,0,23,28,30,2,3,6,12,23,0,0,0,0,0,2,8,8,8,20,22,19,34,38,24
36,intent:share,3,0,2,4,1,2,8,1,9,9,4,15,55,28,61,0,0,1,4,2,1,4,2,1,6,6,22,51,6,33,0,0,0,5,3,6,12,9,12,14,3,9,37,23,38,4,7,14,27,54,1,1,2,4,4,3,2,2,2,0,0,0,12,6,11
37,intent:what_are_symptoms,0,3,3,5,5,3,5,5,13,11,15,21,30,4,48,1,1,0,1,6,5,5,10,5,25,26,8,14,19,24,0,0,0,1,5,0,4,2,2,21,22,1,7,24,11,2,3,6,13,24,0,0,0,0,3,2,9,12,9,13,13,14,58,9,54
38,intent:share,3,0,2,4,1,2,8,1,9,20,19,15,20,30,29,0,0,1,4,2,1,4,2,1,24,6,1,6,41,1,0,0,0,5,3,6,12,9,12,16,28,7,19,17,35,4,7,14,28,55,1,1,2,4,4,3,2,2,2,0,0,0,1,2,4
39,intent:donate,3,0,2,4,1,5,9,8,5,14,17,29,6,29,21,3,0,3,3,3,3,3,3,3,4,2,3,46,4,43,2,2,1,2,1,3,0,7,1,9,25,6,12,7,48,4,6,13,26,52,3,3,3,6,6,6,7,7,5,1,2,1,14,4,6
40,intent:what_are_treatment_options,2,2,1,6,4,1,6,7,1,4,24,1,54,33,1,1,1,0,1,1,5,13,10,5,27,29,31,13,13,20,0,0,0,1,5,0,2,3,4,31,6,13,53,8,34,2,3,7,15,27,0,0,0,0,0,0,14,14,13,14,12,16,7,19,14
41,intent:how_does_corona_spread,2,2,1,6,4,1,6,7,1,27,24,1,47,33,22,1,1,0,7,1,0,7,14,0,14,14,26,38,24,22,0,0,0,1,5,0,2,3,4,22,15,20,29,29,42,2,2,4,7,13,0,0,0,0,0,0,0,0,0,27,16,23,13,27,29
42,intent:donate,3,0,2,4,1,5,9,8,5,14,6,29,6,25,13,3,0,3,3,3,3,3,3,3,4,2,3,46,4,43,2,2,1,2,1,3,0,7,1,9,25,6,12,7,48,4,6,13,26,52,3,3,3,6,6,6,7,7,5,1,2,1,14,4,6
43,intent:share,3,0,2,4,1,2,8,1,9,20,19,15,55,28,61,0,0,1,4,2,1,4,2,1,6,6,22,51,6,55,0,0,0,5,3,6,12,9,12,14,3,9,11,3,4,4,5,12,25,50,1,1,2,4,4,3,2,2,2,0,0,0,12,6,11
44,intent:myths,2,2,1,0,2,1,0,7,1,28,12,22,15,40,36,1,1,0,1,1,5,12,15,11,12,19,20,19,9,10,0,0,0,1,5,0,15,11,5,18,5,23,24,5,58,2,2,4,5,9,1,0,0,2,2,0,4,4,14,29,26,27,29,28,32
45,intent:protect_yourself,0,3,3,5,5,3,5,5,3,8,7,28,28,13,52,0,1,1,0,6,5,8,6,9,9,5,15,10,5,44,0,0,0,1,5,0,4,2,2,21,22,1,50,61,56,3,4,8,17,31,0,0,0,3,3,2,3,3,4,10,9,9,56,53,53
46,intent:what_is_corona,3,2,0,6,4,0,15,4,11,19,28,18,8,43,30,0,0,1,6,0,4,11,13,12,10,12,18,12,25,60,0,0,0,1,5,0,14,15,13,17,14,27,25,20,28,2,2,3,4,8,1,0,0,2,2,0,10,10,15,17,15,18,10,10,8
47,intent:myths,0,3,3,0,2,3,0,2,14,0,3,5,0,21,39,0,0,1,0,6,5,0,9,13,0,15,9,0,12,14,0,0,0,4,0,1,3,5,3,10,26,26,57,37,8,1,1,1,1,1,0,0,0,3,3,2,15,15,14,21,20,22,6,5,7
48,intent:protect_yourself,1,1,2,3,6,7,3,6,7,15,31,9,18,29,21,1,3,0,5,4,2,10,12,14,22,23,24,20,15,12,0,0,0,1,5,0,5,8,0,29,19,21,8,0,13,3,4,8,19,36,0,0,1,1,1,1,11,11,10,16,14,17,16,17,18
49,intent:can_i_get_from_feces_animal_pets,0,3,3,5,5,3,13,14,0,11,25,24,26,52,44,1,1,0,7,1,0,7,1,0,28,1,29,22,34,30,0,0,0,1,5,0,2,3,4,30,7,4,33,51,50,2,3,5,8,14,0,0,0,0,0,0,0,0,0,15,18,13,26,35,26
50,intent:donate,3,0,2,4,1,5,9,8,5,14,17,29,6,54,26,3,0,3,3,3,3,3,3,3,4,2,3,46,63,43,2,2,1,2,1,3,0,7,1,9,25,6,22,39,53,4,6,13,26,52,3,3,3,6,6,6,7,7,5,1,2,1,37,36,43
51,intent:what_if_i_visited_high_risk_area,1,1,2,3,6,4,11,12,4,30,29,11,53,34,53,1,3,0,5,4,2,5,4,10,16,28,2,55,50,2,0,0,0,0,6,4,11,4,9,0,16,10,43,52,52,3,4,9,20,38,0,2,1,1,1,1,12,9,12,12,6,8,2,33,36
52,intent:donate,3,0,2,4,1,5,9,8,5,14,17,29,6,25,13,3,0,3,3,3,3,3,3,3,4,2,3,46,4,43,2,2,1,2,1,3,0,7,1,9,25,6,12,7,48,4,6,13,26,52,3,3,3,6,6,6,7,7,5,1,2,1,14,4,6
53,intent:latest_numbers,0,3,3,5,0,3,4,0,12,29,0,20,16,36,50,0,0,1,6,0,4,6,0,4,3,0,6,34,53,34,0,0,0,7,7,7,7,13,7,28,21,19,15,46,32,4,8,16,30,59,1,2,1,2,2,3,13,13,11,5,5,4,33,39,37
54,intent:myths,2,2,1,0,2,1,6,7,1,27,24,22,51,40,36,1,1,0,1,1,5,12,15,11,12,19,20,19,9,10,0,0,0,1,5,0,15,11,5,18,5,23,24,5,58,2,2,4,5,9,1,0,0,2,2,0,4,4,14,29,26,27,29,28,32
55,intent:donate,3,0,2,4,1,5,9,8,5,14,17,4,32,3,13,3,0,3,3,3,3,3,3,3,4,2,3,46,4,43,2,2,1,2,1,3,0,7,1,9,25,6,12,7,48,4,6,13,26,52,3,3,3,6,6,6,7,7,5,1,2,1,14,4,6
56,intent:what_if_i_visited_high_risk_area,1,1,2,3,0,4,11,12,4,25,5,25,50,53,3,1,3,0,5,4,2,5,4,2,18,25,17,15,14,25,0,0,0,0,6,4,11,4,9,2,31,25,44,6,23,3,4,9,20,37,0,2,1,1,1,1,1,1,3,8,17,8,2,11,5
57,intent:okay_thanks,3,0,2,4,1,6,8,13,6,7,9,16,52,7,6,2,2,2,2,5,6,2,5,6,2,3,5,45,3,48,3,3,3,3,2,2,9,0,11,6,8,12,14,31,60,4,5,11,23,46,2,1,2,5,5,4,5,5,6,4,1,3,0,0,35
58,intent:myths,0,3,3,0,2,3,0,2,14,0,3,5,0,21,39,0,0,1,0,6,5,0,9,13,0,15,9,0,12,14,0,0,0,4,0,1,3,5,3,10,26,26,57,37,8,1,1,1,1,1,0,0,0,3,3,2,15,15,14,21,20,22,6,5,7
59,intent:news_and_press,2,2,1,6,4,1,15,7,1,28,12,8,4,9,60,0,0,1,6,0,4,11,13,12,17,17,25,16,58,40,0,0,0,7,7,7,1,14,15,26,23,28,38,47,22,2,2,4,6,10,1,0,0,2,2,0,4,4,1,9,10,10,25,24,27
60,intent:news_and_press,0,3,3,5,5,3,5,5,3,8,7,6,60,13,17,0,1,1,0,6,5,8,6,9,9,5,23,26,23,23,0,0,0,1,5,0,4,2,2,3,30,3,34,33,18,1,1,2,3,5,0,0,0,3,3,2,3,3,4,26,25,26,22,22,20
61,intent:what_are_symptoms,2,2,1,6,4,1,6,7,1,28,12,1,38,17,1,1,1,0,1,1,5,1,8,8,1,11,13,39,33,42,0,0,0,1,5,0,13,10,8,19,0,14,0,55,37,2,2,4,7,11,0,0,0,0,0,0,8,8,8,7,7,6,31,25,30
62,intent:donate,2,2,1,6,4,1,15,7,1,28,12,8,36,42,25,1,1,0,1,1,5,13,10,5,27,29,4,13,13,20,0,0,0,1,5,0,1,14,15,19,0,28,40,10,10,4,6,13,26,51,1,0,0,2,2,0,4,4,1,9,10,10,28,30,28
63,intent:what_are_symptoms,3,1,2,1,6,7,1,15,2,13,27,27,39,20,42,1,1,0,1,1,5,14,8,8,20,16,19,18,21,16,0,0,0,1,5,0,8,6,10,4,10,0,23,28,30,2,3,6,12,23,0,0,0,0,0,2,8,8,8,20,22,19,34,38,24
64,intent:okay_thanks,3,0,2,4,1,6,8,13,6,7,22,13,10,7,8,2,2,2,2,5,6,2,5,6,2,3,5,2,51,5,3,3,3,3,2,2,9,0,11,6,8,12,63,58,14,4,5,11,23,46,2,1,2,5,5,4,5,5,6,4,1,3,20,20,1
65,intent:news_and_press,3,0,2,4,0,2,4,10,2,22,11,30,31,22,57,0,0,1,6,0,4,11,13,12,15,22,10,43,11,18,0,0,0,7,7,7,1,14,15,3,23,3,60,2,0,4,8,15,29,58,1,1,2,2,2,3,10,10,1,11,11,11,18,14,12
66,intent:donate,3,0,2,4,1,5,9,8,5,14,17,29,6,25,26,3,0,3,3,3,3,3,3,3,4,2,3,46,4,43,2,2,1,2,1,3,0,7,1,9,25,6,12,7,48,4,6,13,26,52,3,3,3,6,6,6,7,7,5,1,2,1,14,4,6
67,intent:myths,1,1,2,3,6,7,14,12,7,18,27,10,9,5,52,1,3,0,5,4,2,5,4,10,16,28,2,17,50,38,0,0,0,1,5,0,2,3,4,0,16,10,50,61,56,3,4,8,17,31,0,1,2,1,4,3,2,2,2,31,30,15,50,49,50
68,intent:can_i_get_from_packages_surfaces,1,1,2,3,6,4,14,12,4,31,20,3,63,18,54,1,3,0,5,4,2,5,12,10,5,13,12,28,2,41,0,0,0,0,6,4,10,12,14,23,12,24,26,9,41,3,4,8,16,28,0,2,1,1,1,1,1,1,3,19,17,12,17,12,0
69,intent:can_i_get_from_feces_animal_pets,2,2,1,6,4,1,6,14,0,23,23,1,56,48,33,1,1,0,7,1,0,7,1,0,28,1,0,60,1,0,0,0,0,1,5,0,2,3,4,30,7,4,47,15,15,2,3,5,8,15,0,0,0,0,0,0,0,0,0,6,8,7,42,44,42
70,intent:what_are_symptoms,2,2,0,1,6,7,1,15,11,13,30,27,42,60,42,1,1,0,1,1,5,14,8,8,20,16,19,63,49,45,0,0,0,1,5,0,8,6,10,4,10,0,45,35,44,2,3,6,12,23,0,0,0,0,0,2,8,8,8,20,22,19,34,38,24
71,intent:news_and_press,3,0,2,4,0,2,4,10,2,22,11,30,31,35,47,0,0,1,6,0,4,11,13,12,15,22,10,35,27,18,0,0,0,1,5,0,1,14,15,3,23,3,60,2,0,4,8,15,29,57,1,1,2,2,2,3,10,10,1,11,11,11,18,14,12
72,intent:hi,3,0,3,7,1,2,12,11,15,17,1,19,34,55,9,0,0,1,4,7,7,9,7,7,21,7,7,40,59,31,1,1,2,6,4,5,6,1,6,11,24,30,27,19,16,4,5,12,24,48,1,1,2,7,7,5,6,6,7,2,3,2,9,29,9
73,intent:latest_numbers,3,1,2,4,0,2,4,0,12,29,0,20,19,59,24,0,0,1,6,0,4,6,0,4,26,0,6,4,48,37,0,0,0,7,7,7,7,13,7,24,2,22,21,36,12,4,8,16,32,62,1,2,1,2,2,3,13,13,11,5,5,4,53,54,51
74,intent:hi,3,0,2,7,1,2,7,11,8,16,1,19,12,51,49,0,0,1,4,7,7,9,7,7,7,27,7,27,52,51,1,1,2,6,4,5,6,1,6,8,1,16,55,45,21,4,5,12,25,50,1,1,2,7,7,5,6,6,7,2,3,2,32,8,16
75,intent:can_i_get_from_feces_animal_pets,2,1,1,2,7,1,13,14,10,23,2,7,40,48,33,1,1,0,7,1,0,7,1,0,28,1,0,22,54,30,0,0,0,1,5,0,2,3,4,30,7,4,4,14,3,2,3,5,8,14,0,0,0,0,0,0,0,0,0,6,8,7,8,15,17
76,intent:myths,0,3,3,5,5,3,5,2,14,12,21,5,2,21,39,0,1,1,0,6,5,8,6,9,9,5,15,49,40,8,0,0,0,4,0,1,3,5,3,10,26,26,5,59,61,1,1,2,3,6,0,0,0,3,3,2,15,15,14,21,20,22,6,5,7
77,intent:travel,1,1,2,3,3,4,10,3,4,6,26,17,24,15,38,1,3,0,5,4,2,5,11,15,11,20,11,24,35,27,0,0,0,0,6,4,10,12,14,7,17,8,35,44,55,3,4,10,22,43,0,2,1,1,1,1,1,1,3,3,4,5,11,13,10
78,intent:what_are_treatment_options,2,2,1,6,4,1,6,7,1,4,24,1,17,10,1,1,1,0,1,1,5,13,10,5,27,29,31,13,13,20,0,0,0,1,5,0,2,3,4,25,6,31,1,50,59,2,3,7,15,26,0,0,0,0,0,0,14,14,13,23,12,25,21,23,19
79,intent:travel,1,1,2,3,3,4,4,3,2,3,20,17,63,5,55,1,3,0,5,4,2,5,11,15,11,4,11,5,37,56,0,0,0,0,6,4,10,12,14,23,12,24,62,60,40,3,4,10,22,42,0,2,1,1,1,1,1,1,3,3,4,12,52,50,0
80,intent:okay_thanks,3,0,0,4,1,6,8,13,6,7,9,16,44,7,8,2,2,2,2,5,6,2,5,6,2,3,5,45,3,48,3,3,3,3,2,2,9,0,11,6,8,12,14,31,60,4,5,11,23,46,2,1,2,5,5,4,5,5,6,4,1,3,0,0,1
81,intent:what_are_treatment_options,2,2,1,6,4,1,6,7,1,4,24,1,17,10,1,1,1,0,1,1,5,13,10,5,27,29,31,13,13,20,0,0,0,1,5,0,2,3,4,25,6,31,1,50,59,2,3,7,15,26,0,0,0,0,3,0,9,12,9,23,24,25,21,23,19
82,intent:protect_yourself,2,2,1,6,4,1,6,7,1,27,24,1,59,33,22,1,1,0,1,1,5,13,10,5,27,18,31,44,28,46,0,0,0,1,5,0,2,3,4,31,15,13,53,8,34,3,4,8,18,34,0,0,0,0,0,0,14,14,13,14,12,16,48,37,59
83,intent:travel,1,1,2,3,3,4,10,3,2,6,20,17,27,49,58,1,3,0,5,4,2,5,11,15,11,4,11,5,37,56,0,0,0,0,6,4,10,12,14,23,12,24,62,60,40,3,4,10,22,42,0,2,1,1,1,1,1,1,3,3,4,12,52,50,0
84,intent:can_i_get_from_feces_animal_pets,2,2,0,6,4,0,6,4,0,23,23,0,56,2,0,1,1,0,7,1,0,7,1,0,28,1,0,60,1,0,0,0,0,1,5,0,2,3,4,30,7,4,47,15,15,2,3,5,8,15,0,0,0,0,0,0,0,0,0,6,8,7,42,44,42
85,intent:hi,3,0,2,7,1,2,12,11,15,17,1,19,34,55,9,0,0,1,4,7,7,9,7,7,21,7,7,40,59,31,1,1,2,6,4,5,6,1,6,11,27,15,27,53,51,4,5,12,24,48,1,1,2,7,7,5,6,6,7,2,3,2,40,43,40
86,intent:protect_yourself,1,1,2,3,6,7,3,6,7,31,8,31,37,32,28,1,3,0,5,4,2,10,12,14,31,9,12,52,55,52,0,0,0,1,5,0,5,8,0,1,11,11,36,25,39,3,4,8,18,34,0,0,1,1,1,1,11,11,10,22,21,21,5,7,13
87,intent:protect_yourself,1,1,2,3,6,7,14,12,7,18,27,10,22,49,59,1,3,0,5,4,2,5,4,10,16,28,2,17,50,2,0,0,0,1,5,0,11,4,9,0,16,10,41,26,52,3,4,8,17,29,0,2,1,1,1,1,12,9,12,12,6,15,47,33,36
88,intent:okay_thanks,3,0,2,4,1,6,8,13,6,7,22,26,57,63,12,2,2,2,2,5,6,2,5,6,2,3,5,2,51,5,3,3,3,3,2,2,9,0,11,6,8,12,63,58,14,4,5,11,23,45,2,1,2,5,5,4,5,5,6,4,1,3,20,20,45
89,intent:protect_yourself,1,1,2,3,6,7,14,12,7,30,29,11,53,34,46,1,3,0,5,4,2,5,4,10,16,28,2,17,50,38,0,0,0,1,5,0,11,4,9,0,16,10,43,52,4,3,4,8,17,32,0,2,1,1,1,1,12,9,12,12,14,17,63,45,36
90,intent:donate,3,0,2,4,1,5,9,8,5,14,17,29,6,54,26,3,0,3,3,3,3,3,3,3,4,2,3,46,4,43,2,2,1,2,1,3,0,7,1,9,25,6,22,39,53,4,6,13,26,52,3,3,3,6,6,6,7,7,5,1,2,1,37,36,43
91,intent:donate,2,2,1,6,4,1,6,7,1,4,24,4,32,3,4,1,1,0,1,1,5,13,10,5,27,29,4,13,13,20,2,2,1,2,1,3,0,7,1,9,25,6,53,8,34,4,6,13,26,51,3,3,3,6,6,6,7,7,5,1,2,1,64,36,43
92,intent:travel,1,1,2,3,3,4,10,3,4,6,26,17,27,15,58,1,3,0,5,4,2,5,11,15,11,20,11,24,37,27,0,0,0,0,6,4,10,12,14,23,12,24,6,27,5,3,4,10,22,42,0,2,1,1,1,1,1,1,3,3,4,12,52,50,0
93,intent:hi,3,0,2,7,1,2,7,11,8,17,1,19,12,1,14,0,0,1,4,7,7,9,7,7,21,7,7,42,46,7,1,1,2,6,4,5,6,1,6,8,1,16,31,63,54,4,5,12,25,50,1,1,2,7,7,5,6,6,7,2,3,2,9,8,9
94,intent:protect_yourself,1,1,2,3,6,7,3,6,7,31,8,31,37,27,28,1,3,0,5,4,2,10,12,14,31,9,12,9,20,52,0,0,0,1,5,0,5,8,0,1,11,11,36,25,39,3,4,8,18,34,0,0,1,1,1,1,11,11,10,22,21,21,5,7,13
95,intent:can_i_get_from_packages_surfaces,1,1,2,3,6,7,3,6,7,31,8,31,63,2,54,1,3,0,5,4,2,5,12,10,5,13,12,28,2,41,0,0,0,1,5,0,2,3,4,23,12,24,50,61,56,3,4,8,17,33,0,0,1,1,1,1,1,1,3,19,17,12,43,49,41
96,intent:protect_yourself,2,2,1,6,4,1,6,7,1,15,31,9,18,29,21,1,3,0,5,4,2,10,12,14,22,23,24,20,15,12,0,0,0,1,5,0,5,8,0,29,19,21,8,0,13,3,4,8,19,36,0,0,1,1,1,1,11,11,10,16,14,17,16,17,18
97,intent:what_if_i_visited_high_risk_area,2,2,1,6,4,1,6,7,1,27,24,1,47,39,22,1,3,0,5,4,2,5,4,2,18,25,17,58,14,61,0,0,0,1,5,0,2,3,4,22,15,13,51,62,47,3,4,9,20,39,0,2,1,1,0,0,12,9,12,24,16,23,51,40,52
98,intent:okay_thanks,3,0,2,4,1,6,8,13,6,7,22,26,52,12,6,2,2,2,2,5,6,2,5,6,2,3,5,45,3,48,3,3,3,3,2,2,9,0,11,6,8,12,14,31,60,4,5,11,23,45,2,1,2,5,5,4,5,5,6,4,1,3,0,0,35
99,intent:can_i_get_from_feces_animal_pets,1,1,1,2,7,7,13,14,0,23,2,7,56,48,33,1,1,0,7,1,0,7,1,0,28,1,0,22,54,30,0,0,0,1,5,0,2,3,4,30,7,4,47,15,15,2,3,5,8,14,0,0,0,0,0,0,0,0,0,6,8,7,8,15,17
100,intent:myths,0,3,3,0,2,3,0,2,14,0,21,5,0,21,39,0,0,1,0,6,5,0,9,13,0,15,9,0,12,14,0,0,0,4,0,1,3,5,3,10,26,26,57,37,8,1,1,1,1,1,0,0,0,3,3,2,15,15,14,21,20,22,6,5,7
101,intent:what_if_i_visited_high_risk_area,2,2,1,6,4,1,6,7,1,27,24,1,47,33,22,1,3,0,5,4,2,5,4,10,18,25,17,58,14,61,0,0,0,0,6,4,2,3,4,22,15,20,29,29,4,3,4,9,20,39,0,2,1,1,1,1,1,1,3,3,16,23,13,62,62
102,intent:what_are_treatment_options,0,3,3,5,5,3,5,5,13,8,16,21,46,16,31,1,1,0,1,6,5,15,10,5,25,26,8,14,19,24,0,0,0,1,5,0,4,2,2,5,9,5,30,4,49,2,3,7,14,25,0,0,0,0,3,2,9,12,9,13,13,14,3,1,2
103,intent:latest_numbers,3,1,2,4,0,2,4,0,12,29,0,20,16,36,50,0,0,1,6,0,4,6,0,4,3,0,6,34,53,34,0,0,0,7,7,7,7,13,7,28,21,19,15,46,32,4,8,16,30,59,1,2,1,2,2,3,13,13,11,5,5,4,33,39,37
104,intent:hi,3,0,2,7,1,2,7,11,8,3,1,19,9,5,14,0,0,1,4,7,7,9,7,7,21,7,7,42,46,7,1,1,2,6,4,5,6,1,6,8,1,16,31,63,54,4,5,12,25,50,1,1,2,7,7,5,6,6,7,2,3,2,9,8,9
105,intent:latest_numbers,3,1,2,4,0,2,4,0,12,29,0,20,19,59,19,0,0,1,6,0,4,6,0,4,26,0,6,4,0,37,0,0,0,7,7,7,7,13,7,24,2,22,2,30,24,4,8,16,32,64,1,2,1,2,2,3,13,13,11,5,5,4,4,3,3
106,intent:news_and_press,2,2,1,6,4,1,15,7,1,28,12,8,4,9,60,0,0,1,6,0,4,11,13,12,17,17,25,16,58,40,0,0,0,7,7,7,1,14,15,26,23,28,38,47,22,2,2,4,6,10,1,0,0,2,2,0,4,4,1,9,10,10,25,24,27
107,intent:hi,3,0,2,7,1,2,7,11,8,17,1,19,12,24,14,0,0,1,4,7,7,9,7,7,21,7,7,8,7,31,1,1,2,6,4,5,6,1,6,8,24,30,31,19,16,4,5,12,25,49,1,1,2,7,7,5,6,6,7,2,3,2,9,29,9
108,intent:myths,3,1,2,0,2,7,3,6,7,15,31,9,18,29,21,1,3,0,5,4,2,10,12,14,22,23,24,20,15,12,0,0,0,1,5,0,5,8,0,29,19,21,8,0,13,3,4,8,19,36,0,0,1,1,1,1,11,11,10,16,14,17,16,17,18
109,intent:how_does_corona_spread,2,3,1,2,7,1,13,14,13,11,25,24,21,41,48,1,1,0,7,1,0,7,1,0,8,14,29,37,44,63,0,0,0,1,5,0,2,3,4,22,15,20,33,51,50,2,3,5,9,17,0,0,0,0,0,0,0,0,0,15,16,13,45,46,48
110,intent:news_and_press,2,1,1,2,0,1,2,9,10,2,10,12,1,23,19,0,0,1,6,0,4,11,13,12,17,17,25,59,30,17,0,0,0,7,7,7,1,14,15,24,2,22,39,3,4,4,8,16,31,61,1,0,0,2,2,0,13,13,11,18,19,20,4,3,3
111,intent:can_i_get_from_packages_surfaces,0,3,3,5,7,3,13,14,13,11,25,24,26,2,23,1,1,0,7,1,0,7,1,0,8,14,29,7,17,26,0,0,0,1,5,0,2,3,4,30,7,4,10,57,57,2,3,5,9,16,0,0,0,0,0,0,0,0,0,24,27,29,39,52,25
112,intent:what_if_i_visited_high_risk_area,1,1,2,3,3,4,10,3,4,6,26,3,5,18,3,1,3,0,5,4,2,5,11,15,11,4,11,5,37,56,0,0,0,0,6,4,10,12,14,23,12,24,26,9,41,3,4,10,21,40,0,2,1,1,1,1,1,1,3,19,17,12,17,12,0
113,intent:news_and_press,0,3,3,5,5,3,5,5,3,8,7,6,60,13,17,0,1,1,0,6,5,8,6,9,9,5,15,10,5,44,0,0,0,1,5,0,4,2,2,21,22,1,7,24,11,4,8,15,29,58,0,0,0,3,3,2,3,3,4,10,9,9,19,18,21
114,intent:how_does_corona_spread,2,2,1,6,4,1,6,7,1,27,24,1,47,42,22,1,1,0,7,1,0,7,14,0,14,14,26,38,24,22,0,0,0,1,5,0,2,3,4,22,15,20,29,29,42,2,2,4,7,13,0,0,0,0,0,0,0,0,0,27,16,23,13,27,29
115,intent:can_i_get_from_packages_surfaces,0,3,3,5,5,3,5,5,13,11,25,28,62,56,34,1,1,0,7,1,0,7,1,0,8,14,29,37,17,26,0,0,0,1,5,0,4,2,2,22,15,4,10,57,57,2,3,5,9,20,0,0,0,0,3,2,3,3,4,24,27,9,41,52,47
116,intent:myths,0,3,3,0,2,3,0,2,14,0,21,5,0,21,20,0,0,1,0,6,5,0,9,13,0,15,9,0,12,14,0,0,0,4,0,1,3,5,3,10,26,26,57,37,8,1,1,1,1,2,0,0,0,3,3,2,15,15,14,21,20,22,6,5,7
117,intent:what_is_corona,2,2,1,6,4,1,15,7,1,28,12,8,36,42,60,1,1,0,1,1,5,12,15,11,19,10,14,11,18,28,0,0,0,1,5,0,1,14,15,19,0,28,40,10,10,2,2,4,7,12,1,0,0,2,2,0,4,4,1,9,10,10,28,30,28
118,intent:what_are_treatment_options,0,3,3,5,5,3,5,5,3,8,16,6,46,16,10,0,1,1,1,6,5,15,10,5,25,26,8,14,19,24,0,0,0,1,5,0,4,2,2,5,9,5,30,4,49,2,3,7,14,25,0,0,0,0,3,2,9,12,9,13,13,14,3,1,2
119,intent:share,3,0,2,4,1,2,8,1,9,9,4,2,55,28,2,0,0,1,4,2,1,4,2,1,6,6,22,51,6,33,0,0,0,5,3,6,12,9,12,14,3,9,11,3,4,4,7,14,27,54,1,1,2,4,4,3,2,2,2,0,0,0,12,6,11
120,intent:hi,3,0,2,7,1,2,12,11,15,16,1,19,34,55,32,0,0,1,4,7,7,9,7,7,21,7,7,40,59,31,1,1,2,6,4,5,6,1,6,11,27,15,27,53,51,4,5,12,24,48,1,1,2,7,7,5,6,6,7,2,3,2,40,43,40
121,intent:hi,3,0,2,4,1,2,4,10,2,3,27,2,3,35,47,0,0,1,4,7,7,9,7,7,7,27,7,32,31,21,0,0,0,1,5,0,1,14,15,14,23,3,11,56,4,4,8,15,29,57,1,1,2,4,2,3,6,6,7,11,11,11,55,48,49
122,intent:what_are_treatment_options,0,3,3,5,5,3,5,5,13,8,16,21,46,16,10,0,1,1,1,6,5,15,10,5,25,26,8,14,19,24,0,0,0,1,5,0,4,2,2,5,9,5,30,4,49,2,3,7,14,25,0,0,0,0,3,2,9,12,9,13,13,14,3,1,2
123,intent:myths,0,3,3,0,2,3,0,2,14,0,3,5,0,21,39,0,0,1,0,6,5,0,9,13,0,15,9,0,12,14,0,0,0,4,0,1,3,5,3,10,26,26,57,37,8,1,1,1,1,1,0,0,0,3,3,2,15,15,14,21,20,22,6,5,7
124,intent:news_and_press,3,0,2,4,0,2,4,10,2,3,11,30,31,35,47,0,0,1,6,0,4,11,13,12,15,22,10,35,27,58,0,0,0,7,7,7,1,14,15,3,23,3,3,56,4,4,8,15,29,57,1,1,2,2,2,3,10,10,1,11,11,11,49,55,49
125,intent:share,3,0,2,4,1,2,8,1,9,9,4,2,55,28,16,0,0,1,4,2,1,4,2,1,6,6,22,51,6,55,0,0,0,5,3,6,12,9,12,14,3,9,49,3,4,4,7,14,27,54,1,1,2,4,4,3,2,2,2,0,0,0,12,6,11
126,intent:share,3,0,2,4,1,2,8,1,9,9,4,15,55,28,16,0,0,1,4,2,1,4,2,1,24,6,22,30,26,33,0,0,0,5,3,6,12,9,12,14,3,9,49,48,1,4,7,14,27,54,1,1,2,4,4,3,2,2,2,0,0,0,35,31,34
127,intent:latest_numbers,2,2,1,6,4,1,6,0,12,29,10,12,16,23,19,0,0,1,6,0,4,6,0,4,26,0,6,53,0,9,0,0,0,7,7,7,7,13,7,24,2,22,39,43,45,4,8,16,31,61,1,2,1,2,2,3,13,13,11,5,5,4,4,3,3
128,intent:share,3,0,2,4,1,2,8,1,9,9,4,15,55,28,16,0,0,1,4,2,1,4,2,1,24,6,22,51,6,33,0,0,0,5,3,6,12,9,12,14,3,9,49,48,1,4,7,14,27,54,1,1,2,4,4,3,2,2,2,0,0,0,35,31,34
129,intent:can_i_get_from_packages_surfaces,0,3,3,5,5,3,5,5,3,8,25,28,62,56,34,0,1,1,0,6,5,8,6,9,9,5,15,10,5,44,0,0,0,1,5,0,4,2,2,21,22,1,7,24,11,1,1,2,2,3,0,0,0,3,3,2,3,3,4,10,9,9,56,53,53
130,intent:how_does_corona_spread,2,1,1,2,7,1,13,9,10,21,29,11,11,50,43,1,3,0,5,4,2,5,4,10,16,28,2,62,22,39,0,0,0,1,5,0,11,4,9,0,16,10,58,21,33,2,3,5,10,21,0,0,1,1,0,0,14,9,13,12,29,15,27,45,31
131,intent:what_are_symptoms,2,2,1,6,4,1,6,7,1,28,12,1,38,17,1,1,1,0,1,1,5,1,8,8,1,11,13,39,33,42,0,0,0,1,5,0,13,10,8,19,0,14,0,55,37,2,2,4,7,11,0,0,0,0,0,0,8,8,8,7,7,6,31,25,30
132,intent:protect_yourself,0,3,3,5,5,3,5,5,3,8,7,28,28,13,52,0,1,1,0,6,5,8,6,9,9,5,15,10,5,44,0,0,0,1,5,0,4,2,2,21,22,1,50,61,56,3,4,8,17,31,0,0,0,3,3,2,3,3,4,10,9,9,56,53,53
133,intent:what_if_i_visited_high_risk_area,1,1,2,3,6,4,11,12,4,25,5,25,50,53,62,1,3,0,5,4,2,5,4,2,18,25,17,41,14,25,0,0,0,0,6,4,11,4,9,2,31,25,44,6,23,3,4,9,20,37,0,2,1,1,1,1,12,9,12,8,6,8,2,11,5
134,intent:hi,3,2,0,7,4,0,7,11,8,16,1,19,12,1,49,0,0,1,4,7,7,9,7,7,7,27,7,27,52,51,1,1,2,6,4,5,6,1,6,8,1,16,55,45,21,4,5,12,24,48,1,1,2,7,7,5,6,6,7,2,3,2,32,8,16
135,intent:share,3,0,2,4,1,2,8,1,9,9,4,2,55,28,2,0,0,1,4,2,1,4,2,1,6,6,22,51,6,55,0,0,0,5,3,6,12,9,12,14,3,9,37,23,38,4,7,14,27,54,1,1,2,4,4,3,2,2,2,0,0,0,12,6,11
136,intent:how_does_corona_spread,2,2,1,6,7,1,6,7,1,27,24,1,47,2,22,1,1,0,7,1,0,7,14,0,14,14,26,38,24,22,0,0,0,1,5,0,2,3,4,22,15,20,29,29,42,2,3,5,9,18,0,0,0,0,0,0,0,0,0,27,16,23,13,27,29
137,intent:what_are_treatment_options,0,3,3,5,5,3,5,5,3,8,16,21,46,16,10,1,1,0,1,6,5,15,10,5,25,26,8,14,19,24,0,0,0,1,5,0,4,2,2,5,9,5,30,4,49,2,3,7,14,25,0,0,0,0,3,2,9,12,9,13,13,14,3,1,2
138,intent:how_does_corona_spread,2,1,1,2,7,1,13,14,10,10,2,7,41,61,18,1,1,0,7,1,0,7,1,0,14,14,29,61,61,62,0,0,0,1,5,0,2,3,4,22,15,20,4,14,3,2,3,5,9,20,0,0,0,0,0,0,0,0,0,6,8,7,8,51,47
139,intent:what_are_symptoms,2,2,0,1,4,0,1,4,11,19,30,0,38,17,42,1,1,0,1,1,5,1,8,8,1,11,13,39,33,42,0,0,0,1,5,0,13,10,8,19,0,14,0,55,37,2,3,6,12,23,0,0,0,0,0,0,8,8,8,7,7,6,31,25,30
140,intent:can_i_get_from_feces_animal_pets,2,2,1,6,4,1,6,7,0,4,23,1,56,45,1,1,1,0,7,1,0,7,1,0,28,1,0,60,1,0,0,0,0,1,5,0,2,3,4,30,7,4,47,15,15,2,3,5,8,15,0,0,0,0,0,0,0,0,0,6,8,7,42,44,42
141,intent:donate,3,0,2,4,1,5,9,8,5,14,17,29,6,3,13,3,0,3,3,3,3,3,3,3,4,2,3,46,63,43,2,2,1,2,1,3,0,7,1,9,25,6,12,7,48,4,6,13,26,53,3,3,3,6,6,6,7,7,5,1,2,1,30,4,33
142,intent:okay_thanks,3,0,2,4,1,6,8,13,6,7,9,16,52,12,6,2,2,2,2,5,6,2,5,6,2,3,5,45,3,48,3,3,3,3,2,2,9,0,11,6,8,12,14,31,60,4,5,11,23,46,2,1,2,5,5,4,5,5,6,4,1,3,0,0,35
143,intent:latest_numbers,3,0,2,4,0,2,4,10,2,3,27,30,31,35,47,0,0,1,6,0,4,6,0,4,26,22,10,50,48,35,0,0,0,7,7,7,7,13,7,24,23,3,11,56,4,4,8,16,32,64,1,1,2,2,2,3,6,6,11,11,11,11,55,48,49
144,intent:share,3,0,2,4,1,2,8,1,9,20,19,15,20,30,29,0,0,1,4,2,1,4,2,1,24,6,1,6,41,1,0,0,0,5,3,6,12,9,12,16,28,7,19,17,35,4,7,14,28,55,1,1,2,4,4,3,2,2,2,0,0,0,1,2,4
145,intent:can_i_get_from_packages_surfaces,2,1,1,2,7,1,2,9,10,10,13,23,59,11,15,1,1,0,1,1,0,7,14,0,23,21,16,36,16,57,0,0,0,1,5,0,2,3,4,22,15,20,56,40,31,2,3,5,9,19,0,0,0,0,0,0,0,0,0,18,23,24,48,26,15
146,intent:okay_thanks,3,0,2,4,1,6,8,13,6,7,9,16,52,12,6,2,2,2,2,5,6,2,5,6,2,3,5,45,3,48,3,3,3,3,2,2,9,0,11,6,8,12,14,31,60,4,5,11,23,46,2,1,2,5,5,4,5,5,6,4,1,3,0,0,35
147,intent:myths,2,2,0,0,2,0,0,4,11,19,28,22,51,40,36,1,1,0,1,1,5,12,15,11,12,19,20,19,9,10,0,0,0,1,5,0,15,11,5,18,5,23,24,5,58,2,2,3,4,7,1,0,0,2,2,0,4,4,14,29,26,27,29,28,32
148,intent:what_is_corona,3,0,2,4,1,2,4,1,2,9,27,2,9,5,16,0,0,1,4,2,1,4,2,1,6,6,22,51,6,55,0,0,0,5,3,6,12,9,12,14,3,9,11,3,4,4,7,14,27,54,1,1,2,4,4,3,2,2,2,0,0,0,12,6,11
149,intent:myths,2,2,1,6,4,1,6,7,1,4,24,1,54,45,1,1,1,0,1,1,5,13,10,5,27,18,31,44,28,46,0,0,0,1,5,0,2,3,4,31,6,13,53,8,63,2,2,4,5,9,0,0,0,0,0,0,14,14,13,14,12,16,27,37,31
150,intent:latest_numbers,3,1,2,4,0,2,4,0,12,29,0,20,43,59,24,0,0,1,6,0,4,6,0,4,26,0,6,53,0,9,0,0,0,7,7,7,7,13,7,24,2,22,39,43,45,4,8,16,31,61,1,2,1,2,2,3,13,13,11,5,5,4,62,61,3
151,intent:news_and_press,2,2,1,6,4,1,15,7,1,28,12,8,4,9,60,0,0,1,6,0,4,11,13,12,17,17,25,16,58,40,0,0,0,7,7,7,1,14,15,26,23,28,38,47,22,2,2,4,6,10,1,0,0,2,2,0,4,4,1,9,10,10,25,24,27
152,intent:how_does_corona_spread,2,1,1,2,7,1,13,9,10,10,2,23,14,11,18,1,1,0,7,1,0,7,14,0,14,31,16,21,39,47,0,0,0,1,5,0,2,3,4,22,15,20,54,54,29,2,3,5,9,18,0,0,0,0,0,0,0,0,0,28,28,28,24,32,38
153,intent:can_i_get_from_packages_surfaces,2,1,2,3,6,7,3,6,7,31,8,31,37,27,28,1,3,0,5,4,2,10,12,14,31,9,12,9,20,52,0,0,0,1,5,0,5,8,0,1,11,11,36,25,39,3,4,8,18,34,0,0,1,1,1,1,11,11,10,22,21,21,5,7,13
154,intent:donate,3,0,1,4,1,5,9,8,5,14,17,4,32,38,4,3,0,3,3,3,3,3,3,3,4,2,3,46,56,43,2,2,1,2,1,3,0,7,1,9,25,6,18,42,46,4,6,13,26,51,3,3,3,6,6,6,7,7,5,1,2,1,59,59,57
155,intent:donate,3,0,2,4,1,5,9,8,5,14,6,29,6,58,26,3,0,3,3,3,3,3,3,3,4,2,3,3,36,3,2,2,1,2,1,3,0,7,1,20,13,18,13,32,20,4,6,13,26,53,3,3,3,6,6,6,7,7,5,1,2,1,30,34,33
156,intent:news_and_press,3,0,2,4,0,2,4,10,2,22,11,30,31,35,47,0,0,1,6,0,4,11,13,12,15,22,10,35,27,18,0,0,0,7,7,7,1,14,15,3,23,3,60,2,0,4,8,15,29,57,1,1,2,2,2,3,10,10,1,11,11,11,18,14,12
157,intent:what_are_symptoms,0,3,3,5,5,3,5,5,3,8,7,28,33,4,17,0,1,1,0,6,5,8,6,9,9,5,15,10,5,44,0,0,0,1,5,0,4,2,2,21,22,1,7,24,11,1,1,2,3,6,0,0,0,3,3,2,3,3,4,10,9,9,58,18,54
158,intent:what_if_i_visited_high_risk_area,2,2,1,6,4,1,6,7,1,4,24,1,47,42,60,1,3,0,5,4,2,5,4,2,18,25,17,58,14,61,0,0,0,1,5,0,11,4,9,2,31,25,51,62,47,2,2,4,7,13,0,2,1,1,1,1,12,9,12,8,6,8,51,57,52
159,intent:myths,0,3,3,5,5,3,5,14,0,11,25,24,26,31,44,1,1,0,7,1,0,7,1,0,28,1,29,22,34,30,0,0,0,1,5,0,2,3,4,30,7,4,33,51,50,2,3,5,8,14,0,0,0,0,0,0,0,0,0,15,18,13,26,35,26
160,intent:hi,3,0,2,7,1,2,7,11,8,16,1,19,12,1,49,0,0,1,4,7,7,9,7,7,7,27,7,27,52,51,1,1,2,6,4,5,6,1,6,8,1,16,55,45,21,4,5,12,25,50,1,1,2,7,7,5,6,6,7,2,3,2,32,8,16
161,intent:how_does_corona_spread,2,1,1,2,7,1,13,14,13,11,25,24,21,41,48,1,1,0,7,1,0,7,1,0,8,14,29,37,44,63,0,0,0,1,5,0,2,3,4,22,15,20,33,51,50,2,3,5,9,17,0,0,0,0,0,0,0,0,0,15,16,13,45,46,48
162,intent:okay_thanks,3,0,2,4,1,6,8,13,6,7,9,16,44,7,8,2,2,2,2,5,6,2,5,6,2,3,5,2,51,5,3,3,3,3,2,2,9,0,11,6,8,12,48,13,25,4,5,11,23,46,2,1,2,5,5,4,5,5,6,4,1,3,0,0,1
163,intent:what_is_corona,0,3,3,5,5,3,5,5,3,8,7,28,33,13,17,0,1,1,0,6,5,8,6,9,9,5,15,10,5,44,0,0,0,1,5,0,4,2,2,21,22,1,7,24,11,1,1,2,3,6,0,0,0,3,3,2,3,3,4,10,9,9,19,18,21
164,intent:what_if_i_visited_high_risk_area,1,1,2,3,6,4,11,12,4,25,5,25,50,57,62,1,3,0,5,4,2,5,4,2,18,25,17,41,14,25,0,0,0,0,6,4,11,4,9,2,31,25,44,6,23,3,4,9,20,37,0,2,1,1,1,1,12,9,12,8,6,8,2,11,5
165,intent:can_i_get_from_packages_surfaces,1,1,2,3,6,7,14,6,7,18,8,10,9,5,52,1,3,0,5,4,2,5,12,10,5,13,12,28,2,41,0,0,0,1,5,0,2,3,4,0,16,10,50,61,56,3,4,8,17,33,0,2,1,1,1,1,1,1,3,19,17,15,50,49,50
166,intent:what_is_corona,2,1,1,2,7,1,2,9,10,24,13,23,1,8,15,1,1,0,1,1,5,12,15,11,23,24,27,31,32,36,0,0,0,1,5,0,1,14,15,27,29,2,52,21,36,2,3,5,11,22,0,0,0,2,2,0,4,4,1,18,19,20,46,26,15
167,intent:how_does_corona_spread,2,2,1,6,7,1,6,7,1,27,24,1,47,11,22,1,1,0,7,1,0,7,14,0,14,14,26,38,24,22,0,0,0,1,5,0,2,3,4,22,15,20,29,29,42,2,2,4,7,13,0,0,0,0,0,0,0,0,0,27,16,23,13,27,29
168,intent:how_does_corona_spread,3,0,2,4,1,2,4,1,2,3,27,2,9,5,16,0,0,1,4,2,1,4,2,1,6,6,22,51,6,55,0,0,0,5,3,6,12,9,12,14,3,9,49,3,1,2,3,5,9,17,1,1,2,4,4,3,2,2,2,0,0,0,35,31,34
169,intent:donate,3,0,2,4,1,5,9,8,5,14,17,29,6,3,13,3,0,3,3,3,3,3,3,3,4,2,3,46,4,43,2,2,1,2,1,3,0,7,1,9,25,6,12,7,48,4,6,13,26,52,3,3,3,6,6,6,7,7,5,1,2,1,14,4,6
170,intent:what_are_treatment_options,0,3,3,5,5,3,5,5,13,11,15,21,30,4,31,1,1,0,1,1,5,15,10,5,13,8,28,29,29,4,0,0,0,1,5,0,4,2,2,5,9,5,30,4,49,2,3,7,14,25,0,0,0,0,3,2,9,12,9,13,13,14,3,1,2
171,intent:what_is_corona,0,3,3,5,5,3,5,5,3,8,7,28,33,13,17,0,1,1,0,6,5,8,6,9,9,5,15,10,5,44,0,0,0,1,5,0,4,2,2,21,22,1,7,24,11,1,1,2,3,6,0,0,0,3,3,2,3,3,4,10,9,9,19,18,21
172,intent:okay_thanks,3,0,2,4,1,6,8,13,6,7,14,26,57,63,12,2,2,2,2,5,6,2,5,6,30,30,30,25,43,32,3,3,3,3,2,2,9,0,11,13,20,17,28,22,7,4,5,11,23,45,2,1,2,5,5,4,5,5,6,30,1,30,36,41,44
173,intent:what_are_treatment_options,0,3,3,5,5,3,5,5,13,12,16,21,23,19,10,1,1,0,1,6,5,15,10,5,25,26,8,14,19,24,0,0,0,1,5,0,4,2,2,5,9,5,30,4,49,2,3,7,14,25,0,0,0,0,3,2,9,12,9,13,13,14,3,1,2
174,intent:protect_yourself,1,1,2,3,6,7,3,6,7,15,8,9,48,47,21,1,3,0,5,4,2,10,12,14,31,9,24,33,45,52,0,0,0,1,5,0,5,8,0,1,11,11,9,41,19,3,4,8,19,35,0,0,1,1,1,1,11,11,10,16,14,17,43,56,41
175,intent:how_does_corona_spread,2,2,1,6,4,1,6,7,1,27,24,1,47,33,22,1,1,0,7,1,0,7,1,0,14,14,26,61,61,62,0,0,0,1,5,0,2,3,4,22,15,20,29,29,42,2,3,5,9,20,0,0,0,0,0,0,0,0,0,27,16,23,13,27,29
176,intent:what_are_symptoms,3,1,2,1,6,7,1,15,2,13,27,27,39,20,42,1,1,0,1,1,5,14,8,8,20,16,19,18,21,16,0,0,0,1,5,0,8,6,10,4,10,0,23,28,30,2,3,6,12,23,0,0,0,0,0,2,8,8,8,20,22,19,34,38,24
177,intent:can_i_get_from_feces_animal_pets,2,1,1,1,6,7,1,15,0,13,30,27,42,20,42,1,1,0,1,1,5,14,8,8,20,16,19,18,21,16,0,0,0,1,5,0,2,3,4,19,0,4,47,55,37,2,3,5,8,14,0,0,0,0,0,0,8,8,8,20,22,19,31,25,24
178,intent:hi,3,0,2,4,1,2,8,1,2,9,27,2,9,5,16,0,0,1,4,2,1,4,2,1,6,6,22,51,6,55,0,0,0,1,5,0,2,3,4,14,3,9,11,3,4,4,7,14,27,54,1,1,2,4,4,3,2,2,2,31,30,11,50,49,50
179,intent:hi,3,0,2,7,1,2,7,11,8,16,1,19,12,51,49,0,0,1,4,7,7,9,7,7,7,27,7,27,52,51,1,1,2,6,4,5,6,1,6,8,1,16,55,45,21,4,5,12,25,50,1,1,2,7,7,5,6,6,7,2,3,2,32,8,16
180,intent:hi,0,3,3,7,5,3,7,11,8,17,1,19,12,24,9,0,0,1,4,7,7,9,7,7,21,7,7,8,7,31,1,1,2,6,4,5,6,1,6,8,24,30,31,19,16,4,5,12,25,49,1,1,2,7,7,5,6,6,7,2,3,2,9,29,9
181,intent:news_and_press,3,0,2,4,0,2,4,10,2,22,11,30,31,22,47,0,0,1,6,0,4,11,13,12,15,22,10,43,11,18,0,0,0,1,5,0,1,14,15,3,23,3,60,2,0,4,8,15,29,58,1,1,2,4,4,3,2,10,2,11,11,11,18,14,12
182,intent:hi,3,0,2,7,1,2,12,11,8,16,1,19,3,51,49,0,0,1,4,7,7,9,7,7,7,27,7,32,31,21,1,1,2,6,4,5,6,1,6,8,1,16,11,56,21,4,5,12,25,50,1,1,2,7,7,5,6,6,7,2,3,2,55,48,16
183,intent:can_i_get_from_packages_surfaces,2,1,1,2,7,1,13,9,10,10,2,7,14,11,33,1,1,0,7,1,0,7,1,0,8,14,29,7,17,59,0,0,0,1,5,0,2,3,4,22,15,20,10,14,57,2,3,5,9,18,0,0,0,0,0,0,0,0,0,28,28,28,54,32,25
184,intent:donate,3,0,3,4,1,5,9,8,5,14,6,4,32,38,4,3,0,3,3,3,3,3,3,3,4,2,3,46,56,43,2,2,1,2,1,3,0,7,1,9,25,6,18,42,46,4,6,13,26,51,3,3,3,6,6,6,7,7,5,1,2,1,59,59,57
185,intent:protect_yourself,0,1,3,5,6,7,3,6,13,15,8,11,48,47,52,1,3,0,5,4,2,10,12,14,31,9,24,33,45,52,0,0,0,1,5,0,5,8,0,1,11,11,9,41,19,3,4,8,19,35,0,0,1,1,1,1,11,11,10,16,14,17,43,56,41
186,intent:can_i_get_from_feces_animal_pets,2,2,1,6,4,1,6,14,0,4,15,1,17,10,7,1,1,0,1,1,5,13,10,5,13,29,28,13,13,20,0,0,0,1,5,0,2,3,4,25,6,31,1,50,59,2,3,7,15,26,0,0,0,0,3,2,9,12,9,23,24,25,21,23,19
187,intent:donate,3,0,2,4,1,5,9,8,5,14,17,29,6,54,26,3,0,3,3,3,3,3,3,3,4,2,3,46,63,43,2,2,1,2,1,3,0,7,1,9,25,6,22,39,53,4,6,13,26,52,3,3,3,6,6,6,7,7,5,1,2,1,37,36,43
188,intent:what_is_corona,2,1,1,2,7,1,2,9,10,24,13,23,1,8,15,1,1,0,1,1,5,12,15,11,23,24,27,31,32,36,0,0,0,1,5,0,1,14,15,27,29,2,52,21,36,2,3,5,11,22,0,0,0,2,2,0,4,4,1,18,19,20,46,26,15
189,intent:how_does_corona_spread,2,3,1,2,7,1,13,14,0,23,25,24,26,48,44,1,1,0,7,1,0,7,1,0,28,1,29,22,34,30,0,0,0,1,5,0,2,3,4,30,7,4,33,51,15,2,3,5,8,14,0,0,0,0,0,0,0,0,0,15,18,13,26,35,26
190,intent:hi,3,2,0,7,4,0,12,11,8,17,28,19,3,24,9,0,0,1,4,7,7,9,7,7,21,7,7,8,7,31,1,1,2,6,4,5,6,1,6,8,24,30,11,19,16,4,5,12,25,49,1,1,2,7,7,5,6,6,7,2,3,2,9,29,9
191,intent:what_are_treatment_options,3,1,2,1,6,7,1,15,2,18,27,10,9,5,45,1,3,0,5,4,2,5,4,10,16,28,2,62,50,2,0,0,0,1,5,0,2,3,4,5,9,5,45,35,44,3,4,8,17,29,0,0,0,0,3,2,9,8,9,20,22,19,38,42,60
192,intent:donate,3,0,0,4,1,5,9,8,5,14,17,29,6,54,26,3,0,3,3,3,3,3,3,3,4,2,3,46,63,43,2,2,1,2,1,3,0,7,1,9,25,6,22,39,53,4,6,13,26,52,3,3,3,6,6,6,7,7,5,1,2,1,37,36,43
193,intent:what_are_treatment_options,0,3,3,5,5,3,5,5,13,11,16,21,46,16,31,1,1,0,1,6,5,15,10,5,25,26,8,14,19,24,0,0,0,1,5,0,4,2,2,5,9,5,30,4,49,2,3,7,14,25,0,0,0,0,3,2,9,12,9,13,13,14,3,1,2
194,intent:protect_yourself,2,1,1,2,7,1,13,9,10,21,29,11,11,50,43,1,3,0,5,4,2,5,4,10,16,28,2,62,22,39,0,0,0,1,5,0,11,4,9,0,16,10,58,21,33,2,3,5,10,21,0,0,1,1,0,0,14,9,13,12,29,15,27,45,31
195,intent:share,3,0,2,4,1,2,8,1,9,20,19,15,20,30,61,0,0,1,4,2,1,4,2,1,6,6,1,6,41,1,0,0,0,5,3,6,12,9,12,16,28,7,20,38,27,4,7,14,28,56,1,1,2,4,4,3,2,2,2,0,0,0,1,2,4
196,intent:what_is_corona,3,2,0,6,4,0,15,4,11,19,28,18,8,43,30,0,0,1,6,0,4,11,13,12,10,12,18,12,25,60,0,0,0,1,5,0,14,15,13,17,14,27,25,20,28,2,2,3,4,8,1,0,0,2,2,0,10,10,15,17,15,18,10,10,8
197,intent:can_i_get_from_feces_animal_pets,2,1,1,2,7,1,13,14,10,10,2,7,40,11,18,1,1,0,7,1,0,7,1,0,14,14,29,61,61,62,0,0,0,1,5,0,2,3,4,22,15,20,4,14,3,2,3,5,9,20,0,0,0,0,0,0,0,0,0,6,8,7,8,15,17
198,intent:how_does_corona_spread,2,2,1,2,7,1,13,14,1,27,24,1,47,39,22,1,1,0,7,1,0,7,1,0,14,14,26,38,24,22,0,0,0,1,5,0,2,3,4,22,15,20,29,29,42,2,3,5,9,18,0,0,0,0,0,0,0,0,0,27,16,23,13,27,29
199,intent:donate,3,0,2,4,1,5,9,8,5,14,17,29,6,25,26,3,0,3,3,3,3,3,3,3,4,2,3,46,4,43,2,2,1,2,1,3,0,7,1,9,25,6,12,7,48,4,6,13,26,52,3,3,3,6,6,6,7,7,5,1,2,1,14,4,6
200,intent:can_i_get_from_packages_surfaces,2,1,1,2,7,1,13,14,10,10,2,7,14,11,33,1,1,0,7,1,0,7,1,0,8,14,29,7,17,59,0,0,0,1,5,0,2,3,4,22,15,20,10,57,57,2,3,5,9,18,0,0,0,0,0,0,0,0,0,28,28,28,54,32,25
201,intent:how_does_corona_spread,2,2,0,6,4,0,15,4,11,19,28,0,8,2,0,1,1,0,7,1,0,7,1,0,8,14,29,7,42,49,0,0,0,1,5,0,2,3,4,31,7,13,10,57,57,2,2,3,4,7,0,0,0,0,0,0,10,10,15,17,15,18,39,40,8
202,intent:latest_numbers,3,1,2,4,0,2,4,0,12,29,0,20,16,36,50,0,0,1,6,0,4,6,0,4,3,0,6,34,53,34,0,0,0,7,7,7,7,13,7,28,21,19,15,46,32,4,8,16,30,59,1,2,1,2,2,3,13,13,11,5,5,4,33,39,37
203,intent:okay_thanks,3,0,2,4,1,6,8,13,6,7,22,13,10,7,12,2,2,2,2,5,6,2,5,6,2,3,5,2,51,5,3,3,3,3,2,2,9,0,11,6,8,12,16,11,17,4,5,11,23,46,2,1,2,5,5,4,5,5,6,4,1,3,20,20,1
204,intent:share,3,0,2,4,1,2,8,1,9,20,19,15,20,30,29,0,0,1,4,2,1,4,2,1,24,6,1,6,41,1,0,0,0,5,3,6,12,9,12,16,28,7,19,17,35,4,7,14,28,55,1,1,2,4,4,3,2,2,2,0,0,0,1,2,4
205,intent:myths,0,3,3,0,2,3,0,2,14,0,21,5,0,21,39,0,0,1,0,6,5,0,9,13,0,15,9,0,12,14,0,0,0,4,0,1,3,5,3,10,26,26,57,37,8,1,1,1,1,1,0,0,0,3,3,2,15,15,14,21,20,22,6,5,7
206,intent:travel,1,1,2,3,3,4,10,3,4,6,26,17,27,49,58,1,3,0,5,4,2,5,11,15,11,20,11,24,35,27,0,0,0,0,6,4,10,12,14,7,17,8,6,27,5,3,4,10,22,44,0,2,1,1,1,1,1,1,3,3,4,5,15,21,22
207,intent:what_is_corona,2,2,1,6,4,1,15,7,1,28,12,8,4,9,60,0,0,1,6,0,4,11,13,12,17,17,25,16,58,40,0,0,0,1,5,0,1,14,15,26,23,28,38,47,22,2,2,4,6,10,1,0,0,2,2,0,4,4,1,9,10,10,25,24,27
208,intent:what_are_symptoms,2,1,1,1,6,7,1,15,2,1,30,27,49,62,41,1,1,0,1,1,5,1,8,8,1,11,13,1,8,54,0,0,0,1,5,0,13,10,8,15,4,14,32,1,26,2,3,6,13,24,0,0,0,0,0,0,8,8,8,7,7,6,23,9,23
209,intent:what_if_i_visited_high_risk_area,1,1,2,3,6,7,3,6,7,15,31,9,18,47,46,1,3,0,5,4,2,10,12,14,22,23,24,20,15,12,0,0,0,1,5,0,5,8,0,29,19,21,45,35,44,3,4,8,17,29,0,0,1,1,1,1,11,11,10,16,14,17,16,17,18
210,intent:latest_numbers,2,1,1,2,7,1,2,9,10,2,2,7,40,23,18,0,0,1,6,0,4,6,0,4,26,0,6,53,0,9,0,0,0,1,5,0,2,3,4,30,7,4,4,14,3,4,8,16,31,61,0,0,0,0,0,0,0,0,0,6,8,7,46,15,17
211,intent:what_are_symptoms,2,2,1,6,4,1,6,7,1,4,24,1,36,42,1,1,1,0,1,1,5,1,8,8,1,11,13,39,33,42,0,0,0,1,5,0,1,14,15,19,0,13,47,55,37,2,2,4,7,11,0,0,0,0,0,0,8,8,8,9,10,10,28,25,30
212,intent:how_does_corona_spread,2,1,1,2,7,1,13,14,10,10,2,7,41,61,18,1,1,0,7,1,0,7,1,0,14,14,29,61,61,62,0,0,0,1,5,0,2,3,4,22,15,20,4,14,3,2,3,5,9,20,0,0,0,0,0,0,0,0,0,6,8,7,8,51,47
213,intent:hi,3,0,2,7,1,2,12,11,8,16,1,19,3,51,49,0,0,1,4,7,7,9,7,7,7,27,7,32,31,21,1,1,2,6,4,5,6,1,6,8,1,16,11,56,21,4,5,12,25,50,1,1,2,7,7,5,6,6,7,2,3,2,55,48,16
214,intent:what_is_corona,2,2,1,6,4,1,15,7,1,28,12,8,29,42,25,1,1,0,1,1,5,12,15,11,19,10,14,11,18,28,0,0,0,1,5,0,1,14,15,19,0,28,40,10,10,2,2,4,7,12,1,0,0,2,2,0,4,4,1,9,10,10,28,30,28
215,intent:what_are_treatment_options,2,2,1,6,4,1,6,7,1,4,24,1,54,33,1,1,1,0,1,1,5,13,10,5,27,29,31,13,13,20,0,0,0,1,5,0,2,3,4,31,6,13,53,8,34,2,3,7,15,27,0,0,0,0,0,0,14,14,13,14,12,16,7,19,14
216,intent:hi,3,0,2,7,1,2,7,11,8,17,1,19,12,1,14,0,0,1,4,7,7,9,7,7,21,7,7,42,46,7,1,1,2,6,4,5,6,1,6,8,24,30,31,63,54,4,5,12,25,50,1,1,2,7,7,5,6,6,7,2,3,2,9,8,9
217,intent:hi,3,0,2,7,1,2,7,11,8,16,1,19,12,1,49,0,0,1,4,7,7,9,7,7,7,27,7,27,52,51,1,1,2,6,4,5,6,1,6,8,1,16,55,45,21,4,5,12,25,50,1,1,2,7,7,5,6,6,7,2,3,2,32,8,16
218,intent:what_if_i_visited_high_risk_area,1,1,2,3,3,4,14,12,4,6,20,3,5,18,63,1,3,0,5,4,2,5,11,15,11,4,11,5,37,56,0,0,0,0,6,4,10,12,14,23,12,24,26,9,41,3,4,8,17,29,0,2,1,1,1,1,1,1,3,19,17,12,17,12,0
219,intent:hi,0,3,3,7,5,3,7,11,8,17,1,19,12,24,9,0,0,1,4,7,7,9,7,7,21,7,7,8,7,31,1,1,2,6,4,5,6,1,6,8,24,30,31,19,16,4,5,12,25,49,1,1,2,7,7,5,6,6,7,2,3,2,9,29,9
220,intent:news_and_press,3,0,2,4,1,2,4,10,2,3,27,2,9,35,47,0,0,1,6,0,4,11,13,12,15,22,10,35,27,58,0,0,0,1,5,0,1,14,15,14,3,9,11,3,4,4,8,15,29,57,1,1,2,4,2,3,10,10,2,11,11,11,49,55,49
221,intent:hi,3,0,3,7,1,2,12,11,8,17,1,19,3,24,9,0,0,1,4,7,7,9,7,7,21,7,7,8,7,31,1,1,2,6,4,5,6,1,6,8,24,30,11,19,16,4,5,12,25,49,1,1,2,7,7,5,6,6,7,2,3,2,9,29,9
222,intent:can_i_get_from_feces_animal_pets,0,3,3,5,5,3,13,14,0,11,25,24,26,31,44,1,1,0,7,1,0,7,1,0,28,1,29,22,34,30,0,0,0,1,5,0,2,3,4,30,7,4,33,51,50,2,3,5,8,14,0,0,0,0,0,0,0,0,0,15,18,13,26,35,26
223,intent:how_does_corona_spread,2,2,1,6,4,1,6,7,1,27,24,1,47,33,22,1,1,0,7,1,0,7,14,0,14,14,26,38,24,22,0,0,0,1,5,0,2,3,4,22,15,20,29,29,42,2,3,5,9,18,0,0,0,0,0,0,0,0,0,27,16,23,13,27,29
224,intent:hi,3,0,2,7,1,2,12,11,15,16,1,19,34,37,32,0,0,1,4,7,7,9,7,7,21,7,7,40,59,31,1,1,2,6,4,5,6,1,6,11,27,15,27,53,51,4,5,12,24,48,1,1,2,7,7,5,6,6,7,2,3,2,40,43,40
225,intent:what_is_corona,2,2,1,6,4,1,15,7,1,28,12,8,36,42,25,1,1,0,1,1,5,12,15,11,19,10,14,11,18,28,0,0,0,1,5,0,1,14,15,19,0,28,40,10,10,2,2,4,7,12,1,0,0,2,2,0,4,4,1,9,10,10,28,30,28
226,intent:donate,3,0,2,4,1,5,9,8,5,14,17,29,6,54,26,3,0,3,3,3,3,3,3,3,4,2,3,46,63,43,2,2,1,2,1,3,0,7,1,9,25,6,22,39,53,4,6,13,26,52,3,3,3,6,6,6,7,7,5,1,2,1,37,36,43
227,intent:protect_yourself,0,3,3,5,5,3,5,5,3,8,7,28,28,52,52,0,1,1,0,6,5,8,6,9,9,5,15,10,5,44,0,0,0,1,5,0,4,2,2,0,16,10,50,61,56,3,4,8,17,31,0,0,0,3,3,2,3,3,4,10,9,9,56,53,53
228,intent:what_is_corona,0,3,3,5,5,3,5,5,3,8,7,28,33,13,17,0,1,1,0,6,5,8,6,9,9,5,15,10,5,44,0,0,0,1,5,0,4,2,2,21,22,1,7,24,11,1,1,2,3,6,0,0,0,3,3,2,3,3,4,10,9,9,19,18,21
229,intent:what_are_treatment_options,0,3,3,5,5,3,5,5,13,11,15,21,30,31,31,1,1,0,1,1,5,15,10,5,13,8,28,29,29,4,0,0,0,1,5,0,4,2,2,25,6,31,30,4,49,2,3,7,15,27,0,0,0,0,3,2,9,12,9,13,13,14,3,1,2
230,intent:what_if_i_visited_high_risk_area,1,1,1,3,6,4,11,12,4,30,5,25,53,39,53,1,3,0,5,4,2,5,4,2,18,25,17,41,14,25,0,0,0,0,6,4,11,4,9,2,31,25,43,52,4,3,4,9,20,39,0,2,1,1,1,1,12,9,12,8,6,8,2,42,5
231,intent:what_are_treatment_options,0,3,3,5,5,3,5,5,13,12,16,21,23,19,10,1,1,0,1,6,5,15,10,5,25,26,8,14,19,24,0,0,0,1,5,0,4,2,2,5,9,5,30,4,49,2,3,7,14,25,0,0,0,0,3,2,9,12,9,13,13,14,3,1,2
232,intent:news_and_press,3,2,0,6,4,0,15,4,11,19,28,18,8,43,30,0,0,1,6,0,4,11,13,12,10,12,18,12,25,6,0,0,0,1,5,0,14,15,13,17,14,27,25,20,28,2,2,3,4,8,1,0,0,2,2,0,10,10,15,17,15,18,10,10,8
233,intent:what_are_symptoms,2,2,1,6,4,1,6,7,1,4,24,1,36,42,1,1,1,0,1,1,0,7,14,0,23,21,16,36,16,57,0,0,0,1,5,0,1,14,15,31,6,13,56,40,31,2,3,5,9,19,0,0,0,0,0,0,3,3,4,25,23,24,48,16,61
234,intent:what_are_symptoms,1,1,2,1,6,7,14,15,2,13,27,10,39,20,42,1,1,0,1,1,5,14,8,8,20,16,19,18,21,16,0,0,0,1,5,0,8,6,10,4,10,0,23,28,30,2,3,6,12,23,0,0,0,0,0,2,8,8,8,20,22,19,34,38,24
235,intent:what_are_symptoms,2,1,1,1,6,7,1,15,2,1,30,27,49,62,41,1,1,0,1,1,5,1,8,8,1,11,13,1,8,54,0,0,0,1,5,0,13,10,8,15,4,14,32,1,26,2,3,6,13,24,0,0,0,0,0,0,8,8,8,7,7,6,23,9,23
236,intent:latest_numbers,3,0,2,4,0,2,4,10,2,22,11,30,31,35,57,0,0,1,6,0,4,11,13,12,15,22,10,35,27,58,0,0,0,7,7,7,1,14,15,3,23,3,3,2,0,4,8,15,29,57,1,1,2,2,2,3,10,10,1,11,11,11,49,55,12
237,intent:news_and_press,3,2,0,6,4,0,15,4,11,19,28,18,8,43,30,0,0,1,6,0,4,11,13,12,10,12,18,12,25,6,0,0,0,1,5,0,14,15,13,17,14,27,25,20,28,2,2,3,4,8,1,0,0,2,2,0,10,10,15,17,15,18,10,10,8
238,intent:can_i_get_from_packages_surfaces,2,1,1,2,7,1,2,9,10,10,13,23,59,11,15,1,1,0,1,1,0,7,14,0,23,21,16,36,16,57,0,0,0,1,5,0,2,3,4,12,18,29,56,40,31,2,3,5,9,19,0,0,0,0,0,0,3,3,4,25,23,24,48,16,15
239,intent:what_are_symptoms,2,2,0,1,4,0,1,4,11,19,30,0,38,17,0,1,1,0,1,1,5,1,8,8,1,11,13,57,8,11,0,0,0,1,5,0,13,10,8,15,4,14,0,55,37,2,3,6,13,24,0,0,0,0,0,0,8,8,8,7,7,6,31,25,30
240,intent:protect_yourself,2,2,1,6,4,1,6,7,1,21,29,11,54,45,43,1,1,0,1,1,2,13,10,10,27,18,21,44,28,46,0,0,0,1,5,0,2,3,4,31,16,13,53,8,63,2,3,5,10,21,0,0,1,1,0,0,14,14,13,12,29,15,27,37,31
241,intent:travel,1,1,2,3,3,4,10,3,4,6,26,17,5,18,63,1,3,0,5,4,2,5,11,15,11,4,11,5,37,56,0,0,0,0,6,4,10,12,14,23,12,24,6,27,5,3,4,10,22,43,0,2,1,1,1,1,1,1,3,19,17,12,17,12,0
242,intent:what_are_symptoms,2,2,0,6,4,0,6,4,11,19,30,0,38,17,0,1,1,0,1,1,5,1,8,8,1,11,13,57,8,11,0,0,0,1,5,0,13,10,8,15,4,14,0,55,37,2,3,6,13,24,0,0,0,0,0,0,8,8,8,7,7,6,31,25,30
243,intent:myths,2,2,1,6,4,1,6,7,1,4,24,1,36,33,1,1,1,0,1,1,5,12,15,11,19,10,14,11,62,28,0,0,0,1,5,0,2,3,4,31,6,13,53,8,34,2,2,4,7,12,0,0,0,0,0,0,14,14,13,14,12,16,7,19,14
244,intent:news_and_press,0,3,3,5,5,3,5,5,3,8,7,6,60,13,17,0,1,1,0,6,5,8,6,9,9,5,23,26,23,23,0,0,0,1,5,0,4,2,2,3,30,1,34,33,18,1,1,2,3,5,0,0,0,3,3,2,3,3,4,26,25,26,22,22,20
245,intent:how_does_corona_spread,0,1,3,2,5,3,13,14,13,11,25,24,41,61,44,1,1,0,7,1,0,7,1,0,8,14,29,61,61,62,0,0,0,1,5,0,2,3,4,22,7,4,4,14,3,2,3,5,9,20,0,0,0,0,0,0,0,0,0,15,18,13,8,51,47
246,intent:can_i_get_from_feces_animal_pets,2,2,1,6,4,1,6,7,0,23,23,1,47,48,1,1,1,0,7,1,0,7,1,0,28,1,0,60,1,0,0,0,0,1,5,0,2,3,4,30,7,4,47,15,15,2,3,5,8,15,0,0,0,0,0,0,0,0,0,6,8,7,42,44,42
247,intent:news_and_press,0,3,3,5,5,3,5,5,13,11,25,21,21,4,48,1,1,0,1,6,5,15,10,5,25,26,8,14,19,24,0,0,0,1,5,0,2,3,4,30,7,4,33,51,50,4,8,16,31,61,0,0,0,0,3,2,9,12,9,15,18,13,45,46,48
248,intent:can_i_get_from_packages_surfaces,3,0,2,3,6,7,3,6,7,31,18,31,37,26,28,1,3,0,5,4,2,10,12,14,31,9,12,52,55,52,0,0,0,1,5,0,5,8,0,1,11,11,61,34,62,3,4,8,18,34,0,0,1,1,1,1,11,11,10,22,21,21,5,7,13
249,intent:donate,3,0,2,4,1,5,9,8,5,14,17,29,6,58,26,3,0,3,3,3,3,3,3,3,4,2,3,3,36,3,2,2,1,2,1,3,0,7,1,20,13,18,13,32,20,4,6,13,26,53,3,3,3,6,6,6,7,7,5,1,2,1,30,34,33
250,intent:can_i_get_from_packages_surfaces,2,2,1,6,4,1,6,7,1,27,24,1,47,33,22,1,1,0,7,1,0,7,14,0,14,14,26,38,24,22,0,0,0,1,5,0,2,3,4,22,15,20,29,29,42,2,3,5,9,18,0,0,0,0,0,0,0,0,0,27,16,23,13,27,29
251,intent:news_and_press,3,2,0,6,4,0,15,10,11,22,11,18,4,9,57,0,0,1,6,0,4,11,13,12,10,12,18,12,25,6,0,0,0,7,7,7,1,14,15,26,23,28,38,47,22,2,2,3,4,8,1,0,0,2,2,0,10,10,1,17,15,18,10,10,8
252,intent:what_are_symptoms,0,3,3,5,5,3,5,5,13,11,7,21,30,4,48,1,1,0,1,1,5,5,10,5,25,26,8,14,19,24,0,0,0,1,5,0,4,2,2,21,22,1,7,24,11,2,3,6,13,24,0,0,0,0,3,2,9,12,9,13,13,14,58,9,54
253,intent:protect_yourself,1,1,2,3,6,7,3,6,7,31,18,31,61,26,54,1,3,0,5,4,2,10,12,14,31,9,12,52,55,52,0,0,0,1,5,0,5,8,0,1,11,11,61,34,62,3,4,8,16,28,0,0,1,1,1,1,11,11,10,22,21,21,5,7,13
254,intent:donate,3,0,2,4,1,5,9,8,5,14,17,4,32,58,4,3,0,3,3,3,3,3,3,3,4,2,3,3,36,3,2,2,1,2,1,3,0,7,1,20,13,18,13,32,20,4,6,13,26,53,3,3,3,6,6,6,7,7,5,1,2,1,30,34,33
255,intent:what_is_corona,2,2,1,6,4,1,15,7,1,28,12,8,29,42,25,1,1,0,1,1,5,12,15,11,19,10,14,11,18,28,0,0,0,1,5,0,1,14,15,19,0,28,40,10,10,2,2,4,7,12,1,0,0,2,2,0,4,4,1,9,10,10,28,30,28
256,intent:share,3,0,2,4,1,2,8,1,9,9,4,2,35,28,2,0,0,1,4,2,1,4,2,1,6,6,22,51,6,33,0,0,0,5,3,6,12,9,12,14,3,9,37,23,38,4,7,14,27,54,1,1,2,4,4,3,2,2,2,0,0,0,12,6,11
257,intent:hi,3,0,2,7,1,2,7,11,8,17,1,19,12,1,14,0,0,1,4,7,7,9,7,7,21,7,7,42,46,7,1,1,2,6,4,5,6,1,6,8,24,30,31,63,54,4,5,12,25,50,1,1,2,7,7,5,6,6,7,2,3,2,9,8,9
258,intent:can_i_get_from_feces_animal_pets,2,1,1,2,7,1,13,14,10,23,2,23,40,48,18,1,1,0,7,1,0,7,1,0,28,1,0,22,54,30,0,0,0,1,5,0,2,3,4,30,7,4,4,14,3,2,3,5,8,15,0,0,0,0,0,0,0,0,0,6,8,7,8,15,17
259,intent:travel,1,1,2,3,3,4,10,3,4,6,26,17,27,49,58,1,3,0,5,4,2,5,11,15,11,20,11,24,35,27,0,0,0,0,6,4,10,12,14,7,17,8,6,27,5,3,4,10,22,44,0,2,1,1,1,1,1,1,3,3,4,5,15,21,22
260,intent:share,3,0,2,4,1,2,8,1,9,9,4,2,55,28,16,0,0,1,4,2,1,4,2,1,6,6,22,51,6,55,0,0,0,5,3,6,12,9,12,14,3,9,11,3,4,4,7,14,27,54,1,1,2,4,4,3,2,2,2,0,0,0,12,6,11
261,intent:what_is_corona,2,2,1,6,4,1,15,7,1,28,12,8,36,42,25,1,1,0,1,1,5,12,15,11,19,10,14,11,18,28,0,0,0,1,5,0,1,14,15,19,0,28,40,10,10,2,2,4,7,12,1,0,0,2,2,0,4,4,1,9,10,10,28,30,28
262,intent:what_are_symptoms,2,1,2,1,6,7,1,15,2,1,30,27,49,62,41,1,1,0,1,1,5,1,8,8,1,11,13,1,8,54,0,0,0,1,5,0,13,10,8,15,4,14,32,1,26,2,3,6,13,24,0,0,0,0,0,0,8,8,8,7,7,6,23,9,23
263,intent:travel,1,1,1,3,3,4,10,3,4,6,26,17,13,15,38,1,3,0,5,4,2,5,11,15,11,20,11,48,57,13,0,0,0,0,6,4,10,12,14,7,17,8,35,44,55,3,4,9,20,39,0,2,1,1,1,1,1,1,3,3,4,5,11,13,10
264,intent:what_are_symptoms,1,1,2,1,6,7,1,15,7,13,30,27,42,60,45,1,1,0,1,1,5,14,8,8,20,16,19,63,49,45,0,0,0,1,5,0,8,6,10,4,10,0,45,35,44,2,3,6,12,23,0,0,0,0,0,2,8,8,8,20,22,19,38,42,24
265,intent:what_if_i_visited_high_risk_area,1,1,2,3,6,4,11,12,4,30,5,25,53,53,53,1,3,0,5,4,2,5,4,2,18,25,17,41,14,25,0,0,0,0,6,4,11,4,9,2,31,25,43,52,23,3,4,9,20,37,0,2,1,1,1,1,12,9,12,8,6,8,2,11,5
266,intent:donate,3,0,2,4,1,5,9,8,5,14,17,29,6,58,26,3,0,3,3,3,3,3,3,3,4,2,3,3,36,3,2,2,1,2,1,3,0,7,1,20,13,18,13,32,20,4,6,13,26,53,3,3,3,6,6,6,7,7,5,1,2,1,30,34,33
267,intent:what_are_treatment_options,2,2,1,6,4,1,6,7,1,4,24,1,54,33,1,1,1,0,1,1,5,13,10,5,27,29,31,13,13,20,0,0,0,1,5,0,2,3,4,31,6,13,53,8,4,2,3,7,15,26,0,0,0,0,0,0,14,14,13,24,12,29,64,40,62
268,intent:share,3,0,2,4,1,2,8,1,9,20,19,15,25,30,29,0,0,1,4,2,1,4,2,1,24,6,1,6,41,1,0,0,0,5,3,6,12,9,12,16,28,7,20,38,27,4,7,14,28,56,1,1,2,4,4,3,2,2,2,0,0,0,1,2,4
269,intent:what_are_treatment_options,2,2,1,6,4,1,6,7,1,4,24,1,54,33,1,1,1,0,1,1,5,13,10,5,27,29,31,13,13,20,0,0,0,1,5,0,2,3,4,31,6,13,53,8,34,2,3,7,15,27,0,0,0,0,0,0,14,14,13,14,12,16,7,19,14
270,intent:how_does_corona_spread,1,1,2,3,3,2,14,3,2,3,27,10,9,5,16,1,1,0,7,1,0,7,14,0,14,21,16,21,39,47,0,0,0,1,5,0,2,3,4,22,15,20,11,3,4,2,3,5,9,20,1,1,2,4,4,3,2,2,2,31,30,11,55,48,49
271,intent:hi,3,0,2,7,1,2,12,11,15,16,1,19,34,55,32,0,0,1,4,7,7,9,7,7,21,7,7,40,59,31,1,1,2,6,4,5,6,1,6,11,27,15,27,53,51,4,5,12,24,48,1,1,2,7,7,5,6,6,7,2,3,2,40,43,40
272,intent:how_does_corona_spread,2,1,1,2,7,1,2,9,10,24,13,23,40,8,15,1,1,0,1,1,0,7,14,0,23,21,16,21,60,15,0,0,0,1,5,0,1,14,15,27,29,2,54,54,29,2,3,5,11,22,0,0,0,0,0,0,0,0,1,18,19,20,24,26,15
273,intent:latest_numbers,3,0,2,4,0,2,4,0,12,29,0,20,19,59,24,0,0,1,6,0,4,6,0,4,26,0,6,4,0,37,0,0,0,7,7,7,7,13,7,24,2,22,51,3,4,4,8,16,32,64,1,2,1,2,2,3,13,13,11,5,5,4,53,54,51
274,intent:protect_yourself,1,1,2,3,6,7,3,6,7,31,18,31,37,26,28,1,3,0,5,4,2,10,12,14,31,9,12,52,55,52,0,0,0,1,5,0,5,8,0,1,11,11,61,34,62,3,4,8,18,34,0,0,1,1,1,1,11,11,10,22,21,21,5,7,13
275,intent:okay_thanks,3,0,0,4,1,6,8,13,6,7,14,26,57,63,12,2,2,2,2,5,6,2,5,6,30,30,30,25,43,32,3,3,3,3,2,2,9,0,11,13,20,17,28,22,7,4,5,11,23,45,2,1,2,5,5,4,5,5,6,30,1,30,36,41,44
276,intent:myths,2,2,1,6,2,1,6,7,1,28,12,22,15,40,36,1,1,0,1,1,5,12,15,11,12,19,20,19,9,10,0,0,0,1,5,0,15,11,5,18,5,23,24,5,58,2,2,4,5,9,1,0,0,2,2,0,4,4,14,29,26,27,29,28,32
277,intent:hi,3,0,2,7,1,2,12,11,15,16,1,19,34,37,32,0,0,1,4,7,7,9,7,7,21,7,7,40,59,31,1,1,2,6,4,5,6,1,6,11,27,15,27,53,51,4,5,12,24,48,1,1,2,7,7,5,6,6,7,2,3,2,40,43,40
278,intent:latest_numbers,3,0,2,4,0,2,4,0,2,3,27,2,9,35,47,0,0,1,4,7,7,9,7,7,7,27,7,32,31,21,0,0,0,1,5,0,1,14,15,14,3,9,11,3,4,4,8,16,32,64,1,1,2,4,2,3,2,2,2,11,11,11,49,55,49
279,intent:donate,3,0,2,4,1,5,9,8,5,14,6,29,6,3,13,3,0,3,3,3,3,3,3,3,4,2,3,46,4,43,2,2,1,2,1,3,0,7,1,9,25,6,12,7,48,4,6,13,26,52,3,3,3,6,6,6,7,7,5,1,2,1,14,4,6
280,intent:share,3,0,2,4,1,2,8,1,9,17,14,2,57,24,61,0,0,1,4,2,1,4,2,1,6,6,22,51,6,55,0,0,0,5,3,6,12,9,12,14,3,9,11,3,4,4,7,14,27,54,1,1,2,4,4,3,2,2,2,30,0,30,36,29,44
281,intent:share,3,0,2,4,1,2,8,1,9,9,4,15,55,28,16,0,0,1,4,2,1,4,2,1,24,6,22,30,26,33,0,0,0,5,3,6,12,9,12,14,3,9,49,48,1,4,7,14,27,54,1,1,2,4,4,3,2,2,2,0,0,0,35,31,34
282,intent:news_and_press,2,1,1,2,0,1,2,10,2,2,15,30,17,10,7,1,1,0,1,1,5,15,10,5,13,8,28,29,29,4,0,0,0,1,5,0,2,3,4,25,6,31,1,50,59,4,8,15,29,58,0,0,0,0,3,2,9,12,9,23,24,25,21,23,19
283,intent:news_and_press,0,3,3,5,5,3,5,5,3,8,7,6,60,13,17,0,1,1,0,6,5,8,6,9,9,5,23,26,23,23,0,0,0,1,5,0,4,2,2,3,30,3,34,33,18,1,1,2,3,5,0,0,0,3,3,2,3,3,4,26,25,26,22,22,20
284,intent:what_is_corona,2,2,1,6,4,1,15,7,1,28,12,8,4,9,60,0,0,1,6,0,4,11,13,12,17,17,25,59,30,17,0,0,0,1,5,0,1,14,15,26,23,28,38,47,22,2,2,4,6,10,1,0,0,2,2,0,4,4,1,9,10,10,25,24,27
285,intent:news_and_press,0,3,3,5,5,3,5,5,3,8,7,6,60,13,17,0,1,1,0,6,5,8,6,9,9,5,23,26,23,23,0,0,0,1,5,0,4,2,2,21,22,1,34,33,18,1,1,2,3,6,0,0,0,3,3,2,3,3,4,26,25,26,22,22,20
286,intent:myths,0,3,3,5,5,3,13,14,0,11,25,24,26,31,44,1,1,0,7,1,0,7,1,0,8,14,29,22,34,26,0,0,0,1,5,0,2,3,4,30,7,4,33,51,50,2,3,5,8,14,0,0,0,0,0,0,0,0,0,15,18,13,26,35,26
287,intent:what_are_symptoms,2,1,1,1,6,7,1,15,2,1,30,27,49,62,41,1,1,0,1,1,5,1,8,8,1,11,13,1,8,54,0,0,0,1,5,0,13,10,8,15,4,14,32,1,26,2,3,6,13,24,0,0,0,0,0,0,8,8,8,7,7,6,23,9,23
288,intent:can_i_get_from_packages_surfaces,0,3,3,5,5,3,5,5,3,8,25,28,62,56,34,0,1,1,0,6,5,8,6,9,29,5,15,47,38,29,0,0,0,1,5,0,4,2,2,12,18,29,17,16,6,1,1,2,2,4,0,0,0,3,3,2,3,3,4,25,23,24,41,16,39
289,intent:can_i_get_from_packages_surfaces,0,3,3,5,5,3,5,5,13,12,25,24,2,31,34,0,1,1,0,6,5,8,6,9,29,5,15,47,38,29,0,0,0,1,5,0,4,2,2,21,22,1,5,59,61,1,1,2,2,3,0,0,0,3,3,2,3,3,4,15,9,13,44,47,46
290,intent:what_is_corona,2,2,1,6,4,1,6,7,1,28,12,1,36,42,1,1,1,0,1,1,5,12,15,11,19,10,14,11,18,28,0,0,0,1,5,0,1,14,15,19,0,28,40,10,10,2,2,4,7,12,1,0,0,2,2,0,4,4,1,9,10,10,28,30,28
291,intent:what_is_corona,2,2,1,6,4,1,15,7,1,28,12,8,36,42,25,1,1,0,1,1,5,12,15,11,19,10,14,11,18,28,0,0,0,1,5,0,1,14,15,19,0,28,40,10,10,2,2,4,7,12,1,0,0,2,2,0,4,4,1,9,10,10,28,30,28
292,intent:share,3,0,2,4,1,2,8,1,9,20,19,15,20,30,29,0,0,1,4,2,1,4,2,1,24,6,1,6,41,1,0,0,0,5,3,6,12,9,12,16,28,7,19,17,35,4,7,14,28,55,1,1,2,4,4,3,2,2,2,0,0,0,1,2,4
293,intent:donate,3,0,2,4,1,5,9,8,5,14,17,29,6,54,26,3,0,3,3,3,3,3,3,3,4,2,3,46,63,43,2,2,1,2,1,3,0,7,1,9,25,6,22,39,53,4,6,13,26,52,3,3,3,6,6,6,7,7,5,1,2,1,37,36,43
294,intent:okay_thanks,3,0,2,4,1,6,8,13,6,7,9,16,44,7,8,2,2,2,2,5,6,2,5,6,2,3,5,2,51,5,3,3,3,3,2,2,9,0,11,6,8,12,48,13,25,4,5,11,23,46,2,1,2,5,5,4,5,5,6,4,1,3,0,0,1
295,intent:what_are_treatment_options,0,3,3,5,5,3,5,5,13,11,16,21,46,16,31,1,1,0,1,6,5,15,10,5,25,26,8,14,19,24,0,0,0,1,5,0,4,2,2,5,9,5,30,4,49,2,3,7,14,25,0,0,0,0,3,2,9,12,9,13,13,14,3,1,2
296,intent:myths,0,3,3,0,2,3,0,2,14,0,21,5,0,21,20,0,0,1,0,6,5,0,9,13,0,15,9,0,12,14,0,0,0,4,0,1,3,5,3,10,26,26,57,37,8,1,1,1,1,2,0,0,0,3,3,2,15,15,14,21,20,22,6,5,7
297,intent:what_are_treatment_options,2,2,1,6,4,1,6,7,1,4,24,1,54,45,1,1,1,0,1,1,5,13,10,5,27,18,31,44,28,46,0,0,0,1,5,0,2,3,4,31,6,13,53,8,34,2,3,7,15,27,0,0,0,0,0,0,14,14,13,14,12,16,7,19,14
298,intent:how_does_corona_spread,2,2,0,6,4,0,6,4,0,19,23,0,51,33,0,1,1,0,7,1,0,7,1,0,28,1,0,60,1,0,0,0,0,1,5,0,2,3,4,30,7,4,47,15,15,2,3,5,8,15,0,0,0,0,0,0,0,0,0,6,8,7,42,44,42
299,intent:what_is_corona,2,1,1,2,0,1,2,10,2,2,11,30,1,22,57,0,0,1,6,0,4,11,13,12,17,17,25,59,30,17,0,0,0,7,7,7,1,14,15,26,23,28,59,18,43,4,8,16,31,60,1,0,0,2,2,0,4,4,1,18,19,20,57,58,55
300,intent:how_does_corona_spread,3,0,2,4,1,2,8,1,2,2,27,15,9,5,25,1,1,0,1,1,5,12,15,11,19,10,14,11,18,28,0,0,0,1,5,0,1,14,15,19,0,9,40,10,10,4,8,15,29,58,1,0,0,2,2,0,4,4,1,9,10,10,28,30,28
301,intent:share,3,0,2,4,1,2,8,1,9,20,19,15,20,30,29,0,0,1,4,2,1,4,2,1,24,6,1,6,41,1,0,0,0,5,3,6,12,9,12,16,28,7,19,17,35,4,7,14,28,55,1,1,2,4,4,3,2,2,2,0,0,0,1,2,4
302,intent:what_if_i_visited_high_risk_area,1,1,2,3,3,4,14,12,4,30,29,11,53,34,51,1,3,0,5,4,2,5,4,10,16,28,2,55,50,2,0,0,0,0,6,4,11,4,9,0,16,10,43,52,52,3,4,9,20,38,0,2,1,1,1,1,12,9,12,12,6,8,47,33,36
303,intent:what_are_symptoms,3,1,2,1,6,7,1,15,2,13,27,27,39,20,11,1,1,0,1,1,5,14,8,8,20,16,19,18,21,16,0,0,0,1,5,0,8,6,10,4,10,0,23,28,30,2,3,6,12,23,0,0,0,0,0,2,8,8,8,20,22,19,34,38,24
304,intent:okay_thanks,3,0,2,4,1,6,8,13,6,5,9,13,10,12,8,2,2,2,2,5,6,2,5,6,2,3,5,56,51,5,3,3,3,3,2,2,9,0,11,6,8,12,16,11,17,4,5,11,23,47,2,1,2,5,5,4,5,5,6,4,1,3,60,20,1
305,intent:how_does_corona_spread,2,1,1,2,7,1,13,14,10,10,2,7,41,61,18,1,1,0,7,1,0,7,1,0,14,14,29,61,61,62,0,0,0,1,5,0,2,3,4,22,15,20,4,14,3,2,3,5,9,20,0,0,0,0,0,0,0,0,0,6,8,7,8,51,47
306,intent:can_i_get_from_packages_surfaces,0,3,3,5,5,3,5,5,3,8,25,28,62,56,34,0,1,1,0,6,5,8,6,9,29,5,15,47,38,29,0,0,0,1,5,0,4,2,2,12,18,29,17,16,6,1,1,2,2,4,0,0,0,3,3,2,3,3,4,25,23,24,41,16,39
307,intent:protect_yourself,1,1,2,3,6,7,14,12,7,18,27,10,53,34,46,1,3,0,5,4,2,5,4,10,16,28,2,17,50,38,0,0,0,1,5,0,11,4,9,0,16,10,43,52,4,3,4,8,17,32,0,2,1,1,1,1,12,9,12,12,14,17,63,33,36
308,intent:how_does_corona_spread,2,2,1,6,4,1,6,7,1,27,24,1,47,33,22,1,1,0,7,1,0,7,1,0,14,14,26,38,24,22,0,0,0,1,5,0,2,3,4,22,15,20,29,29,42,2,2,4,7,13,0,0,0,0,0,0,0,0,0,27,16,23,13,27,29
309,intent:can_i_get_from_packages_surfaces,2,2,1,6,4,1,6,7,1,27,24,1,47,2,22,1,1,0,7,1,0,7,1,0,8,14,29,7,42,49,0,0,0,1,5,0,2,3,4,22,15,20,10,57,57,2,3,5,9,16,0,0,0,0,0,0,0,0,0,24,27,29,39,40,25
310,intent:latest_numbers,3,0,2,4,0,2,4,0,2,3,27,20,43,5,24,0,0,1,6,0,4,6,0,4,26,0,6,4,48,37,0,0,0,7,7,7,7,13,7,24,2,22,46,12,12,4,8,16,32,63,1,2,1,2,2,3,13,13,11,5,5,4,53,54,51
311,intent:can_i_get_from_feces_animal_pets,0,3,3,5,7,3,13,14,0,11,25,24,26,52,44,1,1,0,7,1,0,7,1,0,28,1,29,22,34,30,0,0,0,1,5,0,2,3,4,30,7,4,33,51,15,2,3,5,8,14,0,0,0,0,0,0,0,0,0,15,18,13,26,35,26
312,intent:protect_yourself,1,1,1,2,7,1,13,9,10,21,29,11,11,50,43,1,3,0,5,4,2,5,4,10,16,28,2,62,22,39,0,0,0,1,5,0,11,4,9,0,16,10,58,21,33,2,3,5,10,21,0,0,1,1,0,0,14,9,13,12,29,15,27,45,31
313,intent:what_are_treatment_options,0,3,3,5,5,3,5,5,13,12,16,21,23,19,10,1,1,0,1,6,5,15,10,5,25,26,8,14,19,24,0,0,0,1,5,0,4,2,2,5,9,5,30,4,49,2,3,7,14,25,0,0,0,0,3,2,9,12,9,13,13,14,3,1,2
314,intent:share,3,0,2,4,1,2,8,1,9,9,4,2,55,28,16,0,0,1,4,2,1,4,2,1,6,6,22,51,6,55,0,0,0,5,3,6,12,9,12,14,3,9,11,3,4,4,7,14,27,54,1,1,2,4,4,3,2,2,2,0,0,0,12,6,11
315,intent:what_is_corona,0,3,3,5,5,3,5,5,3,8,7,28,33,13,17,0,1,1,0,6,5,8,6,9,9,5,15,10,5,44,0,0,0,1,5,0,4,2,2,21,22,1,7,24,11,1,1,2,3,6,0,0,0,3,3,2,3,3,4,10,9,9,19,18,21
316,intent:myths,0,3,3,0,2,3,0,2,14,0,3,5,0,21,39,0,0,1,0,6,5,0,9,13,0,15,9,0,12,14,0,0,0,4,0,1,3,5,3,10,26,26,57,37,8,1,1,1,1,1,0,0,0,3,3,2,15,15,14,21,20,22,6,5,7
317,intent:myths,0,3,3,0,2,3,0,2,14,0,21,5,0,21,39,0,0,1,0,6,5,0,9,13,0,15,9,0,12,14,0,0,0,4,0,1,3,5,3,10,26,26,57,37,8,1,1,1,1,1,0,0,0,3,3,2,15,15,14,21,20,22,6,5,7
318,intent:latest_numbers,0,3,3,5,5,3,5,5,12,29,10,12,19,23,19,0,0,1,6,0,4,6,0,4,26,0,6,4,0,37,0,0,0,7,7,7,7,13,7,24,2,22,2,30,24,4,8,16,32,64,1,2,1,2,2,3,13,13,11,5,5,4,4,3,3
319,intent:what_is_corona,2,1,1,2,7,1,2,9,10,24,13,23,1,8,15,1,1,0,1,1,5,12,15,11,23,24,27,31,32,36,0,0,0,1,5,0,1,14,15,27,29,2,52,21,36,2,3,5,11,22,0,0,0,2,2,0,4,4,1,18,19,20,46,26,15
320,intent:share,3,0,2,4,1,2,8,1,9,20,19,15,25,30,29,0,0,1,4,2,1,4,2,1,24,6,22,6,41,1,0,0,0,5,3,6,12,9,12,14,23,9,60,2,0,4,7,14,27,54,1,1,2,4,4,3,2,2,2,0,0,0,18,14,12
321,intent:what_are_treatment_options,2,2,1,6,4,1,6,7,1,4,24,1,54,33,1,1,1,0,1,1,5,13,10,5,27,29,31,13,13,20,0,0,0,1,5,0,2,3,4,31,6,13,53,8,34,2,3,7,15,27,0,0,0,0,0,0,14,14,13,14,12,16,7,19,14
322,intent:hi,3,0,0,7,4,0,15,4,11,19,28,18,3,43,30,0,0,1,4,7,7,9,7,7,7,27,7,32,31,21,1,1,2,1,5,0,6,1,15,8,23,3,11,56,4,4,8,15,29,57,1,1,2,2,2,5,6,6,7,17,15,18,55,48,49
323,intent:share,3,0,2,4,1,2,8,1,9,9,4,2,55,28,2,0,0,1,4,2,1,4,2,1,6,6,22,51,6,33,0,0,0,5,3,6,12,9,12,14,3,9,37,23,38,4,7,14,27,54,1,1,2,4,4,3,2,2,2,0,0,0,12,6,11
324,intent:share,3,0,2,4,1,2,8,1,9,9,4,15,55,28,16,0,0,1,4,2,1,4,2,1,24,6,22,30,26,33,0,0,0,5,3,6,12,9,12,14,3,9,49,48,1,4,7,14,27,54,1,1,2,4,4,3,2,2,2,0,0,0,35,31,34
325,intent:hi,3,0,2,7,1,2,7,11,8,16,1,19,12,1,49,0,0,1,4,7,7,9,7,7,7,27,7,27,52,51,1,1,2,6,4,5,6,1,6,8,1,16,55,45,21,4,5,12,25,50,1,1,2,7,7,5,6,6,7,2,3,2,32,8,16
326,intent:protect_yourself,0,3,3,5,5,3,5,5,3,8,29,11,28,52,52,0,1,1,0,6,5,8,6,9,9,5,15,10,5,44,0,0,0,1,5,0,4,2,2,0,16,10,50,61,56,3,4,8,17,31,0,0,0,3,3,2,3,3,4,10,9,9,56,53,53
327,intent:what_are_treatment_options,2,2,1,6,4,1,6,7,1,4,24,1,54,45,1,1,1,0,1,1,5,13,10,5,27,18,31,44,28,46,0,0,0,1,5,0,2,3,4,31,6,13,53,8,34,2,3,7,15,27,0,0,0,0,0,0,14,14,13,14,12,16,7,19,14
328,intent:myths,0,3,3,0,2,3,0,2,13,11,15,21,21,41,48,1,1,0,1,1,5,15,10,5,13,8,28,29,29,4,0,0,0,1,5,0,2,3,4,25,6,31,1,50,59,1,1,1,1,2,0,0,0,0,3,2,9,12,9,23,24,25,21,23,19
329,intent:what_are_symptoms,2,1,2,1,6,7,1,15,2,1,30,27,49,62,41,1,1,0,1,1,5,1,8,8,1,11,13,57,8,11,0,0,0,1,5,0,13,10,8,15,4,14,0,55,37,2,3,6,13,24,0,0,0,0,0,0,8,8,8,7,7,6,23,9,23
330,intent:share,3,0,2,4,1,2,8,1,9,20,19,15,35,30,29,0,0,1,4,2,1,4,2,1,24,6,1,6,41,1,0,0,0,5,3,6,12,9,12,16,28,7,49,3,4,4,7,14,27,54,1,1,2,4,4,3,2,2,2,0,0,0,1,2,4
331,intent:can_i_get_from_feces_animal_pets,2,1,1,2,7,1,13,14,0,23,2,7,56,48,33,1,1,0,7,1,0,7,1,0,28,1,0,22,54,30,0,0,0,1,5,0,2,3,4,30,7,4,4,14,3,2,3,5,8,15,0,0,0,0,0,0,0,0,0,6,8,7,8,15,17
332,intent:hi,3,2,0,7,4,0,12,11,15,16,1,19,34,37,32,0,0,1,4,7,7,9,7,7,21,7,7,40,52,51,1,1,2,6,4,5,6,1,6,11,27,15,27,53,51,4,5,12,24,48,1,1,2,7,7,5,6,6,7,2,3,2,40,43,40
333,intent:travel,1,1,2,3,3,4,10,3,4,6,20,3,5,18,3,1,3,0,5,4,2,5,11,15,11,4,11,5,37,56,0,0,0,0,6,4,10,12,14,23,12,24,26,9,41,3,4,10,21,40,0,2,1,1,1,1,1,1,3,19,17,12,17,12,0
334,intent:can_i_get_from_packages_surfaces,0,3,3,2,7,3,13,14,13,11,25,24,21,41,23,1,1,0,7,1,0,7,1,0,8,14,29,37,17,26,0,0,0,1,5,0,2,3,4,22,15,4,10,57,57,2,3,5,9,16,0,0,0,0,0,0,0,0,0,24,27,13,54,52,25
335,intent:share,3,0,2,4,1,2,4,10,2,22,11,30,31,22,57,0,0,1,6,0,4,11,13,12,15,22,10,43,11,18,0,0,0,5,3,6,1,9,15,3,23,3,60,2,0,4,8,15,29,58,1,1,2,4,4,3,2,10,2,11,11,11,18,14,12
336,intent:hi,0,3,3,5,5,3,5,5,3,12,1,19,12,1,49,0,0,1,4,7,7,9,7,7,21,7,7,27,52,51,1,1,2,6,4,5,6,1,6,8,1,16,55,45,21,4,5,12,25,49,1,1,2,7,7,5,6,6,7,2,3,2,32,8,16
337,intent:can_i_get_from_packages_surfaces,0,3,3,5,5,3,5,5,3,12,25,28,2,31,34,0,1,1,0,6,5,8,6,9,9,5,15,49,40,8,0,0,0,1,5,0,4,2,2,21,22,1,5,59,61,1,1,2,2,3,0,0,0,3,3,2,3,3,4,10,9,9,44,47,46
338,intent:donate,3,0,2,4,1,5,9,8,5,14,17,29,6,38,26,3,0,3,3,3,3,3,3,3,4,2,3,46,4,43,2,2,1,2,1,3,0,7,1,9,25,6,12,7,48,4,6,13,26,52,3,3,3,6,6,6,7,7,5,1,2,1,14,4,6
339,intent:latest_numbers,2,1,1,2,0,2,4,0,12,29,10,12,19,23,19,0,0,1,6,0,4,6,0,4,26,0,6,4,0,37,0,0,0,7,7,7,7,13,7,24,2,22,2,30,24,4,8,16,32,64,1,2,1,2,2,3,13,13,11,5,5,4,4,3,3
340,intent:okay_thanks,3,0,2,4,1,6,8,13,6,7,22,13,10,12,6,2,2,2,2,5,6,2,5,6,2,3,5,45,3,48,3,3,3,3,2,2,9,0,11,6,8,12,63,58,60,4,5,11,23,46,2,1,2,5,5,4,5,5,6,4,1,3,0,0,35
341,intent:can_i_get_from_feces_animal_pets,2,2,1,6,4,1,6,7,0,4,23,1,47,33,1,1,1,0,7,1,0,7,1,0,28,1,0,60,1,0,0,0,0,1,5,0,2,3,4,30,7,4,47,15,15,2,3,5,8,15,0,0,0,0,0,0,0,0,0,6,8,7,42,44,42
342,intent:how_does_corona_spread,3,0,2,4,1,2,4,1,2,9,27,2,9,5,16,0,0,1,4,2,1,4,2,1,6,6,22,51,6,55,0,0,0,5,3,6,12,9,12,14,3,9,49,3,4,3,4,8,17,31,1,1,2,4,4,3,2,2,2,31,30,0,35,31,50
343,intent:protect_yourself,1,1,2,3,6,7,3,6,7,31,18,31,48,26,54,1,3,0,5,4,2,10,12,14,31,9,12,52,55,52,0,0,0,1,5,0,5,8,0,1,11,11,61,34,62,3,4,8,19,35,0,0,1,1,1,1,11,11,10,22,21,21,5,7,13
344,intent:news_and_press,3,0,2,4,0,2,4,10,2,22,11,30,31,46,47,0,0,1,6,0,4,11,13,12,15,22,10,43,11,50,0,0,0,7,7,7,1,14,15,3,23,3,60,2,0,4,8,15,29,58,1,1,2,2,2,3,10,10,1,11,11,11,18,14,49
345,intent:share,3,0,2,4,1,2,8,1,9,9,4,15,55,28,61,0,0,1,4,2,1,4,2,1,6,6,22,51,6,33,0,0,0,5,3,6,12,9,12,14,3,9,37,23,38,4,7,14,27,54,1,1,2,4,4,3,2,2,2,0,0,0,12,6,11
346,intent:what_is_corona,2,2,1,6,4,1,6,7,1,4,24,1,47,33,1,1,1,0,1,1,5,13,10,5,27,29,31,13,13,20,0,0,0,1,5,0,2,3,4,31,15,13,53,8,4,2,2,4,7,13,0,0,0,0,0,0,14,14,13,14,12,16,51,57,52
347,intent:what_are_treatment_options,2,2,1,6,4,1,6,7,1,4,24,1,54,33,1,1,1,0,1,1,5,13,10,5,27,29,31,13,13,20,0,0,0,1,5,0,2,3,4,31,6,13,53,8,34,2,3,7,15,27,0,0,0,0,0,0,14,14,13,14,12,16,7,19,14
348,intent:can_i_get_from_feces_animal_pets,2,1,1,2,7,1,13,14,0,23,2,7,56,48,33,1,1,0,7,1,0,7,1,0,28,1,0,22,54,30,0,0,0,1,5,0,2,3,4,30,7,4,47,15,15,2,3,5,8,14,0,0,0,0,0,0,0,0,0,6,8,7,8,15,17
349,intent:what_are_treatment_options,3,0,2,4,1,2,4,1,2,18,27,10,9,5,16,0,0,1,4,2,1,4,2,1,6,6,22,51,6,55,0,0,0,1,5,0,2,3,4,14,3,9,50,61,56,3,4,8,17,31,1,1,2,4,4,3,2,2,2,31,30,15,50,49,50
350,intent:hi,3,2,0,7,4,0,12,4,15,19,28,18,8,37,32,0,0,1,4,7,7,9,7,7,21,7,7,40,59,31,1,1,2,6,4,5,6,1,13,11,27,15,27,53,51,4,5,12,24,48,1,1,2,7,7,5,6,6,7,17,15,18,40,43,40
351,intent:hi,3,0,2,7,1,2,7,11,8,17,1,19,12,1,14,0,0,1,4,7,7,9,7,7,21,7,7,42,46,7,1,1,2,6,4,5,6,1,6,8,24,30,31,63,54,4,5,12,25,50,1,1,2,7,7,5,6,6,7,2,3,2,9,8,9
352,intent:how_does_corona_spread,2,1,1,2,7,1,13,9,10,10,13,23,40,11,15,1,1,0,1,1,0,7,14,0,23,21,16,21,60,15,0,0,0,1,5,0,2,3,4,27,29,2,54,54,29,2,3,5,9,18,0,0,0,0,0,0,0,0,0,18,19,20,24,26,15
353,intent:travel,1,1,2,3,3,4,14,3,4,6,20,3,63,18,63,1,3,0,5,4,2,5,11,15,11,4,11,5,37,56,0,0,0,0,6,4,10,12,14,23,12,24,26,9,41,3,4,10,21,40,0,2,1,1,1,1,1,1,3,19,17,12,17,12,0
354,intent:can_i_get_from_packages_surfaces,1,1,2,3,6,7,3,6,7,31,8,31,37,32,28,1,3,0,5,4,2,10,12,14,31,9,12,52,55,52,0,0,0,1,5,0,5,8,0,1,11,11,36,25,39,3,4,8,18,34,0,0,1,1,1,1,11,11,10,22,21,21,5,7,13
355,intent:what_are_symptoms,3,1,2,1,6,7,1,15,2,13,27,27,39,20,42,1,1,0,1,1,5,14,8,8,20,16,19,18,21,16,0,0,0,1,5,0,8,6,10,4,10,0,23,28,30,2,3,6,12,23,0,0,0,0,0,2,8,8,8,20,22,19,34,38,24
356,intent:okay_thanks,3,0,2,4,1,6,8,13,6,7,9,13,10,7,8,2,2,2,2,5,6,2,5,6,2,3,5,2,51,5,3,3,3,3,2,2,9,0,11,6,8,12,48,13,25,4,5,11,23,46,2,1,2,5,5,4,5,5,6,4,1,3,0,0,1
357,intent:can_i_get_from_feces_animal_pets,2,1,1,2,7,1,13,14,10,23,2,7,56,2,33,1,1,0,7,1,0,7,1,0,8,14,29,7,42,49,0,0,0,1,5,0,2,3,4,30,7,4,10,57,57,2,3,5,9,16,0,0,0,0,0,0,0,0,0,24,27,29,39,40,25
358,intent:protect_yourself,1,1,1,2,7,1,13,14,10,21,29,7,11,50,43,1,3,0,5,4,2,5,4,10,16,28,2,62,22,39,0,0,0,1,5,0,2,3,4,0,16,10,58,14,33,3,4,9,20,39,0,0,1,1,0,0,14,9,13,12,29,15,27,45,31
359,intent:travel,1,1,2,3,3,4,10,3,4,6,26,17,5,15,3,1,3,0,5,4,2,5,11,15,11,20,11,24,35,27,0,0,0,0,6,4,10,12,14,7,17,8,35,44,55,3,4,10,22,43,0,2,1,1,1,1,1,1,3,3,4,5,11,13,10
360,intent:okay_thanks,3,0,2,4,1,6,8,13,6,7,9,16,52,12,6,2,2,2,2,5,6,2,5,6,2,3,5,45,3,48,3,3,3,3,2,2,9,0,11,6,8,12,14,31,60,4,5,11,23,46,2,1,2,5,5,4,5,5,6,4,1,3,0,0,35
361,intent:what_are_treatment_options,0,3,3,5,5,3,5,5,13,11,16,21,30,19,31,1,1,0,1,6,5,15,10,5,25,26,8,14,19,24,0,0,0,1,5,0,4,2,2,5,9,5,30,4,49,2,3,7,14,25,0,0,0,0,3,2,9,12,9,13,13,14,3,1,2
362,intent:hi,3,0,2,7,1,2,7,11,8,17,1,19,12,24,14,0,0,1,4,7,7,9,7,7,21,7,7,8,7,31,1,1,2,6,4,5,6,1,6,8,24,30,31,19,16,4,5,12,25,49,1,1,2,7,7,5,6,6,7,2,3,2,9,29,9
363,intent:what_are_treatment_options,0,3,3,5,5,3,5,5,13,11,16,21,46,16,31,1,1,0,1,6,5,15,10,5,25,26,8,14,19,24,0,0,0,1,5,0,4,2,2,5,9,5,30,4,49,2,3,7,14,25,0,0,0,0,3,2,9,12,9,13,13,14,3,1,2
364,intent:can_i_get_from_packages_surfaces,0,3,3,5,5,3,5,5,3,8,25,28,62,56,34,0,1,1,0,6,5,8,6,9,29,5,15,47,38,29,0,0,0,1,5,0,4,2,2,12,18,29,17,16,6,1,1,2,2,4,0,0,0,3,3,2,3,3,4,25,23,24,41,16,39
365,intent:can_i_get_from_feces_animal_pets,2,2,1,6,4,1,6,7,1,27,24,1,47,2,22,1,1,0,7,1,0,7,1,0,8,14,29,7,42,49,0,0,0,1,5,0,2,3,4,22,15,20,10,57,57,2,3,5,9,16,0,0,0,0,0,0,0,0,0,24,27,29,39,40,25
366,intent:what_if_i_visited_high_risk_area,1,1,2,3,0,4,11,12,4,25,5,25,50,53,62,1,3,0,5,4,2,5,4,2,18,25,17,15,14,25,0,0,0,0,6,4,11,4,9,2,31,25,44,6,23,3,4,9,20,37,0,2,1,1,1,1,12,9,12,8,6,8,2,11,5
367,intent:what_are_symptoms,3,1,2,1,6,7,1,15,2,13,27,27,39,20,42,1,1,0,1,1,5,14,8,8,20,16,19,18,21,16,0,0,0,1,5,0,8,6,10,4,10,0,23,28,30,2,3,6,12,23,0,0,0,0,0,2,8,8,8,20,22,19,34,38,24
368,intent:how_does_corona_spread,2,1,1,2,7,1,13,14,10,10,2,7,14,11,33,1,1,0,7,1,0,7,1,0,8,14,29,7,17,59,0,0,0,1,5,0,2,3,4,22,15,20,10,57,57,2,3,5,9,18,0,0,0,0,0,0,0,0,0,28,28,28,54,32,25
369,intent:what_if_i_visited_high_risk_area,1,1,2,3,3,4,10,3,4,6,26,17,24,15,38,1,3,0,5,4,2,5,11,15,11,20,11,24,35,27,0,0,0,0,6,4,10,12,14,7,17,8,35,44,55,3,4,10,22,42,0,2,1,1,1,1,1,1,3,3,4,5,11,13,10
370,intent:myths,2,1,1,2,7,1,2,9,10,24,13,23,1,8,15,1,1,0,1,1,5,12,15,11,23,24,27,31,32,36,0,0,0,1,5,0,1,14,15,27,29,2,52,21,36,2,3,5,11,22,0,0,0,2,2,0,4,4,1,18,19,20,46,26,15
371,intent:donate,3,0,2,4,1,5,9,8,5,14,6,29,6,54,13,3,0,3,3,3,3,3,3,3,4,2,3,46,4,43,2,2,1,2,1,3,0,7,1,9,25,6,12,7,48,4,6,13,26,52,3,3,3,6,6,6,7,7,5,1,2,1,37,4,6
372,intent:how_does_corona_spread,2,1,1,2,7,1,13,9,10,21,2,7,56,39,33,1,1,0,7,1,0,7,1,0,8,14,29,7,42,49,0,0,0,1,5,0,2,3,4,30,7,4,47,14,4,2,3,5,9,18,0,0,0,0,0,0,0,0,0,20,31,19,38,42,56
373,intent:okay_thanks,3,0,2,4,1,6,8,13,6,7,9,16,45,12,8,2,2,2,2,5,6,2,5,6,2,3,5,2,51,5,3,3,3,3,2,2,9,0,11,6,8,12,48,13,25,4,5,11,23,47,2,1,2,5,5,4,5,5,6,4,1,3,0,0,1
374,intent:protect_yourself,1,1,2,3,6,7,3,6,7,31,18,31,37,32,28,1,3,0,5,4,2,10,12,14,31,9,12,52,55,52,0,0,0,1,5,0,5,8,0,1,11,11,36,25,62,3,4,8,18,34,0,0,1,1,1,1,11,11,10,22,21,21,5,7,13
375,intent:what_if_i_visited_high_risk_area,1,1,2,3,6,7,14,12,7,18,29,10,22,49,56,1,3,0,5,4,2,5,4,10,16,28,2,17,50,2,0,0,0,1,5,0,11,4,9,0,16,10,41,26,52,3,4,8,17,30,0,2,1,1,1,1,12,9,12,12,6,15,47,33,36
376,intent:travel,1,1,2,3,3,4,14,3,4,6,20,3,63,18,40,1,3,0,5,4,2,5,11,15,11,20,11,54,47,13,0,0,0,0,6,4,10,12,14,23,12,24,42,49,2,3,4,10,21,40,0,2,1,1,1,1,1,1,3,3,4,5,15,21,22
377,intent:what_are_treatment_options,0,3,3,5,5,3,5,5,13,8,16,21,46,16,31,1,1,0,1,6,5,15,10,5,25,26,8,14,19,24,0,0,0,1,5,0,4,2,2,5,9,5,30,4,49,2,3,7,14,25,0,0,0,0,3,2,9,12,9,13,13,14,3,1,2
378,intent:can_i_get_from_feces_animal_pets,2,1,1,2,7,1,13,14,10,23,2,7,56,48,33,1,1,0,7,1,0,7,1,0,28,1,0,22,54,30,0,0,0,1,5,0,2,3,4,30,7,4,4,14,3,2,3,5,8,15,0,0,0,0,0,0,0,0,0,6,8,7,8,15,17
379,intent:protect_yourself,1,1,2,3,6,7,3,6,7,15,31,9,18,29,21,1,3,0,5,4,2,10,12,14,22,23,24,20,15,12,0,0,0,1,5,0,5,8,0,29,19,21,8,0,13,3,4,8,19,36,0,0,1,1,1,1,11,11,10,16,14,17,16,17,18
380,intent:hi,3,0,2,7,1,2,7,11,8,16,1,19,12,1,49,0,0,1,4,7,7,9,7,7,7,27,7,27,52,51,1,1,2,6,4,5,6,1,6,8,1,16,55,45,21,4,5,12,25,50,1,1,2,7,7,5,6,6,7,2,3,2,32,8,16
381,intent:okay_thanks,3,0,2,4,1,6,8,13,6,7,14,16,57,63,8,2,2,2,2,5,6,2,5,6,30,30,30,25,43,32,3,3,3,3,2,2,9,0,11,13,20,17,28,22,7,4,5,11,23,45,2,1,2,5,5,4,5,5,6,30,1,30,36,41,44
382,intent:donate,3,0,2,4,1,5,9,8,5,14,6,29,6,38,26,3,0,3,3,3,3,3,3,3,4,2,3,46,4,43,2,2,1,2,1,3,0,7,1,9,25,6,12,7,48,4,6,13,26,52,3,3,3,6,6,6,7,7,5,1,2,1,14,4,6
383,intent:what_are_symptoms,3,1,2,1,6,7,1,15,2,13,27,27,39,20,42,1,1,0,1,1,5,14,8,8,20,16,19,18,21,16,0,0,0,1,5,0,8,6,10,4,10,0,23,28,30,2,3,6,12,23,0,0,0,0,0,2,8,8,8,20,22,19,34,38,24
384,intent:what_if_i_visited_high_risk_area,1,1,1,3,3,4,11,3,4,2,26,25,13,39,53,1,3,0,5,4,2,5,4,2,18,25,17,15,14,25,0,0,0,1,5,0,1,14,15,26,23,28,38,3,4,3,4,9,20,39,0,2,1,1,1,1,1,1,1,3,4,5,57,62,56
385,intent:news_and_press,2,2,1,6,4,1,15,7,1,28,12,8,36,9,60,0,0,1,6,0,4,11,13,12,17,17,25,16,58,40,0,0,0,1,5,0,1,14,15,26,23,28,38,47,22,2,2,4,6,10,1,0,0,2,2,0,4,4,1,9,10,10,25,24,27
386,intent:how_does_corona_spread,0,3,3,5,5,3,13,14,13,11,15,21,30,41,48,1,1,0,1,1,5,15,10,5,13,8,28,29,29,4,0,0,0,1,5,0,2,3,4,25,6,31,39,43,45,4,8,16,31,61,0,0,0,0,3,2,9,12,9,23,24,25,62,61,19
387,intent:what_is_corona,2,2,1,6,4,1,15,7,1,28,12,8,29,42,25,1,1,0,1,1,5,12,15,11,19,10,14,11,18,28,0,0,0,1,5,0,1,14,15,19,0,28,40,10,10,2,2,4,7,12,1,0,0,2,2,0,4,4,1,9,10,10,28,30,28
388,intent:latest_numbers,0,3,3,5,5,3,5,5,3,8,7,6,60,13,17,0,1,1,0,6,5,8,6,9,9,5,23,26,23,23,0,0,0,1,5,0,4,2,2,21,22,1,7,24,11,1,1,2,3,6,0,0,0,3,3,2,3,3,4,10,9,9,19,18,21
389,intent:travel,1,1,2,3,3,4,10,3,4,26,26,17,24,44,37,1,3,0,5,4,2,5,11,15,11,20,11,54,47,13,0,0,0,0,6,4,10,12,14,7,17,8,42,49,2,3,4,10,22,41,0,2,1,1,1,1,1,1,3,3,4,5,15,21,22
390,intent:okay_thanks,3,0,2,4,1,6,8,13,6,7,22,26,52,12,12,2,2,2,2,5,6,2,5,6,2,3,5,2,51,5,3,3,3,3,2,2,9,0,11,6,8,12,63,58,14,4,5,11,23,45,2,1,2,5,5,4,5,5,6,4,1,3,20,20,45
391,intent:can_i_get_from_packages_surfaces,0,3,3,5,5,3,5,5,3,8,7,28,62,56,34,0,1,1,0,6,5,8,6,9,9,5,15,14,19,24,0,0,0,1,5,0,4,2,2,21,22,1,7,24,4,3,4,8,17,33,0,0,0,3,3,2,3,3,4,10,9,9,19,18,21
392,intent:can_i_get_from_packages_surfaces,0,3,3,5,5,3,5,5,13,11,25,24,26,31,23,1,1,0,7,1,0,7,1,0,8,14,29,37,17,26,0,0,0,1,5,0,2,3,4,30,7,4,33,51,50,1,1,2,2,3,0,0,0,0,0,0,0,0,0,15,18,13,26,52,26
393,intent:what_are_symptoms,2,1,2,1,6,7,1,15,2,1,30,27,49,62,41,1,1,0,1,1,5,1,8,8,1,11,13,1,8,54,0,0,0,1,5,0,13,10,8,15,4,14,32,1,26,2,3,6,13,24,0,0,0,0,0,0,8,8,8,7,7,6,23,9,23
394,intent:what_are_treatment_options,1,1,3,1,6,7,1,15,13,1,30,21,42,60,45,1,1,0,1,1,5,14,8,8,20,16,19,63,49,45,0,0,0,1,5,0,2,3,4,31,7,13,45,35,44,3,4,8,17,29,0,0,0,0,0,2,8,8,8,20,22,19,38,42,24
395,intent:share,3,0,2,4,1,2,8,1,9,9,4,2,35,28,2,0,0,1,4,2,1,4,2,1,6,6,22,51,6,55,0,0,0,5,3,6,12,9,12,14,3,9,49,3,4,4,7,14,27,54,1,1,2,4,4,3,2,2,2,0,0,0,35,31,34
396,intent:myths,2,2,1,6,4,1,6,7,1,27,24,1,47,33,22,1,1,0,7,1,0,7,14,0,14,14,26,38,24,22,0,0,0,1,5,0,2,3,4,22,15,20,29,29,42,2,2,4,7,13,0,0,0,0,0,0,0,0,0,27,16,23,13,27,29
397,intent:protect_yourself,1,1,2,3,6,7,3,6,7,15,31,31,18,29,21,1,3,0,5,4,2,10,12,14,22,23,24,20,15,12,0,0,0,1,5,0,5,8,0,29,19,21,8,0,13,3,4,8,19,36,0,0,1,1,1,1,11,11,10,16,14,17,16,17,18
398,intent:share,3,0,2,4,1,2,8,1,9,9,4,2,55,28,61,0,0,1,4,2,1,4,2,1,6,6,22,51,6,55,0,0,0,5,3,6,12,9,12,14,3,9,37,23,38,4,7,14,28,56,1,1,2,4,4,3,2,2,2,0,0,0,12,6,11
399,intent:share,3,0,2,4,1,2,8,1,9,9,19,15,55,28,61,0,0,1,4,2,1,4,2,1,6,6,22,51,6,55,0,0,0,5,3,6,12,9,12,14,3,9,20,3,27,4,7,14,27,54,1,1,2,4,4,3,2,2,2,0,0,0,1,6,11
400,intent:what_are_symptoms,0,3,3,1,5,3,1,15,13,1,30,21,30,4,41,1,1,0,1,1,5,1,8,8,1,11,13,1,8,54,0,0,0,1,5,0,13,10,8,15,4,14,32,1,26,2,3,6,13,24,0,0,0,0,0,0,8,8,8,7,7,6,58,9,54
401,intent:protect_yourself,1,1,2,3,6,7,3,6,7,31,18,31,37,26,28,1,3,0,5,4,2,10,12,14,31,9,12,52,55,52,0,0,0,1,5,0,5,8,0,1,11,11,61,34,62,3,4,8,18,34,0,0,1,1,1,1,11,11,10,22,21,21,5,7,13
402,intent:donate,3,0,2,4,1,5,9,8,5,14,17,29,6,54,26,3,0,3,3,3,3,3,3,3,4,2,3,46,63,43,2,2,1,2,1,3,0,7,1,9,25,6,22,39,53,4,6,13,26,52,3,3,3,6,6,6,7,7,5,1,2,1,37,36,43
403,intent:donate,3,0,2,4,1,5,9,8,5,14,17,29,6,25,26,3,0,3,3,3,3,3,3,3,4,2,3,46,4,43,2,2,1,2,1,3,0,7,1,9,25,6,12,7,48,4,6,13,26,52,3,3,3,6,6,6,7,7,5,1,2,1,30,36,33
404,intent:donate,0,3,3,5,5,3,5,5,3,8,7,4,32,38,4,3,0,3,3,3,3,3,3,3,4,2,3,46,56,43,0,0,0,1,5,0,4,2,2,9,25,6,18,42,46,4,6,13,26,51,3,3,3,6,3,2,7,7,5,1,2,1,59,59,57
405,intent:news_and_press,3,0,2,4,0,2,4,10,2,22,11,30,31,22,47,0,0,1,6,0,4,6,0,4,26,22,10,50,48,35,0,0,0,7,7,7,1,14,15,3,23,3,21,36,9,4,8,16,32,62,1,1,2,2,2,3,10,10,5,11,11,11,61,60,58
406,intent:latest_numbers,3,1,2,4,0,2,4,0,12,3,0,20,43,59,24,0,0,1,6,0,4,6,0,4,26,0,6,4,48,37,0,0,0,7,7,7,7,13,7,24,2,22,46,12,12,4,8,16,32,63,1,2,1,2,2,3,13,13,11,5,5,4,53,54,51
407,intent:latest_numbers,3,0,2,4,0,2,4,10,12,22,11,30,31,35,57,0,0,1,6,0,4,11,13,12,26,22,10,50,48,35,0,0,0,7,7,7,7,13,7,3,23,3,3,2,0,4,8,15,29,58,1,1,2,2,2,3,10,10,1,11,11,11,49,55,12
408,intent:what_are_symptoms,2,2,0,1,4,0,1,7,1,1,30,0,7,17,41,1,1,0,1,1,5,1,8,8,1,11,13,1,8,54,0,0,0,1,5,0,13,10,8,15,4,14,32,1,26,2,3,6,13,24,0,0,0,0,0,0,8,8,8,7,7,6,23,9,23
409,intent:what_if_i_visited_high_risk_area,1,1,2,3,6,7,14,12,7,18,27,10,22,49,56,1,3,0,5,4,2,5,4,10,16,28,2,62,50,2,0,0,0,1,5,0,11,4,9,0,16,10,45,35,44,3,4,8,17,29,0,2,1,1,1,1,12,9,9,20,22,19,38,42,60
410,intent:share,3,0,2,4,1,2,8,1,9,9,4,2,55,28,16,0,0,1,4,2,1,4,2,1,6,6,22,51,6,55,0,0,0,5,3,6,12,9,12,14,3,9,11,3,4,4,7,14,27,54,1,1,2,4,4,3,2,2,2,0,0,0,12,6,11
411,intent:donate,3,0,2,4,1,5,9,8,5,14,17,29,6,54,26,3,0,3,3,3,3,3,3,3,4,2,3,46,63,43,2,2,1,2,1,3,0,7,1,9,25,6,22,39,53,4,6,13,26,52,3,3,3,6,6,6,7,7,5,1,2,1,37,36,43
412,intent:what_are_treatment_options,0,3,3,5,5,3,1,5,13,11,16,21,23,19,31,1,1,0,1,6,5,15,10,5,25,26,8,14,19,24,0,0,0,1,5,0,4,2,2,5,9,5,30,4,49,2,3,7,14,25,0,0,0,0,3,2,9,12,9,13,13,14,3,1,2
413,intent:can_i_get_from_packages_surfaces,0,3,3,5,5,3,5,5,3,8,25,28,62,56,34,0,1,1,0,6,5,8,6,9,29,5,15,47,38,29,0,0,0,1,5,0,4,2,2,12,18,29,17,16,6,1,1,2,2,4,0,0,0,3,3,2,3,3,4,25,23,24,41,16,39
414,intent:what_are_symptoms,2,2,0,1,4,0,1,7,1,1,30,0,7,17,41,1,1,0,1,1,5,1,8,8,1,11,13,1,8,54,0,0,0,1,5,0,13,10,8,15,4,14,32,1,26,2,3,6,13,24,0,0,0,0,0,0,8,8,8,7,7,6,31,25,30
415,intent:can_i_get_from_feces_animal_pets,0,3,3,2,7,3,13,14,0,11,25,24,26,31,44,1,1,0,7,1,0,7,1,0,28,1,29,22,34,30,0,0,0,1,5,0,2,3,4,30,7,4,33,51,15,2,3,5,8,14,0,0,0,0,0,0,0,0,0,15,18,13,26,35,26
416,intent:share,3,0,2,4,1,2,8,1,9,9,4,2,55,28,16,0,0,1,4,2,1,4,2,1,6,6,22,51,6,55,0,0,0,5,3,6,12,9,12,14,3,9,11,3,4,4,7,14,27,54,1,1,2,4,4,3,2,2,2,0,0,0,12,6,11
417,intent:okay_thanks,3,0,2,4,1,6,8,13,6,7,14,26,57,63,12,2,2,2,2,5,6,2,5,6,30,30,30,25,43,32,3,3,3,3,2,2,9,0,11,13,20,17,28,22,7,4,5,11,23,45,2,1,2,5,5,4,5,5,6,30,1,30,36,41,44
418,intent:what_is_corona,2,1,1,2,7,1,2,9,10,24,13,23,1,8,15,1,1,0,1,1,5,12,15,11,23,24,27,31,32,36,0,0,0,1,5,0,1,14,15,27,29,2,52,21,36,2,3,5,11,22,0,0,0,2,2,0,4,4,1,18,19,20,46,26,15
419,intent:can_i_get_from_packages_surfaces,2,2,1,6,4,1,6,7,1,27,24,1,47,2,22,1,1,0,7,1,0,7,1,0,14,14,26,38,24,22,0,0,0,1,5,0,2,3,4,22,15,20,29,29,42,2,2,4,7,13,0,0,0,0,0,0,0,0,0,27,16,23,13,27,29
420,intent:can_i_get_from_packages_surfaces,0,3,3,5,5,3,5,5,3,8,25,28,62,56,34,0,1,1,0,6,5,8,6,9,29,5,15,47,38,29,0,0,0,1,5,0,4,2,2,12,18,29,17,16,6,1,1,2,2,4,0,0,0,3,3,2,3,3,4,25,23,24,41,16,39
421,intent:hi,3,0,2,7,1,2,12,11,15,17,1,19,34,55,32,0,0,1,4,7,7,9,7,7,21,7,7,40,59,31,1,1,2,6,4,5,6,1,6,11,27,15,27,53,51,4,5,12,24,48,1,1,2,7,7,5,6,6,7,2,3,2,40,43,40
422,intent:what_is_corona,2,1,1,2,7,1,2,9,10,24,13,23,1,8,15,1,1,0,1,1,5,12,15,11,23,24,27,31,32,36,0,0,0,1,5,0,1,14,15,27,29,2,52,21,36,2,3,5,11,22,0,0,0,2,2,0,4,4,1,18,19,20,46,26,15
423,intent:travel,1,1,2,3,3,4,10,3,4,6,26,17,24,15,38,1,3,0,5,4,2,5,11,15,11,20,11,24,35,27,0,0,0,0,6,4,10,12,14,7,17,8,35,44,55,3,4,10,22,43,0,2,1,1,1,1,1,1,3,3,4,5,11,13,10
424,intent:latest_numbers,2,1,1,2,0,1,2,0,12,29,10,12,16,23,19,0,0,1,6,0,4,6,0,4,26,0,6,53,0,9,0,0,0,7,7,7,7,13,7,24,2,22,39,43,45,4,8,16,31,61,1,2,1,2,2,3,13,13,11,5,5,4,4,3,3
425,intent:what_are_treatment_options,2,2,1,6,4,1,6,7,1,4,24,1,54,33,1,1,1,0,1,1,5,13,10,5,27,29,31,13,13,20,0,0,0,1,5,0,2,3,4,31,6,13,53,8,34,2,3,7,15,27,0,0,0,0,0,0,14,14,13,14,12,16,7,19,14
426,intent:what_are_symptoms,2,1,1,2,7,1,2,9,10,24,13,23,1,8,15,1,1,0,1,1,5,1,8,8,1,11,13,39,33,42,0,0,0,1,5,0,1,14,15,27,29,2,52,21,36,2,2,4,7,11,0,0,0,0,0,0,4,4,1,18,19,20,46,26,15
427,intent:what_if_i_visited_high_risk_area,1,1,2,3,6,7,14,12,7,18,29,10,22,34,56,1,3,0,5,4,2,5,4,10,16,28,2,17,50,2,0,0,0,1,5,0,11,4,9,0,16,10,41,26,52,3,4,8,17,30,0,2,1,1,1,1,12,9,12,12,6,15,47,33,36
428,intent:what_are_treatment_options,2,1,1,2,7,1,2,9,10,2,13,7,17,10,18,1,1,0,1,1,5,13,10,5,27,29,31,13,13,20,0,0,0,1,5,0,2,3,4,25,6,31,53,8,34,2,3,7,15,27,0,0,0,0,0,0,14,14,13,23,12,25,21,23,19
429,intent:donate,3,0,2,4,1,5,9,8,5,14,17,29,6,54,26,3,0,3,3,3,3,3,3,3,4,2,3,46,63,43,2,2,1,2,1,3,0,7,1,9,25,6,22,39,53,4,6,13,26,52,3,3,3,6,6,6,7,7,5,1,2,1,37,36,43
430,intent:hi,3,0,2,7,1,2,7,11,8,17,1,19,12,24,14,0,0,1,4,7,7,9,7,7,21,7,7,8,7,31,1,1,2,6,4,5,6,1,6,8,24,30,31,19,16,4,5,12,25,49,1,1,2,7,7,5,6,6,7,2,3,2,9,29,9
431,intent:donate,3,0,2,4,1,5,9,8,5,14,17,29,6,25,26,3,0,3,3,3,3,3,3,3,4,2,3,46,4,43,2,2,1,2,1,3,0,7,1,9,25,6,12,7,48,4,6,13,26,52,3,3,3,6,6,6,7,7,5,1,2,1,14,4,6
432,intent:donate,3,0,2,4,1,2,1,15,2,3,27,10,9,58,45,3,0,3,3,3,3,3,3,3,4,2,3,3,36,3,2,2,1,2,1,3,0,7,1,20,13,18,13,32,20,3,4,8,17,29,3,3,3,6,6,6,7,7,5,1,2,1,30,34,33
433,intent:what_if_i_visited_high_risk_area,0,3,3,5,5,3,11,12,13,25,5,25,50,53,27,1,3,0,5,4,2,5,4,2,18,25,17,41,14,25,0,0,0,0,6,4,11,4,9,2,31,25,44,6,23,3,4,9,20,37,0,2,1,1,1,1,12,9,12,8,6,8,2,11,5
434,intent:share,3,0,2,4,1,2,8,1,9,20,19,15,25,30,29,0,0,1,4,2,1,4,2,1,24,6,1,6,41,1,0,0,0,5,3,6,12,9,12,16,28,7,20,38,27,4,7,14,28,56,1,1,2,4,4,3,2,2,2,0,0,0,1,2,4
435,intent:myths,2,2,1,0,2,1,0,7,1,27,24,22,51,27,36,1,1,0,1,1,5,12,15,11,12,19,20,19,9,10,0,0,0,1,5,0,15,11,5,18,5,23,24,5,58,2,2,4,5,9,1,0,0,2,2,0,4,4,14,29,26,27,29,28,32
436,intent:what_are_symptoms,2,2,1,6,4,1,6,7,1,28,12,8,29,17,25,1,1,0,1,1,5,1,8,8,1,11,13,39,33,42,0,0,0,1,5,0,1,14,15,19,0,28,0,55,37,2,2,4,7,11,0,0,0,0,0,0,8,8,8,7,7,6,31,25,30
437,intent:myths,3,1,2,0,2,2,0,2,2,3,27,5,9,5,20,0,0,1,4,2,1,4,2,1,6,6,22,51,6,55,0,0,0,1,5,0,2,3,4,14,3,9,11,3,4,4,7,14,27,54,1,0,0,3,3,2,15,15,14,21,20,22,6,5,7
438,intent:what_if_i_visited_high_risk_area,1,1,2,3,3,4,11,12,4,30,5,25,53,53,53,1,3,0,5,4,2,5,4,2,18,25,17,41,14,25,0,0,0,0,6,4,11,4,9,2,31,25,43,52,52,3,4,9,20,38,0,2,1,1,1,1,12,9,12,8,6,8,2,33,5
439,intent:myths,0,3,3,0,2,3,0,2,14,0,21,5,0,21,39,0,0,1,0,6,5,0,9,13,0,15,9,0,12,14,0,0,0,4,0,1,3,5,3,10,26,26,57,37,8,1,1,1,1,1,0,0,0,3,3,2,15,15,14,21,20,22,6,5,7
440,intent:protect_yourself,1,1,2,3,6,7,3,6,7,15,31,9,18,29,21,1,3,0,5,4,2,10,12,14,22,23,24,20,15,12,0,0,0,1,5,0,5,8,0,29,19,21,8,0,13,3,4,8,19,36,0,0,1,1,1,1,11,11,10,16,14,17,16,17,18
441,intent:how_does_corona_spread,2,2,1,6,4,1,6,7,1,27,24,1,47,33,22,1,1,0,7,1,0,7,14,0,14,14,26,38,24,22,0,0,0,1,5,0,2,3,4,22,15,20,29,29,42,2,2,4,7,13,0,0,0,0,0,0,0,0,0,27,16,23,13,27,29
442,intent:what_is_corona,2,2,1,6,4,1,15,7,1,28,12,8,4,9,25,0,0,1,6,0,4,11,13,12,17,17,25,59,30,17,0,0,0,1,5,0,1,14,15,26,0,28,40,10,10,2,2,4,6,10,1,0,0,2,2,0,4,4,1,9,10,10,25,30,27
443,intent:what_are_symptoms,3,1,2,1,6,7,1,15,2,13,27,27,39,20,42,1,1,0,1,1,5,14,8,8,20,16,19,18,21,16,0,0,0,1,5,0,8,6,10,4,10,0,23,28,30,2,3,6,12,23,0,0,0,0,0,2,8,8,8,20,22,19,34,38,24
444,intent:hi,3,2,0,7,4,0,12,4,11,16,28,18,8,43,49,0,0,1,4,7,7,9,7,7,7,27,7,27,52,51,1,1,2,6,4,5,6,1,6,8,1,16,55,45,21,4,5,12,24,48,1,1,2,7,7,5,6,6,7,2,3,2,32,8,16
445,intent:can_i_get_from_feces_animal_pets,2,2,1,6,4,1,6,7,0,4,23,1,56,48,1,1,1,0,7,1,0,7,1,0,28,1,0,60,1,0,0,0,0,1,5,0,2,3,4,30,7,4,47,15,15,2,3,5,8,15,0,0,0,0,0,0,0,0,0,6,8,7,42,44,42
446,intent:hi,3,0,2,7,1,2,12,11,15,16,1,19,34,55,32,0,0,1,4,7,7,9,7,7,21,7,7,40,59,31,1,1,2,6,4,5,6,1,6,11,27,15,27,53,51,4,5,12,24,48,1,1,2,7,7,5,6,6,7,2,3,2,40,43,40
447,intent:hi,3,0,2,7,1,2,7,11,8,16,1,19,12,1,49,0,0,1,4,7,7,9,7,7,7,27,7,27,52,51,1,1,2,6,4,5,6,1,6,8,1,16,55,45,21,4,5,12,25,50,1,1,2,7,7,5,6,6,7,2,3,2,32,8,16
448,intent:what_is_corona,0,3,3,5,5,3,5,5,3,12,7,28,2,13,17,0,1,1,0,6,5,8,6,9,9,5,15,49,40,8,0,0,0,1,5,0,4,2,2,21,22,1,5,59,61,1,1,2,3,6,0,0,0,3,3,2,3,3,4,10,9,9,44,47,46
449,intent:myths,0,3,3,0,2,3,0,2,14,0,21,5,0,21,39,0,0,1,0,6,5,0,9,13,0,15,9,0,12,14,0,0,0,4,0,1,3,5,3,10,26,26,57,37,8,1,1,1,1,1,0,0,0,3,3,2,15,15,14,21,20,22,6,5,7
450,intent:can_i_get_from_packages_surfaces,3,0,2,4,1,7,3,6,7,18,18,10,9,5,54,1,3,0,5,4,2,10,12,14,31,9,12,52,55,19,0,0,0,1,5,0,2,3,4,1,11,11,61,34,62,3,4,8,16,28,0,0,1,1,1,3,11,11,10,22,21,21,5,7,13
451,intent:can_i_get_from_packages_surfaces,2,1,1,2,7,1,13,14,10,21,2,7,56,39,33,1,1,0,7,1,0,7,1,0,8,14,29,7,42,49,0,0,0,1,5,0,2,3,4,30,7,4,10,14,4,2,3,5,9,18,0,0,0,0,0,0,0,0,0,22,31,21,38,42,56
452,intent:can_i_get_from_packages_surfaces,2,1,1,2,7,1,13,14,10,10,2,23,59,11,18,1,1,0,7,1,0,7,14,0,14,31,16,21,39,47,0,0,0,1,5,0,2,3,4,22,15,20,56,40,31,2,3,5,9,18,0,0,0,0,0,0,0,0,0,6,23,24,48,16,47
453,intent:news_and_press,0,3,3,5,5,3,5,5,3,8,7,28,33,13,17,0,1,1,0,6,5,8,6,9,9,5,15,10,5,44,0,0,0,1,5,0,4,2,2,21,22,1,7,24,11,1,1,2,3,6,0,0,0,3,3,2,3,3,4,10,9,9,19,18,21
454,intent:protect_yourself,1,1,2,3,6,7,14,12,7,3,27,10,9,5,45,1,3,0,5,4,2,5,4,10,16,28,2,55,50,2,0,0,0,1,5,0,2,3,4,14,16,9,11,3,4,3,4,8,17,29,0,2,1,4,4,3,2,2,2,31,30,31,47,34,36
455,intent:share,3,0,2,4,1,2,8,1,9,9,4,15,55,28,16,0,0,1,4,2,1,4,2,1,24,6,22,30,26,33,0,0,0,5,3,6,12,9,12,14,3,9,49,48,1,4,7,14,27,54,1,1,2,4,4,3,2,2,2,0,0,0,35,31,34
456,intent:what_are_treatment_options,0,3,3,5,5,3,5,5,13,12,16,21,46,19,10,1,1,0,1,6,5,15,10,5,25,26,8,14,19,24,0,0,0,1,5,0,4,2,2,5,9,5,30,4,49,3,4,8,17,29,0,0,0,0,3,2,9,12,9,13,13,14,3,1,2
457,intent:myths,0,3,3,5,5,3,5,5,3,8,3,28,62,31,17,0,1,1,0,6,5,8,6,9,9,5,15,10,5,44,0,0,0,1,5,0,4,2,2,21,22,1,7,24,11,1,1,2,2,3,0,0,0,3,3,2,3,3,4,10,9,9,19,18,21
458,intent:protect_yourself,2,1,1,2,7,1,13,9,10,21,29,11,11,50,43,1,3,0,5,4,2,5,4,10,16,28,2,62,22,39,0,0,0,1,5,0,11,4,9,0,16,10,58,21,33,2,3,5,10,21,0,0,1,1,0,0,14,9,13,12,29,15,27,45,31
459,intent:what_if_i_visited_high_risk_area,1,1,2,3,6,7,14,6,7,31,18,10,61,26,54,1,3,0,5,4,2,10,12,14,31,9,12,52,55,19,0,0,0,0,6,4,5,8,0,1,11,11,61,34,62,3,4,8,16,28,0,0,1,1,1,1,11,11,10,22,21,21,5,7,13
460,intent:travel,1,1,2,3,3,4,10,3,4,6,20,17,61,49,55,1,3,0,5,4,2,5,11,15,11,4,11,5,10,56,0,0,0,0,6,4,10,12,14,23,12,24,62,60,40,3,4,10,21,40,0,2,1,1,1,1,1,1,3,3,4,5,15,21,22
461,intent:news_and_press,3,0,2,4,0,2,4,10,2,22,11,30,31,22,47,0,0,1,6,0,4,11,13,12,15,22,10,43,11,18,0,0,0,1,5,0,1,14,15,3,23,3,60,2,0,4,8,15,29,58,1,1,2,2,2,3,10,10,1,11,11,11,18,14,12
462,intent:can_i_get_from_feces_animal_pets,2,1,1,2,7,1,13,14,10,23,2,7,40,48,33,1,1,0,7,1,0,7,1,0,28,1,0,22,54,30,0,0,0,1,5,0,2,3,4,30,7,4,47,14,15,2,3,5,8,14,0,0,0,0,0,0,0,0,0,6,8,7,8,15,17
463,intent:latest_numbers,2,1,1,2,0,1,2,0,12,29,10,12,16,23,19,0,0,1,6,0,4,6,0,4,26,0,6,53,0,9,0,0,0,7,7,7,7,13,7,24,2,22,39,43,45,4,8,16,32,63,1,2,1,2,2,3,13,13,11,5,5,4,4,3,3
464,intent:latest_numbers,3,1,2,2,0,2,4,0,12,29,10,12,19,59,19,0,0,1,6,0,4,6,0,4,26,0,6,4,0,37,0,0,0,7,7,7,7,13,7,24,2,22,2,30,24,4,8,16,32,64,1,2,1,2,2,3,13,13,11,5,5,4,4,3,3
465,intent:share,3,0,2,4,1,2,8,1,9,9,4,2,55,28,16,0,0,1,4,2,1,4,2,1,6,6,22,51,6,55,0,0,0,5,3,6,12,9,12,14,3,9,11,3,4,4,7,14,27,54,1,1,2,4,4,3,2,2,2,0,0,0,12,6,11
466,intent:myths,2,2,1,0,2,1,0,7,1,28,12,22,15,40,36,1,1,0,1,1,5,12,15,11,12,19,20,19,9,10,0,0,0,1,5,0,15,11,5,18,5,23,24,5,58,2,2,4,5,9,1,0,0,2,2,0,4,4,14,29,26,27,29,28,32
467,intent:protect_yourself,2,1,1,2,7,1,13,9,10,21,29,11,11,50,43,1,3,0,5,4,2,5,4,10,16,28,2,62,22,39,0,0,0,1,5,0,11,4,9,0,16,10,58,21,33,2,3,5,10,21,0,0,1,1,0,0,14,9,13,12,29,15,27,45,31
468,intent:can_i_get_from_feces_animal_pets,0,3,3,5,5,3,13,14,0,11,15,24,26,52,44,1,1,0,7,1,0,7,1,0,28,1,29,22,34,30,0,0,0,1,5,0,2,3,4,30,7,4,33,51,15,2,3,5,8,14,0,0,0,0,0,0,0,0,0,15,18,13,26,35,26
469,intent:what_are_treatment_options,2,2,1,6,4,1,6,7,1,4,24,1,54,45,1,1,1,0,1,1,5,13,10,5,27,18,31,44,28,46,0,0,0,1,5,0,2,3,4,31,6,13,53,8,34,2,3,7,15,27,0,0,0,0,0,0,14,14,13,14,12,16,7,37,14
470,intent:travel,1,1,2,3,3,4,10,3,4,6,20,3,5,18,3,1,3,0,5,4,2,5,11,15,11,4,11,5,37,56,0,0,0,0,6,4,10,12,14,23,12,24,26,9,41,3,4,10,21,40,0,2,1,1,1,1,1,1,3,19,17,12,17,12,0
471,intent:how_does_corona_spread,0,3,3,5,7,3,13,14,13,11,25,24,21,41,48,1,1,0,7,1,0,7,1,0,8,14,29,37,44,63,0,0,0,1,5,0,2,3,4,22,15,20,33,51,50,2,3,5,9,17,0,0,0,0,0,0,0,0,0,15,18,13,45,46,48
472,intent:what_are_treatment_options,2,2,1,6,4,1,6,7,1,4,24,1,54,33,1,1,1,0,1,1,5,13,10,5,27,29,31,13,13,20,0,0,0,1,5,0,2,3,4,31,6,13,53,8,34,2,3,7,15,27,0,0,0,0,0,0,14,14,13,14,12,16,7,19,14
473,intent:share,3,0,2,4,1,2,8,1,9,9,4,2,55,28,2,0,0,1,4,2,1,4,2,1,6,6,22,51,6,33,0,0,0,5,3,6,12,9,12,14,3,9,37,23,38,4,7,14,27,54,1,1,2,4,4,3,2,2,2,0,0,0,12,6,11
474,intent:protect_yourself,1,1,1,3,6,7,14,6,7,21,29,11,11,34,54,1,1,0,1,1,5,13,10,5,27,18,31,44,28,46,0,0,0,1,5,0,2,3,4,31,16,13,53,8,63,2,3,5,9,16,0,0,0,0,0,0,14,14,13,12,29,15,27,37,31
475,intent:how_does_corona_spread,0,3,3,5,5,3,5,5,13,11,25,24,26,31,44,1,1,0,7,1,0,7,1,0,28,1,29,22,34,30,0,0,0,1,5,0,2,3,4,30,7,4,33,51,50,2,3,5,8,14,0,0,0,0,0,0,0,0,0,15,18,13,26,35,26
476,intent:hi,3,2,0,7,4,0,7,11,8,17,1,19,12,24,9,0,0,1,4,7,7,9,7,7,21,7,7,8,7,31,1,1,2,6,4,5,6,1,6,8,24,30,31,19,16,4,5,12,25,49,1,1,2,7,7,5,6,6,7,2,3,2,9,29,9
477,intent:what_is_corona,2,2,1,6,4,1,15,7,1,28,12,8,29,42,25,1,1,0,1,1,5,12,15,11,19,10,14,11,18,28,0,0,0,1,5,0,1,14,15,19,0,28,40,10,10,2,2,4,6,10,1,0,0,2,2,0,4,4,1,9,10,10,28,30,28
478,intent:latest_numbers,2,1,1,2,0,1,2,0,12,29,10,12,19,23,19,0,0,1,6,0,4,6,0,4,26,0,6,53,0,9,0,0,0,7,7,7,7,13,7,24,2,22,39,43,45,4,8,16,31,61,1,2,1,2,2,3,13,13,11,5,5,4,4,3,3
479,intent:news_and_press,0,3,3,5,5,3,5,10,3,12,11,6,60,22,57,0,0,1,0,6,5,8,6,9,9,5,23,26,23,23,0,0,0,1,5,0,4,2,2,3,30,3,34,33,18,1,1,2,3,5,0,0,0,3,3,2,3,3,4,26,25,26,22,22,20
480,intent:travel,1,1,2,3,3,4,10,3,4,6,26,17,24,15,38,1,3,0,5,4,2,5,11,15,11,20,11,24,35,27,0,0,0,0,6,4,10,12,14,7,17,8,35,44,55,3,4,10,22,43,0,2,1,1,1,1,1,1,3,3,4,5,11,13,10
481,intent:news_and_press,2,2,0,6,4,0,15,4,11,19,28,18,8,43,30,0,0,1,6,0,4,11,13,12,10,12,18,12,25,6,0,0,0,1,5,0,14,15,13,17,14,27,25,20,28,2,2,3,4,8,1,0,0,2,2,0,10,10,15,17,15,18,10,10,8
482,intent:share,3,0,2,4,1,2,8,1,9,20,19,15,20,30,29,0,0,1,4,2,1,4,2,1,24,6,1,6,41,1,0,0,0,5,3,6,12,9,12,16,28,7,19,17,35,4,7,14,28,55,1,1,2,4,4,3,2,2,2,0,0,0,1,2,4
483,intent:protect_yourself,2,1,1,2,7,1,13,6,10,21,8,7,11,32,33,1,3,0,5,4,2,10,12,14,31,9,12,9,20,52,0,0,0,1,5,0,5,8,0,1,11,11,36,25,19,3,4,8,18,34,0,0,1,1,1,1,11,11,10,22,21,21,43,56,41
484,intent:hi,3,0,2,7,1,2,7,11,8,17,1,19,12,24,14,0,0,1,4,7,7,9,7,7,21,7,7,8,7,31,1,1,2,6,4,5,6,1,6,8,24,30,31,19,16,4,5,12,25,49,1,1,2,7,7,5,6,6,7,2,3,2,9,29,9
485,intent:okay_thanks,3,0,2,4,1,6,8,13,6,7,9,13,10,7,8,2,2,2,2,5,6,2,5,6,2,3,5,2,51,5,3,3,3,3,2,2,9,0,11,6,8,12,48,13,25,4,5,11,23,46,2,1,2,5,5,4,5,5,6,4,1,3,0,0,1
486,intent:news_and_press,3,0,2,4,0,2,4,10,2,22,11,30,31,35,57,0,0,1,6,0,4,11,13,12,15,22,10,43,11,50,0,0,0,1,5,0,1,14,15,3,23,3,60,2,0,4,8,15,29,58,1,1,2,2,2,3,10,10,1,11,11,11,18,14,12
487,intent:how_does_corona_spread,2,2,1,2,7,1,6,7,1,27,24,1,47,11,22,1,1,0,7,1,0,7,14,0,14,14,26,38,24,22,0,0,0,1,5,0,2,3,4,22,15,20,29,29,42,2,2,4,7,13,0,0,0,0,0,0,0,0,0,27,16,23,13,27,29
488,intent:share,3,0,2,4,1,2,8,1,9,20,19,15,25,30,29,0,0,1,4,2,1,4,2,1,24,6,1,6,41,1,0,0,0,5,3,6,12,9,12,16,28,7,20,38,27,4,7,14,28,56,1,1,2,4,4,3,2,2,2,0,0,0,1,2,4
489,intent:share,3,0,2,4,1,2,8,1,9,9,4,2,55,28,16,0,0,1,4,2,1,4,2,1,6,6,22,51,6,55,0,0,0,5,3,6,12,9,12,14,3,9,11,3,4,4,7,14,27,54,1,1,2,4,4,3,2,2,2,0,0,0,12,6,11
490,intent:share,3,0,2,4,1,2,8,1,9,20,19,15,20,30,29,0,0,1,4,2,1,4,2,1,24,6,1,6,41,1,0,0,0,5,3,6,12,9,12,16,28,7,19,17,35,4,7,14,28,55,1,1,2,4,4,3,2,2,2,0,0,0,1,2,4
491,intent:travel,1,1,2,3,3,4,10,3,4,6,26,3,13,18,40,1,3,0,5,4,2,5,11,15,11,20,11,54,47,13,0,0,0,0,6,4,10,12,14,23,12,24,42,49,2,3,4,10,22,44,0,2,1,1,1,1,1,1,3,3,4,5,15,21,22
492,intent:hi,0,3,3,5,5,3,5,5,3,12,1,6,60,51,49,0,0,1,4,7,7,9,7,7,7,27,7,32,31,21,1,1,2,6,4,5,6,1,6,8,1,16,11,56,21,4,8,15,29,57,1,1,2,7,7,5,6,6,7,2,3,2,32,48,16
493,intent:how_does_corona_spread,0,3,3,5,5,3,5,5,13,11,25,23,21,41,48,1,1,0,7,1,0,7,1,0,8,14,29,37,44,63,0,0,0,1,5,0,2,3,4,22,15,20,33,51,50,2,3,5,9,17,0,0,0,0,0,0,0,0,0,15,18,13,45,46,48
494,intent:news_and_press,0,3,3,5,5,3,5,5,3,8,7,6,60,13,17,0,0,1,0,6,5,8,6,9,9,5,23,26,23,23,0,0,0,1,5,0,4,2,2,3,30,3,34,33,18,1,1,2,3,5,0,0,0,3,3,2,3,3,4,26,25,26,22,22,20
495,intent:what_if_i_visited_high_risk_area,1,1,2,3,3,4,11,12,4,25,5,25,63,53,62,1,3,0,5,4,2,5,4,2,18,25,17,15,14,25,0,0,0,0,6,4,11,4,9,2,31,25,44,6,23,3,4,10,21,40,0,2,1,1,1,1,12,9,12,8,6,8,2,11,5
496,intent:protect_yourself,2,1,1,2,7,7,3,6,7,15,31,9,18,29,21,1,3,0,5,4,2,10,12,14,22,23,24,20,15,12,0,0,0,1,5,0,5,8,0,29,19,21,8,0,13,3,4,8,19,36,0,0,1,1,1,1,11,11,10,16,14,17,16,17,18
497,intent:what_are_symptoms,2,1,1,1,6,7,1,15,2,1,30,27,49,62,41,1,1,0,1,1,5,1,8,8,1,11,13,57,8,11,0,0,0,1,5,0,13,10,8,15,4,14,32,1,26,2,3,6,13,24,0,0,0,0,0,0,8,8,8,7,7,6,23,9,23
498,intent:latest_numbers,3,1,2,4,0,2,4,0,12,29,10,12,19,59,19,0,0,1,6,0,4,6,0,4,26,0,6,4,0,37,0,0,0,7,7,7,7,13,7,24,2,22,2,30,24,4,8,16,32,64,1,2,1,2,2,3,13,13,11,5,5,4,4,3,3
499,intent:news_and_press,0,3,3,5,5,3,5,5,3,8,7,6,60,13,17,0,1,1,0,6,5,8,6,9,9,5,23,26,23,23,0,0,0,1,5,0,4,2,2,3,30,3,34,33,18,1,1,2,3,5,0,0,0,3,3,2,3,3,4,26,25,26,22,22,20
500,intent:hi,0,3,3,7,5,2,12,11,8,12,1,6,3,51,9,0,0,1,4,7,7,9,7,7,7,27,7,32,31,21,1,1,2,6,4,5,6,1,6,8,1,3,11,56,21,4,8,15,29,57,1,1,2,7,7,5,6,6,7,2,3,2,55,48,16
501,intent:what_if_i_visited_high_risk_area,2,1,1,2,0,1,2,0,12,2,10,12,1,46,19,0,0,1,6,0,4,11,13,12,17,17,25,59,30,17,0,0,0,7,7,7,1,14,15,26,23,28,59,18,43,4,8,16,31,60,1,0,0,2,2,0,4,4,1,18,19,20,57,58,55
502,intent:donate,3,0,2,4,1,5,9,8,5,14,17,29,6,58,26,3,0,3,3,3,3,3,3,3,4,2,3,3,36,3,2,2,1,2,1,3,0,7,1,20,13,18,13,32,20,4,6,13,26,53,3,3,3,6,6,6,7,7,5,1,2,1,30,34,33
503,intent:what_are_symptoms,2,1,1,1,6,7,1,15,2,1,30,27,49,62,41,1,1,0,1,1,5,1,8,8,1,11,13,1,8,54,0,0,0,1,5,0,13,10,8,15,4,14,32,1,26,2,3,6,13,24,0,0,0,0,0,0,8,8,8,7,7,6,23,9,23
504,intent:okay_thanks,3,0,2,4,1,6,8,13,6,7,14,26,57,63,12,2,2,2,2,5,6,2,5,6,30,30,30,25,43,32,3,3,3,3,2,2,9,0,11,13,20,17,28,22,7,4,5,11,23,45,2,1,2,5,5,4,5,5,6,30,1,30,36,41,44
505,intent:what_if_i_visited_high_risk_area,1,1,2,3,3,4,11,12,4,30,5,25,53,53,53,1,3,0,5,4,2,5,4,2,18,25,17,41,14,25,0,0,0,0,6,4,11,4,9,2,31,25,43,52,52,3,4,9,20,38,0,2,1,1,1,1,12,9,12,8,6,8,2,11,5
506,intent:can_i_get_from_packages_surfaces,2,1,1,2,7,7,13,14,13,11,25,24,26,2,23,1,1,0,7,1,0,7,1,0,8,14,29,7,17,26,0,0,0,1,5,0,2,3,4,30,7,4,10,57,57,2,3,5,9,16,0,0,0,0,0,0,0,0,0,24,27,29,39,52,25
507,intent:hi,3,0,0,7,1,2,12,11,8,17,1,19,3,51,9,0,0,1,4,7,7,9,7,7,7,27,7,32,31,21,1,1,2,6,4,5,6,1,6,8,24,30,11,56,16,4,8,15,29,57,1,1,2,7,7,5,6,6,7,2,3,2,55,48,9
508,intent:travel,1,1,2,3,3,4,10,3,4,6,26,17,24,15,35,1,3,0,5,4,2,5,11,15,11,20,11,24,35,27,0,0,0,0,6,4,10,12,14,7,17,8,35,44,55,3,4,10,22,42,0,2,1,1,1,1,1,1,3,3,4,5,11,13,10
509,intent:latest_numbers,3,0,2,4,0,2,4,10,2,22,11,30,31,35,47,0,0,1,6,0,4,11,13,12,15,22,10,35,27,58,0,0,0,7,7,7,1,14,15,3,23,3,3,2,0,4,8,15,29,57,1,1,2,2,2,3,10,10,1,11,11,11,49,55,12
510,intent:share,3,0,2,4,1,2,8,1,9,9,4,2,55,28,16,0,0,1,4,2,1,4,2,1,6,6,22,51,6,55,0,0,0,5,3,6,12,9,12,14,3,9,11,3,4,4,7,14,27,54,1,1,2,4,4,3,2,2,2,0,0,0,12,6,11
511,intent:myths,3,0,2,4,1,2,4,1,2,3,27,10,9,5,16,0,0,1,4,2,1,4,2,1,6,6,22,51,6,55,0,0,0,1,5,0,2,3,4,14,3,9,11,3,4,1,1,1,1,2,1,1,2,4,4,3,2,2,2,31,30,0,50,6,50
512,intent:what_if_i_visited_high_risk_area,2,2,1,6,4,1,6,7,1,4,24,1,47,42,60,1,3,0,5,4,2,5,4,2,18,25,17,58,14,61,0,0,0,1,5,0,11,4,9,2,31,25,51,62,47,2,2,4,7,13,0,2,1,1,1,1,12,9,12,8,6,8,51,57,52
513,intent:what_if_i_visited_high_risk_area,1,1,2,3,0,4,11,12,4,25,5,25,50,57,27,1,3,0,5,4,2,5,4,2,18,25,17,58,14,61,0,0,0,7,7,7,11,4,9,2,31,25,51,62,47,3,4,9,20,37,0,2,1,1,1,1,12,9,12,8,6,8,51,57,52
514,intent:hi,3,0,2,7,1,2,7,11,8,16,1,19,12,51,49,0,0,1,4,7,7,9,7,7,7,27,7,27,52,51,1,1,2,6,4,5,6,1,6,8,1,16,55,45,21,4,5,12,25,50,1,1,2,7,7,5,6,6,7,2,3,2,32,8,16
515,intent:travel,1,1,2,3,3,4,10,3,4,26,26,17,24,49,40,1,3,0,5,4,2,5,11,15,11,20,11,54,47,13,0,0,0,0,6,4,10,12,14,23,12,24,42,49,2,3,4,10,22,44,0,2,1,1,1,1,1,1,3,3,4,5,15,21,22
516,intent:latest_numbers,0,3,3,5,0,3,4,0,12,29,0,20,16,36,50,0,0,1,6,0,4,6,0,4,3,0,6,34,53,34,0,0,0,7,7,7,7,13,7,28,21,19,15,46,32,4,8,16,30,59,1,2,1,2,2,3,13,13,11,5,5,4,33,39,37
517,intent:can_i_get_from_packages_surfaces,0,3,3,5,6,7,13,14,13,11,18,24,26,2,23,1,1,0,7,1,0,7,1,0,8,14,29,7,17,26,0,0,0,1,5,0,2,3,4,30,7,4,10,57,57,2,3,5,9,16,0,0,0,0,0,0,0,0,0,24,27,29,39,52,25
518,intent:news_and_press,3,0,2,4,0,2,4,10,2,22,11,30,31,22,57,0,0,1,6,0,4,11,13,12,17,17,25,43,11,50,0,0,0,1,5,0,1,14,15,3,23,3,60,2,0,4,8,15,29,58,1,0,0,2,2,3,10,10,1,26,25,26,18,14,12
519,intent:okay_thanks,3,0,2,4,1,6,8,13,6,7,9,13,44,7,8,2,2,2,2,5,6,2,5,6,2,3,5,2,51,5,3,3,3,3,2,2,9,0,11,6,8,12,48,13,25,4,5,11,23,46,2,1,2,5,5,4,5,5,6,4,1,3,0,0,1
520,intent:what_is_corona,2,2,0,6,4,0,15,4,11,19,28,18,8,43,30,0,0,1,6,0,4,11,13,12,10,12,18,12,25,60,0,0,0,1,5,0,14,15,13,17,14,27,25,20,28,2,2,3,4,8,1,0,0,2,2,0,10,10,15,17,15,18,10,10,8
521,intent:travel,1,1,2,3,3,4,10,3,4,6,26,17,24,15,38,1,3,0,5,4,2,5,11,15,11,20,11,24,35,27,0,0,0,0,6,4,10,12,14,7,17,8,35,44,55,3,4,10,22,43,0,2,1,1,1,1,1,1,3,3,4,5,11,13,10
522,intent:what_if_i_visited_high_risk_area,1,1,2,3,6,7,14,12,7,18,29,10,22,49,56,1,3,0,5,4,2,5,4,10,16,28,2,17,50,2,0,0,0,0,6,4,11,4,9,0,16,10,41,26,52,3,4,8,17,30,0,2,1,1,1,1,12,9,12,12,6,15,47,33,36
523,intent:hi,3,0,2,7,1,2,7,11,8,16,1,19,12,1,49,0,0,1,4,7,7,9,7,7,7,27,7,27,52,51,1,1,2,6,4,5,6,1,6,8,1,16,55,45,21,4,5,12,25,50,1,1,2,7,7,5,6,6,7,2,3,2,32,8,16
524,intent:share,3,0,2,4,1,2,8,1,9,9,4,2,55,28,16,0,0,1,4,2,1,4,2,1,6,6,22,51,6,55,0,0,0,5,3,6,12,9,12,14,3,9,11,3,4,4,7,14,27,54,1,1,2,4,4,3,2,2,2,0,0,0,12,6,11
525,intent:how_does_corona_spread,2,1,1,2,7,1,2,9,10,24,13,23,40,8,18,1,1,0,1,1,0,7,14,0,23,21,16,21,60,15,0,0,0,1,5,0,1,14,15,27,29,2,54,54,29,2,3,5,11,22,0,0,0,0,0,0,0,0,1,18,19,20,24,26,15
526,intent:how_does_corona_spread,0,3,3,5,7,3,13,14,13,11,25,24,30,2,23,1,1,0,7,1,0,7,1,0,8,14,29,7,17,26,0,0,0,1,5,0,2,3,4,30,7,4,10,57,57,2,3,5,9,16,0,0,0,0,0,0,0,0,0,24,27,29,39,52,25
527,intent:what_are_symptoms,2,2,1,6,4,1,6,7,1,28,12,1,38,17,1,1,1,0,1,1,5,1,8,8,1,11,13,39,33,42,0,0,0,1,5,0,13,10,8,19,0,14,0,55,37,2,2,4,7,11,0,0,0,0,0,0,8,8,8,7,7,6,31,25,30
528,intent:can_i_get_from_packages_surfaces,2,1,1,2,7,1,13,9,10,10,13,23,59,11,18,1,1,0,7,1,0,7,14,0,14,14,16,21,24,22,0,0,0,1,5,0,2,3,4,22,15,20,4,14,3,2,3,5,9,20,0,0,0,0,0,0,0,0,0,6,8,7,48,51,47
529,intent:latest_numbers,2,2,1,6,4,1,6,7,1,29,10,12,36,23,19,0,0,1,6,0,4,6,0,4,26,0,6,53,0,9,0,0,0,7,7,7,7,13,7,24,2,22,2,30,24,4,8,16,31,61,1,2,1,2,2,3,13,13,11,5,5,4,4,3,3
530,intent:news_and_press,0,3,3,5,5,3,5,5,3,12,11,6,60,22,57,0,0,1,0,6,5,8,6,9,9,5,23,26,23,23,0,0,0,1,5,0,4,2,2,3,30,3,34,33,18,1,1,2,3,5,0,0,0,3,3,2,3,3,4,26,25,26,22,22,20
531,intent:latest_numbers,3,1,2,2,0,2,4,0,12,29,10,12,19,59,19,0,0,1,6,0,4,6,0,4,26,0,6,4,0,37,0,0,0,7,7,7,7,13,7,24,2,22,2,30,24,4,8,16,32,64,1,2,1,2,2,3,13,13,11,5,5,4,4,3,3
532,intent:can_i_get_from_feces_animal_pets,0,3,3,5,5,3,5,5,13,8,16,21,46,16,10,1,1,0,1,6,5,15,10,5,25,26,8,14,19,24,0,0,0,1,5,0,4,2,2,5,9,5,30,4,49,2,3,7,14,25,0,0,0,0,3,2,9,12,9,13,13,14,3,1,2
533,intent:can_i_get_from_packages_surfaces,2,1,1,2,7,1,13,14,10,10,2,7,41,11,18,1,1,0,7,1,0,7,1,0,8,14,29,7,42,49,0,0,0,1,5,0,2,3,4,22,15,20,4,14,3,2,3,5,9,18,0,0,0,0,0,0,0,0,0,6,8,7,8,15,47
534,intent:hi,3,0,2,7,1,2,7,11,8,17,1,19,12,24,14,0,0,1,4,7,7,9,7,7,21,7,7,8,7,31,1,1,2,6,4,5,6,1,6,8,24,30,31,19,16,4,5,12,25,49,1,1,2,7,7,5,6,6,7,2,3,2,9,29,9
535,intent:news_and_press,2,2,1,6,4,1,15,7,1,28,12,8,4,9,60,0,0,1,6,0,4,11,13,12,17,17,25,16,58,40,0,0,0,1,5,0,1,14,15,26,23,28,38,47,22,2,2,4,6,10,1,0,0,2,2,0,4,4,1,9,10,10,25,24,27
536,intent:protect_yourself,1,1,2,3,6,4,14,12,4,30,29,11,53,34,59,1,3,0,5,4,2,5,4,10,16,28,2,55,50,2,0,0,0,0,6,4,11,4,9,0,16,10,41,52,52,3,4,9,20,38,0,2,1,1,1,1,12,9,12,12,6,15,47,33,36
537,intent:how_does_corona_spread,2,2,1,6,4,1,6,7,1,27,24,1,47,33,22,1,1,0,7,1,0,7,14,0,14,14,26,38,24,22,0,0,0,1,5,0,2,3,4,22,15,20,29,29,42,2,2,4,7,13,0,0,0,0,0,0,0,0,0,27,16,23,13,27,29
538,intent:travel,1,1,2,3,3,4,10,3,2,3,26,17,27,5,58,1,3,0,5,4,2,5,11,15,11,20,11,24,35,27,0,0,0,0,6,4,10,12,14,23,6,24,6,3,4,4,8,15,29,58,0,2,1,1,1,1,1,1,3,3,4,5,52,50,61
539,intent:what_are_symptoms,2,1,1,2,7,1,13,14,10,10,2,7,14,11,33,1,1,0,7,1,0,7,1,0,8,14,29,7,17,59,0,0,0,1,5,0,2,3,4,30,7,4,10,14,4,2,3,6,13,24,0,0,0,0,0,0,0,0,0,28,7,6,54,32,25
540,intent:myths,0,3,3,5,5,3,5,5,3,8,3,28,62,31,17,0,1,1,0,6,5,8,6,9,9,5,15,10,5,44,0,0,0,1,5,0,4,2,2,21,22,1,7,24,11,1,1,2,2,3,0,0,0,3,3,2,3,3,4,10,9,9,19,18,21
541,intent:hi,3,0,2,4,1,2,4,10,2,3,27,2,3,35,47,0,0,1,4,7,7,9,7,7,7,27,7,32,31,21,0,0,0,1,5,0,1,14,15,14,23,3,11,56,4,4,8,15,29,57,1,1,2,4,2,3,6,6,7,11,11,11,55,48,49
542,intent:latest_numbers,2,2,1,6,4,1,6,7,1,4,0,20,16,36,50,0,0,1,6,0,4,6,0,4,3,0,6,34,53,34,0,0,0,7,7,7,7,13,7,28,21,19,15,46,32,4,8,16,30,59,1,2,1,2,2,3,13,13,11,5,5,4,33,39,37
543,intent:what_is_corona,0,3,3,5,5,3,5,5,3,12,7,28,2,13,17,0,1,1,0,6,5,8,6,9,9,5,15,49,40,8,0,0,0,1,5,0,4,2,2,21,22,1,5,59,61,1,1,2,3,6,0,0,0,3,3,2,3,3,4,10,9,9,44,47,46
544,intent:what_are_treatment_options,3,0,2,1,1,2,4,15,2,3,27,21,9,5,45,1,1,0,1,1,5,15,10,5,25,26,8,14,19,24,0,0,0,1,5,0,2,3,4,14,9,9,11,3,4,3,4,8,17,29,1,1,2,0,4,3,9,2,2,20,22,19,38,42,60
545,intent:myths,3,0,2,0,2,2,0,2,14,0,21,5,0,5,20,0,0,1,0,6,5,0,9,13,0,15,9,0,12,14,0,0,0,1,5,0,12,9,12,14,3,9,11,3,4,1,1,1,1,2,0,1,2,4,4,3,15,15,14,21,20,22,6,5,7
546,intent:what_is_corona,2,2,0,6,4,0,15,4,11,19,28,18,8,43,30,0,0,1,6,0,4,11,13,12,10,12,18,12,25,60,0,0,0,1,5,0,14,15,13,17,14,27,25,20,28,2,2,3,4,8,1,0,0,2,2,0,10,10,15,17,15,18,10,10,8
547,intent:travel,1,1,2,3,3,4,14,3,4,6,20,3,63,18,63,1,3,0,5,4,2,5,11,15,11,4,11,5,37,56,0,0,0,0,6,4,10,12,14,23,12,24,26,9,41,3,4,10,21,40,0,2,1,1,1,1,1,1,3,19,17,12,17,12,0
548,intent:what_if_i_visited_high_risk_area,1,1,1,3,3,4,10,3,4,6,26,17,27,39,3,1,3,0,5,4,2,5,4,15,11,20,11,48,57,13,0,0,0,0,6,4,10,12,14,7,17,8,6,27,5,3,4,10,22,44,0,2,1,1,1,1,1,1,3,3,31,5,38,42,56
549,intent:news_and_press,3,0,2,4,0,2,4,10,2,22,11,30,31,35,47,0,0,1,6,0,4,11,13,12,15,22,10,35,27,58,0,0,0,7,7,7,1,14,15,3,23,3,3,2,0,4,8,15,29,57,1,1,2,2,2,3,10,10,1,11,11,11,18,14,49
550,intent:what_are_symptoms,0,1,3,1,5,7,1,15,13,1,30,21,49,6,41,1,1,0,1,1,5,1,8,8,1,11,13,1,8,54,0,0,0,1,5,0,13,10,8,15,4,14,32,1,26,2,3,6,13,24,0,0,0,0,0,0,8,8,8,7,7,6,23,9,23
551,intent:news_and_press,2,2,1,6,4,1,15,7,1,28,12,8,4,9,60,0,0,1,6,0,4,11,13,12,17,17,25,16,58,40,0,0,0,1,5,0,1,14,15,26,23,28,38,47,22,2,2,4,6,10,1,0,0,2,2,0,4,4,1,9,10,10,25,24,27
552,intent:share,3,0,2,4,1,2,8,1,9,9,4,2,35,28,2,0,0,1,4,2,1,4,2,1,24,6,22,51,6,33,0,0,0,5,3,6,12,9,12,14,3,9,49,3,1,4,7,14,27,54,1,1,2,4,4,3,2,2,2,0,0,0,12,31,34
553,intent:latest_numbers,0,3,3,5,0,3,4,0,12,29,0,20,16,36,50,0,0,1,6,0,4,6,0,4,3,0,6,34,53,34,0,0,0,7,7,7,7,13,7,28,21,19,15,46,32,4,8,16,30,59,1,2,1,2,2,3,13,13,11,5,5,4,33,39,37
554,intent:okay_thanks,3,0,3,4,1,6,8,13,6,5,22,14,58,12,12,2,2,2,2,5,6,2,5,6,2,3,5,56,51,5,3,3,3,3,2,2,9,0,11,6,8,12,16,11,17,4,5,11,23,47,2,1,2,5,5,4,5,5,6,4,1,3,60,20,35
555,intent:travel,1,1,2,3,3,4,10,3,4,6,26,17,24,15,38,1,3,0,5,4,2,5,11,15,11,20,11,24,35,27,0,0,0,0,6,4,10,12,14,7,17,8,35,44,55,3,4,10,22,42,0,2,1,1,1,1,1,1,3,3,4,5,11,13,10
556,intent:can_i_get_from_feces_animal_pets,2,1,1,2,7,1,2,9,10,23,13,23,1,48,25,1,1,0,1,1,5,12,15,11,23,24,27,31,32,36,0,0,0,1,5,0,1,14,15,19,0,2,4,14,3,2,3,5,8,15,0,0,0,2,2,0,4,4,1,18,19,20,46,26,17
557,intent:latest_numbers,2,1,1,2,0,1,2,0,12,29,0,20,16,23,50,0,0,1,6,0,4,6,0,4,3,0,6,34,53,34,0,0,0,7,7,7,7,13,7,28,21,19,15,46,32,4,8,16,31,61,1,2,1,2,2,3,13,13,11,5,5,4,33,39,37
558,intent:how_does_corona_spread,3,1,2,2,0,2,2,9,2,24,27,23,9,8,15,1,1,0,1,1,0,7,14,0,23,21,16,21,60,15,0,0,0,1,5,0,1,14,15,27,29,2,54,54,29,2,3,5,11,22,0,0,0,0,0,0,0,0,1,18,19,20,24,26,15
559,intent:latest_numbers,2,2,1,6,4,1,6,0,12,29,0,20,16,23,50,0,0,1,6,0,4,6,0,4,3,0,6,34,0,34,0,0,0,7,7,7,7,13,7,24,2,19,39,43,32,4,8,16,31,61,1,2,1,2,2,3,13,13,11,5,5,4,33,39,37
560,intent:hi,3,0,2,7,1,2,12,11,15,16,1,19,34,55,32,0,0,1,4,7,7,9,7,7,21,7,7,40,59,31,1,1,2,6,4,5,6,1,6,11,27,15,27,53,51,4,5,12,24,48,1,1,2,7,7,5,6,6,7,2,3,2,40,43,40
561,intent:news_and_press,2,2,1,6,4,1,15,7,1,28,12,8,4,9,60,0,0,1,6,0,4,11,13,12,17,17,25,16,58,40,0,0,0,1,5,0,1,14,15,26,23,28,38,47,22,2,2,4,6,10,1,0,0,2,2,0,4,4,1,9,10,10,25,24,27
562,intent:what_if_i_visited_high_risk_area,1,1,2,3,0,4,11,12,4,25,5,25,50,57,27,1,3,0,5,4,2,5,4,2,18,25,17,15,14,25,0,0,0,0,6,4,11,4,9,2,31,25,44,6,23,3,4,9,20,37,0,2,1,1,1,1,12,9,12,8,6,8,2,11,5
563,intent:latest_numbers,3,1,2,4,0,2,4,0,12,29,0,20,16,36,50,0,0,1,6,0,4,6,0,4,3,0,6,34,53,34,0,0,0,7,7,7,7,13,7,28,21,19,15,46,32,4,8,16,30,59,1,2,1,2,2,3,13,13,11,5,5,4,33,39,37
564,intent:okay_thanks,3,0,2,4,1,6,8,13,6,7,9,13,44,12,8,2,2,2,2,5,6,2,5,6,2,3,5,2,51,5,3,3,3,3,2,2,9,0,11,6,8,12,48,13,25,4,5,11,23,47,2,1,2,5,5,4,5,5,6,4,1,3,0,0,1
565,intent:protect_yourself,1,1,2,3,6,7,14,12,7,18,27,10,22,34,59,1,3,0,5,4,2,5,4,10,16,28,2,17,50,2,0,0,0,1,5,0,11,4,9,0,16,10,41,26,52,3,4,8,17,30,0,2,1,1,1,1,12,9,12,12,6,15,62,61,36
566,intent:can_i_get_from_feces_animal_pets,2,2,0,6,4,0,6,4,0,19,23,0,8,43,0,1,1,0,7,1,0,7,1,0,28,1,0,60,1,0,0,0,0,1,5,0,2,3,4,30,7,4,47,15,15,2,2,3,4,7,0,0,0,0,0,0,0,0,0,6,15,7,42,44,42
567,intent:what_if_i_visited_high_risk_area,1,1,2,3,3,4,11,12,4,25,5,25,50,53,62,1,3,0,5,4,2,5,4,2,18,25,17,41,14,61,0,0,0,0,6,4,11,4,9,2,31,25,44,6,23,3,4,9,20,37,0,2,1,1,1,1,12,9,12,8,6,8,2,11,5
568,intent:hi,3,0,0,7,4,0,15,10,11,19,28,18,3,35,47,0,0,1,6,0,4,11,13,12,15,22,10,35,27,58,0,0,0,1,5,0,1,14,15,3,23,3,3,56,4,4,8,15,29,57,1,1,2,2,2,5,10,10,7,17,15,18,49,48,12
569,intent:travel,1,0,2,3,3,4,10,3,4,26,26,17,24,15,38,1,3,0,5,4,2,5,11,15,11,20,11,54,47,13,0,0,0,0,6,4,10,12,14,7,17,8,35,44,55,3,4,10,22,44,0,2,1,1,1,1,1,1,3,3,4,5,11,13,10
570,intent:protect_yourself,2,1,1,2,6,7,3,6,7,31,8,31,37,32,28,1,3,0,5,4,2,10,12,14,31,9,12,52,55,52,0,0,0,1,5,0,5,8,0,1,11,11,36,25,39,3,4,8,18,34,0,0,1,1,1,1,11,11,10,22,21,21,5,7,13
571,intent:what_are_symptoms,0,3,3,1,5,3,1,15,13,13,30,27,29,4,42,1,1,0,1,1,5,14,8,8,20,16,19,18,21,16,0,0,0,1,5,0,8,6,10,4,10,0,23,24,11,1,1,2,3,6,0,0,0,0,0,2,8,8,8,20,22,19,34,38,24
572,intent:latest_numbers,3,1,2,4,0,2,4,0,12,3,0,20,43,59,24,0,0,1,6,0,4,6,0,4,26,0,6,4,48,37,0,0,0,7,7,7,7,13,7,24,2,22,46,12,12,4,8,16,32,63,1,2,1,2,2,3,13,13,11,5,5,4,53,54,51
573,intent:can_i_get_from_feces_animal_pets,2,1,2,2,6,7,13,14,0,23,23,24,26,48,44,1,1,0,7,1,0,7,1,0,28,1,0,22,54,30,0,0,0,1,5,0,2,3,4,30,7,4,47,15,15,2,3,5,8,14,0,0,0,0,0,0,0,0,0,6,8,7,42,44,42
574,intent:travel,0,3,3,5,5,3,5,5,3,8,11,6,60,22,17,0,1,1,0,6,5,8,6,9,9,5,23,26,23,23,0,0,0,1,5,0,4,2,2,3,30,3,34,33,18,1,1,2,3,5,0,0,0,3,3,2,3,3,4,26,25,26,22,22,20
575,intent:okay_thanks,3,0,0,4,1,6,8,13,6,7,9,16,52,12,6,2,2,2,2,5,6,2,5,6,2,3,5,45,3,48,3,3,3,3,2,2,9,0,11,6,8,12,14,31,60,4,5,11,23,46,2,1,2,5,5,4,5,5,6,4,1,3,0,0,35
576,intent:donate,3,0,2,4,1,5,9,8,5,14,6,29,6,25,26,3,0,3,3,3,3,3,3,3,4,2,3,46,4,43,2,2,1,2,1,3,0,7,1,9,25,6,12,7,48,4,6,13,26,52,3,3,3,6,6,6,7,7,5,1,2,1,14,4,6
577,intent:okay_thanks,3,0,2,4,1,6,8,13,6,7,22,26,44,7,12,2,2,2,2,5,6,2,5,6,2,3,5,2,51,5,3,3,3,3,2,2,9,0,11,6,8,12,63,58,14,4,5,11,23,45,2,1,2,5,5,4,5,5,6,4,1,3,20,20,45
578,intent:can_i_get_from_feces_animal_pets,2,1,1,6,7,1,13,14,7,21,24,7,56,2,54,1,1,0,7,1,0,7,1,0,8,14,29,7,42,49,0,0,0,1,5,0,2,3,4,30,7,4,10,57,57,2,3,5,9,16,0,0,0,0,0,0,0,0,0,24,27,29,39,40,25
579,intent:can_i_get_from_packages_surfaces,0,3,3,5,5,3,5,5,13,8,25,28,62,56,34,0,1,1,0,6,5,8,6,9,29,5,15,47,38,29,0,0,0,1,5,0,4,2,2,12,18,29,17,16,6,1,1,2,2,4,0,0,0,3,3,2,3,3,4,25,23,24,41,16,39
580,intent:hi,3,0,2,7,1,2,12,11,15,16,1,19,34,55,32,0,0,1,4,7,7,9,7,7,21,7,7,40,59,31,1,1,2,6,4,5,6,1,6,11,27,15,27,53,51,4,5,12,24,48,1,1,2,7,7,5,6,6,7,2,3,2,40,43,40
581,intent:protect_yourself,1,1,2,3,3,4,14,3,4,30,26,10,53,49,46,1,3,0,5,4,2,5,4,10,16,28,2,55,50,2,0,0,0,0,6,4,10,12,14,23,12,24,6,27,4,3,4,8,17,33,0,2,1,1,1,1,1,1,3,3,4,5,15,21,22
582,intent:share,3,0,2,4,1,2,8,1,9,20,19,15,25,30,29,0,0,1,4,2,1,4,2,1,24,6,1,6,41,1,0,0,0,5,3,6,12,9,12,16,28,7,20,38,27,4,7,14,28,56,1,1,2,4,4,3,2,2,2,0,0,0,1,2,4
583,intent:okay_thanks,3,0,2,4,1,6,8,13,6,7,22,26,10,5,12,2,2,2,2,5,6,2,5,6,2,3,5,2,51,5,3,3,3,3,2,2,9,0,11,6,8,12,63,58,14,4,5,11,23,45,2,1,2,5,5,4,5,5,6,4,1,3,20,20,45
584,intent:latest_numbers,2,1,1,2,0,1,2,0,12,29,10,12,16,23,24,0,0,1,6,0,4,6,0,4,26,0,6,53,0,9,0,0,0,7,7,7,7,13,7,24,2,22,39,43,45,4,8,16,32,63,1,2,1,2,2,3,13,13,11,5,5,4,4,3,3
585,intent:how_does_corona_spread,2,2,1,6,4,1,6,7,1,27,24,1,47,42,22,1,1,0,7,1,0,7,14,0,14,14,26,38,24,22,0,0,0,1,5,0,2,3,4,22,15,20,29,29,42,2,2,4,7,13,0,0,0,0,0,0,0,0,0,27,16,23,13,27,29
586,intent:news_and_press,0,3,3,5,5,3,5,5,3,12,7,6,60,19,17,0,0,1,0,6,5,8,6,9,9,5,23,26,23,23,0,0,0,1,5,0,4,2,2,3,30,3,34,33,18,1,1,2,3,6,0,0,0,3,3,2,3,3,4,26,25,26,22,22,20
587,intent:latest_numbers,3,1,2,4,0,2,4,0,12,29,0,20,16,36,50,0,0,1,6,0,4,6,0,4,3,0,6,34,53,34,0,0,0,7,7,7,7,13,7,28,21,19,15,46,32,4,8,16,30,59,1,2,1,2,2,3,13,13,11,5,5,4,33,39,37
588,intent:latest_numbers,3,2,0,6,0,0,15,4,11,19,28,18,8,43,30,0,0,1,6,0,4,11,13,12,10,12,18,12,25,6,0,0,0,7,7,7,14,15,13,17,23,27,21,36,9,4,8,16,32,62,1,0,0,2,2,0,10,10,15,17,15,18,10,10,8
589,intent:can_i_get_from_feces_animal_pets,2,1,1,2,7,1,13,14,0,23,2,24,26,48,44,1,1,0,7,1,0,7,1,0,28,1,0,22,54,30,0,0,0,1,5,0,2,3,4,30,7,4,4,14,3,2,3,5,9,20,0,0,0,0,0,0,0,0,0,6,8,7,8,15,47
590,intent:share,3,0,2,4,1,2,8,1,9,20,19,15,25,30,29,0,0,1,4,2,1,4,2,1,24,6,1,6,41,1,0,0,0,5,3,6,12,9,12,16,28,7,20,38,27,4,7,14,28,56,1,1,2,4,4,3,2,2,2,0,0,0,1,2,4
591,intent:how_does_corona_spread,2,3,1,2,7,1,13,14,10,10,25,23,14,41,48,1,1,0,7,1,0,7,1,0,8,14,29,37,17,59,0,0,0,1,5,0,2,3,4,22,15,20,29,29,42,2,3,5,9,18,0,0,0,0,0,0,0,0,0,27,28,23,54,27,29
592,intent:myths,0,3,3,0,2,3,0,2,14,0,21,5,0,21,39,0,0,1,0,6,5,0,9,13,0,15,9,0,12,14,0,0,0,4,0,1,3,5,3,10,26,26,57,37,8,1,1,1,1,1,0,0,0,3,3,2,15,15,14,21,20,22,6,5,7
593,intent:what_if_i_visited_high_risk_area,1,1,2,3,0,4,11,12,12,25,5,25,50,53,62,1,3,0,5,4,2,5,4,2,18,25,17,41,14,25,0,0,0,0,6,4,11,4,9,2,31,25,44,6,23,3,4,9,20,37,0,2,1,1,1,1,12,9,12,8,6,8,2,11,5
594,intent:protect_yourself,1,1,2,3,6,7,14,12,7,30,29,11,22,34,59,1,3,0,5,4,2,5,4,10,16,28,2,17,50,2,0,0,0,1,5,0,11,4,9,0,16,10,41,26,52,3,4,8,17,30,0,2,1,1,1,1,12,9,12,12,6,15,47,33,36
595,intent:how_does_corona_spread,0,3,3,5,5,3,5,5,13,11,25,24,21,41,48,1,1,0,7,1,0,7,1,0,8,14,29,37,44,63,0,0,0,1,5,0,2,3,4,22,15,20,33,51,50,2,3,5,9,17,0,0,0,0,0,0,0,0,0,15,18,13,45,46,48
596,intent:what_are_symptoms,1,1,2,1,6,7,1,15,2,13,27,27,39,20,42,1,1,0,1,1,5,14,8,8,20,16,19,18,21,16,0,0,0,1,5,0,8,6,10,4,10,0,23,28,30,2,3,6,12,23,0,0,0,0,0,2,8,8,8,20,22,19,34,38,24
597,intent:myths,2,2,1,0,2,1,0,7,1,28,12,22,15,40,36,1,1,0,1,1,5,12,15,11,12,19,20,19,9,10,0,0,0,1,5,0,15,11,5,18,5,23,24,5,58,2,2,4,5,9,1,0,0,2,2,0,4,4,14,29,26,27,29,28,32
598,intent:myths,1,1,2,0,2,7,3,6,7,31,8,31,37,27,28,1,3,0,5,4,2,10,12,14,31,9,12,52,55,52,0,0,0,1,5,0,5,8,0,1,11,11,36,25,39,3,4,8,18,34,0,0,1,1,1,1,11,11,10,22,21,21,5,7,13
599,intent:can_i_get_from_packages_surfaces,2,1,1,2,7,1,13,14,10,10,31,9,41,29,21,1,3,0,5,4,2,10,12,14,22,23,24,20,15,12,0,0,0,1,5,0,5,8,0,29,19,21,8,0,13,3,4,8,19,36,0,0,1,1,1,1,11,11,10,16,14,17,16,17,18
600,intent:myths,2,2,0,0,2,0,0,4,11,19,28,22,51,40,36,1,1,0,1,1,5,12,15,11,12,19,20,19,9,10,0,0,0,1,5,0,15,11,5,18,5,23,24,5,58,2,2,4,5,9,1,0,0,2,2,0,4,4,14,29,26,27,29,28,32
601,intent:what_are_treatment_options,0,3,3,5,5,3,5,5,13,2,15,21,17,10,7,1,1,0,1,1,5,15,10,5,13,8,28,29,29,4,0,0,0,1,5,0,4,2,2,25,6,31,1,50,59,2,3,7,15,26,0,0,0,0,3,2,9,12,9,23,24,25,21,23,19
602,intent:latest_numbers,3,0,2,4,0,2,4,10,2,22,11,30,31,35,57,0,0,1,6,0,4,11,13,12,15,22,10,35,27,58,0,0,0,7,7,7,1,14,15,3,23,3,3,2,0,4,8,15,29,57,1,1,2,2,2,3,10,10,1,11,11,11,49,55,12
603,intent:travel,1,1,2,3,3,4,14,3,4,6,20,3,5,18,63,1,3,0,5,4,2,5,11,15,11,4,11,5,37,56,0,0,0,0,6,4,10,12,14,23,12,24,26,9,41,3,4,10,21,40,0,2,1,1,1,1,1,1,3,19,17,12,17,12,0
604,intent:donate,3,0,2,4,1,5,9,8,5,14,6,29,6,38,26,3,0,3,3,3,3,3,3,3,4,2,3,46,63,43,2,2,1,2,1,3,0,7,1,9,25,6,13,32,20,4,6,13,26,53,3,3,3,6,6,6,7,7,5,1,2,1,30,34,33
605,intent:donate,3,0,2,4,1,5,9,8,5,14,17,4,32,25,26,3,0,3,3,3,3,3,3,3,4,2,3,46,4,43,2,2,1,2,1,3,0,7,1,9,25,6,12,7,48,4,6,13,26,52,3,3,3,6,6,6,7,7,5,1,2,1,14,4,6
606,intent:latest_numbers,2,1,1,2,0,1,4,0,12,29,10,12,19,59,19,0,0,1,6,0,4,6,0,4,26,0,6,4,0,37,0,0,0,7,7,7,7,13,7,24,2,22,2,30,24,4,8,16,32,64,1,2,1,2,2,3,13,13,11,5,5,4,4,3,3
607,intent:protect_yourself,1,1,2,3,6,7,3,6,7,15,8,9,48,47,21,1,3,0,5,4,2,10,12,14,31,9,24,33,45,52,0,0,0,1,5,0,5,8,0,1,11,11,9,41,19,3,4,8,19,35,0,0,1,1,1,1,11,11,10,16,14,17,43,56,41
608,intent:can_i_get_from_packages_surfaces,2,1,1,2,7,1,13,14,10,10,2,7,59,27,18,1,1,0,1,1,2,13,10,10,27,18,21,44,28,53,0,0,0,1,5,0,2,3,4,31,6,13,36,25,39,3,4,8,18,34,0,0,0,0,0,0,14,14,13,14,12,16,5,7,59
609,intent:myths,0,3,3,0,2,3,0,2,14,0,21,5,0,21,5,0,0,1,0,6,5,0,9,13,0,15,9,0,12,14,0,0,0,4,0,1,3,5,3,10,26,26,57,37,8,1,1,1,1,2,0,0,0,3,3,2,15,15,14,21,20,22,6,5,7
610,intent:what_if_i_visited_high_risk_area,1,1,1,2,7,4,11,12,10,30,5,25,53,53,53,1,3,0,5,4,2,5,4,2,18,25,17,41,14,25,0,0,0,0,6,4,11,4,9,2,31,25,43,52,23,3,4,9,20,37,0,2,1,1,1,1,12,9,12,8,6,8,2,11,5
611,intent:protect_yourself,1,1,1,3,6,7,3,6,7,15,31,9,18,47,21,1,3,0,5,4,2,10,12,14,22,23,24,20,15,12,0,0,0,1,5,0,5,8,0,29,19,21,8,0,13,3,4,8,19,36,0,0,1,1,1,1,11,11,10,16,14,17,16,17,18
612,intent:what_if_i_visited_high_risk_area,1,1,2,3,3,4,11,12,4,30,5,25,53,53,53,1,3,0,5,4,2,5,4,2,18,25,17,41,14,25,0,0,0,0,6,4,11,4,9,2,31,25,43,52,23,3,4,9,20,38,0,2,1,1,1,1,12,9,12,8,6,8,2,11,5
613,intent:what_are_symptoms,2,2,1,6,4,1,6,7,1,4,24,1,38,45,1,1,1,0,1,1,5,1,8,8,1,11,13,39,33,42,0,0,0,1,5,0,2,3,4,19,0,13,47,55,37,2,2,4,7,11,0,0,0,0,0,0,8,8,8,7,7,6,31,25,30
614,intent:what_are_symptoms,1,1,2,1,6,7,1,15,7,13,30,27,42,60,45,1,1,0,1,1,5,14,8,8,20,16,19,63,49,45,0,0,0,1,5,0,2,3,4,31,16,13,45,35,44,2,3,6,12,23,0,0,0,0,0,2,8,8,8,20,22,19,38,42,24
615,intent:share,3,0,2,4,1,2,8,1,9,9,4,2,35,28,2,0,0,1,4,2,1,4,2,1,6,6,22,51,6,33,0,0,0,5,3,6,12,9,12,14,3,9,49,3,4,4,7,14,27,54,1,1,2,4,4,3,2,2,2,0,0,0,12,31,34
616,intent:travel,1,1,2,3,3,4,10,3,4,6,20,3,5,18,63,1,3,0,5,4,2,5,11,15,11,4,11,5,37,56,0,0,0,0,6,4,10,12,14,23,12,24,26,9,41,3,4,10,21,40,0,2,1,1,1,1,1,1,3,19,17,12,17,12,0
617,intent:share,3,0,2,4,1,2,8,1,9,20,19,15,20,30,16,0,0,1,4,2,1,4,2,1,24,6,22,6,41,33,0,0,0,5,3,6,12,9,12,14,3,9,11,3,4,4,7,14,28,55,1,1,2,4,4,3,2,2,2,0,0,0,12,6,11
618,intent:what_if_i_visited_high_risk_area,2,2,1,6,4,1,6,7,1,4,24,1,47,42,60,1,3,0,5,4,2,5,4,2,18,25,17,58,14,61,0,0,0,1,5,0,11,4,9,2,31,25,51,62,47,2,2,4,7,13,0,2,1,1,1,1,12,9,12,8,6,8,51,57,52
619,intent:what_are_treatment_options,0,3,3,5,5,3,5,5,13,12,16,21,23,19,31,1,1,0,1,6,5,15,10,5,25,26,8,14,19,24,0,0,0,1,5,0,4,2,2,5,9,5,30,4,49,2,3,7,14,25,0,0,0,0,3,2,9,12,9,13,13,14,3,1,2
620,intent:travel,1,1,2,3,3,4,10,3,4,6,26,17,24,15,38,1,3,0,5,4,2,5,11,15,11,20,11,24,35,27,0,0,0,0,6,4,10,12,14,7,17,8,35,44,55,3,4,10,22,44,0,2,1,1,1,1,1,1,3,3,4,5,11,13,10
621,intent:can_i_get_from_packages_surfaces,0,3,3,5,5,3,5,5,3,8,25,28,62,56,34,0,1,1,0,6,5,8,6,9,29,5,15,47,38,29,0,0,0,1,5,0,4,2,2,12,18,29,17,16,6,1,1,2,2,4,0,0,0,3,3,2,3,3,4,25,23,24,41,16,39
622,intent:how_does_corona_spread,2,1,1,2,7,1,2,9,10,10,2,23,14,11,18,1,1,0,1,1,0,7,14,0,23,21,16,21,60,15,0,0,0,1,5,0,2,3,4,22,15,20,54,54,29,2,3,5,9,18,0,0,0,0,0,0,0,0,0,28,28,28,24,32,38
623,intent:how_does_corona_spread,2,1,1,2,7,1,13,14,10,10,2,23,40,11,18,1,1,0,7,1,0,7,14,0,14,31,16,21,39,47,0,0,0,1,5,0,2,3,4,22,15,20,54,54,29,2,3,5,9,20,0,0,0,0,0,0,0,0,0,28,28,28,24,32,38
624,intent:can_i_get_from_feces_animal_pets,3,1,2,4,0,2,4,10,0,3,27,24,26,31,44,1,1,0,7,1,0,7,1,0,28,1,29,22,34,30,0,0,0,1,5,0,2,3,4,30,7,4,63,58,14,2,3,5,8,14,0,0,0,0,0,0,0,0,0,15,18,13,20,20,45
625,intent:protect_yourself,0,3,3,5,5,3,5,12,13,30,29,11,28,52,59,1,3,0,5,4,2,5,4,10,16,28,2,17,50,2,0,0,0,1,5,0,11,4,9,0,16,10,41,26,52,3,4,8,17,30,0,0,1,1,1,0,12,9,12,12,29,15,47,53,53
626,intent:myths,2,2,1,6,4,1,6,7,1,4,24,1,36,33,1,1,1,0,1,1,5,12,15,11,19,10,14,11,62,28,0,0,0,1,5,0,2,3,4,19,0,13,40,10,10,2,2,4,7,12,1,0,0,0,0,0,4,4,1,9,10,10,28,30,28
627,intent:news_and_press,0,3,3,5,5,3,5,10,3,22,11,6,60,22,57,0,0,1,0,6,5,8,6,9,9,5,23,26,23,23,0,0,0,1,5,0,4,2,2,3,30,3,34,33,18,1,1,2,3,5,0,0,0,3,3,2,3,3,4,26,25,26,22,22,20
628,intent:can_i_get_from_packages_surfaces,0,3,3,5,5,3,5,5,13,11,25,24,26,31,23,1,1,0,7,1,0,7,1,0,8,14,29,37,17,26,0,0,0,1,5,0,2,3,4,30,7,4,10,57,57,1,1,2,2,3,0,0,0,0,0,0,0,0,0,15,18,13,26,52,26
629,intent:what_if_i_visited_high_risk_area,0,3,3,5,5,3,5,5,13,11,25,21,21,52,48,1,3,0,5,4,2,5,4,2,18,25,17,41,14,25,0,0,0,1,5,0,2,3,4,25,6,31,1,50,59,3,4,9,20,39,0,0,0,0,3,2,9,12,9,23,24,25,21,23,19
630,intent:myths,0,3,3,0,2,3,0,2,14,0,21,5,0,21,39,0,0,1,0,6,5,0,9,13,0,15,9,0,12,14,0,0,0,4,0,1,3,5,3,10,26,26,57,37,8,1,1,1,1,1,0,0,0,3,3,2,15,15,14,21,20,22,6,5,7
631,intent:what_is_corona,2,2,1,6,4,1,15,7,1,28,12,8,36,42,1,1,1,0,1,1,5,12,15,11,19,10,14,11,18,28,0,0,0,1,5,0,1,14,15,19,0,28,40,10,10,2,2,4,7,12,1,0,0,2,2,0,4,4,1,9,10,10,28,30,28
632,intent:share,3,0,2,4,1,2,8,1,9,20,19,15,25,30,61,0,0,1,4,2,1,4,2,1,24,6,1,6,41,1,0,0,0,5,3,6,12,9,12,16,28,7,20,38,27,4,7,14,28,56,1,1,2,4,4,3,2,2,2,0,0,0,1,2,4
633,intent:donate,3,0,2,4,1,5,9,8,5,14,17,29,6,58,26,3,0,3,3,3,3,3,3,3,4,2,3,3,36,3,2,2,1,2,1,3,0,7,1,20,13,18,13,32,20,4,6,13,26,53,3,3,3,6,6,6,7,7,5,1,2,1,30,34,33
634,intent:what_are_symptoms,2,2,1,6,4,1,6,7,1,27,24,1,7,33,22,1,1,0,1,1,5,1,8,8,1,11,13,1,8,54,0,0,0,1,5,0,2,3,4,22,15,20,29,29,42,2,2,4,7,13,0,0,0,0,0,0,8,8,8,7,7,6,23,27,23
635,intent:what_is_corona,0,3,3,5,5,3,5,5,3,12,7,28,2,13,17,0,1,1,0,6,5,8,6,9,9,5,15,49,40,8,0,0,0,1,5,0,4,2,2,21,22,1,5,59,61,1,1,2,3,6,0,0,0,3,3,2,3,3,4,10,9,9,44,47,46
636,intent:can_i_get_from_packages_surfaces,2,1,1,2,7,1,13,14,10,10,2,7,56,2,33,1,1,0,7,1,0,7,1,0,8,14,29,7,42,49,0,0,0,1,5,0,2,3,4,30,7,4,10,57,57,2,3,5,9,16,0,0,0,0,0,0,0,0,0,28,27,28,54,32,25
637,intent:latest_numbers,3,1,2,4,0,2,4,0,12,3,0,20,43,0,24,0,0,1,6,0,4,6,0,4,26,0,6,4,48,37,0,0,0,7,7,7,7,13,7,24,2,22,46,12,12,4,8,16,32,63,1,2,1,2,2,3,13,13,11,5,5,4,53,54,51
638,intent:myths,2,2,0,0,2,0,0,4,11,4,24,22,51,40,36,1,1,0,1,1,5,12,15,11,12,19,20,19,9,10,0,0,0,1,5,0,15,11,5,18,5,23,24,5,58,2,2,4,5,9,1,0,0,2,2,0,4,4,14,29,26,27,29,28,32
639,intent:share,3,0,2,4,1,2,8,1,9,20,19,15,20,30,61,0,0,1,4,2,1,4,2,1,6,6,22,51,6,33,0,0,0,5,3,6,12,9,12,16,28,7,37,23,38,4,7,14,27,54,1,1,2,4,4,3,2,2,2,0,0,0,1,2,4
640,intent:how_does_corona_spread,0,3,3,5,5,3,13,14,13,11,25,24,26,41,23,1,1,0,7,1,0,7,1,0,8,14,29,37,17,26,0,0,0,1,5,0,2,3,4,22,15,4,10,57,57,2,3,5,9,16,0,0,0,0,0,0,0,0,0,24,27,29,54,52,25
641,intent:protect_yourself,1,1,2,3,6,4,14,12,4,30,29,11,53,34,59,1,3,0,5,4,2,5,4,10,16,28,2,55,50,2,0,0,0,0,6,4,11,4,9,0,16,10,43,52,52,3,4,9,20,38,0,2,1,1,1,1,12,9,12,12,6,15,47,33,36
642,intent:can_i_get_from_packages_surfaces,1,1,2,3,6,7,11,12,7,25,5,25,50,57,52,1,3,0,5,4,2,5,4,10,5,13,12,28,2,41,0,0,0,1,5,0,11,4,9,23,15,24,50,61,56,3,4,8,17,33,0,2,1,1,1,1,12,9,12,8,6,8,43,49,41
643,intent:can_i_get_from_packages_surfaces,2,1,1,2,7,1,13,9,10,10,2,23,14,11,18,1,1,0,7,1,0,7,14,0,14,31,16,21,39,47,0,0,0,1,5,0,2,3,4,22,15,20,54,54,29,2,3,5,9,18,0,0,0,0,0,0,0,0,0,28,28,28,24,32,38
644,intent:donate,3,0,2,4,1,5,9,8,5,14,17,29,6,58,26,3,0,3,3,3,3,3,3,3,4,2,3,3,36,3,2,2,1,2,1,3,0,7,1,20,13,18,13,32,20,4,6,13,26,53,3,3,3,6,6,6,7,7,5,1,2,1,30,34,33
645,intent:can_i_get_from_packages_surfaces,2,1,1,2,7,1,13,14,10,10,2,23,14,11,18,1,1,0,7,1,0,7,14,0,14,31,16,21,39,47,0,0,0,1,5,0,2,3,4,22,15,20,54,54,29,2,3,5,9,18,0,0,0,0,0,0,0,0,0,28,28,28,24,32,38
646,intent:how_does_corona_spread,0,3,3,5,5,3,5,5,13,11,25,23,21,41,48,1,1,0,7,1,0,7,1,0,8,14,29,37,44,63,0,0,0,1,5,0,2,3,4,22,15,20,33,51,50,2,3,5,9,17,0,0,0,0,0,0,0,0,0,15,18,13,45,46,48
647,intent:donate,3,0,2,4,1,5,9,8,5,14,17,29,6,58,26,3,0,3,3,3,3,3,3,3,4,2,3,3,36,3,2,2,1,2,1,3,0,7,1,20,13,18,13,32,20,4,6,13,26,53,3,3,3,6,6,6,7,7,5,1,2,1,30,34,33
648,intent:what_is_corona,2,2,1,6,4,1,15,7,1,28,12,8,29,42,25,1,1,0,1,1,5,12,15,11,19,10,14,11,18,28,0,0,0,1,5,0,1,14,15,19,0,28,40,10,10,2,2,4,7,12,1,0,0,2,2,0,4,4,1,9,10,10,28,30,28
649,intent:news_and_press,3,0,2,4,0,2,4,10,2,22,11,30,31,22,57,0,0,1,6,0,4,11,13,12,15,22,10,50,27,35,0,0,0,7,7,7,1,14,15,3,23,3,60,2,0,4,8,15,29,58,1,1,2,2,2,3,10,10,1,11,11,11,18,14,12
650,intent:travel,1,1,2,3,3,4,10,3,4,6,26,17,24,15,38,1,3,0,5,4,2,5,11,15,11,20,11,24,35,27,0,0,0,0,6,4,10,12,14,7,17,8,35,44,55,3,4,10,22,43,0,2,1,1,1,1,1,1,3,3,4,5,11,13,10
651,intent:hi,3,0,2,7,1,2,7,11,8,16,1,19,12,51,49,0,0,1,4,7,7,9,7,7,7,27,7,27,52,51,1,1,2,6,4,5,6,1,6,8,1,16,55,45,21,4,5,12,25,50,1,1,2,7,7,5,6,6,7,2,3,2,32,8,16
652,intent:what_are_treatment_options,2,2,1,6,4,1,6,7,1,4,24,1,54,45,1,1,1,0,1,1,5,13,10,5,27,18,31,44,28,46,0,0,0,1,5,0,2,3,4,31,6,13,53,8,34,2,3,7,15,27,0,0,0,0,0,0,14,14,13,14,12,16,7,37,14
653,intent:can_i_get_from_feces_animal_pets,2,1,1,2,7,1,13,14,10,23,2,7,41,48,18,1,1,0,7,1,0,7,1,0,14,14,0,61,61,62,0,0,0,1,5,0,2,3,4,22,15,20,4,14,3,2,3,5,9,20,0,0,0,0,0,0,0,0,0,6,8,7,8,51,47
654,intent:donate,3,0,2,4,1,5,9,8,5,14,17,29,6,3,26,3,0,3,3,3,3,3,3,3,4,2,3,46,4,43,2,2,1,2,1,3,0,7,1,9,25,6,12,7,53,4,6,13,26,52,3,3,3,6,6,6,7,7,5,1,2,1,37,36,43
655,intent:okay_thanks,3,0,3,4,1,6,8,13,6,12,14,26,57,63,12,2,2,2,2,5,6,2,5,6,30,30,30,25,43,32,3,3,3,3,2,2,9,0,11,13,20,17,28,22,7,4,5,11,23,45,2,1,2,5,5,4,5,5,6,30,1,30,36,41,44
656,intent:donate,3,0,2,4,1,5,9,8,5,14,17,29,6,38,26,3,0,3,3,3,3,3,3,3,4,2,3,46,63,43,2,2,1,2,1,3,0,7,1,9,25,6,22,39,53,4,6,13,26,52,3,3,3,6,6,6,7,7,5,1,2,1,37,36,43
657,intent:what_are_symptoms,0,3,3,5,5,3,5,5,13,11,25,21,30,4,48,1,1,0,1,1,5,1,8,8,1,11,13,1,8,54,0,0,0,1,5,0,4,2,2,15,4,14,32,1,26,2,3,6,13,24,0,0,0,0,3,2,9,12,9,13,13,14,58,9,54
658,intent:can_i_get_from_feces_animal_pets,1,1,2,3,6,7,3,6,7,15,31,9,18,47,46,1,3,0,5,4,2,10,12,14,22,23,24,20,15,12,0,0,0,1,5,0,5,8,0,29,19,21,8,0,13,3,4,8,19,36,0,0,1,1,1,1,11,11,10,16,14,17,16,17,18
659,intent:how_does_corona_spread,2,1,1,2,7,1,2,9,10,24,13,23,40,8,15,1,1,0,1,1,0,7,14,0,23,21,16,21,60,15,0,0,0,1,5,0,1,14,15,27,29,2,54,54,29,2,3,5,11,22,0,0,0,0,0,0,0,0,1,18,19,20,24,26,15
660,intent:what_are_treatment_options,0,3,3,5,5,3,5,5,13,11,15,21,17,10,7,1,1,0,1,1,5,15,10,5,13,8,28,29,29,4,0,0,0,1,5,0,2,3,4,25,6,31,1,50,59,2,3,7,15,26,0,0,0,0,3,2,9,12,9,23,24,25,21,23,19
661,intent:share,3,0,2,4,1,2,8,1,9,20,19,15,25,30,29,0,0,1,4,2,1,4,2,1,24,6,1,6,41,1,0,0,0,5,3,6,12,9,12,16,28,7,20,38,27,4,7,14,27,54,1,1,2,4,4,3,2,2,2,0,0,0,1,2,4
662,intent:okay_thanks,3,0,2,4,1,6,8,13,6,7,14,16,57,63,8,2,2,2,2,5,6,2,5,6,30,30,30,25,43,32,3,3,3,3,2,2,9,0,11,13,20,17,28,22,7,4,5,11,23,45,2,1,2,5,5,4,5,5,6,30,1,30,36,41,44
663,intent:hi,0,3,3,5,5,3,5,5,3,12,7,28,2,24,9,0,0,1,4,7,7,9,7,7,21,7,7,8,7,31,1,1,2,6,4,5,6,1,6,8,24,30,31,19,16,4,5,12,25,49,1,1,2,7,7,5,6,6,7,2,3,2,9,29,9
664,intent:what_if_i_visited_high_risk_area,1,1,2,3,3,4,14,12,4,30,29,3,53,14,51,1,3,0,5,4,2,5,4,10,16,28,2,55,50,2,0,0,0,0,6,4,11,4,9,0,16,10,43,52,52,3,4,8,16,28,0,2,1,1,1,1,12,9,12,12,6,8,47,33,36
665,intent:myths,3,0,2,4,1,2,4,1,2,18,27,10,9,5,16,0,0,1,4,2,1,4,2,1,6,6,22,51,6,55,0,0,0,5,3,6,12,9,12,14,3,9,49,3,4,3,4,8,17,31,1,1,2,4,4,3,2,2,2,31,30,0,35,31,50
666,intent:what_is_corona,2,1,1,2,7,1,2,9,10,24,13,23,1,8,15,1,1,0,1,1,5,12,15,11,23,24,27,31,32,36,0,0,0,1,5,0,1,14,15,27,29,2,52,21,36,2,3,5,11,22,0,0,0,2,2,0,4,4,1,18,19,20,46,26,15
667,intent:donate,3,0,2,4,1,5,9,8,5,14,6,29,6,58,26,3,0,3,3,3,3,3,3,3,4,2,3,3,36,3,2,2,1,2,1,3,0,7,1,20,13,18,13,32,20,4,6,13,26,53,3,3,3,6,6,6,7,7,5,1,2,1,30,34,33
668,intent:what_is_corona,0,3,3,5,5,3,5,5,3,8,7,28,33,13,17,0,1,1,0,6,5,8,6,9,9,5,15,10,5,44,0,0,0,1,5,0,4,2,2,21,22,1,7,24,11,1,1,2,3,6,0,0,0,3,3,2,3,3,4,10,9,9,19,18,21
669,intent:donate,3,0,2,4,1,5,9,8,5,14,6,29,6,25,13,3,0,3,3,3,3,3,3,3,4,2,3,46,4,43,2,2,1,2,1,3,0,7,1,9,25,6,12,7,48,4,6,13,26,52,3,3,3,6,6,6,7,7,5,1,2,1,14,4,6
670,intent:protect_yourself,2,1,1,2,7,7,13,9,10,21,29,11,11,50,43,1,3,0,5,4,2,5,4,10,16,28,2,62,22,39,0,0,0,1,5,0,11,4,9,0,16,10,58,21,33,2,3,5,10,21,0,0,1,1,0,0,14,9,13,12,29,15,27,45,31
671,intent:travel,1,1,2,3,3,4,10,3,4,6,26,17,27,49,58,1,3,0,5,4,2,5,11,15,11,20,11,24,35,27,0,0,0,0,6,4,10,12,14,7,17,8,6,27,5,3,4,10,22,44,0,2,1,1,1,1,1,1,3,3,4,5,15,21,22
672,intent:can_i_get_from_feces_animal_pets,2,2,1,6,4,1,6,7,1,27,24,1,47,2,22,1,1,0,7,1,0,7,1,0,8,14,29,7,42,49,0,0,0,1,5,0,2,3,4,22,15,4,10,57,57,2,3,5,9,16,0,0,0,0,0,0,0,0,0,24,27,29,39,40,25
673,intent:what_is_corona,2,1,1,2,7,1,2,9,10,24,13,23,1,8,15,1,1,0,1,1,5,12,15,11,23,24,27,31,32,36,0,0,0,1,5,0,1,14,15,27,29,2,52,21,36,2,3,5,11,22,0,0,0,2,0,0,4,4,1,18,19,20,46,26,15
674,intent:myths,3,0,2,4,1,2,4,10,2,3,27,10,9,5,20,0,0,1,6,0,4,11,13,12,15,22,10,23,27,18,0,0,0,1,5,0,12,9,12,14,3,9,11,3,4,1,1,1,1,2,1,1,2,4,4,3,2,2,2,31,30,0,50,6,50
675,intent:myths,2,1,1,2,7,1,2,9,10,2,15,7,17,10,7,1,1,0,1,1,5,15,10,5,13,8,28,29,29,4,0,0,0,1,5,0,2,3,4,25,6,31,1,50,59,2,3,7,15,26,0,0,0,0,3,2,9,12,9,23,24,25,21,23,19
676,intent:myths,0,3,3,0,2,3,0,2,14,0,21,5,0,21,20,0,0,1,0,6,5,0,9,13,0,15,9,0,12,14,0,0,0,4,0,1,3,5,3,10,26,26,57,37,8,1,1,1,1,2,0,0,0,3,3,2,15,15,14,21,20,22,6,5,7
677,intent:donate,3,0,2,4,1,5,9,8,5,14,6,29,6,38,26,3,0,3,3,3,3,3,3,3,4,2,3,3,36,3,2,2,1,2,1,3,0,7,1,20,13,18,13,32,20,4,6,13,26,53,3,3,3,6,6,6,7,7,5,1,2,1,30,34,33
678,intent:travel,1,1,1,2,3,4,10,3,4,2,26,17,13,39,40,1,3,0,5,4,2,5,11,15,11,20,11,54,47,13,0,0,0,0,6,4,10,12,14,23,12,24,42,49,2,3,4,9,20,39,0,2,1,1,1,1,1,1,3,3,4,5,15,21,22
679,intent:okay_thanks,3,0,2,4,1,6,8,13,6,5,22,14,58,12,12,2,2,2,2,5,6,2,5,6,2,3,5,56,51,5,3,3,3,3,2,2,9,0,11,6,8,12,16,11,17,4,5,11,23,47,2,1,2,5,5,4,5,5,6,4,1,3,60,20,1
680,intent:what_if_i_visited_high_risk_area,1,1,1,3,3,4,10,3,4,6,26,17,13,39,3,1,3,0,5,4,2,5,11,15,11,20,11,54,47,13,0,0,0,0,6,4,10,12,14,7,17,8,6,27,5,3,4,9,20,39,0,2,1,1,1,1,1,1,3,3,4,5,11,62,10
681,intent:myths,2,2,1,0,2,1,0,7,1,4,24,22,51,40,36,1,1,0,1,1,5,12,15,11,12,19,20,19,9,10,0,0,0,1,5,0,15,11,5,18,5,23,24,5,58,1,1,1,1,2,1,0,0,2,2,0,4,4,14,29,26,27,29,28,32
682,intent:what_if_i_visited_high_risk_area,1,1,2,3,3,4,10,3,4,6,26,17,24,15,38,1,3,0,5,4,2,5,11,15,11,20,11,24,35,27,0,0,0,0,6,4,10,12,14,7,17,8,35,44,55,3,4,10,22,42,0,2,1,1,1,1,1,1,3,3,4,5,11,13,10
683,intent:travel,1,1,2,3,3,4,14,3,4,26,20,17,63,49,40,1,3,0,5,4,2,5,11,15,11,20,11,54,47,13,0,0,0,0,6,4,10,12,14,23,12,24,62,60,40,3,4,10,21,40,0,2,1,1,1,1,1,1,3,3,4,12,15,21,0
684,intent:what_are_symptoms,1,1,2,1,6,7,1,15,2,13,30,27,42,20,42,1,1,0,1,1,5,14,8,8,20,16,19,18,21,16,0,0,0,1,5,0,8,6,10,4,10,0,23,28,30,2,3,6,12,23,0,0,0,0,0,2,8,8,8,20,22,19,34,38,24
685,intent:myths,2,3,1,2,5,3,13,14,13,11,15,21,17,10,7,1,1,0,1,1,5,15,10,5,13,8,28,29,29,4,0,0,0,1,5,0,2,3,4,25,6,31,1,50,59,2,3,7,15,26,0,0,0,0,3,2,9,12,9,23,24,25,21,23,19
686,intent:how_does_corona_spread,0,3,3,5,5,3,5,5,3,8,7,28,33,13,17,0,1,1,0,6,5,8,6,9,9,5,15,10,5,44,0,0,0,1,5,0,4,2,2,21,22,1,7,24,11,1,1,2,3,6,0,0,0,3,3,2,3,3,4,10,9,9,19,18,21
687,intent:hi,3,0,2,7,1,2,12,11,8,16,1,19,12,51,49,0,0,1,4,7,7,9,7,7,7,27,7,27,52,51,1,1,2,6,4,5,6,1,6,8,1,16,55,45,21,4,5,12,24,48,1,1,2,7,7,5,6,6,7,2,3,2,32,8,16
688,intent:news_and_press,3,0,2,4,0,2,4,10,2,22,11,30,31,22,47,0,0,1,6,0,4,11,13,12,15,22,10,43,11,18,0,0,0,1,5,0,1,14,15,3,23,3,60,2,0,4,8,15,29,58,1,1,2,2,2,3,10,10,1,11,11,11,18,14,12
689,intent:travel,1,1,2,3,3,4,10,3,4,26,26,17,24,44,37,1,3,0,5,4,2,5,11,15,11,20,11,54,47,13,0,0,0,0,6,4,10,12,14,23,12,24,42,49,2,3,4,10,22,41,0,2,1,1,1,1,1,1,3,3,4,5,15,21,22
690,intent:share,3,0,2,4,1,2,8,1,9,9,14,2,57,63,16,0,0,1,4,2,1,4,2,1,6,6,22,51,6,55,3,3,3,5,3,6,12,9,12,13,20,17,28,22,7,4,7,14,27,54,1,1,2,4,4,3,2,2,2,30,0,30,36,41,44
691,intent:travel,1,1,2,3,6,7,14,6,7,31,18,10,61,26,54,1,3,0,5,4,2,10,12,14,31,9,12,52,55,19,0,0,0,1,5,0,5,8,0,1,11,11,61,34,62,3,4,8,16,28,0,0,1,1,1,1,11,11,10,22,21,21,5,7,13
692,intent:latest_numbers,1,1,2,3,0,7,3,6,7,15,31,9,18,29,21,1,3,0,5,4,2,10,12,14,22,23,24,20,15,12,0,0,0,1,5,0,5,8,0,29,19,21,8,0,13,3,4,8,19,36,0,0,1,1,1,1,11,11,10,16,14,17,16,17,18
693,intent:travel,1,1,2,3,3,4,11,3,4,6,20,3,5,18,3,1,3,0,5,4,2,5,11,15,11,4,11,5,37,56,0,0,0,0,6,4,10,12,14,23,12,24,26,9,41,3,4,10,21,40,0,2,1,1,1,1,1,1,3,19,17,12,17,12,0
694,intent:donate,3,0,2,4,1,5,9,8,5,14,17,29,6,58,26,3,0,3,3,3,3,3,3,3,4,2,3,3,36,3,2,2,1,2,1,3,0,7,1,20,13,18,13,32,20,4,6,13,26,53,3,3,3,6,6,6,7,7,5,1,2,1,30,34,33
695,intent:what_if_i_visited_high_risk_area,1,1,2,3,3,4,3,6,7,31,26,17,48,14,51,1,3,0,5,4,2,10,12,14,31,9,12,33,45,19,0,0,0,0,6,4,5,8,0,30,7,4,43,52,4,3,4,8,16,28,0,0,1,1,1,1,11,11,10,16,14,17,16,17,18
696,intent:protect_yourself,1,1,2,3,6,4,14,12,4,30,29,11,53,34,59,1,3,0,5,4,2,5,4,10,16,28,2,55,50,2,0,0,0,0,6,4,11,4,9,0,16,10,41,52,52,3,4,9,20,38,0,2,1,1,1,1,12,9,12,12,6,15,47,33,36
697,intent:can_i_get_from_feces_animal_pets,2,1,1,2,7,1,13,14,0,23,2,7,56,48,33,1,1,0,7,1,0,7,1,0,28,1,0,22,54,30,0,0,0,1,5,0,2,3,4,30,7,4,47,14,15,2,3,5,8,15,0,0,0,0,0,0,0,0,0,6,8,7,8,15,17
698,intent:share,3,0,2,4,1,2,8,1,9,9,4,15,55,28,16,0,0,1,4,2,1,4,2,1,24,6,22,30,26,33,0,0,0,5,3,6,12,9,12,14,3,9,49,48,1,4,7,14,27,54,1,1,2,4,4,3,2,2,2,0,0,0,35,31,34
699,intent:hi,3,0,2,7,1,2,7,11,8,17,1,19,12,1,14,0,0,1,4,7,7,9,7,7,21,7,7,42,46,7,1,1,2,6,4,5,6,1,6,8,24,30,31,63,54,4,5,12,25,50,1,1,2,7,7,5,6,6,7,2,3,2,9,8,9
700,intent:donate,3,0,2,4,1,5,9,8,5,14,17,29,6,54,26,3,0,3,3,3,3,3,3,3,4,2,3,46,63,43,2,2,1,2,1,3,0,7,1,9,25,6,22,39,53,4,6,13,26,52,3,3,3,6,6,6,7,7,5,1,2,1,37,36,43
701,intent:what_are_symptoms,0,3,3,5,5,3,5,5,3,8,16,28,46,4,10,0,1,1,1,6,5,8,10,5,25,26,8,14,19,24,0,0,0,1,5,0,4,2,2,21,22,1,7,24,11,1,1,2,3,6,0,0,0,0,3,2,9,8,9,20,22,19,58,38,54
702,intent:share,3,0,2,4,1,2,8,1,9,9,4,15,55,28,16,0,0,1,4,2,1,4,2,1,24,6,22,30,26,33,0,0,0,5,3,6,12,9,12,14,3,9,49,48,1,4,7,14,27,54,1,1,2,4,4,3,2,2,2,0,0,0,35,31,34
703,intent:how_does_corona_spread,2,3,1,2,7,1,13,14,13,11,25,24,30,61,23,1,1,0,7,1,0,7,1,0,8,14,29,37,44,63,0,0,0,1,5,0,2,3,4,22,15,20,33,51,50,2,3,5,9,20,0,0,0,0,0,0,0,0,0,15,16,13,45,51,48
704,intent:what_are_symptoms,0,3,3,5,5,3,5,5,13,1,15,21,30,4,41,1,1,0,1,1,5,1,8,8,1,11,13,1,8,54,0,0,0,1,5,0,13,10,8,15,4,14,32,1,26,2,3,6,13,24,0,0,0,0,0,0,8,8,8,7,7,6,58,9,54
705,intent:okay_thanks,3,0,2,4,1,6,8,13,6,7,14,16,57,63,8,2,2,2,2,5,6,2,5,6,30,30,30,25,43,32,3,3,3,3,2,2,9,0,11,13,20,17,14,31,60,4,5,11,23,45,2,1,2,5,5,4,5,5,6,30,1,30,36,41,44
706,intent:okay_thanks,3,0,2,4,1,6,8,13,6,7,9,13,44,7,8,2,2,2,2,5,6,2,5,6,2,3,5,2,51,5,3,3,3,3,2,2,9,0,11,6,8,12,48,13,25,4,5,11,23,46,2,1,2,5,5,4,5,5,6,4,1,3,0,0,1
707,intent:what_are_symptoms,2,1,1,1,6,7,1,15,2,1,30,27,49,62,41,1,1,0,1,1,5,1,8,8,1,11,13,1,8,54,0,0,0,1,5,0,13,10,8,15,4,14,32,1,26,2,3,6,13,24,0,0,0,0,0,0,8,8,8,7,7,6,23,9,23
708,intent:what_if_i_visited_high_risk_area,1,1,2,3,6,4,11,12,4,30,29,11,53,34,53,1,3,0,5,4,2,5,4,10,16,28,2,55,50,2,0,0,0,0,6,4,11,4,9,0,16,10,43,52,52,3,4,9,20,38,0,2,1,1,1,1,12,9,12,12,6,8,2,33,36
709,intent:what_are_symptoms,2,2,0,6,4,0,15,4,11,19,28,0,8,17,0,1,1,0,1,1,5,1,8,8,1,11,13,57,8,11,0,0,0,1,5,0,13,10,8,15,4,14,0,55,37,2,3,6,13,24,1,0,0,2,2,0,8,8,8,7,7,6,31,25,30
710,intent:news_and_press,3,0,2,4,0,2,4,10,2,22,11,30,31,22,57,0,0,1,6,0,4,11,13,12,15,22,10,43,27,18,0,0,0,7,7,7,1,14,15,3,23,3,60,2,0,4,8,15,29,58,1,1,2,2,2,3,10,10,1,11,11,11,18,14,12
711,intent:how_does_corona_spread,2,3,1,2,7,1,13,14,13,11,25,24,21,41,48,1,1,0,7,1,0,7,1,0,8,14,29,37,44,63,0,0,0,1,5,0,2,3,4,22,15,20,33,51,50,2,3,5,9,17,0,0,0,0,0,0,0,0,0,15,18,13,45,46,48
712,intent:latest_numbers,2,1,1,2,0,2,4,0,12,29,10,12,19,23,19,0,0,1,6,0,4,6,0,4,26,0,6,4,0,37,0,0,0,7,7,7,7,13,7,24,2,22,2,30,24,4,8,16,32,64,1,2,1,2,2,3,13,13,11,5,5,4,4,3,3
713,intent:what_are_treatment_options,2,2,1,6,4,1,6,7,1,4,24,1,54,45,1,1,1,0,1,1,5,13,10,5,27,18,31,44,28,46,0,0,0,1,5,0,2,3,4,31,6,13,53,8,63,2,3,7,15,27,0,0,0,0,0,0,14,14,13,14,12,16,27,37,31
714,intent:travel,1,1,2,3,3,4,14,3,4,6,20,3,63,18,63,1,3,0,5,4,2,5,11,15,11,4,11,5,37,56,0,0,0,0,6,4,10,12,14,23,12,24,26,9,41,3,4,10,21,40,0,2,1,1,1,1,1,1,3,19,17,12,17,12,0
715,intent:share,3,0,2,4,1,2,8,1,9,9,4,15,35,28,16,0,0,1,4,2,1,4,2,1,24,6,22,30,26,33,0,0,0,5,3,6,12,9,12,14,3,9,49,48,1,4,7,14,27,54,1,1,2,4,4,3,2,2,2,0,0,0,35,31,34
716,intent:what_if_i_visited_high_risk_area,1,1,2,3,3,4,11,12,4,30,5,25,53,53,53,1,3,0,5,4,2,5,4,2,18,25,17,41,14,25,0,0,0,0,6,4,11,4,9,2,31,25,43,52,23,3,4,9,20,38,0,2,1,1,1,1,12,9,12,8,6,8,2,11,5
717,intent:news_and_press,3,0,2,4,0,2,4,10,2,22,11,30,31,22,57,0,0,1,6,0,4,11,13,12,15,22,10,35,27,18,0,0,0,7,7,7,1,14,15,3,23,3,60,2,0,4,8,15,29,58,1,1,2,2,2,3,10,10,1,11,11,11,18,14,12
718,intent:can_i_get_from_feces_animal_pets,2,2,1,6,7,1,6,14,1,27,24,1,41,61,22,1,1,0,7,1,0,7,1,0,14,14,29,61,61,62,0,0,0,1,5,0,2,3,4,22,15,20,4,14,3,2,3,5,9,20,0,0,0,0,0,0,0,0,0,27,16,23,13,51,47
719,intent:hi,3,0,0,7,1,0,7,11,8,17,1,19,3,24,9,0,0,1,4,7,7,9,7,7,21,7,7,8,7,31,1,1,2,6,4,5,6,1,6,8,24,30,31,19,16,4,5,12,25,49,1,1,2,7,7,5,6,6,7,2,3,2,9,29,9
720,intent:how_does_corona_spread,2,1,1,2,7,1,3,6,10,15,8,9,48,47,21,1,3,0,5,4,2,10,12,14,31,9,24,33,45,52,0,0,0,1,5,0,5,8,0,1,11,11,9,41,19,3,4,8,19,35,0,0,1,1,1,1,11,11,10,16,14,17,43,56,41
721,intent:donate,3,0,2,4,1,5,9,8,5,14,17,29,6,38,26,3,0,3,3,3,3,3,3,3,4,2,3,3,36,3,2,2,1,2,1,3,0,7,1,9,25,6,21,36,9,4,6,13,26,53,3,3,3,6,6,6,7,7,5,1,2,1,61,60,58
722,intent:news_and_press,3,0,2,4,0,2,4,10,2,22,11,30,31,22,57,0,0,1,6,0,4,11,13,12,15,22,10,35,27,18,0,0,0,7,7,7,1,14,15,3,23,3,60,2,0,4,8,15,29,58,1,1,2,2,2,3,10,10,1,11,11,11,18,14,12
723,intent:what_if_i_visited_high_risk_area,1,1,2,3,6,4,11,12,4,25,5,25,50,26,62,1,3,0,5,4,2,5,4,2,18,25,17,41,14,25,0,0,0,0,6,4,11,4,9,2,31,25,44,6,23,3,4,8,16,28,0,2,1,1,1,1,12,9,12,8,6,8,2,11,5
724,intent:can_i_get_from_feces_animal_pets,2,1,1,2,7,1,13,14,0,23,2,7,40,48,33,1,1,0,7,1,0,7,1,0,28,1,0,22,54,30,0,0,0,1,5,0,2,3,4,30,7,4,4,14,3,2,3,5,9,20,0,0,0,0,0,0,0,0,0,6,8,7,8,15,17
725,intent:share,3,0,2,4,1,2,8,1,9,9,4,15,35,28,16,0,0,1,4,2,1,4,2,1,24,6,22,30,26,33,0,0,0,5,3,6,12,9,12,14,3,9,49,48,1,4,7,14,27,54,1,1,2,4,4,3,2,2,2,0,0,0,35,31,34
726,intent:okay_thanks,3,0,2,4,1,6,8,13,6,7,22,26,44,7,12,2,2,2,2,5,6,2,5,6,2,3,5,2,51,5,3,3,3,3,2,2,9,0,11,6,8,12,63,58,14,4,5,11,23,45,2,1,2,5,5,4,5,5,6,4,1,3,20,0,1
727,intent:latest_numbers,3,3,3,5,0,2,4,0,12,29,0,20,16,0,19,0,0,1,6,0,4,6,0,4,26,0,6,4,0,37,0,0,0,7,7,7,7,13,7,24,2,22,39,3,4,4,8,16,32,64,1,2,1,2,2,3,13,13,11,5,5,4,4,3,3
728,intent:what_is_corona,0,3,3,5,5,3,5,5,3,12,7,28,2,13,17,0,1,1,0,6,5,8,6,9,9,5,15,49,40,8,0,0,0,1,5,0,4,2,2,21,22,1,5,59,61,1,1,2,3,6,0,0,0,3,3,2,3,3,4,10,9,9,44,47,46
729,intent:what_if_i_visited_high_risk_area,1,1,2,3,6,4,11,12,4,25,5,25,50,53,27,1,3,0,5,4,2,5,4,2,18,25,17,41,14,25,0,0,0,0,6,4,11,4,9,2,31,25,44,6,23,3,4,9,20,37,0,2,1,1,1,1,12,9,12,8,6,8,2,11,5
730,intent:share,3,0,2,4,1,2,8,1,9,20,19,15,20,30,61,0,0,1,4,2,1,4,2,1,24,6,1,6,41,1,0,0,0,5,3,6,12,9,12,16,28,7,20,38,27,4,7,14,28,56,1,1,2,4,4,3,2,2,2,0,0,0,1,2,4
731,intent:what_are_treatment_options,0,3,3,5,5,3,5,5,13,8,16,21,46,16,31,1,1,0,1,6,5,15,10,5,25,26,8,14,19,24,0,0,0,1,5,0,4,2,2,5,9,5,30,4,49,2,3,7,14,25,0,0,0,0,3,2,9,12,9,13,13,14,3,1,2
732,intent:what_is_corona,2,1,1,2,7,1,2,9,10,24,13,23,1,8,15,1,1,0,1,1,5,12,15,11,23,24,27,31,32,36,0,0,0,1,5,0,1,14,15,27,29,2,52,21,36,2,3,5,11,22,0,0,0,2,2,0,4,4,1,18,19,20,46,26,15
733,intent:hi,3,0,2,7,1,2,7,11,8,17,1,19,12,24,14,0,0,1,4,7,7,9,7,7,21,7,7,8,7,31,1,1,2,6,4,5,6,1,6,8,24,30,31,19,16,4,5,12,25,49,1,1,2,7,7,5,6,6,7,2,3,2,9,29,9
734,intent:share,3,0,2,4,1,2,8,1,9,9,4,2,35,28,2,0,0,1,4,2,1,4,2,1,6,6,22,51,6,33,0,0,0,5,3,6,12,9,12,14,3,9,49,3,1,4,7,14,27,54,1,1,2,4,4,3,2,2,2,0,0,0,12,31,34
735,intent:how_does_corona_spread,2,1,1,2,7,1,13,14,10,10,2,23,14,11,18,1,1,0,7,1,0,7,14,0,14,31,16,21,39,47,0,0,0,1,5,0,2,3,4,22,15,20,54,54,29,2,3,5,9,18,0,0,0,0,0,0,0,0,0,28,28,28,24,32,38
736,intent:share,3,0,2,4,1,2,8,1,9,20,19,15,25,30,29,0,0,1,4,2,1,4,2,1,24,6,1,6,41,1,0,0,0,5,3,6,12,9,12,16,28,7,20,38,27,4,7,14,28,56,1,1,2,4,4,3,2,2,2,0,0,0,1,2,4
737,intent:protect_yourself,2,1,1,2,7,1,13,9,10,21,29,11,11,50,43,1,3,0,5,4,2,5,4,10,16,28,2,62,22,39,0,0,0,1,5,0,11,4,9,0,16,10,58,21,33,2,3,5,10,21,0,0,1,1,0,0,14,9,13,12,29,15,27,45,31
738,intent:what_if_i_visited_high_risk_area,1,1,2,3,3,4,10,3,4,6,26,17,5,18,63,1,3,0,5,4,2,5,11,15,11,4,11,5,37,56,0,0,0,0,6,4,10,12,14,23,12,24,45,35,44,3,4,8,17,29,0,2,1,1,1,1,1,1,3,19,17,12,38,12,0
739,intent:latest_numbers,3,1,2,4,0,2,4,0,12,29,0,20,16,36,50,0,0,1,6,0,4,6,0,4,3,0,6,34,53,34,0,0,0,7,7,7,7,13,7,28,21,19,15,46,32,4,8,16,30,59,1,2,1,2,2,3,13,13,11,5,5,4,33,39,37
740,intent:can_i_get_from_packages_surfaces,2,1,1,2,7,1,13,9,10,10,13,23,59,57,15,1,1,0,1,1,0,7,14,0,23,21,16,36,16,57,0,0,0,1,5,0,2,3,4,22,15,20,56,40,31,2,3,5,9,19,0,0,0,0,0,0,3,3,4,25,23,24,48,16,15
741,intent:can_i_get_from_feces_animal_pets,2,2,1,6,4,1,6,7,1,27,24,1,47,33,22,1,1,0,7,1,0,7,1,0,14,14,26,61,61,62,0,0,0,1,5,0,2,3,4,22,15,20,29,29,42,2,3,5,9,20,0,0,0,0,0,0,0,0,0,27,16,23,13,51,47
742,intent:donate,3,0,2,4,1,5,9,8,5,14,17,29,6,58,26,3,0,3,3,3,3,3,3,3,4,2,3,3,36,3,2,2,1,2,1,3,0,7,1,20,13,18,13,32,20,4,6,13,26,53,3,3,3,6,6,6,7,7,5,1,2,1,30,34,33
743,intent:travel,1,1,2,3,3,4,10,3,4,6,26,17,24,15,38,1,3,0,5,4,2,5,11,15,11,20,11,24,35,27,0,0,0,0,6,4,10,12,14,7,17,8,35,44,55,3,4,10,22,43,0,2,1,1,1,1,1,1,3,3,4,5,11,13,10
744,intent:can_i_get_from_packages_surfaces,3,1,2,3,6,7,14,6,2,3,27,10,9,56,34,1,1,0,1,1,0,7,14,0,23,21,16,36,16,57,0,0,0,1,5,0,2,3,4,12,18,29,11,3,4,1,1,2,2,4,0,0,0,4,3,3,3,3,4,25,23,24,41,16,39
745,intent:donate,3,0,2,4,1,5,9,8,5,14,17,29,6,54,26,3,0,3,3,3,3,3,3,3,4,2,3,46,63,43,2,2,1,2,1,3,0,7,1,9,25,6,22,39,53,4,6,13,26,52,3,3,3,6,6,6,7,7,5,1,2,1,37,36,43
746,intent:what_are_symptoms,2,1,1,1,6,7,1,15,2,1,30,27,49,6,41,1,1,0,1,1,5,1,8,8,1,11,13,1,8,54,0,0,0,1,5,0,13,10,8,15,4,14,32,1,26,2,3,6,13,24,0,0,0,0,0,0,8,8,8,7,7,6,23,9,23
747,intent:what_if_i_visited_high_risk_area,1,1,2,3,6,4,11,12,4,25,5,25,50,53,62,1,3,0,5,4,2,5,4,2,18,25,17,41,14,25,0,0,0,0,6,4,11,4,9,2,31,25,44,6,23,3,4,9,20,37,0,2,1,1,1,1,12,9,12,8,6,8,2,11,5
748,intent:okay_thanks,3,0,2,4,1,6,8,13,6,7,9,13,44,7,8,2,2,2,2,5,6,2,5,6,2,3,5,2,51,5,3,3,3,3,2,2,9,0,11,6,8,12,48,13,14,4,5,11,23,46,2,1,2,5,5,4,5,5,6,4,1,3,20,0,1
749,intent:myths,2,2,1,0,2,1,0,7,1,15,31,22,51,40,36,1,3,0,5,4,2,10,12,14,22,23,24,20,15,12,0,0,0,1,5,0,5,8,0,29,19,21,8,0,13,3,4,8,19,36,0,0,1,1,1,1,11,11,10,16,14,17,16,17,18
750,intent:protect_yourself,1,1,1,3,6,7,13,6,7,21,29,11,11,6,43,1,1,0,1,1,2,13,10,10,27,18,21,44,28,46,0,0,0,1,5,0,2,3,4,31,16,13,53,8,63,2,3,5,9,16,0,0,0,0,0,0,14,14,13,12,29,15,27,37,31
751,intent:news_and_press,0,3,3,5,5,3,5,5,3,8,11,6,60,22,57,0,0,1,0,6,5,8,6,9,9,5,23,26,23,23,0,0,0,7,7,7,4,2,2,3,30,3,34,33,18,4,8,15,29,58,0,0,0,3,3,2,3,3,4,26,25,26,22,22,20
752,intent:what_are_treatment_options,2,1,1,2,7,1,13,14,10,23,2,7,30,48,33,1,1,0,1,1,5,13,10,5,27,29,31,13,13,20,0,0,0,1,5,0,2,3,4,30,7,4,4,14,3,2,3,7,15,27,0,0,0,0,0,0,14,14,13,24,12,7,64,40,62
753,intent:can_i_get_from_packages_surfaces,2,1,1,2,7,1,13,14,10,4,2,7,59,33,18,1,1,0,1,1,5,13,10,5,27,18,31,44,28,20,0,0,0,1,5,0,2,3,4,31,6,13,53,8,34,2,2,4,5,9,0,0,0,0,0,0,14,14,13,14,12,16,7,19,14
754,intent:what_if_i_visited_high_risk_area,1,1,2,3,3,4,10,3,4,6,26,17,5,15,3,1,3,0,5,4,2,5,11,15,11,20,11,24,35,27,0,0,0,0,6,4,10,12,14,7,17,8,6,27,5,3,4,10,22,43,0,2,1,1,1,1,1,1,3,3,4,5,11,13,10
755,intent:can_i_get_from_packages_surfaces,2,2,1,6,4,1,6,7,1,27,24,1,36,33,1,1,1,0,1,1,0,7,14,0,23,21,16,36,16,57,0,0,0,1,5,0,2,3,4,31,15,13,47,15,4,2,3,5,9,19,0,0,0,0,0,0,3,3,4,25,23,24,48,16,61
756,intent:latest_numbers,0,3,3,5,5,3,5,5,3,12,16,28,43,19,10,1,1,0,1,6,5,15,10,5,25,26,8,14,19,24,0,0,0,1,5,0,4,2,2,5,9,5,30,4,49,1,1,2,3,6,0,0,0,0,3,2,9,12,9,13,13,14,3,1,2
757,intent:okay_thanks,3,0,2,4,1,6,8,13,6,7,22,26,10,7,12,2,2,2,2,5,6,2,5,6,2,3,5,2,51,5,3,3,3,3,2,2,9,0,11,6,8,12,63,58,14,4,5,11,23,46,2,1,2,5,5,4,5,5,6,4,1,3,20,20,1
758,intent:travel,1,1,2,3,3,4,10,3,4,6,26,17,24,15,38,1,3,0,5,4,2,5,11,15,11,20,11,24,35,27,0,0,0,0,6,4,10,12,14,7,17,8,35,44,55,3,4,10,22,43,0,2,1,1,1,1,1,1,3,3,4,5,11,13,10
759,intent:what_are_treatment_options,0,3,3,5,5,3,5,5,13,8,16,21,46,16,10,1,1,0,1,6,5,15,10,5,25,26,8,14,19,24,0,0,0,1,5,0,4,2,2,5,9,5,30,4,49,2,3,7,14,25,0,0,0,0,3,2,9,12,9,13,13,14,3,1,2
760,intent:can_i_get_from_feces_animal_pets,2,2,0,6,4,0,6,4,0,19,23,0,8,43,0,1,1,0,7,1,0,7,1,0,28,1,0,60,1,0,0,0,0,1,5,0,2,3,4,30,7,4,47,15,15,2,2,3,4,7,0,0,0,0,0,0,0,0,0,6,15,7,42,44,42
761,intent:news_and_press,2,2,0,6,4,0,15,4,11,19,28,18,8,43,30,0,0,1,6,0,4,11,13,12,10,12,18,12,25,6,0,0,0,1,5,0,14,15,13,17,14,27,25,20,28,2,2,3,4,8,1,0,0,2,2,0,10,10,15,17,15,18,10,10,8
762,intent:what_are_treatment_options,2,2,1,6,4,1,6,7,1,4,24,1,54,33,1,1,1,0,1,1,5,13,10,5,27,29,31,13,13,20,0,0,0,1,5,0,2,3,4,31,6,13,53,8,34,2,3,7,15,27,0,0,0,0,0,0,14,14,13,14,12,16,7,19,14
763,intent:what_is_corona,2,1,1,2,7,1,2,9,10,2,13,23,1,8,25,0,0,1,6,0,4,11,13,12,17,17,25,59,30,17,0,0,0,1,5,0,1,14,15,27,29,2,59,18,43,4,8,16,31,60,1,0,0,2,2,0,4,4,1,18,19,20,57,58,55
764,intent:myths,2,2,1,6,4,1,6,7,1,4,24,1,47,33,1,1,1,0,1,1,5,13,10,5,27,29,31,13,13,20,0,0,0,1,5,0,2,3,4,31,6,13,53,8,34,2,2,4,7,13,0,0,0,0,0,0,14,14,13,14,12,16,7,19,14
765,intent:hi,3,3,3,7,5,2,12,11,15,16,1,19,34,55,32,0,0,1,4,7,7,9,7,7,21,7,7,40,59,31,1,1,2,6,4,5,6,1,6,11,27,15,27,53,51,4,5,12,24,48,1,1,2,7,7,5,6,6,7,2,3,2,40,43,40
766,intent:what_if_i_visited_high_risk_area,2,1,1,2,0,1,2,9,12,2,10,12,1,46,19,0,0,1,6,0,4,11,13,12,17,17,25,43,11,50,0,0,0,7,7,7,1,14,15,26,23,28,59,18,43,4,8,16,31,60,1,0,0,2,2,0,4,4,1,18,19,20,57,58,55
767,intent:travel,1,1,2,3,3,4,10,3,4,26,26,17,24,15,55,1,3,0,5,4,2,5,11,15,11,20,11,24,35,27,0,0,0,0,6,4,10,12,14,7,17,8,35,44,55,3,4,10,22,43,0,2,1,1,1,1,1,1,3,3,4,5,11,13,10
768,intent:latest_numbers,3,1,2,4,0,2,4,0,12,29,0,20,16,36,50,0,0,1,6,0,4,6,0,4,3,0,6,34,53,34,0,0,0,7,7,7,7,13,7,28,21,19,15,46,32,4,8,16,30,59,1,2,1,2,2,3,13,13,11,5,5,4,33,39,37
769,intent:what_is_corona,2,2,1,6,4,1,15,7,1,28,12,8,29,42,25,1,1,0,1,1,5,12,15,11,19,10,14,11,18,28,0,0,0,1,5,0,1,14,15,19,0,28,40,10,10,2,2,4,7,12,1,0,0,2,2,0,4,4,1,9,10,10,28,30,28
770,intent:news_and_press,2,2,1,6,4,1,15,7,1,28,12,8,4,9,60,0,0,1,6,0,4,11,13,12,17,17,25,16,58,40,0,0,0,7,7,7,1,14,15,26,23,28,38,47,22,2,2,4,6,10,1,0,0,2,2,0,4,4,1,9,10,10,25,24,27
771,intent:okay_thanks,3,0,2,4,1,6,8,13,6,7,9,13,10,7,8,2,2,2,2,5,6,2,5,6,2,3,5,2,51,5,3,3,3,3,2,2,9,0,11,6,8,12,48,13,25,4,5,11,23,46,2,1,2,5,5,4,5,5,6,4,1,3,0,0,1
772,intent:donate,3,0,2,4,1,5,9,8,5,14,17,29,6,38,13,3,0,3,3,3,3,3,3,3,4,2,3,46,63,43,2,2,1,2,1,3,0,7,1,9,25,6,12,7,48,4,6,13,26,53,3,3,3,6,6,6,7,7,5,1,2,1,14,4,6
773,intent:latest_numbers,2,1,1,2,0,1,2,0,12,29,10,12,16,23,19,0,0,1,6,0,4,6,0,4,26,0,6,53,0,9,0,0,0,7,7,7,7,13,7,24,2,22,39,43,45,4,8,16,31,61,1,2,1,2,2,3,13,13,11,5,5,4,4,3,3
774,intent:travel,1,1,2,3,3,4,10,3,4,6,20,17,63,15,55,1,3,0,5,4,2,5,11,15,11,4,11,5,10,56,0,0,0,0,6,4,10,12,14,23,12,24,62,60,40,3,4,10,21,40,0,2,1,1,1,1,1,1,3,3,4,12,52,50,0
775,intent:what_is_corona,0,3,3,5,5,3,5,5,3,12,7,28,2,13,17,0,1,1,0,6,5,8,6,9,9,5,15,49,40,8,0,0,0,1,5,0,4,2,2,21,22,1,5,59,61,1,1,2,3,6,0,0,0,3,3,2,3,3,4,10,9,9,44,47,46
776,intent:myths,2,2,1,0,2,1,0,7,1,27,23,22,51,40,36,1,1,0,1,1,5,12,15,11,12,19,20,19,9,10,0,0,0,1,5,0,15,11,5,18,5,23,24,5,58,2,2,4,5,9,1,0,0,2,2,0,4,4,14,29,26,27,29,28,32
777,intent:travel,1,1,2,3,3,4,14,3,4,6,20,3,63,18,63,1,3,0,5,4,2,5,11,15,11,4,11,5,10,56,0,0,0,0,6,4,10,12,14,23,12,24,62,60,40,3,4,10,21,40,0,2,1,1,1,1,1,1,3,19,17,12,17,12,0
778,intent:how_does_corona_spread,2,3,1,2,7,1,13,14,13,11,25,24,21,41,48,1,1,0,7,1,0,7,1,0,14,14,29,37,17,59,0,0,0,1,5,0,2,3,4,22,15,20,33,51,50,2,3,5,9,18,0,0,0,0,0,0,0,0,0,15,28,13,45,46,48
779,intent:what_if_i_visited_high_risk_area,2,1,1,2,0,1,2,9,10,2,10,12,1,23,19,0,0,1,6,0,4,11,13,12,17,17,25,59,30,17,0,0,0,7,7,7,1,14,15,26,23,28,59,18,43,4,8,16,31,60,1,0,0,2,2,0,4,4,1,18,19,20,57,58,55
780,intent:protect_yourself,2,1,1,2,6,7,3,6,7,31,8,31,37,32,28,1,3,0,5,4,2,10,12,14,31,9,12,9,20,52,0,0,0,1,5,0,5,8,0,1,11,11,36,25,39,3,4,8,18,34,0,0,1,1,1,1,11,11,10,22,21,21,5,7,13
781,intent:what_is_corona,0,3,3,5,5,3,5,5,3,12,7,28,2,13,17,0,1,1,0,6,5,8,6,9,9,5,15,49,40,8,0,0,0,1,5,0,4,2,2,21,22,1,5,59,61,1,1,2,3,6,0,0,0,3,3,2,3,3,4,10,9,9,44,47,46
782,intent:share,3,0,2,4,1,2,8,1,9,9,4,15,55,28,16,0,0,1,4,2,1,4,2,1,24,6,22,30,26,33,0,0,0,5,3,6,12,9,12,14,3,9,49,48,1,4,7,14,27,54,1,1,2,4,4,3,2,2,2,0,0,0,35,31,34
783,intent:how_does_corona_spread,2,2,1,6,4,1,6,7,1,27,24,1,47,33,22,1,1,0,7,1,0,7,14,0,14,14,26,38,24,22,0,0,0,1,5,0,2,3,4,22,15,20,29,29,42,2,2,4,7,13,0,0,0,0,0,0,0,0,0,27,16,23,13,27,29
784,intent:okay_thanks,3,0,2,4,1,6,8,13,6,7,22,26,10,12,12,2,2,2,2,5,6,2,5,6,2,3,5,45,3,48,3,3,3,3,2,2,9,0,11,6,8,12,63,58,14,4,5,11,23,46,2,1,2,5,5,4,5,5,6,4,1,3,20,20,45
785,intent:how_does_corona_spread,1,1,1,2,6,7,13,14,13,11,8,24,21,52,48,1,1,0,7,1,0,7,1,0,8,14,29,37,44,63,0,0,0,1,5,0,2,3,4,22,15,20,33,51,50,2,3,5,9,17,0,0,0,0,0,0,0,0,0,15,16,13,45,46,48
786,intent:latest_numbers,3,1,2,2,0,2,4,0,12,29,10,12,19,59,19,0,0,1,6,0,4,6,0,4,26,0,6,4,0,37,0,0,0,7,7,7,7,13,7,24,2,22,2,30,24,4,8,16,32,64,1,2,1,2,2,3,13,13,11,5,5,4,4,3,3
787,intent:can_i_get_from_packages_surfaces,0,3,3,5,5,3,5,5,3,12,25,28,62,56,34,0,1,1,0,6,5,8,6,9,29,5,15,47,38,29,0,0,0,1,5,0,4,2,2,12,18,29,17,16,6,1,1,2,2,4,0,0,0,3,3,2,3,3,4,25,23,24,41,16,39
788,intent:hi,3,0,2,7,1,2,12,11,8,3,27,19,9,5,16,0,0,1,4,7,7,9,7,7,7,27,7,27,52,51,1,1,2,6,4,5,6,1,6,8,1,16,11,3,4,4,5,12,25,50,1,1,2,7,7,5,6,6,7,2,3,2,32,8,16
789,intent:news_and_press,3,0,2,4,0,2,4,10,2,22,11,30,31,22,57,0,0,1,6,0,4,11,13,12,15,22,10,43,11,18,0,0,0,7,7,7,1,14,15,3,23,3,60,2,0,4,8,15,29,58,1,1,2,2,2,3,10,10,1,11,11,11,18,14,12
790,intent:protect_yourself,1,1,2,3,6,7,3,6,7,31,8,31,37,32,28,1,3,0,5,4,2,10,12,14,31,9,12,52,55,52,0,0,0,1,5,0,5,8,0,1,11,11,36,25,39,3,4,8,18,34,0,0,1,1,1,1,11,11,10,22,21,21,5,7,13
791,intent:share,3,0,2,4,1,2,8,1,9,20,19,15,25,30,29,0,0,1,4,2,1,4,2,1,24,6,1,6,41,1,0,0,0,5,3,6,12,9,12,16,28,7,49,38,1,4,7,14,27,54,1,1,2,4,4,3,2,2,2,0,0,0,1,2,4
792,intent:okay_thanks,3,0,2,4,1,6,8,13,6,7,22,13,10,7,8,2,2,2,2,5,6,2,5,6,2,3,5,2,51,5,3,3,3,3,2,2,9,0,11,6,8,12,63,58,14,4,5,11,23,46,2,1,2,5,5,4,5,5,6,4,1,3,20,20,1
793,intent:what_are_symptoms,1,1,2,1,6,7,1,15,7,13,30,27,42,60,45,1,1,0,1,1,5,14,8,8,20,16,19,63,49,45,0,0,0,1,5,0,8,6,10,4,10,0,45,35,44,2,3,6,12,23,0,0,0,0,0,2,8,8,8,20,22,19,38,42,24
794,intent:can_i_get_from_feces_animal_pets,2,1,1,2,7,1,13,14,0,23,2,7,56,48,33,1,1,0,7,1,0,7,1,0,28,1,0,22,54,30,0,0,0,1,5,0,2,3,4,30,7,4,4,14,3,2,3,5,8,15,0,0,0,0,0,0,0,0,0,6,8,7,8,15,17
795,intent:travel,1,0,2,3,3,4,10,3,4,26,26,17,24,49,40,1,3,0,5,4,2,5,11,15,11,20,11,54,47,13,0,0,0,0,6,4,10,12,14,7,17,8,42,49,2,3,4,10,22,44,0,2,1,1,1,1,1,1,3,3,4,5,15,21,22
796,intent:protect_yourself,1,1,2,3,6,7,3,6,7,31,18,31,37,26,28,1,3,0,5,4,2,10,12,14,31,9,12,52,55,52,0,0,0,1,5,0,5,8,0,1,11,11,61,34,62,3,4,8,18,34,0,0,1,1,1,1,11,11,10,22,21,21,5,7,13
797,intent:can_i_get_from_packages_surfaces,2,1,1,2,7,1,13,9,10,10,8,31,59,27,28,1,3,0,5,4,2,10,12,14,31,9,12,9,20,53,0,0,0,1,5,0,2,3,4,1,11,11,36,25,39,3,4,8,18,34,0,0,1,1,0,0,11,11,10,22,21,21,5,7,59
798,intent:latest_numbers,3,0,2,4,0,2,4,10,2,22,0,30,31,35,47,0,0,1,6,0,4,11,13,12,15,22,10,50,27,35,0,0,0,7,7,7,7,13,7,3,23,3,3,3,4,4,8,15,29,57,1,1,2,2,2,3,10,10,11,11,11,11,49,55,51
799,intent:how_does_corona_spread,2,1,1,2,7,1,13,14,10,10,2,23,14,11,18,1,1,0,7,1,0,7,14,0,14,31,16,21,39,47,0,0,0,1,5,0,2,3,4,22,15,20,54,54,29,2,3,5,9,18,0,0,0,0,0,0,0,0,0,28,28,28,24,32,38
800,intent:donate,3,0,2,4,1,5,9,8,5,14,6,29,6,38,26,3,0,3,3,3,3,3,3,3,4,2,3,3,36,3,2,2,1,2,1,3,0,7,1,9,25,6,21,36,9,4,6,13,26,53,3,3,3,6,6,6,7,7,5,1,2,1,14,4,6
801,intent:travel,1,1,2,3,3,4,10,3,4,6,26,17,27,49,58,1,3,0,5,4,2,5,11,15,11,20,11,24,35,27,0,0,0,0,6,4,10,12,14,7,17,8,6,27,5,3,4,10,22,44,0,2,1,1,1,1,1,1,3,3,4,5,15,21,22
802,intent:okay_thanks,3,0,2,4,1,6,8,13,6,7,22,26,44,7,12,2,2,2,2,5,6,2,5,6,2,3,5,2,51,5,3,3,3,3,2,2,9,0,11,6,8,12,63,58,14,4,5,11,23,45,2,1,2,5,5,4,5,5,6,4,1,3,20,20,45
803,intent:news_and_press,0,3,3,5,5,3,5,5,3,12,7,6,60,13,17,0,0,1,0,6,5,8,6,9,9,5,23,26,23,23,0,0,0,1,5,0,4,2,2,3,30,3,34,33,18,1,1,2,3,5,0,0,0,3,3,2,3,3,4,26,25,26,22,22,20
804,intent:hi,3,2,0,7,4,0,7,11,8,16,1,19,12,1,49,0,0,1,4,7,7,9,7,7,7,27,7,27,52,51,1,1,2,6,4,5,6,1,6,8,1,16,55,45,21,4,5,12,24,48,1,1,2,7,7,5,6,6,7,2,3,2,32,8,16
805,intent:what_are_treatment_options,0,3,3,5,5,3,5,5,13,11,16,21,46,16,10,1,1,0,1,6,5,15,10,5,25,26,8,14,19,24,0,0,0,1,5,0,4,2,2,5,9,5,30,4,49,2,3,7,14,25,0,0,0,0,3,2,9,12,9,13,13,14,3,1,2
806,intent:what_are_symptoms,0,3,3,1,5,3,1,15,13,1,30,27,49,62,41,1,1,0,1,1,5,1,8,8,1,11,13,1,8,54,0,0,0,1,5,0,13,10,8,15,4,14,32,1,26,2,3,6,13,24,0,0,0,0,0,0,8,8,8,7,7,6,23,9,23
807,intent:what_are_treatment_options,0,3,3,5,5,3,5,5,13,11,16,21,46,16,31,1,1,0,1,6,5,15,10,5,25,26,8,14,19,24,0,0,0,1,5,0,4,2,2,5,9,5,30,4,49,2,3,7,14,25,0,0,0,0,3,2,9,12,9,13,13,14,3,1,2
808,intent:okay_thanks,3,0,2,4,1,6,8,13,6,7,9,16,45,7,8,2,2,2,2,5,6,2,5,6,2,3,5,45,51,5,3,3,3,3,2,2,9,0,11,6,8,12,48,13,25,4,5,11,23,47,2,1,2,5,5,4,5,5,6,4,1,3,0,0,1
809,intent:can_i_get_from_feces_animal_pets,2,1,1,2,7,7,13,14,0,23,2,7,7,2,33,1,1,0,7,1,0,7,1,0,8,14,29,7,17,59,0,0,0,1,5,0,2,3,4,30,7,4,10,57,57,2,3,5,9,16,0,0,0,0,0,0,0,0,0,24,27,29,39,40,25
810,intent:okay_thanks,3,0,2,4,1,6,8,13,6,7,9,13,44,7,8,2,2,2,2,5,6,2,5,6,2,3,5,2,51,5,3,3,3,3,2,2,9,0,11,6,8,12,48,13,25,4,5,11,23,46,2,1,2,5,5,4,5,5,6,4,1,3,0,0,1
811,intent:hi,0,3,3,7,5,3,7,11,8,17,1,19,12,24,9,0,0,1,4,7,7,9,7,7,21,7,7,8,7,31,1,1,2,6,4,5,6,1,6,8,24,30,31,19,16,4,5,12,25,49,1,1,2,7,7,5,6,6,7,2,3,2,9,29,9
812,intent:can_i_get_from_feces_animal_pets,2,1,1,2,7,7,13,14,0,23,23,24,26,52,44,1,1,0,7,1,0,7,1,0,28,1,29,22,34,30,0,0,0,1,5,0,2,3,4,30,7,4,33,51,15,2,3,5,8,14,0,0,0,0,0,0,0,0,0,15,18,13,26,35,26
813,intent:donate,3,0,2,4,1,5,9,8,5,14,17,29,6,58,26,3,0,3,3,3,3,3,3,3,4,2,3,3,36,3,2,2,1,2,1,3,0,7,1,20,13,18,13,32,20,4,6,13,26,53,3,3,3,6,6,6,7,7,5,1,2,1,30,34,33
814,intent:hi,0,3,3,5,5,3,12,5,15,12,27,28,2,19,32,0,0,1,4,7,7,9,7,7,21,7,7,40,59,31,1,1,2,6,4,5,6,1,6,21,22,1,5,3,4,4,5,12,24,48,1,1,2,7,7,5,6,6,7,2,3,2,44,47,46
815,intent:okay_thanks,3,0,2,4,1,6,8,13,6,7,9,13,44,7,8,2,2,2,2,5,6,2,5,6,2,3,5,2,51,5,3,3,3,3,2,2,9,0,11,6,8,12,48,13,25,4,5,11,23,46,2,1,2,5,5,4,5,5,6,4,1,3,0,0,1
816,intent:donate,3,0,2,4,1,5,9,8,5,14,17,29,6,54,26,3,0,3,3,3,3,3,3,3,4,2,3,46,63,43,2,2,1,2,1,3,0,7,1,9,25,6,22,39,53,4,6,13,26,52,3,3,3,6,6,6,7,7,5,1,2,1,37,36,43
817,intent:protect_yourself,2,1,1,2,7,1,2,9,10,10,13,23,59,11,15,1,1,0,1,1,0,7,14,0,23,21,16,36,16,57,0,0,0,1,5,0,2,3,4,12,18,29,56,40,31,2,3,5,9,19,0,0,0,0,0,0,3,3,4,25,23,24,48,16,15
818,intent:share,3,0,2,4,1,2,8,1,9,20,19,15,20,30,29,0,0,1,4,2,1,4,2,1,24,6,1,6,41,1,0,0,0,5,3,6,12,9,12,16,28,7,20,38,27,4,7,14,28,55,1,1,2,4,4,3,2,2,2,0,0,0,1,2,4
819,intent:hi,3,0,2,7,1,2,7,11,8,16,1,19,12,1,49,0,0,1,4,7,7,9,7,7,7,27,7,27,52,51,1,1,2,6,4,5,6,1,6,8,1,16,55,45,21,4,5,12,25,50,1,1,2,7,7,5,6,6,7,2,3,2,32,8,16
820,intent:news_and_press,0,3,3,5,5,3,5,5,3,8,7,6,60,13,17,0,1,1,0,6,5,8,6,9,9,5,23,26,23,23,0,0,0,1,5,0,4,2,2,3,30,3,34,33,18,1,1,2,3,5,0,0,0,3,3,2,3,3,4,26,25,26,22,22,20
821,intent:myths,2,1,1,2,7,1,13,14,10,23,2,23,40,48,18,1,1,0,7,1,0,7,1,0,28,1,0,22,54,30,0,0,0,1,5,0,2,3,4,30,7,4,4,14,3,2,3,5,8,15,0,0,0,0,0,0,0,0,0,6,8,7,8,15,17
822,intent:okay_thanks,3,0,2,4,1,6,8,13,6,7,9,13,44,7,8,2,2,2,2,5,6,2,5,6,2,3,5,2,51,5,3,3,3,3,2,2,9,0,11,6,8,12,48,13,25,4,5,11,23,46,2,1,2,5,5,4,5,5,6,4,1,3,0,0,1
823,intent:news_and_press,3,0,2,4,0,2,4,10,2,3,27,30,9,5,47,0,0,1,4,2,1,4,2,1,6,6,22,51,6,55,0,0,0,5,3,6,12,9,12,14,3,9,11,3,4,4,8,15,29,57,1,1,2,4,4,3,2,2,2,0,0,0,12,6,11
824,intent:can_i_get_from_feces_animal_pets,2,2,1,6,4,1,6,7,0,27,24,1,47,48,22,1,1,0,7,1,0,7,1,0,28,1,0,60,1,0,0,0,0,1,5,0,2,3,4,30,7,4,47,15,15,2,3,5,8,15,0,0,0,0,0,0,0,0,0,6,8,7,42,44,42
825,intent:hi,3,0,2,7,1,2,7,11,8,16,1,19,12,51,49,0,0,1,4,7,7,9,7,7,7,27,7,27,52,51,1,1,2,6,4,5,6,1,6,8,1,16,55,45,21,4,5,12,25,50,1,1,2,7,7,5,6,6,7,2,3,2,32,8,16
826,intent:what_is_corona,2,2,1,6,4,1,6,7,1,4,24,1,36,33,1,1,1,0,1,1,5,13,10,5,27,29,31,13,13,20,0,0,0,1,5,0,2,3,4,31,6,13,53,8,34,2,2,4,7,13,0,0,0,0,0,0,14,14,13,14,12,16,7,19,14
827,intent:myths,2,2,1,0,2,1,0,7,1,28,12,22,15,40,36,1,1,0,1,1,5,12,15,11,12,19,20,19,9,10,0,0,0,1,5,0,15,11,5,18,5,23,24,5,58,2,2,4,5,9,1,0,0,2,2,0,4,4,14,29,26,27,29,28,32
828,intent:can_i_get_from_feces_animal_pets,2,2,1,6,4,1,6,7,1,4,24,1,36,33,1,1,1,0,1,1,5,13,10,5,27,29,31,13,13,20,0,0,0,1,5,0,2,3,4,31,15,13,53,8,34,2,2,4,7,13,0,0,0,0,0,0,14,14,13,14,12,16,7,19,14
829,intent:myths,0,3,3,0,2,3,0,2,14,0,21,24,26,31,44,1,1,0,7,1,0,7,1,0,28,1,29,22,34,30,0,0,0,1,5,0,2,3,4,30,7,4,33,51,50,2,3,5,8,14,0,0,0,0,0,0,0,0,0,15,18,13,26,35,26
830,intent:how_does_corona_spread,2,1,1,2,7,1,2,9,10,2,13,23,1,11,25,1,1,0,1,1,5,12,15,11,19,10,14,11,18,28,0,0,0,1,5,0,1,14,15,19,0,28,40,10,10,4,8,15,29,58,1,0,0,2,2,0,4,4,1,18,19,20,28,30,28
831,intent:share,3,0,2,4,1,2,8,1,9,20,19,15,20,30,61,0,0,1,4,2,1,4,2,1,6,6,1,6,41,1,0,0,0,5,3,6,12,9,12,16,28,7,20,38,27,4,7,14,28,56,1,1,2,4,4,3,2,2,2,0,0,0,1,2,4
832,intent:what_are_symptoms,2,2,1,6,4,1,6,7,1,4,24,1,7,33,1,1,1,0,1,1,5,1,8,8,1,11,13,1,8,54,0,0,0,1,5,0,13,10,8,31,15,13,29,29,42,2,2,4,7,13,0,0,0,0,0,0,8,8,8,7,7,6,23,19,23
833,intent:latest_numbers,3,0,2,4,0,2,4,10,2,22,11,30,31,35,47,0,0,1,6,0,4,11,13,12,15,22,10,35,27,58,0,0,0,7,7,7,1,14,15,3,23,3,3,2,0,4,8,15,29,57,1,1,2,2,2,3,10,10,1,11,11,11,49,55,12
834,intent:protect_yourself,1,1,2,3,6,7,3,6,7,31,18,10,48,26,46,1,3,0,5,4,2,10,12,14,31,9,12,33,45,19,0,0,0,1,5,0,5,8,0,29,19,21,11,3,4,3,4,8,17,33,0,0,1,1,1,1,11,11,10,16,14,17,16,17,18
835,intent:donate,3,0,2,4,1,5,9,8,5,14,17,29,6,58,26,3,0,3,3,3,3,3,3,3,4,2,3,3,36,3,2,2,1,2,1,3,0,7,1,20,13,18,13,32,20,4,6,13,26,53,3,3,3,6,6,6,7,7,5,1,2,1,30,34,33
836,intent:hi,3,0,2,7,1,2,12,11,15,16,1,19,34,37,32,0,0,1,4,7,7,9,7,7,21,7,7,40,59,31,1,1,2,6,4,5,6,1,6,11,27,15,27,53,51,4,5,12,24,48,1,1,2,7,7,5,6,6,7,2,3,2,40,43,40
837,intent:okay_thanks,3,0,2,4,1,6,8,13,6,7,9,13,44,7,8,2,2,2,2,5,6,2,5,6,2,3,5,2,51,5,3,3,3,3,2,2,9,0,11,6,8,12,48,13,25,4,5,11,23,46,2,1,2,5,5,4,5,5,6,4,1,3,0,0,1
838,intent:donate,3,0,2,4,1,5,9,8,5,14,6,29,6,25,26,3,0,3,3,3,3,3,3,3,4,2,3,46,4,43,2,2,1,2,1,3,0,7,1,9,25,6,12,7,48,4,6,13,26,52,3,3,3,6,6,6,7,7,5,1,2,1,14,4,6
839,intent:how_does_corona_spread,2,1,1,2,7,1,2,9,10,24,13,23,40,8,15,1,1,0,1,1,0,7,14,0,23,21,16,21,60,15,0,0,0,1,5,0,1,14,15,27,29,2,54,54,29,2,3,5,11,22,0,0,0,0,0,0,0,0,1,18,19,20,24,26,15
840,intent:travel,1,1,2,3,3,4,10,3,4,26,26,17,24,49,40,1,3,0,5,4,2,5,11,15,11,20,11,54,47,13,0,0,0,0,6,4,10,12,14,23,12,24,42,49,2,3,4,10,22,44,0,2,1,1,1,1,1,1,3,3,4,5,15,21,22
841,intent:myths,2,2,1,6,4,1,6,7,1,4,24,1,51,33,1,1,1,0,1,1,5,13,10,5,27,29,31,13,13,20,0,0,0,1,5,0,2,3,4,31,6,13,53,8,34,2,2,4,5,9,0,0,0,0,0,0,14,14,13,14,12,16,7,19,14
842,intent:can_i_get_from_feces_animal_pets,2,2,1,6,4,1,6,7,0,4,23,1,56,33,1,1,1,0,7,1,0,7,1,0,28,1,0,60,1,0,0,0,0,1,5,0,2,3,4,30,7,4,47,15,15,2,3,5,8,15,0,0,0,0,0,0,0,0,0,6,8,7,42,44,42
843,intent:can_i_get_from_feces_animal_pets,0,3,3,5,5,3,13,14,0,11,25,24,26,31,44,1,1,0,7,1,0,7,1,0,28,1,29,22,34,30,0,0,0,1,5,0,2,3,4,30,7,4,33,51,50,2,3,5,8,14,0,0,0,0,0,0,0,0,0,15,18,13,26,35,26
844,intent:myths,1,1,2,3,6,7,3,6,7,15,31,9,18,47,46,1,3,0,5,4,2,10,12,14,22,23,24,20,15,12,0,0,0,1,5,0,5,8,0,29,19,21,8,0,13,3,4,8,19,36,0,0,1,1,1,1,11,11,10,16,14,17,16,17,18
845,intent:can_i_get_from_feces_animal_pets,0,3,3,5,5,3,5,5,13,11,25,24,2,31,44,1,1,0,7,1,0,7,1,0,8,14,29,37,44,63,0,0,0,1,5,0,2,3,4,30,7,4,33,51,50,1,1,2,2,3,0,0,0,0,0,0,0,0,0,15,18,13,26,35,26
846,intent:news_and_press,3,2,0,6,4,0,15,4,11,19,28,18,8,43,30,0,0,1,6,0,4,11,13,12,10,12,18,12,25,6,0,0,0,1,5,0,14,15,13,17,14,27,25,20,28,2,2,3,4,8,1,0,0,2,2,0,10,10,15,17,15,18,10,10,8
847,intent:what_if_i_visited_high_risk_area,1,1,2,3,3,4,11,12,4,25,5,25,50,57,27,1,3,0,5,4,2,5,4,2,18,25,17,41,14,25,0,0,0,0,6,4,11,4,9,2,31,25,44,6,23,3,4,9,20,37,0,2,1,1,1,1,12,9,12,8,6,8,2,11,5
848,intent:travel,1,1,2,3,3,4,10,3,4,6,26,17,5,15,3,1,3,0,5,4,2,5,11,15,11,4,11,5,37,56,0,0,0,0,6,4,10,12,14,7,17,8,35,44,55,3,4,10,22,43,0,2,1,1,1,1,1,1,3,19,17,12,11,12,0
849,intent:okay_thanks,3,0,2,4,1,6,8,13,6,7,9,13,44,7,8,2,2,2,2,5,6,2,5,6,2,3,5,2,51,5,3,3,3,3,2,2,9,0,11,6,8,12,48,13,25,4,5,11,23,46,2,1,2,5,5,4,5,5,6,4,1,3,0,0,1
850,intent:can_i_get_from_packages_surfaces,0,3,3,5,5,3,5,5,3,8,25,28,62,56,34,0,1,1,0,6,5,8,6,9,29,5,15,47,38,29,0,0,0,1,5,0,4,2,2,12,18,29,17,16,6,1,1,2,2,4,0,0,0,3,3,2,3,3,4,25,23,24,41,16,39
851,intent:myths,2,2,1,6,4,1,15,7,1,28,12,22,51,40,36,1,1,0,1,1,5,12,15,11,12,19,20,19,9,10,0,0,0,1,5,0,15,11,5,18,5,23,24,5,58,2,2,4,5,9,1,0,0,2,2,0,4,4,14,29,26,27,29,28,32
852,intent:can_i_get_from_packages_surfaces,2,1,1,2,7,1,13,14,10,10,2,7,41,2,33,1,1,0,7,1,0,7,1,0,8,14,29,7,42,49,0,0,0,1,5,0,2,3,4,30,7,4,10,57,57,2,3,5,9,16,0,0,0,0,0,0,0,0,0,24,27,29,39,40,25
853,intent:what_are_symptoms,2,2,0,6,4,0,6,4,11,1,30,0,38,17,41,1,1,0,1,1,5,1,8,8,1,11,13,57,8,11,0,0,0,1,5,0,13,10,8,15,4,14,0,55,37,2,3,6,13,24,0,0,0,0,0,0,8,8,8,7,7,6,31,25,30
854,intent:what_if_i_visited_high_risk_area,1,1,2,3,0,4,11,12,12,25,5,25,50,57,27,1,3,0,5,4,2,5,4,2,18,25,17,58,14,61,0,0,0,7,7,7,11,4,9,2,31,25,51,62,47,3,4,9,20,37,0,2,1,1,1,1,12,9,12,8,6,8,51,57,52
855,intent:what_are_treatment_options,1,1,2,1,6,7,1,15,7,30,30,10,42,60,45,1,1,0,1,1,5,14,8,8,20,16,19,63,49,45,0,0,0,1,5,0,2,3,4,31,9,13,45,35,44,3,4,8,17,29,0,0,0,0,0,2,9,8,9,20,22,19,38,42,60
856,intent:what_are_symptoms,3,0,2,4,1,2,14,1,2,18,27,10,9,5,16,0,0,1,4,2,1,4,2,1,6,6,22,51,6,55,0,0,0,1,5,0,2,3,4,14,3,9,50,3,56,3,4,8,17,31,1,1,2,4,4,3,2,2,2,31,30,15,50,49,50
857,intent:protect_yourself,1,1,2,3,6,7,14,6,7,18,27,10,9,5,46,1,3,0,5,4,2,5,4,10,16,28,2,17,50,38,0,0,0,1,5,0,2,3,4,14,3,9,11,3,4,3,4,8,17,32,0,1,2,4,4,3,2,2,2,28,14,17,63,45,38
858,intent:okay_thanks,3,0,2,4,1,6,8,13,6,7,9,16,52,12,6,2,2,2,2,5,6,2,5,6,2,3,5,45,3,48,3,3,3,3,2,2,9,0,11,6,8,12,14,31,60,4,5,11,23,46,2,1,2,5,5,4,5,5,6,4,1,3,0,0,35
859,intent:latest_numbers,3,0,2,4,0,2,4,0,12,29,0,20,43,0,24,0,0,1,6,0,4,6,0,4,26,0,6,4,0,37,0,0,0,7,7,7,7,13,7,24,2,22,2,30,24,4,8,16,32,64,1,2,1,2,2,3,13,13,11,5,5,4,4,3,3
860,intent:news_and_press,2,1,1,2,0,1,2,10,2,2,11,8,4,46,60,0,0,1,6,0,4,11,13,12,17,17,25,59,30,17,0,0,0,7,7,7,1,14,15,26,23,28,59,18,43,4,8,16,31,60,1,0,0,2,2,0,4,4,1,18,19,20,57,58,55
861,intent:share,3,0,2,4,1,2,8,1,9,9,4,2,55,5,16,0,0,1,4,2,1,4,2,1,6,6,22,51,6,55,0,0,0,5,3,6,12,9,12,14,3,9,11,3,4,4,7,14,27,54,1,1,2,4,4,3,2,2,2,0,0,0,12,6,11
862,intent:what_are_treatment_options,2,1,2,1,6,7,1,15,2,3,27,21,17,10,45,1,1,0,1,1,5,15,10,5,13,8,28,29,29,4,0,0,0,1,5,0,4,2,2,25,6,31,1,50,59,2,3,7,15,27,0,0,0,0,3,2,9,12,9,23,24,25,21,23,19
863,intent:myths,0,3,3,5,5,3,5,5,13,11,25,24,62,56,34,0,1,1,0,6,5,8,6,9,29,5,15,47,38,29,0,0,0,1,5,0,4,2,2,12,18,29,17,16,6,1,1,2,2,3,0,0,0,3,3,2,3,3,4,25,23,24,41,16,39
864,intent:okay_thanks,3,0,2,4,1,6,8,13,6,7,9,16,44,7,8,2,2,2,2,5,6,2,5,6,2,3,5,2,51,5,3,3,3,3,2,2,9,0,11,6,8,12,48,13,25,4,5,11,23,47,2,1,2,5,5,4,5,5,6,4,1,3,0,0,1
865,intent:protect_yourself,1,1,2,3,6,7,3,6,7,15,31,9,18,29,21,1,3,0,5,4,2,10,12,14,22,23,24,20,15,12,0,0,0,1,5,0,5,8,0,29,19,21,8,0,13,3,4,8,19,36,0,0,1,1,1,1,11,11,10,16,14,17,16,17,18
866,intent:how_does_corona_spread,2,1,1,2,7,1,13,14,10,10,2,7,7,2,23,1,1,0,7,1,0,7,1,0,8,14,29,7,17,59,0,0,0,1,5,0,2,3,4,22,15,20,10,57,57,2,3,5,9,18,0,0,0,0,0,0,0,0,0,24,27,29,54,52,25
867,intent:share,3,0,2,4,1,2,8,1,9,20,19,15,20,30,29,0,0,1,4,2,1,4,2,1,24,6,1,6,41,1,0,0,0,5,3,6,12,9,12,16,28,7,19,17,35,4,7,14,28,55,1,1,2,4,4,3,2,2,2,0,0,0,1,2,4
868,intent:what_if_i_visited_high_risk_area,1,1,1,3,6,4,11,12,4,30,5,25,53,39,53,1,3,0,5,4,2,5,4,2,18,25,17,41,14,25,0,0,0,0,6,4,11,4,9,2,31,25,43,52,4,3,4,9,20,39,0,2,1,1,1,1,12,9,12,8,6,8,2,11,5
869,intent:travel,1,1,2,3,3,4,10,3,4,6,26,17,24,15,38,1,3,0,5,4,2,5,11,15,11,20,11,24,35,27,0,0,0,0,6,4,10,12,14,7,17,8,35,44,55,3,4,10,22,43,0,2,1,1,1,1,1,1,3,3,4,5,11,13,10
870,intent:how_does_corona_spread,2,1,1,2,7,1,13,14,10,10,2,23,40,11,18,1,1,0,7,1,0,7,14,0,14,31,16,21,39,47,0,0,0,1,5,0,2,3,4,22,15,20,54,54,29,2,3,5,9,18,0,0,0,0,0,0,0,0,0,28,28,28,24,32,38
871,intent:latest_numbers,3,1,2,4,0,2,4,0,12,29,0,20,16,0,19,0,0,1,6,0,4,6,0,4,26,0,6,4,0,37,0,0,0,7,7,7,7,13,7,24,2,22,39,43,4,4,8,15,29,58,1,2,1,2,2,3,13,13,11,5,5,4,4,3,3
872,intent:news_and_press,0,3,3,5,5,3,5,5,3,8,7,6,60,13,17,0,0,1,0,6,5,8,6,9,9,5,23,26,23,23,0,0,0,1,5,0,4,2,2,3,30,3,34,33,18,1,1,2,3,5,0,0,0,3,3,2,3,3,4,26,25,26,22,22,20
873,intent:can_i_get_from_packages_surfaces,1,1,2,3,6,7,3,6,7,31,8,31,48,47,46,1,3,0,5,4,2,10,12,14,31,9,12,33,45,19,0,0,0,1,5,0,5,8,0,1,11,11,9,41,19,3,4,8,17,33,0,0,1,1,1,1,11,11,10,16,14,17,43,56,41
874,intent:news_and_press,2,2,1,6,4,1,15,7,1,28,12,8,4,9,60,0,0,1,6,0,4,11,13,12,17,17,25,16,58,40,0,0,0,7,7,7,1,14,15,26,23,28,38,47,22,2,2,4,6,10,1,0,0,2,2,0,4,4,1,9,10,10,25,24,27
875,intent:protect_yourself,2,2,1,6,4,1,6,7,1,21,24,1,54,45,43,1,1,0,1,1,2,13,10,10,27,18,21,44,28,46,0,0,0,1,5,0,2,3,4,31,16,13,53,8,63,2,3,5,10,21,0,0,0,1,0,0,14,14,13,12,29,15,27,37,31
876,intent:what_if_i_visited_high_risk_area,2,2,1,6,4,1,11,12,1,30,29,25,53,45,53,1,3,0,5,4,2,5,4,2,18,25,17,58,14,61,0,0,0,1,5,0,11,4,9,31,31,13,51,62,47,3,4,9,20,39,0,2,1,1,1,1,12,9,12,8,6,8,51,37,52
877,intent:news_and_press,3,0,2,4,0,2,4,10,2,3,11,30,31,35,47,0,0,1,6,0,4,11,13,12,15,22,10,35,27,58,0,0,0,1,5,0,1,14,15,14,23,3,3,56,4,4,8,15,29,57,1,1,2,4,2,3,10,10,1,11,11,11,49,55,49
878,intent:what_are_treatment_options,3,0,2,4,1,2,14,10,2,3,27,10,9,5,16,0,0,1,4,2,1,4,2,1,24,6,22,30,26,33,0,0,0,5,3,6,12,9,12,14,3,9,49,48,1,4,8,15,29,58,1,1,2,4,4,3,2,2,2,0,0,0,35,31,34
879,intent:what_are_symptoms,2,2,0,6,4,0,15,4,11,19,28,0,8,43,0,1,1,0,1,1,5,1,8,8,1,11,13,39,33,42,0,0,0,1,5,0,14,15,13,17,14,27,47,15,15,2,2,3,4,7,0,0,0,0,0,0,10,10,15,17,15,18,10,10,8
880,intent:okay_thanks,3,0,2,4,1,2,8,10,2,5,22,14,58,5,12,2,2,2,2,5,6,2,5,6,2,3,5,56,51,5,3,3,3,3,2,2,9,0,11,6,8,12,16,11,17,4,5,11,23,47,2,1,2,5,5,4,5,5,6,4,1,3,60,20,1
881,intent:travel,1,1,1,2,3,4,10,3,4,2,26,17,13,39,3,1,3,0,5,4,2,5,11,15,11,20,11,48,57,13,0,0,0,0,6,4,10,12,14,22,15,20,6,27,4,3,4,9,20,39,0,2,1,1,1,1,1,1,3,3,4,5,24,62,56
882,intent:can_i_get_from_feces_animal_pets,2,1,1,2,7,1,13,14,0,23,2,7,56,48,33,1,1,0,7,1,0,7,1,0,28,1,0,22,54,30,0,0,0,1,5,0,2,3,4,30,7,4,4,14,3,2,3,5,8,15,0,0,0,0,0,0,0,0,0,6,8,7,8,15,17
883,intent:can_i_get_from_feces_animal_pets,2,1,1,2,7,1,13,14,10,23,2,7,56,2,33,1,1,0,7,1,0,7,1,0,8,14,29,7,42,49,0,0,0,1,5,0,2,3,4,30,7,4,10,57,57,2,3,5,9,16,0,0,0,0,0,0,0,0,0,24,27,29,39,40,25
884,intent:what_is_corona,2,2,0,6,4,0,15,4,11,19,28,18,8,43,30,0,0,1,6,0,4,11,13,12,10,12,18,12,25,60,0,0,0,1,5,0,14,15,13,17,14,27,25,20,28,2,2,3,4,8,1,0,0,2,2,0,10,10,15,17,15,18,10,10,8
885,intent:myths,0,3,3,0,2,3,0,2,14,0,21,5,0,21,20,0,0,1,0,6,5,0,9,13,0,15,9,0,12,14,0,0,0,4,0,1,3,5,3,10,26,26,57,37,8,1,1,1,1,1,0,0,0,3,3,2,15,15,14,21,20,22,6,5,7
886,intent:hi,3,0,2,7,1,2,7,11,8,16,1,19,12,1,49,0,0,1,4,7,7,9,7,7,7,27,7,27,52,51,1,1,2,6,4,5,6,1,6,8,1,16,55,45,21,4,5,12,25,50,1,1,2,7,7,5,6,6,7,2,3,2,32,8,16
887,intent:news_and_press,2,2,1,6,4,1,15,7,1,28,12,8,4,9,60,0,0,1,6,0,4,11,13,12,17,17,25,16,58,40,0,0,0,7,7,7,1,14,15,26,23,28,38,47,22,2,2,4,6,10,1,0,0,2,2,0,4,4,1,9,10,10,25,24,27
888,intent:donate,3,0,3,4,1,5,9,8,5,14,17,4,32,38,4,3,0,3,3,3,3,3,3,3,4,2,3,46,56,43,2,2,1,2,1,3,0,7,1,9,25,6,18,42,46,4,6,13,26,51,3,3,3,6,6,6,7,7,5,1,2,1,59,59,57
889,intent:myths,0,3,3,5,5,3,5,5,3,8,25,28,62,4,48,0,1,1,0,6,5,8,6,9,9,5,15,10,5,44,0,0,0,1,5,0,4,2,2,21,22,1,7,24,11,1,1,2,2,3,0,0,0,3,3,2,3,3,4,10,9,9,19,18,21
890,intent:what_if_i_visited_high_risk_area,1,1,2,3,3,4,11,12,4,30,5,25,53,53,53,1,3,0,5,4,2,5,4,2,18,25,17,41,14,25,0,0,0,0,6,4,11,4,9,2,31,25,43,52,52,3,4,9,20,38,0,2,1,1,1,1,12,9,12,8,6,8,2,33,5
891,intent:can_i_get_from_feces_animal_pets,2,2,1,6,4,1,6,7,1,27,24,1,47,33,22,1,1,0,7,1,0,7,1,0,14,14,26,61,61,62,0,0,0,1,5,0,2,3,4,22,15,20,29,29,42,2,3,5,9,20,0,0,0,0,0,0,0,0,0,27,16,23,13,51,29
892,intent:hi,3,0,0,7,1,0,12,11,8,16,1,19,3,51,32,0,0,1,4,7,7,9,7,7,7,27,7,32,31,21,1,1,2,6,4,5,6,1,6,8,1,16,11,56,21,4,5,12,24,48,1,1,2,7,7,5,6,6,7,2,3,2,55,48,16
893,intent:share,3,0,2,4,1,2,8,1,9,20,19,15,20,30,29,0,0,1,4,2,1,4,2,1,24,6,1,6,41,1,0,0,0,5,3,6,12,9,12,16,28,7,19,17,35,4,7,14,28,55,1,1,2,4,4,3,2,2,2,0,0,0,1,2,4
894,intent:can_i_get_from_feces_animal_pets,0,3,3,5,5,3,13,14,13,11,25,24,26,2,23,1,1,0,7,1,0,7,1,0,8,14,29,7,42,49,0,0,0,1,5,0,2,3,4,30,7,4,10,57,57,2,3,5,9,16,0,0,0,0,0,0,0,0,0,24,27,29,39,40,25
895,intent:protect_yourself,1,1,2,3,6,7,3,6,7,15,8,9,48,47,46,1,3,0,5,4,2,10,12,14,31,9,24,33,45,52,0,0,0,1,5,0,5,8,0,1,11,11,9,41,19,3,4,8,19,35,0,0,1,1,1,1,11,11,10,16,14,17,43,56,41
896,intent:latest_numbers,2,2,1,6,4,1,15,7,1,28,12,8,4,9,60,0,0,1,6,0,4,11,13,12,17,17,25,16,58,40,0,0,0,7,7,7,1,14,15,26,23,28,38,47,22,2,2,4,6,10,1,0,0,2,2,0,4,4,1,9,10,10,25,24,27
897,intent:what_if_i_visited_high_risk_area,1,1,2,3,6,7,14,12,7,30,5,10,56,39,54,1,3,0,5,4,2,5,4,2,18,25,17,58,14,61,0,0,0,1,5,0,2,3,4,30,7,4,47,3,4,3,4,9,20,37,0,0,0,0,0,0,0,0,0,8,31,8,38,42,56
898,intent:myths,2,2,1,0,2,1,0,7,1,28,12,22,15,40,36,1,1,0,1,1,5,12,15,11,12,19,20,19,9,10,0,0,0,1,5,0,15,11,5,18,5,23,24,5,58,2,2,4,5,9,1,0,0,2,2,0,4,4,14,29,26,27,29,28,32
899,intent:what_are_treatment_options,0,3,3,5,5,3,5,5,13,11,15,21,17,10,7,1,1,0,1,1,5,15,10,5,13,8,28,29,29,4,0,0,0,1,5,0,4,2,2,25,6,31,1,50,59,2,3,7,15,26,0,0,0,0,3,2,9,12,9,23,24,25,21,23,19
900,intent:hi,3,0,2,7,1,2,7,11,8,17,1,19,12,24,14,0,0,1,4,7,7,9,7,7,21,7,7,8,7,31,1,1,2,6,4,5,6,1,6,8,24,30,31,19,16,4,5,12,25,49,1,1,2,7,7,5,6,6,7,2,3,2,9,29,9
901,intent:donate,3,0,2,4,1,5,9,8,5,14,17,29,6,3,13,3,0,3,3,3,3,3,3,3,4,2,3,46,63,43,2,2,1,2,1,3,0,7,1,9,25,6,12,7,48,4,6,13,26,53,3,3,3,6,6,6,7,7,5,1,2,1,14,4,6
902,intent:can_i_get_from_packages_surfaces,1,1,2,3,6,7,3,6,7,31,18,31,37,26,28,1,3,0,5,4,2,10,12,14,31,9,12,52,55,52,0,0,0,1,5,0,5,8,0,1,11,11,61,34,62,3,4,8,18,34,0,0,1,1,1,1,11,11,10,22,21,21,5,7,13
903,intent:what_if_i_visited_high_risk_area,3,1,2,4,0,2,4,10,2,3,11,30,43,35,24,1,3,0,5,4,2,5,11,15,11,20,11,48,57,27,0,0,0,0,6,4,10,12,14,7,17,8,6,3,4,3,4,10,22,42,0,2,1,1,1,1,1,1,3,3,4,8,52,50,10
904,intent:how_does_corona_spread,2,2,0,6,4,0,15,4,11,19,23,0,8,43,0,1,1,0,7,1,0,7,1,0,14,14,26,61,61,62,0,0,0,1,5,0,2,3,4,30,7,4,47,15,15,2,2,3,4,7,0,0,0,0,0,0,10,10,15,17,15,18,42,40,8
905,intent:travel,1,1,2,3,3,4,10,3,4,26,26,17,24,49,55,1,3,0,5,4,2,5,11,15,11,20,11,24,35,27,0,0,0,0,6,4,10,12,14,7,17,8,35,44,55,3,4,10,22,43,0,2,1,1,1,1,1,1,3,3,4,5,11,13,10
906,intent:what_are_treatment_options,0,3,3,5,5,3,5,5,13,2,15,21,17,10,7,1,1,0,1,1,5,15,10,5,13,8,28,29,29,4,0,0,0,1,5,0,2,3,4,25,6,31,1,50,59,2,3,7,15,26,0,0,0,0,3,2,9,12,9,23,24,25,21,23,19
907,intent:news_and_press,3,0,2,4,0,2,4,10,2,22,11,30,31,35,57,0,0,1,6,0,4,11,13,12,15,22,10,35,27,18,0,0,0,7,7,7,1,14,15,3,23,3,60,2,0,4,8,15,29,58,1,1,2,2,2,3,10,10,1,11,11,11,18,14,49
908,intent:protect_yourself,0,3,3,5,5,3,5,5,13,11,15,11,28,52,52,1,3,0,5,4,2,5,4,10,16,28,2,62,50,2,0,0,0,1,5,0,4,2,2,0,16,10,41,61,56,3,4,8,17,30,0,0,0,0,3,2,9,12,9,23,24,25,56,53,53
909,intent:can_i_get_from_packages_surfaces,0,3,3,5,7,3,13,14,13,11,25,24,26,2,23,1,1,0,7,1,0,7,1,0,8,14,29,7,17,26,0,0,0,1,5,0,2,3,4,30,7,4,10,57,57,2,3,5,9,16,0,0,0,0,0,0,0,0,0,24,27,29,39,52,25
910,intent:what_is_corona,2,2,1,6,4,1,15,7,1,28,12,8,36,42,25,1,1,0,1,1,5,12,15,11,19,10,14,11,18,28,0,0,0,1,5,0,1,14,15,19,0,28,40,10,10,2,2,4,7,12,1,0,0,2,2,0,4,4,1,9,10,10,28,30,28
911,intent:donate,1,1,2,3,0,5,11,12,5,25,5,25,50,53,62,1,3,0,5,4,2,5,4,2,18,25,17,41,14,25,0,0,0,0,6,4,11,4,9,2,31,25,44,6,23,3,4,9,20,37,0,2,1,1,1,1,12,9,12,8,6,8,2,11,5
912,intent:can_i_get_from_packages_surfaces,0,3,3,5,5,3,5,5,3,8,25,28,62,56,34,0,1,1,0,6,5,8,6,9,29,5,15,47,38,29,0,0,0,1,5,0,4,2,2,12,18,29,17,16,6,1,1,2,2,4,0,0,0,3,3,2,3,3,4,25,23,24,41,16,39
913,intent:hi,3,0,2,7,1,2,12,11,8,16,1,19,12,51,49,0,0,1,4,7,7,9,7,7,7,27,7,27,52,51,1,1,2,6,4,5,6,1,6,8,1,16,55,45,21,4,5,12,25,50,1,1,2,7,7,5,6,6,7,2,3,2,32,8,16
914,intent:myths,0,3,3,0,2,3,0,2,14,0,21,5,0,21,20,1,1,0,1,1,5,15,10,5,13,8,28,29,29,4,0,0,0,1,5,0,2,3,4,5,9,5,30,4,49,1,1,1,1,2,0,0,0,0,3,2,9,12,9,13,13,14,3,1,2
915,intent:latest_numbers,3,0,2,4,0,2,4,10,2,3,11,30,31,35,47,0,0,1,6,0,4,11,13,12,15,22,10,35,27,58,0,0,0,7,7,7,1,14,15,3,23,3,3,3,4,4,8,15,29,57,1,1,2,2,2,3,10,10,1,11,11,11,49,55,49
916,intent:donate,0,3,3,5,5,3,5,5,3,8,7,4,32,13,4,3,0,3,3,3,3,3,3,3,4,2,3,46,56,43,2,2,1,2,1,3,0,7,1,9,25,6,18,42,46,4,6,13,26,51,3,3,3,6,6,6,7,7,5,1,2,1,59,59,57
917,intent:latest_numbers,3,0,2,4,0,2,4,0,12,29,0,20,43,0,24,0,0,1,6,0,4,6,0,4,26,0,6,4,0,37,0,0,0,7,7,7,7,13,7,24,2,22,11,3,4,4,8,16,32,64,1,2,1,2,2,3,13,13,11,5,5,4,53,54,51
918,intent:myths,2,2,1,0,2,1,0,7,1,28,12,22,15,40,36,1,1,0,1,1,5,12,15,11,12,19,20,19,9,10,0,0,0,1,5,0,15,11,5,18,5,23,24,5,58,2,2,4,5,9,1,0,0,2,2,0,4,4,14,29,26,27,29,28,32
919,intent:what_is_corona,2,2,0,6,4,0,15,4,11,19,28,18,8,43,30,0,0,1,6,0,4,11,13,12,10,12,18,12,25,60,0,0,0,1,5,0,14,15,13,17,14,27,25,20,28,2,2,3,4,8,1,0,0,2,2,0,10,10,15,17,15,18,10,10,8
920,intent:what_are_treatment_options,0,3,3,5,5,3,5,5,13,11,15,21,17,10,7,1,1,0,1,1,5,15,10,5,13,8,28,29,29,4,0,0,0,1,5,0,4,2,2,25,6,31,1,50,59,2,3,7,15,26,0,0,0,0,3,2,9,12,9,23,24,25,21,23,19
921,intent:protect_yourself,1,0,2,3,6,7,14,6,7,18,18,10,61,26,51,1,3,0,5,4,2,5,4,10,16,28,2,17,50,38,0,0,0,1,5,0,2,3,4,14,3,9,50,3,4,3,4,8,16,28,0,1,2,1,4,3,2,2,2,31,30,15,50,49,50
922,intent:news_and_press,3,0,2,4,0,2,4,10,2,22,11,30,31,22,57,0,0,1,6,0,4,11,13,12,15,22,10,43,11,50,0,0,0,7,7,7,1,14,15,3,23,3,60,2,0,4,8,15,29,58,1,1,2,2,2,3,10,10,1,11,11,11,18,14,12
923,intent:can_i_get_from_packages_surfaces,0,3,3,5,5,3,5,5,3,8,25,28,62,56,34,0,1,1,0,6,5,8,6,9,29,5,15,47,38,29,0,0,0,1,5,0,4,2,2,12,18,29,17,16,6,1,1,2,2,4,0,0,0,3,3,2,3,3,4,25,23,24,41,16,39
924,intent:news_and_press,3,0,2,4,0,2,4,10,2,22,11,30,31,46,57,0,0,1,6,0,4,11,13,12,15,22,10,43,11,50,0,0,0,7,7,7,1,14,15,3,23,3,60,2,0,4,8,15,29,58,1,1,2,2,2,3,10,10,1,11,11,11,18,14,12
925,intent:what_are_treatment_options,2,2,1,6,4,1,6,7,1,4,24,1,54,33,1,1,1,0,1,1,5,13,10,5,27,29,31,13,13,20,0,0,0,1,5,0,2,3,4,31,6,13,53,8,34,2,3,7,15,27,0,0,0,0,0,0,14,14,13,14,12,16,7,19,14
926,intent:latest_numbers,3,1,2,4,0,2,4,0,12,29,0,20,16,36,50,0,0,1,6,0,4,6,0,4,3,0,6,34,53,34,0,0,0,7,7,7,7,13,7,28,21,19,15,46,32,4,8,16,30,59,1,2,1,2,2,3,13,13,11,5,5,4,33,39,37
927,intent:what_is_corona,0,3,3,5,5,3,5,5,3,8,7,28,33,13,17,0,1,1,0,6,5,8,6,9,9,5,15,10,5,44,0,0,0,1,5,0,4,2,2,21,22,1,7,24,11,1,1,2,3,6,0,0,0,3,3,2,3,3,4,10,9,9,19,18,21
928,intent:myths,0,3,3,0,2,3,0,2,14,0,21,5,0,21,31,1,1,0,1,1,5,15,10,5,25,26,8,14,19,24,0,0,0,1,5,0,4,2,2,5,9,5,30,4,49,2,3,7,14,25,0,0,0,0,3,2,9,12,9,13,13,14,3,1,2
929,intent:what_is_corona,2,1,1,2,0,1,2,10,2,2,11,30,1,22,57,0,0,1,6,0,4,11,13,12,17,17,25,59,30,17,0,0,0,7,7,7,1,14,15,26,23,28,59,18,43,4,8,16,31,60,1,0,0,2,2,0,4,4,1,18,19,20,57,58,55
930,intent:protect_yourself,2,1,1,2,7,1,2,9,10,21,29,11,11,50,43,1,3,0,5,4,2,5,4,10,16,28,2,62,22,39,0,0,0,1,5,0,11,4,9,0,16,10,58,21,33,2,3,5,10,21,0,0,1,1,0,0,14,9,13,12,29,15,27,45,31
931,intent:what_are_symptoms,1,1,1,1,6,7,1,15,7,1,30,7,49,6,41,1,1,0,1,1,5,1,8,8,1,11,13,1,8,54,0,0,0,1,5,0,13,10,8,15,4,14,32,1,26,2,3,6,13,24,0,0,0,0,0,0,8,8,8,7,7,6,23,9,23
932,intent:hi,3,0,2,7,1,2,12,11,15,17,1,19,34,1,32,0,0,1,4,7,7,9,7,7,21,7,7,40,59,31,1,1,2,6,4,5,6,1,6,8,1,16,31,63,54,4,5,12,25,50,1,1,2,7,7,5,6,6,7,2,3,2,40,8,40
933,intent:what_are_symptoms,0,3,3,1,5,3,1,15,13,13,30,27,29,4,42,1,1,0,1,1,5,14,8,8,20,16,19,18,21,16,0,0,0,1,5,0,4,2,2,19,22,1,7,24,11,1,1,2,3,6,0,0,0,0,0,2,8,8,8,20,22,19,34,38,24
934,intent:okay_thanks,3,0,2,4,1,6,8,13,6,7,22,13,44,12,12,2,2,2,2,5,6,2,5,6,2,3,5,2,51,5,3,3,3,3,2,2,9,0,11,6,8,12,63,58,14,4,5,11,23,47,2,1,2,5,5,4,5,5,6,4,1,3,20,20,45
935,intent:news_and_press,0,3,3,5,5,3,5,5,3,8,7,6,60,13,17,0,1,1,0,6,5,8,6,9,9,5,23,26,23,23,0,0,0,1,5,0,4,2,2,3,30,3,34,33,18,1,1,2,3,5,0,0,0,3,3,2,3,3,4,26,25,26,22,22,20
936,intent:can_i_get_from_packages_surfaces,2,1,1,2,7,1,13,9,10,10,13,23,59,57,15,1,1,0,1,1,0,7,14,0,23,21,16,36,16,57,0,0,0,1,5,0,2,3,4,22,15,20,56,40,31,2,3,5,9,19,0,0,0,0,0,0,3,3,4,25,23,24,48,16,15
937,intent:what_if_i_visited_high_risk_area,1,1,2,3,6,7,14,12,7,30,27,10,53,39,46,1,3,0,5,4,2,5,4,10,16,28,2,55,50,2,0,0,0,0,6,4,11,4,9,0,16,10,43,52,4,3,4,8,17,33,0,2,1,1,1,1,12,9,12,8,31,8,38,42,56
938,intent:what_is_corona,2,2,1,6,4,1,15,7,1,28,12,8,29,42,25,1,1,0,1,1,5,12,15,11,19,10,14,11,18,28,0,0,0,1,5,0,1,14,15,19,0,28,40,10,10,2,2,4,7,12,1,0,0,2,2,0,4,4,1,9,10,10,28,30,28
939,intent:protect_yourself,1,1,2,3,6,7,14,12,7,18,27,10,22,34,52,1,3,0,5,4,2,5,4,10,16,28,2,17,50,38,0,0,0,1,5,0,2,3,4,0,16,10,50,61,56,3,4,8,17,31,0,1,2,1,4,3,2,2,2,31,30,15,50,49,50
940,intent:can_i_get_from_feces_animal_pets,3,0,2,4,1,2,4,10,2,3,27,2,9,5,16,1,1,0,7,1,0,7,1,0,14,14,26,38,24,22,0,0,0,1,5,0,2,3,4,14,7,4,11,3,4,2,3,5,8,14,1,0,0,0,0,0,2,2,2,31,7,6,26,63,63
941,intent:what_if_i_visited_high_risk_area,1,1,2,3,6,4,11,12,4,25,5,25,50,53,62,1,3,0,5,4,2,5,4,2,18,25,17,41,14,25,0,0,0,0,6,4,11,4,9,2,31,25,44,6,23,3,4,9,20,37,0,2,1,1,1,1,12,9,12,8,6,8,2,11,5
942,intent:hi,3,0,2,7,1,2,7,11,8,17,1,19,12,51,14,0,0,1,4,7,7,9,7,7,7,27,7,27,52,51,1,1,2,6,4,5,6,1,6,8,1,16,31,63,54,4,5,12,25,50,1,1,2,7,7,5,6,6,7,2,3,2,9,8,9
943,intent:news_and_press,2,0,1,2,0,1,2,10,2,2,11,30,31,22,57,0,0,1,6,0,4,11,13,12,17,17,25,43,11,50,0,0,0,1,5,0,1,14,15,26,23,28,38,47,22,4,8,15,29,58,1,0,0,2,2,0,4,4,1,9,10,10,25,24,27
944,intent:can_i_get_from_feces_animal_pets,0,3,3,5,5,3,5,5,13,11,25,24,26,31,44,1,1,0,7,1,0,7,1,0,8,14,29,22,34,26,0,0,0,1,5,0,2,3,4,30,7,4,33,51,50,1,1,2,2,3,0,0,0,0,0,0,0,0,0,15,18,13,26,35,26
945,intent:protect_yourself,1,1,2,3,6,7,14,6,7,31,18,31,61,26,54,1,3,0,5,4,2,10,12,14,31,9,12,52,55,19,0,0,0,1,5,0,5,8,0,1,11,11,61,34,62,3,4,8,16,28,0,0,1,1,1,1,11,11,10,22,21,21,5,7,13
946,intent:what_is_corona,0,3,3,5,5,3,5,5,3,8,3,28,33,13,17,0,1,1,0,6,5,8,6,9,9,5,15,10,5,44,0,0,0,1,5,0,4,2,2,21,22,1,7,24,11,1,1,2,2,3,0,0,0,3,3,2,3,3,4,10,9,9,19,18,21
947,intent:hi,3,0,3,7,5,2,7,11,8,17,1,19,3,24,9,0,0,1,4,7,7,9,7,7,21,7,7,8,7,31,1,1,2,6,4,5,6,1,6,8,24,30,31,19,16,4,5,12,25,49,1,1,2,7,7,5,6,6,7,2,3,2,9,29,9
948,intent:okay_thanks,3,0,2,4,1,6,8,13,6,7,14,16,57,63,8,2,2,2,2,5,6,2,5,6,30,30,30,25,43,32,3,3,3,3,2,2,9,0,11,13,20,17,28,22,7,4,5,11,23,45,2,1,2,5,5,4,5,5,6,30,1,30,36,41,44
949,intent:share,3,0,2,4,1,2,8,1,9,20,4,15,35,28,29,0,0,1,4,2,1,4,2,1,24,6,22,30,26,33,0,0,0,5,3,6,12,9,12,14,3,9,49,48,1,4,7,14,27,54,1,1,2,4,4,3,2,2,2,0,0,0,35,31,34
950,intent:how_does_corona_spread,1,1,2,3,6,7,3,6,7,15,31,9,18,47,46,1,3,0,5,4,2,10,12,14,22,23,24,20,15,12,0,0,0,1,5,0,5,8,0,29,19,21,8,0,13,3,4,8,19,36,0,0,1,1,1,1,11,11,10,16,14,17,16,17,18
951,intent:what_are_treatment_options,2,2,0,6,4,0,15,4,11,19,28,18,8,43,30,0,0,1,6,0,4,11,13,12,10,12,18,12,25,60,0,0,0,1,5,0,14,15,13,17,14,27,25,20,28,2,2,3,4,7,1,0,0,2,2,0,10,10,15,17,15,18,10,10,8
952,intent:how_does_corona_spread,2,1,1,2,7,1,13,14,10,10,2,23,14,41,23,1,1,0,7,1,0,7,1,0,8,14,29,37,17,59,0,0,0,1,5,0,2,3,4,22,15,20,54,54,29,2,3,5,9,18,0,0,0,0,0,0,0,0,0,28,28,28,54,32,38
953,intent:latest_numbers,2,1,1,2,7,1,2,14,12,2,10,12,19,23,19,0,0,1,6,0,4,6,0,4,26,0,6,53,0,9,0,0,0,7,7,7,7,13,7,24,2,22,2,30,24,4,8,16,31,61,1,2,1,2,2,3,13,13,11,5,5,4,4,3,3
954,intent:what_are_treatment_options,0,3,3,5,5,3,13,14,13,11,15,21,17,10,7,1,1,0,1,1,5,15,10,5,13,8,28,29,29,4,0,0,0,1,5,0,2,3,4,25,6,31,1,50,59,2,3,7,15,26,0,0,0,0,3,2,9,12,9,23,24,25,21,23,19
955,intent:what_is_corona,0,3,3,5,5,3,5,5,3,12,3,28,2,13,17,0,1,1,0,6,5,8,6,9,9,5,15,10,5,44,0,0,0,1,5,0,4,2,2,21,22,1,7,24,11,1,1,2,3,6,0,0,0,3,3,2,3,3,4,10,9,9,19,18,21
956,intent:protect_yourself,1,1,2,3,6,7,14,12,7,30,29,10,22,34,59,1,3,0,5,4,2,5,4,10,16,28,2,17,50,2,0,0,0,1,5,0,11,4,9,0,16,10,41,26,52,3,4,8,17,30,0,2,1,1,1,1,12,9,12,12,6,15,62,61,36
957,intent:myths,0,3,3,0,2,3,0,2,14,0,21,5,0,21,20,0,0,1,0,6,5,0,9,13,0,15,9,0,12,14,0,0,0,4,0,1,3,5,3,10,26,26,57,37,8,1,1,1,1,1,0,0,0,3,3,2,15,15,14,21,20,22,6,5,7
958,intent:okay_thanks,1,0,2,3,3,6,8,13,6,7,9,13,44,7,40,2,2,2,2,5,6,2,5,6,2,3,5,2,51,5,3,3,3,3,2,2,9,0,11,6,8,12,48,13,25,4,5,11,23,46,2,1,2,5,5,4,5,5,6,4,1,3,0,0,1
959,intent:news_and_press,0,3,3,5,5,3,5,5,3,12,7,6,60,13,17,0,0,1,0,6,5,8,6,9,9,5,23,26,23,23,0,0,0,1,5,0,4,2,2,3,30,3,34,33,18,1,1,2,3,5,0,0,0,3,3,2,3,3,4,26,25,26,22,22,20
960,intent:what_if_i_visited_high_risk_area,1,1,2,3,3,4,11,12,4,30,5,25,53,53,53,1,3,0,5,4,2,5,4,2,18,25,17,41,14,25,0,0,0,0,6,4,11,4,9,2,31,25,43,52,23,3,4,9,20,38,0,2,1,1,1,1,12,9,12,8,6,8,2,11,5
961,intent:what_are_symptoms,2,2,1,6,4,1,6,7,1,4,24,1,36,42,1,1,1,0,1,1,5,1,8,8,1,11,13,39,33,42,0,0,0,1,5,0,2,3,4,19,0,13,0,55,37,2,2,4,7,11,0,0,0,0,0,0,8,8,8,7,7,6,31,25,30
962,intent:how_does_corona_spread,2,2,0,6,4,0,15,4,11,19,23,0,8,43,0,1,1,0,1,1,0,7,14,0,23,21,16,36,16,57,0,0,0,1,5,0,2,3,4,31,15,13,56,40,31,2,2,3,4,7,0,0,0,0,0,0,3,3,15,25,23,24,48,16,61
963,intent:protect_yourself,1,1,2,3,6,7,3,6,7,31,18,31,37,26,28,1,3,0,5,4,2,10,12,14,31,9,12,52,55,52,0,0,0,1,5,0,5,8,0,1,11,11,61,34,62,3,4,8,18,34,0,0,1,1,1,1,11,11,10,22,21,21,5,7,13
964,intent:myths,0,3,3,0,2,3,0,2,14,0,15,5,30,21,20,1,1,0,1,1,5,12,15,11,12,19,20,19,9,10,0,0,0,1,5,0,2,3,5,18,6,23,24,5,4,1,1,1,1,2,0,0,0,0,3,2,9,12,14,29,26,27,29,28,32
965,intent:what_is_corona,2,1,1,2,7,1,2,9,10,24,13,23,1,8,15,1,1,0,1,1,5,12,15,11,23,24,27,31,32,36,0,0,0,1,5,0,1,14,15,27,29,2,52,21,36,2,3,5,11,22,0,0,0,2,2,0,4,4,1,18,19,20,46,26,15
966,intent:what_is_corona,3,2,0,6,4,0,15,4,11,19,28,18,8,43,30,0,0,1,6,0,4,11,13,12,10,12,18,12,25,60,0,0,0,1,5,0,14,15,13,17,14,27,25,20,28,2,2,3,4,8,1,0,0,2,2,0,10,10,15,17,15,18,10,10,8
967,intent:news_and_press,3,0,2,4,1,2,4,10,2,22,11,30,31,22,57,0,0,1,6,0,4,11,13,12,15,22,10,43,11,18,0,0,0,1,5,0,1,14,15,3,23,3,60,2,0,4,8,15,29,58,1,1,2,2,2,3,10,10,1,11,11,11,18,14,12
968,intent:what_are_treatment_options,0,3,3,5,5,3,5,5,13,8,16,21,46,16,10,0,1,1,1,6,5,15,10,5,25,26,8,14,19,24,0,0,0,1,5,0,4,2,2,5,9,5,30,4,49,2,3,7,14,25,0,0,0,0,3,2,9,12,9,13,13,14,3,1,2
969,intent:latest_numbers,2,1,1,2,0,1,2,0,12,29,10,12,16,23,19,0,0,1,6,0,4,6,0,4,26,0,6,53,0,9,0,0,0,7,7,7,7,13,7,24,2,22,39,43,45,4,8,16,31,61,1,2,1,2,2,3,13,13,11,5,5,4,4,3,3
970,intent:protect_yourself,1,1,2,3,6,7,14,12,7,18,29,11,22,34,52,1,3,0,5,4,2,5,4,10,16,28,2,17,50,38,0,0,0,1,5,0,11,4,9,0,16,10,41,61,56,3,4,8,17,31,0,2,1,1,1,1,12,9,12,12,6,15,50,33,36
971,intent:what_are_treatment_options,0,3,3,5,5,3,5,5,13,11,16,21,46,16,31,1,1,0,1,6,5,15,10,5,25,26,8,14,19,24,0,0,0,1,5,0,4,2,2,5,9,5,30,4,49,2,3,7,14,25,0,0,0,0,3,2,9,12,9,13,13,14,3,1,2
972,intent:share,3,0,2,4,1,2,8,1,9,20,4,15,35,28,29,0,0,1,4,2,1,4,2,1,24,6,22,30,26,33,0,0,0,5,3,6,12,9,12,14,3,9,49,48,1,4,7,14,27,54,1,1,2,4,4,3,2,2,2,0,0,0,35,31,34
973,intent:hi,3,0,2,7,1,2,7,11,8,17,1,19,3,24,9,0,0,1,4,7,7,9,7,7,21,7,7,8,7,31,1,1,2,6,4,5,6,1,6,8,24,30,31,19,16,4,5,12,25,50,1,1,2,7,7,5,6,6,7,2,3,2,9,29,9
974,intent:what_are_symptoms,1,1,2,1,6,7,1,15,2,13,30,27,42,60,42,1,1,0,1,1,5,14,8,8,20,16,19,63,49,45,0,0,0,1,5,0,8,6,10,4,10,0,45,35,44,2,3,6,12,23,0,0,0,0,0,2,8,8,8,20,22,19,34,38,24
975,intent:can_i_get_from_feces_animal_pets,2,2,0,6,4,0,6,4,0,4,23,0,8,33,0,1,1,0,7,1,0,7,1,0,28,1,0,60,1,0,0,0,0,1,5,0,2,3,4,30,7,4,47,15,15,2,3,5,8,15,0,0,0,0,0,0,0,0,0,6,8,7,42,44,42
976,intent:what_are_treatment_options,0,3,3,5,6,7,3,6,13,11,8,24,30,31,23,1,1,0,1,1,5,15,10,5,13,8,28,29,29,4,0,0,0,1,5,0,2,3,4,5,9,5,30,4,49,3,4,8,18,34,0,0,0,0,3,2,9,12,9,13,13,14,3,1,2
977,intent:what_are_symptoms,1,1,2,1,6,7,1,15,7,13,30,27,42,60,45,1,1,0,1,1,5,14,8,8,20,16,19,63,49,45,0,0,0,1,5,0,2,3,4,31,7,13,45,35,44,3,4,8,17,29,0,0,0,0,0,2,8,8,8,20,22,19,38,42,24
978,intent:hi,3,0,2,4,1,2,4,10,2,3,27,30,3,35,47,0,0,1,4,7,7,9,7,7,7,27,7,32,31,21,0,0,0,1,5,0,1,14,15,14,23,3,11,56,4,4,8,15,29,57,1,1,2,4,2,3,6,6,7,11,11,11,55,48,49
979,intent:travel,1,1,2,3,6,7,3,6,7,15,31,9,18,47,46,1,3,0,5,4,2,10,12,14,22,23,24,20,15,12,0,0,0,1,5,0,5,8,0,29,19,21,8,0,13,3,4,8,19,36,0,0,1,1,1,1,11,11,10,16,14,17,16,17,18
980,intent:protect_yourself,1,1,2,3,6,7,3,6,7,15,31,9,18,47,46,1,3,0,5,4,2,10,12,14,22,23,24,20,15,12,0,0,0,1,5,0,5,8,0,29,19,21,8,0,13,3,4,8,19,36,0,0,1,1,1,1,11,11,10,16,14,17,16,17,18
981,intent:news_and_press,3,0,2,4,0,2,4,10,2,22,11,30,31,46,57,0,0,1,6,0,4,11,13,12,15,22,10,43,11,50,0,0,0,7,7,7,1,14,15,3,23,3,60,2,0,4,8,15,29,58,1,1,2,2,2,3,10,10,1,11,11,11,18,14,12
982,intent:what_if_i_visited_high_risk_area,1,1,1,3,7,4,11,12,4,30,5,25,13,39,53,1,3,0,5,4,2,5,4,2,18,25,17,58,14,61,0,0,0,1,5,0,11,4,9,2,31,25,43,52,4,3,4,9,20,39,0,2,1,1,1,1,12,9,12,8,6,8,2,33,5
983,intent:how_does_corona_spread,2,2,1,6,4,1,6,7,1,27,24,1,47,33,22,1,1,0,7,1,0,7,14,0,14,14,26,38,24,22,0,0,0,1,5,0,2,3,4,22,15,20,29,29,42,2,2,4,7,13,0,0,0,0,0,0,0,0,0,27,16,23,13,27,29
984,intent:okay_thanks,3,0,0,4,1,6,8,13,6,7,9,16,52,12,6,2,2,2,2,5,6,2,5,6,2,3,5,45,3,48,3,3,3,3,2,2,9,0,11,6,8,12,14,31,60,4,5,11,23,46,2,1,2,5,5,4,5,5,6,4,1,3,0,0,35
985,intent:share,3,0,2,4,1,2,8,1,9,9,4,15,35,28,16,0,0,1,4,2,1,4,2,1,24,6,22,6,41,33,0,0,0,5,3,6,12,9,12,14,3,9,49,48,1,4,7,14,27,54,1,1,2,4,4,3,2,2,2,0,0,0,35,31,34
986,intent:what_is_corona,0,3,3,5,5,3,5,5,3,8,7,6,60,13,17,0,1,1,0,6,5,8,6,9,9,5,23,26,23,23,0,0,0,1,5,0,4,2,2,3,30,3,34,33,18,1,1,2,3,5,0,0,0,3,3,2,3,3,4,26,25,26,22,22,20
987,intent:can_i_get_from_packages_surfaces,2,1,1,2,7,1,13,14,10,10,2,7,14,11,33,1,1,0,7,1,0,7,1,0,8,14,29,7,17,59,0,0,0,1,5,0,2,3,4,22,15,20,10,57,57,2,3,5,9,18,0,0,0,0,0,0,0,0,0,28,27,28,54,32,25
988,intent:travel,1,1,2,3,3,4,10,3,4,6,20,3,5,18,63,1,3,0,5,4,2,5,11,15,11,4,11,5,37,56,0,0,0,0,6,4,10,12,14,23,12,24,26,9,41,3,4,10,21,40,0,2,1,1,1,1,1,1,3,19,17,12,17,12,0
989,intent:how_does_corona_spread,2,1,1,2,7,1,13,9,10,10,2,23,14,11,18,1,1,0,7,1,0,7,14,0,14,31,16,21,39,47,0,0,0,1,5,0,2,3,4,22,15,20,54,54,29,2,3,5,9,18,0,0,0,0,0,0,0,0,0,28,28,28,24,32,38
990,intent:can_i_get_from_feces_animal_pets,2,1,1,2,7,7,13,14,0,23,2,24,26,48,33,1,1,0,7,1,0,7,1,0,28,1,29,22,54,30,0,0,0,1,5,0,2,3,4,30,7,4,4,14,3,2,3,5,8,14,0,0,0,0,0,0,0,0,0,6,8,7,26,15,17
991,intent:latest_numbers,0,3,3,5,5,3,5,5,13,12,15,20,30,4,48,0,0,1,6,0,4,6,0,4,3,0,6,34,53,34,0,0,0,7,7,7,4,2,2,21,22,1,11,3,4,4,8,16,31,61,0,0,0,3,3,2,3,3,4,8,9,9,33,39,37
992,intent:protect_yourself,1,1,2,3,6,7,3,6,7,15,31,9,18,29,21,1,3,0,5,4,2,10,12,14,22,23,24,20,15,12,0,0,0,1,5,0,5,8,0,29,19,21,8,0,13,3,4,8,19,36,0,0,1,1,1,1,11,11,10,16,14,17,16,17,18
993,intent:what_if_i_visited_high_risk_area,2,2,1,6,4,1,6,7,1,4,24,1,36,42,60,1,3,0,5,4,2,5,4,2,18,25,17,58,14,61,0,0,0,1,5,0,11,4,9,2,31,28,51,62,47,2,2,4,7,13,0,2,1,2,1,1,12,9,12,8,6,8,51,57,52
994,intent:hi,3,0,2,7,1,2,7,11,8,16,1,19,12,1,49,0,0,1,4,7,7,9,7,7,7,27,7,27,52,51,1,1,2,6,4,5,6,1,6,8,1,16,55,45,21,4,5,12,25,50,1,1,2,7,7,5,6,6,7,2,3,2,32,8,16
995,intent:can_i_get_from_feces_animal_pets,2,1,1,2,7,1,13,14,10,23,2,23,40,61,18,1,1,0,7,1,0,7,1,0,28,1,0,22,54,30,0,0,0,1,5,0,2,3,4,30,7,4,4,14,3,2,3,5,8,14,0,0,0,0,0,0,0,0,0,6,8,7,8,15,17
996,intent:how_does_corona_spread,0,3,3,2,5,3,2,9,13,15,31,9,18,29,21,1,3,0,5,4,2,10,12,14,22,23,24,20,15,12,0,0,0,1,5,0,5,8,0,29,19,21,8,0,13,2,3,5,9,17,0,0,1,1,1,1,11,11,10,16,14,17,16,17,18
997,intent:okay_thanks,3,0,2,4,1,6,8,13,6,7,14,26,57,63,12,2,2,2,2,5,6,2,5,6,30,30,30,25,43,32,3,3,3,3,2,2,9,0,11,13,20,17,28,22,7,4,5,11,23,45,2,1,2,5,5,4,5,5,6,30,1,30,36,41,44
998,intent:donate,3,0,2,4,1,5,9,8,5,14,17,29,6,25,13,3,0,3,3,3,3,3,3,3,4,2,3,46,4,43,2,2,1,2,1,3,0,7,1,9,25,6,12,7,48,4,6,13,26,52,3,3,3,6,6,6,7,7,5,1,2,1,14,4,6
999,intent:can_i_get_from_feces_animal_pets,2,1,1,2,7,1,13,14,0,23,2,7,56,48,33,1,1,0,7,1,0,7,1,0,28,1,0,22,54,30,0,0,0,1,5,0,2,3,4,30,7,4,4,14,3,2,3,5,8,15,0,0,0,0,0,0,0,0,0,6,8,7,8,15,17
1000,intent:what_if_i_visited_high_risk_area,2,2,1,6,4,1,6,7,1,25,5,25,47,42,62,1,3,0,5,4,2,5,4,2,18,25,17,58,14,61,0,0,0,1,5,0,11,4,9,2,31,25,51,62,47,2,2,4,7,13,0,2,1,1,1,1,12,9,12,8,6,8,51,57,52
1001,intent:news_and_press,2,2,1,6,4,1,15,7,1,28,12,8,4,9,60,0,0,1,6,0,4,11,13,12,17,17,25,16,58,40,0,0,0,7,7,7,1,14,15,26,23,28,38,47,22,2,2,4,6,10,1,0,0,2,2,0,4,4,1,9,10,10,25,24,27
1002,intent:share,3,0,2,4,1,2,8,1,9,20,19,15,25,30,29,0,0,1,4,2,1,4,2,1,24,6,1,6,41,1,0,0,0,5,3,6,12,9,12,16,28,7,20,38,27,4,7,14,28,56,1,1,2,4,4,3,2,2,2,0,0,0,1,2,4
1003,intent:can_i_get_from_packages_surfaces,2,2,1,6,4,1,6,7,1,27,24,1,47,29,21,1,3,0,5,4,2,10,12,14,22,23,24,20,15,12,0,0,0,1,5,0,5,8,0,29,19,21,8,0,13,3,4,8,19,36,0,0,1,1,1,1,11,11,10,16,14,17,16,17,18
1004,intent:what_are_treatment_options,0,3,3,5,5,3,5,5,3,12,16,21,23,19,10,1,1,0,1,6,5,15,10,5,25,26,8,14,19,24,0,0,0,1,5,0,4,2,2,5,9,5,30,4,49,2,3,7,14,25,0,0,0,0,3,2,9,12,9,13,13,14,3,1,2
1005,intent:what_if_i_visited_high_risk_area,1,1,2,3,6,4,11,12,4,25,5,25,50,57,62,1,3,0,5,4,2,5,4,2,18,25,17,41,14,25,0,0,0,0,6,4,11,4,9,2,31,25,44,6,23,3,4,9,20,37,0,2,1,1,1,1,12,9,12,8,6,8,2,11,5
1006,intent:what_are_symptoms,0,3,3,1,5,3,1,15,13,1,30,21,49,4,41,1,1,0,1,1,5,1,8,8,1,11,13,1,8,54,0,0,0,1,5,0,13,10,8,15,4,14,32,1,26,2,3,6,13,24,0,0,0,0,0,0,8,8,8,7,7,6,58,9,54
1007,intent:latest_numbers,3,1,2,2,0,2,4,0,12,29,10,12,19,59,19,0,0,1,6,0,4,6,0,4,26,0,6,4,0,37,0,0,0,7,7,7,7,13,7,24,2,22,2,30,24,4,8,16,32,64,1,2,1,2,2,3,13,13,11,5,5,4,4,3,3
1008,intent:share,3,0,2,4,1,2,8,1,9,9,4,15,55,28,16,0,0,1,4,2,1,4,2,1,6,6,22,51,6,55,0,0,0,5,3,6,12,9,12,14,3,9,49,3,1,4,7,14,27,54,1,1,2,4,4,3,2,2,2,0,0,0,35,31,34
1009,intent:what_is_corona,2,1,1,2,7,1,2,9,10,24,13,23,1,8,15,1,1,0,1,1,5,12,15,11,23,24,27,31,32,36,0,0,0,1,5,0,1,14,15,27,29,2,52,21,36,2,3,5,11,22,1,0,0,2,2,0,4,4,1,18,19,20,46,26,15
1010,intent:donate,3,0,2,4,1,5,9,8,5,14,17,29,6,54,26,3,0,3,3,3,3,3,3,3,4,2,3,46,63,43,2,2,1,2,1,3,0,7,1,9,25,6,22,39,53,4,6,13,26,52,3,3,3,6,6,6,7,7,5,1,2,1,37,36,43
1011,intent:hi,3,0,2,7,1,2,12,11,8,17,1,19,3,24,9,0,0,1,4,7,7,9,7,7,21,7,7,8,7,31,1,1,2,6,4,5,6,1,6,8,24,30,31,19,16,4,5,12,24,48,1,1,2,7,7,5,6,6,7,2,3,2,9,29,9
1012,intent:what_if_i_visited_high_risk_area,2,1,1,6,4,1,11,12,1,30,5,25,53,39,53,1,3,0,5,4,2,5,4,2,18,25,17,58,14,61,0,0,0,1,5,0,11,4,9,31,31,13,51,62,47,3,4,9,20,39,0,2,1,1,1,1,12,9,12,8,6,8,51,57,52
1013,intent:news_and_press,3,0,2,4,0,2,4,10,2,22,11,30,31,22,47,0,0,1,6,0,4,11,13,12,15,22,10,43,11,18,0,0,0,1,5,0,1,14,15,3,23,3,60,2,0,4,8,15,29,58,1,1,2,2,2,3,10,10,1,11,11,11,18,14,12
1014,intent:what_are_treatment_options,2,2,1,6,4,1,6,7,1,4,24,1,54,33,1,1,1,0,1,1,5,13,10,5,27,29,31,13,13,20,0,0,0,1,5,0,2,3,4,31,6,13,53,8,34,2,3,7,15,27,0,0,0,0,0,0,14,14,13,14,12,16,7,19,14
1015,intent:how_does_corona_spread,2,2,1,6,7,1,6,7,1,27,24,1,47,33,22,1,1,0,7,1,0,7,14,0,14,14,26,38,24,22,0,0,0,1,5,0,2,3,4,22,15,20,29,29,42,2,2,4,7,13,0,0,0,0,0,0,0,0,0,27,16,23,13,27,29
1016,intent:travel,1,1,2,3,3,4,14,3,4,31,18,17,61,26,55,1,3,0,5,4,2,5,11,15,11,4,11,5,10,56,0,0,0,0,6,4,10,12,14,23,12,24,62,60,40,3,4,8,16,28,0,2,1,1,1,1,1,1,3,3,4,12,52,50,0
1017,intent:news_and_press,0,3,3,5,5,3,5,5,3,8,7,6,60,13,17,0,1,1,0,6,5,8,6,9,9,5,23,26,23,23,0,0,0,1,5,0,4,2,2,3,30,3,34,33,18,1,1,2,3,5,0,0,0,3,3,2,3,3,4,26,25,26,22,22,20
1018,intent:can_i_get_from_packages_surfaces,0,3,3,5,5,3,5,5,13,11,15,24,2,0,23,0,0,1,6,0,4,6,0,4,26,0,6,4,0,37,0,0,0,1,5,0,4,2,2,21,22,1,10,3,4,1,1,1,1,2,0,0,0,3,3,2,3,3,4,24,27,29,44,52,46
1019,intent:can_i_get_from_packages_surfaces,1,1,2,3,6,7,3,6,7,31,8,31,37,27,28,1,3,0,5,4,2,10,12,14,31,9,12,9,20,52,0,0,0,1,5,0,5,8,0,1,11,11,36,25,39,3,4,8,18,34,0,0,1,1,1,1,11,11,10,22,21,21,5,7,13
1020,intent:can_i_get_from_packages_surfaces,2,2,0,6,4,0,15,4,11,19,28,18,8,43,30,0,0,1,6,0,4,11,13,12,10,12,18,12,25,60,0,0,0,1,5,0,14,15,13,17,14,27,25,20,28,2,2,3,4,7,1,0,0,2,2,0,10,10,15,17,15,18,10,10,8
1021,intent:news_and_press,0,3,3,5,5,3,4,10,3,22,11,6,60,22,57,0,0,1,0,6,5,8,6,9,9,5,23,26,23,23,0,0,0,1,5,0,1,14,15,3,30,3,34,33,18,1,1,2,3,5,0,0,0,3,3,2,3,3,4,26,25,26,22,22,20
1022,intent:okay_thanks,3,0,2,4,1,2,8,10,2,3,22,14,45,5,12,2,2,2,2,5,6,2,5,6,2,3,5,2,51,5,3,3,3,3,2,2,9,0,11,14,8,9,11,3,4,4,5,11,23,47,2,1,2,5,5,4,5,5,6,4,1,3,60,20,45
1023,intent:what_is_corona,3,2,0,6,4,0,15,4,11,19,28,18,8,43,30,0,0,1,6,0,4,11,13,12,10,12,18,12,25,60,0,0,0,1,5,0,14,15,13,17,14,27,25,20,28,2,2,3,4,8,1,0,0,2,2,0,10,10,15,17,15,18,10,10,8
1024,intent:what_are_treatment_options,2,1,1,2,7,1,2,9,10,2,13,7,1,45,45,1,1,0,1,1,5,13,10,5,27,29,31,13,13,20,0,0,0,1,5,0,2,3,4,31,6,13,53,8,34,2,3,7,15,27,0,0,0,0,0,0,14,14,13,14,12,16,7,37,14
1025,intent:share,3,0,2,4,1,2,8,1,9,9,4,15,35,28,16,0,0,1,4,2,1,4,2,1,24,6,22,6,41,33,0,0,0,5,3,6,12,9,12,14,3,9,49,3,1,4,7,14,27,54,1,1,2,4,4,3,2,2,2,0,0,0,1,31,34
1026,intent:travel,1,1,2,3,3,4,10,3,4,6,20,3,5,18,63,1,3,0,5,4,2,5,11,15,11,4,11,5,37,56,0,0,0,0,6,4,10,12,14,23,12,24,26,9,41,3,4,10,21,40,0,2,1,1,1,1,1,1,3,19,17,12,17,12,0
1027,intent:travel,1,1,2,3,3,4,10,3,4,6,20,17,63,49,55,1,3,0,5,4,2,5,11,15,11,4,11,5,10,56,0,0,0,0,6,4,10,12,14,23,12,24,62,60,40,3,4,10,21,40,0,2,1,1,1,1,1,1,3,3,4,12,52,50,0
1028,intent:what_are_symptoms,2,2,0,1,4,0,1,15,11,13,30,0,42,60,45,1,1,0,1,1,5,14,8,8,20,16,19,63,49,45,0,0,0,1,5,0,2,3,4,31,6,13,45,35,44,2,3,6,12,23,0,0,0,0,0,2,8,8,8,20,22,19,38,42,24
1029,intent:can_i_get_from_packages_surfaces,0,3,3,5,5,3,13,14,13,11,25,24,26,41,23,1,1,0,7,1,0,7,1,0,8,14,29,37,17,59,0,0,0,1,5,0,2,3,4,30,7,4,10,57,57,2,3,5,9,18,0,0,0,0,0,0,0,0,0,24,27,13,54,52,25
1030,intent:protect_yourself,2,1,1,2,7,1,13,9,10,10,8,31,59,27,28,1,3,0,5,4,2,10,12,10,31,9,12,9,20,53,0,0,0,1,5,0,2,3,4,31,6,13,36,25,39,3,4,8,18,34,0,0,0,0,0,0,14,14,13,14,12,16,5,7,59
1031,intent:can_i_get_from_packages_surfaces,1,1,2,3,6,7,3,6,7,31,8,31,37,27,28,1,3,0,5,4,2,10,12,14,31,9,12,9,20,52,0,0,0,1,5,0,5,8,0,1,11,11,36,25,39,3,4,8,18,34,0,0,1,1,1,1,11,11,10,22,21,21,5,7,13
1032,intent:can_i_get_from_packages_surfaces,1,1,2,3,6,7,14,6,7,3,25,10,62,56,34,0,1,1,0,6,5,8,6,9,29,5,15,47,38,29,0,0,0,1,5,0,4,2,2,12,18,29,17,16,6,3,4,8,17,33,0,0,0,3,3,2,3,3,4,25,23,24,41,16,39
1033,intent:myths,2,2,1,0,2,1,15,7,1,28,12,22,15,40,36,1,1,0,1,1,5,12,15,11,12,19,20,19,9,10,0,0,0,1,5,0,15,11,5,18,5,23,24,5,58,2,2,4,5,9,1,0,0,2,2,0,4,4,14,29,26,27,29,28,32
1034,intent:what_are_treatment_options,2,2,1,6,4,1,6,7,1,4,24,1,54,45,1,1,1,0,1,1,5,13,10,5,27,18,31,44,28,46,0,0,0,1,5,0,2,3,4,31,6,13,53,8,63,2,3,7,15,27,0,0,0,0,0,0,14,14,13,14,12,16,27,37,31
1035,intent:okay_thanks,3,0,2,4,1,2,8,13,2,3,22,26,9,5,12,2,2,2,2,5,6,2,5,6,2,3,5,2,51,5,3,3,3,3,2,2,9,0,11,14,3,9,63,58,14,4,5,11,23,45,2,1,2,5,5,4,5,5,6,4,1,3,20,20,45
1036,intent:travel,1,1,2,3,3,4,10,3,2,3,20,17,63,15,55,1,3,0,5,4,2,5,11,15,11,4,11,5,37,56,0,0,0,0,6,4,10,12,14,23,12,24,62,60,40,3,4,10,22,42,0,2,1,1,1,1,1,1,3,3,4,12,52,50,0
1037,intent:what_if_i_visited_high_risk_area,2,1,1,2,7,1,13,14,10,10,2,7,13,39,33,1,3,0,5,4,2,5,4,15,11,20,11,48,57,13,0,0,0,0,6,4,2,3,4,22,15,20,6,27,4,3,4,9,20,39,0,2,1,1,1,1,1,1,3,3,31,5,54,62,56
1038,intent:okay_thanks,3,0,2,4,1,6,8,13,6,5,22,14,10,12,12,2,2,2,2,5,6,2,5,6,2,3,5,56,51,5,3,3,3,3,2,2,9,0,11,6,8,12,16,11,17,4,5,11,23,47,2,1,2,5,5,4,5,5,6,4,1,3,60,20,1
1039,intent:what_if_i_visited_high_risk_area,1,1,1,3,3,4,14,3,4,6,20,17,63,39,55,1,3,0,5,4,2,5,11,15,11,4,11,5,10,56,0,0,0,0,6,4,10,12,14,23,12,24,62,60,40,3,4,8,16,28,0,2,1,1,1,1,1,1,3,3,4,12,52,50,0
1040,intent:travel,1,1,2,3,3,4,10,3,4,6,20,3,63,18,63,1,3,0,5,4,2,5,11,15,11,4,11,5,37,56,0,0,0,0,6,4,10,12,14,23,12,24,26,9,41,3,4,10,21,40,0,2,1,1,1,1,1,1,3,19,17,12,17,12,0
1041,intent:okay_thanks,3,0,2,4,1,6,8,13,6,7,14,16,52,12,6,2,2,2,2,5,6,2,5,6,30,30,30,25,43,32,3,3,3,3,2,2,9,0,11,13,20,17,14,31,60,4,5,11,23,45,2,1,2,5,5,4,5,5,6,30,1,30,36,41,35
1042,intent:what_are_treatment_options,2,2,1,6,4,1,6,7,1,4,24,1,54,45,1,1,1,0,1,1,5,13,10,5,27,18,31,44,28,46,0,0,0,1,5,0,2,3,4,31,6,13,53,8,34,2,3,7,15,27,0,0,0,0,0,0,14,14,13,14,12,16,7,37,14
1043,intent:myths,0,3,3,0,5,3,0,2,14,0,21,5,0,21,5,0,0,1,0,6,5,0,9,13,0,15,9,0,12,14,0,0,0,4,0,1,3,5,3,10,26,26,5,37,8,1,1,1,1,2,0,0,0,3,3,2,15,15,14,21,20,22,6,5,7
1044,intent:what_are_treatment_options,0,3,3,5,5,3,5,5,13,12,16,21,46,19,10,1,1,0,1,6,5,15,10,5,25,26,8,14,19,24,0,0,0,1,5,0,4,2,2,5,9,5,30,4,49,2,3,7,14,25,0,0,0,0,3,2,9,12,9,13,13,14,3,1,2
1045,intent:what_are_treatment_options,0,3,3,5,5,3,5,5,3,8,7,28,46,13,17,0,1,1,0,6,5,8,6,9,9,5,15,10,5,44,0,0,0,1,5,0,4,2,2,21,22,1,50,61,56,1,1,2,3,6,0,0,0,3,3,2,3,3,4,10,9,9,56,53,53
1046,intent:news_and_press,0,3,3,5,5,3,5,5,3,12,7,6,60,13,17,0,0,1,0,6,5,8,6,9,9,5,23,26,23,23,0,0,0,1,5,0,4,2,2,3,30,3,34,33,18,1,1,2,3,5,0,0,0,3,3,2,3,3,4,26,25,26,22,22,20
1047,intent:what_are_symptoms,2,2,1,1,4,1,1,7,1,1,30,1,7,17,41,1,1,0,1,1,5,1,8,8,1,11,13,1,8,54,0,0,0,1,5,0,13,10,8,15,4,14,32,1,26,2,3,6,13,24,0,0,0,0,0,0,8,8,8,7,7,6,23,9,23
1048,intent:can_i_get_from_packages_surfaces,0,3,3,5,6,3,13,14,13,11,25,24,26,2,23,1,1,0,7,1,0,7,1,0,8,14,29,7,17,26,0,0,0,1,5,0,2,3,4,30,7,4,10,57,57,2,3,5,9,16,0,0,0,0,0,0,0,0,0,24,27,29,39,52,25
1049,intent:donate,2,2,1,6,4,5,9,8,5,14,17,4,32,38,4,3,0,3,3,3,3,3,3,3,4,2,3,46,56,43,2,2,1,2,1,3,0,7,1,9,25,6,18,42,46,4,6,13,26,51,3,3,3,6,6,6,7,7,5,1,2,1,59,59,57
1050,intent:what_if_i_visited_high_risk_area,1,1,2,3,6,7,14,12,7,18,27,10,56,39,54,1,1,0,7,1,0,7,1,0,8,14,29,7,42,49,0,0,0,1,5,0,2,3,4,30,7,4,45,35,44,3,4,8,17,29,0,0,0,0,0,0,0,0,8,20,31,19,38,42,56
1051,intent:what_is_corona,0,3,3,5,5,3,5,5,3,8,7,28,33,13,17,0,1,1,0,6,5,8,6,9,9,5,15,10,5,44,0,0,0,1,5,0,4,2,2,21,22,1,7,24,11,1,1,2,3,6,0,0,0,3,3,2,3,3,4,10,9,9,19,18,21
1052,intent:travel,1,1,2,3,3,4,10,3,4,6,20,3,5,18,63,1,3,0,5,4,2,5,11,15,11,4,11,5,37,56,0,0,0,0,6,4,10,12,14,23,12,24,26,9,41,3,4,10,21,40,0,2,1,1,1,1,1,1,3,19,17,12,17,12,0
1053,intent:okay_thanks,3,0,2,4,1,6,8,13,6,7,9,16,52,12,6,2,2,2,2,5,6,2,5,6,2,3,5,45,3,48,3,3,3,3,2,2,9,0,11,6,8,12,14,31,60,4,5,11,23,47,2,1,2,5,5,4,5,5,6,4,1,3,0,0,35
1054,intent:how_does_corona_spread,2,1,1,2,7,1,13,14,10,10,2,23,14,11,18,1,1,0,7,1,0,7,14,0,14,31,16,21,39,47,0,0,0,1,5,0,2,3,4,22,15,20,54,54,29,2,3,5,9,18,0,0,0,0,0,0,0,0,0,28,28,28,24,32,38
1055,intent:myths,0,3,3,5,5,3,5,5,13,11,15,21,30,27,48,1,1,0,1,1,5,15,10,5,13,8,28,29,29,4,0,0,0,1,5,0,2,3,4,25,6,31,1,50,59,2,3,5,9,20,0,0,0,0,3,2,9,12,9,23,24,25,21,23,19
1056,intent:can_i_get_from_feces_animal_pets,2,2,1,6,4,1,6,7,1,27,24,1,47,33,22,1,1,0,7,1,0,7,1,0,14,14,26,38,24,22,0,0,0,1,5,0,2,3,4,22,15,20,29,29,42,2,2,4,7,13,0,0,0,0,0,0,0,0,0,27,16,23,13,27,29
1057,intent:hi,3,2,0,7,4,0,15,4,11,19,28,18,8,43,30,0,0,1,4,7,7,9,7,7,7,27,7,27,52,51,1,1,2,6,4,5,14,15,13,17,14,27,25,20,28,4,5,12,25,49,1,1,2,7,7,5,10,10,15,17,15,18,10,10,8
1058,intent:can_i_get_from_feces_animal_pets,2,1,1,2,7,1,13,14,10,23,2,7,41,48,33,1,1,0,7,1,0,7,1,0,28,1,29,22,61,30,0,0,0,1,5,0,2,3,4,30,7,4,4,14,3,2,3,5,9,20,0,0,0,0,0,0,0,0,0,6,8,7,8,15,47
1059,intent:what_are_symptoms,2,1,1,1,6,7,1,15,2,1,30,7,49,6,41,1,1,0,1,1,5,1,8,8,1,11,13,1,8,54,0,0,0,1,5,0,13,10,8,15,4,14,32,1,26,2,3,6,13,24,0,0,0,0,0,0,8,8,8,7,7,6,23,9,23
1060,intent:what_are_treatment_options,2,2,1,6,4,1,6,7,1,4,24,1,17,10,1,1,1,0,1,1,5,13,10,5,27,29,31,13,13,20,0,0,0,1,5,0,2,3,4,31,6,13,53,8,34,2,3,7,15,26,0,0,0,0,0,0,14,14,13,14,12,16,7,19,14
1061,intent:can_i_get_from_feces_animal_pets,2,2,0,6,4,0,15,4,11,19,28,0,8,43,0,1,1,0,7,1,0,7,1,0,14,14,26,61,61,62,0,0,0,1,5,0,2,3,4,30,7,4,47,15,15,2,2,3,4,7,0,0,0,0,0,0,10,10,15,17,15,18,10,10,8
1062,intent:okay_thanks,3,0,0,4,1,6,8,13,6,7,14,16,57,63,8,2,2,2,2,5,6,2,5,6,30,30,30,25,43,32,3,3,3,3,2,2,9,0,11,13,20,17,14,31,60,4,5,11,23,45,2,1,2,5,5,4,5,5,6,30,1,30,36,41,44
1063,intent:donate,3,0,2,4,1,5,9,8,5,14,17,29,6,38,26,3,0,3,3,3,3,3,3,3,4,2,3,3,36,3,2,2,1,2,1,3,0,7,1,9,25,6,21,36,9,4,6,13,26,53,3,3,3,6,6,6,7,7,5,1,2,1,61,60,58
1064,intent:how_does_corona_spread,2,1,1,2,7,1,2,9,10,24,13,23,40,8,15,1,1,0,1,1,0,7,14,0,23,21,16,21,60,15,0,0,0,1,5,0,2,3,4,27,29,2,54,54,29,2,3,5,11,22,0,0,0,0,0,0,0,0,1,18,19,20,24,26,15
1065,intent:what_is_corona,2,1,1,2,0,1,2,9,2,2,13,8,1,8,25,0,0,1,6,0,4,11,13,12,17,17,25,59,30,17,0,0,0,1,5,0,1,14,15,19,0,28,59,18,43,4,8,16,31,60,1,0,0,2,2,0,4,4,1,18,19,20,57,58,55
1066,intent:myths,2,2,1,6,4,1,6,7,1,28,12,1,36,42,1,1,1,0,1,1,5,12,15,11,19,10,14,11,62,28,0,0,0,1,5,0,1,14,15,19,0,28,40,10,10,2,2,4,7,12,1,0,0,2,2,0,4,4,1,9,10,10,28,30,28
1067,intent:news_and_press,3,0,2,4,0,2,4,10,2,22,11,30,31,35,47,0,0,1,6,0,4,11,13,12,15,22,10,35,27,58,0,0,0,7,7,7,1,14,15,3,23,3,3,2,0,4,8,15,29,57,1,1,2,2,2,3,10,10,1,11,11,11,18,14,12
1068,intent:what_is_corona,0,3,3,5,5,3,5,5,3,8,7,6,60,13,17,0,1,1,0,6,5,8,6,9,9,5,23,26,23,23,0,0,0,1,5,0,4,2,2,3,30,3,34,33,18,1,1,2,3,5,0,0,0,3,3,2,3,3,4,26,25,26,22,22,20
1069,intent:share,3,0,2,4,1,2,8,1,9,9,4,2,55,28,16,0,0,1,4,2,1,4,2,1,6,6,22,51,6,55,0,0,0,5,3,6,12,9,12,14,3,9,11,3,4,4,7,14,27,54,1,1,2,4,4,3,2,2,2,0,0,0,12,6,11
1070,intent:donate,3,0,2,4,1,5,9,8,5,14,17,29,6,58,26,3,0,3,3,3,3,3,3,3,4,2,3,3,36,3,2,2,1,2,1,3,0,7,1,20,13,18,13,32,20,4,6,13,26,53,3,3,3,6,6,6,7,7,5,1,2,1,30,34,33
1071,intent:can_i_get_from_packages_surfaces,2,1,1,2,7,1,13,14,10,10,2,7,41,61,18,1,1,0,7,1,0,7,1,0,8,14,29,7,42,49,0,0,0,1,5,0,2,3,4,22,15,20,4,14,3,2,3,5,9,18,0,0,0,0,0,0,0,0,0,6,8,7,8,51,47
1072,intent:what_if_i_visited_high_risk_area,1,1,2,3,6,4,14,12,4,31,18,3,5,26,63,1,3,0,5,4,2,5,12,10,5,13,12,28,2,41,0,0,0,0,6,4,10,12,14,23,12,24,26,9,41,3,4,8,16,28,0,2,1,1,1,1,1,1,3,19,17,12,17,12,0
1073,intent:protect_yourself,1,1,2,3,6,7,14,6,7,18,27,10,61,34,46,1,3,0,5,4,2,5,4,10,16,28,2,17,50,38,0,0,0,1,5,0,5,8,0,0,16,10,11,3,4,3,4,8,17,32,0,0,1,1,1,1,11,11,10,16,14,17,63,45,18
1074,intent:travel,1,1,2,3,3,4,10,3,4,6,26,17,24,15,38,1,3,0,5,4,2,5,11,15,11,20,11,24,35,27,0,0,0,0,6,4,10,12,14,7,17,8,35,44,55,3,4,10,22,43,0,2,1,1,1,1,1,1,3,3,4,5,11,13,10
1075,intent:what_are_treatment_options,0,3,3,5,5,3,5,5,13,12,16,21,23,19,10,1,1,0,1,6,5,15,10,5,25,26,8,14,19,24,0,0,0,1,5,0,4,2,2,5,9,5,30,4,49,3,4,8,17,29,0,0,0,0,3,2,9,12,9,13,13,14,3,1,2
1076,intent:myths,2,2,0,0,2,0,0,4,11,19,28,22,51,40,36,1,1,0,1,1,5,12,15,11,12,19,20,19,9,10,0,0,0,1,5,0,15,11,5,18,5,23,24,5,58,2,2,3,4,7,1,0,0,2,2,0,4,4,14,29,26,27,29,28,32
1077,intent:what_are_symptoms,3,1,2,1,6,7,1,15,2,13,27,27,39,20,42,1,1,0,1,1,5,14,8,8,20,16,19,18,21,16,0,0,0,1,5,0,8,6,10,4,10,0,23,28,30,2,3,6,12,23,0,0,0,0,0,2,8,8,8,20,22,19,34,38,24
1078,intent:protect_yourself,1,1,2,3,6,7,14,12,7,30,29,11,22,34,59,1,3,0,5,4,2,5,4,10,16,28,2,17,50,2,0,0,0,1,5,0,11,4,9,0,16,10,41,26,52,3,4,8,17,30,0,2,1,1,1,1,12,9,12,12,6,15,47,33,36
1079,intent:travel,1,1,2,3,3,4,10,3,4,6,26,17,24,15,38,1,3,0,5,4,2,5,11,15,11,20,11,24,35,27,0,0,0,0,6,4,10,12,14,7,17,8,35,44,55,3,4,10,22,43,0,2,1,1,1,1,1,1,3,3,4,5,11,13,10
1080,intent:travel,1,1,2,3,3,4,10,3,4,26,26,17,24,44,37,1,3,0,5,4,2,5,11,15,11,20,11,54,47,13,0,0,0,0,6,4,10,12,14,23,12,24,42,49,2,3,4,10,22,41,0,2,1,1,1,1,1,1,3,3,4,5,15,21,22
1081,intent:can_i_get_from_packages_surfaces,2,2,1,6,4,1,6,7,1,27,24,1,59,27,1,1,1,0,1,1,0,7,14,0,23,21,16,36,16,57,0,0,0,1,5,0,2,3,4,31,15,13,56,40,31,3,4,8,18,34,0,0,0,0,0,0,3,3,13,25,23,24,48,16,59
1082,intent:what_are_symptoms,1,1,1,1,6,7,1,15,7,1,30,7,49,6,41,1,1,0,1,1,5,1,8,8,1,11,13,1,8,54,0,0,0,1,5,0,13,10,8,15,4,14,32,1,26,2,3,6,13,24,0,0,0,0,0,0,8,8,8,7,7,6,23,9,23
1083,intent:okay_thanks,3,0,2,4,1,6,8,13,6,7,9,13,44,7,8,2,2,2,2,5,6,2,5,6,2,3,5,2,51,5,3,3,3,3,2,2,9,0,11,6,8,12,48,13,25,4,5,11,23,46,2,1,2,5,5,4,5,5,6,4,1,3,0,0,1
1084,intent:what_are_treatment_options,0,3,3,5,5,3,5,5,3,8,16,21,46,16,10,1,1,0,1,6,5,15,10,5,25,26,8,14,19,24,0,0,0,1,5,0,4,2,2,5,9,5,30,4,49,2,3,7,14,25,0,0,0,0,3,2,9,12,9,13,13,14,3,1,2
1085,intent:news_and_press,2,1,1,2,0,1,2,10,2,2,11,30,4,46,57,0,0,1,6,0,4,11,13,12,17,17,25,43,11,50,0,0,0,7,7,7,1,14,15,26,23,28,38,47,22,4,8,15,29,58,1,0,0,2,2,0,4,4,1,9,10,10,25,24,27
1086,intent:what_are_treatment_options,0,3,3,5,5,3,5,5,13,8,16,21,46,16,10,1,1,0,1,6,5,15,10,5,25,26,8,14,19,24,0,0,0,1,5,0,4,2,2,5,9,5,30,4,49,2,3,7,14,25,0,0,0,0,3,2,9,12,9,13,13,14,3,1,2
1087,intent:hi,3,0,2,7,1,2,12,11,15,16,1,19,34,55,32,0,0,1,4,7,7,9,7,7,21,7,7,40,59,31,1,1,2,6,4,5,6,1,6,11,27,15,27,53,51,4,5,12,24,48,1,1,2,7,7,5,6,6,7,2,3,2,40,43,40
1088,intent:okay_thanks,3,0,2,4,1,6,8,13,6,7,9,16,52,12,6,2,2,2,2,5,6,2,5,6,2,3,5,45,3,48,3,3,3,3,2,2,9,0,11,6,8,12,14,31,60,4,5,11,23,46,2,1,2,5,5,4,5,5,6,4,1,3,0,0,35
1089,intent:travel,1,1,2,3,3,4,10,3,4,6,20,3,5,18,63,1,3,0,5,4,2,5,11,15,11,4,11,5,37,56,0,0,0,0,6,4,10,12,14,23,12,24,26,9,41,3,4,10,21,40,0,2,1,1,1,1,1,1,3,19,17,12,17,12,0
1090,intent:donate,3,0,2,4,1,5,9,8,5,14,17,29,6,25,13,3,0,3,3,3,3,3,3,3,4,2,3,46,4,43,2,2,1,2,1,3,0,7,1,9,25,6,12,7,48,4,6,13,26,52,3,3,3,6,6,6,7,7,5,1,2,1,14,4,6
1091,intent:myths,2,2,1,2,7,1,13,7,10,27,24,7,59,33,18,1,1,0,7,1,0,7,14,0,14,21,16,37,24,22,0,0,0,1,5,0,2,3,4,22,15,20,53,8,34,2,3,5,9,20,0,0,0,0,0,0,14,14,13,14,12,16,7,19,14
1092,intent:what_is_corona,3,2,0,6,4,0,15,4,11,19,28,18,8,43,30,0,0,1,6,0,4,11,13,12,10,12,18,12,25,60,0,0,0,1,5,0,14,15,13,17,14,27,25,20,28,2,2,3,4,8,1,0,0,2,2,0,10,10,15,17,15,18,10,10,8
1093,intent:donate,3,0,2,4,1,5,9,8,5,14,17,29,6,25,26,3,0,3,3,3,3,3,3,3,4,2,3,46,4,43,2,2,1,2,1,3,0,7,1,9,25,6,12,7,48,4,6,13,26,52,3,3,3,6,6,6,7,7,5,1,2,1,14,4,6
1094,intent:news_and_press,3,0,2,4,0,2,4,10,2,22,11,30,31,35,47,0,0,1,6,0,4,6,0,4,26,22,10,50,48,35,0,0,0,7,7,7,1,14,15,3,23,3,21,36,9,4,8,16,32,62,1,1,2,2,2,3,10,10,5,11,11,11,61,60,58
1095,intent:travel,1,1,2,3,3,4,10,3,4,26,26,17,24,15,35,1,3,0,5,4,2,5,11,15,11,20,11,24,35,27,0,0,0,0,6,4,10,12,14,7,17,8,35,44,55,3,4,10,22,43,0,2,1,1,1,1,1,1,3,3,4,5,11,13,10
1096,intent:what_is_corona,0,3,3,5,5,3,5,5,3,12,7,28,2,13,17,0,1,1,0,6,5,8,6,9,9,5,15,49,40,8,0,0,0,1,5,0,4,2,2,21,22,1,5,59,61,1,1,2,3,6,0,0,0,3,3,2,3,3,4,10,9,9,44,47,46
1097,intent:can_i_get_from_feces_animal_pets,2,1,1,2,7,1,13,14,0,23,2,7,40,48,33,1,1,0,7,1,0,7,1,0,28,1,0,22,54,30,0,0,0,1,5,0,2,3,4,30,7,4,4,14,3,2,3,5,8,15,0,0,0,0,0,0,0,0,0,6,8,7,8,15,17
1098,intent:how_does_corona_spread,2,2,1,6,7,1,6,7,1,27,24,1,47,42,22,1,1,0,7,1,0,7,14,0,14,14,26,38,24,22,0,0,0,1,5,0,2,3,4,22,15,20,29,29,42,2,2,4,7,13,0,0,0,0,0,0,0,0,0,27,16,23,13,27,29
1099,intent:share,3,0,2,4,1,2,8,1,9,20,19,15,25,30,29,0,0,1,4,2,1,4,2,1,24,6,1,6,41,1,0,0,0,5,3,6,12,9,12,16,28,7,20,38,27,4,7,14,27,54,1,1,2,4,4,3,2,2,2,0,0,0,1,2,4
1100,intent:protect_yourself,1,1,2,3,6,7,14,12,7,30,29,10,42,34,45,1,3,0,5,4,2,5,4,10,16,28,2,55,50,2,0,0,0,1,5,0,11,4,9,0,16,10,45,35,44,3,4,8,17,29,0,2,1,1,1,1,12,9,12,20,6,19,38,33,36
1101,intent:hi,3,0,2,7,1,2,12,11,15,16,1,19,34,55,32,0,0,1,4,7,7,9,7,7,21,7,7,40,59,31,1,1,2,6,4,5,6,1,6,11,27,15,27,53,51,4,5,12,24,48,1,1,2,7,7,5,6,6,7,2,3,2,40,43,40
1102,intent:can_i_get_from_feces_animal_pets,1,1,2,3,6,7,14,14,0,23,23,24,56,52,44,1,1,0,7,1,0,7,1,0,28,1,0,22,54,30,0,0,0,1,5,0,2,3,4,30,7,4,47,15,15,3,4,8,17,33,0,0,0,0,0,0,0,0,0,6,8,7,42,15,17
1103,intent:hi,2,2,1,6,4,1,6,7,1,4,24,1,36,42,1,0,0,1,4,7,7,9,7,7,7,27,7,27,52,51,1,1,2,6,4,5,6,1,6,8,1,16,55,45,21,4,5,12,24,48,1,1,2,7,7,5,6,6,7,2,3,2,32,8,16
1104,intent:what_are_treatment_options,0,3,3,5,5,3,5,5,3,12,16,21,23,19,10,1,1,0,1,6,5,15,10,5,25,26,8,14,19,24,0,0,0,1,5,0,4,2,2,5,9,5,30,4,49,2,3,7,14,25,0,0,0,0,3,2,9,12,9,13,13,14,3,1,2
1105,intent:what_are_symptoms,2,1,1,2,7,1,2,9,10,13,13,23,14,11,42,1,1,0,1,1,5,1,8,8,1,11,13,39,33,42,0,0,0,1,5,0,2,3,4,19,7,4,47,55,37,2,2,4,7,11,0,0,0,0,0,0,8,8,8,20,22,19,34,25,30
1106,intent:what_are_treatment_options,0,3,3,5,5,3,5,5,13,11,16,21,46,16,31,1,1,0,1,6,5,15,10,5,25,26,8,14,19,24,0,0,0,1,5,0,4,2,2,5,9,5,30,4,49,2,3,7,14,25,0,0,0,0,3,2,9,12,9,13,13,14,3,1,2
1107,intent:travel,1,1,2,3,3,4,14,3,4,6,20,3,63,18,63,1,3,0,5,4,2,5,11,15,11,4,11,5,37,56,0,0,0,0,6,4,10,12,14,23,12,24,26,9,41,3,4,10,21,40,0,2,1,1,1,1,1,1,3,19,17,12,17,12,0
1108,intent:can_i_get_from_feces_animal_pets,0,3,3,5,5,3,13,14,13,11,25,24,26,52,44,1,1,0,7,1,0,7,1,0,28,1,29,22,34,30,0,0,0,1,5,0,2,3,4,30,7,4,33,51,15,3,4,8,17,33,0,0,0,0,0,0,0,0,0,15,18,13,26,35,26
1109,intent:can_i_get_from_feces_animal_pets,1,1,2,3,6,7,14,12,7,30,29,11,53,34,59,1,1,0,7,1,0,7,1,0,28,1,0,22,54,30,0,0,0,1,5,0,2,3,4,30,7,4,47,14,15,2,3,5,8,14,0,0,0,0,0,0,0,0,0,12,8,7,47,33,17
1110,intent:donate,3,0,2,4,1,5,9,8,5,14,6,29,6,54,13,3,0,3,3,3,3,3,3,3,4,2,3,46,4,43,2,2,1,2,1,3,0,7,1,9,25,6,12,7,48,4,6,13,26,52,3,3,3,6,6,6,7,7,5,1,2,1,37,4,6
1111,intent:latest_numbers,3,1,2,2,0,2,4,0,12,29,10,12,19,59,19,0,0,1,6,0,4,6,0,4,26,0,6,4,0,37,0,0,0,7,7,7,7,13,7,24,2,22,2,30,24,4,8,16,32,64,1,2,1,2,2,3,13,13,11,5,5,4,4,3,3
1112,intent:myths,0,3,3,0,2,3,0,2,14,0,21,5,0,21,5,0,0,1,0,6,5,0,9,13,0,15,9,0,12,14,0,0,0,4,0,1,3,5,3,10,26,26,57,37,8,1,1,1,1,2,0,0,0,3,3,2,15,15,14,21,20,22,6,5,7
1113,intent:what_are_treatment_options,0,3,3,5,5,3,5,5,13,11,15,21,17,10,7,1,1,0,1,1,5,15,10,5,13,8,28,29,29,4,0,0,0,1,5,0,2,3,4,25,6,31,1,50,59,2,3,7,15,26,0,0,0,0,3,2,9,12,9,23,24,25,21,23,19
1114,intent:okay_thanks,3,0,2,4,1,6,8,13,6,7,9,16,44,7,8,2,2,2,2,5,6,2,5,6,2,3,5,2,51,5,3,3,3,3,2,2,9,0,11,6,8,12,48,13,25,4,5,11,23,46,2,1,2,5,5,4,5,5,6,4,1,3,0,0,1
1115,intent:myths,2,2,0,6,4,0,15,4,11,19,28,0,8,43,0,1,1,0,1,1,5,12,15,11,12,19,20,19,9,10,0,0,0,1,5,0,2,3,13,17,14,27,47,15,4,2,2,3,4,7,1,0,0,2,2,0,10,10,15,17,15,18,10,10,8
1116,intent:news_and_press,2,2,1,6,4,1,15,7,1,28,12,8,4,9,60,0,0,1,6,0,4,11,13,12,17,17,25,16,58,40,0,0,0,7,7,7,1,14,15,26,23,28,38,47,22,2,2,4,6,10,1,0,0,2,2,0,4,4,1,9,10,10,25,24,27
1117,intent:okay_thanks,3,0,3,4,1,6,8,13,6,5,22,14,58,12,12,2,2,2,2,5,6,2,5,6,2,3,5,45,3,48,3,3,3,3,2,2,9,0,11,6,8,12,14,31,60,4,5,11,23,47,2,1,2,5,5,4,5,5,6,4,1,3,36,41,35
1118,intent:can_i_get_from_packages_surfaces,0,3,3,5,5,3,5,5,13,11,25,24,62,4,48,0,1,1,1,6,5,8,6,9,9,5,8,14,19,24,0,0,0,1,5,0,4,2,2,25,6,31,1,50,59,1,1,2,2,3,0,0,0,0,3,2,9,12,9,23,24,25,21,23,19
1119,intent:travel,1,1,2,3,3,4,14,3,4,6,20,3,63,18,63,1,3,0,5,4,2,5,11,15,11,4,11,5,37,56,0,0,0,0,6,4,10,12,14,23,12,24,26,9,41,3,4,10,21,40,0,2,1,1,1,1,1,1,3,19,17,12,17,12,0
1120,intent:okay_thanks,3,0,3,4,1,6,8,13,6,12,14,26,57,63,12,2,2,2,2,5,6,2,5,6,30,30,30,25,43,32,3,3,3,3,2,2,9,0,11,13,20,17,28,22,7,4,5,11,23,45,2,1,2,5,5,4,5,5,6,30,1,30,36,41,44
1121,intent:travel,1,1,2,3,3,4,10,3,4,6,26,17,27,49,58,1,3,0,5,4,2,5,11,15,11,20,11,24,35,27,0,0,0,0,6,4,10,12,14,7,17,8,6,27,5,3,4,10,22,43,0,2,1,1,1,1,1,1,3,3,4,5,15,21,22
1122,intent:what_are_treatment_options,0,3,3,5,5,3,5,5,3,8,16,6,60,16,10,0,1,1,1,6,5,15,10,5,25,26,8,14,19,24,0,0,0,1,5,0,4,2,2,5,9,5,30,4,49,2,3,7,14,25,0,0,0,0,3,2,9,12,9,26,25,26,22,22,20
1123,intent:what_are_symptoms,2,1,1,1,7,1,2,9,10,24,13,27,1,8,42,1,1,0,1,1,5,1,8,8,1,11,13,39,33,42,0,0,0,1,5,0,1,14,15,19,0,4,0,55,37,2,2,4,7,11,0,0,0,0,0,0,8,8,8,7,7,6,31,25,30
1124,intent:how_does_corona_spread,0,3,3,5,5,3,5,5,13,11,25,21,21,41,48,1,3,0,5,4,2,10,12,14,31,9,24,33,45,52,0,0,0,1,5,0,5,8,0,31,15,13,9,41,19,3,4,8,19,35,0,0,0,1,1,1,11,11,10,16,14,17,43,56,41
1125,intent:myths,3,1,2,3,0,2,4,10,2,22,11,30,9,5,20,0,0,1,6,0,4,11,13,12,15,22,10,23,27,18,0,0,0,1,5,0,2,3,4,14,6,9,50,3,4,1,1,1,1,2,0,0,0,4,4,3,2,15,2,21,20,22,50,14,50
1126,intent:latest_numbers,3,1,2,4,0,2,4,0,12,3,0,20,43,59,24,0,0,1,6,0,4,6,0,4,26,0,6,4,0,37,0,0,0,7,7,7,7,13,7,24,2,22,46,12,12,4,8,16,31,61,1,2,1,2,2,3,13,13,11,5,5,4,53,54,51
1127,intent:latest_numbers,0,3,3,5,0,3,4,0,12,29,0,20,16,36,50,0,0,1,6,0,4,6,0,4,3,0,6,34,53,34,0,0,0,7,7,7,7,13,7,28,21,19,15,46,32,4,8,16,30,59,1,2,1,2,2,3,13,13,11,5,5,4,33,39,37
1128,intent:share,3,0,2,4,1,2,8,1,9,9,4,2,55,28,16,0,0,1,4,2,1,4,2,1,6,6,22,51,6,55,0,0,0,5,3,6,12,9,12,14,3,9,11,3,4,4,7,14,27,54,1,1,2,4,4,3,2,2,2,0,0,0,12,6,11
1129,intent:okay_thanks,3,0,2,4,1,6,8,13,6,7,9,13,44,7,8,2,2,2,2,5,6,2,5,6,2,3,5,2,51,5,3,3,3,3,2,2,9,0,11,6,8,12,48,13,25,4,5,11,23,46,2,1,2,5,5,4,5,5,6,4,1,3,0,0,1
1130,intent:okay_thanks,3,0,2,4,1,6,8,13,6,7,22,26,52,12,12,2,2,2,2,5,6,2,5,6,2,3,5,45,3,48,3,3,3,3,2,2,9,0,11,6,8,12,63,58,14,4,5,11,23,45,2,1,2,5,5,4,5,5,6,4,1,3,20,20,45
1131,intent:what_are_treatment_options,0,3,3,5,5,3,5,5,13,12,16,21,23,19,10,1,1,0,1,6,5,15,10,5,25,26,8,14,19,24,0,0,0,1,5,0,4,2,2,5,9,5,30,4,49,2,3,7,14,25,0,0,0,0,3,2,9,12,9,13,13,14,3,1,2
1132,intent:news_and_press,3,0,2,4,0,2,4,10,2,22,11,30,31,22,57,0,0,1,6,0,4,11,13,12,15,22,10,35,27,18,0,0,0,7,7,7,1,14,15,3,23,3,60,2,0,4,8,15,29,58,1,1,2,2,2,3,10,10,1,11,11,11,18,14,12
1133,intent:travel,1,1,2,3,3,4,10,3,4,26,26,17,24,49,40,1,3,0,5,4,2,5,11,15,11,20,11,54,47,13,0,0,0,0,6,4,10,12,14,23,12,24,42,49,2,3,4,10,22,44,0,2,1,1,1,1,1,1,3,3,4,5,15,21,22
1134,intent:donate,3,0,2,4,1,5,9,8,5,14,17,29,6,58,26,3,0,3,3,3,3,3,3,3,4,2,3,3,36,3,2,2,1,2,1,3,0,7,1,20,13,18,13,32,20,4,6,13,26,53,3,3,3,6,6,6,7,7,5,1,2,1,30,34,33
1135,intent:travel,1,1,2,3,3,4,14,12,4,6,20,3,63,18,63,1,3,0,5,4,2,5,11,15,11,4,11,5,37,56,0,0,0,0,6,4,10,12,14,23,12,24,26,9,41,3,4,10,21,40,0,2,1,1,1,1,1,1,3,19,17,12,17,12,0
1136,intent:share,3,0,2,4,1,2,8,1,9,20,19,15,25,30,61,0,0,1,4,2,1,4,2,1,6,6,22,51,6,55,0,0,0,5,3,6,12,9,12,16,28,7,20,38,27,4,7,14,27,54,1,1,2,4,4,3,2,2,2,0,0,0,1,2,4
1137,intent:okay_thanks,3,0,2,4,1,6,8,13,6,7,22,13,10,7,8,2,2,2,2,5,6,2,5,6,2,3,5,2,51,5,3,3,3,3,2,2,9,0,11,6,8,12,48,13,14,4,5,11,23,46,2,1,2,5,5,4,5,5,6,4,1,3,20,0,1
1138,intent:how_does_corona_spread,2,1,1,2,7,1,2,9,10,10,13,23,59,11,18,1,1,0,7,1,0,7,14,0,14,14,16,37,24,22,0,0,0,1,5,0,2,3,4,22,15,20,29,14,4,2,3,5,9,20,0,0,0,0,0,0,0,0,0,18,16,28,24,46,15
1139,intent:what_if_i_visited_high_risk_area,1,1,2,3,3,4,14,3,4,18,26,10,61,49,51,1,3,0,5,4,2,5,4,10,16,28,2,55,50,2,0,0,0,0,6,4,11,4,9,0,16,10,43,52,52,3,4,8,16,28,0,2,1,1,1,1,1,1,3,3,4,5,15,21,22
1140,intent:what_is_corona,2,2,1,6,4,1,15,7,1,28,12,8,29,42,25,1,1,0,1,1,5,12,15,11,19,10,14,11,18,28,0,0,0,1,5,0,1,14,15,19,0,28,40,10,10,2,2,4,7,12,1,0,0,2,2,0,4,4,1,9,10,10,28,30,28
1141,intent:latest_numbers,3,0,2,4,0,2,4,10,12,22,11,30,31,35,47,0,0,1,6,0,4,6,0,4,26,22,10,50,48,35,0,0,0,7,7,7,7,13,7,3,23,3,3,2,4,4,8,16,32,64,1,1,2,2,2,3,10,10,1,11,11,11,49,55,12
1142,intent:can_i_get_from_feces_animal_pets,3,1,2,2,7,7,13,14,0,23,23,24,26,31,44,1,1,0,7,1,0,7,1,0,28,1,0,22,34,30,0,0,0,1,5,0,2,3,4,30,7,4,47,15,15,2,3,5,8,14,0,0,0,0,0,0,0,0,0,15,18,13,26,35,26
1143,intent:share,3,0,2,4,1,2,8,1,9,20,19,15,20,30,29,0,0,1,4,2,1,4,2,1,24,6,1,6,41,1,0,0,0,5,3,6,12,9,12,16,28,7,19,17,35,4,7,14,28,55,1,1,2,4,4,3,2,2,2,0,0,0,1,2,4
1144,intent:donate,3,0,2,4,1,5,9,8,5,14,17,29,6,54,26,3,0,3,3,3,3,3,3,3,4,2,3,46,63,43,2,2,1,2,1,3,0,7,1,9,25,6,22,39,53,4,6,13,26,52,3,3,3,6,6,6,7,7,5,1,2,1,37,36,43
1145,intent:news_and_press,2,2,1,6,4,1,15,7,1,28,12,8,4,9,60,0,0,1,6,0,4,11,13,12,17,17,25,16,58,40,0,0,0,1,5,0,1,14,15,26,23,28,38,47,22,2,2,4,6,10,1,0,0,2,2,0,4,4,1,9,10,10,25,24,27
1146,intent:protect_yourself,1,1,2,3,6,7,3,6,7,15,31,9,18,47,46,1,3,0,5,4,2,10,12,14,22,23,24,20,15,12,0,0,0,1,5,0,5,8,0,29,19,21,8,0,13,3,4,8,19,36,0,0,1,1,1,1,11,11,10,16,14,17,16,17,18
1147,intent:can_i_get_from_feces_animal_pets,2,1,1,2,7,1,13,14,0,23,2,7,56,48,33,1,1,0,7,1,0,7,1,0,28,1,0,22,54,30,0,0,0,1,5,0,2,3,4,30,7,4,4,14,3,2,3,5,8,15,0,0,0,0,0,0,0,0,0,6,8,7,8,15,17
1148,intent:what_are_symptoms,0,3,3,5,5,3,5,5,3,8,7,28,33,13,17,0,1,1,0,6,5,8,6,9,9,5,15,10,5,44,0,0,0,1,5,0,4,2,2,21,22,1,7,24,11,1,1,2,3,6,0,0,0,3,3,2,3,3,4,10,9,9,19,18,21
1149,intent:how_does_corona_spread,2,1,1,2,7,1,2,9,10,10,2,23,14,11,18,1,1,0,7,1,0,7,14,0,14,31,16,21,39,47,0,0,0,1,5,0,2,3,4,22,15,20,54,54,29,2,3,5,9,18,0,0,0,0,0,0,0,0,0,28,28,28,24,32,38
1150,intent:myths,0,3,3,5,5,3,5,2,14,0,3,28,0,21,39,0,0,1,0,6,5,0,9,13,0,15,9,0,12,14,0,0,0,4,0,1,3,5,3,10,26,26,57,37,8,1,1,1,1,2,0,0,0,3,3,2,15,15,14,21,20,22,6,5,7
1151,intent:news_and_press,2,2,1,6,4,1,15,7,1,28,12,8,4,9,60,0,0,1,6,0,4,11,13,12,17,17,25,16,58,40,0,0,0,7,7,7,1,14,15,26,23,28,38,47,22,2,2,4,6,10,1,0,0,2,2,0,4,4,1,9,10,10,25,24,27
1152,intent:how_does_corona_spread,2,1,1,2,7,1,13,14,10,10,2,23,14,11,18,1,1,0,7,1,0,7,14,0,14,31,16,21,39,47,0,0,0,1,5,0,2,3,4,22,15,20,54,54,29,2,3,5,9,18,0,0,0,0,0,0,0,0,0,28,28,28,24,32,38
1153,intent:what_are_symptoms,2,2,1,6,4,1,6,7,1,4,24,1,38,17,1,1,1,0,1,1,5,1,8,8,1,11,13,57,8,11,0,0,0,1,5,0,13,10,8,15,4,14,0,55,37,2,3,6,13,24,0,0,0,0,0,0,8,8,8,7,7,6,31,25,30
1154,intent:what_is_corona,2,2,0,6,4,0,15,4,11,19,28,18,8,43,30,0,0,1,6,0,4,11,13,12,10,12,18,12,25,6,0,0,0,1,5,0,14,15,13,17,14,27,25,20,28,2,2,3,4,8,1,0,0,2,2,0,10,10,15,17,15,18,10,10,8
1155,intent:news_and_press,0,3,3,5,5,3,5,5,3,12,7,6,60,13,17,0,0,1,0,6,5,8,6,9,9,5,23,26,23,23,0,0,0,1,5,0,4,2,2,3,30,3,34,33,18,1,1,2,3,5,0,0,0,3,3,2,3,3,4,26,25,26,22,22,20
1156,intent:how_does_corona_spread,2,2,1,6,4,1,6,7,1,27,24,1,36,42,22,1,1,0,7,1,0,7,14,0,14,14,26,38,24,22,0,0,0,1,5,0,2,3,4,22,15,20,29,29,42,2,2,4,7,13,0,0,0,0,0,0,0,0,0,27,16,23,13,27,29
1157,intent:latest_numbers,2,1,1,2,0,1,2,0,12,29,10,12,16,23,19,0,0,1,6,0,4,6,0,4,26,0,6,53,0,9,0,0,0,7,7,7,7,13,7,24,2,22,39,43,45,4,8,16,31,61,1,2,1,2,2,3,13,13,11,5,5,4,4,3,3
1158,intent:news_and_press,3,0,1,2,7,2,2,10,2,2,11,30,1,22,57,0,0,1,6,0,4,11,13,12,17,17,25,43,11,50,0,0,0,1,5,0,1,14,15,26,23,3,60,2,0,4,8,15,29,58,1,0,0,2,2,0,4,4,1,11,11,11,18,14,12
1159,intent:myths,2,2,1,0,2,1,0,7,1,28,12,22,15,40,36,1,1,0,1,1,5,12,15,11,12,19,20,19,9,10,0,0,0,1,5,0,15,11,5,18,5,23,24,5,58,2,2,4,5,9,1,0,0,2,2,0,4,4,14,29,26,27,29,28,32
1160,intent:share,3,0,2,4,1,2,8,1,9,9,4,2,55,28,16,0,0,1,4,2,1,4,2,1,6,6,22,51,6,55,0,0,0,5,3,6,12,9,12,14,3,9,11,3,4,4,7,14,27,54,1,1,2,4,4,3,2,2,2,0,0,0,12,6,11
1161,intent:can_i_get_from_feces_animal_pets,0,3,3,5,5,3,13,14,13,11,25,24,21,41,48,1,1,0,7,1,0,7,1,0,8,14,29,37,44,63,0,0,0,1,5,0,2,3,4,22,15,4,33,51,50,2,3,5,9,17,0,0,0,0,0,0,0,0,0,15,18,13,45,46,48
1162,intent:donate,3,0,1,4,1,5,9,8,5,14,17,4,32,25,4,3,0,3,3,3,3,3,3,3,4,2,3,46,4,43,2,2,1,2,1,3,0,7,1,9,25,6,12,7,48,4,6,13,26,51,3,3,3,6,6,6,7,7,5,1,2,1,14,4,6
1163,intent:can_i_get_from_packages_surfaces,1,0,2,3,6,7,3,6,7,31,18,31,61,26,54,1,3,0,5,4,2,10,12,14,31,9,12,52,55,19,0,0,0,1,5,0,5,8,0,1,11,11,61,34,62,3,4,8,16,28,0,0,1,1,1,1,11,11,10,22,21,21,5,7,13
1164,intent:okay_thanks,3,0,2,4,1,2,8,13,6,7,14,26,57,63,12,2,2,2,2,5,6,2,5,6,30,30,30,25,43,32,3,3,3,3,2,2,9,0,11,13,20,17,28,22,7,4,5,11,23,45,2,1,2,5,5,4,5,5,6,30,1,30,36,41,44
1165,intent:what_if_i_visited_high_risk_area,2,1,1,2,7,1,13,9,10,21,29,11,11,50,43,1,3,0,5,4,2,5,4,10,16,28,2,62,22,39,0,0,0,1,5,0,11,4,9,0,16,10,58,21,33,2,3,5,10,21,0,0,1,1,0,0,14,9,13,12,29,15,27,45,31
1166,intent:can_i_get_from_packages_surfaces,0,3,3,5,5,3,5,5,3,8,25,28,62,56,34,0,1,1,0,6,5,8,6,9,9,5,15,10,5,44,0,0,0,1,5,0,4,2,2,21,22,1,7,24,11,1,1,2,2,3,0,0,0,3,3,2,3,3,4,10,9,9,19,18,21
1167,intent:what_is_corona,2,2,1,6,4,1,15,7,1,28,12,8,4,9,25,0,0,1,6,0,4,11,13,12,17,17,25,59,30,17,0,0,0,1,5,0,1,14,15,26,0,28,40,10,10,2,2,4,6,10,1,0,0,2,2,0,4,4,1,9,10,10,25,24,27
1168,intent:okay_thanks,3,0,2,4,1,6,8,13,6,5,14,14,58,12,8,2,2,2,2,5,6,2,5,6,2,3,5,56,51,5,3,3,3,3,2,2,9,0,11,6,8,12,16,11,17,4,5,11,23,47,2,1,2,5,5,4,5,5,6,4,1,3,60,41,1
1169,intent:what_if_i_visited_high_risk_area,1,1,2,3,3,4,11,12,4,25,5,25,50,53,27,1,3,0,5,4,2,5,4,2,18,25,17,41,14,25,0,0,0,0,6,4,11,4,9,2,31,25,44,6,23,3,4,9,20,37,0,2,1,1,1,1,12,9,12,8,6,8,2,11,5
1170,intent:latest_numbers,2,1,1,2,7,1,13,9,10,10,2,23,40,11,18,1,1,0,7,1,0,7,1,0,28,1,0,22,54,30,0,0,0,1,5,0,2,3,4,22,15,20,4,14,3,4,8,16,31,61,0,0,0,0,0,0,0,0,0,6,8,7,8,15,17
1171,intent:okay_thanks,3,0,2,4,1,6,8,13,6,7,9,16,52,12,6,2,2,2,2,5,6,2,5,6,2,3,5,45,3,48,3,3,3,3,2,2,9,0,11,6,8,12,14,31,60,4,5,11,23,47,2,1,2,5,5,4,5,5,6,4,1,3,0,0,35
1172,intent:what_is_corona,0,3,3,5,5,3,5,5,3,12,7,28,2,13,17,0,1,1,0,6,5,8,6,9,9,5,15,49,40,8,0,0,0,1,5,0,4,2,2,21,22,1,5,59,61,1,1,2,3,6,0,0,0,3,3,2,3,3,4,10,9,9,44,47,46
1173,intent:what_is_corona,2,1,1,2,7,1,2,9,10,24,13,23,1,8,15,1,1,0,1,1,5,12,15,11,23,24,27,31,32,36,0,0,0,1,5,0,1,14,15,27,29,2,52,21,36,2,3,5,11,22,0,0,0,2,2,0,4,4,1,18,19,20,46,26,15
1174,intent:donate,3,0,2,4,1,5,9,8,5,14,17,29,6,58,26,3,0,3,3,3,3,3,3,3,4,2,3,3,36,3,2,2,1,2,1,3,0,7,1,20,13,18,13,32,20,4,6,13,26,53,3,3,3,6,6,6,7,7,5,1,2,1,30,34,33
1175,intent:myths,2,2,1,0,2,1,6,7,0,27,23,22,51,40,36,1,1,0,1,1,5,12,15,11,12,19,20,19,9,10,0,0,0,1,5,0,15,11,5,18,5,23,24,5,58,2,2,4,5,9,1,0,0,2,2,0,4,4,14,29,26,27,29,28,32
1176,intent:donate,3,0,2,4,1,5,9,8,5,14,17,29,6,3,13,3,0,3,3,3,3,3,3,3,4,2,3,46,63,43,2,2,1,2,1,3,0,7,1,9,25,6,12,7,48,4,6,13,26,52,3,3,3,6,6,6,7,7,5,1,2,1,30,36,33
1177,intent:can_i_get_from_packages_surfaces,1,1,2,3,6,7,3,6,7,31,18,31,37,26,54,1,3,0,5,4,2,10,12,14,31,9,12,52,55,19,0,0,0,1,5,0,5,8,0,1,11,11,61,34,62,3,4,8,16,28,0,0,1,1,1,1,11,11,10,22,21,21,5,7,13
1178,intent:travel,1,1,2,3,3,4,10,3,4,6,26,17,24,15,38,1,3,0,5,4,2,5,11,15,11,20,11,24,35,27,0,0,0,0,6,4,10,12,14,7,17,8,35,44,55,3,4,10,22,43,0,2,1,1,1,1,1,1,3,3,4,5,11,13,10
1179,intent:can_i_get_from_packages_surfaces,2,2,1,6,4,1,6,7,1,4,24,1,54,27,1,1,1,0,1,1,2,13,10,10,27,18,21,44,28,53,0,0,0,1,5,0,2,3,4,31,6,13,53,25,34,3,4,8,18,34,0,0,0,0,0,0,14,14,13,14,12,16,7,19,59
1180,intent:donate,3,0,2,4,1,5,9,8,5,14,17,4,32,25,4,3,0,3,3,3,3,3,3,3,4,2,3,46,56,43,2,2,1,2,1,3,0,7,1,9,25,6,18,42,46,4,6,13,26,51,3,3,3,6,6,6,7,7,5,1,2,1,14,4,6
1181,intent:can_i_get_from_packages_surfaces,2,2,1,6,4,1,6,7,1,27,24,1,36,42,1,1,1,0,1,1,5,7,14,0,23,21,16,36,16,57,0,0,0,1,5,0,2,3,4,31,15,13,56,40,31,2,3,5,9,19,0,0,0,0,0,0,3,3,4,25,23,24,48,16,61
1182,intent:news_and_press,3,0,2,4,1,2,4,10,2,22,11,30,31,22,57,0,0,1,6,0,4,11,13,12,15,22,10,43,11,50,0,0,0,7,7,7,1,14,15,3,23,3,60,2,0,4,8,15,29,58,1,0,0,2,2,0,10,10,1,11,11,11,18,14,12
1183,intent:okay_thanks,3,0,2,4,1,6,8,13,6,7,9,13,44,7,8,2,2,2,2,5,6,2,5,6,2,3,5,2,51,5,3,3,3,3,2,2,9,0,11,6,8,12,48,13,25,4,5,11,23,46,2,1,2,5,5,4,5,5,6,4,1,3,0,0,1
1184,intent:share,3,0,2,4,1,2,8,1,9,20,4,15,35,28,29,0,0,1,4,2,1,4,2,1,24,6,1,6,41,1,0,0,0,5,3,6,12,9,12,16,28,7,49,38,1,4,7,14,28,56,1,1,2,4,4,3,2,2,2,0,0,0,1,2,4
1185,intent:what_is_corona,2,2,1,6,4,1,6,7,1,28,12,8,36,42,1,1,1,0,1,1,5,12,15,11,19,10,14,11,18,28,0,0,0,1,5,0,1,14,15,19,0,28,40,10,10,2,2,4,7,12,1,0,0,2,2,0,4,4,1,9,10,10,28,30,28
1186,intent:how_does_corona_spread,2,2,1,6,4,1,6,7,1,27,31,9,47,29,21,1,3,0,5,4,2,10,12,14,22,23,24,20,15,12,0,0,0,1,5,0,5,8,0,29,19,21,8,0,13,3,4,8,19,36,0,0,1,1,1,1,11,11,10,16,14,17,16,17,18
1187,intent:can_i_get_from_feces_animal_pets,2,2,0,6,4,0,15,4,11,19,23,0,8,43,0,1,1,0,7,1,0,7,1,0,14,14,26,61,61,62,0,0,0,1,5,0,2,3,4,30,7,4,47,15,15,2,2,3,4,7,0,0,0,0,0,0,0,0,0,17,15,18,42,44,42
1188,intent:what_is_corona,0,3,3,5,5,3,5,5,3,8,7,28,33,13,17,0,1,1,0,6,5,8,6,9,9,5,15,10,5,44,0,0,0,1,5,0,4,2,2,21,22,1,50,61,56,1,1,2,3,6,0,0,0,3,3,2,3,3,4,10,9,9,56,53,53
1189,intent:protect_yourself,2,1,1,2,7,1,13,9,10,4,15,7,17,10,7,1,1,0,1,1,5,13,10,5,27,29,31,13,13,20,0,0,0,1,5,0,2,3,4,25,6,31,1,50,59,2,3,7,15,27,0,0,0,0,0,0,14,14,13,23,24,25,21,23,19
1190,intent:okay_thanks,3,0,2,4,1,6,8,13,6,5,22,14,58,12,12,2,2,2,2,5,6,2,5,6,2,3,5,56,51,5,3,3,3,3,2,2,9,0,11,6,8,12,16,11,17,4,5,11,23,47,2,1,2,5,5,4,5,5,6,4,1,3,60,20,1
1191,intent:what_if_i_visited_high_risk_area,1,1,2,3,3,4,11,12,4,25,5,25,50,53,53,1,3,0,5,4,2,5,4,2,18,25,17,15,14,25,0,0,0,0,6,4,11,4,9,2,31,25,43,52,23,3,4,9,20,38,0,2,1,1,1,1,12,9,12,8,6,8,2,11,5
1192,intent:myths,2,2,1,0,2,1,6,7,1,27,24,22,51,40,36,1,1,0,1,1,5,12,15,11,12,19,20,19,9,10,0,0,0,1,5,0,15,11,5,18,5,23,24,5,58,2,2,4,5,9,1,0,0,2,2,0,4,4,14,29,26,27,29,28,32
1193,intent:news_and_press,0,3,3,5,5,3,5,5,3,8,7,6,60,13,17,0,0,1,0,6,5,8,6,9,9,5,23,26,23,23,0,0,0,1,5,0,4,2,2,3,30,3,34,33,18,1,1,2,3,5,0,0,0,3,3,2,3,3,4,26,25,26,22,22,20
1194,intent:what_are_symptoms,3,1,2,1,6,7,1,15,2,13,27,27,39,20,42,1,1,0,1,1,5,14,8,8,20,16,19,18,21,16,0,0,0,1,5,0,8,6,10,4,10,0,23,28,30,2,3,6,12,23,0,0,0,0,0,2,8,8,8,20,22,19,34,38,24
1195,intent:latest_numbers,2,1,1,2,0,1,2,0,12,29,0,20,16,23,50,0,0,1,6,0,4,6,0,4,26,0,6,53,0,9,0,0,0,7,7,7,7,13,7,24,2,22,39,43,45,4,8,16,31,61,1,2,1,2,2,3,13,13,11,5,5,4,33,39,37
1196,intent:travel,1,1,1,3,3,7,3,6,7,31,8,31,37,32,28,1,3,0,5,4,2,10,12,14,31,9,12,52,55,52,0,0,0,1,5,0,5,8,0,1,11,11,36,25,62,3,4,8,18,34,0,0,1,1,1,1,11,11,10,22,21,21,5,7,13
1197,intent:myths,0,3,3,0,2,3,0,2,14,0,21,5,0,21,20,0,0,1,0,6,5,0,9,13,0,15,9,0,12,14,0,0,0,4,0,1,3,5,3,10,26,26,57,37,8,1,1,1,1,1,0,0,0,3,3,2,15,15,14,21,20,22,6,5,7
1198,intent:travel,1,1,2,3,3,4,10,3,4,6,26,17,27,49,3,1,3,0,5,4,2,5,11,15,11,20,11,24,35,27,0,0,0,0,6,4,10,12,14,7,17,8,6,27,5,3,4,10,22,44,0,2,1,1,1,1,1,1,3,3,4,5,15,21,22
1199,intent:protect_yourself,2,1,1,2,7,1,13,9,10,21,29,11,11,50,43,1,3,0,5,4,2,5,4,10,16,28,2,62,22,39,0,0,0,1,5,0,11,4,9,0,16,10,58,21,33,2,3,5,10,21,0,0,1,1,0,0,14,9,13,12,29,15,27,45,31
1200,intent:protect_yourself,2,1,1,2,7,1,13,9,10,21,29,11,11,50,43,1,3,0,5,4,2,5,4,10,16,28,2,62,22,39,0,0,0,1,5,0,11,4,9,0,16,10,58,21,33,2,3,5,10,21,0,0,1,1,0,0,14,9,13,12,29,15,27,45,31
1201,intent:protect_yourself,2,1,1,6,6,7,3,6,7,15,8,1,48,47,46,1,3,0,5,4,2,10,12,14,31,9,24,33,45,52,0,0,0,1,5,0,5,8,0,31,15,13,9,41,19,3,4,8,19,35,0,0,1,1,1,1,11,11,10,16,14,17,43,56,41
1202,intent:what_are_symptoms,2,1,1,1,6,7,1,15,2,1,30,27,49,62,41,1,1,0,1,1,5,1,8,8,1,11,13,1,8,54,0,0,0,1,5,0,13,10,8,15,4,14,32,1,26,2,3,6,13,24,0,0,0,0,0,0,8,8,8,7,7,6,23,9,23
1203,intent:hi,3,0,3,7,1,2,12,11,15,17,1,19,34,55,9,0,0,1,4,7,7,9,7,7,21,7,7,40,59,31,1,1,2,6,4,5,6,1,6,11,24,30,27,19,16,4,5,12,24,48,1,1,2,7,7,5,6,6,7,2,3,2,9,29,9
1204,intent:what_is_corona,0,3,3,5,5,3,5,5,3,8,7,28,33,13,17,0,1,1,0,6,5,8,6,9,9,5,15,10,5,44,0,0,0,1,5,0,4,2,2,21,22,1,7,24,11,1,1,2,3,6,0,0,0,3,3,2,3,3,4,10,9,9,19,18,21
1205,intent:what_are_treatment_options,0,3,3,5,5,3,5,5,13,8,16,21,46,16,31,1,1,0,1,6,5,15,10,5,25,26,8,14,19,24,0,0,0,1,5,0,4,2,2,5,9,5,30,4,49,2,3,7,14,25,0,0,0,0,3,2,9,12,9,13,13,14,3,1,2
1206,intent:what_if_i_visited_high_risk_area,1,1,2,3,6,4,11,12,4,30,29,11,53,34,53,1,3,0,5,4,2,5,4,2,16,28,2,55,50,2,0,0,0,0,6,4,11,4,9,0,16,10,43,52,52,3,4,9,20,38,0,2,1,1,1,1,12,9,12,12,6,8,2,33,36
1207,intent:donate,3,0,2,4,1,5,9,8,5,14,6,29,6,38,26,3,0,3,3,3,3,3,3,3,4,2,3,46,4,43,2,2,1,2,1,3,0,7,1,9,25,6,12,7,48,4,6,13,26,52,3,3,3,6,6,6,7,7,5,1,2,1,14,4,6
1208,intent:what_are_symptoms,2,1,1,1,7,1,1,15,10,1,30,7,7,62,41,1,1,0,1,1,5,1,8,8,1,11,13,1,8,54,0,0,0,1,5,0,13,10,8,15,4,14,32,1,26,2,3,6,13,24,0,0,0,0,0,0,8,8,8,7,7,6,23,9,23
1209,intent:protect_yourself,2,2,1,6,4,1,6,7,1,21,24,1,54,45,43,1,1,0,1,1,2,13,10,10,27,18,21,44,28,46,0,0,0,1,5,0,2,3,4,31,16,13,53,8,63,2,3,5,10,21,0,0,0,1,0,0,14,14,13,12,29,15,27,37,31
1210,intent:how_does_corona_spread,2,2,1,6,4,1,6,7,1,27,24,1,47,33,22,1,1,0,7,1,0,7,1,0,14,14,26,38,24,22,0,0,0,1,5,0,2,3,4,22,15,20,29,29,42,2,2,4,7,13,0,0,0,0,0,0,0,0,0,27,16,23,13,27,29
1211,intent:can_i_get_from_feces_animal_pets,2,2,0,6,4,0,6,4,11,19,23,0,8,2,0,1,1,0,7,1,0,7,1,0,8,14,29,7,42,49,0,0,0,1,5,0,2,3,4,31,15,13,10,57,57,2,2,3,4,7,0,0,0,0,0,0,10,10,15,24,27,29,39,40,25
1212,intent:what_are_symptoms,0,3,3,5,5,3,5,5,3,8,7,28,33,13,17,0,1,1,0,6,5,8,6,9,9,5,15,10,5,44,0,0,0,1,5,0,4,2,2,21,22,1,50,61,56,1,1,2,3,6,0,0,0,3,3,2,3,3,4,10,9,9,56,53,53
1213,intent:share,3,0,2,4,1,2,8,1,9,9,4,2,35,28,2,0,0,1,4,2,1,4,2,1,24,6,22,51,6,33,0,0,0,5,3,6,12,9,12,14,3,9,49,3,1,4,7,14,27,54,1,1,2,4,4,3,2,2,2,0,0,0,35,31,34
1214,intent:how_does_corona_spread,2,1,1,2,7,1,13,14,10,10,2,23,14,11,18,1,1,0,7,1,0,7,14,0,14,31,16,21,39,47,0,0,0,1,5,0,2,3,4,22,15,20,54,54,29,2,3,5,9,18,0,0,0,0,0,0,0,0,0,28,28,28,24,32,38
1215,intent:okay_thanks,3,0,2,4,1,6,8,13,6,7,22,26,52,12,12,2,2,2,2,5,6,2,5,6,2,3,5,45,3,48,3,3,3,3,2,2,9,0,11,6,8,12,63,58,60,4,5,11,23,45,2,1,2,5,5,4,5,5,6,4,1,3,20,20,35
1216,intent:what_are_treatment_options,2,1,1,2,7,1,13,14,13,11,15,21,17,10,7,1,1,0,1,1,5,15,10,5,13,8,28,29,29,4,0,0,0,1,5,0,2,3,4,25,6,31,1,50,59,2,3,7,15,26,0,0,0,0,3,2,9,12,9,23,24,25,21,23,19
1217,intent:share,3,0,2,4,1,2,8,1,9,20,19,15,20,30,29,0,0,1,4,2,1,4,2,1,24,6,1,6,41,1,0,0,0,5,3,6,12,9,12,16,28,7,19,17,35,4,7,14,28,55,1,1,2,4,4,3,2,2,2,0,0,0,1,2,4
1218,intent:share,3,0,2,4,1,2,8,1,9,20,19,15,20,30,29,0,0,1,4,2,1,4,2,1,24,6,1,6,41,1,0,0,0,5,3,6,12,9,12,16,28,7,19,17,35,4,7,14,28,55,1,1,2,4,4,3,2,2,2,0,0,0,1,2,4
1219,intent:donate,3,0,2,4,1,5,9,8,5,14,17,29,6,25,26,3,0,3,3,3,3,3,3,3,4,2,3,46,4,43,2,2,1,2,1,3,0,7,1,9,25,6,12,7,48,4,6,13,26,52,3,3,3,6,6,6,7,7,5,1,2,1,14,4,6
1220,intent:news_and_press,2,1,1,2,0,1,2,9,2,2,10,12,1,46,19,0,0,1,6,0,4,11,13,12,17,17,25,43,11,50,0,0,0,7,7,7,1,14,15,26,23,28,59,18,43,4,8,16,31,60,1,0,0,2,2,0,4,4,1,18,19,20,57,58,55
1221,intent:what_are_symptoms,2,2,0,1,4,0,1,7,1,1,30,0,7,17,41,1,1,0,1,1,5,1,8,8,1,11,13,1,8,54,0,0,0,1,5,0,13,10,8,15,4,14,32,1,26,2,3,6,13,24,0,0,0,0,0,0,8,8,8,7,7,6,23,9,23
1222,intent:what_if_i_visited_high_risk_area,0,3,3,5,5,3,11,12,13,25,5,25,50,53,27,1,3,0,5,4,2,5,4,2,18,25,17,41,14,25,0,0,0,1,5,0,11,4,9,2,31,25,43,52,23,3,4,9,20,37,0,2,1,1,1,1,12,9,12,8,6,8,2,11,5
1223,intent:what_is_corona,0,3,3,5,5,3,5,5,3,8,7,28,33,13,17,0,1,1,0,6,5,8,6,9,9,5,15,10,5,44,0,0,0,1,5,0,4,2,2,21,22,1,7,24,11,1,1,2,3,6,0,0,0,3,3,2,3,3,4,10,9,9,19,18,21
1224,intent:news_and_press,2,2,1,6,4,1,15,7,1,28,12,8,4,9,60,0,0,1,6,0,4,11,13,12,17,17,25,16,58,40,0,0,0,7,7,7,1,14,15,26,23,28,38,47,22,2,2,4,6,10,1,0,0,2,2,0,4,4,1,9,10,10,25,24,27
1225,intent:news_and_press,3,0,2,4,1,2,4,10,2,22,11,30,31,22,57,0,0,1,6,0,4,11,13,12,17,17,25,43,11,50,0,0,0,1,5,0,1,14,15,3,23,3,60,2,0,4,8,15,29,58,1,1,2,2,2,3,10,10,1,11,11,11,18,14,12
1226,intent:myths,0,3,3,0,2,3,0,2,14,0,3,5,0,21,39,0,0,1,0,6,5,0,9,13,0,15,9,0,12,14,0,0,0,4,0,1,3,5,3,10,26,26,57,37,8,1,1,1,1,2,0,0,0,3,3,2,15,15,14,21,20,22,6,5,7
1227,intent:can_i_get_from_packages_surfaces,1,1,2,3,6,7,3,6,7,31,8,10,48,57,52,1,3,0,5,4,2,5,12,10,5,13,12,28,2,41,0,0,0,1,5,0,2,3,4,22,15,20,50,61,56,3,4,8,17,33,0,0,1,1,1,1,0,0,0,28,28,28,43,49,41
1228,intent:what_are_treatment_options,0,3,3,5,5,3,13,14,13,11,15,21,30,4,31,1,1,0,1,1,5,15,10,5,13,8,28,29,29,4,0,0,0,1,5,0,2,3,4,25,6,31,1,50,59,2,3,7,15,27,0,0,0,0,3,2,9,12,9,23,24,14,21,23,54
1229,intent:donate,3,0,2,4,1,5,9,8,5,14,17,29,6,54,26,3,0,3,3,3,3,3,3,3,4,2,3,46,63,43,2,2,1,2,1,3,0,7,1,9,25,6,22,39,53,4,6,13,26,52,3,3,3,6,6,6,7,7,5,1,2,1,37,36,43
1230,intent:protect_yourself,1,1,2,3,6,7,3,6,7,15,31,9,18,29,21,1,3,0,5,4,2,10,12,14,22,23,24,20,15,12,0,0,0,1,5,0,5,8,0,29,19,21,8,0,13,3,4,8,19,36,0,0,1,1,1,1,11,11,10,16,14,17,16,17,18
1231,intent:news_and_press,2,2,1,6,4,1,15,7,1,28,12,8,4,9,60,0,0,1,6,0,4,11,13,12,17,17,25,16,58,40,0,0,0,1,5,0,1,14,15,26,23,28,38,47,22,2,2,4,6,10,1,0,0,2,2,0,4,4,1,9,10,10,25,24,27
1232,intent:share,3,0,2,4,1,2,8,1,9,20,19,15,20,30,29,0,0,1,4,2,1,4,2,1,24,6,1,6,41,1,0,0,0,5,3,6,12,9,12,16,28,7,20,38,27,4,7,14,28,55,1,1,2,4,4,3,2,2,2,0,0,0,1,2,4
1233,intent:can_i_get_from_packages_surfaces,0,3,3,5,5,3,5,5,3,8,25,28,62,56,34,0,1,1,0,6,5,8,6,9,29,5,15,47,38,29,0,0,0,1,5,0,4,2,2,12,18,29,17,16,6,1,1,2,2,3,0,0,0,3,3,2,3,3,4,25,23,24,41,16,39
1234,intent:hi,3,0,2,7,1,2,12,11,15,16,1,19,34,55,32,0,0,1,4,7,7,9,7,7,21,7,7,40,59,31,1,1,2,6,4,5,6,1,6,11,27,15,27,53,51,4,5,12,24,48,1,1,2,7,7,5,6,6,7,2,3,2,40,43,40
1235,intent:latest_numbers,3,1,2,4,0,2,4,0,12,29,0,20,16,36,50,0,0,1,6,0,4,6,0,4,3,0,6,34,53,34,0,0,0,7,7,7,7,13,7,28,21,19,15,46,32,4,8,16,30,59,1,2,1,2,2,3,13,13,11,5,5,4,33,39,37
1236,intent:myths,0,3,3,0,2,3,0,2,14,0,21,5,0,21,20,0,0,1,0,6,5,0,9,13,0,15,9,0,12,14,0,0,0,4,0,1,3,5,3,10,26,26,57,37,8,1,1,1,1,2,0,0,0,3,3,2,15,15,14,21,20,22,6,5,7
1237,intent:what_are_symptoms,3,1,2,1,6,7,1,15,2,13,30,27,39,20,42,1,1,0,1,1,5,14,8,8,20,16,19,18,21,16,0,0,0,1,5,0,8,6,10,4,10,0,23,28,30,2,3,6,12,23,0,0,0,0,0,2,8,8,8,20,22,19,34,38,24
1238,intent:can_i_get_from_feces_animal_pets,2,1,1,2,7,1,13,14,0,23,2,7,40,48,33,1,1,0,7,1,0,7,1,0,28,1,0,22,54,30,0,0,0,1,5,0,2,3,4,30,7,4,4,14,3,2,3,5,8,15,0,0,0,0,0,0,0,0,0,6,8,7,8,15,17
1239,intent:donate,3,0,2,4,1,5,9,8,5,14,17,29,6,38,26,3,0,3,3,3,3,3,3,3,4,2,3,3,36,3,2,2,1,2,1,3,0,7,1,20,13,18,13,32,9,4,6,13,26,53,3,3,3,6,6,6,7,7,5,1,2,1,30,34,33
1240,intent:okay_thanks,3,0,2,4,1,6,8,13,6,7,14,16,52,12,6,2,2,2,2,5,6,2,5,6,30,30,30,25,43,32,3,3,3,3,2,2,9,0,11,13,20,17,14,31,60,4,5,11,23,45,2,1,2,5,5,4,5,5,6,30,1,30,36,41,35
1241,intent:latest_numbers,2,1,1,2,0,1,2,0,12,29,10,12,19,23,19,0,0,1,6,0,4,6,0,4,26,0,6,53,0,9,0,0,0,7,7,7,7,13,7,24,2,22,39,43,45,4,8,16,31,61,1,2,1,2,2,3,13,13,11,5,5,4,4,3,3
1242,intent:share,3,0,2,4,1,2,8,1,9,9,4,2,55,28,16,0,0,1,4,2,1,4,2,1,6,6,22,51,6,55,0,0,0,5,3,6,12,9,12,14,3,9,49,3,4,4,7,14,27,54,1,1,2,4,4,3,2,2,2,0,0,0,12,6,11
1243,intent:can_i_get_from_feces_animal_pets,2,2,0,6,4,0,6,4,0,23,23,0,26,2,0,1,1,0,7,1,0,7,1,0,8,14,29,7,42,49,0,0,0,1,5,0,2,3,4,30,7,4,10,57,57,2,2,3,4,7,0,0,0,0,0,0,0,0,0,24,27,29,39,40,25
1244,intent:can_i_get_from_feces_animal_pets,2,2,1,6,4,1,6,7,1,27,24,1,47,33,22,1,1,0,7,1,0,7,1,0,14,14,26,61,61,62,0,0,0,1,5,0,2,3,4,22,15,20,29,29,42,2,2,4,7,13,0,0,0,0,0,0,0,0,0,27,16,23,13,27,29
1245,intent:donate,3,0,2,4,1,5,9,8,5,14,17,29,6,25,13,3,0,3,3,3,3,3,3,3,4,2,3,46,4,43,2,2,1,2,1,3,0,7,1,9,25,6,12,7,48,4,6,13,26,52,3,3,3,6,6,6,7,7,5,1,2,1,14,4,6
1246,intent:donate,3,0,2,4,1,6,8,13,6,7,22,16,45,12,12,2,2,2,2,5,6,2,5,6,2,3,5,2,51,5,3,3,3,3,2,2,9,0,11,6,8,12,63,58,14,4,5,11,23,47,2,1,2,5,5,4,5,5,6,4,1,3,20,20,45
1247,intent:can_i_get_from_packages_surfaces,1,1,2,3,6,7,3,6,7,31,18,31,37,26,28,1,3,0,5,4,2,10,12,14,31,9,12,52,55,52,0,0,0,1,5,0,5,8,0,1,11,11,61,34,62,3,4,8,16,28,0,0,1,1,1,1,11,11,10,22,21,21,5,7,13
1248,intent:what_are_symptoms,2,1,1,1,6,7,1,15,13,1,30,21,7,6,41,1,1,0,1,1,5,1,8,8,1,11,13,1,8,54,0,0,0,1,5,0,13,10,8,15,4,14,32,1,26,2,3,5,9,16,0,0,0,0,0,0,8,8,8,7,7,6,23,9,23
1249,intent:can_i_get_from_packages_surfaces,0,3,3,5,5,3,5,5,13,11,25,24,62,31,34,1,1,0,7,1,0,7,1,0,8,14,29,37,17,26,0,0,0,1,5,0,2,3,4,30,7,4,33,51,50,1,1,2,2,3,0,0,0,3,0,2,3,3,4,15,18,13,26,35,26
1250,intent:how_does_corona_spread,2,1,1,2,7,1,13,14,13,11,25,24,14,41,23,1,1,0,7,1,0,7,1,0,8,14,29,37,17,59,0,0,0,1,5,0,2,3,4,22,15,20,10,57,57,2,3,5,9,18,0,0,0,0,0,0,0,0,0,24,27,13,54,52,25
1251,intent:what_if_i_visited_high_risk_area,1,1,2,3,3,4,4,3,4,22,11,30,5,18,3,1,3,0,5,4,2,5,11,15,11,4,11,5,37,56,0,0,0,0,6,4,10,12,14,23,12,24,26,9,41,3,4,10,22,42,0,2,1,1,1,1,1,1,3,19,17,12,17,12,0
1252,intent:can_i_get_from_feces_animal_pets,2,2,1,6,4,1,6,14,0,23,23,1,56,48,33,1,1,0,7,1,0,7,1,0,28,1,0,60,1,0,0,0,0,1,5,0,2,3,4,30,7,4,47,15,15,2,3,5,8,15,0,0,0,0,0,0,0,0,0,6,8,7,42,44,42
1253,intent:travel,1,1,2,3,3,4,10,3,4,6,20,3,5,18,63,1,3,0,5,4,2,5,11,15,11,4,11,5,37,56,0,0,0,0,6,4,10,12,14,23,12,24,26,9,41,3,4,10,21,40,0,2,1,1,1,1,1,1,3,19,17,12,17,12,0
1254,intent:what_are_symptoms,2,1,2,1,6,7,1,15,2,1,30,27,49,62,41,1,1,0,1,1,5,1,8,8,1,11,13,57,8,11,0,0,0,1,5,0,13,10,8,15,4,14,0,1,37,2,3,6,13,24,0,0,0,0,0,0,8,8,8,7,7,6,23,9,23
1255,intent:what_are_treatment_options,2,1,2,2,0,1,4,0,12,2,10,12,17,10,7,1,1,0,1,1,5,15,10,5,13,8,28,29,29,4,0,0,0,1,5,0,2,3,4,25,6,31,1,50,59,4,8,15,29,58,0,0,0,0,3,2,9,12,9,23,24,25,21,23,19
1256,intent:can_i_get_from_packages_surfaces,0,3,3,5,5,3,5,5,3,8,25,28,62,56,34,0,1,1,0,6,5,8,6,9,29,5,15,47,38,29,0,0,0,1,5,0,4,2,2,12,18,29,17,16,6,1,1,2,2,4,0,0,0,3,3,2,3,3,4,25,23,24,41,16,39
1257,intent:what_is_corona,2,2,0,6,4,0,15,4,11,19,28,18,8,43,30,0,0,1,6,0,4,11,13,12,10,12,18,12,25,60,0,0,0,1,5,0,14,15,13,17,14,27,25,20,28,2,2,3,4,8,1,0,0,2,2,0,10,10,15,17,15,18,10,10,8
1258,intent:myths,0,3,3,0,2,3,0,2,14,0,21,5,0,21,20,0,0,1,0,6,5,0,9,13,0,15,9,0,12,14,0,0,0,4,0,1,3,5,3,10,26,26,57,37,8,1,1,1,1,1,0,0,0,3,3,2,15,15,14,21,20,22,6,5,7
1259,intent:can_i_get_from_packages_surfaces,2,1,1,2,7,1,13,14,10,23,2,7,41,61,18,1,1,0,7,1,0,7,1,0,8,14,29,61,61,62,0,0,0,1,5,0,2,3,4,22,15,4,4,14,3,2,3,5,9,20,0,0,0,0,0,0,0,0,0,24,27,29,39,51,47
1260,intent:what_are_treatment_options,2,1,1,2,0,1,2,9,2,2,15,12,17,10,7,1,1,0,1,1,5,15,10,5,13,8,28,29,29,4,0,0,0,1,5,0,2,3,4,25,6,31,1,50,59,4,8,15,29,58,0,0,0,0,3,2,9,12,9,23,24,25,21,23,19
1261,intent:latest_numbers,3,1,2,4,0,2,4,0,12,29,0,20,16,36,50,0,0,1,6,0,4,6,0,4,3,0,6,34,53,34,0,0,0,7,7,7,7,13,7,28,21,19,15,46,32,4,8,16,30,59,1,2,1,2,2,3,13,13,11,5,5,4,33,39,37
1262,intent:what_is_corona,2,2,0,6,4,0,15,4,11,19,28,18,8,43,30,0,0,1,6,0,4,11,13,12,10,12,18,12,25,60,0,0,0,1,5,0,14,15,13,17,14,27,25,20,28,2,2,3,4,8,1,0,0,2,2,0,10,10,15,17,15,18,10,10,8
1263,intent:news_and_press,2,2,1,6,4,1,15,7,1,28,12,8,4,9,60,0,0,1,6,0,4,11,13,12,17,17,25,16,58,40,0,0,0,7,7,7,1,14,15,26,23,28,38,47,22,2,2,4,6,10,1,0,0,2,2,0,4,4,1,9,10,10,25,24,27
1264,intent:what_if_i_visited_high_risk_area,1,1,2,3,6,7,14,12,7,18,27,10,22,5,56,1,3,0,5,4,2,5,4,10,16,28,2,62,50,2,0,0,0,1,5,0,11,4,9,0,16,10,41,26,44,3,4,8,17,30,0,0,0,0,1,2,9,9,9,20,22,19,38,42,60
1265,intent:news_and_press,0,3,3,5,5,3,5,5,3,12,7,6,60,13,17,0,0,1,0,6,5,8,6,9,9,5,23,26,23,23,0,0,0,1,5,0,4,2,2,3,30,3,34,33,18,1,1,2,3,5,0,0,0,3,3,2,3,3,4,26,25,26,22,22,20
1266,intent:myths,0,3,3,0,2,3,0,2,14,0,21,5,0,21,39,0,0,1,0,6,5,0,9,13,0,15,9,0,12,14,0,0,0,4,0,1,3,5,3,10,26,26,57,37,8,1,1,1,1,1,0,0,0,3,3,2,15,15,14,21,20,22,6,5,7
1267,intent:latest_numbers,2,2,0,6,4,0,15,4,11,19,28,18,8,43,30,0,0,1,6,0,4,11,13,12,10,12,18,12,25,6,0,0,0,1,5,0,2,3,4,31,6,13,53,8,4,2,2,3,4,7,1,0,0,2,2,0,10,10,15,17,15,18,10,10,8
1268,intent:how_does_corona_spread,2,1,1,2,7,7,13,14,10,10,2,7,7,6,33,1,1,0,7,1,0,7,1,0,8,14,29,7,17,59,0,0,0,1,5,0,2,3,4,22,15,20,10,57,57,2,3,5,9,18,0,0,0,0,0,0,0,0,0,28,7,6,54,32,25
1269,intent:protect_yourself,1,1,2,3,6,7,3,6,7,15,31,9,18,29,21,1,3,0,5,4,2,10,12,14,22,23,24,20,15,12,0,0,0,1,5,0,5,8,0,29,19,21,8,0,13,3,4,8,19,36,0,0,1,1,1,1,11,11,10,16,14,17,16,17,18
1270,intent:latest_numbers,3,0,2,4,0,2,4,0,12,3,0,20,43,0,24,0,0,1,6,0,4,6,0,4,26,0,6,4,0,37,0,0,0,7,7,7,7,13,7,24,2,22,11,3,4,4,8,16,32,64,1,2,1,2,2,3,13,13,11,5,5,4,53,54,51
1271,intent:donate,3,0,2,4,1,5,9,8,5,14,17,4,32,54,4,3,0,3,3,3,3,3,3,3,4,2,3,46,56,43,2,2,1,2,1,3,0,7,1,9,25,6,18,42,46,4,6,13,26,51,3,3,3,6,6,6,7,7,5,1,2,1,59,59,57
1272,intent:protect_yourself,2,1,1,2,7,1,2,9,10,21,29,11,11,50,43,1,3,0,5,4,2,5,4,10,16,28,2,62,22,39,0,0,0,1,5,0,11,4,9,0,16,10,58,21,33,3,4,8,17,30,0,0,1,1,0,0,14,9,13,12,29,15,27,45,31
1273,intent:latest_numbers,3,1,2,4,0,2,4,0,12,29,0,20,16,36,50,0,0,1,6,0,4,6,0,4,3,0,6,34,53,34,0,0,0,7,7,7,7,13,7,28,21,19,15,46,32,4,8,16,30,59,1,2,1,2,2,3,13,13,11,5,5,4,33,39,37
1274,intent:donate,3,0,2,4,1,5,9,8,5,14,17,29,6,54,26,3,0,3,3,3,3,3,3,3,4,2,3,46,63,43,2,2,1,2,1,3,0,7,1,9,25,6,22,39,53,4,6,13,26,52,3,3,3,6,6,6,7,7,5,1,2,1,37,36,43
1275,intent:what_is_corona,2,2,1,6,4,1,6,7,1,28,12,1,36,42,1,1,1,0,1,1,5,12,15,11,19,10,14,11,18,28,0,0,0,1,5,0,1,14,15,19,0,28,40,10,10,2,2,4,7,12,1,0,0,2,2,0,4,4,1,9,10,10,28,30,28
1276,intent:protect_yourself,2,1,1,2,7,1,13,9,10,21,2,7,11,10,18,1,1,0,1,1,5,13,10,5,27,29,31,13,13,20,0,0,0,1,5,0,2,3,4,25,6,31,1,50,59,2,3,7,15,27,0,0,0,0,0,0,14,12,13,23,24,25,21,23,19
1277,intent:travel,1,1,2,3,3,4,10,3,4,26,26,17,24,44,37,1,3,0,5,4,2,5,11,15,11,20,11,54,47,13,0,0,0,0,6,4,10,12,14,23,12,24,42,49,2,3,4,10,22,41,0,2,1,1,1,1,1,1,3,3,4,5,15,21,22
1278,intent:travel,1,1,2,3,3,4,10,3,4,6,26,17,24,15,38,1,3,0,5,4,2,5,11,15,11,20,11,24,35,27,0,0,0,0,6,4,10,12,14,7,17,8,35,44,55,3,4,10,22,43,0,2,1,1,1,1,1,1,3,3,4,5,11,13,10
1279,intent:donate,3,0,3,4,1,5,9,8,5,14,17,4,32,25,4,3,0,3,3,3,3,3,3,3,4,2,3,46,56,43,2,2,1,2,1,3,0,7,1,9,25,6,18,42,46,4,6,13,26,51,3,3,3,6,6,6,7,7,5,1,2,1,59,59,57
1280,intent:how_does_corona_spread,2,1,1,2,7,1,2,9,10,10,13,23,40,11,18,1,1,0,7,1,0,7,14,0,14,21,16,21,39,47,0,0,0,1,5,0,2,3,4,22,15,20,54,54,29,2,3,5,9,20,0,0,0,0,0,0,0,0,0,18,19,20,24,26,15
1281,intent:share,3,0,2,4,1,2,8,1,9,9,4,2,55,28,61,0,0,1,4,2,1,4,2,1,6,6,22,51,6,33,0,0,0,5,3,6,12,9,12,14,3,9,37,23,38,4,7,14,27,54,1,1,2,4,4,3,2,2,2,0,0,0,12,6,11
1282,intent:latest_numbers,0,3,3,5,5,3,5,14,13,11,25,21,21,4,48,1,1,0,1,6,5,15,10,5,25,26,8,14,19,24,0,0,0,1,5,0,4,2,2,5,9,5,30,4,49,4,8,16,31,61,0,0,0,0,3,2,9,12,9,13,13,14,3,1,2
1283,intent:news_and_press,0,3,3,5,5,3,5,5,3,12,7,6,60,22,57,0,0,1,0,6,5,8,6,9,9,5,23,26,23,23,0,0,0,1,5,0,4,2,2,3,30,3,34,33,18,1,1,2,3,5,0,0,0,3,3,2,3,3,4,26,25,26,22,22,20
1284,intent:latest_numbers,3,0,2,4,0,2,4,10,2,22,11,30,31,35,57,0,0,1,6,0,4,11,13,12,15,22,10,35,27,58,0,0,0,7,7,7,1,14,15,3,23,3,3,2,0,4,8,15,29,57,1,1,2,2,2,3,10,10,1,11,11,11,49,55,12
1285,intent:myths,0,3,3,0,2,3,0,2,14,0,3,5,0,21,39,0,0,1,0,6,5,0,9,13,0,15,9,0,12,14,0,0,0,4,0,1,3,5,3,10,26,26,57,37,8,1,1,1,1,1,0,0,0,3,3,2,15,15,14,21,20,22,6,5,7
1286,intent:what_if_i_visited_high_risk_area,1,1,2,3,6,4,11,12,4,25,5,25,50,53,62,1,3,0,5,4,2,5,4,2,18,25,17,41,14,25,0,0,0,0,6,4,11,4,9,2,31,25,44,6,23,3,4,9,20,37,0,2,1,1,1,1,12,9,12,8,6,8,2,11,5
1287,intent:what_are_treatment_options,2,2,1,6,4,1,6,7,1,4,24,1,54,45,1,1,1,0,1,1,5,13,10,5,27,29,31,13,13,20,0,0,0,1,5,0,2,3,4,31,6,13,53,8,34,2,3,7,15,27,0,0,0,0,0,0,14,14,13,14,12,16,7,19,14
1288,intent:travel,1,1,2,3,3,4,14,3,4,6,20,3,63,18,40,1,3,0,5,4,2,5,11,15,11,4,11,5,37,56,0,0,0,0,6,4,10,12,14,23,12,24,26,9,4,3,4,10,21,40,0,2,1,1,1,1,1,1,3,19,17,12,15,21,22
1289,intent:share,3,0,2,4,1,2,8,1,9,20,19,15,20,30,61,0,0,1,4,2,1,4,2,1,24,6,1,6,41,1,0,0,0,5,3,6,12,9,12,16,28,7,20,38,27,4,7,14,28,56,1,1,2,4,4,3,2,2,2,0,0,0,1,2,4
1290,intent:okay_thanks,3,0,3,4,1,6,8,13,6,7,9,16,52,12,8,2,2,2,2,5,6,2,5,6,2,3,5,45,3,48,3,3,3,3,2,2,9,0,11,6,8,12,14,31,60,4,5,11,23,47,2,1,2,5,5,4,5,5,6,4,1,3,0,0,35
1291,intent:what_if_i_visited_high_risk_area,2,1,1,2,7,1,13,9,10,10,2,23,13,11,18,1,1,0,7,1,0,7,14,0,14,31,16,21,39,47,0,0,0,1,5,0,2,3,4,22,15,20,54,54,29,3,4,9,20,39,0,0,0,0,0,0,0,0,0,28,28,28,24,32,38
1292,intent:share,3,0,2,4,1,2,8,1,9,9,4,2,55,28,16,0,0,1,4,2,1,4,2,1,6,6,22,51,6,55,0,0,0,5,3,6,12,9,12,14,3,9,37,3,38,4,7,14,27,54,1,1,2,4,4,3,2,2,2,0,0,0,12,6,11
1293,intent:okay_thanks,3,0,2,4,1,6,8,13,6,7,9,16,44,7,8,2,2,2,2,5,6,2,5,6,2,3,5,2,51,5,3,3,3,3,2,2,9,0,11,6,8,12,48,13,25,4,5,11,23,47,2,1,2,5,5,4,5,5,6,4,1,3,0,0,1
1294,intent:how_does_corona_spread,0,3,3,5,7,3,13,14,13,11,25,23,21,41,48,1,1,0,7,1,0,7,1,0,8,14,29,37,44,63,0,0,0,1,5,0,2,3,4,22,15,20,33,51,50,2,3,5,9,17,0,0,0,0,0,0,0,0,0,15,18,13,45,46,48
1295,intent:myths,2,2,0,0,2,0,0,4,11,19,23,22,51,40,36,1,1,0,1,1,5,12,15,11,12,19,20,19,9,10,0,0,0,1,5,0,15,11,5,18,5,23,24,5,58,2,2,4,5,9,1,0,0,2,2,0,4,4,14,29,26,27,29,28,32
1296,intent:donate,3,0,2,4,1,5,9,8,5,14,6,29,6,25,26,3,0,3,3,3,3,3,3,3,4,2,3,46,4,43,2,2,1,2,1,3,0,7,1,9,25,6,12,7,48,4,6,13,26,52,3,3,3,6,6,6,7,7,5,1,2,1,14,4,6
1297,intent:what_are_treatment_options,0,3,3,5,5,3,5,5,13,11,15,21,17,10,7,1,1,0,1,1,5,15,10,5,13,8,28,29,29,4,0,0,0,1,5,0,2,3,4,25,6,31,1,50,59,2,3,7,15,26,0,0,0,0,3,2,9,12,9,23,24,25,21,23,19
1298,intent:can_i_get_from_packages_surfaces,1,1,2,3,6,7,3,6,7,31,8,31,37,27,28,1,3,0,5,4,2,10,12,14,31,9,12,9,20,52,0,0,0,1,5,0,5,8,0,1,11,11,36,25,39,3,4,8,18,34,0,0,1,1,1,1,11,11,10,22,21,21,5,7,13
1299,intent:travel,1,1,2,3,3,4,10,3,4,6,20,3,5,18,63,1,3,0,5,4,2,5,11,15,11,4,11,5,37,56,0,0,0,0,6,4,10,12,14,23,12,24,26,9,41,3,4,10,21,40,0,2,1,1,1,1,1,1,3,19,17,12,17,12,0
1300,intent:hi,3,0,2,7,1,2,7,11,8,17,1,19,12,24,14,0,0,1,4,7,7,9,7,7,21,7,7,8,7,31,1,1,2,6,4,5,6,1,6,8,24,30,31,19,16,4,5,12,25,49,1,1,2,7,7,5,6,6,7,2,3,2,9,29,9
1301,intent:what_is_corona,0,3,3,5,5,3,5,5,3,8,7,28,33,13,17,0,1,1,0,6,5,8,6,9,9,5,15,10,5,44,0,0,0,1,5,0,4,2,2,21,22,1,7,24,11,1,1,2,3,6,0,0,0,3,3,2,3,3,4,10,9,9,19,18,21
1302,intent:news_and_press,3,0,2,4,0,2,4,10,2,22,11,30,31,35,47,0,0,1,6,0,4,6,0,4,26,22,10,50,48,35,0,0,0,7,7,7,1,14,15,3,23,3,21,36,9,4,8,16,32,62,1,1,2,2,2,3,10,10,5,11,11,11,61,60,58
1303,intent:how_does_corona_spread,2,1,1,2,7,1,13,14,10,10,2,23,14,11,18,1,1,0,7,1,0,7,14,0,14,31,16,21,39,47,0,0,0,1,5,0,2,3,4,22,15,20,54,54,29,2,3,5,9,18,0,0,0,0,0,0,0,0,0,28,28,28,24,32,38
1304,intent:share,3,0,2,4,1,2,8,10,2,3,22,14,45,5,16,0,0,1,4,2,1,4,2,1,6,6,22,51,6,55,3,3,3,5,3,6,12,9,12,14,3,9,49,3,4,4,5,11,23,47,1,1,2,4,4,3,2,2,2,0,0,0,60,6,11
1305,intent:can_i_get_from_feces_animal_pets,0,3,3,5,5,3,13,14,13,11,25,24,41,61,48,1,1,0,7,1,0,7,1,0,8,14,29,37,44,63,0,0,0,1,5,0,2,3,4,22,15,20,33,51,50,2,3,5,9,20,0,0,0,0,0,0,0,0,0,15,16,13,45,51,47
1306,intent:what_is_corona,0,3,3,5,5,3,5,5,3,12,7,28,2,13,17,0,1,1,0,6,5,8,6,9,9,5,15,49,40,8,0,0,0,1,5,0,4,2,2,21,22,1,5,59,61,1,1,2,3,6,0,0,0,3,3,2,3,3,4,10,9,9,44,47,46
1307,intent:donate,0,3,3,5,5,5,9,8,5,14,17,4,32,38,4,3,0,3,3,3,3,3,3,3,4,2,3,46,56,43,2,2,1,2,1,3,0,7,1,9,25,6,18,42,46,4,6,13,26,51,3,3,3,6,6,6,7,7,5,1,2,1,59,59,57
1308,intent:can_i_get_from_feces_animal_pets,2,1,1,2,7,1,13,14,0,23,2,7,40,48,18,1,1,0,7,1,0,7,1,0,28,1,0,22,54,30,0,0,0,1,5,0,2,3,4,30,7,4,4,14,3,2,3,5,8,15,0,0,0,0,0,0,0,0,0,6,8,7,8,15,17
1309,intent:how_does_corona_spread,2,2,1,6,4,1,6,7,1,27,24,1,47,33,22,1,1,0,7,1,0,7,1,0,14,14,26,61,61,62,0,0,0,1,5,0,2,3,4,22,15,20,29,29,42,2,3,5,9,20,0,0,0,0,0,0,0,0,0,27,16,23,13,51,29
1310,intent:myths,0,3,3,0,2,3,0,2,14,0,21,5,0,21,39,0,0,1,0,6,5,0,9,13,0,15,9,0,12,14,0,0,0,4,0,1,3,5,3,10,26,26,57,37,8,1,1,1,1,2,0,0,0,3,3,2,15,15,14,21,20,22,6,5,7
1311,intent:donate,3,0,2,4,1,5,9,8,5,14,17,29,6,25,26,3,0,3,3,3,3,3,3,3,4,2,3,46,63,43,2,2,1,2,1,3,0,7,1,9,25,6,22,39,53,4,6,13,26,52,3,3,3,6,6,6,7,7,5,1,2,1,37,36,43
1312,intent:share,3,0,2,4,1,2,8,1,9,20,19,15,25,28,29,0,0,1,4,2,1,4,2,1,24,6,1,6,41,1,0,0,0,5,3,6,12,9,12,16,28,7,20,38,27,4,7,14,27,54,1,1,2,4,4,3,2,2,2,0,0,0,1,2,4
1313,intent:what_is_corona,0,3,3,5,5,3,5,5,3,8,7,28,33,13,17,0,1,1,0,6,5,8,6,9,9,5,15,10,5,44,0,0,0,1,5,0,4,2,2,21,22,1,7,24,11,1,1,2,3,6,0,0,0,3,3,2,3,3,4,10,9,9,56,53,53
1314,intent:what_are_symptoms,2,2,0,6,4,0,15,4,11,19,28,0,8,17,30,1,1,0,1,1,5,1,8,8,1,11,13,57,8,11,0,0,0,1,5,0,13,10,8,15,4,14,0,55,37,2,3,6,13,24,0,0,0,0,0,0,8,8,8,7,7,6,31,25,30
1315,intent:okay_thanks,3,0,2,4,1,6,8,13,6,7,9,13,10,7,8,2,2,2,2,5,6,2,5,6,2,3,5,2,51,5,3,3,3,3,2,2,9,0,11,6,8,12,48,13,14,4,5,11,23,46,2,1,2,5,5,4,5,5,6,4,1,3,20,0,1
1316,intent:what_are_symptoms,2,2,1,6,4,1,6,7,1,4,30,1,38,17,1,1,1,0,1,1,5,1,8,8,1,11,13,39,33,42,0,0,0,1,5,0,2,3,4,19,0,13,0,55,37,2,2,4,7,11,0,0,0,0,0,0,8,8,8,7,7,6,31,25,30
1317,intent:travel,1,1,2,3,3,4,10,3,4,26,26,17,24,44,37,1,3,0,5,4,2,5,11,15,11,20,11,54,47,13,0,0,0,0,6,4,10,12,14,23,12,24,42,49,2,3,4,10,22,41,0,2,1,1,1,1,1,1,3,3,4,5,15,21,22
1318,intent:news_and_press,2,2,1,6,4,1,15,7,1,28,12,8,4,9,60,0,0,1,6,0,4,11,13,12,17,17,25,16,58,40,0,0,0,7,7,7,1,14,15,26,23,28,38,47,22,2,2,4,6,10,1,0,0,2,2,0,4,4,1,9,10,10,25,24,27
1319,intent:can_i_get_from_packages_surfaces,2,2,0,6,4,0,15,4,11,19,28,0,8,43,0,1,1,0,7,1,0,7,1,0,8,14,29,7,42,49,0,0,0,1,5,0,2,3,4,31,6,13,10,57,57,2,2,3,4,7,0,0,0,0,0,0,10,10,15,17,15,18,39,40,8
1320,intent:travel,1,1,2,3,3,4,10,3,4,6,20,3,63,18,40,1,3,0,5,4,2,5,11,15,11,4,11,5,37,56,0,0,0,0,6,4,10,12,14,23,12,24,26,9,41,3,4,10,21,40,0,2,1,1,1,1,1,1,3,19,17,12,17,12,0
1321,intent:what_are_treatment_options,0,3,3,5,5,3,5,5,13,11,15,21,30,31,31,1,1,0,1,1,5,15,10,5,13,8,28,29,29,4,0,0,0,1,5,0,4,2,2,5,9,5,30,4,49,2,3,5,9,20,0,0,0,0,3,2,9,12,9,13,13,14,3,1,2
1322,intent:travel,1,1,2,3,3,4,10,3,4,26,26,17,27,44,37,1,3,0,5,4,2,5,11,15,11,20,11,54,47,13,0,0,0,0,6,4,10,12,14,7,17,8,42,49,2,3,4,10,22,41,0,2,1,1,1,1,1,1,3,3,4,5,15,21,22
1323,intent:travel,1,1,2,3,3,4,10,3,4,6,26,17,24,15,38,1,3,0,5,4,2,5,11,15,11,20,11,24,35,27,0,0,0,0,6,4,10,12,14,7,17,8,35,44,55,3,4,10,22,42,0,2,1,1,1,1,1,1,3,3,4,5,11,13,10
1324,intent:donate,3,0,2,4,1,5,9,8,5,14,17,4,32,38,4,3,0,3,3,3,3,3,3,3,4,2,3,46,56,43,2,2,1,2,1,3,0,7,1,9,25,6,22,39,53,4,6,13,26,51,3,3,3,6,6,6,7,7,5,1,2,1,37,36,43
1325,intent:okay_thanks,3,0,2,4,1,6,8,13,6,7,9,13,44,7,8,2,2,2,2,5,6,2,5,6,2,3,5,2,51,5,3,3,3,3,2,2,9,0,11,6,8,12,48,13,14,4,5,11,23,46,2,1,2,5,5,4,5,5,6,4,1,3,20,0,1
1326,intent:how_does_corona_spread,2,2,1,6,4,1,6,7,1,27,24,1,47,33,22,1,1,0,7,1,0,7,14,0,14,14,26,38,24,22,0,0,0,1,5,0,2,3,4,22,15,20,29,29,42,2,2,4,7,13,0,0,0,0,0,0,0,0,0,27,16,23,13,27,29
1327,intent:myths,0,3,3,0,2,3,0,2,14,0,3,5,0,21,39,0,0,1,0,6,5,0,9,13,0,15,9,0,12,14,0,0,0,4,0,1,3,5,3,10,26,26,57,37,8,1,1,1,1,2,0,0,0,3,3,2,15,15,14,21,20,22,6,5,7
1328,intent:share,3,0,2,4,1,2,8,1,9,20,19,15,20,30,61,0,0,1,4,2,1,4,2,1,24,6,1,6,41,1,0,0,0,5,3,6,12,9,12,16,28,7,20,38,27,4,7,14,28,56,1,1,2,4,4,3,2,2,2,0,0,0,1,2,4
1329,intent:can_i_get_from_feces_animal_pets,0,3,3,5,5,3,5,5,13,11,25,24,26,31,44,1,1,0,7,1,0,7,1,0,8,14,29,37,44,63,0,0,0,1,5,0,2,3,4,30,7,4,33,51,50,1,1,2,2,3,0,0,0,0,0,0,0,0,0,15,18,13,26,35,26
1330,intent:can_i_get_from_feces_animal_pets,2,2,0,6,4,0,6,4,0,19,23,0,8,43,0,1,1,0,7,1,0,7,1,0,28,1,0,60,1,0,0,0,0,1,5,0,2,3,4,30,7,4,47,15,15,2,3,5,8,15,0,0,0,0,0,0,0,0,0,6,8,7,42,44,42
1331,intent:news_and_press,2,2,1,6,4,1,15,7,1,28,12,8,4,9,60,0,0,1,6,0,4,11,13,12,17,17,25,16,58,40,0,0,0,1,5,0,1,14,15,26,23,28,38,47,22,2,2,4,6,10,1,0,0,2,2,0,4,4,1,9,10,10,25,24,27
1332,intent:share,3,0,2,4,1,2,8,1,9,9,4,15,35,28,2,0,0,1,4,2,1,4,2,1,24,6,22,6,41,1,0,0,0,5,3,6,12,9,12,14,3,9,49,48,1,4,7,14,27,54,1,1,2,4,4,3,2,2,2,0,0,0,1,31,34
1333,intent:what_if_i_visited_high_risk_area,1,1,2,3,0,4,11,12,4,25,5,25,50,53,27,1,3,0,5,4,2,5,4,2,18,25,17,15,14,25,0,0,0,0,6,4,11,4,9,2,31,25,44,6,23,3,4,9,20,37,0,2,1,1,1,1,12,9,12,8,6,8,2,11,5
1334,intent:share,3,0,2,4,1,2,8,1,9,9,4,15,35,28,16,0,0,1,4,2,1,4,2,1,24,6,22,30,26,33,0,0,0,5,3,6,12,9,12,14,3,9,49,48,1,4,7,14,27,54,1,1,2,4,4,3,2,2,2,0,0,0,35,31,34
1335,intent:hi,3,0,2,7,1,2,12,11,15,3,1,19,3,51,32,0,0,1,4,7,7,9,7,7,7,27,7,32,31,21,1,1,2,6,4,5,6,1,6,8,1,16,11,56,21,1,1,2,3,6,1,1,2,7,7,5,6,6,7,2,3,2,55,48,16
1336,intent:how_does_corona_spread,2,1,1,2,7,1,13,9,10,10,2,23,13,11,18,1,3,0,5,4,2,5,4,10,16,28,2,17,50,38,0,0,0,1,5,0,2,3,4,0,16,10,54,54,29,3,4,8,17,32,0,0,1,1,0,0,14,9,13,28,28,28,63,45,38
1337,intent:what_is_corona,3,2,0,6,4,0,15,4,11,19,28,18,8,43,30,0,0,1,6,0,4,11,13,12,10,12,18,12,25,60,0,0,0,1,5,0,14,15,13,17,14,27,25,20,28,2,2,3,4,8,1,0,0,2,2,0,10,10,15,17,15,18,10,10,8
1338,intent:latest_numbers,3,1,2,2,0,2,4,0,12,29,10,12,16,23,19,0,0,1,6,0,4,6,0,4,26,0,6,53,0,9,0,0,0,7,7,7,7,13,7,24,2,22,39,43,45,4,8,16,31,61,1,2,1,2,2,3,13,13,11,5,5,4,4,3,3
1339,intent:hi,3,0,2,7,1,2,12,11,8,16,1,19,3,51,49,0,0,1,4,7,7,9,7,7,7,27,7,32,31,21,1,1,2,6,4,5,6,1,6,8,1,16,55,56,21,4,5,12,25,50,1,1,2,7,7,5,6,6,7,2,3,2,32,8,16
1340,intent:donate,3,0,2,4,1,5,9,8,5,14,6,29,6,25,13,3,0,3,3,3,3,3,3,3,4,2,3,46,4,43,2,2,1,2,1,3,0,7,1,9,25,6,12,7,48,4,6,13,26,52,3,3,3,6,6,6,7,7,5,1,2,1,14,4,6
1341,intent:donate,3,0,2,4,1,5,9,8,5,14,17,29,6,25,26,3,0,3,3,3,3,3,3,3,4,2,3,46,4,43,2,2,1,2,1,3,0,7,1,9,25,6,12,7,48,4,6,13,26,52,3,3,3,6,6,6,7,7,5,1,2,1,14,4,6
1342,intent:what_if_i_visited_high_risk_area,1,1,2,3,3,4,10,3,4,26,26,17,24,49,55,1,3,0,5,4,2,5,11,15,11,20,11,54,47,13,0,0,0,0,6,4,10,12,14,23,12,24,42,49,2,3,4,10,22,44,0,2,1,1,1,1,1,1,3,3,4,5,15,21,22
1343,intent:can_i_get_from_packages_surfaces,0,3,3,5,5,3,5,5,3,8,25,28,62,56,34,0,1,1,0,6,5,8,6,9,29,5,15,47,38,29,0,0,0,1,5,0,4,2,2,12,18,29,17,16,6,1,1,2,2,4,0,0,0,3,3,2,3,3,4,25,23,24,41,16,39
1344,intent:what_are_symptoms,2,1,2,1,6,7,1,15,2,1,30,27,49,62,41,1,1,0,1,1,5,1,8,8,1,11,13,57,8,11,0,0,0,1,5,0,13,10,8,15,4,14,32,1,26,2,3,6,13,24,0,0,0,0,0,0,8,8,8,7,7,6,23,9,23
1345,intent:what_are_treatment_options,2,2,1,6,4,1,6,7,1,4,24,1,54,33,1,1,1,0,1,1,5,13,10,5,27,29,31,13,13,20,0,0,0,1,5,0,2,3,4,31,6,13,53,8,34,4,6,13,26,51,0,0,0,0,0,0,14,14,13,14,12,16,7,19,14
1346,intent:travel,1,1,2,3,3,4,10,3,4,6,26,17,24,15,38,1,3,0,5,4,2,5,11,15,11,20,11,24,35,27,0,0,0,0,6,4,10,12,14,7,17,8,35,44,55,3,4,10,22,42,0,2,1,1,1,1,1,1,3,3,4,5,11,13,10
1347,intent:news_and_press,3,0,2,4,1,2,4,10,2,22,11,30,31,35,57,0,0,1,6,0,4,11,13,12,15,22,10,35,27,58,0,0,0,1,5,0,1,14,15,3,23,3,3,2,0,4,8,15,29,57,1,1,2,2,2,3,10,10,1,11,11,11,18,14,49
1348,intent:can_i_get_from_feces_animal_pets,2,1,1,2,7,1,13,14,0,23,2,7,56,48,33,1,1,0,7,1,0,7,1,0,28,1,0,22,54,30,0,0,0,1,5,0,2,3,4,30,7,4,47,15,15,2,3,5,8,15,0,0,0,0,0,0,0,0,0,6,8,7,8,15,17
1349,intent:what_is_corona,2,2,0,6,4,0,15,4,11,19,28,18,8,43,30,0,0,1,6,0,4,11,13,12,10,12,18,12,25,60,0,0,0,1,5,0,14,15,13,17,14,27,25,20,28,2,2,3,4,8,1,0,0,2,2,0,10,10,15,17,15,18,10,10,8
1350,intent:can_i_get_from_feces_animal_pets,2,1,1,2,7,1,13,14,10,23,2,7,56,2,33,1,1,0,7,1,0,7,1,0,8,14,29,7,42,49,0,0,0,1,5,0,2,3,4,30,7,4,10,57,57,2,3,5,9,16,0,0,0,0,0,0,0,0,0,24,27,29,39,40,25
1351,intent:okay_thanks,3,0,2,4,1,6,8,13,6,7,22,26,44,7,12,2,2,2,2,5,6,2,5,6,2,3,5,2,51,5,3,3,3,3,2,2,9,0,11,6,8,12,63,58,14,4,5,11,23,45,2,1,2,5,5,4,5,5,6,4,1,3,20,20,45
1352,intent:share,3,0,2,4,1,2,8,1,9,9,4,2,35,28,2,0,0,1,4,2,1,4,2,1,24,6,22,6,41,33,0,0,0,5,3,6,12,9,12,14,3,9,49,3,1,4,7,14,27,54,1,1,2,4,4,3,2,2,2,0,0,0,12,31,34
1353,intent:what_is_corona,0,3,3,5,5,3,5,5,3,12,7,28,2,13,17,0,1,1,0,6,5,8,6,9,9,5,15,49,40,8,0,0,0,1,5,0,4,2,2,21,22,1,5,59,61,1,1,2,3,6,0,0,0,3,3,2,3,3,4,10,9,9,44,47,46
1354,intent:what_are_symptoms,2,1,1,1,6,7,1,15,2,13,30,27,39,20,42,1,1,0,1,1,5,14,8,8,20,16,19,18,21,16,0,0,0,1,5,0,8,6,10,4,10,0,23,28,30,2,2,4,7,11,0,0,0,0,0,2,8,8,8,20,22,19,34,38,24
1355,intent:what_are_symptoms,2,2,1,6,4,1,6,7,1,4,30,1,38,45,1,1,1,0,1,1,5,1,8,8,1,11,13,39,33,42,0,0,0,1,5,0,2,3,4,31,0,13,47,8,37,2,3,6,13,24,0,0,0,0,0,0,8,8,8,7,7,6,31,25,30
1356,intent:donate,3,0,2,4,1,5,9,8,5,14,6,29,6,25,13,3,0,3,3,3,3,3,3,3,4,2,3,46,4,43,2,2,1,2,1,3,0,7,1,9,25,6,12,7,48,4,6,13,26,52,3,3,3,6,6,6,7,7,5,1,2,1,14,4,6
1357,intent:share,3,0,2,4,1,2,8,1,9,9,4,15,55,28,61,0,0,1,4,2,1,4,2,1,6,6,22,51,6,33,0,0,0,5,3,6,12,9,12,14,3,9,37,23,38,4,7,14,27,54,1,1,2,4,4,3,2,2,2,0,0,0,12,6,11
1358,intent:okay_thanks,3,0,2,4,1,6,8,13,6,7,9,16,52,12,6,2,2,2,2,5,6,2,5,6,2,3,5,45,3,48,3,3,3,3,2,2,9,0,11,6,8,12,14,31,60,4,5,11,23,46,2,1,2,5,5,4,5,5,6,4,1,3,0,0,35
1359,intent:protect_yourself,1,1,1,3,6,7,3,6,7,31,18,31,37,32,28,1,3,0,5,4,2,10,12,14,31,9,12,52,55,52,0,0,0,1,5,0,5,8,0,1,11,11,61,34,62,3,4,8,18,34,0,0,1,1,1,1,11,11,10,22,21,21,5,7,13
1360,intent:what_is_corona,2,1,1,2,0,1,2,9,2,2,13,23,1,8,15,0,0,1,6,0,4,11,13,12,17,17,25,59,30,17,0,0,0,7,7,7,1,14,15,26,23,28,59,18,43,4,8,16,31,60,1,0,0,2,2,0,4,4,1,18,19,20,57,58,55
1361,intent:protect_yourself,0,3,3,5,5,3,5,12,13,30,29,11,28,52,59,1,3,0,5,4,2,5,4,10,16,28,2,17,50,2,0,0,0,1,5,0,11,4,9,0,16,10,41,26,52,3,4,8,17,30,0,0,1,1,1,0,12,9,12,12,29,15,47,53,53
1362,intent:protect_yourself,2,2,1,6,4,1,6,7,1,4,24,1,54,33,1,1,3,0,5,4,2,10,12,14,31,9,24,33,45,52,0,0,0,1,5,0,5,8,0,31,6,13,9,41,19,3,4,8,19,35,0,0,0,1,1,1,11,11,10,16,14,17,43,56,41
1363,intent:what_if_i_visited_high_risk_area,1,1,2,3,3,4,14,3,4,6,20,3,5,18,63,1,3,0,5,4,2,5,11,15,11,4,11,5,37,56,0,0,0,0,6,4,10,12,14,23,12,24,26,9,41,3,4,10,21,40,0,2,1,1,1,1,1,1,3,19,17,12,17,12,0
1364,intent:how_does_corona_spread,2,2,1,6,4,1,6,7,1,27,24,1,47,33,22,1,1,0,7,1,0,7,14,0,14,14,26,38,24,22,0,0,0,1,5,0,2,3,4,22,15,20,29,29,42,2,2,4,7,13,0,0,0,0,0,0,0,0,0,27,16,23,13,27,29
1365,intent:okay_thanks,3,0,2,4,1,6,8,13,6,5,22,14,58,12,12,2,2,2,2,5,6,2,5,6,2,3,5,56,51,5,3,3,3,3,2,2,9,0,11,6,8,12,16,11,17,4,5,11,23,47,2,1,2,5,5,4,5,5,6,4,1,3,60,20,1
1366,intent:okay_thanks,3,0,2,4,1,2,8,13,6,9,22,26,9,5,12,2,2,2,2,5,6,2,5,6,2,3,5,2,51,5,3,3,3,3,2,2,9,0,11,6,8,12,63,58,14,4,5,11,23,45,2,1,2,5,5,4,5,5,6,4,1,3,20,20,45
1367,intent:what_are_symptoms,3,1,2,1,6,7,1,15,2,13,27,27,39,20,42,1,1,0,1,1,5,14,8,8,20,16,19,18,21,16,0,0,0,1,5,0,8,6,10,4,10,0,23,28,30,2,3,6,12,23,0,0,0,0,0,2,8,8,8,20,22,19,34,38,24
1368,intent:travel,1,1,2,3,3,4,10,3,4,6,26,17,27,49,58,1,3,0,5,4,2,5,11,15,11,20,11,24,35,27,0,0,0,0,6,4,10,12,14,7,17,8,6,27,5,3,4,10,22,44,0,2,1,1,1,1,1,1,3,3,4,5,15,21,22
1369,intent:myths,2,2,1,0,2,1,0,7,1,28,12,22,15,40,36,1,1,0,1,1,5,12,15,11,12,19,20,19,9,10,0,0,0,1,5,0,15,11,5,18,5,23,24,5,58,2,2,4,5,9,1,0,0,2,2,0,4,4,14,29,26,27,29,28,32
1370,intent:how_does_corona_spread,3,1,2,2,5,2,2,9,2,3,27,23,9,5,48,1,1,0,1,1,0,7,14,0,23,21,16,37,60,15,0,0,0,1,5,0,2,3,4,22,15,20,33,51,50,2,3,5,9,17,0,0,0,0,0,0,0,0,4,15,18,13,45,46,48
1371,intent:can_i_get_from_packages_surfaces,2,1,1,2,7,1,13,14,10,10,8,7,59,32,28,1,3,0,5,4,2,10,12,14,31,9,12,9,20,52,0,0,0,1,5,0,5,8,0,1,11,11,36,25,39,3,4,8,18,34,0,0,1,1,1,1,11,11,10,22,21,21,5,7,59
1372,intent:share,3,0,2,4,1,2,8,1,9,20,19,15,25,28,61,0,0,1,4,2,1,4,2,1,24,6,1,6,41,1,0,0,0,5,3,6,12,9,12,16,28,7,20,38,27,4,7,14,27,54,1,1,2,4,4,3,2,2,2,0,0,0,1,2,4
1373,intent:what_if_i_visited_high_risk_area,1,1,2,3,3,4,11,12,4,25,5,25,50,53,27,1,3,0,5,4,2,5,4,2,18,25,17,41,14,25,0,0,0,0,6,4,11,4,9,2,31,25,44,6,23,3,4,9,20,37,0,2,1,1,1,1,12,9,12,8,6,8,2,11,5
1374,intent:can_i_get_from_packages_surfaces,0,3,3,5,5,3,5,5,3,8,7,28,62,56,34,0,1,1,0,6,5,8,6,9,29,5,15,47,38,29,0,0,0,1,5,0,4,2,2,12,18,29,17,16,6,1,1,2,2,4,0,0,0,3,3,2,3,3,4,25,23,24,41,16,39
1375,intent:what_is_corona,2,2,0,6,4,0,15,4,11,19,28,18,8,43,30,0,0,1,6,0,4,11,13,12,10,12,18,12,25,60,0,0,0,1,5,0,14,15,13,17,14,27,25,20,28,2,2,3,4,8,1,0,0,2,2,0,10,10,15,17,15,18,10,10,8
1376,intent:donate,0,3,3,5,5,3,5,5,3,12,7,4,32,13,4,3,0,3,3,3,3,3,3,3,4,2,3,46,56,43,0,0,0,1,5,0,4,2,2,21,22,1,18,42,46,4,6,13,26,51,0,0,0,3,3,2,3,3,4,1,9,9,59,59,57
1377,intent:hi,0,3,3,7,5,3,7,11,8,17,1,19,12,24,9,0,0,1,4,7,7,9,7,7,21,7,7,8,7,31,1,1,2,6,4,5,6,1,6,8,24,30,31,19,16,4,5,12,25,49,1,1,2,7,7,5,6,6,7,2,3,2,9,29,9
1378,intent:donate,3,0,2,4,1,5,9,8,5,14,6,29,6,25,26,3,0,3,3,3,3,3,3,3,4,2,3,46,4,43,2,2,1,2,1,3,0,7,1,9,25,6,12,7,48,4,6,13,26,52,3,3,3,6,6,6,7,7,5,1,2,1,14,4,6
1379,intent:okay_thanks,3,0,2,4,1,6,8,13,6,7,9,16,52,12,6,2,2,2,2,5,6,2,5,6,2,3,5,45,3,48,3,3,3,3,2,2,9,0,11,6,8,12,14,31,60,4,5,11,23,46,2,1,2,5,5,4,5,5,6,4,1,3,0,0,35
1380,intent:what_is_corona,2,2,0,6,4,0,15,4,11,19,28,18,8,43,30,0,0,1,6,0,4,11,13,12,10,12,18,12,25,60,0,0,0,1,5,0,14,15,13,17,14,27,25,20,28,2,2,3,4,8,1,0,0,2,2,0,10,10,15,17,15,18,10,10,8
1381,intent:what_are_symptoms,2,2,1,6,4,1,6,7,1,28,30,1,29,17,25,1,1,0,1,1,5,1,8,8,1,11,13,39,33,42,0,0,0,1,5,0,1,14,15,19,0,28,0,55,37,2,2,4,7,11,0,0,0,0,0,0,8,8,8,7,7,6,31,25,30
1382,intent:protect_yourself,1,1,2,3,6,7,3,6,7,15,8,9,48,47,21,1,3,0,5,4,2,10,12,14,31,9,24,33,45,52,0,0,0,1,5,0,5,8,0,29,19,21,9,41,19,3,4,8,19,35,0,0,1,1,1,1,11,11,10,16,14,17,43,56,41
1383,intent:hi,3,0,2,7,1,2,7,11,8,17,1,19,12,1,14,0,0,1,4,7,7,9,7,7,21,7,7,42,46,7,1,1,2,6,4,5,6,1,6,8,24,30,31,63,54,4,5,12,25,50,1,1,2,7,7,5,6,6,7,2,3,2,9,8,9
1384,intent:okay_thanks,3,0,2,4,1,6,8,13,6,7,22,13,10,7,8,2,2,2,2,5,6,2,5,6,2,3,5,2,51,5,3,3,3,3,2,2,9,0,11,6,8,12,63,58,14,4,5,11,23,46,2,1,2,5,5,4,5,5,6,4,1,3,20,20,1
1385,intent:share,3,0,2,4,1,2,8,1,9,20,19,15,25,30,29,0,0,1,4,2,1,4,2,1,24,6,1,6,41,1,0,0,0,5,3,6,12,9,12,16,28,7,20,38,27,4,7,14,28,56,1,1,2,4,4,3,2,2,2,0,0,0,1,2,4
1386,intent:protect_yourself,1,1,2,3,6,7,14,6,7,18,18,10,61,26,54,1,3,0,5,4,2,10,12,10,5,13,12,28,2,41,0,0,0,1,5,0,2,3,4,1,11,11,61,34,62,4,6,13,26,53,0,0,1,1,1,1,11,11,10,22,21,21,5,34,13
1387,intent:myths,2,2,1,0,2,1,0,7,1,28,12,22,15,40,36,1,1,0,1,1,5,12,15,11,12,19,20,19,9,10,0,0,0,1,5,0,15,11,5,18,5,23,24,5,58,2,2,4,5,9,1,0,0,2,2,0,4,4,14,29,26,27,29,28,32
1388,intent:what_are_symptoms,2,2,1,6,4,1,6,7,1,4,12,1,38,17,1,1,1,0,1,1,5,1,8,8,1,11,13,39,33,42,0,0,0,1,5,0,1,14,15,19,0,28,0,55,37,2,2,4,7,11,0,0,0,0,0,0,8,8,8,7,7,6,31,25,30
1389,intent:latest_numbers,2,2,1,6,4,1,6,7,1,28,12,8,36,42,60,0,0,1,6,0,4,11,13,12,17,17,25,16,58,40,0,0,0,7,7,7,1,14,15,26,23,28,38,47,4,4,8,16,31,61,1,0,0,2,2,0,4,4,1,9,10,10,25,24,28
1390,intent:latest_numbers,0,1,3,5,0,3,4,0,12,29,0,20,16,36,50,0,0,1,6,0,4,6,0,4,3,0,6,34,53,34,0,0,0,7,7,7,7,13,7,28,21,19,15,46,32,4,8,16,30,59,1,2,1,2,2,3,13,13,11,5,5,4,33,39,37
1391,intent:protect_yourself,2,1,1,2,7,1,13,14,10,21,24,7,59,33,18,1,1,0,1,1,0,7,14,0,14,21,16,38,24,22,0,0,0,1,5,0,2,3,4,31,6,13,53,8,34,2,3,5,9,20,0,0,0,0,0,0,14,14,13,14,12,16,7,19,14
1392,intent:what_are_symptoms,2,2,0,1,4,0,1,4,11,1,30,0,38,17,41,1,1,0,1,1,5,1,8,8,1,11,13,57,8,11,0,0,0,1,5,0,13,10,8,15,4,14,0,55,37,2,3,6,13,24,0,0,0,0,0,0,8,8,8,7,7,6,31,25,30
1393,intent:can_i_get_from_packages_surfaces,2,2,1,6,4,1,6,7,1,27,24,1,47,2,22,1,1,0,7,1,0,7,14,0,14,14,29,7,24,22,0,0,0,1,5,0,2,3,4,22,15,20,29,29,42,2,3,5,9,18,0,0,0,0,0,0,0,0,0,24,16,23,13,40,62
1394,intent:protect_yourself,1,1,1,3,6,7,3,6,7,31,8,31,37,32,28,1,3,0,5,4,2,10,12,14,31,9,12,9,20,52,0,0,0,1,5,0,5,8,0,1,11,11,36,25,39,3,4,8,18,34,0,0,1,1,1,1,11,11,10,22,21,21,5,7,13
1395,intent:how_does_corona_spread,2,1,1,2,7,1,2,9,10,24,13,23,40,8,15,1,1,0,1,1,0,7,14,0,23,21,16,21,60,15,0,0,0,1,5,0,1,14,15,27,29,2,54,54,29,2,3,5,11,22,0,0,0,0,0,0,0,0,1,18,19,20,24,26,15
1396,intent:what_if_i_visited_high_risk_area,1,1,2,3,0,4,11,12,4,25,5,25,50,57,27,1,3,0,5,4,2,5,4,2,18,25,17,58,14,61,0,0,0,7,7,7,11,4,9,2,31,25,51,62,47,3,4,9,20,37,0,2,1,1,1,1,12,9,12,8,6,8,51,57,52
1397,intent:share,3,0,2,4,1,2,8,1,9,20,4,15,35,28,29,0,0,1,4,2,1,4,2,1,24,6,22,30,26,33,0,0,0,5,3,6,12,9,12,14,3,9,49,48,1,4,7,14,27,54,1,1,2,4,4,3,2,2,2,0,0,0,35,31,34
1398,intent:okay_thanks,3,0,2,4,1,6,8,13,6,7,22,13,10,7,8,2,2,2,2,5,6,2,5,6,2,3,5,2,51,5,3,3,3,3,2,2,9,0,11,6,8,12,48,13,14,4,5,11,23,46,2,1,2,5,5,4,5,5,6,4,1,3,20,0,1
1399,intent:what_are_treatment_options,0,3,3,5,5,3,5,5,13,11,15,21,17,10,7,1,1,0,1,1,5,15,10,5,13,8,28,29,29,4,0,0,0,1,5,0,2,3,4,25,6,31,1,50,59,2,3,7,15,26,0,0,0,0,3,2,9,12,9,23,24,25,21,23,19
1400,intent:what_are_treatment_options,0,3,3,5,5,3,5,5,13,12,16,21,23,19,31,1,1,0,1,6,5,15,10,5,25,26,8,14,19,24,0,0,0,1,5,0,4,2,2,5,9,5,30,4,49,2,3,7,14,25,0,0,0,0,3,2,9,12,9,13,13,14,3,1,2
1401,intent:can_i_get_from_feces_animal_pets,2,1,1,2,0,1,2,0,12,23,10,12,40,23,19,1,1,0,7,1,0,7,1,0,28,1,0,22,54,30,0,0,0,7,7,7,2,3,4,30,7,4,39,43,45,4,8,16,31,61,0,0,0,0,0,0,0,0,0,6,8,7,4,3,17
1402,intent:latest_numbers,3,1,2,2,0,2,4,0,12,29,10,12,19,59,19,0,0,1,6,0,4,6,0,4,26,0,6,4,0,37,0,0,0,7,7,7,7,13,7,24,2,22,2,30,24,4,8,16,32,64,1,2,1,2,2,3,13,13,11,5,5,4,4,3,3
1403,intent:can_i_get_from_feces_animal_pets,2,1,1,2,7,1,13,14,0,23,2,23,40,48,18,1,1,0,7,1,0,7,1,0,28,1,0,22,54,30,0,0,0,1,5,0,2,3,4,30,7,4,4,14,3,2,3,5,8,15,0,0,0,0,0,0,0,0,0,6,8,7,8,15,17
1404,intent:what_is_corona,0,3,3,5,5,3,5,5,3,8,7,6,60,13,17,0,1,1,0,6,5,8,6,9,9,5,23,26,23,23,0,0,0,1,5,0,4,2,2,3,30,3,34,33,18,1,1,2,3,5,0,0,0,3,3,2,3,3,4,26,25,26,22,22,20
1405,intent:what_are_symptoms,3,1,2,1,6,7,1,15,2,13,27,27,9,20,42,1,1,0,1,1,5,14,8,8,20,16,19,18,21,16,0,0,0,1,5,0,8,6,10,4,10,0,23,28,30,2,3,6,12,23,0,0,0,0,0,2,8,8,8,20,22,19,34,38,24
1406,intent:travel,1,1,2,3,3,4,14,3,4,6,20,3,5,18,63,1,3,0,5,4,2,5,11,15,11,4,11,5,37,56,0,0,0,0,6,4,10,12,14,23,12,24,26,9,41,3,4,10,21,40,0,2,1,1,1,1,1,1,3,19,17,12,17,12,0
1407,intent:latest_numbers,2,1,1,2,7,1,2,9,10,2,10,12,1,23,19,0,0,1,6,0,4,6,0,4,26,0,6,53,0,9,0,0,0,7,7,7,7,13,7,24,2,22,39,43,45,4,8,16,31,61,1,2,1,2,2,3,13,13,11,5,5,4,62,61,3
1408,intent:what_if_i_visited_high_risk_area,1,1,2,3,3,4,10,3,4,6,26,17,24,15,38,1,3,0,5,4,2,5,11,15,11,20,11,24,35,27,0,0,0,0,6,4,10,12,14,7,17,8,35,44,55,3,4,10,22,43,0,2,1,1,1,1,1,1,3,3,4,5,11,13,10
1409,intent:what_if_i_visited_high_risk_area,2,2,1,6,4,1,6,7,1,21,24,1,54,45,53,1,3,0,5,4,2,5,4,2,18,25,17,58,14,61,0,0,0,1,5,0,11,4,9,31,6,13,51,62,47,3,4,9,20,39,0,2,1,1,1,1,12,14,12,8,6,8,51,37,52
1410,intent:okay_thanks,3,0,2,4,1,6,8,13,6,7,9,13,10,7,8,2,2,2,2,5,6,2,5,6,2,3,5,2,51,5,3,3,3,3,2,2,9,0,11,6,8,12,48,13,14,4,5,11,23,46,2,1,2,5,5,4,5,5,6,4,1,3,20,0,1
1411,intent:okay_thanks,3,0,3,1,1,6,8,13,6,7,22,13,10,12,8,2,2,2,2,5,6,2,5,6,2,3,5,45,3,48,3,3,3,3,2,2,9,0,11,6,8,12,63,58,60,4,5,11,23,47,2,1,2,5,5,4,5,5,6,4,1,3,0,0,35
1412,intent:what_are_treatment_options,0,3,3,5,5,3,13,14,13,11,15,21,30,10,7,1,1,0,1,1,5,15,10,5,13,8,28,29,29,4,0,0,0,1,5,0,2,3,4,25,6,31,1,50,59,2,3,7,15,27,0,0,0,0,3,2,9,12,9,23,24,25,21,23,19
1413,intent:what_are_symptoms,2,1,1,1,7,1,1,15,10,1,30,7,7,6,41,1,1,0,1,1,5,1,8,8,1,11,13,1,8,54,0,0,0,1,5,0,13,10,8,15,4,14,32,1,26,2,3,6,13,24,0,0,0,0,0,0,8,8,8,7,7,6,23,9,23
1414,intent:how_does_corona_spread,2,1,1,2,7,1,2,9,10,24,13,23,40,8,15,1,1,0,1,1,0,7,14,0,23,21,16,21,60,15,0,0,0,1,5,0,1,14,15,27,29,2,54,54,29,2,3,5,11,22,0,0,0,0,0,0,0,0,1,18,19,20,24,26,15
1415,intent:okay_thanks,3,0,2,4,1,6,8,13,6,7,14,26,57,63,12,2,2,2,2,5,6,2,5,6,30,30,30,25,43,32,3,3,3,3,2,2,9,0,11,13,20,17,28,22,7,4,5,11,23,45,2,1,2,5,5,4,5,5,6,30,1,30,36,41,44
1416,intent:travel,1,1,2,3,3,4,14,3,7,26,18,17,61,26,55,1,3,0,5,4,2,5,11,15,11,20,11,54,47,13,0,0,0,0,6,4,10,12,14,23,12,24,42,49,2,3,4,10,22,41,0,2,1,1,1,1,1,1,3,3,4,12,15,21,22
1417,intent:travel,1,1,2,3,3,4,14,3,4,6,20,3,5,18,63,1,3,0,5,4,2,5,11,15,11,4,11,5,37,56,0,0,0,0,6,4,10,12,14,23,12,24,26,9,41,3,4,10,21,40,0,2,1,1,1,1,1,1,3,19,17,12,17,12,0
1418,intent:share,3,0,2,4,1,2,8,1,9,20,19,15,25,30,29,0,0,1,4,2,1,4,2,1,24,6,1,6,41,1,0,0,0,5,3,6,12,9,12,16,28,7,49,38,1,4,7,14,27,54,1,1,2,4,4,3,2,2,2,0,0,0,1,2,4
1419,intent:share,3,0,2,4,1,2,8,1,9,20,19,15,25,30,29,0,0,1,4,2,1,4,2,1,24,6,1,6,41,1,0,0,0,5,3,6,12,9,12,16,28,7,20,38,27,4,7,14,28,56,1,1,2,4,4,3,2,2,2,0,0,0,1,2,4
1420,intent:what_if_i_visited_high_risk_area,1,1,2,3,6,4,11,12,4,30,29,11,53,34,53,1,3,0,5,4,2,5,4,2,18,25,17,55,50,2,0,0,0,0,6,4,11,4,9,0,16,10,43,52,52,3,4,9,20,38,0,2,1,1,1,1,12,9,12,12,6,8,2,33,36
1421,intent:share,3,0,2,4,1,2,8,1,9,9,4,2,55,28,2,0,0,1,4,2,1,4,2,1,6,6,22,51,6,33,0,0,0,5,3,6,12,9,12,14,3,9,37,23,38,4,7,14,27,54,1,1,2,4,4,3,2,2,2,0,0,0,12,6,11
1422,intent:travel,1,1,2,3,3,4,10,3,4,26,26,17,24,44,37,1,3,0,5,4,2,5,11,15,11,20,11,54,47,13,0,0,0,0,6,4,10,12,14,23,12,24,42,49,2,3,4,10,22,41,0,2,1,1,1,1,1,1,3,3,4,5,15,21,22
1423,intent:protect_yourself,2,2,1,6,4,1,6,7,1,21,29,11,54,45,43,1,1,0,1,1,2,13,10,10,27,18,21,44,28,46,0,0,0,1,5,0,2,3,4,31,16,13,53,8,63,2,3,5,10,21,0,0,0,1,0,0,14,14,13,12,29,15,27,37,31
1424,intent:news_and_press,0,3,3,5,5,3,5,10,3,8,11,6,60,22,57,0,0,1,0,6,5,8,6,9,9,5,23,26,23,23,0,0,0,1,5,0,4,2,2,3,30,3,34,33,18,4,8,15,29,58,0,0,0,3,3,2,3,3,4,26,25,26,22,22,20
1425,intent:can_i_get_from_feces_animal_pets,2,1,1,2,7,1,13,14,10,23,2,7,56,48,33,1,1,0,7,1,0,7,1,0,28,1,0,22,54,30,0,0,0,1,5,0,2,3,4,30,7,4,4,14,3,2,3,5,8,15,0,0,0,0,0,0,0,0,0,6,8,7,8,15,17
1426,intent:myths,1,1,2,3,6,7,14,10,2,22,11,10,9,22,52,1,3,0,5,4,2,5,4,10,16,28,2,17,50,38,0,0,0,1,5,0,2,3,4,0,16,10,50,61,56,3,4,8,17,31,0,1,2,1,4,3,2,10,2,11,11,15,50,14,50
1427,intent:what_is_corona,2,2,0,6,4,0,15,4,11,19,28,18,8,43,30,0,0,1,6,0,4,11,13,12,10,12,18,12,25,60,0,0,0,1,5,0,14,15,13,17,14,27,25,20,28,2,2,3,4,8,1,0,0,2,2,0,10,10,15,17,15,18,10,10,8
1428,intent:okay_thanks,3,0,2,4,1,6,8,13,6,7,22,26,44,7,12,2,2,2,2,5,6,2,5,6,2,3,5,2,51,5,3,3,3,3,2,2,9,0,11,6,8,12,63,58,14,4,5,11,23,45,2,1,2,5,5,4,5,5,6,4,1,3,20,20,45
1429,intent:what_are_symptoms,2,2,1,1,4,1,6,7,1,1,30,1,38,17,41,1,1,0,1,1,5,1,8,8,1,11,13,57,8,11,0,0,0,1,5,0,13,10,8,15,4,14,0,55,37,2,3,6,13,24,0,0,0,0,0,0,8,8,8,7,7,6,31,25,30
1430,intent:latest_numbers,3,1,2,2,0,2,4,0,12,29,10,12,19,59,19,0,0,1,6,0,4,6,0,4,26,0,6,4,0,37,0,0,0,7,7,7,7,13,7,24,2,22,2,30,24,4,8,16,32,64,1,2,1,2,2,3,13,13,11,5,5,4,4,3,3
1431,intent:can_i_get_from_packages_surfaces,1,1,2,3,6,7,14,6,7,31,8,3,63,57,52,1,3,0,5,4,2,5,4,10,5,13,12,28,2,41,0,0,0,1,5,0,2,3,4,23,12,24,50,61,56,3,4,8,17,33,0,2,1,1,1,1,1,1,3,19,17,12,43,49,41
1432,intent:what_are_symptoms,0,3,3,1,5,3,1,15,13,1,30,27,49,62,41,1,1,0,1,1,5,1,8,8,1,11,13,1,8,54,0,0,0,1,5,0,13,10,8,15,4,14,32,1,26,2,3,6,13,24,0,0,0,0,0,0,8,8,8,7,7,6,23,9,23
1433,intent:how_does_corona_spread,0,3,3,5,5,3,2,5,13,11,25,21,21,41,48,1,1,0,7,1,0,7,1,0,8,14,29,37,44,63,0,0,0,1,5,0,2,3,4,22,6,4,33,51,50,2,3,5,9,17,0,0,0,0,3,2,9,12,9,23,24,25,45,46,48
1434,intent:protect_yourself,1,1,2,3,6,7,14,6,0,23,23,24,56,52,51,1,1,0,7,1,0,7,1,0,28,1,0,22,54,30,0,0,0,1,5,0,2,3,4,30,7,4,47,15,15,2,3,5,8,14,0,0,0,0,0,0,0,0,0,6,8,7,42,44,42
1435,intent:latest_numbers,2,1,1,2,0,1,2,0,12,29,10,12,16,23,19,0,0,1,6,0,4,6,0,4,26,0,6,53,0,9,0,0,0,7,7,7,7,13,7,24,2,22,39,43,45,4,8,16,31,61,1,2,1,2,2,3,13,13,11,5,5,4,4,3,3
1436,intent:what_is_corona,0,3,3,5,5,3,5,5,3,8,7,28,33,13,17,0,1,1,0,6,5,8,6,9,9,5,15,10,5,44,0,0,0,1,5,0,4,2,2,21,22,1,7,24,11,1,1,2,3,6,0,0,0,3,3,2,3,3,4,10,9,9,19,18,21
1437,intent:hi,3,0,2,7,1,2,7,10,8,17,14,19,3,24,9,0,0,1,4,7,7,9,7,7,7,27,7,32,31,21,1,1,2,6,4,5,6,1,6,8,24,30,11,19,16,4,8,15,29,57,1,1,2,7,7,5,6,6,7,2,3,2,9,29,9
1438,intent:what_are_symptoms,2,2,0,1,4,0,1,4,11,1,30,0,38,17,41,1,1,0,1,1,5,1,8,8,1,11,13,57,8,11,0,0,0,1,5,0,13,10,8,15,4,14,0,55,37,2,3,6,13,24,0,0,0,0,0,0,8,8,8,7,7,6,31,25,30
1439,intent:can_i_get_from_feces_animal_pets,0,1,3,5,6,7,13,14,0,11,29,11,28,52,44,1,1,0,7,1,0,7,1,0,28,1,29,22,34,30,0,0,0,1,5,0,2,3,4,0,16,10,33,51,56,2,3,5,8,14,0,0,0,0,0,0,0,0,0,12,18,13,56,37,26
1440,intent:okay_thanks,3,0,2,4,1,6,8,13,6,7,22,26,44,12,12,2,2,2,2,5,6,2,5,6,2,3,5,2,51,5,3,3,3,3,2,2,9,0,11,6,8,12,63,58,14,4,5,11,23,47,2,1,2,5,5,4,5,5,6,4,1,3,20,20,45
1441,intent:hi,3,0,2,7,1,2,7,11,8,17,1,19,12,24,14,0,0,1,4,7,7,9,7,7,21,7,7,8,7,31,1,1,2,6,4,5,6,1,6,8,24,30,31,19,16,4,5,12,25,49,1,1,2,7,7,5,6,6,7,2,3,2,9,29,9
1442,intent:hi,3,2,0,7,4,0,12,4,15,19,28,18,34,37,32,0,0,1,4,7,7,9,7,7,21,7,7,40,59,31,1,1,2,6,4,5,6,1,6,11,27,15,27,53,51,4,5,12,24,48,1,1,2,7,7,5,6,6,7,2,3,2,40,43,40
1443,intent:travel,1,1,2,3,3,4,10,3,4,6,26,17,24,15,38,1,3,0,5,4,2,5,11,15,11,20,11,24,35,27,0,0,0,0,6,4,10,12,14,7,17,8,35,44,55,3,4,10,22,43,0,2,1,1,1,1,1,1,3,3,4,5,11,13,10
1444,intent:what_are_treatment_options,2,2,1,6,4,1,6,7,1,4,24,1,54,33,1,1,1,0,1,1,5,13,10,5,27,29,31,13,13,20,0,0,0,1,5,0,2,3,4,31,6,13,53,8,34,2,3,7,15,27,0,0,0,0,0,0,14,14,13,14,12,16,7,19,14
1445,intent:hi,3,0,2,7,1,2,12,11,8,17,1,19,3,24,9,0,0,1,4,7,7,9,7,7,21,7,7,8,7,31,1,1,2,6,4,5,6,1,6,8,24,30,11,19,16,4,5,12,25,50,1,1,2,7,7,5,6,6,7,2,3,2,9,29,9
1446,intent:what_are_treatment_options,2,2,0,6,4,0,6,4,11,4,24,0,54,33,1,1,1,0,1,1,5,13,10,5,27,29,31,13,13,20,0,0,0,1,5,0,2,3,4,31,6,13,53,8,34,2,2,3,4,7,0,0,0,0,0,0,14,14,13,14,12,16,7,19,14
1447,intent:okay_thanks,3,0,0,4,1,6,8,13,6,7,9,16,52,12,6,2,2,2,2,5,6,2,5,6,2,3,5,45,3,48,3,3,3,3,2,2,9,0,11,6,8,12,14,31,60,4,5,11,23,46,2,1,2,5,5,4,5,5,6,4,1,3,0,0,35
1448,intent:can_i_get_from_feces_animal_pets,2,2,1,6,4,1,6,7,0,27,24,1,47,33,22,1,1,0,7,1,0,7,1,0,14,1,26,61,61,62,0,0,0,1,5,0,2,3,4,22,15,20,29,29,42,2,3,5,8,15,0,0,0,0,0,0,0,0,0,6,8,7,13,44,42
1449,intent:can_i_get_from_packages_surfaces,0,3,3,5,5,3,5,5,3,8,7,28,62,56,34,0,1,1,0,6,5,8,6,9,29,5,15,47,38,29,0,0,0,1,5,0,4,2,2,12,18,29,17,16,6,1,1,2,2,4,0,0,0,3,3,2,3,3,4,25,23,24,41,16,39
1450,intent:protect_yourself,1,1,2,3,6,7,3,6,7,31,8,31,37,32,28,1,3,0,5,4,2,10,12,14,31,9,12,52,55,52,0,0,0,1,5,0,5,8,0,1,11,11,36,25,39,3,4,8,18,34,0,0,1,1,1,1,11,11,10,22,21,21,5,7,13
1451,intent:hi,3,0,2,7,1,2,7,11,8,17,1,19,12,24,14,0,0,1,4,7,7,9,7,7,21,7,7,8,7,31,1,1,2,6,4,5,6,1,6,8,24,30,31,19,16,4,5,12,25,49,1,1,2,7,7,5,6,6,7,2,3,2,9,29,9
1452,intent:donate,0,3,3,5,5,3,5,5,3,8,7,4,32,13,4,3,0,3,3,3,3,3,3,3,4,2,3,46,56,43,0,0,0,1,5,0,4,2,2,9,25,6,18,42,46,4,6,13,26,51,0,0,0,6,3,2,7,7,5,1,2,1,59,59,57
1453,intent:what_are_treatment_options,2,2,1,6,4,1,6,7,1,4,24,1,54,33,1,1,1,0,1,1,5,13,10,5,27,29,31,13,13,20,0,0,0,1,5,0,2,3,4,31,6,13,53,8,34,2,3,7,15,27,0,0,0,0,0,0,14,14,13,14,12,16,7,19,14
1454,intent:protect_yourself,2,1,1,2,7,1,13,9,10,21,29,11,11,50,43,1,3,0,5,4,2,5,4,10,16,28,2,62,22,39,0,0,0,1,5,0,11,4,9,0,16,10,58,21,33,2,3,5,10,21,0,0,1,1,0,0,14,9,13,12,29,15,27,45,31
1455,intent:what_are_treatment_options,0,3,3,5,5,3,5,5,13,8,16,21,46,16,10,0,1,1,1,6,5,15,10,5,25,26,8,14,19,24,0,0,0,1,5,0,4,2,2,5,9,5,30,4,49,3,4,8,17,29,0,0,0,0,3,2,9,12,9,13,13,14,3,1,2
1456,intent:how_does_corona_spread,2,2,0,6,4,0,6,4,11,19,23,0,8,2,0,1,1,0,7,1,0,7,1,0,8,14,29,7,42,49,0,0,0,1,5,0,2,3,4,31,15,13,10,57,57,2,2,3,4,7,0,0,0,0,0,0,10,10,15,24,27,29,39,40,61
1457,intent:what_if_i_visited_high_risk_area,1,1,2,3,3,4,10,3,4,6,26,17,27,39,3,1,3,0,5,4,2,5,4,15,11,20,11,48,57,13,0,0,0,0,6,4,10,12,14,7,17,8,6,27,5,3,4,10,22,44,0,2,1,1,1,1,1,1,3,8,31,8,38,42,56
1458,intent:hi,3,0,2,7,1,2,7,11,8,16,1,19,12,1,49,0,0,1,4,7,7,9,7,7,7,27,7,27,52,51,1,1,2,6,4,5,6,1,6,8,1,16,55,45,21,4,5,12,25,50,1,1,2,7,7,5,6,6,7,2,3,2,32,8,16
1459,intent:can_i_get_from_packages_surfaces,1,1,2,3,6,7,14,6,7,18,18,10,61,26,54,1,3,0,5,4,2,10,12,14,31,9,12,52,55,19,0,0,0,1,5,0,5,8,0,1,11,11,61,34,62,3,4,8,16,28,0,0,1,1,1,1,11,11,10,22,21,21,5,7,13
1460,intent:protect_yourself,2,2,1,6,4,1,6,7,1,21,29,11,54,45,43,1,1,0,1,1,2,13,10,10,27,18,21,44,28,46,0,0,0,1,5,0,2,3,4,31,16,13,53,8,63,2,3,5,10,21,0,0,1,1,0,0,14,14,13,12,29,15,27,37,31
1461,intent:what_is_corona,2,1,1,2,7,1,2,9,10,24,13,23,40,8,15,1,1,0,1,1,5,12,15,11,23,24,27,31,32,36,0,0,0,1,5,0,1,14,15,27,29,2,52,21,36,2,3,5,11,22,0,0,0,2,2,0,4,4,1,18,19,20,46,26,15
1462,intent:what_are_treatment_options,2,2,1,6,4,1,6,7,1,4,24,1,54,45,1,1,1,0,1,1,5,13,10,5,27,29,31,13,13,20,0,0,0,1,5,0,2,3,4,31,6,13,53,8,34,2,3,7,15,27,0,0,0,0,0,0,14,14,13,14,12,16,7,19,14
1463,intent:can_i_get_from_feces_animal_pets,1,1,2,3,6,7,14,6,7,31,18,10,61,26,54,1,1,0,7,1,0,7,1,0,8,14,29,7,42,49,0,0,0,1,5,0,2,3,4,30,7,4,10,57,57,2,3,5,9,16,0,0,0,0,0,0,0,0,0,24,27,29,39,40,25
1464,intent:latest_numbers,3,1,2,4,0,2,4,0,12,29,0,20,43,0,24,0,0,1,6,0,4,6,0,4,26,0,6,4,0,37,0,0,0,7,7,7,7,13,7,24,2,22,46,12,12,4,8,16,32,63,1,2,1,2,2,3,13,13,11,5,5,4,53,54,51
1465,intent:travel,1,1,2,3,3,4,10,3,4,6,20,3,5,18,63,1,3,0,5,4,2,5,11,15,11,4,11,5,37,56,0,0,0,0,6,4,10,12,14,23,12,24,26,9,41,3,4,10,21,40,0,2,1,1,1,1,1,1,3,19,17,12,17,12,0
1466,intent:what_is_corona,2,2,1,6,4,1,15,7,1,28,12,8,36,42,25,1,1,0,1,1,5,12,15,11,19,10,14,11,18,28,0,0,0,1,5,0,1,14,15,19,0,28,40,10,10,2,2,4,7,12,1,0,0,2,2,0,4,4,1,9,10,10,28,30,28
1467,intent:what_are_treatment_options,2,1,1,1,6,7,3,6,7,31,8,31,7,27,28,1,1,0,1,1,5,13,10,8,27,18,31,44,28,46,0,0,0,1,5,0,2,3,4,31,6,13,53,8,34,3,4,8,18,34,0,0,0,0,0,0,14,14,13,14,12,16,7,37,59
1468,intent:travel,1,1,2,3,3,4,10,3,4,6,26,17,24,15,38,1,3,0,5,4,2,5,11,15,11,20,11,24,35,27,0,0,0,0,6,4,10,12,14,7,17,8,35,44,55,3,4,10,22,43,0,2,1,1,1,1,1,1,3,3,4,5,11,13,10
1469,intent:latest_numbers,2,1,1,2,0,1,2,0,12,29,10,12,16,23,19,0,0,1,6,0,4,6,0,4,26,0,6,53,0,9,0,0,0,7,7,7,1,14,15,24,2,22,59,18,43,4,8,16,32,64,1,2,1,2,2,3,13,13,11,5,5,4,57,58,55
1470,intent:latest_numbers,2,1,1,2,0,2,4,0,12,29,10,12,19,23,19,0,0,1,6,0,4,6,0,4,26,0,6,4,48,37,0,0,0,7,7,7,7,13,7,24,2,22,2,30,24,4,8,16,31,61,1,2,1,2,2,3,13,13,11,5,5,4,4,3,3
1471,intent:myths,2,2,1,6,4,1,6,7,1,28,12,1,36,42,1,1,1,0,1,1,5,12,15,11,19,10,14,11,62,28,0,0,0,1,5,0,1,14,15,19,0,28,40,10,10,2,2,4,7,12,1,0,0,2,2,0,4,4,1,9,10,10,28,30,28
1472,intent:donate,3,0,2,4,1,5,9,8,5,14,17,29,6,38,26,3,0,3,3,3,3,3,3,3,4,2,3,3,36,3,2,2,1,2,1,3,0,7,1,9,25,6,12,7,9,4,6,13,26,53,3,3,3,6,6,6,7,7,5,1,2,1,14,4,6
1473,intent:latest_numbers,1,1,2,3,0,2,4,0,2,3,27,20,9,59,47,0,0,1,6,0,4,6,0,4,26,22,10,50,48,35,0,0,0,7,7,7,1,14,15,24,2,22,21,36,9,4,8,16,32,62,1,2,1,2,2,3,10,10,5,11,11,11,61,60,58
1474,intent:can_i_get_from_feces_animal_pets,2,2,0,6,4,0,6,0,0,23,23,0,26,48,44,1,1,0,7,1,0,7,1,0,28,1,0,60,1,0,0,0,0,1,5,0,2,3,4,30,7,4,47,15,15,2,2,3,4,7,0,0,0,0,0,0,0,0,0,6,8,7,42,44,42
1475,intent:can_i_get_from_feces_animal_pets,2,1,1,2,7,1,13,14,0,23,2,7,40,48,33,1,1,0,7,1,0,7,1,0,28,1,0,22,54,30,0,0,0,1,5,0,2,3,4,30,7,4,4,14,3,2,3,5,8,15,0,0,0,0,0,0,0,0,0,6,8,7,8,15,17
1476,intent:can_i_get_from_feces_animal_pets,2,1,1,2,7,7,13,14,0,23,23,24,26,48,44,1,1,0,7,1,0,7,1,0,28,1,29,22,34,30,0,0,0,1,5,0,2,3,4,30,7,4,47,15,15,2,3,5,8,14,0,0,0,0,0,0,0,0,0,6,18,13,26,35,26
1477,intent:what_is_corona,2,1,1,2,7,1,2,9,10,24,13,23,1,8,15,1,1,0,1,1,5,12,15,11,23,24,27,31,32,36,0,0,0,1,5,0,1,14,15,27,29,2,52,21,36,2,3,5,11,22,0,0,0,2,2,0,4,4,1,18,19,20,46,26,15
1478,intent:travel,1,1,2,3,3,4,10,3,4,6,26,17,27,49,58,1,3,0,5,4,2,5,11,15,11,20,11,24,35,27,0,0,0,0,6,4,10,12,14,7,17,8,6,27,5,3,4,10,22,44,0,2,1,1,1,1,1,1,3,3,4,5,15,21,22
1479,intent:can_i_get_from_feces_animal_pets,2,2,1,6,4,1,6,7,0,27,24,1,47,33,22,1,1,0,7,1,0,7,1,0,14,14,26,61,61,62,0,0,0,1,5,0,2,3,4,22,15,20,29,29,42,2,3,5,8,15,0,0,0,0,0,0,0,0,0,27,16,23,13,27,29
1480,intent:travel,1,1,2,3,6,7,14,6,7,18,27,10,9,5,52,1,3,0,5,4,2,5,4,10,16,28,2,28,2,38,0,0,0,1,5,0,2,3,4,0,16,10,50,61,56,3,4,8,17,31,0,1,2,1,4,3,2,2,2,31,30,15,50,49,50
1481,intent:what_are_treatment_options,0,3,3,5,5,3,5,5,13,11,15,21,46,10,7,1,1,0,1,1,5,15,10,5,13,8,28,29,29,4,0,0,0,1,5,0,4,2,2,25,6,31,1,50,59,2,3,7,15,26,0,0,0,0,3,2,9,12,9,23,24,25,21,23,19
1482,intent:news_and_press,3,0,2,4,0,2,4,10,2,22,11,30,31,35,47,0,0,1,6,0,4,11,13,12,15,22,10,35,27,58,0,0,0,1,5,0,1,14,15,3,23,3,3,2,0,4,8,15,29,57,1,1,2,2,2,3,10,10,1,11,11,11,49,48,49
1483,intent:myths,2,2,0,0,2,0,0,4,11,19,28,22,51,40,36,1,1,0,1,1,5,12,15,11,12,19,20,19,9,10,0,0,0,1,5,0,15,11,5,18,5,23,24,5,58,2,2,3,4,7,1,0,0,2,2,0,4,4,14,29,26,27,29,28,32
1484,intent:can_i_get_from_packages_surfaces,0,3,3,5,5,3,5,5,13,11,25,28,62,56,34,0,1,1,0,6,5,8,6,9,29,5,15,47,38,29,0,0,0,1,5,0,4,2,2,12,18,29,17,16,6,1,1,2,2,4,0,0,0,3,3,2,3,3,4,25,23,24,41,16,39
1485,intent:what_is_corona,0,3,3,5,5,3,5,5,3,8,7,28,33,13,17,0,1,1,0,6,5,8,6,9,9,5,15,10,5,44,0,0,0,1,5,0,4,2,2,21,22,1,7,24,11,1,1,2,3,6,0,0,0,3,3,2,3,3,4,10,9,9,19,18,21
1486,intent:latest_numbers,0,3,3,5,5,3,5,5,3,12,7,28,2,19,17,0,1,1,0,6,5,8,6,9,9,5,15,49,40,8,0,0,0,1,5,0,4,2,2,21,22,1,5,59,61,1,1,2,3,6,0,0,0,3,3,2,3,3,4,10,9,9,44,47,46
1487,intent:what_are_symptoms,2,2,1,6,4,1,6,7,1,4,30,1,29,17,25,1,1,0,1,1,5,1,8,8,1,11,13,39,33,42,0,0,0,1,5,0,1,14,15,19,0,28,0,55,37,2,2,4,7,11,0,0,0,0,0,0,8,8,8,7,7,6,31,25,30
1488,intent:travel,1,1,2,3,3,4,14,3,7,18,20,10,61,49,55,1,3,0,5,4,2,5,11,15,11,4,11,5,10,56,0,0,0,0,6,4,10,12,14,23,12,24,62,60,40,3,4,8,16,28,0,2,1,1,1,1,1,1,3,3,4,12,52,50,0
1489,intent:protect_yourself,0,3,3,5,5,3,5,5,3,12,7,28,28,19,52,0,1,1,0,6,5,8,6,9,9,5,15,10,5,44,0,0,0,1,5,0,4,2,2,21,22,1,50,61,56,3,4,8,17,31,0,0,0,3,3,2,3,3,4,10,9,9,56,53,53
1490,intent:myths,0,3,3,0,2,3,0,2,14,0,21,5,0,21,5,0,0,1,0,6,5,0,9,13,0,15,9,0,12,14,0,0,0,4,0,1,3,5,3,10,26,26,57,37,8,1,1,1,1,2,0,0,0,3,3,2,15,15,14,21,20,22,6,5,7
1491,intent:protect_yourself,0,3,3,5,5,3,5,5,13,30,29,11,28,52,52,0,1,1,0,6,5,8,6,9,9,5,15,10,5,44,0,0,0,1,5,0,4,2,2,0,16,10,50,61,56,3,4,8,17,31,0,0,1,1,3,2,3,9,4,12,9,15,56,53,53
1492,intent:hi,3,0,2,7,1,2,12,11,8,16,1,19,12,51,49,0,0,1,4,7,7,9,7,7,7,27,7,27,52,51,1,1,2,6,4,5,6,1,6,8,1,16,55,45,21,4,5,12,25,50,1,1,2,7,7,5,6,6,7,2,3,2,32,8,16
1493,intent:what_are_symptoms,2,2,1,1,4,1,1,7,1,1,30,1,7,17,41,1,1,0,1,1,5,1,8,8,1,11,13,57,8,11,0,0,0,1,5,0,13,10,8,15,4,14,32,1,26,2,3,6,13,24,0,0,0,0,0,0,8,8,8,7,7,6,23,9,23
1494,intent:protect_yourself,0,3,3,5,5,3,5,5,3,8,7,28,28,13,52,0,1,1,0,6,5,8,6,9,9,5,15,10,5,44,0,0,0,1,5,0,4,2,2,21,22,1,50,61,56,3,4,8,17,31,0,0,0,3,3,2,3,3,4,10,9,9,56,53,53
1495,intent:latest_numbers,3,1,2,2,0,2,4,0,12,29,10,12,19,59,19,0,0,1,6,0,4,6,0,4,26,0,6,4,0,37,0,0,0,7,7,7,7,13,7,24,2,22,2,30,24,4,8,16,32,64,1,2,1,2,2,3,13,13,11,5,5,4,4,3,3
1496,intent:latest_numbers,3,1,2,1,0,7,4,0,12,29,10,12,19,59,19,0,0,1,6,0,4,6,0,4,26,0,6,4,0,37,0,0,0,7,7,7,7,13,7,24,2,22,2,30,24,4,8,16,32,64,1,2,1,2,2,3,13,13,11,5,5,4,4,3,3
1497,intent:protect_yourself,1,1,3,3,6,7,3,6,7,15,8,11,48,47,21,1,3,0,5,4,2,10,12,14,31,9,24,33,45,52,0,0,0,1,5,0,5,8,0,1,11,11,9,41,19,3,4,8,19,35,0,0,1,1,1,1,11,11,10,16,14,17,43,56,41
1498,intent:donate,2,2,1,6,4,1,6,7,1,4,24,1,36,42,1,1,1,0,1,1,5,13,10,5,27,29,4,13,13,20,0,0,0,1,5,0,1,14,15,31,6,13,53,8,34,4,6,13,26,51,3,0,0,6,6,0,7,7,5,14,12,16,7,19,14
1499,intent:what_if_i_visited_high_risk_area,1,1,2,3,6,4,11,12,4,25,5,25,50,53,62,1,3,0,5,4,2,5,4,2,18,25,17,41,14,25,0,0,0,0,6,4,11,4,9,2,31,25,44,6,23,3,4,9,20,37,0,2,1,1,1,1,12,9,12,8,6,8,2,11,5
1500,intent:latest_numbers,2,1,1,2,0,1,4,0,12,29,10,12,19,59,19,0,0,1,6,0,4,6,0,4,26,0,6,4,0,37,0,0,0,7,7,7,7,13,7,24,2,22,2,30,24,4,8,16,32,64,1,2,1,2,2,3,13,13,11,5,5,4,4,3,3
1501,intent:okay_thanks,3,0,2,4,1,6,8,13,6,7,14,26,57,63,12,2,2,2,2,5,6,2,5,6,30,30,30,25,43,32,3,3,3,3,2,2,9,0,11,13,20,17,28,22,7,4,5,11,23,45,2,1,2,5,5,4,5,5,6,30,1,30,36,41,44
1502,intent:myths,0,3,3,0,2,3,0,2,14,0,21,5,0,21,20,0,0,1,0,6,5,0,9,13,0,15,9,0,12,14,0,0,0,4,0,1,3,5,3,10,26,26,57,37,8,1,1,1,1,2,0,0,0,3,3,2,15,15,14,21,20,22,6,5,7
1503,intent:can_i_get_from_packages_surfaces,3,1,2,3,6,7,3,6,2,3,27,10,9,56,34,1,1,0,1,1,0,7,14,0,23,21,16,36,16,57,0,0,0,1,5,0,2,3,4,12,18,29,56,40,31,1,1,2,2,4,0,0,0,3,3,0,3,3,4,25,23,24,48,16,39
1504,intent:what_are_treatment_options,0,3,3,5,5,3,5,5,13,12,16,21,23,19,31,1,1,0,1,6,5,15,10,5,25,26,8,14,19,24,0,0,0,1,5,0,4,2,2,5,9,5,30,4,49,2,3,7,14,25,0,0,0,0,3,2,9,12,9,13,13,14,3,1,2
1505,intent:how_does_corona_spread,2,1,1,2,7,1,13,9,10,10,2,23,13,11,18,1,3,0,5,4,2,5,4,10,16,28,2,17,50,38,0,0,0,1,5,0,2,3,4,0,16,10,54,54,29,3,4,8,17,32,0,0,0,0,0,0,14,9,13,28,28,28,63,45,38
1506,intent:latest_numbers,3,0,2,4,0,2,4,10,2,3,11,30,43,35,24,0,0,1,6,0,4,6,0,4,26,22,10,50,48,35,0,0,0,7,7,7,7,13,7,24,2,22,46,12,12,4,8,16,32,63,1,1,2,2,2,3,13,13,11,11,11,11,53,54,51
1507,intent:what_is_corona,3,2,0,6,4,0,15,4,11,19,28,18,8,43,30,0,0,1,6,0,4,11,13,12,10,12,18,12,25,60,0,0,0,1,5,0,14,15,13,17,14,27,25,20,28,2,2,3,4,8,1,0,0,2,2,0,10,10,15,17,15,18,10,10,8
1508,intent:latest_numbers,3,1,2,4,0,2,4,0,12,29,0,20,19,59,19,0,0,1,6,0,4,6,0,4,26,0,6,4,48,37,0,0,0,7,7,7,7,13,7,24,2,22,21,36,9,4,8,16,32,62,1,2,1,2,2,3,13,13,11,5,5,4,4,3,3
1509,intent:donate,3,0,2,4,1,5,9,8,5,14,6,29,6,54,13,3,0,3,3,3,3,3,3,3,4,2,3,46,4,43,2,2,1,2,1,3,0,7,1,9,25,6,12,7,48,4,6,13,26,52,3,3,3,6,6,6,7,7,5,1,2,1,37,4,6
1510,intent:how_does_corona_spread,2,2,1,2,7,1,6,7,1,27,24,1,47,11,22,1,1,0,7,1,0,7,14,0,14,14,26,38,24,22,0,0,0,1,5,0,2,3,4,22,15,20,29,29,42,2,2,4,7,13,0,0,0,0,0,0,0,0,0,27,16,23,13,27,29
1511,intent:how_does_corona_spread,0,3,3,5,5,3,5,5,13,11,25,28,21,41,48,1,1,0,7,1,0,7,1,0,8,14,29,37,44,63,0,0,0,1,5,0,2,3,4,22,15,20,33,51,50,2,3,5,9,17,0,0,0,0,0,0,0,0,0,15,18,13,45,46,48
1512,intent:myths,0,3,3,0,2,3,0,2,14,0,21,5,0,21,39,0,0,1,0,6,5,0,9,13,0,15,9,0,12,14,0,0,0,4,0,1,3,5,3,10,26,26,57,37,8,1,1,1,1,1,0,0,0,3,3,2,15,15,14,21,20,22,6,5,7
1513,intent:how_does_corona_spread,2,3,1,2,7,1,13,14,13,11,25,24,21,41,48,1,1,0,7,1,0,7,1,0,8,14,29,37,44,63,0,0,0,1,5,0,2,3,4,22,15,20,33,51,50,2,3,5,9,17,0,0,0,0,0,0,0,0,0,15,16,13,45,46,48
1514,intent:how_does_corona_spread,0,3,3,5,5,3,5,5,13,11,25,24,26,31,23,1,1,0,7,1,0,7,1,0,8,14,29,37,17,26,0,0,0,1,5,0,2,3,4,30,7,4,33,51,50,1,1,2,2,3,0,0,0,0,0,0,0,0,0,15,18,13,26,52,26
1515,intent:okay_thanks,3,0,2,4,1,6,8,13,6,7,22,13,44,7,12,2,2,2,2,5,6,2,5,6,2,3,5,2,51,5,3,3,3,3,2,2,9,0,11,6,8,12,63,58,14,4,5,11,23,47,2,1,2,5,5,4,5,5,6,4,1,3,20,20,45
1516,intent:how_does_corona_spread,2,1,1,2,7,1,13,9,10,10,13,23,59,11,18,1,1,0,7,1,0,7,14,0,14,21,16,21,39,47,0,0,0,1,5,0,2,3,4,22,15,20,4,14,3,2,3,5,9,20,0,0,0,0,0,0,0,0,0,6,8,7,8,51,47
1517,intent:what_if_i_visited_high_risk_area,2,1,1,2,7,1,11,12,10,25,5,25,50,57,62,1,3,0,5,4,2,5,4,2,18,25,17,41,14,25,0,0,0,1,5,0,11,4,9,2,31,25,44,6,23,3,4,9,20,37,0,2,1,1,1,1,12,9,12,8,6,8,2,11,5
1518,intent:what_are_treatment_options,2,2,1,6,4,1,6,7,1,4,24,1,54,33,1,1,1,0,1,1,5,13,10,5,27,29,31,13,13,20,0,0,0,1,5,0,2,3,4,31,6,13,53,8,34,2,3,7,15,27,0,0,0,0,0,0,14,14,13,14,12,16,7,19,14
1519,intent:protect_yourself,2,2,1,6,4,1,6,7,1,4,24,1,54,45,1,1,1,0,1,1,5,13,10,10,27,18,21,44,28,46,0,0,0,1,5,0,2,3,4,31,6,13,53,8,63,2,3,7,15,27,0,0,0,0,0,0,14,14,13,14,12,16,27,37,31
1520,intent:latest_numbers,3,1,2,4,0,2,4,0,12,29,0,20,43,59,24,0,0,1,6,0,4,6,0,4,26,0,6,4,0,37,0,0,0,7,7,7,7,13,7,24,2,22,46,12,12,4,8,16,32,63,1,2,1,2,2,3,13,13,11,5,5,4,53,54,51
1521,intent:can_i_get_from_packages_surfaces,1,1,2,3,6,7,3,6,7,31,8,31,37,32,28,1,3,0,5,4,2,10,12,14,31,9,12,52,55,52,0,0,0,1,5,0,5,8,0,1,11,11,36,25,39,3,4,8,18,34,0,0,1,1,1,1,11,11,10,22,21,21,5,7,13
1522,intent:how_does_corona_spread,0,3,3,5,7,3,13,14,13,11,25,24,21,41,23,1,1,0,7,1,0,7,1,0,8,14,29,37,17,59,0,0,0,1,5,0,2,3,4,22,15,4,33,51,50,2,3,5,9,18,0,0,0,0,0,0,0,0,0,15,18,13,45,46,48
1523,intent:what_are_treatment_options,3,1,2,1,6,7,1,15,2,18,27,10,23,16,45,1,1,0,1,6,5,15,10,5,25,26,8,14,19,24,0,0,0,1,5,0,4,2,2,5,9,5,30,4,49,2,3,7,14,25,0,0,0,0,3,2,9,12,9,13,13,14,3,1,2
1524,intent:what_are_treatment_options,0,3,3,5,5,3,5,5,3,12,7,28,2,19,17,0,1,1,0,6,5,8,6,9,9,5,15,49,40,8,0,0,0,1,5,0,4,2,2,21,22,1,5,59,61,1,1,2,3,6,0,0,0,3,3,2,3,3,4,10,9,9,44,47,46
1525,intent:how_does_corona_spread,2,2,1,6,4,1,6,7,1,27,24,1,47,33,22,1,1,0,7,1,0,7,14,0,14,14,26,38,24,22,0,0,0,1,5,0,2,3,4,22,15,20,29,29,42,2,2,4,7,13,0,0,0,0,0,0,0,0,0,27,16,23,13,27,29
1526,intent:what_are_treatment_options,0,3,3,5,5,3,5,5,13,8,16,21,46,16,10,1,1,0,1,6,5,15,10,5,25,26,8,14,19,24,0,0,0,1,5,0,4,2,2,5,9,5,30,4,49,2,3,7,14,25,0,0,0,0,3,2,9,12,9,13,13,14,3,1,2
1527,intent:travel,1,1,2,3,3,4,10,3,4,6,26,17,27,49,58,1,3,0,5,4,2,5,11,15,11,20,11,24,35,27,0,0,0,0,6,4,10,12,14,7,17,8,6,27,5,3,4,10,22,44,0,2,1,1,1,1,1,1,3,3,4,5,15,21,22
1528,intent:myths,0,3,3,0,2,3,0,2,14,0,21,5,0,21,39,0,0,1,0,6,5,0,9,13,0,15,9,0,12,14,0,0,0,4,0,1,3,5,3,10,26,26,57,37,8,1,1,1,1,1,0,0,0,3,3,2,15,15,14,21,20,22,6,5,7
1529,intent:myths,3,0,2,4,0,2,4,10,2,22,11,30,31,22,5,0,0,1,6,0,4,11,13,12,15,22,10,23,27,18,0,0,0,1,5,0,1,14,15,14,23,3,60,2,0,1,1,1,1,2,1,1,2,4,4,3,2,10,2,11,11,11,18,14,50
1530,intent:okay_thanks,3,0,2,4,1,6,8,13,6,7,9,16,52,12,6,2,2,2,2,5,6,2,5,6,2,3,5,45,3,48,3,3,3,3,2,2,9,0,11,6,8,12,14,31,60,4,5,11,23,46,2,1,2,5,5,4,5,5,6,4,1,3,0,0,35
1531,intent:donate,3,0,2,4,1,5,9,8,5,14,6,29,6,25,13,3,0,3,3,3,3,3,3,3,4,2,3,46,4,43,2,2,1,2,1,3,0,7,1,9,25,6,12,7,48,4,6,13,26,52,3,3,3,6,6,6,7,7,5,1,2,1,14,4,6
1532,intent:hi,3,0,2,7,1,2,12,11,15,17,1,19,34,55,9,0,0,1,4,7,7,9,7,7,21,7,7,40,59,31,1,1,2,6,4,5,6,1,6,8,24,30,31,19,16,4,5,12,24,48,1,1,2,7,7,5,6,6,7,2,3,2,9,29,9
1533,intent:travel,1,1,2,3,3,4,10,3,4,6,26,17,24,15,35,1,3,0,5,4,2,5,11,15,11,20,11,24,35,27,0,0,0,0,6,4,10,12,14,7,17,8,35,44,55,3,4,10,22,42,0,2,1,1,1,1,1,1,3,3,4,5,11,13,10
1534,intent:share,3,0,2,4,1,2,8,1,9,20,19,15,20,30,29,0,0,1,4,2,1,4,2,1,24,6,1,6,41,1,0,0,0,5,3,6,12,9,12,16,28,7,20,38,27,4,7,14,28,55,1,1,2,4,4,3,2,2,2,0,0,0,1,2,4
1535,intent:what_is_corona,2,2,0,6,4,0,15,4,11,19,28,18,8,43,30,0,0,1,6,0,4,11,13,12,10,12,18,12,25,60,0,0,0,1,5,0,14,15,13,17,14,27,25,20,28,2,2,3,4,8,1,0,0,2,2,0,10,10,15,17,15,18,10,10,8
1536,intent:what_if_i_visited_high_risk_area,1,1,1,2,3,4,10,3,4,6,26,7,27,39,3,1,3,0,5,4,2,5,4,15,11,20,11,48,57,13,0,0,0,0,6,4,10,12,14,22,15,20,6,27,5,2,3,5,9,18,0,2,1,1,1,1,1,1,3,3,31,5,38,42,56
1537,intent:what_if_i_visited_high_risk_area,1,1,2,3,3,4,11,12,4,30,5,25,53,14,53,1,3,0,5,4,2,5,4,2,16,28,2,55,50,2,0,0,0,0,6,4,11,4,9,2,31,25,43,52,52,3,4,9,20,38,0,2,1,1,1,1,12,9,12,8,6,8,2,33,36
1538,intent:okay_thanks,3,0,2,4,1,6,8,13,6,7,22,26,44,7,12,2,2,2,2,5,6,2,5,6,2,3,5,2,51,5,3,3,3,3,2,2,9,0,11,6,8,12,63,58,14,4,5,11,23,45,2,1,2,5,5,4,5,5,6,4,1,3,20,20,45
1539,intent:what_if_i_visited_high_risk_area,1,1,2,3,6,4,11,12,4,25,5,25,50,53,62,1,3,0,5,4,2,5,4,2,18,25,17,41,14,25,0,0,0,0,6,4,11,4,9,2,31,25,44,6,23,3,4,9,20,37,0,2,1,1,1,1,12,9,12,8,6,8,2,11,5
1540,intent:what_are_symptoms,0,3,3,1,5,3,1,15,13,1,30,21,49,4,41,1,1,0,1,1,5,1,8,8,1,11,13,1,8,54,0,0,0,1,5,0,13,10,8,15,4,14,32,1,26,2,3,6,13,24,0,0,0,0,0,0,8,8,8,7,7,6,58,9,54
1541,intent:donate,3,0,2,4,1,5,9,8,5,14,17,29,6,25,13,3,0,3,3,3,3,3,3,3,4,2,3,46,4,43,2,2,1,2,1,3,0,7,1,9,25,6,12,7,48,4,6,13,26,52,3,3,3,6,6,6,7,7,5,1,2,1,14,4,6
1542,intent:news_and_press,2,1,1,2,7,1,2,9,10,24,13,23,1,8,15,0,0,1,6,0,4,11,13,12,17,17,25,59,30,17,0,0,0,1,5,0,1,14,15,27,29,2,59,18,43,4,8,16,31,60,0,0,0,2,2,0,4,4,1,18,19,20,57,26,15
1543,intent:can_i_get_from_packages_surfaces,2,2,1,6,4,1,6,7,1,27,24,1,47,2,22,1,1,0,7,1,0,7,1,0,8,14,29,7,42,49,0,0,0,1,5,0,2,3,4,22,15,20,10,57,57,2,3,5,9,16,0,0,0,0,0,0,0,0,0,24,16,23,43,40,41
1544,intent:what_is_corona,0,3,3,5,5,3,5,5,3,8,7,28,33,13,17,0,1,1,0,6,5,8,6,9,9,5,15,10,5,44,0,0,0,1,5,0,4,2,2,21,22,1,7,24,11,1,1,2,3,6,0,0,0,3,3,2,3,3,4,10,9,9,19,18,21
1545,intent:what_are_symptoms,2,2,1,6,4,1,6,7,1,1,30,1,38,17,41,1,1,0,1,1,5,1,8,8,1,11,13,57,8,11,0,0,0,1,5,0,13,10,8,15,4,14,0,55,37,2,3,6,13,24,0,0,0,0,0,0,8,8,8,7,7,6,31,25,30
1546,intent:share,3,0,2,4,1,2,8,1,9,9,4,15,55,28,61,0,0,1,4,2,1,4,2,1,6,6,22,51,6,33,0,0,0,5,3,6,12,9,12,14,3,9,37,23,38,4,7,14,27,54,1,1,2,4,4,3,2,2,2,0,0,0,12,6,11
1547,intent:how_does_corona_spread,0,3,3,5,5,3,5,5,3,8,25,28,62,13,17,0,1,1,0,6,5,8,6,9,9,5,15,10,5,44,0,0,0,1,5,0,4,2,2,21,22,1,7,24,11,1,1,2,2,3,0,0,0,3,3,2,3,3,4,10,9,9,19,18,21
1548,intent:can_i_get_from_packages_surfaces,2,2,1,6,4,1,6,7,1,27,24,1,36,42,1,1,1,0,1,1,0,7,14,0,23,21,16,36,16,57,0,0,0,1,5,0,1,14,15,19,0,13,56,40,31,2,3,5,9,19,0,0,0,0,0,0,3,3,4,25,23,24,48,16,28
1549,intent:what_are_treatment_options,0,3,3,5,5,3,5,5,13,11,15,21,30,10,31,1,1,0,1,1,5,15,10,5,13,8,28,29,29,4,0,0,0,1,5,0,4,2,2,25,6,31,1,50,59,2,3,7,15,27,0,0,0,0,3,2,9,12,9,23,24,14,21,23,19
1550,intent:what_are_symptoms,1,1,2,1,6,7,1,15,2,13,30,27,42,60,45,1,1,0,1,1,5,14,8,8,20,16,19,63,49,45,0,0,0,1,5,0,8,6,10,4,10,0,45,35,44,2,3,6,12,23,0,0,0,0,0,2,8,8,8,20,22,19,34,38,24
1551,intent:can_i_get_from_packages_surfaces,2,1,1,2,7,1,13,9,10,10,13,23,59,11,15,1,1,0,1,1,0,7,14,0,23,21,16,36,16,57,0,0,0,1,5,0,2,3,4,22,15,20,56,40,31,2,3,5,9,19,0,0,0,0,0,0,0,0,0,25,23,24,48,16,15
1552,intent:donate,3,0,2,4,1,5,9,8,5,14,6,29,6,25,13,3,0,3,3,3,3,3,3,3,4,2,3,46,4,43,2,2,1,2,1,3,0,7,1,9,25,6,12,7,48,4,6,13,26,52,3,3,3,6,6,6,7,7,5,1,2,1,14,4,6
1553,intent:donate,3,0,2,4,1,5,9,8,5,14,17,29,6,3,26,3,0,3,3,3,3,3,3,3,4,2,3,3,36,3,2,2,1,2,1,3,0,7,1,9,25,6,13,7,20,4,6,13,26,53,3,3,3,6,6,6,7,7,5,1,2,1,30,36,33
1554,intent:protect_yourself,1,1,2,3,6,7,14,12,7,18,29,11,22,34,59,1,3,0,5,4,2,5,4,10,16,28,2,17,50,2,0,0,0,1,5,0,11,4,9,0,16,10,41,26,52,3,4,8,17,30,0,2,1,1,1,1,12,9,12,12,6,15,47,33,36
1555,intent:what_is_corona,0,3,3,5,5,3,5,5,3,12,7,28,2,13,17,0,1,1,0,6,5,8,6,9,9,5,15,49,40,8,0,0,0,1,5,0,4,2,2,21,22,1,5,59,61,1,1,2,3,6,0,0,0,3,3,2,3,3,4,10,9,9,44,47,46
1556,intent:news_and_press,3,0,2,4,0,2,4,10,2,22,11,30,31,22,47,0,0,1,6,0,4,11,13,12,15,22,10,35,27,18,0,0,0,7,7,7,1,14,15,3,23,3,60,2,0,4,8,15,29,58,1,1,2,2,2,3,10,10,1,11,11,11,18,14,12
1557,intent:okay_thanks,3,0,2,4,1,6,8,13,6,7,9,13,10,12,6,2,2,2,2,5,6,2,5,6,2,3,5,45,3,48,3,3,3,3,2,2,9,0,11,6,8,12,48,13,25,4,5,11,23,46,2,1,2,5,5,4,5,5,6,4,1,3,0,0,35
1558,intent:how_does_corona_spread,2,1,2,2,7,1,2,9,2,2,27,23,1,5,25,1,1,0,1,1,5,12,15,11,19,10,14,11,18,28,0,0,0,1,5,0,1,14,15,19,0,28,40,10,10,4,8,15,29,58,1,0,0,2,2,0,4,4,1,9,10,10,28,30,28
1559,intent:can_i_get_from_feces_animal_pets,2,1,1,2,7,1,13,14,10,10,2,23,14,11,18,1,1,0,7,1,0,7,14,0,14,14,16,21,39,47,0,0,0,1,5,0,2,3,4,22,15,20,54,54,29,2,2,4,7,13,0,0,0,0,0,0,0,0,0,28,28,28,24,32,38
1560,intent:latest_numbers,3,1,2,2,0,2,4,0,12,29,10,12,19,59,19,0,0,1,6,0,4,6,0,4,26,0,6,4,0,37,0,0,0,7,7,7,7,13,7,24,2,22,2,30,24,4,8,16,32,64,1,2,1,2,2,3,13,13,11,5,5,4,4,3,3
1561,intent:news_and_press,2,2,1,6,4,1,15,7,1,28,12,8,4,9,60,0,0,1,6,0,4,11,13,12,17,17,25,16,58,40,0,0,0,7,7,7,1,14,15,26,23,28,38,47,22,2,2,4,6,10,1,0,0,2,2,0,4,4,1,9,10,10,25,24,27
1562,intent:how_does_corona_spread,2,1,1,2,7,1,13,9,10,10,2,23,14,11,18,1,1,0,7,1,0,7,14,0,14,31,16,21,39,47,0,0,0,1,5,0,2,3,4,22,15,20,54,54,29,2,3,5,9,18,0,0,0,0,0,0,0,0,0,28,28,28,24,32,38
1563,intent:travel,0,3,3,5,5,3,5,5,13,11,15,24,30,4,35,0,1,1,0,6,5,8,6,9,9,5,23,26,23,23,0,0,0,1,5,0,4,2,2,31,6,13,1,3,4,3,4,10,22,42,0,0,0,3,3,2,3,3,4,26,25,26,22,22,20
1564,intent:what_are_treatment_options,2,2,1,6,4,1,6,7,1,4,24,1,54,45,1,1,1,0,1,1,5,13,10,5,27,18,31,44,28,46,0,0,0,1,5,0,2,3,4,31,6,13,53,8,34,2,3,7,15,27,0,0,0,0,0,0,14,14,13,14,12,16,7,37,14
1565,intent:myths,0,3,3,0,2,3,0,2,14,0,3,5,0,21,39,0,0,1,0,6,5,0,9,13,0,15,9,0,12,14,0,0,0,4,0,1,3,5,3,10,26,26,57,37,8,1,1,1,1,1,0,0,0,3,3,2,15,15,14,21,20,22,6,5,7
1566,intent:share,3,0,2,4,1,2,8,1,9,9,4,2,55,28,16,0,0,1,4,2,1,4,2,1,6,6,22,51,6,55,0,0,0,5,3,6,12,9,12,14,3,9,11,3,4,4,7,14,27,54,1,1,2,4,4,3,2,2,2,0,0,0,12,6,11
1567,intent:myths,2,2,1,0,2,1,0,7,1,28,12,22,15,40,36,1,1,0,1,1,5,12,15,11,12,19,20,19,9,10,0,0,0,1,5,0,15,11,5,18,5,23,24,5,58,2,2,4,5,9,1,0,0,2,2,0,4,4,14,29,26,27,29,28,32
1568,intent:okay_thanks,3,0,2,4,1,6,8,13,6,7,9,16,52,12,6,2,2,2,2,5,6,2,5,6,2,3,5,45,3,48,3,3,3,3,2,2,9,0,11,6,8,12,14,31,60,4,5,11,23,46,2,1,2,5,5,4,5,5,6,4,1,3,0,0,35
1569,intent:how_does_corona_spread,2,1,1,2,7,1,13,14,10,10,2,7,41,61,18,1,1,0,7,1,0,7,1,0,14,14,29,61,61,62,0,0,0,1,5,0,2,3,4,22,15,20,4,14,3,2,3,5,9,20,0,0,0,0,0,0,0,0,0,6,8,7,8,15,47
1570,intent:what_is_corona,2,1,1,2,7,1,2,9,10,2,13,23,1,8,25,0,0,1,6,0,4,11,13,12,17,17,25,59,30,17,0,0,0,1,5,0,1,14,15,19,0,28,59,18,43,4,8,16,31,60,1,0,0,2,2,0,4,4,1,18,19,20,57,58,55
1571,intent:travel,1,1,2,3,3,4,14,3,4,6,20,3,63,18,63,1,3,0,5,4,2,5,11,15,11,4,11,5,37,56,0,0,0,0,6,4,10,12,14,23,12,24,26,9,41,3,4,10,21,40,0,2,1,1,1,1,1,1,3,19,17,12,17,12,0
1572,intent:share,3,0,2,4,1,2,8,1,9,9,4,2,55,28,16,0,0,1,4,2,1,4,2,1,6,6,22,51,6,55,0,0,0,5,3,6,12,9,12,14,3,9,49,3,4,4,7,14,27,54,1,1,2,4,4,3,2,2,2,0,0,0,1,6,11
1573,intent:what_if_i_visited_high_risk_area,1,1,2,3,0,4,11,12,4,25,5,25,50,53,3,1,3,0,5,4,2,5,4,2,18,25,17,15,14,25,0,0,0,0,6,4,11,4,9,2,31,25,44,6,23,3,4,9,20,37,0,2,1,1,1,1,12,9,12,8,6,8,2,11,5
1574,intent:travel,1,1,2,3,3,4,14,3,4,6,20,17,61,49,55,1,3,0,5,4,2,5,11,15,11,4,11,5,10,56,0,0,0,0,6,4,10,12,14,23,12,24,62,60,40,3,4,8,16,28,0,2,1,1,1,1,1,1,3,3,4,5,52,50,10
1575,intent:okay_thanks,3,0,2,4,1,6,8,13,6,7,22,16,52,12,6,2,2,2,2,5,6,2,5,6,2,3,5,45,3,48,3,3,3,3,2,2,9,0,11,6,8,12,14,31,60,4,5,11,23,46,2,1,2,5,5,4,5,5,6,4,1,3,0,0,35
1576,intent:latest_numbers,3,1,2,4,0,2,4,0,12,29,0,20,16,36,50,0,0,1,6,0,4,6,0,4,3,0,6,34,53,34,0,0,0,7,7,7,7,13,7,28,21,19,15,46,32,4,8,16,30,59,1,2,1,2,2,3,13,13,11,5,5,4,33,39,37
1577,intent:okay_thanks,3,0,2,4,1,6,8,13,6,7,14,26,57,63,12,2,2,2,2,5,6,2,5,6,30,30,30,25,43,32,3,3,3,3,2,2,9,0,11,13,20,17,28,22,7,4,5,11,23,45,2,1,2,5,5,4,5,5,6,30,1,30,36,41,44
1578,intent:hi,3,0,2,7,1,2,7,11,8,16,1,19,12,51,49,0,0,1,4,7,7,9,7,7,7,27,7,27,52,51,1,1,2,6,4,5,6,1,6,8,1,16,55,45,21,4,5,12,25,50,1,1,2,7,7,5,6,6,7,2,3,2,32,8,16
1579,intent:myths,0,3,3,0,2,3,0,2,14,0,21,5,0,21,39,0,0,1,0,6,5,0,9,13,0,15,9,0,12,14,0,0,0,4,0,1,3,5,3,10,26,26,57,37,8,1,1,1,1,1,0,0,0,3,3,2,15,15,14,21,20,22,6,5,7
1580,intent:share,3,0,2,4,1,2,8,1,9,9,4,15,55,28,16,0,0,1,4,2,1,4,2,1,6,6,22,51,6,55,0,0,0,5,3,6,12,9,12,14,3,9,49,3,1,4,7,14,27,54,1,1,2,4,4,3,2,2,2,0,0,0,35,6,11
1581,intent:share,3,0,2,4,1,2,8,1,9,20,19,15,25,28,61,0,0,1,4,2,1,4,2,1,6,6,22,51,6,55,0,0,0,5,3,6,12,9,12,14,3,9,20,38,27,4,7,14,27,54,1,1,2,4,4,3,2,2,2,0,0,0,1,2,4
1582,intent:what_if_i_visited_high_risk_area,1,1,2,3,6,4,11,12,4,25,5,25,50,53,62,1,3,0,5,4,2,5,4,2,18,25,17,41,14,25,0,0,0,0,6,4,11,4,9,2,31,25,44,6,23,3,4,9,20,37,0,2,1,1,1,1,12,9,12,8,6,8,2,11,5
1583,intent:can_i_get_from_packages_surfaces,0,3,3,5,5,3,5,5,3,8,25,28,62,56,34,0,1,1,0,6,5,8,6,9,29,5,15,47,38,29,0,0,0,1,5,0,4,2,2,12,18,29,17,16,6,1,1,2,2,4,0,0,0,3,3,2,3,3,4,25,23,24,41,16,39
1584,intent:what_is_corona,0,3,3,5,5,3,5,5,3,12,7,28,2,13,17,0,1,1,0,6,5,8,6,9,9,5,15,49,40,8,0,0,0,1,5,0,4,2,2,21,22,1,5,59,61,1,1,2,3,6,0,0,0,3,3,2,3,3,4,10,9,9,44,47,46
1585,intent:what_if_i_visited_high_risk_area,1,1,2,3,6,4,11,12,4,25,5,25,50,53,27,1,3,0,5,4,2,5,4,2,18,25,17,41,14,25,0,0,0,0,6,4,11,4,9,2,31,25,44,6,23,3,4,9,20,37,0,2,1,1,1,1,12,9,12,8,6,8,2,11,5
1586,intent:myths,2,2,1,0,2,1,0,7,1,28,12,22,51,40,36,1,1,0,1,1,5,12,15,11,12,19,20,19,9,10,0,0,0,1,5,0,15,11,5,18,5,23,24,5,58,2,2,4,5,9,1,0,0,2,2,0,4,4,14,29,26,27,29,28,32
1587,intent:protect_yourself,2,2,1,6,4,1,6,7,1,21,24,1,54,45,43,1,1,0,1,1,2,13,10,10,27,18,21,44,28,46,0,0,0,1,5,0,2,3,4,31,6,13,53,8,63,2,3,5,10,21,0,0,0,0,0,0,14,14,13,12,29,16,27,37,31
1588,intent:can_i_get_from_packages_surfaces,2,1,1,2,7,1,13,9,10,10,2,7,14,11,33,1,1,0,7,1,0,7,1,0,14,14,29,7,39,59,0,0,0,1,5,0,2,3,4,22,15,20,4,14,3,2,3,5,9,18,0,0,0,0,0,0,0,0,0,28,28,28,24,32,38
1589,intent:what_if_i_visited_high_risk_area,2,2,1,6,4,1,6,7,1,4,24,1,36,42,60,1,3,0,5,4,2,5,4,2,18,25,17,58,14,61,0,0,0,7,7,7,11,4,9,2,31,28,51,62,47,2,2,4,7,13,1,2,1,2,2,1,12,9,12,8,6,8,51,57,52
1590,intent:latest_numbers,2,1,1,2,0,1,2,0,12,29,10,12,16,23,19,0,0,1,6,0,4,6,0,4,26,0,6,53,0,9,0,0,0,7,7,7,7,13,7,24,2,22,39,43,45,4,8,16,31,61,1,2,1,2,2,3,13,13,11,5,5,4,4,3,3
1591,intent:can_i_get_from_feces_animal_pets,2,1,1,2,7,1,13,14,10,23,2,7,40,48,18,1,1,0,7,1,0,7,1,0,28,1,0,22,54,30,0,0,0,1,5,0,2,3,4,30,7,4,4,14,3,2,3,5,9,20,0,0,0,0,0,0,0,0,0,6,8,7,8,15,17
1592,intent:travel,1,1,2,3,3,4,14,3,4,6,20,3,63,18,63,1,3,0,5,4,2,5,11,15,11,4,11,5,37,56,0,0,0,0,6,4,10,12,14,23,12,24,26,9,41,3,4,10,21,40,0,2,1,1,1,1,1,1,3,19,17,12,17,12,0
1593,intent:latest_numbers,3,1,2,2,0,2,4,0,12,29,10,12,19,59,19,0,0,1,6,0,4,6,0,4,26,0,6,4,0,37,0,0,0,7,7,7,7,13,7,24,2,22,2,30,24,4,8,16,32,64,1,2,1,2,2,3,13,13,11,5,5,4,4,3,3
1594,intent:hi,3,0,2,7,1,2,7,11,8,17,1,19,12,1,14,0,0,1,4,7,7,9,7,7,21,7,7,42,46,7,1,1,2,6,4,5,6,1,6,8,24,30,31,63,54,4,5,12,25,50,1,1,2,7,7,5,6,6,7,2,3,2,9,8,9
1595,intent:what_is_corona,2,2,1,6,4,1,15,7,1,28,12,8,29,42,25,1,1,0,1,1,5,12,15,11,19,10,14,11,18,28,0,0,0,1,5,0,1,14,15,19,0,28,40,10,10,2,2,4,7,12,1,0,0,2,2,0,4,4,1,9,10,10,28,30,28
1596,intent:can_i_get_from_feces_animal_pets,2,2,1,6,7,1,6,14,0,23,23,1,56,48,33,1,1,0,7,1,0,7,1,0,28,1,0,60,1,0,0,0,0,1,5,0,2,3,4,30,7,4,47,15,15,2,3,5,8,15,0,0,0,0,0,0,0,0,0,6,8,7,42,44,42
1597,intent:share,3,0,2,4,1,2,8,1,9,20,19,15,20,30,29,0,0,1,4,2,1,4,2,1,24,6,1,6,41,1,0,0,0,5,3,6,12,9,12,16,28,7,19,17,35,4,7,14,28,55,1,1,2,4,4,3,2,2,2,0,0,0,1,2,4
1598,intent:protect_yourself,2,2,1,6,4,1,6,7,1,21,29,11,54,45,43,1,1,0,1,1,2,13,10,10,27,18,21,44,28,46,0,0,0,1,5,0,2,3,4,31,16,13,53,8,63,2,3,5,10,21,0,0,1,1,0,0,14,14,13,12,29,15,27,37,31
1599,intent:can_i_get_from_feces_animal_pets,0,3,3,5,5,3,5,5,0,11,25,24,28,52,44,1,1,0,7,1,0,7,1,0,28,1,29,22,34,30,0,0,0,1,5,0,2,3,4,30,7,4,33,51,15,2,3,5,8,14,0,0,0,0,0,0,0,0,0,15,18,13,26,35,26
1600,intent:what_if_i_visited_high_risk_area,1,1,2,3,6,7,14,3,7,18,27,10,9,49,3,1,3,0,5,4,2,5,11,15,11,20,11,48,57,13,0,0,0,0,6,4,10,12,14,7,17,8,6,27,4,3,4,10,22,44,0,2,1,1,1,1,1,1,3,3,4,5,15,21,22
1601,intent:can_i_get_from_feces_animal_pets,0,3,3,5,5,3,13,14,0,11,25,24,26,31,44,1,1,0,7,1,0,7,1,0,28,1,29,22,34,30,0,0,0,1,5,0,2,3,4,30,7,4,33,51,15,2,3,5,8,14,0,0,0,0,0,0,0,0,0,15,18,13,26,35,26
1602,intent:can_i_get_from_feces_animal_pets,0,3,3,5,7,3,13,14,0,11,15,24,26,52,44,1,1,0,7,1,0,7,1,0,28,1,29,22,34,30,0,0,0,1,5,0,2,3,4,30,7,4,33,51,15,2,3,5,8,14,0,0,0,0,0,0,0,0,0,15,18,13,26,35,26
1603,intent:protect_yourself,1,1,1,2,6,7,3,6,7,31,18,31,37,32,28,1,3,0,5,4,2,10,12,14,31,9,12,52,55,52,0,0,0,1,5,0,5,8,0,1,11,11,36,25,39,3,4,8,18,34,0,0,1,1,1,1,11,11,10,22,21,21,5,7,13
1604,intent:myths,0,3,3,0,2,3,0,2,14,0,21,5,0,21,39,0,0,1,0,6,5,0,9,13,0,15,9,0,12,14,0,0,0,4,0,1,3,5,3,10,26,26,57,37,8,1,1,1,1,1,0,0,0,3,3,2,15,15,14,21,20,22,6,5,7
1605,intent:hi,3,0,2,4,1,2,4,10,2,3,27,2,3,35,47,0,0,1,4,7,7,9,7,7,7,27,7,32,31,21,0,0,0,1,5,0,1,14,15,14,23,3,11,56,4,4,8,15,29,57,1,1,2,4,2,3,6,6,7,11,11,11,55,48,49
1606,intent:what_are_treatment_options,2,2,0,6,4,0,6,4,11,4,23,0,8,33,1,1,1,0,1,1,5,13,10,5,27,29,31,13,13,20,0,0,0,1,5,0,2,3,4,31,6,13,53,8,34,2,3,7,15,27,0,0,0,0,0,0,14,14,13,14,12,16,7,19,14
1607,intent:can_i_get_from_packages_surfaces,1,1,2,3,6,4,14,6,7,31,8,3,63,18,63,1,3,0,5,4,2,5,12,10,5,13,12,28,2,41,0,0,0,0,6,4,2,3,4,23,12,24,26,9,41,3,4,8,17,33,0,2,1,1,1,1,1,1,3,19,17,12,43,12,41
1608,intent:latest_numbers,2,1,1,2,0,1,4,0,12,29,10,12,19,59,19,0,0,1,6,0,4,6,0,4,26,0,6,4,0,37,0,0,0,7,7,7,7,13,7,24,2,22,2,30,24,4,8,16,32,64,1,2,1,2,2,3,13,13,11,5,5,4,4,3,3
1609,intent:okay_thanks,0,3,3,5,5,3,5,5,3,12,22,26,2,13,12,2,2,2,2,5,6,2,5,6,30,30,30,25,43,32,3,3,3,3,2,2,9,0,11,6,8,12,63,58,14,4,5,11,23,45,2,1,2,5,5,4,5,5,6,4,1,3,20,20,45
1610,intent:what_if_i_visited_high_risk_area,1,1,2,3,3,4,10,3,4,6,26,17,27,49,3,1,3,0,5,4,2,5,11,15,11,20,11,48,57,13,0,0,0,0,6,4,10,12,14,7,17,8,6,27,5,3,4,10,22,44,0,2,1,1,1,1,1,1,3,3,4,5,15,21,22
1611,intent:latest_numbers,2,2,0,6,4,0,15,4,11,19,28,18,8,43,30,0,0,1,6,0,4,11,13,12,10,12,18,12,25,6,0,0,0,7,7,7,14,15,13,17,14,27,46,12,12,2,2,3,4,7,1,0,0,2,2,0,10,10,15,17,15,18,10,10,8
1612,intent:what_are_symptoms,1,1,2,1,6,7,1,15,2,13,27,27,39,20,42,1,1,0,1,1,5,14,8,8,20,16,19,18,21,16,0,0,0,1,5,0,8,6,10,4,10,0,23,28,30,2,3,6,12,23,0,0,0,0,0,2,8,8,8,20,22,19,34,38,24
1613,intent:protect_yourself,1,1,2,3,6,7,3,6,7,15,31,9,48,47,46,1,3,0,5,4,2,10,12,14,22,23,24,20,15,12,0,0,0,1,5,0,5,8,0,29,19,21,8,0,13,3,4,8,17,33,0,0,1,1,1,1,11,11,10,16,14,17,16,17,18
1614,intent:travel,1,1,2,3,3,4,10,3,4,6,26,17,24,15,38,1,3,0,5,4,2,5,11,15,11,20,11,24,35,27,0,0,0,0,6,4,10,12,14,7,17,8,35,44,55,3,4,10,22,43,0,2,1,1,1,1,1,1,3,3,4,5,11,13,10
1615,intent:news_and_press,0,3,3,5,5,3,5,5,3,8,11,6,60,22,57,0,0,1,0,6,5,8,6,9,9,5,23,26,23,23,0,0,0,1,5,0,4,2,2,3,30,3,34,33,18,1,1,2,3,5,0,0,0,3,3,2,3,3,4,26,25,26,22,22,20
1616,intent:what_is_corona,2,1,1,2,7,1,2,9,10,24,13,23,40,8,15,1,1,0,1,1,5,12,15,11,23,24,27,31,32,36,0,0,0,1,5,0,1,14,15,27,29,2,52,21,36,2,3,5,11,22,0,0,0,2,0,0,4,4,1,18,19,20,46,26,15
1617,intent:how_does_corona_spread,2,1,1,2,7,7,3,6,10,15,31,9,18,29,21,1,3,0,5,4,2,10,12,14,22,23,24,20,15,12,0,0,0,1,5,0,5,8,0,29,19,21,8,0,13,3,4,8,19,36,0,0,1,1,1,1,11,11,10,16,14,17,16,17,18
1618,intent:what_are_treatment_options,0,3,3,5,5,3,5,5,13,11,15,21,17,10,7,1,1,0,1,1,5,15,10,5,13,8,28,29,29,4,0,0,0,1,5,0,2,3,4,25,6,31,1,50,59,2,3,7,15,26,0,0,0,0,3,2,9,12,9,23,24,25,21,23,19
1619,intent:what_are_symptoms,2,2,1,1,4,1,6,7,1,1,30,1,38,17,41,1,1,0,1,1,5,1,8,8,1,11,13,57,8,11,0,0,0,1,5,0,13,10,8,15,4,14,0,55,37,2,3,6,13,24,0,0,0,0,0,0,8,8,8,7,7,6,31,25,30
1620,intent:hi,3,0,2,7,1,2,7,11,8,16,1,19,12,1,49,0,0,1,4,7,7,9,7,7,7,27,7,27,52,51,1,1,2,6,4,5,6,1,6,8,1,16,55,45,21,4,5,12,25,50,1,1,2,7,7,5,6,6,7,2,3,2,32,8,16
1621,intent:news_and_press,2,2,1,6,4,1,15,10,1,28,12,8,4,9,60,0,0,1,6,0,4,11,13,12,17,17,25,59,30,17,0,0,0,7,7,7,1,14,15,26,23,28,38,47,22,2,2,4,6,10,1,0,0,2,2,0,4,4,1,9,10,10,25,24,27
1622,intent:okay_thanks,3,0,2,4,1,6,8,13,6,7,9,13,44,7,8,2,2,2,2,5,6,2,5,6,2,3,5,2,51,5,3,3,3,3,2,2,9,0,11,6,8,12,48,13,25,4,5,11,23,46,2,1,2,5,5,4,5,5,6,4,1,3,0,0,1
1623,intent:news_and_press,3,0,2,4,0,2,4,10,2,22,11,30,31,35,47,0,0,1,6,0,4,11,13,12,15,22,10,35,27,58,0,0,0,7,7,7,1,14,15,3,23,3,3,2,0,4,8,15,29,57,1,0,0,2,2,3,10,10,1,17,15,18,49,55,12
1624,intent:what_are_treatment_options,0,3,3,5,5,3,5,5,3,8,16,21,46,16,10,1,1,0,1,6,5,15,10,5,25,26,8,14,19,24,0,0,0,1,5,0,4,2,2,5,9,5,30,4,49,2,3,7,14,25,0,0,0,0,3,2,9,12,9,13,13,14,3,1,2
1625,intent:what_are_symptoms,2,1,1,1,7,1,1,15,10,1,30,27,49,62,41,1,1,0,1,1,5,1,8,8,1,11,13,1,8,54,0,0,0,1,5,0,13,10,8,15,4,14,32,1,26,2,3,6,13,24,0,0,0,0,0,0,8,8,8,7,7,6,23,9,23
1626,intent:news_and_press,3,2,0,6,4,0,15,4,11,19,28,18,8,43,57,0,0,1,6,0,4,11,13,12,17,17,25,16,58,40,0,0,0,1,5,0,14,15,13,26,23,27,38,47,22,4,8,15,29,58,1,0,0,2,2,0,10,10,15,17,15,18,10,10,8
1627,intent:what_are_symptoms,0,3,3,1,5,3,1,15,13,1,30,21,49,4,41,1,1,0,1,1,5,1,8,8,1,11,13,1,8,54,0,0,0,1,5,0,13,10,8,15,4,14,32,1,26,2,3,6,13,24,0,0,0,0,0,0,8,8,8,7,7,6,58,9,54
1628,intent:latest_numbers,3,1,2,4,0,2,4,0,12,29,0,20,43,0,24,0,0,1,6,0,4,6,0,4,26,0,6,4,0,37,0,0,0,7,7,7,7,13,7,24,2,22,46,12,12,4,8,16,32,63,1,2,1,2,2,3,13,13,11,5,5,4,53,54,51
1629,intent:news_and_press,2,1,1,2,0,1,2,9,2,2,15,30,17,10,7,1,1,0,1,1,5,15,10,5,13,8,28,29,29,4,0,0,0,1,5,0,2,3,4,25,6,31,1,50,59,4,8,15,29,58,0,0,0,0,3,2,9,12,9,23,24,25,21,23,19
1630,intent:protect_yourself,1,1,2,3,6,7,14,12,7,30,29,11,22,34,59,1,3,0,5,4,2,5,4,10,16,28,2,17,50,2,0,0,0,1,5,0,11,4,9,0,16,10,41,26,52,3,4,8,17,30,0,2,1,1,1,1,12,9,12,12,6,15,47,33,36
1631,intent:okay_thanks,3,0,2,4,1,6,8,13,6,7,22,13,10,12,6,2,2,2,2,5,6,2,5,6,2,3,5,45,3,48,3,3,3,3,2,2,9,0,11,6,8,12,14,31,60,4,5,11,23,46,2,1,2,5,5,4,5,5,6,4,1,3,0,0,35
1632,intent:myths,2,2,1,6,4,1,15,7,1,28,12,8,36,42,25,1,1,0,1,1,5,12,15,11,12,19,20,19,9,10,0,0,0,1,5,0,15,11,5,18,5,23,24,5,58,2,2,4,7,12,1,0,0,2,2,0,4,4,14,29,26,27,29,28,32
1633,intent:what_is_corona,0,3,3,5,5,3,5,5,3,12,7,28,2,13,17,0,1,1,0,6,5,8,6,9,9,5,15,49,40,8,0,0,0,1,5,0,4,2,2,21,22,1,5,59,61,1,1,2,3,6,0,0,0,3,3,2,3,3,4,10,9,9,44,47,46
1634,intent:what_if_i_visited_high_risk_area,1,1,2,3,3,4,11,12,4,30,5,25,53,53,53,1,3,0,5,4,2,5,4,2,18,25,17,41,14,25,0,0,0,0,6,4,11,4,9,2,31,25,43,52,23,3,4,9,20,38,0,2,1,1,1,1,12,9,12,8,6,8,2,11,5
1635,intent:can_i_get_from_feces_animal_pets,2,1,1,2,7,1,13,14,0,23,2,7,56,48,33,1,1,0,7,1,0,7,1,0,28,1,0,22,54,30,0,0,0,1,5,0,2,3,4,30,7,4,47,15,15,2,3,5,8,15,0,0,0,0,0,0,0,0,0,6,8,7,8,15,17
1636,intent:news_and_press,3,0,2,4,0,2,4,10,2,22,11,30,31,22,57,0,0,1,6,0,4,11,13,12,15,22,10,50,27,35,0,0,0,7,7,7,1,14,15,3,23,3,60,2,0,4,8,15,29,58,1,1,2,2,2,3,10,10,1,11,11,11,18,14,12
1637,intent:what_are_treatment_options,2,2,1,6,4,1,6,7,1,4,24,1,54,33,1,1,1,0,1,1,5,13,10,5,27,29,31,13,13,20,0,0,0,1,5,0,2,3,4,31,6,13,53,8,34,2,3,7,15,27,0,0,0,0,0,0,14,14,13,14,12,16,7,19,14
1638,intent:protect_yourself,1,1,2,3,6,7,14,6,7,18,18,10,61,26,54,1,3,0,5,4,2,10,12,14,31,9,12,52,55,19,0,0,0,1,5,0,5,8,0,1,11,11,61,34,62,3,4,8,16,28,0,0,1,1,1,1,11,11,10,22,21,21,5,7,13
1639,intent:latest_numbers,2,1,1,2,0,1,4,0,12,29,10,12,19,59,19,0,0,1,6,0,4,6,0,4,26,0,6,4,48,37,0,0,0,7,7,7,7,13,7,24,2,22,21,36,9,4,8,16,32,62,1,2,1,2,2,3,13,13,11,5,5,4,4,3,3
1640,intent:hi,3,0,2,7,1,2,7,11,8,3,1,19,3,51,47,0,0,1,4,7,7,9,7,7,7,27,7,27,52,51,1,1,2,6,4,5,6,1,6,8,1,16,11,56,21,4,5,12,25,50,1,1,2,7,7,5,6,6,7,2,3,2,55,48,16
1641,intent:news_and_press,2,2,1,6,4,1,15,7,1,28,12,8,4,9,60,0,0,1,6,0,4,11,13,12,17,17,25,16,58,40,0,0,0,7,7,7,1,14,15,26,23,28,38,47,22,2,2,4,6,10,1,0,0,2,2,0,4,4,1,9,10,10,25,24,27
1642,intent:what_is_corona,2,2,1,6,4,1,15,7,1,28,12,8,36,42,60,1,1,0,1,1,5,12,15,11,19,10,14,11,18,28,0,0,0,1,5,0,1,14,15,19,0,28,40,10,10,2,2,4,7,12,1,0,0,2,2,0,4,4,1,9,10,10,28,30,28
1643,intent:latest_numbers,3,1,2,4,0,2,4,0,12,29,0,20,16,36,50,0,0,1,6,0,4,6,0,4,3,0,6,34,53,34,0,0,0,7,7,7,7,13,7,28,21,19,15,46,32,4,8,16,30,59,1,2,1,2,2,3,13,13,11,5,5,4,33,39,37
1644,intent:protect_yourself,1,1,2,3,6,7,3,6,7,15,31,9,18,29,21,1,3,0,5,4,2,10,12,14,22,23,24,20,15,12,0,0,0,1,5,0,5,8,0,29,19,21,8,0,13,3,4,8,19,36,0,0,1,1,1,1,11,11,10,16,14,17,16,17,18
1645,intent:what_are_symptoms,0,3,3,5,5,3,1,5,13,11,15,21,30,4,48,1,1,0,1,1,5,1,8,8,1,11,13,1,8,54,0,0,0,1,5,0,13,10,8,15,4,14,32,1,26,2,3,6,13,24,0,0,0,0,3,2,9,8,9,7,7,6,58,9,54
1646,intent:what_if_i_visited_high_risk_area,1,1,2,3,3,4,10,3,4,6,26,17,27,49,3,1,3,0,5,4,2,5,11,15,11,20,11,24,35,13,0,0,0,0,6,4,10,12,14,7,17,8,6,27,5,3,4,10,22,44,0,2,1,1,1,1,1,1,3,3,4,5,15,21,22
1647,intent:can_i_get_from_packages_surfaces,0,3,3,5,5,3,5,5,3,8,25,28,28,56,52,0,1,1,0,6,5,8,6,9,29,5,15,47,38,29,0,0,0,1,5,0,4,2,2,12,18,29,17,16,6,3,4,8,17,33,0,0,0,3,3,2,3,3,4,25,23,24,41,16,39
1648,intent:what_if_i_visited_high_risk_area,2,2,1,6,4,1,6,7,1,4,24,1,47,42,60,1,3,0,5,4,2,5,4,2,18,25,17,58,14,61,0,0,0,1,5,0,11,4,9,2,31,25,51,62,47,2,2,4,7,13,0,2,1,1,1,1,12,9,12,8,6,8,51,57,52
1649,intent:what_is_corona,0,3,3,5,5,3,5,5,3,8,7,28,33,13,17,0,1,1,0,6,5,8,6,9,9,5,15,10,5,44,0,0,0,1,5,0,4,2,2,21,22,1,7,24,11,1,1,2,3,6,0,0,0,3,3,2,3,3,4,10,9,9,19,18,21
1650,intent:what_are_symptoms,2,2,1,1,4,1,6,7,1,1,30,1,38,17,41,1,1,0,1,1,5,1,8,8,1,11,13,57,8,11,0,0,0,1,5,0,13,10,8,15,4,14,0,55,37,2,3,6,13,24,0,0,0,0,0,0,8,8,8,7,7,6,31,25,30
1651,intent:can_i_get_from_packages_surfaces,1,1,2,3,6,7,3,6,7,31,8,31,63,32,63,1,3,0,5,4,2,5,12,10,5,13,12,28,2,41,0,0,0,1,5,0,2,3,4,23,12,24,50,61,56,3,4,8,17,33,0,0,1,1,1,1,1,1,3,19,17,12,43,49,41
1652,intent:can_i_get_from_packages_surfaces,1,1,2,3,6,7,14,6,7,31,8,3,63,18,63,1,3,0,5,4,2,5,12,10,5,13,12,28,2,41,0,0,0,0,6,4,2,3,4,23,12,24,50,61,56,3,4,8,17,33,0,2,1,1,1,1,1,1,3,19,17,12,43,49,41
1653,intent:can_i_get_from_feces_animal_pets,2,3,1,2,7,1,13,14,0,23,2,24,26,48,44,1,1,0,7,1,0,7,1,0,28,1,29,22,34,30,0,0,0,1,5,0,2,3,4,30,7,4,33,51,15,2,3,5,8,14,0,0,0,0,0,0,0,0,0,15,18,13,26,35,26
1654,intent:what_are_symptoms,2,2,1,6,4,1,6,7,1,4,12,1,38,17,1,1,1,0,1,1,5,1,8,8,1,11,13,39,33,42,0,0,0,1,5,0,13,10,8,19,0,14,0,55,37,2,2,4,7,11,0,0,0,0,0,0,8,8,8,7,7,6,31,25,30
1655,intent:latest_numbers,3,1,2,4,0,2,4,0,12,29,0,20,16,36,50,0,0,1,6,0,4,6,0,4,3,0,6,34,53,34,0,0,0,7,7,7,7,13,7,28,21,19,15,46,32,4,8,16,30,59,1,2,1,2,2,3,13,13,11,5,5,4,33,39,37
1656,intent:travel,1,1,2,3,3,4,10,3,4,6,26,17,27,15,38,1,3,0,5,4,2,5,11,15,11,4,11,5,37,56,0,0,0,0,6,4,10,12,14,23,12,24,62,60,40,3,4,10,22,42,0,2,1,1,1,1,1,1,3,3,4,12,52,50,0
1657,intent:what_are_treatment_options,0,3,3,5,5,3,5,5,3,8,16,21,46,16,10,1,1,0,1,6,5,15,10,5,25,26,8,14,19,24,0,0,0,1,5,0,4,2,2,5,9,5,30,4,49,2,3,7,14,25,0,0,0,0,3,2,9,12,9,13,13,14,3,1,2
1658,intent:share,3,0,2,4,1,2,8,1,9,20,19,15,20,30,29,0,0,1,4,2,1,4,2,1,24,6,1,6,26,1,0,0,0,5,3,6,12,9,12,16,28,7,49,48,1,4,7,14,28,55,1,1,2,4,4,3,2,2,2,0,0,0,35,2,34
1659,intent:okay_thanks,3,0,2,4,1,6,8,13,6,7,14,26,57,63,12,2,2,2,2,5,6,2,5,6,30,30,30,25,43,32,3,3,3,3,2,2,9,0,11,13,20,17,28,22,7,4,5,11,23,45,2,1,2,5,5,4,5,5,6,30,1,30,36,41,44
1660,intent:what_is_corona,2,2,1,6,4,1,15,7,1,28,12,8,36,42,25,1,1,0,1,1,5,12,15,11,19,10,14,11,18,28,0,0,0,1,5,0,1,14,15,19,0,28,40,10,10,2,2,4,7,12,1,0,0,2,2,0,4,4,1,9,10,10,28,30,28
1661,intent:latest_numbers,2,1,1,2,0,1,2,0,12,29,10,12,16,23,19,0,0,1,6,0,4,6,0,4,26,0,6,53,0,9,0,0,0,7,7,7,7,13,7,24,2,22,39,43,45,4,8,16,31,61,1,2,1,2,2,3,13,13,11,5,5,4,4,3,3
1662,intent:okay_thanks,3,0,2,4,1,6,8,13,6,5,22,14,58,12,8,2,2,2,2,5,6,2,5,6,2,3,5,56,51,5,3,3,3,3,2,2,9,0,11,6,8,12,16,11,17,4,5,11,23,47,2,1,2,5,5,4,5,5,6,4,1,3,60,20,1
1663,intent:news_and_press,3,0,2,4,0,2,4,10,2,22,11,30,31,35,57,0,0,1,6,0,4,11,13,12,15,22,10,43,11,50,0,0,0,1,5,0,1,14,15,3,23,3,3,2,0,4,8,15,29,58,1,1,2,2,2,3,10,10,1,11,11,11,18,14,49
1664,intent:travel,1,1,2,3,3,4,14,3,4,6,20,17,61,49,55,1,3,0,5,4,2,5,11,15,11,4,11,5,10,56,0,0,0,0,6,4,10,12,14,23,12,24,62,60,40,3,4,8,16,28,0,2,1,1,1,1,1,1,3,3,4,12,52,50,0
1665,intent:can_i_get_from_feces_animal_pets,2,1,1,2,7,1,13,14,0,23,2,7,56,48,33,1,1,0,7,1,0,7,1,0,28,1,0,22,54,30,0,0,0,1,5,0,2,3,4,30,7,4,47,15,15,2,3,5,8,14,0,0,0,0,0,0,0,0,0,6,8,7,8,15,17
1666,intent:news_and_press,2,2,1,6,4,1,15,7,1,28,12,8,4,9,60,0,0,1,6,0,4,11,13,12,17,17,25,16,58,40,0,0,0,1,5,0,1,14,15,26,23,28,38,47,22,2,2,4,6,10,1,0,0,2,2,0,4,4,1,9,10,10,25,24,27
1667,intent:protect_yourself,1,1,2,3,6,7,3,6,7,15,31,9,18,29,21,1,3,0,5,4,2,10,12,14,22,23,24,20,15,12,0,0,0,1,5,0,5,8,0,29,19,21,8,0,13,3,4,8,19,36,0,0,1,1,1,1,11,11,10,16,14,17,16,17,18
1668,intent:can_i_get_from_packages_surfaces,0,3,3,5,5,3,3,6,13,11,25,24,48,56,34,1,3,0,5,4,2,10,12,14,31,9,24,33,45,52,0,0,0,1,5,0,5,8,0,1,7,4,9,41,19,3,4,8,19,35,0,0,0,1,1,1,11,11,10,16,14,17,43,56,41
1669,intent:travel,1,1,2,3,3,4,10,3,4,6,26,17,24,15,38,1,3,0,5,4,2,5,11,15,11,20,11,24,35,27,0,0,0,0,6,4,10,12,14,7,17,8,35,44,55,3,4,10,22,43,0,2,1,1,1,1,1,1,3,3,4,5,11,13,10
1670,intent:news_and_press,3,0,2,4,1,2,4,10,2,22,11,30,31,22,57,0,0,1,6,0,4,11,13,12,15,22,10,43,11,18,0,0,0,1,5,0,1,14,15,3,23,3,60,2,0,4,8,15,29,58,1,1,2,2,2,3,10,10,1,11,11,11,18,14,12
1671,intent:protect_yourself,2,1,1,2,7,1,13,9,10,21,15,7,54,45,31,1,1,0,1,1,5,13,10,5,27,29,31,13,13,20,0,0,0,1,5,0,2,3,4,31,6,13,53,8,34,2,3,7,15,27,0,0,0,0,0,0,14,14,13,14,12,16,7,37,14
1672,intent:myths,0,3,3,5,5,3,5,5,3,8,25,28,62,13,48,0,1,1,0,6,5,8,6,9,9,5,15,10,5,44,0,0,0,1,5,0,4,2,2,21,22,1,7,24,11,1,1,2,2,3,0,0,0,3,3,2,3,3,4,10,9,9,19,18,21
1673,intent:what_is_corona,0,3,3,5,5,3,5,5,3,8,7,28,33,13,17,0,1,1,0,6,5,8,6,9,9,5,15,10,5,44,0,0,0,1,5,0,4,2,2,21,22,1,7,24,11,1,1,2,3,6,0,0,0,3,3,2,3,3,4,10,9,9,19,18,21
1674,intent:can_i_get_from_packages_surfaces,2,1,1,2,7,1,13,9,10,10,2,23,59,11,18,1,1,0,7,1,0,7,14,0,14,31,16,21,39,47,0,0,0,1,5,0,2,3,4,22,15,20,4,14,3,2,3,5,9,18,0,0,0,0,0,0,0,0,0,6,8,7,48,51,47
1675,intent:news_and_press,2,2,1,6,4,1,15,7,1,28,12,8,4,9,60,0,0,1,6,0,4,11,13,12,17,17,25,16,58,40,0,0,0,7,7,7,1,14,15,26,23,28,38,47,22,2,2,4,6,10,1,0,0,2,2,0,4,4,1,9,10,10,25,24,27
1676,intent:can_i_get_from_feces_animal_pets,0,3,3,5,5,3,5,5,3,8,3,28,33,31,17,0,1,1,0,6,5,8,6,9,9,5,15,10,5,44,0,0,0,1,5,0,4,2,2,21,22,1,7,24,11,1,1,2,2,3,0,0,0,3,3,2,3,3,4,10,9,9,19,18,21
1677,intent:what_are_symptoms,0,3,3,5,5,3,5,5,3,8,16,6,60,4,10,0,1,1,1,6,5,8,10,5,25,26,8,14,19,24,0,0,0,1,5,0,4,2,2,3,30,3,34,33,18,1,1,2,3,6,0,0,0,0,3,2,9,12,9,26,25,26,22,22,20
1678,intent:news_and_press,0,3,3,5,5,3,5,10,3,2,11,6,60,22,57,0,1,1,1,6,5,15,10,5,25,26,8,14,19,24,0,0,0,1,5,0,4,2,2,3,30,3,34,33,18,1,1,2,3,5,0,0,0,3,3,2,3,3,4,26,25,26,22,22,20
1679,intent:travel,1,1,2,3,3,4,10,3,4,6,26,17,24,15,38,1,3,0,5,4,2,5,11,15,11,20,11,24,35,27,0,0,0,0,6,4,10,12,14,7,17,8,6,44,55,3,4,10,22,43,0,2,1,1,1,1,1,1,3,3,4,5,11,13,10
1680,intent:myths,0,3,3,0,2,3,0,2,14,0,21,5,0,21,39,0,0,1,0,6,5,0,9,13,0,15,9,0,12,14,0,0,0,4,0,1,3,5,3,10,26,26,57,37,8,1,1,1,1,1,0,0,0,3,3,2,15,15,14,21,20,22,6,5,7
1681,intent:latest_numbers,3,1,2,4,0,2,4,0,12,3,0,20,43,59,24,0,0,1,6,0,4,6,0,4,26,0,6,4,48,37,0,0,0,7,7,7,7,13,7,24,2,22,46,12,12,4,8,16,32,63,1,2,1,2,2,3,13,13,11,5,5,4,53,54,51
1682,intent:hi,3,2,0,7,4,0,12,4,15,17,28,18,34,37,32,0,0,1,4,7,7,9,7,7,21,7,7,40,59,31,1,1,2,6,4,5,6,1,6,11,27,15,27,53,51,4,5,12,24,48,1,1,2,7,7,5,6,6,7,2,3,2,40,43,40
1683,intent:latest_numbers,3,1,2,4,0,2,4,0,12,29,0,20,16,36,50,0,0,1,6,0,4,6,0,4,3,0,6,34,53,34,0,0,0,7,7,7,7,13,7,28,21,19,15,46,32,4,8,16,30,59,1,2,1,2,2,3,13,13,11,5,5,4,33,39,37
1684,intent:can_i_get_from_feces_animal_pets,2,2,1,6,4,1,6,7,1,27,24,1,47,33,22,1,1,0,7,1,0,7,1,0,14,14,26,61,61,62,0,0,0,1,5,0,2,3,4,22,15,20,29,29,42,2,3,5,9,20,0,0,0,0,0,0,0,0,0,24,16,23,13,40,62
1685,intent:can_i_get_from_feces_animal_pets,0,3,3,5,5,3,13,14,0,11,25,24,26,31,44,1,1,0,7,1,0,7,1,0,28,1,0,60,1,0,0,0,0,1,5,0,2,3,4,30,7,4,47,15,15,2,3,5,8,14,0,0,0,0,0,0,0,0,0,15,18,13,26,35,26
1686,intent:what_is_corona,2,1,1,2,7,1,2,9,10,24,13,23,1,8,15,1,1,0,1,1,5,12,15,11,23,24,27,31,32,36,0,0,0,1,5,0,1,14,15,27,29,2,52,21,36,2,3,5,11,22,0,0,0,2,2,0,4,4,1,18,19,20,46,26,15
1687,intent:protect_yourself,1,1,2,3,6,7,14,6,7,31,18,10,61,26,54,1,3,0,5,4,2,10,12,14,31,9,12,52,55,19,0,0,0,1,5,0,5,8,0,1,11,11,61,34,62,3,4,8,16,28,0,0,1,1,1,1,11,11,10,22,21,21,5,7,13
1688,intent:how_does_corona_spread,3,0,2,4,1,2,4,1,2,9,27,2,9,5,16,0,0,1,4,2,1,4,2,1,6,6,22,51,6,55,0,0,0,5,3,6,12,9,12,14,3,9,11,3,4,4,7,14,27,54,1,1,2,4,4,3,2,2,2,0,0,0,12,6,11
1689,intent:what_if_i_visited_high_risk_area,1,1,1,3,3,4,10,3,4,6,26,25,47,39,53,1,3,0,5,4,2,5,4,2,18,25,17,58,14,61,0,0,0,1,5,0,11,4,9,31,31,13,51,62,47,3,4,9,20,39,0,2,1,1,1,1,12,9,12,8,6,8,51,57,52
1690,intent:what_is_corona,0,3,3,5,5,3,5,5,13,8,16,21,46,4,10,1,1,0,1,6,5,15,10,5,25,26,8,14,19,24,0,0,0,1,5,0,4,2,2,21,22,1,7,24,11,2,3,7,14,25,0,0,0,0,3,2,9,12,9,13,13,14,58,9,54
1691,intent:news_and_press,3,0,2,4,0,2,4,10,2,22,11,30,31,35,47,0,0,1,6,0,4,6,0,4,26,22,10,50,48,35,0,0,0,7,7,7,1,14,15,3,23,3,21,36,9,4,8,16,32,62,1,1,2,2,2,3,10,10,5,11,11,11,61,60,58
1692,intent:hi,3,0,2,7,1,2,7,11,8,17,1,19,12,24,14,0,0,1,4,7,7,9,7,7,21,7,7,8,7,31,1,1,2,6,4,5,6,1,6,8,24,30,31,19,16,4,5,12,25,49,1,1,2,7,7,5,6,6,7,2,3,2,9,29,9
1693,intent:donate,3,0,2,4,1,5,9,8,5,14,17,29,6,38,13,3,0,3,3,3,3,3,3,3,4,2,3,46,63,43,2,2,1,2,1,3,0,7,1,9,25,6,12,7,48,4,6,13,26,53,3,3,3,6,6,6,7,7,5,1,2,1,30,4,6
1694,intent:what_are_treatment_options,2,2,0,6,4,0,6,4,11,19,23,0,8,45,0,1,1,0,1,1,5,13,10,5,27,18,31,44,28,46,0,0,0,1,5,0,2,3,4,31,6,13,53,8,34,2,2,3,4,7,0,0,0,0,0,0,14,14,13,14,12,16,27,37,31
1695,intent:myths,0,3,3,0,2,3,0,2,14,0,21,5,0,21,39,0,0,1,0,6,5,0,9,13,0,15,9,0,12,14,0,0,0,4,0,1,3,5,3,10,26,26,57,37,8,1,1,1,1,1,0,0,0,3,3,2,15,15,14,21,20,22,6,5,7
1696,intent:latest_numbers,3,0,2,4,0,2,4,0,12,29,0,20,19,59,19,0,0,1,6,0,4,6,0,4,26,0,6,50,48,35,0,0,0,7,7,7,7,13,7,24,2,22,21,36,9,4,8,16,32,62,1,2,1,2,2,3,10,10,5,11,11,11,61,60,58
1697,intent:hi,3,2,0,7,4,0,12,11,15,16,1,19,34,37,32,0,0,1,4,7,7,9,7,7,21,7,7,40,59,31,1,1,2,6,4,5,6,1,6,11,27,15,27,53,51,4,5,12,24,48,1,1,2,7,7,5,6,6,7,2,3,2,40,43,40
1698,intent:hi,3,2,0,7,4,0,12,4,15,19,28,18,8,37,32,0,0,1,4,7,7,9,7,7,21,7,7,40,59,31,1,1,2,6,4,5,6,1,6,11,27,15,27,53,51,4,5,12,24,48,1,1,2,7,7,5,6,6,7,2,3,2,40,43,40
1699,intent:donate,3,0,2,4,1,5,9,8,5,14,6,29,6,25,13,3,0,3,3,3,3,3,3,3,4,2,3,46,4,43,2,2,1,2,1,3,0,7,1,9,25,6,12,7,48,4,6,13,26,52,3,3,3,6,6,6,7,7,5,1,2,1,14,4,6
1700,intent:donate,3,0,2,4,1,5,9,8,5,14,17,29,6,58,26,3,0,3,3,3,3,3,3,3,4,2,3,3,36,3,2,2,1,2,1,3,0,7,1,20,13,18,13,32,20,4,6,13,26,53,3,3,3,6,6,6,7,7,5,1,2,1,30,34,33
1701,intent:share,3,0,2,4,1,2,8,1,9,9,4,2,55,28,61,0,0,1,4,2,1,4,2,1,6,6,22,51,6,55,0,0,0,5,3,6,12,9,12,14,3,9,11,3,4,4,7,14,27,54,1,1,2,4,4,3,2,2,2,0,0,0,36,6,44
1702,intent:okay_thanks,3,0,2,4,1,6,11,13,6,7,22,13,10,7,8,2,2,2,2,5,6,2,5,6,2,3,5,2,51,5,3,3,3,3,2,2,9,0,11,6,8,12,63,58,14,4,5,11,23,46,2,1,2,5,5,4,5,5,6,4,1,3,20,0,1
1703,intent:news_and_press,2,2,0,6,4,0,15,4,11,19,28,18,4,9,60,0,0,1,6,0,4,11,13,12,10,12,18,12,25,6,0,0,0,7,7,7,1,14,13,26,23,28,38,47,22,2,2,3,4,8,1,0,0,2,2,0,10,10,15,17,15,18,10,10,8
1704,intent:what_is_corona,0,3,3,5,5,3,5,5,3,8,7,28,28,13,52,0,1,1,0,6,5,8,6,9,9,5,15,10,5,44,0,0,0,1,5,0,4,2,2,21,22,1,50,61,56,3,4,8,17,31,0,0,0,3,3,2,3,3,4,10,9,9,19,18,21
1705,intent:can_i_get_from_packages_surfaces,1,1,2,3,6,7,14,6,7,31,8,10,63,5,52,1,3,0,5,4,2,5,12,10,5,13,12,28,2,41,0,0,0,1,5,0,2,3,4,23,12,24,50,61,56,3,4,8,17,33,0,2,1,1,1,1,1,1,3,19,17,12,50,49,41
1706,intent:donate,3,0,2,4,1,5,9,8,5,14,6,29,6,25,26,3,0,3,3,3,3,3,3,3,4,2,3,46,4,43,2,2,1,2,1,3,0,7,1,9,25,6,12,7,48,4,6,13,26,52,3,3,3,6,6,6,7,7,5,1,2,1,14,4,6
1707,intent:protect_yourself,1,1,2,3,6,7,3,6,7,15,31,9,18,29,21,1,3,0,5,4,2,10,12,14,22,23,24,20,15,12,0,0,0,1,5,0,5,8,0,29,19,21,8,0,13,3,4,8,19,36,0,0,1,1,1,1,11,11,10,16,14,17,16,17,18
1708,intent:can_i_get_from_packages_surfaces,1,1,2,3,6,7,14,6,7,18,8,10,9,5,52,1,3,0,5,4,2,5,4,10,5,13,2,28,2,41,0,0,0,1,5,0,2,3,4,14,3,9,50,61,56,3,4,8,17,33,0,1,2,1,4,3,2,2,2,31,30,15,50,49,50
1709,intent:what_if_i_visited_high_risk_area,1,1,2,3,3,4,11,12,4,25,5,25,53,53,27,1,3,0,5,4,2,5,4,2,18,25,17,41,14,25,0,0,0,0,6,4,11,4,9,2,31,25,43,52,23,3,4,9,20,37,0,2,1,1,1,1,12,9,12,8,6,8,2,11,5
1710,intent:travel,1,1,2,3,3,4,10,3,4,26,26,17,24,49,40,1,3,0,5,4,2,5,11,15,11,20,11,54,47,13,0,0,0,0,6,4,10,12,14,23,12,24,42,49,2,3,4,10,22,44,0,2,1,1,1,1,1,1,3,3,4,5,15,21,22
1711,intent:what_is_corona,2,1,1,2,7,1,2,9,10,21,13,23,11,50,15,1,3,0,5,4,2,5,4,10,16,28,2,62,22,39,0,0,0,1,5,0,2,3,4,0,16,10,58,21,33,2,3,5,11,22,0,0,1,1,0,0,14,9,13,12,29,15,27,45,31
1712,intent:share,3,0,2,4,1,2,8,1,9,20,19,15,25,30,29,0,0,1,4,2,1,4,2,1,24,6,1,6,41,1,0,0,0,5,3,6,12,9,12,16,28,7,20,38,27,4,7,14,27,54,1,1,2,4,4,3,2,2,2,0,0,0,1,2,4
1713,intent:travel,1,1,2,3,6,7,3,6,7,15,31,9,48,47,46,1,3,0,5,4,2,10,12,14,22,23,24,20,15,12,0,0,0,1,5,0,5,8,0,29,19,21,8,0,13,3,4,8,19,36,0,0,1,1,1,1,11,11,10,16,14,17,16,17,18
1714,intent:latest_numbers,3,1,2,4,0,2,4,0,12,29,0,20,16,36,50,0,0,1,6,0,4,6,0,4,3,0,6,34,53,34,0,0,0,7,7,7,7,13,7,28,21,19,15,46,32,4,8,16,30,59,1,2,1,2,2,3,13,13,11,5,5,4,33,39,37
1715,intent:what_are_symptoms,2,2,0,6,4,0,6,4,11,19,28,0,38,17,0,1,1,0,1,1,5,1,8,8,1,11,13,57,8,11,0,0,0,1,5,0,13,10,8,15,4,14,0,55,37,2,3,6,13,24,0,0,0,0,0,0,8,8,8,7,7,6,31,25,30
1716,intent:what_are_treatment_options,3,1,2,1,6,7,1,15,2,13,27,10,42,60,45,1,1,0,1,1,5,14,8,8,20,16,19,63,49,45,0,0,0,1,5,0,2,3,4,5,9,5,45,35,44,2,3,7,14,25,0,0,0,0,0,2,9,8,9,20,22,19,38,42,24
1717,intent:latest_numbers,3,1,2,2,0,2,4,0,12,29,10,12,19,46,19,0,0,1,6,0,4,6,0,4,26,0,6,4,0,37,0,0,0,7,7,7,7,13,7,24,2,22,2,30,24,4,8,16,32,64,1,2,1,2,2,3,13,13,11,5,5,4,4,3,3
1718,intent:protect_yourself,1,1,2,3,6,7,14,12,7,30,29,11,22,34,59,1,3,0,5,4,2,5,4,10,16,28,2,55,50,2,0,0,0,1,5,0,11,4,9,0,16,10,58,26,33,3,4,8,17,32,0,2,1,1,1,1,12,9,12,12,6,15,27,45,36
1719,intent:what_is_corona,0,3,3,5,5,3,5,5,3,8,7,28,33,13,17,0,1,1,0,6,5,8,6,9,9,5,15,10,5,44,0,0,0,1,5,0,4,2,2,21,22,1,7,24,11,1,1,2,3,6,0,0,0,3,3,2,3,3,4,10,9,9,19,18,21
1720,intent:hi,3,0,2,7,1,2,7,11,8,17,1,19,12,1,14,0,0,1,4,7,7,9,7,7,21,7,7,42,46,7,1,1,2,6,4,5,6,1,6,8,24,30,31,63,54,4,5,12,25,50,1,1,2,7,7,5,6,6,7,2,3,2,9,8,9
1721,intent:can_i_get_from_packages_surfaces,1,1,2,3,6,7,14,6,7,18,27,10,9,5,54,1,3,0,5,4,2,5,4,10,5,13,2,28,2,38,0,0,0,1,5,0,2,3,4,14,16,9,50,61,56,4,6,13,26,53,0,1,2,1,4,3,2,2,2,31,30,15,50,49,50
1722,intent:what_is_corona,3,2,0,6,4,0,15,4,11,19,28,18,8,43,30,0,0,1,6,0,4,11,13,12,10,12,18,12,25,6,0,0,0,7,7,7,14,15,13,17,23,27,3,20,28,2,2,3,4,8,1,0,0,2,2,0,10,10,15,17,15,18,10,10,8
1723,intent:what_is_corona,0,3,3,5,5,3,5,5,3,8,7,28,33,13,17,0,1,1,0,6,5,8,6,9,9,5,15,10,5,44,0,0,0,1,5,0,4,2,2,21,22,1,7,24,11,1,1,2,3,6,0,0,0,3,3,2,3,3,4,10,9,9,19,18,21
1724,intent:what_are_treatment_options,0,3,3,5,5,3,5,5,13,11,15,21,17,10,7,1,1,0,1,1,5,15,10,5,13,8,28,29,29,4,0,0,0,1,5,0,2,3,4,25,6,31,1,50,59,2,3,7,15,26,0,0,0,0,3,2,9,12,9,23,24,25,21,23,19
1725,intent:share,3,0,2,4,1,2,8,1,9,20,19,15,20,30,29,0,0,1,4,2,1,4,2,1,24,6,1,6,41,1,0,0,0,5,3,6,12,9,12,16,28,7,19,17,35,4,7,14,28,55,1,1,2,4,4,3,2,2,2,0,0,0,1,2,4
1726,intent:hi,3,0,2,4,1,2,4,10,2,3,11,30,31,35,47,0,0,1,6,0,4,11,13,12,15,22,10,35,27,58,0,0,0,1,5,0,1,14,15,3,23,3,3,2,0,4,8,15,29,57,1,1,2,2,2,3,10,10,7,11,11,11,49,48,12
1727,intent:hi,3,0,2,7,1,2,12,11,8,16,1,19,3,51,32,0,0,1,4,7,7,9,7,7,7,27,7,32,31,21,1,1,2,6,4,5,6,1,6,8,1,16,11,56,21,4,5,12,25,50,1,1,2,7,7,5,6,6,7,2,3,2,55,48,16
1728,intent:donate,3,0,2,4,1,5,9,8,5,14,17,29,6,3,26,3,0,3,3,3,3,3,3,3,4,2,3,46,63,43,2,2,1,2,1,3,0,7,1,9,25,6,13,7,20,4,6,13,26,53,3,3,3,6,6,6,7,7,5,1,2,1,30,36,33
1729,intent:travel,1,1,2,3,3,4,10,3,4,6,20,17,27,49,58,1,3,0,5,4,2,5,11,15,11,4,11,5,37,56,0,0,0,0,6,4,10,12,14,23,12,24,62,60,40,3,4,10,22,42,0,2,1,1,1,1,1,1,3,3,4,12,52,50,0
1730,intent:myths,2,2,1,0,2,1,6,7,1,27,24,22,51,40,36,1,1,0,1,1,5,12,15,11,12,19,20,19,9,10,0,0,0,1,5,0,15,11,5,18,5,23,24,5,58,2,2,4,5,9,1,0,0,2,2,0,4,4,14,29,26,27,29,28,32
1731,intent:okay_thanks,3,0,2,4,1,6,8,13,6,7,22,26,44,7,12,2,2,2,2,5,6,2,5,6,2,3,5,2,51,5,3,3,3,3,2,2,9,0,11,6,8,12,63,58,14,4,5,11,23,45,2,1,2,5,5,4,5,5,6,4,1,3,20,20,45
1732,intent:share,3,0,2,4,1,2,8,1,9,9,4,15,55,28,61,0,0,1,4,2,1,4,2,1,24,6,22,30,26,33,0,0,0,5,3,6,12,9,12,14,3,9,49,48,1,4,7,14,27,54,1,1,2,4,4,3,2,2,2,0,0,0,35,31,34
1733,intent:can_i_get_from_feces_animal_pets,2,2,1,6,4,1,6,7,1,27,24,1,47,33,22,1,1,0,7,1,0,7,1,0,14,14,26,61,61,62,0,0,0,1,5,0,2,3,4,22,15,20,10,57,57,2,2,4,7,13,0,0,0,0,0,0,0,0,0,24,16,23,13,40,42
1734,intent:okay_thanks,3,0,2,4,1,6,8,13,6,7,22,13,44,7,8,2,2,2,2,5,6,2,5,6,2,3,5,2,51,5,3,3,3,3,2,2,9,0,11,6,8,12,48,13,14,4,5,11,23,46,2,1,2,5,5,4,5,5,6,4,1,3,0,0,1
1735,intent:myths,2,2,1,0,2,1,0,7,1,27,24,22,51,40,36,1,1,0,1,1,5,12,15,11,12,19,20,19,9,10,0,0,0,1,5,0,15,11,5,18,5,23,24,5,58,1,1,1,1,2,1,0,0,2,2,0,4,4,14,29,26,27,29,28,32
1736,intent:how_does_corona_spread,1,1,2,3,3,4,14,3,4,26,20,17,61,49,55,1,3,0,5,4,2,5,11,15,11,4,11,5,10,56,0,0,0,0,6,4,10,12,14,23,12,24,62,60,40,3,4,8,16,28,0,2,1,1,1,1,1,1,3,3,4,12,52,50,0
1737,intent:can_i_get_from_feces_animal_pets,1,1,2,3,6,7,13,14,0,23,23,24,26,48,44,1,1,0,7,1,0,7,1,0,28,1,0,22,54,30,0,0,0,1,5,0,2,3,4,30,7,4,47,15,15,2,3,5,8,14,0,0,0,0,0,0,0,0,0,6,8,7,26,35,26
1738,intent:what_if_i_visited_high_risk_area,1,1,2,3,6,4,11,12,4,30,5,25,53,53,53,1,3,0,5,4,2,5,4,2,18,25,17,41,14,25,0,0,0,0,6,4,11,4,9,2,31,25,43,52,23,3,4,9,20,37,0,2,1,1,1,1,12,9,12,8,6,8,2,11,5
1739,intent:latest_numbers,3,1,2,4,0,2,4,0,12,3,0,20,43,59,24,0,0,1,6,0,4,6,0,4,26,0,6,4,48,37,0,0,0,7,7,7,7,13,7,24,2,22,46,12,12,4,8,16,32,63,1,2,1,2,2,3,13,13,11,5,5,4,53,54,51
1740,intent:protect_yourself,1,1,2,3,6,7,14,12,0,23,29,11,22,52,59,1,1,0,7,1,0,7,1,0,28,1,0,22,54,30,0,0,0,1,5,0,2,3,4,0,7,10,41,26,52,2,3,5,8,14,0,0,0,0,0,0,0,0,0,12,18,13,47,33,26
1741,intent:what_if_i_visited_high_risk_area,1,1,2,3,6,7,14,6,7,31,18,10,61,26,54,1,3,0,5,4,2,10,12,14,31,9,12,52,55,19,0,0,0,1,5,0,5,8,0,1,11,11,61,34,62,3,4,8,16,28,0,0,1,1,1,1,11,11,10,22,21,21,5,7,13
1742,intent:what_are_symptoms,2,1,2,1,6,7,1,15,2,1,30,27,49,62,41,1,1,0,1,1,5,1,8,8,1,11,13,57,8,11,0,0,0,1,5,0,13,10,8,15,4,14,32,1,26,2,3,6,13,24,0,0,0,0,0,0,8,8,8,7,7,6,23,9,23
1743,intent:hi,3,0,2,7,1,2,12,11,15,17,1,19,34,1,32,0,0,1,4,7,7,9,7,7,21,7,7,40,59,31,1,1,2,6,4,5,6,1,6,8,1,16,31,63,54,4,5,12,25,50,1,1,2,7,7,5,6,6,7,2,3,2,40,8,40
1744,intent:donate,3,0,2,4,1,5,9,8,5,14,17,29,6,58,26,3,0,3,3,3,3,3,3,3,4,2,3,3,36,3,2,2,1,2,1,3,0,7,1,20,13,18,13,32,20,4,6,13,26,53,3,3,3,6,6,6,7,7,5,1,2,1,30,34,33
