text,gold
"hello doc, how's it hanging",intent:hi
is there any information from an animal getting sick and transmitting it to a human,intent:can_i_get_from_feces_animal_pets
can the virus travel by touch,intent:how_does_corona_spread
is vomiting a symptom,intent:what_are_symptoms
are taxis considered unsafe,intent:travel
should i be worried about my plants spreading the disease to me,intent:how_does_corona_spread
how to donate for corona treatment,intent:donate
"why coronavirus affects some animals, but not others",intent:can_i_get_from_feces_animal_pets
is it still possible to go to europe,intent:travel
how can i donate to new york city,intent:donate
what are the late stage symptoms,intent:what_are_symptoms
number of tests carried out in spain,intent:latest_numbers
where can i go in the world that's safe,intent:travel
good morning doc,intent:hi
what can the hospitals do in this situation,intent:what_are_treatment_options
can pets spread covid-19,intent:can_i_get_from_feces_animal_pets
how does the virus travel,intent:how_does_corona_spread
"thanks for checking that up, doctor bot",intent:okay_thanks
did they spread corona on purpose,intent:myths
"alright, bot",intent:hi
can i travel to japan,intent:travel
what can i do to treat myself if i'm sick with coronavirus,intent:what_are_treatment_options
share service please,intent:share
can i travel out of my city,intent:travel
give me a summary on corona virus,intent:what_is_corona
is having a lack of taste a symptom,intent:what_are_symptoms
tell me some covid-19 myths that have been debunked,intent:myths
thank you for all your help,intent:okay_thanks
who needs money right now,intent:donate
hi covid doc,intent:hi
are only older people susceptible to covid,intent:myths
i'd like to make a donation,intent:donate
can covid-19 spread through pools,intent:how_does_corona_spread
will cotton facemasks protect me,intent:protect_yourself
is there a vaccine to treat the coronavirus,intent:what_are_treatment_options
what should i be looking out for to tell if someone has it,intent:what_are_symptoms
how can i share this service,intent:share
what are some differences betweens covid19 and the common cold,intent:what_are_symptoms
send this to my spouse,intent:share
donate to make more masks,intent:donate
is vitamin c useful to prevent coronavirus infection,intent:what_are_treatment_options
is coronavirus spread through a certain type of liquid,intent:how_does_corona_spread
donate to the food bank,intent:donate
share this with jack,intent:share
tell me about the myths related to coronavirus,intent:myths
give me information to avoiding covid-19,intent:protect_yourself
tell me more information on corona,intent:what_is_corona
any myths about the origin of covid-19,intent:myths
what is the best face mask to wear,intent:protect_yourself
can pets spread covid19,intent:can_i_get_from_feces_animal_pets
how can i donate,intent:donate
what are the steps to protect myself when entering a hisk risk area,intent:what_if_i_visited_high_risk_area
please send a donation to a local charity,intent:donate
how many people have died because of covid,intent:latest_numbers
is it a myth that coronavirus spreads in cold climates,intent:myths
donate medical material to the nearest hospital,intent:donate
is china still a hisk risk country,intent:what_if_i_visited_high_risk_area
thank you for all the help you've given me doc,intent:okay_thanks
what are the newest covid-19 myths,intent:myths
what's the latest on coronavirus in dc,intent:news_and_press
covid 19 updates,intent:news_and_press
what are the main symptoms of the corona virus,intent:what_are_symptoms
"coronavirus donation info, please",intent:donate
what are some early symptoms,intent:what_are_symptoms
thanks for the info,intent:okay_thanks
send me news updates from the last hour,intent:news_and_press
donate to china,intent:donate
what should i not trust,intent:myths
is it safe to get food delivered,intent:can_i_get_from_packages_surfaces
are my animals at risk to catch the corona virus,intent:can_i_get_from_feces_animal_pets
what should symptoms should i look out for if i am worried someone has corona,intent:what_are_symptoms
did anything big happen today,intent:news_and_press
"good morning, covid bot",intent:hi
number of recovery cases in new york,intent:latest_numbers
"hi doc, how are you",intent:hi
can snakes get the virus,intent:can_i_get_from_feces_animal_pets
was covid lad-made to control masses,intent:myths
i want to know if i can take a trip to the mountains,intent:travel
is there a vaccine against coronavirus,intent:what_are_treatment_options
is the metro still working in france,intent:travel
"i appreciate your help, dear corona",intent:okay_thanks
is there a vaccine for coronavirus yet,intent:what_are_treatment_options
how to kill the spread of corona virus on surfaces,intent:protect_yourself
are the buses cancelled in town,intent:travel
do i need to worry about my dog getting corona,intent:can_i_get_from_feces_animal_pets
"top of the morning to you, covid bot",intent:hi
should i sanitize my clothing after going outside,intent:protect_yourself
my parents are old what do i do,intent:protect_yourself
thanks for the search doc,intent:okay_thanks
does staying away 6 feet in public reduce prevention,intent:protect_yourself
how can i donate to charity,intent:donate
can i donate to medical needs for corona virus,intent:donate
"are domestic flights cancelled, too",intent:travel
nice to meet you,intent:hi
what cleaning products should i use,intent:protect_yourself
is it safe to lick envelopes,intent:can_i_get_from_packages_surfaces
do face masks help stop coronavirus,intent:protect_yourself
i've been to a lot of infected places will i get the coronavirus,intent:what_if_i_visited_high_risk_area
"thanks for the help, doc",intent:okay_thanks
should i quarantine my cat too,intent:can_i_get_from_feces_animal_pets
what are some popular covid myths,intent:myths
can i fly during coronavirus outbreak,intent:what_if_i_visited_high_risk_area
what are my treatment options for covid 19,intent:what_are_treatment_options
what's the total death count in the u.s,intent:latest_numbers
hi i have a question,intent:hi
can you show me the ranking by confirmed cases within the u.s,intent:latest_numbers
please send me the latest coronavirus news,intent:news_and_press
hi doc bot,intent:hi
myths about using mask filters,intent:myths
is covid more likely to spread in humid weather,intent:how_does_corona_spread
can i see reports on infection rates,intent:news_and_press
can i get covid-19 from having food delivered to me,intent:can_i_get_from_packages_surfaces
which countries are safe for nonessential international travel,intent:what_if_i_visited_high_risk_area
how is the covid-19 situation near me,intent:news_and_press
how does coronavirus get transmitted,intent:how_does_corona_spread
does covid-19 attach onto fruit,intent:can_i_get_from_packages_surfaces
myth about half the population dying from covid 19,intent:myths
when did the corona virus start,intent:what_is_corona
"outline the current covid-19 treatments, please",intent:what_are_treatment_options
send a report to this link,intent:share
morning doctor,intent:hi
how's it going,intent:hi
what's the best cure for covid-19,intent:what_are_treatment_options
any new myths about covid-19,intent:myths
are there any updates in texas,intent:news_and_press
please share this on my page,intent:share
"show me how i can share this, please",intent:share
how many people are infected daily by corona,intent:latest_numbers
i want to share this info,intent:share
can covid19 stay on handle bars,intent:can_i_get_from_packages_surfaces
what precautions can i take to help eliminate spreading of this virus,intent:how_does_corona_spread
what are some signs of corona virus,intent:what_are_symptoms
what are some steps to avoid covid-19,intent:protect_yourself
is the hospital considered a high risk area,intent:what_if_i_visited_high_risk_area
hey corona doctor,intent:hi
please share this service,intent:share
how likely is corona virus spread by delivered food and packages,intent:how_does_corona_spread
what are some treatment options for covid-19,intent:what_are_treatment_options
do fruit-flies carry the virus,intent:how_does_corona_spread
what are the signs you may have the corona,intent:what_are_symptoms
what should i do if i think my animal has the new strain of coronavirus,intent:can_i_get_from_feces_animal_pets
donate in my area,intent:donate
"thank you, doc",intent:okay_thanks
how is it like in california now,intent:latest_numbers
let's share this report with my family,intent:share
how does the virus survive on different surfaces,intent:can_i_get_from_packages_surfaces
thanks so much doc,intent:okay_thanks
animal corona myths,intent:myths
what information can you give me,intent:what_is_corona
gargling salty water to prevent the coronavirus,intent:myths
what is the average age of people affected in the us,intent:latest_numbers
corona virus news from bbc,intent:news_and_press
can someone spread the disease just by walking or running past them,intent:how_does_corona_spread
is vinegar effective in cleaning plastics,intent:can_i_get_from_packages_surfaces
provide funding for virus cure,intent:donate
do you take money,intent:donate
what new happened today,intent:news_and_press
how will i know if i have covid-19,intent:what_are_symptoms
what locations are considered at high risk for coronavirus,intent:what_if_i_visited_high_risk_area
is it true pets can get covid-19,intent:myths
"g'day, doc",intent:hi
can covid-19 spread if you live in high temperature weather,intent:how_does_corona_spread
thank you so so much,intent:okay_thanks
i want more information on covid-19,intent:what_is_corona
which businesses are considered high risks,intent:what_if_i_visited_high_risk_area
is it safe to handle envleopes,intent:can_i_get_from_packages_surfaces
can you educate me on this virus,intent:what_is_corona
how can touching shared surfuces put you at risk for corona virus,intent:how_does_corona_spread
can the 19 be spread faster,intent:how_does_corona_spread
where can i donate canned goods,intent:donate
does that lupus medicine work for covid,intent:what_are_treatment_options
what is covid 19,intent:what_is_corona
"great help, thanks bot",intent:okay_thanks
what is the cure to covid,intent:what_are_treatment_options
do gloves help,intent:protect_yourself
can ticks spread coronavirus,intent:how_does_corona_spread
what are the early stage symptoms,intent:what_are_symptoms
what symptoms would my iguana show,intent:can_i_get_from_feces_animal_pets
could you help me,intent:hi
whaddup doctor,intent:hi
hello covid bot,intent:hi
what is the press saying,intent:news_and_press
how's everything dr. covid,intent:hi
can i get the virus from my phone surface,intent:can_i_get_from_packages_surfaces
give money to school fund for covid-19,intent:donate
will wearing gloves help me avoid covid-19,intent:protect_yourself
is there a vaccination against the covid-19 coronavirus that my pet can receive,intent:can_i_get_from_feces_animal_pets
what are the donation options,intent:donate
what is the narrative on the virus,intent:what_is_corona
can my dog get infected with covid,intent:how_does_corona_spread
how are you corona bot,intent:hi
do hospitals know how to fix this,intent:what_are_treatment_options
how can i donate to corona relief,intent:donate
do nsaids treat covid 19,intent:what_are_treatment_options
ways to protect myself from the virus,intent:protect_yourself
share chat,intent:share
may i get more details on the corona,intent:what_is_corona
can fish and aquarium water spread the virus to people,intent:can_i_get_from_feces_animal_pets
should i be worried of corona virus being spreadable through air,intent:how_does_corona_spread
what's a good cause to donate to,intent:donate
can you get sick by touching a surface with virus,intent:can_i_get_from_packages_surfaces
can i get the corona from opening my mail,intent:how_does_corona_spread
daily death rate in the us,intent:latest_numbers
hmm thanks for the info,intent:okay_thanks
i'll tell my family about this,intent:share
covid age myth,intent:myths
should i cancel my vacation,intent:travel
any new informations on coronavirus,intent:what_is_corona
is coughing a symptom,intent:what_are_symptoms
i went to the hospital without a mask what should i do,intent:what_if_i_visited_high_risk_area
what is the average cost of testing for the virus,intent:latest_numbers
how to tell if a family member has corona virus,intent:what_are_symptoms
do bees carry the virus,intent:how_does_corona_spread
"how's it going, doc",intent:hi
give me a definition of corona virus,intent:what_is_corona
is there a cure for the coronavirus,intent:what_are_treatment_options
hi i'm jack,intent:hi
"hello there, doc",intent:hi
is it safe to visit an elderly care center,intent:what_if_i_visited_high_risk_area
hello covid bot,intent:hi
any updates,intent:news_and_press
"how are you, covid bot",intent:hi
can my pets catch covid19,intent:can_i_get_from_feces_animal_pets
is coronavirus spread on doorknobs,intent:how_does_corona_spread
"afternoon, doc",intent:hi
what is there to know about the corona virus,intent:what_is_corona
how do i donate to the local hospital,intent:donate
best practices to stay safe from covid-19,intent:protect_yourself
is there more we can learn about covid-19,intent:what_is_corona
does hydroxychloroquine treat covid,intent:what_are_treatment_options
should i get tested after visiting a high risk area,intent:what_if_i_visited_high_risk_area
what treatment is there for covid,intent:what_are_treatment_options
"corona updates, please",intent:news_and_press
how long does corona virus last,intent:what_are_symptoms
what are possible danger signs for it,intent:what_are_symptoms
is diarrhea a symptom,intent:what_are_symptoms
tell me the lastest stats in texas,intent:latest_numbers
latest corona press release,intent:news_and_press
how long does the virus live on surfaces,intent:can_i_get_from_packages_surfaces
i have been extra tired lately does that mean u have the corona,intent:what_are_symptoms
how can i protect myself from coronavirus,intent:protect_yourself
will i be ok if i fly to new york in the summer,intent:travel
does the corona cause pressure in my chest,intent:what_are_symptoms
did donald trump fabricate coronavirus to get re-elected,intent:myths
what updates can you give me about covid-19,intent:news_and_press
do flies carry the 19,intent:how_does_corona_spread
which pet is the most at risk for the coronavirus disease,intent:can_i_get_from_feces_animal_pets
what's the highest report of covid 19 contagious,intent:news_and_press
how to clean the groceries,intent:can_i_get_from_packages_surfaces
i want to donate for the refugees,intent:donate
can coronavirus get on door handles,intent:can_i_get_from_packages_surfaces
tell me the latest corona news for europe,intent:news_and_press
differences between allergies and covid19,intent:what_are_symptoms
should i use my own bags at the grocery store,intent:protect_yourself
i wanna donate to the covid 19 illness people,intent:donate
could you tell me about corona virus,intent:what_is_corona
send a link to this service,intent:share
hello,intent:hi
what types of animals can spread the virus,intent:can_i_get_from_feces_animal_pets
should i cancel my destination wedding to italy,intent:travel
"share this bot, please",intent:share
more details that relate to corona virus,intent:what_is_corona
is having a hard time to breathe a symptom,intent:what_are_symptoms
can i go to ny after the quarantine,intent:travel
if i show symptoms what should i do,intent:what_are_symptoms
how do i know if iam in a high risk area,intent:what_if_i_visited_high_risk_area
i would like to help your cause,intent:donate
can i get a vaccine for coronavirus,intent:what_are_treatment_options
share this link on facebook,intent:share
will eating more fruit cure coronavirus,intent:what_are_treatment_options
does it travel in the air,intent:how_does_corona_spread
good morning doctor bot,intent:hi
how is the virus traveling,intent:how_does_corona_spread
how many us states have a shelter in place order,intent:latest_numbers
do i need to clean all my groceries,intent:protect_yourself
thank you for your help corona bot,intent:okay_thanks
coronavirus with heart disease myth,intent:myths
morning doc,intent:hi
what do the numbers look like now,intent:latest_numbers
can i donate some groceries,intent:donate
forward this bot,intent:share
can i share this,intent:share
any news on a vaccine,intent:news_and_press
please give me the latest updates on covid-19,intent:news_and_press
i want an update on the corona virus,intent:what_is_corona
latest covid-19 article,intent:news_and_press
is it true that i can catch covid-19 from animals,intent:myths
is coughing blood a symptom of it,intent:what_are_symptoms
how long is covid-19 active on surfaces,intent:can_i_get_from_packages_surfaces
can covid live long on trees,intent:can_i_get_from_packages_surfaces
what is it about the corona virus we should keep in mind,intent:what_is_corona
what else can i learn about the corona virus,intent:what_is_corona
send this to everyone,intent:share
how do i donate,intent:donate
so grateful for your help,intent:okay_thanks
any homeopathic remedies for covid 19,intent:what_are_treatment_options
covid debunked myths,intent:myths
what does the cdc recommend to treat coronavirus,intent:what_are_treatment_options
is it true dogs were less susceptible to the corona,intent:how_does_corona_spread
give me an update on the pandemic,intent:what_is_corona
may i have more information on airbone transmission,intent:how_does_corona_spread
share the link with my family,intent:share
how do i protect myself if i need to go out for essentials,intent:what_if_i_visited_high_risk_area
how many different symptoms are there,intent:what_are_symptoms
"great, thanks a bunch",intent:okay_thanks
can butterflies carry the virus,intent:how_does_corona_spread
does covid-19 stay on gaming systems,intent:can_i_get_from_packages_surfaces
how far apart should i stand from other people,intent:protect_yourself
is it true plants cant spread the corona virus,intent:how_does_corona_spread
can i get coronavirus from touching groceries,intent:can_i_get_from_packages_surfaces
recovery rate in modesto,intent:latest_numbers
should i be worried about my pets catching covid 19,intent:can_i_get_from_feces_animal_pets
how do i keep safe from getting virus,intent:protect_yourself
what are the treatment options for covid,intent:what_are_treatment_options
share this info,intent:share
can you tell me what covid-19 is,intent:what_is_corona
what are the most recent covid-19 myths,intent:myths
covid myths,intent:myths
how many covid19 cases are there now,intent:latest_numbers
what is the definition of the virus,intent:what_is_corona
i want to share this news link,intent:share
flu treatment options viable to fight corona,intent:what_are_treatment_options
how is it going corona doc,intent:hi
share info about this service,intent:share
can i share this information,intent:share
hey doc,intent:hi
what are some ways to staying safe from covid-19,intent:protect_yourself
what's the treatment for a coronavirus patient,intent:what_are_treatment_options
is it a myth that covid-19 can re-infect people,intent:myths
are body aches symptoms,intent:what_are_symptoms
share this link with my contacts,intent:share
can a dog contract the virus,intent:can_i_get_from_feces_animal_pets
"good day, corona doc",intent:hi
is it safe to travel out of the country,intent:travel
can covid19 live on food items touched by an infected person,intent:can_i_get_from_packages_surfaces
forward the news,intent:share
hi covid- 19 doctor,intent:hi
is covid good at living on steel,intent:can_i_get_from_packages_surfaces
send donation to paris,intent:donate
how many new cases popped up in singapore,intent:latest_numbers
"thanks for the info, doc",intent:okay_thanks
does the coronavirus affect dogs,intent:can_i_get_from_feces_animal_pets
how can i get it,intent:how_does_corona_spread
should i wear gloves when grocery shopping,intent:protect_yourself
updates from italy,intent:news_and_press
i want to share this service,intent:share
is coronavirus dangerous,intent:what_is_corona
is eucaliptus a treatment option for coronavirus,intent:what_are_treatment_options
how safe are cat bites during the pandemic,intent:can_i_get_from_feces_animal_pets
what can i use instead,intent:what_are_treatment_options
rise and shine mr. corona,intent:hi
hi,intent:hi
how is the virus reaching to my house,intent:how_does_corona_spread
what is the safest mode of travel,intent:travel
how often should i clean my table,intent:can_i_get_from_packages_surfaces
what are some of the symptoms,intent:what_are_symptoms
thanks for all the info,intent:okay_thanks
will i get the virus from eating meat,intent:can_i_get_from_feces_animal_pets
does staying home protect my family from getting infected with the virus,intent:protect_yourself
can i visit greece within the next year and be okay,intent:travel
"thanks a million, doctor",intent:okay_thanks
is there otc medicine that will help covid,intent:what_are_treatment_options
hello doc bot,intent:hi
what medicine should i take if i get covid-19,intent:what_are_treatment_options
does covid-19 have a surface it cant attach to,intent:can_i_get_from_packages_surfaces
can i get corona virus from eating sushi,intent:can_i_get_from_feces_animal_pets
is there a list of countries that are officially high risk,intent:what_if_i_visited_high_risk_area
can you list all the symptoms,intent:what_are_symptoms
can i get infected by touch a patient,intent:how_does_corona_spread
what kinds of travel restriction are in place right now,intent:what_if_i_visited_high_risk_area
any misinformation about the virus,intent:myths
how do i donate to unemployed people in my town,intent:donate
should i be concerned about the virus,intent:how_does_corona_spread
omg so glad someone built this,intent:okay_thanks
should i sanitize my hands after grocery shopping,intent:protect_yourself
what should i do if i live with essential workers,intent:what_if_i_visited_high_risk_area
what are the best precautions while travelling,intent:travel
give me treatment options for covid-19,intent:what_are_treatment_options
are my birds at risk to catch the virus,intent:can_i_get_from_feces_animal_pets
what kind of face mask helps,intent:protect_yourself
"hello, hello doc",intent:hi
"thanks for all this, covid bot",intent:okay_thanks
send funds to raleigh,intent:donate
what are.the first symptoms to appear,intent:what_are_symptoms
how do i find out current quarantine restrictions for my city,intent:what_if_i_visited_high_risk_area
headlines for corona virus please,intent:news_and_press
does covid only infect old people,intent:how_does_corona_spread
tell me about the corona virus,intent:what_is_corona
what's the latetest stats on covid19,intent:latest_numbers
does cruising count as non-essential travel,intent:travel
appreciate the help doc,intent:okay_thanks
whats the best material covid-19 dies on,intent:can_i_get_from_packages_surfaces
can covid19 live on bags from the store,intent:can_i_get_from_packages_surfaces
is shortness of breath a symptom,intent:what_are_symptoms
if i think i have covid should i go to the hospital,intent:what_are_treatment_options
share link,intent:share
do 5g antennas spread the coronavirus,intent:myths
how often should i wash a cloth mask,intent:protect_yourself
"share the chat service, please",intent:share
share the world health bot,intent:share
do i have allergies or covid-19,intent:what_are_symptoms
should i need to wash my fresh groceries,intent:protect_yourself
how can i donate,intent:donate
whom can i donate to,intent:donate
funding for covid 19 response chicago,intent:donate
latest news from new york,intent:news_and_press
recovery rate in chicago,intent:latest_numbers
what are the latest numbers of south korea,intent:latest_numbers
ive been sneezing a lot is that caused buy the corona,intent:what_are_symptoms
what should my mom do since she works at the hospital,intent:what_if_i_visited_high_risk_area
"share this, please",intent:share
how do i donate locally,intent:donate
how can i alleviate covid symptoms,intent:what_are_treatment_options
does covid-19 seep into the walls,intent:can_i_get_from_packages_surfaces
if i have a sore throat does that mean i have the corona,intent:what_are_symptoms
can i get covid 19 from petting a cat,intent:can_i_get_from_feces_animal_pets
share this info,intent:share
"great info, thanks doctor bot",intent:okay_thanks
what is the inside story about the virus,intent:what_is_corona
can coronavirus get on my toilet paper,intent:can_i_get_from_packages_surfaces
does covid-19 have specific surfaces it cant be removed from,intent:can_i_get_from_packages_surfaces
morning bot,intent:hi
enlighten me about the virus,intent:what_is_corona
can i travel domestically,intent:travel
how many people have been found to be infected by the virus,intent:latest_numbers
is the coronavirus curable,intent:what_are_treatment_options
what are the signs of the virus,intent:what_are_symptoms
what shoud essential workers do to protect people in their household,intent:what_if_i_visited_high_risk_area
is there a cure for the virus,intent:what_are_treatment_options
what's the best way to make a donation in my community,intent:donate
hello bot,intent:hi
donate to india,intent:donate
i wish i could do something about this,intent:donate
list high risk areas for covid-19,intent:what_if_i_visited_high_risk_area
share this link with my friends only,intent:share
is it a myth that lysol kills coronavirus,intent:myths
tell me about the different symptoms of corona virus,intent:what_are_symptoms
is this story true,intent:myths
what should i do if i visited a high risk area,intent:what_if_i_visited_high_risk_area
tell me about common covid myths,intent:myths
do kids need to wear face masks,intent:protect_yourself
does the coronavirus spread through air,intent:how_does_corona_spread
give me a general update on the corona virus,intent:what_is_corona
what symptoms are there,intent:what_are_symptoms
"doctor corona, you there",intent:hi
how can i tell if my pet get sick from coronavirus,intent:can_i_get_from_feces_animal_pets
"top o' the mornin' to ya, doc",intent:hi
hey there doc,intent:hi
what should i know about covid,intent:what_is_corona
"myths about covid, please",intent:myths
how to clean delivery packages,intent:can_i_get_from_packages_surfaces
should i be worried about getting the virus from delivery packages,intent:can_i_get_from_packages_surfaces
can the virus live on wood items,intent:can_i_get_from_packages_surfaces
what has who said about covid19,intent:news_and_press
i don't wanna die,intent:protect_yourself
how do i share this,intent:share
how are covid patients treated in the hospital,intent:what_are_treatment_options
is it true that the covid-19 was made in a lab,intent:myths
how do i prevent my kids from getting the virus,intent:protect_yourself
what should i do if i have to go to the grocery store,intent:what_if_i_visited_high_risk_area
should i travel by car,intent:travel
what did the president announce,intent:news_and_press
do cat scratches contain the virus,intent:can_i_get_from_feces_animal_pets
how many people total in the world have recovered from the virus,intent:latest_numbers
how many cases per 100k people in california,intent:latest_numbers
this would be great to share,intent:share
which myths about coronovirus are actually true,intent:myths
how can i protect against the virus,intent:protect_yourself
is my dog immune to covid 19,intent:can_i_get_from_feces_animal_pets
how to get treated for corona virus,intent:what_are_treatment_options
is it safe to go abroad this fall,intent:travel
can covid-19 spread by shared living spaces,intent:how_does_corona_spread
do any countries have a cure for coronavirus,intent:what_are_treatment_options
please send a link for this service,intent:share
should i take vitamins to protect myself,intent:protect_yourself
can my snake get covid-19,intent:how_does_corona_spread
hi corona bot,intent:hi
i want to hear about corona virus,intent:what_is_corona
how many people are infected in the bay area,intent:latest_numbers
what is the latest covid news,intent:news_and_press
can i still travel to europe,intent:travel
is there any reliable news on corona,intent:news_and_press
send link to sister,intent:share
will hand sanitizers protect me from the virus,intent:protect_yourself
hey bot,intent:hi
thank you for all the information,intent:okay_thanks
recent developments in my city,intent:news_and_press
can someone who has been quarantined still spread corona virus,intent:how_does_corona_spread
share on my social media,intent:share
please share this,intent:share
show me how to share this to my family,intent:share
what does the cdc recommend for travelers,intent:travel
what's new covid doctor,intent:hi
how does covid-19 spread so easily,intent:how_does_corona_spread
where can i get news on covid-19,intent:news_and_press
is public transportation considered a high risk area,intent:what_if_i_visited_high_risk_area
do cloth face mask help prevent the spread,intent:protect_yourself
is a fever a symptom,intent:what_are_symptoms
how many cases are there in india,intent:latest_numbers
updates on covid-19 in the us,intent:news_and_press
how's it going covid doc,intent:hi
how's the pandemic situation in the philippines,intent:what_if_i_visited_high_risk_area
i'd like to provide funding to spain,intent:donate
is pneumonia a symptom,intent:what_are_symptoms
"thanks, bot",intent:okay_thanks
are there any guidelines i can follow if i visited a high risk area,intent:what_if_i_visited_high_risk_area
will i get the covid from pumping gas,intent:can_i_get_from_packages_surfaces
"how's it going, coronabot",intent:hi
can i travel to mexico via foot,intent:travel
whta's the latest data,intent:latest_numbers
share this information,intent:share
what are the misconceptions,intent:myths
what are high risk areas for coronavirus,intent:what_if_i_visited_high_risk_area
which state has the second highest risk,intent:what_if_i_visited_high_risk_area
"hey doc, what's new",intent:hi
advice for traveling in dc,intent:travel
how many people have died from covid,intent:latest_numbers
will i get covid from my groceries,intent:can_i_get_from_packages_surfaces
i wanna see the latest news about covid in my city,intent:news_and_press
"thanks, i appreciate it",intent:okay_thanks
describe corona,intent:what_is_corona
can i visit my parents in california right now,intent:travel
what do i do if i live with essential employees,intent:what_if_i_visited_high_risk_area
"hello, doc",intent:hi
share this,intent:share
is the virus spreading growing,intent:how_does_corona_spread
can i get sick with covid through food,intent:how_does_corona_spread
what are some of the symptoms associated with corona virus,intent:what_are_symptoms
does virus thrive in water,intent:can_i_get_from_packages_surfaces
how many corona virus cases are there globally now,intent:latest_numbers
what's the latest news about covid,intent:news_and_press
how many new cases are there in california,intent:latest_numbers
what is the treatment for covid-19 on pets,intent:can_i_get_from_feces_animal_pets
can amazon packages transmit the virus,intent:can_i_get_from_packages_surfaces
"hiya, bot doc",intent:hi
coronavirus update iowa,intent:news_and_press
what will help me stay safe,intent:protect_yourself
is corona virus spreadable through air filters and/or air conditioning,intent:how_does_corona_spread
will be the hotels reopen in 40 days,intent:travel
can you get a fever from this virus,intent:what_are_symptoms
did the covid 19 come from africa,intent:myths
how's it going,intent:hi
death rate of coronavirus in the us,intent:latest_numbers
any more information that relates to the covid,intent:what_is_corona
what have the doctors come up with,intent:what_are_treatment_options
is social distancing a myth,intent:myths
please elaborate on the corona,intent:what_is_corona
what are the safety measures for a domestic travel,intent:travel
"i just came back from china, should i get tested",intent:what_if_i_visited_high_risk_area
what are today's updates,intent:news_and_press
am i coming down with a cold or covid-19,intent:what_are_symptoms
have there been any updates on coronavirus from the cdc since last week,intent:news_and_press
share a link to this,intent:share
total deaths from covid in australia,intent:latest_numbers
"okay, thanks covid doc",intent:okay_thanks
what are the current bans on travel in the us,intent:travel
give me information about the virus and animals,intent:can_i_get_from_feces_animal_pets
what is the projected number of deaths from the virus if we do not socially distance,intent:latest_numbers
what is causing it to spread,intent:how_does_corona_spread
how many people has coronavirus killed,intent:latest_numbers
good morning doctor bot,intent:hi
are there any news about coronavirus in my area,intent:news_and_press
which country is currently the highest risk,intent:what_if_i_visited_high_risk_area
how many people died yesterday from the covid,intent:latest_numbers
"thanks, you rock",intent:okay_thanks
what measures should elderly individuals be taking,intent:protect_yourself
how can i tell if my cat has corona,intent:can_i_get_from_feces_animal_pets
are beaches considered high risk areas,intent:what_if_i_visited_high_risk_area
"what's new, coronabot",intent:hi
tell me about travel in the midwest usa,intent:travel
does washing hands help,intent:protect_yourself
tell me all of the symptoms of covid19,intent:what_are_symptoms
recovery rate in san francisco,intent:latest_numbers
are baby animals affected more,intent:can_i_get_from_feces_animal_pets
what are the updates regarding covid-19 travel restrictions,intent:travel
"thank you very much, corona doc",intent:okay_thanks
give money to the who fund,intent:donate
thanks for the help,intent:okay_thanks
should i eat uncooked meat like sushi without coronavirus concern,intent:can_i_get_from_feces_animal_pets
does covid-19 stay on bed sheets,intent:can_i_get_from_packages_surfaces
"good morning, dr",intent:hi
should i avoid large crowded places,intent:protect_yourself
share this link to my twitter followers,intent:share
"interesting, thanks",intent:okay_thanks
how many elderly people have recovered from the virus,intent:latest_numbers
how is coronavirus spread in public,intent:how_does_corona_spread
what did cuomo do regarding covid today,intent:news_and_press
death rate in the united kingdom,intent:latest_numbers
what's the stats on corona in new york now,intent:latest_numbers
can a bird test positive,intent:can_i_get_from_feces_animal_pets
share this article on my facebook feed,intent:share
is person-to-person contact the main mode of covid transmission,intent:how_does_corona_spread
what are the myths about covid,intent:myths
is there a specific number of cases that define high risk area,intent:what_if_i_visited_high_risk_area
how can i protect my family,intent:protect_yourself
how can the covid-19 spread decrease in a large community,intent:how_does_corona_spread
how severe do the symptoms get,intent:what_are_symptoms
what are myths about coronavirus,intent:myths
myths about desinfect your shoes every day,intent:myths
can cloth mask be a carrier of virus,intent:can_i_get_from_packages_surfaces
please tell me if it's a myth that soup gives you corona,intent:myths
is there a covid-19 vaccine in the works,intent:what_are_treatment_options
show me the lastest stats for china,intent:latest_numbers
is it safe to drive to cleveland,intent:travel
how can i send dollars to someone,intent:donate
donate doctors without borders,intent:donate
can you tell me the total confirmed cases in the tri-state area,intent:latest_numbers
how effective are gloves,intent:protect_yourself
can bleach kill the virus,intent:can_i_get_from_packages_surfaces
covid hoax snopes,intent:myths
i live in a high risk area what are the chances i have contracted or am a carrier of disease,intent:what_if_i_visited_high_risk_area
should i wear face masks to prevent covid-19,intent:protect_yourself
are there steps to follow for people who visited high risk areas,intent:what_if_i_visited_high_risk_area
how to determine if i have corona virus,intent:what_are_symptoms
should i self-isolate if i show symptoms,intent:what_are_symptoms
link this to my profile,intent:share
how safe is air travel now,intent:travel
send out this information,intent:share
which cities in the united states are at most risk for coronavirus right now,intent:what_if_i_visited_high_risk_area
at-home remedies for covid,intent:what_are_treatment_options
can i visit china now,intent:travel
how long does covid19 stay on public surfaces,intent:can_i_get_from_packages_surfaces
how fast can people get infected if there is a community spread,intent:how_does_corona_spread
does the virus travel by smells,intent:how_does_corona_spread
are wild mice coming up positive,intent:can_i_get_from_feces_animal_pets
how can i protect my family from covid-19,intent:protect_yourself
did a tiger really get the corona virus,intent:myths
what's the most recent news about covid-19,intent:news_and_press
can i get covid19 from mail deliveries,intent:can_i_get_from_packages_surfaces
what areas have the quarantine restrictions in place for covid-19,intent:what_if_i_visited_high_risk_area
tell me potential myths about covid,intent:myths
"corona virus, what is it",intent:what_is_corona
share this service with all my followers,intent:share
i'd like to donate,intent:donate
is the cough of corona virus contagious,intent:what_are_symptoms
what is the lowdown on this covid,intent:what_is_corona
will withdrawing cash from an atm give me the virus,intent:can_i_get_from_packages_surfaces
whart is the recovery rate in china,intent:latest_numbers
is it a myth that gargling salt water kills corona,intent:myths
i'm gonna share this service online,intent:share
can i get covid-19 from kids dirty clothes,intent:how_does_corona_spread
tell me some tips to staying safe,intent:protect_yourself
what's the most dangerous material,intent:can_i_get_from_packages_surfaces
can the virus be on doors,intent:can_i_get_from_packages_surfaces
i want to donate to spain,intent:donate
can the virus spread on my tv remote,intent:can_i_get_from_packages_surfaces
how easily is covid-19 spread,intent:how_does_corona_spread
i wanna donate a bit of money,intent:donate
can you tell me what corona virus is,intent:what_is_corona
most recent news from south korea,intent:news_and_press
can i travel outside the united states,intent:travel
whassup doc,intent:hi
how do people get rid of the coronavirus,intent:what_are_treatment_options
does bird feces contain the virus,intent:can_i_get_from_feces_animal_pets
where do i go to donate to the red cross,intent:donate
"thanks, covid bot",intent:okay_thanks
how do i give money to a ventilator fund,intent:donate
does the covid-19 cause diarrhoea,intent:what_are_symptoms
should my pet wear a face mask when in public,intent:can_i_get_from_feces_animal_pets
how is the virus traveling,intent:how_does_corona_spread
is there any vaccine for covid-19,intent:what_are_treatment_options
share this on my story,intent:share
thanks so much bot,intent:okay_thanks
"what's the word, covid bot",intent:hi
is there a list of protected gear i need when leaving my house,intent:what_if_i_visited_high_risk_area
how can i call the bs,intent:myths
enlighten me about the virus,intent:what_is_corona
i wanna send money to unemployed people,intent:donate
give me the facts about covid-19,intent:what_is_corona
donate to local food banks,intent:donate
how to avoid getting the virus,intent:protect_yourself
do i need to cancel my vacation to japan,intent:travel
can i get corona virus from eating beef,intent:can_i_get_from_feces_animal_pets
what is the virus,intent:what_is_corona
what are the lies they are saying,intent:myths
does the vaccine exist in germany,intent:myths
is it a myth that lavender helps covid,intent:myths
i wanna provide money to a fund for nyc food shelters,intent:donate
travel tips during the pandemic,intent:travel
okay thanks,intent:okay_thanks
should i travel within the u.s during the pandemic,intent:what_if_i_visited_high_risk_area
is it a myth that ibuprofin makes coronavirus worse,intent:myths
are there any travel restrictions in spain,intent:what_if_i_visited_high_risk_area
advice for traveling by train,intent:travel
what symptoms should i worry about most,intent:what_are_symptoms
is it true that there's covid vaccine,intent:myths
what is the main transmission of covid-19,intent:how_does_corona_spread
are you there doctor,intent:hi
what time will the press release be today,intent:news_and_press
what is considered essential travel,intent:travel
post this bot,intent:share
is buying groceries an excuse to be outside,intent:travel
what are the statistics on countries enforcing mask wearing versus countries that don't,intent:latest_numbers
what are the least safe places to travel right now,intent:travel
i want to donate money to italy,intent:donate
is there a list of items i should wear if i am going somewhere,intent:what_if_i_visited_high_risk_area
how can i stay safe,intent:protect_yourself
should i worry about petting animals and getting the virus,intent:can_i_get_from_feces_animal_pets
is sharing allowed,intent:share
hello,intent:hi
how do i donate to support washington,intent:donate
what are the symptoms of covid-19,intent:what_are_symptoms
how do i share this with reddit,intent:share
can a mosquito bite give me covid,intent:how_does_corona_spread
does the covid-19 cause nasal congestion,intent:what_are_symptoms
"much thankful, coronabot",intent:okay_thanks
thank you very much,intent:okay_thanks
is coughing a symptom,intent:what_are_symptoms
how to protect myself in high risk areas,intent:what_if_i_visited_high_risk_area
is having a high temperature a sign of having corona,intent:what_are_symptoms
what's the most recent news from australia,intent:news_and_press
how likely is covid-19 spreadable through tap water,intent:how_does_corona_spread
how many new cases are there worldwide today,intent:latest_numbers
how can i treat myself for coronavirus,intent:what_are_treatment_options
what's the safest transport right now,intent:travel
can i share this link,intent:share
how do i know if i have traveled from a high risk area,intent:what_if_i_visited_high_risk_area
what is the most recent news from seattle,intent:news_and_press
can insects be coronavirus carriers,intent:can_i_get_from_feces_animal_pets
"yo, corona bot, what's up",intent:hi
do gloves actually help decrease the spread of the contact transmission,intent:how_does_corona_spread
let's donate for new york,intent:donate
what's the latest news on the situation in india,intent:news_and_press
are grocery stores considered a hisk risk area,intent:what_if_i_visited_high_risk_area
can horses get the virus,intent:can_i_get_from_feces_animal_pets
can i share this link,intent:share
thank you for your help,intent:okay_thanks
i'd like to know how many people have been tested so far for covid19 in the u.s,intent:latest_numbers
is there an outline on details regarding covid,intent:what_is_corona
am i in a high risk area,intent:what_if_i_visited_high_risk_area
let me share this chat,intent:share
what medication can i take to get over covid-19,intent:what_are_treatment_options
what is a virus,intent:what_is_corona
hello robot,intent:hi
share the link for this,intent:share
can the virus travel on clothes,intent:how_does_corona_spread
post this on my timeline,intent:share
ways to assure i dont get the virus,intent:protect_yourself
is it ok to visit a hospital this week,intent:what_if_i_visited_high_risk_area
what's the country with the most death count,intent:latest_numbers
what surface will have virus for the longest time,intent:can_i_get_from_packages_surfaces
does corona virus transmit from birds,intent:can_i_get_from_feces_animal_pets
i want to donate to local relief efforts,intent:donate
can i take a two hour trip to visit my grandmother,intent:travel
does it stay active on surfaces,intent:can_i_get_from_packages_surfaces
how can i donate to the red cross,intent:donate
i've had a cold for a week now,intent:what_are_symptoms
what makes a place considered high risk,intent:what_if_i_visited_high_risk_area
thanks for doing this,intent:okay_thanks
myths about face masks to prevent coronavirus,intent:myths
what can i do to avoid getting sick,intent:protect_yourself
covid-19 news from south korea,intent:news_and_press
can i use hydroxycholroquine for novel virus,intent:what_are_treatment_options
can alcohol kill the virus,intent:can_i_get_from_packages_surfaces
is it ok to visit japan this year once the lockdown is over,intent:what_if_i_visited_high_risk_area
does coronavirus stay longer on cardboard,intent:can_i_get_from_packages_surfaces
total recoveries from covid,intent:latest_numbers
thanks for the details,intent:okay_thanks
can i travel to europe right now,intent:travel
cure for covid-19,intent:what_are_treatment_options
how can i tell if my cat has corona,intent:can_i_get_from_feces_animal_pets
what are the current developments about corona worldwide,intent:news_and_press
is coronavirus treatable,intent:what_are_treatment_options
tell me about the pandemic,intent:what_is_corona
does 5g cause coronavirus,intent:myths
good morning doc covid,intent:hi
"what's the current pandemic status in rome, italy",intent:what_if_i_visited_high_risk_area
can i drive across state lines,intent:travel
what's the death count in south korea,intent:latest_numbers
may i know more on the corona virus,intent:what_is_corona
what are the most important updates on coronavirus in the world,intent:news_and_press
thank you so much for the info,intent:okay_thanks
send funds to nursing homes in my area,intent:donate
how many people under the age of 18 are infected,intent:latest_numbers
can i still travel by train,intent:travel
what other information must i learn about covid,intent:what_is_corona
myths about pets and coronavirus,intent:myths
can i safely travel via bus,intent:travel
can covid spread if someone only has mild symptoms,intent:how_does_corona_spread
where can i track the global outbreak,intent:what_if_i_visited_high_risk_area
how effective is hand sanitizer,intent:protect_yourself
would there be anymore details about covid,intent:what_is_corona
how do i share this,intent:share
can asymptomatic people spread coronavirus,intent:how_does_corona_spread
thanks for the info doc,intent:okay_thanks
should i increase indoor ventilation to prevent covid from spreading,intent:how_does_corona_spread
number of cases in vietnam,intent:latest_numbers
while staying on surfaces does covid become stronger,intent:can_i_get_from_packages_surfaces
who are you,intent:hi
news,intent:news_and_press
how many times a day should i wash my hands,intent:protect_yourself
i want to share this on my page,intent:share
thank you for your interest,intent:okay_thanks
if i show symptoms what should i do,intent:what_are_symptoms
can my dog get the virus,intent:can_i_get_from_feces_animal_pets
give me the best options for travel in dc,intent:travel
should i be wiping down my groceries,intent:protect_yourself
what is best way to clean any surface carrying virus,intent:can_i_get_from_packages_surfaces
latest stats in the us,intent:latest_numbers
can the disease spread from touching your eyes,intent:how_does_corona_spread
give to the nyc fund,intent:donate
should i cancel my flight,intent:travel
thanks for your help,intent:okay_thanks
covid updates from the latest press release,intent:news_and_press
hello corona doctor,intent:hi
cdc covid-19 treatment recommendations,intent:what_are_treatment_options
is a runny nose a symptom of the covid-19,intent:what_are_symptoms
natural remedies for covid-19 side effects,intent:what_are_treatment_options
i'm so pleassed to learn from you coronabot,intent:okay_thanks
can we get sick from giraffe mucus exposure,intent:can_i_get_from_feces_animal_pets
i really appreciate you for helping me,intent:okay_thanks
hello covid bot,intent:hi
who will collect the samples from my pets if my pets have covid-19 symptoms,intent:can_i_get_from_feces_animal_pets
i'd like to donate to help italy,intent:donate
how did you sleep mr. covid,intent:hi
"i appreciate it, thank you",intent:okay_thanks
show me how to donate please,intent:donate
how long is the virus alive on surfaces,intent:protect_yourself
send this info to my friends,intent:share
hey doc,intent:hi
covid-19 updates,intent:news_and_press
do animals spread the virus,intent:myths
i appreciate it,intent:okay_thanks
what does the cft about the economic crisis,intent:news_and_press
"can pets get the coronavirus, and can we catch it from them",intent:can_i_get_from_feces_animal_pets
what's up doc,intent:hi
is coronavirus like the flu,intent:what_is_corona
show the latest myths about coronavirus,intent:myths
is the coronavirus disease zoonotic,intent:can_i_get_from_feces_animal_pets
is it a myth that my dog can give me covid 19,intent:myths
can you give me more info on respiratory transmission,intent:how_does_corona_spread
broadcast this chat,intent:share
can corona virus cause pnumonia,intent:what_are_symptoms
what are the newest figures,intent:latest_numbers
should i avoid wearing jewelry when shopping,intent:protect_yourself
i wanna give funds to italy,intent:donate
morning,intent:hi
thanks for everything,intent:okay_thanks
donate funds,intent:donate
why is this virus spreading so fast,intent:how_does_corona_spread
need travel advice,intent:travel
is it true that drinking alcohol prevents coronavirus,intent:myths
should pets be tested for coronavirus,intent:can_i_get_from_feces_animal_pets
if a dog bites me can i get covid 19,intent:can_i_get_from_feces_animal_pets
is it true that i need to wear a mask in public,intent:myths
are there any species of amphibians that carry covid,intent:can_i_get_from_feces_animal_pets
gimme the daily corona update,intent:news_and_press
what are the highest risk businesses to visit right now,intent:what_if_i_visited_high_risk_area
is it okay to travel to alaska,intent:travel
thanks for all your help,intent:okay_thanks
does covid-19 attach itself to the walls,intent:can_i_get_from_packages_surfaces
get me latest coronavirus myths,intent:myths
can i get the virus from using plastic bags from safeway,intent:can_i_get_from_packages_surfaces
i have a fever does that mean i have the corona,intent:what_are_symptoms
what state in the united states is at the highest risk,intent:what_if_i_visited_high_risk_area
where should i go for medical advice,intent:what_are_treatment_options
how can i get better,intent:what_are_symptoms
does standing 6ft apart from others help,intent:protect_yourself
thanks doctor for all your help,intent:okay_thanks
how many tests are there in are available in the us,intent:latest_numbers
what's the latest on the pandemic in puerto rico,intent:news_and_press
can you share the who bot,intent:share
do we have a cure yet,intent:what_are_treatment_options
does covid live on packages for 24 hours,intent:myths
thanks a ton,intent:okay_thanks
are face masks effective,intent:protect_yourself
can i get infected with covid if someone sneezes on me,intent:how_does_corona_spread
share this link with mom,intent:share
"i just visited a high risk area, should i get tested",intent:what_if_i_visited_high_risk_area
can i travel to go hiking,intent:travel
does the disease travel in food,intent:how_does_corona_spread
how many people have been tested in the korea so far,intent:latest_numbers
what are the who press releases on covid-19 this week,intent:news_and_press
should i be using public hand rails without gloves,intent:can_i_get_from_packages_surfaces
coronavirus news please,intent:news_and_press
how can i not get coronavirus,intent:protect_yourself
what do i do if i live in a high risk area for coronavirus,intent:what_if_i_visited_high_risk_area
are there any economic updates,intent:news_and_press
can i use it as soon as it wil be delivered,intent:what_are_treatment_options
how can i tell if someone has corona,intent:what_are_symptoms
okay,intent:okay_thanks
travel agents during quarantine,intent:travel
"do i need to worry about wild life like birds, squirrels? can them spread virus too",intent:can_i_get_from_feces_animal_pets
can i get the virus from eating pork,intent:can_i_get_from_feces_animal_pets
what info do you have on corona,intent:what_is_corona
covid myths versus facts,intent:myths
hi doc,intent:hi
"today's coronavirus update, please",intent:news_and_press
donate to covid-19 relief now,intent:donate
is covid-19 a bioweapon,intent:myths
what do i do if i have to visit a high risk area,intent:what_if_i_visited_high_risk_area
can mosquitoes spread coronavirus,intent:can_i_get_from_feces_animal_pets
how's your day going corona doc,intent:hi
i wanna share this link with my family,intent:share
are there any cases of getting covid from eating steaks,intent:can_i_get_from_feces_animal_pets
should i wear gloves,intent:protect_yourself
what's the newest stats on corona virus in u.s,intent:latest_numbers
i live near the beach. should i be concerned,intent:what_if_i_visited_high_risk_area
what is the most popular coronavirus myth,intent:myths
is there a vaccine for covid-19,intent:what_are_treatment_options
"hey, yo, what up bot",intent:hi
does my city have a local relief fund,intent:donate
should i wash all my shopping,intent:can_i_get_from_packages_surfaces
which countries are still in a nationwide shutdown,intent:what_if_i_visited_high_risk_area
can my parrot get the corona,intent:how_does_corona_spread
is it okay to commute across state lines,intent:travel
where is a covid-19 vaccine being developed,intent:what_are_treatment_options
recent updates in bahrain,intent:news_and_press
what are some methods to protecting a newborn baby from covid-19,intent:protect_yourself
can you get covid from opening a trash can,intent:can_i_get_from_packages_surfaces
"more infomation about corona virus, please",intent:what_is_corona
funding for high-risk locations,intent:donate
does covid-19 stay on ceilings,intent:can_i_get_from_packages_surfaces
"how do you do, doctor",intent:hi
is it a myth that diffused oils can cure covid-19,intent:myths
what's the latest statistics,intent:latest_numbers
donate to covid-19,intent:donate
how many tests has the us done,intent:latest_numbers
"popular coronavirus myths, please",intent:myths
care to explain explicit details on corona,intent:what_is_corona
covid vaccine,intent:what_are_treatment_options
what practices should i use when doing essential errands,intent:protect_yourself
"send me the latest news from germany, please",intent:news_and_press
does covid-19 stay on books,intent:can_i_get_from_packages_surfaces
what's the lastest news from italy,intent:news_and_press
does acetaminophen cure coronavirus,intent:what_are_treatment_options
what's the death count in santa clara county,intent:latest_numbers
educate me on covid-19,intent:what_is_corona
myths about home remedies for covid-19,intent:myths
can i hear an update on the pandemic,intent:what_is_corona
top precautions for the virus,intent:protect_yourself
i have a cold should i be worried,intent:what_are_symptoms
good evening,intent:hi
tell me all the possible symptoms of covid-19,intent:what_are_symptoms
thnx bro,intent:okay_thanks
world updates for covid-19,intent:news_and_press
which surface is most likely to have virus for the longest time,intent:can_i_get_from_packages_surfaces
should i be scared since i was around a lot of people,intent:what_if_i_visited_high_risk_area
tell me about corona virus,intent:what_is_corona
what should i do to prevent,intent:protect_yourself
what about the sneeze of a tiger,intent:can_i_get_from_feces_animal_pets
is testing mandatory in the high risk areas,intent:what_if_i_visited_high_risk_area
"hey, what's up",intent:hi
get me last local press release on virus,intent:news_and_press
can i get covid 19 from mice,intent:can_i_get_from_feces_animal_pets
how should i shop for produce at the grocery store,intent:protect_yourself
where did the covid-19 come from,intent:what_is_corona
"what's up, covid bot",intent:hi
"much appreciated, bot",intent:okay_thanks
how do i share link this to my contact list,intent:share
should i wear a mask,intent:how_does_corona_spread
treatments for corona,intent:what_are_treatment_options
is it possible to for me to get infected with covid and spread it to others without knowing,intent:how_does_corona_spread
infected cases in colorado,intent:latest_numbers
can i get a vaccine for covid,intent:what_are_treatment_options
what is the history of covid-10,intent:what_is_corona
should different age groups take different prevention measures,intent:protect_yourself
is there any truth to the covid myths,intent:myths
i appreciate your help with travel safety tips,intent:okay_thanks
what was in the last press release about covid,intent:news_and_press
will i get in trouble visiting a high risk area,intent:what_if_i_visited_high_risk_area
how can i tell if someone has corona virus,intent:what_are_symptoms
how long does the corona stay on my kids toys,intent:how_does_corona_spread
should i wipe down my trunk after going grocery shopping,intent:protect_yourself
is it a myth that covid is worse than the regular flu,intent:myths
how did they come up with name for the virus,intent:what_is_corona
could you share more information about corona,intent:what_is_corona
show me yesterday's press release from trump,intent:news_and_press
is there a cure yet for covid-19,intent:what_are_treatment_options
how many essential workers have been infected so far,intent:latest_numbers
how should i protect myself,intent:protect_yourself
what medicines are effective against covid-19,intent:what_are_treatment_options
how do i share this link,intent:share
"how ya goin, bot",intent:hi
what should i check to see if i have the disease,intent:what_are_symptoms
has any animals tested positive from corona,intent:can_i_get_from_feces_animal_pets
can i use essential oils to tread covid,intent:what_are_treatment_options
should i go to the hospital if i show symptoms,intent:what_are_symptoms
what's happening,intent:hi
do i need to wear a mask on my subway ride,intent:travel
do i need a n95 mask,intent:protect_yourself
any news today for rome,intent:news_and_press
will self quarantine help if i have come back from a high risk area,intent:what_if_i_visited_high_risk_area
can coronavirus be spread in our stool,intent:how_does_corona_spread
"gratitude, corona doc",intent:okay_thanks
link this publication to my office,intent:share
give me an update on covid-19,intent:what_is_corona
will i get infected if i touch something a patient has used,intent:can_i_get_from_packages_surfaces
is air travel safe right now,intent:travel
can the virus spread by skin to skin interaction,intent:how_does_corona_spread
can a dead skunk on the road get a hungry coyote ill,intent:can_i_get_from_feces_animal_pets
what ethnicity has taken the largest hit from covid,intent:latest_numbers
can i reuse my face mask,intent:protect_yourself
which countries are most affected by coronavirus outbreak,intent:what_if_i_visited_high_risk_area
hello doctor,intent:hi
can mites spread the disease to rats,intent:can_i_get_from_feces_animal_pets
how effective has masks been with slowing down the spread of covid-19,intent:how_does_corona_spread
thanks bot,intent:okay_thanks
donate to lansing,intent:donate
can i get the virus from dogs,intent:can_i_get_from_feces_animal_pets
what qualifies as a high risk area for coronavirus,intent:what_if_i_visited_high_risk_area
any news on coronavirus from today,intent:news_and_press
post to friends,intent:share
can coronavirus live on the exterior of my face mask,intent:can_i_get_from_packages_surfaces
are there any treatments for covid,intent:what_are_treatment_options
what types of businesses are considered high risk,intent:what_if_i_visited_high_risk_area
is covid-19 causing my shortness of breath,intent:what_are_symptoms
number of cases in europe,intent:latest_numbers
share this info over text,intent:share
i want to know about the virus,intent:what_is_corona
how can i donate money,intent:donate
are you still sleepy bot,intent:hi
what if i have to work in a high risk area during coronavirus outbreak,intent:what_if_i_visited_high_risk_area
will there be a press conference today,intent:news_and_press
does coronavirus have a cure,intent:what_are_treatment_options
can someone spread coronavirus if they don't have symptoms,intent:how_does_corona_spread
can i take the subway to the store,intent:travel
covid-19 press releases,intent:news_and_press
have people got covid from deliveries from china,intent:can_i_get_from_packages_surfaces
how effective is cleaning with alcohol,intent:can_i_get_from_packages_surfaces
will corona die fast on metal,intent:can_i_get_from_packages_surfaces
show me the latest about covid-19 in mexico,intent:news_and_press
this is amazing,intent:okay_thanks
any other details you can recount on the corona,intent:what_is_corona
show me treatment options for the virus,intent:what_are_treatment_options
share this link to non believers,intent:share
is it safe to get on a flight,intent:travel
is it okay if i take the train,intent:travel
how long should i wait to get help if i show signs of corona,intent:what_are_symptoms
can i get covid-19 by touching my eyes,intent:can_i_get_from_packages_surfaces
what cleaning practices kill the virus,intent:protect_yourself
do you need to dilute bleach to clean,intent:can_i_get_from_packages_surfaces
is there type of material it cant live on,intent:can_i_get_from_packages_surfaces
tell me information on corona virus myths,intent:myths
how to alleviate coronavirus symptoms,intent:what_are_treatment_options
"got it, thanks",intent:okay_thanks
are trains still running in europe,intent:travel
i traveled to new york recently am i infected,intent:what_if_i_visited_high_risk_area
"cool, thanks",intent:okay_thanks
can i continue using public transportation during the pandemic,intent:what_if_i_visited_high_risk_area
is it safer to travel on plane or train,intent:travel
thanks doctor bot,intent:okay_thanks
how do i cure coronavirus if i caught it,intent:what_are_treatment_options
is covid fake,intent:myths
covid cure please,intent:what_are_treatment_options
what can i do first if i get covid 19,intent:what_are_treatment_options
any news about covid,intent:news_and_press
"i have a dry cough, does that mean i have the corona virus",intent:what_are_symptoms
will you get covid if you read a newspaper,intent:can_i_get_from_packages_surfaces
send out funds to coronavirus efforts in colorado,intent:donate
should i be worried about my girlfriend coming home from the hospital,intent:what_if_i_visited_high_risk_area
i need more information about covid-19,intent:what_is_corona
is it safe to travel with kids,intent:travel
"you're literally a life saver, thanks doc",intent:okay_thanks
can the virus be spread by kissing,intent:how_does_corona_spread
is it true that hot baths kill covid-19,intent:myths
can a bear's sneeze spread coronavirus,intent:can_i_get_from_feces_animal_pets
"hi, corona",intent:hi
can chickens carry the virus,intent:can_i_get_from_feces_animal_pets
i think i have the flu,intent:what_are_symptoms
who offers a vaccine for corona virus,intent:what_are_treatment_options
do pigeons carry corona,intent:can_i_get_from_feces_animal_pets
"much appreciated, corona bot",intent:okay_thanks
how can i donate to new york city,intent:donate
how does the virus spread,intent:how_does_corona_spread
i wanna hear more about the pandemic,intent:what_is_corona
did corona virus come from a lab,intent:myths
what's the latest,intent:news_and_press
can you update me on any new informations for covid-19,intent:what_is_corona
can you share this bot,intent:share
i want to donate to research in my state,intent:donate
does the virus live on mail boxes,intent:can_i_get_from_packages_surfaces
is it safe to go grocery shopping,intent:what_if_i_visited_high_risk_area
should i stand six feet apart from others,intent:protect_yourself
can i travel from the us right now,intent:travel
what are doctors using for covid,intent:what_are_treatment_options
what are common myths about corona,intent:myths
how long does these symptoms last,intent:what_are_symptoms
how can i protect my kids,intent:protect_yourself
can i travel to canada right now,intent:travel
what is considered essential travel,intent:travel
how fast does coronavirus die on surfaces that are cleaned,intent:can_i_get_from_packages_surfaces
should i worry if i have a runny nose,intent:what_are_symptoms
thank you kindly,intent:okay_thanks
treatment covid 19,intent:what_are_treatment_options
any news about the virus in italy,intent:news_and_press
covid 19 cures,intent:what_are_treatment_options
good morning,intent:hi
i appreciate it doc,intent:okay_thanks
is it safe to travel now,intent:travel
donate to a local charity,intent:donate
does hot weather kill the virus,intent:myths
give me a report on corona,intent:what_is_corona
donate american red cross,intent:donate
new updates from new york,intent:news_and_press
is crossing state lines allowed,intent:travel
tell me what i should know about covid,intent:what_is_corona
is the virus present in dog saliva,intent:can_i_get_from_feces_animal_pets
how likely can you transmit the corona virus,intent:how_does_corona_spread
"share this with my friends, please",intent:share
i'm scared what do i do,intent:protect_yourself
good morning doctor,intent:hi
how safe is it to own a pet bat,intent:can_i_get_from_feces_animal_pets
hi coronavirus doctor,intent:hi
what treatments are there for covid right now,intent:what_are_treatment_options
how do i tell if someone is infected,intent:what_are_symptoms
what medicine should i take for covid,intent:what_are_treatment_options
is it safe to travel on a train,intent:travel
please tell me my fish are safe from the covid-19,intent:can_i_get_from_feces_animal_pets
i am helping someone who is sick by walking their dog. how do i stay safe,intent:can_i_get_from_feces_animal_pets
how do i donate to grocery store workers in town,intent:donate
how many active cases that are critical condition,intent:latest_numbers
covid-19 fox news liberal hoax myth,intent:myths
is there a vaccine for covid,intent:what_are_treatment_options
thank you so much for all the help,intent:okay_thanks
did corona really come from eating bats,intent:myths
coronavirus news in spain today,intent:news_and_press
"rightio, thank you covid doc",intent:okay_thanks
is plastic a carrier of covid-19,intent:can_i_get_from_packages_surfaces
is traveling by car safe,intent:travel
thanks covid bot,intent:okay_thanks
should i keep my summer trips planned,intent:travel
what are some updates on the cure for covid-19,intent:what_are_treatment_options
what are the main signs of having the virus,intent:what_are_symptoms
how do gloves play a part with the covid-19 epidemic,intent:how_does_corona_spread
are the politicians spreading any lies,intent:myths
what is the average rate of recovery for people between the ages of 20 and 40,intent:latest_numbers
how many deaths has covid-19 caused worldwide,intent:latest_numbers
can you share this please,intent:share
i wanna thank you for your help,intent:okay_thanks
thanks for the help doc,intent:okay_thanks
what are some at-home treatments for covid,intent:what_are_treatment_options
can you show me the latest updates in washington,intent:news_and_press
can you give me some travel advice,intent:travel
i wanna donate,intent:donate
is it safe to ride a bike,intent:travel
share bot to my feed,intent:share
thank you for the info,intent:okay_thanks
does the virus spread slower beacuse of heat,intent:how_does_corona_spread
is there a protocol to follow when i need to leave my house,intent:what_if_i_visited_high_risk_area
"please, more information regarding the corona virus",intent:what_is_corona
whats the latest numbers in california,intent:latest_numbers
can i get it from animals,intent:can_i_get_from_feces_animal_pets
how do i share this with my family,intent:share
how can i find out more about donation campaigns,intent:donate
can i see the latest news about coronavirus,intent:news_and_press
do i need to wear a face mask to walk outdoors,intent:protect_yourself
can my daughter get the virus from my pet,intent:can_i_get_from_feces_animal_pets
what are some tell tale signs of covid-19,intent:what_are_symptoms
how can someone spread the disease,intent:how_does_corona_spread
common covid-19 misconceptions,intent:myths
send me all news articles about coronavirus in california,intent:news_and_press
can the disease be spread by coughing,intent:how_does_corona_spread
can corona virus cause a headache,intent:what_are_symptoms
what is the latest infomation on corona,intent:what_is_corona
please send me the latest updates on covid,intent:news_and_press
how does coronavirus infect other people,intent:how_does_corona_spread
how many people have been infected since march,intent:latest_numbers
get me today's press release about the virus,intent:news_and_press
what are the top five myths about coronavirus,intent:myths
share this report,intent:share
can houseflies spread covid-19,intent:can_i_get_from_feces_animal_pets
make a donation to dallas' fundraiser for coronavirus,intent:donate
which bag to use for groceries,intent:can_i_get_from_packages_surfaces
"got it, thanks bot",intent:okay_thanks
how do we protect ourselves from virus in family,intent:what_if_i_visited_high_risk_area
can electonic surfaces contain covid19,intent:can_i_get_from_packages_surfaces
can i hear updated info on the corona virus,intent:what_is_corona
"okay, thank you so much coronabot",intent:okay_thanks
show me local high risk areas,intent:what_if_i_visited_high_risk_area
are certain races statistically more likely to get the virus,intent:latest_numbers
"you're such a big help, doc",intent:okay_thanks
anything else i should understand about covid,intent:what_is_corona
what intelligence do you have on the virus,intent:what_is_corona
i'd like to send a donation to blue cross,intent:donate
is it a myth that i can get coronavirus from my cat,intent:myths
can i donate to hospitals near me,intent:donate
should i clean delivery packages beforehand,intent:can_i_get_from_packages_surfaces
can i take an airplane on may the 15th,intent:travel
will bleach kill coronavirus on my stove,intent:can_i_get_from_packages_surfaces
donate to the cdc,intent:donate
how long coronavirus stay on surfaces,intent:can_i_get_from_packages_surfaces
send me an update about trump's corona press briefing,intent:news_and_press
thank you,intent:okay_thanks
please share this link on my twitter,intent:share
what is coronavirus,intent:what_is_corona
can i use a mask to help with spreading corona virus,intent:how_does_corona_spread
what animals carry corona,intent:can_i_get_from_feces_animal_pets
can you give me advice about covid-19,intent:what_is_corona
does regular flu vaccine help fight the virus,intent:protect_yourself
"alright, thanks",intent:okay_thanks
what are travel restrictions for high risk areas,intent:what_if_i_visited_high_risk_area
is it a myth that coronavirus dies in hot weather,intent:myths
are there any recent covid-19 press releases,intent:news_and_press
what are the symptoms,intent:what_are_symptoms
average age of death from the virus,intent:latest_numbers
do i need to disinfect my luggage when travelling,intent:travel
are any of the covid myths true,intent:myths
is it recommended to stop traveling in the united states,intent:travel
best way to prevent getting the virus,intent:protect_yourself
best place to avoid getting the virus,intent:protect_yourself
should i wear gloves outside to prevent coronavirus,intent:protect_yourself
is a runny nose a symptom,intent:what_are_symptoms
good morning covid bot,intent:hi
can you tell more about covid-19,intent:what_is_corona
i want treatment options for covid-19,intent:what_are_treatment_options
how do i protect myself in high risk areas,intent:what_if_i_visited_high_risk_area
send money to the relief fund,intent:donate
is coughing a sign of the virus,intent:what_are_symptoms
in what ways can we protect ourselves from coronavirus,intent:protect_yourself
can i spread coronavirus if i'm pregnant,intent:how_does_corona_spread
if i eat sea food can i get corona,intent:can_i_get_from_feces_animal_pets
what to look out for for covid19,intent:what_are_symptoms
share link,intent:share
can the virus travel by touching door knobs,intent:how_does_corona_spread
thanks doc,intent:okay_thanks
where can i get the covid vaccine,intent:what_are_treatment_options
share this service with my family chat,intent:share
send this article to my parents,intent:share
donate to the who,intent:donate
how's the virus situation in italy now,intent:news_and_press
does coughing up phlem mean i. have the corona,intent:what_are_symptoms
am i in a high risk area for covid-19,intent:what_if_i_visited_high_risk_area
what does covid-19 stand for,intent:what_is_corona
what are the most recent coronavirus numbers,intent:news_and_press
get me news from my hometown,intent:news_and_press
is it a myth china invented covid,intent:myths
what's the worst thing to touch,intent:can_i_get_from_packages_surfaces
can i use flu medicine to treat covid,intent:what_are_treatment_options
tell me how to donate please,intent:donate
do face masks help,intent:protect_yourself
latest on corona virus,intent:news_and_press
i want to share this assistant with my contacts,intent:share
does covid-19 live long on cardboard,intent:can_i_get_from_packages_surfaces
good morning,intent:hi
how many people died today in the u.s,intent:latest_numbers
what covid myths have been debunked,intent:myths
what main symptoms are clear signs of the disease,intent:what_are_symptoms
are there any symptoms for animals that have the virus,intent:can_i_get_from_feces_animal_pets
i want to fund nyc,intent:donate
"thanks much, doc bot",intent:okay_thanks
how many hospitals have access to testing for the virus,intent:latest_numbers
share the article,intent:share
can chicken breasts contain the rona,intent:can_i_get_from_feces_animal_pets
can humans contract coronavirus from an aimal,intent:can_i_get_from_feces_animal_pets
donate to local schools,intent:donate
this is great how do i help you,intent:donate
do i need to clean my mailbox,intent:can_i_get_from_packages_surfaces
how can i rid of my cough,intent:what_are_symptoms
can covid 19 live on car surfaces,intent:can_i_get_from_packages_surfaces
can i get infected with covid through indirect contact,intent:how_does_corona_spread
is munich germany also on lockdown,intent:what_if_i_visited_high_risk_area
should i have contact with my pet if i have the coronavirus disease,intent:can_i_get_from_feces_animal_pets
is it safe to travel right now,intent:travel
i dont have a fever but a headache,intent:what_are_symptoms
how many more months until a vaccine is ready,intent:what_are_treatment_options
are there surfaces covid-19 cant live on,intent:can_i_get_from_packages_surfaces
educate me about corona,intent:what_is_corona
give me info on the weirdest covid myths,intent:myths
are fruits and vegetables susceptible carriers of virus,intent:can_i_get_from_packages_surfaces
how long until a vaccine,intent:what_are_treatment_options
what is the total death count in the us so far,intent:latest_numbers
any description on the corona,intent:what_is_corona
corona virus news updates spain,intent:news_and_press
what should healthcare workers be doing,intent:what_if_i_visited_high_risk_area
can i get the latest updates for covid in az,intent:news_and_press
is it a myth that covid is made up,intent:myths
average hospital occupancy with cases of corona,intent:latest_numbers
can i get it if someone sneezes on me,intent:how_does_corona_spread
do infants need a face mask,intent:protect_yourself
how many states have flattened the curve,intent:latest_numbers
where can i donate to covid-19 relief,intent:donate
what should essential workers do for prevention of the virus,intent:protect_yourself
how many people died in california yesterday,intent:latest_numbers
how do i donate money,intent:donate
tldr of coronavirus,intent:what_is_corona
do any medications protect against the virus,intent:protect_yourself
what is considered non-essential travel,intent:travel
can i fly to see my son across the country,intent:travel
charitable donation for covid,intent:donate
is the virus in the air,intent:how_does_corona_spread
is there a way to share this service,intent:share
infections cause daily by covid,intent:latest_numbers
can i get a news briefing about covid,intent:news_and_press
can you give me the latests stats for taiwan,intent:latest_numbers
common myths about covid-19,intent:myths
do high risk areas have their own protocol,intent:what_if_i_visited_high_risk_area
best treatment for corona virus cough,intent:what_are_treatment_options
how do i travel safely,intent:travel
share this chat with my friends,intent:share
i'll be so gratefull to you mr covid,intent:okay_thanks
does visiting a high risk location help spread the virus,intent:what_if_i_visited_high_risk_area
go on and forward this feature,intent:share
you are so useful,intent:okay_thanks
what is the most common way covid is spread,intent:how_does_corona_spread
is it a myth that children aren't prone to getting corona,intent:myths
donate money now,intent:donate
is there a vaccine for covid,intent:what_are_treatment_options
is lysol the best option to clean surfaces,intent:can_i_get_from_packages_surfaces
are flights safe to take right now,intent:travel
"hey hey, bot doc",intent:hi
what is covid 19,intent:what_is_corona
anything new about new york,intent:news_and_press
is the disease able to spread by food,intent:how_does_corona_spread
this report is so good to publish,intent:share
do mosquitos carry covid,intent:can_i_get_from_feces_animal_pets
can you teach me about covid,intent:what_is_corona
please help me donate to covid-19 medical research,intent:donate
does the virus transmit via pets,intent:can_i_get_from_feces_animal_pets
are mosquitos and ticks be able to spread corona virus,intent:how_does_corona_spread
is it a myth that 5g gives you covid,intent:myths
is there a list of foundations to donate to,intent:donate
share this with a facebook group,intent:share
what kind of guidance can you give me on covid-19,intent:what_is_corona
is a sign of corona having a lack of breath,intent:what_are_symptoms
thanks for sharing this with me,intent:okay_thanks
how can i tell if i've had coronva virus,intent:what_are_symptoms
what is non-essential travel,intent:travel
what's new with coronavirus in florida,intent:news_and_press
can you get corona from boxes of corona beer,intent:can_i_get_from_packages_surfaces
safe travel options,intent:travel
does elderberry juice treat covid,intent:what_are_treatment_options
is my trip to las vegas considered non-essential,intent:travel
how long with travel bans be in effect,intent:travel
how can i help fund vaccine research,intent:donate
thank you for the help today,intent:okay_thanks
does corona virus spread through farts,intent:how_does_corona_spread
is it a myth that covid 19 started in china,intent:myths
share the chat with my friends,intent:share
do raccoons carry covid,intent:can_i_get_from_feces_animal_pets
how does corona effect my pets,intent:can_i_get_from_feces_animal_pets
coronavirus news subscription,intent:news_and_press
shareable link,intent:share
where can i find a list of high risk countries,intent:what_if_i_visited_high_risk_area
can i share this on my website,intent:share
what are you gonna do today dr. covid,intent:hi
will the 6 feet apart rule really help decrease virus transmission,intent:how_does_corona_spread
i'd like to encounter anymore details on corona,intent:what_is_corona
how many children have been affected worldwide,intent:latest_numbers
"how are you doing, doc",intent:hi
donate to the local homeless shelter,intent:donate
donate for african relief,intent:donate
what should i do i need to travel for work,intent:what_if_i_visited_high_risk_area
how long does it take for covid 19 to leave surfaces,intent:can_i_get_from_packages_surfaces
is a headache one of the symptoms,intent:what_are_symptoms
is plasma donation good to treat coronavirus,intent:what_are_treatment_options
when will travel bans lift,intent:travel
give me daily updates,intent:news_and_press
do i need to worry about my pets during the virus,intent:can_i_get_from_feces_animal_pets
what else could be expressed about the corona,intent:what_is_corona
can i get the virus from deer meat,intent:can_i_get_from_feces_animal_pets
thanks for the help,intent:okay_thanks
share this link,intent:share
can you give me a understanding of covid,intent:what_is_corona
what symptom is the easiest to notice when someone has the disease,intent:what_are_symptoms
how can i tell the difference between having allergies or coronavirus,intent:what_are_symptoms
let's donate to the poorest people,intent:donate
share this service,intent:share
"thank you for everything, doctor",intent:okay_thanks
should i disinfect my grocery bags,intent:protect_yourself
what can you tell me about the current pandemic,intent:what_is_corona
how can i protect my parents against covid-19,intent:protect_yourself
will gloves help stop coronavirus,intent:protect_yourself
is it safe to walk around wuhan now,intent:what_if_i_visited_high_risk_area
is corona virus airborne,intent:how_does_corona_spread
alright thanks,intent:okay_thanks
"great info, thanks",intent:okay_thanks
what symptoms are most common,intent:what_are_symptoms
should i cancel all my upcoming flights to the usa,intent:travel
"coronavirus myths, please",intent:myths
how does 19 spread,intent:how_does_corona_spread
does hand santizer kill the virus on packages,intent:can_i_get_from_packages_surfaces
share this post now,intent:share
what city nearby is the highest risk,intent:what_if_i_visited_high_risk_area
does covid-19 go away after some time,intent:can_i_get_from_packages_surfaces
can i get a report on what is the corona,intent:what_is_corona
donate covid,intent:donate
hey covid bot,intent:hi
donate money to who,intent:donate
"really appreciate this, doctor",intent:okay_thanks
can you elaborate on the corona,intent:what_is_corona
please tell me the symptoms of corona virus,intent:what_are_symptoms
what gloves are best for protection,intent:protect_yourself
hey there,intent:hi
thanks for the info,intent:okay_thanks
i wanna share this on instagram,intent:share
should i stop using cash,intent:protect_yourself
coronavirus myths,intent:myths
list all of the corona virus symptoms,intent:what_are_symptoms
what are the stats in the uk for the coronavirus,intent:latest_numbers
how many people have died from covid19 in the u.s. already,intent:latest_numbers
does drinking water reduce getting the virus,intent:protect_yourself
are muscle aches a symptom of corona,intent:what_are_symptoms
can you get coronavirus from borrowing clothes,intent:can_i_get_from_packages_surfaces
what kind of hand sanitizer should i use,intent:protect_yourself
how does the virus keep spreading,intent:how_does_corona_spread
what city in california has the highest risk,intent:what_if_i_visited_high_risk_area
how can i share this link,intent:share
thank you for the information,intent:okay_thanks
is there a vaccine yet for the covid,intent:what_are_treatment_options
what are my covid treatment options,intent:what_are_treatment_options
how many types of marsupials have been infected,intent:can_i_get_from_feces_animal_pets
number of cases in north korea,intent:latest_numbers
how does the virus affect animals,intent:can_i_get_from_feces_animal_pets
give me the latest rundown on covid-19,intent:what_is_corona
what are the main ways to see if i have it,intent:what_are_symptoms
is it safe to go hiking,intent:travel
what are the statistics for elderly people infected by the virus,intent:latest_numbers
can i travel outside the united states right now,intent:what_if_i_visited_high_risk_area
how should i self-quarantine in a high risk coronavirus area,intent:what_if_i_visited_high_risk_area
thank you for sharing this info with me,intent:okay_thanks
"i just learned about covid-19 symptoms. thanks a bunch, doc",intent:okay_thanks
is tamiflu effective against covid,intent:what_are_treatment_options
my throat is sore do i have the virus,intent:what_are_symptoms
why is the virus spreading,intent:how_does_corona_spread
that's exactly what i needed to know - thanks bot,intent:okay_thanks
is driving to the store considered essential,intent:travel
are there any safe destinations,intent:travel
could i share this on my facebook,intent:share
share link with friends on facebook,intent:share
what protection can i use if i am in a high risk area,intent:what_if_i_visited_high_risk_area
post the service,intent:share
what is essential travel,intent:travel
tell me some ways to avoid coronavirus,intent:protect_yourself
any news about stay at home orders regarding covid 19,intent:news_and_press
can the blood of an infected animal spread the virus to my kids,intent:can_i_get_from_feces_animal_pets
what news should i not listen to,intent:myths
give me a summary on corona,intent:what_is_corona
thanks for your help,intent:okay_thanks
is headache a symptom of the coronavirus disease,intent:what_are_symptoms
how many cases are there in the world,intent:latest_numbers
what surfaces are safest,intent:can_i_get_from_packages_surfaces
"i have a sore throat, is this a symptom of the covid-19",intent:what_are_symptoms
how are people being infected with covid-19,intent:how_does_corona_spread
do pets need protection if going outdoors,intent:protect_yourself
how many people over the age 40 has been infected,intent:latest_numbers
tell me about covid-19,intent:what_is_corona
"bot, what's happening",intent:hi
are aches and pains a symptom of the corona,intent:what_are_symptoms
how do i avoid getting covid from animals,intent:can_i_get_from_feces_animal_pets
ty,intent:okay_thanks
hey bot,intent:hi
"morning, corona doc",intent:hi
am i allowed to leave my state,intent:travel
will heat therapy treat coronavirus,intent:what_are_treatment_options
how are you today bot,intent:hi
can medicine cure corona,intent:what_are_treatment_options
"thanks so much, corona doc",intent:okay_thanks
can animals carry the coronavirus,intent:can_i_get_from_feces_animal_pets
what is the timeframe for covid19 to remain active on surfaces,intent:can_i_get_from_packages_surfaces
should i wash my hands with hot or cold water,intent:protect_yourself
hallo doctor bot,intent:hi
covid-19 donations,intent:donate
does hydroxycholroquine work as a treatment for the coronavirus,intent:what_are_treatment_options
what can i do to protect others from getting the virus,intent:protect_yourself
latest treatment for sars cov 2,intent:what_are_treatment_options
can i get the corona from my kids ipad even after 3 days,intent:how_does_corona_spread
should i be concerned since i just visited china,intent:what_if_i_visited_high_risk_area
hey doctor,intent:hi
should i stop getting deliveries,intent:can_i_get_from_packages_surfaces
what protects me from getting coronavirus,intent:protect_yourself
where does the virus come from,intent:what_is_corona
are there any natural treatments for the coronavirus,intent:what_are_treatment_options
should i stop eating meat,intent:can_i_get_from_feces_animal_pets
how many have recovered in the us,intent:latest_numbers
is air travel safe yet,intent:travel
is there more details about the corona virus,intent:what_is_corona
can i use vinegar to clean my throat,intent:what_are_treatment_options
can i travel to go camping,intent:travel
what do the pandemic numbers look like,intent:latest_numbers
latest stats on cases in africa,intent:latest_numbers
was the coronavirus engineered,intent:myths
please help me send money to nyc hospitals,intent:donate
how bad is the situation in new york,intent:latest_numbers
is there a limit to how many animals can be treated for the rona,intent:can_i_get_from_feces_animal_pets
has any animal died from the virus,intent:can_i_get_from_feces_animal_pets
is there any evidence that pets other than dogs and cats could be susceptible,intent:can_i_get_from_feces_animal_pets
give ma breakdown of what the virus is,intent:what_is_corona
do you think i have to cancel my trip to japan in august,intent:travel
does corona virus transmit from pets to humans,intent:can_i_get_from_feces_animal_pets
should i avoid using uber,intent:travel
the covid 19 vacciine is on the way,intent:what_are_treatment_options
current developments fromthe who,intent:news_and_press
corona myths,intent:myths
does covid get weaker if stays too long on the surfaces,intent:can_i_get_from_packages_surfaces
tell me more about covid-19,intent:what_is_corona
what are the statistics in canada for covid,intent:latest_numbers
can you please tell me the symptoms of coronavirus,intent:what_are_symptoms
should i stop using public transport,intent:travel
what precautions should i take for covid,intent:protect_yourself
is covid a hoax,intent:myths
how can i stay safe from covid-19,intent:protect_yourself
how are you doctor,intent:hi
is coughing a symptom of the corona virus disease,intent:what_are_symptoms
what helps me avoid covid-19,intent:protect_yourself
how many cases has there been in the us,intent:latest_numbers
how many active cases that are mild condition,intent:latest_numbers
does wearing gloves help me stay safe from covid-19,intent:protect_yourself
who is taking coronavirus donations,intent:donate
is a place with 10 or more people considered a high risk area,intent:what_if_i_visited_high_risk_area
total confirmed cases in california,intent:latest_numbers
"thanks for the help, bot",intent:okay_thanks
debunked covid19 myths,intent:myths
how long does it stay on a surface that isnt touched,intent:can_i_get_from_packages_surfaces
how to treat covid at home,intent:what_are_treatment_options
is 6ft apart effective to stop spreading the virus,intent:how_does_corona_spread
latest stats on recovery in georgia,intent:latest_numbers
give me a profile on corona,intent:what_is_corona
number of people who got tested in new york,intent:latest_numbers
how can i donate money to help feed homeless,intent:donate
does corona virus spread from touching someone infected only,intent:how_does_corona_spread
how can fecal matter be included with covid-19 spreading,intent:how_does_corona_spread
pangolin myth covid,intent:myths
can warm weather slow the spread of covid-19,intent:how_does_corona_spread
can i get covid-19 from insects,intent:how_does_corona_spread
may god bless you,intent:okay_thanks
does the virus float in air,intent:how_does_corona_spread
which essential business has the highest risk of infection,intent:what_if_i_visited_high_risk_area
will essential oils fight coronavirus,intent:what_are_treatment_options
what methods will help prevent coronavirus,intent:protect_yourself
how many people are recovered in california,intent:latest_numbers
should i disinfect my table every day,intent:can_i_get_from_packages_surfaces
how likely does covid spread on amazon packages,intent:how_does_corona_spread
what are the treatment options,intent:what_are_treatment_options
does quinine help with covid,intent:what_are_treatment_options
can coronavirus spread through drinking water,intent:how_does_corona_spread
treatment against covid-19,intent:what_are_treatment_options
do i have to cancel my trip to italy,intent:travel
why are there so many covid myths,intent:myths
fake news,intent:myths
thank you doc,intent:okay_thanks
give to the meals on wheels fund,intent:donate
"wakey wakey, cov bot",intent:hi
can i get through the border to mexico,intent:travel
how can i share you with people,intent:share
brief me about the corona,intent:what_is_corona
my flight from japan had someone test positive should i be worried,intent:what_if_i_visited_high_risk_area
what should i bring for going into high risk areas,intent:what_if_i_visited_high_risk_area
thanks for helping,intent:okay_thanks
is the company building i work at considered a high risk area,intent:what_if_i_visited_high_risk_area
is an upset stomach a sign of covid19,intent:what_are_symptoms
donate to seattle,intent:donate
what's happening with the virus worldwide,intent:news_and_press
will i get coronavirus from touching hand rails,intent:can_i_get_from_packages_surfaces
please give more info on covid-19,intent:what_is_corona
is a fever a symptom of corona virus,intent:what_are_symptoms
share this service,intent:share
is covid-19 in the water,intent:how_does_corona_spread
what is the amount of time the corona virus stays on surfaces,intent:can_i_get_from_packages_surfaces
is the malaria medicine safe for treatment of covid,intent:what_are_treatment_options
what is the protocol if i show symptoms,intent:what_are_symptoms
which surfaces are likely to have virus,intent:can_i_get_from_packages_surfaces
give money to the local food bank,intent:donate
show me organizations accepting donations in my state,intent:donate
how can i protect my grandparents,intent:protect_yourself
may i have more information on covid,intent:what_is_corona
what's the latest updates from the white house,intent:news_and_press
"i appreciate the info, doc",intent:okay_thanks
can i have more information on aerosol transmission,intent:how_does_corona_spread
can the virus spread through feces,intent:can_i_get_from_feces_animal_pets
what are the number of cases worldwide,intent:latest_numbers
latest coronavirus news,intent:news_and_press
can the virus spread though the sewarage system,intent:how_does_corona_spread
is the mexican border closed because of covid 19,intent:travel
what can i do to cure coronavirus,intent:what_are_treatment_options
covid-19 origin myths,intent:myths
share this story,intent:share
what are some coronavirus myths,intent:myths
thank you doc for teaching about face masks,intent:okay_thanks
can a ladybug carry the virus,intent:how_does_corona_spread
give me more info on the pandemic,intent:what_is_corona
is it safe to travel by bus,intent:travel
share this article,intent:share
is china still considered a high risk country,intent:what_if_i_visited_high_risk_area
can i take uber,intent:travel
"got it, thank you doctor",intent:okay_thanks
total deaths as of today,intent:latest_numbers
thanks a bunch bot doc,intent:okay_thanks
what's up doc,intent:hi
send me some myths about covid19,intent:myths
i'd like to share this,intent:share
share this bot on twitter,intent:share
what policies are in place for high risk areas,intent:what_if_i_visited_high_risk_area
does covid-19 stay on furniture,intent:can_i_get_from_packages_surfaces
can you explain in more detail about covid,intent:what_is_corona
what are the high risk areas nearby,intent:what_if_i_visited_high_risk_area
why are there lots of myths about coronavirus on the news,intent:myths
how do i not get sick from coronavirus,intent:protect_yourself
can the virus live on my phone,intent:can_i_get_from_packages_surfaces
which states have the highest coronavirus outbreaks,intent:what_if_i_visited_high_risk_area
how many people have been infected,intent:latest_numbers
are sea animals contracting the virus,intent:can_i_get_from_feces_animal_pets
is it safe to travel by your own car,intent:travel
whar are the number of cases in china,intent:latest_numbers
hi,intent:hi
tell me about corona virus,intent:what_is_corona
could the coronavirus mutate over time into strains for dogs or cats,intent:can_i_get_from_feces_animal_pets
send this to parents,intent:share
how can i protect myself from coronavirus,intent:protect_yourself
how to protect your pets from covid-19,intent:can_i_get_from_feces_animal_pets
how do i deal with someone that just came from china,intent:what_if_i_visited_high_risk_area
if i pet a cat can i get covid 19,intent:can_i_get_from_feces_animal_pets
can i take my pet's ivermectin to prevent or treat my covid-19 infection,intent:can_i_get_from_feces_animal_pets
does disinfecting clothes after grocery shopping help,intent:protect_yourself
top covid myths please,intent:myths
how's it going,intent:hi
does hydroxychloroquine treat corona,intent:what_are_treatment_options
is touching hand rails safe,intent:can_i_get_from_packages_surfaces
number of cases in mexico,intent:latest_numbers
"grateful for the feedback, covid doc",intent:okay_thanks
what should i do if i went to china,intent:what_if_i_visited_high_risk_area
what is the rate of recovery for corona in europe,intent:latest_numbers
what symptoms should we watch for,intent:what_are_symptoms
should i avoid touching my face,intent:protect_yourself
can we move around freely now,intent:travel
can i see today's news on covid 19,intent:news_and_press
how does the virus work,intent:what_is_corona
can people with masks transmit it to other people,intent:how_does_corona_spread
is there a vaccine for covid,intent:what_are_treatment_options
is muscle soreness a corona virus symptom,intent:what_are_symptoms
"hey doc, you there",intent:hi
please show me updates about the coronavirus in the us,intent:news_and_press
"thanks, i appreciate the help",intent:okay_thanks
what is the most recent new from spain,intent:news_and_press
what are the treatment options for covid-19,intent:what_are_treatment_options
are the symptoms similar to having flu,intent:what_are_symptoms
show all the news on corona in my county,intent:news_and_press
is chest pain a sign i have covid-19,intent:what_are_symptoms
how many people have recovered in china,intent:latest_numbers
what does the press say about the vaccine development,intent:news_and_press
in what ways can i protect my children,intent:protect_yourself
thanks for the information doctor,intent:okay_thanks
give me some conspiracy theories on coronavirus,intent:myths
please describe what covid is,intent:what_is_corona
how do i know if i have visited a high risk area,intent:what_if_i_visited_high_risk_area
how can i tell if my dog has the virus,intent:can_i_get_from_feces_animal_pets
any news from seoul,intent:news_and_press
best cure for the corona virus,intent:what_are_treatment_options
what should i do if i order take out or delivery food,intent:protect_yourself
how many confirmed cases are there in new york,intent:latest_numbers
what's up,intent:hi
what is the news on corona virus in my state,intent:news_and_press
where did corona virus start,intent:what_is_corona
how many people died yesterday in the u.s,intent:latest_numbers
are cloth masks as efficient as surgical masks,intent:protect_yourself
are the symptoms of covid-19 similar to allergies,intent:what_are_symptoms
should i avoid those who recently came back from international travel,intent:what_if_i_visited_high_risk_area
what surface is safe from covid-19,intent:can_i_get_from_packages_surfaces
what areas are at most risk for coronavirus outbreak,intent:what_if_i_visited_high_risk_area
give me more info on covid-19,intent:what_is_corona
is headache a symptom of the coronavirus disease,intent:what_are_symptoms
am i safe to handle plastic things,intent:can_i_get_from_packages_surfaces
is it safe to touch glass,intent:can_i_get_from_packages_surfaces
can a pet's fur spread the virus that causes covid-19,intent:can_i_get_from_feces_animal_pets
what are the symptoms of the coronavirus disease,intent:what_are_symptoms
how many have died in the uk,intent:latest_numbers
is there any airline operating these days,intent:travel
what can i use as a treatment for covid-19,intent:what_are_treatment_options
how do i tell everyone about this,intent:share
thanks bot,intent:okay_thanks
more information on coronavirus please,intent:what_is_corona
how many toddlers have been infected,intent:latest_numbers
"ok, thanks a lot",intent:okay_thanks
updates for my area,intent:news_and_press
can i take the bus to work,intent:travel
how can i care for a cat that has contracted the virus,intent:can_i_get_from_feces_animal_pets
any corona virus updates,intent:news_and_press
will wearing a mask be enough,intent:protect_yourself
will covid-19 stick to my gloves,intent:can_i_get_from_packages_surfaces
i wanna know if i can still go to hawaii,intent:travel
tell me the news,intent:news_and_press
are there any medications i should take if i have the virus,intent:protect_yourself
is it the covid-19 transmited by water,intent:myths
"tell me about covid-19, please",intent:what_is_corona
does the virus live on clothing,intent:can_i_get_from_packages_surfaces
news updates corona virus united states,intent:news_and_press
what animal did covid-19 originate from,intent:can_i_get_from_feces_animal_pets
any new informations for covid-19 symptoms,intent:what_are_symptoms
tell me the best news about the covid 19 cure process,intent:news_and_press
can i still take domestic flights,intent:travel
what are some myths floating around about covid,intent:myths
what is the recovery rate in the us,intent:latest_numbers
morning corona bot,intent:hi
how many people died in santa clara county,intent:latest_numbers
can i get corona virus from mosquitos,intent:can_i_get_from_feces_animal_pets
how can i tell my cat doesn't have covid 19,intent:can_i_get_from_feces_animal_pets
can you tell me about the virus,intent:what_is_corona
should i be ordering packages online,intent:protect_yourself
what are the common vectors,intent:how_does_corona_spread
can i travel to and from a high risk area for coronavirus,intent:what_if_i_visited_high_risk_area
what kind of illness is covid-19,intent:what_is_corona
any updates from new york,intent:news_and_press
"hi, bot",intent:hi
give funding for my area,intent:donate
what can i use at home to treat myself if i have corona,intent:what_are_treatment_options
what is the most common myth of covid,intent:myths
what's the case count in new york,intent:latest_numbers
"good morning, doctor corona",intent:hi
"wake up, corona doc",intent:hi
donate to the food bank,intent:donate
i wanna make a monetary donation,intent:donate
share this bot,intent:share
thanks for letting me know about high risk areas,intent:okay_thanks
any updates on the corona situation today,intent:news_and_press
what is dangerous about covid-19,intent:what_is_corona
is it safe to use glassware,intent:can_i_get_from_packages_surfaces
give out money,intent:donate
how often should i switch out my face mask,intent:protect_yourself
should i use one specific type of material,intent:can_i_get_from_packages_surfaces
what is the nearest high risk area to me,intent:what_if_i_visited_high_risk_area
travel advice,intent:travel
what is the science behind virus protection,intent:what_is_corona
share this to friends,intent:share
should i wear a mask and gloves on the subway,intent:travel
what is the death rate in china,intent:latest_numbers
does the corona cause lack. of appetite,intent:what_are_symptoms
how can i get treated,intent:what_are_treatment_options
number of recovered cases in italy,intent:latest_numbers
preventive measures,intent:protect_yourself
more details on covid 19 please,intent:what_is_corona
hello,intent:hi
should i still use atms,intent:can_i_get_from_packages_surfaces
what is the latest data. on the corona,intent:what_is_corona
what exactly is covid-19,intent:what_is_corona
are there any approved vaccines for covid-19,intent:what_are_treatment_options
share with mom,intent:share
"what's new, doc",intent:hi
how are you doing today,intent:hi
can i donate to my county,intent:donate
are airport bus services canceled,intent:travel
is it a myth that heat stops coronavirus,intent:myths
thanks for the help,intent:okay_thanks
how do i share this device,intent:share
can i contract coronavirus from a guinea pig,intent:can_i_get_from_feces_animal_pets
thank you for your assistance,intent:okay_thanks
is a myth that you can get coronavirus more than once,intent:myths
can i get the 19 by using public transport,intent:how_does_corona_spread
can i test my animal through a private veterinary laboratory,intent:can_i_get_from_feces_animal_pets
what if i live in a high risk area,intent:what_if_i_visited_high_risk_area
daily recovery rate in the us,intent:latest_numbers
how can i protect my dog,intent:protect_yourself
what if i have come in contact with someone at the grocery store,intent:what_if_i_visited_high_risk_area
is having a lack of appetite a symptom of the disease,intent:what_are_symptoms
good evening,intent:hi
i'd like to donate to italy,intent:donate
