bench,partition_id,source,method,family,k_target,k,seed,judge_intruder,judge_separability,judge_combined,ari,silhouette,knn_consistency,geo_silhouette,judge,n_docs_used,ami,calinski
arxiv_fine,kmeans_k23_s0,rq1_factorial,kmeans,centroid,23,23,0.0,,,,0.0988758943919243,0.0426129885017871,0.493524220299495,0.0405943425484648,0.3729669207497317,996,0.36112298481131355,34.69025528676342
arxiv_fine,kmeans_k23_s1,rq1_factorial,kmeans,centroid,23,23,1.0,,,,0.0956937251459929,0.0466931946575641,0.5093877140704617,0.0573831550299987,0.3632687494477697,996,0.353068307922649,34.61395218314221
arxiv_fine,kmeans_k23_s2,rq1_factorial,kmeans,centroid,23,23,2.0,,,,0.0981003430680584,0.0458434894680976,0.5026983129696172,0.0544241748108925,0.3838401992479728,996,0.36071990000992,35.07291490701696
arxiv_fine,kmeans_k46_s0,rq1_factorial,kmeans,centroid,46,46,0.0,,,,0.1114301404360396,0.0384965650737285,0.4211260395700442,0.042461708953331,0.3302801867254371,996,0.3424792490480835,21.01064182713778
arxiv_fine,kmeans_k46_s1,rq1_factorial,kmeans,centroid,46,46,1.0,,,,0.1110037971074444,0.0337802022695541,0.4296578923230276,0.0438121510334568,0.3279037107641397,996,0.3433315347017741,20.8376049329817
arxiv_fine,kmeans_k46_s2,rq1_factorial,kmeans,centroid,46,46,2.0,,,,0.1154843149389807,0.0365889221429824,0.4241524803319184,0.0386215081704677,0.3516993113417633,996,0.3517343783468195,21.083796251272123
arxiv_fine,kmeans_k93_s0,rq1_factorial,kmeans,centroid,93,93,0.0,,,,0.1265852109394613,0.0315422751009464,0.3534620529532343,0.0271581072187338,0.3032511437378523,996,0.3294893362888262,12.702411448912835
arxiv_fine,kmeans_k93_s1,rq1_factorial,kmeans,centroid,93,93,1.0,,,,0.1143846986570372,0.0283963941037654,0.3554272607463228,0.0309749942682545,0.3066742931156775,996,0.318757564110985,12.45417882001575
arxiv_fine,kmeans_k93_s2,rq1_factorial,kmeans,centroid,93,93,2.0,,,,0.1125749292506427,0.0377769023180007,0.3594099273533078,0.0433330772130994,0.2987895094262985,996,0.3123642033428127,12.775567368035544
arxiv_fine,kmeans_k186_s0,rq1_factorial,kmeans,centroid,186,186,0.0,,,,0.0908048886395761,0.0188620220869779,0.2845617132304002,0.028685080661129,0.2538260167003212,996,0.2685658738266373,7.633679019067203
arxiv_fine,kmeans_k186_s1,rq1_factorial,kmeans,centroid,186,186,1.0,,,,0.092194490830947,0.0243250746279954,0.2916258417112267,0.0346812905250037,0.2324234298730117,996,0.27062075746589853,7.675707737801781
arxiv_fine,kmeans_k186_s2,rq1_factorial,kmeans,centroid,186,186,2.0,,,,0.0923907310856897,0.0167557019740343,0.2892227343670071,0.0219349283619838,0.2582154883521256,996,0.271453623405437,7.659259778295055
arxiv_fine,kmeans_k372_s0,rq1_factorial,kmeans,centroid,372,372,0.0,,,,0.0667663934371363,0.0081692123785614,0.2151011928855449,0.0202489518278309,0.1878865828838605,996,0.2192192041382,4.8693353958613566
arxiv_fine,kmeans_k372_s1,rq1_factorial,kmeans,centroid,372,372,1.0,,,,0.0728256188380304,0.0038001793436706,0.222134963966408,0.0276708784217203,0.1921544328974344,996,0.22665916990418353,4.850455831735883
arxiv_fine,kmeans_k372_s2,rq1_factorial,kmeans,centroid,372,372,2.0,,,,0.0666778199888706,0.0062349098734557,0.2281029857673721,0.0055579988207171,0.1928346924949326,996,0.22573592039138346,4.848179903112624
arxiv_fine,gmm_k23_s0,rq1_factorial,gmm,mixture,23,23,0.0,,,,0.0980286593402235,0.032687522470951,0.5538847364490095,0.0594403282009902,0.3651845576584084,996,0.3636660015400331,31.35534093349765
arxiv_fine,gmm_k23_s1,rq1_factorial,gmm,mixture,23,23,1.0,,,,0.0989381412946977,0.0323649905622005,0.5567447442136315,0.0579350236550489,0.3654641687551433,996,0.36228110791845847,31.100252382938585
arxiv_fine,gmm_k23_s2,rq1_factorial,gmm,mixture,23,23,2.0,,,,0.0970593794008077,0.0329992547631263,0.5592706819358827,0.0542719658442852,0.3725669608133856,996,0.3611526569752656,31.09243910127278
arxiv_fine,gmm_k46_s0,rq1_factorial,gmm,mixture,46,46,0.0,,,,0.1207541504030129,0.0331844091415405,0.4813735462587568,0.0642475292618012,0.3535469844352246,996,0.3581881499347092,19.48409532327683
arxiv_fine,gmm_k46_s1,rq1_factorial,gmm,mixture,46,46,1.0,,,,0.1199926030165461,0.0286395866423845,0.4660304233716904,0.0573603044199495,0.3423899020360624,996,0.3552504359573584,19.301567062318732
arxiv_fine,gmm_k46_s2,rq1_factorial,gmm,mixture,46,46,2.0,,,,0.1250116934321367,0.0328655876219272,0.4717887859756245,0.0617207705214359,0.3474516902483755,996,0.3594710770673953,19.400168719278685
arxiv_fine,gmm_k93_s0,rq1_factorial,gmm,mixture,93,93,0.0,,,,0.1298233701982588,0.0235698949545621,0.376700140666652,0.0486112084537291,0.3025333284704306,996,0.3312171632073424,11.77613708130826
arxiv_fine,gmm_k93_s1,rq1_factorial,gmm,mixture,93,93,1.0,,,,0.1321849119423109,0.0225273482501506,0.3838466668840249,0.0522035898386079,0.3040453773771474,996,0.33308447068394065,11.672661319714836
arxiv_fine,gmm_k93_s2,rq1_factorial,gmm,mixture,93,93,2.0,,,,0.134868855827864,0.0227241404354572,0.3854685753459802,0.0492170347752185,0.3154204548924511,996,0.3324645335549867,11.77200597937033
arxiv_fine,gmm_k186_s0,rq1_factorial,gmm,mixture,186,186,0.0,,,,0.1139355322593748,0.0209929402917623,0.3122559901716279,0.0432467009720661,0.2574618503901137,996,0.29058814602084226,7.405641300700579
arxiv_fine,gmm_k186_s1,rq1_factorial,gmm,mixture,186,186,1.0,,,,0.1175264799190417,0.0205433666706085,0.3079746583353676,0.0374283387831792,0.2625526366310635,996,0.2909386294341306,7.379236636614391
arxiv_fine,gmm_k186_s2,rq1_factorial,gmm,mixture,186,186,2.0,,,,0.1190627351849815,0.0188301708549261,0.3104111517321992,0.0353023583707541,0.2607755860056517,996,0.29372732032311183,7.364584724957392
arxiv_fine,gmm_k372_s0,rq1_factorial,gmm,mixture,372,372,0.0,,,,0.0984458777426793,0.0003488784132059,0.2510259573083095,0.0131416196324012,0.2241360009769862,996,0.25340267017680185,4.755114559898102
arxiv_fine,gmm_k372_s1,rq1_factorial,gmm,mixture,372,372,1.0,,,,0.0968906210948368,0.0027725007385015,0.2438943676394527,0.0154080800370644,0.2207240122365608,996,0.2520840904550484,4.75236237472389
arxiv_fine,gmm_k372_s2,rq1_factorial,gmm,mixture,372,372,2.0,,,,0.0932127264189705,0.0033017799723893,0.2381268341364513,0.0070793593696012,0.2169821844600895,996,0.25073071980194855,4.744027250630173
arxiv_fine,spectral_k23_s0,rq1_factorial,spectral,spectral,23,23,0.0,,,,0.042209021265453,0.0240178871899843,0.6310485410572433,0.0618947071461618,0.344162449534771,996,0.3461280833181559,30.833986775786705
arxiv_fine,spectral_k23_s1,rq1_factorial,spectral,spectral,23,23,1.0,,,,0.0434268648747664,0.0236508566886186,0.631235780801695,0.0634970283278736,0.3462968494633145,996,0.34652144001823876,30.838063172741283
arxiv_fine,spectral_k23_s2,rq1_factorial,spectral,spectral,23,23,2.0,,,,0.0437741823031718,0.0237867329269647,0.6312869370961371,0.0635307789590109,0.3462045495985054,996,0.347304632866358,30.85610429369819
arxiv_fine,spectral_k46_s0,rq1_factorial,spectral,spectral,46,46,0.0,,,,0.0670340917637101,0.0205386318266391,0.4891713774767757,0.0478442829227923,0.3418370334589351,996,0.3357530326705939,19.311936195247814
arxiv_fine,spectral_k46_s1,rq1_factorial,spectral,spectral,46,46,1.0,,,,0.0754302318130479,0.0217258390039205,0.4976971269967281,0.044390239213905,0.3495617703745809,996,0.34206044199318386,19.44832620940688
arxiv_fine,spectral_k46_s2,rq1_factorial,spectral,spectral,46,46,2.0,,,,0.0523631955336193,0.0201333779841661,0.5046784036442115,0.0454387713543974,0.3402732784845467,996,0.3315375647128339,19.18482687276495
arxiv_fine,spectral_k93_s0,rq1_factorial,spectral,spectral,93,93,0.0,,,,0.0566032403924477,0.0209864992648363,0.4137810408705704,0.040368455949038,0.2832071353951215,996,0.3031265748612734,12.056233267850185
arxiv_fine,spectral_k93_s1,rq1_factorial,spectral,spectral,93,93,1.0,,,,0.0623593860756843,0.0206033904105424,0.4079155433301357,0.042285200687058,0.2883283591000717,996,0.2986196667924223,12.062626218248289
arxiv_fine,spectral_k93_s2,rq1_factorial,spectral,spectral,93,93,2.0,,,,0.0665221293302685,0.0216139499098062,0.4075727710715515,0.0516044856514164,0.2824901503795362,996,0.30315378842453566,12.086941658022292
arxiv_fine,spectral_k186_s0,rq1_factorial,spectral,spectral,186,186,0.0,,,,0.0497842497236265,0.0189995374530553,0.3249739483709437,0.0472411969663152,0.2185258607196145,996,0.24656600231340187,7.411466179286128
arxiv_fine,spectral_k186_s1,rq1_factorial,spectral,spectral,186,186,1.0,,,,0.0514906449595089,0.0184534862637519,0.322110360313757,0.0480630119853684,0.2086098242980992,996,0.2509748952188468,7.538418675370722
arxiv_fine,spectral_k186_s2,rq1_factorial,spectral,spectral,186,186,2.0,,,,0.0537525575167154,0.0228339452296495,0.3269650156356794,0.0511221730688478,0.2135603008302553,996,0.25305273803129164,7.559270807060825
arxiv_fine,spectral_k372_s0,rq1_factorial,spectral,spectral,372,372,0.0,,,,0.0231281292953361,0.0118033234030008,0.2713904546389108,0.0579411851643746,0.1513380709496912,996,0.1964630538950232,4.724472506916628
arxiv_fine,spectral_k372_s1,rq1_factorial,spectral,spectral,372,372,1.0,,,,0.0300166506151779,0.0160547066479921,0.2545476735132516,0.0564675844977581,0.1484361628247464,996,0.19511591762418234,4.804722406288315
arxiv_fine,spectral_k372_s2,rq1_factorial,spectral,spectral,372,372,2.0,,,,0.0344990579947994,0.0162829626351594,0.2521695938088937,0.0498187596704059,0.1549756007790878,996,0.19937550570396645,4.796249606517916
arxiv_fine,ward_k23,rq1_factorial,ward,hierarchy,23,23,,,,,0.0787304532502301,0.0199562441557645,0.4916382266047808,0.0267882688041478,0.3334725786489484,996,0.3307467422915385,29.809525200550496
arxiv_fine,ward_k46,rq1_factorial,ward,hierarchy,46,46,,,,,0.0957096135428386,0.0187538620084524,0.4321773492591094,0.0259729619690248,0.3253540520679054,996,0.32820247620022985,18.64731753273671
arxiv_fine,ward_k93,rq1_factorial,ward,hierarchy,93,93,,,,,0.1066359836387521,0.0151707651093602,0.3504252067049046,0.0009534715644117,0.2909865106050014,996,0.3057593122331492,11.835394061635364
arxiv_fine,ward_k186,rq1_factorial,ward,hierarchy,186,186,,,,,0.0964491896927535,0.0224454011768102,0.2897659404766628,0.0076886835385533,0.2457350848730178,996,0.2703104598750918,7.817954681553031
arxiv_fine,ward_k372,rq1_factorial,ward,hierarchy,372,372,,,,,0.072064611254663,0.0384997837245464,0.2324297367729204,0.0108226094854154,0.1852972659515998,996,0.22867340147209725,5.391817881359164
arxiv_fine,leiden_k23_s0,rq1_factorial,leiden,graph,23,23,0.0,,,,0.1003231175840689,0.0472595691680908,0.6067282914983977,0.0894192450969877,0.3819488057205291,996,0.36837921356497005,31.753915796152768
arxiv_fine,leiden_k23_s1,rq1_factorial,leiden,graph,23,23,1.0,,,,0.0968241173806261,0.0416141524910926,0.6110814980856711,0.0782109864179571,0.380924355475884,996,0.36334256533388243,32.08435881391116
arxiv_fine,leiden_k23_s2,rq1_factorial,leiden,graph,23,23,2.0,,,,0.0978640335507327,0.0424502566456794,0.6151769927489866,0.08160391506854,0.3876967167130419,996,0.36745187913368726,31.711262187996795
arxiv_fine,leiden_k46_s0,rq1_factorial,leiden,graph,46,47,0.0,,,,0.1284980505703137,0.0376521795988082,0.5250478520994261,0.0702646117830217,0.375976344841383,996,0.3577775706772649,19.171395351710313
arxiv_fine,leiden_k46_s1,rq1_factorial,leiden,graph,46,46,1.0,,,,0.1302481137002419,-0.0042800344526767,0.5272300947392105,0.014521174196544,0.3590815942951982,996,0.3628866542626909,19.30740687177362
arxiv_fine,leiden_k46_s2,rq1_factorial,leiden,graph,46,46,2.0,,,,0.1260535115030517,0.0427443794906139,0.5262889174281494,0.0818468213074741,0.3566279963570724,996,0.35761276740029974,19.473745058721832
arxiv_fine,leiden_k93_s0,rq1_factorial,leiden,graph,93,94,0.0,,,,0.1334786997354453,-0.0784784033894538,0.4481564771302775,-0.0849366831876695,0.3212239371056502,996,0.3250702350267977,12.01938647767966
arxiv_fine,leiden_k93_s1,rq1_factorial,leiden,graph,93,92,1.0,,,,0.1392953197439744,-0.0786730721592903,0.4527003764920261,-0.0819131693018311,0.3392268426370473,996,0.33120191599938215,12.188645309330443
arxiv_fine,leiden_k93_s2,rq1_factorial,leiden,graph,93,93,2.0,,,,0.1435638605835757,-0.0794983878731727,0.4481726473292919,-0.0832209381258642,0.3452548594450385,996,0.33523099828701625,12.050284202302894
arxiv_fine,leiden_k186_s0,rq1_factorial,leiden,graph,186,186,0.0,,,,0.1357341498469117,-0.0770463496446609,0.3774477369532442,-0.0942999353056337,0.2949253237171122,996,0.2998567858107856,7.680476242146131
arxiv_fine,leiden_k186_s1,rq1_factorial,leiden,graph,186,186,1.0,,,,0.1371958775317159,-0.0751231089234352,0.3786868906665519,-0.0878150741167706,0.2885072696761313,996,0.3056093628173407,7.7261569651642
arxiv_fine,leiden_k186_s2,rq1_factorial,leiden,graph,186,184,2.0,,,,0.1304962245530171,-0.0727807581424713,0.378038909464369,-0.0860301458146998,0.300561283316011,996,0.2995788649545378,7.751805897411635
arxiv_fine,leiden_k372_s0,rq1_factorial,leiden,graph,372,371,0.0,,,,0.1010879775802782,-0.0800460278987884,0.2946184444298658,-0.1000812828727918,0.2173824213911498,996,0.2504409031207114,5.076210699585451
arxiv_fine,leiden_k372_s1,rq1_factorial,leiden,graph,372,373,1.0,,,,0.1051945230891201,-0.0872999727725982,0.2973226731791556,-0.0987669769742219,0.2241218258454741,996,0.2532742781285462,5.069105610094702
arxiv_fine,leiden_k372_s2,rq1_factorial,leiden,graph,372,373,2.0,,,,0.1071692402785133,-0.0799534693360328,0.2952533639904151,-0.1069486474400264,0.2266466832573067,996,0.25683015874331677,5.058724319519605
banking77,kmeans_k19_s0,rq1_factorial,kmeans,centroid,19,19,0.0,,,,0.2200352734692674,0.155845507979393,0.7727085772866862,0.1909630919716021,0.5850225246102799,988,0.5905026619972895,54.74644305959155
banking77,kmeans_k19_s1,rq1_factorial,kmeans,centroid,19,19,1.0,,,,0.222684108109976,0.1531771123409271,0.7712991971697419,0.1768540462681924,0.5641470035297228,988,0.5821856931401307,54.09306751411291
banking77,kmeans_k19_s2,rq1_factorial,kmeans,centroid,19,19,2.0,,,,0.2258084320712919,0.1509547978639602,0.7875563945048218,0.1812951142808157,0.6099927879980824,988,0.6036775727334398,53.68903124800657
banking77,kmeans_k38_s0,rq1_factorial,kmeans,centroid,38,38,0.0,,,,0.3278005040391419,0.1539466977119445,0.726609639668331,0.1752944008350518,0.57926702973119,988,0.6314782591997643,37.39196240827188
banking77,kmeans_k38_s1,rq1_factorial,kmeans,centroid,38,38,1.0,,,,0.370943203063016,0.1745252311229705,0.7500733542264711,0.2013652045409331,0.6172893233368674,988,0.6717870444153707,39.2621494511733
banking77,kmeans_k38_s2,rq1_factorial,kmeans,centroid,38,38,2.0,,,,0.3765265152121417,0.1647921502590179,0.742265148963734,0.1954947651728356,0.6209765653807023,988,0.6801216740854167,38.4727266049303
banking77,kmeans_k77_s0,rq1_factorial,kmeans,centroid,77,77,0.0,,,,0.4666200544048265,0.1803211420774459,0.6463418809359912,0.1962823562967872,0.5830025963702226,988,0.6882288767600709,25.98552919470741
banking77,kmeans_k77_s1,rq1_factorial,kmeans,centroid,77,77,1.0,,,,0.4451427293363257,0.1810328662395477,0.6508922532430425,0.212874586799344,0.5884321664809815,988,0.6877127649019371,26.034704407913544
banking77,kmeans_k77_s2,rq1_factorial,kmeans,centroid,77,77,2.0,,,,0.4303388117624738,0.16980642080307,0.6343886414546642,0.1943766448281461,0.5805332954408692,988,0.667714002543519,25.811442289672776
banking77,kmeans_k154_s0,rq1_factorial,kmeans,centroid,154,154,0.0,,,,0.4238877001688236,0.1683973222970962,0.4924381904125512,0.1986877679410816,0.5065827121199926,988,0.6494520999075337,17.405910973035432
banking77,kmeans_k154_s1,rq1_factorial,kmeans,centroid,154,154,1.0,,,,0.4219067520047044,0.17763052880764,0.4885944319571326,0.1934933802357714,0.5106461599630341,988,0.6493746303064759,17.352871337031672
banking77,kmeans_k154_s2,rq1_factorial,kmeans,centroid,154,154,2.0,,,,0.4076562092134236,0.1704203933477401,0.4989532749564337,0.1960767626113143,0.5019106515244647,988,0.6453750503325488,17.29318465331821
banking77,kmeans_k308_s0,rq1_factorial,kmeans,centroid,308,308,0.0,,,,0.3274290171732839,0.1811158806085586,0.3516920061452254,0.1971269699676985,0.4147359468999453,988,0.5912763958277226,11.9539515745184
banking77,kmeans_k308_s1,rq1_factorial,kmeans,centroid,308,308,1.0,,,,0.3094960542360468,0.1866115182638168,0.3421354146897917,0.2189074879676004,0.4209025725167232,988,0.5876850426526253,12.060582047882129
banking77,kmeans_k308_s2,rq1_factorial,kmeans,centroid,308,308,2.0,,,,0.3181739135472478,0.1801385730504989,0.3447596907416213,0.1866093179975695,0.408539228801395,988,0.5866496601682644,11.991815609336271
banking77,gmm_k19_s0,rq1_factorial,gmm,mixture,19,19,0.0,,,,0.2377628889724957,0.144614115357399,0.8634715098363631,0.2138613245754196,0.6266884670617074,988,0.653326998518977,51.301036821846225
banking77,gmm_k19_s1,rq1_factorial,gmm,mixture,19,19,1.0,,,,0.2529519588592948,0.1463661044836044,0.8616059242958931,0.2258905667799926,0.633513461395272,988,0.6593077802998386,51.85200461745653
banking77,gmm_k19_s2,rq1_factorial,gmm,mixture,19,19,2.0,,,,0.2348580015944919,0.1380891799926757,0.8661026456409203,0.2059327569665436,0.6171680657420453,988,0.6514945345297233,50.52132410874183
banking77,gmm_k38_s0,rq1_factorial,gmm,mixture,38,38,0.0,,,,0.414733544458039,0.1712418049573898,0.797941418776527,0.2536689890360373,0.655433547262817,988,0.725895545407893,38.33731987020093
banking77,gmm_k38_s1,rq1_factorial,gmm,mixture,38,38,1.0,,,,0.4259687695883458,0.172323390841484,0.8033475746686245,0.2593259995360582,0.659926426004613,988,0.7337097804485605,38.685842469264195
banking77,gmm_k38_s2,rq1_factorial,gmm,mixture,38,38,2.0,,,,0.4061110833969173,0.1765495687723159,0.8090663620971386,0.2653590844489176,0.6479332150684798,988,0.7232083878160115,38.41893223815784
banking77,gmm_k77_s0,rq1_factorial,gmm,mixture,77,77,0.0,,,,0.5263748613262642,0.1906788647174835,0.6907668643273561,0.2461698252560336,0.6084122015774264,988,0.7390837950769088,26.115664796205774
banking77,gmm_k77_s1,rq1_factorial,gmm,mixture,77,77,1.0,,,,0.5209086134959297,0.1824485510587692,0.6760867727512941,0.2317011890185988,0.6077215356367514,988,0.7349489576056935,26.08143619003239
banking77,gmm_k77_s2,rq1_factorial,gmm,mixture,77,77,2.0,,,,0.5123398650381664,0.1862947046756744,0.6952864334850214,0.2368637367937639,0.6072253477577445,988,0.7396771177077135,25.978814621737445
banking77,gmm_k154_s0,rq1_factorial,gmm,mixture,154,154,0.0,,,,0.5089362060874622,0.1727538257837295,0.5342243405456685,0.2032972316271934,0.5318040344263453,988,0.704703496504093,17.106473788244116
banking77,gmm_k154_s1,rq1_factorial,gmm,mixture,154,154,1.0,,,,0.5000121393948386,0.1692030876874923,0.530154898452217,0.1951514703906534,0.5336294181657963,988,0.7002466193273754,17.11909597881664
banking77,gmm_k154_s2,rq1_factorial,gmm,mixture,154,154,2.0,,,,0.4930925210278669,0.1666262447834015,0.5390954188828601,0.2157317959715726,0.5360576655410231,988,0.6988475598490785,17.12328141713332
banking77,gmm_k308_s0,rq1_factorial,gmm,mixture,308,307,0.0,,,,0.3807743790371574,0.1048385500907898,0.384732529042138,0.1195622824055357,0.440771778862436,988,0.6305898817563117,10.916177142877492
banking77,gmm_k308_s1,rq1_factorial,gmm,mixture,308,308,1.0,,,,0.3796682868944257,0.1036481857299804,0.3859558299610032,0.1186636972189005,0.4362689562595084,988,0.6245753228486556,10.822656796953215
banking77,gmm_k308_s2,rq1_factorial,gmm,mixture,308,308,2.0,,,,0.384984015314088,0.1011544167995452,0.3903533402482563,0.1085540491370434,0.4432389670882583,988,0.6340847386383904,10.891675579275267
banking77,spectral_k19_s0,rq1_factorial,spectral,spectral,19,19,0.0,,,,0.179189824614503,0.1261578053236007,0.864109798468563,0.2186458515667123,0.6182655827201071,988,0.6138521595534175,49.42758535412666
banking77,spectral_k19_s1,rq1_factorial,spectral,spectral,19,19,1.0,,,,0.1792671734379315,0.1251207590103149,0.8656469809982705,0.215692132352603,0.6179551693950069,988,0.6132616429396556,49.40898123827514
banking77,spectral_k19_s2,rq1_factorial,spectral,spectral,19,19,2.0,,,,0.1797335308735127,0.1261108070611953,0.8649807122751331,0.2177103568904227,0.6170690405610031,988,0.6150232307321828,49.51876830300887
banking77,spectral_k38_s0,rq1_factorial,spectral,spectral,38,38,0.0,,,,0.3759236842892191,0.1683349013328552,0.7942950408978213,0.2373689764787964,0.6435429149394389,988,0.7072489788065709,38.08241907402222
banking77,spectral_k38_s1,rq1_factorial,spectral,spectral,38,38,1.0,,,,0.3738691783765885,0.164977416396141,0.7965560475722784,0.2291398490570223,0.6396824838428451,988,0.7073424630909707,38.05050890215199
banking77,spectral_k38_s2,rq1_factorial,spectral,spectral,38,38,2.0,,,,0.3724666637850963,0.165535882115364,0.7954462964011658,0.2313253808034562,0.6378660615846079,988,0.7067417091633952,38.0755298011496
banking77,spectral_k77_s0,rq1_factorial,spectral,spectral,77,77,0.0,,,,0.4727553577733377,0.185552105307579,0.6663904946307763,0.2200170170933476,0.5659224814490293,988,0.7014432221090846,25.8344621085012
banking77,spectral_k77_s1,rq1_factorial,spectral,spectral,77,77,1.0,,,,0.4752310326316662,0.1846768707036972,0.6660541665411898,0.215182659627156,0.5714814531307696,988,0.7086850357958717,25.65078811634707
banking77,spectral_k77_s2,rq1_factorial,spectral,spectral,77,77,2.0,,,,0.4987249115610891,0.1902733892202377,0.6790335404972626,0.2245599401751207,0.5750332372119683,988,0.7146071112739052,26.211779175524704
banking77,spectral_k154_s0,rq1_factorial,spectral,spectral,154,154,0.0,,,,0.4196775857526192,0.1904773414134979,0.509530785702475,0.2006863715403735,0.4967426377244713,988,0.6571583543822864,17.805966992065205
banking77,spectral_k154_s1,rq1_factorial,spectral,spectral,154,154,1.0,,,,0.3851276380790112,0.1819377839565277,0.4996970620946305,0.2108401931737402,0.4900519059475177,988,0.6407179774603333,17.394528655264775
banking77,spectral_k154_s2,rq1_factorial,spectral,spectral,154,154,2.0,,,,0.4173833566891001,0.1928685307502746,0.5129163563929929,0.2108193952814958,0.4979593824291372,988,0.6585491123942231,17.803349121814723
banking77,spectral_k308_s0,rq1_factorial,spectral,spectral,308,308,0.0,,,,0.2844597739252515,0.1809582561254501,0.3536530444432353,0.1996202180430271,0.3976194416686774,988,0.5696813900003953,11.492500653310165
banking77,spectral_k308_s1,rq1_factorial,spectral,spectral,308,308,1.0,,,,0.2795639364697677,0.1807862222194671,0.3513356346292326,0.2092713189119834,0.3868770928419722,988,0.5573378194085328,11.340498268457807
banking77,spectral_k308_s2,rq1_factorial,spectral,spectral,308,308,2.0,,,,0.2799597459122293,0.1729064285755157,0.3463768584638872,0.188882087289341,0.4000351943781762,988,0.5620560430027745,11.390824315055859
banking77,ward_k19,rq1_factorial,ward,hierarchy,19,19,,,,,0.2336272047471585,0.1435122787952423,0.8245296630849391,0.1930798515439055,0.6214654217504009,988,0.6287779129441884,51.5088187658963
banking77,ward_k38,rq1_factorial,ward,hierarchy,38,38,,,,,0.371521298313087,0.1687846779823303,0.7725970633878645,0.2230506351342278,0.6424811031488425,988,0.6934135408081795,37.769435462336844
banking77,ward_k77,rq1_factorial,ward,hierarchy,77,77,,,,,0.4763112390604021,0.1783682256937027,0.6485485718079368,0.2012847333591517,0.5897213442776145,988,0.7045947059892609,26.03540615525143
banking77,ward_k154,rq1_factorial,ward,hierarchy,154,154,,,,,0.4407187472301926,0.1973523199558258,0.5138618377093958,0.2074301901353863,0.5116638758916434,988,0.6744749449972147,18.109631287059386
banking77,ward_k308,rq1_factorial,ward,hierarchy,308,308,,,,,0.3169657494532222,0.225585252046585,0.3565126940255265,0.2392335584812231,0.4135932114230861,988,0.5996455087033118,12.99660924654162
banking77,leiden_k19_s0,rq1_factorial,leiden,graph,19,19,0.0,,,,0.2184763736909127,0.128750666975975,0.8751119664994543,0.2049779784558399,0.6220859691888705,988,0.6358490277845268,50.52614018487552
banking77,leiden_k19_s1,rq1_factorial,leiden,graph,19,19,1.0,,,,0.2340097872655785,0.1296411454677581,0.8727917815127989,0.2174623279537418,0.6150538790130041,988,0.6482670275884221,50.203959417442945
banking77,leiden_k19_s2,rq1_factorial,leiden,graph,19,19,2.0,,,,0.2296156197982158,0.1350608021020889,0.8746535414348771,0.2148574239917599,0.6201129620307149,988,0.6453108112168738,51.103501443115654
banking77,leiden_k38_s0,rq1_factorial,leiden,graph,38,38,0.0,,,,0.4096654805842321,0.1770437061786651,0.8106234745240797,0.2637894789380172,0.6580405330322617,988,0.7206391515954383,38.894502513031874
banking77,leiden_k38_s1,rq1_factorial,leiden,graph,38,38,1.0,,,,0.4042543938700219,0.1716323494911193,0.8155400741761333,0.2698966066456986,0.6682979279590395,988,0.7252166175569323,38.75491855220599
banking77,leiden_k38_s2,rq1_factorial,leiden,graph,38,38,2.0,,,,0.4174893635490172,0.1734521985054016,0.8090673215526941,0.26656052966628,0.6675379223644954,988,0.7271638366096866,38.623205024979605
banking77,leiden_k77_s0,rq1_factorial,leiden,graph,77,76,0.0,,,,0.5459596763809768,0.1951553374528885,0.6879044340966702,0.2410934413377214,0.5921839821077557,988,0.7307182323469757,26.812578115024756
banking77,leiden_k77_s1,rq1_factorial,leiden,graph,77,76,1.0,,,,0.5304334149359016,0.1929099261760711,0.6912012524479688,0.2369271291683312,0.5950544164317504,988,0.7213093966162334,26.689489402482316
banking77,leiden_k77_s2,rq1_factorial,leiden,graph,77,78,2.0,,,,0.5443615753915966,0.1951889246702194,0.6892571346060411,0.2480706663976134,0.5979073651937034,988,0.7303832701097738,26.121050775579388
banking77,leiden_k154_s0,rq1_factorial,leiden,graph,154,154,0.0,,,,0.5164868356033765,0.1520808339118957,0.5583816077607086,0.2037775453125989,0.5320840149759107,988,0.6951676889847744,17.089238543523027
banking77,leiden_k154_s1,rq1_factorial,leiden,graph,154,153,1.0,,,,0.5138289615466562,0.1635463237762451,0.5704767320535478,0.2160460115682619,0.5399253862315593,988,0.6947669144420952,17.094185266454694
banking77,leiden_k154_s2,rq1_factorial,leiden,graph,154,154,2.0,,,,0.5180251052853365,0.1556839644908905,0.5605175432001238,0.2153520279381968,0.5340528315746532,988,0.6920336655128444,17.032389382226665
banking77,leiden_k308_s0,rq1_factorial,leiden,graph,308,309,0.0,,,,0.4005200748578273,0.0013828764203935,0.4170464930801351,0.0221921286039779,0.4271867091275474,988,0.6115159821625007,10.092704052454883
banking77,leiden_k308_s1,rq1_factorial,leiden,graph,308,308,1.0,,,,0.4062852522355596,-0.0018194759031757,0.416794182852598,0.0276785774676989,0.4385801490015822,988,0.6177911166730777,10.064950289759103
banking77,leiden_k308_s2,rq1_factorial,leiden,graph,308,309,2.0,,,,0.4163225469685034,-0.0108405938372015,0.425161031505286,0.0306346391108176,0.439715821903948,988,0.6193265255176768,10.001849997141182
bbcnews,kmeans_k2_s0,rq1_factorial,kmeans,centroid,2,2,0.0,,,,0.1856313603437021,0.0778885409235954,0.8789158621995079,0.1248301943655917,0.295031866071607,1000,0.38171233969675145,85.73475283428998
bbcnews,kmeans_k2_s1,rq1_factorial,kmeans,centroid,2,2,1.0,,,,0.3327980436074944,0.091836966574192,0.9123983391761024,0.2178800632285381,0.3968828736717103,1000,0.47093824856090205,112.06039280531805
bbcnews,kmeans_k2_s2,rq1_factorial,kmeans,centroid,2,2,2.0,,,,0.3334069094345181,0.0918468385934829,0.9108437619364792,0.2178319006233259,0.3968828736717103,1000,0.4727728545990471,112.06180369391535
bbcnews,kmeans_k5_s0,rq1_factorial,kmeans,centroid,5,5,0.0,,,,0.9246807763561172,0.1223637759685516,0.9117912426919904,0.2743093910596421,0.70824766732025,1000,0.901420825250643,87.95092183847441
bbcnews,kmeans_k5_s1,rq1_factorial,kmeans,centroid,5,5,1.0,,,,0.9247090114774914,0.1223929226398468,0.9122413289405265,0.2744009145505155,0.7066811198177126,1000,0.9021339079013153,87.94824772821669
bbcnews,kmeans_k5_s2,rq1_factorial,kmeans,centroid,5,5,2.0,,,,0.9256663376404974,0.122303657233715,0.9126402451241784,0.2748056563873449,0.7079419150091264,1000,0.9018801206806194,87.94747293773
bbcnews,kmeans_k10_s0,rq1_factorial,kmeans,centroid,10,10,0.0,,,,0.6028319604419635,0.0932595655322074,0.7941351400451161,0.1515278211122216,0.6204352011920942,1000,0.7289546355167301,55.866959625225014
bbcnews,kmeans_k10_s1,rq1_factorial,kmeans,centroid,10,10,1.0,,,,0.6851602022719231,0.1065842285752296,0.8487272367286678,0.2068176859724489,0.6472165356919379,1000,0.7662726947636809,56.45730338609744
bbcnews,kmeans_k10_s2,rq1_factorial,kmeans,centroid,10,10,2.0,,,,0.5995778341631431,0.0907573327422142,0.7937852310605613,0.1724811761807433,0.6262479208244132,1000,0.7368454676588064,56.23508912354667
bbcnews,kmeans_k20_s0,rq1_factorial,kmeans,centroid,20,20,0.0,,,,0.3576821555705861,0.0895956009626388,0.7367836890764194,0.1613693263533976,0.5615969127537133,1000,0.6234880361687406,36.91103128596943
bbcnews,kmeans_k20_s1,rq1_factorial,kmeans,centroid,20,20,1.0,,,,0.3450062814738792,0.0983103811740875,0.7326140756272556,0.1686478020589965,0.5559726989720338,1000,0.6300296733452339,37.442301639450434
bbcnews,kmeans_k20_s2,rq1_factorial,kmeans,centroid,20,20,2.0,,,,0.3781068162849016,0.0966174602508544,0.7602945616077974,0.1711450142368731,0.5793395414223388,1000,0.6360579748566791,37.61340971011393
bbcnews,gmm_k2_s0,rq1_factorial,gmm,mixture,2,2,0.0,,,,0.2421326353649091,0.0803288519382476,0.9775036904058434,0.2216170554585038,0.389453785516627,1000,0.47909156492434857,97.43435796731082
bbcnews,gmm_k2_s1,rq1_factorial,gmm,mixture,2,2,1.0,,,,0.2421326353649091,0.0803288519382476,0.9775036904058434,0.2216170554585038,0.3894537855166272,1000,0.4790915649243485,97.43435796731082
bbcnews,gmm_k2_s2,rq1_factorial,gmm,mixture,2,2,2.0,,,,0.2421326353649091,0.0803288519382476,0.9775036904058434,0.2216170554585038,0.3894537855166272,1000,0.4790915649243485,97.43435796731082
bbcnews,gmm_k5_s0,rq1_factorial,gmm,mixture,5,5,0.0,,,,0.6625422212443419,0.0952944234013557,0.937058606642945,0.2134317367335721,0.6325119643590077,1000,0.7634984365953854,78.15761984808876
bbcnews,gmm_k5_s1,rq1_factorial,gmm,mixture,5,5,1.0,,,,0.6569403380602843,0.0848609209060669,0.9400212745498472,0.2242408813439748,0.6384897653071834,1000,0.7855200922105617,72.58729672304125
bbcnews,gmm_k5_s2,rq1_factorial,gmm,mixture,5,5,2.0,,,,0.6625422212443419,0.0952944234013557,0.937058606642945,0.2134317367335721,0.6325119643590075,1000,0.7634984365953854,78.15761984808877
bbcnews,gmm_k10_s0,rq1_factorial,gmm,mixture,10,10,0.0,,,,0.6139119036085414,0.0876718014478683,0.8809274868652573,0.2044487643980211,0.6354630026837701,1000,0.7415377818875004,54.0636034853356
bbcnews,gmm_k10_s1,rq1_factorial,gmm,mixture,10,10,1.0,,,,0.661406835096075,0.097426563501358,0.8867996983648418,0.2121491883786932,0.6362905983445266,1000,0.7564689651553448,54.51667155382739
bbcnews,gmm_k10_s2,rq1_factorial,gmm,mixture,10,10,2.0,,,,0.6564524512052444,0.0847444310784339,0.8845800605886142,0.1983133059048426,0.6341318558924246,1000,0.7516190564154925,53.89717658955933
bbcnews,gmm_k20_s0,rq1_factorial,gmm,mixture,20,20,0.0,,,,0.3815317432817668,0.0976895689964294,0.80444145337308,0.184597693585277,0.5683504324853649,1000,0.6449972155059428,36.07936973041974
bbcnews,gmm_k20_s1,rq1_factorial,gmm,mixture,20,20,1.0,,,,0.3941790536527494,0.0930301994085311,0.7933768747499432,0.1652210529708411,0.569407243353956,1000,0.64859679152567,34.95894182197558
bbcnews,gmm_k20_s2,rq1_factorial,gmm,mixture,20,20,2.0,,,,0.3581462297495558,0.0984679162502288,0.7997663454094945,0.190312453817278,0.5703827117870336,1000,0.6394008857185396,36.08788112639583
bbcnews,spectral_k2_s0,rq1_factorial,spectral,spectral,2,2,0.0,,,,0.2420924538315488,0.0805085152387619,0.9776703297361709,0.2218335480069187,0.3866216698229613,1000,0.4796409530646035,97.44814004468527
bbcnews,spectral_k2_s1,rq1_factorial,spectral,spectral,2,2,1.0,,,,0.2420924538315488,0.0805085152387619,0.9776703297361709,0.2218335480069187,0.3866216698229613,1000,0.4796409530646035,97.44814004468527
bbcnews,spectral_k2_s2,rq1_factorial,spectral,spectral,2,2,2.0,,,,0.2420924538315488,0.0805085152387619,0.9776703297361709,0.2218335480069187,0.3866216698229613,1000,0.4796409530646035,97.44814004468527
bbcnews,spectral_k5_s0,rq1_factorial,spectral,spectral,5,5,0.0,,,,0.5064330632688732,0.0641191527247428,0.9466007102238044,0.187518391770857,0.5395913668344307,1000,0.6595966402643436,60.39138692512544
bbcnews,spectral_k5_s1,rq1_factorial,spectral,spectral,5,5,1.0,,,,0.5064330632688732,0.0641191527247428,0.9466007102238044,0.187518391770857,0.5395913668344305,1000,0.6595966402643436,60.391386925125424
bbcnews,spectral_k5_s2,rq1_factorial,spectral,spectral,5,5,2.0,,,,0.5064330632688732,0.0641191527247428,0.9466007102238044,0.187518391770857,0.5395913668344307,1000,0.6595966402643436,60.391386925125424
bbcnews,spectral_k10_s0,rq1_factorial,spectral,spectral,10,10,0.0,,,,0.7674343063170941,0.1027685552835464,0.911962767509844,0.2403544906633736,0.6491645600153221,1000,0.7987481770276167,54.23440584886018
bbcnews,spectral_k10_s1,rq1_factorial,spectral,spectral,10,10,1.0,,,,0.7674343063170941,0.1027685552835464,0.9119627675098442,0.2403544906633736,0.6491645600153221,1000,0.7987481770276165,54.23440584886017
bbcnews,spectral_k10_s2,rq1_factorial,spectral,spectral,10,10,2.0,,,,0.7674343063170941,0.1027685552835464,0.911962767509844,0.2403544906633736,0.6491645600153222,1000,0.7987481770276167,54.23440584886017
bbcnews,spectral_k20_s0,rq1_factorial,spectral,spectral,20,20,0.0,,,,0.442715848326435,0.0871769785881042,0.8332634352268051,0.1787289181106994,0.5594067802559898,1000,0.6534153263451177,35.91908925298343
bbcnews,spectral_k20_s1,rq1_factorial,spectral,spectral,20,20,1.0,,,,0.4424723577522905,0.0867755711078643,0.8328533175519927,0.1771148912642717,0.5626595823455642,1000,0.6521058846733072,35.90343720300614
bbcnews,spectral_k20_s2,rq1_factorial,spectral,spectral,20,20,2.0,,,,0.4413463269352622,0.08799409866333,0.8334128477826201,0.1795184886387252,0.5589374141905283,1000,0.6528481350452092,35.96602712027834
bbcnews,ward_k2,rq1_factorial,ward,hierarchy,2,2,,,,,0.3558077882312439,0.0879554748535156,0.9384056694466956,0.2134638077740781,0.4242806625393422,1000,0.5192982872530332,106.6058907570768
bbcnews,ward_k5,rq1_factorial,ward,hierarchy,5,5,,,,,0.8447568044089888,0.1120011061429977,0.9052592130955144,0.2559356048398518,0.7037124984799837,1000,0.8206418492406278,82.92913456655923
bbcnews,ward_k10,rq1_factorial,ward,hierarchy,10,10,,,,,0.5948402639553154,0.1014986559748649,0.8560382836418792,0.2038198510159369,0.6178009405319519,1000,0.7039667242725922,55.21153853238537
bbcnews,ward_k20,rq1_factorial,ward,hierarchy,20,20,,,,,0.383360126064077,0.0834656730294227,0.7653161098879507,0.1555023830893133,0.5619084442325992,1000,0.6152320444681996,35.82451576403185
bbcnews,leiden_k2_s0,rq1_factorial,leiden,graph,2,2,0.0,,,,0.2416243053941812,0.0803560316562652,0.97806162464986,0.2214839100629156,0.3834239190084771,1000,0.47702269435939054,97.20049666694405
bbcnews,leiden_k2_s1,rq1_factorial,leiden,graph,2,2,1.0,,,,0.2416243053941812,0.0803560316562652,0.97806162464986,0.2214839100629156,0.3834239190084771,1000,0.47702269435939054,97.20049666694405
bbcnews,leiden_k2_s2,rq1_factorial,leiden,graph,2,2,2.0,,,,0.2416243053941812,0.0803560316562652,0.97806162464986,0.2214839100629156,0.3834239190084771,1000,0.47702269435939054,97.20049666694405
bbcnews,leiden_k5_s0,rq1_factorial,leiden,graph,5,5,0.0,,,,0.6761993521029624,0.0972610637545585,0.9395387829745552,0.2176089019200834,0.6195338458542055,1000,0.7746829899028698,79.10115411610867
bbcnews,leiden_k5_s1,rq1_factorial,leiden,graph,5,5,1.0,,,,0.644752874242816,0.0846658945083618,0.9426582529314934,0.2260497357716736,0.6190091480247739,1000,0.7741203155475099,72.69588363358787
bbcnews,leiden_k5_s2,rq1_factorial,leiden,graph,5,5,2.0,,,,0.644752874242816,0.0846658945083618,0.9426582529314934,0.2260497357716736,0.6190091480247739,1000,0.7741203155475099,72.69588363358787
bbcnews,leiden_k10_s0,rq1_factorial,leiden,graph,10,10,0.0,,,,0.6447633661260452,0.1107844188809394,0.8925969267794274,0.2367633756348107,0.6224724670423768,1000,0.754839272428036,57.41471960231507
bbcnews,leiden_k10_s1,rq1_factorial,leiden,graph,10,10,1.0,,,,0.6455385732079717,0.1110084578394889,0.8947709313109431,0.2367937333322439,0.6231503487832082,1000,0.7550362122762351,57.48463742719958
bbcnews,leiden_k10_s2,rq1_factorial,leiden,graph,10,10,2.0,,,,0.6553917278236006,0.091420978307724,0.8959886313550132,0.2107827217197381,0.6210915599250192,1000,0.7548494857675665,55.538948799005986
bbcnews,leiden_k20_s0,rq1_factorial,leiden,graph,20,20,0.0,,,,0.3672282940385406,0.1030371934175491,0.8141254994512375,0.2032650957007419,0.5659361677799155,1000,0.6440299372889972,37.15622652083681
bbcnews,leiden_k20_s1,rq1_factorial,leiden,graph,20,20,1.0,,,,0.3643968920769036,0.1030382066965103,0.8139644109195588,0.2040367020242893,0.5638071333437467,1000,0.6343378076079117,37.07299971857398
bbcnews,leiden_k20_s2,rq1_factorial,leiden,graph,20,20,2.0,,,,0.3710266709451736,0.1016019582748413,0.8163597043379722,0.2054841522757535,0.5536233045492152,1000,0.6309507353396606,36.891972937110864
clinc150,kmeans_k38_s0,rq1_factorial,kmeans,centroid,38,38,0.0,,,,0.2629386770245973,0.0879339501261711,0.8196989021547113,0.1375719603091811,0.4371119743915309,992,0.6420425192132089,55.10085540242709
clinc150,kmeans_k38_s1,rq1_factorial,kmeans,centroid,38,38,1.0,,,,0.3000805081231089,0.1150981336832046,0.8076199526110531,0.1363358580642447,0.4298163827038567,992,0.6479506056039281,57.92007499470683
clinc150,kmeans_k38_s2,rq1_factorial,kmeans,centroid,38,38,2.0,,,,0.2361302880112669,0.1144160032272338,0.7953608877420826,0.1393866591561275,0.4391532110652379,992,0.6475226745682272,57.719937249297644
clinc150,kmeans_k76_s0,rq1_factorial,kmeans,centroid,76,76,0.0,,,,0.323830997489086,0.1440833657979965,0.8047821942298421,0.1814201140477217,0.4334519936501318,992,0.7306989354200509,42.12440421762325
clinc150,kmeans_k76_s1,rq1_factorial,kmeans,centroid,76,76,1.0,,,,0.234893346837277,0.1585283130407333,0.8008030457129405,0.1933170770491943,0.433724874364054,992,0.7231604058787846,42.674919970309325
clinc150,kmeans_k76_s2,rq1_factorial,kmeans,centroid,76,76,2.0,,,,0.2368870319571119,0.1409279257059097,0.7901498246768326,0.1413236930766745,0.4249235192646158,992,0.715043452705131,41.98595145072435
clinc150,kmeans_k151_s0,rq1_factorial,kmeans,centroid,151,151,0.0,,,,0.2521448995524581,0.1953502297401428,0.7615633486117573,0.2399533298162643,0.4007149113776515,992,0.7748779692161498,31.273496604986523
clinc150,kmeans_k151_s1,rq1_factorial,kmeans,centroid,151,151,1.0,,,,0.2083764335931347,0.1926193237304687,0.7465729641899356,0.2216833510363893,0.3961152185570029,992,0.7550121683525333,31.109766994311304
clinc150,kmeans_k151_s2,rq1_factorial,kmeans,centroid,151,151,2.0,,,,0.2026576056263953,0.2018107622861862,0.7589476961911007,0.2325702979512095,0.3925588492486766,992,0.7664309129328855,31.589442933004307
clinc150,kmeans_k302_s0,rq1_factorial,kmeans,centroid,302,302,0.0,,,,0.1594554515634798,0.19732666015625,0.6466736450283183,0.2168552351858621,0.3333350676716736,992,0.7292694490277516,21.18394375709205
clinc150,kmeans_k302_s1,rq1_factorial,kmeans,centroid,302,302,1.0,,,,0.1534172859614602,0.2068758457899093,0.6416427348075406,0.225459382181311,0.3284485402610582,992,0.7231191753997945,21.22403020295495
clinc150,kmeans_k302_s2,rq1_factorial,kmeans,centroid,302,302,2.0,,,,0.1460657756970139,0.208126813173294,0.6539956115857731,0.2345837005849912,0.3283472089592458,992,0.7216223405548311,21.26108644429358
clinc150,kmeans_k604_s0,rq1_factorial,kmeans,centroid,604,604,0.0,,,,0.0903093429444628,0.200578436255455,0.4902405099070838,0.1950908942660534,0.2491622224792112,992,0.6354744777876121,14.297603570491232
clinc150,kmeans_k604_s1,rq1_factorial,kmeans,centroid,604,604,1.0,,,,0.087447570998592,0.2050894498825073,0.4775103360553549,0.1963025430523053,0.2486858969521478,992,0.6319269243364812,14.421449834728334
clinc150,kmeans_k604_s2,rq1_factorial,kmeans,centroid,604,604,2.0,,,,0.0913599482574276,0.1991139054298401,0.47038084608654,0.201739355645195,0.2445741053551198,992,0.6284303622427595,14.273519417628364
clinc150,gmm_k38_s0,rq1_factorial,gmm,mixture,38,38,0.0,,,,0.21454504253487,0.0822945013642311,0.887023883761717,0.1549053222127105,0.433059902586106,992,0.6745538964493208,50.78216010289584
clinc150,gmm_k38_s1,rq1_factorial,gmm,mixture,38,38,1.0,,,,0.211535600944404,0.0832335725426673,0.8811528032917487,0.1583107566986447,0.4328888479230813,992,0.6697567081120072,50.440273725994516
clinc150,gmm_k38_s2,rq1_factorial,gmm,mixture,38,38,2.0,,,,0.2443145243106947,0.0727837830781936,0.8904215643353737,0.1397297219689776,0.4239716935454187,992,0.6718538000195597,49.731235739604244
clinc150,gmm_k76_s0,rq1_factorial,gmm,mixture,76,76,0.0,,,,0.2056667843966887,0.1502121686935424,0.8550170074325288,0.2224448878447255,0.4183596644460797,992,0.737478704711071,40.75081377182376
clinc150,gmm_k76_s1,rq1_factorial,gmm,mixture,76,76,1.0,,,,0.2076240079455087,0.1490775346755981,0.8579652364126339,0.2226532175693606,0.4174257412226976,992,0.7341829215341095,40.65952128142502
clinc150,gmm_k76_s2,rq1_factorial,gmm,mixture,76,76,2.0,,,,0.2278870168087938,0.153149664402008,0.8566106958148979,0.2195730023109832,0.4325555473010928,992,0.7405142669534671,41.06728311330741
clinc150,gmm_k151_s0,rq1_factorial,gmm,mixture,151,151,0.0,,,,0.1895091205638817,0.2136403322219848,0.8063955103995049,0.2868238809724242,0.3867732773375563,992,0.7726976824067874,31.42759214590157
clinc150,gmm_k151_s1,rq1_factorial,gmm,mixture,151,151,1.0,,,,0.1925265658286585,0.2112902998924255,0.801786044748613,0.2781854471724543,0.3924871168281689,992,0.774112183703318,31.564412610632225
clinc150,gmm_k151_s2,rq1_factorial,gmm,mixture,151,151,2.0,,,,0.1908001992619497,0.2149019390344619,0.8070489978087082,0.2798213670198731,0.386788908970504,992,0.7724385017756968,31.570174577438095
clinc150,gmm_k302_s0,rq1_factorial,gmm,mixture,302,302,0.0,,,,0.1596066694478584,0.2234916985034942,0.7209161641350765,0.2633416620827728,0.3428438660074837,992,0.7439862277111287,20.86280988816298
clinc150,gmm_k302_s1,rq1_factorial,gmm,mixture,302,302,1.0,,,,0.1596657672653599,0.2268176972866058,0.7195529294522632,0.2783747288086802,0.3426497022452093,992,0.744521421943409,20.874823193316224
clinc150,gmm_k302_s2,rq1_factorial,gmm,mixture,302,302,2.0,,,,0.1607872112858913,0.218569129705429,0.721928541684866,0.2699668131288629,0.3424377201016587,992,0.7461178474625083,20.820591093727295
clinc150,gmm_k604_s0,rq1_factorial,gmm,mixture,604,599,0.0,,,,0.1256498261958046,0.1779700368642807,0.6098541697415343,0.1733730534703125,0.294876207404799,992,0.6946125415212479,13.144172059430016
clinc150,gmm_k604_s1,rq1_factorial,gmm,mixture,604,597,1.0,,,,0.1256726012760533,0.169497400522232,0.6111624413424592,0.1809988669491799,0.2951467694192348,992,0.6923741142971472,13.149212407215016
clinc150,gmm_k604_s2,rq1_factorial,gmm,mixture,604,595,2.0,,,,0.1233735699100654,0.1780418753623962,0.6057878048407298,0.1944027423788864,0.2964103717271019,992,0.6904100126773141,13.267688460580905
clinc150,spectral_k38_s0,rq1_factorial,spectral,spectral,38,38,0.0,,,,0.2329368898288261,0.0365411862730979,0.8988870373641507,0.0525451305401029,0.3854618048881868,992,0.6114801534804395,45.064329804865814
clinc150,spectral_k38_s1,rq1_factorial,spectral,spectral,38,38,1.0,,,,0.1925254118241419,0.0316980592906475,0.906847810970985,0.042202836674025,0.368233760999355,992,0.5965126277410787,43.923626993371094
clinc150,spectral_k38_s2,rq1_factorial,spectral,spectral,38,38,2.0,,,,0.1912314029658042,0.0245888121426105,0.9008736901885972,0.0209655416389446,0.3629406332589967,992,0.5820255589681191,41.39669002045388
clinc150,spectral_k76_s0,rq1_factorial,spectral,spectral,76,76,0.0,,,,0.3227177790238914,0.1153742223978042,0.8752801852806542,0.1684133781280805,0.3904324056288397,992,0.7189303077631815,36.26092433208723
clinc150,spectral_k76_s1,rq1_factorial,spectral,spectral,76,76,1.0,,,,0.308726492472123,0.1108803525567054,0.8741468586482741,0.1490737157888006,0.3720085414958315,992,0.7159881313660803,35.844681247459334
clinc150,spectral_k76_s2,rq1_factorial,spectral,spectral,76,76,2.0,,,,0.3083980718165691,0.1088268831372261,0.8739258433089071,0.1358312496128882,0.3748546676037382,992,0.7146018552639102,35.570602699732426
clinc150,spectral_k151_s0,rq1_factorial,spectral,spectral,151,151,0.0,,,,0.3618171395091122,0.1984454840421676,0.7917228067531396,0.2474877674511925,0.3825347762660812,992,0.800579425244999,30.77008791695144
clinc150,spectral_k151_s1,rq1_factorial,spectral,spectral,151,151,1.0,,,,0.3658082816042433,0.2008249312639236,0.7917066893810382,0.2514316456801888,0.3812788705285277,992,0.8018200487093191,30.905113752736824
clinc150,spectral_k151_s2,rq1_factorial,spectral,spectral,151,151,2.0,,,,0.3686588104614529,0.1986251324415207,0.7935198280903536,0.2482196159903998,0.3860710000717984,992,0.8010169962534217,30.88973045979111
clinc150,spectral_k302_s0,rq1_factorial,spectral,spectral,302,302,0.0,,,,0.2014499736771642,0.2003883123397827,0.6476055061105739,0.2221451496347262,0.3150921851555037,992,0.7175811293243682,20.803200174684697
clinc150,spectral_k302_s1,rq1_factorial,spectral,spectral,302,302,1.0,,,,0.1649992349981493,0.2050356864929199,0.6440960797566693,0.2226500599623606,0.3101149258705291,992,0.716074991858798,21.074397196924295
clinc150,spectral_k302_s2,rq1_factorial,spectral,spectral,302,302,2.0,,,,0.157446520924987,0.2063888907432556,0.6456163015880438,0.2228145571178698,0.3079266192391581,992,0.7143725490247443,21.195509013965196
clinc150,spectral_k604_s0,rq1_factorial,spectral,spectral,604,604,0.0,,,,0.0715662538850764,0.1966144740581512,0.4732904573906581,0.2083302338751755,0.2201641897742585,992,0.5983017714770053,13.52990419776744
clinc150,spectral_k604_s1,rq1_factorial,spectral,spectral,604,604,1.0,,,,0.0808986801613779,0.200868472456932,0.4760336871421219,0.222730379953785,0.218263324504767,992,0.6107122375827376,13.83188949585759
clinc150,spectral_k604_s2,rq1_factorial,spectral,spectral,604,604,2.0,,,,0.0776271568904344,0.2041270583868026,0.4734742846595289,0.2203313423104875,0.2241217816172241,992,0.6098895129821787,13.877890008701172
clinc150,ward_k38,rq1_factorial,ward,hierarchy,38,38,,,,,0.4522649570491142,0.10759237408638,0.8406029896963729,0.1390176579294139,0.4560590016019428,992,0.7067107861654551,56.3072252774387
clinc150,ward_k76,rq1_factorial,ward,hierarchy,76,76,,,,,0.3250128544700406,0.1612754315137863,0.8107465924037847,0.2119289712529196,0.4284965477946721,992,0.7609921303538097,42.738122665994815
clinc150,ward_k151,rq1_factorial,ward,hierarchy,151,151,,,,,0.2207267645645371,0.2046987265348434,0.7629882865649079,0.2374617280618824,0.3855960760100789,992,0.7920528608342081,31.86858766866638
clinc150,ward_k302,rq1_factorial,ward,hierarchy,302,302,,,,,0.1479174845214278,0.2373275905847549,0.6610225264821691,0.2527300160048831,0.3251785731317981,992,0.7428134120822171,22.244285152692683
clinc150,ward_k604,rq1_factorial,ward,hierarchy,604,604,,,,,0.0935495284294547,0.251641571521759,0.5164251211251243,0.2516307615112496,0.2500919451075857,992,0.6605641171440709,15.61069641584763
clinc150,leiden_k38_s0,rq1_factorial,leiden,graph,38,38,0.0,,,,0.2227698625435926,0.0928072929382324,0.892461141990287,0.1881135106566821,0.4147453538195705,992,0.6672818752587405,51.317139518758374
clinc150,leiden_k38_s1,rq1_factorial,leiden,graph,38,38,1.0,,,,0.1971060194432062,0.0831267237663269,0.8912191894605571,0.1817000673797453,0.3943115712265733,992,0.6601289340028902,50.206131911504464
clinc150,leiden_k38_s2,rq1_factorial,leiden,graph,38,38,2.0,,,,0.2153634865663798,0.0793280452489852,0.8910019538069879,0.1668528988100661,0.3966942997846738,992,0.6649037271974151,50.432062287660635
clinc150,leiden_k76_s0,rq1_factorial,leiden,graph,76,76,0.0,,,,0.1861531048157557,0.1552536636590957,0.860905152808302,0.2434617485451151,0.4166827981966215,992,0.7197215514761919,41.25017074935564
clinc150,leiden_k76_s1,rq1_factorial,leiden,graph,76,76,1.0,,,,0.1868795431014331,0.1557448357343673,0.8609221697249435,0.2582297269332441,0.4103709867101475,992,0.7198721859107491,41.05178251064873
clinc150,leiden_k76_s2,rq1_factorial,leiden,graph,76,76,2.0,,,,0.1898173795462805,0.1541306674480438,0.8609835442826834,0.2638576030983618,0.4152485679438806,992,0.7205294072943899,40.94849580731628
clinc150,leiden_k151_s0,rq1_factorial,leiden,graph,151,152,0.0,,,,0.1800951207632469,0.1688990145921707,0.8081718053711406,0.2392000828063044,0.3803661088761477,992,0.7559455019577168,31.330074485945385
clinc150,leiden_k151_s1,rq1_factorial,leiden,graph,151,151,1.0,,,,0.1799966675451308,0.219030812382698,0.8080014769134242,0.3080733570823318,0.3767648172201391,992,0.7557457371640471,31.490571669254763
clinc150,leiden_k151_s2,rq1_factorial,leiden,graph,151,151,2.0,,,,0.1778155167045657,0.2187763601541519,0.807686440466831,0.3092301168549606,0.3799346103343591,992,0.7514698916218852,31.437914753784046
clinc150,leiden_k302_s0,rq1_factorial,leiden,graph,302,302,0.0,,,,0.1585044581350716,0.1939931660890579,0.7324965974701596,0.2536183088555282,0.3399619322752168,992,0.7377818445852152,20.839736336211633
clinc150,leiden_k302_s1,rq1_factorial,leiden,graph,302,302,1.0,,,,0.158666626275101,0.1951003670692443,0.7349178462185428,0.2543431749294191,0.3416568597910461,992,0.737407796858118,20.794722907869463
clinc150,leiden_k302_s2,rq1_factorial,leiden,graph,302,302,2.0,,,,0.159081242247829,0.1880745738744735,0.7336187061225721,0.2523309541349701,0.3411506455401366,992,0.7382111942662515,20.680799766996984
clinc150,leiden_k604_s0,rq1_factorial,leiden,graph,604,602,0.0,,,,0.1044628147671313,0.1132250726222992,0.5622169469927834,0.1337897289856447,0.2670346498015197,992,0.6566885063800753,13.160821601023924
clinc150,leiden_k604_s1,rq1_factorial,leiden,graph,604,604,1.0,,,,0.1052482128155982,0.1196777448058128,0.565550078603067,0.1462487318364823,0.2664565665300584,992,0.6564025510642554,13.073058796141623
clinc150,leiden_k604_s2,rq1_factorial,leiden,graph,604,605,2.0,,,,0.1038747931557924,0.1138889491558075,0.5617739350273651,0.1422625707636797,0.2642563756272936,992,0.6549368711061272,13.174263826158189
clinc150_domain,kmeans_k2_s0,rq1_factorial,kmeans,centroid,2,2,0.0,,,,0.1212489155476718,0.0905511230230331,0.8866572066526157,0.1419738998830813,0.2576656887017867,971,0.2726746087406363,187.68867979357142
clinc150_domain,kmeans_k2_s1,rq1_factorial,kmeans,centroid,2,2,1.0,,,,0.1104221122989038,0.0584358572959899,0.9197529257649496,0.1145124426472273,0.2922156136104801,971,0.2796658879766973,202.7931930200334
clinc150_domain,kmeans_k2_s2,rq1_factorial,kmeans,centroid,2,2,2.0,,,,0.1104221122989038,0.0584358572959899,0.9197529257649496,0.1145124426472273,0.2922156136104801,971,0.2796658879766973,202.7931930200334
clinc150_domain,kmeans_k5_s0,rq1_factorial,kmeans,centroid,5,5,0.0,,,,0.2978647185660307,0.0864597633481025,0.9009967924378456,0.1555615010160332,0.5316295046676691,971,0.48993594070544494,151.66843097510954
clinc150_domain,kmeans_k5_s1,rq1_factorial,kmeans,centroid,5,5,1.0,,,,0.2976961535845761,0.086522065103054,0.9006276706929038,0.1557655250275004,0.5316295046676691,971,0.4901543104419738,151.67229338379286
clinc150_domain,kmeans_k5_s2,rq1_factorial,kmeans,centroid,5,5,2.0,,,,0.2762597016987198,0.0942118763923645,0.8738904044333726,0.1396800783397823,0.5238510053583869,971,0.4373786750811528,141.90316337829273
clinc150_domain,kmeans_k10_s0,rq1_factorial,kmeans,centroid,10,10,0.0,,,,0.418996473418845,0.093297392129898,0.8802270925273883,0.116358681113755,0.6154847964309058,971,0.5720399673676758,106.16254312133587
clinc150_domain,kmeans_k10_s1,rq1_factorial,kmeans,centroid,10,10,1.0,,,,0.3048630633003696,0.0874551683664321,0.8580808504814535,0.1035484714884319,0.5536013587083888,971,0.4688151636235259,98.93519813941289
clinc150_domain,kmeans_k10_s2,rq1_factorial,kmeans,centroid,10,10,2.0,,,,0.3322558869781182,0.0852802768349647,0.8583047843337691,0.1156534516753245,0.5969694478983918,971,0.4933977015256817,104.19421906900632
clinc150_domain,kmeans_k20_s0,rq1_factorial,kmeans,centroid,20,20,0.0,,,,0.3767358086501318,0.12363201379776,0.872515794622077,0.1697827013957862,0.6522475395876672,971,0.5877068253483477,79.22593621098771
clinc150_domain,kmeans_k20_s1,rq1_factorial,kmeans,centroid,20,20,1.0,,,,0.4073240920121818,0.1172871887683868,0.865225920180288,0.1176072122458359,0.629994198976746,971,0.593648794105106,77.58344552968678
clinc150_domain,kmeans_k20_s2,rq1_factorial,kmeans,centroid,20,20,2.0,,,,0.3455522968398801,0.1260539442300796,0.8714489938052125,0.1683821180048669,0.6251663289471042,971,0.5633742219202872,78.0265767681705
clinc150_domain,kmeans_k40_s0,rq1_factorial,kmeans,centroid,40,40,0.0,,,,0.2671352930844368,0.1637041568756103,0.8722395314235778,0.185374938608553,0.6363469656357621,971,0.5868271528750043,58.9546472437468
clinc150_domain,kmeans_k40_s1,rq1_factorial,kmeans,centroid,40,40,1.0,,,,0.2726037613832601,0.1569787561893463,0.8768812277120042,0.1800123876078442,0.626517649762731,971,0.5967975589132899,58.9386694821898
clinc150_domain,kmeans_k40_s2,rq1_factorial,kmeans,centroid,40,40,2.0,,,,0.2708926129874469,0.1422976404428482,0.8780378796744851,0.1731939175941975,0.6134404717035752,971,0.5810119906110603,54.89001179274691
clinc150_domain,gmm_k2_s0,rq1_factorial,gmm,mixture,2,2,0.0,,,,0.0942529006433312,0.0408640764653682,0.98035128754083,0.0772321692201738,0.2623443253145185,971,0.28150901884439067,183.16575680458664
clinc150_domain,gmm_k2_s1,rq1_factorial,gmm,mixture,2,2,1.0,,,,0.06174412040194,0.0359693877398967,0.9490666666666668,0.0605531606543705,0.1714403732203659,971,0.12173019065417306,84.53217485502702
clinc150_domain,gmm_k2_s2,rq1_factorial,gmm,mixture,2,2,2.0,,,,0.1087050859162595,0.0653421729803085,0.9699856911376528,0.1269881098880104,0.2522188921736194,971,0.24038744719244212,135.22301167272414
clinc150_domain,gmm_k5_s0,rq1_factorial,gmm,mixture,5,5,0.0,,,,0.2825132616758479,0.0495544448494911,0.9732189629760278,0.1428727036503817,0.5202720323964614,971,0.4954342769222861,115.2420888465189
clinc150_domain,gmm_k5_s1,rq1_factorial,gmm,mixture,5,5,1.0,,,,0.2465591050534849,0.0253964401781559,0.969094222997068,0.0834156569102615,0.4516786850482184,971,0.446099666109431,102.7430260567613
clinc150_domain,gmm_k5_s2,rq1_factorial,gmm,mixture,5,5,2.0,,,,0.2283768620938653,0.0207594614475965,0.963695923481273,0.0411235474292471,0.4177673388117169,971,0.4069511345412503,91.59736581610267
clinc150_domain,gmm_k10_s0,rq1_factorial,gmm,mixture,10,10,0.0,,,,0.3393396443826059,0.0703294575214386,0.9626995984177418,0.1406370878687241,0.5762008267390962,971,0.5369216371922885,82.03363895139374
clinc150_domain,gmm_k10_s1,rq1_factorial,gmm,mixture,10,10,1.0,,,,0.3195323473228199,0.0567504502832889,0.9676747850858626,0.1426053485407785,0.5607323741721107,971,0.5469793277472221,83.4238493605569
clinc150_domain,gmm_k10_s2,rq1_factorial,gmm,mixture,10,10,2.0,,,,0.3161203852784505,0.0568948164582252,0.970180045285402,0.1316886850663694,0.5456165649315113,971,0.5423172201024808,81.84638519271753
clinc150_domain,gmm_k20_s0,rq1_factorial,gmm,mixture,20,20,0.0,,,,0.3503598543477092,0.082520306110382,0.9596178807849192,0.1777228210652375,0.6312504003758406,971,0.5841204693692053,64.90132334293996
clinc150_domain,gmm_k20_s1,rq1_factorial,gmm,mixture,20,20,1.0,,,,0.3443706823798238,0.0753059089183807,0.9604463392966184,0.1654152069499877,0.5969649767701496,971,0.5762276207441451,63.71577778967197
clinc150_domain,gmm_k20_s2,rq1_factorial,gmm,mixture,20,20,2.0,,,,0.38283506309695,0.0752623975276947,0.9634495475566746,0.1759396179552346,0.6340181175664837,971,0.6087593227951662,64.08031817759316
clinc150_domain,gmm_k40_s0,rq1_factorial,gmm,mixture,40,40,0.0,,,,0.3330746791130329,0.1294014304876327,0.9533883219930572,0.2749060606541425,0.6407357335548373,971,0.6141201756467087,50.9654655708982
clinc150_domain,gmm_k40_s1,rq1_factorial,gmm,mixture,40,40,1.0,,,,0.3292410283928451,0.134950190782547,0.9503502257653694,0.2679017706108814,0.6174413367373721,971,0.611040894000832,50.55400149243679
clinc150_domain,gmm_k40_s2,rq1_factorial,gmm,mixture,40,40,2.0,,,,0.2993962854964697,0.1374780833721161,0.9512711916895626,0.2679458350670909,0.6390085205119697,971,0.6068115333529209,52.21728656849888
clinc150_domain,spectral_k2_s0,rq1_factorial,spectral,spectral,2,2,0.0,,,,0.0001739388276469,0.0042700553312897,0.9966442953020166,0.2121842206164853,0.0041693705580212,971,0.012351960258525552,19.407484805712116
clinc150_domain,spectral_k2_s1,rq1_factorial,spectral,spectral,2,2,1.0,,,,0.0001739388276469,0.0042700553312897,0.9966442953020166,0.2121842206164853,0.0041693705580212,971,0.012351960258525552,19.407484805712116
clinc150_domain,spectral_k2_s2,rq1_factorial,spectral,spectral,2,2,2.0,,,,0.0001739388276469,0.0042700553312897,0.9966442953020166,0.2121842206164853,0.0041693705580212,971,0.012351960258525552,19.407484805712116
clinc150_domain,spectral_k5_s0,rq1_factorial,spectral,spectral,5,5,0.0,,,,0.0026537001350212,-0.0517776273190975,0.9896037975752274,0.0053799237652626,0.0288796231243538,971,0.07252198220010157,25.38965003377296
clinc150_domain,spectral_k5_s1,rq1_factorial,spectral,spectral,5,5,1.0,,,,0.0026537001350212,-0.0517776273190975,0.9896037975752274,0.0053799237652626,0.0288796231243538,971,0.07252198220010157,25.38965003377296
clinc150_domain,spectral_k5_s2,rq1_factorial,spectral,spectral,5,5,2.0,,,,0.0026537001350212,-0.0517776273190975,0.9896037975752274,0.0053799237652626,0.0288796231243538,971,0.07252198220010157,25.38965003377296
clinc150_domain,spectral_k10_s0,rq1_factorial,spectral,spectral,10,10,0.0,,,,0.1188641906754321,-0.0070653324946761,0.9771987069588824,0.0396207738757526,0.3807427958875659,971,0.39271798998713975,56.05827645303233
clinc150_domain,spectral_k10_s1,rq1_factorial,spectral,spectral,10,10,1.0,,,,0.1188641906754321,-0.0070653324946761,0.9771987069588824,0.0396207738757526,0.3807427958875659,971,0.39271798998713975,56.05827645303233
clinc150_domain,spectral_k10_s2,rq1_factorial,spectral,spectral,10,10,2.0,,,,0.1188641906754321,-0.0070653324946761,0.9771987069588824,0.0396207738757526,0.380742795887566,971,0.39271798998713975,56.05827645303233
clinc150_domain,spectral_k20_s0,rq1_factorial,spectral,spectral,20,20,0.0,,,,0.3166151196830013,0.0435724593698978,0.9680298402406292,0.1328180309517146,0.5575550180539995,971,0.5552725193522454,56.295521484217794
clinc150_domain,spectral_k20_s1,rq1_factorial,spectral,spectral,20,20,1.0,,,,0.3166151196830013,0.0435724593698978,0.9680298402406292,0.1328180309517146,0.5575550180539993,971,0.5552725193522455,56.295521484217765
clinc150_domain,spectral_k20_s2,rq1_factorial,spectral,spectral,20,20,2.0,,,,0.3166151196830013,0.0435724593698978,0.9680298402406292,0.1328180309517146,0.5575550180539993,971,0.5552725193522456,56.29552148421778
clinc150_domain,spectral_k40_s0,rq1_factorial,spectral,spectral,40,40,0.0,,,,0.3065750786796444,0.1081318259239196,0.9501972563245454,0.2057100863528415,0.584511403469022,971,0.5852226459921422,47.696831264886754
clinc150_domain,spectral_k40_s1,rq1_factorial,spectral,spectral,40,40,1.0,,,,0.3102125182881227,0.109698511660099,0.9502477208463668,0.2092858894833269,0.5842302377182609,971,0.5804269058497954,48.40667087210735
clinc150_domain,spectral_k40_s2,rq1_factorial,spectral,spectral,40,40,2.0,,,,0.24261068540226,0.1090426966547966,0.9540831983943868,0.1911465741172765,0.5793751669908834,971,0.5563849956028935,47.5128127739428
clinc150_domain,ward_k2,rq1_factorial,ward,hierarchy,2,2,,,,,0.0975995840287881,0.0430462025105953,0.9795753385883504,0.0781392943916967,0.2698819145405461,971,0.3054005749287511,192.12916215911935
clinc150_domain,ward_k5,rq1_factorial,ward,hierarchy,5,5,,,,,0.3372957781149584,0.0740055441856384,0.9628910505028038,0.1403413169387821,0.5813760701174725,971,0.5599665684993497,137.29008098137848
clinc150_domain,ward_k10,rq1_factorial,ward,hierarchy,10,10,,,,,0.428119555672764,0.1119817942380905,0.9492518908610684,0.1642932208735636,0.6708020025032498,971,0.6304153133842246,101.04854708905695
clinc150_domain,ward_k20,rq1_factorial,ward,hierarchy,20,20,,,,,0.3996047024905594,0.1155656203627586,0.9352297031748344,0.1694761685370201,0.6566030215582417,971,0.6471964110153635,76.82468270111183
clinc150_domain,ward_k40,rq1_factorial,ward,hierarchy,40,40,,,,,0.3345958654567169,0.1756153106689453,0.9177709364051272,0.2406614163939672,0.658236661362968,971,0.6470769552541619,59.19492373337179
clinc150_domain,leiden_k2_s0,rq1_factorial,leiden,graph,2,2,0.0,,,,0.0001739388276469,0.0042700553312897,0.9966442953020166,0.2121842206164853,0.0041693705580212,971,0.012351960258525552,19.407484805712116
clinc150_domain,leiden_k2_s1,rq1_factorial,leiden,graph,2,2,1.0,,,,0.0001739388276469,0.0042700553312897,0.9966442953020166,0.2121842206164853,0.0041693705580212,971,0.012351960258525552,19.407484805712116
clinc150_domain,leiden_k2_s2,rq1_factorial,leiden,graph,2,2,2.0,,,,0.0094103805306094,-0.0127645675092935,0.9859112752892604,0.0478313085918135,0.1050797594841893,971,0.09444048759987726,73.92904772165272
clinc150_domain,leiden_k5_s0,rq1_factorial,leiden,graph,5,6,0.0,,,,0.1112702502957942,-0.0033433609642088,0.980118541177754,0.0520478542523945,0.3219754948918281,971,0.3685739183790227,74.0298366585964
clinc150_domain,leiden_k5_s1,rq1_factorial,leiden,graph,5,5,1.0,,,,0.1114857071122435,0.0077197994105517,0.9813726489910438,0.0644241544885916,0.3223851647101199,971,0.3210435802588707,76.0903415067526
clinc150_domain,leiden_k5_s2,rq1_factorial,leiden,graph,5,5,2.0,,,,0.1117768491254588,0.0208643600344657,0.9805761043955274,0.0854937499447995,0.3287748221033382,971,0.33583424583149474,85.5417227708682
clinc150_domain,leiden_k10_s0,rq1_factorial,leiden,graph,10,10,0.0,,,,0.3167896067775985,0.0529039986431598,0.9739554228601538,0.1662036648634703,0.5498507380074777,971,0.5329508280945454,79.12575871299221
clinc150_domain,leiden_k10_s1,rq1_factorial,leiden,graph,10,11,1.0,,,,0.3369312689096702,0.0551297068595886,0.9734779517068308,0.1576087127257733,0.5442243773964452,971,0.5493146725793521,74.4758035885552
clinc150_domain,leiden_k10_s2,rq1_factorial,leiden,graph,10,10,2.0,,,,0.3353024397440941,0.0666540712118148,0.9709142092917868,0.1577876044077858,0.5579342758591836,971,0.5376211533278371,81.82737399231264
clinc150_domain,leiden_k20_s0,rq1_factorial,leiden,graph,20,19,0.0,,,,0.3525314933814921,0.0926654189825058,0.9630556766487472,0.2083168793119643,0.6149509869474147,971,0.5652116380768579,67.59257754970261
clinc150_domain,leiden_k20_s1,rq1_factorial,leiden,graph,20,20,1.0,,,,0.3602605348593951,0.0960009023547172,0.9616333731566048,0.1922344356939518,0.6138909328848849,971,0.5728391378514746,67.32171094425374
clinc150_domain,leiden_k20_s2,rq1_factorial,leiden,graph,20,20,2.0,,,,0.3606037602020059,0.0906916111707687,0.9632417124124688,0.2083074248794076,0.6076274592165127,971,0.5708963312985154,65.03892150950934
clinc150_domain,leiden_k40_s0,rq1_factorial,leiden,graph,40,40,0.0,,,,0.2913868524011879,0.1315321177244186,0.948375751898326,0.2495927555782947,0.6249704320034161,971,0.5932890434926001,52.92587213062905
clinc150_domain,leiden_k40_s1,rq1_factorial,leiden,graph,40,39,1.0,,,,0.2678376853898156,0.1315607577562332,0.9490804369059576,0.2709094512245291,0.6335465671630361,971,0.5866443644593465,53.38681294501061
clinc150_domain,leiden_k40_s2,rq1_factorial,leiden,graph,40,40,2.0,,,,0.2944714377619366,0.1468423455953598,0.9516522501842114,0.2933887845608164,0.6366411643936352,971,0.5963029151858328,53.77933247663158
dbpedia,kmeans_k4_s0,rq1_factorial,kmeans,centroid,4,4,0.0,,,,0.2690636847020601,0.0397042781114578,0.8788097003137111,0.0940903464545394,0.5856169869260284,999,0.5744887945935115,96.91254602843892
dbpedia,kmeans_k4_s1,rq1_factorial,kmeans,centroid,4,4,1.0,,,,0.2232220931956444,0.0660515129566192,0.8890176525210567,0.1431255179285958,0.500398456618981,999,0.5109982960553007,73.95954094222559
dbpedia,kmeans_k4_s2,rq1_factorial,kmeans,centroid,4,4,2.0,,,,0.3085670183234529,0.072155974805355,0.8598039894375861,0.1260168980913479,0.5953652847847041,999,0.580390892253536,95.12914942495583
dbpedia,kmeans_k7_s0,rq1_factorial,kmeans,centroid,7,7,0.0,,,,0.4090180246648308,0.0642072781920433,0.8534006008341818,0.1302046222936378,0.669063765540168,999,0.6728121444281236,77.3301159267406
dbpedia,kmeans_k7_s1,rq1_factorial,kmeans,centroid,7,7,1.0,,,,0.4087339966437129,0.0640974566340446,0.851243244079118,0.1293712111657254,0.6650256610545684,999,0.670949195781039,77.33673613852295
dbpedia,kmeans_k7_s2,rq1_factorial,kmeans,centroid,7,7,2.0,,,,0.4847132772484663,0.0771921947598457,0.8531402200237737,0.1666947049496923,0.7173938570365286,999,0.7120351747146814,78.43925733737493
dbpedia,kmeans_k14_s0,rq1_factorial,kmeans,centroid,14,14,0.0,,,,0.5094869363406447,0.0267420895397663,0.7338778638319168,0.091744186229518,0.6600640626948054,999,0.7174585057883687,52.317929748386746
dbpedia,kmeans_k14_s1,rq1_factorial,kmeans,centroid,14,14,1.0,,,,0.5421195937376283,0.0382391810417175,0.7246853104185246,0.1067522866712294,0.6694537953929532,999,0.723194951763951,53.75468381246216
dbpedia,kmeans_k14_s2,rq1_factorial,kmeans,centroid,14,14,2.0,,,,0.6221186698057808,0.0913290306925773,0.7937217690864327,0.1695715378040301,0.6993836310819642,999,0.7728710186592627,53.880615969564495
dbpedia,kmeans_k28_s0,rq1_factorial,kmeans,centroid,28,28,0.0,,,,0.540504000334712,0.0472333841025829,0.6361464515214443,0.0930011754223822,0.6413426373877463,999,0.7403093077525476,33.952124615516745
dbpedia,kmeans_k28_s1,rq1_factorial,kmeans,centroid,28,28,1.0,,,,0.53353302994772,0.0429553650319576,0.6309656515693456,0.0803942057524871,0.6659152700142061,999,0.75396224846619,33.73720712325607
dbpedia,kmeans_k28_s2,rq1_factorial,kmeans,centroid,28,28,2.0,,,,0.524390251149139,0.0432397276163101,0.6588948083102091,0.0872328686537228,0.633990007781224,999,0.7170681583383124,33.285083529245036
dbpedia,kmeans_k56_s0,rq1_factorial,kmeans,centroid,56,56,0.0,,,,0.3786148619662985,0.0301825925707817,0.5423439657359891,0.052752986238825,0.6073894991905302,999,0.6965669437191622,20.451401625565804
dbpedia,kmeans_k56_s1,rq1_factorial,kmeans,centroid,56,56,1.0,,,,0.3719843786897427,0.0237727016210556,0.5420249626336938,0.0467028778571309,0.6080025641137804,999,0.6895171568566972,20.672574818553993
dbpedia,kmeans_k56_s2,rq1_factorial,kmeans,centroid,56,56,2.0,,,,0.3702686192403774,0.0121302073821425,0.5134715861650179,0.0226462798134189,0.5928431199323627,999,0.6794808411252654,20.12590721706976
dbpedia,gmm_k4_s0,rq1_factorial,gmm,mixture,4,4,0.0,,,,0.1987282487778657,0.0334769636392593,0.930268776934419,0.077368730347834,0.5297998954119868,999,0.5031853544347321,87.42545462006565
dbpedia,gmm_k4_s1,rq1_factorial,gmm,mixture,4,4,1.0,,,,0.2659217539741817,0.0425737760961055,0.9093366216883576,0.1028778697545725,0.6273360594577884,999,0.5803013054263073,95.33380482794351
dbpedia,gmm_k4_s2,rq1_factorial,gmm,mixture,4,4,2.0,,,,0.1987282487778657,0.0334769636392593,0.930268776934419,0.077368730347834,0.5297998954119868,999,0.5031853544347321,87.42545462006565
dbpedia,gmm_k7_s0,rq1_factorial,gmm,mixture,7,7,0.0,,,,0.3954424136533155,0.0602997094392776,0.8881658303077423,0.1373574398479355,0.6915384945378014,999,0.6756752366095358,70.34778602741899
dbpedia,gmm_k7_s1,rq1_factorial,gmm,mixture,7,7,1.0,,,,0.433047784627142,0.0681505650281906,0.8841178176832002,0.1553587704569459,0.6969584745030629,999,0.6838556980979329,72.31101155446652
dbpedia,gmm_k7_s2,rq1_factorial,gmm,mixture,7,7,2.0,,,,0.3802305692552994,0.0745048448443412,0.8997138073503967,0.1664903388235594,0.7043831641775431,999,0.686341895649961,74.55169268766039
dbpedia,gmm_k14_s0,rq1_factorial,gmm,mixture,14,14,0.0,,,,0.6159892750961043,0.084291324019432,0.8354768000791128,0.1759115934387535,0.722536329380276,999,0.7823806871845176,51.497443599294925
dbpedia,gmm_k14_s1,rq1_factorial,gmm,mixture,14,14,1.0,,,,0.6091685688518322,0.0655086562037468,0.8376030034644342,0.1528848360129982,0.7558528160961047,999,0.7879493059804072,50.92679049782456
dbpedia,gmm_k14_s2,rq1_factorial,gmm,mixture,14,14,2.0,,,,0.6670940137035414,0.0671210512518882,0.8293750155686445,0.151827400062304,0.7394905317291287,999,0.804309461198408,52.11695556774533
dbpedia,gmm_k28_s0,rq1_factorial,gmm,mixture,28,28,0.0,,,,0.6130379340797968,0.0615952312946319,0.7420189294634056,0.1489232164312963,0.6804871912309001,999,0.7616559146278263,32.71508958006861
dbpedia,gmm_k28_s1,rq1_factorial,gmm,mixture,28,28,1.0,,,,0.5914528979917043,0.04833460226655,0.7399750156345113,0.1223241966629481,0.6864869572138637,999,0.7560493848896748,32.3187214117069
dbpedia,gmm_k28_s2,rq1_factorial,gmm,mixture,28,28,2.0,,,,0.5815146724958097,0.0620087236166,0.7284668355034046,0.1351940010569449,0.6891299874054287,999,0.7604415177100444,32.94914151869748
dbpedia,gmm_k56_s0,rq1_factorial,gmm,mixture,56,56,0.0,,,,0.4373590298455441,0.0459629893302917,0.6168714549805897,0.0911877783679945,0.6186067675354202,999,0.7067498477582247,19.79358487682668
dbpedia,gmm_k56_s1,rq1_factorial,gmm,mixture,56,56,1.0,,,,0.4269160621468452,0.0381880775094032,0.6044344549832055,0.0743992388331395,0.620707954541845,999,0.7057723813431575,19.76179587697705
dbpedia,gmm_k56_s2,rq1_factorial,gmm,mixture,56,56,2.0,,,,0.3853627565326012,0.0426005758345127,0.585934293373006,0.0873995777908266,0.6165388404339243,999,0.7009946576681902,19.76972911083586
dbpedia,spectral_k4_s0,rq1_factorial,spectral,spectral,4,4,0.0,,,,0.197239145417347,0.034887108951807,0.9277271002861932,0.0789059175649428,0.5112241454374982,999,0.4991680285677393,87.67861227603998
dbpedia,spectral_k4_s1,rq1_factorial,spectral,spectral,4,4,1.0,,,,0.197239145417347,0.034887108951807,0.9277271002861932,0.0789059175649428,0.5112241454374982,999,0.4991680285677393,87.67861227603998
dbpedia,spectral_k4_s2,rq1_factorial,spectral,spectral,4,4,2.0,,,,0.197239145417347,0.034887108951807,0.9277271002861932,0.0789059175649428,0.5112241454374982,999,0.4991680285677393,87.67861227603998
dbpedia,spectral_k7_s0,rq1_factorial,spectral,spectral,7,7,0.0,,,,0.3549466679059597,0.0692647844552993,0.9003038097720941,0.1484518312237064,0.6629120025667931,999,0.6516127652725116,72.06216280077282
dbpedia,spectral_k7_s1,rq1_factorial,spectral,spectral,7,7,1.0,,,,0.3549466679059597,0.0692647844552993,0.9003038097720941,0.1484518312237064,0.6629120025667931,999,0.6516127652725116,72.06216280077282
dbpedia,spectral_k7_s2,rq1_factorial,spectral,spectral,7,7,2.0,,,,0.3549466679059597,0.0692647844552993,0.9003038097720941,0.1484518312237064,0.662912002566793,999,0.6516127652725116,72.06216280077284
dbpedia,spectral_k14_s0,rq1_factorial,spectral,spectral,14,14,0.0,,,,0.319680017084784,0.021675631403923,0.817923957386645,0.096499937651538,0.6084738023177565,999,0.6658347454053294,46.21857222956333
dbpedia,spectral_k14_s1,rq1_factorial,spectral,spectral,14,14,1.0,,,,0.4611029452750583,0.0308397766202688,0.8272118247171435,0.1215254378002735,0.6686261235442663,999,0.716368967844043,49.22227034486422
dbpedia,spectral_k14_s2,rq1_factorial,spectral,spectral,14,14,2.0,,,,0.3575055956951576,0.0246313549578189,0.8176464146235133,0.1085066350725358,0.6191957744226331,999,0.6844339849470107,46.835409584971615
dbpedia,spectral_k28_s0,rq1_factorial,spectral,spectral,28,28,0.0,,,,0.5124737976671273,0.0480707474052906,0.7473011990594823,0.1247476496046091,0.6458402182496554,999,0.7042787678685027,32.21182733594374
dbpedia,spectral_k28_s1,rq1_factorial,spectral,spectral,28,28,1.0,,,,0.5044943323844395,0.0470503792166709,0.7486392768943942,0.1235667521593885,0.6438536065324928,999,0.6999981758589098,31.97497361666123
dbpedia,spectral_k28_s2,rq1_factorial,spectral,spectral,28,28,2.0,,,,0.5110000513287764,0.0476277284324169,0.7481475712618312,0.124041238206505,0.6461370675592244,999,0.7031148180911251,32.128460717408785
dbpedia,spectral_k56_s0,rq1_factorial,spectral,spectral,56,56,0.0,,,,0.3962261085324705,0.0356679297983646,0.6083129385151903,0.0814798645161657,0.5825125232087246,999,0.6609144842749813,19.520485215116548
dbpedia,spectral_k56_s1,rq1_factorial,spectral,spectral,56,56,1.0,,,,0.3950627793305405,0.0355740301311016,0.6060419313758326,0.0845633448687726,0.5843874007073271,999,0.6611884382756275,19.46743164577527
dbpedia,spectral_k56_s2,rq1_factorial,spectral,spectral,56,56,2.0,,,,0.4011850466306174,0.0364215821027755,0.6085238483017564,0.0853955542667264,0.5905634002144504,999,0.6679869182000918,19.51322268847957
dbpedia,ward_k4,rq1_factorial,ward,hierarchy,4,4,,,,,0.25481357516433,0.030342262238264,0.8754613515243398,0.0743130142695199,0.579929492880373,999,0.5508525345042835,90.39037651692918
dbpedia,ward_k7,rq1_factorial,ward,hierarchy,7,7,,,,,0.4057542761974755,0.058386143296957,0.8409085475860385,0.1259634842858183,0.6753327485610935,999,0.6534375194053639,72.7324345295952
dbpedia,ward_k14,rq1_factorial,ward,hierarchy,14,14,,,,,0.5249624724582267,0.0313853472471237,0.7425009270056037,0.0933031994380466,0.6804384765719342,999,0.71321049913515,50.235005255264845
dbpedia,ward_k28,rq1_factorial,ward,hierarchy,28,28,,,,,0.5455597299520355,0.0306500550359487,0.655275950693876,0.0580243039104665,0.6313226053497227,999,0.7175196405493296,32.14504100403349
dbpedia,ward_k56,rq1_factorial,ward,hierarchy,56,56,,,,,0.3767384555851611,0.0148778241127729,0.5291023504255152,0.0248548833340807,0.5756079383277292,999,0.6681395685632304,19.86915577789341
dbpedia,leiden_k4_s0,rq1_factorial,leiden,graph,4,4,0.0,,,,0.1989845290714796,0.034061137586832,0.9319455920359068,0.0780110545576865,0.5207811968216093,999,0.5045852043720759,87.58737361317205
dbpedia,leiden_k4_s1,rq1_factorial,leiden,graph,4,4,1.0,,,,0.196965569130478,0.0246809981763362,0.9285048583410042,0.061693307674733,0.5195277101331031,999,0.4991636160052126,79.80843707572882
dbpedia,leiden_k4_s2,rq1_factorial,leiden,graph,4,4,2.0,,,,0.1989845290714796,0.034061137586832,0.9319455920359068,0.0780110545576865,0.5207811968216093,999,0.5045852043720759,87.58737361317205
dbpedia,leiden_k7_s0,rq1_factorial,leiden,graph,7,7,0.0,,,,0.3853561780077353,0.0792120769619941,0.9012908379787274,0.1742796735742043,0.6847848960928807,999,0.6789319808661534,73.7967954881954
dbpedia,leiden_k7_s1,rq1_factorial,leiden,graph,7,7,1.0,,,,0.3805976638703121,0.0754646956920623,0.9021984442260308,0.1681127327374977,0.6906636160997605,999,0.6826506806695448,74.7144657768105
dbpedia,leiden_k7_s2,rq1_factorial,leiden,graph,7,7,2.0,,,,0.4300823554967192,0.0754605680704116,0.8932621802007042,0.1640183578001347,0.6788852153310079,999,0.6974731240288577,74.4128745219285
dbpedia,leiden_k14_s0,rq1_factorial,leiden,graph,14,14,0.0,,,,0.5780181132077301,0.0344736501574516,0.8502519649473055,0.1371491035303193,0.7223459772030705,999,0.7604120525437997,51.1119193242616
dbpedia,leiden_k14_s1,rq1_factorial,leiden,graph,14,14,1.0,,,,0.5808258314407955,0.0391199700534343,0.8505437983591878,0.1562975204123643,0.7200822315616564,999,0.7611068335635214,50.477663590513785
dbpedia,leiden_k14_s2,rq1_factorial,leiden,graph,14,14,2.0,,,,0.6089066992004811,0.0357513800263404,0.8503455415216287,0.1470019983532627,0.7329720338755115,999,0.777433903729013,51.40708710596603
dbpedia,leiden_k28_s0,rq1_factorial,leiden,graph,28,28,0.0,,,,0.6239088438723287,0.0638113915920257,0.7520835252741955,0.1511484830874987,0.6861704459166007,999,0.7582067871923196,33.386608328771906
dbpedia,leiden_k28_s1,rq1_factorial,leiden,graph,28,28,1.0,,,,0.6185005987206038,0.0655974969267845,0.752805158393305,0.1506582641704195,0.6811445289905282,999,0.7601916771325625,33.43556536603378
dbpedia,leiden_k28_s2,rq1_factorial,leiden,graph,28,28,2.0,,,,0.632877742736176,0.0647427812218666,0.7529805391978392,0.1532656877073132,0.6880343407403258,999,0.766146789434086,33.57760416199407
dbpedia,leiden_k56_s0,rq1_factorial,leiden,graph,56,55,0.0,,,,0.4340699859919047,0.0631616041064262,0.6486221725973093,0.1235224706857416,0.614525241121441,999,0.6917217060670499,20.195539852017294
dbpedia,leiden_k56_s1,rq1_factorial,leiden,graph,56,56,1.0,,,,0.4361124053985185,0.059740774333477,0.6423870428773253,0.1191200039567274,0.6133085847931418,999,0.6925065769641175,19.811621520593
dbpedia,leiden_k56_s2,rq1_factorial,leiden,graph,56,56,2.0,,,,0.4209768240582806,0.0579265691339969,0.6385486120241779,0.1237399431384103,0.6185796952263772,999,0.6857814290025099,19.686506436591028
fewevent,kmeans_k8_s0,rq1_factorial,kmeans,centroid,8,8,0.0,,,,0.5154091965295942,0.1250189840793609,0.862302007333926,0.2430840990408644,0.148407468283065,996,0.6623065094567231,149.87337463313054
fewevent,kmeans_k8_s1,rq1_factorial,kmeans,centroid,8,8,1.0,,,,0.5136336784331509,0.1272924840450287,0.8627046091938492,0.2358262246736883,0.1488794205963081,996,0.6558306305753926,145.7482006650842
fewevent,kmeans_k8_s2,rq1_factorial,kmeans,centroid,8,8,2.0,,,,0.5135306239466233,0.127373993396759,0.8638364151958883,0.2322686203409215,0.1513461554687857,996,0.6569745752099253,145.75236618454912
fewevent,kmeans_k17_s0,rq1_factorial,kmeans,centroid,17,17,0.0,,,,0.5156361350630609,0.0938736423850059,0.782156253205975,0.1467795359547433,0.1582625884244191,996,0.6710192402768336,83.11872039687333
fewevent,kmeans_k17_s1,rq1_factorial,kmeans,centroid,17,17,1.0,,,,0.5586712310351205,0.1045633777976036,0.7568256797598696,0.17990160706769,0.1454989250023991,996,0.6461777293503913,84.37402626165789
fewevent,kmeans_k17_s2,rq1_factorial,kmeans,centroid,17,17,2.0,,,,0.5377371661632624,0.095134861767292,0.7615305554805882,0.1741583237397391,0.13792282690973,996,0.635339702431129,85.19016452854073
fewevent,kmeans_k34_s0,rq1_factorial,kmeans,centroid,34,34,0.0,,,,0.409178746560119,0.0583237372338771,0.6624642093840721,0.1047248037004846,0.1708172795757442,996,0.6226861587549762,50.10459636693549
fewevent,kmeans_k34_s1,rq1_factorial,kmeans,centroid,34,34,1.0,,,,0.4514177357496083,0.0719973072409629,0.6703774809918,0.1197635460420506,0.1435444750070381,996,0.6268789166493621,50.78480018288746
fewevent,kmeans_k34_s2,rq1_factorial,kmeans,centroid,34,34,2.0,,,,0.4266065314698565,0.0685811713337898,0.6636854313184103,0.1032697223895528,0.153716757088042,996,0.6182638167982389,51.09839991571962
fewevent,kmeans_k68_s0,rq1_factorial,kmeans,centroid,68,68,0.0,,,,0.2973914517561401,0.0515765845775604,0.572866982101218,0.0790537839669573,0.1667216546903177,996,0.5959272349657926,29.986666935153487
fewevent,kmeans_k68_s1,rq1_factorial,kmeans,centroid,68,68,1.0,,,,0.2781569211858372,0.0511270649731159,0.5707965426428977,0.0740193865964923,0.1612383282434093,996,0.5974160705796231,30.23629065873099
fewevent,kmeans_k68_s2,rq1_factorial,kmeans,centroid,68,68,2.0,,,,0.2913396424966349,0.0558040738105773,0.5766249552094168,0.0531449931452483,0.1566311162376874,996,0.5953851069401039,30.24532479671337
fewevent,kmeans_k136_s0,rq1_factorial,kmeans,centroid,136,136,0.0,,,,0.1879175019113468,0.0551818497478961,0.4930286446888883,0.0679502975860728,0.1598869639040994,996,0.5575390222377179,18.294811766135805
fewevent,kmeans_k136_s1,rq1_factorial,kmeans,centroid,136,136,1.0,,,,0.1760412641369412,0.0440494231879711,0.4660865974019922,0.0698024221281724,0.1612313458267237,996,0.5522348667117196,18.096382082492198
fewevent,kmeans_k136_s2,rq1_factorial,kmeans,centroid,136,136,2.0,,,,0.1992002631914106,0.051472183316946,0.4881513874524297,0.0653003313444426,0.1628929257540418,996,0.5629884201656178,18.257080356307984
fewevent,gmm_k8_s0,rq1_factorial,gmm,mixture,8,8,0.0,,,,0.5369855920546468,0.1178993806242942,0.9012957868972086,0.244859371966229,0.1565605625148511,996,0.6934056962886819,142.67768696710866
fewevent,gmm_k8_s1,rq1_factorial,gmm,mixture,8,8,1.0,,,,0.5398042960800902,0.1222789660096168,0.8995837097973133,0.2423172576771759,0.1586590007689504,996,0.6874754925943632,137.95806884651748
fewevent,gmm_k8_s2,rq1_factorial,gmm,mixture,8,8,2.0,,,,0.5369855920546468,0.1178993806242942,0.9012957868972086,0.244859371966229,0.1565605625148511,996,0.6934056962886819,142.67768696710863
fewevent,gmm_k17_s0,rq1_factorial,gmm,mixture,17,17,0.0,,,,0.7017884546355327,0.1222175359725952,0.8319694050355736,0.2386637677455569,0.1415367140600795,996,0.7076535255044291,81.56544503419391
fewevent,gmm_k17_s1,rq1_factorial,gmm,mixture,17,17,1.0,,,,0.7039136316772859,0.1225086823105812,0.8345591518786204,0.2311328003494442,0.1523109818021189,996,0.7081058205302282,81.46525969680263
fewevent,gmm_k17_s2,rq1_factorial,gmm,mixture,17,17,2.0,,,,0.6586898664645822,0.099837377667427,0.8298211378758112,0.2177763264550117,0.1430904946652163,996,0.7018765599097619,81.4991876030712
fewevent,gmm_k34_s0,rq1_factorial,gmm,mixture,34,34,0.0,,,,0.4278549918376278,0.0469429269433021,0.7090132608315569,0.1058974093605797,0.1524596032881465,996,0.642583093950326,48.80126104726614
fewevent,gmm_k34_s1,rq1_factorial,gmm,mixture,34,34,1.0,,,,0.5335721882601704,0.0501660592854023,0.7346889925934209,0.1143949443738301,0.1496281731248745,996,0.6621038468504103,48.40017191260047
fewevent,gmm_k34_s2,rq1_factorial,gmm,mixture,34,34,2.0,,,,0.5615482890435609,0.070307433605194,0.7457904915929939,0.1312833627292482,0.1318449300909996,996,0.663599221112189,48.626744530512525
fewevent,gmm_k68_s0,rq1_factorial,gmm,mixture,68,68,0.0,,,,0.3030664053350262,0.0487294755876064,0.6133089711095803,0.0994661068701798,0.1552471851097604,996,0.6106766247454976,28.957258450598513
fewevent,gmm_k68_s1,rq1_factorial,gmm,mixture,68,68,1.0,,,,0.3029116121944847,0.0529683791100978,0.6199438588407662,0.1102325648454152,0.1566672306224384,996,0.6142936595767109,29.07508800304917
fewevent,gmm_k68_s2,rq1_factorial,gmm,mixture,68,68,2.0,,,,0.3037634024255531,0.0495461635291576,0.6137893859763314,0.0896825595923634,0.1605597790399595,996,0.6147060142819951,28.891778738671192
fewevent,gmm_k136_s0,rq1_factorial,gmm,mixture,136,136,0.0,,,,0.1757786264571131,0.0510649569332599,0.502814241588124,0.0941600434394709,0.1471258812097896,996,0.5636496490289865,17.57414143367471
fewevent,gmm_k136_s1,rq1_factorial,gmm,mixture,136,136,1.0,,,,0.1764503445708899,0.0479245856404304,0.504570785759375,0.0896327825596016,0.1484899334152663,996,0.5647119218535672,17.570010515746404
fewevent,gmm_k136_s2,rq1_factorial,gmm,mixture,136,136,2.0,,,,0.1707314988700149,0.0506967939436435,0.5039574917268851,0.0927860319237362,0.1477147549621283,996,0.5596956908012704,17.489956216432272
fewevent,spectral_k8_s0,rq1_factorial,spectral,spectral,8,8,0.0,,,,0.4111521035063023,0.1090586930513382,0.9113086912138672,0.2345135352151474,0.1241357354443019,996,0.6424986067487741,143.2929429606968
fewevent,spectral_k8_s1,rq1_factorial,spectral,spectral,8,8,1.0,,,,0.4106393248362164,0.1090569496154785,0.9112175640520866,0.2345318641151099,0.1241357354443019,996,0.6420601731441706,143.3066048021138
fewevent,spectral_k8_s2,rq1_factorial,spectral,spectral,8,8,2.0,,,,0.4106393248362164,0.1090569496154785,0.9112175640520866,0.2345318641151099,0.1241357354443019,996,0.6420601731441705,143.30660480211378
fewevent,spectral_k17_s0,rq1_factorial,spectral,spectral,17,17,0.0,,,,0.6037423959582013,0.1008475124835968,0.8713468327994469,0.2169915750675156,0.1376375178368829,996,0.6925576199912752,79.96692990554399
fewevent,spectral_k17_s1,rq1_factorial,spectral,spectral,17,17,1.0,,,,0.6048778383622821,0.1008157506585121,0.8708253367709349,0.2170403173483335,0.1375417946114381,996,0.6928394967036942,79.96868825190451
fewevent,spectral_k17_s2,rq1_factorial,spectral,spectral,17,17,2.0,,,,0.6045204664899368,0.1007632985711097,0.8708849687113847,0.2170077577184577,0.1376375178368828,996,0.6927612664768634,79.9618936748411
fewevent,spectral_k34_s0,rq1_factorial,spectral,spectral,34,34,0.0,,,,0.55368488438931,0.0475733168423175,0.7816455200102498,0.1117834961345929,0.1557940365798629,996,0.6622895823305395,47.68245840037123
fewevent,spectral_k34_s1,rq1_factorial,spectral,spectral,34,34,1.0,,,,0.5234403073350591,0.0484100766479969,0.7783957721646726,0.1093857745652144,0.1502021714162605,996,0.6533092736764978,47.573545541307325
fewevent,spectral_k34_s2,rq1_factorial,spectral,spectral,34,34,2.0,,,,0.5231854130622093,0.0486774481832981,0.7784140132723236,0.1096783106905559,0.1502021714162605,996,0.6531560792024875,47.56734710186599
fewevent,spectral_k68_s0,rq1_factorial,spectral,spectral,68,68,0.0,,,,0.2803182678800234,0.0440012253820896,0.6268312379944548,0.075948721573637,0.1535225404063376,996,0.5849727498839223,28.862749091017417
fewevent,spectral_k68_s1,rq1_factorial,spectral,spectral,68,68,1.0,,,,0.2951135482508746,0.042860098183155,0.635867920705964,0.0816612910008882,0.1540567404162148,996,0.5854473010162126,28.614996078718633
fewevent,spectral_k68_s2,rq1_factorial,spectral,spectral,68,68,2.0,,,,0.2951150246591977,0.0462521165609359,0.6286847559078544,0.085624572964188,0.1574322642434312,996,0.5889460948122047,28.7976778734201
fewevent,spectral_k136_s0,rq1_factorial,spectral,spectral,136,136,0.0,,,,0.1643457432945232,0.0476223975419998,0.5111890686885591,0.0812619700342088,0.1413028465175483,996,0.5404286699804186,17.555418550564948
fewevent,spectral_k136_s1,rq1_factorial,spectral,spectral,136,136,1.0,,,,0.1582375646881658,0.0442323088645935,0.5096184989939961,0.0850763190828538,0.139506953220608,996,0.5366126465562822,17.375555276667193
fewevent,spectral_k136_s2,rq1_factorial,spectral,spectral,136,136,2.0,,,,0.1665915967361461,0.049894955009222,0.5136716775571903,0.0798811711200378,0.1416969659586348,996,0.5385476009939499,17.42331686417344
fewevent,ward_k8,rq1_factorial,ward,hierarchy,8,8,,,,,0.4782887255887326,0.1143778339028358,0.8481553607841784,0.2162838314455024,0.124536961877684,996,0.6362884004824727,140.65976014783521
fewevent,ward_k17,rq1_factorial,ward,hierarchy,17,17,,,,,0.5669878619054255,0.1054274216294288,0.7794170743870767,0.1886981452547741,0.1214091216561663,996,0.6471567711263096,80.03267971351907
fewevent,ward_k34,rq1_factorial,ward,hierarchy,34,34,,,,,0.484740648588454,0.0603601336479187,0.6835369455437506,0.1000965516894202,0.1342989209682879,996,0.6193556172397454,47.84833301389993
fewevent,ward_k68,rq1_factorial,ward,hierarchy,68,68,,,,,0.357046034759225,0.0504496879875659,0.5918031641850011,0.0620148118723961,0.158907712232233,996,0.6079043647013385,29.276136354821666
fewevent,ward_k136,rq1_factorial,ward,hierarchy,136,136,,,,,0.2222506501403635,0.0497267544269561,0.4990588621250749,0.0375474674651164,0.1564448866889011,996,0.5668908305425264,18.188712853030232
fewevent,leiden_k8_s0,rq1_factorial,leiden,graph,8,8,0.0,,,,0.4047324087339957,0.1050907000899314,0.921226532828522,0.2345216208376852,0.0856074683155462,996,0.6442105458303374,137.57778993998625
fewevent,leiden_k8_s1,rq1_factorial,leiden,graph,8,8,1.0,,,,0.4050056161881866,0.1052752584218978,0.9214277137970828,0.2362553174937623,0.0859436305531961,996,0.6445979557846977,137.90939381224757
fewevent,leiden_k8_s2,rq1_factorial,leiden,graph,8,8,2.0,,,,0.4118236189511211,0.1051794216036796,0.9196422350787496,0.2370787350300043,0.0869297436906626,996,0.6468996415624125,137.74653554390656
fewevent,leiden_k17_s0,rq1_factorial,leiden,graph,17,17,0.0,,,,0.7077787136633903,0.1238849535584449,0.858504913120464,0.2410745297499661,0.1342484718358524,996,0.7053922835439237,80.46759921977156
fewevent,leiden_k17_s1,rq1_factorial,leiden,graph,17,17,1.0,,,,0.7202319228843177,0.1258096843957901,0.8485844518351444,0.2478232138874593,0.1352769164243361,996,0.7015223710110818,81.96917337026791
fewevent,leiden_k17_s2,rq1_factorial,leiden,graph,17,17,2.0,,,,0.6637846841399662,0.1165499538183212,0.8513554422820969,0.2325268557377824,0.1360209672546439,996,0.6841490837479144,82.00338596512127
fewevent,leiden_k34_s0,rq1_factorial,leiden,graph,34,35,0.0,,,,0.4854124133068596,0.0712309330701828,0.7493945894822722,0.1434933035071975,0.1666899577707698,996,0.6559429750842598,48.12606964197561
fewevent,leiden_k34_s1,rq1_factorial,leiden,graph,34,34,1.0,,,,0.5139059627832088,0.0727247148752212,0.7553339040791969,0.1518613827806332,0.1631456504055454,996,0.6618850243248228,49.39837548101434
fewevent,leiden_k34_s2,rq1_factorial,leiden,graph,34,34,2.0,,,,0.526585072638681,0.0737168192863464,0.7598391958506455,0.1488180292163012,0.1599553244316475,996,0.66193561572113,49.26058879527853
fewevent,leiden_k68_s0,rq1_factorial,leiden,graph,68,67,0.0,,,,0.2784412839639236,0.0561079643666744,0.6389494786753788,0.1248343221464823,0.1648698198360756,996,0.6077967716538194,29.474338967561017
fewevent,leiden_k68_s1,rq1_factorial,leiden,graph,68,68,1.0,,,,0.2848316459088532,0.0592755489051342,0.6430885084123819,0.1215456332120698,0.1540085524556739,996,0.6047445195430222,29.432308050638735
fewevent,leiden_k68_s2,rq1_factorial,leiden,graph,68,69,2.0,,,,0.273863054162569,0.0563886761665344,0.6348335167131576,0.1144518208108198,0.1546880018249085,996,0.6054221212819566,29.062257054336857
fewevent,leiden_k136_s0,rq1_factorial,leiden,graph,136,136,0.0,,,,0.1716281037652825,0.0592402555048465,0.5479768785434824,0.1183786435298746,0.1587123383429728,996,0.5538806983454885,17.566086246876598
fewevent,leiden_k136_s1,rq1_factorial,leiden,graph,136,136,1.0,,,,0.1775718043006771,0.0568301454186439,0.5501326164304577,0.1171886671485372,0.1516737406280191,996,0.559781091011688,17.551417376096317
fewevent,leiden_k136_s2,rq1_factorial,leiden,graph,136,135,2.0,,,,0.176052801704955,0.0592747516930103,0.5477364437501293,0.1181598050849971,0.1550046781403479,996,0.5597446063720555,17.685500700647424
fewnerd,kmeans_k14_s0,rq1_factorial,kmeans,centroid,14,14,0.0,,,,0.0933189962044579,0.0402422584593296,0.5669452163080951,0.0750104652011997,0.2010063531603092,994,0.34496908812361704,35.688799417309106
fewnerd,kmeans_k14_s1,rq1_factorial,kmeans,centroid,14,14,1.0,,,,0.0883093018114171,0.0412856675684452,0.5829720489817466,0.0846829885726347,0.214884802454651,994,0.34479363889331976,35.1012802966213
fewnerd,kmeans_k14_s2,rq1_factorial,kmeans,centroid,14,14,2.0,,,,0.0976171850533619,0.0422971844673156,0.5799966203383939,0.0759288292689676,0.2132589255757289,994,0.360081154727933,36.21813595247219
fewnerd,kmeans_k29_s0,rq1_factorial,kmeans,centroid,29,29,0.0,,,,0.0815870425022635,0.0395362041890621,0.5005176592414257,0.0634189178645394,0.2308958880831058,994,0.36420554475374584,23.114302191865868
fewnerd,kmeans_k29_s1,rq1_factorial,kmeans,centroid,29,29,1.0,,,,0.0741232114276873,0.0381208397448062,0.4989904677249008,0.0578302263523679,0.2060810904002416,994,0.3549064807440949,22.84973712733655
fewnerd,kmeans_k29_s2,rq1_factorial,kmeans,centroid,29,29,2.0,,,,0.0810906072106451,0.0477100573480129,0.5281294351528475,0.0805372465205048,0.2227656083421016,994,0.37005295431466706,23.396256340446936
fewnerd,kmeans_k58_s0,rq1_factorial,kmeans,centroid,58,58,0.0,,,,0.0554980083675264,0.0438889674842357,0.4604932232764077,0.0575735540104313,0.2058442135992018,994,0.3332859108505078,14.990574282024733
fewnerd,kmeans_k58_s1,rq1_factorial,kmeans,centroid,58,58,1.0,,,,0.0596664311584852,0.0431293919682502,0.4384016527576133,0.0614585917573468,0.2039115514108544,994,0.3461684725826296,15.109393944970277
fewnerd,kmeans_k58_s2,rq1_factorial,kmeans,centroid,58,58,2.0,,,,0.0607321853402359,0.0439437255263328,0.4565436942809975,0.0710994375812058,0.2073236169197638,994,0.3497227120708044,15.003956695181403
fewnerd,kmeans_k116_s0,rq1_factorial,kmeans,centroid,116,116,0.0,,,,0.0422391605704263,0.0335272215306758,0.3890726257928595,0.0448406619039277,0.1817212591417359,994,0.3279053349690959,9.589930323727613
fewnerd,kmeans_k116_s1,rq1_factorial,kmeans,centroid,116,116,1.0,,,,0.0426995051438847,0.0379664711654186,0.3807606927651655,0.0512244755036696,0.1806200024924451,994,0.3237322331811504,9.594020353845297
fewnerd,kmeans_k116_s2,rq1_factorial,kmeans,centroid,116,116,2.0,,,,0.0426014231099053,0.0368465296924114,0.378356405888376,0.042327033948954,0.1783006904219653,994,0.32387389788452103,9.669834779179185
fewnerd,kmeans_k232_s0,rq1_factorial,kmeans,centroid,232,232,0.0,,,,0.0237375934833912,0.0272948499768972,0.2891863855438911,0.0373058464107542,0.1435735589291166,994,0.26889491988822084,6.177302321926421
fewnerd,kmeans_k232_s1,rq1_factorial,kmeans,centroid,232,232,1.0,,,,0.022748159717922,0.031623613089323,0.2921179772044511,0.0432074643969579,0.1375214953204278,994,0.26605661971140115,6.22852086136864
fewnerd,kmeans_k232_s2,rq1_factorial,kmeans,centroid,232,232,2.0,,,,0.0236082819908221,0.0312689952552318,0.2869916141808277,0.0343123709104477,0.1488959315352089,994,0.27306378005519555,6.238273435687244
fewnerd,gmm_k14_s0,rq1_factorial,gmm,mixture,14,14,0.0,,,,0.096071527286478,0.0360368378460407,0.6522646105407849,0.0978895535987855,0.2105877255463634,994,0.3697371876700981,31.59489072086812
fewnerd,gmm_k14_s1,rq1_factorial,gmm,mixture,14,14,1.0,,,,0.0925557111310752,0.0293943453580141,0.6495730243775073,0.0797924635916965,0.1993154244817779,994,0.36055944463705336,30.84799685057909
fewnerd,gmm_k14_s2,rq1_factorial,gmm,mixture,14,14,2.0,,,,0.0909541063106569,0.0343158580362796,0.6471363307494796,0.0876543147330064,0.2002695900219166,994,0.36588886714801233,31.736412399709746
fewnerd,gmm_k29_s0,rq1_factorial,gmm,mixture,29,29,0.0,,,,0.0819411896837857,0.0351327918469905,0.5678722633784021,0.0781641686987124,0.2088944045853959,994,0.3719429189232848,20.671516306100504
fewnerd,gmm_k29_s1,rq1_factorial,gmm,mixture,29,29,1.0,,,,0.0778919263709416,0.0350491069257259,0.5663122933313316,0.077373820771611,0.2039163902243773,994,0.3721948852850432,20.71132047179764
fewnerd,gmm_k29_s2,rq1_factorial,gmm,mixture,29,29,2.0,,,,0.0778011683451995,0.0363926291465759,0.5724041992252729,0.0861451949085125,0.2103168594437614,994,0.3738981948021806,20.55208966402857
fewnerd,gmm_k58_s0,rq1_factorial,gmm,mixture,58,58,0.0,,,,0.0621206539864295,0.0355046540498733,0.507557516874494,0.0667170287590324,0.2081211158464007,994,0.3604338592707739,13.643999764322649
fewnerd,gmm_k58_s1,rq1_factorial,gmm,mixture,58,58,1.0,,,,0.061950542668939,0.0349190197885036,0.5040041170758901,0.0687941205455937,0.2078370494069107,994,0.36093521034672615,13.547157159556496
fewnerd,gmm_k58_s2,rq1_factorial,gmm,mixture,58,58,2.0,,,,0.0619384267016886,0.0356854945421218,0.5083617975106602,0.0745062740746159,0.205254802027164,994,0.360650917116943,13.657152255863704
fewnerd,gmm_k116_s0,rq1_factorial,gmm,mixture,116,116,0.0,,,,0.0414414516926283,0.0343745164573192,0.4189440086376804,0.0723509020865373,0.1784695815898995,994,0.3284817368309032,9.007960344097906
fewnerd,gmm_k116_s1,rq1_factorial,gmm,mixture,116,116,1.0,,,,0.0412022829504312,0.030404083430767,0.4157272459920138,0.070307889182195,0.1761178896034168,994,0.3255680790088696,8.922034885846616
fewnerd,gmm_k116_s2,rq1_factorial,gmm,mixture,116,116,2.0,,,,0.0421144014464711,0.0328903757035732,0.4200408981245047,0.0713945935928883,0.1813721388242854,994,0.328359261516752,9.004500456010126
fewnerd,gmm_k232_s0,rq1_factorial,gmm,mixture,232,232,0.0,,,,0.0307541103385415,0.0265698451548814,0.340623079921929,0.0550039105310667,0.1579752889932954,994,0.29610105675495774,5.964929265569724
fewnerd,gmm_k232_s1,rq1_factorial,gmm,mixture,232,232,1.0,,,,0.0308211531285989,0.0281160529702901,0.3412768925132319,0.0557942648604082,0.147596122285799,994,0.2916252754930187,5.924021518824662
fewnerd,gmm_k232_s2,rq1_factorial,gmm,mixture,232,232,2.0,,,,0.0312309594654371,0.0278840418905019,0.341601478212517,0.0493525611291037,0.1554134325131868,994,0.2984163299369417,5.972920313875661
fewnerd,spectral_k14_s0,rq1_factorial,spectral,spectral,14,14,0.0,,,,0.1308694315909565,0.0214043874293565,0.6554275079711659,0.0523274848058837,0.2141005915724662,994,0.3598195179501023,29.354810590266116
fewnerd,spectral_k14_s1,rq1_factorial,spectral,spectral,14,14,1.0,,,,0.1134028466512672,0.0225910246372222,0.6648271016681405,0.0472563913631536,0.2061652958020168,994,0.35292458819729383,29.53632881363179
fewnerd,spectral_k14_s2,rq1_factorial,spectral,spectral,14,14,2.0,,,,0.113356115969314,0.0226721204817295,0.6648909405740437,0.0472721296258803,0.2061652958020169,994,0.3532824907843938,29.546780582596337
fewnerd,spectral_k29_s0,rq1_factorial,spectral,spectral,29,29,0.0,,,,0.0943916893448076,0.0232951771467924,0.5760806420327805,0.0353854757627966,0.2082458737107483,994,0.35170259339957016,20.158082468285166
fewnerd,spectral_k29_s1,rq1_factorial,spectral,spectral,29,29,1.0,,,,0.1161847656401736,0.0243689864873886,0.5808723389233368,0.0432079567082918,0.2120879028842732,994,0.365069408664467,20.389610782773314
fewnerd,spectral_k29_s2,rq1_factorial,spectral,spectral,29,29,2.0,,,,0.1118445675881762,0.0261188279837369,0.5781821281814736,0.0479586277411984,0.2130478257076319,994,0.3634680691238371,20.751975928594007
fewnerd,spectral_k58_s0,rq1_factorial,spectral,spectral,58,58,0.0,,,,0.0514147728411475,0.0232664719223976,0.4841369482571727,0.028579044029001,0.2017950964874979,994,0.3409182989999246,13.691939043525647
fewnerd,spectral_k58_s1,rq1_factorial,spectral,spectral,58,58,1.0,,,,0.0565565113615882,0.0236026309430599,0.4931777032280919,0.0270573857728437,0.1998196440181685,994,0.34163356145505624,13.73973571319492
fewnerd,spectral_k58_s2,rq1_factorial,spectral,spectral,58,58,2.0,,,,0.0547781671142909,0.0232619140297174,0.4870570990758599,0.0358346245842558,0.2007629080684643,994,0.3435732225495903,13.611089882742299
fewnerd,spectral_k116_s0,rq1_factorial,spectral,spectral,116,116,0.0,,,,0.0372104734121643,0.02720339410007,0.4074132111706043,0.0534165820671156,0.1751502242939036,994,0.2979334782364864,9.284150118072942
fewnerd,spectral_k116_s1,rq1_factorial,spectral,spectral,116,116,1.0,,,,0.0318504272579745,0.0264357812702655,0.4125138789777769,0.0351816380399098,0.1667510488110665,994,0.29955454874504317,9.224554302355228
fewnerd,spectral_k116_s2,rq1_factorial,spectral,spectral,116,116,2.0,,,,0.035669424919097,0.0272025186568498,0.402998620727132,0.0556710640619251,0.1700837881383387,994,0.2951315792210011,9.281621461458922
fewnerd,spectral_k232_s0,rq1_factorial,spectral,spectral,232,232,0.0,,,,0.020766023697271,0.0322080813348293,0.3237318942699626,0.0472001589076262,0.1485253152788611,994,0.2478656478397706,6.225518015795524
fewnerd,spectral_k232_s1,rq1_factorial,spectral,spectral,232,232,1.0,,,,0.0214021899594865,0.036470279097557,0.3239127468256046,0.0575363696694206,0.1351669936350136,994,0.24830672661635983,6.287747711028381
fewnerd,spectral_k232_s2,rq1_factorial,spectral,spectral,232,232,2.0,,,,0.0186373022070676,0.0330141223967075,0.3271268129920676,0.0480293553534025,0.1459926786014081,994,0.25380471935720833,6.209775867474152
fewnerd,ward_k14,rq1_factorial,ward,hierarchy,14,14,,,,,0.0615598123532471,0.0169394463300704,0.5546501693531983,0.0325420041231769,0.16997383726822,994,0.3181117477883738,28.53078797752698
fewnerd,ward_k29,rq1_factorial,ward,hierarchy,29,29,,,,,0.0814053021999991,0.0180663596838712,0.4983349101643328,0.0253712291735687,0.1910788355784483,994,0.34194478230691533,19.618925808709232
fewnerd,ward_k58,rq1_factorial,ward,hierarchy,58,58,,,,,0.0576116765350004,0.0222217664122581,0.4399406343012343,0.0068042791939666,0.1806782517660665,994,0.33885701306120414,13.54876951609957
fewnerd,ward_k116,rq1_factorial,ward,hierarchy,116,116,,,,,0.0404576385146412,0.0315422229468822,0.3853621577979852,0.0213886592615511,0.1699787881656815,994,0.3176397677148113,9.343835786931137
fewnerd,ward_k232,rq1_factorial,ward,hierarchy,232,232,,,,,0.026103699394202,0.0430739223957061,0.3183655403652794,0.0232698379338073,0.139456458344071,994,0.2813812244116729,6.584858885946288
fewnerd,leiden_k14_s0,rq1_factorial,leiden,graph,14,14,0.0,,,,0.085707287420687,0.0388493202626705,0.6675981976553085,0.1029142559119482,0.2068804893476152,994,0.36506794345705257,30.96286581641251
fewnerd,leiden_k14_s1,rq1_factorial,leiden,graph,14,14,1.0,,,,0.1025438449685436,0.0383268445730209,0.6689126066932891,0.1067909487000013,0.2006818513876418,994,0.3762434587998524,31.325042519574964
fewnerd,leiden_k14_s2,rq1_factorial,leiden,graph,14,14,2.0,,,,0.0995021136565101,0.039219994097948,0.6684770457398981,0.1045139703398843,0.2100570730277047,994,0.37944431709053755,31.169269608016236
fewnerd,leiden_k29_s0,rq1_factorial,leiden,graph,29,29,0.0,,,,0.0883737479137773,0.0456939786672592,0.6128810842173691,0.111536825868897,0.2171193695472444,994,0.38750290129642717,21.168315614086502
fewnerd,leiden_k29_s1,rq1_factorial,leiden,graph,29,29,1.0,,,,0.0869360947364366,0.0454243160784244,0.6128686889800214,0.1062516978840333,0.2156457432833442,994,0.38337549729399895,21.23477481302444
fewnerd,leiden_k29_s2,rq1_factorial,leiden,graph,29,30,2.0,,,,0.0879909521753962,0.0449716001749038,0.6097843900809055,0.1032707887431574,0.2177970627239698,994,0.384160342358772,20.98212346594553
fewnerd,leiden_k58_s0,rq1_factorial,leiden,graph,58,58,0.0,,,,0.0624137355386829,0.0411847122013568,0.551598357780494,0.1004680674155589,0.2018485508552205,994,0.3620366627675794,14.23058722294668
fewnerd,leiden_k58_s1,rq1_factorial,leiden,graph,58,59,1.0,,,,0.0651537642241781,0.0465526282787323,0.5515610458352722,0.1122367960912783,0.2052821625295007,994,0.36947807216187123,14.172978521375125
fewnerd,leiden_k58_s2,rq1_factorial,leiden,graph,58,57,2.0,,,,0.0622426977755637,0.0370921082794666,0.5470666999455513,0.1036342782814047,0.2058983298062331,994,0.36255344803771866,14.515427874566514
fewnerd,leiden_k116_s0,rq1_factorial,leiden,graph,116,117,0.0,,,,0.0468871169786592,0.0423352569341659,0.4696010762397057,0.100368159907233,0.1886364650880356,994,0.3396154163909454,9.515476658442415
fewnerd,leiden_k116_s1,rq1_factorial,leiden,graph,116,118,1.0,,,,0.0462938670099655,0.0468916036188602,0.4653173039477859,0.1136275353284265,0.1801689055017089,994,0.33419596643710703,9.444997530808148
fewnerd,leiden_k116_s2,rq1_factorial,leiden,graph,116,116,2.0,,,,0.0468688750648153,0.044178619980812,0.4702738613777646,0.1005368201337082,0.1874482100531322,994,0.33790294318369746,9.566895191175064
fewnerd,leiden_k232_s0,rq1_factorial,leiden,graph,232,234,0.0,,,,0.0328048121320683,0.0248730890452861,0.3879621898299069,0.1054975994545888,0.1611483291536316,994,0.30181405645592757,6.335431791158873
fewnerd,leiden_k232_s1,rq1_factorial,leiden,graph,232,233,1.0,,,,0.0334306131268871,0.0105593623593449,0.3850740555198436,0.0855579111239511,0.1508173359213793,994,0.30099299745105673,6.331407617296222
fewnerd,leiden_k232_s2,rq1_factorial,leiden,graph,232,234,2.0,,,,0.0318878162032836,0.0187194533646106,0.3829993471825559,0.0835394686562471,0.1498579832663974,994,0.29827297327915325,6.31882972134739
fewrel,kmeans_k16_s0,rq1_factorial,kmeans,centroid,16,16,0.0,,,,0.1741833824091254,0.0643302202224731,0.6950726383752072,0.1334796225394265,0.2806732406490382,990,0.48115216750095047,50.160038702988054
fewrel,kmeans_k16_s1,rq1_factorial,kmeans,centroid,16,16,1.0,,,,0.1726840538387383,0.0630596578121185,0.6912815606106937,0.118430969091509,0.2736783086351179,990,0.4727100451211323,50.25509605054132
fewrel,kmeans_k16_s2,rq1_factorial,kmeans,centroid,16,16,2.0,,,,0.1633722329956632,0.0682007744908332,0.6980258675468002,0.1203238110610558,0.2804831024285361,990,0.4708400473519148,51.01529488667389
fewrel,kmeans_k32_s0,rq1_factorial,kmeans,centroid,32,32,0.0,,,,0.2442191498253434,0.0761534795165062,0.6514292201483617,0.1208131810666179,0.307091845338419,990,0.5169379286549148,34.34201273165098
fewrel,kmeans_k32_s1,rq1_factorial,kmeans,centroid,32,32,1.0,,,,0.2363681065921154,0.0496266297996044,0.6244354482041158,0.0661088931658935,0.2984514964744772,990,0.5138961622263891,33.55770162433418
fewrel,kmeans_k32_s2,rq1_factorial,kmeans,centroid,32,32,2.0,,,,0.2526116517115741,0.0729258805513382,0.6382487634240914,0.1002104286177695,0.3079480604096052,990,0.5206730158499182,34.45481091836736
fewrel,kmeans_k64_s0,rq1_factorial,kmeans,centroid,64,64,0.0,,,,0.247056648387996,0.0522301718592643,0.5369505518904959,0.0716688034382402,0.2544526769213511,990,0.48566952268323765,21.102136660067526
fewrel,kmeans_k64_s1,rq1_factorial,kmeans,centroid,64,64,1.0,,,,0.2467131924302276,0.0484248287975788,0.5220685455192335,0.0528819955021315,0.2726135408761729,990,0.4965576440351613,20.953378731921305
fewrel,kmeans_k64_s2,rq1_factorial,kmeans,centroid,64,64,2.0,,,,0.2655528388473875,0.0632821470499038,0.5422755607823764,0.0803467629123443,0.2745941490716219,990,0.4959524938123483,21.17994438425416
fewrel,kmeans_k128_s0,rq1_factorial,kmeans,centroid,128,128,0.0,,,,0.2236792088299503,0.042734071612358,0.4416963537977798,0.0515821330922853,0.2305906106466176,990,0.4512089249380348,12.66743597055182
fewrel,kmeans_k128_s1,rq1_factorial,kmeans,centroid,128,128,1.0,,,,0.2062301210586416,0.0386603251099586,0.4308304703512512,0.0492892720555479,0.2328775737971788,990,0.4416258740052946,12.706617542412612
fewrel,kmeans_k128_s2,rq1_factorial,kmeans,centroid,128,128,2.0,,,,0.215184158228234,0.0454939827322959,0.4304313862633653,0.0501753810321829,0.2257683909348443,990,0.4442380217260897,12.701635486285314
fewrel,kmeans_k256_s0,rq1_factorial,kmeans,centroid,256,256,0.0,,,,0.1511783726834794,0.0276710931211709,0.3250562784755259,0.0428311508830896,0.1808610767113051,990,0.3791869506622247,7.589358621365531
fewrel,kmeans_k256_s1,rq1_factorial,kmeans,centroid,256,256,1.0,,,,0.147224442589411,0.0232924148440361,0.3258858860303102,0.0338924730150932,0.1805510779342885,990,0.38573010102466526,7.659770071209724
fewrel,kmeans_k256_s2,rq1_factorial,kmeans,centroid,256,256,2.0,,,,0.1572275546732295,0.0265567619353532,0.3300014073950427,0.0457408278799149,0.1848138912985542,990,0.3948804245413442,7.603046121633303
fewrel,gmm_k16_s0,rq1_factorial,gmm,mixture,16,16,0.0,,,,0.1661665690622029,0.0603985227644443,0.7489289327429959,0.1226770149116882,0.2848094994991595,990,0.47766301373509634,46.818015739164906
fewrel,gmm_k16_s1,rq1_factorial,gmm,mixture,16,16,1.0,,,,0.1584986072845032,0.0656435564160347,0.7583940756725344,0.1440249359944241,0.2670219669228928,990,0.4793679976560559,45.89693070493865
fewrel,gmm_k16_s2,rq1_factorial,gmm,mixture,16,16,2.0,,,,0.1556383474204109,0.0642912313342094,0.7583012305911953,0.1254801405081363,0.2786611678791773,990,0.47928888458467406,46.71758681696229
fewrel,gmm_k32_s0,rq1_factorial,gmm,mixture,32,32,0.0,,,,0.2332488929153037,0.0574954450130462,0.6711806381438131,0.0909180143398633,0.2863662173138399,990,0.514554479870715,31.583447004034067
fewrel,gmm_k32_s1,rq1_factorial,gmm,mixture,32,32,1.0,,,,0.236014918688596,0.0637358501553535,0.6715584284555306,0.105561647669764,0.2850605568181083,990,0.5117261817483397,31.699208664550316
fewrel,gmm_k32_s2,rq1_factorial,gmm,mixture,32,32,2.0,,,,0.2361712957696119,0.0567719265818595,0.6585437447100587,0.0911265034993125,0.2881723093141147,990,0.5120791712141407,31.751129961689152
fewrel,gmm_k64_s0,rq1_factorial,gmm,mixture,64,64,0.0,,,,0.2768998081148553,0.0630255416035652,0.5910881788467085,0.0990527819296716,0.2692123506856257,990,0.5079429059239173,19.81595289610135
fewrel,gmm_k64_s1,rq1_factorial,gmm,mixture,64,64,1.0,,,,0.2768411409054613,0.0609329491853714,0.5896571910284513,0.0946726821123989,0.2707446024843103,990,0.5097843471946083,19.756062085822034
fewrel,gmm_k64_s2,rq1_factorial,gmm,mixture,64,64,2.0,,,,0.2744064817391011,0.0576839260756969,0.5850612547757424,0.0918738368352526,0.2758097284451163,990,0.5079192408787946,19.897834580096916
fewrel,gmm_k128_s0,rq1_factorial,gmm,mixture,128,128,0.0,,,,0.2637084600589804,0.0436481013894081,0.490076497800479,0.0702499417348655,0.2441330200840512,990,0.4783951783118951,12.025930656274785
fewrel,gmm_k128_s1,rq1_factorial,gmm,mixture,128,128,1.0,,,,0.263887578192342,0.0476166494190692,0.4909858914763538,0.0784562602776711,0.2461482535417604,990,0.47957826273407256,11.989423687026738
fewrel,gmm_k128_s2,rq1_factorial,gmm,mixture,128,128,2.0,,,,0.2581404189528672,0.0454012863337993,0.4825914840230635,0.073228283202456,0.2354734973912063,990,0.47807093914986953,12.074891846455232
fewrel,gmm_k256_s0,rq1_factorial,gmm,mixture,256,256,0.0,,,,0.1986453635414219,0.0288088396191597,0.3725100253867316,0.054083982851492,0.198974440400497,990,0.429318951319882,7.433837318748043
fewrel,gmm_k256_s1,rq1_factorial,gmm,mixture,256,256,1.0,,,,0.2080776986735525,0.0274546388536691,0.3812562710971463,0.0544885125206384,0.1964084163492145,990,0.43051977403647546,7.409660955992317
fewrel,gmm_k256_s2,rq1_factorial,gmm,mixture,256,256,2.0,,,,0.203814804136481,0.0276419166475534,0.3785299203015057,0.059314811489291,0.2041556462199272,990,0.4339675205309726,7.4355516779100626
fewrel,spectral_k16_s0,rq1_factorial,spectral,spectral,16,16,0.0,,,,0.084092082152965,0.0380343087017536,0.7757042590134705,0.0681681162725244,0.2454826397358346,990,0.45407579026784434,44.732356796760726
fewrel,spectral_k16_s1,rq1_factorial,spectral,spectral,16,16,1.0,,,,0.0845419690810539,0.0382799431681633,0.7762200751357318,0.070512012950736,0.2458546347714121,990,0.45487346774086157,44.78700203225742
fewrel,spectral_k16_s2,rq1_factorial,spectral,spectral,16,16,2.0,,,,0.0835752605451578,0.0379702299833297,0.7752907765335089,0.0685583778676099,0.2452921038627907,990,0.4533025193770987,44.66140448692182
fewrel,spectral_k32_s0,rq1_factorial,spectral,spectral,32,32,0.0,,,,0.1418004042511316,0.039932943880558,0.6720126308108226,0.054522053739882,0.2758252066810265,990,0.4881041299933056,30.97107097408645
fewrel,spectral_k32_s1,rq1_factorial,spectral,spectral,32,32,1.0,,,,0.1418891940298105,0.0393187850713729,0.6612303496123283,0.054208447992925,0.2806319299113086,990,0.4857212724896722,30.76492319645472
fewrel,spectral_k32_s2,rq1_factorial,spectral,spectral,32,32,2.0,,,,0.1167984092708521,0.0375209040939807,0.6799521577605747,0.0568112746942504,0.2797082626556615,990,0.48903395039624786,30.387861976388596
fewrel,spectral_k64_s0,rq1_factorial,spectral,spectral,64,64,0.0,,,,0.160905629651993,0.0372950956225395,0.5676896189522443,0.0575478239618914,0.2494692383135265,990,0.46769965936984614,19.728957605917447
fewrel,spectral_k64_s1,rq1_factorial,spectral,spectral,64,64,1.0,,,,0.1560964175356708,0.0356552265584468,0.5653662341442514,0.0556525098381156,0.247081742716642,990,0.4616141368343373,19.539417148391436
fewrel,spectral_k64_s2,rq1_factorial,spectral,spectral,64,64,2.0,,,,0.1462216177041563,0.0298443082720041,0.5684496133438846,0.0439240453128787,0.2394275025082065,990,0.45873562134393814,19.0140960571637
fewrel,spectral_k128_s0,rq1_factorial,spectral,spectral,128,128,0.0,,,,0.1358142174471257,0.0326405465602874,0.4604030812108068,0.0744851131370594,0.2116373929909435,990,0.4250955429472095,12.267147475782462
fewrel,spectral_k128_s1,rq1_factorial,spectral,spectral,128,128,1.0,,,,0.1440628405678618,0.0344244427978992,0.4594535073724312,0.069758704652855,0.2032776546850268,990,0.430158077241857,12.394735054513793
fewrel,spectral_k128_s2,rq1_factorial,spectral,spectral,128,128,2.0,,,,0.133182273226196,0.0317554958164691,0.458305090637329,0.0649556227879547,0.211259460599237,990,0.42972257480411963,12.303983226264824
fewrel,spectral_k256_s0,rq1_factorial,spectral,spectral,256,256,0.0,,,,0.0971244164855791,0.0320944301784038,0.3584553620833774,0.0678782086145394,0.1619804489480113,990,0.3685167192646683,7.68640173878393
fewrel,spectral_k256_s1,rq1_factorial,spectral,spectral,256,256,1.0,,,,0.1122250212932678,0.0337666682898998,0.3583798412576405,0.0799997772335771,0.1550462920163766,990,0.3709824918169179,7.776269730859859
fewrel,spectral_k256_s2,rq1_factorial,spectral,spectral,256,256,2.0,,,,0.1007993997105977,0.033788401633501,0.3545310740240731,0.0625547172442853,0.1517949313392021,990,0.3666788137412249,7.7164248523232235
fewrel,ward_k16,rq1_factorial,ward,hierarchy,16,16,,,,,0.1266178972751007,0.0334729701280593,0.6902294838842034,0.0739279384208956,0.2672866413237034,990,0.43716278971950845,44.06964149471477
fewrel,ward_k32,rq1_factorial,ward,hierarchy,32,32,,,,,0.2017082563327155,0.0432665273547172,0.6057221974018999,0.0679258538530966,0.2568457596569294,990,0.4682131045189369,30.13121209377406
fewrel,ward_k64,rq1_factorial,ward,hierarchy,64,64,,,,,0.2350238696992049,0.0370835699141025,0.5309337552309236,0.0453550187833211,0.2426168285232734,990,0.4642472376638239,19.556081746942358
fewrel,ward_k128,rq1_factorial,ward,hierarchy,128,128,,,,,0.2286990876153535,0.0431519970297813,0.4515725565184929,0.0594455623621803,0.2255767036847253,990,0.44003235198106355,12.419670366131657
fewrel,ward_k256,rq1_factorial,ward,hierarchy,256,256,,,,,0.163564980684106,0.0347712486982345,0.3557574432233926,0.0451528988113112,0.1806035697417814,990,0.3978640113780396,8.003658556276015
fewrel,leiden_k16_s0,rq1_factorial,leiden,graph,16,16,0.0,,,,0.1668471975853393,0.0581131726503372,0.7761383977971417,0.13497817072335,0.2881202695932265,990,0.4831062270245497,46.37883788057287
fewrel,leiden_k16_s1,rq1_factorial,leiden,graph,16,16,1.0,,,,0.1579627703773686,0.0689894258975982,0.7754470694634006,0.1545869854688402,0.2692008158422662,990,0.47412992421411354,46.57209902499117
fewrel,leiden_k16_s2,rq1_factorial,leiden,graph,16,16,2.0,,,,0.17027519100209,0.0621094517409801,0.777152798249595,0.1520002071286751,0.2835112850881142,990,0.4837774701022517,47.12484859365308
fewrel,leiden_k32_s0,rq1_factorial,leiden,graph,32,32,0.0,,,,0.242820799005567,0.0732921585440635,0.7005882675545886,0.1445944704995324,0.2806325772108206,990,0.5067518843218626,32.305494907121776
fewrel,leiden_k32_s1,rq1_factorial,leiden,graph,32,32,1.0,,,,0.2439132491046284,0.0703037828207016,0.6990529959810579,0.1454462034061159,0.2845620578405249,990,0.5090287919091322,32.04461118355141
fewrel,leiden_k32_s2,rq1_factorial,leiden,graph,32,32,2.0,,,,0.2454124355497796,0.0729658976197242,0.7011737118377933,0.145408645093651,0.282630674623011,990,0.5094971384352581,32.18449257909179
fewrel,leiden_k64_s0,rq1_factorial,leiden,graph,64,63,0.0,,,,0.2804984124608027,0.0696038529276847,0.6193198432751018,0.130385617090866,0.2661598678424766,990,0.49970194282792946,20.578736566561737
fewrel,leiden_k64_s1,rq1_factorial,leiden,graph,64,64,1.0,,,,0.2867943334531659,0.0609044767916202,0.6255118886358231,0.1244791846381654,0.2756577061320643,990,0.5083941981502876,20.12060930401069
fewrel,leiden_k64_s2,rq1_factorial,leiden,graph,64,64,2.0,,,,0.2750517495856331,0.0700339153409004,0.6262909976520686,0.1302003160318405,0.2632223563983268,990,0.5003442144968347,20.4969300370763
fewrel,leiden_k128_s0,rq1_factorial,leiden,graph,128,127,0.0,,,,0.2618440393880434,0.0632719919085502,0.5290374226698572,0.1211374008279834,0.2288297856407042,990,0.4625348267817441,12.676609079747742
fewrel,leiden_k128_s1,rq1_factorial,leiden,graph,128,128,1.0,,,,0.2665086950865729,0.0633647069334983,0.5331911282516782,0.1207482817366622,0.2365384217551074,990,0.4675201263184021,12.537065472237694
fewrel,leiden_k128_s2,rq1_factorial,leiden,graph,128,129,2.0,,,,0.2817720039599573,0.0609937943518161,0.5385218767686163,0.1301950539360245,0.2361636231122559,990,0.4732532109759983,12.525958027847741
fewrel,leiden_k256_s0,rq1_factorial,leiden,graph,256,257,0.0,,,,0.1933203591269212,0.0231260601431131,0.4229341553187715,0.0882913442051539,0.191798195096372,990,0.4074327682527386,7.861484698643292
fewrel,leiden_k256_s1,rq1_factorial,leiden,graph,256,255,1.0,,,,0.2027213030712962,0.0286269597709178,0.4284782606371434,0.0985061728228903,0.1978755417651083,990,0.41502751327450627,7.868203446516998
fewrel,leiden_k256_s2,rq1_factorial,leiden,graph,256,256,2.0,,,,0.1961515583926379,0.0456472858786582,0.4217182403451898,0.1202339396747897,0.1930007705339481,990,0.41164265028128977,7.910886854818229
massive_domain,kmeans_k4_s0,rq1_factorial,kmeans,centroid,4,4,0.0,,,,0.1892759352929854,0.0935547053813934,0.8198354055376212,0.1261150357901981,0.3964437948243093,982,0.42312329435552415,115.81515120954018
massive_domain,kmeans_k4_s1,rq1_factorial,kmeans,centroid,4,4,1.0,,,,0.1489392962015139,0.0982716083526611,0.8238521881617701,0.1433348796766993,0.3612887348219413,982,0.3868895571490291,115.03315553655906
massive_domain,kmeans_k4_s2,rq1_factorial,kmeans,centroid,4,4,2.0,,,,0.1506551620029381,0.0986124202609062,0.8245600553626804,0.1434033937376052,0.3604355029149717,982,0.3876016723398351,115.03830238700641
massive_domain,kmeans_k9_s0,rq1_factorial,kmeans,centroid,9,9,0.0,,,,0.3917002295191644,0.1278164684772491,0.8266217142800825,0.1904076367555832,0.5445098911897982,982,0.5823804850833247,85.21270205552577
massive_domain,kmeans_k9_s1,rq1_factorial,kmeans,centroid,9,9,1.0,,,,0.352953899773414,0.1299719810485839,0.823915670489595,0.1771975154081652,0.5776188342044055,982,0.5683911730466887,87.42668253754289
massive_domain,kmeans_k9_s2,rq1_factorial,kmeans,centroid,9,9,2.0,,,,0.3054859202503374,0.1149742975831031,0.8153829571805921,0.142849884780336,0.5205643331981905,982,0.5463057919030806,84.08059235700199
massive_domain,kmeans_k18_s0,rq1_factorial,kmeans,centroid,18,18,0.0,,,,0.3607966727272998,0.1174947693943977,0.7851699982331277,0.1373300736068072,0.5647882555477062,982,0.6045099848806597,59.714230839844895
massive_domain,kmeans_k18_s1,rq1_factorial,kmeans,centroid,18,18,1.0,,,,0.4389780532630456,0.1506770253181457,0.8298331721052181,0.219372006025033,0.6274456956679516,982,0.6637695461510891,62.73044165682313
massive_domain,kmeans_k18_s2,rq1_factorial,kmeans,centroid,18,18,2.0,,,,0.4174491396096346,0.1465166360139846,0.8196005231298936,0.2079753573882066,0.6104380480450107,982,0.6451589771309486,62.4145520509655
massive_domain,kmeans_k36_s0,rq1_factorial,kmeans,centroid,36,36,0.0,,,,0.3404661020267274,0.1388019472360611,0.7750145599791387,0.1820218379160196,0.6277459922661618,982,0.6384210247117872,41.48568870193076
massive_domain,kmeans_k36_s1,rq1_factorial,kmeans,centroid,36,36,1.0,,,,0.3645336429643281,0.1242522969841957,0.7437128087034629,0.1564942540607295,0.618647265049172,982,0.6402913613292228,41.853392185080054
massive_domain,kmeans_k36_s2,rq1_factorial,kmeans,centroid,36,36,2.0,,,,0.3417150787034294,0.1288089752197265,0.7507288593684305,0.1678754257929018,0.6272750307993454,982,0.647781067882674,42.56562861363701
massive_domain,kmeans_k72_s0,rq1_factorial,kmeans,centroid,72,72,0.0,,,,0.2313930897319598,0.1249314919114112,0.6463181109943393,0.1484891868998705,0.5738602602159947,982,0.6165630091141318,28.109019549622296
massive_domain,kmeans_k72_s1,rq1_factorial,kmeans,centroid,72,72,1.0,,,,0.2323607739112188,0.119423434138298,0.6501393187393087,0.1404650524510157,0.5751648939108822,982,0.608416248781171,27.86900545151082
massive_domain,kmeans_k72_s2,rq1_factorial,kmeans,centroid,72,72,2.0,,,,0.2423802904624825,0.1272872686386108,0.6636843100815767,0.1480765951350847,0.5847701779857517,982,0.6168987509458193,27.959893881705195
massive_domain,gmm_k4_s0,rq1_factorial,gmm,mixture,4,4,0.0,,,,0.1462967670177384,0.0757126733660698,0.9197077538840488,0.1520024485745399,0.3357645042262651,982,0.4108351825311823,85.43782782498232
massive_domain,gmm_k4_s1,rq1_factorial,gmm,mixture,4,4,1.0,,,,0.2238612753063925,0.0886441022157669,0.9109066745100602,0.1593005950177722,0.3868216538778129,982,0.44998719198119824,96.06686931997814
massive_domain,gmm_k4_s2,rq1_factorial,gmm,mixture,4,4,2.0,,,,0.1574582719542874,0.0715489462018013,0.902455800819384,0.1403636084006934,0.3538469894028237,982,0.38762107111354505,85.11223099983762
massive_domain,gmm_k9_s0,rq1_factorial,gmm,mixture,9,9,0.0,,,,0.3974057476446303,0.1095250323414802,0.8894471260315825,0.1624551035141452,0.5662688490154811,982,0.608180301097576,76.92827326987037
massive_domain,gmm_k9_s1,rq1_factorial,gmm,mixture,9,9,1.0,,,,0.4217387771387961,0.109180748462677,0.9063747012046022,0.1813657858909025,0.6066453998269112,982,0.637403371537231,75.46200260364756
massive_domain,gmm_k9_s2,rq1_factorial,gmm,mixture,9,9,2.0,,,,0.4651466508746049,0.1108685582876205,0.8915712988859923,0.2003528004273554,0.5808038610392147,982,0.6402605417961187,76.08195220790003
massive_domain,gmm_k18_s0,rq1_factorial,gmm,mixture,18,18,0.0,,,,0.5043170336808379,0.1410848945379257,0.871423619299271,0.2305438735701777,0.6336237053257829,982,0.6804706563854364,56.98891406757459
massive_domain,gmm_k18_s1,rq1_factorial,gmm,mixture,18,18,1.0,,,,0.4933831777736184,0.126281589269638,0.8751063693408747,0.2017526992343156,0.6346717354040441,982,0.6926058499909424,59.00724012245844
massive_domain,gmm_k18_s2,rq1_factorial,gmm,mixture,18,18,2.0,,,,0.5373100966273172,0.1535816043615341,0.8709813441967865,0.2297048570506224,0.6444141418527128,982,0.6996838076911349,59.73525957851981
massive_domain,gmm_k36_s0,rq1_factorial,gmm,mixture,36,36,0.0,,,,0.4231142026437662,0.1532963663339615,0.8210426263241449,0.2244641069872163,0.6508292266014676,982,0.6785599466245094,41.840302242776076
massive_domain,gmm_k36_s1,rq1_factorial,gmm,mixture,36,36,1.0,,,,0.4523272838461009,0.1450282484292984,0.8053800773673201,0.2135347515323958,0.6561022105221677,982,0.6943649663819104,41.74436740930136
massive_domain,gmm_k36_s2,rq1_factorial,gmm,mixture,36,36,2.0,,,,0.3917318234271509,0.1371286809444427,0.8056318744567388,0.2144642141401223,0.6446472528243966,982,0.6736322498552841,41.55964754844785
massive_domain,gmm_k72_s0,rq1_factorial,gmm,mixture,72,72,0.0,,,,0.2566022010004589,0.1381031572818756,0.7025006815929584,0.1860710516554909,0.6085243888416323,982,0.6357538555054706,27.848016330281332
massive_domain,gmm_k72_s1,rq1_factorial,gmm,mixture,72,72,1.0,,,,0.2696761952891674,0.1380438357591629,0.7090588389960047,0.1849013969458496,0.6115537430816997,982,0.6369598344607307,27.566032617243973
massive_domain,gmm_k72_s2,rq1_factorial,gmm,mixture,72,72,2.0,,,,0.2589299540220676,0.1386646926403045,0.7029656491490783,0.1832232882542799,0.6007472094985616,982,0.6338541571653519,27.8461159847392
massive_domain,spectral_k4_s0,rq1_factorial,spectral,spectral,4,4,0.0,,,,0.1400403074492866,0.0897033810615539,0.934475592065874,0.1597039498000995,0.3878310030522013,982,0.4355828425613265,100.4540703681291
massive_domain,spectral_k4_s1,rq1_factorial,spectral,spectral,4,4,1.0,,,,0.1400403074492866,0.0897033810615539,0.934475592065874,0.1597039498000995,0.3878310030522013,982,0.4355828425613265,100.4540703681291
massive_domain,spectral_k4_s2,rq1_factorial,spectral,spectral,4,4,2.0,,,,0.1400403074492866,0.0897033810615539,0.9344755920658738,0.1597039498000995,0.3878310030522013,982,0.43558284256132657,100.4540703681291
massive_domain,spectral_k9_s0,rq1_factorial,spectral,spectral,9,9,0.0,,,,0.3611846247930237,0.0960758700966835,0.8984314540035642,0.185007983199717,0.514082305953601,982,0.6100719469880149,74.40932466292476
massive_domain,spectral_k9_s1,rq1_factorial,spectral,spectral,9,9,1.0,,,,0.3613011045771676,0.0960622951388359,0.8987570232077994,0.1849732014054612,0.5133450315011701,982,0.6099798248782486,74.40376958612038
massive_domain,spectral_k9_s2,rq1_factorial,spectral,spectral,9,9,2.0,,,,0.3611846247930237,0.0960758700966835,0.8984314540035642,0.185007983199717,0.5140823059536009,982,0.6100719469880148,74.40932466292473
massive_domain,spectral_k18_s0,rq1_factorial,spectral,spectral,18,18,0.0,,,,0.3334319875843021,0.1312310695648193,0.8871093896830436,0.2198657478208687,0.578774669149932,982,0.6427663005032038,54.716286371981994
massive_domain,spectral_k18_s1,rq1_factorial,spectral,spectral,18,18,1.0,,,,0.3334319875843021,0.1312310695648193,0.8871093896830436,0.2198657478208687,0.5787746691499321,982,0.6427663005032037,54.716286371981994
massive_domain,spectral_k18_s2,rq1_factorial,spectral,spectral,18,18,2.0,,,,0.3326066846099055,0.131182923913002,0.8869333547958882,0.2196364741637174,0.5787746691499323,982,0.6421867542925505,54.717219180404804
massive_domain,spectral_k36_s0,rq1_factorial,spectral,spectral,36,36,0.0,,,,0.4148585951195929,0.1315051466226577,0.8352120848431358,0.1985452014160054,0.6347503288848526,982,0.6849012477668118,41.720335799667644
massive_domain,spectral_k36_s1,rq1_factorial,spectral,spectral,36,36,1.0,,,,0.4123810148032873,0.1315980702638626,0.8349703044223422,0.1984120248039639,0.6331451434070281,982,0.6843130662844644,41.737512646937084
massive_domain,spectral_k36_s2,rq1_factorial,spectral,spectral,36,36,2.0,,,,0.4122195193228349,0.1316778659820556,0.8344689320536433,0.1983420703908418,0.6331451434070279,982,0.68427286329608,41.72601438984834
massive_domain,spectral_k72_s0,rq1_factorial,spectral,spectral,72,72,0.0,,,,0.2282755136607537,0.1360232830047607,0.699130032028185,0.184182234703661,0.5699563823561874,982,0.6117047442273781,27.745720481227796
massive_domain,spectral_k72_s1,rq1_factorial,spectral,spectral,72,72,1.0,,,,0.2357301294878235,0.1347261220216751,0.6979683050001299,0.1827701611266027,0.5701003553628138,982,0.6106132813865571,27.75593149923561
massive_domain,spectral_k72_s2,rq1_factorial,spectral,spectral,72,72,2.0,,,,0.2254086289576314,0.1373865008354187,0.6939093896639877,0.1874131816219585,0.5711619147079741,982,0.607763218056789,27.807265880163126
massive_domain,ward_k4,rq1_factorial,ward,hierarchy,4,4,,,,,0.1899400199507273,0.0847139805555343,0.8862190321423256,0.1450681738237453,0.4000454667564689,982,0.4531996511713311,107.2176471178192
massive_domain,ward_k9,rq1_factorial,ward,hierarchy,9,9,,,,,0.2576681389117792,0.0932680591940879,0.8578881507676743,0.1282601008809033,0.4918159479755241,982,0.5742815842563214,79.06637506690613
massive_domain,ward_k18,rq1_factorial,ward,hierarchy,18,18,,,,,0.4701596907373633,0.131517007946968,0.82476135466262,0.2074027873270219,0.6179032429167655,982,0.6720443180525537,58.46705179297403
massive_domain,ward_k36,rq1_factorial,ward,hierarchy,36,36,,,,,0.3627977940475552,0.1333189457654953,0.7557697302494445,0.1816909826055788,0.6066420420728029,982,0.647905372556363,40.91015931032623
massive_domain,ward_k72,rq1_factorial,ward,hierarchy,72,72,,,,,0.2568545582819274,0.1244701594114303,0.6549840810608583,0.1449279838407258,0.5776165574309231,982,0.608017519824084,26.995518936653816
massive_domain,leiden_k4_s0,rq1_factorial,leiden,graph,4,4,0.0,,,,0.2009405989206497,0.0849017724394798,0.9227164450604184,0.1344610344271394,0.4002920075136579,982,0.4404476008438954,97.03877563135772
massive_domain,leiden_k4_s1,rq1_factorial,leiden,graph,4,4,1.0,,,,0.0963996939432177,0.0839455127716064,0.938210934788272,0.1365063750698619,0.3462140640396651,982,0.39000966111276963,97.30031540145461
massive_domain,leiden_k4_s2,rq1_factorial,leiden,graph,4,4,2.0,,,,0.0932313584734463,0.0798816308379173,0.9394700329785308,0.1122342319480716,0.3536302232447437,982,0.38832976306144407,101.36911153647324
massive_domain,leiden_k9_s0,rq1_factorial,leiden,graph,9,9,0.0,,,,0.4263860400113035,0.1189612746238708,0.9073986441070624,0.2151680821254961,0.5816769236341071,982,0.6141714646999453,80.81850227661917
massive_domain,leiden_k9_s1,rq1_factorial,leiden,graph,9,9,1.0,,,,0.4231953371861446,0.1189368739724159,0.9083487220485844,0.201724293019791,0.5844582317362194,982,0.6189234954111676,79.96163981875021
massive_domain,leiden_k9_s2,rq1_factorial,leiden,graph,9,9,2.0,,,,0.3197764765733557,0.1117907613515853,0.9074522508416448,0.181442647116875,0.5523730185235256,982,0.5751340812644753,80.1313776095751
massive_domain,leiden_k18_s0,rq1_factorial,leiden,graph,18,18,0.0,,,,0.5351923040506648,0.1566767394542694,0.8877868813774632,0.2523013779032484,0.6414285923979907,982,0.6941905842206892,60.96695543646288
massive_domain,leiden_k18_s1,rq1_factorial,leiden,graph,18,18,1.0,,,,0.5228263194904628,0.1536986976861953,0.8857851248181858,0.2519971966501838,0.6300312851520902,982,0.6826199067617049,60.903803708141915
massive_domain,leiden_k18_s2,rq1_factorial,leiden,graph,18,18,2.0,,,,0.5184461249224009,0.1490763276815414,0.8824954160008789,0.2431444197947833,0.624945685389992,982,0.6735901496931933,59.57948956411757
massive_domain,leiden_k36_s0,rq1_factorial,leiden,graph,36,36,0.0,,,,0.4009326853343459,0.1543874889612198,0.8230842260759074,0.2402846591197586,0.6235905632768697,982,0.6601991537223668,42.55038415209945
massive_domain,leiden_k36_s1,rq1_factorial,leiden,graph,36,36,1.0,,,,0.3829982683812468,0.1493954062461853,0.8198345673651986,0.2258689479240167,0.6233543901641335,982,0.6570361607402643,42.84903553467347
massive_domain,leiden_k36_s2,rq1_factorial,leiden,graph,36,36,2.0,,,,0.3898675609765037,0.1555816233158111,0.8239425388330788,0.2340572823565085,0.6298502100494058,982,0.6593380869413592,42.905287810823246
massive_domain,leiden_k72_s0,rq1_factorial,leiden,graph,72,73,0.0,,,,0.2647216742648974,0.1479385495185852,0.7225692866713187,0.2021033526069408,0.5980246396744183,982,0.6254770423587237,27.499245814794634
massive_domain,leiden_k72_s1,rq1_factorial,leiden,graph,72,72,1.0,,,,0.2757560911892183,0.1404920667409896,0.7269799948377043,0.1999454838571642,0.6001026566923228,982,0.6333474402200998,27.402653878463628
massive_domain,leiden_k72_s2,rq1_factorial,leiden,graph,72,72,2.0,,,,0.2599841133666508,0.1489404290914535,0.7183395420290642,0.2053911113101248,0.5977153033896693,982,0.6260759736929823,28.062000423671236
massive_intent,kmeans_k15_s0,rq1_factorial,kmeans,centroid,15,15,0.0,,,,0.2555768063979873,0.1298071891069412,0.8113142281321567,0.1789138069649254,0.5914118365113815,971,0.5739549144269028,63.92367274973068
massive_intent,kmeans_k15_s1,rq1_factorial,kmeans,centroid,15,15,1.0,,,,0.2779818243358007,0.1499963104724884,0.830013212963714,0.2141861002497413,0.6068377273316846,971,0.5995939783841634,67.96672414889541
massive_intent,kmeans_k15_s2,rq1_factorial,kmeans,centroid,15,15,2.0,,,,0.3457860812826892,0.1449495553970337,0.8447012661098203,0.2114742473214374,0.6281986892549751,971,0.6309644776603767,69.40351220402499
massive_intent,kmeans_k30_s0,rq1_factorial,kmeans,centroid,30,30,0.0,,,,0.4132353355257494,0.1463506519794464,0.7784389170525078,0.1875176306204951,0.6476299254821004,971,0.6617556890943089,46.80583230987177
massive_intent,kmeans_k30_s1,rq1_factorial,kmeans,centroid,30,30,1.0,,,,0.3904763460404527,0.1321979314088821,0.7943867866786507,0.1701953411832168,0.6588839194253201,971,0.6650248988250351,47.07077610812895
massive_intent,kmeans_k30_s2,rq1_factorial,kmeans,centroid,30,30,2.0,,,,0.3854817191270468,0.1306557655334472,0.7670235307343447,0.1769794188332833,0.6498878334961876,971,0.6547100972174263,46.442659050660986
massive_intent,kmeans_k59_s0,rq1_factorial,kmeans,centroid,59,59,0.0,,,,0.3950677331119279,0.1232154890894889,0.6812735195202625,0.162904848523018,0.6296238172214178,971,0.6769502527485455,31.56155462413663
massive_intent,kmeans_k59_s1,rq1_factorial,kmeans,centroid,59,59,1.0,,,,0.3829067866265068,0.1221107020974159,0.6795722842975431,0.1571758675521286,0.6303036393344913,971,0.6734446271557003,31.317346763339742
massive_intent,kmeans_k59_s2,rq1_factorial,kmeans,centroid,59,59,2.0,,,,0.3884924191939576,0.1386764049530029,0.7001066892179052,0.1763327466764798,0.6354411863946251,971,0.6763372819965161,32.22641030756095
massive_intent,kmeans_k118_s0,rq1_factorial,kmeans,centroid,118,118,0.0,,,,0.3106935366273154,0.1126537099480629,0.5781472443849303,0.1269699060426387,0.5758310745994705,971,0.6444004059431194,19.64689718186109
massive_intent,kmeans_k118_s1,rq1_factorial,kmeans,centroid,118,118,1.0,,,,0.2973916117091008,0.1047891154885292,0.557258537130703,0.1189998285025483,0.5640892706699533,971,0.6343314390920586,19.669510195885792
massive_intent,kmeans_k118_s2,rq1_factorial,kmeans,centroid,118,118,2.0,,,,0.3002251014020688,0.1074092537164688,0.5789751509448542,0.1126170521909723,0.5711538709209648,971,0.6346942308324949,19.490317166981338
massive_intent,kmeans_k236_s0,rq1_factorial,kmeans,centroid,236,236,0.0,,,,0.2074883223216037,0.0918310731649398,0.4473321731942319,0.0882108513974053,0.4811594146897235,971,0.5702483829175381,12.273352639360672
massive_intent,kmeans_k236_s1,rq1_factorial,kmeans,centroid,236,236,1.0,,,,0.2080339320589775,0.0864069238305091,0.4429009697477563,0.0986134281012487,0.4788560128579808,971,0.5710195806499961,12.180094892511288
massive_intent,kmeans_k236_s2,rq1_factorial,kmeans,centroid,236,236,2.0,,,,0.2119129623551736,0.0869907885789871,0.431981978596851,0.0961146330569664,0.48552628556265,971,0.5722491161261795,12.124414096629554
massive_intent,gmm_k15_s0,rq1_factorial,gmm,mixture,15,15,0.0,,,,0.378719942813955,0.1340304166078567,0.8822623788021089,0.2229895432740491,0.6652445403197729,971,0.6608110855036567,64.12244477375904
massive_intent,gmm_k15_s1,rq1_factorial,gmm,mixture,15,15,1.0,,,,0.378719942813955,0.1340304166078567,0.8822623788021089,0.2229895432740491,0.6652445403197728,971,0.6608110855036567,64.12244477375903
massive_intent,gmm_k15_s2,rq1_factorial,gmm,mixture,15,15,2.0,,,,0.4034865086245224,0.1453074812889099,0.8724029529712293,0.2246168247117587,0.6632413164086015,971,0.6608113734576471,64.4558303761953
massive_intent,gmm_k30_s0,rq1_factorial,gmm,mixture,30,30,0.0,,,,0.5306503257574502,0.1527057141065597,0.8396565186413524,0.2232658387456626,0.7037739996201255,971,0.7186580856722089,46.54417370358885
massive_intent,gmm_k30_s1,rq1_factorial,gmm,mixture,30,30,1.0,,,,0.4896555518535235,0.1465597152709961,0.8290613345912345,0.2211219095627463,0.6945867182529627,971,0.7057727703777245,46.316230193345
massive_intent,gmm_k30_s2,rq1_factorial,gmm,mixture,30,30,2.0,,,,0.4818928952752696,0.1488161236047744,0.8348737040416129,0.2340163317228404,0.6907950701364128,971,0.7062183970097258,46.27775989584407
massive_intent,gmm_k59_s0,rq1_factorial,gmm,mixture,59,59,0.0,,,,0.4473249338825169,0.1368235796689987,0.7413553644553454,0.188942522705966,0.6598827213336602,971,0.7053145878616709,31.543634747519878
massive_intent,gmm_k59_s1,rq1_factorial,gmm,mixture,59,59,1.0,,,,0.4136448807436477,0.137677401304245,0.741140607120693,0.2020553431210483,0.6547796750751694,971,0.6927865890070461,31.28417855675982
massive_intent,gmm_k59_s2,rq1_factorial,gmm,mixture,59,59,2.0,,,,0.4368586824603312,0.1401757597923278,0.7359166883620851,0.1996441547636905,0.6592071882851122,971,0.704907864674669,31.900099748646554
massive_intent,gmm_k118_s0,rq1_factorial,gmm,mixture,118,118,0.0,,,,0.3289361366241993,0.1289978325366974,0.6115457890196581,0.1771884334133726,0.5943411155241932,971,0.6664854266661728,19.57442994345713
massive_intent,gmm_k118_s1,rq1_factorial,gmm,mixture,118,118,1.0,,,,0.3340603517485003,0.1202570125460624,0.603709205790275,0.1578216469106339,0.590165005139436,971,0.6639852386637728,19.575394536265925
massive_intent,gmm_k118_s2,rq1_factorial,gmm,mixture,118,118,2.0,,,,0.3442167020406289,0.1291087567806244,0.6147090101746432,0.1738730946152084,0.5912353901809085,971,0.6655061588286093,19.525814102044993
massive_intent,gmm_k236_s0,rq1_factorial,gmm,mixture,236,236,0.0,,,,0.2275052152157812,0.0928437411785125,0.4781722293887363,0.1024435362009835,0.5079498959035786,971,0.6035396231535793,11.91639732458131
massive_intent,gmm_k236_s1,rq1_factorial,gmm,mixture,236,236,1.0,,,,0.2314205021585677,0.0909573510289192,0.4752172309561728,0.1156745286477159,0.5072377190112684,971,0.6040133298030819,11.877593884549535
massive_intent,gmm_k236_s2,rq1_factorial,gmm,mixture,236,236,2.0,,,,0.2205616631634208,0.088842786848545,0.4673721988142169,0.0988945381620075,0.5048369104985917,971,0.6017042210111713,11.874484835541292
massive_intent,spectral_k15_s0,rq1_factorial,spectral,spectral,15,15,0.0,,,,0.2036978657673896,0.1174276620149612,0.9009626613414472,0.1876884150326375,0.5586096577864091,971,0.5889622920923593,57.62913307519585
massive_intent,spectral_k15_s1,rq1_factorial,spectral,spectral,15,15,1.0,,,,0.2036978657673896,0.1174276620149612,0.9009626613414472,0.1876884150326375,0.5586096577864091,971,0.5889622920923592,57.62913307519585
massive_intent,spectral_k15_s2,rq1_factorial,spectral,spectral,15,15,2.0,,,,0.2036978657673896,0.1174276620149612,0.9009626613414472,0.1876884150326375,0.5586096577864091,971,0.5889622920923592,57.62913307519585
massive_intent,spectral_k30_s0,rq1_factorial,spectral,spectral,30,30,0.0,,,,0.3567896665568947,0.1350826919078827,0.8549737495784406,0.2012272249614891,0.6598036867175346,971,0.6948728483414576,44.88616717893737
massive_intent,spectral_k30_s1,rq1_factorial,spectral,spectral,30,30,1.0,,,,0.3508269113639603,0.1342678815126419,0.8538833834580206,0.2011325227576545,0.6616024712750476,971,0.693867262811921,44.78882302718828
massive_intent,spectral_k30_s2,rq1_factorial,spectral,spectral,30,30,2.0,,,,0.3458286174460392,0.1338135004043579,0.8553914879333441,0.2013659094454143,0.6625962093512434,971,0.6914293867116441,44.70544012730946
massive_intent,spectral_k59_s0,rq1_factorial,spectral,spectral,59,59,0.0,,,,0.3920829294098913,0.1304633319377899,0.726258722503062,0.1772009728620761,0.6263879315697702,971,0.6885749219693171,31.436849721811438
massive_intent,spectral_k59_s1,rq1_factorial,spectral,spectral,59,59,1.0,,,,0.3909181320542609,0.1368043273687362,0.7393441826354036,0.1831935846957507,0.6389600950044896,971,0.6993962073254124,32.15745649526777
massive_intent,spectral_k59_s2,rq1_factorial,spectral,spectral,59,59,2.0,,,,0.3869139931770542,0.1324758827686309,0.72163896543712,0.169599340989332,0.6234351598611915,971,0.6873085555907633,31.512292470950257
massive_intent,spectral_k118_s0,rq1_factorial,spectral,spectral,118,118,0.0,,,,0.2724929577106065,0.1148496195673942,0.5971514710166926,0.1491839838078813,0.5445162161749455,971,0.6281625800317874,19.700221448117734
massive_intent,spectral_k118_s1,rq1_factorial,spectral,spectral,118,118,1.0,,,,0.270126032787665,0.1180807799100875,0.5937949268290148,0.1468804172344011,0.5392237482090722,971,0.6266617988162636,19.70623310772799
massive_intent,spectral_k118_s2,rq1_factorial,spectral,spectral,118,118,2.0,,,,0.2564779549243319,0.1144987493753433,0.599739715633506,0.1539356870866131,0.5435495446207036,971,0.6308276073564009,19.737443609202433
massive_intent,spectral_k236_s0,rq1_factorial,spectral,spectral,236,236,0.0,,,,0.1552823751469834,0.1014729961752891,0.4373462098191247,0.1149679080012191,0.4238160950594976,971,0.5319139243577093,12.140117355923994
massive_intent,spectral_k236_s1,rq1_factorial,spectral,spectral,236,236,1.0,,,,0.1578550139522361,0.0980575755238533,0.4390075440774574,0.1167667332595107,0.4276922504696336,971,0.5354883021985825,12.132272923019837
massive_intent,spectral_k236_s2,rq1_factorial,spectral,spectral,236,236,2.0,,,,0.1529761539889157,0.1028560996055603,0.4364822077303351,0.1285844132025548,0.428123957457282,971,0.5390225009082251,12.23685015752652
massive_intent,ward_k15,rq1_factorial,ward,hierarchy,15,15,,,,,0.3407981625608976,0.1267466247081756,0.8258687746752312,0.1964391284337932,0.6339428844859023,971,0.6322264629368375,63.874520194959935
massive_intent,ward_k30,rq1_factorial,ward,hierarchy,30,30,,,,,0.3919595479378487,0.1266655176877975,0.7756761098347913,0.1752263557529986,0.6461448203046576,971,0.6786350364257494,45.2418956478658
massive_intent,ward_k59,rq1_factorial,ward,hierarchy,59,59,,,,,0.4188028770482651,0.124017022550106,0.6801989336026767,0.1661062989666533,0.6102956573901324,971,0.6759206123509525,30.618527736523337
massive_intent,ward_k118,rq1_factorial,ward,hierarchy,118,118,,,,,0.3059758672524891,0.1194253489375114,0.5679767335545739,0.1260864456013292,0.5455055295949313,971,0.6330075032190615,19.766429061955503
massive_intent,ward_k236,rq1_factorial,ward,hierarchy,236,236,,,,,0.2016568637712571,0.115852877497673,0.444582873262201,0.0986533637874143,0.4597224800679626,971,0.5713743204016986,12.929223707971113
massive_intent,leiden_k15_s0,rq1_factorial,leiden,graph,15,15,0.0,,,,0.3754406336448391,0.1477125287055969,0.8892476937922184,0.2451520793587803,0.64948200980621,971,0.648379770872784,66.2340598638912
massive_intent,leiden_k15_s1,rq1_factorial,leiden,graph,15,15,1.0,,,,0.3766534461894286,0.1474290490150451,0.8900719640899513,0.2447498980502248,0.6493192818763532,971,0.6435979730675978,64.73834027354371
massive_intent,leiden_k15_s2,rq1_factorial,leiden,graph,15,15,2.0,,,,0.3480172369906122,0.139748066663742,0.8927207990119469,0.2310515063558347,0.6350781392111652,971,0.6335240181786794,64.22830318011925
massive_intent,leiden_k30_s0,rq1_factorial,leiden,graph,30,30,0.0,,,,0.4949525054730249,0.1542545706033706,0.848689057380335,0.2462720966902894,0.6708076754353216,971,0.6957504050375154,46.703698191789854
massive_intent,leiden_k30_s1,rq1_factorial,leiden,graph,30,30,1.0,,,,0.4881477529429308,0.1595549285411834,0.8468141448901654,0.2524659669060751,0.6724234089563839,971,0.6903342367266484,46.613718875253696
massive_intent,leiden_k30_s2,rq1_factorial,leiden,graph,30,30,2.0,,,,0.5031340722781644,0.1540098488330841,0.8482098467990441,0.2457516094228207,0.6789875402355835,971,0.6975768747340796,46.551858128574985
massive_intent,leiden_k59_s0,rq1_factorial,leiden,graph,59,59,0.0,,,,0.4322679042479861,0.1448914110660553,0.745732589196725,0.207497191321334,0.6472362689430037,971,0.6930310821474275,31.820196065541438
massive_intent,leiden_k59_s1,rq1_factorial,leiden,graph,59,60,1.0,,,,0.4611843942752314,0.1488312780857086,0.7496179263932139,0.213801524376206,0.6473531013016264,971,0.7020804618199175,31.393152530508633
massive_intent,leiden_k59_s2,rq1_factorial,leiden,graph,59,59,2.0,,,,0.4435638969616004,0.1492631733417511,0.7486651052494748,0.2123283066868043,0.6490712066615684,971,0.6976338557362962,31.921720929477395
massive_intent,leiden_k118_s0,rq1_factorial,leiden,graph,118,118,0.0,,,,0.3465438856704146,0.1380080431699752,0.6544149928532094,0.1933113233533455,0.5814356449169097,971,0.6633360477872188,19.568032221250014
massive_intent,leiden_k118_s1,rq1_factorial,leiden,graph,118,118,1.0,,,,0.3356828272592955,0.1391015201807022,0.6470811989019374,0.1915179068674256,0.5803677464381252,971,0.6585681688756958,19.57019077028753
massive_intent,leiden_k118_s2,rq1_factorial,leiden,graph,118,118,2.0,,,,0.347243956237386,0.141245499253273,0.6573262823402524,0.1997895969504668,0.5813914100924578,971,0.6642248099167481,19.523830636500797
massive_intent,leiden_k236_s0,rq1_factorial,leiden,graph,236,235,0.0,,,,0.2213844874102214,0.0241585932672023,0.5028476061048219,0.0510797043817733,0.4878222779209674,971,0.5914947037779437,12.049731253545502
massive_intent,leiden_k236_s1,rq1_factorial,leiden,graph,236,237,1.0,,,,0.2243106843606059,0.0323578082025051,0.5041722536122847,0.0670758995379112,0.4801905062271972,971,0.5949725895799439,11.939017367052994
massive_intent,leiden_k236_s2,rq1_factorial,leiden,graph,236,235,2.0,,,,0.2271926292806106,0.0252200234681367,0.5074067111470807,0.0659635773451284,0.482138922150331,971,0.5964803493673358,12.031321356240449
mcid,kmeans_k4_s0,rq1_factorial,kmeans,centroid,4,4,0.0,,,,0.1371804502855535,0.1494357138872146,0.818661857879483,0.1895140834114004,0.2896870526576381,989,0.3044207469128886,103.28709808749805
mcid,kmeans_k4_s1,rq1_factorial,kmeans,centroid,4,4,1.0,,,,0.1247653350104992,0.1338523477315902,0.8128334023389917,0.1396106049505034,0.251925934330557,989,0.2750155292325833,102.0826714972566
mcid,kmeans_k4_s2,rq1_factorial,kmeans,centroid,4,4,2.0,,,,0.0624482513840088,0.1153101474046707,0.7753539272745362,0.0963566712533171,0.1516092632451982,989,0.16300978368099714,89.8303555026411
mcid,kmeans_k8_s0,rq1_factorial,kmeans,centroid,8,8,0.0,,,,0.2374750987015015,0.1413578987121582,0.7998737363859817,0.1565305265154334,0.4023516296245609,989,0.44426354590708356,70.19626997491578
mcid,kmeans_k8_s1,rq1_factorial,kmeans,centroid,8,8,1.0,,,,0.2430726346721417,0.1532476246356964,0.7793839084795354,0.1612459600394779,0.4164843891470494,989,0.43919082191098596,69.99261033574601
mcid,kmeans_k8_s2,rq1_factorial,kmeans,centroid,8,8,2.0,,,,0.2239751815357535,0.1652382016181945,0.8086484862732806,0.158753993680218,0.3862755606465428,989,0.4386677763813647,75.25519275169273
mcid,kmeans_k16_s0,rq1_factorial,kmeans,centroid,16,16,0.0,,,,0.3693439126537414,0.151788592338562,0.7505493029028071,0.1766053626910473,0.5106154974757922,989,0.560108665099911,51.2531809497061
mcid,kmeans_k16_s1,rq1_factorial,kmeans,centroid,16,16,1.0,,,,0.413552335807329,0.1934852600097656,0.7817950382270797,0.2261275546777823,0.5181639257247931,989,0.5789586904110724,57.24207791976872
mcid,kmeans_k16_s2,rq1_factorial,kmeans,centroid,16,16,2.0,,,,0.3852663287028611,0.1721732169389724,0.7569202266267516,0.1785180006934145,0.4901444301926101,989,0.5546121441947831,54.57587867407808
mcid,kmeans_k32_s0,rq1_factorial,kmeans,centroid,32,32,0.0,,,,0.3867224275960502,0.1394757181406021,0.6824601008278306,0.166009380175473,0.5197923479014542,989,0.5744078638925304,35.822880614376714
mcid,kmeans_k32_s1,rq1_factorial,kmeans,centroid,32,32,1.0,,,,0.3634658640069921,0.1177774593234062,0.6753261837029523,0.1344619417253798,0.5432605654223429,989,0.5853295155244989,35.63291139099934
mcid,kmeans_k32_s2,rq1_factorial,kmeans,centroid,32,32,2.0,,,,0.3807121935504879,0.1267190724611282,0.6891517916080542,0.1431597185752491,0.5376920593261026,989,0.5988604673300759,36.241185399128184
mcid,kmeans_k64_s0,rq1_factorial,kmeans,centroid,64,64,0.0,,,,0.2931697213063823,0.1218796074390411,0.5864975992144954,0.1276567761437903,0.522638586369508,989,0.5774085179085178,23.031564983271966
mcid,kmeans_k64_s1,rq1_factorial,kmeans,centroid,64,64,1.0,,,,0.2744901650044016,0.131408542394638,0.5864755310092995,0.1462640039773774,0.5212781161391544,989,0.5734728209080789,22.925926930745195
mcid,kmeans_k64_s2,rq1_factorial,kmeans,centroid,64,64,2.0,,,,0.2830478110773742,0.1118232086300849,0.5842711757293293,0.122146480041928,0.5204638910929791,989,0.588846329630304,22.831129987468607
mcid,gmm_k4_s0,rq1_factorial,gmm,mixture,4,4,0.0,,,,0.1362973533252138,0.0982707813382148,0.908858005271692,0.1023766438587687,0.387785099966175,989,0.4270899271863729,71.04134043578922
mcid,gmm_k4_s1,rq1_factorial,gmm,mixture,4,4,1.0,,,,0.1896071408865856,0.0921906903386116,0.8963922071982922,0.0978783587773579,0.4219619476786664,989,0.46668605608447883,75.6318808225317
mcid,gmm_k4_s2,rq1_factorial,gmm,mixture,4,4,2.0,,,,0.1362973533252138,0.0982707813382148,0.908858005271692,0.1023766438587687,0.387785099966175,989,0.42708992718637295,71.04134043578922
mcid,gmm_k8_s0,rq1_factorial,gmm,mixture,8,8,0.0,,,,0.3918609716391657,0.117944911122322,0.8703577089583749,0.1508500798310915,0.5829515972978341,989,0.6193347322464912,66.37957007888089
mcid,gmm_k8_s1,rq1_factorial,gmm,mixture,8,8,1.0,,,,0.3238509415094422,0.1545906662940979,0.8863079071447821,0.2018515530264791,0.5605259346069393,989,0.6030146247624065,71.35347312202967
mcid,gmm_k8_s2,rq1_factorial,gmm,mixture,8,8,2.0,,,,0.3804254212415628,0.1252396255731582,0.8744487033228462,0.162709668854271,0.6024036021851891,989,0.6539929612375377,64.46428974144312
mcid,gmm_k16_s0,rq1_factorial,gmm,mixture,16,16,0.0,,,,0.5269305917065492,0.1342303901910781,0.8433237633346234,0.1935688475059126,0.6443122429756558,989,0.7007038973891532,50.017845961214654
mcid,gmm_k16_s1,rq1_factorial,gmm,mixture,16,16,1.0,,,,0.6036441781218107,0.1578180491924286,0.8274447990990693,0.2217637928594852,0.6647927978011641,989,0.720667182010762,51.277625474869566
mcid,gmm_k16_s2,rq1_factorial,gmm,mixture,16,16,2.0,,,,0.5944994288759067,0.1620245277881622,0.8354301590302279,0.2291419726821097,0.6727310983407452,989,0.7290021724472896,51.5435148840026
mcid,gmm_k32_s0,rq1_factorial,gmm,mixture,32,32,0.0,,,,0.5060248462914845,0.1290784180164337,0.7489221204730653,0.1863179737017177,0.6285233089900258,989,0.6862791069770438,34.559688552455235
mcid,gmm_k32_s1,rq1_factorial,gmm,mixture,32,32,1.0,,,,0.5179941701873007,0.1255623251199722,0.7566073248709353,0.1758248392428381,0.6350482021412047,989,0.6915732245129645,34.13632118036455
mcid,gmm_k32_s2,rq1_factorial,gmm,mixture,32,32,2.0,,,,0.5409864612508146,0.1117900013923645,0.7579477576356559,0.1553873259591473,0.6438095866704651,989,0.7000326479392364,34.15255360509642
mcid,gmm_k64_s0,rq1_factorial,gmm,mixture,64,64,0.0,,,,0.3360501388454982,0.1309615969657898,0.6371260545232847,0.1637592844719269,0.5790818061325161,989,0.6326131545331037,22.59784743772203
mcid,gmm_k64_s1,rq1_factorial,gmm,mixture,64,64,1.0,,,,0.3338445383843688,0.1239418163895607,0.6321936400187467,0.1538316872107258,0.579590552103218,989,0.6333972363080873,22.474746300319598
mcid,gmm_k64_s2,rq1_factorial,gmm,mixture,64,64,2.0,,,,0.348166860948743,0.1206780299544334,0.6330689082373209,0.1571112234183467,0.5892719620526791,989,0.6372717761885738,22.25121869472941
mcid,spectral_k4_s0,rq1_factorial,spectral,spectral,4,4,0.0,,,,0.0573132393280843,0.0847420319914817,0.9450203669946255,0.0493681009349404,0.3169044297403687,989,0.3657035429843687,59.51325673361995
mcid,spectral_k4_s1,rq1_factorial,spectral,spectral,4,4,1.0,,,,0.0573132393280843,0.0847420319914817,0.9450203669946255,0.0493681009349404,0.3169044297403687,989,0.3657035429843687,59.51325673361995
mcid,spectral_k4_s2,rq1_factorial,spectral,spectral,4,4,2.0,,,,0.0573132393280843,0.0847420319914817,0.9450203669946255,0.0493681009349404,0.3169044297403687,989,0.3657035429843687,59.51325673361995
mcid,spectral_k8_s0,rq1_factorial,spectral,spectral,8,8,0.0,,,,0.1957214197409555,0.121825486421585,0.8857972546236292,0.1529994692107943,0.5736864024746884,989,0.5996383978710355,59.04279853566996
mcid,spectral_k8_s1,rq1_factorial,spectral,spectral,8,8,1.0,,,,0.1957214197409555,0.121825486421585,0.8857972546236292,0.1529994692107943,0.5736864024746883,989,0.5996383978710355,59.04279853566997
mcid,spectral_k8_s2,rq1_factorial,spectral,spectral,8,8,2.0,,,,0.1957214197409555,0.121825486421585,0.8857972546236293,0.1529994692107943,0.5736864024746884,989,0.5996383978710355,59.042798535669945
mcid,spectral_k16_s0,rq1_factorial,spectral,spectral,16,16,0.0,,,,0.4333907200608358,0.1561885476112365,0.8445623539393905,0.2192918923858937,0.6049416285438984,989,0.6628821257594113,50.134862417503186
mcid,spectral_k16_s1,rq1_factorial,spectral,spectral,16,16,1.0,,,,0.4344669787860493,0.1562862992286682,0.8444407108041265,0.2192892991856378,0.6071604841829912,989,0.6641964272019537,50.14133508706939
mcid,spectral_k16_s2,rq1_factorial,spectral,spectral,16,16,2.0,,,,0.4328013487787981,0.1579102575778961,0.8444019812179144,0.2211286771887159,0.6013676238020876,989,0.661308497382563,50.21680564832271
mcid,spectral_k32_s0,rq1_factorial,spectral,spectral,32,32,0.0,,,,0.4537376161574417,0.1263691782951355,0.7444772201131,0.1845103342499788,0.6054848319742262,989,0.6487754826497845,34.911930306937
mcid,spectral_k32_s1,rq1_factorial,spectral,spectral,32,32,1.0,,,,0.4483829251202457,0.1211588606238365,0.7417925300525354,0.1753149143661838,0.6097663657696261,989,0.6523927580758884,34.7464858246214
mcid,spectral_k32_s2,rq1_factorial,spectral,spectral,32,32,2.0,,,,0.4328662825872125,0.1288861036300659,0.7394988823616407,0.1872978626408936,0.595611027049817,989,0.6398552994500205,34.94823306127724
mcid,spectral_k64_s0,rq1_factorial,spectral,spectral,64,64,0.0,,,,0.2662989400758093,0.1379960179328918,0.6247013059245071,0.1676318600032047,0.5374669247496556,989,0.5895932782116955,23.117175004383466
mcid,spectral_k64_s1,rq1_factorial,spectral,spectral,64,64,1.0,,,,0.2634848141027944,0.1405630409717559,0.6287678926577763,0.1649781016996385,0.5352529137128365,989,0.5858377120399093,23.168078338345914
mcid,spectral_k64_s2,rq1_factorial,spectral,spectral,64,64,2.0,,,,0.262944587423794,0.1297739148139953,0.6185388653353581,0.1500168032906006,0.5361927848923609,989,0.5879440936631559,22.72009292028837
mcid,ward_k4,rq1_factorial,ward,hierarchy,4,4,,,,,0.1735668248638796,0.1116018891334533,0.8592981486512518,0.1430266143738663,0.3885075630103284,989,0.4005022267715199,81.37487464814353
mcid,ward_k8,rq1_factorial,ward,hierarchy,8,8,,,,,0.3254526484372989,0.1127362176775932,0.8238811235930062,0.1324989361592577,0.5451930490999243,989,0.5583540427748899,66.94609723703068
mcid,ward_k16,rq1_factorial,ward,hierarchy,16,16,,,,,0.5122579690500063,0.1467071920633316,0.7871799852494932,0.1864026787560977,0.6203260146451516,989,0.6672672230834207,51.25014571137145
mcid,ward_k32,rq1_factorial,ward,hierarchy,32,32,,,,,0.4714317704325632,0.1245016604661941,0.7041565688942591,0.1366433336314179,0.6127387213761015,989,0.6587753853414289,34.22655709658219
mcid,ward_k64,rq1_factorial,ward,hierarchy,64,64,,,,,0.3256181223460289,0.1307386308908462,0.5980695666573159,0.1413405678067766,0.5707472374286969,989,0.6264578989780798,22.842279970719602
mcid,leiden_k4_s0,rq1_factorial,leiden,graph,4,4,0.0,,,,0.1248183022808722,0.0854104459285736,0.9206812361718884,0.0901956230808812,0.4007307683277633,989,0.4280124417614614,65.72890590956783
mcid,leiden_k4_s1,rq1_factorial,leiden,graph,4,4,1.0,,,,0.1592558552634091,0.1173857524991035,0.9136253283590432,0.1609855682231182,0.4472874687474864,989,0.46052895752389295,78.55061834236045
mcid,leiden_k4_s2,rq1_factorial,leiden,graph,4,4,2.0,,,,0.1785041100236689,0.1165971830487251,0.9078408877372394,0.1558612428344127,0.4307298728350488,989,0.46226871666743996,81.75220771604423
mcid,leiden_k8_s0,rq1_factorial,leiden,graph,8,8,0.0,,,,0.34351830556904,0.1388433277606964,0.8871706126191077,0.1948505154204546,0.5694524328583893,989,0.6093801063382901,68.28529068110943
mcid,leiden_k8_s1,rq1_factorial,leiden,graph,8,8,1.0,,,,0.3425516195642761,0.1481190621852874,0.8832626317253798,0.2004012230386369,0.5495037484487012,989,0.5924538306195242,69.97325644388633
mcid,leiden_k8_s2,rq1_factorial,leiden,graph,8,7,2.0,,,,0.2635672983434551,0.1529969722032547,0.892301985622714,0.1819130878919747,0.4761609667698616,989,0.5350344030258006,73.2019799962743
mcid,leiden_k16_s0,rq1_factorial,leiden,graph,16,16,0.0,,,,0.5538123251423551,0.1543146818876266,0.8425165157189524,0.2276826798479095,0.6269769970350997,989,0.6892670333899569,51.341269472530115
mcid,leiden_k16_s1,rq1_factorial,leiden,graph,16,16,1.0,,,,0.5523919713143224,0.1442029476165771,0.8422891388942855,0.2130126304903784,0.6274225633892185,989,0.6867647798797306,51.336947410091575
mcid,leiden_k16_s2,rq1_factorial,leiden,graph,16,16,2.0,,,,0.5671788795995437,0.1522440612316131,0.8415493612620368,0.2307828954400014,0.6385889178182281,989,0.6931510216847339,51.10327828174953
mcid,leiden_k32_s0,rq1_factorial,leiden,graph,32,32,0.0,,,,0.5328953253382158,0.1502311825752258,0.7646565295568665,0.2112045794433905,0.6175670728654913,989,0.6686309812119668,35.37973012763709
mcid,leiden_k32_s1,rq1_factorial,leiden,graph,32,32,1.0,,,,0.5513110480670154,0.1674578040838241,0.769514105886911,0.2247850717435467,0.6167887433187165,989,0.6733456556644369,34.933161736090554
mcid,leiden_k32_s2,rq1_factorial,leiden,graph,32,32,2.0,,,,0.5308512006525861,0.1470181196928024,0.7652302922577897,0.2067518865102441,0.6111770597693356,989,0.6675139607097205,34.876645399193336
mcid,leiden_k64_s0,rq1_factorial,leiden,graph,64,65,0.0,,,,0.3052492373483729,0.1456394493579864,0.6445862109329276,0.1937410614983903,0.5621834424025457,989,0.6115796451330401,23.125390992372857
mcid,leiden_k64_s1,rq1_factorial,leiden,graph,64,64,1.0,,,,0.3090154466102619,0.1415197104215622,0.6438433210698634,0.18389601529888,0.561714447885415,989,0.6106073298892533,23.051347546222207
mcid,leiden_k64_s2,rq1_factorial,leiden,graph,64,64,2.0,,,,0.3077038035372402,0.1364023238420486,0.6436096887220983,0.1916650708158659,0.5599872051372694,989,0.6115568664666575,22.821504058056526
mtop_domain,kmeans_k3_s0,rq1_factorial,kmeans,centroid,3,3,0.0,,,,0.1670073091868711,0.0880348831415176,0.934454143911763,0.0523271374362791,0.4156392249628806,995,0.46235154030460457,252.27906414170744
mtop_domain,kmeans_k3_s1,rq1_factorial,kmeans,centroid,3,3,1.0,,,,0.3204922085227359,0.1393092274665832,0.93645534025807,0.1941321870688749,0.5852435905857776,995,0.5530697810557614,283.85587504096264
mtop_domain,kmeans_k3_s2,rq1_factorial,kmeans,centroid,3,3,2.0,,,,0.2028114613282293,0.1353474110364914,0.9364283017933772,0.1707168517323328,0.5127812198736708,995,0.47067777463056343,261.36187665950666
mtop_domain,kmeans_k6_s0,rq1_factorial,kmeans,centroid,6,6,0.0,,,,0.5108611588609361,0.141415998339653,0.934260488023763,0.1259425227689126,0.7103311818316083,995,0.7359669695899119,212.9589712613313
mtop_domain,kmeans_k6_s1,rq1_factorial,kmeans,centroid,6,6,1.0,,,,0.5115938162737586,0.1413201540708542,0.9338128723239192,0.1256822899224523,0.7082975341785746,995,0.736459409733897,212.96192359873913
mtop_domain,kmeans_k6_s2,rq1_factorial,kmeans,centroid,6,6,2.0,,,,0.5498118735194886,0.1539784967899322,0.9175541359791126,0.1875042109534229,0.7221853821721395,995,0.7305498714255539,211.80241622497468
mtop_domain,kmeans_k11_s0,rq1_factorial,kmeans,centroid,11,11,0.0,,,,0.7532771619872024,0.1922056972980499,0.9097270657371938,0.2395149448248238,0.7993693554553056,995,0.8411436974862727,175.96691803317788
mtop_domain,kmeans_k11_s1,rq1_factorial,kmeans,centroid,11,11,1.0,,,,0.8715128513969345,0.2020470052957534,0.9107411936639832,0.2588449799478436,0.8380450108351923,995,0.8871520501792454,181.30454690109238
mtop_domain,kmeans_k11_s2,rq1_factorial,kmeans,centroid,11,11,2.0,,,,0.8677978838497442,0.2015322148799896,0.9106628356907256,0.2589743626003862,0.8341139740828263,995,0.8846641787949824,181.30955087438556
mtop_domain,kmeans_k22_s0,rq1_factorial,kmeans,centroid,22,22,0.0,,,,0.6204541046367054,0.1502717733383178,0.8191321759087539,0.2003531386641349,0.7493749463369637,995,0.7742203956557611,108.15513541494494
mtop_domain,kmeans_k22_s1,rq1_factorial,kmeans,centroid,22,22,1.0,,,,0.6730250049221185,0.1600978672504425,0.8507717062373434,0.2012792123742519,0.7601884571232254,995,0.7899103030275935,107.89665873899065
mtop_domain,kmeans_k22_s2,rq1_factorial,kmeans,centroid,22,22,2.0,,,,0.6577276562241919,0.1544798761606216,0.8311272201451716,0.1809835126793651,0.7507854733128447,995,0.7822068831084468,108.09375052178376
mtop_domain,kmeans_k44_s0,rq1_factorial,kmeans,centroid,44,44,0.0,,,,0.3713436942788085,0.1014291271567344,0.7245664267391819,0.1288362605391851,0.6464498069063856,995,0.7041968413066833,64.51770626241999
mtop_domain,kmeans_k44_s1,rq1_factorial,kmeans,centroid,44,44,1.0,,,,0.3952923572877433,0.1036086976528167,0.7270613451129889,0.1209827345589488,0.6524654226899507,995,0.7152626355671756,65.06118086849183
mtop_domain,kmeans_k44_s2,rq1_factorial,kmeans,centroid,44,44,2.0,,,,0.3619540007193012,0.106395423412323,0.7315347945357098,0.1384339280565825,0.6604852810094658,995,0.7058529448497153,65.45013845173675
mtop_domain,gmm_k3_s0,rq1_factorial,gmm,mixture,3,3,0.0,,,,0.3380463820970287,0.1241734623908996,0.9698996212597828,0.2278457377277561,0.6040744759717284,995,0.5827558860910573,235.43144589639573
mtop_domain,gmm_k3_s1,rq1_factorial,gmm,mixture,3,3,1.0,,,,0.3263871722276845,0.1225396022200584,0.9686937801667396,0.212572146994858,0.5999058340031257,995,0.5747133381357913,239.5670931970197
mtop_domain,gmm_k3_s2,rq1_factorial,gmm,mixture,3,3,2.0,,,,0.2389264103341781,0.1182584092020988,0.9716816075463472,0.1989964949305346,0.5457535656907114,995,0.5159681478252356,213.71472020878718
mtop_domain,gmm_k6_s0,rq1_factorial,gmm,mixture,6,6,0.0,,,,0.5328450107589595,0.185280293226242,0.9667410448911592,0.300927635211634,0.7965614050302379,995,0.763358299095023,219.14810690229444
mtop_domain,gmm_k6_s1,rq1_factorial,gmm,mixture,6,6,1.0,,,,0.559020414605704,0.1467538177967071,0.9631498686692608,0.2107077648957001,0.8104004571611125,995,0.7684209904700947,212.50179527039478
mtop_domain,gmm_k6_s2,rq1_factorial,gmm,mixture,6,6,2.0,,,,0.5328450107589595,0.185280293226242,0.9667410448911592,0.300927635211634,0.7965614050302379,995,0.7633582990950227,219.14810690229447
mtop_domain,gmm_k11_s0,rq1_factorial,gmm,mixture,11,11,0.0,,,,0.8134194805446808,0.1955422461032867,0.9464547205644156,0.2744482011629611,0.8819493414021826,995,0.8818369170291739,170.68696686451025
mtop_domain,gmm_k11_s1,rq1_factorial,gmm,mixture,11,11,1.0,,,,0.7726816699986332,0.1940719783306121,0.943866260102905,0.2776347145903118,0.861887476935148,995,0.8593417216977296,172.13423320515398
mtop_domain,gmm_k11_s2,rq1_factorial,gmm,mixture,11,11,2.0,,,,0.8794915761143807,0.1941436827182769,0.937708784254874,0.2659739189068474,0.850398135830761,995,0.8934713738331543,175.31176702986636
mtop_domain,gmm_k22_s0,rq1_factorial,gmm,mixture,22,22,0.0,,,,0.704463200154285,0.1608824878931045,0.885491268950293,0.2323797921247365,0.7786115033568572,995,0.8283812205111963,103.97438349792876
mtop_domain,gmm_k22_s1,rq1_factorial,gmm,mixture,22,22,1.0,,,,0.6878470316373074,0.1499821692705154,0.8822167632984714,0.2362268219397081,0.7728433804471736,995,0.8240353652906117,102.82787410920886
mtop_domain,gmm_k22_s2,rq1_factorial,gmm,mixture,22,22,2.0,,,,0.6756151031441963,0.1395103484392166,0.881917200899983,0.2242090598663745,0.7717763286168573,995,0.8096124235193594,102.4206629709621
mtop_domain,gmm_k44_s0,rq1_factorial,gmm,mixture,44,44,0.0,,,,0.432386306004064,0.1083261594176292,0.7895134320736378,0.1545058159279774,0.6795948321928863,995,0.7363524013859147,63.189379606527645
mtop_domain,gmm_k44_s1,rq1_factorial,gmm,mixture,44,44,1.0,,,,0.3917396902331443,0.095009833574295,0.7740209918492512,0.140750667393089,0.6732520599381739,995,0.73090773475611,62.991621601494614
mtop_domain,gmm_k44_s2,rq1_factorial,gmm,mixture,44,44,2.0,,,,0.4075060339061942,0.099821425974369,0.7802968452594864,0.1428694380372548,0.6741159299241775,995,0.7342636327337156,62.99865130492165
mtop_domain,spectral_k3_s0,rq1_factorial,spectral,spectral,3,3,0.0,,,,0.0999376767176208,0.0763195902109146,0.9795675247705076,0.1398118658026366,0.4341742343826162,995,0.3980562142950557,171.05316116218998
mtop_domain,spectral_k3_s1,rq1_factorial,spectral,spectral,3,3,1.0,,,,0.0999376767176208,0.0763195902109146,0.9795675247705076,0.1398118658026366,0.4341742343826162,995,0.3980562142950557,171.05316116218998
mtop_domain,spectral_k3_s2,rq1_factorial,spectral,spectral,3,3,2.0,,,,0.0999376767176208,0.0763195902109146,0.9795675247705076,0.1398118658026366,0.4341742343826162,995,0.3980562142950557,171.05316116218998
mtop_domain,spectral_k6_s0,rq1_factorial,spectral,spectral,6,6,0.0,,,,0.4972792626124499,0.1825319081544876,0.9640667508538786,0.2972427550601247,0.793461992610715,995,0.7508757253471104,214.19221663405924
mtop_domain,spectral_k6_s1,rq1_factorial,spectral,spectral,6,6,1.0,,,,0.4980339070554485,0.182632490992546,0.9641331192127652,0.2972958625284039,0.793461992610715,995,0.7519026965348137,214.29118187106573
mtop_domain,spectral_k6_s2,rq1_factorial,spectral,spectral,6,6,2.0,,,,0.4980339070554485,0.182632490992546,0.9641331192127652,0.2972958625284039,0.7934619926107147,995,0.7519026965348139,214.2911818710657
mtop_domain,spectral_k11_s0,rq1_factorial,spectral,spectral,11,11,0.0,,,,0.711652559263456,0.1668097376823425,0.9405254821763682,0.2386711516003109,0.8251017627892149,995,0.8229527918544025,162.43190182821226
mtop_domain,spectral_k11_s1,rq1_factorial,spectral,spectral,11,11,1.0,,,,0.711563120452021,0.1668752580881118,0.9405597869030452,0.2386494291162821,0.8276093084322514,995,0.8229785326880158,162.45838506578409
mtop_domain,spectral_k11_s2,rq1_factorial,spectral,spectral,11,11,2.0,,,,0.711563120452021,0.1668752580881118,0.9405597869030452,0.2386494291162821,0.8276093084322514,995,0.8229785326880156,162.45838506578406
mtop_domain,spectral_k22_s0,rq1_factorial,spectral,spectral,22,22,0.0,,,,0.7355809437177637,0.1408665180206298,0.8957154577577163,0.2122187507583567,0.7627451391210953,995,0.8141917194705172,101.92942971472816
mtop_domain,spectral_k22_s1,rq1_factorial,spectral,spectral,22,22,1.0,,,,0.7336379343273052,0.1408401578664779,0.8956910469933836,0.211847713458178,0.7605836490542156,995,0.8128553373717208,101.89185641849431
mtop_domain,spectral_k22_s2,rq1_factorial,spectral,spectral,22,22,2.0,,,,0.6569839626152483,0.1375612467527389,0.895773050204321,0.2056202281379491,0.7697249160873423,995,0.7930418388530786,100.70753470866977
mtop_domain,spectral_k44_s0,rq1_factorial,spectral,spectral,44,44,0.0,,,,0.4765489377397098,0.1036509349942207,0.8183479643629701,0.1485263482069293,0.6834713756921106,995,0.7208092440905048,62.44155363891499
mtop_domain,spectral_k44_s1,rq1_factorial,spectral,spectral,44,44,1.0,,,,0.4874803929749559,0.1063337102532386,0.8169307618246698,0.1519773488335525,0.6768345751031238,995,0.7275975623880433,63.13461932436482
mtop_domain,spectral_k44_s2,rq1_factorial,spectral,spectral,44,44,2.0,,,,0.4937854205462195,0.1032025068998336,0.8157071439075908,0.148687367853312,0.6771097704347889,995,0.7322918205916761,62.660494174608885
mtop_domain,ward_k3,rq1_factorial,ward,hierarchy,3,3,,,,,0.2823203757341423,0.1262597292661667,0.9595825386716508,0.1836774175254328,0.5956293601391135,995,0.5535848367601304,271.1353172794766
mtop_domain,ward_k6,rq1_factorial,ward,hierarchy,6,6,,,,,0.4404310094168132,0.1402973681688308,0.9386746945189256,0.1824613556086094,0.6847867783717172,995,0.7189406156011958,213.20448985975653
mtop_domain,ward_k11,rq1_factorial,ward,hierarchy,11,11,,,,,0.786101908206179,0.1749663949012756,0.900885545653366,0.2183975917381251,0.8094762277931948,995,0.8197695961862068,167.55699412413207
mtop_domain,ward_k22,rq1_factorial,ward,hierarchy,22,22,,,,,0.6239499372376753,0.1415098011493683,0.8348806489834064,0.1964526510886106,0.7431516857050633,995,0.7647225870844497,101.10812569394498
mtop_domain,ward_k44,rq1_factorial,ward,hierarchy,44,44,,,,,0.4107289452796016,0.090393841266632,0.7403112132106464,0.1173588136488175,0.661950270407763,995,0.7036348595119171,61.57312124315103
mtop_domain,leiden_k3_s0,rq1_factorial,leiden,graph,3,3,0.0,,,,0.259419073932698,0.0962234511971473,0.973467292951466,0.1806151039959392,0.5744253199213378,995,0.534748247159025,229.50467823684562
mtop_domain,leiden_k3_s1,rq1_factorial,leiden,graph,3,3,1.0,,,,0.2151548682633186,0.1178969591856002,0.9742732769092236,0.1989914059080761,0.5287959206438199,995,0.5105612034116807,200.3750900321504
mtop_domain,leiden_k3_s2,rq1_factorial,leiden,graph,3,3,2.0,,,,0.2082805924752124,0.1260877251625061,0.9726979217387456,0.1765621716180873,0.5272223503334454,995,0.4969770259371654,248.90457007720613
mtop_domain,leiden_k6_s0,rq1_factorial,leiden,graph,6,6,0.0,,,,0.5262456302296687,0.1835741251707077,0.965715989991599,0.2970045078843048,0.8001740064822777,995,0.7554609571668603,215.5053047398322
mtop_domain,leiden_k6_s1,rq1_factorial,leiden,graph,6,6,1.0,,,,0.5303281321217442,0.1854426115751266,0.967075013627316,0.3024596657001303,0.8015660823696191,995,0.7606046658265903,219.50075307164272
mtop_domain,leiden_k6_s2,rq1_factorial,leiden,graph,6,6,2.0,,,,0.529702656738995,0.1860717833042144,0.967725742210551,0.3032525274774769,0.8071037607928285,995,0.7610193837917119,220.42849513867884
mtop_domain,leiden_k11_s0,rq1_factorial,leiden,graph,11,11,0.0,,,,0.7819646015614541,0.1958523839712143,0.9451101845332112,0.2775961529314491,0.8760475696661851,995,0.8659488796290675,174.31330741068
mtop_domain,leiden_k11_s1,rq1_factorial,leiden,graph,11,11,1.0,,,,0.7682293042928193,0.1935093402862548,0.9453007260497612,0.2792357190748923,0.8650175119234357,995,0.8547140680623914,172.2442583191867
mtop_domain,leiden_k11_s2,rq1_factorial,leiden,graph,11,11,2.0,,,,0.829995724154833,0.1854780167341232,0.9366424945763406,0.2583019655849771,0.8650282100009394,995,0.8689842206941961,172.13661384116702
mtop_domain,leiden_k22_s0,rq1_factorial,leiden,graph,22,22,0.0,,,,0.7128467722589826,0.1654987037181854,0.8991571682061362,0.2384777208795119,0.7762156926565602,995,0.8118958983775024,103.93231384454874
mtop_domain,leiden_k22_s1,rq1_factorial,leiden,graph,22,22,1.0,,,,0.70852301290038,0.1575793921947479,0.901446551255244,0.2341433497906364,0.7743325832878497,995,0.8155748734083524,103.43711689373652
mtop_domain,leiden_k22_s2,rq1_factorial,leiden,graph,22,21,2.0,,,,0.7132523925882167,0.1572380810976028,0.9017195779582586,0.2370643411203099,0.787641008743505,995,0.8150205999596916,106.93701399202298
mtop_domain,leiden_k44_s0,rq1_factorial,leiden,graph,44,44,0.0,,,,0.4190847235943167,0.1036983653903007,0.8035324352090504,0.1613992439177608,0.6782601575143041,995,0.7276403778407247,63.990702036032715
mtop_domain,leiden_k44_s1,rq1_factorial,leiden,graph,44,44,1.0,,,,0.4132135942731838,0.1002911701798439,0.8017011117314335,0.1576844735879987,0.6715748072796964,995,0.7248026942607573,63.918739531606896
mtop_domain,leiden_k44_s2,rq1_factorial,leiden,graph,44,44,2.0,,,,0.387745403533367,0.1000117361545562,0.792020090713537,0.154093186001898,0.668005692202705,995,0.7154121084682956,63.46075411297579
mtop_intent,kmeans_k26_s0,rq1_factorial,kmeans,centroid,26,26,0.0,,,,0.6249269622809325,0.1398656964302063,0.7901017344905727,0.1952977488402821,0.7708717193563266,997,0.7194788122938998,94.50245057377658
mtop_intent,kmeans_k26_s1,rq1_factorial,kmeans,centroid,26,26,1.0,,,,0.5451582590597633,0.1477560549974441,0.8152301024457234,0.1824429199736587,0.7738672287106626,997,0.716443549179248,94.30093272915188
mtop_intent,kmeans_k26_s2,rq1_factorial,kmeans,centroid,26,26,2.0,,,,0.5098791960157644,0.1117064282298088,0.7835952955253103,0.1220487516753706,0.7659820405293599,997,0.7162808800309904,95.65472898677615
mtop_intent,kmeans_k51_s0,rq1_factorial,kmeans,centroid,51,51,0.0,,,,0.4144809276382742,0.0995972976088523,0.6986939713896639,0.1155360679244725,0.6706319746817979,997,0.6932129435294855,57.91464344639569
mtop_intent,kmeans_k51_s1,rq1_factorial,kmeans,centroid,51,51,1.0,,,,0.3978511884645022,0.1014445349574089,0.7044406205391351,0.1164073493483901,0.677326298625107,997,0.692551714909094,58.74915248986123
mtop_intent,kmeans_k51_s2,rq1_factorial,kmeans,centroid,51,51,2.0,,,,0.3919429371547083,0.0979998782277107,0.6975309819687071,0.1176496494031469,0.667847912813634,997,0.6882641068036933,58.38296147856371
mtop_intent,kmeans_k102_s0,rq1_factorial,kmeans,centroid,102,102,0.0,,,,0.2568303619394738,0.0996247082948684,0.6082706017548178,0.1093758561066802,0.5860285448364085,997,0.6480476631386807,35.530576720252
mtop_intent,kmeans_k102_s1,rq1_factorial,kmeans,centroid,102,102,1.0,,,,0.2681475572934779,0.1007914245128631,0.6081709866467219,0.1107726113000652,0.5970236006852309,997,0.6598767673343409,35.585485945762116
mtop_intent,kmeans_k102_s2,rq1_factorial,kmeans,centroid,102,102,2.0,,,,0.2676674588198661,0.1016099378466606,0.6165427986983993,0.1181674978602368,0.5953298259566248,997,0.6702518023675357,35.658650339026416
mtop_intent,kmeans_k204_s0,rq1_factorial,kmeans,centroid,204,204,0.0,,,,0.1644688380765259,0.0945968553423881,0.501371750640421,0.1018148954476068,0.4782384368987416,997,0.608051344157073,21.582765108021682
mtop_intent,kmeans_k204_s1,rq1_factorial,kmeans,centroid,204,204,1.0,,,,0.1641353545871723,0.0916484892368316,0.492037959353431,0.1004621840350571,0.485365541707389,997,0.6028914127944723,21.324758560379962
mtop_intent,kmeans_k204_s2,rq1_factorial,kmeans,centroid,204,204,2.0,,,,0.1550992076164865,0.0959883034229278,0.505165040903102,0.1102326751397807,0.4866173477003342,997,0.5968692583696161,21.505953467912267
mtop_intent,kmeans_k408_s0,rq1_factorial,kmeans,centroid,408,408,0.0,,,,0.0879158426645684,0.0883185341954231,0.3762930874375895,0.1039874353802985,0.378836786899069,997,0.5232057215529685,13.197912870052466
mtop_intent,kmeans_k408_s1,rq1_factorial,kmeans,centroid,408,408,1.0,,,,0.0886114508883724,0.0899862125515937,0.3736207030927622,0.1028658360297438,0.3777855990494149,997,0.5245395285670295,13.206832376370553
mtop_intent,kmeans_k408_s2,rq1_factorial,kmeans,centroid,408,408,2.0,,,,0.0898982781488774,0.0905734896659851,0.3760269463698915,0.0963981772739243,0.3779769389197048,997,0.5276977246151925,13.169951706744355
mtop_intent,gmm_k26_s0,rq1_factorial,gmm,mixture,26,26,0.0,,,,0.587847613429636,0.1390393525362014,0.8653650624227894,0.2167487225601706,0.7900984962882882,997,0.7559106117944249,92.343066102169
mtop_intent,gmm_k26_s1,rq1_factorial,gmm,mixture,26,26,1.0,,,,0.6447078187570797,0.1421650201082229,0.8680698467183459,0.2246719162869445,0.8009879529285654,997,0.7645158553138691,91.10983449453745
mtop_intent,gmm_k26_s2,rq1_factorial,gmm,mixture,26,26,2.0,,,,0.5698967632951913,0.141391709446907,0.8649035815459217,0.222070329903586,0.7858633788788029,997,0.7429170432346484,91.04485424004804
mtop_intent,gmm_k51_s0,rq1_factorial,gmm,mixture,51,51,0.0,,,,0.4688087406141006,0.104386955499649,0.7689986693923587,0.153836478693699,0.6973177337719848,997,0.7306487621942499,57.001554239137896
mtop_intent,gmm_k51_s1,rq1_factorial,gmm,mixture,51,51,1.0,,,,0.418585549158576,0.0954262018203735,0.7558874214392219,0.1484262845154774,0.6888703323446341,997,0.717113333416978,56.367161576421275
mtop_intent,gmm_k51_s2,rq1_factorial,gmm,mixture,51,51,2.0,,,,0.4430013336018236,0.0961055308580398,0.762865225254868,0.1425955854756778,0.6916109070728678,997,0.7221414103761908,56.70489364579742
mtop_intent,gmm_k102_s0,rq1_factorial,gmm,mixture,102,102,0.0,,,,0.2632435115385548,0.0989798605442047,0.646598618725531,0.1331137056509627,0.5970514221934433,997,0.663771267302149,34.208612983132774
mtop_intent,gmm_k102_s1,rq1_factorial,gmm,mixture,102,102,1.0,,,,0.2571687732930041,0.0961580947041511,0.6403669639799295,0.1308458803895549,0.5909352108374575,997,0.6613608086546117,34.16916606751933
mtop_intent,gmm_k102_s2,rq1_factorial,gmm,mixture,102,102,2.0,,,,0.2604014059968449,0.0948448926210403,0.6385784387925649,0.1327719064582123,0.5926432656691971,997,0.665607108366016,34.25225874264197
mtop_intent,gmm_k204_s0,rq1_factorial,gmm,mixture,204,204,0.0,,,,0.1519445474815947,0.0986959785223007,0.5217192785168642,0.1216573196572892,0.4878857491936579,997,0.607382574836378,20.935467620795198
mtop_intent,gmm_k204_s1,rq1_factorial,gmm,mixture,204,204,1.0,,,,0.1552628737981304,0.0899195373058319,0.5214901292683248,0.1237936382255523,0.4846391293698775,997,0.6056423166324011,20.833237856869207
mtop_intent,gmm_k204_s2,rq1_factorial,gmm,mixture,204,204,2.0,,,,0.1555803151995538,0.0902796983718872,0.5279539205842234,0.1184160252292614,0.4886531354284953,997,0.6068361275465954,20.76338107793525
mtop_intent,gmm_k408_s0,rq1_factorial,gmm,mixture,408,408,0.0,,,,0.093794300820911,0.070908635854721,0.406019463182765,0.0854120154047821,0.3826309455414877,997,0.5412913500004847,12.608901149323971
mtop_intent,gmm_k408_s1,rq1_factorial,gmm,mixture,408,408,1.0,,,,0.0934043125806848,0.0720660686492919,0.4104485020212584,0.0860031488888673,0.3819358786964679,997,0.5386085248252197,12.607293540474796
mtop_intent,gmm_k408_s2,rq1_factorial,gmm,mixture,408,408,2.0,,,,0.089815810871413,0.0673379823565483,0.4006772650569249,0.0816116777451064,0.376584231822636,997,0.5360334537376154,12.55894689027261
mtop_intent,spectral_k26_s0,rq1_factorial,spectral,spectral,26,26,0.0,,,,0.5955030245093417,0.1209442690014839,0.8857655982391903,0.1869005713467105,0.7876226458788917,997,0.748217975214608,89.92570356468106
mtop_intent,spectral_k26_s1,rq1_factorial,spectral,spectral,26,26,1.0,,,,0.5953740211804007,0.121140532195568,0.8862352287235759,0.1870719354581571,0.7876226458788917,997,0.7483056750077016,89.92440306505719
mtop_intent,spectral_k26_s2,rq1_factorial,spectral,spectral,26,26,2.0,,,,0.5959161085849825,0.1215226352214813,0.8867446868333436,0.1879719636512506,0.7887452893846338,997,0.7490687184116915,90.03776968814452
mtop_intent,spectral_k51_s0,rq1_factorial,spectral,spectral,51,51,0.0,,,,0.4513423268125643,0.0926528573036193,0.7720040760080419,0.1361418006866329,0.6760105235513398,997,0.7071066913579627,55.51129572503088
mtop_intent,spectral_k51_s1,rq1_factorial,spectral,spectral,51,51,1.0,,,,0.4577589345637822,0.087368756532669,0.7818026179176955,0.1263413185370722,0.6787595737708879,997,0.7153076732834367,56.46152774993651
mtop_intent,spectral_k51_s2,rq1_factorial,spectral,spectral,51,51,2.0,,,,0.4948472441565735,0.0983839854598045,0.7932725354884507,0.1415385299817872,0.6899327520620394,997,0.7235177016075366,56.53376252742877
mtop_intent,spectral_k102_s0,rq1_factorial,spectral,spectral,102,102,0.0,,,,0.2853017930647759,0.0980630218982696,0.6569959628343466,0.1280700183613294,0.5839899799753715,997,0.6693985708419982,34.89440241657477
mtop_intent,spectral_k102_s1,rq1_factorial,spectral,spectral,102,102,1.0,,,,0.2918849034038157,0.0912006199359893,0.6591136562040832,0.1103331573722107,0.5774906137701312,997,0.6614697654574756,34.26085019899722
mtop_intent,spectral_k102_s2,rq1_factorial,spectral,spectral,102,102,2.0,,,,0.2663990549900376,0.0924769043922424,0.6454046627941944,0.1101486386124211,0.5667388161780129,997,0.6524011436017003,33.97615725445938
mtop_intent,spectral_k204_s0,rq1_factorial,spectral,spectral,204,204,0.0,,,,0.1305855483502113,0.101328320801258,0.5225092123358561,0.1116055669817614,0.4428028205116381,997,0.5795427937817765,21.086038522366604
mtop_intent,spectral_k204_s1,rq1_factorial,spectral,spectral,204,204,1.0,,,,0.1357502904201643,0.1020659282803535,0.5248886518154923,0.116273721774127,0.4471019954045551,997,0.5805460088617928,20.972305903332707
mtop_intent,spectral_k204_s2,rq1_factorial,spectral,spectral,204,204,2.0,,,,0.14753824978175,0.0965502560138702,0.5341542623977517,0.1202456912290423,0.4522675401440448,997,0.5845799994454935,20.836995698850764
mtop_intent,spectral_k408_s0,rq1_factorial,spectral,spectral,408,408,0.0,,,,0.0719501155764807,0.1034686565399169,0.3960242944807324,0.1390578168798419,0.3290053331274947,997,0.49911335499443804,12.900377725915089
mtop_intent,spectral_k408_s1,rq1_factorial,spectral,spectral,408,408,1.0,,,,0.070552937850535,0.1094682440161705,0.3957267266790678,0.1348654074677515,0.3338377103301004,997,0.4980128125987444,13.078187197466413
mtop_intent,spectral_k408_s2,rq1_factorial,spectral,spectral,408,408,2.0,,,,0.071115262555779,0.1081582754850387,0.3965474643777555,0.147690317493831,0.3319512233232575,997,0.5014088745444605,13.003741788770862
mtop_intent,ward_k26,rq1_factorial,ward,hierarchy,26,26,,,,,0.5618578175247331,0.1245738267898559,0.8165079827671923,0.173056979725673,0.7615202996473825,997,0.7139498083067761,89.29561328878992
mtop_intent,ward_k51,rq1_factorial,ward,hierarchy,51,51,,,,,0.4448358490524234,0.0891574472188949,0.7223341423056416,0.1081405879607564,0.6903729252884433,997,0.6949968733597992,55.472382060737075
mtop_intent,ward_k102,rq1_factorial,ward,hierarchy,102,102,,,,,0.2838876789415945,0.0811708867549896,0.6062317789097422,0.0771393319380888,0.5983653984537917,997,0.6570241219310652,34.255326231650294
mtop_intent,ward_k204,rq1_factorial,ward,hierarchy,204,204,,,,,0.1520313696183196,0.0931156948208808,0.4992659292965966,0.0943279180995598,0.4860579272693498,997,0.5987344775317417,21.600080267811936
mtop_intent,ward_k408,rq1_factorial,ward,hierarchy,408,408,,,,,0.0866029125772175,0.1204573065042495,0.3978362861628167,0.116157344570596,0.3706516224841691,997,0.5335157047420281,13.967729575985041
mtop_intent,leiden_k26_s0,rq1_factorial,leiden,graph,26,27,0.0,,,,0.5968737243532443,0.1515409350395202,0.8743617905785819,0.2312893039293649,0.7720461850512619,997,0.7548798879360489,89.7264153464015
mtop_intent,leiden_k26_s1,rq1_factorial,leiden,graph,26,25,1.0,,,,0.6264622049806288,0.1501559466123581,0.8813457521717191,0.2343763713824699,0.7919469547521107,997,0.7523139277233758,94.8553867477166
mtop_intent,leiden_k26_s2,rq1_factorial,leiden,graph,26,26,2.0,,,,0.636361566792277,0.1566895991563797,0.8863017874934314,0.2330260646895833,0.7818163668002852,997,0.7559653361013435,92.161319250252
mtop_intent,leiden_k51_s0,rq1_factorial,leiden,graph,51,51,0.0,,,,0.399247234170607,0.1006738692522049,0.7715826418080414,0.1652011063897021,0.6871090629415171,997,0.7072084160771854,57.17137987708585
mtop_intent,leiden_k51_s1,rq1_factorial,leiden,graph,51,50,1.0,,,,0.3974811810737386,0.1000129356980323,0.768642085533407,0.1584129231679212,0.6832027390233242,997,0.7060347201762043,57.56993428232048
mtop_intent,leiden_k51_s2,rq1_factorial,leiden,graph,51,52,2.0,,,,0.4109509996466909,0.104212686419487,0.7682363288228451,0.1617229147260597,0.6840208418065685,997,0.7103556811414135,56.46711342157975
mtop_intent,leiden_k102_s0,rq1_factorial,leiden,graph,102,103,0.0,,,,0.2430659059219189,0.1078331395983696,0.6706842662910674,0.1489898994624696,0.5868735114566985,997,0.6472236806179391,34.560350447802875
mtop_intent,leiden_k102_s1,rq1_factorial,leiden,graph,102,102,1.0,,,,0.2400352623760853,0.1043131873011589,0.6655796624695456,0.1528060757236306,0.5822539650345832,997,0.6479398469664143,34.81170707952161
mtop_intent,leiden_k102_s2,rq1_factorial,leiden,graph,102,102,2.0,,,,0.2414836894334452,0.1030785366892814,0.6649412933755038,0.1446561241188655,0.5829635925066335,997,0.6452701217407008,34.39666576743643
mtop_intent,leiden_k204_s0,rq1_factorial,leiden,graph,204,204,0.0,,,,0.1466658651323853,0.096927985548973,0.5639150476590592,0.1374701479598415,0.4815281900398254,997,0.5970204013119226,21.45759871249116
mtop_intent,leiden_k204_s1,rq1_factorial,leiden,graph,204,204,1.0,,,,0.1534404626715107,0.0934891626238823,0.569888825400539,0.127722897269735,0.4842471444253501,997,0.6012772403884867,21.299056927302097
mtop_intent,leiden_k204_s2,rq1_factorial,leiden,graph,204,203,2.0,,,,0.1496639268188109,0.0927193462848663,0.5684704851344088,0.1250081756175375,0.4869269402497456,997,0.5964662680327293,21.435971776434897
mtop_intent,leiden_k408_s0,rq1_factorial,leiden,graph,408,408,0.0,,,,0.0836576359665458,-0.0012757737422361,0.4406103258957763,0.0051265866172896,0.3676750185680472,997,0.5261694546865511,12.767161974853702
mtop_intent,leiden_k408_s1,rq1_factorial,leiden,graph,408,408,1.0,,,,0.0861170832810506,-0.0080463085323572,0.4426446054750906,-0.0004231048370454,0.3645932295018483,997,0.5304564044576722,12.732751286483184
mtop_intent,leiden_k408_s2,rq1_factorial,leiden,graph,408,407,2.0,,,,0.0876533346059163,-0.0066739507019519,0.4457187653528336,-0.0085647005260727,0.3724765489923124,997,0.532282826537076,12.81381506197063
reddit_s2s,kmeans_k12_s0,rq1_factorial,kmeans,centroid,12,12,0.0,,,,0.1555390626755271,0.0415047332644462,0.616853669248878,0.0616155634208356,0.3867393109371936,984,0.3616709943704426,61.23288893821294
reddit_s2s,kmeans_k12_s1,rq1_factorial,kmeans,centroid,12,12,1.0,,,,0.1547051598535384,0.0336149185895919,0.6220482782845981,0.0603787028495634,0.3822308881018907,984,0.36323928012460627,60.94659831752276
reddit_s2s,kmeans_k12_s2,rq1_factorial,kmeans,centroid,12,12,2.0,,,,0.1359059200965938,0.0333977714180946,0.6271212307499423,0.0749499152125714,0.3728926837526863,984,0.3576903781469408,61.17206158252316
reddit_s2s,kmeans_k24_s0,rq1_factorial,kmeans,centroid,24,24,0.0,,,,0.2595740421358146,0.0377105325460433,0.6460131655859026,0.104104304511282,0.479020993173792,984,0.4914269115060731,46.31813251484496
reddit_s2s,kmeans_k24_s1,rq1_factorial,kmeans,centroid,24,24,1.0,,,,0.273047367968994,0.0660840347409248,0.6273180036213967,0.1113770848439566,0.4523152198036571,984,0.47837084255415907,46.36114554376059
reddit_s2s,kmeans_k24_s2,rq1_factorial,kmeans,centroid,24,24,2.0,,,,0.2367716013675369,0.0330271236598491,0.608037303890824,0.0832153031809756,0.4544925873819437,984,0.4535423002380308,46.17313665658467
reddit_s2s,kmeans_k49_s0,rq1_factorial,kmeans,centroid,49,49,0.0,,,,0.3649472743301827,0.0572554729878902,0.5914827586128416,0.1204881023476792,0.5205074886565313,984,0.5397039290577967,32.46648007924825
reddit_s2s,kmeans_k49_s1,rq1_factorial,kmeans,centroid,49,49,1.0,,,,0.3419243015093013,0.0517198294401168,0.5884362086096159,0.0982710705972481,0.5065765256763197,984,0.54472224050272,32.14167710960365
reddit_s2s,kmeans_k49_s2,rq1_factorial,kmeans,centroid,49,49,2.0,,,,0.351483512635149,0.0672528892755508,0.6094224011446947,0.1344469075664476,0.5052126447090342,984,0.5348449717931847,32.14663843657237
reddit_s2s,kmeans_k98_s0,rq1_factorial,kmeans,centroid,98,98,0.0,,,,0.3022953964847817,0.0526772662997245,0.5197987398063681,0.0806743894973604,0.4296416878145949,984,0.5265214332914402,20.72402690271237
reddit_s2s,kmeans_k98_s1,rq1_factorial,kmeans,centroid,98,98,1.0,,,,0.3171108369136325,0.0609210766851902,0.5231578933751939,0.0739798710915589,0.4632445396350713,984,0.5267577340032548,20.93897842085545
reddit_s2s,kmeans_k98_s2,rq1_factorial,kmeans,centroid,98,98,2.0,,,,0.3096791107244372,0.053785603493452,0.5222733849033666,0.0891719151127355,0.4566965465334943,984,0.5273648297000819,20.75575922152209
reddit_s2s,kmeans_k196_s0,rq1_factorial,kmeans,centroid,196,196,0.0,,,,0.2065634159590636,0.0448769107460975,0.4303080375854594,0.0492168511708167,0.3794277271635828,984,0.4756166019663261,12.561111887719266
reddit_s2s,kmeans_k196_s1,rq1_factorial,kmeans,centroid,196,196,1.0,,,,0.2182757750115821,0.042851909995079,0.429254126255658,0.0440512310355336,0.374703735771015,984,0.48375762486720075,12.785216824157592
reddit_s2s,kmeans_k196_s2,rq1_factorial,kmeans,centroid,196,196,2.0,,,,0.217238204598948,0.0409166812896728,0.4247319827403933,0.0384062191203948,0.3849215310478857,984,0.4837673876729905,12.682494971568246
reddit_s2s,gmm_k12_s0,rq1_factorial,gmm,mixture,12,12,0.0,,,,0.1551230346762813,0.0272323563694953,0.7386308157434286,0.0744374026317135,0.4107325913889533,984,0.4094364304549591,49.16667299541024
reddit_s2s,gmm_k12_s1,rq1_factorial,gmm,mixture,12,12,1.0,,,,0.1521268448296076,-0.02012306638062,0.7368606903274064,0.0339645161053828,0.3989722829174163,984,0.4067788912358389,48.380228522724586
reddit_s2s,gmm_k12_s2,rq1_factorial,gmm,mixture,12,12,2.0,,,,0.1402288355528089,-0.0227573700249195,0.7414585546735659,0.0285786459971922,0.4113438029481265,984,0.3990157983172969,47.584290840882524
reddit_s2s,gmm_k24_s0,rq1_factorial,gmm,mixture,24,24,0.0,,,,0.2708842778547835,0.0267586763948202,0.7124847467412075,0.098784715716444,0.4807095998173494,984,0.49979621089089205,41.03320353722433
reddit_s2s,gmm_k24_s1,rq1_factorial,gmm,mixture,24,24,1.0,,,,0.2652681902718896,0.0287600401788949,0.7101970273072934,0.1032364317203622,0.4833966658167656,984,0.4963298127450538,41.53295787899938
reddit_s2s,gmm_k24_s2,rq1_factorial,gmm,mixture,24,24,2.0,,,,0.2631153634577049,0.025959625840187,0.7122829524146592,0.0928094249953054,0.4771045244033728,984,0.49600641428818143,40.83330864052977
reddit_s2s,gmm_k49_s0,rq1_factorial,gmm,mixture,49,49,0.0,,,,0.3923865791179137,0.0621601156890392,0.6518539625105129,0.1410503550151944,0.5032284198450547,984,0.544953791143359,30.138815325846934
reddit_s2s,gmm_k49_s1,rq1_factorial,gmm,mixture,49,49,1.0,,,,0.3944082372200747,0.0489579662680625,0.6509646341830356,0.1218725883528536,0.4983538521094754,984,0.5399972540297948,29.48711294632225
reddit_s2s,gmm_k49_s2,rq1_factorial,gmm,mixture,49,49,2.0,,,,0.3863712975297277,0.0643793046474456,0.6496739099122119,0.1460083733975459,0.5020137974280316,984,0.5446815027065741,30.452838554781565
reddit_s2s,gmm_k98_s0,rq1_factorial,gmm,mixture,98,98,0.0,,,,0.3757286261438688,0.0417667776346206,0.5697352332893336,0.0998391521381502,0.4675181519171652,984,0.5342762560862021,18.68732094477392
reddit_s2s,gmm_k98_s1,rq1_factorial,gmm,mixture,98,98,1.0,,,,0.3662176027306501,0.0402195788919925,0.5725832859383349,0.094748488963075,0.4655561941571507,984,0.5315048998365229,18.559375498985943
reddit_s2s,gmm_k98_s2,rq1_factorial,gmm,mixture,98,98,2.0,,,,0.3785937164957825,0.0523152463138103,0.579394335056213,0.1118207525069066,0.4598726069245285,984,0.5325015068072007,18.6376176943753
reddit_s2s,gmm_k196_s0,rq1_factorial,gmm,mixture,196,196,0.0,,,,0.2914525074984226,0.0379110500216484,0.4926207606219226,0.0769829448557872,0.4130487243447032,984,0.5108484350222513,11.625784725425776
reddit_s2s,gmm_k196_s1,rq1_factorial,gmm,mixture,196,196,1.0,,,,0.2986455408208762,0.0316772274672985,0.4934053184263817,0.0770013699449734,0.4176356311648382,984,0.50873885394278,11.561878176906463
reddit_s2s,gmm_k196_s2,rq1_factorial,gmm,mixture,196,196,2.0,,,,0.2855899353833205,0.035345047712326,0.4908991047054873,0.0804746895182011,0.4119160737046574,984,0.5092967982162325,11.63564471502369
reddit_s2s,spectral_k12_s0,rq1_factorial,spectral,spectral,12,12,0.0,,,,0.028789049642645,-0.0488969534635543,0.7828237047685194,-0.0151733171229225,0.2772490111102166,984,0.32016594189712344,39.80638557961492
reddit_s2s,spectral_k12_s1,rq1_factorial,spectral,spectral,12,12,1.0,,,,0.0278845348236523,-0.0486372262239456,0.7894134092614151,-0.0150612149543031,0.2776821030715452,984,0.3206531426318114,39.944238114854876
reddit_s2s,spectral_k12_s2,rq1_factorial,spectral,spectral,12,12,2.0,,,,0.0519090558667246,-0.0472915023565292,0.7484050558840672,-0.0231591651599184,0.2862378951650288,984,0.33065397074557024,39.89824163802269
reddit_s2s,spectral_k24_s0,rq1_factorial,spectral,spectral,24,24,0.0,,,,0.0455157433454158,-0.0178284272551536,0.7678563215647252,0.0188810590974509,0.3771337240189887,984,0.44478658697979145,34.178325510144134
reddit_s2s,spectral_k24_s1,rq1_factorial,spectral,spectral,24,24,1.0,,,,0.0608315778808717,-0.0151674626395106,0.7467836159823115,0.0197269023605766,0.4089181363858274,984,0.4612457127977187,35.17101863223967
reddit_s2s,spectral_k24_s2,rq1_factorial,spectral,spectral,24,24,2.0,,,,0.0455157433454158,-0.0178284272551536,0.7678563215647252,0.0188810590974509,0.3771337240189886,984,0.44478658697979145,34.178325510144134
reddit_s2s,spectral_k49_s0,rq1_factorial,spectral,spectral,49,49,0.0,,,,0.1401752843771512,0.0150186279788613,0.6734918803492397,0.1064619122079246,0.4664730918517422,984,0.5558551813846878,29.275728670573734
reddit_s2s,spectral_k49_s1,rq1_factorial,spectral,spectral,49,49,1.0,,,,0.1349355222802157,0.0145599236711859,0.6747071414134259,0.1037247617423293,0.4690681792384941,984,0.5526901347606508,29.13424051001237
reddit_s2s,spectral_k49_s2,rq1_factorial,spectral,spectral,49,49,2.0,,,,0.1340879930784131,0.0153342159464955,0.6747780567050511,0.1043906505461798,0.4671367252784197,984,0.5517391436280822,29.180901060137888
reddit_s2s,spectral_k98_s0,rq1_factorial,spectral,spectral,98,98,0.0,,,,0.1711195648959558,0.0286334734410047,0.5517137316597848,0.0823658300880441,0.4040327565006809,984,0.5001185439421907,19.169139179808333
reddit_s2s,spectral_k98_s1,rq1_factorial,spectral,spectral,98,98,1.0,,,,0.1606310874843902,0.0274079255759716,0.5551232298870643,0.077569827004833,0.3983264863563683,984,0.4964589751964007,19.10788499856977
reddit_s2s,spectral_k98_s2,rq1_factorial,spectral,spectral,98,98,2.0,,,,0.1754382514783581,0.0259570181369781,0.5529083381334879,0.0616678604904396,0.3979166183244578,984,0.4964899640607094,18.974208082565042
reddit_s2s,spectral_k196_s0,rq1_factorial,spectral,spectral,196,196,0.0,,,,0.1268677213213264,0.0288495477288961,0.450821026293457,0.0533214692262784,0.3146774067007674,984,0.4431655556933199,12.053293637103028
reddit_s2s,spectral_k196_s1,rq1_factorial,spectral,spectral,196,196,1.0,,,,0.1236750608037896,0.0319888442754745,0.4531209930458665,0.0605988350158684,0.3197917539760361,984,0.4502160713429019,12.129685064462564
reddit_s2s,spectral_k196_s2,rq1_factorial,spectral,spectral,196,196,2.0,,,,0.1264132476052496,0.029482752084732,0.4520181286556312,0.0637722440339081,0.3313439515282666,984,0.44409575498659365,12.058986069302014
reddit_s2s,ward_k12,rq1_factorial,ward,hierarchy,12,12,,,,,0.1058191039739921,-0.0560245066881179,0.6395484541306414,-0.0162409721406982,0.3434899686498053,984,0.34846831682771173,46.359787557170755
reddit_s2s,ward_k24,rq1_factorial,ward,hierarchy,24,24,,,,,0.1625784688968523,-0.0128345340490341,0.6101525678544815,0.0110884390932169,0.403211119581051,984,0.43379316522514466,38.20135214330685
reddit_s2s,ward_k49,rq1_factorial,ward,hierarchy,49,49,,,,,0.2753439965702287,0.0285709593445062,0.5650001687839099,0.0515846304915024,0.4379776440989893,984,0.48391568549136527,28.099703787016377
reddit_s2s,ward_k98,rq1_factorial,ward,hierarchy,98,98,,,,,0.2858988303268083,0.028222357854247,0.5095274479105241,0.0352516572387211,0.4043183322408463,984,0.4790523409509836,18.526835967818123
reddit_s2s,ward_k196,rq1_factorial,ward,hierarchy,196,196,,,,,0.2201381550618605,0.0262592080980539,0.4288127523391982,-0.0048529827026097,0.3606271385924142,984,0.4584171360651669,12.098187427197328
reddit_s2s,leiden_k12_s0,rq1_factorial,leiden,graph,12,12,0.0,,,,0.1282680038532999,-0.0175103638321161,0.7635273280941004,0.0465280661955519,0.4256366413266346,984,0.4287885929846485,48.50240841538495
reddit_s2s,leiden_k12_s1,rq1_factorial,leiden,graph,12,12,1.0,,,,0.1222911896423121,-0.0123298978433012,0.7650894583894452,0.0503458500912274,0.400900926675182,984,0.41662477222173844,50.22275919244139
reddit_s2s,leiden_k12_s2,rq1_factorial,leiden,graph,12,12,2.0,,,,0.1227262214997317,0.0121722184121608,0.7660877206488822,0.0905165355208563,0.4329636315373677,984,0.4185574585670409,51.80687666407629
reddit_s2s,leiden_k24_s0,rq1_factorial,leiden,graph,24,24,0.0,,,,0.2704814410972236,0.0339224860072135,0.7274052652750503,0.1030784669563922,0.4970281143663566,984,0.5077753066261271,42.17590997206368
reddit_s2s,leiden_k24_s1,rq1_factorial,leiden,graph,24,24,1.0,,,,0.276841312261259,0.0385899953544139,0.7271759734983052,0.1124457767990273,0.5021383499629434,984,0.5074711012708276,42.563012031501444
reddit_s2s,leiden_k24_s2,rq1_factorial,leiden,graph,24,24,2.0,,,,0.2787820708790987,0.052683737128973,0.724743962024145,0.1180394358514217,0.4964738030275198,984,0.511962116587078,42.48583832240173
reddit_s2s,leiden_k49_s0,rq1_factorial,leiden,graph,49,49,0.0,,,,0.4240646138764923,0.069173514842987,0.6783010227894135,0.1561098481787096,0.5338340715827825,984,0.5552782437308577,30.545533225238877
reddit_s2s,leiden_k49_s1,rq1_factorial,leiden,graph,49,49,1.0,,,,0.4342407294089355,0.0716580897569656,0.6744374711322183,0.1585181144143969,0.5244503687418882,984,0.562544450185898,30.644116888684028
reddit_s2s,leiden_k49_s2,rq1_factorial,leiden,graph,49,49,2.0,,,,0.4303868429682287,0.0711481720209121,0.6745562113332668,0.1566703213236863,0.5364296696963274,984,0.5582515072181325,30.6416932886673
reddit_s2s,leiden_k98_s0,rq1_factorial,leiden,graph,98,96,0.0,,,,0.4182756460937084,0.0716932490468025,0.6178512439933715,0.1481288216321881,0.5068695205423845,984,0.5515145159748452,19.412883342126847
reddit_s2s,leiden_k98_s1,rq1_factorial,leiden,graph,98,98,1.0,,,,0.4173775837438315,-0.0828047692775726,0.6189418402569781,-0.0055884968239534,0.5054769981782321,984,0.5501390905655033,19.31384166498313
reddit_s2s,leiden_k98_s2,rq1_factorial,leiden,graph,98,97,2.0,,,,0.4167151040776691,-0.085330992937088,0.6178819994765213,-0.0066838604100038,0.5087437109459627,984,0.5491341994830247,19.279532704799045
reddit_s2s,leiden_k196_s0,rq1_factorial,leiden,graph,196,196,0.0,,,,0.3141443086976753,-0.0667172968387603,0.5409457449811493,-0.002910934457663,0.4392480539942742,984,0.511661742421919,12.06026116824873
reddit_s2s,leiden_k196_s1,rq1_factorial,leiden,graph,196,197,1.0,,,,0.3184042685254334,-0.0568641871213912,0.5436087692283043,0.0181892848396936,0.4402150960535977,984,0.5117639319212576,12.020516501224444
reddit_s2s,leiden_k196_s2,rq1_factorial,leiden,graph,196,197,2.0,,,,0.3035948521503878,-0.0657708048820495,0.5379603385154581,-0.0034188676983476,0.4376896578500124,984,0.5106544677992306,12.040963303795131
snips,kmeans_k2_s0,rq1_factorial,kmeans,centroid,2,2,0.0,,,,0.1685190861716861,0.144331157207489,0.9154632048136014,0.2441592741021341,0.3403648464687893,999,0.34623110761199677,279.92969109627944
snips,kmeans_k2_s1,rq1_factorial,kmeans,centroid,2,2,1.0,,,,0.0887525255289392,0.0732881650328636,0.9026340978250024,0.0992230949180416,0.3097305666903279,999,0.2731664306186334,174.03128408358072
snips,kmeans_k2_s2,rq1_factorial,kmeans,centroid,2,2,2.0,,,,0.0980395548768601,0.085042729973793,0.9832035708511598,0.1884605005315648,0.3061757701532159,999,0.3248693183918563,163.86820838375516
snips,kmeans_k4_s0,rq1_factorial,kmeans,centroid,4,4,0.0,,,,0.4941037715986592,0.220899611711502,0.9546336431137176,0.3748791173364952,0.6878840556558173,999,0.6983192636615431,252.09030834046808
snips,kmeans_k4_s1,rq1_factorial,kmeans,centroid,4,4,1.0,,,,0.558578659855215,0.2060324996709823,0.9483055074368918,0.3739880770039775,0.7188616808227923,999,0.7154261187146285,236.03778886158366
snips,kmeans_k4_s2,rq1_factorial,kmeans,centroid,4,4,2.0,,,,0.4812932471359112,0.1987224817276001,0.9544449514064692,0.3609462165115463,0.6666772457737506,999,0.6873637196161265,235.33905371360436
snips,kmeans_k7_s0,rq1_factorial,kmeans,centroid,7,7,0.0,,,,0.702166339814219,0.2417258024215698,0.9211550201138016,0.3554594668268446,0.7525529300585206,999,0.8020458038031608,201.72419140307625
snips,kmeans_k7_s1,rq1_factorial,kmeans,centroid,7,7,1.0,,,,0.5890419075475934,0.216080754995346,0.9084749285988344,0.2877726501429907,0.6853112803805421,999,0.7300688210508809,165.20480196248687
snips,kmeans_k7_s2,rq1_factorial,kmeans,centroid,7,7,2.0,,,,0.6904987545326118,0.2194572389125824,0.889404711843845,0.3307434136686333,0.7500532792839851,999,0.7976204678059665,194.85229870883234
snips,kmeans_k14_s0,rq1_factorial,kmeans,centroid,14,14,0.0,,,,0.6271542150005499,0.1003644093871116,0.7866429771877747,0.1301969625021946,0.7199030565850751,999,0.7585306512004918,112.41205334859252
snips,kmeans_k14_s1,rq1_factorial,kmeans,centroid,14,14,1.0,,,,0.6132783718347123,0.1027959510684013,0.7900543800928872,0.114347918951344,0.7220177817319702,999,0.7659003484547015,112.92794313906906
snips,kmeans_k14_s2,rq1_factorial,kmeans,centroid,14,14,2.0,,,,0.6885674331947335,0.1371645927429199,0.8244092566394747,0.1984223714473207,0.7476904392673737,999,0.7813364046478516,113.17796770813317
snips,kmeans_k28_s0,rq1_factorial,kmeans,centroid,28,28,0.0,,,,0.4081729698822671,0.0817459598183631,0.6736409889492859,0.0815224619295199,0.6678793972012399,999,0.6864772410584796,66.1086168983398
snips,kmeans_k28_s1,rq1_factorial,kmeans,centroid,28,28,1.0,,,,0.3874897034591672,0.0707706287503242,0.6751356721194026,0.0659297267242646,0.6524549333470127,999,0.6768705646149538,66.25429607061905
snips,kmeans_k28_s2,rq1_factorial,kmeans,centroid,28,28,2.0,,,,0.4063861386584547,0.0815885439515113,0.6715472842646256,0.0850637904274598,0.6551162183977316,999,0.6798393045191566,65.82854326403698
snips,gmm_k2_s0,rq1_factorial,gmm,mixture,2,2,0.0,,,,0.1017686868524823,0.1271902024745941,0.9924324052524208,0.2872151166793985,0.3041808577709076,999,0.3408443837513019,201.96674208655645
snips,gmm_k2_s1,rq1_factorial,gmm,mixture,2,2,1.0,,,,0.1017686868524823,0.1271902024745941,0.9924324052524208,0.2872151166793985,0.3041808577709076,999,0.3408443837513019,201.96674208655645
snips,gmm_k2_s2,rq1_factorial,gmm,mixture,2,2,2.0,,,,0.1017686868524823,0.1271902024745941,0.9924324052524208,0.2872151166793985,0.3041808577709076,999,0.3408443837513019,201.96674208655645
snips,gmm_k4_s0,rq1_factorial,gmm,mixture,4,4,0.0,,,,0.4123027545189879,0.1981588900089264,0.9894611293110032,0.3881844237493629,0.6830624068803194,999,0.726958404023937,220.92245516242886
snips,gmm_k4_s1,rq1_factorial,gmm,mixture,4,4,1.0,,,,0.5268380746791599,0.1952028423547744,0.974054716392498,0.370495721940198,0.7143930061828515,999,0.7445451040750102,229.8963857778641
snips,gmm_k4_s2,rq1_factorial,gmm,mixture,4,4,2.0,,,,0.5268380746791599,0.1952028423547744,0.974054716392498,0.370495721940198,0.7143930061828515,999,0.7445451040750102,229.896385777864
snips,gmm_k7_s0,rq1_factorial,gmm,mixture,7,7,0.0,,,,0.9272383446854549,0.2145265042781829,0.950786369250446,0.3826828163129261,0.8567912200415476,999,0.9239037566473018,201.82388959487702
snips,gmm_k7_s1,rq1_factorial,gmm,mixture,7,7,1.0,,,,0.9272383446854549,0.2145265042781829,0.950786369250446,0.3826828163129261,0.8567912200415476,999,0.9239037566473017,201.82388959487702
snips,gmm_k7_s2,rq1_factorial,gmm,mixture,7,7,2.0,,,,0.9272383446854549,0.2145265042781829,0.950786369250446,0.3826828163129261,0.8567912200415476,999,0.9239037566473018,201.823889594877
snips,gmm_k14_s0,rq1_factorial,gmm,mixture,14,14,0.0,,,,0.7098665633826008,0.105605199933052,0.8640922279331652,0.190250166849708,0.7707584639552935,999,0.8066492139766294,108.41952283646977
snips,gmm_k14_s1,rq1_factorial,gmm,mixture,14,14,1.0,,,,0.7457262063809689,0.1301269829273224,0.8691813541481835,0.2207615380342398,0.7917514796131802,999,0.8189720726463944,108.64785313703699
snips,gmm_k14_s2,rq1_factorial,gmm,mixture,14,14,2.0,,,,0.7059117765684103,0.0908734202384948,0.8409393422418661,0.1658760645233263,0.7686803315887628,999,0.8067169926557483,105.34236512546644
snips,gmm_k28_s0,rq1_factorial,gmm,mixture,28,28,0.0,,,,0.4127082214952914,0.0641581714153289,0.7194427737742023,0.0911493588548533,0.6727755315500589,999,0.7001967284458587,62.90595358791907
snips,gmm_k28_s1,rq1_factorial,gmm,mixture,28,28,1.0,,,,0.4301393774397211,0.0656981095671653,0.7220027451868531,0.0930102360954294,0.6773342168830889,999,0.7048403347160083,62.98925147859027
snips,gmm_k28_s2,rq1_factorial,gmm,mixture,28,28,2.0,,,,0.4253146229240062,0.060860626399517,0.7214053644842937,0.0785114783062012,0.6658408753179149,999,0.6986839451348886,62.31301920530947
snips,spectral_k2_s0,rq1_factorial,spectral,spectral,2,2,0.0,,,,0.1012420548045377,0.1272947639226913,0.9933204324175844,0.2876189864557394,0.3041808577709076,999,0.3384328773068821,202.45932218821423
snips,spectral_k2_s1,rq1_factorial,spectral,spectral,2,2,1.0,,,,0.1012420548045377,0.1272947639226913,0.9933204324175844,0.2876189864557394,0.3041808577709076,999,0.3384328773068821,202.45932218821423
snips,spectral_k2_s2,rq1_factorial,spectral,spectral,2,2,2.0,,,,0.1012420548045377,0.1272947639226913,0.9933204324175844,0.2876189864557394,0.3041808577709076,999,0.3384328773068821,202.45932218821423
snips,spectral_k4_s0,rq1_factorial,spectral,spectral,4,4,0.0,,,,0.4101582678466414,0.198209211230278,0.9895958864577656,0.3882412440229339,0.6830624068803194,999,0.7219587864808823,221.21451182952836
snips,spectral_k4_s1,rq1_factorial,spectral,spectral,4,4,1.0,,,,0.4101582678466414,0.198209211230278,0.9895958864577656,0.3882412440229339,0.6830624068803194,999,0.7219587864808823,221.21451182952836
snips,spectral_k4_s2,rq1_factorial,spectral,spectral,4,4,2.0,,,,0.4101582678466414,0.198209211230278,0.9895958864577656,0.3882412440229339,0.6830624068803194,999,0.7219587864808823,221.21451182952833
snips,spectral_k7_s0,rq1_factorial,spectral,spectral,7,7,0.0,,,,0.9125078403821728,0.2162476032972335,0.9517233624023864,0.3865448705718489,0.8638793924232966,999,0.9114335603505246,202.3548087650888
snips,spectral_k7_s1,rq1_factorial,spectral,spectral,7,7,1.0,,,,0.9125078403821728,0.2162476032972335,0.9517233624023864,0.3865448705718489,0.8638793924232967,999,0.9114335603505248,202.35480876508873
snips,spectral_k7_s2,rq1_factorial,spectral,spectral,7,7,2.0,,,,0.9125078403821728,0.2162476032972335,0.9517233624023864,0.3865448705718489,0.8638793924232966,999,0.9114335603505246,202.35480876508873
snips,spectral_k14_s0,rq1_factorial,spectral,spectral,14,14,0.0,,,,0.7503767899785998,0.1443511843681335,0.9016023523723792,0.261316344559419,0.7858840119965423,999,0.8104876416351987,108.2354113802083
snips,spectral_k14_s1,rq1_factorial,spectral,spectral,14,14,1.0,,,,0.7512441251593691,0.1444831788539886,0.9012370008465914,0.2610802676927053,0.7863477784669369,999,0.811001954209925,108.33344614535902
snips,spectral_k14_s2,rq1_factorial,spectral,spectral,14,14,2.0,,,,0.7503767899785998,0.1443511843681335,0.9016023523723792,0.261316344559419,0.7858840119965425,999,0.8104876416351987,108.23541138020835
snips,spectral_k28_s0,rq1_factorial,spectral,spectral,28,28,0.0,,,,0.5026143936609558,0.0761442184448242,0.7823907101412592,0.1180783278342399,0.6868114932677089,999,0.7062389543602015,63.950355191123144
snips,spectral_k28_s1,rq1_factorial,spectral,spectral,28,28,1.0,,,,0.5026515566022566,0.0762864798307418,0.7824340070383389,0.1186089412335039,0.685322275241459,999,0.7051648882398042,63.93822743912079
snips,spectral_k28_s2,rq1_factorial,spectral,spectral,28,28,2.0,,,,0.5062563140244489,0.0812491923570633,0.7853398560460366,0.1310630149143951,0.6875582013804816,999,0.7065720033113215,63.8522714706733
snips,ward_k2,rq1_factorial,ward,hierarchy,2,2,,,,,0.181085303574299,0.1379723995923996,0.9434454332552692,0.2429722054612218,0.3683251629077171,999,0.3882399861214409,267.2394603022477
snips,ward_k4,rq1_factorial,ward,hierarchy,4,4,,,,,0.4970500748521704,0.2144957035779953,0.9587387877544588,0.3695154526443799,0.679474425634952,999,0.7120400307473087,246.31484143495265
snips,ward_k7,rq1_factorial,ward,hierarchy,7,7,,,,,0.8791932497525067,0.2083959579467773,0.9281360554169352,0.368315651710716,0.818733801694377,999,0.8813790227175059,199.61179492166497
snips,ward_k14,rq1_factorial,ward,hierarchy,14,14,,,,,0.7789989597675496,0.1654925495386123,0.8729150173474184,0.2742046484238025,0.7752930489848844,999,0.8161445845315494,110.33654201440686
snips,ward_k28,rq1_factorial,ward,hierarchy,28,28,,,,,0.4935781062386487,0.0683042705059051,0.7081954161653714,0.0929117644207042,0.6762858235566281,999,0.7135281392183837,63.318570739920574
snips,leiden_k2_s0,rq1_factorial,leiden,graph,2,2,0.0,,,,0.1012710834395009,0.1272972971200943,0.9933979328165377,0.2878256642586017,0.3041808577709076,999,0.3400065346387875,202.403567171035
snips,leiden_k2_s1,rq1_factorial,leiden,graph,2,2,1.0,,,,0.1012710834395009,0.1272972971200943,0.9933979328165377,0.2878256642586017,0.3041808577709076,999,0.3400065346387875,202.403567171035
snips,leiden_k2_s2,rq1_factorial,leiden,graph,2,2,2.0,,,,0.1012710834395009,0.1272972971200943,0.9933979328165377,0.2878256642586017,0.3041808577709076,999,0.3400065346387875,202.403567171035
snips,leiden_k4_s0,rq1_factorial,leiden,graph,4,4,0.0,,,,0.4126316223826264,0.1983063071966171,0.9897593107385038,0.3881626714994198,0.6847238868941874,999,0.7256338337534114,221.0395354846973
snips,leiden_k4_s1,rq1_factorial,leiden,graph,4,4,1.0,,,,0.4126316223826264,0.1983063071966171,0.9897593107385038,0.3881626714994198,0.6847238868941874,999,0.7256338337534114,221.0395354846973
snips,leiden_k4_s2,rq1_factorial,leiden,graph,4,4,2.0,,,,0.4126316223826264,0.1983063071966171,0.9897593107385038,0.3881626714994198,0.6847238868941874,999,0.7256338337534114,221.0395354846973
snips,leiden_k7_s0,rq1_factorial,leiden,graph,7,7,0.0,,,,0.8932515432668654,0.2170672118663787,0.9504729647669288,0.3943382520320672,0.8658777001477858,999,0.9018383634217104,200.04250967178362
snips,leiden_k7_s1,rq1_factorial,leiden,graph,7,7,1.0,,,,0.9116621855150052,0.215991735458374,0.9522111394623572,0.3894869945017896,0.8631633692848534,999,0.9121766091118886,201.68721499893812
snips,leiden_k7_s2,rq1_factorial,leiden,graph,7,7,2.0,,,,0.8932515432668654,0.2170672118663787,0.9504729647669288,0.3943382520320672,0.8658777001477858,999,0.9018383634217104,200.04250967178362
snips,leiden_k14_s0,rq1_factorial,leiden,graph,14,14,0.0,,,,0.7743953622018991,0.157378077507019,0.9058358891743884,0.2736760752797254,0.7888933976126776,999,0.8203587313601894,112.80381657001949
snips,leiden_k14_s1,rq1_factorial,leiden,graph,14,14,1.0,,,,0.7713815908342182,0.1574342101812362,0.9043525505087866,0.2715446278834048,0.7889404754304019,999,0.8195365056160419,112.97982031642506
snips,leiden_k14_s2,rq1_factorial,leiden,graph,14,14,2.0,,,,0.7755959565074868,0.1586681455373764,0.9051189607921823,0.2741733889117446,0.7891235292581861,999,0.8200571027223267,112.7658308954415
snips,leiden_k28_s0,rq1_factorial,leiden,graph,28,28,0.0,,,,0.4306427616865206,0.0773973762989044,0.7484425583733069,0.1102421505943515,0.6821173103117874,999,0.6983399028274935,63.722273622639904
snips,leiden_k28_s1,rq1_factorial,leiden,graph,28,28,1.0,,,,0.4457212239121235,0.0702919960021972,0.7566503106223529,0.0790925592333374,0.6801788574340264,999,0.697860852180629,64.01515326770162
snips,leiden_k28_s2,rq1_factorial,leiden,graph,28,28,2.0,,,,0.4321070942403804,0.0793656259775161,0.7535515209077424,0.1089180042371221,0.6784835638521038,999,0.7002876857758871,63.87392939716229
stackexchange_cl,kmeans_k30_s0,rq1_factorial,kmeans,centroid,30,30,0.0,,,,0.1560978237398678,0.0460387021303176,0.5837406294757417,0.029647646323985,0.4693830645007644,994,0.4606203916486032,29.908615600892578
stackexchange_cl,kmeans_k30_s1,rq1_factorial,kmeans,centroid,30,30,1.0,,,,0.1433931689879566,0.0443700104951858,0.571905090699009,0.0230727679916581,0.4556956571183255,994,0.4405037122586484,29.844799560271994
stackexchange_cl,kmeans_k30_s2,rq1_factorial,kmeans,centroid,30,30,2.0,,,,0.1524178572751191,0.0391881987452507,0.5704360383656832,0.0055182724140525,0.451508927899609,994,0.43824039787926095,29.105695822682964
stackexchange_cl,kmeans_k60_s0,rq1_factorial,kmeans,centroid,60,60,0.0,,,,0.2448389151537565,0.0644514188170433,0.5190582112223807,0.0613054304181118,0.429168329739472,994,0.48252374410301324,20.0181673642865
stackexchange_cl,kmeans_k60_s1,rq1_factorial,kmeans,centroid,60,60,1.0,,,,0.2613661317675189,0.0742392688989639,0.5348135921672896,0.0787426549238073,0.4544184329642889,994,0.4952410097968682,20.663605788883057
stackexchange_cl,kmeans_k60_s2,rq1_factorial,kmeans,centroid,60,60,2.0,,,,0.2463803466148761,0.0391731858253479,0.5230532500765671,0.0463038147518621,0.4591368091114149,994,0.488669204462109,20.069523318108526
stackexchange_cl,kmeans_k121_s0,rq1_factorial,kmeans,centroid,121,121,0.0,,,,0.2593583133147691,0.0530905537307262,0.4541275919876829,0.0607572919079097,0.3928238558277945,994,0.4664896245541485,12.846290309552902
stackexchange_cl,kmeans_k121_s1,rq1_factorial,kmeans,centroid,121,121,1.0,,,,0.2703611482567118,0.0559122301638126,0.4521054320661911,0.0599386610403785,0.3911583587116398,994,0.4674478777396594,12.962783280956803
stackexchange_cl,kmeans_k121_s2,rq1_factorial,kmeans,centroid,121,121,2.0,,,,0.2716733911010501,0.0597886182367801,0.4554233881079561,0.0629625262653034,0.3956753264710186,994,0.4769225522066933,13.040945980293921
stackexchange_cl,kmeans_k242_s0,rq1_factorial,kmeans,centroid,242,242,0.0,,,,0.2214395370113896,0.0472091026604175,0.3624393055577553,0.0725567531016273,0.3087593217000936,994,0.4144139559015812,7.963573319524343
stackexchange_cl,kmeans_k242_s1,rq1_factorial,kmeans,centroid,242,242,1.0,,,,0.2085245681766747,0.0410534739494323,0.3503494483079645,0.0556603124838887,0.3023412079490544,994,0.4124081981652874,7.987367080740998
stackexchange_cl,kmeans_k242_s2,rq1_factorial,kmeans,centroid,242,242,2.0,,,,0.2215719860468639,0.0350409820675849,0.3541795520236963,0.0550083970981281,0.3208621889427291,994,0.41796349593746146,8.03366484261731
stackexchange_cl,kmeans_k484_s0,rq1_factorial,kmeans,centroid,484,484,0.0,,,,0.1561311650303044,0.0238188225775957,0.2620401566221277,0.0472402451872645,0.2323152474316256,994,0.3573235641076106,5.155845605444521
stackexchange_cl,kmeans_k484_s1,rq1_factorial,kmeans,centroid,484,484,1.0,,,,0.1420218327983264,0.0226726662367582,0.2527863506669698,0.0655018164531679,0.230915684440681,994,0.3532720887769434,5.141069415496803
stackexchange_cl,kmeans_k484_s2,rq1_factorial,kmeans,centroid,484,484,2.0,,,,0.1447799964457851,0.0256563257426023,0.2515907823355408,0.0457180297971279,0.2329772987199913,994,0.3531086104105553,5.124003260428754
stackexchange_cl,gmm_k30_s0,rq1_factorial,gmm,mixture,30,30,0.0,,,,0.1715434794200598,0.0403770208358764,0.6307307380555228,0.0443624345176982,0.4845890691439712,994,0.48499112714233583,26.73547179902516
stackexchange_cl,gmm_k30_s1,rq1_factorial,gmm,mixture,30,30,1.0,,,,0.1521478878987915,0.0428071022033691,0.6478978264762615,0.0545117837942972,0.4907017888353593,994,0.483293617399186,26.883208221997155
stackexchange_cl,gmm_k30_s2,rq1_factorial,gmm,mixture,30,30,2.0,,,,0.1733125137108292,0.0426318906247615,0.6339874940618284,0.0461765430411792,0.4862715395019091,994,0.4828061385277759,27.0903128280511
stackexchange_cl,gmm_k60_s0,rq1_factorial,gmm,mixture,60,60,0.0,,,,0.2402215090741233,0.0537333972752094,0.5643895934033993,0.0779908423908753,0.4589445733902339,994,0.49439556709273585,18.267898930637916
stackexchange_cl,gmm_k60_s1,rq1_factorial,gmm,mixture,60,60,1.0,,,,0.2417309631028019,0.057014375925064,0.562902655084947,0.0853451605205504,0.46546781967509,994,0.49584067741220256,18.218330464605362
stackexchange_cl,gmm_k60_s2,rq1_factorial,gmm,mixture,60,60,2.0,,,,0.2444593356341506,0.0552203655242919,0.5626741212893108,0.0833062880159652,0.4615684812923061,994,0.4947071304725675,18.25632911393554
stackexchange_cl,gmm_k121_s0,rq1_factorial,gmm,mixture,121,121,0.0,,,,0.3032791873030889,0.0558485500514507,0.4916649273528392,0.095398568976086,0.411295960705775,994,0.491121276539022,12.031996690202384
stackexchange_cl,gmm_k121_s1,rq1_factorial,gmm,mixture,121,121,1.0,,,,0.2983340456975173,0.0521574914455413,0.4907201861610039,0.0927171800404311,0.4099071386365461,994,0.48976783988330347,11.969229461041815
stackexchange_cl,gmm_k121_s2,rq1_factorial,gmm,mixture,121,121,2.0,,,,0.2980957901501871,0.0545372068881988,0.4927817973789483,0.1007030266286115,0.4085823384160765,994,0.48896091443587003,12.02252321870928
stackexchange_cl,gmm_k242_s0,rq1_factorial,gmm,mixture,242,242,0.0,,,,0.3166546174763468,0.0436924546957016,0.418302425852607,0.0857673600841972,0.3685817368770625,994,0.46794905715170665,7.640355588107669
stackexchange_cl,gmm_k242_s1,rq1_factorial,gmm,mixture,242,242,1.0,,,,0.3005887515207651,0.0327485762536525,0.4126799534715659,0.0681945724942663,0.35585623893079,994,0.46666553807588296,7.601698151882526
stackexchange_cl,gmm_k242_s2,rq1_factorial,gmm,mixture,242,242,2.0,,,,0.2945080441323424,0.0418679304420948,0.4120010376429802,0.091473312008056,0.3530874251266946,994,0.4639593915904415,7.601942047058333
stackexchange_cl,gmm_k484_s0,rq1_factorial,gmm,mixture,484,484,0.0,,,,0.2605222280483381,0.0109693761914968,0.3397509882032402,0.0334545437983859,0.3091801389136375,994,0.43437547869145293,4.955427653117162
stackexchange_cl,gmm_k484_s1,rq1_factorial,gmm,mixture,484,484,1.0,,,,0.2643904217466609,0.0042264494113624,0.3394074017078063,0.0170754781744916,0.3151014060104348,994,0.4376757732430197,4.944804664836141
stackexchange_cl,gmm_k484_s2,rq1_factorial,gmm,mixture,484,484,2.0,,,,0.2618375811390488,0.0175483562052249,0.3406016804262769,0.0543150346675857,0.3026302458861395,994,0.43561617232478034,4.984740473421411
stackexchange_cl,spectral_k30_s0,rq1_factorial,spectral,spectral,30,30,0.0,,,,0.0460254712009509,0.0240661017596721,0.6686575208719111,0.0367839155985487,0.4094733350325925,994,0.4258970241714046,23.79526858937045
stackexchange_cl,spectral_k30_s1,rq1_factorial,spectral,spectral,30,30,1.0,,,,0.06043840973803,0.0253805257380008,0.6801660910721765,0.0398321663729853,0.4120576457332829,994,0.4350563840926725,24.05242944493062
stackexchange_cl,spectral_k30_s2,rq1_factorial,spectral,spectral,30,30,2.0,,,,0.0475604466763905,0.0235029440373182,0.6926776648205681,0.0263843434063311,0.3961292389735747,994,0.42871701589162353,23.99772817254823
stackexchange_cl,spectral_k60_s0,rq1_factorial,spectral,spectral,60,60,0.0,,,,0.0879388676494426,0.031011912971735,0.5777067002813029,0.0495124055480923,0.4177391442970407,994,0.4661732764841897,18.35214106974402
stackexchange_cl,spectral_k60_s1,rq1_factorial,spectral,spectral,60,60,1.0,,,,0.0888407998656535,0.0318550504744052,0.5792886002615039,0.0541388901083085,0.419319005674569,994,0.4655510892448713,18.391665213987785
stackexchange_cl,spectral_k60_s2,rq1_factorial,spectral,spectral,60,60,2.0,,,,0.0946489411770127,0.0319428779184818,0.5806657298784319,0.0531508651062851,0.4237381145143091,994,0.4695790022009249,18.513816379084552
stackexchange_cl,spectral_k121_s0,rq1_factorial,spectral,spectral,121,121,0.0,,,,0.1451731191534736,0.0523182936012744,0.4901449186747652,0.0855639385493742,0.3629735140427282,994,0.44762498422596675,12.458113908353507
stackexchange_cl,spectral_k121_s1,rq1_factorial,spectral,spectral,121,121,1.0,,,,0.1068537250215354,0.0480669327080249,0.494709399623311,0.08556151384916,0.3669259927878689,994,0.44065480302940174,12.296071631532378
stackexchange_cl,spectral_k121_s2,rq1_factorial,spectral,spectral,121,121,2.0,,,,0.1347212602809285,0.0511813648045063,0.4837385771558707,0.0922192615275576,0.3586849026973159,994,0.44265228454145206,12.346029317041248
stackexchange_cl,spectral_k242_s0,rq1_factorial,spectral,spectral,242,242,0.0,,,,0.1337595057249462,0.0479768961668014,0.390589106746454,0.1063956345055197,0.2928863739241604,994,0.4036010302319798,8.09057876194404
stackexchange_cl,spectral_k242_s1,rq1_factorial,spectral,spectral,242,242,1.0,,,,0.1331152910311281,0.0477784164249897,0.3893542912987036,0.0982890263915833,0.2840747793517719,994,0.39594110579224906,8.048361566661757
stackexchange_cl,spectral_k242_s2,rq1_factorial,spectral,spectral,242,242,2.0,,,,0.1106687759666899,0.0445090495049953,0.3886267885808694,0.1006829278167638,0.2776325985343869,994,0.3949769197207828,7.967863528804635
stackexchange_cl,spectral_k484_s0,rq1_factorial,spectral,spectral,484,484,0.0,,,,0.0638960620677743,0.0400517508387565,0.3073006118756071,0.121385086989505,0.2055036936068925,994,0.3336016760087066,5.172340335411895
stackexchange_cl,spectral_k484_s1,rq1_factorial,spectral,spectral,484,484,1.0,,,,0.0792600884629238,0.040086556226015,0.2954106371899017,0.1107869470838951,0.2194575136040411,994,0.3360445125966454,5.228606092879183
stackexchange_cl,spectral_k484_s2,rq1_factorial,spectral,spectral,484,484,2.0,,,,0.0453586028960377,0.0325995832681655,0.3111217842543521,0.0919074686381885,0.2011446968671202,994,0.32095201168952525,5.04991270868616
stackexchange_cl,ward_k30,rq1_factorial,ward,hierarchy,30,30,,,,,0.108595957250494,0.0146546531468629,0.5755425423329903,-0.0219273812951965,0.43311354741241,994,0.4291951290687574,25.690990887177996
stackexchange_cl,ward_k60,rq1_factorial,ward,hierarchy,60,60,,,,,0.1907966685275436,0.0394341759383678,0.5101499650491622,0.023549879147502,0.4127620916983364,994,0.46253413145036987,18.043138562014544
stackexchange_cl,ward_k121,rq1_factorial,ward,hierarchy,121,121,,,,,0.2607984632571911,0.0436804704368114,0.4501405067804742,0.0284363632640727,0.3767444115870679,994,0.46177655515180843,12.282418415077615
stackexchange_cl,ward_k242,rq1_factorial,ward,hierarchy,242,242,,,,,0.2561214738897184,0.0548846684396266,0.3821752982918648,0.0640691055341962,0.3190869403066222,994,0.43838259923084494,8.26107199009635
stackexchange_cl,ward_k484,rq1_factorial,ward,hierarchy,484,484,,,,,0.1767563347267449,0.0699920281767845,0.2959113161895585,0.0874380899770738,0.241999380255198,994,0.3838965217774537,5.723661496488358
stackexchange_cl,leiden_k30_s0,rq1_factorial,leiden,graph,30,30,0.0,,,,0.1776129298483681,0.0568895041942596,0.657404275772654,0.0729267152716885,0.4848533014556791,994,0.472588232219698,27.460732691640036
stackexchange_cl,leiden_k30_s1,rq1_factorial,leiden,graph,30,30,1.0,,,,0.16875898926049,0.0547004155814647,0.6654468444424633,0.0762534320219983,0.4847797634426344,994,0.4770601152692917,27.312030852459962
stackexchange_cl,leiden_k30_s2,rq1_factorial,leiden,graph,30,30,2.0,,,,0.1719258151903516,0.0568701326847076,0.6632423436586614,0.074087522850281,0.4816705510149688,994,0.47548283918022466,27.40382902676746
stackexchange_cl,leiden_k60_s0,rq1_factorial,leiden,graph,60,61,0.0,,,,0.2633411748201553,0.0469895526766777,0.5981808926132972,0.0845574782114464,0.4669688470926399,994,0.4971183448757352,18.477711543419677
stackexchange_cl,leiden_k60_s1,rq1_factorial,leiden,graph,60,60,1.0,,,,0.2638616589905778,0.0650549456477165,0.6057605675225197,0.1057457848030614,0.4627936826225802,994,0.5017792349742378,18.623961438477362
stackexchange_cl,leiden_k60_s2,rq1_factorial,leiden,graph,60,60,2.0,,,,0.2717367331876095,0.0686204358935356,0.602213112056808,0.1141109096338432,0.4818916982946717,994,0.5087722025622815,18.76166718586467
stackexchange_cl,leiden_k121_s0,rq1_factorial,leiden,graph,121,121,0.0,,,,0.3245900023918528,-0.0090182945132255,0.538787292382014,0.0472685444769994,0.4200366133853784,994,0.49743383343247766,12.449721471237758
stackexchange_cl,leiden_k121_s1,rq1_factorial,leiden,graph,121,121,1.0,,,,0.320974846197386,0.0691806599497795,0.5413255763688593,0.1257833843669734,0.4239810752954034,994,0.4981187110042164,12.408119122172435
stackexchange_cl,leiden_k121_s2,rq1_factorial,leiden,graph,121,121,2.0,,,,0.3199314219905538,0.063839353621006,0.5348114775090022,0.1124638435938929,0.4102538089901302,994,0.4973638819230906,12.388898342022944
stackexchange_cl,leiden_k242_s0,rq1_factorial,leiden,graph,242,243,0.0,,,,0.3144039258025322,-0.0438096560537815,0.4631963628220611,-0.0199267229782402,0.3666138439391503,994,0.4689065234176943,8.022037693916246
stackexchange_cl,leiden_k242_s1,rq1_factorial,leiden,graph,242,240,1.0,,,,0.3162986676270911,-0.0506454706192016,0.4624286548484526,-0.0257417682657662,0.365934267127853,994,0.47059489301765056,8.044300240626939
stackexchange_cl,leiden_k242_s2,rq1_factorial,leiden,graph,242,241,2.0,,,,0.3158256896856,-0.0474976599216461,0.4615228573076445,-0.0084707814764111,0.3665599003068608,994,0.47133920954509506,8.014371128184015
stackexchange_cl,leiden_k484_s0,rq1_factorial,leiden,graph,484,485,0.0,,,,0.2283487794240067,-0.0600733309984207,0.3542397840677223,-0.0802686821559601,0.2856592447307251,994,0.41113780262664107,5.2436706905348265
stackexchange_cl,leiden_k484_s1,rq1_factorial,leiden,graph,484,484,1.0,,,,0.2296463457217684,-0.0534110553562641,0.3542878047210746,-0.0622454762915936,0.2871083945220882,994,0.41339729308975826,5.253293150815249
stackexchange_cl,leiden_k484_s2,rq1_factorial,leiden,graph,484,486,2.0,,,,0.2331867724858294,-0.0531660728156566,0.3567302655417909,-0.0656434273174165,0.28293731658352,994,0.4168237598777925,5.215926829800088
stackoverflow20,kmeans_k5_s0,rq1_factorial,kmeans,centroid,5,5,0.0,,,,0.2668913144453446,0.1157197058200836,0.8730728895691887,0.1860749465296835,0.5685573453374256,928,0.5449287997657646,112.94807888385941
stackoverflow20,kmeans_k5_s1,rq1_factorial,kmeans,centroid,5,5,1.0,,,,0.2575205214106582,0.1172911897301673,0.855364411198056,0.1779485160939773,0.5502647544588464,928,0.5234201225598746,115.87528218068027
stackoverflow20,kmeans_k5_s2,rq1_factorial,kmeans,centroid,5,5,2.0,,,,0.238548390343956,0.1169419884681701,0.8520529868547937,0.1471547019634259,0.5309696950962333,928,0.5019640095230758,114.0863206560147
stackoverflow20,kmeans_k10_s0,rq1_factorial,kmeans,centroid,10,10,0.0,,,,0.3991278470439576,0.138055995106697,0.8576411405592286,0.1882990886906827,0.676029455176315,928,0.6543643156679789,90.51779522732465
stackoverflow20,kmeans_k10_s1,rq1_factorial,kmeans,centroid,10,10,1.0,,,,0.4675474512343779,0.1404102593660354,0.8540534260000363,0.1881930379664521,0.7146372150154805,928,0.6813365626042263,90.59610112263954
stackoverflow20,kmeans_k10_s2,rq1_factorial,kmeans,centroid,10,10,2.0,,,,0.4463227853452274,0.1364043205976486,0.8523774577928505,0.2087379546042136,0.6961461989717777,928,0.6749548769972953,91.92156072347778
stackoverflow20,kmeans_k20_s0,rq1_factorial,kmeans,centroid,20,20,0.0,,,,0.6806485623305625,0.1847801059484481,0.8395454974855218,0.2231449868649115,0.8226137959746336,928,0.7961372677834039,72.05893243926342
stackoverflow20,kmeans_k20_s1,rq1_factorial,kmeans,centroid,20,20,1.0,,,,0.6841671874915035,0.1940270215272903,0.8435753821606706,0.260585520125177,0.820573181949367,928,0.7961187762136287,73.87693355708011
stackoverflow20,kmeans_k20_s2,rq1_factorial,kmeans,centroid,20,20,2.0,,,,0.6250587315993917,0.1581824272871017,0.8171981491814159,0.2018951690839982,0.785253608566454,928,0.7746297383210968,69.1484441061778
stackoverflow20,kmeans_k40_s0,rq1_factorial,kmeans,centroid,40,40,0.0,,,,0.6050376140388041,0.1267531067132949,0.7030604178482063,0.1518277901953338,0.7783318554374001,928,0.7502014765243402,43.65878140944912
stackoverflow20,kmeans_k40_s1,rq1_factorial,kmeans,centroid,40,40,1.0,,,,0.6522004094846786,0.1494626253843307,0.7239688326575112,0.1741186951979746,0.7947635813231231,928,0.7483683292792863,43.5140751779816
stackoverflow20,kmeans_k40_s2,rq1_factorial,kmeans,centroid,40,40,2.0,,,,0.6485821899334893,0.1546299904584884,0.7432073269241289,0.1903333503634932,0.7730383001917935,928,0.7539797085493756,43.56988557194834
stackoverflow20,kmeans_k80_s0,rq1_factorial,kmeans,centroid,80,80,0.0,,,,0.445290225126262,0.0676265209913253,0.5722529695711215,0.0728759249555214,0.7005033306733933,928,0.6873995095474054,24.31562070098953
stackoverflow20,kmeans_k80_s1,rq1_factorial,kmeans,centroid,80,80,1.0,,,,0.4375074813656195,0.0582668967545032,0.5492468276097243,0.0547704533338691,0.7058742098456456,928,0.6862103905465013,24.504412949520653
stackoverflow20,kmeans_k80_s2,rq1_factorial,kmeans,centroid,80,80,2.0,,,,0.4302668522124777,0.0709205195307731,0.5580347409462326,0.0733755410135447,0.6926656975815532,928,0.6780314852574344,24.746650670802513
stackoverflow20,gmm_k5_s0,rq1_factorial,gmm,mixture,5,5,0.0,,,,0.2411633861494074,0.0661392956972122,0.9112119869940868,0.1407099796162583,0.5570558935106564,928,0.5327666187269566,98.59138847547813
stackoverflow20,gmm_k5_s1,rq1_factorial,gmm,mixture,5,5,1.0,,,,0.2337955033301684,0.0925862863659858,0.9136367587412946,0.1479638359011599,0.5570100962341316,928,0.5335235667421452,107.75212770642453
stackoverflow20,gmm_k5_s2,rq1_factorial,gmm,mixture,5,5,2.0,,,,0.2338025921938475,0.0656971707940101,0.9113578686361258,0.1354605548125293,0.5520078230823442,928,0.5307989495670709,99.0821590041108
stackoverflow20,gmm_k10_s0,rq1_factorial,gmm,mixture,10,10,0.0,,,,0.437479972168096,0.1253813654184341,0.8964285141716075,0.190884290303323,0.7251964400249366,928,0.690594414111493,87.29123021653797
stackoverflow20,gmm_k10_s1,rq1_factorial,gmm,mixture,10,10,1.0,,,,0.4450265554312534,0.124061718583107,0.8935351397335467,0.2037086652189523,0.7209033200865856,928,0.6901092334672835,88.59694554103051
stackoverflow20,gmm_k10_s2,rq1_factorial,gmm,mixture,10,10,2.0,,,,0.4561436674314561,0.1282276511192321,0.8937503791018824,0.2085890851151237,0.7225865616602616,928,0.6944308960666147,89.29550627055602
stackoverflow20,gmm_k20_s0,rq1_factorial,gmm,mixture,20,20,0.0,,,,0.7228731212159663,0.1823587417602539,0.8573318400341182,0.257642706071774,0.8357509980681492,928,0.8028975828746475,72.76555980177281
stackoverflow20,gmm_k20_s1,rq1_factorial,gmm,mixture,20,20,1.0,,,,0.7360746627493705,0.1901524662971496,0.8587964597534721,0.2693552232511202,0.8336202918930122,928,0.8053888138059176,73.43052134822972
stackoverflow20,gmm_k20_s2,rq1_factorial,gmm,mixture,20,20,2.0,,,,0.7426225454018983,0.1810397356748581,0.8568053805894345,0.2556998714389137,0.8492559629148918,928,0.8095428453018382,72.61352448725843
stackoverflow20,gmm_k40_s0,rq1_factorial,gmm,mixture,40,40,0.0,,,,0.6825347899434273,0.1366080343723297,0.750602685268958,0.1823426837064249,0.8056363908615898,928,0.7769922185039986,41.461754001663806
stackoverflow20,gmm_k40_s1,rq1_factorial,gmm,mixture,40,40,1.0,,,,0.6683328326585818,0.1301732957363128,0.7451431343003964,0.17914751000542,0.8017701289873099,928,0.773647485668431,41.725524375851656
stackoverflow20,gmm_k40_s2,rq1_factorial,gmm,mixture,40,40,2.0,,,,0.6924091335631958,0.1301740854978561,0.7582905534098421,0.1914126054771688,0.8019613748158713,928,0.7795180248612139,41.49832793570229
stackoverflow20,gmm_k80_s0,rq1_factorial,gmm,mixture,80,80,0.0,,,,0.4667307182004434,0.0582375600934028,0.5737628727281622,0.0762646015540593,0.7218904622899295,928,0.714208660399102,23.537505522211106
stackoverflow20,gmm_k80_s1,rq1_factorial,gmm,mixture,80,80,1.0,,,,0.4866903251761718,0.0606029443442821,0.5903726346156549,0.0768078205393335,0.7293834339167734,928,0.7166992547183676,23.502385721562558
stackoverflow20,gmm_k80_s2,rq1_factorial,gmm,mixture,80,80,2.0,,,,0.4874129234882405,0.0635678172111511,0.5902225694788483,0.0844546894114753,0.7209566927236284,928,0.714658806762502,23.629269712903856
stackoverflow20,spectral_k5_s0,rq1_factorial,spectral,spectral,5,5,0.0,,,,0.0890086117207326,0.037892609834671,0.9229175195660012,0.0774424646740991,0.4570827259938137,928,0.4435501952210918,83.68535768972701
stackoverflow20,spectral_k5_s1,rq1_factorial,spectral,spectral,5,5,1.0,,,,0.0890086117207326,0.037892609834671,0.9229175195660012,0.0774424646740991,0.4570827259938137,928,0.4435501952210919,83.68535768972703
stackoverflow20,spectral_k5_s2,rq1_factorial,spectral,spectral,5,5,2.0,,,,0.1534317608177498,0.0431507155299186,0.9140420137077326,0.0783760049505554,0.5048255360389214,928,0.48451187541337815,89.41937772137253
stackoverflow20,spectral_k10_s0,rq1_factorial,spectral,spectral,10,10,0.0,,,,0.3688809872607893,0.1292393952608108,0.8996870182380308,0.207423351378544,0.7138902576911542,928,0.6905656884496549,89.75630043954163
stackoverflow20,spectral_k10_s1,rq1_factorial,spectral,spectral,10,10,1.0,,,,0.369464171828701,0.1292650550603866,0.8995979448469612,0.2074133441622067,0.7138902576911542,928,0.6909689614656723,89.77120905704591
stackoverflow20,spectral_k10_s2,rq1_factorial,spectral,spectral,10,10,2.0,,,,0.369464171828701,0.1292650550603866,0.8995979448469612,0.2074133441622067,0.7138902576911543,928,0.6909689614656721,89.77120905704588
stackoverflow20,spectral_k20_s0,rq1_factorial,spectral,spectral,20,20,0.0,,,,0.6196688315871764,0.1798678040504455,0.8481282033040622,0.2294351886291558,0.8183882640388725,928,0.8077160958281521,72.03343714636564
stackoverflow20,spectral_k20_s1,rq1_factorial,spectral,spectral,20,20,1.0,,,,0.616844020795837,0.1797889471054077,0.8478465478162219,0.2294386364553704,0.8180233714965839,928,0.8079881110410569,72.0090672254747
stackoverflow20,spectral_k20_s2,rq1_factorial,spectral,spectral,20,20,2.0,,,,0.6172359545573595,0.1795701533555984,0.847794411305912,0.2290275608028996,0.8184152245859047,928,0.8082670289862535,71.99038908881404
stackoverflow20,spectral_k40_s0,rq1_factorial,spectral,spectral,40,40,0.0,,,,0.5737245036662562,0.101511038839817,0.7155363260478923,0.1427603291264569,0.7516022343713038,928,0.7330419952712816,42.273565727335125
stackoverflow20,spectral_k40_s1,rq1_factorial,spectral,spectral,40,40,1.0,,,,0.5652245495689344,0.0972545892000198,0.7153296315075968,0.1395493647295539,0.7496786952421843,928,0.7287291741180039,41.56956951728818
stackoverflow20,spectral_k40_s2,rq1_factorial,spectral,spectral,40,40,2.0,,,,0.5882205726119478,0.1017209887504577,0.7286126645433514,0.1420335341594311,0.7495323531872958,928,0.7417290148100912,42.6752947128167
stackoverflow20,spectral_k80_s0,rq1_factorial,spectral,spectral,80,80,0.0,,,,0.3832864497043672,0.0579832196235656,0.5684712237215698,0.0789521287684592,0.670825791630406,928,0.6645234996255058,24.259099105199613
stackoverflow20,spectral_k80_s1,rq1_factorial,spectral,spectral,80,80,1.0,,,,0.3793386643100551,0.058840338140726,0.5653952994886497,0.0747049966096658,0.6683068138281489,928,0.6632192223072964,24.220326824705097
stackoverflow20,spectral_k80_s2,rq1_factorial,spectral,spectral,80,80,2.0,,,,0.3783048926649389,0.0559140406548976,0.5681269156618928,0.0747532453474382,0.6631788968259843,928,0.6628546378646745,24.303642412017176
stackoverflow20,ward_k5,rq1_factorial,ward,hierarchy,5,5,,,,,0.2007626841015077,0.0808174610137939,0.8560176516169499,0.1248315617493519,0.5189557857957232,928,0.4889459467737197,99.97168841806412
stackoverflow20,ward_k10,rq1_factorial,ward,hierarchy,10,10,,,,,0.3543551914886226,0.1235149353742599,0.8300555231827513,0.1693963749265039,0.6483811686167982,928,0.6236912357600582,84.65066388713151
stackoverflow20,ward_k20,rq1_factorial,ward,hierarchy,20,20,,,,,0.5791555705442227,0.156856819987297,0.7966370505276898,0.2079654401512843,0.7480233847081005,928,0.7316531778004353,67.73602466361085
stackoverflow20,ward_k40,rq1_factorial,ward,hierarchy,40,40,,,,,0.597730480355632,0.1390575319528579,0.7148989767213475,0.1596505273569665,0.7441726802154752,928,0.7110933724951581,40.66674730908527
stackoverflow20,ward_k80,rq1_factorial,ward,hierarchy,80,80,,,,,0.4398265489703462,0.061252973973751,0.5719517135071503,0.0427911174809146,0.6766543306102455,928,0.656727057352081,23.733647996349433
stackoverflow20,leiden_k5_s0,rq1_factorial,leiden,graph,5,5,0.0,,,,0.2402946072008974,0.0892079696059227,0.9160383245842664,0.1502560108620682,0.5617443014673941,928,0.5432423608791339,104.87318490311056
stackoverflow20,leiden_k5_s1,rq1_factorial,leiden,graph,5,5,1.0,,,,0.2382236338394299,0.0938941314816474,0.9169349924364648,0.150545867335624,0.5606623648239605,928,0.543757080401501,108.61485178245728
stackoverflow20,leiden_k5_s2,rq1_factorial,leiden,graph,5,5,2.0,,,,0.2413982619603687,0.1008394137024879,0.9161792509648912,0.150660756142836,0.5682788071766349,928,0.5436184936691575,108.04283555616176
stackoverflow20,leiden_k10_s0,rq1_factorial,leiden,graph,10,10,0.0,,,,0.4337858875943283,0.1289364248514175,0.902385179127674,0.2088487436305931,0.7252616953607786,928,0.6990826929697254,88.49672685262331
stackoverflow20,leiden_k10_s1,rq1_factorial,leiden,graph,10,10,1.0,,,,0.4405037065994195,0.1265334635972976,0.9020735472880274,0.2005525871090323,0.7260548061620306,928,0.703475948580593,87.26324548342232
stackoverflow20,leiden_k10_s2,rq1_factorial,leiden,graph,10,10,2.0,,,,0.4656256416523956,0.1335880607366562,0.9003857430033054,0.2229195454505559,0.7339876523590144,928,0.7075751653880503,89.54738810768968
stackoverflow20,leiden_k20_s0,rq1_factorial,leiden,graph,20,20,0.0,,,,0.756169946029684,0.1914494782686233,0.86430899437523,0.2823177364374677,0.838758239988851,928,0.8174850283300362,73.96328252036177
stackoverflow20,leiden_k20_s1,rq1_factorial,leiden,graph,20,20,1.0,,,,0.7553738771499542,0.19065722823143,0.8642772517269804,0.2817905508092725,0.8365012091420687,928,0.816663085234774,73.85945241428789
stackoverflow20,leiden_k20_s2,rq1_factorial,leiden,graph,20,20,2.0,,,,0.7539963529708239,0.1910995244979858,0.864547383427573,0.2812904153140565,0.8378887699840694,928,0.8151308239290814,73.9876139967935
stackoverflow20,leiden_k40_s0,rq1_factorial,leiden,graph,40,40,0.0,,,,0.7386997705021696,0.1508239209651947,0.8170919233237143,0.2052507613453676,0.8184981152695543,928,0.7867668863857521,41.76671344134156
stackoverflow20,leiden_k40_s1,rq1_factorial,leiden,graph,40,41,1.0,,,,0.7523373704154894,0.1567482501268386,0.8263401197593706,0.2114074748113203,0.8244717531013236,928,0.7956284685816105,40.337317634604204
stackoverflow20,leiden_k40_s2,rq1_factorial,leiden,graph,40,40,2.0,,,,0.7487617094245301,0.1510075628757476,0.8267386648856874,0.2028572328167769,0.8208069059035341,928,0.7944102277550128,41.21453890697399
stackoverflow20,leiden_k80_s0,rq1_factorial,leiden,graph,80,80,0.0,,,,0.4369436034091662,0.0754663199186325,0.599673259906543,0.1049724915744525,0.7069915534045385,928,0.6861130298073517,24.27051069489931
stackoverflow20,leiden_k80_s1,rq1_factorial,leiden,graph,80,81,1.0,,,,0.4381344779381294,0.0699242949485778,0.5956217310230829,0.1032598219266733,0.7142050069702536,928,0.694403165767814,24.040092617597562
stackoverflow20,leiden_k80_s2,rq1_factorial,leiden,graph,80,80,2.0,,,,0.4546832931918111,0.073435366153717,0.6113582020013683,0.1080635193070215,0.7156423187623067,928,0.6924228256033559,24.291199355648768
tweet89,kmeans_k22_s0,rq1_factorial,kmeans,centroid,22,22,0.0,,,,0.6713256137106363,0.1984717100858688,0.8740192461426233,0.2625950811812545,0.7615809842529792,962,0.7768460968021167,57.18961209872527
tweet89,kmeans_k22_s1,rq1_factorial,kmeans,centroid,22,22,1.0,,,,0.5479124318798613,0.1665274202823639,0.8669041545259962,0.2026739324593311,0.7646265335539366,962,0.7480173279538807,58.65313773580062
tweet89,kmeans_k22_s2,rq1_factorial,kmeans,centroid,22,22,2.0,,,,0.6810713335189129,0.196441650390625,0.8754435608394853,0.2632425902561434,0.7557737304691621,962,0.7821062688203594,56.434753531419595
tweet89,kmeans_k44_s0,rq1_factorial,kmeans,centroid,44,44,0.0,,,,0.7444212427232351,0.1945977061986923,0.8611391600386045,0.2346970139083236,0.7789752198122286,962,0.8480123084465679,39.92894129100833
tweet89,kmeans_k44_s1,rq1_factorial,kmeans,centroid,44,44,1.0,,,,0.6771459121561398,0.2146493047475814,0.8399236990288999,0.3001303741848576,0.767379279579717,962,0.8410479828283197,40.838555353619896
tweet89,kmeans_k44_s2,rq1_factorial,kmeans,centroid,44,44,2.0,,,,0.7696323345003505,0.1969798058271408,0.8573477558297612,0.2747592732491087,0.7770608399663304,962,0.8492067387244842,40.1711055007233
tweet89,kmeans_k89_s0,rq1_factorial,kmeans,centroid,89,89,0.0,,,,0.6142274578115791,0.1760919988155365,0.7432726896249998,0.2463911347442077,0.7283292908775795,962,0.8542992598564524,26.860513230681462
tweet89,kmeans_k89_s1,rq1_factorial,kmeans,centroid,89,89,1.0,,,,0.6094449566057799,0.1957180351018905,0.7530084275255519,0.2471386234271511,0.7214323691251379,962,0.8469209783455959,26.5040031134057
tweet89,kmeans_k89_s2,rq1_factorial,kmeans,centroid,89,89,2.0,,,,0.5477034221012794,0.2144808024168014,0.7660751721947723,0.2922437086414849,0.7005835233467878,962,0.8409784440385589,26.874287149300585
tweet89,kmeans_k178_s0,rq1_factorial,kmeans,centroid,178,178,0.0,,,,0.338416101052045,0.1570480614900589,0.5539472128520635,0.1950848319185661,0.6006313221266342,962,0.7641857560525576,16.852886179384814
tweet89,kmeans_k178_s1,rq1_factorial,kmeans,centroid,178,178,1.0,,,,0.3554452391904252,0.1448059380054474,0.5604716222132279,0.1736361579934705,0.6123873996877663,962,0.7728756760927394,16.97177410016052
tweet89,kmeans_k178_s2,rq1_factorial,kmeans,centroid,178,178,2.0,,,,0.3481575104385256,0.1340061128139495,0.5564552920310942,0.1732978600484678,0.6074163367115638,962,0.7653346051813775,16.75870674198657
tweet89,kmeans_k356_s0,rq1_factorial,kmeans,centroid,356,356,0.0,,,,0.2267994598381717,0.125181183218956,0.3981283802642597,0.1507947504323436,0.5005155346387432,962,0.6833124280528738,10.744891272121222
tweet89,kmeans_k356_s1,rq1_factorial,kmeans,centroid,356,356,1.0,,,,0.2338645208648468,0.135489821434021,0.3991503908307524,0.1609397272471759,0.4962640800322593,962,0.6784012702976872,10.845953606005095
tweet89,kmeans_k356_s2,rq1_factorial,kmeans,centroid,356,356,2.0,,,,0.2151502356167801,0.1254372894763946,0.381722828646048,0.1418023654059817,0.4853252668334382,962,0.672005269675119,10.793126245799597
tweet89,gmm_k22_s0,rq1_factorial,gmm,mixture,22,22,0.0,,,,0.6773535702639287,0.2077736407518386,0.9406404918336692,0.3323657138350523,0.7538567364162935,962,0.8226379776646471,53.67204708644769
tweet89,gmm_k22_s1,rq1_factorial,gmm,mixture,22,22,1.0,,,,0.6697232229114174,0.2037722170352935,0.9421684400253776,0.3110600322398535,0.7566169473006129,962,0.8234177814552363,54.704720562750744
tweet89,gmm_k22_s2,rq1_factorial,gmm,mixture,22,22,2.0,,,,0.6529323888336415,0.1918473690748214,0.9430112006399356,0.3125279467174242,0.742750396882092,962,0.8164455982796365,50.59288855245747
tweet89,gmm_k44_s0,rq1_factorial,gmm,mixture,44,44,0.0,,,,0.7797186891385683,0.2392328083515167,0.8992118792988866,0.3629875964004699,0.7871490771565448,962,0.8891611496225997,40.711345130828285
tweet89,gmm_k44_s1,rq1_factorial,gmm,mixture,44,44,1.0,,,,0.7345235703199993,0.2186226695775985,0.887664446255242,0.3191562889114703,0.7859367191485698,962,0.8800489287181362,40.34684035178168
tweet89,gmm_k44_s2,rq1_factorial,gmm,mixture,44,44,2.0,,,,0.8149410714053931,0.2384064346551895,0.909747346221728,0.3675935451703782,0.7908135440556708,962,0.8989872561459401,40.70299063484352
tweet89,gmm_k89_s0,rq1_factorial,gmm,mixture,89,89,0.0,,,,0.4830951747673649,0.1955677717924118,0.7420031479757959,0.2827876974655075,0.6972733984854822,962,0.8419659181906473,27.12280578263406
tweet89,gmm_k89_s1,rq1_factorial,gmm,mixture,89,89,1.0,,,,0.4998439237375464,0.206581711769104,0.7545764240018696,0.3003009714775103,0.708277121801391,962,0.850603988643227,27.08951829701362
tweet89,gmm_k89_s2,rq1_factorial,gmm,mixture,89,89,2.0,,,,0.5098188835193848,0.1994689702987671,0.7557699405413062,0.2861004328202281,0.7077411595837299,962,0.8537251253881978,27.13132248403076
tweet89,gmm_k178_s0,rq1_factorial,gmm,mixture,178,178,0.0,,,,0.298670230786851,0.1807005107402801,0.5768960699173926,0.234490767778747,0.5919690833866066,962,0.7676219256746837,16.842152657098094
tweet89,gmm_k178_s1,rq1_factorial,gmm,mixture,178,178,1.0,,,,0.3108959486327286,0.1822667270898819,0.5892342277093681,0.2360848846591003,0.5988104634134043,962,0.7725862380781017,16.828681337427366
tweet89,gmm_k178_s2,rq1_factorial,gmm,mixture,178,178,2.0,,,,0.3071809933606675,0.1770053654909134,0.5855320030535338,0.2300107143715333,0.5980184781689827,962,0.7723970986243525,16.83518301889786
tweet89,gmm_k356_s0,rq1_factorial,gmm,mixture,356,352,0.0,,,,0.1992870336279895,0.1077509671449661,0.4389404811671099,0.1277052051158053,0.489819504510946,962,0.6804461878115423,10.08048291087097
tweet89,gmm_k356_s1,rq1_factorial,gmm,mixture,356,356,1.0,,,,0.1944102276908293,0.0998723208904266,0.4286039015066558,0.119057603796863,0.4839104512252911,962,0.6764684241205812,9.968669256792676
tweet89,gmm_k356_s2,rq1_factorial,gmm,mixture,356,351,2.0,,,,0.1948719916957906,0.0994867384433746,0.4286972645060634,0.1002916869944964,0.4886126666002105,962,0.6767131090629249,10.098828799888306
tweet89,spectral_k22_s0,rq1_factorial,spectral,spectral,22,22,0.0,,,,0.5972974610273292,0.2145455926656723,0.9358049922325514,0.3253940101661094,0.7922014260546082,962,0.7944741566817658,57.30448621169731
tweet89,spectral_k22_s1,rq1_factorial,spectral,spectral,22,22,1.0,,,,0.5696493998859027,0.2141829133033752,0.9363396352947174,0.3218663315964051,0.7878156222151632,962,0.789911936774578,57.45747366871475
tweet89,spectral_k22_s2,rq1_factorial,spectral,spectral,22,22,2.0,,,,0.5696493998859027,0.2141829133033752,0.9363396352947174,0.3218663315964051,0.7878156222151631,962,0.7899119367745783,57.45747366871475
tweet89,spectral_k44_s0,rq1_factorial,spectral,spectral,44,44,0.0,,,,0.753285432685162,0.2324946671724319,0.9021520078634224,0.3555423686997034,0.7847970459621589,962,0.8757308842630237,39.94846109492802
tweet89,spectral_k44_s1,rq1_factorial,spectral,spectral,44,44,1.0,,,,0.8076566376592319,0.2434582263231277,0.8993402135427985,0.3648396313525419,0.7911563181074986,962,0.8825128992940525,41.363569866682596
tweet89,spectral_k44_s2,rq1_factorial,spectral,spectral,44,44,2.0,,,,0.7504512974749972,0.2322240322828292,0.9016665270915334,0.3547299759742853,0.784797045962159,962,0.8751511873392901,39.95408980387493
tweet89,spectral_k89_s0,rq1_factorial,spectral,spectral,89,89,0.0,,,,0.5042077662701713,0.2013320177793502,0.7553052163484861,0.2857332308611219,0.7019863928746795,962,0.833065955251228,26.80809121751085
tweet89,spectral_k89_s1,rq1_factorial,spectral,spectral,89,89,1.0,,,,0.5124466714264815,0.2087330669164657,0.7674646745927198,0.2979810911800345,0.7024417739945027,962,0.8371238173576812,26.966679267355918
tweet89,spectral_k89_s2,rq1_factorial,spectral,spectral,89,89,2.0,,,,0.5062447985468651,0.2045233994722366,0.7621572100531381,0.2874631883201773,0.7015974666578318,962,0.8354381065405834,26.95587657767228
tweet89,spectral_k178_s0,rq1_factorial,spectral,spectral,178,178,0.0,,,,0.2643619141507196,0.169257178902626,0.5564825313918307,0.2159191018777686,0.561544546273474,962,0.7341018929777726,16.72555830552662
tweet89,spectral_k178_s1,rq1_factorial,spectral,spectral,178,178,1.0,,,,0.2623965984084629,0.1703244745731353,0.5489146290956957,0.2153903663959625,0.5597959575766455,962,0.736673084024586,16.846918072707005
tweet89,spectral_k178_s2,rq1_factorial,spectral,spectral,178,178,2.0,,,,0.2633329511657463,0.1672786474227905,0.5479300119249887,0.2181126093147007,0.5604785655631952,962,0.7363405311963048,16.694961749605064
tweet89,spectral_k356_s0,rq1_factorial,spectral,spectral,356,356,0.0,,,,0.1571762211421425,0.1361771523952484,0.4031228682775979,0.1558458992251699,0.4134501826565474,962,0.6197761623572831,9.564313862455226
tweet89,spectral_k356_s1,rq1_factorial,spectral,spectral,356,356,1.0,,,,0.1426047392225184,0.1253126263618469,0.3964879662694542,0.1228971243938005,0.4094164178489816,962,0.6061924927189525,9.09561801738435
tweet89,spectral_k356_s2,rq1_factorial,spectral,spectral,356,356,2.0,,,,0.1517164074651638,0.135492667555809,0.3963754801465833,0.1414891651075312,0.4184930101492556,962,0.6180531250856932,9.50979113668262
tweet89,ward_k22,rq1_factorial,ward,hierarchy,22,22,,,,,0.6679282496240972,0.2156806588172912,0.8993810010321908,0.3008737044666399,0.7787512605275281,962,0.7962695489256688,59.57394595404113
tweet89,ward_k44,rq1_factorial,ward,hierarchy,44,44,,,,,0.775119083475629,0.2382241636514663,0.867627212844652,0.340685940353205,0.7801929792194213,962,0.8630817615852048,41.56034744223154
tweet89,ward_k89,rq1_factorial,ward,hierarchy,89,89,,,,,0.6216851456352082,0.2283836305141449,0.7660087014667443,0.285581748748423,0.717298987903608,962,0.8579637484919374,27.794864916729598
tweet89,ward_k178,rq1_factorial,ward,hierarchy,178,178,,,,,0.323621344288428,0.1911428570747375,0.559352034883625,0.1915794218021317,0.5981154380817855,962,0.7651373719958977,17.962874331998755
tweet89,ward_k356,rq1_factorial,ward,hierarchy,356,356,,,,,0.191890410041074,0.1884293407201767,0.396377291485129,0.185837903435606,0.4748604213738467,962,0.6665969340480868,11.856996561723024
tweet89,leiden_k22_s0,rq1_factorial,leiden,graph,22,23,0.0,,,,0.7343539858129812,0.2195822745561599,0.9428105570536376,0.3585565551236676,0.7683119053737766,962,0.8350463673668312,54.569620949657335
tweet89,leiden_k22_s1,rq1_factorial,leiden,graph,22,22,1.0,,,,0.7346177938543155,0.2161536812782287,0.9409646243394856,0.3598940898106373,0.7604405227102128,962,0.833849608545012,54.94636622515422
tweet89,leiden_k22_s2,rq1_factorial,leiden,graph,22,22,2.0,,,,0.7314457778440554,0.2111667245626449,0.9428449026245066,0.3604310462000653,0.7574668236877049,962,0.8310745788670819,54.7276213992591
tweet89,leiden_k44_s0,rq1_factorial,leiden,graph,44,44,0.0,,,,0.779667686958341,0.2416270673274994,0.9060305813219072,0.3782266897147028,0.7773083790558016,962,0.8798615179902413,41.05376957799294
tweet89,leiden_k44_s1,rq1_factorial,leiden,graph,44,44,1.0,,,,0.7896074947432834,0.2416088283061981,0.9080569492851458,0.380760877237124,0.7791127452614925,962,0.8803969537130527,41.04948064065575
tweet89,leiden_k44_s2,rq1_factorial,leiden,graph,44,44,2.0,,,,0.7761074286335831,0.2419879734516143,0.9069810178637836,0.3810854890569837,0.7764122237174178,962,0.8776840000345169,41.10294899968168
tweet89,leiden_k89_s0,rq1_factorial,leiden,graph,89,89,0.0,,,,0.4778491305793267,0.2012753337621688,0.7641098865832417,0.3059457700272531,0.6938446524965046,962,0.827841475845909,26.43716737599064
tweet89,leiden_k89_s1,rq1_factorial,leiden,graph,89,89,1.0,,,,0.4628467048408545,0.1913589388132095,0.7601718747456478,0.290429721604986,0.6879357857996473,962,0.8205590997959565,26.088463877332398
tweet89,leiden_k89_s2,rq1_factorial,leiden,graph,89,90,2.0,,,,0.4685162033699629,0.2018726617097854,0.7578359878392397,0.294974307308452,0.6882326589266313,962,0.822346093901471,26.09473886639332
tweet89,leiden_k178_s0,rq1_factorial,leiden,graph,178,177,0.0,,,,0.2986129416805461,0.109667532145977,0.6102133523584125,0.1649941272433769,0.5902857882600094,962,0.7439966438769976,15.756641951900367
tweet89,leiden_k178_s1,rq1_factorial,leiden,graph,178,178,1.0,,,,0.3077770481728561,0.1111552938818931,0.6191051440404602,0.1596908447038926,0.5918640913252569,962,0.7504682344855091,15.732404131008026
tweet89,leiden_k178_s2,rq1_factorial,leiden,graph,178,177,2.0,,,,0.3058681136617392,0.1120285987854003,0.6169842618280518,0.1591357744727876,0.5967753630172995,962,0.7493680293067794,15.776756901242772
tweet89,leiden_k356_s0,rq1_factorial,leiden,graph,356,356,0.0,,,,0.1946145757774286,0.0019625339191406,0.4688185073562452,0.0371610250298473,0.4759426900264382,962,0.6570082627183388,9.090762087720284
tweet89,leiden_k356_s1,rq1_factorial,leiden,graph,356,354,1.0,,,,0.1943950195855916,0.0011242084437981,0.4692043081921245,0.0464983528045502,0.4732580687580521,962,0.6550488667603372,9.051325669855723
tweet89,leiden_k356_s2,rq1_factorial,leiden,graph,356,357,2.0,,,,0.1941034691082223,0.0100906640291213,0.4677046006403648,0.0521242373566149,0.4782779204635295,962,0.6559192241213274,9.098876796289307
