run,bench,partition_id,judge,n_docs_used
1,bbcnews,kmeans_k2_s0,0.2641127190130897,777
1,bbcnews,kmeans_k2_s1,0.4208922332444191,777
1,bbcnews,kmeans_k2_s2,0.4208922332444191,777
1,bbcnews,kmeans_k5_s0,0.7231448438400221,777
1,bbcnews,kmeans_k5_s1,0.7231448438400221,777
1,bbcnews,kmeans_k5_s2,0.7231448438400222,777
1,bbcnews,kmeans_k10_s0,0.6351980351062838,777
1,bbcnews,kmeans_k10_s1,0.6383803485908947,777
1,bbcnews,kmeans_k10_s2,0.6530463289282896,777
1,bbcnews,kmeans_k20_s0,0.5515165017344575,777
1,bbcnews,kmeans_k20_s1,0.5605064621774865,777
1,bbcnews,kmeans_k20_s2,0.5661702499011301,777
1,bbcnews,gmm_k2_s0,0.3971656416743255,777
1,bbcnews,gmm_k2_s1,0.3971656416743255,777
1,bbcnews,gmm_k2_s2,0.3971656416743255,777
1,bbcnews,gmm_k5_s0,0.599630750015492,777
1,bbcnews,gmm_k5_s1,0.6370263799907012,777
1,bbcnews,gmm_k5_s2,0.599630750015492,777
1,bbcnews,gmm_k10_s0,0.6083074781395684,777
1,bbcnews,gmm_k10_s1,0.6140984619627149,777
1,bbcnews,gmm_k10_s2,0.6222279845254837,777
1,bbcnews,gmm_k20_s0,0.5627823584382882,777
1,bbcnews,gmm_k20_s1,0.5609823049228272,777
1,bbcnews,gmm_k20_s2,0.5561760454396103,777
1,bbcnews,spectral_k2_s0,0.3971656416743255,777
1,bbcnews,spectral_k2_s1,0.3971656416743255,777
1,bbcnews,spectral_k2_s2,0.3971656416743255,777
1,bbcnews,spectral_k5_s0,0.5444432969514414,777
1,bbcnews,spectral_k5_s1,0.5444432969514414,777
1,bbcnews,spectral_k5_s2,0.5444432969514413,777
1,bbcnews,spectral_k10_s0,0.6348012013997659,777
1,bbcnews,spectral_k10_s1,0.6348012013997658,777
1,bbcnews,spectral_k10_s2,0.6348012013997658,777
1,bbcnews,spectral_k20_s0,0.576160625842734,777
1,bbcnews,spectral_k20_s1,0.5775097704535623,777
1,bbcnews,spectral_k20_s2,0.5758936739587203,777
1,bbcnews,ward_k2,0.4136397626428767,777
1,bbcnews,ward_k5,0.6701619230256849,777
1,bbcnews,ward_k10,0.5810385645725586,777
1,bbcnews,ward_k20,0.5544571202728048,777
1,bbcnews,leiden_k2_s0,0.3971656416743255,777
1,bbcnews,leiden_k2_s1,0.3971656416743255,777
1,bbcnews,leiden_k2_s2,0.3971656416743255,777
1,bbcnews,leiden_k5_s0,0.6070178417864168,777
1,bbcnews,leiden_k5_s1,0.6298823837967328,777
1,bbcnews,leiden_k5_s2,0.6298823837967328,777
1,bbcnews,leiden_k10_s0,0.6063306759591651,777
1,bbcnews,leiden_k10_s1,0.6063657345069725,777
1,bbcnews,leiden_k10_s2,0.6123769485443146,777
1,bbcnews,leiden_k20_s0,0.55924871548603,777
1,bbcnews,leiden_k20_s1,0.5596923409884774,777
1,bbcnews,leiden_k20_s2,0.5556429064338556,777
1,snips,kmeans_k2_s0,0.3509960563208497,936
1,snips,kmeans_k2_s1,0.2933959607770378,936
1,snips,kmeans_k2_s2,0.2840499281557633,936
1,snips,kmeans_k4_s0,0.6831088243326588,936
1,snips,kmeans_k4_s1,0.7032650044753136,936
1,snips,kmeans_k4_s2,0.6495164732033515,936
1,snips,kmeans_k7_s0,0.7452215476001854,936
1,snips,kmeans_k7_s1,0.6829738822913309,936
1,snips,kmeans_k7_s2,0.737018733236509,936
1,snips,kmeans_k14_s0,0.7312081983681046,936
1,snips,kmeans_k14_s1,0.7368433874725966,936
1,snips,kmeans_k14_s2,0.7673014512043579,936
1,snips,kmeans_k28_s0,0.6728167102036671,936
1,snips,kmeans_k28_s1,0.6665566832587728,936
1,snips,kmeans_k28_s2,0.6632755277108503,936
1,snips,gmm_k2_s0,0.3209442998034347,936
1,snips,gmm_k2_s1,0.3209442998034347,936
1,snips,gmm_k2_s2,0.3209442998034347,936
1,snips,gmm_k4_s0,0.6788329177952258,936
1,snips,gmm_k4_s1,0.7128429116688692,936
1,snips,gmm_k4_s2,0.712842911668869,936
1,snips,gmm_k7_s0,0.8719069182003694,936
1,snips,gmm_k7_s1,0.871906918200369,936
1,snips,gmm_k7_s2,0.8719069182003691,936
1,snips,gmm_k14_s0,0.7780129187352649,936
1,snips,gmm_k14_s1,0.8028484740691495,936
1,snips,gmm_k14_s2,0.7745972859280026,936
1,snips,gmm_k28_s0,0.6754702076559161,936
1,snips,gmm_k28_s1,0.6817164960436866,936
1,snips,gmm_k28_s2,0.6675217166120533,936
1,snips,spectral_k2_s0,0.3247598340671441,936
1,snips,spectral_k2_s1,0.3247598340671441,936
1,snips,spectral_k2_s2,0.3247598340671441,936
1,snips,spectral_k4_s0,0.6828506514737149,936
1,snips,spectral_k4_s1,0.6828506514737149,936
1,snips,spectral_k4_s2,0.6828506514737149,936
1,snips,spectral_k7_s0,0.8708027035762577,936
1,snips,spectral_k7_s1,0.8708027035762577,936
1,snips,spectral_k7_s2,0.8708027035762577,936
1,snips,spectral_k14_s0,0.7935314346264287,936
1,snips,spectral_k14_s1,0.7935314346264288,936
1,snips,spectral_k14_s2,0.7935314346264288,936
1,snips,spectral_k28_s0,0.6976138577263344,936
1,snips,spectral_k28_s1,0.6977938092765839,936
1,snips,spectral_k28_s2,0.6988720638886802,936
1,snips,ward_k2,0.3798177162120228,936
1,snips,ward_k4,0.6908477455448665,936
1,snips,ward_k7,0.8348727956094725,936
1,snips,ward_k14,0.7976522389976276,936
1,snips,ward_k28,0.6990277127561413,936
1,snips,leiden_k2_s0,0.3247598340671441,936
1,snips,leiden_k2_s1,0.3247598340671441,936
1,snips,leiden_k2_s2,0.3247598340671441,936
1,snips,leiden_k4_s0,0.682745443353895,936
1,snips,leiden_k4_s1,0.682745443353895,936
1,snips,leiden_k4_s2,0.682745443353895,936
1,snips,leiden_k7_s0,0.8537017128913612,936
1,snips,leiden_k7_s1,0.866267459067703,936
1,snips,leiden_k7_s2,0.8537017128913612,936
1,snips,leiden_k14_s0,0.8074142027518898,936
1,snips,leiden_k14_s1,0.8066046043000668,936
1,snips,leiden_k14_s2,0.8073416291584412,936
1,snips,leiden_k28_s0,0.6898992487825378,936
1,snips,leiden_k28_s1,0.6878791865357453,936
1,snips,leiden_k28_s2,0.691999642150598,936
1,arxiv_fine,kmeans_k23_s0,0.4664429465508435,358
1,arxiv_fine,kmeans_k23_s1,0.4756192126195821,358
1,arxiv_fine,kmeans_k23_s2,0.4705059955613659,358
1,arxiv_fine,kmeans_k46_s0,0.3769403764815138,358
1,arxiv_fine,kmeans_k46_s1,0.4133828346039437,358
1,arxiv_fine,kmeans_k46_s2,0.427840138152585,358
1,arxiv_fine,kmeans_k93_s0,0.3389859237154882,358
1,arxiv_fine,kmeans_k93_s1,0.3487330271231358,358
1,arxiv_fine,kmeans_k93_s2,0.3410105088027838,358
1,arxiv_fine,kmeans_k186_s0,0.2643632869205428,358
1,arxiv_fine,kmeans_k186_s1,0.2674738537401844,358
1,arxiv_fine,kmeans_k186_s2,0.2745884942730284,358
1,arxiv_fine,kmeans_k372_s0,0.2084410036774241,358
1,arxiv_fine,kmeans_k372_s1,0.2068170880899555,358
1,arxiv_fine,kmeans_k372_s2,0.2082663737045864,358
1,arxiv_fine,gmm_k23_s0,0.4264264293492604,358
1,arxiv_fine,gmm_k23_s1,0.4326109228595725,358
1,arxiv_fine,gmm_k23_s2,0.4433368896082127,358
1,arxiv_fine,gmm_k46_s0,0.4102223292198283,358
1,arxiv_fine,gmm_k46_s1,0.4036782695825784,358
1,arxiv_fine,gmm_k46_s2,0.405686444891794,358
1,arxiv_fine,gmm_k93_s0,0.3230614326004952,358
1,arxiv_fine,gmm_k93_s1,0.3228179565443566,358
1,arxiv_fine,gmm_k93_s2,0.3448307961604059,358
1,arxiv_fine,gmm_k186_s0,0.2678474569176641,358
1,arxiv_fine,gmm_k186_s1,0.2562721973110661,358
1,arxiv_fine,gmm_k186_s2,0.264254223743626,358
1,arxiv_fine,gmm_k372_s0,0.1958333740137924,358
1,arxiv_fine,gmm_k372_s1,0.1868496348210014,358
1,arxiv_fine,gmm_k372_s2,0.203085333936589,358
1,arxiv_fine,spectral_k23_s0,0.4314097289137908,358
1,arxiv_fine,spectral_k23_s1,0.4320454583707011,358
1,arxiv_fine,spectral_k23_s2,0.4320454583707009,358
1,arxiv_fine,spectral_k46_s0,0.3827400593939025,358
1,arxiv_fine,spectral_k46_s1,0.3732751253127129,358
1,arxiv_fine,spectral_k46_s2,0.3765880218496557,358
1,arxiv_fine,spectral_k93_s0,0.3107133803227442,358
1,arxiv_fine,spectral_k93_s1,0.3039471362068155,358
1,arxiv_fine,spectral_k93_s2,0.3110848125174529,358
1,arxiv_fine,spectral_k186_s0,0.207148069357178,358
1,arxiv_fine,spectral_k186_s1,0.2373511374574077,358
1,arxiv_fine,spectral_k186_s2,0.2242694792412351,358
1,arxiv_fine,spectral_k372_s0,0.158871302507913,358
1,arxiv_fine,spectral_k372_s1,0.1481515368929436,358
1,arxiv_fine,spectral_k372_s2,0.1498443339687545,358
1,arxiv_fine,ward_k23,0.3884748006667835,358
1,arxiv_fine,ward_k46,0.3588668218905739,358
1,arxiv_fine,ward_k93,0.3142794724995462,358
1,arxiv_fine,ward_k186,0.2541266016479919,358
1,arxiv_fine,ward_k372,0.1656711741784761,358
1,arxiv_fine,leiden_k23_s0,0.4669892407273888,358
1,arxiv_fine,leiden_k23_s1,0.4679316127820796,358
1,arxiv_fine,leiden_k23_s2,0.4635871284038377,358
1,arxiv_fine,leiden_k46_s0,0.3994336923610621,358
1,arxiv_fine,leiden_k46_s1,0.3988045255605721,358
1,arxiv_fine,leiden_k46_s2,0.4063570457971968,358
1,arxiv_fine,leiden_k93_s0,0.337728542658337,358
1,arxiv_fine,leiden_k93_s1,0.3466109608334061,358
1,arxiv_fine,leiden_k93_s2,0.3250938368926334,358
1,arxiv_fine,leiden_k186_s0,0.248967549554104,358
1,arxiv_fine,leiden_k186_s1,0.2609910916197767,358
1,arxiv_fine,leiden_k186_s2,0.2895466636869966,358
1,arxiv_fine,leiden_k372_s0,0.1825504530904378,358
1,arxiv_fine,leiden_k372_s1,0.1705155621042188,358
1,arxiv_fine,leiden_k372_s2,0.1831907417206005,358
1,banking77,kmeans_k19_s0,0.4749748598240235,853
1,banking77,kmeans_k19_s1,0.4657693526634629,853
1,banking77,kmeans_k19_s2,0.47662788242904,853
1,banking77,kmeans_k38_s0,0.4925214440070936,853
1,banking77,kmeans_k38_s1,0.5129840593282411,853
1,banking77,kmeans_k38_s2,0.5082829005035766,853
1,banking77,kmeans_k77_s0,0.4748650989613574,853
1,banking77,kmeans_k77_s1,0.4731245049454129,853
1,banking77,kmeans_k77_s2,0.4785303834200278,853
1,banking77,kmeans_k154_s0,0.3889649215125774,853
1,banking77,kmeans_k154_s1,0.399807752383592,853
1,banking77,kmeans_k154_s2,0.3977353981058243,853
1,banking77,kmeans_k308_s0,0.3142265964800561,853
1,banking77,kmeans_k308_s1,0.3212746379445272,853
1,banking77,kmeans_k308_s2,0.312096357361771,853
1,banking77,gmm_k19_s0,0.5098273547973765,853
1,banking77,gmm_k19_s1,0.515352483706678,853
1,banking77,gmm_k19_s2,0.5190450139559686,853
1,banking77,gmm_k38_s0,0.5356804922802866,853
1,banking77,gmm_k38_s1,0.5337620399084632,853
1,banking77,gmm_k38_s2,0.5309869264467685,853
1,banking77,gmm_k77_s0,0.489714616113487,853
1,banking77,gmm_k77_s1,0.4849313462363795,853
1,banking77,gmm_k77_s2,0.4872575782243827,853
1,banking77,gmm_k154_s0,0.4161629819023346,853
1,banking77,gmm_k154_s1,0.4159812148045532,853
1,banking77,gmm_k154_s2,0.4243984126494892,853
1,banking77,gmm_k308_s0,0.3333118713036139,853
1,banking77,gmm_k308_s1,0.3353574198953623,853
1,banking77,gmm_k308_s2,0.3413974558420526,853
1,banking77,spectral_k19_s0,0.4908674004214536,853
1,banking77,spectral_k19_s1,0.4932978965017405,853
1,banking77,spectral_k19_s2,0.4910122128969358,853
1,banking77,spectral_k38_s0,0.5200559926100746,853
1,banking77,spectral_k38_s1,0.5224720540969462,853
1,banking77,spectral_k38_s2,0.5228134354871071,853
1,banking77,spectral_k77_s0,0.4467820675242749,853
1,banking77,spectral_k77_s1,0.4548110172103664,853
1,banking77,spectral_k77_s2,0.4626071320710765,853
1,banking77,spectral_k154_s0,0.3854598690480623,853
1,banking77,spectral_k154_s1,0.3780027467021198,853
1,banking77,spectral_k154_s2,0.3876127796149848,853
1,banking77,spectral_k308_s0,0.3036823929810391,853
1,banking77,spectral_k308_s1,0.287031005989843,853
1,banking77,spectral_k308_s2,0.2951025586012415,853
1,banking77,ward_k19,0.496290479324078,853
1,banking77,ward_k38,0.5129296410872318,853
1,banking77,ward_k77,0.4636693678343814,853
1,banking77,ward_k154,0.4034414823364558,853
1,banking77,ward_k308,0.3018816455543684,853
1,banking77,leiden_k19_s0,0.4880486801635086,853
1,banking77,leiden_k19_s1,0.4975408152482955,853
1,banking77,leiden_k19_s2,0.4946573176215252,853
1,banking77,leiden_k38_s0,0.5260018853269983,853
1,banking77,leiden_k38_s1,0.5315025728124941,853
1,banking77,leiden_k38_s2,0.5353818097212485,853
1,banking77,leiden_k77_s0,0.4784820728374165,853
1,banking77,leiden_k77_s1,0.475745367218556,853
1,banking77,leiden_k77_s2,0.4882486211383626,853
1,banking77,leiden_k154_s0,0.4137978410787656,853
1,banking77,leiden_k154_s1,0.4153480846553072,853
1,banking77,leiden_k154_s2,0.4152407135155491,853
1,banking77,leiden_k308_s0,0.3303254686220588,853
1,banking77,leiden_k308_s1,0.3264341029835692,853
1,banking77,leiden_k308_s2,0.3308245487591838,853
1,clinc150,kmeans_k38_s0,0.3972994764097621,631
1,clinc150,kmeans_k38_s1,0.3975712843851646,631
1,clinc150,kmeans_k38_s2,0.4080954480551188,631
1,clinc150,kmeans_k76_s0,0.392726394891321,631
1,clinc150,kmeans_k76_s1,0.3959804719725243,631
1,clinc150,kmeans_k76_s2,0.3870255025046862,631
1,clinc150,kmeans_k151_s0,0.3567067256275054,631
1,clinc150,kmeans_k151_s1,0.3528883073604207,631
1,clinc150,kmeans_k151_s2,0.3407552392543397,631
1,clinc150,kmeans_k302_s0,0.2950748774356375,631
1,clinc150,kmeans_k302_s1,0.2676116232407819,631
1,clinc150,kmeans_k302_s2,0.2886214953108666,631
1,clinc150,kmeans_k604_s0,0.2122876641335583,631
1,clinc150,kmeans_k604_s1,0.2101330715177432,631
1,clinc150,kmeans_k604_s2,0.2157273863544303,631
1,clinc150,gmm_k38_s0,0.4081995668339541,631
1,clinc150,gmm_k38_s1,0.4130437278571119,631
1,clinc150,gmm_k38_s2,0.3968562505701095,631
1,clinc150,gmm_k76_s0,0.3945911939724899,631
1,clinc150,gmm_k76_s1,0.3913978731742467,631
1,clinc150,gmm_k76_s2,0.3927648844991895,631
1,clinc150,gmm_k151_s0,0.3488360135682692,631
1,clinc150,gmm_k151_s1,0.346646057120167,631
1,clinc150,gmm_k151_s2,0.3492656122125733,631
1,clinc150,gmm_k302_s0,0.3076720527645202,631
1,clinc150,gmm_k302_s1,0.3047975757011102,631
1,clinc150,gmm_k302_s2,0.3087980038713712,631
1,clinc150,gmm_k604_s0,0.2626465326948641,631
1,clinc150,gmm_k604_s1,0.2680777060054727,631
1,clinc150,gmm_k604_s2,0.2660304543644754,631
1,clinc150,spectral_k38_s0,0.4021740485095479,631
1,clinc150,spectral_k38_s1,0.3727170318410251,631
1,clinc150,spectral_k38_s2,0.3355009178031301,631
1,clinc150,spectral_k76_s0,0.3140582617824443,631
1,clinc150,spectral_k76_s1,0.3079947311512935,631
1,clinc150,spectral_k76_s2,0.3057957582129438,631
1,clinc150,spectral_k151_s0,0.3231084500746438,631
1,clinc150,spectral_k151_s1,0.3253890744414707,631
1,clinc150,spectral_k151_s2,0.3252433411424009,631
1,clinc150,spectral_k302_s0,0.2609692987632108,631
1,clinc150,spectral_k302_s1,0.2632416671713854,631
1,clinc150,spectral_k302_s2,0.2627829914934254,631
1,clinc150,spectral_k604_s0,0.183971291333942,631
1,clinc150,spectral_k604_s1,0.19050476637243,631
1,clinc150,spectral_k604_s2,0.1857764150164318,631
1,clinc150,ward_k38,0.4029881605956434,631
1,clinc150,ward_k76,0.3926926756117311,631
1,clinc150,ward_k151,0.3431792475598339,631
1,clinc150,ward_k302,0.2900871878342114,631
1,clinc150,ward_k604,0.2259266901003594,631
1,clinc150,leiden_k38_s0,0.3903895892171745,631
1,clinc150,leiden_k38_s1,0.3783559484006089,631
1,clinc150,leiden_k38_s2,0.3830197315890296,631
1,clinc150,leiden_k76_s0,0.3872003224639775,631
1,clinc150,leiden_k76_s1,0.3810629120960556,631
1,clinc150,leiden_k76_s2,0.3794277165364903,631
1,clinc150,leiden_k151_s0,0.3501380219812097,631
1,clinc150,leiden_k151_s1,0.3444151745287207,631
1,clinc150,leiden_k151_s2,0.3419744778383746,631
1,clinc150,leiden_k302_s0,0.3044979013596342,631
1,clinc150,leiden_k302_s1,0.3040214614078161,631
1,clinc150,leiden_k302_s2,0.3059842852240519,631
1,clinc150,leiden_k604_s0,0.238004187759529,631
1,clinc150,leiden_k604_s1,0.2409145612668734,631
1,clinc150,leiden_k604_s2,0.2328658604095795,631
1,clinc150_domain,kmeans_k2_s0,0.2094474577676315,722
1,clinc150_domain,kmeans_k2_s1,0.2642698099146182,722
1,clinc150_domain,kmeans_k2_s2,0.2642698099146182,722
1,clinc150_domain,kmeans_k5_s0,0.4320221327694611,722
1,clinc150_domain,kmeans_k5_s1,0.43595861988032,722
1,clinc150_domain,kmeans_k5_s2,0.4315038528338386,722
1,clinc150_domain,kmeans_k10_s0,0.4450750556243287,722
1,clinc150_domain,kmeans_k10_s1,0.4039684579767064,722
1,clinc150_domain,kmeans_k10_s2,0.4301910920726425,722
1,clinc150_domain,kmeans_k20_s0,0.4902734189659322,722
1,clinc150_domain,kmeans_k20_s1,0.4745319446913351,722
1,clinc150_domain,kmeans_k20_s2,0.4798600978890608,722
1,clinc150_domain,kmeans_k40_s0,0.4864810978540806,722
1,clinc150_domain,kmeans_k40_s1,0.4757452397646603,722
1,clinc150_domain,kmeans_k40_s2,0.4523286675470125,722
1,clinc150_domain,gmm_k2_s0,0.2550056474196436,722
1,clinc150_domain,gmm_k2_s1,0.1280365190589718,722
1,clinc150_domain,gmm_k2_s2,0.2224489563172073,722
1,clinc150_domain,gmm_k5_s0,0.3954412713729783,722
1,clinc150_domain,gmm_k5_s1,0.3518429205769704,722
1,clinc150_domain,gmm_k5_s2,0.3194965458909097,722
1,clinc150_domain,gmm_k10_s0,0.4325251286742001,722
1,clinc150_domain,gmm_k10_s1,0.418015435492414,722
1,clinc150_domain,gmm_k10_s2,0.4272864117079424,722
1,clinc150_domain,gmm_k20_s0,0.4614177128299612,722
1,clinc150_domain,gmm_k20_s1,0.4541323803627217,722
1,clinc150_domain,gmm_k20_s2,0.4736155699592363,722
1,clinc150_domain,gmm_k40_s0,0.4666534461741611,722
1,clinc150_domain,gmm_k40_s1,0.4474199884335244,722
1,clinc150_domain,gmm_k40_s2,0.4637839493104495,722
1,clinc150_domain,spectral_k2_s0,0.0019805218896295,722
1,clinc150_domain,spectral_k2_s1,0.0019805218896295,722
1,clinc150_domain,spectral_k2_s2,0.0019805218896295,722
1,clinc150_domain,spectral_k5_s0,0.0437937844302517,722
1,clinc150_domain,spectral_k5_s1,0.0437937844302517,722
1,clinc150_domain,spectral_k5_s2,0.0437937844302517,722
1,clinc150_domain,spectral_k10_s0,0.3248282280350675,722
1,clinc150_domain,spectral_k10_s1,0.3248282280350675,722
1,clinc150_domain,spectral_k10_s2,0.3248282280350675,722
1,clinc150_domain,spectral_k20_s0,0.4307064598197584,722
1,clinc150_domain,spectral_k20_s1,0.4307064598197586,722
1,clinc150_domain,spectral_k20_s2,0.4307064598197584,722
1,clinc150_domain,spectral_k40_s0,0.4232565970679156,722
1,clinc150_domain,spectral_k40_s1,0.4184162773392136,722
1,clinc150_domain,spectral_k40_s2,0.4139301207735466,722
1,clinc150_domain,ward_k2,0.2689193985048597,722
1,clinc150_domain,ward_k5,0.4515683674140016,722
1,clinc150_domain,ward_k10,0.5260409438823658,722
1,clinc150_domain,ward_k20,0.5026307518108919,722
1,clinc150_domain,ward_k40,0.5191262825503546,722
1,clinc150_domain,leiden_k2_s0,0.0019805218896295,722
1,clinc150_domain,leiden_k2_s1,0.0019805218896295,722
1,clinc150_domain,leiden_k2_s2,0.0386865066758027,722
1,clinc150_domain,leiden_k5_s0,0.2814779446550742,722
1,clinc150_domain,leiden_k5_s1,0.27604015239967,722
1,clinc150_domain,leiden_k5_s2,0.3014206405107719,722
1,clinc150_domain,leiden_k10_s0,0.4278536257918198,722
1,clinc150_domain,leiden_k10_s1,0.4638740351664003,722
1,clinc150_domain,leiden_k10_s2,0.43677107783375,722
1,clinc150_domain,leiden_k20_s0,0.4620615901325186,722
1,clinc150_domain,leiden_k20_s1,0.4633813356917714,722
1,clinc150_domain,leiden_k20_s2,0.4614069312556803,722
1,clinc150_domain,leiden_k40_s0,0.4734537168210158,722
1,clinc150_domain,leiden_k40_s1,0.4672810483012391,722
1,clinc150_domain,leiden_k40_s2,0.458029540314569,722
1,dbpedia,kmeans_k4_s0,0.6402829091613734,866
1,dbpedia,kmeans_k4_s1,0.5701675145784858,866
1,dbpedia,kmeans_k4_s2,0.5964128463921311,866
1,dbpedia,kmeans_k7_s0,0.6878758556562005,866
1,dbpedia,kmeans_k7_s1,0.6835549401154891,866
1,dbpedia,kmeans_k7_s2,0.7049089918023134,866
1,dbpedia,kmeans_k14_s0,0.671065332626119,866
1,dbpedia,kmeans_k14_s1,0.6726378254459945,866
1,dbpedia,kmeans_k14_s2,0.7159420122869318,866
1,dbpedia,kmeans_k28_s0,0.64970528069696,866
1,dbpedia,kmeans_k28_s1,0.6599452464974223,866
1,dbpedia,kmeans_k28_s2,0.6309746185854908,866
1,dbpedia,kmeans_k56_s0,0.5860336356323543,866
1,dbpedia,kmeans_k56_s1,0.5882923620666626,866
1,dbpedia,kmeans_k56_s2,0.5834585047076096,866
1,dbpedia,gmm_k4_s0,0.5744762649294285,866
1,dbpedia,gmm_k4_s1,0.6716564671891236,866
1,dbpedia,gmm_k4_s2,0.5744762649294285,866
1,dbpedia,gmm_k7_s0,0.6726238105097629,866
1,dbpedia,gmm_k7_s1,0.708522681072853,866
1,dbpedia,gmm_k7_s2,0.7226481383776245,866
1,dbpedia,gmm_k14_s0,0.719544406848115,866
1,dbpedia,gmm_k14_s1,0.7583030846152213,866
1,dbpedia,gmm_k14_s2,0.743728269595549,866
1,dbpedia,gmm_k28_s0,0.6777375732772891,866
1,dbpedia,gmm_k28_s1,0.6783834724072048,866
1,dbpedia,gmm_k28_s2,0.6743442187047167,866
1,dbpedia,gmm_k56_s0,0.603035146884942,866
1,dbpedia,gmm_k56_s1,0.6013290530606584,866
1,dbpedia,gmm_k56_s2,0.5970917720813298,866
1,dbpedia,spectral_k4_s0,0.5651266033342442,866
1,dbpedia,spectral_k4_s1,0.5651266033342442,866
1,dbpedia,spectral_k4_s2,0.5651266033342442,866
1,dbpedia,spectral_k7_s0,0.6505323119439171,866
1,dbpedia,spectral_k7_s1,0.6505323119439169,866
1,dbpedia,spectral_k7_s2,0.650532311943917,866
1,dbpedia,spectral_k14_s0,0.6124675535482345,866
1,dbpedia,spectral_k14_s1,0.6901650443907122,866
1,dbpedia,spectral_k14_s2,0.6250809972079494,866
1,dbpedia,spectral_k28_s0,0.6501658046303951,866
1,dbpedia,spectral_k28_s1,0.6445007356303466,866
1,dbpedia,spectral_k28_s2,0.6471936901526584,866
1,dbpedia,spectral_k56_s0,0.5695450541010155,866
1,dbpedia,spectral_k56_s1,0.5736482787023722,866
1,dbpedia,spectral_k56_s2,0.5771678612810902,866
1,dbpedia,ward_k4,0.5871331438173464,866
1,dbpedia,ward_k7,0.65369430779705,866
1,dbpedia,ward_k14,0.6771826481406027,866
1,dbpedia,ward_k28,0.63123523174256,866
1,dbpedia,ward_k56,0.5725598930193988,866
1,dbpedia,leiden_k4_s0,0.5715050959700309,866
1,dbpedia,leiden_k4_s1,0.5715679916620654,866
1,dbpedia,leiden_k4_s2,0.5715050959700309,866
1,dbpedia,leiden_k7_s0,0.7114384897556031,866
1,dbpedia,leiden_k7_s1,0.71346226720649,866
1,dbpedia,leiden_k7_s2,0.7416594139105386,866
1,dbpedia,leiden_k14_s0,0.7311620947905005,866
1,dbpedia,leiden_k14_s1,0.7267054568785299,866
1,dbpedia,leiden_k14_s2,0.7450520794900889,866
1,dbpedia,leiden_k28_s0,0.6823313758817443,866
1,dbpedia,leiden_k28_s1,0.6786041618233566,866
1,dbpedia,leiden_k28_s2,0.6802001962491416,866
1,dbpedia,leiden_k56_s0,0.5957011117558119,866
1,dbpedia,leiden_k56_s1,0.5985219921398159,866
1,dbpedia,leiden_k56_s2,0.5950592820546128,866
1,fewevent,kmeans_k8_s0,0.6901876982087596,549
1,fewevent,kmeans_k8_s1,0.7032040135830276,549
1,fewevent,kmeans_k8_s2,0.7004478184586469,549
1,fewevent,kmeans_k17_s0,0.6909131478971323,549
1,fewevent,kmeans_k17_s1,0.7078529411551632,549
1,fewevent,kmeans_k17_s2,0.6713408067420632,549
1,fewevent,kmeans_k34_s0,0.6283373997590332,549
1,fewevent,kmeans_k34_s1,0.6274953726183568,549
1,fewevent,kmeans_k34_s2,0.6230730852770138,549
1,fewevent,kmeans_k68_s0,0.5589396102674076,549
1,fewevent,kmeans_k68_s1,0.5538504240011025,549
1,fewevent,kmeans_k68_s2,0.5848487017768482,549
1,fewevent,kmeans_k136_s0,0.4998091111735391,549
1,fewevent,kmeans_k136_s1,0.4890209017965002,549
1,fewevent,kmeans_k136_s2,0.5056375575114387,549
1,fewevent,gmm_k8_s0,0.7068691556373287,549
1,fewevent,gmm_k8_s1,0.7035039027955228,549
1,fewevent,gmm_k8_s2,0.7068691556373288,549
1,fewevent,gmm_k17_s0,0.7078404070920636,549
1,fewevent,gmm_k17_s1,0.7178300336015997,549
1,fewevent,gmm_k17_s2,0.6919380916774428,549
1,fewevent,gmm_k34_s0,0.6196996597448552,549
1,fewevent,gmm_k34_s1,0.6370534969284963,549
1,fewevent,gmm_k34_s2,0.6552572640358862,549
1,fewevent,gmm_k68_s0,0.5550224838929764,549
1,fewevent,gmm_k68_s1,0.5725789570197077,549
1,fewevent,gmm_k68_s2,0.5569763825046911,549
1,fewevent,gmm_k136_s0,0.4795139685790541,549
1,fewevent,gmm_k136_s1,0.4750242255443054,549
1,fewevent,gmm_k136_s2,0.465836640379955,549
1,fewevent,spectral_k8_s0,0.7026562988053571,549
1,fewevent,spectral_k8_s1,0.7026562988053571,549
1,fewevent,spectral_k8_s2,0.7026562988053571,549
1,fewevent,spectral_k17_s0,0.7384812150876658,549
1,fewevent,spectral_k17_s1,0.7384812150876658,549
1,fewevent,spectral_k17_s2,0.7384812150876658,549
1,fewevent,spectral_k34_s0,0.6627180231541048,549
1,fewevent,spectral_k34_s1,0.6512854926569301,549
1,fewevent,spectral_k34_s2,0.6512854926569299,549
1,fewevent,spectral_k68_s0,0.5464842820214902,549
1,fewevent,spectral_k68_s1,0.5502531398730064,549
1,fewevent,spectral_k68_s2,0.555271890785771,549
1,fewevent,spectral_k136_s0,0.4604760524576671,549
1,fewevent,spectral_k136_s1,0.4513561681605247,549
1,fewevent,spectral_k136_s2,0.4579075786064625,549
1,fewevent,ward_k8,0.6711457034578979,549
1,fewevent,ward_k17,0.6652330252452429,549
1,fewevent,ward_k34,0.6088278139803468,549
1,fewevent,ward_k68,0.5615963736921723,549
1,fewevent,ward_k136,0.5004277785835047,549
1,fewevent,leiden_k8_s0,0.6972425809897365,549
1,fewevent,leiden_k8_s1,0.6982159242757904,549
1,fewevent,leiden_k8_s2,0.6982159242757904,549
1,fewevent,leiden_k17_s0,0.7057304681374336,549
1,fewevent,leiden_k17_s1,0.7101836868852328,549
1,fewevent,leiden_k17_s2,0.6967577517811775,549
1,fewevent,leiden_k34_s0,0.6406440057688708,549
1,fewevent,leiden_k34_s1,0.6502760401140079,549
1,fewevent,leiden_k34_s2,0.6524261339405929,549
1,fewevent,leiden_k68_s0,0.5535813251684828,549
1,fewevent,leiden_k68_s1,0.5633176712299348,549
1,fewevent,leiden_k68_s2,0.5492021702457337,549
1,fewevent,leiden_k136_s0,0.4608850418791314,549
1,fewevent,leiden_k136_s1,0.4721672243612769,549
1,fewevent,leiden_k136_s2,0.4571338173247773,549
1,fewnerd,kmeans_k14_s0,0.0523233913131368,68
1,fewnerd,kmeans_k14_s1,0.0767902371155997,68
1,fewnerd,kmeans_k14_s2,0.0716231083713608,68
1,fewnerd,kmeans_k29_s0,0.0338148982824171,68
1,fewnerd,kmeans_k29_s1,0.0578192834831112,68
1,fewnerd,kmeans_k29_s2,0.0395349232597471,68
1,fewnerd,kmeans_k58_s0,0.0866243872050947,68
1,fewnerd,kmeans_k58_s1,0.0478458933886249,68
1,fewnerd,kmeans_k58_s2,0.0120558614022478,68
1,fewnerd,kmeans_k116_s0,0.0258084681754449,68
1,fewnerd,kmeans_k116_s1,0.0401058653022429,68
1,fewnerd,kmeans_k116_s2,0.0323447328597801,68
1,fewnerd,kmeans_k232_s0,-0.0016211010460684,68
1,fewnerd,kmeans_k232_s1,0.0158638724502964,68
1,fewnerd,kmeans_k232_s2,0.0125230332649099,68
1,fewnerd,gmm_k14_s0,0.0941679909837326,68
1,fewnerd,gmm_k14_s1,0.0047136600635021,68
1,fewnerd,gmm_k14_s2,0.051905439296852,68
1,fewnerd,gmm_k29_s0,0.0026280435254302,68
1,fewnerd,gmm_k29_s1,0.0164755209104724,68
1,fewnerd,gmm_k29_s2,0.0155326042865648,68
1,fewnerd,gmm_k58_s0,0.0184635424041748,68
1,fewnerd,gmm_k58_s1,-0.0142774114571818,68
1,fewnerd,gmm_k58_s2,-0.0220716395833421,68
1,fewnerd,gmm_k116_s0,-0.036061745866493,68
1,fewnerd,gmm_k116_s1,-0.0347970220657679,68
1,fewnerd,gmm_k116_s2,-0.0069697552714745,68
1,fewnerd,gmm_k232_s0,-0.0170109312416195,68
1,fewnerd,gmm_k232_s1,-0.0474694418432498,68
1,fewnerd,gmm_k232_s2,-0.0198998452191663,68
1,fewnerd,spectral_k14_s0,0.0332297016396527,68
1,fewnerd,spectral_k14_s1,-0.0068299417666724,68
1,fewnerd,spectral_k14_s2,-0.0068299417666726,68
1,fewnerd,spectral_k29_s0,-0.0160193519703941,68
1,fewnerd,spectral_k29_s1,0.026409020761026,68
1,fewnerd,spectral_k29_s2,-0.0066714034263927,68
1,fewnerd,spectral_k58_s0,0.0236588411233278,68
1,fewnerd,spectral_k58_s1,0.0217309580373483,68
1,fewnerd,spectral_k58_s2,0.0559429907236476,68
1,fewnerd,spectral_k116_s0,-0.0412511541611547,68
1,fewnerd,spectral_k116_s1,-0.0085990472667392,68
1,fewnerd,spectral_k116_s2,-0.022900948715141,68
1,fewnerd,spectral_k232_s0,-0.0209129423167465,68
1,fewnerd,spectral_k232_s1,0.0106947988042203,68
1,fewnerd,spectral_k232_s2,0.0033019096176709,68
1,fewnerd,ward_k14,0.0319274197326423,68
1,fewnerd,ward_k29,-0.0011294145461112,68
1,fewnerd,ward_k58,0.0134007575082424,68
1,fewnerd,ward_k116,0.0198422827599791,68
1,fewnerd,ward_k232,0.0279795766321027,68
1,fewnerd,leiden_k14_s0,0.0450038357081906,68
1,fewnerd,leiden_k14_s1,0.0147478296772686,68
1,fewnerd,leiden_k14_s2,0.0625390782870204,68
1,fewnerd,leiden_k29_s0,0.0502784728826155,68
1,fewnerd,leiden_k29_s1,0.0888098484077351,68
1,fewnerd,leiden_k29_s2,0.1089606057813544,68
1,fewnerd,leiden_k58_s0,-0.0117074428008549,68
1,fewnerd,leiden_k58_s1,0.0306699575980678,68
1,fewnerd,leiden_k58_s2,0.019703379594413,68
1,fewnerd,leiden_k116_s0,0.0134681277615104,68
1,fewnerd,leiden_k116_s1,0.0064447502690441,68
1,fewnerd,leiden_k116_s2,0.0181111245009153,68
1,fewnerd,leiden_k232_s0,0.0143219099640636,68
1,fewnerd,leiden_k232_s1,-0.0281915912099778,68
1,fewnerd,leiden_k232_s2,-0.0095996551381024,68
1,fewrel,kmeans_k16_s0,,34
1,fewrel,kmeans_k16_s1,,34
1,fewrel,kmeans_k16_s2,,34
1,fewrel,kmeans_k32_s0,,34
1,fewrel,kmeans_k32_s1,,34
1,fewrel,kmeans_k32_s2,,34
1,fewrel,kmeans_k64_s0,,34
1,fewrel,kmeans_k64_s1,,34
1,fewrel,kmeans_k64_s2,,34
1,fewrel,kmeans_k128_s0,,34
1,fewrel,kmeans_k128_s1,,34
1,fewrel,kmeans_k128_s2,,34
1,fewrel,kmeans_k256_s0,,34
1,fewrel,kmeans_k256_s1,,34
1,fewrel,kmeans_k256_s2,,34
1,fewrel,gmm_k16_s0,,34
1,fewrel,gmm_k16_s1,,34
1,fewrel,gmm_k16_s2,,34
1,fewrel,gmm_k32_s0,,34
1,fewrel,gmm_k32_s1,,34
1,fewrel,gmm_k32_s2,,34
1,fewrel,gmm_k64_s0,,34
1,fewrel,gmm_k64_s1,,34
1,fewrel,gmm_k64_s2,,34
1,fewrel,gmm_k128_s0,,34
1,fewrel,gmm_k128_s1,,34
1,fewrel,gmm_k128_s2,,34
1,fewrel,gmm_k256_s0,,34
1,fewrel,gmm_k256_s1,,34
1,fewrel,gmm_k256_s2,,34
1,fewrel,spectral_k16_s0,,34
1,fewrel,spectral_k16_s1,,34
1,fewrel,spectral_k16_s2,,34
1,fewrel,spectral_k32_s0,,34
1,fewrel,spectral_k32_s1,,34
1,fewrel,spectral_k32_s2,,34
1,fewrel,spectral_k64_s0,,34
1,fewrel,spectral_k64_s1,,34
1,fewrel,spectral_k64_s2,,34
1,fewrel,spectral_k128_s0,,34
1,fewrel,spectral_k128_s1,,34
1,fewrel,spectral_k128_s2,,34
1,fewrel,spectral_k256_s0,,34
1,fewrel,spectral_k256_s1,,34
1,fewrel,spectral_k256_s2,,34
1,fewrel,ward_k16,,34
1,fewrel,ward_k32,,34
1,fewrel,ward_k64,,34
1,fewrel,ward_k128,,34
1,fewrel,ward_k256,,34
1,fewrel,leiden_k16_s0,,34
1,fewrel,leiden_k16_s1,,34
1,fewrel,leiden_k16_s2,,34
1,fewrel,leiden_k32_s0,,34
1,fewrel,leiden_k32_s1,,34
1,fewrel,leiden_k32_s2,,34
1,fewrel,leiden_k64_s0,,34
1,fewrel,leiden_k64_s1,,34
1,fewrel,leiden_k64_s2,,34
1,fewrel,leiden_k128_s0,,34
1,fewrel,leiden_k128_s1,,34
1,fewrel,leiden_k128_s2,,34
1,fewrel,leiden_k256_s0,,34
1,fewrel,leiden_k256_s1,,34
1,fewrel,leiden_k256_s2,,34
1,massive_domain,kmeans_k4_s0,0.4552181122100829,745
1,massive_domain,kmeans_k4_s1,0.38724626650489824,745
1,massive_domain,kmeans_k4_s2,0.38724626650489813,745
1,massive_domain,kmeans_k9_s0,0.6242294095418814,745
1,massive_domain,kmeans_k9_s1,0.6327350216753348,745
1,massive_domain,kmeans_k9_s2,0.5573311023406202,745
1,massive_domain,kmeans_k18_s0,0.6717536735268878,745
1,massive_domain,kmeans_k18_s1,0.6697251398268181,745
1,massive_domain,kmeans_k18_s2,0.6714142287419657,745
1,massive_domain,kmeans_k36_s0,0.6405417111423394,745
1,massive_domain,kmeans_k36_s1,0.6252718729672602,745
1,massive_domain,kmeans_k36_s2,0.6126704302616464,745
1,massive_domain,kmeans_k72_s0,0.5709934790674492,745
1,massive_domain,kmeans_k72_s1,0.5755114255976862,745
1,massive_domain,kmeans_k72_s2,0.559444527627928,745
1,massive_domain,gmm_k4_s0,0.3901313820597285,745
1,massive_domain,gmm_k4_s1,0.4710680748537794,745
1,massive_domain,gmm_k4_s2,0.3987294940309266,745
1,massive_domain,gmm_k9_s0,0.6255017106493407,745
1,massive_domain,gmm_k9_s1,0.6805063388861136,745
1,massive_domain,gmm_k9_s2,0.6347688241349225,745
1,massive_domain,gmm_k18_s0,0.6935192763160974,745
1,massive_domain,gmm_k18_s1,0.6804328434177088,745
1,massive_domain,gmm_k18_s2,0.6892767526497892,745
1,massive_domain,gmm_k36_s0,0.6596818016872025,745
1,massive_domain,gmm_k36_s1,0.668565969620508,745
1,massive_domain,gmm_k36_s2,0.6516142236752688,745
1,massive_domain,gmm_k72_s0,0.5926066200365145,745
1,massive_domain,gmm_k72_s1,0.5908120898897428,745
1,massive_domain,gmm_k72_s2,0.5925553509296816,745
1,massive_domain,spectral_k4_s0,0.45882722248320945,745
1,massive_domain,spectral_k4_s1,0.45882722248320945,745
1,massive_domain,spectral_k4_s2,0.45882722248320945,745
1,massive_domain,spectral_k9_s0,0.6296219691066253,745
1,massive_domain,spectral_k9_s1,0.6296219691066253,745
1,massive_domain,spectral_k9_s2,0.6296219691066253,745
1,massive_domain,spectral_k18_s0,0.6333487735162219,745
1,massive_domain,spectral_k18_s1,0.6333487735162219,745
1,massive_domain,spectral_k18_s2,0.6333487735162219,745
1,massive_domain,spectral_k36_s0,0.6320836211859894,745
1,massive_domain,spectral_k36_s1,0.6303579221688276,745
1,massive_domain,spectral_k36_s2,0.6303579221688276,745
1,massive_domain,spectral_k72_s0,0.5499836672198773,745
1,massive_domain,spectral_k72_s1,0.5491156398762873,745
1,massive_domain,spectral_k72_s2,0.5469213818811428,745
1,massive_domain,ward_k4,0.48137987566685214,745
1,massive_domain,ward_k9,0.5894624877244026,745
1,massive_domain,ward_k18,0.6742663704270592,745
1,massive_domain,ward_k36,0.6381477210603305,745
1,massive_domain,ward_k72,0.5752415560066254,745
1,massive_domain,leiden_k4_s0,0.4851210668623643,745
1,massive_domain,leiden_k4_s1,0.4093188269807687,745
1,massive_domain,leiden_k4_s2,0.4096436459894469,745
1,massive_domain,leiden_k9_s0,0.6594199053221879,745
1,massive_domain,leiden_k9_s1,0.6527328352515199,745
1,massive_domain,leiden_k9_s2,0.6151062230393256,745
1,massive_domain,leiden_k18_s0,0.6971155902785248,745
1,massive_domain,leiden_k18_s1,0.6997579781846294,745
1,massive_domain,leiden_k18_s2,0.6881514419971858,745
1,massive_domain,leiden_k36_s0,0.6430023625863783,745
1,massive_domain,leiden_k36_s1,0.6412377528805124,745
1,massive_domain,leiden_k36_s2,0.648649135758109,745
1,massive_domain,leiden_k72_s0,0.5901530825592946,745
1,massive_domain,leiden_k72_s1,0.5998188960536898,745
1,massive_domain,leiden_k72_s2,0.5870678114471681,745
1,massive_intent,kmeans_k15_s0,0.4727059525514922,838
1,massive_intent,kmeans_k15_s1,0.483766146723576,838
1,massive_intent,kmeans_k15_s2,0.5109151710560041,838
1,massive_intent,kmeans_k30_s0,0.5112690231917778,838
1,massive_intent,kmeans_k30_s1,0.5312859364005214,838
1,massive_intent,kmeans_k30_s2,0.5166704788615385,838
1,massive_intent,kmeans_k59_s0,0.48673770365542635,838
1,massive_intent,kmeans_k59_s1,0.47417980559400846,838
1,massive_intent,kmeans_k59_s2,0.48002434524664234,838
1,massive_intent,kmeans_k118_s0,0.42797630490441113,838
1,massive_intent,kmeans_k118_s1,0.41390793527116243,838
1,massive_intent,kmeans_k118_s2,0.41217612574408563,838
1,massive_intent,kmeans_k236_s0,0.354243215080456,838
1,massive_intent,kmeans_k236_s1,0.3533009319156843,838
1,massive_intent,kmeans_k236_s2,0.3505278673152248,838
1,massive_intent,gmm_k15_s0,0.5165461261273557,838
1,massive_intent,gmm_k15_s1,0.5165461261273557,838
1,massive_intent,gmm_k15_s2,0.5152693245769238,838
1,massive_intent,gmm_k30_s0,0.5356799028806877,838
1,massive_intent,gmm_k30_s1,0.5339853998153339,838
1,massive_intent,gmm_k30_s2,0.5330111845594954,838
1,massive_intent,gmm_k59_s0,0.5018501180440719,838
1,massive_intent,gmm_k59_s1,0.49010360009171794,838
1,massive_intent,gmm_k59_s2,0.5052911746676597,838
1,massive_intent,gmm_k118_s0,0.43781539130198943,838
1,massive_intent,gmm_k118_s1,0.4379020377064043,838
1,massive_intent,gmm_k118_s2,0.4408032447280862,838
1,massive_intent,gmm_k236_s0,0.36223362946876797,838
1,massive_intent,gmm_k236_s1,0.36354802444490825,838
1,massive_intent,gmm_k236_s2,0.3638711842323636,838
1,massive_intent,spectral_k15_s0,0.489776336452077,838
1,massive_intent,spectral_k15_s1,0.48977633645207713,838
1,massive_intent,spectral_k15_s2,0.48977633645207713,838
1,massive_intent,spectral_k30_s0,0.510723090300697,838
1,massive_intent,spectral_k30_s1,0.5126389017287798,838
1,massive_intent,spectral_k30_s2,0.514239599494066,838
1,massive_intent,spectral_k59_s0,0.47035277372046796,838
1,massive_intent,spectral_k59_s1,0.47640786725670203,838
1,massive_intent,spectral_k59_s2,0.46506420299006507,838
1,massive_intent,spectral_k118_s0,0.40918905735119093,838
1,massive_intent,spectral_k118_s1,0.409698697164266,838
1,massive_intent,spectral_k118_s2,0.399641797123282,838
1,massive_intent,spectral_k236_s0,0.30294497172725965,838
1,massive_intent,spectral_k236_s1,0.31500105078140156,838
1,massive_intent,spectral_k236_s2,0.3120929803150192,838
1,massive_intent,ward_k15,0.5172660258296479,838
1,massive_intent,ward_k30,0.5246251591307741,838
1,massive_intent,ward_k59,0.48515666582910055,838
1,massive_intent,ward_k118,0.4217355688077343,838
1,massive_intent,ward_k236,0.34868300195504254,838
1,massive_intent,leiden_k15_s0,0.5109247106749316,838
1,massive_intent,leiden_k15_s1,0.5152946914067201,838
1,massive_intent,leiden_k15_s2,0.5013310064210761,838
1,massive_intent,leiden_k30_s0,0.5198028458074111,838
1,massive_intent,leiden_k30_s1,0.5277002793484623,838
1,massive_intent,leiden_k30_s2,0.5314664100789156,838
1,massive_intent,leiden_k59_s0,0.49342065177497907,838
1,massive_intent,leiden_k59_s1,0.5050487767201439,838
1,massive_intent,leiden_k59_s2,0.5012454608360047,838
1,massive_intent,leiden_k118_s0,0.4407700160892216,838
1,massive_intent,leiden_k118_s1,0.43758877255669104,838
1,massive_intent,leiden_k118_s2,0.44137110245500155,838
1,massive_intent,leiden_k236_s0,0.3565487242342305,838
1,massive_intent,leiden_k236_s1,0.3518329107892101,838
1,massive_intent,leiden_k236_s2,0.35721096104392447,838
1,mcid,kmeans_k4_s0,0.23520939501247437,706
1,mcid,kmeans_k4_s1,0.17109847306691586,706
1,mcid,kmeans_k4_s2,0.1064640774743135,706
1,mcid,kmeans_k8_s0,0.31980048118425947,706
1,mcid,kmeans_k8_s1,0.3443586276505518,706
1,mcid,kmeans_k8_s2,0.3198547072726913,706
1,mcid,kmeans_k16_s0,0.4573103884835145,706
1,mcid,kmeans_k16_s1,0.4268048265848322,706
1,mcid,kmeans_k16_s2,0.3956175656451626,706
1,mcid,kmeans_k32_s0,0.4477393199734754,706
1,mcid,kmeans_k32_s1,0.47329708921019914,706
1,mcid,kmeans_k32_s2,0.4733933995794324,706
1,mcid,kmeans_k64_s0,0.48425547097528504,706
1,mcid,kmeans_k64_s1,0.475591648777191,706
1,mcid,kmeans_k64_s2,0.477508475634852,706
1,mcid,gmm_k4_s0,0.30422715754927543,706
1,mcid,gmm_k4_s1,0.34911207892931956,706
1,mcid,gmm_k4_s2,0.30422715754927543,706
1,mcid,gmm_k8_s0,0.48420151113869525,706
1,mcid,gmm_k8_s1,0.429414220499411,706
1,mcid,gmm_k8_s2,0.47133764241118214,706
1,mcid,gmm_k16_s0,0.5570888135180221,706
1,mcid,gmm_k16_s1,0.585609569652266,706
1,mcid,gmm_k16_s2,0.6023753149413245,706
1,mcid,gmm_k32_s0,0.5732713206395725,706
1,mcid,gmm_k32_s1,0.5757498608799624,706
1,mcid,gmm_k32_s2,0.5812305062917628,706
1,mcid,gmm_k64_s0,0.5238317615814477,706
1,mcid,gmm_k64_s1,0.520929949414664,706
1,mcid,gmm_k64_s2,0.5206116397809808,706
1,mcid,spectral_k4_s0,0.16849697237781192,706
1,mcid,spectral_k4_s1,0.16849697237781192,706
1,mcid,spectral_k4_s2,0.16849697237781192,706
1,mcid,spectral_k8_s0,0.37533517886839757,706
1,mcid,spectral_k8_s1,0.3753351788683975,706
1,mcid,spectral_k8_s2,0.37533517886839757,706
1,mcid,spectral_k16_s0,0.5150493408590344,706
1,mcid,spectral_k16_s1,0.5150493408590345,706
1,mcid,spectral_k16_s2,0.5150493408590345,706
1,mcid,spectral_k32_s0,0.535486568123515,706
1,mcid,spectral_k32_s1,0.5460891673579326,706
1,mcid,spectral_k32_s2,0.5275101849197724,706
1,mcid,spectral_k64_s0,0.4919452998176518,706
1,mcid,spectral_k64_s1,0.49096396998126957,706
1,mcid,spectral_k64_s2,0.49335463554533154,706
1,mcid,ward_k4,0.32870429278205543,706
1,mcid,ward_k8,0.3929366458674845,706
1,mcid,ward_k16,0.530154372596182,706
1,mcid,ward_k32,0.5414576713493281,706
1,mcid,ward_k64,0.5168670412699137,706
1,mcid,leiden_k4_s0,0.27745773759676107,706
1,mcid,leiden_k4_s1,0.30573125010676305,706
1,mcid,leiden_k4_s2,0.3126602528449313,706
1,mcid,leiden_k8_s0,0.4606663843126831,706
1,mcid,leiden_k8_s1,0.43839869917226887,706
1,mcid,leiden_k8_s2,0.3411252559484631,706
1,mcid,leiden_k16_s0,0.5459160846501454,706
1,mcid,leiden_k16_s1,0.548951684777079,706
1,mcid,leiden_k16_s2,0.5486186259730923,706
1,mcid,leiden_k32_s0,0.5528204155910653,706
1,mcid,leiden_k32_s1,0.5357253071268002,706
1,mcid,leiden_k32_s2,0.5560644864039009,706
1,mcid,leiden_k64_s0,0.5152951428718087,706
1,mcid,leiden_k64_s1,0.508472750542736,706
1,mcid,leiden_k64_s2,0.5078994252391956,706
1,mtop_domain,kmeans_k3_s0,0.4137653867784662,833
1,mtop_domain,kmeans_k3_s1,0.6047323902975172,833
1,mtop_domain,kmeans_k3_s2,0.5293171148110278,833
1,mtop_domain,kmeans_k6_s0,0.7219662258805309,833
1,mtop_domain,kmeans_k6_s1,0.721966225880531,833
1,mtop_domain,kmeans_k6_s2,0.705616442807687,833
1,mtop_domain,kmeans_k11_s0,0.8039387530665986,833
1,mtop_domain,kmeans_k11_s1,0.8524461602586471,833
1,mtop_domain,kmeans_k11_s2,0.8507307054018018,833
1,mtop_domain,kmeans_k22_s0,0.7426377878701611,833
1,mtop_domain,kmeans_k22_s1,0.7667343863412811,833
1,mtop_domain,kmeans_k22_s2,0.7473517755918416,833
1,mtop_domain,kmeans_k44_s0,0.6467323318387127,833
1,mtop_domain,kmeans_k44_s1,0.6692845014330411,833
1,mtop_domain,kmeans_k44_s2,0.6538931959930362,833
1,mtop_domain,gmm_k3_s0,0.6061787141686364,833
1,mtop_domain,gmm_k3_s1,0.6021194317072154,833
1,mtop_domain,gmm_k3_s2,0.5456996499116348,833
1,mtop_domain,gmm_k6_s0,0.7876353121505323,833
1,mtop_domain,gmm_k6_s1,0.8019316368119849,833
1,mtop_domain,gmm_k6_s2,0.7876353121505323,833
1,mtop_domain,gmm_k11_s0,0.8285726746042006,833
1,mtop_domain,gmm_k11_s1,0.812962394029382,833
1,mtop_domain,gmm_k11_s2,0.8496377831604022,833
1,mtop_domain,gmm_k22_s0,0.7688148706214775,833
1,mtop_domain,gmm_k22_s1,0.7651778492220853,833
1,mtop_domain,gmm_k22_s2,0.753342128648979,833
1,mtop_domain,gmm_k44_s0,0.6754800339484338,833
1,mtop_domain,gmm_k44_s1,0.661256338209686,833
1,mtop_domain,gmm_k44_s2,0.6677197580035237,833
1,mtop_domain,spectral_k3_s0,0.4139080136186123,833
1,mtop_domain,spectral_k3_s1,0.4139080136186123,833
1,mtop_domain,spectral_k3_s2,0.4139080136186123,833
1,mtop_domain,spectral_k6_s0,0.7779359563477625,833
1,mtop_domain,spectral_k6_s1,0.7779359563477625,833
1,mtop_domain,spectral_k6_s2,0.7779359563477625,833
1,mtop_domain,spectral_k11_s0,0.80369781092518,833
1,mtop_domain,spectral_k11_s1,0.8036978109251801,833
1,mtop_domain,spectral_k11_s2,0.8036978109251801,833
1,mtop_domain,spectral_k22_s0,0.7775623076241717,833
1,mtop_domain,spectral_k22_s1,0.7774372793461508,833
1,mtop_domain,spectral_k22_s2,0.7484226688728479,833
1,mtop_domain,spectral_k44_s0,0.6667930799719874,833
1,mtop_domain,spectral_k44_s1,0.675216578802604,833
1,mtop_domain,spectral_k44_s2,0.6831700620097956,833
1,mtop_domain,ward_k3,0.5661630555771329,833
1,mtop_domain,ward_k6,0.6703305232319217,833
1,mtop_domain,ward_k11,0.7720950275565598,833
1,mtop_domain,ward_k22,0.7114412211327195,833
1,mtop_domain,ward_k44,0.6450594155662093,833
1,mtop_domain,leiden_k3_s0,0.5902571529834946,833
1,mtop_domain,leiden_k3_s1,0.5164493739280497,833
1,mtop_domain,leiden_k3_s2,0.5143493467736343,833
1,mtop_domain,leiden_k6_s0,0.7929318075239645,833
1,mtop_domain,leiden_k6_s1,0.8007634289807952,833
1,mtop_domain,leiden_k6_s2,0.8007634289807952,833
1,mtop_domain,leiden_k11_s0,0.8179379840912291,833
1,mtop_domain,leiden_k11_s1,0.8194155166168009,833
1,mtop_domain,leiden_k11_s2,0.8536376562128831,833
1,mtop_domain,leiden_k22_s0,0.7728316851285619,833
1,mtop_domain,leiden_k22_s1,0.7700285659544147,833
1,mtop_domain,leiden_k22_s2,0.7632781259415801,833
1,mtop_domain,leiden_k44_s0,0.6729067319943582,833
1,mtop_domain,leiden_k44_s1,0.6710052766264663,833
1,mtop_domain,leiden_k44_s2,0.6626058170011954,833
1,mtop_intent,kmeans_k26_s0,0.6840308408636664,837
1,mtop_intent,kmeans_k26_s1,0.6971611447127486,837
1,mtop_intent,kmeans_k26_s2,0.6751557519520118,837
1,mtop_intent,kmeans_k51_s0,0.6085601344584515,837
1,mtop_intent,kmeans_k51_s1,0.6228043718978479,837
1,mtop_intent,kmeans_k51_s2,0.6152843159665258,837
1,mtop_intent,kmeans_k102_s0,0.5292458338567662,837
1,mtop_intent,kmeans_k102_s1,0.5339802410931733,837
1,mtop_intent,kmeans_k102_s2,0.5463244959552901,837
1,mtop_intent,kmeans_k204_s0,0.44201234411474977,837
1,mtop_intent,kmeans_k204_s1,0.4494733791949948,837
1,mtop_intent,kmeans_k204_s2,0.44200411822871805,837
1,mtop_intent,kmeans_k408_s0,0.34916259147441486,837
1,mtop_intent,kmeans_k408_s1,0.3452040884165338,837
1,mtop_intent,kmeans_k408_s2,0.35720323884441024,837
1,mtop_intent,gmm_k26_s0,0.693347639360087,837
1,mtop_intent,gmm_k26_s1,0.7078252738682694,837
1,mtop_intent,gmm_k26_s2,0.6972014019995979,837
1,mtop_intent,gmm_k51_s0,0.629165058568722,837
1,mtop_intent,gmm_k51_s1,0.6207603401273943,837
1,mtop_intent,gmm_k51_s2,0.6184760468971517,837
1,mtop_intent,gmm_k102_s0,0.5309586199247432,837
1,mtop_intent,gmm_k102_s1,0.5284292914033214,837
1,mtop_intent,gmm_k102_s2,0.5282055329752632,837
1,mtop_intent,gmm_k204_s0,0.4316595177722386,837
1,mtop_intent,gmm_k204_s1,0.43796184724569553,837
1,mtop_intent,gmm_k204_s2,0.43431036408001455,837
1,mtop_intent,gmm_k408_s0,0.3351269748335623,837
1,mtop_intent,gmm_k408_s1,0.3371114702410935,837
1,mtop_intent,gmm_k408_s2,0.32957010847769874,837
1,mtop_intent,spectral_k26_s0,0.7233275238731224,837
1,mtop_intent,spectral_k26_s1,0.7233275238731223,837
1,mtop_intent,spectral_k26_s2,0.723057974076603,837
1,mtop_intent,spectral_k51_s0,0.6208311875870711,837
1,mtop_intent,spectral_k51_s1,0.6253957305299039,837
1,mtop_intent,spectral_k51_s2,0.6341431015244781,837
1,mtop_intent,spectral_k102_s0,0.5417712270519116,837
1,mtop_intent,spectral_k102_s1,0.5308655616046284,837
1,mtop_intent,spectral_k102_s2,0.5187902130145481,837
1,mtop_intent,spectral_k204_s0,0.40299678619502066,837
1,mtop_intent,spectral_k204_s1,0.40422361306584814,837
1,mtop_intent,spectral_k204_s2,0.40661552306020665,837
1,mtop_intent,spectral_k408_s0,0.3109580705874777,837
1,mtop_intent,spectral_k408_s1,0.31160626634623884,837
1,mtop_intent,spectral_k408_s2,0.306217521979775,837
1,mtop_intent,ward_k26,0.6815995213477484,837
1,mtop_intent,ward_k51,0.6311650186018514,837
1,mtop_intent,ward_k102,0.5493901843327743,837
1,mtop_intent,ward_k204,0.44522957181132994,837
1,mtop_intent,ward_k408,0.3386876101488501,837
1,mtop_intent,leiden_k26_s0,0.6956444527439786,837
1,mtop_intent,leiden_k26_s1,0.7026663403794949,837
1,mtop_intent,leiden_k26_s2,0.7037198376541733,837
1,mtop_intent,leiden_k51_s0,0.619776223014033,837
1,mtop_intent,leiden_k51_s1,0.6117939293868565,837
1,mtop_intent,leiden_k51_s2,0.6206766809239915,837
1,mtop_intent,leiden_k102_s0,0.5312541608961433,837
1,mtop_intent,leiden_k102_s1,0.5242042815225577,837
1,mtop_intent,leiden_k102_s2,0.5212042369062653,837
1,mtop_intent,leiden_k204_s0,0.4321668928134057,837
1,mtop_intent,leiden_k204_s1,0.43127452476137457,837
1,mtop_intent,leiden_k204_s2,0.4302331639821595,837
1,mtop_intent,leiden_k408_s0,0.3092115423684946,837
1,mtop_intent,leiden_k408_s1,0.31530208571588353,837
1,mtop_intent,leiden_k408_s2,0.3216689055342268,837
1,reddit_s2s,kmeans_k12_s0,0.3790993810337808,607
1,reddit_s2s,kmeans_k12_s1,0.4198040085278852,607
1,reddit_s2s,kmeans_k12_s2,0.3463148657501614,607
1,reddit_s2s,kmeans_k24_s0,0.43561074306605985,607
1,reddit_s2s,kmeans_k24_s1,0.4175501899202618,607
1,reddit_s2s,kmeans_k24_s2,0.4358187780777001,607
1,reddit_s2s,kmeans_k49_s0,0.4259370906861559,607
1,reddit_s2s,kmeans_k49_s1,0.4131380922839974,607
1,reddit_s2s,kmeans_k49_s2,0.4362616009940631,607
1,reddit_s2s,kmeans_k98_s0,0.40090857483606285,607
1,reddit_s2s,kmeans_k98_s1,0.387812455082484,607
1,reddit_s2s,kmeans_k98_s2,0.391763190295313,607
1,reddit_s2s,kmeans_k196_s0,0.31803916911864066,607
1,reddit_s2s,kmeans_k196_s1,0.3398242151463129,607
1,reddit_s2s,kmeans_k196_s2,0.30511143050332984,607
1,reddit_s2s,gmm_k12_s0,0.3540369285002721,607
1,reddit_s2s,gmm_k12_s1,0.35792001313910754,607
1,reddit_s2s,gmm_k12_s2,0.3692231042996177,607
1,reddit_s2s,gmm_k24_s0,0.40660396175927027,607
1,reddit_s2s,gmm_k24_s1,0.42091001476060763,607
1,reddit_s2s,gmm_k24_s2,0.40836329375172964,607
1,reddit_s2s,gmm_k49_s0,0.43027913768864234,607
1,reddit_s2s,gmm_k49_s1,0.429896724903927,607
1,reddit_s2s,gmm_k49_s2,0.42843188987310415,607
1,reddit_s2s,gmm_k98_s0,0.4068527308986265,607
1,reddit_s2s,gmm_k98_s1,0.4019641988316042,607
1,reddit_s2s,gmm_k98_s2,0.41980430042138817,607
1,reddit_s2s,gmm_k196_s0,0.3764054189059872,607
1,reddit_s2s,gmm_k196_s1,0.3707612822561036,607
1,reddit_s2s,gmm_k196_s2,0.3742332743694218,607
1,reddit_s2s,spectral_k12_s0,0.2357219749096131,607
1,reddit_s2s,spectral_k12_s1,0.23922434750297064,607
1,reddit_s2s,spectral_k12_s2,0.22497438714317622,607
1,reddit_s2s,spectral_k24_s0,0.3450151059283318,607
1,reddit_s2s,spectral_k24_s1,0.3582156171606376,607
1,reddit_s2s,spectral_k24_s2,0.3450151059283317,607
1,reddit_s2s,spectral_k49_s0,0.3931223203845378,607
1,reddit_s2s,spectral_k49_s1,0.3958517967426016,607
1,reddit_s2s,spectral_k49_s2,0.3949539322089184,607
1,reddit_s2s,spectral_k98_s0,0.3674810182167184,607
1,reddit_s2s,spectral_k98_s1,0.3550770906452851,607
1,reddit_s2s,spectral_k98_s2,0.349832259907175,607
1,reddit_s2s,spectral_k196_s0,0.27510416165012647,607
1,reddit_s2s,spectral_k196_s1,0.26875295897085,607
1,reddit_s2s,spectral_k196_s2,0.28141664090714774,607
1,reddit_s2s,ward_k12,0.31679177638216177,607
1,reddit_s2s,ward_k24,0.3556474114703034,607
1,reddit_s2s,ward_k49,0.3810799933782697,607
1,reddit_s2s,ward_k98,0.35610333487211876,607
1,reddit_s2s,ward_k196,0.32084472261607294,607
1,reddit_s2s,leiden_k12_s0,0.32325374010790403,607
1,reddit_s2s,leiden_k12_s1,0.3446226970676536,607
1,reddit_s2s,leiden_k12_s2,0.3624288951510643,607
1,reddit_s2s,leiden_k24_s0,0.4051113007614312,607
1,reddit_s2s,leiden_k24_s1,0.3981742123056288,607
1,reddit_s2s,leiden_k24_s2,0.40827972845643296,607
1,reddit_s2s,leiden_k49_s0,0.4394628103706907,607
1,reddit_s2s,leiden_k49_s1,0.44379132585695485,607
1,reddit_s2s,leiden_k49_s2,0.43987838742576363,607
1,reddit_s2s,leiden_k98_s0,0.42496293767510995,607
1,reddit_s2s,leiden_k98_s1,0.4086074179131953,607
1,reddit_s2s,leiden_k98_s2,0.42412305018206836,607
1,reddit_s2s,leiden_k196_s0,0.3821106029918421,607
1,reddit_s2s,leiden_k196_s1,0.3795096677462843,607
1,reddit_s2s,leiden_k196_s2,0.37313133321654945,607
1,stackexchange_cl,kmeans_k30_s0,0.4319884874608188,496
1,stackexchange_cl,kmeans_k30_s1,0.4532265665092992,496
1,stackexchange_cl,kmeans_k30_s2,0.4742130708725804,496
1,stackexchange_cl,kmeans_k60_s0,0.4173496316984506,496
1,stackexchange_cl,kmeans_k60_s1,0.4434587296454654,496
1,stackexchange_cl,kmeans_k60_s2,0.4267074708899275,496
1,stackexchange_cl,kmeans_k121_s0,0.3448062146933671,496
1,stackexchange_cl,kmeans_k121_s1,0.362541375019832,496
1,stackexchange_cl,kmeans_k121_s2,0.3587833136091641,496
1,stackexchange_cl,kmeans_k242_s0,0.28578438484402907,496
1,stackexchange_cl,kmeans_k242_s1,0.3013034601970766,496
1,stackexchange_cl,kmeans_k242_s2,0.2698754531041139,496
1,stackexchange_cl,kmeans_k484_s0,0.22085011539624597,496
1,stackexchange_cl,kmeans_k484_s1,0.20786472957594948,496
1,stackexchange_cl,kmeans_k484_s2,0.19889551454800833,496
1,stackexchange_cl,gmm_k30_s0,0.45444851578591705,496
1,stackexchange_cl,gmm_k30_s1,0.4697306364524351,496
1,stackexchange_cl,gmm_k30_s2,0.456798398766713,496
1,stackexchange_cl,gmm_k60_s0,0.4389787514237671,496
1,stackexchange_cl,gmm_k60_s1,0.4262581163860833,496
1,stackexchange_cl,gmm_k60_s2,0.41959828184207015,496
1,stackexchange_cl,gmm_k121_s0,0.3886140927014685,496
1,stackexchange_cl,gmm_k121_s1,0.3932648738788776,496
1,stackexchange_cl,gmm_k121_s2,0.38338448877436004,496
1,stackexchange_cl,gmm_k242_s0,0.3238930832027629,496
1,stackexchange_cl,gmm_k242_s1,0.3208972819655657,496
1,stackexchange_cl,gmm_k242_s2,0.3334861976830567,496
1,stackexchange_cl,gmm_k484_s0,0.24723697865581865,496
1,stackexchange_cl,gmm_k484_s1,0.25211492107471,496
1,stackexchange_cl,gmm_k484_s2,0.2575708843212268,496
1,stackexchange_cl,spectral_k30_s0,0.34438554271832394,496
1,stackexchange_cl,spectral_k30_s1,0.3299732618227427,496
1,stackexchange_cl,spectral_k30_s2,0.3287689563631907,496
1,stackexchange_cl,spectral_k60_s0,0.3707411885264971,496
1,stackexchange_cl,spectral_k60_s1,0.3677571608508848,496
1,stackexchange_cl,spectral_k60_s2,0.376628530170294,496
1,stackexchange_cl,spectral_k121_s0,0.3171167016624633,496
1,stackexchange_cl,spectral_k121_s1,0.3025742624487483,496
1,stackexchange_cl,spectral_k121_s2,0.30557816242811553,496
1,stackexchange_cl,spectral_k242_s0,0.2288419664709372,496
1,stackexchange_cl,spectral_k242_s1,0.2411700063889661,496
1,stackexchange_cl,spectral_k242_s2,0.23737785241359263,496
1,stackexchange_cl,spectral_k484_s0,0.15598621863648263,496
1,stackexchange_cl,spectral_k484_s1,0.16847311827159947,496
1,stackexchange_cl,spectral_k484_s2,0.1557683296496198,496
1,stackexchange_cl,ward_k30,0.41779846694533984,496
1,stackexchange_cl,ward_k60,0.39854650211818066,496
1,stackexchange_cl,ward_k121,0.3552023119656928,496
1,stackexchange_cl,ward_k242,0.28244603309331406,496
1,stackexchange_cl,ward_k484,0.20375778010373571,496
1,stackexchange_cl,leiden_k30_s0,0.4624804386549294,496
1,stackexchange_cl,leiden_k30_s1,0.46558460740439717,496
1,stackexchange_cl,leiden_k30_s2,0.45639515538990105,496
1,stackexchange_cl,leiden_k60_s0,0.42459539643230243,496
1,stackexchange_cl,leiden_k60_s1,0.420290920790687,496
1,stackexchange_cl,leiden_k60_s2,0.42308778422837917,496
1,stackexchange_cl,leiden_k121_s0,0.37242667705691085,496
1,stackexchange_cl,leiden_k121_s1,0.37921987776265914,496
1,stackexchange_cl,leiden_k121_s2,0.36139408951737834,496
1,stackexchange_cl,leiden_k242_s0,0.30360731699536153,496
1,stackexchange_cl,leiden_k242_s1,0.3069228437530079,496
1,stackexchange_cl,leiden_k242_s2,0.3046537305026209,496
1,stackexchange_cl,leiden_k484_s0,0.22786693593980784,496
1,stackexchange_cl,leiden_k484_s1,0.21596467536533093,496
1,stackexchange_cl,leiden_k484_s2,0.22105047267090294,496
1,stackoverflow20,kmeans_k5_s0,0.5359717527451776,824
1,stackoverflow20,kmeans_k5_s1,0.5203261787784468,824
1,stackoverflow20,kmeans_k5_s2,0.5241665630985358,824
1,stackoverflow20,kmeans_k10_s0,0.6353479876033161,824
1,stackoverflow20,kmeans_k10_s1,0.6799607720517178,824
1,stackoverflow20,kmeans_k10_s2,0.675090129381507,824
1,stackoverflow20,kmeans_k20_s0,0.7941110294565119,824
1,stackoverflow20,kmeans_k20_s1,0.8010509507117997,824
1,stackoverflow20,kmeans_k20_s2,0.7675991157669514,824
1,stackoverflow20,kmeans_k40_s0,0.7521778105896268,824
1,stackoverflow20,kmeans_k40_s1,0.7636992909621086,824
1,stackoverflow20,kmeans_k40_s2,0.7698774488623998,824
1,stackoverflow20,kmeans_k80_s0,0.6688291689329967,824
1,stackoverflow20,kmeans_k80_s1,0.6598375597745493,824
1,stackoverflow20,kmeans_k80_s2,0.6720181764956712,824
1,stackoverflow20,gmm_k5_s0,0.5455036209655644,824
1,stackoverflow20,gmm_k5_s1,0.5531142959734286,824
1,stackoverflow20,gmm_k5_s2,0.5421248242970483,824
1,stackoverflow20,gmm_k10_s0,0.7058995414194577,824
1,stackoverflow20,gmm_k10_s1,0.7057298445062792,824
1,stackoverflow20,gmm_k10_s2,0.6993942316114474,824
1,stackoverflow20,gmm_k20_s0,0.815868700456379,824
1,stackoverflow20,gmm_k20_s1,0.813994190620292,824
1,stackoverflow20,gmm_k20_s2,0.8182967469814184,824
1,stackoverflow20,gmm_k40_s0,0.7787419070748903,824
1,stackoverflow20,gmm_k40_s1,0.7715101901642123,824
1,stackoverflow20,gmm_k40_s2,0.7847388772217763,824
1,stackoverflow20,gmm_k80_s0,0.6992911209526741,824
1,stackoverflow20,gmm_k80_s1,0.6982509848018391,824
1,stackoverflow20,gmm_k80_s2,0.703726570195399,824
1,stackoverflow20,spectral_k5_s0,0.4454509185427077,824
1,stackoverflow20,spectral_k5_s1,0.4454509185427076,824
1,stackoverflow20,spectral_k5_s2,0.4812297779793146,824
1,stackoverflow20,spectral_k10_s0,0.6888618829986456,824
1,stackoverflow20,spectral_k10_s1,0.6892376534849889,824
1,stackoverflow20,spectral_k10_s2,0.6892376534849889,824
1,stackoverflow20,spectral_k20_s0,0.8090312235565638,824
1,stackoverflow20,spectral_k20_s1,0.8090312235565637,824
1,stackoverflow20,spectral_k20_s2,0.8089083206369367,824
1,stackoverflow20,spectral_k40_s0,0.7256369981947245,824
1,stackoverflow20,spectral_k40_s1,0.724190248816713,824
1,stackoverflow20,spectral_k40_s2,0.7292699959991465,824
1,stackoverflow20,spectral_k80_s0,0.639122315376832,824
1,stackoverflow20,spectral_k80_s1,0.6290567344537565,824
1,stackoverflow20,spectral_k80_s2,0.6357196010176538,824
1,stackoverflow20,ward_k5,0.5120785101276589,824
1,stackoverflow20,ward_k10,0.6380734186803929,824
1,stackoverflow20,ward_k20,0.7396275187222076,824
1,stackoverflow20,ward_k40,0.7358904294346512,824
1,stackoverflow20,ward_k80,0.6612391791353905,824
1,stackoverflow20,leiden_k5_s0,0.5544250170782313,824
1,stackoverflow20,leiden_k5_s1,0.557807071376448,824
1,stackoverflow20,leiden_k5_s2,0.5525895699510173,824
1,stackoverflow20,leiden_k10_s0,0.7012223254507177,824
1,stackoverflow20,leiden_k10_s1,0.7104800276246269,824
1,stackoverflow20,leiden_k10_s2,0.707363710414341,824
1,stackoverflow20,leiden_k20_s0,0.8249250466629032,824
1,stackoverflow20,leiden_k20_s1,0.8213782282378804,824
1,stackoverflow20,leiden_k20_s2,0.821092821959071,824
1,stackoverflow20,leiden_k40_s0,0.7940624266630363,824
1,stackoverflow20,leiden_k40_s1,0.8037001838970527,824
1,stackoverflow20,leiden_k40_s2,0.8041955546020351,824
1,stackoverflow20,leiden_k80_s0,0.6765593633046209,824
1,stackoverflow20,leiden_k80_s1,0.6885898977586077,824
1,stackoverflow20,leiden_k80_s2,0.6822026849160862,824
1,tweet89,kmeans_k22_s0,0.5924567792105405,404
1,tweet89,kmeans_k22_s1,0.584057328904779,404
1,tweet89,kmeans_k22_s2,0.6120715573248884,404
1,tweet89,kmeans_k44_s0,0.601258756873184,404
1,tweet89,kmeans_k44_s1,0.5940297763711292,404
1,tweet89,kmeans_k44_s2,0.6263741087787686,404
1,tweet89,kmeans_k89_s0,0.5355778270712306,404
1,tweet89,kmeans_k89_s1,0.5432651229747393,404
1,tweet89,kmeans_k89_s2,0.5545856647935008,404
1,tweet89,kmeans_k178_s0,0.4336336429661038,404
1,tweet89,kmeans_k178_s1,0.44834252108833467,404
1,tweet89,kmeans_k178_s2,0.45182094434738795,404
1,tweet89,kmeans_k356_s0,0.3528413252919637,404
1,tweet89,kmeans_k356_s1,0.3510277842505654,404
1,tweet89,kmeans_k356_s2,0.3537073789934829,404
1,tweet89,gmm_k22_s0,0.612657992449874,404
1,tweet89,gmm_k22_s1,0.6120096446207133,404
1,tweet89,gmm_k22_s2,0.6322394470248397,404
1,tweet89,gmm_k44_s0,0.6332309865393319,404
1,tweet89,gmm_k44_s1,0.6249491684876476,404
1,tweet89,gmm_k44_s2,0.6298903338205011,404
1,tweet89,gmm_k89_s0,0.544195225531265,404
1,tweet89,gmm_k89_s1,0.5476693445108941,404
1,tweet89,gmm_k89_s2,0.5405041645428633,404
1,tweet89,gmm_k178_s0,0.4514154434105744,404
1,tweet89,gmm_k178_s1,0.4548187477187779,404
1,tweet89,gmm_k178_s2,0.43838344471506635,404
1,tweet89,gmm_k356_s0,0.36481540010541363,404
1,tweet89,gmm_k356_s1,0.3481186611281502,404
1,tweet89,gmm_k356_s2,0.3533372145849025,404
1,tweet89,spectral_k22_s0,0.6074688097011703,404
1,tweet89,spectral_k22_s1,0.6075365932965573,404
1,tweet89,spectral_k22_s2,0.6075365932965574,404
1,tweet89,spectral_k44_s0,0.6126507607886829,404
1,tweet89,spectral_k44_s1,0.6145919274513532,404
1,tweet89,spectral_k44_s2,0.6141149020415043,404
1,tweet89,spectral_k89_s0,0.5351857310795675,404
1,tweet89,spectral_k89_s1,0.5361928079428432,404
1,tweet89,spectral_k89_s2,0.535173420977431,404
1,tweet89,spectral_k178_s0,0.4067788213745624,404
1,tweet89,spectral_k178_s1,0.39942919428471835,404
1,tweet89,spectral_k178_s2,0.41381618215278804,404
1,tweet89,spectral_k356_s0,0.31366274332405325,404
1,tweet89,spectral_k356_s1,0.2921915581539489,404
1,tweet89,spectral_k356_s2,0.2981876407020486,404
1,tweet89,ward_k22,0.6228259812350543,404
1,tweet89,ward_k44,0.6203535693978652,404
1,tweet89,ward_k89,0.5576969827548135,404
1,tweet89,ward_k178,0.44475042138115656,404
1,tweet89,ward_k356,0.3487791745680399,404
1,tweet89,leiden_k22_s0,0.6204840102897466,404
1,tweet89,leiden_k22_s1,0.6287030717852374,404
1,tweet89,leiden_k22_s2,0.6261911249610036,404
1,tweet89,leiden_k44_s0,0.6316878392361903,404
1,tweet89,leiden_k44_s1,0.6286753286156569,404
1,tweet89,leiden_k44_s2,0.6312071252221747,404
1,tweet89,leiden_k89_s0,0.5494678031763528,404
1,tweet89,leiden_k89_s1,0.5453283821505289,404
1,tweet89,leiden_k89_s2,0.5476265192010314,404
1,tweet89,leiden_k178_s0,0.4462250964939239,404
1,tweet89,leiden_k178_s1,0.45137674715366577,404
1,tweet89,leiden_k178_s2,0.4521340833034615,404
1,tweet89,leiden_k356_s0,0.3565649295878663,404
1,tweet89,leiden_k356_s1,0.3516205067514351,404
1,tweet89,leiden_k356_s2,0.3542231177725087,404
2,arxiv_fine,kmeans_k23_s0,0.29446099440095114,139
2,arxiv_fine,kmeans_k23_s1,0.2798559295969906,139
2,arxiv_fine,kmeans_k23_s2,0.2820230914834036,139
2,arxiv_fine,kmeans_k46_s0,0.2603172993011216,139
2,arxiv_fine,kmeans_k46_s1,0.2435597248736787,139
2,arxiv_fine,kmeans_k46_s2,0.23257479891854013,139
2,arxiv_fine,kmeans_k93_s0,0.22352896154627075,139
2,arxiv_fine,kmeans_k93_s1,0.15797087964339113,139
2,arxiv_fine,kmeans_k93_s2,0.1557617190429519,139
2,arxiv_fine,kmeans_k186_s0,0.08909361847472702,139
2,arxiv_fine,kmeans_k186_s1,0.07298388576624489,139
2,arxiv_fine,kmeans_k186_s2,0.08294384009499314,139
2,arxiv_fine,kmeans_k372_s0,0.05924133525744422,139
2,arxiv_fine,kmeans_k372_s1,0.05338834827950436,139
2,arxiv_fine,kmeans_k372_s2,0.059704120593035835,139
2,arxiv_fine,gmm_k23_s0,0.25749332942336,139
2,arxiv_fine,gmm_k23_s1,0.2685485457019649,139
2,arxiv_fine,gmm_k23_s2,0.2483006517260284,139
2,arxiv_fine,gmm_k46_s0,0.2058569166654239,139
2,arxiv_fine,gmm_k46_s1,0.1972212311791233,139
2,arxiv_fine,gmm_k46_s2,0.21293294454788297,139
2,arxiv_fine,gmm_k93_s0,0.1359768914216349,139
2,arxiv_fine,gmm_k93_s1,0.18717425617025368,139
2,arxiv_fine,gmm_k93_s2,0.1789170324906266,139
2,arxiv_fine,gmm_k186_s0,0.11655034084054,139
2,arxiv_fine,gmm_k186_s1,0.11081458669815787,139
2,arxiv_fine,gmm_k186_s2,0.09822965477131784,139
2,arxiv_fine,gmm_k372_s0,0.07016259056412481,139
2,arxiv_fine,gmm_k372_s1,0.06346677523956523,139
2,arxiv_fine,gmm_k372_s2,0.06531234149631014,139
2,arxiv_fine,spectral_k23_s0,0.2316321587951527,139
2,arxiv_fine,spectral_k23_s1,0.24637577490769808,139
2,arxiv_fine,spectral_k23_s2,0.24637577490769802,139
2,arxiv_fine,spectral_k46_s0,0.26054485513353953,139
2,arxiv_fine,spectral_k46_s1,0.25739203131761756,139
2,arxiv_fine,spectral_k46_s2,0.2129317699471194,139
2,arxiv_fine,spectral_k93_s0,0.12272692466074166,139
2,arxiv_fine,spectral_k93_s1,0.1409412807394973,139
2,arxiv_fine,spectral_k93_s2,0.12591853922953122,139
2,arxiv_fine,spectral_k186_s0,0.10308785984121581,139
2,arxiv_fine,spectral_k186_s1,0.0866535239018512,139
2,arxiv_fine,spectral_k186_s2,0.0727109967882965,139
2,arxiv_fine,spectral_k372_s0,-0.021270358141602403,139
2,arxiv_fine,spectral_k372_s1,0.05389893036272924,139
2,arxiv_fine,spectral_k372_s2,0.02144004274984245,139
2,arxiv_fine,ward_k23,0.2588723934979653,139
2,arxiv_fine,ward_k46,0.2363168838900997,139
2,arxiv_fine,ward_k93,0.16272515048715197,139
2,arxiv_fine,ward_k186,0.10341470766586967,139
2,arxiv_fine,ward_k372,0.0554370864989043,139
2,arxiv_fine,leiden_k23_s0,0.28841042832773744,139
2,arxiv_fine,leiden_k23_s1,0.29498977682511934,139
2,arxiv_fine,leiden_k23_s2,0.2711226309845767,139
2,arxiv_fine,leiden_k46_s0,0.24301339703066246,139
2,arxiv_fine,leiden_k46_s1,0.24332601745333912,139
2,arxiv_fine,leiden_k46_s2,0.23977638839296328,139
2,arxiv_fine,leiden_k93_s0,0.17116315666068646,139
2,arxiv_fine,leiden_k93_s1,0.13330664602202633,139
2,arxiv_fine,leiden_k93_s2,0.15736866015423276,139
2,arxiv_fine,leiden_k186_s0,0.0772456891837167,139
2,arxiv_fine,leiden_k186_s1,0.09348348371339876,139
2,arxiv_fine,leiden_k186_s2,0.08156502796729041,139
2,arxiv_fine,leiden_k372_s0,0.0772907695878214,139
2,arxiv_fine,leiden_k372_s1,0.04205782853182865,139
2,arxiv_fine,leiden_k372_s2,0.04722501682132599,139
2,banking77,kmeans_k19_s0,0.41903637162624874,904
2,banking77,kmeans_k19_s1,0.4035684534848705,904
2,banking77,kmeans_k19_s2,0.4284399516798447,904
2,banking77,kmeans_k38_s0,0.4290739007293938,904
2,banking77,kmeans_k38_s1,0.4551542449220436,904
2,banking77,kmeans_k38_s2,0.46728253184438273,904
2,banking77,kmeans_k77_s0,0.4358688426445371,904
2,banking77,kmeans_k77_s1,0.42459074481964276,904
2,banking77,kmeans_k77_s2,0.42625524343900995,904
2,banking77,kmeans_k154_s0,0.3686343024747785,904
2,banking77,kmeans_k154_s1,0.3679373566184921,904
2,banking77,kmeans_k154_s2,0.3779140247391571,904
2,banking77,kmeans_k308_s0,0.2980664855116356,904
2,banking77,kmeans_k308_s1,0.2983597685785952,904
2,banking77,kmeans_k308_s2,0.30250596931633184,904
2,banking77,gmm_k19_s0,0.4352607878823255,904
2,banking77,gmm_k19_s1,0.43487292292090435,904
2,banking77,gmm_k19_s2,0.44285054483389924,904
2,banking77,gmm_k38_s0,0.4745924993420552,904
2,banking77,gmm_k38_s1,0.47429826676415704,904
2,banking77,gmm_k38_s2,0.4691862852424492,904
2,banking77,gmm_k77_s0,0.4526635697309388,904
2,banking77,gmm_k77_s1,0.45074247585919663,904
2,banking77,gmm_k77_s2,0.4526330020213372,904
2,banking77,gmm_k154_s0,0.39691484343141825,904
2,banking77,gmm_k154_s1,0.3938795652688043,904
2,banking77,gmm_k154_s2,0.40656101598677835,904
2,banking77,gmm_k308_s0,0.3246842681416142,904
2,banking77,gmm_k308_s1,0.3205838221174845,904
2,banking77,gmm_k308_s2,0.32158016073495715,904
2,banking77,spectral_k19_s0,0.4262465451131551,904
2,banking77,spectral_k19_s1,0.424719573384612,904
2,banking77,spectral_k19_s2,0.4263621722995534,904
2,banking77,spectral_k38_s0,0.45299777273403197,904
2,banking77,spectral_k38_s1,0.4504611019198493,904
2,banking77,spectral_k38_s2,0.4494507248093599,904
2,banking77,spectral_k77_s0,0.4243760208796716,904
2,banking77,spectral_k77_s1,0.431731510717151,904
2,banking77,spectral_k77_s2,0.4285502774686863,904
2,banking77,spectral_k154_s0,0.36308398225365285,904
2,banking77,spectral_k154_s1,0.3567882480418484,904
2,banking77,spectral_k154_s2,0.35584489273441383,904
2,banking77,spectral_k308_s0,0.2847612318663372,904
2,banking77,spectral_k308_s1,0.2819787246719255,904
2,banking77,spectral_k308_s2,0.2820181111294493,904
2,banking77,ward_k19,0.43720670002521006,904
2,banking77,ward_k38,0.45548564207765974,904
2,banking77,ward_k77,0.432022706482218,904
2,banking77,ward_k154,0.3776981991282993,904
2,banking77,ward_k308,0.2967002288589274,904
2,banking77,leiden_k19_s0,0.4239820102053004,904
2,banking77,leiden_k19_s1,0.4189322362573191,904
2,banking77,leiden_k19_s2,0.42060855156827176,904
2,banking77,leiden_k38_s0,0.4676007308897517,904
2,banking77,leiden_k38_s1,0.4788571889126227,904
2,banking77,leiden_k38_s2,0.47842175307121887,904
2,banking77,leiden_k77_s0,0.4475876231977347,904
2,banking77,leiden_k77_s1,0.4384689333151395,904
2,banking77,leiden_k77_s2,0.4435427373844298,904
2,banking77,leiden_k154_s0,0.4044300583643036,904
2,banking77,leiden_k154_s1,0.3999711343343375,904
2,banking77,leiden_k154_s2,0.4002744754703713,904
2,banking77,leiden_k308_s0,0.32975640514273014,904
2,banking77,leiden_k308_s1,0.33151241876858256,904
2,banking77,leiden_k308_s2,0.32092755123714595,904
2,bbcnews,kmeans_k2_s0,0.2554123360817022,866
2,bbcnews,kmeans_k2_s1,0.3967141843711469,866
2,bbcnews,kmeans_k2_s2,0.3972184905530435,866
2,bbcnews,kmeans_k5_s0,0.6874081575643358,866
2,bbcnews,kmeans_k5_s1,0.6874081575643358,866
2,bbcnews,kmeans_k5_s2,0.6901108199681188,866
2,bbcnews,kmeans_k10_s0,0.601297429087747,866
2,bbcnews,kmeans_k10_s1,0.6074643806842536,866
2,bbcnews,kmeans_k10_s2,0.605663028259335,866
2,bbcnews,kmeans_k20_s0,0.529924560505735,866
2,bbcnews,kmeans_k20_s1,0.5543237265468687,866
2,bbcnews,kmeans_k20_s2,0.5383490258089353,866
2,bbcnews,gmm_k2_s0,0.3649814142735766,866
2,bbcnews,gmm_k2_s1,0.3649814142735766,866
2,bbcnews,gmm_k2_s2,0.3649814142735766,866
2,bbcnews,gmm_k5_s0,0.5917189975794146,866
2,bbcnews,gmm_k5_s1,0.6127373110773998,866
2,bbcnews,gmm_k5_s2,0.5917189975794146,866
2,bbcnews,gmm_k10_s0,0.6015001729055148,866
2,bbcnews,gmm_k10_s1,0.6023032418836608,866
2,bbcnews,gmm_k10_s2,0.6017471326831898,866
2,bbcnews,gmm_k20_s0,0.5483771209265023,866
2,bbcnews,gmm_k20_s1,0.5434631098320057,866
2,bbcnews,gmm_k20_s2,0.5402792144004888,866
2,bbcnews,spectral_k2_s0,0.364013876224231,866
2,bbcnews,spectral_k2_s1,0.364013876224231,866
2,bbcnews,spectral_k2_s2,0.364013876224231,866
2,bbcnews,spectral_k5_s0,0.5126233350041721,866
2,bbcnews,spectral_k5_s1,0.5126233350041721,866
2,bbcnews,spectral_k5_s2,0.5126233350041721,866
2,bbcnews,spectral_k10_s0,0.6144669611788889,866
2,bbcnews,spectral_k10_s1,0.6144669611788889,866
2,bbcnews,spectral_k10_s2,0.6144669611788889,866
2,bbcnews,spectral_k20_s0,0.5510488119450007,866
2,bbcnews,spectral_k20_s1,0.5495002999496792,866
2,bbcnews,spectral_k20_s2,0.550783131099223,866
2,bbcnews,ward_k2,0.40464893072873714,866
2,bbcnews,ward_k5,0.6604754516364268,866
2,bbcnews,ward_k10,0.5774064076594189,866
2,bbcnews,ward_k20,0.5368184363739968,866
2,bbcnews,leiden_k2_s0,0.364013876224231,866
2,bbcnews,leiden_k2_s1,0.364013876224231,866
2,bbcnews,leiden_k2_s2,0.364013876224231,866
2,bbcnews,leiden_k5_s0,0.5785978190327586,866
2,bbcnews,leiden_k5_s1,0.599307555565507,866
2,bbcnews,leiden_k5_s2,0.599307555565507,866
2,bbcnews,leiden_k10_s0,0.5785888843795088,866
2,bbcnews,leiden_k10_s1,0.5785131102998285,866
2,bbcnews,leiden_k10_s2,0.5856398619288169,866
2,bbcnews,leiden_k20_s0,0.5527922272169165,866
2,bbcnews,leiden_k20_s1,0.5418809607276363,866
2,bbcnews,leiden_k20_s2,0.5375472784725797,866
2,clinc150,kmeans_k38_s0,0.4530621499464688,604
2,clinc150,kmeans_k38_s1,0.4590869022005668,604
2,clinc150,kmeans_k38_s2,0.4565140301634368,604
2,clinc150,kmeans_k76_s0,0.4271026301707948,604
2,clinc150,kmeans_k76_s1,0.4356326582078232,604
2,clinc150,kmeans_k76_s2,0.43166323554158076,604
2,clinc150,kmeans_k151_s0,0.3711072639768115,604
2,clinc150,kmeans_k151_s1,0.4027396932418773,604
2,clinc150,kmeans_k151_s2,0.3768496362534997,604
2,clinc150,kmeans_k302_s0,0.30582050061960964,604
2,clinc150,kmeans_k302_s1,0.2994245764413438,604
2,clinc150,kmeans_k302_s2,0.3083634711705356,604
2,clinc150,kmeans_k604_s0,0.23089309477571138,604
2,clinc150,kmeans_k604_s1,0.23200854948780208,604
2,clinc150,kmeans_k604_s2,0.2285781498661026,604
2,clinc150,gmm_k38_s0,0.4719878782600143,604
2,clinc150,gmm_k38_s1,0.48790983129202253,604
2,clinc150,gmm_k38_s2,0.4676339845991414,604
2,clinc150,gmm_k76_s0,0.43749151512003903,604
2,clinc150,gmm_k76_s1,0.4398378061770544,604
2,clinc150,gmm_k76_s2,0.43946628486920947,604
2,clinc150,gmm_k151_s0,0.38172899743445643,604
2,clinc150,gmm_k151_s1,0.3850829173450383,604
2,clinc150,gmm_k151_s2,0.3769529332950361,604
2,clinc150,gmm_k302_s0,0.3367838630926699,604
2,clinc150,gmm_k302_s1,0.33345505148005583,604
2,clinc150,gmm_k302_s2,0.3400663155639761,604
2,clinc150,gmm_k604_s0,0.27705875995894,604
2,clinc150,gmm_k604_s1,0.27601038278439904,604
2,clinc150,gmm_k604_s2,0.27044332171499524,604
2,clinc150,spectral_k38_s0,0.4245606794511791,604
2,clinc150,spectral_k38_s1,0.39790535280392875,604
2,clinc150,spectral_k38_s2,0.34538534398395326,604
2,clinc150,spectral_k76_s0,0.3520023871041145,604
2,clinc150,spectral_k76_s1,0.3500028519577856,604
2,clinc150,spectral_k76_s2,0.3518255764745271,604
2,clinc150,spectral_k151_s0,0.35532868328348827,604
2,clinc150,spectral_k151_s1,0.35408370321329236,604
2,clinc150,spectral_k151_s2,0.3563106732850741,604
2,clinc150,spectral_k302_s0,0.27545610781719293,604
2,clinc150,spectral_k302_s1,0.2782431277863037,604
2,clinc150,spectral_k302_s2,0.28424512049244843,604
2,clinc150,spectral_k604_s0,0.20231173422769913,604
2,clinc150,spectral_k604_s1,0.208133199010709,604
2,clinc150,spectral_k604_s2,0.20017838386657358,604
2,clinc150,ward_k38,0.4789221614236002,604
2,clinc150,ward_k76,0.45787684600134215,604
2,clinc150,ward_k151,0.3833643918179186,604
2,clinc150,ward_k302,0.3156548890552582,604
2,clinc150,ward_k604,0.24361393676364893,604
2,clinc150,leiden_k38_s0,0.4516226471569388,604
2,clinc150,leiden_k38_s1,0.45406883528316133,604
2,clinc150,leiden_k38_s2,0.45333952657033383,604
2,clinc150,leiden_k76_s0,0.4413001978054216,604
2,clinc150,leiden_k76_s1,0.4380092551163039,604
2,clinc150,leiden_k76_s2,0.4351449588248229,604
2,clinc150,leiden_k151_s0,0.3849668115614957,604
2,clinc150,leiden_k151_s1,0.3856300575335327,604
2,clinc150,leiden_k151_s2,0.37968026699387797,604
2,clinc150,leiden_k302_s0,0.3313562248017312,604
2,clinc150,leiden_k302_s1,0.3332850366033125,604
2,clinc150,leiden_k302_s2,0.3334905998574953,604
2,clinc150,leiden_k604_s0,0.24738539665615827,604
2,clinc150,leiden_k604_s1,0.24890052235295596,604
2,clinc150,leiden_k604_s2,0.24434818424974733,604
2,clinc150_domain,kmeans_k2_s0,0.23600033287915373,676
2,clinc150_domain,kmeans_k2_s1,0.3330360494890927,676
2,clinc150_domain,kmeans_k2_s2,0.3330360494890927,676
2,clinc150_domain,kmeans_k5_s0,0.4635340784281803,676
2,clinc150_domain,kmeans_k5_s1,0.46020908069648686,676
2,clinc150_domain,kmeans_k5_s2,0.46817800769608303,676
2,clinc150_domain,kmeans_k10_s0,0.5047820840066523,676
2,clinc150_domain,kmeans_k10_s1,0.4572056662921778,676
2,clinc150_domain,kmeans_k10_s2,0.4727138584542839,676
2,clinc150_domain,kmeans_k20_s0,0.5107766671989775,676
2,clinc150_domain,kmeans_k20_s1,0.5036447366167313,676
2,clinc150_domain,kmeans_k20_s2,0.49914584237696014,676
2,clinc150_domain,kmeans_k40_s0,0.5212759670439829,676
2,clinc150_domain,kmeans_k40_s1,0.4934038584408083,676
2,clinc150_domain,kmeans_k40_s2,0.47467178975669044,676
2,clinc150_domain,gmm_k2_s0,0.3378553910792344,676
2,clinc150_domain,gmm_k2_s1,0.230854572942844,676
2,clinc150_domain,gmm_k2_s2,0.2213959367586877,676
2,clinc150_domain,gmm_k5_s0,0.4578085631706562,676
2,clinc150_domain,gmm_k5_s1,0.4029512479843579,676
2,clinc150_domain,gmm_k5_s2,0.36941199966884114,676
2,clinc150_domain,gmm_k10_s0,0.49585769898398097,676
2,clinc150_domain,gmm_k10_s1,0.4873911128052286,676
2,clinc150_domain,gmm_k10_s2,0.4688594530053493,676
2,clinc150_domain,gmm_k20_s0,0.5107707474744825,676
2,clinc150_domain,gmm_k20_s1,0.47080631015093327,676
2,clinc150_domain,gmm_k20_s2,0.5051940386042437,676
2,clinc150_domain,gmm_k40_s0,0.5032205659026067,676
2,clinc150_domain,gmm_k40_s1,0.47669296873085687,676
2,clinc150_domain,gmm_k40_s2,0.5083296422152492,676
2,clinc150_domain,spectral_k2_s0,0.002600159516501962,676
2,clinc150_domain,spectral_k2_s1,0.002600159516501962,676
2,clinc150_domain,spectral_k2_s2,0.002600159516501962,676
2,clinc150_domain,spectral_k5_s0,0.02769450388732827,676
2,clinc150_domain,spectral_k5_s1,0.027694503887328262,676
2,clinc150_domain,spectral_k5_s2,0.027694503887328286,676
2,clinc150_domain,spectral_k10_s0,0.37885975810264894,676
2,clinc150_domain,spectral_k10_s1,0.37885975810264894,676
2,clinc150_domain,spectral_k10_s2,0.3788597581026489,676
2,clinc150_domain,spectral_k20_s0,0.4788298987102184,676
2,clinc150_domain,spectral_k20_s1,0.4788298987102184,676
2,clinc150_domain,spectral_k20_s2,0.4788298987102184,676
2,clinc150_domain,spectral_k40_s0,0.5036584320402426,676
2,clinc150_domain,spectral_k40_s1,0.5113706434764584,676
2,clinc150_domain,spectral_k40_s2,0.469126175868662,676
2,clinc150_domain,ward_k2,0.3406366690197672,676
2,clinc150_domain,ward_k5,0.4750992198754238,676
2,clinc150_domain,ward_k10,0.5514639502742923,676
2,clinc150_domain,ward_k20,0.5173054005663473,676
2,clinc150_domain,ward_k40,0.5274670450411889,676
2,clinc150_domain,leiden_k2_s0,0.002600159516501962,676
2,clinc150_domain,leiden_k2_s1,0.002600159516501962,676
2,clinc150_domain,leiden_k2_s2,0.028234728008909263,676
2,clinc150_domain,leiden_k5_s0,0.3402998113241177,676
2,clinc150_domain,leiden_k5_s1,0.3184804092071022,676
2,clinc150_domain,leiden_k5_s2,0.3248430250854671,676
2,clinc150_domain,leiden_k10_s0,0.4627925064699792,676
2,clinc150_domain,leiden_k10_s1,0.47308195570213857,676
2,clinc150_domain,leiden_k10_s2,0.4525515755751901,676
2,clinc150_domain,leiden_k20_s0,0.49437845614434894,676
2,clinc150_domain,leiden_k20_s1,0.4796403626543504,676
2,clinc150_domain,leiden_k20_s2,0.49624859601769794,676
2,clinc150_domain,leiden_k40_s0,0.5074481082984159,676
2,clinc150_domain,leiden_k40_s1,0.5038459221583562,676
2,clinc150_domain,leiden_k40_s2,0.5158965182770928,676
2,dbpedia,kmeans_k4_s0,0.6631820388379085,888
2,dbpedia,kmeans_k4_s1,0.5947176118032714,888
2,dbpedia,kmeans_k4_s2,0.6326253954591101,888
2,dbpedia,kmeans_k7_s0,0.7298278228808163,888
2,dbpedia,kmeans_k7_s1,0.7215723792564982,888
2,dbpedia,kmeans_k7_s2,0.7335164706668491,888
2,dbpedia,kmeans_k14_s0,0.6769867521214935,888
2,dbpedia,kmeans_k14_s1,0.7074987403319615,888
2,dbpedia,kmeans_k14_s2,0.7298465565634444,888
2,dbpedia,kmeans_k28_s0,0.6620121586367798,888
2,dbpedia,kmeans_k28_s1,0.6833065667492975,888
2,dbpedia,kmeans_k28_s2,0.6314248116092325,888
2,dbpedia,kmeans_k56_s0,0.5829754972571616,888
2,dbpedia,kmeans_k56_s1,0.5837320812885824,888
2,dbpedia,kmeans_k56_s2,0.5891349730923651,888
2,dbpedia,gmm_k4_s0,0.593132547693347,888
2,dbpedia,gmm_k4_s1,0.6958208419927244,888
2,dbpedia,gmm_k4_s2,0.593132547693347,888
2,dbpedia,gmm_k7_s0,0.6918212924581328,888
2,dbpedia,gmm_k7_s1,0.7281709193639005,888
2,dbpedia,gmm_k7_s2,0.7334041970589533,888
2,dbpedia,gmm_k14_s0,0.7335589415286233,888
2,dbpedia,gmm_k14_s1,0.7419517426199107,888
2,dbpedia,gmm_k14_s2,0.7234040534508099,888
2,dbpedia,gmm_k28_s0,0.6493224482877651,888
2,dbpedia,gmm_k28_s1,0.6556664807548636,888
2,dbpedia,gmm_k28_s2,0.6557117300534084,888
2,dbpedia,gmm_k56_s0,0.5906654594163694,888
2,dbpedia,gmm_k56_s1,0.5879300126587902,888
2,dbpedia,gmm_k56_s2,0.5841605940936491,888
2,dbpedia,spectral_k4_s0,0.5799532929678229,888
2,dbpedia,spectral_k4_s1,0.5799532929678229,888
2,dbpedia,spectral_k4_s2,0.5799532929678229,888
2,dbpedia,spectral_k7_s0,0.6799819821442983,888
2,dbpedia,spectral_k7_s1,0.6799819821442983,888
2,dbpedia,spectral_k7_s2,0.6799819821442983,888
2,dbpedia,spectral_k14_s0,0.5941426447385547,888
2,dbpedia,spectral_k14_s1,0.6775627672467333,888
2,dbpedia,spectral_k14_s2,0.6071665863645994,888
2,dbpedia,spectral_k28_s0,0.6528002578298309,888
2,dbpedia,spectral_k28_s1,0.654045219584981,888
2,dbpedia,spectral_k28_s2,0.6543435897174473,888
2,dbpedia,spectral_k56_s0,0.5744147924300261,888
2,dbpedia,spectral_k56_s1,0.576165142327922,888
2,dbpedia,spectral_k56_s2,0.5945012187209111,888
2,dbpedia,ward_k4,0.6176911085695586,888
2,dbpedia,ward_k7,0.6779700285249204,888
2,dbpedia,ward_k14,0.6939307701962684,888
2,dbpedia,ward_k28,0.6412325278222282,888
2,dbpedia,ward_k56,0.5694592815696562,888
2,dbpedia,leiden_k4_s0,0.5947209287920473,888
2,dbpedia,leiden_k4_s1,0.5947209287920473,888
2,dbpedia,leiden_k4_s2,0.5947209287920473,888
2,dbpedia,leiden_k7_s0,0.7339297588549727,888
2,dbpedia,leiden_k7_s1,0.735548025672191,888
2,dbpedia,leiden_k7_s2,0.7806963846391828,888
2,dbpedia,leiden_k14_s0,0.7609470930051209,888
2,dbpedia,leiden_k14_s1,0.7549666611909744,888
2,dbpedia,leiden_k14_s2,0.7607948160459662,888
2,dbpedia,leiden_k28_s0,0.6698405893822349,888
2,dbpedia,leiden_k28_s1,0.6661844475065059,888
2,dbpedia,leiden_k28_s2,0.6736173014058179,888
2,dbpedia,leiden_k56_s0,0.5874863841205428,888
2,dbpedia,leiden_k56_s1,0.5897594192915495,888
2,dbpedia,leiden_k56_s2,0.5867867720045454,888
2,fewevent,kmeans_k8_s0,0.5751518711926921,566
2,fewevent,kmeans_k8_s1,0.5784152051768858,566
2,fewevent,kmeans_k8_s2,0.5809196183898074,566
2,fewevent,kmeans_k17_s0,0.6211009903102213,566
2,fewevent,kmeans_k17_s1,0.6120421079084936,566
2,fewevent,kmeans_k17_s2,0.5758150459637322,566
2,fewevent,kmeans_k34_s0,0.5974034909621514,566
2,fewevent,kmeans_k34_s1,0.5816355410413435,566
2,fewevent,kmeans_k34_s2,0.58859971673885,566
2,fewevent,kmeans_k68_s0,0.540574147581833,566
2,fewevent,kmeans_k68_s1,0.5275550784573169,566
2,fewevent,kmeans_k68_s2,0.5590778055385276,566
2,fewevent,kmeans_k136_s0,0.5054352941804365,566
2,fewevent,kmeans_k136_s1,0.46012843567844236,566
2,fewevent,kmeans_k136_s2,0.4878687391715632,566
2,fewevent,gmm_k8_s0,0.5955976773202766,566
2,fewevent,gmm_k8_s1,0.5999721496335286,566
2,fewevent,gmm_k8_s2,0.5955976773202765,566
2,fewevent,gmm_k17_s0,0.6325749280444709,566
2,fewevent,gmm_k17_s1,0.6441791389857153,566
2,fewevent,gmm_k17_s2,0.6312944202582538,566
2,fewevent,gmm_k34_s0,0.5987523768698735,566
2,fewevent,gmm_k34_s1,0.5930487254126172,566
2,fewevent,gmm_k34_s2,0.6123165390949575,566
2,fewevent,gmm_k68_s0,0.5537771736959683,566
2,fewevent,gmm_k68_s1,0.5569267817099792,566
2,fewevent,gmm_k68_s2,0.5441842415077025,566
2,fewevent,gmm_k136_s0,0.47950337145715133,566
2,fewevent,gmm_k136_s1,0.47125344248049655,566
2,fewevent,gmm_k136_s2,0.47190783860591734,566
2,fewevent,spectral_k8_s0,0.5486081483810554,566
2,fewevent,spectral_k8_s1,0.5486081483810555,566
2,fewevent,spectral_k8_s2,0.5486081483810555,566
2,fewevent,spectral_k17_s0,0.6292210194409232,566
2,fewevent,spectral_k17_s1,0.6280009249210357,566
2,fewevent,spectral_k17_s2,0.6283559658071193,566
2,fewevent,spectral_k34_s0,0.5975016213120111,566
2,fewevent,spectral_k34_s1,0.5991274953166986,566
2,fewevent,spectral_k34_s2,0.5991274953166987,566
2,fewevent,spectral_k68_s0,0.542432130216684,566
2,fewevent,spectral_k68_s1,0.5545491496935195,566
2,fewevent,spectral_k68_s2,0.5543372307988828,566
2,fewevent,spectral_k136_s0,0.4640014412566168,566
2,fewevent,spectral_k136_s1,0.4506807051079585,566
2,fewevent,spectral_k136_s2,0.4716514185228845,566
2,fewevent,ward_k8,0.5483877090629553,566
2,fewevent,ward_k17,0.6030786356340595,566
2,fewevent,ward_k34,0.5759466089824772,566
2,fewevent,ward_k68,0.5554818906911558,566
2,fewevent,ward_k136,0.495502924619269,566
2,fewevent,leiden_k8_s0,0.5856657411385763,566
2,fewevent,leiden_k8_s1,0.5850606578845983,566
2,fewevent,leiden_k8_s2,0.58336884828678,566
2,fewevent,leiden_k17_s0,0.6525346075959365,566
2,fewevent,leiden_k17_s1,0.6563823946838802,566
2,fewevent,leiden_k17_s2,0.622358212018179,566
2,fewevent,leiden_k34_s0,0.6317280870460108,566
2,fewevent,leiden_k34_s1,0.6277332920909985,566
2,fewevent,leiden_k34_s2,0.6302330103538174,566
2,fewevent,leiden_k68_s0,0.5675744291937667,566
2,fewevent,leiden_k68_s1,0.5695633279353589,566
2,fewevent,leiden_k68_s2,0.560320698209385,566
2,fewevent,leiden_k136_s0,0.47825946822644844,566
2,fewevent,leiden_k136_s1,0.484511763291042,566
2,fewevent,leiden_k136_s2,0.4851760090484376,566
2,fewnerd,kmeans_k14_s0,0.220129519840061,348
2,fewnerd,kmeans_k14_s1,0.21146418467123748,348
2,fewnerd,kmeans_k14_s2,0.227421550363441,348
2,fewnerd,kmeans_k29_s0,0.2535895529088405,348
2,fewnerd,kmeans_k29_s1,0.22484314492223748,348
2,fewnerd,kmeans_k29_s2,0.2652279062119803,348
2,fewnerd,kmeans_k58_s0,0.22230919421261494,348
2,fewnerd,kmeans_k58_s1,0.2359722058827694,348
2,fewnerd,kmeans_k58_s2,0.25845660429513245,348
2,fewnerd,kmeans_k116_s0,0.19763443157558608,348
2,fewnerd,kmeans_k116_s1,0.21473743207712262,348
2,fewnerd,kmeans_k116_s2,0.18349988387844673,348
2,fewnerd,kmeans_k232_s0,0.16474916946300378,348
2,fewnerd,kmeans_k232_s1,0.13621137751238038,348
2,fewnerd,kmeans_k232_s2,0.13744250728212726,348
2,fewnerd,gmm_k14_s0,0.23282501730462488,348
2,fewnerd,gmm_k14_s1,0.23016304585156488,348
2,fewnerd,gmm_k14_s2,0.22129186439381976,348
2,fewnerd,gmm_k29_s0,0.22770993436495887,348
2,fewnerd,gmm_k29_s1,0.22685521791947139,348
2,fewnerd,gmm_k29_s2,0.23825005235893595,348
2,fewnerd,gmm_k58_s0,0.22208463786633428,348
2,fewnerd,gmm_k58_s1,0.2131723881775557,348
2,fewnerd,gmm_k58_s2,0.22573459286153988,348
2,fewnerd,gmm_k116_s0,0.19651414762230424,348
2,fewnerd,gmm_k116_s1,0.20649579935733556,348
2,fewnerd,gmm_k116_s2,0.20722318880892188,348
2,fewnerd,gmm_k232_s0,0.17790756552727152,348
2,fewnerd,gmm_k232_s1,0.19462984703742117,348
2,fewnerd,gmm_k232_s2,0.17864256617559762,348
2,fewnerd,spectral_k14_s0,0.2095627930541299,348
2,fewnerd,spectral_k14_s1,0.1813931304556957,348
2,fewnerd,spectral_k14_s2,0.18139313045569566,348
2,fewnerd,spectral_k29_s0,0.24319571917204613,348
2,fewnerd,spectral_k29_s1,0.23069305814542568,348
2,fewnerd,spectral_k29_s2,0.23356466687787664,348
2,fewnerd,spectral_k58_s0,0.215277405104732,348
2,fewnerd,spectral_k58_s1,0.21062131234049586,348
2,fewnerd,spectral_k58_s2,0.2241147214760571,348
2,fewnerd,spectral_k116_s0,0.19840669061745184,348
2,fewnerd,spectral_k116_s1,0.18752714656930206,348
2,fewnerd,spectral_k116_s2,0.19455761372129302,348
2,fewnerd,spectral_k232_s0,0.1375254679104693,348
2,fewnerd,spectral_k232_s1,0.12818090905432697,348
2,fewnerd,spectral_k232_s2,0.12736121425268235,348
2,fewnerd,ward_k14,0.17372168812748742,348
2,fewnerd,ward_k29,0.21889220678081853,348
2,fewnerd,ward_k58,0.19220763243361672,348
2,fewnerd,ward_k116,0.17867669493722071,348
2,fewnerd,ward_k232,0.1476072554372505,348
2,fewnerd,leiden_k14_s0,0.2659390339020836,348
2,fewnerd,leiden_k14_s1,0.24401321091388228,348
2,fewnerd,leiden_k14_s2,0.24725866863872417,348
2,fewnerd,leiden_k29_s0,0.2783478377587629,348
2,fewnerd,leiden_k29_s1,0.2642294862241643,348
2,fewnerd,leiden_k29_s2,0.2646113567279133,348
2,fewnerd,leiden_k58_s0,0.26350476303610476,348
2,fewnerd,leiden_k58_s1,0.25192632446967367,348
2,fewnerd,leiden_k58_s2,0.2584884433357157,348
2,fewnerd,leiden_k116_s0,0.24864254140421438,348
2,fewnerd,leiden_k116_s1,0.22330926780672058,348
2,fewnerd,leiden_k116_s2,0.22713209736756754,348
2,fewnerd,leiden_k232_s0,0.20112892876078314,348
2,fewnerd,leiden_k232_s1,0.19362029798088878,348
2,fewnerd,leiden_k232_s2,0.18619359625039797,348
2,fewrel,kmeans_k16_s0,0.4287325605401838,753
2,fewrel,kmeans_k16_s1,0.43234821126502193,753
2,fewrel,kmeans_k16_s2,0.4352993680003671,753
2,fewrel,kmeans_k32_s0,0.4378509630580697,753
2,fewrel,kmeans_k32_s1,0.42015348294569416,753
2,fewrel,kmeans_k32_s2,0.4313443748759749,753
2,fewrel,kmeans_k64_s0,0.37980429888117995,753
2,fewrel,kmeans_k64_s1,0.3996664474282539,753
2,fewrel,kmeans_k64_s2,0.3920748096973122,753
2,fewrel,kmeans_k128_s0,0.32388978327737894,753
2,fewrel,kmeans_k128_s1,0.31805193195023485,753
2,fewrel,kmeans_k128_s2,0.30772723168360794,753
2,fewrel,kmeans_k256_s0,0.24602725814990586,753
2,fewrel,kmeans_k256_s1,0.2505147870521424,753
2,fewrel,kmeans_k256_s2,0.2676663871521333,753
2,fewrel,gmm_k16_s0,0.42701192024043083,753
2,fewrel,gmm_k16_s1,0.4304233284138184,753
2,fewrel,gmm_k16_s2,0.42166563857227046,753
2,fewrel,gmm_k32_s0,0.4206222638293672,753
2,fewrel,gmm_k32_s1,0.428079998749345,753
2,fewrel,gmm_k32_s2,0.41493882175295455,753
2,fewrel,gmm_k64_s0,0.3956861546681517,753
2,fewrel,gmm_k64_s1,0.3954794372258716,753
2,fewrel,gmm_k64_s2,0.3985301967344291,753
2,fewrel,gmm_k128_s0,0.354043087067665,753
2,fewrel,gmm_k128_s1,0.34449619147045535,753
2,fewrel,gmm_k128_s2,0.3432264385832739,753
2,fewrel,gmm_k256_s0,0.27432433435857617,753
2,fewrel,gmm_k256_s1,0.27137499542242255,753
2,fewrel,gmm_k256_s2,0.2732049496740588,753
2,fewrel,spectral_k16_s0,0.4004577610900111,753
2,fewrel,spectral_k16_s1,0.4033417517760853,753
2,fewrel,spectral_k16_s2,0.4002997051894714,753
2,fewrel,spectral_k32_s0,0.3990353043498594,753
2,fewrel,spectral_k32_s1,0.38872779642496275,753
2,fewrel,spectral_k32_s2,0.40327524498011635,753
2,fewrel,spectral_k64_s0,0.36169297707890213,753
2,fewrel,spectral_k64_s1,0.3526192151128624,753
2,fewrel,spectral_k64_s2,0.35628115615141537,753
2,fewrel,spectral_k128_s0,0.2927730921937713,753
2,fewrel,spectral_k128_s1,0.3029600251992906,753
2,fewrel,spectral_k128_s2,0.299231611287997,753
2,fewrel,spectral_k256_s0,0.2203526377234652,753
2,fewrel,spectral_k256_s1,0.21185945985740934,753
2,fewrel,spectral_k256_s2,0.22314916141813412,753
2,fewrel,ward_k16,0.3979938054107341,753
2,fewrel,ward_k32,0.385863530076457,753
2,fewrel,ward_k64,0.34888731782505533,753
2,fewrel,ward_k128,0.3063323617415109,753
2,fewrel,ward_k256,0.2588415933492429,753
2,fewrel,leiden_k16_s0,0.45124569424956346,753
2,fewrel,leiden_k16_s1,0.4146793521994486,753
2,fewrel,leiden_k16_s2,0.4435754646154359,753
2,fewrel,leiden_k32_s0,0.41687149798086537,753
2,fewrel,leiden_k32_s1,0.4213083267359833,753
2,fewrel,leiden_k32_s2,0.4141706263394069,753
2,fewrel,leiden_k64_s0,0.38126996414328657,753
2,fewrel,leiden_k64_s1,0.38307740655288797,753
2,fewrel,leiden_k64_s2,0.3863072506098989,753
2,fewrel,leiden_k128_s0,0.329961379481472,753
2,fewrel,leiden_k128_s1,0.33847516771588276,753
2,fewrel,leiden_k128_s2,0.33492825512598934,753
2,fewrel,leiden_k256_s0,0.255976615250596,753
2,fewrel,leiden_k256_s1,0.2554268623203781,753
2,fewrel,leiden_k256_s2,0.2672870529922661,753
2,massive_domain,kmeans_k4_s0,0.45420560906235236,761
2,massive_domain,kmeans_k4_s1,0.38279678935341416,761
2,massive_domain,kmeans_k4_s2,0.3852669452762811,761
2,massive_domain,kmeans_k9_s0,0.6233859795150519,761
2,massive_domain,kmeans_k9_s1,0.6101903214139659,761
2,massive_domain,kmeans_k9_s2,0.5784686628714993,761
2,massive_domain,kmeans_k18_s0,0.630364974030377,761
2,massive_domain,kmeans_k18_s1,0.6894969860236234,761
2,massive_domain,kmeans_k18_s2,0.6931597851438206,761
2,massive_domain,kmeans_k36_s0,0.6444559716936386,761
2,massive_domain,kmeans_k36_s1,0.6512263427364583,761
2,massive_domain,kmeans_k36_s2,0.6472044200392238,761
2,massive_domain,kmeans_k72_s0,0.6020300736392923,761
2,massive_domain,kmeans_k72_s1,0.5815009170143072,761
2,massive_domain,kmeans_k72_s2,0.5863655493150989,761
2,massive_domain,gmm_k4_s0,0.4070400715179725,761
2,massive_domain,gmm_k4_s1,0.45711841513601004,761
2,massive_domain,gmm_k4_s2,0.399977408166744,761
2,massive_domain,gmm_k9_s0,0.62534172765644,761
2,massive_domain,gmm_k9_s1,0.6438035610734615,761
2,massive_domain,gmm_k9_s2,0.6459191726386935,761
2,massive_domain,gmm_k18_s0,0.6970491998118007,761
2,massive_domain,gmm_k18_s1,0.6966939555601095,761
2,massive_domain,gmm_k18_s2,0.7168745156652546,761
2,massive_domain,gmm_k36_s0,0.689606026597811,761
2,massive_domain,gmm_k36_s1,0.6960872038236291,761
2,massive_domain,gmm_k36_s2,0.6683265087492489,761
2,massive_domain,gmm_k72_s0,0.6096462912139564,761
2,massive_domain,gmm_k72_s1,0.6183556401006647,761
2,massive_domain,gmm_k72_s2,0.6160910031797768,761
2,massive_domain,spectral_k4_s0,0.42682383545330477,761
2,massive_domain,spectral_k4_s1,0.42682383545330477,761
2,massive_domain,spectral_k4_s2,0.42682383545330477,761
2,massive_domain,spectral_k9_s0,0.5994889280881537,761
2,massive_domain,spectral_k9_s1,0.5994889280881537,761
2,massive_domain,spectral_k9_s2,0.5994889280881536,761
2,massive_domain,spectral_k18_s0,0.6316198561963989,761
2,massive_domain,spectral_k18_s1,0.6316198561963989,761
2,massive_domain,spectral_k18_s2,0.6316198561963992,761
2,massive_domain,spectral_k36_s0,0.6625010234774682,761
2,massive_domain,spectral_k36_s1,0.6617044506259409,761
2,massive_domain,spectral_k36_s2,0.6617044506259409,761
2,massive_domain,spectral_k72_s0,0.5675088718949342,761
2,massive_domain,spectral_k72_s1,0.5645020876254613,761
2,massive_domain,spectral_k72_s2,0.5662164002284089,761
2,massive_domain,ward_k4,0.4488438317568015,761
2,massive_domain,ward_k9,0.5622066781430556,761
2,massive_domain,ward_k18,0.6664704853805623,761
2,massive_domain,ward_k36,0.6529224407044454,761
2,massive_domain,ward_k72,0.58519924711572,761
2,massive_domain,leiden_k4_s0,0.46281406987434864,761
2,massive_domain,leiden_k4_s1,0.39133015827469747,761
2,massive_domain,leiden_k4_s2,0.3957214533206645,761
2,massive_domain,leiden_k9_s0,0.6553087319709922,761
2,massive_domain,leiden_k9_s1,0.6400374688123484,761
2,massive_domain,leiden_k9_s2,0.6125540583140203,761
2,massive_domain,leiden_k18_s0,0.7037620654289524,761
2,massive_domain,leiden_k18_s1,0.700338704353571,761
2,massive_domain,leiden_k18_s2,0.6983969580728495,761
2,massive_domain,leiden_k36_s0,0.6588825474707987,761
2,massive_domain,leiden_k36_s1,0.6590441666101097,761
2,massive_domain,leiden_k36_s2,0.6592678764192409,761
2,massive_domain,leiden_k72_s0,0.601495829534879,761
2,massive_domain,leiden_k72_s1,0.6135203998265444,761
2,massive_domain,leiden_k72_s2,0.6053456706453226,761
2,massive_intent,kmeans_k15_s0,0.6181930771678549,852
2,massive_intent,kmeans_k15_s1,0.6419676783289295,852
2,massive_intent,kmeans_k15_s2,0.6423933954134512,852
2,massive_intent,kmeans_k30_s0,0.6376044218966836,852
2,massive_intent,kmeans_k30_s1,0.6587461038876883,852
2,massive_intent,kmeans_k30_s2,0.6589919285119487,852
2,massive_intent,kmeans_k59_s0,0.6021863281230528,852
2,massive_intent,kmeans_k59_s1,0.593767330823122,852
2,massive_intent,kmeans_k59_s2,0.5982910257546519,852
2,massive_intent,kmeans_k118_s0,0.5392021484263457,852
2,massive_intent,kmeans_k118_s1,0.5213514770714038,852
2,massive_intent,kmeans_k118_s2,0.5278754795870821,852
2,massive_intent,kmeans_k236_s0,0.434778786736727,852
2,massive_intent,kmeans_k236_s1,0.4347834789439499,852
2,massive_intent,kmeans_k236_s2,0.43649681338769747,852
2,massive_intent,gmm_k15_s0,0.6745943343931926,852
2,massive_intent,gmm_k15_s1,0.6745943343931926,852
2,massive_intent,gmm_k15_s2,0.6738352900965422,852
2,massive_intent,gmm_k30_s0,0.6645937041448954,852
2,massive_intent,gmm_k30_s1,0.6717350580507907,852
2,massive_intent,gmm_k30_s2,0.6605642242808759,852
2,massive_intent,gmm_k59_s0,0.6063842018320293,852
2,massive_intent,gmm_k59_s1,0.6066809542069106,852
2,massive_intent,gmm_k59_s2,0.605541851553719,852
2,massive_intent,gmm_k118_s0,0.5418546394858141,852
2,massive_intent,gmm_k118_s1,0.5386838685169324,852
2,massive_intent,gmm_k118_s2,0.5388277838117739,852
2,massive_intent,gmm_k236_s0,0.45605376611918114,852
2,massive_intent,gmm_k236_s1,0.4513827372522151,852
2,massive_intent,gmm_k236_s2,0.4465020417884236,852
2,massive_intent,spectral_k15_s0,0.6150190300952264,852
2,massive_intent,spectral_k15_s1,0.6150190300952265,852
2,massive_intent,spectral_k15_s2,0.6150190300952263,852
2,massive_intent,spectral_k30_s0,0.6620869008934066,852
2,massive_intent,spectral_k30_s1,0.6588939463306579,852
2,massive_intent,spectral_k30_s2,0.6590941504286405,852
2,massive_intent,spectral_k59_s0,0.5746353490292524,852
2,massive_intent,spectral_k59_s1,0.5908874740188734,852
2,massive_intent,spectral_k59_s2,0.5795978408384597,852
2,massive_intent,spectral_k118_s0,0.48911291362682213,852
2,massive_intent,spectral_k118_s1,0.4938782411621678,852
2,massive_intent,spectral_k118_s2,0.496187708457607,852
2,massive_intent,spectral_k236_s0,0.3911008244142846,852
2,massive_intent,spectral_k236_s1,0.39727238610114557,852
2,massive_intent,spectral_k236_s2,0.3858451684177645,852
2,massive_intent,ward_k15,0.6293627293231548,852
2,massive_intent,ward_k30,0.637501573220973,852
2,massive_intent,ward_k59,0.5820684739952735,852
2,massive_intent,ward_k118,0.5092967028773938,852
2,massive_intent,ward_k236,0.4178641271514508,852
2,massive_intent,leiden_k15_s0,0.6597777737060169,852
2,massive_intent,leiden_k15_s1,0.6633166414747452,852
2,massive_intent,leiden_k15_s2,0.6579172131080024,852
2,massive_intent,leiden_k30_s0,0.6467918456151618,852
2,massive_intent,leiden_k30_s1,0.6465325525056853,852
2,massive_intent,leiden_k30_s2,0.6577002711818405,852
2,massive_intent,leiden_k59_s0,0.6048815049921549,852
2,massive_intent,leiden_k59_s1,0.6071273287240572,852
2,massive_intent,leiden_k59_s2,0.6090999526486043,852
2,massive_intent,leiden_k118_s0,0.5466905812214921,852
2,massive_intent,leiden_k118_s1,0.5351355092785528,852
2,massive_intent,leiden_k118_s2,0.543649514713796,852
2,massive_intent,leiden_k236_s0,0.4448197276388862,852
2,massive_intent,leiden_k236_s1,0.44102937359460503,852
2,massive_intent,leiden_k236_s2,0.44602217199400757,852
2,mcid,kmeans_k4_s0,0.3020037201215419,760
2,mcid,kmeans_k4_s1,0.2644344654344621,760
2,mcid,kmeans_k4_s2,0.15299505883412962,760
2,mcid,kmeans_k8_s0,0.3592027314774343,760
2,mcid,kmeans_k8_s1,0.4002923422395966,760
2,mcid,kmeans_k8_s2,0.4154705534065966,760
2,mcid,kmeans_k16_s0,0.47232119481726836,760
2,mcid,kmeans_k16_s1,0.4836053663223484,760
2,mcid,kmeans_k16_s2,0.45743429166070604,760
2,mcid,kmeans_k32_s0,0.47606882369518505,760
2,mcid,kmeans_k32_s1,0.4789992262666145,760
2,mcid,kmeans_k32_s2,0.48822740873351056,760
2,mcid,kmeans_k64_s0,0.4561767664874471,760
2,mcid,kmeans_k64_s1,0.45908281820456215,760
2,mcid,kmeans_k64_s2,0.462979277471458,760
2,mcid,gmm_k4_s0,0.40859374203816407,760
2,mcid,gmm_k4_s1,0.44261706456274486,760
2,mcid,gmm_k4_s2,0.40859374203816407,760
2,mcid,gmm_k8_s0,0.5216261267300947,760
2,mcid,gmm_k8_s1,0.494032059242662,760
2,mcid,gmm_k8_s2,0.5298105398301997,760
2,mcid,gmm_k16_s0,0.5441790096752582,760
2,mcid,gmm_k16_s1,0.5747647097829656,760
2,mcid,gmm_k16_s2,0.5785946365300506,760
2,mcid,gmm_k32_s0,0.5499989064072124,760
2,mcid,gmm_k32_s1,0.548562640517757,760
2,mcid,gmm_k32_s2,0.5544062374339639,760
2,mcid,gmm_k64_s0,0.5012003498360816,760
2,mcid,gmm_k64_s1,0.4952072668948684,760
2,mcid,gmm_k64_s2,0.4993722098986529,760
2,mcid,spectral_k4_s0,0.33951608863652877,760
2,mcid,spectral_k4_s1,0.33951608863652877,760
2,mcid,spectral_k4_s2,0.33951608863652877,760
2,mcid,spectral_k8_s0,0.4778029348709479,760
2,mcid,spectral_k8_s1,0.4778029348709478,760
2,mcid,spectral_k8_s2,0.4778029348709479,760
2,mcid,spectral_k16_s0,0.5164672677419653,760
2,mcid,spectral_k16_s1,0.5164672677419653,760
2,mcid,spectral_k16_s2,0.5164672677419652,760
2,mcid,spectral_k32_s0,0.5282851933651886,760
2,mcid,spectral_k32_s1,0.5316173036363788,760
2,mcid,spectral_k32_s2,0.522340300957563,760
2,mcid,spectral_k64_s0,0.45079569168355743,760
2,mcid,spectral_k64_s1,0.45472617404972543,760
2,mcid,spectral_k64_s2,0.462972556136251,760
2,mcid,ward_k4,0.3494358837338394,760
2,mcid,ward_k8,0.46094073523995716,760
2,mcid,ward_k16,0.526322310317448,760
2,mcid,ward_k32,0.531172731086496,760
2,mcid,ward_k64,0.4901172202792339,760
2,mcid,leiden_k4_s0,0.39043143590685847,760
2,mcid,leiden_k4_s1,0.41001801066207727,760
2,mcid,leiden_k4_s2,0.4222505708543229,760
2,mcid,leiden_k8_s0,0.49506564897298305,760
2,mcid,leiden_k8_s1,0.47487032375013644,760
2,mcid,leiden_k8_s2,0.4394529273793518,760
2,mcid,leiden_k16_s0,0.5434400859915755,760
2,mcid,leiden_k16_s1,0.5402423741778684,760
2,mcid,leiden_k16_s2,0.5533448812159679,760
2,mcid,leiden_k32_s0,0.539617340659897,760
2,mcid,leiden_k32_s1,0.5313673839985136,760
2,mcid,leiden_k32_s2,0.52503342911401,760
2,mcid,leiden_k64_s0,0.47621399140986437,760
2,mcid,leiden_k64_s1,0.4822844354505194,760
2,mcid,leiden_k64_s2,0.4820150986729621,760
2,mtop_domain,kmeans_k3_s0,0.4254307081541709,838
2,mtop_domain,kmeans_k3_s1,0.4769330032329309,838
2,mtop_domain,kmeans_k3_s2,0.41539100536678664,838
2,mtop_domain,kmeans_k6_s0,0.6560027050863395,838
2,mtop_domain,kmeans_k6_s1,0.650065968427368,838
2,mtop_domain,kmeans_k6_s2,0.6384765217194504,838
2,mtop_domain,kmeans_k11_s0,0.7971432362936354,838
2,mtop_domain,kmeans_k11_s1,0.8029341979325127,838
2,mtop_domain,kmeans_k11_s2,0.7997018154338398,838
2,mtop_domain,kmeans_k22_s0,0.7382420964878332,838
2,mtop_domain,kmeans_k22_s1,0.7539575155743848,838
2,mtop_domain,kmeans_k22_s2,0.7497331988175089,838
2,mtop_domain,kmeans_k44_s0,0.6586457179316518,838
2,mtop_domain,kmeans_k44_s1,0.6660032874891144,838
2,mtop_domain,kmeans_k44_s2,0.6572485672438025,838
2,mtop_domain,gmm_k3_s0,0.4824656574785525,838
2,mtop_domain,gmm_k3_s1,0.48919195202217897,838
2,mtop_domain,gmm_k3_s2,0.4326393966312844,838
2,mtop_domain,gmm_k6_s0,0.6658404245237881,838
2,mtop_domain,gmm_k6_s1,0.6693285860129973,838
2,mtop_domain,gmm_k6_s2,0.6658404245237881,838
2,mtop_domain,gmm_k11_s0,0.7865398102411947,838
2,mtop_domain,gmm_k11_s1,0.7929286860189098,838
2,mtop_domain,gmm_k11_s2,0.798755508223691,838
2,mtop_domain,gmm_k22_s0,0.7760325301835806,838
2,mtop_domain,gmm_k22_s1,0.7733679326029775,838
2,mtop_domain,gmm_k22_s2,0.7523378978798523,838
2,mtop_domain,gmm_k44_s0,0.6962067619949374,838
2,mtop_domain,gmm_k44_s1,0.683389599279294,838
2,mtop_domain,gmm_k44_s2,0.6907972601419782,838
2,mtop_domain,spectral_k3_s0,0.35465121792678744,838
2,mtop_domain,spectral_k3_s1,0.35465121792678744,838
2,mtop_domain,spectral_k3_s2,0.35465121792678744,838
2,mtop_domain,spectral_k6_s0,0.651356369285572,838
2,mtop_domain,spectral_k6_s1,0.6513563692855721,838
2,mtop_domain,spectral_k6_s2,0.651356369285572,838
2,mtop_domain,spectral_k11_s0,0.7709841219446114,838
2,mtop_domain,spectral_k11_s1,0.7709841219446113,838
2,mtop_domain,spectral_k11_s2,0.7709841219446113,838
2,mtop_domain,spectral_k22_s0,0.7668974194529259,838
2,mtop_domain,spectral_k22_s1,0.7668974194529257,838
2,mtop_domain,spectral_k22_s2,0.7554994114777174,838
2,mtop_domain,spectral_k44_s0,0.709602695203446,838
2,mtop_domain,spectral_k44_s1,0.7105251996351876,838
2,mtop_domain,spectral_k44_s2,0.7161929044245403,838
2,mtop_domain,ward_k3,0.4872722099621977,838
2,mtop_domain,ward_k6,0.6361437153937191,838
2,mtop_domain,ward_k11,0.7456776998062782,838
2,mtop_domain,ward_k22,0.7374739291333604,838
2,mtop_domain,ward_k44,0.6799098781166826,838
2,mtop_domain,leiden_k3_s0,0.473555341729507,838
2,mtop_domain,leiden_k3_s1,0.434546254487594,838
2,mtop_domain,leiden_k3_s2,0.4389055337081223,838
2,mtop_domain,leiden_k6_s0,0.6659302052318126,838
2,mtop_domain,leiden_k6_s1,0.6717135293325088,838
2,mtop_domain,leiden_k6_s2,0.6689453767621242,838
2,mtop_domain,leiden_k11_s0,0.7998448815788695,838
2,mtop_domain,leiden_k11_s1,0.8023781029270352,838
2,mtop_domain,leiden_k11_s2,0.7913269128584496,838
2,mtop_domain,leiden_k22_s0,0.7815812665884633,838
2,mtop_domain,leiden_k22_s1,0.7821224361829459,838
2,mtop_domain,leiden_k22_s2,0.7777894895883353,838
2,mtop_domain,leiden_k44_s0,0.6982197465766065,838
2,mtop_domain,leiden_k44_s1,0.7081710679624611,838
2,mtop_domain,leiden_k44_s2,0.6904463452915751,838
2,mtop_intent,kmeans_k26_s0,0.7129134336616653,852
2,mtop_intent,kmeans_k26_s1,0.7234753105435805,852
2,mtop_intent,kmeans_k26_s2,0.6985307485393336,852
2,mtop_intent,kmeans_k51_s0,0.631060381604615,852
2,mtop_intent,kmeans_k51_s1,0.6358786963954018,852
2,mtop_intent,kmeans_k51_s2,0.6300769439914112,852
2,mtop_intent,kmeans_k102_s0,0.5506160884743957,852
2,mtop_intent,kmeans_k102_s1,0.5635939528200414,852
2,mtop_intent,kmeans_k102_s2,0.5707192672222251,852
2,mtop_intent,kmeans_k204_s0,0.47183887101271277,852
2,mtop_intent,kmeans_k204_s1,0.46860807644608404,852
2,mtop_intent,kmeans_k204_s2,0.4707089574201261,852
2,mtop_intent,kmeans_k408_s0,0.36511683953223045,852
2,mtop_intent,kmeans_k408_s1,0.3573156456492144,852
2,mtop_intent,kmeans_k408_s2,0.3771743766292971,852
2,mtop_intent,gmm_k26_s0,0.7210572346371811,852
2,mtop_intent,gmm_k26_s1,0.7355127693031744,852
2,mtop_intent,gmm_k26_s2,0.7294282973683107,852
2,mtop_intent,gmm_k51_s0,0.6543435218950999,852
2,mtop_intent,gmm_k51_s1,0.6461232598448344,852
2,mtop_intent,gmm_k51_s2,0.6473859457766551,852
2,mtop_intent,gmm_k102_s0,0.5520094248985463,852
2,mtop_intent,gmm_k102_s1,0.5498655735032241,852
2,mtop_intent,gmm_k102_s2,0.5539427874932924,852
2,mtop_intent,gmm_k204_s0,0.457884411833451,852
2,mtop_intent,gmm_k204_s1,0.4599316660066398,852
2,mtop_intent,gmm_k204_s2,0.46403348672491423,852
2,mtop_intent,gmm_k408_s0,0.3622251955979575,852
2,mtop_intent,gmm_k408_s1,0.3571585355764719,852
2,mtop_intent,gmm_k408_s2,0.35728151213622883,852
2,mtop_intent,spectral_k26_s0,0.7349311875280552,852
2,mtop_intent,spectral_k26_s1,0.7338529950896465,852
2,mtop_intent,spectral_k26_s2,0.7358762103487889,852
2,mtop_intent,spectral_k51_s0,0.6503179617329972,852
2,mtop_intent,spectral_k51_s1,0.6505587624816499,852
2,mtop_intent,spectral_k51_s2,0.6666000787454761,852
2,mtop_intent,spectral_k102_s0,0.5864408846481217,852
2,mtop_intent,spectral_k102_s1,0.5767898789628012,852
2,mtop_intent,spectral_k102_s2,0.5637585069567458,852
2,mtop_intent,spectral_k204_s0,0.43668313611965687,852
2,mtop_intent,spectral_k204_s1,0.43098417294605207,852
2,mtop_intent,spectral_k204_s2,0.4436559728107275,852
2,mtop_intent,spectral_k408_s0,0.3282405463546687,852
2,mtop_intent,spectral_k408_s1,0.32006916035486005,852
2,mtop_intent,spectral_k408_s2,0.3159519109701255,852
2,mtop_intent,ward_k26,0.7196253203726555,852
2,mtop_intent,ward_k51,0.6670588046838087,852
2,mtop_intent,ward_k102,0.5819861924534377,852
2,mtop_intent,ward_k204,0.4745721529123746,852
2,mtop_intent,ward_k408,0.3629743978095266,852
2,mtop_intent,leiden_k26_s0,0.7181013122965376,852
2,mtop_intent,leiden_k26_s1,0.7278262808391933,852
2,mtop_intent,leiden_k26_s2,0.7303981489774637,852
2,mtop_intent,leiden_k51_s0,0.6462028159862226,852
2,mtop_intent,leiden_k51_s1,0.6405459468439223,852
2,mtop_intent,leiden_k51_s2,0.6458701360578761,852
2,mtop_intent,leiden_k102_s0,0.5614137158896884,852
2,mtop_intent,leiden_k102_s1,0.552338299857337,852
2,mtop_intent,leiden_k102_s2,0.550372093475781,852
2,mtop_intent,leiden_k204_s0,0.4555018932541265,852
2,mtop_intent,leiden_k204_s1,0.46713148621757045,852
2,mtop_intent,leiden_k204_s2,0.45533048955117605,852
2,mtop_intent,leiden_k408_s0,0.3406898108865154,852
2,mtop_intent,leiden_k408_s1,0.34267949945522413,852
2,mtop_intent,leiden_k408_s2,0.3414229118503461,852
2,reddit_s2s,kmeans_k12_s0,0.39536141684422627,495
2,reddit_s2s,kmeans_k12_s1,0.42256499162241834,495
2,reddit_s2s,kmeans_k12_s2,0.384524841646407,495
2,reddit_s2s,kmeans_k24_s0,0.4463553216789108,495
2,reddit_s2s,kmeans_k24_s1,0.46320544211600667,495
2,reddit_s2s,kmeans_k24_s2,0.47946624323851206,495
2,reddit_s2s,kmeans_k49_s0,0.4612466615240633,495
2,reddit_s2s,kmeans_k49_s1,0.4396661582349585,495
2,reddit_s2s,kmeans_k49_s2,0.4764170381554008,495
2,reddit_s2s,kmeans_k98_s0,0.41392144221207283,495
2,reddit_s2s,kmeans_k98_s1,0.4225073286654551,495
2,reddit_s2s,kmeans_k98_s2,0.4121659025277148,495
2,reddit_s2s,kmeans_k196_s0,0.329622896555819,495
2,reddit_s2s,kmeans_k196_s1,0.3313201085237636,495
2,reddit_s2s,kmeans_k196_s2,0.33705621258689744,495
2,reddit_s2s,gmm_k12_s0,0.3982537154102705,495
2,reddit_s2s,gmm_k12_s1,0.41545433299465384,495
2,reddit_s2s,gmm_k12_s2,0.3960706027619213,495
2,reddit_s2s,gmm_k24_s0,0.4540760438454958,495
2,reddit_s2s,gmm_k24_s1,0.45954893934695684,495
2,reddit_s2s,gmm_k24_s2,0.45284377088633526,495
2,reddit_s2s,gmm_k49_s0,0.4666892658461433,495
2,reddit_s2s,gmm_k49_s1,0.4726387985066553,495
2,reddit_s2s,gmm_k49_s2,0.46414369310647463,495
2,reddit_s2s,gmm_k98_s0,0.43169963403840184,495
2,reddit_s2s,gmm_k98_s1,0.4402289882143524,495
2,reddit_s2s,gmm_k98_s2,0.45010553684108934,495
2,reddit_s2s,gmm_k196_s0,0.3901383278137036,495
2,reddit_s2s,gmm_k196_s1,0.3908733749015033,495
2,reddit_s2s,gmm_k196_s2,0.3841785759663688,495
2,reddit_s2s,spectral_k12_s0,0.28242069058401303,495
2,reddit_s2s,spectral_k12_s1,0.2890166006578444,495
2,reddit_s2s,spectral_k12_s2,0.28344953382801347,495
2,reddit_s2s,spectral_k24_s0,0.3688206044806768,495
2,reddit_s2s,spectral_k24_s1,0.38070857921520457,495
2,reddit_s2s,spectral_k24_s2,0.3688206044806769,495
2,reddit_s2s,spectral_k49_s0,0.4064411996250629,495
2,reddit_s2s,spectral_k49_s1,0.40246095877832383,495
2,reddit_s2s,spectral_k49_s2,0.40130496067222565,495
2,reddit_s2s,spectral_k98_s0,0.36863689774885194,495
2,reddit_s2s,spectral_k98_s1,0.3643378666975435,495
2,reddit_s2s,spectral_k98_s2,0.37456273759252656,495
2,reddit_s2s,spectral_k196_s0,0.29548175796236603,495
2,reddit_s2s,spectral_k196_s1,0.29203174302719637,495
2,reddit_s2s,spectral_k196_s2,0.27569427868686386,495
2,reddit_s2s,ward_k12,0.32591706157481337,495
2,reddit_s2s,ward_k24,0.38631045186246843,495
2,reddit_s2s,ward_k49,0.4068574006381575,495
2,reddit_s2s,ward_k98,0.3787778858986792,495
2,reddit_s2s,ward_k196,0.3312962327150855,495
2,reddit_s2s,leiden_k12_s0,0.36423929752533735,495
2,reddit_s2s,leiden_k12_s1,0.4105157161452398,495
2,reddit_s2s,leiden_k12_s2,0.42112783900330003,495
2,reddit_s2s,leiden_k24_s0,0.47385965034612054,495
2,reddit_s2s,leiden_k24_s1,0.47952616900042033,495
2,reddit_s2s,leiden_k24_s2,0.4625044586320195,495
2,reddit_s2s,leiden_k49_s0,0.49001045709396807,495
2,reddit_s2s,leiden_k49_s1,0.4911475206500894,495
2,reddit_s2s,leiden_k49_s2,0.4900655313675611,495
2,reddit_s2s,leiden_k98_s0,0.4546937232992089,495
2,reddit_s2s,leiden_k98_s1,0.45355240718786405,495
2,reddit_s2s,leiden_k98_s2,0.45587245125956527,495
2,reddit_s2s,leiden_k196_s0,0.38555818898400734,495
2,reddit_s2s,leiden_k196_s1,0.3963662908975993,495
2,reddit_s2s,leiden_k196_s2,0.3884082344864615,495
2,snips,kmeans_k2_s0,0.30164267831542935,985
2,snips,kmeans_k2_s1,0.26735646198583407,985
2,snips,kmeans_k2_s2,0.30033372998413965,985
2,snips,kmeans_k4_s0,0.6319946325066654,985
2,snips,kmeans_k4_s1,0.6603623257801495,985
2,snips,kmeans_k4_s2,0.6277534731814881,985
2,snips,kmeans_k7_s0,0.7228274998198659,985
2,snips,kmeans_k7_s1,0.6558189925432852,985
2,snips,kmeans_k7_s2,0.717189416401463,985
2,snips,kmeans_k14_s0,0.71126943004128,985
2,snips,kmeans_k14_s1,0.7102442532022766,985
2,snips,kmeans_k14_s2,0.7318498452311906,985
2,snips,kmeans_k28_s0,0.6518981811119933,985
2,snips,kmeans_k28_s1,0.6437912486098402,985
2,snips,kmeans_k28_s2,0.6375167078128122,985
2,snips,gmm_k2_s0,0.29948000036789485,985
2,snips,gmm_k2_s1,0.29948000036789485,985
2,snips,gmm_k2_s2,0.29948000036789485,985
2,snips,gmm_k4_s0,0.660417113564505,985
2,snips,gmm_k4_s1,0.6778708375638841,985
2,snips,gmm_k4_s2,0.6778708375638841,985
2,snips,gmm_k7_s0,0.8302112579790543,985
2,snips,gmm_k7_s1,0.8302112579790544,985
2,snips,gmm_k7_s2,0.8302112579790543,985
2,snips,gmm_k14_s0,0.7438661429871972,985
2,snips,gmm_k14_s1,0.7624332206633483,985
2,snips,gmm_k14_s2,0.7388170696146898,985
2,snips,gmm_k28_s0,0.6532555193408135,985
2,snips,gmm_k28_s1,0.6609039364602999,985
2,snips,gmm_k28_s2,0.6519527869634464,985
2,snips,spectral_k2_s0,0.2964861913002559,985
2,snips,spectral_k2_s1,0.2964861913002559,985
2,snips,spectral_k2_s2,0.2964861913002559,985
2,snips,spectral_k4_s0,0.6577242255249036,985
2,snips,spectral_k4_s1,0.6577242255249036,985
2,snips,spectral_k4_s2,0.6577242255249035,985
2,snips,spectral_k7_s0,0.8275918412865295,985
2,snips,spectral_k7_s1,0.8275918412865294,985
2,snips,spectral_k7_s2,0.8275918412865294,985
2,snips,spectral_k14_s0,0.7541509678967404,985
2,snips,spectral_k14_s1,0.7547434863835315,985
2,snips,spectral_k14_s2,0.7541509678967405,985
2,snips,spectral_k28_s0,0.6691504519184348,985
2,snips,spectral_k28_s1,0.6683823138116852,985
2,snips,spectral_k28_s2,0.6685100589929811,985
2,snips,ward_k2,0.3375996237918184,985
2,snips,ward_k4,0.6323855585410536,985
2,snips,ward_k7,0.7928903138487156,985
2,snips,ward_k14,0.7531316959966232,985
2,snips,ward_k28,0.6689426573845347,985
2,snips,leiden_k2_s0,0.2964861913002559,985
2,snips,leiden_k2_s1,0.2964861913002559,985
2,snips,leiden_k2_s2,0.2964861913002559,985
2,snips,leiden_k4_s0,0.6559107219521578,985
2,snips,leiden_k4_s1,0.6559107219521578,985
2,snips,leiden_k4_s2,0.6559107219521578,985
2,snips,leiden_k7_s0,0.8238579520089929,985
2,snips,leiden_k7_s1,0.8230942383104581,985
2,snips,leiden_k7_s2,0.8238579520089929,985
2,snips,leiden_k14_s0,0.7660256444223574,985
2,snips,leiden_k14_s1,0.7646441943138822,985
2,snips,leiden_k14_s2,0.7654263561698121,985
2,snips,leiden_k28_s0,0.661653814911451,985
2,snips,leiden_k28_s1,0.6588842519331521,985
2,snips,leiden_k28_s2,0.6653249015344255,985
2,stackexchange_cl,kmeans_k30_s0,0.5173388351242769,477
2,stackexchange_cl,kmeans_k30_s1,0.5372929276692507,477
2,stackexchange_cl,kmeans_k30_s2,0.5478420217671621,477
2,stackexchange_cl,kmeans_k60_s0,0.4740969981332434,477
2,stackexchange_cl,kmeans_k60_s1,0.5016676890868105,477
2,stackexchange_cl,kmeans_k60_s2,0.5146072644973911,477
2,stackexchange_cl,kmeans_k121_s0,0.40110343209534566,477
2,stackexchange_cl,kmeans_k121_s1,0.4134498972559035,477
2,stackexchange_cl,kmeans_k121_s2,0.3992061446479536,477
2,stackexchange_cl,kmeans_k242_s0,0.32761087066326944,477
2,stackexchange_cl,kmeans_k242_s1,0.3218082382909986,477
2,stackexchange_cl,kmeans_k242_s2,0.34146948957419815,477
2,stackexchange_cl,kmeans_k484_s0,0.2536875370103324,477
2,stackexchange_cl,kmeans_k484_s1,0.22116139462654655,477
2,stackexchange_cl,kmeans_k484_s2,0.25804824766929174,477
2,stackexchange_cl,gmm_k30_s0,0.5023601353723075,477
2,stackexchange_cl,gmm_k30_s1,0.5311458954230085,477
2,stackexchange_cl,gmm_k30_s2,0.5147419341716798,477
2,stackexchange_cl,gmm_k60_s0,0.4994774831509206,477
2,stackexchange_cl,gmm_k60_s1,0.4914111669161503,477
2,stackexchange_cl,gmm_k60_s2,0.4953941731217233,477
2,stackexchange_cl,gmm_k121_s0,0.45439354707615487,477
2,stackexchange_cl,gmm_k121_s1,0.4464589129418519,477
2,stackexchange_cl,gmm_k121_s2,0.4434157942425522,477
2,stackexchange_cl,gmm_k242_s0,0.4124736646978624,477
2,stackexchange_cl,gmm_k242_s1,0.40468489542158215,477
2,stackexchange_cl,gmm_k242_s2,0.3862727397055638,477
2,stackexchange_cl,gmm_k484_s0,0.3413847601060258,477
2,stackexchange_cl,gmm_k484_s1,0.34304642123562723,477
2,stackexchange_cl,gmm_k484_s2,0.354380330418365,477
2,stackexchange_cl,spectral_k30_s0,0.43568878051820187,477
2,stackexchange_cl,spectral_k30_s1,0.4519148686034301,477
2,stackexchange_cl,spectral_k30_s2,0.4401214284599537,477
2,stackexchange_cl,spectral_k60_s0,0.44871394397752873,477
2,stackexchange_cl,spectral_k60_s1,0.45086875279282185,477
2,stackexchange_cl,spectral_k60_s2,0.4525767561949657,477
2,stackexchange_cl,spectral_k121_s0,0.3928206340523952,477
2,stackexchange_cl,spectral_k121_s1,0.3942983902060895,477
2,stackexchange_cl,spectral_k121_s2,0.3759590283430935,477
2,stackexchange_cl,spectral_k242_s0,0.27435870953926483,477
2,stackexchange_cl,spectral_k242_s1,0.2865673130698748,477
2,stackexchange_cl,spectral_k242_s2,0.28228456376919464,477
2,stackexchange_cl,spectral_k484_s0,0.21986378566228768,477
2,stackexchange_cl,spectral_k484_s1,0.20096290853149265,477
2,stackexchange_cl,spectral_k484_s2,0.20543526589238842,477
2,stackexchange_cl,ward_k30,0.4243691756204185,477
2,stackexchange_cl,ward_k60,0.40185260154300745,477
2,stackexchange_cl,ward_k121,0.3769758274065106,477
2,stackexchange_cl,ward_k242,0.3371383447316692,477
2,stackexchange_cl,ward_k484,0.2451570349588253,477
2,stackexchange_cl,leiden_k30_s0,0.552035492114584,477
2,stackexchange_cl,leiden_k30_s1,0.5382170517023589,477
2,stackexchange_cl,leiden_k30_s2,0.5400901827558836,477
2,stackexchange_cl,leiden_k60_s0,0.4981296903247304,477
2,stackexchange_cl,leiden_k60_s1,0.5038757370159022,477
2,stackexchange_cl,leiden_k60_s2,0.5065499772840375,477
2,stackexchange_cl,leiden_k121_s0,0.470461254355879,477
2,stackexchange_cl,leiden_k121_s1,0.47358773689374695,477
2,stackexchange_cl,leiden_k121_s2,0.46058007641935067,477
2,stackexchange_cl,leiden_k242_s0,0.3995814150690369,477
2,stackexchange_cl,leiden_k242_s1,0.40497386809886443,477
2,stackexchange_cl,leiden_k242_s2,0.4141637080793747,477
2,stackexchange_cl,leiden_k484_s0,0.2997069400889305,477
2,stackexchange_cl,leiden_k484_s1,0.2987983803586353,477
2,stackexchange_cl,leiden_k484_s2,0.292628327331253,477
2,stackoverflow20,kmeans_k5_s0,0.5588072236825268,790
2,stackoverflow20,kmeans_k5_s1,0.538518903429028,790
2,stackoverflow20,kmeans_k5_s2,0.5277534053189934,790
2,stackoverflow20,kmeans_k10_s0,0.6409367655539211,790
2,stackoverflow20,kmeans_k10_s1,0.6691845323200001,790
2,stackoverflow20,kmeans_k10_s2,0.6731100184545465,790
2,stackoverflow20,kmeans_k20_s0,0.7955040612819778,790
2,stackoverflow20,kmeans_k20_s1,0.7934603494195606,790
2,stackoverflow20,kmeans_k20_s2,0.7691815058858467,790
2,stackoverflow20,kmeans_k40_s0,0.7506021471329352,790
2,stackoverflow20,kmeans_k40_s1,0.7585487337928497,790
2,stackoverflow20,kmeans_k40_s2,0.7602023823327616,790
2,stackoverflow20,kmeans_k80_s0,0.6734256215403672,790
2,stackoverflow20,kmeans_k80_s1,0.65304282227527,790
2,stackoverflow20,kmeans_k80_s2,0.6655423598964234,790
2,stackoverflow20,gmm_k5_s0,0.5319495651476036,790
2,stackoverflow20,gmm_k5_s1,0.5395876350084267,790
2,stackoverflow20,gmm_k5_s2,0.5307538605434838,790
2,stackoverflow20,gmm_k10_s0,0.7011900206800072,790
2,stackoverflow20,gmm_k10_s1,0.6957717033919121,790
2,stackoverflow20,gmm_k10_s2,0.7021589290436068,790
2,stackoverflow20,gmm_k20_s0,0.8048007753038978,790
2,stackoverflow20,gmm_k20_s1,0.8023597537018785,790
2,stackoverflow20,gmm_k20_s2,0.8127599108350195,790
2,stackoverflow20,gmm_k40_s0,0.7782288574544114,790
2,stackoverflow20,gmm_k40_s1,0.7742825516562855,790
2,stackoverflow20,gmm_k40_s2,0.7746472377594857,790
2,stackoverflow20,gmm_k80_s0,0.6996267074701763,790
2,stackoverflow20,gmm_k80_s1,0.6948790655923422,790
2,stackoverflow20,gmm_k80_s2,0.6958832469742007,790
2,stackoverflow20,spectral_k5_s0,0.43077437199432356,790
2,stackoverflow20,spectral_k5_s1,0.43077437199432356,790
2,stackoverflow20,spectral_k5_s2,0.46450979501368717,790
2,stackoverflow20,spectral_k10_s0,0.6922180490699883,790
2,stackoverflow20,spectral_k10_s1,0.6922180490699882,790
2,stackoverflow20,spectral_k10_s2,0.6922180490699881,790
2,stackoverflow20,spectral_k20_s0,0.7914134957750674,790
2,stackoverflow20,spectral_k20_s1,0.7945383481387672,790
2,stackoverflow20,spectral_k20_s2,0.794495330366678,790
2,stackoverflow20,spectral_k40_s0,0.7095726834498067,790
2,stackoverflow20,spectral_k40_s1,0.7060068938091163,790
2,stackoverflow20,spectral_k40_s2,0.7286233710154085,790
2,stackoverflow20,spectral_k80_s0,0.6209695499062943,790
2,stackoverflow20,spectral_k80_s1,0.6226532074020289,790
2,stackoverflow20,spectral_k80_s2,0.6136043941843482,790
2,stackoverflow20,ward_k5,0.5019538368370999,790
2,stackoverflow20,ward_k10,0.6421982054572949,790
2,stackoverflow20,ward_k20,0.7350569296894579,790
2,stackoverflow20,ward_k40,0.7219067959167339,790
2,stackoverflow20,ward_k80,0.6501781504174088,790
2,stackoverflow20,leiden_k5_s0,0.5419683264710747,790
2,stackoverflow20,leiden_k5_s1,0.5470519499090573,790
2,stackoverflow20,leiden_k5_s2,0.5416538393498291,790
2,stackoverflow20,leiden_k10_s0,0.6940325309104685,790
2,stackoverflow20,leiden_k10_s1,0.6982664526741459,790
2,stackoverflow20,leiden_k10_s2,0.7000459934019505,790
2,stackoverflow20,leiden_k20_s0,0.818106825438757,790
2,stackoverflow20,leiden_k20_s1,0.8102199296763107,790
2,stackoverflow20,leiden_k20_s2,0.8094551308765731,790
2,stackoverflow20,leiden_k40_s0,0.7941199090515273,790
2,stackoverflow20,leiden_k40_s1,0.7981546442837266,790
2,stackoverflow20,leiden_k40_s2,0.8029263463001947,790
2,stackoverflow20,leiden_k80_s0,0.6667200549456471,790
2,stackoverflow20,leiden_k80_s1,0.6859936020386135,790
2,stackoverflow20,leiden_k80_s2,0.6878224360804333,790
2,tweet89,kmeans_k22_s0,0.7620869818276615,409
2,tweet89,kmeans_k22_s1,0.7315350982458508,409
2,tweet89,kmeans_k22_s2,0.7373326346900613,409
2,tweet89,kmeans_k44_s0,0.7347600073664933,409
2,tweet89,kmeans_k44_s1,0.7527557993123253,409
2,tweet89,kmeans_k44_s2,0.7490797108898525,409
2,tweet89,kmeans_k89_s0,0.6757291942198657,409
2,tweet89,kmeans_k89_s1,0.6882359770987808,409
2,tweet89,kmeans_k89_s2,0.716149577948142,409
2,tweet89,kmeans_k178_s0,0.5780837716305253,409
2,tweet89,kmeans_k178_s1,0.5773019611945677,409
2,tweet89,kmeans_k178_s2,0.5921704586375277,409
2,tweet89,kmeans_k356_s0,0.5083249112122054,409
2,tweet89,kmeans_k356_s1,0.4897986575391238,409
2,tweet89,kmeans_k356_s2,0.4795011910461598,409
2,tweet89,gmm_k22_s0,0.747313920095497,409
2,tweet89,gmm_k22_s1,0.776987731485421,409
2,tweet89,gmm_k22_s2,0.7555395324508857,409
2,tweet89,gmm_k44_s0,0.7645214528545655,409
2,tweet89,gmm_k44_s1,0.7582771206634438,409
2,tweet89,gmm_k44_s2,0.7730765897723658,409
2,tweet89,gmm_k89_s0,0.6663864664151052,409
2,tweet89,gmm_k89_s1,0.6854995147228033,409
2,tweet89,gmm_k89_s2,0.6834532510574273,409
2,tweet89,gmm_k178_s0,0.5428033745479407,409
2,tweet89,gmm_k178_s1,0.5537288652936683,409
2,tweet89,gmm_k178_s2,0.5585711328463686,409
2,tweet89,gmm_k356_s0,0.44457705668343345,409
2,tweet89,gmm_k356_s1,0.44577285417064005,409
2,tweet89,gmm_k356_s2,0.45253430653056104,409
2,tweet89,spectral_k22_s0,0.7796559004252419,409
2,tweet89,spectral_k22_s1,0.7775265538180818,409
2,tweet89,spectral_k22_s2,0.7775265538180816,409
2,tweet89,spectral_k44_s0,0.7624477504783584,409
2,tweet89,spectral_k44_s1,0.7649481941271712,409
2,tweet89,spectral_k44_s2,0.7624477504783584,409
2,tweet89,spectral_k89_s0,0.6675195751700327,409
2,tweet89,spectral_k89_s1,0.6787905245428207,409
2,tweet89,spectral_k89_s2,0.6664941995857351,409
2,tweet89,spectral_k178_s0,0.49504406567847453,409
2,tweet89,spectral_k178_s1,0.5058998021752631,409
2,tweet89,spectral_k178_s2,0.5037192232611007,409
2,tweet89,spectral_k356_s0,0.35921607742673467,409
2,tweet89,spectral_k356_s1,0.3613785919771164,409
2,tweet89,spectral_k356_s2,0.33253884385364885,409
2,tweet89,ward_k22,0.7630589326166373,409
2,tweet89,ward_k44,0.7656212565908413,409
2,tweet89,ward_k89,0.6988112347255502,409
2,tweet89,ward_k178,0.5842110803520455,409
2,tweet89,ward_k356,0.47026970925770484,409
2,tweet89,leiden_k22_s0,0.792330982487466,409
2,tweet89,leiden_k22_s1,0.7877271194409011,409
2,tweet89,leiden_k22_s2,0.7807113760426068,409
2,tweet89,leiden_k44_s0,0.7648640784535048,409
2,tweet89,leiden_k44_s1,0.7682577143858002,409
2,tweet89,leiden_k44_s2,0.7640507282769369,409
2,tweet89,leiden_k89_s0,0.6876641687960674,409
2,tweet89,leiden_k89_s1,0.6802690181496526,409
2,tweet89,leiden_k89_s2,0.6789606632107937,409
2,tweet89,leiden_k178_s0,0.5376537727654747,409
2,tweet89,leiden_k178_s1,0.5473299141092604,409
2,tweet89,leiden_k178_s2,0.5532686440326772,409
2,tweet89,leiden_k356_s0,0.41178989524556187,409
2,tweet89,leiden_k356_s1,0.4046030628535283,409
2,tweet89,leiden_k356_s2,0.4055568939468729,409
3,arxiv_fine,kmeans_k23_s0,0.46362059010586526,147
3,arxiv_fine,kmeans_k23_s1,0.43028305716140364,147
3,arxiv_fine,kmeans_k23_s2,0.4413685897252926,147
3,arxiv_fine,kmeans_k46_s0,0.4124051629925843,147
3,arxiv_fine,kmeans_k46_s1,0.4317304236907445,147
3,arxiv_fine,kmeans_k46_s2,0.4043340928715407,147
3,arxiv_fine,kmeans_k93_s0,0.3432131302991532,147
3,arxiv_fine,kmeans_k93_s1,0.3268233402013797,147
3,arxiv_fine,kmeans_k93_s2,0.34296055815272675,147
3,arxiv_fine,kmeans_k186_s0,0.22629839551530356,147
3,arxiv_fine,kmeans_k186_s1,0.22037214364313903,147
3,arxiv_fine,kmeans_k186_s2,0.2270390231218196,147
3,arxiv_fine,kmeans_k372_s0,0.1707548501656544,147
3,arxiv_fine,kmeans_k372_s1,0.18205798083494845,147
3,arxiv_fine,kmeans_k372_s2,0.17122881865105,147
3,arxiv_fine,gmm_k23_s0,0.43126533696687064,147
3,arxiv_fine,gmm_k23_s1,0.4162417026607847,147
3,arxiv_fine,gmm_k23_s2,0.39591263355902984,147
3,arxiv_fine,gmm_k46_s0,0.41099282370229173,147
3,arxiv_fine,gmm_k46_s1,0.4149977151949392,147
3,arxiv_fine,gmm_k46_s2,0.44336599062217064,147
3,arxiv_fine,gmm_k93_s0,0.3243231256312627,147
3,arxiv_fine,gmm_k93_s1,0.3763076060176145,147
3,arxiv_fine,gmm_k93_s2,0.3271382118071068,147
3,arxiv_fine,gmm_k186_s0,0.27580025533645053,147
3,arxiv_fine,gmm_k186_s1,0.27866054688736075,147
3,arxiv_fine,gmm_k186_s2,0.24821491030115092,147
3,arxiv_fine,gmm_k372_s0,0.18225013307247512,147
3,arxiv_fine,gmm_k372_s1,0.19178893297035687,147
3,arxiv_fine,gmm_k372_s2,0.1843947976085828,147
3,arxiv_fine,spectral_k23_s0,0.3703160748571918,147
3,arxiv_fine,spectral_k23_s1,0.3593520267465828,147
3,arxiv_fine,spectral_k23_s2,0.3593520267465829,147
3,arxiv_fine,spectral_k46_s0,0.2945222438668834,147
3,arxiv_fine,spectral_k46_s1,0.30119388607895403,147
3,arxiv_fine,spectral_k46_s2,0.29810798069138056,147
3,arxiv_fine,spectral_k93_s0,0.22266449252693266,147
3,arxiv_fine,spectral_k93_s1,0.2465732735805863,147
3,arxiv_fine,spectral_k93_s2,0.28057281475266144,147
3,arxiv_fine,spectral_k186_s0,0.1885184276673039,147
3,arxiv_fine,spectral_k186_s1,0.19829401778578226,147
3,arxiv_fine,spectral_k186_s2,0.19963802182263932,147
3,arxiv_fine,spectral_k372_s0,0.10320064607193513,147
3,arxiv_fine,spectral_k372_s1,0.11068630162181489,147
3,arxiv_fine,spectral_k372_s2,0.10186388242815236,147
3,arxiv_fine,ward_k23,0.4255364210080028,147
3,arxiv_fine,ward_k46,0.36887190740173964,147
3,arxiv_fine,ward_k93,0.28023856518457807,147
3,arxiv_fine,ward_k186,0.2462467182377866,147
3,arxiv_fine,ward_k372,0.16671583610169907,147
3,arxiv_fine,leiden_k23_s0,0.4717782562808067,147
3,arxiv_fine,leiden_k23_s1,0.4738065510808246,147
3,arxiv_fine,leiden_k23_s2,0.4702926068104202,147
3,arxiv_fine,leiden_k46_s0,0.41059885575935723,147
3,arxiv_fine,leiden_k46_s1,0.4323118528622498,147
3,arxiv_fine,leiden_k46_s2,0.416708796121,147
3,arxiv_fine,leiden_k93_s0,0.3092124758268388,147
3,arxiv_fine,leiden_k93_s1,0.385608353705689,147
3,arxiv_fine,leiden_k93_s2,0.38188480960488436,147
3,arxiv_fine,leiden_k186_s0,0.26746230231700985,147
3,arxiv_fine,leiden_k186_s1,0.2732119604089482,147
3,arxiv_fine,leiden_k186_s2,0.26214565441856963,147
3,arxiv_fine,leiden_k372_s0,0.1625603808161115,147
3,arxiv_fine,leiden_k372_s1,0.20991679187474013,147
3,arxiv_fine,leiden_k372_s2,0.1747392006458974,147
3,banking77,kmeans_k19_s0,0.4844009002423836,877
3,banking77,kmeans_k19_s1,0.4807317783498438,877
3,banking77,kmeans_k19_s2,0.5097164268073043,877
3,banking77,kmeans_k38_s0,0.5163432558062498,877
3,banking77,kmeans_k38_s1,0.5259630155924262,877
3,banking77,kmeans_k38_s2,0.5446649229164726,877
3,banking77,kmeans_k77_s0,0.511338856222063,877
3,banking77,kmeans_k77_s1,0.5009149310957748,877
3,banking77,kmeans_k77_s2,0.5019130580407435,877
3,banking77,kmeans_k154_s0,0.42065227504804703,877
3,banking77,kmeans_k154_s1,0.42518584111747826,877
3,banking77,kmeans_k154_s2,0.43537230145372197,877
3,banking77,kmeans_k308_s0,0.3370075878971704,877
3,banking77,kmeans_k308_s1,0.34844717725139684,877
3,banking77,kmeans_k308_s2,0.34150382215500424,877
3,banking77,gmm_k19_s0,0.528030110839593,877
3,banking77,gmm_k19_s1,0.5385522890926828,877
3,banking77,gmm_k19_s2,0.5359074298783344,877
3,banking77,gmm_k38_s0,0.5630309712177382,877
3,banking77,gmm_k38_s1,0.5655956099486116,877
3,banking77,gmm_k38_s2,0.565485730396253,877
3,banking77,gmm_k77_s0,0.529528880254414,877
3,banking77,gmm_k77_s1,0.5239741173528089,877
3,banking77,gmm_k77_s2,0.5262674012131053,877
3,banking77,gmm_k154_s0,0.4616158101710638,877
3,banking77,gmm_k154_s1,0.4560451519989576,877
3,banking77,gmm_k154_s2,0.46829116669582277,877
3,banking77,gmm_k308_s0,0.37527374353756043,877
3,banking77,gmm_k308_s1,0.3749505438817661,877
3,banking77,gmm_k308_s2,0.37829848558685997,877
3,banking77,spectral_k19_s0,0.5065519283400586,877
3,banking77,spectral_k19_s1,0.5067456319467457,877
3,banking77,spectral_k19_s2,0.5055607622371173,877
3,banking77,spectral_k38_s0,0.5607694963355865,877
3,banking77,spectral_k38_s1,0.556127075769148,877
3,banking77,spectral_k38_s2,0.5571411431254536,877
3,banking77,spectral_k77_s0,0.47730514151807346,877
3,banking77,spectral_k77_s1,0.49404689290559767,877
3,banking77,spectral_k77_s2,0.5014747983053964,877
3,banking77,spectral_k154_s0,0.4240733613107719,877
3,banking77,spectral_k154_s1,0.4171524655127363,877
3,banking77,spectral_k154_s2,0.42137005080673634,877
3,banking77,spectral_k308_s0,0.3244290164245133,877
3,banking77,spectral_k308_s1,0.31418211236239924,877
3,banking77,spectral_k308_s2,0.3150728613391445,877
3,banking77,ward_k19,0.5140394049631243,877
3,banking77,ward_k38,0.5487847351975542,877
3,banking77,ward_k77,0.505340798588271,877
3,banking77,ward_k154,0.43490527440900684,877
3,banking77,ward_k308,0.3362624558250257,877
3,banking77,leiden_k19_s0,0.5148887963457088,877
3,banking77,leiden_k19_s1,0.5215216580030554,877
3,banking77,leiden_k19_s2,0.5228255749836929,877
3,banking77,leiden_k38_s0,0.565405792946253,877
3,banking77,leiden_k38_s1,0.5657119254043856,877
3,banking77,leiden_k38_s2,0.5636599759366202,877
3,banking77,leiden_k77_s0,0.5095585104353045,877
3,banking77,leiden_k77_s1,0.5138308761930587,877
3,banking77,leiden_k77_s2,0.5119067840699467,877
3,banking77,leiden_k154_s0,0.45288736461092916,877
3,banking77,leiden_k154_s1,0.45987568050614397,877
3,banking77,leiden_k154_s2,0.45652884474537764,877
3,banking77,leiden_k308_s0,0.3658266065897203,877
3,banking77,leiden_k308_s1,0.3775300374408075,877
3,banking77,leiden_k308_s2,0.3754282862864926,877
3,bbcnews,kmeans_k2_s0,0.27657909426346344,808
3,bbcnews,kmeans_k2_s1,0.43273321460177416,808
3,bbcnews,kmeans_k2_s2,0.43273321460177416,808
3,bbcnews,kmeans_k5_s0,0.767157380340278,808
3,bbcnews,kmeans_k5_s1,0.7691296690403252,808
3,bbcnews,kmeans_k5_s2,0.7759677918705621,808
3,bbcnews,kmeans_k10_s0,0.6481583161186805,808
3,bbcnews,kmeans_k10_s1,0.6660770636772341,808
3,bbcnews,kmeans_k10_s2,0.6530819350171029,808
3,bbcnews,kmeans_k20_s0,0.5531794923252695,808
3,bbcnews,kmeans_k20_s1,0.5619868048920296,808
3,bbcnews,kmeans_k20_s2,0.5753795906146917,808
3,bbcnews,gmm_k2_s0,0.41148646569073005,808
3,bbcnews,gmm_k2_s1,0.41148646569073005,808
3,bbcnews,gmm_k2_s2,0.41148646569073005,808
3,bbcnews,gmm_k5_s0,0.6545501254862213,808
3,bbcnews,gmm_k5_s1,0.6635884926591817,808
3,bbcnews,gmm_k5_s2,0.6545501254862213,808
3,bbcnews,gmm_k10_s0,0.6334552464008479,808
3,bbcnews,gmm_k10_s1,0.6315025368799388,808
3,bbcnews,gmm_k10_s2,0.6367035538279984,808
3,bbcnews,gmm_k20_s0,0.5668193916246625,808
3,bbcnews,gmm_k20_s1,0.5635464553163829,808
3,bbcnews,gmm_k20_s2,0.5675242387974466,808
3,bbcnews,spectral_k2_s0,0.41148646569073005,808
3,bbcnews,spectral_k2_s1,0.41148646569073005,808
3,bbcnews,spectral_k2_s2,0.41148646569073005,808
3,bbcnews,spectral_k5_s0,0.5635598615204107,808
3,bbcnews,spectral_k5_s1,0.5635598615204107,808
3,bbcnews,spectral_k5_s2,0.5635598615204108,808
3,bbcnews,spectral_k10_s0,0.6625930832800121,808
3,bbcnews,spectral_k10_s1,0.6625930832800122,808
3,bbcnews,spectral_k10_s2,0.6625930832800121,808
3,bbcnews,spectral_k20_s0,0.5672747410112929,808
3,bbcnews,spectral_k20_s1,0.565031391742447,808
3,bbcnews,spectral_k20_s2,0.5669755087999219,808
3,bbcnews,ward_k2,0.4353114119690725,808
3,bbcnews,ward_k5,0.7063188615535921,808
3,bbcnews,ward_k10,0.5974607952346016,808
3,bbcnews,ward_k20,0.5474842204455508,808
3,bbcnews,leiden_k2_s0,0.41148646569073005,808
3,bbcnews,leiden_k2_s1,0.41148646569073005,808
3,bbcnews,leiden_k2_s2,0.41148646569073005,808
3,bbcnews,leiden_k5_s0,0.6508598817768741,808
3,bbcnews,leiden_k5_s1,0.6534066227476846,808
3,bbcnews,leiden_k5_s2,0.6534066227476846,808
3,bbcnews,leiden_k10_s0,0.6241189504551916,808
3,bbcnews,leiden_k10_s1,0.6240830925290705,808
3,bbcnews,leiden_k10_s2,0.6280666197846803,808
3,bbcnews,leiden_k20_s0,0.5723102163840421,808
3,bbcnews,leiden_k20_s1,0.5662942927923917,808
3,bbcnews,leiden_k20_s2,0.551766105869191,808
3,clinc150,kmeans_k38_s0,0.3592892966513481,582
3,clinc150,kmeans_k38_s1,0.3668893146378898,582
3,clinc150,kmeans_k38_s2,0.38515937172698617,582
3,clinc150,kmeans_k76_s0,0.35908966705363066,582
3,clinc150,kmeans_k76_s1,0.35395879752386683,582
3,clinc150,kmeans_k76_s2,0.3658943898938604,582
3,clinc150,kmeans_k151_s0,0.31635033275714025,582
3,clinc150,kmeans_k151_s1,0.3276935120511703,582
3,clinc150,kmeans_k151_s2,0.3043111882098425,582
3,clinc150,kmeans_k302_s0,0.2458256449676355,582
3,clinc150,kmeans_k302_s1,0.23313959294102407,582
3,clinc150,kmeans_k302_s2,0.2369527166734977,582
3,clinc150,kmeans_k604_s0,0.16776063761072857,582
3,clinc150,kmeans_k604_s1,0.17336343324986547,582
3,clinc150,kmeans_k604_s2,0.17747091358665057,582
3,clinc150,gmm_k38_s0,0.3307114565828989,582
3,clinc150,gmm_k38_s1,0.3438733331052804,582
3,clinc150,gmm_k38_s2,0.3426124935054856,582
3,clinc150,gmm_k76_s0,0.3324609821374622,582
3,clinc150,gmm_k76_s1,0.3307659403677878,582
3,clinc150,gmm_k76_s2,0.33913914312880405,582
3,clinc150,gmm_k151_s0,0.3004432588261898,582
3,clinc150,gmm_k151_s1,0.2991211574810617,582
3,clinc150,gmm_k151_s2,0.29947199131085184,582
3,clinc150,gmm_k302_s0,0.25368527767093546,582
3,clinc150,gmm_k302_s1,0.2512061008000852,582
3,clinc150,gmm_k302_s2,0.24911791668942831,582
3,clinc150,gmm_k604_s0,0.2075417537932565,582
3,clinc150,gmm_k604_s1,0.20714224787720137,582
3,clinc150,gmm_k604_s2,0.20347298246021842,582
3,clinc150,spectral_k38_s0,0.3452359059367919,582
3,clinc150,spectral_k38_s1,0.32598386360699666,582
3,clinc150,spectral_k38_s2,0.2923977299784904,582
3,clinc150,spectral_k76_s0,0.2832637622680702,582
3,clinc150,spectral_k76_s1,0.275098187844923,582
3,clinc150,spectral_k76_s2,0.2682400486794337,582
3,clinc150,spectral_k151_s0,0.2858209467505723,582
3,clinc150,spectral_k151_s1,0.28918863217255375,582
3,clinc150,spectral_k151_s2,0.29296748057355987,582
3,clinc150,spectral_k302_s0,0.22010270237174376,582
3,clinc150,spectral_k302_s1,0.21782285819356934,582
3,clinc150,spectral_k302_s2,0.221021625039752,582
3,clinc150,spectral_k604_s0,0.1448452123647089,582
3,clinc150,spectral_k604_s1,0.1567525893875679,582
3,clinc150,spectral_k604_s2,0.1587801516817781,582
3,clinc150,ward_k38,0.35506539676576354,582
3,clinc150,ward_k76,0.34103409485943487,582
3,clinc150,ward_k151,0.296257078302754,582
3,clinc150,ward_k302,0.24184333164848085,582
3,clinc150,ward_k604,0.1801862197607245,582
3,clinc150,leiden_k38_s0,0.34881315991318435,582
3,clinc150,leiden_k38_s1,0.3441114346945379,582
3,clinc150,leiden_k38_s2,0.34117040397316384,582
3,clinc150,leiden_k76_s0,0.337958960897971,582
3,clinc150,leiden_k76_s1,0.34938463241545065,582
3,clinc150,leiden_k76_s2,0.3429399610314562,582
3,clinc150,leiden_k151_s0,0.30662745896098703,582
3,clinc150,leiden_k151_s1,0.30224308880298745,582
3,clinc150,leiden_k151_s2,0.2985710891518385,582
3,clinc150,leiden_k302_s0,0.25702158397876274,582
3,clinc150,leiden_k302_s1,0.26298415813653997,582
3,clinc150,leiden_k302_s2,0.2575691731713159,582
3,clinc150,leiden_k604_s0,0.18353412286147497,582
3,clinc150,leiden_k604_s1,0.19274957385749472,582
3,clinc150,leiden_k604_s2,0.18338627475035868,582
3,clinc150_domain,kmeans_k2_s0,0.19307436400864872,775
3,clinc150_domain,kmeans_k2_s1,0.2478467222042872,775
3,clinc150_domain,kmeans_k2_s2,0.2478467222042872,775
3,clinc150_domain,kmeans_k5_s0,0.4603159110991947,775
3,clinc150_domain,kmeans_k5_s1,0.46174745609516266,775
3,clinc150_domain,kmeans_k5_s2,0.4250277698341908,775
3,clinc150_domain,kmeans_k10_s0,0.5470384333869415,775
3,clinc150_domain,kmeans_k10_s1,0.5304834325259083,775
3,clinc150_domain,kmeans_k10_s2,0.517819080364977,775
3,clinc150_domain,kmeans_k20_s0,0.5804004410113943,775
3,clinc150_domain,kmeans_k20_s1,0.6057488471816179,775
3,clinc150_domain,kmeans_k20_s2,0.5905471606631892,775
3,clinc150_domain,kmeans_k40_s0,0.6053210248587595,775
3,clinc150_domain,kmeans_k40_s1,0.6003067176501165,775
3,clinc150_domain,kmeans_k40_s2,0.5804289215522475,775
3,clinc150_domain,gmm_k2_s0,0.21423922873062898,775
3,clinc150_domain,gmm_k2_s1,0.16031413650219647,775
3,clinc150_domain,gmm_k2_s2,0.1929736470962341,775
3,clinc150_domain,gmm_k5_s0,0.41920391056208567,775
3,clinc150_domain,gmm_k5_s1,0.36602810589669443,775
3,clinc150_domain,gmm_k5_s2,0.37033419474797424,775
3,clinc150_domain,gmm_k10_s0,0.4907624996739092,775
3,clinc150_domain,gmm_k10_s1,0.4860663495727485,775
3,clinc150_domain,gmm_k10_s2,0.4750007887948732,775
3,clinc150_domain,gmm_k20_s0,0.5781675609213776,775
3,clinc150_domain,gmm_k20_s1,0.5548332699707155,775
3,clinc150_domain,gmm_k20_s2,0.5566631788886521,775
3,clinc150_domain,gmm_k40_s0,0.5976770907995822,775
3,clinc150_domain,gmm_k40_s1,0.5866995686555223,775
3,clinc150_domain,gmm_k40_s2,0.5940816733025529,775
3,clinc150_domain,spectral_k2_s0,0.01600535401461162,775
3,clinc150_domain,spectral_k2_s1,0.01600535401461162,775
3,clinc150_domain,spectral_k2_s2,0.01600535401461162,775
3,clinc150_domain,spectral_k5_s0,0.06725465057975255,775
3,clinc150_domain,spectral_k5_s1,0.06725465057975255,775
3,clinc150_domain,spectral_k5_s2,0.06725465057975255,775
3,clinc150_domain,spectral_k10_s0,0.3542364125288505,775
3,clinc150_domain,spectral_k10_s1,0.3542364125288505,775
3,clinc150_domain,spectral_k10_s2,0.35423641252885063,775
3,clinc150_domain,spectral_k20_s0,0.4996426675859033,775
3,clinc150_domain,spectral_k20_s1,0.49964266758590326,775
3,clinc150_domain,spectral_k20_s2,0.49964266758590326,775
3,clinc150_domain,spectral_k40_s0,0.552652679538247,775
3,clinc150_domain,spectral_k40_s1,0.5466450934062794,775
3,clinc150_domain,spectral_k40_s2,0.5490789012042139,775
3,clinc150_domain,ward_k2,0.23428631940373895,775
3,clinc150_domain,ward_k5,0.48831742761877234,775
3,clinc150_domain,ward_k10,0.5964235386971743,775
3,clinc150_domain,ward_k20,0.6061303301160957,775
3,clinc150_domain,ward_k40,0.6124171007629974,775
3,clinc150_domain,leiden_k2_s0,0.01600535401461162,775
3,clinc150_domain,leiden_k2_s1,0.01600535401461162,775
3,clinc150_domain,leiden_k2_s2,0.09016320288678874,775
3,clinc150_domain,leiden_k5_s0,0.30250241729805155,775
3,clinc150_domain,leiden_k5_s1,0.29482763070554524,775
3,clinc150_domain,leiden_k5_s2,0.3153575431071373,775
3,clinc150_domain,leiden_k10_s0,0.49267663144084306,775
3,clinc150_domain,leiden_k10_s1,0.5194429948098598,775
3,clinc150_domain,leiden_k10_s2,0.4880534949591026,775
3,clinc150_domain,leiden_k20_s0,0.5712998011198153,775
3,clinc150_domain,leiden_k20_s1,0.569065568479583,775
3,clinc150_domain,leiden_k20_s2,0.5751753691011711,775
3,clinc150_domain,leiden_k40_s0,0.5952325465322136,775
3,clinc150_domain,leiden_k40_s1,0.589582100781886,775
3,clinc150_domain,leiden_k40_s2,0.5972951241664466,775
3,dbpedia,kmeans_k4_s0,0.6191300956109901,844
3,dbpedia,kmeans_k4_s1,0.5454619354472767,844
3,dbpedia,kmeans_k4_s2,0.6007944245066738,844
3,dbpedia,kmeans_k7_s0,0.6817752453872628,844
3,dbpedia,kmeans_k7_s1,0.6798949839342634,844
3,dbpedia,kmeans_k7_s2,0.6974603664898328,844
3,dbpedia,kmeans_k14_s0,0.6258579079130963,844
3,dbpedia,kmeans_k14_s1,0.670174305652567,844
3,dbpedia,kmeans_k14_s2,0.6812676480076058,844
3,dbpedia,kmeans_k28_s0,0.6153289720975196,844
3,dbpedia,kmeans_k28_s1,0.6321940068217277,844
3,dbpedia,kmeans_k28_s2,0.5989380443514328,844
3,dbpedia,kmeans_k56_s0,0.5505839973550625,844
3,dbpedia,kmeans_k56_s1,0.5413004302932091,844
3,dbpedia,kmeans_k56_s2,0.5419453701774076,844
3,dbpedia,gmm_k4_s0,0.5432863571163666,844
3,dbpedia,gmm_k4_s1,0.6449006358200955,844
3,dbpedia,gmm_k4_s2,0.5432863571163666,844
3,dbpedia,gmm_k7_s0,0.6532981120996726,844
3,dbpedia,gmm_k7_s1,0.6783907001695804,844
3,dbpedia,gmm_k7_s2,0.6783793854303365,844
3,dbpedia,gmm_k14_s0,0.6751750797463838,844
3,dbpedia,gmm_k14_s1,0.6840851186906491,844
3,dbpedia,gmm_k14_s2,0.6701710929157121,844
3,dbpedia,gmm_k28_s0,0.611045363409597,844
3,dbpedia,gmm_k28_s1,0.6144401250988374,844
3,dbpedia,gmm_k28_s2,0.6165995298427479,844
3,dbpedia,gmm_k56_s0,0.5596165350615153,844
3,dbpedia,gmm_k56_s1,0.5540044346308564,844
3,dbpedia,gmm_k56_s2,0.5494123117752471,844
3,dbpedia,spectral_k4_s0,0.5397068310481815,844
3,dbpedia,spectral_k4_s1,0.5397068310481815,844
3,dbpedia,spectral_k4_s2,0.5397068310481815,844
3,dbpedia,spectral_k7_s0,0.624795578431685,844
3,dbpedia,spectral_k7_s1,0.6247955784316851,844
3,dbpedia,spectral_k7_s2,0.624795578431685,844
3,dbpedia,spectral_k14_s0,0.5226599904986977,844
3,dbpedia,spectral_k14_s1,0.6285107280814964,844
3,dbpedia,spectral_k14_s2,0.5424332672870704,844
3,dbpedia,spectral_k28_s0,0.5980465977971109,844
3,dbpedia,spectral_k28_s1,0.599590703900152,844
3,dbpedia,spectral_k28_s2,0.5958061243124172,844
3,dbpedia,spectral_k56_s0,0.5278953423746253,844
3,dbpedia,spectral_k56_s1,0.5303782869832566,844
3,dbpedia,spectral_k56_s2,0.5423889604249933,844
3,dbpedia,ward_k4,0.5697819616810539,844
3,dbpedia,ward_k7,0.6149601508541714,844
3,dbpedia,ward_k14,0.6311160147773417,844
3,dbpedia,ward_k28,0.5885656781860964,844
3,dbpedia,ward_k56,0.5271815994494942,844
3,dbpedia,leiden_k4_s0,0.5392735991853697,844
3,dbpedia,leiden_k4_s1,0.539300229083846,844
3,dbpedia,leiden_k4_s2,0.5392735991853697,844
3,dbpedia,leiden_k7_s0,0.6860188502421247,844
3,dbpedia,leiden_k7_s1,0.6718451383731495,844
3,dbpedia,leiden_k7_s2,0.7004869805062339,844
3,dbpedia,leiden_k14_s0,0.7063217228570483,844
3,dbpedia,leiden_k14_s1,0.6930961300673241,844
3,dbpedia,leiden_k14_s2,0.714384774702065,844
3,dbpedia,leiden_k28_s0,0.6172827309533804,844
3,dbpedia,leiden_k28_s1,0.6166904535865768,844
3,dbpedia,leiden_k28_s2,0.6223768497170677,844
3,dbpedia,leiden_k56_s0,0.5494908276489752,844
3,dbpedia,leiden_k56_s1,0.5502371857166233,844
3,dbpedia,leiden_k56_s2,0.5525672127188259,844
3,fewevent,kmeans_k8_s0,0.5890401554206492,693
3,fewevent,kmeans_k8_s1,0.6436208152371518,693
3,fewevent,kmeans_k8_s2,0.6399548842541545,693
3,fewevent,kmeans_k17_s0,0.5906719836177395,693
3,fewevent,kmeans_k17_s1,0.5896853591825092,693
3,fewevent,kmeans_k17_s2,0.5831667941058057,693
3,fewevent,kmeans_k34_s0,0.5517010316259809,693
3,fewevent,kmeans_k34_s1,0.5371788797864598,693
3,fewevent,kmeans_k34_s2,0.5482344257455641,693
3,fewevent,kmeans_k68_s0,0.48580542151793865,693
3,fewevent,kmeans_k68_s1,0.47726823547583935,693
3,fewevent,kmeans_k68_s2,0.49035128448852566,693
3,fewevent,kmeans_k136_s0,0.42938709499505645,693
3,fewevent,kmeans_k136_s1,0.418071113353727,693
3,fewevent,kmeans_k136_s2,0.434764246428521,693
3,fewevent,gmm_k8_s0,0.5992894716276308,693
3,fewevent,gmm_k8_s1,0.6312327956881614,693
3,fewevent,gmm_k8_s2,0.5992894716276308,693
3,fewevent,gmm_k17_s0,0.6142340712745148,693
3,fewevent,gmm_k17_s1,0.6073836263913421,693
3,fewevent,gmm_k17_s2,0.6037965481463403,693
3,fewevent,gmm_k34_s0,0.526260382395585,693
3,fewevent,gmm_k34_s1,0.5485755996159256,693
3,fewevent,gmm_k34_s2,0.5576721298564151,693
3,fewevent,gmm_k68_s0,0.4795742830769582,693
3,fewevent,gmm_k68_s1,0.48604171443209865,693
3,fewevent,gmm_k68_s2,0.4829097518081789,693
3,fewevent,gmm_k136_s0,0.4071231855901121,693
3,fewevent,gmm_k136_s1,0.4078065361448041,693
3,fewevent,gmm_k136_s2,0.4061702682417675,693
3,fewevent,spectral_k8_s0,0.606153222567891,693
3,fewevent,spectral_k8_s1,0.6061532225678911,693
3,fewevent,spectral_k8_s2,0.6061532225678911,693
3,fewevent,spectral_k17_s0,0.6243759444356446,693
3,fewevent,spectral_k17_s1,0.6243759444356446,693
3,fewevent,spectral_k17_s2,0.6243759444356445,693
3,fewevent,spectral_k34_s0,0.5587335110713617,693
3,fewevent,spectral_k34_s1,0.5522783362148964,693
3,fewevent,spectral_k34_s2,0.5522783362148962,693
3,fewevent,spectral_k68_s0,0.47516148478614256,693
3,fewevent,spectral_k68_s1,0.46815820696248445,693
3,fewevent,spectral_k68_s2,0.4685511390512282,693
3,fewevent,spectral_k136_s0,0.3939018282325179,693
3,fewevent,spectral_k136_s1,0.3914329596721168,693
3,fewevent,spectral_k136_s2,0.4051883113208732,693
3,fewevent,ward_k8,0.5780296755483486,693
3,fewevent,ward_k17,0.5899668393203923,693
3,fewevent,ward_k34,0.542467775814825,693
3,fewevent,ward_k68,0.5032853226125747,693
3,fewevent,ward_k136,0.44369921753998426,693
3,fewevent,leiden_k8_s0,0.6121944064698108,693
3,fewevent,leiden_k8_s1,0.6144107476925309,693
3,fewevent,leiden_k8_s2,0.6110927936268875,693
3,fewevent,leiden_k17_s0,0.6122648464014168,693
3,fewevent,leiden_k17_s1,0.6149240966045582,693
3,fewevent,leiden_k17_s2,0.6005663460995615,693
3,fewevent,leiden_k34_s0,0.5440326482826386,693
3,fewevent,leiden_k34_s1,0.5517925496677402,693
3,fewevent,leiden_k34_s2,0.5525888068890492,693
3,fewevent,leiden_k68_s0,0.47250481594750654,693
3,fewevent,leiden_k68_s1,0.4819958095334656,693
3,fewevent,leiden_k68_s2,0.4733689988264471,693
3,fewevent,leiden_k136_s0,0.40778841917539055,693
3,fewevent,leiden_k136_s1,0.4076727208597049,693
3,fewevent,leiden_k136_s2,0.410644226368362,693
3,fewnerd,kmeans_k14_s0,0.22063117523690445,543
3,fewnerd,kmeans_k14_s1,0.23487794537728013,543
3,fewnerd,kmeans_k14_s2,0.23207860650803466,543
3,fewnerd,kmeans_k29_s0,0.2393989302016923,543
3,fewnerd,kmeans_k29_s1,0.2297492248833477,543
3,fewnerd,kmeans_k29_s2,0.23289635284241667,543
3,fewnerd,kmeans_k58_s0,0.19542716463805285,543
3,fewnerd,kmeans_k58_s1,0.20274320692271963,543
3,fewnerd,kmeans_k58_s2,0.2068286997906065,543
3,fewnerd,kmeans_k116_s0,0.16748510152773247,543
3,fewnerd,kmeans_k116_s1,0.19166791584835727,543
3,fewnerd,kmeans_k116_s2,0.17279958898159462,543
3,fewnerd,kmeans_k232_s0,0.1334462751142529,543
3,fewnerd,kmeans_k232_s1,0.13490105204037625,543
3,fewnerd,kmeans_k232_s2,0.12434882141083396,543
3,fewnerd,gmm_k14_s0,0.21408094404234956,543
3,fewnerd,gmm_k14_s1,0.21495911089603814,543
3,fewnerd,gmm_k14_s2,0.21169458786843465,543
3,fewnerd,gmm_k29_s0,0.21633334608196894,543
3,fewnerd,gmm_k29_s1,0.2087612781119479,543
3,fewnerd,gmm_k29_s2,0.21045278871658937,543
3,fewnerd,gmm_k58_s0,0.2111249267665139,543
3,fewnerd,gmm_k58_s1,0.2060984056746197,543
3,fewnerd,gmm_k58_s2,0.2044910141267974,543
3,fewnerd,gmm_k116_s0,0.1765083721610658,543
3,fewnerd,gmm_k116_s1,0.17456465656866926,543
3,fewnerd,gmm_k116_s2,0.17350542667505287,543
3,fewnerd,gmm_k232_s0,0.14388503171904446,543
3,fewnerd,gmm_k232_s1,0.15630445641222404,543
3,fewnerd,gmm_k232_s2,0.15127467776372502,543
3,fewnerd,spectral_k14_s0,0.2124099864583479,543
3,fewnerd,spectral_k14_s1,0.2091748625823757,543
3,fewnerd,spectral_k14_s2,0.20793202356821966,543
3,fewnerd,spectral_k29_s0,0.1867077098409106,543
3,fewnerd,spectral_k29_s1,0.2009483176820105,543
3,fewnerd,spectral_k29_s2,0.20388664056720338,543
3,fewnerd,spectral_k58_s0,0.19199380424637932,543
3,fewnerd,spectral_k58_s1,0.18593278986237935,543
3,fewnerd,spectral_k58_s2,0.18946162573894643,543
3,fewnerd,spectral_k116_s0,0.13692482980761894,543
3,fewnerd,spectral_k116_s1,0.14831670919851658,543
3,fewnerd,spectral_k116_s2,0.14258662569455563,543
3,fewnerd,spectral_k232_s0,0.1158201915646108,543
3,fewnerd,spectral_k232_s1,0.12408606769948707,543
3,fewnerd,spectral_k232_s2,0.10933782942737945,543
3,fewnerd,ward_k14,0.19705903381445514,543
3,fewnerd,ward_k29,0.209707848234814,543
3,fewnerd,ward_k58,0.19379091571580212,543
3,fewnerd,ward_k116,0.18319686386756245,543
3,fewnerd,ward_k232,0.14587786486732945,543
3,fewnerd,leiden_k14_s0,0.21599111607692245,543
3,fewnerd,leiden_k14_s1,0.20163514719914613,543
3,fewnerd,leiden_k14_s2,0.20000872686481283,543
3,fewnerd,leiden_k29_s0,0.22577779979781715,543
3,fewnerd,leiden_k29_s1,0.20901267525599115,543
3,fewnerd,leiden_k29_s2,0.222457483526757,543
3,fewnerd,leiden_k58_s0,0.19648514465537958,543
3,fewnerd,leiden_k58_s1,0.1941404206795675,543
3,fewnerd,leiden_k58_s2,0.19462260720763067,543
3,fewnerd,leiden_k116_s0,0.17869253312371536,543
3,fewnerd,leiden_k116_s1,0.17276712346829237,543
3,fewnerd,leiden_k116_s2,0.18203417408465333,543
3,fewnerd,leiden_k232_s0,0.1430914168295163,543
3,fewnerd,leiden_k232_s1,0.1562473068604863,543
3,fewnerd,leiden_k232_s2,0.13999096124292437,543
3,fewrel,kmeans_k16_s0,0.31878675877559565,393
3,fewrel,kmeans_k16_s1,0.29610791816107523,393
3,fewrel,kmeans_k16_s2,0.31984007543615156,393
3,fewrel,kmeans_k32_s0,0.3083668795601724,393
3,fewrel,kmeans_k32_s1,0.29830054593803534,393
3,fewrel,kmeans_k32_s2,0.30348265657572365,393
3,fewrel,kmeans_k64_s0,0.2602074867672334,393
3,fewrel,kmeans_k64_s1,0.25298709851998874,393
3,fewrel,kmeans_k64_s2,0.27708490849852535,393
3,fewrel,kmeans_k128_s0,0.2076753371123351,393
3,fewrel,kmeans_k128_s1,0.207536212447771,393
3,fewrel,kmeans_k128_s2,0.20556911238888556,393
3,fewrel,kmeans_k256_s0,0.18393624266006187,393
3,fewrel,kmeans_k256_s1,0.15771533705333343,393
3,fewrel,kmeans_k256_s2,0.15115751338044064,393
3,fewrel,gmm_k16_s0,0.3024314797503051,393
3,fewrel,gmm_k16_s1,0.29982907134897135,393
3,fewrel,gmm_k16_s2,0.2916972545420758,393
3,fewrel,gmm_k32_s0,0.30581035161180126,393
3,fewrel,gmm_k32_s1,0.29769546400324753,393
3,fewrel,gmm_k32_s2,0.30324757957346005,393
3,fewrel,gmm_k64_s0,0.2839671601960701,393
3,fewrel,gmm_k64_s1,0.2712449128475695,393
3,fewrel,gmm_k64_s2,0.28626795174593056,393
3,fewrel,gmm_k128_s0,0.23988541541358407,393
3,fewrel,gmm_k128_s1,0.24102266242026904,393
3,fewrel,gmm_k128_s2,0.23656040378400978,393
3,fewrel,gmm_k256_s0,0.1735731503369448,393
3,fewrel,gmm_k256_s1,0.1840197706738886,393
3,fewrel,gmm_k256_s2,0.18847659160976263,393
3,fewrel,spectral_k16_s0,0.2842778125606004,393
3,fewrel,spectral_k16_s1,0.28600324421698803,393
3,fewrel,spectral_k16_s2,0.2842778125606004,393
3,fewrel,spectral_k32_s0,0.28641483523015293,393
3,fewrel,spectral_k32_s1,0.29238242928446695,393
3,fewrel,spectral_k32_s2,0.29895569332818167,393
3,fewrel,spectral_k64_s0,0.24179208492897122,393
3,fewrel,spectral_k64_s1,0.2382276615710948,393
3,fewrel,spectral_k64_s2,0.23815050845824196,393
3,fewrel,spectral_k128_s0,0.17680634773349205,393
3,fewrel,spectral_k128_s1,0.17044677432001043,393
3,fewrel,spectral_k128_s2,0.17544604241414558,393
3,fewrel,spectral_k256_s0,0.1388341312203153,393
3,fewrel,spectral_k256_s1,0.12748460982043125,393
3,fewrel,spectral_k256_s2,0.12476103575808185,393
3,fewrel,ward_k16,0.26306917286874437,393
3,fewrel,ward_k32,0.26046778103543955,393
3,fewrel,ward_k64,0.23237807612688482,393
3,fewrel,ward_k128,0.1956487815290282,393
3,fewrel,ward_k256,0.1452851360498346,393
3,fewrel,leiden_k16_s0,0.3139648827568054,393
3,fewrel,leiden_k16_s1,0.2915254809216083,393
3,fewrel,leiden_k16_s2,0.31888357748286683,393
3,fewrel,leiden_k32_s0,0.31643279926368706,393
3,fewrel,leiden_k32_s1,0.3136660152994286,393
3,fewrel,leiden_k32_s2,0.32072553674643545,393
3,fewrel,leiden_k64_s0,0.28402937304602244,393
3,fewrel,leiden_k64_s1,0.28483670457216537,393
3,fewrel,leiden_k64_s2,0.2942083482655756,393
3,fewrel,leiden_k128_s0,0.2212632985163352,393
3,fewrel,leiden_k128_s1,0.24506719647618816,393
3,fewrel,leiden_k128_s2,0.24264707509168099,393
3,fewrel,leiden_k256_s0,0.16359599843145345,393
3,fewrel,leiden_k256_s1,0.15985497371434243,393
3,fewrel,leiden_k256_s2,0.16648421666505228,393
3,massive_domain,kmeans_k4_s0,0.3984459437817373,803
3,massive_domain,kmeans_k4_s1,0.3568334490924182,803
3,massive_domain,kmeans_k4_s2,0.35786384602396615,803
3,massive_domain,kmeans_k9_s0,0.5653832230840315,803
3,massive_domain,kmeans_k9_s1,0.56231975086111,803
3,massive_domain,kmeans_k9_s2,0.49926487454519014,803
3,massive_domain,kmeans_k18_s0,0.5824502276725207,803
3,massive_domain,kmeans_k18_s1,0.608390861190288,803
3,massive_domain,kmeans_k18_s2,0.6104227785004773,803
3,massive_domain,kmeans_k36_s0,0.5874977183359164,803
3,massive_domain,kmeans_k36_s1,0.5933964819244828,803
3,massive_domain,kmeans_k36_s2,0.5942128158330336,803
3,massive_domain,kmeans_k72_s0,0.5430989411214466,803
3,massive_domain,kmeans_k72_s1,0.5486803697103009,803
3,massive_domain,kmeans_k72_s2,0.534114640662842,803
3,massive_domain,gmm_k4_s0,0.3895595409043717,803
3,massive_domain,gmm_k4_s1,0.42773523475624325,803
3,massive_domain,gmm_k4_s2,0.3717283395242059,803
3,massive_domain,gmm_k9_s0,0.5855198764344827,803
3,massive_domain,gmm_k9_s1,0.6086306800938857,803
3,massive_domain,gmm_k9_s2,0.6035074674049722,803
3,massive_domain,gmm_k18_s0,0.6424471854427403,803
3,massive_domain,gmm_k18_s1,0.6372437115661456,803
3,massive_domain,gmm_k18_s2,0.6417791055405057,803
3,massive_domain,gmm_k36_s0,0.6281925239323075,803
3,massive_domain,gmm_k36_s1,0.6286147884806118,803
3,massive_domain,gmm_k36_s2,0.6209132203298875,803
3,massive_domain,gmm_k72_s0,0.5774341302480194,803
3,massive_domain,gmm_k72_s1,0.582797906785175,803
3,massive_domain,gmm_k72_s2,0.5757024447808889,803
3,massive_domain,spectral_k4_s0,0.40942051478796826,803
3,massive_domain,spectral_k4_s1,0.40942051478796815,803
3,massive_domain,spectral_k4_s2,0.40942051478796826,803
3,massive_domain,spectral_k9_s0,0.590383616749252,803
3,massive_domain,spectral_k9_s1,0.590383616749252,803
3,massive_domain,spectral_k9_s2,0.590383616749252,803
3,massive_domain,spectral_k18_s0,0.6117512877127692,803
3,massive_domain,spectral_k18_s1,0.6117512877127692,803
3,massive_domain,spectral_k18_s2,0.6114373031643711,803
3,massive_domain,spectral_k36_s0,0.5941625741756464,803
3,massive_domain,spectral_k36_s1,0.5919980067930256,803
3,massive_domain,spectral_k36_s2,0.5919980067930257,803
3,massive_domain,spectral_k72_s0,0.5344688333665981,803
3,massive_domain,spectral_k72_s1,0.5369867883802258,803
3,massive_domain,spectral_k72_s2,0.5327657910011508,803
3,massive_domain,ward_k4,0.4091291889353235,803
3,massive_domain,ward_k9,0.528970329681505,803
3,massive_domain,ward_k18,0.5893285283404552,803
3,massive_domain,ward_k36,0.5841636543178687,803
3,massive_domain,ward_k72,0.5472264347332407,803
3,massive_domain,leiden_k4_s0,0.41889665258346775,803
3,massive_domain,leiden_k4_s1,0.37030619698905715,803
3,massive_domain,leiden_k4_s2,0.37357359956978836,803
3,massive_domain,leiden_k9_s0,0.6058559680624311,803
3,massive_domain,leiden_k9_s1,0.6092617501264886,803
3,massive_domain,leiden_k9_s2,0.5721918614575933,803
3,massive_domain,leiden_k18_s0,0.6500070668357046,803
3,massive_domain,leiden_k18_s1,0.6457125850547338,803
3,massive_domain,leiden_k18_s2,0.6483819897601504,803
3,massive_domain,leiden_k36_s0,0.6292552988122179,803
3,massive_domain,leiden_k36_s1,0.6246494696852214,803
3,massive_domain,leiden_k36_s2,0.6279259109012841,803
3,massive_domain,leiden_k72_s0,0.5715100314624534,803
3,massive_domain,leiden_k72_s1,0.5757123835231783,803
3,massive_domain,leiden_k72_s2,0.5668893595073946,803
3,massive_intent,kmeans_k15_s0,0.5820109030581652,804
3,massive_intent,kmeans_k15_s1,0.6073111036431047,804
3,massive_intent,kmeans_k15_s2,0.640038906910331,804
3,massive_intent,kmeans_k30_s0,0.6224826398336337,804
3,massive_intent,kmeans_k30_s1,0.6294118223856104,804
3,massive_intent,kmeans_k30_s2,0.6298665816049008,804
3,massive_intent,kmeans_k59_s0,0.5705940278990771,804
3,massive_intent,kmeans_k59_s1,0.5692602875159418,804
3,massive_intent,kmeans_k59_s2,0.5671593539848874,804
3,massive_intent,kmeans_k118_s0,0.5066484094372598,804
3,massive_intent,kmeans_k118_s1,0.4872537802901967,804
3,massive_intent,kmeans_k118_s2,0.5021416516412713,804
3,massive_intent,kmeans_k236_s0,0.4108235446432663,804
3,massive_intent,kmeans_k236_s1,0.40571113680549914,804
3,massive_intent,kmeans_k236_s2,0.42525897999482426,804
3,massive_intent,gmm_k15_s0,0.667699581760137,804
3,massive_intent,gmm_k15_s1,0.6676995817601369,804
3,massive_intent,gmm_k15_s2,0.6659707568871795,804
3,massive_intent,gmm_k30_s0,0.6502030343828307,804
3,massive_intent,gmm_k30_s1,0.6529591472659534,804
3,massive_intent,gmm_k30_s2,0.6504173582788627,804
3,massive_intent,gmm_k59_s0,0.5852052884226349,804
3,massive_intent,gmm_k59_s1,0.586871481289591,804
3,massive_intent,gmm_k59_s2,0.5871844868196314,804
3,massive_intent,gmm_k118_s0,0.5138358475784407,804
3,massive_intent,gmm_k118_s1,0.5197591906748258,804
3,massive_intent,gmm_k118_s2,0.517440625749452,804
3,massive_intent,gmm_k236_s0,0.4245132942539629,804
3,massive_intent,gmm_k236_s1,0.4310100876285195,804
3,massive_intent,gmm_k236_s2,0.4282387843078258,804
3,massive_intent,spectral_k15_s0,0.5999741030652727,804
3,massive_intent,spectral_k15_s1,0.5999741030652728,804
3,massive_intent,spectral_k15_s2,0.5999741030652728,804
3,massive_intent,spectral_k30_s0,0.6276107342266194,804
3,massive_intent,spectral_k30_s1,0.6278550646945964,804
3,massive_intent,spectral_k30_s2,0.6291432698085572,804
3,massive_intent,spectral_k59_s0,0.5666215595253286,804
3,massive_intent,spectral_k59_s1,0.5810287730141069,804
3,massive_intent,spectral_k59_s2,0.5653333203127883,804
3,massive_intent,spectral_k118_s0,0.48180102871846187,804
3,massive_intent,spectral_k118_s1,0.4775803854087901,804
3,massive_intent,spectral_k118_s2,0.48098206151491074,804
3,massive_intent,spectral_k236_s0,0.37371065809430243,804
3,massive_intent,spectral_k236_s1,0.36637198963161804,804
3,massive_intent,spectral_k236_s2,0.36692607480472156,804
3,massive_intent,ward_k15,0.6258529975040319,804
3,massive_intent,ward_k30,0.6148655936782426,804
3,massive_intent,ward_k59,0.5704350558984771,804
3,massive_intent,ward_k118,0.49842064461828817,804
3,massive_intent,ward_k236,0.41223889031812955,804
3,massive_intent,leiden_k15_s0,0.6679133664888355,804
3,massive_intent,leiden_k15_s1,0.6623081800796825,804
3,massive_intent,leiden_k15_s2,0.6504154136608522,804
3,massive_intent,leiden_k30_s0,0.6347323944338851,804
3,massive_intent,leiden_k30_s1,0.6410094531045366,804
3,massive_intent,leiden_k30_s2,0.6468818749130056,804
3,massive_intent,leiden_k59_s0,0.577174948131562,804
3,massive_intent,leiden_k59_s1,0.5856704445722177,804
3,massive_intent,leiden_k59_s2,0.5816022713506281,804
3,massive_intent,leiden_k118_s0,0.5114675884116203,804
3,massive_intent,leiden_k118_s1,0.5124249645460323,804
3,massive_intent,leiden_k118_s2,0.5173001132759395,804
3,massive_intent,leiden_k236_s0,0.4111997812662899,804
3,massive_intent,leiden_k236_s1,0.4140735916548412,804
3,massive_intent,leiden_k236_s2,0.4173946903688318,804
3,mcid,kmeans_k4_s0,0.24226628909826514,692
3,mcid,kmeans_k4_s1,0.18911941046127723,692
3,mcid,kmeans_k4_s2,0.13208894390269538,692
3,mcid,kmeans_k8_s0,0.3701637164245764,692
3,mcid,kmeans_k8_s1,0.3990773050753058,692
3,mcid,kmeans_k8_s2,0.32130383278639807,692
3,mcid,kmeans_k16_s0,0.450174557885514,692
3,mcid,kmeans_k16_s1,0.4300183166878915,692
3,mcid,kmeans_k16_s2,0.40738518824227266,692
3,mcid,kmeans_k32_s0,0.454291910473316,692
3,mcid,kmeans_k32_s1,0.4735770792342095,692
3,mcid,kmeans_k32_s2,0.4802919394121797,692
3,mcid,kmeans_k64_s0,0.46396224428127747,692
3,mcid,kmeans_k64_s1,0.46689529031881577,692
3,mcid,kmeans_k64_s2,0.4709336471414236,692
3,mcid,gmm_k4_s0,0.3032347078975839,692
3,mcid,gmm_k4_s1,0.3762659296117166,692
3,mcid,gmm_k4_s2,0.30323470789758383,692
3,mcid,gmm_k8_s0,0.5175266137451574,692
3,mcid,gmm_k8_s1,0.44402657255395755,692
3,mcid,gmm_k8_s2,0.5326893738088867,692
3,mcid,gmm_k16_s0,0.5900433430485641,692
3,mcid,gmm_k16_s1,0.6105644093922229,692
3,mcid,gmm_k16_s2,0.6185396231044626,692
3,mcid,gmm_k32_s0,0.5807803182259768,692
3,mcid,gmm_k32_s1,0.5813085736934532,692
3,mcid,gmm_k32_s2,0.5800834700697282,692
3,mcid,gmm_k64_s0,0.5173923421601999,692
3,mcid,gmm_k64_s1,0.5097280668852199,692
3,mcid,gmm_k64_s2,0.509888152804391,692
3,mcid,spectral_k4_s0,0.17834816808332238,692
3,mcid,spectral_k4_s1,0.17834816808332238,692
3,mcid,spectral_k4_s2,0.17834816808332235,692
3,mcid,spectral_k8_s0,0.40264422806913647,692
3,mcid,spectral_k8_s1,0.4026442280691366,692
3,mcid,spectral_k8_s2,0.4026442280691365,692
3,mcid,spectral_k16_s0,0.53755370784891,692
3,mcid,spectral_k16_s1,0.53755370784891,692
3,mcid,spectral_k16_s2,0.5371316194774021,692
3,mcid,spectral_k32_s0,0.5465773042716945,692
3,mcid,spectral_k32_s1,0.5564733190423988,692
3,mcid,spectral_k32_s2,0.5478285085806254,692
3,mcid,spectral_k64_s0,0.48422905353620965,692
3,mcid,spectral_k64_s1,0.48487044001585394,692
3,mcid,spectral_k64_s2,0.487023464279711,692
3,mcid,ward_k4,0.34603257720969244,692
3,mcid,ward_k8,0.4093303396747233,692
3,mcid,ward_k16,0.5279058426147041,692
3,mcid,ward_k32,0.5505047180563866,692
3,mcid,ward_k64,0.5089252553021921,692
3,mcid,leiden_k4_s0,0.29307229624451264,692
3,mcid,leiden_k4_s1,0.32942193880854703,692
3,mcid,leiden_k4_s2,0.3600717112462195,692
3,mcid,leiden_k8_s0,0.48574030773859644,692
3,mcid,leiden_k8_s1,0.46140033661593766,692
3,mcid,leiden_k8_s2,0.35184944660600914,692
3,mcid,leiden_k16_s0,0.5841860601548513,692
3,mcid,leiden_k16_s1,0.5881565434849848,692
3,mcid,leiden_k16_s2,0.5911029017117576,692
3,mcid,leiden_k32_s0,0.5579506673916127,692
3,mcid,leiden_k32_s1,0.5514062348429303,692
3,mcid,leiden_k32_s2,0.5504049881718378,692
3,mcid,leiden_k64_s0,0.49022314516456666,692
3,mcid,leiden_k64_s1,0.49441628205739824,692
3,mcid,leiden_k64_s2,0.5007037994935255,692
3,mtop_domain,kmeans_k3_s0,0.4046937683503682,864
3,mtop_domain,kmeans_k3_s1,0.5704157323976663,864
3,mtop_domain,kmeans_k3_s2,0.5200375635607953,864
3,mtop_domain,kmeans_k6_s0,0.6865242671874399,864
3,mtop_domain,kmeans_k6_s1,0.6865242671874398,864
3,mtop_domain,kmeans_k6_s2,0.6683106518068321,864
3,mtop_domain,kmeans_k11_s0,0.7740068201184087,864
3,mtop_domain,kmeans_k11_s1,0.8058595679660394,864
3,mtop_domain,kmeans_k11_s2,0.8065799537502863,864
3,mtop_domain,kmeans_k22_s0,0.706447555334131,864
3,mtop_domain,kmeans_k22_s1,0.7271772040903162,864
3,mtop_domain,kmeans_k22_s2,0.7121924152761973,864
3,mtop_domain,kmeans_k44_s0,0.6075747784868187,864
3,mtop_domain,kmeans_k44_s1,0.6264362588263586,864
3,mtop_domain,kmeans_k44_s2,0.61061821769461,864
3,mtop_domain,gmm_k3_s0,0.5744196859558077,864
3,mtop_domain,gmm_k3_s1,0.5741362348366069,864
3,mtop_domain,gmm_k3_s2,0.5308978354830499,864
3,mtop_domain,gmm_k6_s0,0.7627385158552835,864
3,mtop_domain,gmm_k6_s1,0.7703144301673788,864
3,mtop_domain,gmm_k6_s2,0.7627385158552835,864
3,mtop_domain,gmm_k11_s0,0.8101704170410099,864
3,mtop_domain,gmm_k11_s1,0.7937783216327815,864
3,mtop_domain,gmm_k11_s2,0.8144044925487381,864
3,mtop_domain,gmm_k22_s0,0.7445153212432487,864
3,mtop_domain,gmm_k22_s1,0.7372442138398978,864
3,mtop_domain,gmm_k22_s2,0.7296251118786354,864
3,mtop_domain,gmm_k44_s0,0.6502320849296642,864
3,mtop_domain,gmm_k44_s1,0.6357900553085472,864
3,mtop_domain,gmm_k44_s2,0.641115371198793,864
3,mtop_domain,spectral_k3_s0,0.390436569444762,864
3,mtop_domain,spectral_k3_s1,0.390436569444762,864
3,mtop_domain,spectral_k3_s2,0.390436569444762,864
3,mtop_domain,spectral_k6_s0,0.7464983369227997,864
3,mtop_domain,spectral_k6_s1,0.7464983369227997,864
3,mtop_domain,spectral_k6_s2,0.7464983369227998,864
3,mtop_domain,spectral_k11_s0,0.7678116826518113,864
3,mtop_domain,spectral_k11_s1,0.7678116826518115,864
3,mtop_domain,spectral_k11_s2,0.7678116826518113,864
3,mtop_domain,spectral_k22_s0,0.7449652361252057,864
3,mtop_domain,spectral_k22_s1,0.744548898332602,864
3,mtop_domain,spectral_k22_s2,0.7293776196164867,864
3,mtop_domain,spectral_k44_s0,0.6425155003410243,864
3,mtop_domain,spectral_k44_s1,0.6463773220985098,864
3,mtop_domain,spectral_k44_s2,0.6504964497034172,864
3,mtop_domain,ward_k3,0.5486921453183065,864
3,mtop_domain,ward_k6,0.6480655861120447,864
3,mtop_domain,ward_k11,0.7566702534122682,864
3,mtop_domain,ward_k22,0.6989481484615758,864
3,mtop_domain,ward_k44,0.6234800693535609,864
3,mtop_domain,leiden_k3_s0,0.5534563966041752,864
3,mtop_domain,leiden_k3_s1,0.4870768419914124,864
3,mtop_domain,leiden_k3_s2,0.5061523535555111,864
3,mtop_domain,leiden_k6_s0,0.7537080654835879,864
3,mtop_domain,leiden_k6_s1,0.7627385158552835,864
3,mtop_domain,leiden_k6_s2,0.7624434139466251,864
3,mtop_domain,leiden_k11_s0,0.7959130819719918,864
3,mtop_domain,leiden_k11_s1,0.7928169080386009,864
3,mtop_domain,leiden_k11_s2,0.8136897549911971,864
3,mtop_domain,leiden_k22_s0,0.7380645229187357,864
3,mtop_domain,leiden_k22_s1,0.7324292072954791,864
3,mtop_domain,leiden_k22_s2,0.7279700108091204,864
3,mtop_domain,leiden_k44_s0,0.6402540635612202,864
3,mtop_domain,leiden_k44_s1,0.6343824242244348,864
3,mtop_domain,leiden_k44_s2,0.6255361438093567,864
3,mtop_intent,kmeans_k26_s0,0.7392344380266777,833
3,mtop_intent,kmeans_k26_s1,0.7328004630456567,833
3,mtop_intent,kmeans_k26_s2,0.717736735471062,833
3,mtop_intent,kmeans_k51_s0,0.6325767261009559,833
3,mtop_intent,kmeans_k51_s1,0.6313287382117293,833
3,mtop_intent,kmeans_k51_s2,0.6220562722800304,833
3,mtop_intent,kmeans_k102_s0,0.5429121191117614,833
3,mtop_intent,kmeans_k102_s1,0.5471606940129102,833
3,mtop_intent,kmeans_k102_s2,0.5551837866876427,833
3,mtop_intent,kmeans_k204_s0,0.45336160494236677,833
3,mtop_intent,kmeans_k204_s1,0.4471838750708144,833
3,mtop_intent,kmeans_k204_s2,0.4471148271029146,833
3,mtop_intent,kmeans_k408_s0,0.34527570446603556,833
3,mtop_intent,kmeans_k408_s1,0.3451758463781979,833
3,mtop_intent,kmeans_k408_s2,0.3455813148028698,833
3,mtop_intent,gmm_k26_s0,0.7509723091281265,833
3,mtop_intent,gmm_k26_s1,0.7556359557046973,833
3,mtop_intent,gmm_k26_s2,0.750044392643955,833
3,mtop_intent,gmm_k51_s0,0.6559985881619663,833
3,mtop_intent,gmm_k51_s1,0.6474718000547947,833
3,mtop_intent,gmm_k51_s2,0.6525272758848857,833
3,mtop_intent,gmm_k102_s0,0.549486943514438,833
3,mtop_intent,gmm_k102_s1,0.5448852188767869,833
3,mtop_intent,gmm_k102_s2,0.5472909494682084,833
3,mtop_intent,gmm_k204_s0,0.44028316386948757,833
3,mtop_intent,gmm_k204_s1,0.4386195244765945,833
3,mtop_intent,gmm_k204_s2,0.44031052773136087,833
3,mtop_intent,gmm_k408_s0,0.33618122778286197,833
3,mtop_intent,gmm_k408_s1,0.33721457949743905,833
3,mtop_intent,gmm_k408_s2,0.33379991879538895,833
3,mtop_intent,spectral_k26_s0,0.7513190419457402,833
3,mtop_intent,spectral_k26_s1,0.7513190419457401,833
3,mtop_intent,spectral_k26_s2,0.7513190419457402,833
3,mtop_intent,spectral_k51_s0,0.6314968864999997,833
3,mtop_intent,spectral_k51_s1,0.6422007563531413,833
3,mtop_intent,spectral_k51_s2,0.6480518781330521,833
3,mtop_intent,spectral_k102_s0,0.5511702360719817,833
3,mtop_intent,spectral_k102_s1,0.54617163972133,833
3,mtop_intent,spectral_k102_s2,0.5321116729399109,833
3,mtop_intent,spectral_k204_s0,0.40366025926070065,833
3,mtop_intent,spectral_k204_s1,0.41888028552322615,833
3,mtop_intent,spectral_k204_s2,0.41085613940683174,833
3,mtop_intent,spectral_k408_s0,0.2970334584009449,833
3,mtop_intent,spectral_k408_s1,0.2981659005487345,833
3,mtop_intent,spectral_k408_s2,0.2927449778979025,833
3,mtop_intent,ward_k26,0.7277042970663586,833
3,mtop_intent,ward_k51,0.6470480236073181,833
3,mtop_intent,ward_k102,0.5518144996651826,833
3,mtop_intent,ward_k204,0.4503568797134795,833
3,mtop_intent,ward_k408,0.3337100597881074,833
3,mtop_intent,leiden_k26_s0,0.7456876940739662,833
3,mtop_intent,leiden_k26_s1,0.7580551938669254,833
3,mtop_intent,leiden_k26_s2,0.7473405348251344,833
3,mtop_intent,leiden_k51_s0,0.6381921314805102,833
3,mtop_intent,leiden_k51_s1,0.6372901783992085,833
3,mtop_intent,leiden_k51_s2,0.6347571330820546,833
3,mtop_intent,leiden_k102_s0,0.5314931695475882,833
3,mtop_intent,leiden_k102_s1,0.5272033570686117,833
3,mtop_intent,leiden_k102_s2,0.5262606177273703,833
3,mtop_intent,leiden_k204_s0,0.42724747172725797,833
3,mtop_intent,leiden_k204_s1,0.4338415516564582,833
3,mtop_intent,leiden_k204_s2,0.43054802279452814,833
3,mtop_intent,leiden_k408_s0,0.31137116117559277,833
3,mtop_intent,leiden_k408_s1,0.32024028693283146,833
3,mtop_intent,leiden_k408_s2,0.327076492817931,833
3,reddit_s2s,kmeans_k12_s0,0.3424211664769102,596
3,reddit_s2s,kmeans_k12_s1,0.37034280492332255,596
3,reddit_s2s,kmeans_k12_s2,0.31123127693836444,596
3,reddit_s2s,kmeans_k24_s0,0.4360591428601165,596
3,reddit_s2s,kmeans_k24_s1,0.40706757115802344,596
3,reddit_s2s,kmeans_k24_s2,0.41728713417902397,596
3,reddit_s2s,kmeans_k49_s0,0.4401171504648817,596
3,reddit_s2s,kmeans_k49_s1,0.39752805177205797,596
3,reddit_s2s,kmeans_k49_s2,0.44216850145544584,596
3,reddit_s2s,kmeans_k98_s0,0.3750107215068236,596
3,reddit_s2s,kmeans_k98_s1,0.36942793086975456,596
3,reddit_s2s,kmeans_k98_s2,0.37742478708193467,596
3,reddit_s2s,kmeans_k196_s0,0.296704321027501,596
3,reddit_s2s,kmeans_k196_s1,0.3270366633403708,596
3,reddit_s2s,kmeans_k196_s2,0.2905887945772527,596
3,reddit_s2s,gmm_k12_s0,0.3572987229891188,596
3,reddit_s2s,gmm_k12_s1,0.3737713648189206,596
3,reddit_s2s,gmm_k12_s2,0.34217446617210445,596
3,reddit_s2s,gmm_k24_s0,0.4357393735523304,596
3,reddit_s2s,gmm_k24_s1,0.4364610310197704,596
3,reddit_s2s,gmm_k24_s2,0.43416491246863514,596
3,reddit_s2s,gmm_k49_s0,0.4304587309114843,596
3,reddit_s2s,gmm_k49_s1,0.4295224949352041,596
3,reddit_s2s,gmm_k49_s2,0.4271416626979764,596
3,reddit_s2s,gmm_k98_s0,0.3905389800352067,596
3,reddit_s2s,gmm_k98_s1,0.38908275597556136,596
3,reddit_s2s,gmm_k98_s2,0.398667042158735,596
3,reddit_s2s,gmm_k196_s0,0.3453231810704915,596
3,reddit_s2s,gmm_k196_s1,0.34734318441993195,596
3,reddit_s2s,gmm_k196_s2,0.3466934509322568,596
3,reddit_s2s,spectral_k12_s0,0.22302097352989694,596
3,reddit_s2s,spectral_k12_s1,0.2214765351657259,596
3,reddit_s2s,spectral_k12_s2,0.26893593916224384,596
3,reddit_s2s,spectral_k24_s0,0.31589450197203905,596
3,reddit_s2s,spectral_k24_s1,0.34571267697777525,596
3,reddit_s2s,spectral_k24_s2,0.31589450197203894,596
3,reddit_s2s,spectral_k49_s0,0.40170558640655446,596
3,reddit_s2s,spectral_k49_s1,0.40250881885465173,596
3,reddit_s2s,spectral_k49_s2,0.40414089625580235,596
3,reddit_s2s,spectral_k98_s0,0.34290691185018085,596
3,reddit_s2s,spectral_k98_s1,0.3367715341073756,596
3,reddit_s2s,spectral_k98_s2,0.33223204244697235,596
3,reddit_s2s,spectral_k196_s0,0.24590973745696243,596
3,reddit_s2s,spectral_k196_s1,0.24817635727477835,596
3,reddit_s2s,spectral_k196_s2,0.24082754371730522,596
3,reddit_s2s,ward_k12,0.2968709197159182,596
3,reddit_s2s,ward_k24,0.352247459002957,596
3,reddit_s2s,ward_k49,0.3798063011655808,596
3,reddit_s2s,ward_k98,0.3424739537398641,596
3,reddit_s2s,ward_k196,0.2977629900046265,596
3,reddit_s2s,leiden_k12_s0,0.3443652909173837,596
3,reddit_s2s,leiden_k12_s1,0.36535258343706345,596
3,reddit_s2s,leiden_k12_s2,0.3419229933048847,596
3,reddit_s2s,leiden_k24_s0,0.44125884872459975,596
3,reddit_s2s,leiden_k24_s1,0.4339708180730601,596
3,reddit_s2s,leiden_k24_s2,0.4300569182934216,596
3,reddit_s2s,leiden_k49_s0,0.4430077573227305,596
3,reddit_s2s,leiden_k49_s1,0.447332267823955,596
3,reddit_s2s,leiden_k49_s2,0.4369955438632798,596
3,reddit_s2s,leiden_k98_s0,0.41506111400714396,596
3,reddit_s2s,leiden_k98_s1,0.42076152650845916,596
3,reddit_s2s,leiden_k98_s2,0.40186331405996073,596
3,reddit_s2s,leiden_k196_s0,0.34704272652272367,596
3,reddit_s2s,leiden_k196_s1,0.3510315540894498,596
3,reddit_s2s,leiden_k196_s2,0.35461427715485927,596
3,snips,kmeans_k2_s0,0.2395477090721788,948
3,snips,kmeans_k2_s1,0.17310834458964103,948
3,snips,kmeans_k2_s2,0.2219335007273183,948
3,snips,kmeans_k4_s0,0.5401359796814909,948
3,snips,kmeans_k4_s1,0.5458624128889324,948
3,snips,kmeans_k4_s2,0.5127573461661291,948
3,snips,kmeans_k7_s0,0.6121854500419457,948
3,snips,kmeans_k7_s1,0.5662125114224497,948
3,snips,kmeans_k7_s2,0.6179289758083406,948
3,snips,kmeans_k14_s0,0.6168747839927474,948
3,snips,kmeans_k14_s1,0.6138824399595133,948
3,snips,kmeans_k14_s2,0.632097450638853,948
3,snips,kmeans_k28_s0,0.5714140960434981,948
3,snips,kmeans_k28_s1,0.5707171676624463,948
3,snips,kmeans_k28_s2,0.552022088056992,948
3,snips,gmm_k2_s0,0.2548726851160951,948
3,snips,gmm_k2_s1,0.2548726851160951,948
3,snips,gmm_k2_s2,0.2548726851160951,948
3,snips,gmm_k4_s0,0.5541666363564471,948
3,snips,gmm_k4_s1,0.5603557780044578,948
3,snips,gmm_k4_s2,0.5603557780044579,948
3,snips,gmm_k7_s0,0.6995163339210111,948
3,snips,gmm_k7_s1,0.6995163339210111,948
3,snips,gmm_k7_s2,0.6995163339210111,948
3,snips,gmm_k14_s0,0.641858630762282,948
3,snips,gmm_k14_s1,0.6657598682829736,948
3,snips,gmm_k14_s2,0.6541801030779806,948
3,snips,gmm_k28_s0,0.5835378657529833,948
3,snips,gmm_k28_s1,0.5827423186241717,948
3,snips,gmm_k28_s2,0.5732980657681616,948
3,snips,spectral_k2_s0,0.24953422942203687,948
3,snips,spectral_k2_s1,0.24953422942203687,948
3,snips,spectral_k2_s2,0.24953422942203687,948
3,snips,spectral_k4_s0,0.5496275980188304,948
3,snips,spectral_k4_s1,0.5496275980188304,948
3,snips,spectral_k4_s2,0.5496275980188303,948
3,snips,spectral_k7_s0,0.6941782656213461,948
3,snips,spectral_k7_s1,0.6941782656213461,948
3,snips,spectral_k7_s2,0.6941782656213463,948
3,snips,spectral_k14_s0,0.6487688055562993,948
3,snips,spectral_k14_s1,0.6491932769807681,948
3,snips,spectral_k14_s2,0.6487688055562993,948
3,snips,spectral_k28_s0,0.5933140211254044,948
3,snips,spectral_k28_s1,0.5921254093037809,948
3,snips,spectral_k28_s2,0.5922864782803979,948
3,snips,ward_k2,0.2579628939085229,948
3,snips,ward_k4,0.5409877909525069,948
3,snips,ward_k7,0.6636936212756599,948
3,snips,ward_k14,0.6538764212084279,948
3,snips,ward_k28,0.5860033447367603,948
3,snips,leiden_k2_s0,0.24953422942203687,948
3,snips,leiden_k2_s1,0.24953422942203687,948
3,snips,leiden_k2_s2,0.24953422942203687,948
3,snips,leiden_k4_s0,0.551868358897483,948
3,snips,leiden_k4_s1,0.551868358897483,948
3,snips,leiden_k4_s2,0.551868358897483,948
3,snips,leiden_k7_s0,0.6872241477156238,948
3,snips,leiden_k7_s1,0.6885236100427826,948
3,snips,leiden_k7_s2,0.6872241477156238,948
3,snips,leiden_k14_s0,0.6597793110107412,948
3,snips,leiden_k14_s1,0.6616649888025494,948
3,snips,leiden_k14_s2,0.6587860883619865,948
3,snips,leiden_k28_s0,0.5904108651520197,948
3,snips,leiden_k28_s1,0.581623527658574,948
3,snips,leiden_k28_s2,0.5781627487476371,948
3,stackexchange_cl,kmeans_k30_s0,0.47009325053248385,467
3,stackexchange_cl,kmeans_k30_s1,0.4858692170613892,467
3,stackexchange_cl,kmeans_k30_s2,0.49043018926357923,467
3,stackexchange_cl,kmeans_k60_s0,0.4259581894465063,467
3,stackexchange_cl,kmeans_k60_s1,0.44212925258676533,467
3,stackexchange_cl,kmeans_k60_s2,0.4354997107064667,467
3,stackexchange_cl,kmeans_k121_s0,0.3621934657303956,467
3,stackexchange_cl,kmeans_k121_s1,0.3600115623044318,467
3,stackexchange_cl,kmeans_k121_s2,0.37140543686455496,467
3,stackexchange_cl,kmeans_k242_s0,0.29110976793517324,467
3,stackexchange_cl,kmeans_k242_s1,0.29425927082944386,467
3,stackexchange_cl,kmeans_k242_s2,0.2895318865643021,467
3,stackexchange_cl,kmeans_k484_s0,0.21649410157969157,467
3,stackexchange_cl,kmeans_k484_s1,0.20851456585778758,467
3,stackexchange_cl,kmeans_k484_s2,0.2125167854092048,467
3,stackexchange_cl,gmm_k30_s0,0.492469936644059,467
3,stackexchange_cl,gmm_k30_s1,0.4989123480933641,467
3,stackexchange_cl,gmm_k30_s2,0.4960332440282388,467
3,stackexchange_cl,gmm_k60_s0,0.4370571580717215,467
3,stackexchange_cl,gmm_k60_s1,0.4416411240238762,467
3,stackexchange_cl,gmm_k60_s2,0.4349390668686025,467
3,stackexchange_cl,gmm_k121_s0,0.3791640085635276,467
3,stackexchange_cl,gmm_k121_s1,0.3776104900652385,467
3,stackexchange_cl,gmm_k121_s2,0.3842299217457554,467
3,stackexchange_cl,gmm_k242_s0,0.33611191839175125,467
3,stackexchange_cl,gmm_k242_s1,0.3218339306085056,467
3,stackexchange_cl,gmm_k242_s2,0.3206770828297775,467
3,stackexchange_cl,gmm_k484_s0,0.2659916732285577,467
3,stackexchange_cl,gmm_k484_s1,0.262975800450586,467
3,stackexchange_cl,gmm_k484_s2,0.25958929394202174,467
3,stackexchange_cl,spectral_k30_s0,0.41578480927551126,467
3,stackexchange_cl,spectral_k30_s1,0.40026108262532567,467
3,stackexchange_cl,spectral_k30_s2,0.4075890117615478,467
3,stackexchange_cl,spectral_k60_s0,0.38703394599216123,467
3,stackexchange_cl,spectral_k60_s1,0.3929654335712776,467
3,stackexchange_cl,spectral_k60_s2,0.39835882562830877,467
3,stackexchange_cl,spectral_k121_s0,0.3351695841271695,467
3,stackexchange_cl,spectral_k121_s1,0.3306158036831702,467
3,stackexchange_cl,spectral_k121_s2,0.3263718386089124,467
3,stackexchange_cl,spectral_k242_s0,0.2645421170223373,467
3,stackexchange_cl,spectral_k242_s1,0.24391224850740245,467
3,stackexchange_cl,spectral_k242_s2,0.2572820569035992,467
3,stackexchange_cl,spectral_k484_s0,0.16475424089569307,467
3,stackexchange_cl,spectral_k484_s1,0.17545787537729252,467
3,stackexchange_cl,spectral_k484_s2,0.17187948838465092,467
3,stackexchange_cl,ward_k30,0.4439239724473838,467
3,stackexchange_cl,ward_k60,0.41082753449348913,467
3,stackexchange_cl,ward_k121,0.35659931851239157,467
3,stackexchange_cl,ward_k242,0.2941100837482565,467
3,stackexchange_cl,ward_k484,0.21796516725468426,467
3,stackexchange_cl,leiden_k30_s0,0.4795536553643678,467
3,stackexchange_cl,leiden_k30_s1,0.4920856624340079,467
3,stackexchange_cl,leiden_k30_s2,0.47993023312382516,467
3,stackexchange_cl,leiden_k60_s0,0.4383588020148649,467
3,stackexchange_cl,leiden_k60_s1,0.43591746262337394,467
3,stackexchange_cl,leiden_k60_s2,0.44420322759387726,467
3,stackexchange_cl,leiden_k121_s0,0.38790832617080545,467
3,stackexchange_cl,leiden_k121_s1,0.38283429756014836,467
3,stackexchange_cl,leiden_k121_s2,0.3654036745535452,467
3,stackexchange_cl,leiden_k242_s0,0.3181706292849849,467
3,stackexchange_cl,leiden_k242_s1,0.3142920322913722,467
3,stackexchange_cl,leiden_k242_s2,0.30431897525800644,467
3,stackexchange_cl,leiden_k484_s0,0.22502041532384565,467
3,stackexchange_cl,leiden_k484_s1,0.23835658023964337,467
3,stackexchange_cl,leiden_k484_s2,0.22871797263954224,467
3,stackoverflow20,kmeans_k5_s0,0.5437526900580749,698
3,stackoverflow20,kmeans_k5_s1,0.5671139979776701,698
3,stackoverflow20,kmeans_k5_s2,0.5524041188933956,698
3,stackoverflow20,kmeans_k10_s0,0.6710809410896839,698
3,stackoverflow20,kmeans_k10_s1,0.7194832609479629,698
3,stackoverflow20,kmeans_k10_s2,0.7311352587813529,698
3,stackoverflow20,kmeans_k20_s0,0.8449430929252627,698
3,stackoverflow20,kmeans_k20_s1,0.8371075376444898,698
3,stackoverflow20,kmeans_k20_s2,0.8104317667235925,698
3,stackoverflow20,kmeans_k40_s0,0.7861185719093889,698
3,stackoverflow20,kmeans_k40_s1,0.8099538858514829,698
3,stackoverflow20,kmeans_k40_s2,0.8067699459089881,698
3,stackoverflow20,kmeans_k80_s0,0.7089016649636408,698
3,stackoverflow20,kmeans_k80_s1,0.6900066906964112,698
3,stackoverflow20,kmeans_k80_s2,0.6943393605136522,698
3,stackoverflow20,gmm_k5_s0,0.5818046739284283,698
3,stackoverflow20,gmm_k5_s1,0.5797419350359946,698
3,stackoverflow20,gmm_k5_s2,0.5842584413540405,698
3,stackoverflow20,gmm_k10_s0,0.7527434917509424,698
3,stackoverflow20,gmm_k10_s1,0.7584787094028655,698
3,stackoverflow20,gmm_k10_s2,0.7550432963137308,698
3,stackoverflow20,gmm_k20_s0,0.8548745237906915,698
3,stackoverflow20,gmm_k20_s1,0.8560084171651526,698
3,stackoverflow20,gmm_k20_s2,0.8561817883650408,698
3,stackoverflow20,gmm_k40_s0,0.8157820315370139,698
3,stackoverflow20,gmm_k40_s1,0.8173066687101533,698
3,stackoverflow20,gmm_k40_s2,0.8172070937069221,698
3,stackoverflow20,gmm_k80_s0,0.7316236963325994,698
3,stackoverflow20,gmm_k80_s1,0.7325877613493965,698
3,stackoverflow20,gmm_k80_s2,0.7398032871180931,698
3,stackoverflow20,spectral_k5_s0,0.4727703260581016,698
3,stackoverflow20,spectral_k5_s1,0.47277032605810154,698
3,stackoverflow20,spectral_k5_s2,0.5329137082871319,698
3,stackoverflow20,spectral_k10_s0,0.742401157614202,698
3,stackoverflow20,spectral_k10_s1,0.7424011576142019,698
3,stackoverflow20,spectral_k10_s2,0.7424011576142021,698
3,stackoverflow20,spectral_k20_s0,0.8445483252188305,698
3,stackoverflow20,spectral_k20_s1,0.8445483252188305,698
3,stackoverflow20,spectral_k20_s2,0.8451386845698703,698
3,stackoverflow20,spectral_k40_s0,0.7700832576110472,698
3,stackoverflow20,spectral_k40_s1,0.7671633284801499,698
3,stackoverflow20,spectral_k40_s2,0.780545892424383,698
3,stackoverflow20,spectral_k80_s0,0.6848401908353958,698
3,stackoverflow20,spectral_k80_s1,0.6804962729775923,698
3,stackoverflow20,spectral_k80_s2,0.6808350493425709,698
3,stackoverflow20,ward_k5,0.5185339653046961,698
3,stackoverflow20,ward_k10,0.6566339426063186,698
3,stackoverflow20,ward_k20,0.7559284839328035,698
3,stackoverflow20,ward_k40,0.7507796045110182,698
3,stackoverflow20,ward_k80,0.6723701378657285,698
3,stackoverflow20,leiden_k5_s0,0.5874782069029015,698
3,stackoverflow20,leiden_k5_s1,0.5915656728452198,698
3,stackoverflow20,leiden_k5_s2,0.5814349573526962,698
3,stackoverflow20,leiden_k10_s0,0.7581275432904334,698
3,stackoverflow20,leiden_k10_s1,0.7623003105379905,698
3,stackoverflow20,leiden_k10_s2,0.7670350717426542,698
3,stackoverflow20,leiden_k20_s0,0.8677635600761799,698
3,stackoverflow20,leiden_k20_s1,0.8596447205338038,698
3,stackoverflow20,leiden_k20_s2,0.8587014458100581,698
3,stackoverflow20,leiden_k40_s0,0.8433697825087436,698
3,stackoverflow20,leiden_k40_s1,0.8513452824483206,698
3,stackoverflow20,leiden_k40_s2,0.845667537842547,698
3,stackoverflow20,leiden_k80_s0,0.713339662617539,698
3,stackoverflow20,leiden_k80_s1,0.7092424271872264,698
3,stackoverflow20,leiden_k80_s2,0.7169669139018161,698
3,tweet89,kmeans_k22_s0,0.6792663129616014,639
3,tweet89,kmeans_k22_s1,0.684125015179202,639
3,tweet89,kmeans_k22_s2,0.6975965420389503,639
3,tweet89,kmeans_k44_s0,0.7189071564549081,639
3,tweet89,kmeans_k44_s1,0.7132426570207955,639
3,tweet89,kmeans_k44_s2,0.7226231239962323,639
3,tweet89,kmeans_k89_s0,0.6674503525391261,639
3,tweet89,kmeans_k89_s1,0.6596000136424637,639
3,tweet89,kmeans_k89_s2,0.6626723825593309,639
3,tweet89,kmeans_k178_s0,0.5622230467895805,639
3,tweet89,kmeans_k178_s1,0.5651515348461645,639
3,tweet89,kmeans_k178_s2,0.5495278911805962,639
3,tweet89,kmeans_k356_s0,0.4692544411209952,639
3,tweet89,kmeans_k356_s1,0.46421221756869524,639
3,tweet89,kmeans_k356_s2,0.4463351793912238,639
3,tweet89,gmm_k22_s0,0.7188557284153203,639
3,tweet89,gmm_k22_s1,0.7329590749407418,639
3,tweet89,gmm_k22_s2,0.7107925043968302,639
3,tweet89,gmm_k44_s0,0.7309738217893763,639
3,tweet89,gmm_k44_s1,0.7228748060019828,639
3,tweet89,gmm_k44_s2,0.7396513972026689,639
3,tweet89,gmm_k89_s0,0.6263820839181871,639
3,tweet89,gmm_k89_s1,0.6412556148256124,639
3,tweet89,gmm_k89_s2,0.6441964436973392,639
3,tweet89,gmm_k178_s0,0.5108028001810286,639
3,tweet89,gmm_k178_s1,0.5104497432315389,639
3,tweet89,gmm_k178_s2,0.514093480893438,639
3,tweet89,gmm_k356_s0,0.40842958802130525,639
3,tweet89,gmm_k356_s1,0.41823552408786546,639
3,tweet89,gmm_k356_s2,0.41437483376023637,639
3,tweet89,spectral_k22_s0,0.7245471947090362,639
3,tweet89,spectral_k22_s1,0.7316044512059806,639
3,tweet89,spectral_k22_s2,0.7316044512059805,639
3,tweet89,spectral_k44_s0,0.733415785296584,639
3,tweet89,spectral_k44_s1,0.7351879090034084,639
3,tweet89,spectral_k44_s2,0.7350436000518019,639
3,tweet89,spectral_k89_s0,0.6287443613179401,639
3,tweet89,spectral_k89_s1,0.6325048488917817,639
3,tweet89,spectral_k89_s2,0.6290270812966454,639
3,tweet89,spectral_k178_s0,0.49320281072754857,639
3,tweet89,spectral_k178_s1,0.49279380728344263,639
3,tweet89,spectral_k178_s2,0.49253238175270386,639
3,tweet89,spectral_k356_s0,0.3651000609719437,639
3,tweet89,spectral_k356_s1,0.34331526670494494,639
3,tweet89,spectral_k356_s2,0.3496319384943778,639
3,tweet89,ward_k22,0.719520034212569,639
3,tweet89,ward_k44,0.7340571482383597,639
3,tweet89,ward_k89,0.6582752529477677,639
3,tweet89,ward_k178,0.5431740834193381,639
3,tweet89,ward_k356,0.4407679089624156,639
3,tweet89,leiden_k22_s0,0.7231825441365554,639
3,tweet89,leiden_k22_s1,0.7263729230543496,639
3,tweet89,leiden_k22_s2,0.7203136402571308,639
3,tweet89,leiden_k44_s0,0.7325215901550144,639
3,tweet89,leiden_k44_s1,0.7367043181346187,639
3,tweet89,leiden_k44_s2,0.7355177532494266,639
3,tweet89,leiden_k89_s0,0.6279681395166419,639
3,tweet89,leiden_k89_s1,0.6209605049008305,639
3,tweet89,leiden_k89_s2,0.6208104253239506,639
3,tweet89,leiden_k178_s0,0.4993751541077996,639
3,tweet89,leiden_k178_s1,0.5115472075339912,639
3,tweet89,leiden_k178_s2,0.5080405686214857,639
3,tweet89,leiden_k356_s0,0.400735108483858,639
3,tweet89,leiden_k356_s1,0.4029175514003427,639
3,tweet89,leiden_k356_s2,0.40230843449879555,639
4,arxiv_fine,kmeans_k23_s0,0.24751011894508157,280
4,arxiv_fine,kmeans_k23_s1,0.240994335157599,280
4,arxiv_fine,kmeans_k23_s2,0.23537111313556394,280
4,arxiv_fine,kmeans_k46_s0,0.21212034448175396,280
4,arxiv_fine,kmeans_k46_s1,0.17422623193577674,280
4,arxiv_fine,kmeans_k46_s2,0.18440457587679657,280
4,arxiv_fine,kmeans_k93_s0,0.1679283444677389,280
4,arxiv_fine,kmeans_k93_s1,0.15223569251531316,280
4,arxiv_fine,kmeans_k93_s2,0.17860053012044758,280
4,arxiv_fine,kmeans_k186_s0,0.14988934971672385,280
4,arxiv_fine,kmeans_k186_s1,0.1120411692257896,280
4,arxiv_fine,kmeans_k186_s2,0.12049859433274081,280
4,arxiv_fine,kmeans_k372_s0,0.11605883877875013,280
4,arxiv_fine,kmeans_k372_s1,0.08855334560791579,280
4,arxiv_fine,kmeans_k372_s2,0.06884948577219453,280
4,arxiv_fine,gmm_k23_s0,0.23368603440256816,280
4,arxiv_fine,gmm_k23_s1,0.23215935642127747,280
4,arxiv_fine,gmm_k23_s2,0.23796919715033732,280
4,arxiv_fine,gmm_k46_s0,0.23490363467390607,280
4,arxiv_fine,gmm_k46_s1,0.23241606867267764,280
4,arxiv_fine,gmm_k46_s2,0.2195402447501819,280
4,arxiv_fine,gmm_k93_s0,0.19603737688274378,280
4,arxiv_fine,gmm_k93_s1,0.18030419976933623,280
4,arxiv_fine,gmm_k93_s2,0.18259032745519313,280
4,arxiv_fine,gmm_k186_s0,0.15343794880826242,280
4,arxiv_fine,gmm_k186_s1,0.1597957989136646,280
4,arxiv_fine,gmm_k186_s2,0.14761081729257647,280
4,arxiv_fine,gmm_k372_s0,0.11129429076619525,280
4,arxiv_fine,gmm_k372_s1,0.11314132433191543,280
4,arxiv_fine,gmm_k372_s2,0.11802267266131199,280
4,arxiv_fine,spectral_k23_s0,0.2067082677966323,280
4,arxiv_fine,spectral_k23_s1,0.2100797378460235,280
4,arxiv_fine,spectral_k23_s2,0.21421294360090698,280
4,arxiv_fine,spectral_k46_s0,0.211864049386816,280
4,arxiv_fine,spectral_k46_s1,0.20124037919525636,280
4,arxiv_fine,spectral_k46_s2,0.2077682692983337,280
4,arxiv_fine,spectral_k93_s0,0.15680704341585153,280
4,arxiv_fine,spectral_k93_s1,0.13924303614052627,280
4,arxiv_fine,spectral_k93_s2,0.1662605230426029,280
4,arxiv_fine,spectral_k186_s0,0.11462290332706022,280
4,arxiv_fine,spectral_k186_s1,0.10587651391737998,280
4,arxiv_fine,spectral_k186_s2,0.10975310835311843,280
4,arxiv_fine,spectral_k372_s0,0.08201536209746497,280
4,arxiv_fine,spectral_k372_s1,0.07921735172145351,280
4,arxiv_fine,spectral_k372_s2,0.09309356849739472,280
4,arxiv_fine,ward_k23,0.22574278112264928,280
4,arxiv_fine,ward_k46,0.20259046014107557,280
4,arxiv_fine,ward_k93,0.17466523639918977,280
4,arxiv_fine,ward_k186,0.1386814398531103,280
4,arxiv_fine,ward_k372,0.09579013642493138,280
4,arxiv_fine,leiden_k23_s0,0.23432965710992068,280
4,arxiv_fine,leiden_k23_s1,0.22938270558323917,280
4,arxiv_fine,leiden_k23_s2,0.23312845607041105,280
4,arxiv_fine,leiden_k46_s0,0.22799556793843725,280
4,arxiv_fine,leiden_k46_s1,0.24883336073543752,280
4,arxiv_fine,leiden_k46_s2,0.2445957052402706,280
4,arxiv_fine,leiden_k93_s0,0.19181312875076506,280
4,arxiv_fine,leiden_k93_s1,0.20014060119928936,280
4,arxiv_fine,leiden_k93_s2,0.19638063212851417,280
4,arxiv_fine,leiden_k186_s0,0.1488505277959731,280
4,arxiv_fine,leiden_k186_s1,0.15807311457018045,280
4,arxiv_fine,leiden_k186_s2,0.16383504769057486,280
4,arxiv_fine,leiden_k372_s0,0.125725841849693,280
4,arxiv_fine,leiden_k372_s1,0.10007520054698858,280
4,arxiv_fine,leiden_k372_s2,0.12082140991028419,280
4,banking77,kmeans_k19_s0,0.5074483954520711,854
4,banking77,kmeans_k19_s1,0.4864702471296525,854
4,banking77,kmeans_k19_s2,0.5043033117591369,854
4,banking77,kmeans_k38_s0,0.4981820409113881,854
4,banking77,kmeans_k38_s1,0.5262946699451279,854
4,banking77,kmeans_k38_s2,0.506773940672935,854
4,banking77,kmeans_k77_s0,0.47600308326160956,854
4,banking77,kmeans_k77_s1,0.4763143603427175,854
4,banking77,kmeans_k77_s2,0.48861296985349856,854
4,banking77,kmeans_k154_s0,0.4280364386200027,854
4,banking77,kmeans_k154_s1,0.4219399899458173,854
4,banking77,kmeans_k154_s2,0.4215796552118818,854
4,banking77,kmeans_k308_s0,0.3294755147937042,854
4,banking77,kmeans_k308_s1,0.33434705398764825,854
4,banking77,kmeans_k308_s2,0.3309716767235745,854
4,banking77,gmm_k19_s0,0.5215720455238885,854
4,banking77,gmm_k19_s1,0.5298370086404467,854
4,banking77,gmm_k19_s2,0.5198078052731312,854
4,banking77,gmm_k38_s0,0.5632241594343975,854
4,banking77,gmm_k38_s1,0.5623174497179909,854
4,banking77,gmm_k38_s2,0.559885104239465,854
4,banking77,gmm_k77_s0,0.5144782595823049,854
4,banking77,gmm_k77_s1,0.5121967680978506,854
4,banking77,gmm_k77_s2,0.5157368658249,854
4,banking77,gmm_k154_s0,0.4356530834733901,854
4,banking77,gmm_k154_s1,0.4347061140593743,854
4,banking77,gmm_k154_s2,0.4432445341463592,854
4,banking77,gmm_k308_s0,0.3488230525925592,854
4,banking77,gmm_k308_s1,0.3522454043227491,854
4,banking77,gmm_k308_s2,0.3492377311970623,854
4,banking77,spectral_k19_s0,0.5049149061667684,854
4,banking77,spectral_k19_s1,0.5035824799192411,854
4,banking77,spectral_k19_s2,0.5030146752272315,854
4,banking77,spectral_k38_s0,0.5316684749454703,854
4,banking77,spectral_k38_s1,0.5279429664002809,854
4,banking77,spectral_k38_s2,0.5288266133460656,854
4,banking77,spectral_k77_s0,0.4763196209509638,854
4,banking77,spectral_k77_s1,0.48455471277286166,854
4,banking77,spectral_k77_s2,0.4906584566563811,854
4,banking77,spectral_k154_s0,0.41343122924620956,854
4,banking77,spectral_k154_s1,0.3983489925721393,854
4,banking77,spectral_k154_s2,0.4098860854023694,854
4,banking77,spectral_k308_s0,0.30893493181241133,854
4,banking77,spectral_k308_s1,0.3061243740478108,854
4,banking77,spectral_k308_s2,0.305539242433746,854
4,banking77,ward_k19,0.5042853789815044,854
4,banking77,ward_k38,0.5435655434474234,854
4,banking77,ward_k77,0.5046362303441482,854
4,banking77,ward_k154,0.4331346418753722,854
4,banking77,ward_k308,0.3333102962579902,854
4,banking77,leiden_k19_s0,0.5059500693572109,854
4,banking77,leiden_k19_s1,0.5076407844277183,854
4,banking77,leiden_k19_s2,0.5090319903285939,854
4,banking77,leiden_k38_s0,0.5504485520501475,854
4,banking77,leiden_k38_s1,0.5651616001582055,854
4,banking77,leiden_k38_s2,0.5640734068858013,854
4,banking77,leiden_k77_s0,0.49877611262761085,854
4,banking77,leiden_k77_s1,0.4940913813321571,854
4,banking77,leiden_k77_s2,0.5062554948579688,854
4,banking77,leiden_k154_s0,0.43578012706484326,854
4,banking77,leiden_k154_s1,0.43694759546508904,854
4,banking77,leiden_k154_s2,0.42903452701252565,854
4,banking77,leiden_k308_s0,0.3430725548971296,854
4,banking77,leiden_k308_s1,0.34525804772832924,854
4,banking77,leiden_k308_s2,0.3546096049828522,854
4,bbcnews,kmeans_k2_s0,0.26421785150611776,855
4,bbcnews,kmeans_k2_s1,0.39988450481948645,855
4,bbcnews,kmeans_k2_s2,0.39988450481948645,855
4,bbcnews,kmeans_k5_s0,0.6920036798409822,855
4,bbcnews,kmeans_k5_s1,0.6907367598956412,855
4,bbcnews,kmeans_k5_s2,0.6888998836344483,855
4,bbcnews,kmeans_k10_s0,0.6033098195974919,855
4,bbcnews,kmeans_k10_s1,0.5995993723178493,855
4,bbcnews,kmeans_k10_s2,0.6001976928505461,855
4,bbcnews,kmeans_k20_s0,0.532180803854826,855
4,bbcnews,kmeans_k20_s1,0.5310867604689666,855
4,bbcnews,kmeans_k20_s2,0.5374611085381744,855
4,bbcnews,gmm_k2_s0,0.36944136991948384,855
4,bbcnews,gmm_k2_s1,0.36944136991948384,855
4,bbcnews,gmm_k2_s2,0.36944136991948384,855
4,bbcnews,gmm_k5_s0,0.6196311501985531,855
4,bbcnews,gmm_k5_s1,0.6018101817479559,855
4,bbcnews,gmm_k5_s2,0.6196311501985529,855
4,bbcnews,gmm_k10_s0,0.6036589604799033,855
4,bbcnews,gmm_k10_s1,0.5921366358087979,855
4,bbcnews,gmm_k10_s2,0.6119524858465581,855
4,bbcnews,gmm_k20_s0,0.5408974669268094,855
4,bbcnews,gmm_k20_s1,0.5397223940499257,855
4,bbcnews,gmm_k20_s2,0.5390201241420637,855
4,bbcnews,spectral_k2_s0,0.36507651986095596,855
4,bbcnews,spectral_k2_s1,0.36507651986095596,855
4,bbcnews,spectral_k2_s2,0.36507651986095596,855
4,bbcnews,spectral_k5_s0,0.5224778263958072,855
4,bbcnews,spectral_k5_s1,0.5224778263958072,855
4,bbcnews,spectral_k5_s2,0.5224778263958071,855
4,bbcnews,spectral_k10_s0,0.6140797471568296,855
4,bbcnews,spectral_k10_s1,0.6140797471568296,855
4,bbcnews,spectral_k10_s2,0.6140797471568296,855
4,bbcnews,spectral_k20_s0,0.5372679462393459,855
4,bbcnews,spectral_k20_s1,0.5372435963650619,855
4,bbcnews,spectral_k20_s2,0.5368064391477425,855
4,bbcnews,ward_k2,0.3927705960554259,855
4,bbcnews,ward_k5,0.6605924955266308,855
4,bbcnews,ward_k10,0.567201328306764,855
4,bbcnews,ward_k20,0.5304664527687443,855
4,bbcnews,leiden_k2_s0,0.36507651986095596,855
4,bbcnews,leiden_k2_s1,0.36507651986095596,855
4,bbcnews,leiden_k2_s2,0.36507651986095596,855
4,bbcnews,leiden_k5_s0,0.6173061028659275,855
4,bbcnews,leiden_k5_s1,0.5917018541182536,855
4,bbcnews,leiden_k5_s2,0.5917018541182536,855
4,bbcnews,leiden_k10_s0,0.5858731116463416,855
4,bbcnews,leiden_k10_s1,0.5860896249657805,855
4,bbcnews,leiden_k10_s2,0.599743290165264,855
4,bbcnews,leiden_k20_s0,0.5417301779106085,855
4,bbcnews,leiden_k20_s1,0.5472422363553734,855
4,bbcnews,leiden_k20_s2,0.5377921878454993,855
4,clinc150,kmeans_k38_s0,0.439888295075727,717
4,clinc150,kmeans_k38_s1,0.4552002559868242,717
4,clinc150,kmeans_k38_s2,0.4556535524581691,717
4,clinc150,kmeans_k76_s0,0.43285668984944803,717
4,clinc150,kmeans_k76_s1,0.4354867094427592,717
4,clinc150,kmeans_k76_s2,0.4405849959955743,717
4,clinc150,kmeans_k151_s0,0.37994334618881637,717
4,clinc150,kmeans_k151_s1,0.3899829272240529,717
4,clinc150,kmeans_k151_s2,0.3912916292332618,717
4,clinc150,kmeans_k302_s0,0.3174171177164629,717
4,clinc150,kmeans_k302_s1,0.3111170902779169,717
4,clinc150,kmeans_k302_s2,0.32580439074022727,717
4,clinc150,kmeans_k604_s0,0.2203896836145747,717
4,clinc150,kmeans_k604_s1,0.2157858204502881,717
4,clinc150,kmeans_k604_s2,0.2199492518545621,717
4,clinc150,gmm_k38_s0,0.45774573813082425,717
4,clinc150,gmm_k38_s1,0.4677169041841094,717
4,clinc150,gmm_k38_s2,0.454855392657606,717
4,clinc150,gmm_k76_s0,0.44061232003838446,717
4,clinc150,gmm_k76_s1,0.4432361486319238,717
4,clinc150,gmm_k76_s2,0.44571118383423436,717
4,clinc150,gmm_k151_s0,0.3889500555038287,717
4,clinc150,gmm_k151_s1,0.39098977444413213,717
4,clinc150,gmm_k151_s2,0.3910267476849532,717
4,clinc150,gmm_k302_s0,0.34342737009065916,717
4,clinc150,gmm_k302_s1,0.33250350686124597,717
4,clinc150,gmm_k302_s2,0.3429197364270607,717
4,clinc150,gmm_k604_s0,0.28824365564928894,717
4,clinc150,gmm_k604_s1,0.2919990750368671,717
4,clinc150,gmm_k604_s2,0.28993488139184925,717
4,clinc150,spectral_k38_s0,0.38912261482855787,717
4,clinc150,spectral_k38_s1,0.3651100151220251,717
4,clinc150,spectral_k38_s2,0.3170978765627527,717
4,clinc150,spectral_k76_s0,0.3427113214990692,717
4,clinc150,spectral_k76_s1,0.3409865269436233,717
4,clinc150,spectral_k76_s2,0.3458249828589818,717
4,clinc150,spectral_k151_s0,0.3610615174879357,717
4,clinc150,spectral_k151_s1,0.3616296848627964,717
4,clinc150,spectral_k151_s2,0.3599214463361159,717
4,clinc150,spectral_k302_s0,0.2646438632635642,717
4,clinc150,spectral_k302_s1,0.27075439236436183,717
4,clinc150,spectral_k302_s2,0.2711924311946932,717
4,clinc150,spectral_k604_s0,0.19896204259928058,717
4,clinc150,spectral_k604_s1,0.19263089847058112,717
4,clinc150,spectral_k604_s2,0.19070711950345826,717
4,clinc150,ward_k38,0.4763813858351035,717
4,clinc150,ward_k76,0.454221778261004,717
4,clinc150,ward_k151,0.3839740913358584,717
4,clinc150,ward_k302,0.3176267283792079,717
4,clinc150,ward_k604,0.2321506847997959,717
4,clinc150,leiden_k38_s0,0.4516295523551849,717
4,clinc150,leiden_k38_s1,0.43813756959960054,717
4,clinc150,leiden_k38_s2,0.4402688569331565,717
4,clinc150,leiden_k76_s0,0.4302577691521247,717
4,clinc150,leiden_k76_s1,0.42126091185974773,717
4,clinc150,leiden_k76_s2,0.41844745474992273,717
4,clinc150,leiden_k151_s0,0.3930220620056748,717
4,clinc150,leiden_k151_s1,0.387133928133044,717
4,clinc150,leiden_k151_s2,0.3858450141520711,717
4,clinc150,leiden_k302_s0,0.3362533939122018,717
4,clinc150,leiden_k302_s1,0.3384257078099851,717
4,clinc150,leiden_k302_s2,0.33829356471263883,717
4,clinc150,leiden_k604_s0,0.24943252539859495,717
4,clinc150,leiden_k604_s1,0.246782135281335,717
4,clinc150,leiden_k604_s2,0.2493086904205906,717
4,clinc150_domain,kmeans_k2_s0,0.16822056866268578,630
4,clinc150_domain,kmeans_k2_s1,0.22782075769464144,630
4,clinc150_domain,kmeans_k2_s2,0.22782075769464144,630
4,clinc150_domain,kmeans_k5_s0,0.4018230980857331,630
4,clinc150_domain,kmeans_k5_s1,0.40182309808573313,630
4,clinc150_domain,kmeans_k5_s2,0.3969985205958,630
4,clinc150_domain,kmeans_k10_s0,0.5146681332702217,630
4,clinc150_domain,kmeans_k10_s1,0.4525764862751376,630
4,clinc150_domain,kmeans_k10_s2,0.4671773277669813,630
4,clinc150_domain,kmeans_k20_s0,0.5436871007126085,630
4,clinc150_domain,kmeans_k20_s1,0.5434674038591085,630
4,clinc150_domain,kmeans_k20_s2,0.5412210670880563,630
4,clinc150_domain,kmeans_k40_s0,0.5635691230327494,630
4,clinc150_domain,kmeans_k40_s1,0.5570837410257365,630
4,clinc150_domain,kmeans_k40_s2,0.5351828284471086,630
4,clinc150_domain,gmm_k2_s0,0.21750740124982412,630
4,clinc150_domain,gmm_k2_s1,0.15037663764341,630
4,clinc150_domain,gmm_k2_s2,0.16086169074929957,630
4,clinc150_domain,gmm_k5_s0,0.39225886643558106,630
4,clinc150_domain,gmm_k5_s1,0.3536613546377874,630
4,clinc150_domain,gmm_k5_s2,0.3444356914767395,630
4,clinc150_domain,gmm_k10_s0,0.45420256183756125,630
4,clinc150_domain,gmm_k10_s1,0.46324898075975607,630
4,clinc150_domain,gmm_k10_s2,0.43810637758156357,630
4,clinc150_domain,gmm_k20_s0,0.5427931593050974,630
4,clinc150_domain,gmm_k20_s1,0.5231370495446147,630
4,clinc150_domain,gmm_k20_s2,0.5063792267888318,630
4,clinc150_domain,gmm_k40_s0,0.5808002129111728,630
4,clinc150_domain,gmm_k40_s1,0.5684188551529591,630
4,clinc150_domain,gmm_k40_s2,0.5842208446061048,630
4,clinc150_domain,spectral_k2_s0,,630
4,clinc150_domain,spectral_k2_s1,,630
4,clinc150_domain,spectral_k2_s2,,630
4,clinc150_domain,spectral_k5_s0,0.01132062122906711,630
4,clinc150_domain,spectral_k5_s1,0.01132062122906711,630
4,clinc150_domain,spectral_k5_s2,0.01132062122906711,630
4,clinc150_domain,spectral_k10_s0,0.2972199907567692,630
4,clinc150_domain,spectral_k10_s1,0.2972199907567692,630
4,clinc150_domain,spectral_k10_s2,0.2972199907567692,630
4,clinc150_domain,spectral_k20_s0,0.4605779374215334,630
4,clinc150_domain,spectral_k20_s1,0.4605779374215338,630
4,clinc150_domain,spectral_k20_s2,0.4605779374215337,630
4,clinc150_domain,spectral_k40_s0,0.5293044431764332,630
4,clinc150_domain,spectral_k40_s1,0.5443279634404562,630
4,clinc150_domain,spectral_k40_s2,0.541827947444005,630
4,clinc150_domain,ward_k2,0.2222648008308633,630
4,clinc150_domain,ward_k5,0.419516818465644,630
4,clinc150_domain,ward_k10,0.5270750123433375,630
4,clinc150_domain,ward_k20,0.6048941363042274,630
4,clinc150_domain,ward_k40,0.600951562512944,630
4,clinc150_domain,leiden_k2_s0,,630
4,clinc150_domain,leiden_k2_s1,,630
4,clinc150_domain,leiden_k2_s2,0.06052459790219858,630
4,clinc150_domain,leiden_k5_s0,0.30078391639571006,630
4,clinc150_domain,leiden_k5_s1,0.2585487619052907,630
4,clinc150_domain,leiden_k5_s2,0.3095940095311161,630
4,clinc150_domain,leiden_k10_s0,0.4236739946049436,630
4,clinc150_domain,leiden_k10_s1,0.43988206300835275,630
4,clinc150_domain,leiden_k10_s2,0.4218254804566721,630
4,clinc150_domain,leiden_k20_s0,0.5319063131855718,630
4,clinc150_domain,leiden_k20_s1,0.5446858887058496,630
4,clinc150_domain,leiden_k20_s2,0.5288231247911378,630
4,clinc150_domain,leiden_k40_s0,0.5788459421246434,630
4,clinc150_domain,leiden_k40_s1,0.5909988213990062,630
4,clinc150_domain,leiden_k40_s2,0.6010449818496417,630
4,dbpedia,kmeans_k4_s0,0.6173292932745796,788
4,dbpedia,kmeans_k4_s1,0.5504736979427428,788
4,dbpedia,kmeans_k4_s2,0.605783777052208,788
4,dbpedia,kmeans_k7_s0,0.6783956466711315,788
4,dbpedia,kmeans_k7_s1,0.6750955010793146,788
4,dbpedia,kmeans_k7_s2,0.688627909000305,788
4,dbpedia,kmeans_k14_s0,0.6851108932490604,788
4,dbpedia,kmeans_k14_s1,0.6768264195099987,788
4,dbpedia,kmeans_k14_s2,0.729393390402217,788
4,dbpedia,kmeans_k28_s0,0.6461054902783446,788
4,dbpedia,kmeans_k28_s1,0.6706383523126331,788
4,dbpedia,kmeans_k28_s2,0.6386080669406615,788
4,dbpedia,kmeans_k56_s0,0.6161938909588979,788
4,dbpedia,kmeans_k56_s1,0.6182952864707166,788
4,dbpedia,kmeans_k56_s2,0.5979721560738724,788
4,dbpedia,gmm_k4_s0,0.5482893363767537,788
4,dbpedia,gmm_k4_s1,0.6301243563739042,788
4,dbpedia,gmm_k4_s2,0.5482893363767537,788
4,dbpedia,gmm_k7_s0,0.6622488640807564,788
4,dbpedia,gmm_k7_s1,0.7021101276347788,788
4,dbpedia,gmm_k7_s2,0.6833286431889039,788
4,dbpedia,gmm_k14_s0,0.7485604296124024,788
4,dbpedia,gmm_k14_s1,0.7876697000144055,788
4,dbpedia,gmm_k14_s2,0.7726684466659631,788
4,dbpedia,gmm_k28_s0,0.7025422913169292,788
4,dbpedia,gmm_k28_s1,0.7016469586779726,788
4,dbpedia,gmm_k28_s2,0.7067967424109568,788
4,dbpedia,gmm_k56_s0,0.645478781181513,788
4,dbpedia,gmm_k56_s1,0.6358113123682665,788
4,dbpedia,gmm_k56_s2,0.6347927315412766,788
4,dbpedia,spectral_k4_s0,0.5415804007801549,788
4,dbpedia,spectral_k4_s1,0.5415804007801549,788
4,dbpedia,spectral_k4_s2,0.5415804007801549,788
4,dbpedia,spectral_k7_s0,0.6574759790765397,788
4,dbpedia,spectral_k7_s1,0.6574759790765394,788
4,dbpedia,spectral_k7_s2,0.6574759790765394,788
4,dbpedia,spectral_k14_s0,0.646663054039695,788
4,dbpedia,spectral_k14_s1,0.7164825190545818,788
4,dbpedia,spectral_k14_s2,0.6609087719663534,788
4,dbpedia,spectral_k28_s0,0.6908603680383448,788
4,dbpedia,spectral_k28_s1,0.6834212458982283,788
4,dbpedia,spectral_k28_s2,0.6871254594595887,788
4,dbpedia,spectral_k56_s0,0.6079196324582452,788
4,dbpedia,spectral_k56_s1,0.6106918375005056,788
4,dbpedia,spectral_k56_s2,0.618866486109898,788
4,dbpedia,ward_k4,0.5832472058810907,788
4,dbpedia,ward_k7,0.6552444485623123,788
4,dbpedia,ward_k14,0.6673197153241139,788
4,dbpedia,ward_k28,0.653269766296906,788
4,dbpedia,ward_k56,0.5896058130703452,788
4,dbpedia,leiden_k4_s0,0.5464981237736953,788
4,dbpedia,leiden_k4_s1,0.5407947112727062,788
4,dbpedia,leiden_k4_s2,0.5464981237736953,788
4,dbpedia,leiden_k7_s0,0.6800493530376629,788
4,dbpedia,leiden_k7_s1,0.6832129779989847,788
4,dbpedia,leiden_k7_s2,0.7095314992914717,788
4,dbpedia,leiden_k14_s0,0.7586425317363199,788
4,dbpedia,leiden_k14_s1,0.7519656169288856,788
4,dbpedia,leiden_k14_s2,0.7573172299647488,788
4,dbpedia,leiden_k28_s0,0.7177340607419321,788
4,dbpedia,leiden_k28_s1,0.7182767617501262,788
4,dbpedia,leiden_k28_s2,0.7144629923554134,788
4,dbpedia,leiden_k56_s0,0.6408431410199296,788
4,dbpedia,leiden_k56_s1,0.6301198737182166,788
4,dbpedia,leiden_k56_s2,0.623576125289444,788
4,fewevent,kmeans_k8_s0,0.4372832498460516,281
4,fewevent,kmeans_k8_s1,0.48101460673170704,281
4,fewevent,kmeans_k8_s2,0.48101460673170693,281
4,fewevent,kmeans_k17_s0,0.5732504715353677,281
4,fewevent,kmeans_k17_s1,0.5359389324452474,281
4,fewevent,kmeans_k17_s2,0.5121243771146484,281
4,fewevent,kmeans_k34_s0,0.5305962208695288,281
4,fewevent,kmeans_k34_s1,0.5472478656951618,281
4,fewevent,kmeans_k34_s2,0.5570386774302623,281
4,fewevent,kmeans_k68_s0,0.513499788563954,281
4,fewevent,kmeans_k68_s1,0.48190199210091317,281
4,fewevent,kmeans_k68_s2,0.5172552901032492,281
4,fewevent,kmeans_k136_s0,0.45646457317291184,281
4,fewevent,kmeans_k136_s1,0.4187906405907295,281
4,fewevent,kmeans_k136_s2,0.48490261065031764,281
4,fewevent,gmm_k8_s0,0.49969700986054555,281
4,fewevent,gmm_k8_s1,0.5480615784099303,281
4,fewevent,gmm_k8_s2,0.4996970098605456,281
4,fewevent,gmm_k17_s0,0.599362248093647,281
4,fewevent,gmm_k17_s1,0.6316670075983176,281
4,fewevent,gmm_k17_s2,0.620945621630171,281
4,fewevent,gmm_k34_s0,0.5863171182707845,281
4,fewevent,gmm_k34_s1,0.6071144510564632,281
4,fewevent,gmm_k34_s2,0.6159723613658763,281
4,fewevent,gmm_k68_s0,0.5327660447871101,281
4,fewevent,gmm_k68_s1,0.5286765231486316,281
4,fewevent,gmm_k68_s2,0.5184183550783756,281
4,fewevent,gmm_k136_s0,0.4782545233720683,281
4,fewevent,gmm_k136_s1,0.48008329645590947,281
4,fewevent,gmm_k136_s2,0.4725951685496558,281
4,fewevent,spectral_k8_s0,0.5264988707538595,281
4,fewevent,spectral_k8_s1,0.5264988707538595,281
4,fewevent,spectral_k8_s2,0.5264988707538595,281
4,fewevent,spectral_k17_s0,0.5864557540408576,281
4,fewevent,spectral_k17_s1,0.5864557540408575,281
4,fewevent,spectral_k17_s2,0.5864557540408574,281
4,fewevent,spectral_k34_s0,0.5600762045014828,281
4,fewevent,spectral_k34_s1,0.5568123350401311,281
4,fewevent,spectral_k34_s2,0.5568123350401312,281
4,fewevent,spectral_k68_s0,0.5099952309153774,281
4,fewevent,spectral_k68_s1,0.5416928059617305,281
4,fewevent,spectral_k68_s2,0.5457162810536232,281
4,fewevent,spectral_k136_s0,0.4456152317008427,281
4,fewevent,spectral_k136_s1,0.4267462829208996,281
4,fewevent,spectral_k136_s2,0.44830640612575096,281
4,fewevent,ward_k8,0.4804192231443539,281
4,fewevent,ward_k17,0.577795884847533,281
4,fewevent,ward_k34,0.5591115909515751,281
4,fewevent,ward_k68,0.5143476238778925,281
4,fewevent,ward_k136,0.4775198332816487,281
4,fewevent,leiden_k8_s0,0.5167165317700476,281
4,fewevent,leiden_k8_s1,0.518684473705106,281
4,fewevent,leiden_k8_s2,0.5160446911108376,281
4,fewevent,leiden_k17_s0,0.588556862275732,281
4,fewevent,leiden_k17_s1,0.6049450444744157,281
4,fewevent,leiden_k17_s2,0.5602171967685519,281
4,fewevent,leiden_k34_s0,0.5978247621587917,281
4,fewevent,leiden_k34_s1,0.5943883305945933,281
4,fewevent,leiden_k34_s2,0.5867401900725949,281
4,fewevent,leiden_k68_s0,0.5296282976499999,281
4,fewevent,leiden_k68_s1,0.5314943761637556,281
4,fewevent,leiden_k68_s2,0.5242320181236271,281
4,fewevent,leiden_k136_s0,0.46818079803834506,281
4,fewevent,leiden_k136_s1,0.4622925354922992,281
4,fewevent,leiden_k136_s2,0.46847955659643536,281
4,fewnerd,kmeans_k14_s0,0.16202582885422045,68
4,fewnerd,kmeans_k14_s1,0.13648167112266782,68
4,fewnerd,kmeans_k14_s2,0.1026443990572147,68
4,fewnerd,kmeans_k29_s0,0.07767460245576907,68
4,fewnerd,kmeans_k29_s1,0.10051841154332052,68
4,fewnerd,kmeans_k29_s2,0.07449443815816069,68
4,fewnerd,kmeans_k58_s0,0.0409526545173776,68
4,fewnerd,kmeans_k58_s1,-0.02188623345150872,68
4,fewnerd,kmeans_k58_s2,0.06157670943500493,68
4,fewnerd,kmeans_k116_s0,0.08167537700638135,68
4,fewnerd,kmeans_k116_s1,0.04248124812367722,68
4,fewnerd,kmeans_k116_s2,0.01650135209927742,68
4,fewnerd,kmeans_k232_s0,0.0018523664454019395,68
4,fewnerd,kmeans_k232_s1,0.01700389074720337,68
4,fewnerd,kmeans_k232_s2,0.024608733466089758,68
4,fewnerd,gmm_k14_s0,0.12639848688438005,68
4,fewnerd,gmm_k14_s1,0.14843986773624152,68
4,fewnerd,gmm_k14_s2,0.14808620209063567,68
4,fewnerd,gmm_k29_s0,0.0751075824791897,68
4,fewnerd,gmm_k29_s1,0.0777866935845091,68
4,fewnerd,gmm_k29_s2,0.08692419584279375,68
4,fewnerd,gmm_k58_s0,0.048549286400041115,68
4,fewnerd,gmm_k58_s1,0.09780097788465023,68
4,fewnerd,gmm_k58_s2,0.08245529750273341,68
4,fewnerd,gmm_k116_s0,0.033338812048482366,68
4,fewnerd,gmm_k116_s1,0.03572848675705025,68
4,fewnerd,gmm_k116_s2,0.03763200267483427,68
4,fewnerd,gmm_k232_s0,0.029509508919832672,68
4,fewnerd,gmm_k232_s1,0.008235724827398953,68
4,fewnerd,gmm_k232_s2,0.008235724827398953,68
4,fewnerd,spectral_k14_s0,0.11122128503769518,68
4,fewnerd,spectral_k14_s1,0.09762315832336374,68
4,fewnerd,spectral_k14_s2,0.09762315832336343,68
4,fewnerd,spectral_k29_s0,-0.003526851458181085,68
4,fewnerd,spectral_k29_s1,0.0031097813530580618,68
4,fewnerd,spectral_k29_s2,0.01951707688610447,68
4,fewnerd,spectral_k58_s0,-0.0012534780454147912,68
4,fewnerd,spectral_k58_s1,0.021237134284728548,68
4,fewnerd,spectral_k58_s2,-0.02023904361384388,68
4,fewnerd,spectral_k116_s0,0.0341430030636458,68
4,fewnerd,spectral_k116_s1,0.002719428195297402,68
4,fewnerd,spectral_k116_s2,0.01841537251740394,68
4,fewnerd,spectral_k232_s0,-0.030823486871462358,68
4,fewnerd,spectral_k232_s1,-0.023215693800300603,68
4,fewnerd,spectral_k232_s2,-0.04231671851119361,68
4,fewnerd,ward_k14,0.0994917421985122,68
4,fewnerd,ward_k29,0.10882135501022026,68
4,fewnerd,ward_k58,0.11894848720926773,68
4,fewnerd,ward_k116,0.04195045683941225,68
4,fewnerd,ward_k232,0.04366804563257948,68
4,fewnerd,leiden_k14_s0,0.1261150778769291,68
4,fewnerd,leiden_k14_s1,0.16922780834313655,68
4,fewnerd,leiden_k14_s2,0.14290002590958661,68
4,fewnerd,leiden_k29_s0,0.1494517177778152,68
4,fewnerd,leiden_k29_s1,0.1110077243974617,68
4,fewnerd,leiden_k29_s2,0.15400088176105897,68
4,fewnerd,leiden_k58_s0,0.035654043652598444,68
4,fewnerd,leiden_k58_s1,0.04044221458366817,68
4,fewnerd,leiden_k58_s2,0.04163319201487193,68
4,fewnerd,leiden_k116_s0,0.020310892024154314,68
4,fewnerd,leiden_k116_s1,0.0333388120484819,68
4,fewnerd,leiden_k116_s2,0.04873004196617782,68
4,fewnerd,leiden_k232_s0,0.012565611421329755,68
4,fewnerd,leiden_k232_s1,-0.0071365025417954,68
4,fewnerd,leiden_k232_s2,0.01743244597122217,68
4,fewrel,kmeans_k16_s0,0.1943405931501794,663
4,fewrel,kmeans_k16_s1,0.17500245201349418,663
4,fewrel,kmeans_k16_s2,0.20373293147131713,663
4,fewrel,kmeans_k32_s0,0.18818113815154763,663
4,fewrel,kmeans_k32_s1,0.17808352932966606,663
4,fewrel,kmeans_k32_s2,0.17034499880334092,663
4,fewrel,kmeans_k64_s0,0.1456071182826827,663
4,fewrel,kmeans_k64_s1,0.1473852950654706,663
4,fewrel,kmeans_k64_s2,0.15155359086558867,663
4,fewrel,kmeans_k128_s0,0.11336411304753949,663
4,fewrel,kmeans_k128_s1,0.11419521404236459,663
4,fewrel,kmeans_k128_s2,0.10619088843606557,663
4,fewrel,kmeans_k256_s0,0.08271333186971265,663
4,fewrel,kmeans_k256_s1,0.08435134018357819,663
4,fewrel,kmeans_k256_s2,0.08475058668721633,663
4,fewrel,gmm_k16_s0,0.16990449775794672,663
4,fewrel,gmm_k16_s1,0.17819685337381339,663
4,fewrel,gmm_k16_s2,0.17665858742000815,663
4,fewrel,gmm_k32_s0,0.16169885389072097,663
4,fewrel,gmm_k32_s1,0.17057767162768125,663
4,fewrel,gmm_k32_s2,0.16267828643934523,663
4,fewrel,gmm_k64_s0,0.147071256638507,663
4,fewrel,gmm_k64_s1,0.1375551509504338,663
4,fewrel,gmm_k64_s2,0.14224945950256337,663
4,fewrel,gmm_k128_s0,0.11485564965580465,663
4,fewrel,gmm_k128_s1,0.11634857057694976,663
4,fewrel,gmm_k128_s2,0.11400206277717946,663
4,fewrel,gmm_k256_s0,0.08844343140679928,663
4,fewrel,gmm_k256_s1,0.08340360923015386,663
4,fewrel,gmm_k256_s2,0.09213995013030768,663
4,fewrel,spectral_k16_s0,0.12420321931597221,663
4,fewrel,spectral_k16_s1,0.1222982285175143,663
4,fewrel,spectral_k16_s2,0.12530564491790142,663
4,fewrel,spectral_k32_s0,0.1652455037410528,663
4,fewrel,spectral_k32_s1,0.16911684777811858,663
4,fewrel,spectral_k32_s2,0.17506750901735557,663
4,fewrel,spectral_k64_s0,0.12181115307129334,663
4,fewrel,spectral_k64_s1,0.11628735331187522,663
4,fewrel,spectral_k64_s2,0.1216881822902812,663
4,fewrel,spectral_k128_s0,0.09793099358852608,663
4,fewrel,spectral_k128_s1,0.09754787232150616,663
4,fewrel,spectral_k128_s2,0.10259628752595004,663
4,fewrel,spectral_k256_s0,0.05979209127494296,663
4,fewrel,spectral_k256_s1,0.06056414404519545,663
4,fewrel,spectral_k256_s2,0.06188334250427331,663
4,fewrel,ward_k16,0.15517953232842294,663
4,fewrel,ward_k32,0.1444432552027919,663
4,fewrel,ward_k64,0.12245117083954894,663
4,fewrel,ward_k128,0.10060338165849776,663
4,fewrel,ward_k256,0.08352015348424668,663
4,fewrel,leiden_k16_s0,0.1766080383551432,663
4,fewrel,leiden_k16_s1,0.17033788950412973,663
4,fewrel,leiden_k16_s2,0.1697682623775181,663
4,fewrel,leiden_k32_s0,0.17203639469349216,663
4,fewrel,leiden_k32_s1,0.16528905125032226,663
4,fewrel,leiden_k32_s2,0.17008229904809313,663
4,fewrel,leiden_k64_s0,0.15570107642359646,663
4,fewrel,leiden_k64_s1,0.150022104945,663
4,fewrel,leiden_k64_s2,0.15478341960345968,663
4,fewrel,leiden_k128_s0,0.11974462583498335,663
4,fewrel,leiden_k128_s1,0.11912509849389796,663
4,fewrel,leiden_k128_s2,0.12307782674742497,663
4,fewrel,leiden_k256_s0,0.07617702367406332,663
4,fewrel,leiden_k256_s1,0.09276592529945646,663
4,fewrel,leiden_k256_s2,0.08060240718146992,663
4,massive_domain,kmeans_k4_s0,0.4862861586980163,813
4,massive_domain,kmeans_k4_s1,0.4283664287883537,813
4,massive_domain,kmeans_k4_s2,0.43057628206644966,813
4,massive_domain,kmeans_k9_s0,0.6373626954742958,813
4,massive_domain,kmeans_k9_s1,0.6553634992616393,813
4,massive_domain,kmeans_k9_s2,0.5784468183131445,813
4,massive_domain,kmeans_k18_s0,0.6350355948705131,813
4,massive_domain,kmeans_k18_s1,0.690405508143904,813
4,massive_domain,kmeans_k18_s2,0.7028057314101432,813
4,massive_domain,kmeans_k36_s0,0.6592050738656765,813
4,massive_domain,kmeans_k36_s1,0.660120993065591,813
4,massive_domain,kmeans_k36_s2,0.6659925321355171,813
4,massive_domain,kmeans_k72_s0,0.5991854848463793,813
4,massive_domain,kmeans_k72_s1,0.5944462782751337,813
4,massive_domain,kmeans_k72_s2,0.5972160931401511,813
4,massive_domain,gmm_k4_s0,0.43810722466241314,813
4,massive_domain,gmm_k4_s1,0.48554676298896526,813
4,massive_domain,gmm_k4_s2,0.43360237773791266,813
4,massive_domain,gmm_k9_s0,0.6576805612328366,813
4,massive_domain,gmm_k9_s1,0.6940055590940803,813
4,massive_domain,gmm_k9_s2,0.6640839575441773,813
4,massive_domain,gmm_k18_s0,0.7091858659698123,813
4,massive_domain,gmm_k18_s1,0.7113207708796278,813
4,massive_domain,gmm_k18_s2,0.7216398913785287,813
4,massive_domain,gmm_k36_s0,0.6910273088507675,813
4,massive_domain,gmm_k36_s1,0.690280205208475,813
4,massive_domain,gmm_k36_s2,0.6749846856484127,813
4,massive_domain,gmm_k72_s0,0.6065638417697063,813
4,massive_domain,gmm_k72_s1,0.6134788189059127,813
4,massive_domain,gmm_k72_s2,0.6121337555128957,813
4,massive_domain,spectral_k4_s0,0.4748847796571305,813
4,massive_domain,spectral_k4_s1,0.4748847796571304,813
4,massive_domain,spectral_k4_s2,0.47488477965713044,813
4,massive_domain,spectral_k9_s0,0.6344553051673025,813
4,massive_domain,spectral_k9_s1,0.6349635449821749,813
4,massive_domain,spectral_k9_s2,0.6344553051673025,813
4,massive_domain,spectral_k18_s0,0.6768861142447491,813
4,massive_domain,spectral_k18_s1,0.676886114244749,813
4,massive_domain,spectral_k18_s2,0.676886114244749,813
4,massive_domain,spectral_k36_s0,0.6946628007571477,813
4,massive_domain,spectral_k36_s1,0.694297767070282,813
4,massive_domain,spectral_k36_s2,0.694297767070282,813
4,massive_domain,spectral_k72_s0,0.5893365073074625,813
4,massive_domain,spectral_k72_s1,0.5845092974278523,813
4,massive_domain,spectral_k72_s2,0.5845396046110922,813
4,massive_domain,ward_k4,0.45194805867018406,813
4,massive_domain,ward_k9,0.5866341388555621,813
4,massive_domain,ward_k18,0.7005434207302895,813
4,massive_domain,ward_k36,0.6643732347331289,813
4,massive_domain,ward_k72,0.596741857531048,813
4,massive_domain,leiden_k4_s0,0.5081311143623979,813
4,massive_domain,leiden_k4_s1,0.41726725121887914,813
4,massive_domain,leiden_k4_s2,0.4266303924516882,813
4,massive_domain,leiden_k9_s0,0.6937843152709662,813
4,massive_domain,leiden_k9_s1,0.7011705634296462,813
4,massive_domain,leiden_k9_s2,0.659834841462617,813
4,massive_domain,leiden_k18_s0,0.733869144565268,813
4,massive_domain,leiden_k18_s1,0.7412151221352082,813
4,massive_domain,leiden_k18_s2,0.7307458738290602,813
4,massive_domain,leiden_k36_s0,0.6801469554635943,813
4,massive_domain,leiden_k36_s1,0.6751375314366692,813
4,massive_domain,leiden_k36_s2,0.6812470552466615,813
4,massive_domain,leiden_k72_s0,0.6070345596374185,813
4,massive_domain,leiden_k72_s1,0.6218178711339472,813
4,massive_domain,leiden_k72_s2,0.6109738423816471,813
4,massive_intent,kmeans_k15_s0,0.6275481766190837,639
4,massive_intent,kmeans_k15_s1,0.6745780927886849,639
4,massive_intent,kmeans_k15_s2,0.6686486637297764,639
4,massive_intent,kmeans_k30_s0,0.687816540163745,639
4,massive_intent,kmeans_k30_s1,0.6667929451595804,639
4,massive_intent,kmeans_k30_s2,0.6843925893742709,639
4,massive_intent,kmeans_k59_s0,0.631634320056908,639
4,massive_intent,kmeans_k59_s1,0.6192423220415629,639
4,massive_intent,kmeans_k59_s2,0.6293208594363107,639
4,massive_intent,kmeans_k118_s0,0.5614560598415449,639
4,massive_intent,kmeans_k118_s1,0.5520067811488402,639
4,massive_intent,kmeans_k118_s2,0.5503492812515736,639
4,massive_intent,kmeans_k236_s0,0.45390510665091205,639
4,massive_intent,kmeans_k236_s1,0.46005338228440845,639
4,massive_intent,kmeans_k236_s2,0.46314179241110903,639
4,massive_intent,gmm_k15_s0,0.6859836603508522,639
4,massive_intent,gmm_k15_s1,0.6859836603508522,639
4,massive_intent,gmm_k15_s2,0.6812583011202934,639
4,massive_intent,gmm_k30_s0,0.7194096534859151,639
4,massive_intent,gmm_k30_s1,0.7084668160568395,639
4,massive_intent,gmm_k30_s2,0.7018285682771406,639
4,massive_intent,gmm_k59_s0,0.6633225908025233,639
4,massive_intent,gmm_k59_s1,0.6659261521106568,639
4,massive_intent,gmm_k59_s2,0.6650389404732614,639
4,massive_intent,gmm_k118_s0,0.577116597888449,639
4,massive_intent,gmm_k118_s1,0.5815844813900636,639
4,massive_intent,gmm_k118_s2,0.5905348868302622,639
4,massive_intent,gmm_k236_s0,0.47675515116613937,639
4,massive_intent,gmm_k236_s1,0.4679195388777171,639
4,massive_intent,gmm_k236_s2,0.46345002267408963,639
4,massive_intent,spectral_k15_s0,0.6174529534562171,639
4,massive_intent,spectral_k15_s1,0.617452953456217,639
4,massive_intent,spectral_k15_s2,0.6174529534562171,639
4,massive_intent,spectral_k30_s0,0.7094313945639469,639
4,massive_intent,spectral_k30_s1,0.7078168884345202,639
4,massive_intent,spectral_k30_s2,0.7062577076929765,639
4,massive_intent,spectral_k59_s0,0.6329712816074087,639
4,massive_intent,spectral_k59_s1,0.6494825498112075,639
4,massive_intent,spectral_k59_s2,0.6346510401968815,639
4,massive_intent,spectral_k118_s0,0.53581448211525,639
4,massive_intent,spectral_k118_s1,0.5388178319528513,639
4,massive_intent,spectral_k118_s2,0.5376673102238012,639
4,massive_intent,spectral_k236_s0,0.40372407967529367,639
4,massive_intent,spectral_k236_s1,0.3983065162436605,639
4,massive_intent,spectral_k236_s2,0.3950472486713003,639
4,massive_intent,ward_k15,0.6697288275348822,639
4,massive_intent,ward_k30,0.674349227922419,639
4,massive_intent,ward_k59,0.6348292329095381,639
4,massive_intent,ward_k118,0.5540563751767473,639
4,massive_intent,ward_k236,0.4456720643215021,639
4,massive_intent,leiden_k15_s0,0.6829049224167495,639
4,massive_intent,leiden_k15_s1,0.6831623630879806,639
4,massive_intent,leiden_k15_s2,0.688288374926112,639
4,massive_intent,leiden_k30_s0,0.720015045336625,639
4,massive_intent,leiden_k30_s1,0.7121965836007272,639
4,massive_intent,leiden_k30_s2,0.7124183953574683,639
4,massive_intent,leiden_k59_s0,0.6758425203386009,639
4,massive_intent,leiden_k59_s1,0.6787846778770517,639
4,massive_intent,leiden_k59_s2,0.6783763434022461,639
4,massive_intent,leiden_k118_s0,0.5984303618679009,639
4,massive_intent,leiden_k118_s1,0.5902034408072052,639
4,massive_intent,leiden_k118_s2,0.6032367768846613,639
4,massive_intent,leiden_k236_s0,0.47512198047821824,639
4,massive_intent,leiden_k236_s1,0.47513854836742664,639
4,massive_intent,leiden_k236_s2,0.4763940522649369,639
4,mcid,kmeans_k4_s0,0.2901499387901835,798
4,mcid,kmeans_k4_s1,0.2363475957167553,798
4,mcid,kmeans_k4_s2,0.13416135600571755,798
4,mcid,kmeans_k8_s0,0.3639841271746341,798
4,mcid,kmeans_k8_s1,0.41885283347086544,798
4,mcid,kmeans_k8_s2,0.38236672168156016,798
4,mcid,kmeans_k16_s0,0.5113424634369425,798
4,mcid,kmeans_k16_s1,0.49062868335952564,798
4,mcid,kmeans_k16_s2,0.47086499727700987,798
4,mcid,kmeans_k32_s0,0.49656292618895476,798
4,mcid,kmeans_k32_s1,0.4963806806819195,798
4,mcid,kmeans_k32_s2,0.5139446781193036,798
4,mcid,kmeans_k64_s0,0.4959936968775713,798
4,mcid,kmeans_k64_s1,0.48942530293310826,798
4,mcid,kmeans_k64_s2,0.49104401018234056,798
4,mcid,gmm_k4_s0,0.3622469346626989,798
4,mcid,gmm_k4_s1,0.3925236948374009,798
4,mcid,gmm_k4_s2,0.3622469346626989,798
4,mcid,gmm_k8_s0,0.5538104893291574,798
4,mcid,gmm_k8_s1,0.518582612196921,798
4,mcid,gmm_k8_s2,0.5668257422225087,798
4,mcid,gmm_k16_s0,0.5876317228692518,798
4,mcid,gmm_k16_s1,0.6166714854470603,798
4,mcid,gmm_k16_s2,0.6373705265830604,798
4,mcid,gmm_k32_s0,0.5889978860776846,798
4,mcid,gmm_k32_s1,0.5924173341724441,798
4,mcid,gmm_k32_s2,0.5901277228938662,798
4,mcid,gmm_k64_s0,0.5329081812139477,798
4,mcid,gmm_k64_s1,0.5256521676728729,798
4,mcid,gmm_k64_s2,0.5312712733056533,798
4,mcid,spectral_k4_s0,0.1811085188166535,798
4,mcid,spectral_k4_s1,0.1811085188166535,798
4,mcid,spectral_k4_s2,0.1811085188166535,798
4,mcid,spectral_k8_s0,0.5109865242892377,798
4,mcid,spectral_k8_s1,0.5109865242892377,798
4,mcid,spectral_k8_s2,0.5109865242892377,798
4,mcid,spectral_k16_s0,0.5633258261561956,798
4,mcid,spectral_k16_s1,0.5606655619642078,798
4,mcid,spectral_k16_s2,0.5633258261561956,798
4,mcid,spectral_k32_s0,0.5465476067290447,798
4,mcid,spectral_k32_s1,0.5545449431564744,798
4,mcid,spectral_k32_s2,0.5451877396731947,798
4,mcid,spectral_k64_s0,0.4899639138373347,798
4,mcid,spectral_k64_s1,0.4828475643743278,798
4,mcid,spectral_k64_s2,0.48084686854399933,798
4,mcid,ward_k4,0.36740034683182793,798
4,mcid,ward_k8,0.496172675582834,798
4,mcid,ward_k16,0.5754384622338966,798
4,mcid,ward_k32,0.562052602302535,798
4,mcid,ward_k64,0.5167913437957566,798
4,mcid,leiden_k4_s0,0.3494920849578914,798
4,mcid,leiden_k4_s1,0.40106109015464453,798
4,mcid,leiden_k4_s2,0.3939688034779096,798
4,mcid,leiden_k8_s0,0.5231420163126183,798
4,mcid,leiden_k8_s1,0.4948728409474278,798
4,mcid,leiden_k8_s2,0.4117595401217776,798
4,mcid,leiden_k16_s0,0.5724232521989663,798
4,mcid,leiden_k16_s1,0.5777190802403093,798
4,mcid,leiden_k16_s2,0.5755701565246085,798
4,mcid,leiden_k32_s0,0.5803058767117508,798
4,mcid,leiden_k32_s1,0.5720633956162707,798
4,mcid,leiden_k32_s2,0.5783477015315533,798
4,mcid,leiden_k64_s0,0.5126632755945834,798
4,mcid,leiden_k64_s1,0.501022806228581,798
4,mcid,leiden_k64_s2,0.5209563955342007,798
4,mtop_domain,kmeans_k3_s0,0.4526485417342749,894
4,mtop_domain,kmeans_k3_s1,0.532920599867323,894
4,mtop_domain,kmeans_k3_s2,0.4713077563836739,894
4,mtop_domain,kmeans_k6_s0,0.7195230637022646,894
4,mtop_domain,kmeans_k6_s1,0.716312661705533,894
4,mtop_domain,kmeans_k6_s2,0.7225234003111765,894
4,mtop_domain,kmeans_k11_s0,0.8072774970405856,894
4,mtop_domain,kmeans_k11_s1,0.8315801420750839,894
4,mtop_domain,kmeans_k11_s2,0.8314626854988816,894
4,mtop_domain,kmeans_k22_s0,0.7409861287474834,894
4,mtop_domain,kmeans_k22_s1,0.7679714209740289,894
4,mtop_domain,kmeans_k22_s2,0.7425389328132246,894
4,mtop_domain,kmeans_k44_s0,0.6467981135112533,894
4,mtop_domain,kmeans_k44_s1,0.6689965436344631,894
4,mtop_domain,kmeans_k44_s2,0.6488200424332569,894
4,mtop_domain,gmm_k3_s0,0.5447962678448844,894
4,mtop_domain,gmm_k3_s1,0.54261923164967,894
4,mtop_domain,gmm_k3_s2,0.507067816136224,894
4,mtop_domain,gmm_k6_s0,0.7388121907940393,894
4,mtop_domain,gmm_k6_s1,0.7492477547134045,894
4,mtop_domain,gmm_k6_s2,0.7388121907940394,894
4,mtop_domain,gmm_k11_s0,0.8549970341652272,894
4,mtop_domain,gmm_k11_s1,0.8395114232740324,894
4,mtop_domain,gmm_k11_s2,0.8288186555294758,894
4,mtop_domain,gmm_k22_s0,0.7649144043850112,894
4,mtop_domain,gmm_k22_s1,0.7576340392826199,894
4,mtop_domain,gmm_k22_s2,0.7586766765712465,894
4,mtop_domain,gmm_k44_s0,0.6762814118813015,894
4,mtop_domain,gmm_k44_s1,0.667563429181308,894
4,mtop_domain,gmm_k44_s2,0.6714849765060334,894
4,mtop_domain,spectral_k3_s0,0.39598053897698543,894
4,mtop_domain,spectral_k3_s1,0.39598053897698543,894
4,mtop_domain,spectral_k3_s2,0.39598053897698543,894
4,mtop_domain,spectral_k6_s0,0.7178188477014897,894
4,mtop_domain,spectral_k6_s1,0.7214183207493228,894
4,mtop_domain,spectral_k6_s2,0.7214183207493228,894
4,mtop_domain,spectral_k11_s0,0.82539032826137,894
4,mtop_domain,spectral_k11_s1,0.8253903282613699,894
4,mtop_domain,spectral_k11_s2,0.8253903282613699,894
4,mtop_domain,spectral_k22_s0,0.7777945276595053,894
4,mtop_domain,spectral_k22_s1,0.7735198646644452,894
4,mtop_domain,spectral_k22_s2,0.7731272058359168,894
4,mtop_domain,spectral_k44_s0,0.6906907177852568,894
4,mtop_domain,spectral_k44_s1,0.6866792203500969,894
4,mtop_domain,spectral_k44_s2,0.6873041349410095,894
4,mtop_domain,ward_k3,0.5448260019454133,894
4,mtop_domain,ward_k6,0.7084730169721195,894
4,mtop_domain,ward_k11,0.7814647680251913,894
4,mtop_domain,ward_k22,0.7263505400253183,894
4,mtop_domain,ward_k44,0.6570773589139217,894
4,mtop_domain,leiden_k3_s0,0.5259016514572309,894
4,mtop_domain,leiden_k3_s1,0.48683717368012386,894
4,mtop_domain,leiden_k3_s2,0.5037347717187772,894
4,mtop_domain,leiden_k6_s0,0.7287449513457802,894
4,mtop_domain,leiden_k6_s1,0.7385604547328524,894
4,mtop_domain,leiden_k6_s2,0.7392509956949792,894
4,mtop_domain,leiden_k11_s0,0.8420196071123042,894
4,mtop_domain,leiden_k11_s1,0.8442348188461356,894
4,mtop_domain,leiden_k11_s2,0.8151378059623854,894
4,mtop_domain,leiden_k22_s0,0.7639032328402906,894
4,mtop_domain,leiden_k22_s1,0.7690688365020193,894
4,mtop_domain,leiden_k22_s2,0.7696189986676181,894
4,mtop_domain,leiden_k44_s0,0.6692731680822078,894
4,mtop_domain,leiden_k44_s1,0.6658242277734364,894
4,mtop_domain,leiden_k44_s2,0.6612458210231694,894
4,mtop_intent,kmeans_k26_s0,0.7141667123593609,818
4,mtop_intent,kmeans_k26_s1,0.7142930627529049,818
4,mtop_intent,kmeans_k26_s2,0.6986041548594802,818
4,mtop_intent,kmeans_k51_s0,0.6107370721764901,818
4,mtop_intent,kmeans_k51_s1,0.6143828708656153,818
4,mtop_intent,kmeans_k51_s2,0.6093253546145168,818
4,mtop_intent,kmeans_k102_s0,0.530294773243889,818
4,mtop_intent,kmeans_k102_s1,0.5320507108479609,818
4,mtop_intent,kmeans_k102_s2,0.5399009651164333,818
4,mtop_intent,kmeans_k204_s0,0.4398608398934972,818
4,mtop_intent,kmeans_k204_s1,0.4345541776555471,818
4,mtop_intent,kmeans_k204_s2,0.42210333523231014,818
4,mtop_intent,kmeans_k408_s0,0.33486258798021723,818
4,mtop_intent,kmeans_k408_s1,0.32358216669890133,818
4,mtop_intent,kmeans_k408_s2,0.33432035751863526,818
4,mtop_intent,gmm_k26_s0,0.7340250842295086,818
4,mtop_intent,gmm_k26_s1,0.7371598917174728,818
4,mtop_intent,gmm_k26_s2,0.7287265176637645,818
4,mtop_intent,gmm_k51_s0,0.6371838472763937,818
4,mtop_intent,gmm_k51_s1,0.6322730942082797,818
4,mtop_intent,gmm_k51_s2,0.6327388410319004,818
4,mtop_intent,gmm_k102_s0,0.5290570551102078,818
4,mtop_intent,gmm_k102_s1,0.5315697235566891,818
4,mtop_intent,gmm_k102_s2,0.526327380062532,818
4,mtop_intent,gmm_k204_s0,0.42500750822630773,818
4,mtop_intent,gmm_k204_s1,0.4272057554339703,818
4,mtop_intent,gmm_k204_s2,0.42774844933597844,818
4,mtop_intent,gmm_k408_s0,0.3278689992363627,818
4,mtop_intent,gmm_k408_s1,0.3310972319856554,818
4,mtop_intent,gmm_k408_s2,0.3288485828325635,818
4,mtop_intent,spectral_k26_s0,0.758478063978765,818
4,mtop_intent,spectral_k26_s1,0.7587528416766667,818
4,mtop_intent,spectral_k26_s2,0.7597039604084331,818
4,mtop_intent,spectral_k51_s0,0.6371516893549614,818
4,mtop_intent,spectral_k51_s1,0.6430557645128735,818
4,mtop_intent,spectral_k51_s2,0.6462491374384421,818
4,mtop_intent,spectral_k102_s0,0.5350796182129951,818
4,mtop_intent,spectral_k102_s1,0.5271150282898565,818
4,mtop_intent,spectral_k102_s2,0.5214148359561874,818
4,mtop_intent,spectral_k204_s0,0.39582544218685994,818
4,mtop_intent,spectral_k204_s1,0.40408665481303807,818
4,mtop_intent,spectral_k204_s2,0.39997643618609396,818
4,mtop_intent,spectral_k408_s0,0.2841503756201284,818
4,mtop_intent,spectral_k408_s1,0.28425958603386287,818
4,mtop_intent,spectral_k408_s2,0.28286511859165736,818
4,mtop_intent,ward_k26,0.7068160500270314,818
4,mtop_intent,ward_k51,0.6305643368138625,818
4,mtop_intent,ward_k102,0.53533745640277,818
4,mtop_intent,ward_k204,0.4266915327961062,818
4,mtop_intent,ward_k408,0.3300189276562238,818
4,mtop_intent,leiden_k26_s0,0.729830172406187,818
4,mtop_intent,leiden_k26_s1,0.7380940157058119,818
4,mtop_intent,leiden_k26_s2,0.7374763370801418,818
4,mtop_intent,leiden_k51_s0,0.6315720695649526,818
4,mtop_intent,leiden_k51_s1,0.622244296298576,818
4,mtop_intent,leiden_k51_s2,0.6276241694441437,818
4,mtop_intent,leiden_k102_s0,0.5302878313791805,818
4,mtop_intent,leiden_k102_s1,0.5261147077124216,818
4,mtop_intent,leiden_k102_s2,0.5285657586493783,818
4,mtop_intent,leiden_k204_s0,0.4174236137322472,818
4,mtop_intent,leiden_k204_s1,0.42277148649114615,818
4,mtop_intent,leiden_k204_s2,0.4231393019653701,818
4,mtop_intent,leiden_k408_s0,0.30256990535864203,818
4,mtop_intent,leiden_k408_s1,0.3098171422216083,818
4,mtop_intent,leiden_k408_s2,0.30473553114138974,818
4,reddit_s2s,kmeans_k12_s0,0.3005969528815442,455
4,reddit_s2s,kmeans_k12_s1,0.32771644679733464,455
4,reddit_s2s,kmeans_k12_s2,0.26901637042247245,455
4,reddit_s2s,kmeans_k24_s0,0.36205953430402255,455
4,reddit_s2s,kmeans_k24_s1,0.3746126058766162,455
4,reddit_s2s,kmeans_k24_s2,0.3803015551705653,455
4,reddit_s2s,kmeans_k49_s0,0.36456864979874815,455
4,reddit_s2s,kmeans_k49_s1,0.36348624758873643,455
4,reddit_s2s,kmeans_k49_s2,0.36705739215306893,455
4,reddit_s2s,kmeans_k98_s0,0.3122000225851594,455
4,reddit_s2s,kmeans_k98_s1,0.32880291656285665,455
4,reddit_s2s,kmeans_k98_s2,0.3342071090230054,455
4,reddit_s2s,kmeans_k196_s0,0.27464797128898066,455
4,reddit_s2s,kmeans_k196_s1,0.27913651699039377,455
4,reddit_s2s,kmeans_k196_s2,0.23381456823284144,455
4,reddit_s2s,gmm_k12_s0,0.28680876237280145,455
4,reddit_s2s,gmm_k12_s1,0.27861643852386847,455
4,reddit_s2s,gmm_k12_s2,0.2805178902112239,455
4,reddit_s2s,gmm_k24_s0,0.3512165658611805,455
4,reddit_s2s,gmm_k24_s1,0.3412600907746318,455
4,reddit_s2s,gmm_k24_s2,0.34763600113362797,455
4,reddit_s2s,gmm_k49_s0,0.369705520143271,455
4,reddit_s2s,gmm_k49_s1,0.3709721801595631,455
4,reddit_s2s,gmm_k49_s2,0.3743204019440194,455
4,reddit_s2s,gmm_k98_s0,0.33963115515054926,455
4,reddit_s2s,gmm_k98_s1,0.3382284921648774,455
4,reddit_s2s,gmm_k98_s2,0.3259688057763218,455
4,reddit_s2s,gmm_k196_s0,0.2964871306223804,455
4,reddit_s2s,gmm_k196_s1,0.29369400621514047,455
4,reddit_s2s,gmm_k196_s2,0.28879295522033677,455
4,reddit_s2s,spectral_k12_s0,0.16105761170965183,455
4,reddit_s2s,spectral_k12_s1,0.15909687745937773,455
4,reddit_s2s,spectral_k12_s2,0.20054619267743856,455
4,reddit_s2s,spectral_k24_s0,0.23478366061090325,455
4,reddit_s2s,spectral_k24_s1,0.2679668104890697,455
4,reddit_s2s,spectral_k24_s2,0.23478366061090322,455
4,reddit_s2s,spectral_k49_s0,0.3203903624720707,455
4,reddit_s2s,spectral_k49_s1,0.3197075928041233,455
4,reddit_s2s,spectral_k49_s2,0.3215449279784068,455
4,reddit_s2s,spectral_k98_s0,0.27848851952521503,455
4,reddit_s2s,spectral_k98_s1,0.2944005817515504,455
4,reddit_s2s,spectral_k98_s2,0.28264040315558014,455
4,reddit_s2s,spectral_k196_s0,0.2150013707927271,455
4,reddit_s2s,spectral_k196_s1,0.22452481931049934,455
4,reddit_s2s,spectral_k196_s2,0.20734751870073392,455
4,reddit_s2s,ward_k12,0.2372921238492425,455
4,reddit_s2s,ward_k24,0.3085185548353522,455
4,reddit_s2s,ward_k49,0.33585065206698017,455
4,reddit_s2s,ward_k98,0.3056371015137711,455
4,reddit_s2s,ward_k196,0.2720880165103975,455
4,reddit_s2s,leiden_k12_s0,0.2526092675793104,455
4,reddit_s2s,leiden_k12_s1,0.26930004181556,455
4,reddit_s2s,leiden_k12_s2,0.23966332845535254,455
4,reddit_s2s,leiden_k24_s0,0.3562597752681129,455
4,reddit_s2s,leiden_k24_s1,0.3595865693773414,455
4,reddit_s2s,leiden_k24_s2,0.3567315110316573,455
4,reddit_s2s,leiden_k49_s0,0.3785259106558617,455
4,reddit_s2s,leiden_k49_s1,0.38664460828725206,455
4,reddit_s2s,leiden_k49_s2,0.3843121916063156,455
4,reddit_s2s,leiden_k98_s0,0.35177858553468494,455
4,reddit_s2s,leiden_k98_s1,0.36727979615463774,455
4,reddit_s2s,leiden_k98_s2,0.3572902761169333,455
4,reddit_s2s,leiden_k196_s0,0.312466253612297,455
4,reddit_s2s,leiden_k196_s1,0.3114571964561401,455
4,reddit_s2s,leiden_k196_s2,0.29861918518739283,455
4,snips,kmeans_k2_s0,0.29585150809273186,935
4,snips,kmeans_k2_s1,0.2159110638082997,935
4,snips,kmeans_k2_s2,0.2763495367444845,935
4,snips,kmeans_k4_s0,0.6375928749062509,935
4,snips,kmeans_k4_s1,0.636108866954831,935
4,snips,kmeans_k4_s2,0.6053180375628969,935
4,snips,kmeans_k7_s0,0.702847687336227,935
4,snips,kmeans_k7_s1,0.6344098792221969,935
4,snips,kmeans_k7_s2,0.6981931463115294,935
4,snips,kmeans_k14_s0,0.6524198087611729,935
4,snips,kmeans_k14_s1,0.6562374676878554,935
4,snips,kmeans_k14_s2,0.6865845832210988,935
4,snips,kmeans_k28_s0,0.6021712205983663,935
4,snips,kmeans_k28_s1,0.5993932693840732,935
4,snips,kmeans_k28_s2,0.5980828346483494,935
4,snips,gmm_k2_s0,0.3045033208811348,935
4,snips,gmm_k2_s1,0.3045033208811348,935
4,snips,gmm_k2_s2,0.3045033208811348,935
4,snips,gmm_k4_s0,0.6401575673547752,935
4,snips,gmm_k4_s1,0.6620204498752804,935
4,snips,gmm_k4_s2,0.6620204498752804,935
4,snips,gmm_k7_s0,0.7865215121918147,935
4,snips,gmm_k7_s1,0.7865215121918148,935
4,snips,gmm_k7_s2,0.7865215121918148,935
4,snips,gmm_k14_s0,0.6969362485131629,935
4,snips,gmm_k14_s1,0.7130809846393884,935
4,snips,gmm_k14_s2,0.6996656526311431,935
4,snips,gmm_k28_s0,0.6101747191877466,935
4,snips,gmm_k28_s1,0.6153504908457091,935
4,snips,gmm_k28_s2,0.603431028456653,935
4,snips,spectral_k2_s0,0.307245049785352,935
4,snips,spectral_k2_s1,0.307245049785352,935
4,snips,spectral_k2_s2,0.307245049785352,935
4,snips,spectral_k4_s0,0.6435514513069444,935
4,snips,spectral_k4_s1,0.6435514513069444,935
4,snips,spectral_k4_s2,0.6435514513069445,935
4,snips,spectral_k7_s0,0.7861986261237776,935
4,snips,spectral_k7_s1,0.7861986261237776,935
4,snips,spectral_k7_s2,0.7861986261237776,935
4,snips,spectral_k14_s0,0.7037108869593566,935
4,snips,spectral_k14_s1,0.7041401729485888,935
4,snips,spectral_k14_s2,0.7037108869593566,935
4,snips,spectral_k28_s0,0.6246853402448197,935
4,snips,spectral_k28_s1,0.6229167758519049,935
4,snips,spectral_k28_s2,0.6234585660854528,935
4,snips,ward_k2,0.31206600525110173,935
4,snips,ward_k4,0.6283523659971076,935
4,snips,ward_k7,0.7402436621862025,935
4,snips,ward_k14,0.7020232110110399,935
4,snips,ward_k28,0.6194522648616296,935
4,snips,leiden_k2_s0,0.307245049785352,935
4,snips,leiden_k2_s1,0.307245049785352,935
4,snips,leiden_k2_s2,0.307245049785352,935
4,snips,leiden_k4_s0,0.6424372250758629,935
4,snips,leiden_k4_s1,0.6424372250758629,935
4,snips,leiden_k4_s2,0.6424372250758629,935
4,snips,leiden_k7_s0,0.7782824051857595,935
4,snips,leiden_k7_s1,0.7806673777005644,935
4,snips,leiden_k7_s2,0.7782824051857595,935
4,snips,leiden_k14_s0,0.7214353136688232,935
4,snips,leiden_k14_s1,0.7205231123027341,935
4,snips,leiden_k14_s2,0.7214353136688232,935
4,snips,leiden_k28_s0,0.615962241550088,935
4,snips,leiden_k28_s1,0.6242613768900028,935
4,snips,leiden_k28_s2,0.6139856735849059,935
4,stackexchange_cl,kmeans_k30_s0,0.4017485429849485,560
4,stackexchange_cl,kmeans_k30_s1,0.41270796700009477,560
4,stackexchange_cl,kmeans_k30_s2,0.4286691992466387,560
4,stackexchange_cl,kmeans_k60_s0,0.41566044108895206,560
4,stackexchange_cl,kmeans_k60_s1,0.41848452415564086,560
4,stackexchange_cl,kmeans_k60_s2,0.414498121253599,560
4,stackexchange_cl,kmeans_k121_s0,0.37193226759325887,560
4,stackexchange_cl,kmeans_k121_s1,0.3587796552742235,560
4,stackexchange_cl,kmeans_k121_s2,0.37223987964432587,560
4,stackexchange_cl,kmeans_k242_s0,0.29618897740138644,560
4,stackexchange_cl,kmeans_k242_s1,0.28649497430750487,560
4,stackexchange_cl,kmeans_k242_s2,0.27553305201424677,560
4,stackexchange_cl,kmeans_k484_s0,0.2287818193996309,560
4,stackexchange_cl,kmeans_k484_s1,0.21909165764807534,560
4,stackexchange_cl,kmeans_k484_s2,0.21202975769242058,560
4,stackexchange_cl,gmm_k30_s0,0.4257646644165823,560
4,stackexchange_cl,gmm_k30_s1,0.4487258844971006,560
4,stackexchange_cl,gmm_k30_s2,0.4374859785302333,560
4,stackexchange_cl,gmm_k60_s0,0.40571824944126955,560
4,stackexchange_cl,gmm_k60_s1,0.4030638159717837,560
4,stackexchange_cl,gmm_k60_s2,0.3990023776772559,560
4,stackexchange_cl,gmm_k121_s0,0.372834019442181,560
4,stackexchange_cl,gmm_k121_s1,0.37504174047318656,560
4,stackexchange_cl,gmm_k121_s2,0.3692447047915146,560
4,stackexchange_cl,gmm_k242_s0,0.33067344728203885,560
4,stackexchange_cl,gmm_k242_s1,0.32616183579079616,560
4,stackexchange_cl,gmm_k242_s2,0.3257426665676922,560
4,stackexchange_cl,gmm_k484_s0,0.2825751094547185,560
4,stackexchange_cl,gmm_k484_s1,0.27075011173571784,560
4,stackexchange_cl,gmm_k484_s2,0.2839497635003601,560
4,stackexchange_cl,spectral_k30_s0,0.37634480388854785,560
4,stackexchange_cl,spectral_k30_s1,0.3680050112347739,560
4,stackexchange_cl,spectral_k30_s2,0.3549777155191647,560
4,stackexchange_cl,spectral_k60_s0,0.3612693422954556,560
4,stackexchange_cl,spectral_k60_s1,0.3572563022548483,560
4,stackexchange_cl,spectral_k60_s2,0.3664811921166571,560
4,stackexchange_cl,spectral_k121_s0,0.32651507831678905,560
4,stackexchange_cl,spectral_k121_s1,0.32874940872086905,560
4,stackexchange_cl,spectral_k121_s2,0.330669799368203,560
4,stackexchange_cl,spectral_k242_s0,0.24708851683539304,560
4,stackexchange_cl,spectral_k242_s1,0.23160366167173999,560
4,stackexchange_cl,spectral_k242_s2,0.2500933991927364,560
4,stackexchange_cl,spectral_k484_s0,0.17800049219860337,560
4,stackexchange_cl,spectral_k484_s1,0.15893875605501398,560
4,stackexchange_cl,spectral_k484_s2,0.16561623550529528,560
4,stackexchange_cl,ward_k30,0.3720582020103662,560
4,stackexchange_cl,ward_k60,0.3460148979804043,560
4,stackexchange_cl,ward_k121,0.31874821581319357,560
4,stackexchange_cl,ward_k242,0.28569997508032435,560
4,stackexchange_cl,ward_k484,0.20946978947798717,560
4,stackexchange_cl,leiden_k30_s0,0.4210505578454626,560
4,stackexchange_cl,leiden_k30_s1,0.4356263998273215,560
4,stackexchange_cl,leiden_k30_s2,0.43008149726779027,560
4,stackexchange_cl,leiden_k60_s0,0.42130586026873046,560
4,stackexchange_cl,leiden_k60_s1,0.4060674652572407,560
4,stackexchange_cl,leiden_k60_s2,0.4103440019813127,560
4,stackexchange_cl,leiden_k121_s0,0.4025771287546414,560
4,stackexchange_cl,leiden_k121_s1,0.38905107086761814,560
4,stackexchange_cl,leiden_k121_s2,0.3857085982361186,560
4,stackexchange_cl,leiden_k242_s0,0.3372354506199995,560
4,stackexchange_cl,leiden_k242_s1,0.3386762980177178,560
4,stackexchange_cl,leiden_k242_s2,0.3492691268750494,560
4,stackexchange_cl,leiden_k484_s0,0.24627237209805294,560
4,stackexchange_cl,leiden_k484_s1,0.25692472937680405,560
4,stackexchange_cl,leiden_k484_s2,0.2571144123127649,560
4,stackoverflow20,kmeans_k5_s0,0.5467228015985218,764
4,stackoverflow20,kmeans_k5_s1,0.5164179552164088,764
4,stackoverflow20,kmeans_k5_s2,0.5283112372828429,764
4,stackoverflow20,kmeans_k10_s0,0.6692332929403221,764
4,stackoverflow20,kmeans_k10_s1,0.6633550668672805,764
4,stackoverflow20,kmeans_k10_s2,0.6756282275345564,764
4,stackoverflow20,kmeans_k20_s0,0.8018689253224979,764
4,stackoverflow20,kmeans_k20_s1,0.7984436475379437,764
4,stackoverflow20,kmeans_k20_s2,0.7601290825783509,764
4,stackoverflow20,kmeans_k40_s0,0.7387753407706112,764
4,stackoverflow20,kmeans_k40_s1,0.7571612973918292,764
4,stackoverflow20,kmeans_k40_s2,0.7713668390690854,764
4,stackoverflow20,kmeans_k80_s0,0.6709377518768612,764
4,stackoverflow20,kmeans_k80_s1,0.6485922848172289,764
4,stackoverflow20,kmeans_k80_s2,0.6735419836051912,764
4,stackoverflow20,gmm_k5_s0,0.5497691174963787,764
4,stackoverflow20,gmm_k5_s1,0.5589161170359194,764
4,stackoverflow20,gmm_k5_s2,0.5444738204430867,764
4,stackoverflow20,gmm_k10_s0,0.7159529527324067,764
4,stackoverflow20,gmm_k10_s1,0.7122445067371322,764
4,stackoverflow20,gmm_k10_s2,0.7141288044552648,764
4,stackoverflow20,gmm_k20_s0,0.8079291845373812,764
4,stackoverflow20,gmm_k20_s1,0.8039935712655327,764
4,stackoverflow20,gmm_k20_s2,0.8126334986500809,764
4,stackoverflow20,gmm_k40_s0,0.7756413844999263,764
4,stackoverflow20,gmm_k40_s1,0.7754942186636754,764
4,stackoverflow20,gmm_k40_s2,0.7758866088813138,764
4,stackoverflow20,gmm_k80_s0,0.6994514186949479,764
4,stackoverflow20,gmm_k80_s1,0.6995435359718937,764
4,stackoverflow20,gmm_k80_s2,0.6977805274582488,764
4,stackoverflow20,spectral_k5_s0,0.43556488835534984,764
4,stackoverflow20,spectral_k5_s1,0.43556488835534984,764
4,stackoverflow20,spectral_k5_s2,0.48199565196518834,764
4,stackoverflow20,spectral_k10_s0,0.7138869927798753,764
4,stackoverflow20,spectral_k10_s1,0.7138869927798751,764
4,stackoverflow20,spectral_k10_s2,0.7138869927798751,764
4,stackoverflow20,spectral_k20_s0,0.7985305299034636,764
4,stackoverflow20,spectral_k20_s1,0.8001161149510794,764
4,stackoverflow20,spectral_k20_s2,0.7994856472246662,764
4,stackoverflow20,spectral_k40_s0,0.7336698289031998,764
4,stackoverflow20,spectral_k40_s1,0.7345342368107775,764
4,stackoverflow20,spectral_k40_s2,0.7459974146816263,764
4,stackoverflow20,spectral_k80_s0,0.6392061870917698,764
4,stackoverflow20,spectral_k80_s1,0.6395706948072367,764
4,stackoverflow20,spectral_k80_s2,0.6357046511176573,764
4,stackoverflow20,ward_k5,0.5145448918187693,764
4,stackoverflow20,ward_k10,0.6591354520395392,764
4,stackoverflow20,ward_k20,0.7486416393151483,764
4,stackoverflow20,ward_k40,0.7364230157388797,764
4,stackoverflow20,ward_k80,0.6613296349209485,764
4,stackoverflow20,leiden_k5_s0,0.5646267330358458,764
4,stackoverflow20,leiden_k5_s1,0.5661368520082672,764
4,stackoverflow20,leiden_k5_s2,0.5666329843501515,764
4,stackoverflow20,leiden_k10_s0,0.7187721795042515,764
4,stackoverflow20,leiden_k10_s1,0.7137979107033885,764
4,stackoverflow20,leiden_k10_s2,0.723545006627489,764
4,stackoverflow20,leiden_k20_s0,0.8099708098636336,764
4,stackoverflow20,leiden_k20_s1,0.8086313305150533,764
4,stackoverflow20,leiden_k20_s2,0.8086313305150533,764
4,stackoverflow20,leiden_k40_s0,0.7954258526259413,764
4,stackoverflow20,leiden_k40_s1,0.8024551611982729,764
4,stackoverflow20,leiden_k40_s2,0.7990968056249904,764
4,stackoverflow20,leiden_k80_s0,0.6789008407189484,764
4,stackoverflow20,leiden_k80_s1,0.6812827476675269,764
4,stackoverflow20,leiden_k80_s2,0.6864452264940827,764
4,tweet89,kmeans_k22_s0,0.7667333459290824,552
4,tweet89,kmeans_k22_s1,0.7212559630546664,552
4,tweet89,kmeans_k22_s2,0.7480075325693729,552
4,tweet89,kmeans_k44_s0,0.7222939441662027,552
4,tweet89,kmeans_k44_s1,0.693250712506308,552
4,tweet89,kmeans_k44_s2,0.731664099828065,552
4,tweet89,kmeans_k89_s0,0.6341998723914929,552
4,tweet89,kmeans_k89_s1,0.6335372563050665,552
4,tweet89,kmeans_k89_s2,0.6278205571962178,552
4,tweet89,kmeans_k178_s0,0.5292268590111715,552
4,tweet89,kmeans_k178_s1,0.5280799123003477,552
4,tweet89,kmeans_k178_s2,0.5336482909561824,552
4,tweet89,kmeans_k356_s0,0.43899440393176536,552
4,tweet89,kmeans_k356_s1,0.4400268176099362,552
4,tweet89,kmeans_k356_s2,0.4316061778410555,552
4,tweet89,gmm_k22_s0,0.7848358857430576,552
4,tweet89,gmm_k22_s1,0.784787255583588,552
4,tweet89,gmm_k22_s2,0.7869926976592527,552
4,tweet89,gmm_k44_s0,0.7167452291371417,552
4,tweet89,gmm_k44_s1,0.7068375823768571,552
4,tweet89,gmm_k44_s2,0.723821126967945,552
4,tweet89,gmm_k89_s0,0.6054719608010223,552
4,tweet89,gmm_k89_s1,0.6227544166650083,552
4,tweet89,gmm_k89_s2,0.6165977557885943,552
4,tweet89,gmm_k178_s0,0.49566004783378087,552
4,tweet89,gmm_k178_s1,0.49758785039980336,552
4,tweet89,gmm_k178_s2,0.4930752607369936,552
4,tweet89,gmm_k356_s0,0.38198525300936287,552
4,tweet89,gmm_k356_s1,0.3740547594097266,552
4,tweet89,gmm_k356_s2,0.38425063706125184,552
4,tweet89,spectral_k22_s0,0.7704436773320165,552
4,tweet89,spectral_k22_s1,0.7762321073152807,552
4,tweet89,spectral_k22_s2,0.7762321073152808,552
4,tweet89,spectral_k44_s0,0.711067219952038,552
4,tweet89,spectral_k44_s1,0.717782610646698,552
4,tweet89,spectral_k44_s2,0.7092270815851845,552
4,tweet89,spectral_k89_s0,0.6072406451792444,552
4,tweet89,spectral_k89_s1,0.61214979724454,552
4,tweet89,spectral_k89_s2,0.6097957533203527,552
4,tweet89,spectral_k178_s0,0.4588192650668469,552
4,tweet89,spectral_k178_s1,0.4571753400499403,552
4,tweet89,spectral_k178_s2,0.46394133743711613,552
4,tweet89,spectral_k356_s0,0.34058785932207,552
4,tweet89,spectral_k356_s1,0.307254738467907,552
4,tweet89,spectral_k356_s2,0.3246929424410265,552
4,tweet89,ward_k22,0.7924173729948675,552
4,tweet89,ward_k44,0.7477461652366565,552
4,tweet89,ward_k89,0.6580831588580277,552
4,tweet89,ward_k178,0.5224865966290201,552
4,tweet89,ward_k356,0.4022638847709319,552
4,tweet89,leiden_k22_s0,0.7713374363938734,552
4,tweet89,leiden_k22_s1,0.7615890372893683,552
4,tweet89,leiden_k22_s2,0.7678527478871263,552
4,tweet89,leiden_k44_s0,0.7125405625943475,552
4,tweet89,leiden_k44_s1,0.7166518885454793,552
4,tweet89,leiden_k44_s2,0.7120488413689766,552
4,tweet89,leiden_k89_s0,0.5923582598723944,552
4,tweet89,leiden_k89_s1,0.5821234262971147,552
4,tweet89,leiden_k89_s2,0.5851330290563406,552
4,tweet89,leiden_k178_s0,0.48362706285955176,552
4,tweet89,leiden_k178_s1,0.4895907572721477,552
4,tweet89,leiden_k178_s2,0.4897596598815964,552
4,tweet89,leiden_k356_s0,0.3642762554828023,552
4,tweet89,leiden_k356_s1,0.3679422373016035,552
4,tweet89,leiden_k356_s2,0.36550836464538605,552
5,arxiv_fine,kmeans_k23_s0,0.44181409047822046,597
5,arxiv_fine,kmeans_k23_s1,0.4460784354592815,597
5,arxiv_fine,kmeans_k23_s2,0.46363380940018106,597
5,arxiv_fine,kmeans_k46_s0,0.3976374634457558,597
5,arxiv_fine,kmeans_k46_s1,0.3939809670564179,597
5,arxiv_fine,kmeans_k46_s2,0.4095150863211719,597
5,arxiv_fine,kmeans_k93_s0,0.3510630765976728,597
5,arxiv_fine,kmeans_k93_s1,0.3572606072666649,597
5,arxiv_fine,kmeans_k93_s2,0.33688195207169896,597
5,arxiv_fine,kmeans_k186_s0,0.271567851127651,597
5,arxiv_fine,kmeans_k186_s1,0.2815953712619472,597
5,arxiv_fine,kmeans_k186_s2,0.27759268740761583,597
5,arxiv_fine,kmeans_k372_s0,0.20452767526772173,597
5,arxiv_fine,kmeans_k372_s1,0.21599514202090514,597
5,arxiv_fine,kmeans_k372_s2,0.21728111137467881,597
5,arxiv_fine,gmm_k23_s0,0.44248966794791456,597
5,arxiv_fine,gmm_k23_s1,0.43793884524604115,597
5,arxiv_fine,gmm_k23_s2,0.44475052454062153,597
5,arxiv_fine,gmm_k46_s0,0.42229016547031706,597
5,arxiv_fine,gmm_k46_s1,0.403473846648443,597
5,arxiv_fine,gmm_k46_s2,0.42709530609729784,597
5,arxiv_fine,gmm_k93_s0,0.35263584368596734,597
5,arxiv_fine,gmm_k93_s1,0.35651355297086046,597
5,arxiv_fine,gmm_k93_s2,0.3667505203739821,597
5,arxiv_fine,gmm_k186_s0,0.2887659780642868,597
5,arxiv_fine,gmm_k186_s1,0.29817189308305375,597
5,arxiv_fine,gmm_k186_s2,0.2941350792229054,597
5,arxiv_fine,gmm_k372_s0,0.224978720302581,597
5,arxiv_fine,gmm_k372_s1,0.22464609758888907,597
5,arxiv_fine,gmm_k372_s2,0.22062267564754282,597
5,arxiv_fine,spectral_k23_s0,0.43569262229047345,597
5,arxiv_fine,spectral_k23_s1,0.43454360176876256,597
5,arxiv_fine,spectral_k23_s2,0.43445972831343344,597
5,arxiv_fine,spectral_k46_s0,0.3759558726745412,597
5,arxiv_fine,spectral_k46_s1,0.3951622420860091,597
5,arxiv_fine,spectral_k46_s2,0.36779330500593377,597
5,arxiv_fine,spectral_k93_s0,0.3162381961463075,597
5,arxiv_fine,spectral_k93_s1,0.3210905820946149,597
5,arxiv_fine,spectral_k93_s2,0.32044725590585726,597
5,arxiv_fine,spectral_k186_s0,0.22546191221811257,597
5,arxiv_fine,spectral_k186_s1,0.2509293558250661,597
5,arxiv_fine,spectral_k186_s2,0.2457718180158201,597
5,arxiv_fine,spectral_k372_s0,0.15699688357020727,597
5,arxiv_fine,spectral_k372_s1,0.16901423955658057,597
5,arxiv_fine,spectral_k372_s2,0.15623635874124245,597
5,arxiv_fine,ward_k23,0.4428172838411757,597
5,arxiv_fine,ward_k46,0.4100313895707446,597
5,arxiv_fine,ward_k93,0.34315840774639694,597
5,arxiv_fine,ward_k186,0.2844268378415579,597
5,arxiv_fine,ward_k372,0.2024448342592161,597
5,arxiv_fine,leiden_k23_s0,0.4596472219163119,597
5,arxiv_fine,leiden_k23_s1,0.4556524569221142,597
5,arxiv_fine,leiden_k23_s2,0.454560685708968,597
5,arxiv_fine,leiden_k46_s0,0.4003435732128463,597
5,arxiv_fine,leiden_k46_s1,0.3833048184084147,597
5,arxiv_fine,leiden_k46_s2,0.386959705262122,597
5,arxiv_fine,leiden_k93_s0,0.34714779903956366,597
5,arxiv_fine,leiden_k93_s1,0.34918897217084466,597
5,arxiv_fine,leiden_k93_s2,0.33912546542231986,597
5,arxiv_fine,leiden_k186_s0,0.2746614979873644,597
5,arxiv_fine,leiden_k186_s1,0.28104282071205855,597
5,arxiv_fine,leiden_k186_s2,0.29041347156740227,597
5,arxiv_fine,leiden_k372_s0,0.19924474493840932,597
5,arxiv_fine,leiden_k372_s1,0.2037293844961642,597
5,arxiv_fine,leiden_k372_s2,0.2122697471307893,597
5,banking77,kmeans_k19_s0,0.46000313408229754,832
5,banking77,kmeans_k19_s1,0.4339993842319415,832
5,banking77,kmeans_k19_s2,0.4455992295901967,832
5,banking77,kmeans_k38_s0,0.4514671395157914,832
5,banking77,kmeans_k38_s1,0.4892230049147182,832
5,banking77,kmeans_k38_s2,0.48246759494743013,832
5,banking77,kmeans_k77_s0,0.4581883255471878,832
5,banking77,kmeans_k77_s1,0.4499296147159309,832
5,banking77,kmeans_k77_s2,0.45431158068261296,832
5,banking77,kmeans_k154_s0,0.3928133759629864,832
5,banking77,kmeans_k154_s1,0.3858630429213956,832
5,banking77,kmeans_k154_s2,0.39798973342288596,832
5,banking77,kmeans_k308_s0,0.3142035293623055,832
5,banking77,kmeans_k308_s1,0.3119716616111631,832
5,banking77,kmeans_k308_s2,0.31610361829597206,832
5,banking77,gmm_k19_s0,0.4764248562360147,832
5,banking77,gmm_k19_s1,0.4530115415889958,832
5,banking77,gmm_k19_s2,0.4662474061041241,832
5,banking77,gmm_k38_s0,0.4939299627314181,832
5,banking77,gmm_k38_s1,0.49407195240213186,832
5,banking77,gmm_k38_s2,0.4912914863653494,832
5,banking77,gmm_k77_s0,0.47203573588018105,832
5,banking77,gmm_k77_s1,0.4703793237465042,832
5,banking77,gmm_k77_s2,0.4650045550750341,832
5,banking77,gmm_k154_s0,0.39903091395072593,832
5,banking77,gmm_k154_s1,0.40213265427430694,832
5,banking77,gmm_k154_s2,0.4064365067336134,832
5,banking77,gmm_k308_s0,0.32599251974871507,832
5,banking77,gmm_k308_s1,0.32055899150167433,832
5,banking77,gmm_k308_s2,0.3245516103303617,832
5,banking77,spectral_k19_s0,0.4764268499357785,832
5,banking77,spectral_k19_s1,0.47467582358032256,832
5,banking77,spectral_k19_s2,0.4771793890302842,832
5,banking77,spectral_k38_s0,0.47726925678105747,832
5,banking77,spectral_k38_s1,0.4750579988166134,832
5,banking77,spectral_k38_s2,0.4745751906502817,832
5,banking77,spectral_k77_s0,0.43762801674385754,832
5,banking77,spectral_k77_s1,0.4511167348844356,832
5,banking77,spectral_k77_s2,0.44680806004601237,832
5,banking77,spectral_k154_s0,0.3767536484619868,832
5,banking77,spectral_k154_s1,0.3696755198116676,832
5,banking77,spectral_k154_s2,0.3785163619349427,832
5,banking77,spectral_k308_s0,0.29194471816382866,832
5,banking77,spectral_k308_s1,0.2937889644035893,832
5,banking77,spectral_k308_s2,0.29293893330098886,832
5,banking77,ward_k19,0.4549842607365079,832
5,banking77,ward_k38,0.4773144569186423,832
5,banking77,ward_k77,0.45489858181271164,832
5,banking77,ward_k154,0.3846249927001908,832
5,banking77,ward_k308,0.3045370901902166,832
5,banking77,leiden_k19_s0,0.4669297261406386,832
5,banking77,leiden_k19_s1,0.4616019604944314,832
5,banking77,leiden_k19_s2,0.4550580570774073,832
5,banking77,leiden_k38_s0,0.48917105374666264,832
5,banking77,leiden_k38_s1,0.49937435001504205,832
5,banking77,leiden_k38_s2,0.5025627587765915,832
5,banking77,leiden_k77_s0,0.4591721222662588,832
5,banking77,leiden_k77_s1,0.4562329385407058,832
5,banking77,leiden_k77_s2,0.459860361429403,832
5,banking77,leiden_k154_s0,0.407032210791527,832
5,banking77,leiden_k154_s1,0.4091124316433784,832
5,banking77,leiden_k154_s2,0.40821604257432326,832
5,banking77,leiden_k308_s0,0.3186719601251474,832
5,banking77,leiden_k308_s1,0.3209472003092023,832
5,banking77,leiden_k308_s2,0.31612900363819196,832
5,bbcnews,kmeans_k2_s0,0.34550843721582675,826
5,bbcnews,kmeans_k2_s1,0.43240981460772016,826
5,bbcnews,kmeans_k2_s2,0.43240981460772016,826
5,bbcnews,kmeans_k5_s0,0.759558348779546,826
5,bbcnews,kmeans_k5_s1,0.7609727645125032,826
5,bbcnews,kmeans_k5_s2,0.7629929416139853,826
5,bbcnews,kmeans_k10_s0,0.6595696402340233,826
5,bbcnews,kmeans_k10_s1,0.6804814433809682,826
5,bbcnews,kmeans_k10_s2,0.6651141239224294,826
5,bbcnews,kmeans_k20_s0,0.5764606046547586,826
5,bbcnews,kmeans_k20_s1,0.5889533757576509,826
5,bbcnews,kmeans_k20_s2,0.5878238602699752,826
5,bbcnews,gmm_k2_s0,0.42831835887330105,826
5,bbcnews,gmm_k2_s1,0.42831835887330105,826
5,bbcnews,gmm_k2_s2,0.42831835887330105,826
5,bbcnews,gmm_k5_s0,0.6485385628614657,826
5,bbcnews,gmm_k5_s1,0.6682782622875962,826
5,bbcnews,gmm_k5_s2,0.6485385628614656,826
5,bbcnews,gmm_k10_s0,0.6648342365777079,826
5,bbcnews,gmm_k10_s1,0.6713569341775796,826
5,bbcnews,gmm_k10_s2,0.6688853184339911,826
5,bbcnews,gmm_k20_s0,0.5879335203168795,826
5,bbcnews,gmm_k20_s1,0.5874994789104029,826
5,bbcnews,gmm_k20_s2,0.5825778346222441,826
5,bbcnews,spectral_k2_s0,0.4313270614164699,826
5,bbcnews,spectral_k2_s1,0.4313270614164699,826
5,bbcnews,spectral_k2_s2,0.4313270614164699,826
5,bbcnews,spectral_k5_s0,0.5842308924319748,826
5,bbcnews,spectral_k5_s1,0.5842308924319749,826
5,bbcnews,spectral_k5_s2,0.5842308924319749,826
5,bbcnews,spectral_k10_s0,0.6769286849387378,826
5,bbcnews,spectral_k10_s1,0.6769286849387378,826
5,bbcnews,spectral_k10_s2,0.6769286849387378,826
5,bbcnews,spectral_k20_s0,0.6067992332760344,826
5,bbcnews,spectral_k20_s1,0.6067621140248939,826
5,bbcnews,spectral_k20_s2,0.6055628917630868,826
5,bbcnews,ward_k2,0.4636164477932545,826
5,bbcnews,ward_k5,0.7183197017645021,826
5,bbcnews,ward_k10,0.6353794154345269,826
5,bbcnews,ward_k20,0.5630863952723423,826
5,bbcnews,leiden_k2_s0,0.4313270614164699,826
5,bbcnews,leiden_k2_s1,0.4313270614164699,826
5,bbcnews,leiden_k2_s2,0.4313270614164699,826
5,bbcnews,leiden_k5_s0,0.6645481080583886,826
5,bbcnews,leiden_k5_s1,0.6742641018369746,826
5,bbcnews,leiden_k5_s2,0.6742641018369746,826
5,bbcnews,leiden_k10_s0,0.6785244923169987,826
5,bbcnews,leiden_k10_s1,0.680278863195229,826
5,bbcnews,leiden_k10_s2,0.6869791568943873,826
5,bbcnews,leiden_k20_s0,0.5997360002790723,826
5,bbcnews,leiden_k20_s1,0.5954142327523405,826
5,bbcnews,leiden_k20_s2,0.5917576944044964,826
5,clinc150,kmeans_k38_s0,0.44737609804813633,578
5,clinc150,kmeans_k38_s1,0.4420475087668504,578
5,clinc150,kmeans_k38_s2,0.44513228745074773,578
5,clinc150,kmeans_k76_s0,0.4153659033170339,578
5,clinc150,kmeans_k76_s1,0.4139802658947845,578
5,clinc150,kmeans_k76_s2,0.4121851641081545,578
5,clinc150,kmeans_k151_s0,0.3698455683726185,578
5,clinc150,kmeans_k151_s1,0.36652184274785865,578
5,clinc150,kmeans_k151_s2,0.3584675133288484,578
5,clinc150,kmeans_k302_s0,0.28120519743878747,578
5,clinc150,kmeans_k302_s1,0.2806403422415529,578
5,clinc150,kmeans_k302_s2,0.2766120093872849,578
5,clinc150,kmeans_k604_s0,0.2072138833855288,578
5,clinc150,kmeans_k604_s1,0.2004377830750318,578
5,clinc150,kmeans_k604_s2,0.19895436172577075,578
5,clinc150,gmm_k38_s0,0.4418607260507561,578
5,clinc150,gmm_k38_s1,0.4571687752058562,578
5,clinc150,gmm_k38_s2,0.4255768832292106,578
5,clinc150,gmm_k76_s0,0.41463594382403063,578
5,clinc150,gmm_k76_s1,0.4221201733269282,578
5,clinc150,gmm_k76_s2,0.4215641547253849,578
5,clinc150,gmm_k151_s0,0.36570104085760824,578
5,clinc150,gmm_k151_s1,0.36270765142767164,578
5,clinc150,gmm_k151_s2,0.36185637041834223,578
5,clinc150,gmm_k302_s0,0.31065275975891316,578
5,clinc150,gmm_k302_s1,0.3120045795387076,578
5,clinc150,gmm_k302_s2,0.31499736964181757,578
5,clinc150,gmm_k604_s0,0.2546173361949904,578
5,clinc150,gmm_k604_s1,0.2581936379030127,578
5,clinc150,gmm_k604_s2,0.2624488987278114,578
5,clinc150,spectral_k38_s0,0.4925695635257122,578
5,clinc150,spectral_k38_s1,0.4580111804987246,578
5,clinc150,spectral_k38_s2,0.40441893091208786,578
5,clinc150,spectral_k76_s0,0.3602759858689763,578
5,clinc150,spectral_k76_s1,0.35877182364284677,578
5,clinc150,spectral_k76_s2,0.3479710148865117,578
5,clinc150,spectral_k151_s0,0.3229797171197491,578
5,clinc150,spectral_k151_s1,0.325655286596843,578
5,clinc150,spectral_k151_s2,0.33198367485061414,578
5,clinc150,spectral_k302_s0,0.252803104197599,578
5,clinc150,spectral_k302_s1,0.25516614258862114,578
5,clinc150,spectral_k302_s2,0.25801019319415025,578
5,clinc150,spectral_k604_s0,0.17255920345507084,578
5,clinc150,spectral_k604_s1,0.17040905556187297,578
5,clinc150,spectral_k604_s2,0.18021202297482428,578
5,clinc150,ward_k38,0.45027459092080874,578
5,clinc150,ward_k76,0.4311326759801491,578
5,clinc150,ward_k151,0.34390704190790206,578
5,clinc150,ward_k302,0.28181525672177876,578
5,clinc150,ward_k604,0.20259409791389427,578
5,clinc150,leiden_k38_s0,0.4449381162051523,578
5,clinc150,leiden_k38_s1,0.41965535021234535,578
5,clinc150,leiden_k38_s2,0.43221644770418816,578
5,clinc150,leiden_k76_s0,0.42285494871962864,578
5,clinc150,leiden_k76_s1,0.42065723053222087,578
5,clinc150,leiden_k76_s2,0.423598398547572,578
5,clinc150,leiden_k151_s0,0.36510195945513235,578
5,clinc150,leiden_k151_s1,0.36269567694622945,578
5,clinc150,leiden_k151_s2,0.36316406727524747,578
5,clinc150,leiden_k302_s0,0.3111879068959916,578
5,clinc150,leiden_k302_s1,0.30960707259061504,578
5,clinc150,leiden_k302_s2,0.3046845518212813,578
5,clinc150,leiden_k604_s0,0.2132228208319988,578
5,clinc150,leiden_k604_s1,0.21736884732587844,578
5,clinc150,leiden_k604_s2,0.2123839814933419,578
5,clinc150_domain,kmeans_k2_s0,0.26247850271903583,788
5,clinc150_domain,kmeans_k2_s1,0.3266425791031545,788
5,clinc150_domain,kmeans_k2_s2,0.3266425791031545,788
5,clinc150_domain,kmeans_k5_s0,0.5906193077224076,788
5,clinc150_domain,kmeans_k5_s1,0.5911260553810267,788
5,clinc150_domain,kmeans_k5_s2,0.5471562410720596,788
5,clinc150_domain,kmeans_k10_s0,0.6035696887861001,788
5,clinc150_domain,kmeans_k10_s1,0.545766132934111,788
5,clinc150_domain,kmeans_k10_s2,0.5633944239045373,788
5,clinc150_domain,kmeans_k20_s0,0.587850201164015,788
5,clinc150_domain,kmeans_k20_s1,0.610364877922634,788
5,clinc150_domain,kmeans_k20_s2,0.5935217200477224,788
5,clinc150_domain,kmeans_k40_s0,0.5738160135596369,788
5,clinc150_domain,kmeans_k40_s1,0.5692680684644902,788
5,clinc150_domain,kmeans_k40_s2,0.551803654381837,788
5,clinc150_domain,gmm_k2_s0,0.27273411366518774,788
5,clinc150_domain,gmm_k2_s1,0.16057960195625232,788
5,clinc150_domain,gmm_k2_s2,0.21685455982103688,788
5,clinc150_domain,gmm_k5_s0,0.47808835789565846,788
5,clinc150_domain,gmm_k5_s1,0.414884230061993,788
5,clinc150_domain,gmm_k5_s2,0.37386947376732166,788
5,clinc150_domain,gmm_k10_s0,0.5181004078271148,788
5,clinc150_domain,gmm_k10_s1,0.5014183713592671,788
5,clinc150_domain,gmm_k10_s2,0.4997922936221758,788
5,clinc150_domain,gmm_k20_s0,0.5567986398895503,788
5,clinc150_domain,gmm_k20_s1,0.5461522644707387,788
5,clinc150_domain,gmm_k20_s2,0.571153286142719,788
5,clinc150_domain,gmm_k40_s0,0.5652580972814765,788
5,clinc150_domain,gmm_k40_s1,0.5485253745736267,788
5,clinc150_domain,gmm_k40_s2,0.5643297272681822,788
5,clinc150_domain,spectral_k2_s0,0.0018186434292211588,788
5,clinc150_domain,spectral_k2_s1,0.0018186434292211588,788
5,clinc150_domain,spectral_k2_s2,0.0018186434292211588,788
5,clinc150_domain,spectral_k5_s0,0.08499488070555458,788
5,clinc150_domain,spectral_k5_s1,0.08499488070555457,788
5,clinc150_domain,spectral_k5_s2,0.08499488070555458,788
5,clinc150_domain,spectral_k10_s0,0.4224388923732903,788
5,clinc150_domain,spectral_k10_s1,0.42243889237329035,788
5,clinc150_domain,spectral_k10_s2,0.42243889237329035,788
5,clinc150_domain,spectral_k20_s0,0.5346090691315611,788
5,clinc150_domain,spectral_k20_s1,0.5346090691315611,788
5,clinc150_domain,spectral_k20_s2,0.534609069131561,788
5,clinc150_domain,spectral_k40_s0,0.5128134753473022,788
5,clinc150_domain,spectral_k40_s1,0.5239124582297908,788
5,clinc150_domain,spectral_k40_s2,0.5149191093018581,788
5,clinc150_domain,ward_k2,0.2821404537891173,788
5,clinc150_domain,ward_k5,0.5398332006374713,788
5,clinc150_domain,ward_k10,0.6196162088190494,788
5,clinc150_domain,ward_k20,0.5887231423551615,788
5,clinc150_domain,ward_k40,0.5866834282187048,788
5,clinc150_domain,leiden_k2_s0,0.0018186434292211588,788
5,clinc150_domain,leiden_k2_s1,0.0018186434292211588,788
5,clinc150_domain,leiden_k2_s2,0.12152664755045205,788
5,clinc150_domain,leiden_k5_s0,0.36728027015756837,788
5,clinc150_domain,leiden_k5_s1,0.3449896821601224,788
5,clinc150_domain,leiden_k5_s2,0.3435330803390366,788
5,clinc150_domain,leiden_k10_s0,0.5187341335525333,788
5,clinc150_domain,leiden_k10_s1,0.5618798550317138,788
5,clinc150_domain,leiden_k10_s2,0.5092318909628204,788
5,clinc150_domain,leiden_k20_s0,0.5757562932050416,788
5,clinc150_domain,leiden_k20_s1,0.5659489017297055,788
5,clinc150_domain,leiden_k20_s2,0.5638771222797496,788
5,clinc150_domain,leiden_k40_s0,0.5628548833706108,788
5,clinc150_domain,leiden_k40_s1,0.5676641356682407,788
5,clinc150_domain,leiden_k40_s2,0.5739525940963612,788
5,dbpedia,kmeans_k4_s0,0.5774053613912716,652
5,dbpedia,kmeans_k4_s1,0.4996826921563387,652
5,dbpedia,kmeans_k4_s2,0.5504348571437029,652
5,dbpedia,kmeans_k7_s0,0.6755532071223287,652
5,dbpedia,kmeans_k7_s1,0.6725996642167213,652
5,dbpedia,kmeans_k7_s2,0.7090807306303184,652
5,dbpedia,kmeans_k14_s0,0.6766173271611907,652
5,dbpedia,kmeans_k14_s1,0.6939641242483061,652
5,dbpedia,kmeans_k14_s2,0.758345230719881,652
5,dbpedia,kmeans_k28_s0,0.680095165770996,652
5,dbpedia,kmeans_k28_s1,0.6836355821170162,652
5,dbpedia,kmeans_k28_s2,0.6720690992073972,652
5,dbpedia,kmeans_k56_s0,0.6251867974626314,652
5,dbpedia,kmeans_k56_s1,0.6074520528540763,652
5,dbpedia,kmeans_k56_s2,0.608877273007267,652
5,dbpedia,gmm_k4_s0,0.5203235508183943,652
5,dbpedia,gmm_k4_s1,0.5855849238814621,652
5,dbpedia,gmm_k4_s2,0.5203235508183943,652
5,dbpedia,gmm_k7_s0,0.670605869505571,652
5,dbpedia,gmm_k7_s1,0.6693993822560137,652
5,dbpedia,gmm_k7_s2,0.6760264175639211,652
5,dbpedia,gmm_k14_s0,0.7402640579887351,652
5,dbpedia,gmm_k14_s1,0.7105172812288562,652
5,dbpedia,gmm_k14_s2,0.7192099360580393,652
5,dbpedia,gmm_k28_s0,0.6931114991059435,652
5,dbpedia,gmm_k28_s1,0.6890051586413546,652
5,dbpedia,gmm_k28_s2,0.6853432114547088,652
5,dbpedia,gmm_k56_s0,0.6335247459439556,652
5,dbpedia,gmm_k56_s1,0.6263047520894645,652
5,dbpedia,gmm_k56_s2,0.6210161535260099,652
5,dbpedia,spectral_k4_s0,0.5191761473890588,652
5,dbpedia,spectral_k4_s1,0.5191761473890588,652
5,dbpedia,spectral_k4_s2,0.5191761473890588,652
5,dbpedia,spectral_k7_s0,0.6425846427765755,652
5,dbpedia,spectral_k7_s1,0.6425846427765755,652
5,dbpedia,spectral_k7_s2,0.6425846427765753,652
5,dbpedia,spectral_k14_s0,0.6328706416435332,652
5,dbpedia,spectral_k14_s1,0.6771752888145133,652
5,dbpedia,spectral_k14_s2,0.6442982911214572,652
5,dbpedia,spectral_k28_s0,0.6671345943197557,652
5,dbpedia,spectral_k28_s1,0.6632141532596487,652
5,dbpedia,spectral_k28_s2,0.6632000261475327,652
5,dbpedia,spectral_k56_s0,0.5932709446525625,652
5,dbpedia,spectral_k56_s1,0.5987517983229054,652
5,dbpedia,spectral_k56_s2,0.6118175621275392,652
5,dbpedia,ward_k4,0.5583153490212771,652
5,dbpedia,ward_k7,0.6371727608375108,652
5,dbpedia,ward_k14,0.6694171039016605,652
5,dbpedia,ward_k28,0.6799137260028447,652
5,dbpedia,ward_k56,0.6167818513304232,652
5,dbpedia,leiden_k4_s0,0.526751231234303,652
5,dbpedia,leiden_k4_s1,0.5194491991329936,652
5,dbpedia,leiden_k4_s2,0.526751231234303,652
5,dbpedia,leiden_k7_s0,0.6660537653785302,652
5,dbpedia,leiden_k7_s1,0.6738112766495434,652
5,dbpedia,leiden_k7_s2,0.6724377239321,652
5,dbpedia,leiden_k14_s0,0.7206682125584549,652
5,dbpedia,leiden_k14_s1,0.7153970167801109,652
5,dbpedia,leiden_k14_s2,0.7304639557279297,652
5,dbpedia,leiden_k28_s0,0.7087819590709898,652
5,dbpedia,leiden_k28_s1,0.7075646581032882,652
5,dbpedia,leiden_k28_s2,0.7081866871489927,652
5,dbpedia,leiden_k56_s0,0.6408350689295942,652
5,dbpedia,leiden_k56_s1,0.632078929241016,652
5,dbpedia,leiden_k56_s2,0.6275756838002261,652
5,fewevent,kmeans_k8_s0,0.5627418951951889,456
5,fewevent,kmeans_k8_s1,0.5383846104619668,456
5,fewevent,kmeans_k8_s2,0.5425346555958908,456
5,fewevent,kmeans_k17_s0,0.5615456439350682,456
5,fewevent,kmeans_k17_s1,0.5669551093130811,456
5,fewevent,kmeans_k17_s2,0.5668790532901596,456
5,fewevent,kmeans_k34_s0,0.5794509747402324,456
5,fewevent,kmeans_k34_s1,0.5520886026690477,456
5,fewevent,kmeans_k34_s2,0.5384429140377791,456
5,fewevent,kmeans_k68_s0,0.5241654876137911,456
5,fewevent,kmeans_k68_s1,0.5106916873944415,456
5,fewevent,kmeans_k68_s2,0.5035433162715454,456
5,fewevent,kmeans_k136_s0,0.48694322162283,456
5,fewevent,kmeans_k136_s1,0.43291509818095675,456
5,fewevent,kmeans_k136_s2,0.4832620249556642,456
5,fewevent,gmm_k8_s0,0.587175867260536,456
5,fewevent,gmm_k8_s1,0.5597871346953451,456
5,fewevent,gmm_k8_s2,0.5871758672605362,456
5,fewevent,gmm_k17_s0,0.5973140924796267,456
5,fewevent,gmm_k17_s1,0.6013434114388531,456
5,fewevent,gmm_k17_s2,0.6043735726023954,456
5,fewevent,gmm_k34_s0,0.5609204748066282,456
5,fewevent,gmm_k34_s1,0.5623745234020009,456
5,fewevent,gmm_k34_s2,0.564655404429939,456
5,fewevent,gmm_k68_s0,0.512124055701692,456
5,fewevent,gmm_k68_s1,0.5213370222928814,456
5,fewevent,gmm_k68_s2,0.5189533896547099,456
5,fewevent,gmm_k136_s0,0.47335861001316676,456
5,fewevent,gmm_k136_s1,0.47213460344031255,456
5,fewevent,gmm_k136_s2,0.474872065454783,456
5,fewevent,spectral_k8_s0,0.517968144233337,456
5,fewevent,spectral_k8_s1,0.517968144233337,456
5,fewevent,spectral_k8_s2,0.517968144233337,456
5,fewevent,spectral_k17_s0,0.5604335112393689,456
5,fewevent,spectral_k17_s1,0.560433511239369,456
5,fewevent,spectral_k17_s2,0.560990238632544,456
5,fewevent,spectral_k34_s0,0.5469501589008582,456
5,fewevent,spectral_k34_s1,0.5505284984017359,456
5,fewevent,spectral_k34_s2,0.5505284984017359,456
5,fewevent,spectral_k68_s0,0.5258042262246201,456
5,fewevent,spectral_k68_s1,0.5263339853613201,456
5,fewevent,spectral_k68_s2,0.5206561204326668,456
5,fewevent,spectral_k136_s0,0.4388464890970198,456
5,fewevent,spectral_k136_s1,0.4358636219055162,456
5,fewevent,spectral_k136_s2,0.4436509106295382,456
5,fewevent,ward_k8,0.5128992039009703,456
5,fewevent,ward_k17,0.5526129315211021,456
5,fewevent,ward_k34,0.526537667838391,456
5,fewevent,ward_k68,0.5162764528094664,456
5,fewevent,ward_k136,0.4626507226631134,456
5,fewevent,leiden_k8_s0,0.53936549409034,456
5,fewevent,leiden_k8_s1,0.5385636993070259,456
5,fewevent,leiden_k8_s2,0.5408007412944815,456
5,fewevent,leiden_k17_s0,0.6031452494192443,456
5,fewevent,leiden_k17_s1,0.600830877697298,456
5,fewevent,leiden_k17_s2,0.5739169426105266,456
5,fewevent,leiden_k34_s0,0.5985732026780091,456
5,fewevent,leiden_k34_s1,0.596434403258572,456
5,fewevent,leiden_k34_s2,0.5812399176929046,456
5,fewevent,leiden_k68_s0,0.5595951669283002,456
5,fewevent,leiden_k68_s1,0.5601245227454801,456
5,fewevent,leiden_k68_s2,0.550006126240812,456
5,fewevent,leiden_k136_s0,0.4768875145861466,456
5,fewevent,leiden_k136_s1,0.48661910902532457,456
5,fewevent,leiden_k136_s2,0.4771230985762109,456
5,fewnerd,kmeans_k14_s0,0.19332604089334726,616
5,fewnerd,kmeans_k14_s1,0.17826994542164148,616
5,fewnerd,kmeans_k14_s2,0.2081717541916825,616
5,fewnerd,kmeans_k29_s0,0.1973828610401833,616
5,fewnerd,kmeans_k29_s1,0.1896217912549443,616
5,fewnerd,kmeans_k29_s2,0.19710826655641434,616
5,fewnerd,kmeans_k58_s0,0.1700268567201172,616
5,fewnerd,kmeans_k58_s1,0.1789346850892806,616
5,fewnerd,kmeans_k58_s2,0.17826408911651903,616
5,fewnerd,kmeans_k116_s0,0.14400761885059388,616
5,fewnerd,kmeans_k116_s1,0.14832985942398544,616
5,fewnerd,kmeans_k116_s2,0.14037970259923455,616
5,fewnerd,kmeans_k232_s0,0.09104382180994137,616
5,fewnerd,kmeans_k232_s1,0.10010640830772387,616
5,fewnerd,kmeans_k232_s2,0.08405735619390636,616
5,fewnerd,gmm_k14_s0,0.19687646318120766,616
5,fewnerd,gmm_k14_s1,0.2002534122374402,616
5,fewnerd,gmm_k14_s2,0.19919770494041308,616
5,fewnerd,gmm_k29_s0,0.19636888890854895,616
5,fewnerd,gmm_k29_s1,0.19577334909891628,616
5,fewnerd,gmm_k29_s2,0.18749691685974873,616
5,fewnerd,gmm_k58_s0,0.1829755257659444,616
5,fewnerd,gmm_k58_s1,0.18794686477371586,616
5,fewnerd,gmm_k58_s2,0.18732120747065883,616
5,fewnerd,gmm_k116_s0,0.15108856309568147,616
5,fewnerd,gmm_k116_s1,0.1433559822663515,616
5,fewnerd,gmm_k116_s2,0.14650586342320973,616
5,fewnerd,gmm_k232_s0,0.11481289117097851,616
5,fewnerd,gmm_k232_s1,0.1240724980860765,616
5,fewnerd,gmm_k232_s2,0.12378310558972126,616
5,fewnerd,spectral_k14_s0,0.20191553767350903,616
5,fewnerd,spectral_k14_s1,0.2026897268368377,616
5,fewnerd,spectral_k14_s2,0.20268972683683753,616
5,fewnerd,spectral_k29_s0,0.17265810782343985,616
5,fewnerd,spectral_k29_s1,0.18923356696353302,616
5,fewnerd,spectral_k29_s2,0.19573896654538417,616
5,fewnerd,spectral_k58_s0,0.15755656975355328,616
5,fewnerd,spectral_k58_s1,0.15967317596045041,616
5,fewnerd,spectral_k58_s2,0.16121844904555654,616
5,fewnerd,spectral_k116_s0,0.119100709418375,616
5,fewnerd,spectral_k116_s1,0.10647012438729807,616
5,fewnerd,spectral_k116_s2,0.11892007722411176,616
5,fewnerd,spectral_k232_s0,0.08370504258608283,616
5,fewnerd,spectral_k232_s1,0.09838266122379973,616
5,fewnerd,spectral_k232_s2,0.09809570999778036,616
5,fewnerd,ward_k14,0.15234310192850434,616
5,fewnerd,ward_k29,0.178830104865117,616
5,fewnerd,ward_k58,0.15434179353595884,616
5,fewnerd,ward_k116,0.14212248840431096,616
5,fewnerd,ward_k232,0.10574354624190364,616
5,fewnerd,leiden_k14_s0,0.19981413834481046,616
5,fewnerd,leiden_k14_s1,0.2013012176400874,616
5,fewnerd,leiden_k14_s2,0.19728188150303969,616
5,fewnerd,leiden_k29_s0,0.20902157537245733,616
5,fewnerd,leiden_k29_s1,0.20158577915559392,616
5,fewnerd,leiden_k29_s2,0.20289842487805904,616
5,fewnerd,leiden_k58_s0,0.18653420250143793,616
5,fewnerd,leiden_k58_s1,0.18084009265908704,616
5,fewnerd,leiden_k58_s2,0.1848654589308111,616
5,fewnerd,leiden_k116_s0,0.16169103485470976,616
5,fewnerd,leiden_k116_s1,0.1474005007380158,616
5,fewnerd,leiden_k116_s2,0.15683410398665013,616
5,fewnerd,leiden_k232_s0,0.12854072044784987,616
5,fewnerd,leiden_k232_s1,0.126446961353839,616
5,fewnerd,leiden_k232_s2,0.12788954388477244,616
5,fewrel,kmeans_k16_s0,0.4997797030660774,789
5,fewrel,kmeans_k16_s1,0.5026201068661663,789
5,fewrel,kmeans_k16_s2,0.5043707451297151,789
5,fewrel,kmeans_k32_s0,0.5133066712727071,789
5,fewrel,kmeans_k32_s1,0.5021515103761613,789
5,fewrel,kmeans_k32_s2,0.5038134310830884,789
5,fewrel,kmeans_k64_s0,0.4431327212775255,789
5,fewrel,kmeans_k64_s1,0.4605855899772788,789
5,fewrel,kmeans_k64_s2,0.45113551148155256,789
5,fewrel,kmeans_k128_s0,0.3745188510954664,789
5,fewrel,kmeans_k128_s1,0.3735310145696928,789
5,fewrel,kmeans_k128_s2,0.36498670733972566,789
5,fewrel,kmeans_k256_s0,0.31012242599693507,789
5,fewrel,kmeans_k256_s1,0.30356178358250285,789
5,fewrel,kmeans_k256_s2,0.2879937493356138,789
5,fewrel,gmm_k16_s0,0.5209614360097361,789
5,fewrel,gmm_k16_s1,0.530498036909728,789
5,fewrel,gmm_k16_s2,0.5214752168227513,789
5,fewrel,gmm_k32_s0,0.5207079024617434,789
5,fewrel,gmm_k32_s1,0.5250866283168799,789
5,fewrel,gmm_k32_s2,0.5155496280414322,789
5,fewrel,gmm_k64_s0,0.48600845231732037,789
5,fewrel,gmm_k64_s1,0.4832013550085215,789
5,fewrel,gmm_k64_s2,0.4777244088283862,789
5,fewrel,gmm_k128_s0,0.43144970535051685,789
5,fewrel,gmm_k128_s1,0.43553131878069723,789
5,fewrel,gmm_k128_s2,0.42374528734635436,789
5,fewrel,gmm_k256_s0,0.34569545652721306,789
5,fewrel,gmm_k256_s1,0.3571352536615169,789
5,fewrel,gmm_k256_s2,0.3512880628251656,789
5,fewrel,spectral_k16_s0,0.492861689724585,789
5,fewrel,spectral_k16_s1,0.4922638278637658,789
5,fewrel,spectral_k16_s2,0.4899667082707249,789
5,fewrel,spectral_k32_s0,0.481105163936359,789
5,fewrel,spectral_k32_s1,0.4790874126066232,789
5,fewrel,spectral_k32_s2,0.4787077182531748,789
5,fewrel,spectral_k64_s0,0.42654076665001267,789
5,fewrel,spectral_k64_s1,0.41877477021580956,789
5,fewrel,spectral_k64_s2,0.41578158467202714,789
5,fewrel,spectral_k128_s0,0.3499867543247865,789
5,fewrel,spectral_k128_s1,0.3615446722611834,789
5,fewrel,spectral_k128_s2,0.3583377980566333,789
5,fewrel,spectral_k256_s0,0.27524954872194646,789
5,fewrel,spectral_k256_s1,0.2724001795334564,789
5,fewrel,spectral_k256_s2,0.27610209197308766,789
5,fewrel,ward_k16,0.46907442855938225,789
5,fewrel,ward_k32,0.4531089037777229,789
5,fewrel,ward_k64,0.4224606519932926,789
5,fewrel,ward_k128,0.3776782301442484,789
5,fewrel,ward_k256,0.3140948924267705,789
5,fewrel,leiden_k16_s0,0.5444703430501187,789
5,fewrel,leiden_k16_s1,0.5118923760580527,789
5,fewrel,leiden_k16_s2,0.5390837842860561,789
5,fewrel,leiden_k32_s0,0.5079774752667227,789
5,fewrel,leiden_k32_s1,0.5133269162559806,789
5,fewrel,leiden_k32_s2,0.5121301684604581,789
5,fewrel,leiden_k64_s0,0.4626596096920085,789
5,fewrel,leiden_k64_s1,0.47495363254558254,789
5,fewrel,leiden_k64_s2,0.4774480458346692,789
5,fewrel,leiden_k128_s0,0.4075830862035737,789
5,fewrel,leiden_k128_s1,0.42050935804447936,789
5,fewrel,leiden_k128_s2,0.4123705701945675,789
5,fewrel,leiden_k256_s0,0.3277002175976057,789
5,fewrel,leiden_k256_s1,0.33463810011480544,789
5,fewrel,leiden_k256_s2,0.3293637133861439,789
5,massive_domain,kmeans_k4_s0,0.4843273070585118,709
5,massive_domain,kmeans_k4_s1,0.4297017613597614,709
5,massive_domain,kmeans_k4_s2,0.4297372654183114,709
5,massive_domain,kmeans_k9_s0,0.6713150136951812,709
5,massive_domain,kmeans_k9_s1,0.6689945099332245,709
5,massive_domain,kmeans_k9_s2,0.6221651053314177,709
5,massive_domain,kmeans_k18_s0,0.6921295440269689,709
5,massive_domain,kmeans_k18_s1,0.7383833531026449,709
5,massive_domain,kmeans_k18_s2,0.711988474288799,709
5,massive_domain,kmeans_k36_s0,0.7095429430167507,709
5,massive_domain,kmeans_k36_s1,0.6971372005356882,709
5,massive_domain,kmeans_k36_s2,0.6958547700790403,709
5,massive_domain,kmeans_k72_s0,0.6319107604855311,709
5,massive_domain,kmeans_k72_s1,0.6305263443464506,709
5,massive_domain,kmeans_k72_s2,0.6297469412714528,709
5,massive_domain,gmm_k4_s0,0.45917333480407135,709
5,massive_domain,gmm_k4_s1,0.5126207481139791,709
5,massive_domain,gmm_k4_s2,0.44301903843803064,709
5,massive_domain,gmm_k9_s0,0.6867126873483455,709
5,massive_domain,gmm_k9_s1,0.7259548370735494,709
5,massive_domain,gmm_k9_s2,0.6881708945901173,709
5,massive_domain,gmm_k18_s0,0.7374186827195606,709
5,massive_domain,gmm_k18_s1,0.7490584201413378,709
5,massive_domain,gmm_k18_s2,0.7530577001523028,709
5,massive_domain,gmm_k36_s0,0.7289132683971395,709
5,massive_domain,gmm_k36_s1,0.7213737028716768,709
5,massive_domain,gmm_k36_s2,0.7079919753270946,709
5,massive_domain,gmm_k72_s0,0.6444130507527749,709
5,massive_domain,gmm_k72_s1,0.649620652999603,709
5,massive_domain,gmm_k72_s2,0.6454941660634634,709
5,massive_domain,spectral_k4_s0,0.48934904677573154,709
5,massive_domain,spectral_k4_s1,0.48934904677573154,709
5,massive_domain,spectral_k4_s2,0.4893490467757314,709
5,massive_domain,spectral_k9_s0,0.6832003227312266,709
5,massive_domain,spectral_k9_s1,0.6832003227312266,709
5,massive_domain,spectral_k9_s2,0.6832003227312266,709
5,massive_domain,spectral_k18_s0,0.6996477433733672,709
5,massive_domain,spectral_k18_s1,0.6996477433733672,709
5,massive_domain,spectral_k18_s2,0.7004150337319852,709
5,massive_domain,spectral_k36_s0,0.726358694364121,709
5,massive_domain,spectral_k36_s1,0.7262050942507042,709
5,massive_domain,spectral_k36_s2,0.7262050942507042,709
5,massive_domain,spectral_k72_s0,0.6167003775423073,709
5,massive_domain,spectral_k72_s1,0.6164908914205864,709
5,massive_domain,spectral_k72_s2,0.6106227117894182,709
5,massive_domain,ward_k4,0.505026154500243,709
5,massive_domain,ward_k9,0.6265292540920224,709
5,massive_domain,ward_k18,0.7341634684437112,709
5,massive_domain,ward_k36,0.7056867235988121,709
5,massive_domain,ward_k72,0.6339805506971625,709
5,massive_domain,leiden_k4_s0,0.5151496823018734,709
5,massive_domain,leiden_k4_s1,0.4413324560335086,709
5,massive_domain,leiden_k4_s2,0.41444468861320855,709
5,massive_domain,leiden_k9_s0,0.7068677763846523,709
5,massive_domain,leiden_k9_s1,0.7092995659275863,709
5,massive_domain,leiden_k9_s2,0.6767848850066944,709
5,massive_domain,leiden_k18_s0,0.7709693944454495,709
5,massive_domain,leiden_k18_s1,0.7631976987227614,709
5,massive_domain,leiden_k18_s2,0.7677451089581325,709
5,massive_domain,leiden_k36_s0,0.7177194659634659,709
5,massive_domain,leiden_k36_s1,0.7079968230056003,709
5,massive_domain,leiden_k36_s2,0.716523868329405,709
5,massive_domain,leiden_k72_s0,0.6321340352839062,709
5,massive_domain,leiden_k72_s1,0.6421161284203398,709
5,massive_domain,leiden_k72_s2,0.6322795368918902,709
5,massive_intent,kmeans_k15_s0,0.5882147937498635,828
5,massive_intent,kmeans_k15_s1,0.5857119223252741,828
5,massive_intent,kmeans_k15_s2,0.6138196204012205,828
5,massive_intent,kmeans_k30_s0,0.6072499507892384,828
5,massive_intent,kmeans_k30_s1,0.6079533367783805,828
5,massive_intent,kmeans_k30_s2,0.6152531128601724,828
5,massive_intent,kmeans_k59_s0,0.5624758878546116,828
5,massive_intent,kmeans_k59_s1,0.5612578097894353,828
5,massive_intent,kmeans_k59_s2,0.5631522588185279,828
5,massive_intent,kmeans_k118_s0,0.493034366019189,828
5,massive_intent,kmeans_k118_s1,0.4799906352223843,828
5,massive_intent,kmeans_k118_s2,0.4903697889561546,828
5,massive_intent,kmeans_k236_s0,0.4120075990824713,828
5,massive_intent,kmeans_k236_s1,0.4148798544361102,828
5,massive_intent,kmeans_k236_s2,0.41153725035415545,828
5,massive_intent,gmm_k15_s0,0.6202236231431001,828
5,massive_intent,gmm_k15_s1,0.6202236231431001,828
5,massive_intent,gmm_k15_s2,0.6204440054784903,828
5,massive_intent,gmm_k30_s0,0.6197965564374969,828
5,massive_intent,gmm_k30_s1,0.624075604687923,828
5,massive_intent,gmm_k30_s2,0.6166725244806015,828
5,massive_intent,gmm_k59_s0,0.5689723667749078,828
5,massive_intent,gmm_k59_s1,0.5707268143271719,828
5,massive_intent,gmm_k59_s2,0.569772710555032,828
5,massive_intent,gmm_k118_s0,0.49448196249586257,828
5,massive_intent,gmm_k118_s1,0.49853337857739616,828
5,massive_intent,gmm_k118_s2,0.5000073657086818,828
5,massive_intent,gmm_k236_s0,0.4218989228415345,828
5,massive_intent,gmm_k236_s1,0.4191056559100779,828
5,massive_intent,gmm_k236_s2,0.41694210346803223,828
5,massive_intent,spectral_k15_s0,0.577779411813553,828
5,massive_intent,spectral_k15_s1,0.5777794118135529,828
5,massive_intent,spectral_k15_s2,0.577779411813553,828
5,massive_intent,spectral_k30_s0,0.6382673778169354,828
5,massive_intent,spectral_k30_s1,0.6386971628259481,828
5,massive_intent,spectral_k30_s2,0.638697162825948,828
5,massive_intent,spectral_k59_s0,0.549967754691458,828
5,massive_intent,spectral_k59_s1,0.5592259534903031,828
5,massive_intent,spectral_k59_s2,0.5482533086160004,828
5,massive_intent,spectral_k118_s0,0.46522779763909095,828
5,massive_intent,spectral_k118_s1,0.46858557432523895,828
5,massive_intent,spectral_k118_s2,0.46515759309124427,828
5,massive_intent,spectral_k236_s0,0.37440960579278537,828
5,massive_intent,spectral_k236_s1,0.3718787272867628,828
5,massive_intent,spectral_k236_s2,0.3669488600182944,828
5,massive_intent,ward_k15,0.6183267769519042,828
5,massive_intent,ward_k30,0.5967438033199556,828
5,massive_intent,ward_k59,0.5597827063328377,828
5,massive_intent,ward_k118,0.4866522129742586,828
5,massive_intent,ward_k236,0.4095515519457382,828
5,massive_intent,leiden_k15_s0,0.6221611364553199,828
5,massive_intent,leiden_k15_s1,0.6139661243115845,828
5,massive_intent,leiden_k15_s2,0.6129058266602556,828
5,massive_intent,leiden_k30_s0,0.6135732098673433,828
5,massive_intent,leiden_k30_s1,0.6095356087121184,828
5,massive_intent,leiden_k30_s2,0.6162597407543804,828
5,massive_intent,leiden_k59_s0,0.5700020779394122,828
5,massive_intent,leiden_k59_s1,0.5680536844792465,828
5,massive_intent,leiden_k59_s2,0.5707962647108175,828
5,massive_intent,leiden_k118_s0,0.5084873926901579,828
5,massive_intent,leiden_k118_s1,0.5006774736178551,828
5,massive_intent,leiden_k118_s2,0.508576555803844,828
5,massive_intent,leiden_k236_s0,0.41473713043320015,828
5,massive_intent,leiden_k236_s1,0.4164768633851618,828
5,massive_intent,leiden_k236_s2,0.414103806978133,828
5,mcid,kmeans_k4_s0,0.26440892507182295,837
5,mcid,kmeans_k4_s1,0.21640975673713775,837
5,mcid,kmeans_k4_s2,0.1241938429092478,837
5,mcid,kmeans_k8_s0,0.34082081047965157,837
5,mcid,kmeans_k8_s1,0.36364986679563444,837
5,mcid,kmeans_k8_s2,0.3794254083406373,837
5,mcid,kmeans_k16_s0,0.47423038770581694,837
5,mcid,kmeans_k16_s1,0.48615307199484864,837
5,mcid,kmeans_k16_s2,0.45179536596051895,837
5,mcid,kmeans_k32_s0,0.49033705223427404,837
5,mcid,kmeans_k32_s1,0.5123553153037312,837
5,mcid,kmeans_k32_s2,0.5114842855501172,837
5,mcid,kmeans_k64_s0,0.5076424192653497,837
5,mcid,kmeans_k64_s1,0.5112106184585405,837
5,mcid,kmeans_k64_s2,0.5069781266080419,837
5,mcid,gmm_k4_s0,0.3667292269638756,837
5,mcid,gmm_k4_s1,0.4140666853706084,837
5,mcid,gmm_k4_s2,0.36672922696387555,837
5,mcid,gmm_k8_s0,0.5196338747522202,837
5,mcid,gmm_k8_s1,0.48334698030611156,837
5,mcid,gmm_k8_s2,0.5248645177958449,837
5,mcid,gmm_k16_s0,0.5839308354412406,837
5,mcid,gmm_k16_s1,0.604254335438414,837
5,mcid,gmm_k16_s2,0.6156967625657772,837
5,mcid,gmm_k32_s0,0.5852011277185698,837
5,mcid,gmm_k32_s1,0.5878296284627545,837
5,mcid,gmm_k32_s2,0.5925704688052911,837
5,mcid,gmm_k64_s0,0.5405200369555306,837
5,mcid,gmm_k64_s1,0.5392430972012537,837
5,mcid,gmm_k64_s2,0.5330862348611733,837
5,mcid,spectral_k4_s0,0.24435720549720838,837
5,mcid,spectral_k4_s1,0.24435720549720838,837
5,mcid,spectral_k4_s2,0.24435720549720835,837
5,mcid,spectral_k8_s0,0.4351432236325429,837
5,mcid,spectral_k8_s1,0.4351432236325429,837
5,mcid,spectral_k8_s2,0.4351432236325429,837
5,mcid,spectral_k16_s0,0.5443831175908551,837
5,mcid,spectral_k16_s1,0.5443831175908552,837
5,mcid,spectral_k16_s2,0.5457271696547211,837
5,mcid,spectral_k32_s0,0.5639880872409868,837
5,mcid,spectral_k32_s1,0.5654632607556178,837
5,mcid,spectral_k32_s2,0.5677842294816218,837
5,mcid,spectral_k64_s0,0.504157523856369,837
5,mcid,spectral_k64_s1,0.501326132091277,837
5,mcid,spectral_k64_s2,0.5038728459869322,837
5,mcid,ward_k4,0.34051841873176514,837
5,mcid,ward_k8,0.4696293335472178,837
5,mcid,ward_k16,0.5763767045760578,837
5,mcid,ward_k32,0.587089435291643,837
5,mcid,ward_k64,0.5568897061823206,837
5,mcid,leiden_k4_s0,0.36137595942365636,837
5,mcid,leiden_k4_s1,0.3456817850395725,837
5,mcid,leiden_k4_s2,0.35937425791557936,837
5,mcid,leiden_k8_s0,0.4908551681857848,837
5,mcid,leiden_k8_s1,0.4816402134701152,837
5,mcid,leiden_k8_s2,0.4104679141967298,837
5,mcid,leiden_k16_s0,0.569212055728495,837
5,mcid,leiden_k16_s1,0.5648495320556414,837
5,mcid,leiden_k16_s2,0.5739163089714362,837
5,mcid,leiden_k32_s0,0.5853341291338645,837
5,mcid,leiden_k32_s1,0.5781978173459168,837
5,mcid,leiden_k32_s2,0.5784865782918892,837
5,mcid,leiden_k64_s0,0.5368219483756047,837
5,mcid,leiden_k64_s1,0.5332403459226345,837
5,mcid,leiden_k64_s2,0.5316542544193784,837
5,mtop_domain,kmeans_k3_s0,0.465417979375649,864
5,mtop_domain,kmeans_k3_s1,0.5325028228980243,864
5,mtop_domain,kmeans_k3_s2,0.44191721864580946,864
5,mtop_domain,kmeans_k6_s0,0.6965489361038604,864
5,mtop_domain,kmeans_k6_s1,0.6965489361038604,864
5,mtop_domain,kmeans_k6_s2,0.6991935570396829,864
5,mtop_domain,kmeans_k11_s0,0.8100250033092403,864
5,mtop_domain,kmeans_k11_s1,0.8672917775681022,864
5,mtop_domain,kmeans_k11_s2,0.8615338645514278,864
5,mtop_domain,kmeans_k22_s0,0.7626228663441921,864
5,mtop_domain,kmeans_k22_s1,0.7595346115290834,864
5,mtop_domain,kmeans_k22_s2,0.7626326554952502,864
5,mtop_domain,kmeans_k44_s0,0.674394654988234,864
5,mtop_domain,kmeans_k44_s1,0.684061314485386,864
5,mtop_domain,kmeans_k44_s2,0.6776329243289964,864
5,mtop_domain,gmm_k3_s0,0.5497368795264183,864
5,mtop_domain,gmm_k3_s1,0.5497368795264183,864
5,mtop_domain,gmm_k3_s2,0.4827572903875481,864
5,mtop_domain,gmm_k6_s0,0.7305330547942107,864
5,mtop_domain,gmm_k6_s1,0.7269958247012024,864
5,mtop_domain,gmm_k6_s2,0.7305330547942107,864
5,mtop_domain,gmm_k11_s0,0.8412064422189482,864
5,mtop_domain,gmm_k11_s1,0.8243879276383339,864
5,mtop_domain,gmm_k11_s2,0.8614300721085533,864
5,mtop_domain,gmm_k22_s0,0.7940723428764578,864
5,mtop_domain,gmm_k22_s1,0.7808176670844005,864
5,mtop_domain,gmm_k22_s2,0.7762415844870585,864
5,mtop_domain,gmm_k44_s0,0.7021897700615987,864
5,mtop_domain,gmm_k44_s1,0.6915632740601152,864
5,mtop_domain,gmm_k44_s2,0.6948064562412803,864
5,mtop_domain,spectral_k3_s0,0.3819812994351362,864
5,mtop_domain,spectral_k3_s1,0.3819812994351362,864
5,mtop_domain,spectral_k3_s2,0.3819812994351362,864
5,mtop_domain,spectral_k6_s0,0.6927176055395601,864
5,mtop_domain,spectral_k6_s1,0.6927176055395601,864
5,mtop_domain,spectral_k6_s2,0.6927176055395601,864
5,mtop_domain,spectral_k11_s0,0.798621484596061,864
5,mtop_domain,spectral_k11_s1,0.7986214845960609,864
5,mtop_domain,spectral_k11_s2,0.7986214845960609,864
5,mtop_domain,spectral_k22_s0,0.7905405433351255,864
5,mtop_domain,spectral_k22_s1,0.7899586140293846,864
5,mtop_domain,spectral_k22_s2,0.771235526752734,864
5,mtop_domain,spectral_k44_s0,0.6911448247420544,864
5,mtop_domain,spectral_k44_s1,0.704879555074166,864
5,mtop_domain,spectral_k44_s2,0.7079012615467789,864
5,mtop_domain,ward_k3,0.5298235230705347,864
5,mtop_domain,ward_k6,0.6947269958433574,864
5,mtop_domain,ward_k11,0.7967360772250642,864
5,mtop_domain,ward_k22,0.7412474495165442,864
5,mtop_domain,ward_k44,0.6731405178819505,864
5,mtop_domain,leiden_k3_s0,0.5211712880130829,864
5,mtop_domain,leiden_k3_s1,0.4780444490378093,864
5,mtop_domain,leiden_k3_s2,0.4718214764214362,864
5,mtop_domain,leiden_k6_s0,0.7122830124204407,864
5,mtop_domain,leiden_k6_s1,0.7261457884569287,864
5,mtop_domain,leiden_k6_s2,0.7230025039038778,864
5,mtop_domain,leiden_k11_s0,0.828627647760862,864
5,mtop_domain,leiden_k11_s1,0.831286542711761,864
5,mtop_domain,leiden_k11_s2,0.8235449727244167,864
5,mtop_domain,leiden_k22_s0,0.8071277147929513,864
5,mtop_domain,leiden_k22_s1,0.796268867518377,864
5,mtop_domain,leiden_k22_s2,0.788470406868355,864
5,mtop_domain,leiden_k44_s0,0.6997937182615086,864
5,mtop_domain,leiden_k44_s1,0.6989819127780993,864
5,mtop_domain,leiden_k44_s2,0.6784595521778933,864
5,mtop_intent,kmeans_k26_s0,0.7512440953402828,859
5,mtop_intent,kmeans_k26_s1,0.7726570272858068,859
5,mtop_intent,kmeans_k26_s2,0.748533642095917,859
5,mtop_intent,kmeans_k51_s0,0.6602767274827502,859
5,mtop_intent,kmeans_k51_s1,0.6721894342855345,859
5,mtop_intent,kmeans_k51_s2,0.6615286274616219,859
5,mtop_intent,kmeans_k102_s0,0.5697853109805031,859
5,mtop_intent,kmeans_k102_s1,0.5804124354719853,859
5,mtop_intent,kmeans_k102_s2,0.5861830974111644,859
5,mtop_intent,kmeans_k204_s0,0.4741319667962076,859
5,mtop_intent,kmeans_k204_s1,0.4787699590498225,859
5,mtop_intent,kmeans_k204_s2,0.4717101015114325,859
5,mtop_intent,kmeans_k408_s0,0.3630371413246539,859
5,mtop_intent,kmeans_k408_s1,0.3661295539865951,859
5,mtop_intent,kmeans_k408_s2,0.3706102932645432,859
5,mtop_intent,gmm_k26_s0,0.7747212891787505,859
5,mtop_intent,gmm_k26_s1,0.7801062902436371,859
5,mtop_intent,gmm_k26_s2,0.7766025992318453,859
5,mtop_intent,gmm_k51_s0,0.6873354771353036,859
5,mtop_intent,gmm_k51_s1,0.674831578346858,859
5,mtop_intent,gmm_k51_s2,0.6827707676043706,859
5,mtop_intent,gmm_k102_s0,0.5765227728711204,859
5,mtop_intent,gmm_k102_s1,0.5699990715260045,859
5,mtop_intent,gmm_k102_s2,0.5695863265710378,859
5,mtop_intent,gmm_k204_s0,0.4634372117878354,859
5,mtop_intent,gmm_k204_s1,0.4676813881701296,859
5,mtop_intent,gmm_k204_s2,0.4661026964433887,859
5,mtop_intent,gmm_k408_s0,0.35368533317753686,859
5,mtop_intent,gmm_k408_s1,0.35293930798298934,859
5,mtop_intent,gmm_k408_s2,0.34688337770182676,859
5,mtop_intent,spectral_k26_s0,0.7784369736899258,859
5,mtop_intent,spectral_k26_s1,0.7784369736899256,859
5,mtop_intent,spectral_k26_s2,0.7782087745537267,859
5,mtop_intent,spectral_k51_s0,0.67079317673484,859
5,mtop_intent,spectral_k51_s1,0.6709392250373711,859
5,mtop_intent,spectral_k51_s2,0.680140818243883,859
5,mtop_intent,spectral_k102_s0,0.5791331687649163,859
5,mtop_intent,spectral_k102_s1,0.5710889671753812,859
5,mtop_intent,spectral_k102_s2,0.5483934536779126,859
5,mtop_intent,spectral_k204_s0,0.43895371469563815,859
5,mtop_intent,spectral_k204_s1,0.43682778606578465,859
5,mtop_intent,spectral_k204_s2,0.4444450116065698,859
5,mtop_intent,spectral_k408_s0,0.310616809254415,859
5,mtop_intent,spectral_k408_s1,0.3166635917573393,859
5,mtop_intent,spectral_k408_s2,0.31592880550095365,859
5,mtop_intent,ward_k26,0.7350428507738419,859
5,mtop_intent,ward_k51,0.6716190671154355,859
5,mtop_intent,ward_k102,0.5716504199338585,859
5,mtop_intent,ward_k204,0.4632794214103429,859
5,mtop_intent,ward_k408,0.3505410439403927,859
5,mtop_intent,leiden_k26_s0,0.7641167494918428,859
5,mtop_intent,leiden_k26_s1,0.7768346043881038,859
5,mtop_intent,leiden_k26_s2,0.7758059777677734,859
5,mtop_intent,leiden_k51_s0,0.6688300282967614,859
5,mtop_intent,leiden_k51_s1,0.6620038772844392,859
5,mtop_intent,leiden_k51_s2,0.6698769871744187,859
5,mtop_intent,leiden_k102_s0,0.5533248643853097,859
5,mtop_intent,leiden_k102_s1,0.5564134953433109,859
5,mtop_intent,leiden_k102_s2,0.5550708426641984,859
5,mtop_intent,leiden_k204_s0,0.45586905615955076,859
5,mtop_intent,leiden_k204_s1,0.4645302561684632,859
5,mtop_intent,leiden_k204_s2,0.4546537267166731,859
5,mtop_intent,leiden_k408_s0,0.34984336549857176,859
5,mtop_intent,leiden_k408_s1,0.353017827635271,859
5,mtop_intent,leiden_k408_s2,0.35217838052132966,859
5,reddit_s2s,kmeans_k12_s0,0.27797258845299105,368
5,reddit_s2s,kmeans_k12_s1,0.30230044214081253,368
5,reddit_s2s,kmeans_k12_s2,0.26772836232995395,368
5,reddit_s2s,kmeans_k24_s0,0.34735055202911325,368
5,reddit_s2s,kmeans_k24_s1,0.33496940400178815,368
5,reddit_s2s,kmeans_k24_s2,0.32964407002412865,368
5,reddit_s2s,kmeans_k49_s0,0.3669374830404313,368
5,reddit_s2s,kmeans_k49_s1,0.31999654722000304,368
5,reddit_s2s,kmeans_k49_s2,0.35519371706559055,368
5,reddit_s2s,kmeans_k98_s0,0.29056173658775,368
5,reddit_s2s,kmeans_k98_s1,0.3112066723099505,368
5,reddit_s2s,kmeans_k98_s2,0.323303486575987,368
5,reddit_s2s,kmeans_k196_s0,0.2521174076022813,368
5,reddit_s2s,kmeans_k196_s1,0.2702740734637216,368
5,reddit_s2s,kmeans_k196_s2,0.2666266319405732,368
5,reddit_s2s,gmm_k12_s0,0.3203958546698382,368
5,reddit_s2s,gmm_k12_s1,0.31791455636063237,368
5,reddit_s2s,gmm_k12_s2,0.28790103205052814,368
5,reddit_s2s,gmm_k24_s0,0.3392523779906509,368
5,reddit_s2s,gmm_k24_s1,0.33918474220156125,368
5,reddit_s2s,gmm_k24_s2,0.31148326305118773,368
5,reddit_s2s,gmm_k49_s0,0.3465665696786426,368
5,reddit_s2s,gmm_k49_s1,0.3461016177832881,368
5,reddit_s2s,gmm_k49_s2,0.3458010034948747,368
5,reddit_s2s,gmm_k98_s0,0.32703611517422043,368
5,reddit_s2s,gmm_k98_s1,0.33121609202443136,368
5,reddit_s2s,gmm_k98_s2,0.3358896728567154,368
5,reddit_s2s,gmm_k196_s0,0.2841137662990417,368
5,reddit_s2s,gmm_k196_s1,0.2881913158116197,368
5,reddit_s2s,gmm_k196_s2,0.28557380970421037,368
5,reddit_s2s,spectral_k12_s0,0.24258678142058032,368
5,reddit_s2s,spectral_k12_s1,0.24244540217117888,368
5,reddit_s2s,spectral_k12_s2,0.29718061559092435,368
5,reddit_s2s,spectral_k24_s0,0.2775471074651948,368
5,reddit_s2s,spectral_k24_s1,0.2874272747534113,368
5,reddit_s2s,spectral_k24_s2,0.27754710746519473,368
5,reddit_s2s,spectral_k49_s0,0.30073772117049663,368
5,reddit_s2s,spectral_k49_s1,0.290545950057688,368
5,reddit_s2s,spectral_k49_s2,0.29418865429526303,368
5,reddit_s2s,spectral_k98_s0,0.28966694085697836,368
5,reddit_s2s,spectral_k98_s1,0.28012705400782234,368
5,reddit_s2s,spectral_k98_s2,0.2961511154430093,368
5,reddit_s2s,spectral_k196_s0,0.22714599385295567,368
5,reddit_s2s,spectral_k196_s1,0.20529145013351305,368
5,reddit_s2s,spectral_k196_s2,0.21877641191919972,368
5,reddit_s2s,ward_k12,0.2595040769331495,368
5,reddit_s2s,ward_k24,0.30788146471545624,368
5,reddit_s2s,ward_k49,0.3082540933996535,368
5,reddit_s2s,ward_k98,0.2939614621809014,368
5,reddit_s2s,ward_k196,0.24706172004487234,368
5,reddit_s2s,leiden_k12_s0,0.29041819926940843,368
5,reddit_s2s,leiden_k12_s1,0.3279587396209259,368
5,reddit_s2s,leiden_k12_s2,0.28507208969605957,368
5,reddit_s2s,leiden_k24_s0,0.35925740610283907,368
5,reddit_s2s,leiden_k24_s1,0.34654323330367504,368
5,reddit_s2s,leiden_k24_s2,0.319411167961003,368
5,reddit_s2s,leiden_k49_s0,0.35585071316711503,368
5,reddit_s2s,leiden_k49_s1,0.35784734422992714,368
5,reddit_s2s,leiden_k49_s2,0.36968554117765823,368
5,reddit_s2s,leiden_k98_s0,0.3463879935910311,368
5,reddit_s2s,leiden_k98_s1,0.34624259034318067,368
5,reddit_s2s,leiden_k98_s2,0.3484761114002163,368
5,reddit_s2s,leiden_k196_s0,0.295237932026983,368
5,reddit_s2s,leiden_k196_s1,0.2946314663407933,368
5,reddit_s2s,leiden_k196_s2,0.302792636091133,368
5,snips,kmeans_k2_s0,0.3174771579967071,933
5,snips,kmeans_k2_s1,0.2883480315614775,933
5,snips,kmeans_k2_s2,0.3004541804702219,933
5,snips,kmeans_k4_s0,0.6459390989783689,933
5,snips,kmeans_k4_s1,0.6505487007355917,933
5,snips,kmeans_k4_s2,0.6342493006456739,933
5,snips,kmeans_k7_s0,0.7480275308319293,933
5,snips,kmeans_k7_s1,0.6722389015794389,933
5,snips,kmeans_k7_s2,0.7481346051693787,933
5,snips,kmeans_k14_s0,0.6618736096748388,933
5,snips,kmeans_k14_s1,0.6646166819232033,933
5,snips,kmeans_k14_s2,0.7117203181169732,933
5,snips,kmeans_k28_s0,0.6163423655418874,933
5,snips,kmeans_k28_s1,0.5956523107409896,933
5,snips,kmeans_k28_s2,0.6055058042094505,933
5,snips,gmm_k2_s0,0.3130608959137744,933
5,snips,gmm_k2_s1,0.3130608959137745,933
5,snips,gmm_k2_s2,0.3130608959137745,933
5,snips,gmm_k4_s0,0.6719649949716566,933
5,snips,gmm_k4_s1,0.6951042243943434,933
5,snips,gmm_k4_s2,0.6951042243943436,933
5,snips,gmm_k7_s0,0.7856792704914954,933
5,snips,gmm_k7_s1,0.7856792704914956,933
5,snips,gmm_k7_s2,0.7856792704914957,933
5,snips,gmm_k14_s0,0.7087894128455036,933
5,snips,gmm_k14_s1,0.7266496097369227,933
5,snips,gmm_k14_s2,0.7063524833234097,933
5,snips,gmm_k28_s0,0.6244295607707242,933
5,snips,gmm_k28_s1,0.6240921868437656,933
5,snips,gmm_k28_s2,0.6195874282330763,933
5,snips,spectral_k2_s0,0.3155610169278689,933
5,snips,spectral_k2_s1,0.3155610169278689,933
5,snips,spectral_k2_s2,0.3155610169278689,933
5,snips,spectral_k4_s0,0.6719618901346833,933
5,snips,spectral_k4_s1,0.6719618901346833,933
5,snips,spectral_k4_s2,0.6719618901346832,933
5,snips,spectral_k7_s0,0.7793531039671471,933
5,snips,spectral_k7_s1,0.779353103967147,933
5,snips,spectral_k7_s2,0.779353103967147,933
5,snips,spectral_k14_s0,0.7092494593849789,933
5,snips,spectral_k14_s1,0.7103417018861979,933
5,snips,spectral_k14_s2,0.7092494593849789,933
5,snips,spectral_k28_s0,0.6288244102974885,933
5,snips,spectral_k28_s1,0.6270847542632955,933
5,snips,spectral_k28_s2,0.6279672756120713,933
5,snips,ward_k2,0.3316390522545635,933
5,snips,ward_k4,0.6421738095549641,933
5,snips,ward_k7,0.7385072455124561,933
5,snips,ward_k14,0.7121587279068284,933
5,snips,ward_k28,0.6298492527228363,933
5,snips,leiden_k2_s0,0.3179398836763452,933
5,snips,leiden_k2_s1,0.3179398836763452,933
5,snips,leiden_k2_s2,0.3179398836763452,933
5,snips,leiden_k4_s0,0.6741783308939957,933
5,snips,leiden_k4_s1,0.6741783308939957,933
5,snips,leiden_k4_s2,0.6741783308939957,933
5,snips,leiden_k7_s0,0.7781431793851075,933
5,snips,leiden_k7_s1,0.7855542540862538,933
5,snips,leiden_k7_s2,0.7781431793851075,933
5,snips,leiden_k14_s0,0.727718160739877,933
5,snips,leiden_k14_s1,0.725720561935279,933
5,snips,leiden_k14_s2,0.7277843404857894,933
5,snips,leiden_k28_s0,0.6262402937395408,933
5,snips,leiden_k28_s1,0.6219059937552882,933
5,snips,leiden_k28_s2,0.6205956808383848,933
5,stackexchange_cl,kmeans_k30_s0,0.3848045906834527,541
5,stackexchange_cl,kmeans_k30_s1,0.38481721499458454,541
5,stackexchange_cl,kmeans_k30_s2,0.43854473558421914,541
5,stackexchange_cl,kmeans_k60_s0,0.35717012641066587,541
5,stackexchange_cl,kmeans_k60_s1,0.358738400969373,541
5,stackexchange_cl,kmeans_k60_s2,0.35942599247308266,541
5,stackexchange_cl,kmeans_k121_s0,0.2931306016815758,541
5,stackexchange_cl,kmeans_k121_s1,0.2987963745356641,541
5,stackexchange_cl,kmeans_k121_s2,0.28155594475053985,541
5,stackexchange_cl,kmeans_k242_s0,0.21263667447078777,541
5,stackexchange_cl,kmeans_k242_s1,0.23960874393139536,541
5,stackexchange_cl,kmeans_k242_s2,0.2286293390873928,541
5,stackexchange_cl,kmeans_k484_s0,0.1821199502072152,541
5,stackexchange_cl,kmeans_k484_s1,0.17752316840429258,541
5,stackexchange_cl,kmeans_k484_s2,0.1726673230299906,541
5,stackexchange_cl,gmm_k30_s0,0.41155067983863214,541
5,stackexchange_cl,gmm_k30_s1,0.41508789840077776,541
5,stackexchange_cl,gmm_k30_s2,0.4081832266767207,541
5,stackexchange_cl,gmm_k60_s0,0.35775186577884976,541
5,stackexchange_cl,gmm_k60_s1,0.3544878209429076,541
5,stackexchange_cl,gmm_k60_s2,0.36037261992799013,541
5,stackexchange_cl,gmm_k121_s0,0.30548172748545843,541
5,stackexchange_cl,gmm_k121_s1,0.31036017459914134,541
5,stackexchange_cl,gmm_k121_s2,0.30451195417158156,541
5,stackexchange_cl,gmm_k242_s0,0.24863554847429506,541
5,stackexchange_cl,gmm_k242_s1,0.2518946117818716,541
5,stackexchange_cl,gmm_k242_s2,0.24975786598282304,541
5,stackexchange_cl,gmm_k484_s0,0.19983501646211702,541
5,stackexchange_cl,gmm_k484_s1,0.19499599237987605,541
5,stackexchange_cl,gmm_k484_s2,0.1968822714885079,541
5,stackexchange_cl,spectral_k30_s0,0.3457900521495709,541
5,stackexchange_cl,spectral_k30_s1,0.3515712733448732,541
5,stackexchange_cl,spectral_k30_s2,0.34024885671617106,541
5,stackexchange_cl,spectral_k60_s0,0.32220144680955176,541
5,stackexchange_cl,spectral_k60_s1,0.32187431246459214,541
5,stackexchange_cl,spectral_k60_s2,0.3321379294487627,541
5,stackexchange_cl,spectral_k121_s0,0.2812285621678606,541
5,stackexchange_cl,spectral_k121_s1,0.265597815680128,541
5,stackexchange_cl,spectral_k121_s2,0.2623468882571979,541
5,stackexchange_cl,spectral_k242_s0,0.19316479360485303,541
5,stackexchange_cl,spectral_k242_s1,0.19498035489458163,541
5,stackexchange_cl,spectral_k242_s2,0.1854613289650486,541
5,stackexchange_cl,spectral_k484_s0,0.14035110297611395,541
5,stackexchange_cl,spectral_k484_s1,0.13760001652158615,541
5,stackexchange_cl,spectral_k484_s2,0.12679849337546512,541
5,stackexchange_cl,ward_k30,0.36138427463155526,541
5,stackexchange_cl,ward_k60,0.32559908983335584,541
5,stackexchange_cl,ward_k121,0.2781247260586097,541
5,stackexchange_cl,ward_k242,0.2296113678155466,541
5,stackexchange_cl,ward_k484,0.17416402771042902,541
5,stackexchange_cl,leiden_k30_s0,0.4027067897623795,541
5,stackexchange_cl,leiden_k30_s1,0.42610259892070906,541
5,stackexchange_cl,leiden_k30_s2,0.4094478087725923,541
5,stackexchange_cl,leiden_k60_s0,0.35920019257211605,541
5,stackexchange_cl,leiden_k60_s1,0.3588119555642511,541
5,stackexchange_cl,leiden_k60_s2,0.3586046767834799,541
5,stackexchange_cl,leiden_k121_s0,0.30858782266162554,541
5,stackexchange_cl,leiden_k121_s1,0.3043801846562339,541
5,stackexchange_cl,leiden_k121_s2,0.3055986211070856,541
5,stackexchange_cl,leiden_k242_s0,0.26227617088524025,541
5,stackexchange_cl,leiden_k242_s1,0.25479573469026295,541
5,stackexchange_cl,leiden_k242_s2,0.25598097321756574,541
5,stackexchange_cl,leiden_k484_s0,0.18480251012444185,541
5,stackexchange_cl,leiden_k484_s1,0.18352641766404093,541
5,stackexchange_cl,leiden_k484_s2,0.19188142751277362,541
5,stackoverflow20,kmeans_k5_s0,0.54251645464194,681
5,stackoverflow20,kmeans_k5_s1,0.516007489473427,681
5,stackoverflow20,kmeans_k5_s2,0.5282702555164002,681
5,stackoverflow20,kmeans_k10_s0,0.6608261135739265,681
5,stackoverflow20,kmeans_k10_s1,0.7248456799383345,681
5,stackoverflow20,kmeans_k10_s2,0.7076005437122735,681
5,stackoverflow20,kmeans_k20_s0,0.8091778553258389,681
5,stackoverflow20,kmeans_k20_s1,0.8080939263955464,681
5,stackoverflow20,kmeans_k20_s2,0.7953822790763739,681
5,stackoverflow20,kmeans_k40_s0,0.7642541378567297,681
5,stackoverflow20,kmeans_k40_s1,0.7751721270659857,681
5,stackoverflow20,kmeans_k40_s2,0.7886404908766721,681
5,stackoverflow20,kmeans_k80_s0,0.6912410005473473,681
5,stackoverflow20,kmeans_k80_s1,0.6679945378876153,681
5,stackoverflow20,kmeans_k80_s2,0.6883987691602697,681
5,stackoverflow20,gmm_k5_s0,0.5886493773970967,681
5,stackoverflow20,gmm_k5_s1,0.5872378720013087,681
5,stackoverflow20,gmm_k5_s2,0.5811351630049999,681
5,stackoverflow20,gmm_k10_s0,0.7517049824193002,681
5,stackoverflow20,gmm_k10_s1,0.7471595999583631,681
5,stackoverflow20,gmm_k10_s2,0.7275311814354172,681
5,stackoverflow20,gmm_k20_s0,0.833687950814001,681
5,stackoverflow20,gmm_k20_s1,0.8232229758902605,681
5,stackoverflow20,gmm_k20_s2,0.8365189657878108,681
5,stackoverflow20,gmm_k40_s0,0.8008900824749057,681
5,stackoverflow20,gmm_k40_s1,0.7977031389640624,681
5,stackoverflow20,gmm_k40_s2,0.8079945418956194,681
5,stackoverflow20,gmm_k80_s0,0.7185135191387443,681
5,stackoverflow20,gmm_k80_s1,0.7168218409486911,681
5,stackoverflow20,gmm_k80_s2,0.7231877807034903,681
5,stackoverflow20,spectral_k5_s0,0.52352649797107,681
5,stackoverflow20,spectral_k5_s1,0.52352649797107,681
5,stackoverflow20,spectral_k5_s2,0.5378217463628934,681
5,stackoverflow20,spectral_k10_s0,0.7239683492002658,681
5,stackoverflow20,spectral_k10_s1,0.7215248699266115,681
5,stackoverflow20,spectral_k10_s2,0.7215248699266114,681
5,stackoverflow20,spectral_k20_s0,0.8215795991516915,681
5,stackoverflow20,spectral_k20_s1,0.8240569148703251,681
5,stackoverflow20,spectral_k20_s2,0.8231614874834451,681
5,stackoverflow20,spectral_k40_s0,0.7521793871988044,681
5,stackoverflow20,spectral_k40_s1,0.7467915727665541,681
5,stackoverflow20,spectral_k40_s2,0.7589073558413028,681
5,stackoverflow20,spectral_k80_s0,0.6651121390339407,681
5,stackoverflow20,spectral_k80_s1,0.6596659975861962,681
5,stackoverflow20,spectral_k80_s2,0.6559795067082992,681
5,stackoverflow20,ward_k5,0.5196256689001238,681
5,stackoverflow20,ward_k10,0.6586400472364063,681
5,stackoverflow20,ward_k20,0.7620601788937721,681
5,stackoverflow20,ward_k40,0.7453951962829162,681
5,stackoverflow20,ward_k80,0.6787034461912864,681
5,stackoverflow20,leiden_k5_s0,0.5928778830340812,681
5,stackoverflow20,leiden_k5_s1,0.5948504319079635,681
5,stackoverflow20,leiden_k5_s2,0.5782669963647163,681
5,stackoverflow20,leiden_k10_s0,0.7258698025919328,681
5,stackoverflow20,leiden_k10_s1,0.7651095505184621,681
5,stackoverflow20,leiden_k10_s2,0.7401403758005439,681
5,stackoverflow20,leiden_k20_s0,0.837096753377491,681
5,stackoverflow20,leiden_k20_s1,0.8318496550462072,681
5,stackoverflow20,leiden_k20_s2,0.8322855662273438,681
5,stackoverflow20,leiden_k40_s0,0.8194286230349842,681
5,stackoverflow20,leiden_k40_s1,0.824524388358046,681
5,stackoverflow20,leiden_k40_s2,0.8346611327546146,681
5,stackoverflow20,leiden_k80_s0,0.6794586353250426,681
5,stackoverflow20,leiden_k80_s1,0.6874511668111709,681
5,stackoverflow20,leiden_k80_s2,0.6902939145457568,681
5,tweet89,kmeans_k22_s0,0.7604763306237613,357
5,tweet89,kmeans_k22_s1,0.7501822346300915,357
5,tweet89,kmeans_k22_s2,0.8311501428819286,357
5,tweet89,kmeans_k44_s0,0.7458744185370811,357
5,tweet89,kmeans_k44_s1,0.7299479088492928,357
5,tweet89,kmeans_k44_s2,0.7836153649177574,357
5,tweet89,kmeans_k89_s0,0.6705851152067573,357
5,tweet89,kmeans_k89_s1,0.6596536576740232,357
5,tweet89,kmeans_k89_s2,0.6483245757479607,357
5,tweet89,kmeans_k178_s0,0.5405258645335583,357
5,tweet89,kmeans_k178_s1,0.5267099510995293,357
5,tweet89,kmeans_k178_s2,0.5514919148744377,357
5,tweet89,kmeans_k356_s0,0.4399634087985702,357
5,tweet89,kmeans_k356_s1,0.4346443739089243,357
5,tweet89,kmeans_k356_s2,0.45494479728733067,357
5,tweet89,gmm_k22_s0,0.8436608820167838,357
5,tweet89,gmm_k22_s1,0.8294960343114242,357
5,tweet89,gmm_k22_s2,0.8486281043276532,357
5,tweet89,gmm_k44_s0,0.7636066537376088,357
5,tweet89,gmm_k44_s1,0.7753448231524885,357
5,tweet89,gmm_k44_s2,0.7831209181370508,357
5,tweet89,gmm_k89_s0,0.6358139842597594,357
5,tweet89,gmm_k89_s1,0.6510287308023143,357
5,tweet89,gmm_k89_s2,0.6274083967698779,357
5,tweet89,gmm_k178_s0,0.5143393941191324,357
5,tweet89,gmm_k178_s1,0.517820250267588,357
5,tweet89,gmm_k178_s2,0.5173548352147113,357
5,tweet89,gmm_k356_s0,0.405880493010228,357
5,tweet89,gmm_k356_s1,0.4105269853882647,357
5,tweet89,gmm_k356_s2,0.41674359670586697,357
5,tweet89,spectral_k22_s0,0.8256098898863083,357
5,tweet89,spectral_k22_s1,0.8236916820177875,357
5,tweet89,spectral_k22_s2,0.8236916820177875,357
5,tweet89,spectral_k44_s0,0.7772161940108345,357
5,tweet89,spectral_k44_s1,0.7786042465558277,357
5,tweet89,spectral_k44_s2,0.7765017753649393,357
5,tweet89,spectral_k89_s0,0.6250306478104003,357
5,tweet89,spectral_k89_s1,0.6146992607360435,357
5,tweet89,spectral_k89_s2,0.6245452759629284,357
5,tweet89,spectral_k178_s0,0.48835127502461434,357
5,tweet89,spectral_k178_s1,0.4843622531504157,357
5,tweet89,spectral_k178_s2,0.4783324327498094,357
5,tweet89,spectral_k356_s0,0.3553665018172813,357
5,tweet89,spectral_k356_s1,0.33935239352742613,357
5,tweet89,spectral_k356_s2,0.3485384376704452,357
5,tweet89,ward_k22,0.8063432396986544,357
5,tweet89,ward_k44,0.7683840905996883,357
5,tweet89,ward_k89,0.6404868167364376,357
5,tweet89,ward_k178,0.5127128408184215,357
5,tweet89,ward_k356,0.4009252829886004,357
5,tweet89,leiden_k22_s0,0.8136934136642462,357
5,tweet89,leiden_k22_s1,0.8189075789678509,357
5,tweet89,leiden_k22_s2,0.8136934136642461,357
5,tweet89,leiden_k44_s0,0.7521716818022527,357
5,tweet89,leiden_k44_s1,0.759637969731261,357
5,tweet89,leiden_k44_s2,0.7521585936691446,357
5,tweet89,leiden_k89_s0,0.6239009843548895,357
5,tweet89,leiden_k89_s1,0.6236872236298628,357
5,tweet89,leiden_k89_s2,0.6189918676017712,357
5,tweet89,leiden_k178_s0,0.5135667759285049,357
5,tweet89,leiden_k178_s1,0.519960574896092,357
5,tweet89,leiden_k178_s2,0.5223476772278582,357
5,tweet89,leiden_k356_s0,0.40246702248773625,357
5,tweet89,leiden_k356_s1,0.4039597238346612,357
5,tweet89,leiden_k356_s2,0.39078239775241597,357
6,arxiv_fine,kmeans_k23_s0,0.5193420998933819,343
6,arxiv_fine,kmeans_k23_s1,0.529454848405539,343
6,arxiv_fine,kmeans_k23_s2,0.5526391158942815,343
6,arxiv_fine,kmeans_k46_s0,0.44236827015420394,343
6,arxiv_fine,kmeans_k46_s1,0.4278871106048795,343
6,arxiv_fine,kmeans_k46_s2,0.46141602815071053,343
6,arxiv_fine,kmeans_k93_s0,0.359598390173523,343
6,arxiv_fine,kmeans_k93_s1,0.3487418974410457,343
6,arxiv_fine,kmeans_k93_s2,0.35397429735268865,343
6,arxiv_fine,kmeans_k186_s0,0.29231495936445695,343
6,arxiv_fine,kmeans_k186_s1,0.27584538313889895,343
6,arxiv_fine,kmeans_k186_s2,0.2785209027537729,343
6,arxiv_fine,kmeans_k372_s0,0.1929034815041335,343
6,arxiv_fine,kmeans_k372_s1,0.20292810931549599,343
6,arxiv_fine,kmeans_k372_s2,0.2210471029538067,343
6,arxiv_fine,gmm_k23_s0,0.5132886476437568,343
6,arxiv_fine,gmm_k23_s1,0.5145209199087435,343
6,arxiv_fine,gmm_k23_s2,0.5263313715109517,343
6,arxiv_fine,gmm_k46_s0,0.45852110011057456,343
6,arxiv_fine,gmm_k46_s1,0.4659460520027902,343
6,arxiv_fine,gmm_k46_s2,0.4704444312016551,343
6,arxiv_fine,gmm_k93_s0,0.3627021234822224,343
6,arxiv_fine,gmm_k93_s1,0.36771755507137643,343
6,arxiv_fine,gmm_k93_s2,0.38656018283818827,343
6,arxiv_fine,gmm_k186_s0,0.282456728855282,343
6,arxiv_fine,gmm_k186_s1,0.29930868848812936,343
6,arxiv_fine,gmm_k186_s2,0.2915813347506642,343
6,arxiv_fine,gmm_k372_s0,0.2171954487195319,343
6,arxiv_fine,gmm_k372_s1,0.20910085643742232,343
6,arxiv_fine,gmm_k372_s2,0.21574091321779487,343
6,arxiv_fine,spectral_k23_s0,0.511883221502859,343
6,arxiv_fine,spectral_k23_s1,0.5068261328955678,343
6,arxiv_fine,spectral_k23_s2,0.5063997310107686,343
6,arxiv_fine,spectral_k46_s0,0.4093340508117669,343
6,arxiv_fine,spectral_k46_s1,0.4229401915160222,343
6,arxiv_fine,spectral_k46_s2,0.40084891861858774,343
6,arxiv_fine,spectral_k93_s0,0.315814102310022,343
6,arxiv_fine,spectral_k93_s1,0.3110380151294741,343
6,arxiv_fine,spectral_k93_s2,0.3119200684827308,343
6,arxiv_fine,spectral_k186_s0,0.22292445400583577,343
6,arxiv_fine,spectral_k186_s1,0.2334447622054374,343
6,arxiv_fine,spectral_k186_s2,0.23360893361338034,343
6,arxiv_fine,spectral_k372_s0,0.15980307849255782,343
6,arxiv_fine,spectral_k372_s1,0.16688131213114094,343
6,arxiv_fine,spectral_k372_s2,0.15599720120822555,343
6,arxiv_fine,ward_k23,0.5025949184676299,343
6,arxiv_fine,ward_k46,0.45469657563220856,343
6,arxiv_fine,ward_k93,0.36378060485794744,343
6,arxiv_fine,ward_k186,0.275176937964511,343
6,arxiv_fine,ward_k372,0.18956574018159847,343
6,arxiv_fine,leiden_k23_s0,0.5314281483901381,343
6,arxiv_fine,leiden_k23_s1,0.5428714230779474,343
6,arxiv_fine,leiden_k23_s2,0.5319527253655254,343
6,arxiv_fine,leiden_k46_s0,0.44643815728860786,343
6,arxiv_fine,leiden_k46_s1,0.46213310435817284,343
6,arxiv_fine,leiden_k46_s2,0.4460443538219565,343
6,arxiv_fine,leiden_k93_s0,0.36888453718101344,343
6,arxiv_fine,leiden_k93_s1,0.3845599183689256,343
6,arxiv_fine,leiden_k93_s2,0.365459149788788,343
6,arxiv_fine,leiden_k186_s0,0.2960696964217998,343
6,arxiv_fine,leiden_k186_s1,0.2862180748142621,343
6,arxiv_fine,leiden_k186_s2,0.2966093872503067,343
6,arxiv_fine,leiden_k372_s0,0.19511233892814653,343
6,arxiv_fine,leiden_k372_s1,0.2144448261543487,343
6,arxiv_fine,leiden_k372_s2,0.2089054306242637,343
6,banking77,kmeans_k19_s0,0.33539049275322214,935
6,banking77,kmeans_k19_s1,0.33160635291685475,935
6,banking77,kmeans_k19_s2,0.33455653309857347,935
6,banking77,kmeans_k38_s0,0.34184447876095353,935
6,banking77,kmeans_k38_s1,0.3752610099382737,935
6,banking77,kmeans_k38_s2,0.35588647554440955,935
6,banking77,kmeans_k77_s0,0.3770882478607845,935
6,banking77,kmeans_k77_s1,0.37654050299615377,935
6,banking77,kmeans_k77_s2,0.3700521329732705,935
6,banking77,kmeans_k154_s0,0.33827832391949353,935
6,banking77,kmeans_k154_s1,0.3524224727595934,935
6,banking77,kmeans_k154_s2,0.34545381663152214,935
6,banking77,kmeans_k308_s0,0.29741120937679333,935
6,banking77,kmeans_k308_s1,0.3002419067285357,935
6,banking77,kmeans_k308_s2,0.29743316238842027,935
6,banking77,gmm_k19_s0,0.349783979636889,935
6,banking77,gmm_k19_s1,0.35444300060260975,935
6,banking77,gmm_k19_s2,0.35163298743373456,935
6,banking77,gmm_k38_s0,0.38709097901803374,935
6,banking77,gmm_k38_s1,0.39089439364467204,935
6,banking77,gmm_k38_s2,0.3882257055728592,935
6,banking77,gmm_k77_s0,0.39013056646554517,935
6,banking77,gmm_k77_s1,0.38863320512935334,935
6,banking77,gmm_k77_s2,0.38596660082398354,935
6,banking77,gmm_k154_s0,0.3696919863381296,935
6,banking77,gmm_k154_s1,0.36936476219923514,935
6,banking77,gmm_k154_s2,0.374812185046618,935
6,banking77,gmm_k308_s0,0.329520562638619,935
6,banking77,gmm_k308_s1,0.3302567124895528,935
6,banking77,gmm_k308_s2,0.3285513846757487,935
6,banking77,spectral_k19_s0,0.3326124179240905,935
6,banking77,spectral_k19_s1,0.33239467209322243,935
6,banking77,spectral_k19_s2,0.33312536457986586,935
6,banking77,spectral_k38_s0,0.37667195337671433,935
6,banking77,spectral_k38_s1,0.37614794217643044,935
6,banking77,spectral_k38_s2,0.37849359004786026,935
6,banking77,spectral_k77_s0,0.36691450797667186,935
6,banking77,spectral_k77_s1,0.3799481982059326,935
6,banking77,spectral_k77_s2,0.37859103069939704,935
6,banking77,spectral_k154_s0,0.3456307467935327,935
6,banking77,spectral_k154_s1,0.3303637913945335,935
6,banking77,spectral_k154_s2,0.34504690501867535,935
6,banking77,spectral_k308_s0,0.2912502864868603,935
6,banking77,spectral_k308_s1,0.2769152794941718,935
6,banking77,spectral_k308_s2,0.2723874564481473,935
6,banking77,ward_k19,0.33315694753677827,935
6,banking77,ward_k38,0.37026481801012634,935
6,banking77,ward_k77,0.37555353755882953,935
6,banking77,ward_k154,0.3524525570520596,935
6,banking77,ward_k308,0.294804102925389,935
6,banking77,leiden_k19_s0,0.33845976037996683,935
6,banking77,leiden_k19_s1,0.3576619492421586,935
6,banking77,leiden_k19_s2,0.35321438616644196,935
6,banking77,leiden_k38_s0,0.39431946209952345,935
6,banking77,leiden_k38_s1,0.3904766395218199,935
6,banking77,leiden_k38_s2,0.39155880291328915,935
6,banking77,leiden_k77_s0,0.39260913469958625,935
6,banking77,leiden_k77_s1,0.38452266980469446,935
6,banking77,leiden_k77_s2,0.39048444139640426,935
6,banking77,leiden_k154_s0,0.3608044245613522,935
6,banking77,leiden_k154_s1,0.3599330052505649,935
6,banking77,leiden_k154_s2,0.3600082522314251,935
6,banking77,leiden_k308_s0,0.3125470371402178,935
6,banking77,leiden_k308_s1,0.30425403332942774,935
6,banking77,leiden_k308_s2,0.3189391438555206,935
6,bbcnews,kmeans_k2_s0,0.31053344682332495,794
6,bbcnews,kmeans_k2_s1,0.4893064252200487,794
6,bbcnews,kmeans_k2_s2,0.4893064252200487,794
6,bbcnews,kmeans_k5_s0,0.8192145172236052,794
6,bbcnews,kmeans_k5_s1,0.816734536205117,794
6,bbcnews,kmeans_k5_s2,0.8153647533616546,794
6,bbcnews,kmeans_k10_s0,0.6678572294244369,794
6,bbcnews,kmeans_k10_s1,0.6966984528971891,794
6,bbcnews,kmeans_k10_s2,0.6818571831786159,794
6,bbcnews,kmeans_k20_s0,0.558581300241525,794
6,bbcnews,kmeans_k20_s1,0.576624510349601,794
6,bbcnews,kmeans_k20_s2,0.5794815925851704,794
6,bbcnews,gmm_k2_s0,0.48017042953920414,794
6,bbcnews,gmm_k2_s1,0.48017042953920425,794
6,bbcnews,gmm_k2_s2,0.48017042953920425,794
6,bbcnews,gmm_k5_s0,0.6747277750739029,794
6,bbcnews,gmm_k5_s1,0.7423683712907404,794
6,bbcnews,gmm_k5_s2,0.6747277750739028,794
6,bbcnews,gmm_k10_s0,0.6763879863251703,794
6,bbcnews,gmm_k10_s1,0.6810307145020998,794
6,bbcnews,gmm_k10_s2,0.6830428446675761,794
6,bbcnews,gmm_k20_s0,0.5919946828113672,794
6,bbcnews,gmm_k20_s1,0.5901444636065605,794
6,bbcnews,gmm_k20_s2,0.586883770881592,794
6,bbcnews,spectral_k2_s0,0.48017042953920414,794
6,bbcnews,spectral_k2_s1,0.48017042953920414,794
6,bbcnews,spectral_k2_s2,0.48017042953920414,794
6,bbcnews,spectral_k5_s0,0.641232932472681,794
6,bbcnews,spectral_k5_s1,0.641232932472681,794
6,bbcnews,spectral_k5_s2,0.641232932472681,794
6,bbcnews,spectral_k10_s0,0.7002938998428421,794
6,bbcnews,spectral_k10_s1,0.7002938998428418,794
6,bbcnews,spectral_k10_s2,0.700293899842842,794
6,bbcnews,spectral_k20_s0,0.5973528116147556,794
6,bbcnews,spectral_k20_s1,0.597950691847552,794
6,bbcnews,spectral_k20_s2,0.5973528116147555,794
6,bbcnews,ward_k2,0.5094591872780787,794
6,bbcnews,ward_k5,0.7716588146633587,794
6,bbcnews,ward_k10,0.6566124408322487,794
6,bbcnews,ward_k20,0.5876598293610162,794
6,bbcnews,leiden_k2_s0,0.48017042953920414,794
6,bbcnews,leiden_k2_s1,0.48017042953920414,794
6,bbcnews,leiden_k2_s2,0.48017042953920414,794
6,bbcnews,leiden_k5_s0,0.6846080599233103,794
6,bbcnews,leiden_k5_s1,0.7316865721700941,794
6,bbcnews,leiden_k5_s2,0.7316865721700941,794
6,bbcnews,leiden_k10_s0,0.6717185530830301,794
6,bbcnews,leiden_k10_s1,0.672712978796111,794
6,bbcnews,leiden_k10_s2,0.6898551459117019,794
6,bbcnews,leiden_k20_s0,0.5812177398428753,794
6,bbcnews,leiden_k20_s1,0.5797752017645563,794
6,bbcnews,leiden_k20_s2,0.5805253085398132,794
6,clinc150,kmeans_k38_s0,0.41368366419153996,615
6,clinc150,kmeans_k38_s1,0.4095879782093767,615
6,clinc150,kmeans_k38_s2,0.43558551686416214,615
6,clinc150,kmeans_k76_s0,0.38934169307649685,615
6,clinc150,kmeans_k76_s1,0.40037156260373374,615
6,clinc150,kmeans_k76_s2,0.4013414332442613,615
6,clinc150,kmeans_k151_s0,0.35839653757379275,615
6,clinc150,kmeans_k151_s1,0.3576865909497252,615
6,clinc150,kmeans_k151_s2,0.343796096586358,615
6,clinc150,kmeans_k302_s0,0.2913848239377173,615
6,clinc150,kmeans_k302_s1,0.27802045094970546,615
6,clinc150,kmeans_k302_s2,0.2825083629972087,615
6,clinc150,kmeans_k604_s0,0.2224922244917377,615
6,clinc150,kmeans_k604_s1,0.22104774584638784,615
6,clinc150,kmeans_k604_s2,0.21307004218471012,615
6,clinc150,gmm_k38_s0,0.4247713617707065,615
6,clinc150,gmm_k38_s1,0.4414134910617446,615
6,clinc150,gmm_k38_s2,0.4265204221900988,615
6,clinc150,gmm_k76_s0,0.4075431836473297,615
6,clinc150,gmm_k76_s1,0.4013664574901353,615
6,clinc150,gmm_k76_s2,0.40759530196572485,615
6,clinc150,gmm_k151_s0,0.363777351076183,615
6,clinc150,gmm_k151_s1,0.3669861447392361,615
6,clinc150,gmm_k151_s2,0.3611726408325123,615
6,clinc150,gmm_k302_s0,0.3112060132353642,615
6,clinc150,gmm_k302_s1,0.30818603919539994,615
6,clinc150,gmm_k302_s2,0.3101883012547371,615
6,clinc150,gmm_k604_s0,0.25852886835300515,615
6,clinc150,gmm_k604_s1,0.2568830880013716,615
6,clinc150,gmm_k604_s2,0.2572717657178517,615
6,clinc150,spectral_k38_s0,0.406667922633413,615
6,clinc150,spectral_k38_s1,0.4024402840171675,615
6,clinc150,spectral_k38_s2,0.34365019904135347,615
6,clinc150,spectral_k76_s0,0.3145379014579472,615
6,clinc150,spectral_k76_s1,0.31693485309565,615
6,clinc150,spectral_k76_s2,0.31167439042272393,615
6,clinc150,spectral_k151_s0,0.3401601054047266,615
6,clinc150,spectral_k151_s1,0.3387160265187424,615
6,clinc150,spectral_k151_s2,0.3417844404605139,615
6,clinc150,spectral_k302_s0,0.26657458424432245,615
6,clinc150,spectral_k302_s1,0.263221036592901,615
6,clinc150,spectral_k302_s2,0.26936380695891754,615
6,clinc150,spectral_k604_s0,0.1931890928558136,615
6,clinc150,spectral_k604_s1,0.19209253310572602,615
6,clinc150,spectral_k604_s2,0.19647670630832845,615
6,clinc150,ward_k38,0.43378021551538776,615
6,clinc150,ward_k76,0.41292459678629234,615
6,clinc150,ward_k151,0.3530978652770969,615
6,clinc150,ward_k302,0.2812160872756726,615
6,clinc150,ward_k604,0.2116195104598784,615
6,clinc150,leiden_k38_s0,0.41268833414081224,615
6,clinc150,leiden_k38_s1,0.4000839793481124,615
6,clinc150,leiden_k38_s2,0.4207133195655072,615
6,clinc150,leiden_k76_s0,0.38280268530106887,615
6,clinc150,leiden_k76_s1,0.39654510375337443,615
6,clinc150,leiden_k76_s2,0.39058201933279424,615
6,clinc150,leiden_k151_s0,0.35473362952948095,615
6,clinc150,leiden_k151_s1,0.35476139640910737,615
6,clinc150,leiden_k151_s2,0.349242332524069,615
6,clinc150,leiden_k302_s0,0.3097237327157041,615
6,clinc150,leiden_k302_s1,0.3094585987554914,615
6,clinc150,leiden_k302_s2,0.3108639962649031,615
6,clinc150,leiden_k604_s0,0.22428469356601285,615
6,clinc150,leiden_k604_s1,0.22818623043904493,615
6,clinc150,leiden_k604_s2,0.22018879896817928,615
6,clinc150_domain,kmeans_k2_s0,0.23472750407782486,676
6,clinc150_domain,kmeans_k2_s1,0.3338624177133231,676
6,clinc150_domain,kmeans_k2_s2,0.3338624177133231,676
6,clinc150_domain,kmeans_k5_s0,0.563910568725953,676
6,clinc150_domain,kmeans_k5_s1,0.565703575589199,676
6,clinc150_domain,kmeans_k5_s2,0.5248269565442224,676
6,clinc150_domain,kmeans_k10_s0,0.6406872794673548,676
6,clinc150_domain,kmeans_k10_s1,0.5476529033561464,676
6,clinc150_domain,kmeans_k10_s2,0.5773072863654611,676
6,clinc150_domain,kmeans_k20_s0,0.6339735446579411,676
6,clinc150_domain,kmeans_k20_s1,0.6212287309307402,676
6,clinc150_domain,kmeans_k20_s2,0.6018665239516318,676
6,clinc150_domain,kmeans_k40_s0,0.5415544724230034,676
6,clinc150_domain,kmeans_k40_s1,0.5629400170179734,676
6,clinc150_domain,kmeans_k40_s2,0.5796935043089787,676
6,clinc150_domain,gmm_k2_s0,0.2895587192634627,676
6,clinc150_domain,gmm_k2_s1,0.1929348806084982,676
6,clinc150_domain,gmm_k2_s2,0.2151552642275962,676
6,clinc150_domain,gmm_k5_s0,0.4801670541075777,676
6,clinc150_domain,gmm_k5_s1,0.4229462441417862,676
6,clinc150_domain,gmm_k5_s2,0.38523792898697357,676
6,clinc150_domain,gmm_k10_s0,0.5274906117854452,676
6,clinc150_domain,gmm_k10_s1,0.5276399712531173,676
6,clinc150_domain,gmm_k10_s2,0.5272996893202675,676
6,clinc150_domain,gmm_k20_s0,0.538392743001781,676
6,clinc150_domain,gmm_k20_s1,0.5564803297244276,676
6,clinc150_domain,gmm_k20_s2,0.5573439010476243,676
6,clinc150_domain,gmm_k40_s0,0.5609590667933101,676
6,clinc150_domain,gmm_k40_s1,0.5393710251343291,676
6,clinc150_domain,gmm_k40_s2,0.5637307185715379,676
6,clinc150_domain,spectral_k2_s0,0.0009901578159570974,676
6,clinc150_domain,spectral_k2_s1,0.0009901578159570974,676
6,clinc150_domain,spectral_k2_s2,0.0009901578159570974,676
6,clinc150_domain,spectral_k5_s0,0.024444902589253564,676
6,clinc150_domain,spectral_k5_s1,0.024444902589253557,676
6,clinc150_domain,spectral_k5_s2,0.024444902589253553,676
6,clinc150_domain,spectral_k10_s0,0.40516588468943737,676
6,clinc150_domain,spectral_k10_s1,0.40516588468943737,676
6,clinc150_domain,spectral_k10_s2,0.4051658846894373,676
6,clinc150_domain,spectral_k20_s0,0.5372166426352714,676
6,clinc150_domain,spectral_k20_s1,0.5372166426352715,676
6,clinc150_domain,spectral_k20_s2,0.5372166426352712,676
6,clinc150_domain,spectral_k40_s0,0.537360705166941,676
6,clinc150_domain,spectral_k40_s1,0.5427413910815735,676
6,clinc150_domain,spectral_k40_s2,0.5056443803728743,676
6,clinc150_domain,ward_k2,0.2925883181588777,676
6,clinc150_domain,ward_k5,0.5356132932266393,676
6,clinc150_domain,ward_k10,0.6322986692224875,676
6,clinc150_domain,ward_k20,0.5913030706799935,676
6,clinc150_domain,ward_k40,0.565319546098219,676
6,clinc150_domain,leiden_k2_s0,0.0009901578159570974,676
6,clinc150_domain,leiden_k2_s1,0.0009901578159570974,676
6,clinc150_domain,leiden_k2_s2,0.11172880700675124,676
6,clinc150_domain,leiden_k5_s0,0.3431443677246358,676
6,clinc150_domain,leiden_k5_s1,0.3592049716494845,676
6,clinc150_domain,leiden_k5_s2,0.3818087266379121,676
6,clinc150_domain,leiden_k10_s0,0.5247498081129931,676
6,clinc150_domain,leiden_k10_s1,0.5481560386240905,676
6,clinc150_domain,leiden_k10_s2,0.5322668459169311,676
6,clinc150_domain,leiden_k20_s0,0.5593150413064953,676
6,clinc150_domain,leiden_k20_s1,0.5360640275097921,676
6,clinc150_domain,leiden_k20_s2,0.5541509121949301,676
6,clinc150_domain,leiden_k40_s0,0.5616031801848804,676
6,clinc150_domain,leiden_k40_s1,0.5538902825142843,676
6,clinc150_domain,leiden_k40_s2,0.5534486739111687,676
6,dbpedia,kmeans_k4_s0,0.6650382149756179,614
6,dbpedia,kmeans_k4_s1,0.6160897644298212,614
6,dbpedia,kmeans_k4_s2,0.5618813124084605,614
6,dbpedia,kmeans_k7_s0,0.6339050985541331,614
6,dbpedia,kmeans_k7_s1,0.6296862072153697,614
6,dbpedia,kmeans_k7_s2,0.6376532942321018,614
6,dbpedia,kmeans_k14_s0,0.563412695399757,614
6,dbpedia,kmeans_k14_s1,0.5493664392931144,614
6,dbpedia,kmeans_k14_s2,0.5742289234587246,614
6,dbpedia,kmeans_k28_s0,0.4924856073541097,614
6,dbpedia,kmeans_k28_s1,0.4920700707174981,614
6,dbpedia,kmeans_k28_s2,0.4916132843973057,614
6,dbpedia,kmeans_k56_s0,0.45361054047392113,614
6,dbpedia,kmeans_k56_s1,0.44602993757184795,614
6,dbpedia,kmeans_k56_s2,0.4529589511778878,614
6,dbpedia,gmm_k4_s0,0.6645574190680595,614
6,dbpedia,gmm_k4_s1,0.690198122443488,614
6,dbpedia,gmm_k4_s2,0.6645574190680595,614
6,dbpedia,gmm_k7_s0,0.6189981326245075,614
6,dbpedia,gmm_k7_s1,0.6252593057545727,614
6,dbpedia,gmm_k7_s2,0.6500150087045774,614
6,dbpedia,gmm_k14_s0,0.5643724288253765,614
6,dbpedia,gmm_k14_s1,0.6192081859765444,614
6,dbpedia,gmm_k14_s2,0.5990324646498415,614
6,dbpedia,gmm_k28_s0,0.5070430312798221,614
6,dbpedia,gmm_k28_s1,0.5212491772656749,614
6,dbpedia,gmm_k28_s2,0.5229726067044979,614
6,dbpedia,gmm_k56_s0,0.4544828608194305,614
6,dbpedia,gmm_k56_s1,0.4507481188428546,614
6,dbpedia,gmm_k56_s2,0.4558512458336305,614
6,dbpedia,spectral_k4_s0,0.664697184895874,614
6,dbpedia,spectral_k4_s1,0.664697184895874,614
6,dbpedia,spectral_k4_s2,0.664697184895874,614
6,dbpedia,spectral_k7_s0,0.6212938946934511,614
6,dbpedia,spectral_k7_s1,0.6212938946934512,614
6,dbpedia,spectral_k7_s2,0.6212938946934511,614
6,dbpedia,spectral_k14_s0,0.46925870355537913,614
6,dbpedia,spectral_k14_s1,0.5802020958767614,614
6,dbpedia,spectral_k14_s2,0.48569355207388853,614
6,dbpedia,spectral_k28_s0,0.4949277485321368,614
6,dbpedia,spectral_k28_s1,0.5008611715965274,614
6,dbpedia,spectral_k28_s2,0.4927457291276083,614
6,dbpedia,spectral_k56_s0,0.41844445008854014,614
6,dbpedia,spectral_k56_s1,0.41993627220077734,614
6,dbpedia,spectral_k56_s2,0.4251079148974213,614
6,dbpedia,ward_k4,0.6571553575678732,614
6,dbpedia,ward_k7,0.6132549886170028,614
6,dbpedia,ward_k14,0.5560775443372106,614
6,dbpedia,ward_k28,0.49814964550261953,614
6,dbpedia,ward_k56,0.45120235848956286,614
6,dbpedia,leiden_k4_s0,0.6640816669803077,614
6,dbpedia,leiden_k4_s1,0.6660462438424186,614
6,dbpedia,leiden_k4_s2,0.6640816669803077,614
6,dbpedia,leiden_k7_s0,0.6321842005917092,614
6,dbpedia,leiden_k7_s1,0.6373388016749616,614
6,dbpedia,leiden_k7_s2,0.6653008740275967,614
6,dbpedia,leiden_k14_s0,0.5868376993453781,614
6,dbpedia,leiden_k14_s1,0.5819584781008429,614
6,dbpedia,leiden_k14_s2,0.5794534591790245,614
6,dbpedia,leiden_k28_s0,0.514354415434614,614
6,dbpedia,leiden_k28_s1,0.5216706099810966,614
6,dbpedia,leiden_k28_s2,0.5140823300953097,614
6,dbpedia,leiden_k56_s0,0.4485959368360047,614
6,dbpedia,leiden_k56_s1,0.44516059134907343,614
6,dbpedia,leiden_k56_s2,0.4465957540379284,614
6,fewevent,kmeans_k8_s0,0.6557450004416077,451
6,fewevent,kmeans_k8_s1,0.7112645063638088,451
6,fewevent,kmeans_k8_s2,0.7143813532475445,451
6,fewevent,kmeans_k17_s0,0.6589239887490448,451
6,fewevent,kmeans_k17_s1,0.6575571977658147,451
6,fewevent,kmeans_k17_s2,0.6502073786867347,451
6,fewevent,kmeans_k34_s0,0.637861635912142,451
6,fewevent,kmeans_k34_s1,0.6674679623761661,451
6,fewevent,kmeans_k34_s2,0.6297421314731964,451
6,fewevent,kmeans_k68_s0,0.5643080894837474,451
6,fewevent,kmeans_k68_s1,0.5662055532190685,451
6,fewevent,kmeans_k68_s2,0.5725690017014471,451
6,fewevent,kmeans_k136_s0,0.5021266123718284,451
6,fewevent,kmeans_k136_s1,0.49213496642452553,451
6,fewevent,kmeans_k136_s2,0.5124844914305748,451
6,fewevent,gmm_k8_s0,0.7150541407121164,451
6,fewevent,gmm_k8_s1,0.7449131806589765,451
6,fewevent,gmm_k8_s2,0.7150541407121164,451
6,fewevent,gmm_k17_s0,0.7097890400740233,451
6,fewevent,gmm_k17_s1,0.734621632056905,451
6,fewevent,gmm_k17_s2,0.7218829537889576,451
6,fewevent,gmm_k34_s0,0.6392716946916063,451
6,fewevent,gmm_k34_s1,0.6448352896108065,451
6,fewevent,gmm_k34_s2,0.6531902124212345,451
6,fewevent,gmm_k68_s0,0.5712879419280205,451
6,fewevent,gmm_k68_s1,0.585226315029441,451
6,fewevent,gmm_k68_s2,0.5626574655017593,451
6,fewevent,gmm_k136_s0,0.5017873150230795,451
6,fewevent,gmm_k136_s1,0.488082206949723,451
6,fewevent,gmm_k136_s2,0.5011927875401024,451
6,fewevent,spectral_k8_s0,0.6533484312622665,451
6,fewevent,spectral_k8_s1,0.6533484312622666,451
6,fewevent,spectral_k8_s2,0.6533484312622666,451
6,fewevent,spectral_k17_s0,0.7125706074003896,451
6,fewevent,spectral_k17_s1,0.7125706074003896,451
6,fewevent,spectral_k17_s2,0.7125706074003895,451
6,fewevent,spectral_k34_s0,0.6510662327254777,451
6,fewevent,spectral_k34_s1,0.655138195220995,451
6,fewevent,spectral_k34_s2,0.6551381952209948,451
6,fewevent,spectral_k68_s0,0.5642415752862162,451
6,fewevent,spectral_k68_s1,0.5689762479283194,451
6,fewevent,spectral_k68_s2,0.5613071974330819,451
6,fewevent,spectral_k136_s0,0.4641677125943904,451
6,fewevent,spectral_k136_s1,0.4558798106244551,451
6,fewevent,spectral_k136_s2,0.4729563943828559,451
6,fewevent,ward_k8,0.6528946513270493,451
6,fewevent,ward_k17,0.666881640150224,451
6,fewevent,ward_k34,0.6135426198687131,451
6,fewevent,ward_k68,0.5657927323225854,451
6,fewevent,ward_k136,0.49028641201904044,451
6,fewevent,leiden_k8_s0,0.6927743939422666,451
6,fewevent,leiden_k8_s1,0.6859066288052087,451
6,fewevent,leiden_k8_s2,0.6810164628115751,451
6,fewevent,leiden_k17_s0,0.7178721410730089,451
6,fewevent,leiden_k17_s1,0.7202216756181559,451
6,fewevent,leiden_k17_s2,0.7148503634224012,451
6,fewevent,leiden_k34_s0,0.6626173509345263,451
6,fewevent,leiden_k34_s1,0.6653550955717922,451
6,fewevent,leiden_k34_s2,0.6585268112413958,451
6,fewevent,leiden_k68_s0,0.5906639653311031,451
6,fewevent,leiden_k68_s1,0.5947899497473855,451
6,fewevent,leiden_k68_s2,0.5871558525368222,451
6,fewevent,leiden_k136_s0,0.4944240368553989,451
6,fewevent,leiden_k136_s1,0.4841575558931574,451
6,fewevent,leiden_k136_s2,0.48552917028572445,451
6,fewnerd,kmeans_k14_s0,0.22474056812826695,744
6,fewnerd,kmeans_k14_s1,0.21062101278927806,744
6,fewnerd,kmeans_k14_s2,0.2270187160945507,744
6,fewnerd,kmeans_k29_s0,0.23011469755708477,744
6,fewnerd,kmeans_k29_s1,0.21387817460370162,744
6,fewnerd,kmeans_k29_s2,0.22130281981974045,744
6,fewnerd,kmeans_k58_s0,0.1892424693534125,744
6,fewnerd,kmeans_k58_s1,0.19183214837256418,744
6,fewnerd,kmeans_k58_s2,0.17997053016589315,744
6,fewnerd,kmeans_k116_s0,0.1362309444575363,744
6,fewnerd,kmeans_k116_s1,0.16880681196336528,744
6,fewnerd,kmeans_k116_s2,0.155945462053554,744
6,fewnerd,kmeans_k232_s0,0.12426031552472004,744
6,fewnerd,kmeans_k232_s1,0.12256564064333285,744
6,fewnerd,kmeans_k232_s2,0.11714656421759216,744
6,fewnerd,gmm_k14_s0,0.22554225987090262,744
6,fewnerd,gmm_k14_s1,0.21795743652241142,744
6,fewnerd,gmm_k14_s2,0.22322637742472567,744
6,fewnerd,gmm_k29_s0,0.20184109409716905,744
6,fewnerd,gmm_k29_s1,0.19994318984804224,744
6,fewnerd,gmm_k29_s2,0.20057767416203456,744
6,fewnerd,gmm_k58_s0,0.1922952290716746,744
6,fewnerd,gmm_k58_s1,0.18020039750207895,744
6,fewnerd,gmm_k58_s2,0.1815914406176085,744
6,fewnerd,gmm_k116_s0,0.1491186161484412,744
6,fewnerd,gmm_k116_s1,0.14661074631024748,744
6,fewnerd,gmm_k116_s2,0.1606903356096453,744
6,fewnerd,gmm_k232_s0,0.1245919988149661,744
6,fewnerd,gmm_k232_s1,0.11962957614796496,744
6,fewnerd,gmm_k232_s2,0.12980264896828989,744
6,fewnerd,spectral_k14_s0,0.21665216529890383,744
6,fewnerd,spectral_k14_s1,0.21046581851513513,744
6,fewnerd,spectral_k14_s2,0.2101712522641372,744
6,fewnerd,spectral_k29_s0,0.17823051135005522,744
6,fewnerd,spectral_k29_s1,0.19728800653559078,744
6,fewnerd,spectral_k29_s2,0.1920887792206455,744
6,fewnerd,spectral_k58_s0,0.16642600998208798,744
6,fewnerd,spectral_k58_s1,0.1659774749592272,744
6,fewnerd,spectral_k58_s2,0.1601081795151207,744
6,fewnerd,spectral_k116_s0,0.14059231760917335,744
6,fewnerd,spectral_k116_s1,0.14819401748915104,744
6,fewnerd,spectral_k116_s2,0.1548351763378596,744
6,fewnerd,spectral_k232_s0,0.12022340860350675,744
6,fewnerd,spectral_k232_s1,0.11400922979926796,744
6,fewnerd,spectral_k232_s2,0.10998453282635093,744
6,fewnerd,ward_k14,0.20266466105672493,744
6,fewnerd,ward_k29,0.21264257053173483,744
6,fewnerd,ward_k58,0.17420500818202292,744
6,fewnerd,ward_k116,0.15476432225277303,744
6,fewnerd,ward_k232,0.11978918471485145,744
6,fewnerd,leiden_k14_s0,0.22720650331668138,744
6,fewnerd,leiden_k14_s1,0.22882407609806274,744
6,fewnerd,leiden_k14_s2,0.22836313228652538,744
6,fewnerd,leiden_k29_s0,0.20847938870152377,744
6,fewnerd,leiden_k29_s1,0.21074625081287784,744
6,fewnerd,leiden_k29_s2,0.2179426406669071,744
6,fewnerd,leiden_k58_s0,0.20659044854968475,744
6,fewnerd,leiden_k58_s1,0.19140471519378255,744
6,fewnerd,leiden_k58_s2,0.19592303642554756,744
6,fewnerd,leiden_k116_s0,0.15790668520547455,744
6,fewnerd,leiden_k116_s1,0.1490575958964695,744
6,fewnerd,leiden_k116_s2,0.15688658481524345,744
6,fewnerd,leiden_k232_s0,0.13103715236494445,744
6,fewnerd,leiden_k232_s1,0.11840110591582304,744
6,fewnerd,leiden_k232_s2,0.12631945928223698,744
6,fewrel,kmeans_k16_s0,0.3211910890105539,666
6,fewrel,kmeans_k16_s1,0.32474891255286337,666
6,fewrel,kmeans_k16_s2,0.3217153780679933,666
6,fewrel,kmeans_k32_s0,0.32288169037460074,666
6,fewrel,kmeans_k32_s1,0.31185700503665253,666
6,fewrel,kmeans_k32_s2,0.3235225539701208,666
6,fewrel,kmeans_k64_s0,0.2848791652409256,666
6,fewrel,kmeans_k64_s1,0.2911658254705083,666
6,fewrel,kmeans_k64_s2,0.28901074937121946,666
6,fewrel,kmeans_k128_s0,0.25492334410951767,666
6,fewrel,kmeans_k128_s1,0.2620372692271116,666
6,fewrel,kmeans_k128_s2,0.25421485528311233,666
6,fewrel,kmeans_k256_s0,0.20462906083938637,666
6,fewrel,kmeans_k256_s1,0.19625525343495645,666
6,fewrel,kmeans_k256_s2,0.19850990202464616,666
6,fewrel,gmm_k16_s0,0.3135324815604498,666
6,fewrel,gmm_k16_s1,0.32055662178326183,666
6,fewrel,gmm_k16_s2,0.31297792347875814,666
6,fewrel,gmm_k32_s0,0.32521193582516916,666
6,fewrel,gmm_k32_s1,0.3206282993125995,666
6,fewrel,gmm_k32_s2,0.32394812396086675,666
6,fewrel,gmm_k64_s0,0.29662340966435813,666
6,fewrel,gmm_k64_s1,0.2951185475375005,666
6,fewrel,gmm_k64_s2,0.3025625782267739,666
6,fewrel,gmm_k128_s0,0.271070947998663,666
6,fewrel,gmm_k128_s1,0.2657517933488595,666
6,fewrel,gmm_k128_s2,0.2627870238970524,666
6,fewrel,gmm_k256_s0,0.2062003190717707,666
6,fewrel,gmm_k256_s1,0.22025282315416933,666
6,fewrel,gmm_k256_s2,0.21795508894620325,666
6,fewrel,spectral_k16_s0,0.25659631126839005,666
6,fewrel,spectral_k16_s1,0.25741086848315653,666
6,fewrel,spectral_k16_s2,0.25599568251055316,666
6,fewrel,spectral_k32_s0,0.27743683957447,666
6,fewrel,spectral_k32_s1,0.30131307873134,666
6,fewrel,spectral_k32_s2,0.2855650467051684,666
6,fewrel,spectral_k64_s0,0.2670659290820079,666
6,fewrel,spectral_k64_s1,0.25300281801904406,666
6,fewrel,spectral_k64_s2,0.25467594666553933,666
6,fewrel,spectral_k128_s0,0.23399440860387552,666
6,fewrel,spectral_k128_s1,0.23169573572426128,666
6,fewrel,spectral_k128_s2,0.2228198979849679,666
6,fewrel,spectral_k256_s0,0.18412263894978698,666
6,fewrel,spectral_k256_s1,0.18304488935129165,666
6,fewrel,spectral_k256_s2,0.18189440574542975,666
6,fewrel,ward_k16,0.28921192984119826,666
6,fewrel,ward_k32,0.2897448290616799,666
6,fewrel,ward_k64,0.2734782184919084,666
6,fewrel,ward_k128,0.24897632304712078,666
6,fewrel,ward_k256,0.21416589768324415,666
6,fewrel,leiden_k16_s0,0.3312361343773708,666
6,fewrel,leiden_k16_s1,0.31525745005943134,666
6,fewrel,leiden_k16_s2,0.3315937386858835,666
6,fewrel,leiden_k32_s0,0.31543513107384663,666
6,fewrel,leiden_k32_s1,0.31581564206237855,666
6,fewrel,leiden_k32_s2,0.3162258516823293,666
6,fewrel,leiden_k64_s0,0.30097535553894345,666
6,fewrel,leiden_k64_s1,0.3029020202478898,666
6,fewrel,leiden_k64_s2,0.288936706790473,666
6,fewrel,leiden_k128_s0,0.2471232160700917,666
6,fewrel,leiden_k128_s1,0.26990708516737455,666
6,fewrel,leiden_k128_s2,0.26184732803342226,666
6,fewrel,leiden_k256_s0,0.21208245385450053,666
6,fewrel,leiden_k256_s1,0.21610667448055926,666
6,fewrel,leiden_k256_s2,0.2081030978907855,666
6,massive_domain,kmeans_k4_s0,0.5008417120796613,680
6,massive_domain,kmeans_k4_s1,0.42489178227225416,680
6,massive_domain,kmeans_k4_s2,0.4263337443102215,680
6,massive_domain,kmeans_k9_s0,0.6453215114528933,680
6,massive_domain,kmeans_k9_s1,0.6490190191131278,680
6,massive_domain,kmeans_k9_s2,0.6219706877619403,680
6,massive_domain,kmeans_k18_s0,0.6408630660269561,680
6,massive_domain,kmeans_k18_s1,0.687495014749691,680
6,massive_domain,kmeans_k18_s2,0.6697749197535952,680
6,massive_domain,kmeans_k36_s0,0.6359990682799591,680
6,massive_domain,kmeans_k36_s1,0.6408578696516228,680
6,massive_domain,kmeans_k36_s2,0.6266055928924243,680
6,massive_domain,kmeans_k72_s0,0.5753502989423523,680
6,massive_domain,kmeans_k72_s1,0.5684767729851956,680
6,massive_domain,kmeans_k72_s2,0.5642709359750526,680
6,massive_domain,gmm_k4_s0,0.48590326714467075,680
6,massive_domain,gmm_k4_s1,0.5213943690725232,680
6,massive_domain,gmm_k4_s2,0.4388557988807184,680
6,massive_domain,gmm_k9_s0,0.6481119442475652,680
6,massive_domain,gmm_k9_s1,0.7182982971957121,680
6,massive_domain,gmm_k9_s2,0.6931705268867129,680
6,massive_domain,gmm_k18_s0,0.7078740235992627,680
6,massive_domain,gmm_k18_s1,0.6960246740551711,680
6,massive_domain,gmm_k18_s2,0.7015367060270052,680
6,massive_domain,gmm_k36_s0,0.6561372200513745,680
6,massive_domain,gmm_k36_s1,0.6633795522105461,680
6,massive_domain,gmm_k36_s2,0.6465704556426706,680
6,massive_domain,gmm_k72_s0,0.5716314535031587,680
6,massive_domain,gmm_k72_s1,0.5776394269032488,680
6,massive_domain,gmm_k72_s2,0.5731356977762263,680
6,massive_domain,spectral_k4_s0,0.540008320139332,680
6,massive_domain,spectral_k4_s1,0.540008320139332,680
6,massive_domain,spectral_k4_s2,0.5400083201393319,680
6,massive_domain,spectral_k9_s0,0.6814872459142574,680
6,massive_domain,spectral_k9_s1,0.6814872459142575,680
6,massive_domain,spectral_k9_s2,0.6814872459142575,680
6,massive_domain,spectral_k18_s0,0.680428304574921,680
6,massive_domain,spectral_k18_s1,0.6804283045749211,680
6,massive_domain,spectral_k18_s2,0.680428304574921,680
6,massive_domain,spectral_k36_s0,0.6428143051164907,680
6,massive_domain,spectral_k36_s1,0.6414977505527749,680
6,massive_domain,spectral_k36_s2,0.6414708881967828,680
6,massive_domain,spectral_k72_s0,0.5456501457149814,680
6,massive_domain,spectral_k72_s1,0.546152165952736,680
6,massive_domain,spectral_k72_s2,0.539168020784409,680
6,massive_domain,ward_k4,0.5392424049177352,680
6,massive_domain,ward_k9,0.645444599136096,680
6,massive_domain,ward_k18,0.6875323418282654,680
6,massive_domain,ward_k36,0.6388551178052296,680
6,massive_domain,ward_k72,0.5744811858740048,680
6,massive_domain,leiden_k4_s0,0.5502070557689044,680
6,massive_domain,leiden_k4_s1,0.46642679241811813,680
6,massive_domain,leiden_k4_s2,0.4377739969494973,680
6,massive_domain,leiden_k9_s0,0.6959052919874756,680
6,massive_domain,leiden_k9_s1,0.6930284531814335,680
6,massive_domain,leiden_k9_s2,0.6473012981318014,680
6,massive_domain,leiden_k18_s0,0.7027698654309906,680
6,massive_domain,leiden_k18_s1,0.7023001420802646,680
6,massive_domain,leiden_k18_s2,0.6975654928795062,680
6,massive_domain,leiden_k36_s0,0.640292018496497,680
6,massive_domain,leiden_k36_s1,0.6322026736361777,680
6,massive_domain,leiden_k36_s2,0.6437136617428987,680
6,massive_domain,leiden_k72_s0,0.5757938123797685,680
6,massive_domain,leiden_k72_s1,0.5863701208063469,680
6,massive_domain,leiden_k72_s2,0.5758823680986794,680
6,massive_intent,kmeans_k15_s0,0.6472008727904855,650
6,massive_intent,kmeans_k15_s1,0.6622173059746627,650
6,massive_intent,kmeans_k15_s2,0.6563016378616972,650
6,massive_intent,kmeans_k30_s0,0.6381832774437528,650
6,massive_intent,kmeans_k30_s1,0.6550284464150633,650
6,massive_intent,kmeans_k30_s2,0.6685520442935864,650
6,massive_intent,kmeans_k59_s0,0.5689436360197643,650
6,massive_intent,kmeans_k59_s1,0.588002189272141,650
6,massive_intent,kmeans_k59_s2,0.5765857895553756,650
6,massive_intent,kmeans_k118_s0,0.5262460671347494,650
6,massive_intent,kmeans_k118_s1,0.5041302703053011,650
6,massive_intent,kmeans_k118_s2,0.5077335903579613,650
6,massive_intent,kmeans_k236_s0,0.4260609424637102,650
6,massive_intent,kmeans_k236_s1,0.42203403304670545,650
6,massive_intent,kmeans_k236_s2,0.4166267643427095,650
6,massive_intent,gmm_k15_s0,0.6958409252365447,650
6,massive_intent,gmm_k15_s1,0.6958409252365448,650
6,massive_intent,gmm_k15_s2,0.6986040371026981,650
6,massive_intent,gmm_k30_s0,0.6638654723518012,650
6,massive_intent,gmm_k30_s1,0.6793821665286289,650
6,massive_intent,gmm_k30_s2,0.6626272766052795,650
6,massive_intent,gmm_k59_s0,0.593593178809292,650
6,massive_intent,gmm_k59_s1,0.5978751191649203,650
6,massive_intent,gmm_k59_s2,0.5912217795635127,650
6,massive_intent,gmm_k118_s0,0.5170002200045534,650
6,massive_intent,gmm_k118_s1,0.5154619938626482,650
6,massive_intent,gmm_k118_s2,0.5125420447960641,650
6,massive_intent,gmm_k236_s0,0.42604450099822755,650
6,massive_intent,gmm_k236_s1,0.42800372841754986,650
6,massive_intent,gmm_k236_s2,0.4269389369608907,650
6,massive_intent,spectral_k15_s0,0.6686683063827755,650
6,massive_intent,spectral_k15_s1,0.6686683063827756,650
6,massive_intent,spectral_k15_s2,0.6686683063827755,650
6,massive_intent,spectral_k30_s0,0.6639683480291874,650
6,massive_intent,spectral_k30_s1,0.6639683480291876,650
6,massive_intent,spectral_k30_s2,0.6638349369796507,650
6,massive_intent,spectral_k59_s0,0.5550047500603372,650
6,massive_intent,spectral_k59_s1,0.5692349057877392,650
6,massive_intent,spectral_k59_s2,0.5605734412248532,650
6,massive_intent,spectral_k118_s0,0.4783126902188048,650
6,massive_intent,spectral_k118_s1,0.4799286204413485,650
6,massive_intent,spectral_k118_s2,0.4839807419141686,650
6,massive_intent,spectral_k236_s0,0.36797271380485214,650
6,massive_intent,spectral_k236_s1,0.37484929126753336,650
6,massive_intent,spectral_k236_s2,0.36287836967017456,650
6,massive_intent,ward_k15,0.6537356630232944,650
6,massive_intent,ward_k30,0.6409217030850901,650
6,massive_intent,ward_k59,0.5728219907491933,650
6,massive_intent,ward_k118,0.5023570210065307,650
6,massive_intent,ward_k236,0.40895465355163796,650
6,massive_intent,leiden_k15_s0,0.6822975914936242,650
6,massive_intent,leiden_k15_s1,0.6826898199389018,650
6,massive_intent,leiden_k15_s2,0.684786704056834,650
6,massive_intent,leiden_k30_s0,0.6409005067390069,650
6,massive_intent,leiden_k30_s1,0.6450028554726506,650
6,massive_intent,leiden_k30_s2,0.6557190555961301,650
6,massive_intent,leiden_k59_s0,0.5885735041748928,650
6,massive_intent,leiden_k59_s1,0.5899553019222664,650
6,massive_intent,leiden_k59_s2,0.5932407985837259,650
6,massive_intent,leiden_k118_s0,0.5185419122907118,650
6,massive_intent,leiden_k118_s1,0.5159521555506502,650
6,massive_intent,leiden_k118_s2,0.5230838101235323,650
6,massive_intent,leiden_k236_s0,0.41666532183258015,650
6,massive_intent,leiden_k236_s1,0.41883019820771444,650
6,massive_intent,leiden_k236_s2,0.42125557713903083,650
6,mcid,kmeans_k4_s0,0.2667299391399659,678
6,mcid,kmeans_k4_s1,0.2142803304784201,678
6,mcid,kmeans_k4_s2,0.14384538795239907,678
6,mcid,kmeans_k8_s0,0.36549789498423935,678
6,mcid,kmeans_k8_s1,0.37603685634120537,678
6,mcid,kmeans_k8_s2,0.3498689617919225,678
6,mcid,kmeans_k16_s0,0.44991909247600964,678
6,mcid,kmeans_k16_s1,0.4244949879649774,678
6,mcid,kmeans_k16_s2,0.4049031954054121,678
6,mcid,kmeans_k32_s0,0.44937734809850766,678
6,mcid,kmeans_k32_s1,0.48023695909650216,678
6,mcid,kmeans_k32_s2,0.4827108923524844,678
6,mcid,kmeans_k64_s0,0.4782047231832378,678
6,mcid,kmeans_k64_s1,0.46658147480159623,678
6,mcid,kmeans_k64_s2,0.47133489221366376,678
6,mcid,gmm_k4_s0,0.31241127744191793,678
6,mcid,gmm_k4_s1,0.35428965457958655,678
6,mcid,gmm_k4_s2,0.31241127744191793,678
6,mcid,gmm_k8_s0,0.48664462812513176,678
6,mcid,gmm_k8_s1,0.4198161733364158,678
6,mcid,gmm_k8_s2,0.48901829750816445,678
6,mcid,gmm_k16_s0,0.5702732203022179,678
6,mcid,gmm_k16_s1,0.5931551256803962,678
6,mcid,gmm_k16_s2,0.599284432103961,678
6,mcid,gmm_k32_s0,0.5760884297106892,678
6,mcid,gmm_k32_s1,0.571493319752864,678
6,mcid,gmm_k32_s2,0.5842994913746211,678
6,mcid,gmm_k64_s0,0.5369832556871447,678
6,mcid,gmm_k64_s1,0.5272153457467595,678
6,mcid,gmm_k64_s2,0.5335861410868554,678
6,mcid,spectral_k4_s0,0.19778963097239233,678
6,mcid,spectral_k4_s1,0.19778963097239233,678
6,mcid,spectral_k4_s2,0.19778963097239233,678
6,mcid,spectral_k8_s0,0.4073107196368578,678
6,mcid,spectral_k8_s1,0.4073107196368578,678
6,mcid,spectral_k8_s2,0.4073107196368577,678
6,mcid,spectral_k16_s0,0.5040242173885764,678
6,mcid,spectral_k16_s1,0.5040242173885763,678
6,mcid,spectral_k16_s2,0.5038100096116314,678
6,mcid,spectral_k32_s0,0.5491531523785532,678
6,mcid,spectral_k32_s1,0.5620541993250578,678
6,mcid,spectral_k32_s2,0.545292575042354,678
6,mcid,spectral_k64_s0,0.49811189030183056,678
6,mcid,spectral_k64_s1,0.49817290956638993,678
6,mcid,spectral_k64_s2,0.5099687439838858,678
6,mcid,ward_k4,0.3376891636530195,678
6,mcid,ward_k8,0.4241309485323629,678
6,mcid,ward_k16,0.5408654946071489,678
6,mcid,ward_k32,0.5619084038099205,678
6,mcid,ward_k64,0.5364952046537397,678
6,mcid,leiden_k4_s0,0.2823283959439449,678
6,mcid,leiden_k4_s1,0.351685531803979,678
6,mcid,leiden_k4_s2,0.36490381700034386,678
6,mcid,leiden_k8_s0,0.45633181668550893,678
6,mcid,leiden_k8_s1,0.43783087999277537,678
6,mcid,leiden_k8_s2,0.3550644012032224,678
6,mcid,leiden_k16_s0,0.557380918627172,678
6,mcid,leiden_k16_s1,0.5543357222538238,678
6,mcid,leiden_k16_s2,0.5584901409625035,678
6,mcid,leiden_k32_s0,0.5665996405008655,678
6,mcid,leiden_k32_s1,0.5574840031703094,678
6,mcid,leiden_k32_s2,0.5583783370432513,678
6,mcid,leiden_k64_s0,0.5117148303183787,678
6,mcid,leiden_k64_s1,0.5125898062902948,678
6,mcid,leiden_k64_s2,0.5150191331182793,678
6,mtop_domain,kmeans_k3_s0,0.4548361818124605,888
6,mtop_domain,kmeans_k3_s1,0.5278340946724907,888
6,mtop_domain,kmeans_k3_s2,0.45519208262025235,888
6,mtop_domain,kmeans_k6_s0,0.7041823447550348,888
6,mtop_domain,kmeans_k6_s1,0.7041823447550348,888
6,mtop_domain,kmeans_k6_s2,0.7167567679951741,888
6,mtop_domain,kmeans_k11_s0,0.8182698865697304,888
6,mtop_domain,kmeans_k11_s1,0.8458645680960888,888
6,mtop_domain,kmeans_k11_s2,0.8457726421104957,888
6,mtop_domain,kmeans_k22_s0,0.7660060063880559,888
6,mtop_domain,kmeans_k22_s1,0.7880426547406689,888
6,mtop_domain,kmeans_k22_s2,0.7701545986994875,888
6,mtop_domain,kmeans_k44_s0,0.670578768715081,888
6,mtop_domain,kmeans_k44_s1,0.6863659423682844,888
6,mtop_domain,kmeans_k44_s2,0.6857561383762408,888
6,mtop_domain,gmm_k3_s0,0.5458982818617034,888
6,mtop_domain,gmm_k3_s1,0.5452766195378391,888
6,mtop_domain,gmm_k3_s2,0.4847561504374594,888
6,mtop_domain,gmm_k6_s0,0.7266159993830572,888
6,mtop_domain,gmm_k6_s1,0.7244477983839549,888
6,mtop_domain,gmm_k6_s2,0.7266159993830573,888
6,mtop_domain,gmm_k11_s0,0.8398367500279831,888
6,mtop_domain,gmm_k11_s1,0.8225753413032998,888
6,mtop_domain,gmm_k11_s2,0.8485051147931585,888
6,mtop_domain,gmm_k22_s0,0.7847766724854802,888
6,mtop_domain,gmm_k22_s1,0.7756857416334624,888
6,mtop_domain,gmm_k22_s2,0.7723289338939854,888
6,mtop_domain,gmm_k44_s0,0.697104894542288,888
6,mtop_domain,gmm_k44_s1,0.6861672781429231,888
6,mtop_domain,gmm_k44_s2,0.6896189039999849,888
6,mtop_domain,spectral_k3_s0,0.3464472538691473,888
6,mtop_domain,spectral_k3_s1,0.3464472538691473,888
6,mtop_domain,spectral_k3_s2,0.3464472538691473,888
6,mtop_domain,spectral_k6_s0,0.7122136414338649,888
6,mtop_domain,spectral_k6_s1,0.7122136414338648,888
6,mtop_domain,spectral_k6_s2,0.7122136414338646,888
6,mtop_domain,spectral_k11_s0,0.7937287285856492,888
6,mtop_domain,spectral_k11_s1,0.7937287285856495,888
6,mtop_domain,spectral_k11_s2,0.7937287285856494,888
6,mtop_domain,spectral_k22_s0,0.7928800022084238,888
6,mtop_domain,spectral_k22_s1,0.7935164625749451,888
6,mtop_domain,spectral_k22_s2,0.7686378225071432,888
6,mtop_domain,spectral_k44_s0,0.6901819138695325,888
6,mtop_domain,spectral_k44_s1,0.6979524643260204,888
6,mtop_domain,spectral_k44_s2,0.6929392792009579,888
6,mtop_domain,ward_k3,0.5019092547992645,888
6,mtop_domain,ward_k6,0.6656851711073071,888
6,mtop_domain,ward_k11,0.7714076570466878,888
6,mtop_domain,ward_k22,0.7214655339543378,888
6,mtop_domain,ward_k44,0.6636821928342984,888
6,mtop_domain,leiden_k3_s0,0.5061785658556028,888
6,mtop_domain,leiden_k3_s1,0.46047453573714225,888
6,mtop_domain,leiden_k3_s2,0.4650852386467886,888
6,mtop_domain,leiden_k6_s0,0.7249407827905174,888
6,mtop_domain,leiden_k6_s1,0.7294625559982162,888
6,mtop_domain,leiden_k6_s2,0.7294625559982162,888
6,mtop_domain,leiden_k11_s0,0.8258216457652438,888
6,mtop_domain,leiden_k11_s1,0.8251816460300169,888
6,mtop_domain,leiden_k11_s2,0.8194694495544588,888
6,mtop_domain,leiden_k22_s0,0.7729159674433784,888
6,mtop_domain,leiden_k22_s1,0.7773807308972195,888
6,mtop_domain,leiden_k22_s2,0.7643019567964151,888
6,mtop_domain,leiden_k44_s0,0.6886945556149854,888
6,mtop_domain,leiden_k44_s1,0.6827839940520588,888
6,mtop_domain,leiden_k44_s2,0.6699973439875148,888
6,mtop_intent,kmeans_k26_s0,0.7173325715742497,816
6,mtop_intent,kmeans_k26_s1,0.7374402641262435,816
6,mtop_intent,kmeans_k26_s2,0.7085166363511266,816
6,mtop_intent,kmeans_k51_s0,0.6397882422437573,816
6,mtop_intent,kmeans_k51_s1,0.6400523861854013,816
6,mtop_intent,kmeans_k51_s2,0.6419160743922928,816
6,mtop_intent,kmeans_k102_s0,0.552439354586276,816
6,mtop_intent,kmeans_k102_s1,0.5505598086120854,816
6,mtop_intent,kmeans_k102_s2,0.5610429838605159,816
6,mtop_intent,kmeans_k204_s0,0.46021396846772655,816
6,mtop_intent,kmeans_k204_s1,0.45981744828353344,816
6,mtop_intent,kmeans_k204_s2,0.4488320645027951,816
6,mtop_intent,kmeans_k408_s0,0.35082269395151533,816
6,mtop_intent,kmeans_k408_s1,0.35711349854711033,816
6,mtop_intent,kmeans_k408_s2,0.3499849936660226,816
6,mtop_intent,gmm_k26_s0,0.7242204829399213,816
6,mtop_intent,gmm_k26_s1,0.7399103474435351,816
6,mtop_intent,gmm_k26_s2,0.7227464580698879,816
6,mtop_intent,gmm_k51_s0,0.6490199456573416,816
6,mtop_intent,gmm_k51_s1,0.638928749152908,816
6,mtop_intent,gmm_k51_s2,0.6438947089384485,816
6,mtop_intent,gmm_k102_s0,0.545241675651855,816
6,mtop_intent,gmm_k102_s1,0.5435939918820788,816
6,mtop_intent,gmm_k102_s2,0.5468994768990655,816
6,mtop_intent,gmm_k204_s0,0.4439278039431302,816
6,mtop_intent,gmm_k204_s1,0.4366668473264025,816
6,mtop_intent,gmm_k204_s2,0.44644651144559533,816
6,mtop_intent,gmm_k408_s0,0.33486782381317964,816
6,mtop_intent,gmm_k408_s1,0.34106428912544223,816
6,mtop_intent,gmm_k408_s2,0.33286923927144146,816
6,mtop_intent,spectral_k26_s0,0.7360116397634326,816
6,mtop_intent,spectral_k26_s1,0.7351253029916214,816
6,mtop_intent,spectral_k26_s2,0.7394913884823169,816
6,mtop_intent,spectral_k51_s0,0.6305484062903549,816
6,mtop_intent,spectral_k51_s1,0.6360231793834963,816
6,mtop_intent,spectral_k51_s2,0.6453913299638155,816
6,mtop_intent,spectral_k102_s0,0.5535345901345075,816
6,mtop_intent,spectral_k102_s1,0.5429658163885608,816
6,mtop_intent,spectral_k102_s2,0.5285586142408103,816
6,mtop_intent,spectral_k204_s0,0.42056867499923406,816
6,mtop_intent,spectral_k204_s1,0.41696983095252454,816
6,mtop_intent,spectral_k204_s2,0.42175199704587035,816
6,mtop_intent,spectral_k408_s0,0.312651652161965,816
6,mtop_intent,spectral_k408_s1,0.31128883164477755,816
6,mtop_intent,spectral_k408_s2,0.2934743705844872,816
6,mtop_intent,ward_k26,0.6867480845218079,816
6,mtop_intent,ward_k51,0.6331666513404374,816
6,mtop_intent,ward_k102,0.5551957735622143,816
6,mtop_intent,ward_k204,0.44175929999197056,816
6,mtop_intent,ward_k408,0.3328678290748177,816
6,mtop_intent,leiden_k26_s0,0.7123752224339593,816
6,mtop_intent,leiden_k26_s1,0.7224240391177611,816
6,mtop_intent,leiden_k26_s2,0.7200686597576414,816
6,mtop_intent,leiden_k51_s0,0.6346052087793942,816
6,mtop_intent,leiden_k51_s1,0.6339063628270207,816
6,mtop_intent,leiden_k51_s2,0.6304406104363431,816
6,mtop_intent,leiden_k102_s0,0.5341795199453981,816
6,mtop_intent,leiden_k102_s1,0.5325293015293208,816
6,mtop_intent,leiden_k102_s2,0.5330762984536215,816
6,mtop_intent,leiden_k204_s0,0.43249251695168667,816
6,mtop_intent,leiden_k204_s1,0.4334960525857522,816
6,mtop_intent,leiden_k204_s2,0.4361555987243164,816
6,mtop_intent,leiden_k408_s0,0.3113643203860552,816
6,mtop_intent,leiden_k408_s1,0.3227341620232869,816
6,mtop_intent,leiden_k408_s2,0.32267526148159364,816
6,reddit_s2s,kmeans_k12_s0,0.2786919735254282,411
6,reddit_s2s,kmeans_k12_s1,0.31902567048462493,411
6,reddit_s2s,kmeans_k12_s2,0.291874001056062,411
6,reddit_s2s,kmeans_k24_s0,0.37593860187137745,411
6,reddit_s2s,kmeans_k24_s1,0.3621734637054574,411
6,reddit_s2s,kmeans_k24_s2,0.35860332078729856,411
6,reddit_s2s,kmeans_k49_s0,0.3842715694479102,411
6,reddit_s2s,kmeans_k49_s1,0.3457637514426097,411
6,reddit_s2s,kmeans_k49_s2,0.3730722637132426,411
6,reddit_s2s,kmeans_k98_s0,0.3563880914938161,411
6,reddit_s2s,kmeans_k98_s1,0.34737636617176515,411
6,reddit_s2s,kmeans_k98_s2,0.35809994880988527,411
6,reddit_s2s,kmeans_k196_s0,0.28896538147562884,411
6,reddit_s2s,kmeans_k196_s1,0.3005261768736852,411
6,reddit_s2s,kmeans_k196_s2,0.26971698464365707,411
6,reddit_s2s,gmm_k12_s0,0.2668851442478684,411
6,reddit_s2s,gmm_k12_s1,0.29906296017540096,411
6,reddit_s2s,gmm_k12_s2,0.28370207091299027,411
6,reddit_s2s,gmm_k24_s0,0.35480702909614215,411
6,reddit_s2s,gmm_k24_s1,0.36321301342483236,411
6,reddit_s2s,gmm_k24_s2,0.35855103583692316,411
6,reddit_s2s,gmm_k49_s0,0.36749979407071276,411
6,reddit_s2s,gmm_k49_s1,0.3782331648986156,411
6,reddit_s2s,gmm_k49_s2,0.3746006831376362,411
6,reddit_s2s,gmm_k98_s0,0.35396871856919,411
6,reddit_s2s,gmm_k98_s1,0.3535311219171807,411
6,reddit_s2s,gmm_k98_s2,0.3696856672495804,411
6,reddit_s2s,gmm_k196_s0,0.3121529233499876,411
6,reddit_s2s,gmm_k196_s1,0.3096660330553884,411
6,reddit_s2s,gmm_k196_s2,0.31606857268460853,411
6,reddit_s2s,spectral_k12_s0,0.19848479518008935,411
6,reddit_s2s,spectral_k12_s1,0.20161838643053387,411
6,reddit_s2s,spectral_k12_s2,0.20574725992613338,411
6,reddit_s2s,spectral_k24_s0,0.2937872829240681,411
6,reddit_s2s,spectral_k24_s1,0.3142487882679182,411
6,reddit_s2s,spectral_k24_s2,0.2937872829240681,411
6,reddit_s2s,spectral_k49_s0,0.3155841306501647,411
6,reddit_s2s,spectral_k49_s1,0.3116540830887746,411
6,reddit_s2s,spectral_k49_s2,0.3129363639072402,411
6,reddit_s2s,spectral_k98_s0,0.32008713727867066,411
6,reddit_s2s,spectral_k98_s1,0.3164160389248961,411
6,reddit_s2s,spectral_k98_s2,0.3024201530985442,411
6,reddit_s2s,spectral_k196_s0,0.22503572679967535,411
6,reddit_s2s,spectral_k196_s1,0.24584584889931405,411
6,reddit_s2s,spectral_k196_s2,0.2362280106190123,411
6,reddit_s2s,ward_k12,0.2504000641642184,411
6,reddit_s2s,ward_k24,0.2970464366297887,411
6,reddit_s2s,ward_k49,0.3271437588566302,411
6,reddit_s2s,ward_k98,0.30141793251102145,411
6,reddit_s2s,ward_k196,0.28726240400212755,411
6,reddit_s2s,leiden_k12_s0,0.2983170489831767,411
6,reddit_s2s,leiden_k12_s1,0.2793323069650943,411
6,reddit_s2s,leiden_k12_s2,0.30596927694387116,411
6,reddit_s2s,leiden_k24_s0,0.36736968037389106,411
6,reddit_s2s,leiden_k24_s1,0.36164529960365777,411
6,reddit_s2s,leiden_k24_s2,0.3586055500865513,411
6,reddit_s2s,leiden_k49_s0,0.3897998049684237,411
6,reddit_s2s,leiden_k49_s1,0.3778517458271638,411
6,reddit_s2s,leiden_k49_s2,0.3861127162666077,411
6,reddit_s2s,leiden_k98_s0,0.3733820776747683,411
6,reddit_s2s,leiden_k98_s1,0.3937841264482475,411
6,reddit_s2s,leiden_k98_s2,0.38641208969774166,411
6,reddit_s2s,leiden_k196_s0,0.3356926022172868,411
6,reddit_s2s,leiden_k196_s1,0.33958867081634564,411
6,reddit_s2s,leiden_k196_s2,0.3291736955179175,411
6,snips,kmeans_k2_s0,0.35849250889164247,885
6,snips,kmeans_k2_s1,0.28487474422224696,885
6,snips,kmeans_k2_s2,0.3129226644318407,885
6,snips,kmeans_k4_s0,0.6793110896862163,885
6,snips,kmeans_k4_s1,0.6994547284361835,885
6,snips,kmeans_k4_s2,0.6820471469648961,885
6,snips,kmeans_k7_s0,0.762718188613637,885
6,snips,kmeans_k7_s1,0.7030331358338959,885
6,snips,kmeans_k7_s2,0.7580218104153394,885
6,snips,kmeans_k14_s0,0.7369545598067239,885
6,snips,kmeans_k14_s1,0.7443310477961254,885
6,snips,kmeans_k14_s2,0.7683767277786381,885
6,snips,kmeans_k28_s0,0.6810049253117482,885
6,snips,kmeans_k28_s1,0.6764584037958224,885
6,snips,kmeans_k28_s2,0.672883702384796,885
6,snips,gmm_k2_s0,0.3249467922028799,885
6,snips,gmm_k2_s1,0.3249467922028799,885
6,snips,gmm_k2_s2,0.3249467922028799,885
6,snips,gmm_k4_s0,0.6864303480813478,885
6,snips,gmm_k4_s1,0.7287160523193906,885
6,snips,gmm_k4_s2,0.7287160523193903,885
6,snips,gmm_k7_s0,0.8885586988943561,885
6,snips,gmm_k7_s1,0.8885586988943561,885
6,snips,gmm_k7_s2,0.8885586988943562,885
6,snips,gmm_k14_s0,0.7911123871154815,885
6,snips,gmm_k14_s1,0.81452994832601,885
6,snips,gmm_k14_s2,0.7945658140396354,885
6,snips,gmm_k28_s0,0.6925075877457862,885
6,snips,gmm_k28_s1,0.700738074246362,885
6,snips,gmm_k28_s2,0.681624163275763,885
6,snips,spectral_k2_s0,0.3249467922028799,885
6,snips,spectral_k2_s1,0.3249467922028799,885
6,snips,spectral_k2_s2,0.3249467922028799,885
6,snips,spectral_k4_s0,0.6858417960081435,885
6,snips,spectral_k4_s1,0.6858417960081435,885
6,snips,spectral_k4_s2,0.6858417960081435,885
6,snips,spectral_k7_s0,0.8846852452846171,885
6,snips,spectral_k7_s1,0.8846852452846172,885
6,snips,spectral_k7_s2,0.8846852452846171,885
6,snips,spectral_k14_s0,0.8103764011875771,885
6,snips,spectral_k14_s1,0.8108720973275085,885
6,snips,spectral_k14_s2,0.8103764011875773,885
6,snips,spectral_k28_s0,0.7134123356719935,885
6,snips,spectral_k28_s1,0.712782096153284,885
6,snips,spectral_k28_s2,0.7125677792758264,885
6,snips,ward_k2,0.38253288020884474,885
6,snips,ward_k4,0.6794488426824148,885
6,snips,ward_k7,0.8434823902751325,885
6,snips,ward_k14,0.8062393170122732,885
6,snips,ward_k28,0.7083919936213323,885
6,snips,leiden_k2_s0,0.3249467922028799,885
6,snips,leiden_k2_s1,0.3249467922028799,885
6,snips,leiden_k2_s2,0.3249467922028799,885
6,snips,leiden_k4_s0,0.690503148652095,885
6,snips,leiden_k4_s1,0.690503148652095,885
6,snips,leiden_k4_s2,0.690503148652095,885
6,snips,leiden_k7_s0,0.873740746312875,885
6,snips,leiden_k7_s1,0.8813052584959542,885
6,snips,leiden_k7_s2,0.873740746312875,885
6,snips,leiden_k14_s0,0.8265375782630903,885
6,snips,leiden_k14_s1,0.8258752278047863,885
6,snips,leiden_k14_s2,0.8262782161749173,885
6,snips,leiden_k28_s0,0.6944318994416687,885
6,snips,leiden_k28_s1,0.6995743392336303,885
6,snips,leiden_k28_s2,0.6991796509886608,885
6,stackexchange_cl,kmeans_k30_s0,0.42787181906044064,584
6,stackexchange_cl,kmeans_k30_s1,0.4365841069949379,584
6,stackexchange_cl,kmeans_k30_s2,0.44974902161608543,584
6,stackexchange_cl,kmeans_k60_s0,0.40307042091221934,584
6,stackexchange_cl,kmeans_k60_s1,0.42373838709730116,584
6,stackexchange_cl,kmeans_k60_s2,0.42360867888633064,584
6,stackexchange_cl,kmeans_k121_s0,0.368810264509694,584
6,stackexchange_cl,kmeans_k121_s1,0.3556266552401008,584
6,stackexchange_cl,kmeans_k121_s2,0.34640492141184537,584
6,stackexchange_cl,kmeans_k242_s0,0.27738093696870886,584
6,stackexchange_cl,kmeans_k242_s1,0.27919498899146117,584
6,stackexchange_cl,kmeans_k242_s2,0.2798266740875111,584
6,stackexchange_cl,kmeans_k484_s0,0.19404072707433048,584
6,stackexchange_cl,kmeans_k484_s1,0.20970556418671743,584
6,stackexchange_cl,kmeans_k484_s2,0.20660241753603284,584
6,stackexchange_cl,gmm_k30_s0,0.45745371827412834,584
6,stackexchange_cl,gmm_k30_s1,0.4520231736953209,584
6,stackexchange_cl,gmm_k30_s2,0.4442450888600654,584
6,stackexchange_cl,gmm_k60_s0,0.41786379628762976,584
6,stackexchange_cl,gmm_k60_s1,0.41191839690432536,584
6,stackexchange_cl,gmm_k60_s2,0.41617870932790224,584
6,stackexchange_cl,gmm_k121_s0,0.37626135507570563,584
6,stackexchange_cl,gmm_k121_s1,0.3784345942736172,584
6,stackexchange_cl,gmm_k121_s2,0.3881655634113014,584
6,stackexchange_cl,gmm_k242_s0,0.325409442714866,584
6,stackexchange_cl,gmm_k242_s1,0.31663620094249495,584
6,stackexchange_cl,gmm_k242_s2,0.3158594589710145,584
6,stackexchange_cl,gmm_k484_s0,0.26713913190305955,584
6,stackexchange_cl,gmm_k484_s1,0.2590430560828103,584
6,stackexchange_cl,gmm_k484_s2,0.2610697858921295,584
6,stackexchange_cl,spectral_k30_s0,0.37217605765922496,584
6,stackexchange_cl,spectral_k30_s1,0.3631843041928265,584
6,stackexchange_cl,spectral_k30_s2,0.3575145944424789,584
6,stackexchange_cl,spectral_k60_s0,0.3785628200561262,584
6,stackexchange_cl,spectral_k60_s1,0.3766317162267191,584
6,stackexchange_cl,spectral_k60_s2,0.38303893203428846,584
6,stackexchange_cl,spectral_k121_s0,0.31778624725085025,584
6,stackexchange_cl,spectral_k121_s1,0.30975277864283834,584
6,stackexchange_cl,spectral_k121_s2,0.326528039500352,584
6,stackexchange_cl,spectral_k242_s0,0.24678467334205464,584
6,stackexchange_cl,spectral_k242_s1,0.24432400761787748,584
6,stackexchange_cl,spectral_k242_s2,0.24351322100105138,584
6,stackexchange_cl,spectral_k484_s0,0.1762799437763584,584
6,stackexchange_cl,spectral_k484_s1,0.17188874314744024,584
6,stackexchange_cl,spectral_k484_s2,0.15616524115001285,584
6,stackexchange_cl,ward_k30,0.3748765070572594,584
6,stackexchange_cl,ward_k60,0.3652752162907867,584
6,stackexchange_cl,ward_k121,0.33165304205992496,584
6,stackexchange_cl,ward_k242,0.2741935892518244,584
6,stackexchange_cl,ward_k484,0.1932962625886628,584
6,stackexchange_cl,leiden_k30_s0,0.45099757417615005,584
6,stackexchange_cl,leiden_k30_s1,0.4604239543916992,584
6,stackexchange_cl,leiden_k30_s2,0.450715782051195,584
6,stackexchange_cl,leiden_k60_s0,0.4304830387525371,584
6,stackexchange_cl,leiden_k60_s1,0.4328866510799015,584
6,stackexchange_cl,leiden_k60_s2,0.43405487499824613,584
6,stackexchange_cl,leiden_k121_s0,0.3795541072236735,584
6,stackexchange_cl,leiden_k121_s1,0.39535662977167374,584
6,stackexchange_cl,leiden_k121_s2,0.37552394288982954,584
6,stackexchange_cl,leiden_k242_s0,0.3191473719432285,584
6,stackexchange_cl,leiden_k242_s1,0.32756065014450236,584
6,stackexchange_cl,leiden_k242_s2,0.33254684358858294,584
6,stackexchange_cl,leiden_k484_s0,0.24152503043555182,584
6,stackexchange_cl,leiden_k484_s1,0.24861921481278834,584
6,stackexchange_cl,leiden_k484_s2,0.24884489165496632,584
6,stackoverflow20,kmeans_k5_s0,0.5329699634579699,878
6,stackoverflow20,kmeans_k5_s1,0.5035892737152748,878
6,stackoverflow20,kmeans_k5_s2,0.5055740515851149,878
6,stackoverflow20,kmeans_k10_s0,0.6620675846154158,878
6,stackoverflow20,kmeans_k10_s1,0.6663205430878706,878
6,stackoverflow20,kmeans_k10_s2,0.6672864314007168,878
6,stackoverflow20,kmeans_k20_s0,0.7829377620065698,878
6,stackoverflow20,kmeans_k20_s1,0.778635626741002,878
6,stackoverflow20,kmeans_k20_s2,0.7589994741799924,878
6,stackoverflow20,kmeans_k40_s0,0.7411814677494609,878
6,stackoverflow20,kmeans_k40_s1,0.7524952559144862,878
6,stackoverflow20,kmeans_k40_s2,0.7417492737822016,878
6,stackoverflow20,kmeans_k80_s0,0.6613905496876098,878
6,stackoverflow20,kmeans_k80_s1,0.6472659239887054,878
6,stackoverflow20,kmeans_k80_s2,0.6417088054882343,878
6,stackoverflow20,gmm_k5_s0,0.5383466375653094,878
6,stackoverflow20,gmm_k5_s1,0.5451857964242716,878
6,stackoverflow20,gmm_k5_s2,0.5345348558347037,878
6,stackoverflow20,gmm_k10_s0,0.6898249291395021,878
6,stackoverflow20,gmm_k10_s1,0.6876460275516203,878
6,stackoverflow20,gmm_k10_s2,0.6890433353392572,878
6,stackoverflow20,gmm_k20_s0,0.7932152842567328,878
6,stackoverflow20,gmm_k20_s1,0.7948284509692635,878
6,stackoverflow20,gmm_k20_s2,0.7995249038171063,878
6,stackoverflow20,gmm_k40_s0,0.7579238270646255,878
6,stackoverflow20,gmm_k40_s1,0.7573196652884914,878
6,stackoverflow20,gmm_k40_s2,0.7636108246759575,878
6,stackoverflow20,gmm_k80_s0,0.6764376794045174,878
6,stackoverflow20,gmm_k80_s1,0.6827625711915332,878
6,stackoverflow20,gmm_k80_s2,0.6786712971499869,878
6,stackoverflow20,spectral_k5_s0,0.4475939803868998,878
6,stackoverflow20,spectral_k5_s1,0.4475939803868998,878
6,stackoverflow20,spectral_k5_s2,0.47744219506116076,878
6,stackoverflow20,spectral_k10_s0,0.6952919000331369,878
6,stackoverflow20,spectral_k10_s1,0.6952919000331368,878
6,stackoverflow20,spectral_k10_s2,0.6952919000331368,878
6,stackoverflow20,spectral_k20_s0,0.7845258376800307,878
6,stackoverflow20,spectral_k20_s1,0.7854212847351822,878
6,stackoverflow20,spectral_k20_s2,0.7839185903081591,878
6,stackoverflow20,spectral_k40_s0,0.7030443805258795,878
6,stackoverflow20,spectral_k40_s1,0.6951695106273763,878
6,stackoverflow20,spectral_k40_s2,0.7110989697193982,878
6,stackoverflow20,spectral_k80_s0,0.6020714082926871,878
6,stackoverflow20,spectral_k80_s1,0.6124948405737174,878
6,stackoverflow20,spectral_k80_s2,0.6042270803877363,878
6,stackoverflow20,ward_k5,0.4845137837620912,878
6,stackoverflow20,ward_k10,0.6158036029849663,878
6,stackoverflow20,ward_k20,0.7183879357465527,878
6,stackoverflow20,ward_k40,0.6880605649945557,878
6,stackoverflow20,ward_k80,0.6166989080002576,878
6,stackoverflow20,leiden_k5_s0,0.5474146788511238,878
6,stackoverflow20,leiden_k5_s1,0.5482583943810428,878
6,stackoverflow20,leiden_k5_s2,0.5396825479527214,878
6,stackoverflow20,leiden_k10_s0,0.6891866414878076,878
6,stackoverflow20,leiden_k10_s1,0.6949694374137073,878
6,stackoverflow20,leiden_k10_s2,0.70334879944627,878
6,stackoverflow20,leiden_k20_s0,0.8046655038381348,878
6,stackoverflow20,leiden_k20_s1,0.8025180916499527,878
6,stackoverflow20,leiden_k20_s2,0.8005972566077414,878
6,stackoverflow20,leiden_k40_s0,0.7704675310341437,878
6,stackoverflow20,leiden_k40_s1,0.7814127804970958,878
6,stackoverflow20,leiden_k40_s2,0.7775864106956086,878
6,stackoverflow20,leiden_k80_s0,0.6561092889766852,878
6,stackoverflow20,leiden_k80_s1,0.659530728613744,878
6,stackoverflow20,leiden_k80_s2,0.6588840051243573,878
6,tweet89,kmeans_k22_s0,0.700154162986678,599
6,tweet89,kmeans_k22_s1,0.6889985569586243,599
6,tweet89,kmeans_k22_s2,0.7254098928258796,599
6,tweet89,kmeans_k44_s0,0.7196195614946332,599
6,tweet89,kmeans_k44_s1,0.6979839241440862,599
6,tweet89,kmeans_k44_s2,0.7268928104481106,599
6,tweet89,kmeans_k89_s0,0.650538118277116,599
6,tweet89,kmeans_k89_s1,0.6301784790223405,599
6,tweet89,kmeans_k89_s2,0.6305886968404102,599
6,tweet89,kmeans_k178_s0,0.5180889062113133,599
6,tweet89,kmeans_k178_s1,0.5294572468358119,599
6,tweet89,kmeans_k178_s2,0.5322697754946188,599
6,tweet89,kmeans_k356_s0,0.42732939800029346,599
6,tweet89,kmeans_k356_s1,0.42940947364200477,599
6,tweet89,kmeans_k356_s2,0.438879250530902,599
6,tweet89,gmm_k22_s0,0.7429810253504575,599
6,tweet89,gmm_k22_s1,0.7343356862183665,599
6,tweet89,gmm_k22_s2,0.737617819448564,599
6,tweet89,gmm_k44_s0,0.718886206878767,599
6,tweet89,gmm_k44_s1,0.7159047505146504,599
6,tweet89,gmm_k44_s2,0.7363176635530913,599
6,tweet89,gmm_k89_s0,0.6086213909872692,599
6,tweet89,gmm_k89_s1,0.6240090366356296,599
6,tweet89,gmm_k89_s2,0.6207308772895203,599
6,tweet89,gmm_k178_s0,0.5074678464896218,599
6,tweet89,gmm_k178_s1,0.5079666455964799,599
6,tweet89,gmm_k178_s2,0.5071018011203412,599
6,tweet89,gmm_k356_s0,0.409873111884942,599
6,tweet89,gmm_k356_s1,0.40052427039489436,599
6,tweet89,gmm_k356_s2,0.40413304230493113,599
6,tweet89,spectral_k22_s0,0.7199832607157209,599
6,tweet89,spectral_k22_s1,0.7117210309190609,599
6,tweet89,spectral_k22_s2,0.7117210309190609,599
6,tweet89,spectral_k44_s0,0.7188215001064998,599
6,tweet89,spectral_k44_s1,0.7240985428669197,599
6,tweet89,spectral_k44_s2,0.7179577033601281,599
6,tweet89,spectral_k89_s0,0.6105995244990664,599
6,tweet89,spectral_k89_s1,0.6125885489977988,599
6,tweet89,spectral_k89_s2,0.613041494495738,599
6,tweet89,spectral_k178_s0,0.4719607533204783,599
6,tweet89,spectral_k178_s1,0.4815540260519889,599
6,tweet89,spectral_k178_s2,0.47931810067035324,599
6,tweet89,spectral_k356_s0,0.34151225123236567,599
6,tweet89,spectral_k356_s1,0.3297637762264717,599
6,tweet89,spectral_k356_s2,0.34537037899725526,599
6,tweet89,ward_k22,0.7276347445912896,599
6,tweet89,ward_k44,0.7284959955889811,599
6,tweet89,ward_k89,0.6473088282284424,599
6,tweet89,ward_k178,0.5207447291787499,599
6,tweet89,ward_k356,0.40311273555459987,599
6,tweet89,leiden_k22_s0,0.7376773067430207,599
6,tweet89,leiden_k22_s1,0.7392570848072613,599
6,tweet89,leiden_k22_s2,0.736294428094692,599
6,tweet89,leiden_k44_s0,0.7097939420875902,599
6,tweet89,leiden_k44_s1,0.7194597990064758,599
6,tweet89,leiden_k44_s2,0.7118084661496623,599
6,tweet89,leiden_k89_s0,0.5980100141855167,599
6,tweet89,leiden_k89_s1,0.590317923082663,599
6,tweet89,leiden_k89_s2,0.5949905321048774,599
6,tweet89,leiden_k178_s0,0.4916268482028406,599
6,tweet89,leiden_k178_s1,0.494717161034155,599
6,tweet89,leiden_k178_s2,0.49211847882678716,599
6,tweet89,leiden_k356_s0,0.37835049012420446,599
6,tweet89,leiden_k356_s1,0.37734556011328924,599
6,tweet89,leiden_k356_s2,0.37572012893548684,599
7,arxiv_fine,kmeans_k23_s0,0.4394045746613134,297
7,arxiv_fine,kmeans_k23_s1,0.4363483780915437,297
7,arxiv_fine,kmeans_k23_s2,0.46327740652698557,297
7,arxiv_fine,kmeans_k46_s0,0.3668501414269469,297
7,arxiv_fine,kmeans_k46_s1,0.3832309079377775,297
7,arxiv_fine,kmeans_k46_s2,0.38020326215320394,297
7,arxiv_fine,kmeans_k93_s0,0.32708536462329324,297
7,arxiv_fine,kmeans_k93_s1,0.3019739701542682,297
7,arxiv_fine,kmeans_k93_s2,0.30927031014790407,297
7,arxiv_fine,kmeans_k186_s0,0.22933790896493456,297
7,arxiv_fine,kmeans_k186_s1,0.24795842988200267,297
7,arxiv_fine,kmeans_k186_s2,0.2552578617328817,297
7,arxiv_fine,kmeans_k372_s0,0.18330427824779427,297
7,arxiv_fine,kmeans_k372_s1,0.16476397776966528,297
7,arxiv_fine,kmeans_k372_s2,0.1984098484581468,297
7,arxiv_fine,gmm_k23_s0,0.46922408008907235,297
7,arxiv_fine,gmm_k23_s1,0.45919309806921027,297
7,arxiv_fine,gmm_k23_s2,0.4661848932678978,297
7,arxiv_fine,gmm_k46_s0,0.40770976255006774,297
7,arxiv_fine,gmm_k46_s1,0.4311933612465123,297
7,arxiv_fine,gmm_k46_s2,0.4082192210062626,297
7,arxiv_fine,gmm_k93_s0,0.3203947218803534,297
7,arxiv_fine,gmm_k93_s1,0.34292446342716437,297
7,arxiv_fine,gmm_k93_s2,0.3442526664729706,297
7,arxiv_fine,gmm_k186_s0,0.2505201986703012,297
7,arxiv_fine,gmm_k186_s1,0.25209421489990497,297
7,arxiv_fine,gmm_k186_s2,0.24380063880838376,297
7,arxiv_fine,gmm_k372_s0,0.16839930483941357,297
7,arxiv_fine,gmm_k372_s1,0.17150161021440144,297
7,arxiv_fine,gmm_k372_s2,0.16598333415824768,297
7,arxiv_fine,spectral_k23_s0,0.4663639849755101,297
7,arxiv_fine,spectral_k23_s1,0.46956911167820004,297
7,arxiv_fine,spectral_k23_s2,0.4717134495394736,297
7,arxiv_fine,spectral_k46_s0,0.3692763482615909,297
7,arxiv_fine,spectral_k46_s1,0.389791209417437,297
7,arxiv_fine,spectral_k46_s2,0.38771334045749045,297
7,arxiv_fine,spectral_k93_s0,0.310619851776019,297
7,arxiv_fine,spectral_k93_s1,0.3096111377829303,297
7,arxiv_fine,spectral_k93_s2,0.29590957094799086,297
7,arxiv_fine,spectral_k186_s0,0.20031628786458125,297
7,arxiv_fine,spectral_k186_s1,0.2175397123897511,297
7,arxiv_fine,spectral_k186_s2,0.21152704747007242,297
7,arxiv_fine,spectral_k372_s0,0.14270570781900538,297
7,arxiv_fine,spectral_k372_s1,0.1464969041142009,297
7,arxiv_fine,spectral_k372_s2,0.1414608527450057,297
7,arxiv_fine,ward_k23,0.4477334421843595,297
7,arxiv_fine,ward_k46,0.3722772120153315,297
7,arxiv_fine,ward_k93,0.29019437178093677,297
7,arxiv_fine,ward_k186,0.2067952431020021,297
7,arxiv_fine,ward_k372,0.15399205199211594,297
7,arxiv_fine,leiden_k23_s0,0.468044427302141,297
7,arxiv_fine,leiden_k23_s1,0.48944714060922584,297
7,arxiv_fine,leiden_k23_s2,0.4777170723082341,297
7,arxiv_fine,leiden_k46_s0,0.36473320770246276,297
7,arxiv_fine,leiden_k46_s1,0.3674896147376238,297
7,arxiv_fine,leiden_k46_s2,0.35807684112972393,297
7,arxiv_fine,leiden_k93_s0,0.3148908224385473,297
7,arxiv_fine,leiden_k93_s1,0.31335107802395873,297
7,arxiv_fine,leiden_k93_s2,0.32058440986289943,297
7,arxiv_fine,leiden_k186_s0,0.22935156206829532,297
7,arxiv_fine,leiden_k186_s1,0.23661645183056468,297
7,arxiv_fine,leiden_k186_s2,0.2434302888614975,297
7,arxiv_fine,leiden_k372_s0,0.1521390018508015,297
7,arxiv_fine,leiden_k372_s1,0.16062912856285017,297
7,arxiv_fine,leiden_k372_s2,0.15040142680319393,297
7,banking77,kmeans_k19_s0,0.4643501241959765,873
7,banking77,kmeans_k19_s1,0.4519765474332586,873
7,banking77,kmeans_k19_s2,0.4753116638583532,873
7,banking77,kmeans_k38_s0,0.48512816783089185,873
7,banking77,kmeans_k38_s1,0.5054360116925056,873
7,banking77,kmeans_k38_s2,0.4865076926427235,873
7,banking77,kmeans_k77_s0,0.48407744181355766,873
7,banking77,kmeans_k77_s1,0.4733015749852022,873
7,banking77,kmeans_k77_s2,0.4794902009654293,873
7,banking77,kmeans_k154_s0,0.4159633588710158,873
7,banking77,kmeans_k154_s1,0.4031407083213083,873
7,banking77,kmeans_k154_s2,0.42150575405669866,873
7,banking77,kmeans_k308_s0,0.3362176248486695,873
7,banking77,kmeans_k308_s1,0.32601921972627745,873
7,banking77,kmeans_k308_s2,0.32437416934162255,873
7,banking77,gmm_k19_s0,0.5056336572088975,873
7,banking77,gmm_k19_s1,0.5115124297097208,873
7,banking77,gmm_k19_s2,0.4973288285960361,873
7,banking77,gmm_k38_s0,0.543402844820415,873
7,banking77,gmm_k38_s1,0.5456010828168621,873
7,banking77,gmm_k38_s2,0.5404743562030911,873
7,banking77,gmm_k77_s0,0.5175327757964064,873
7,banking77,gmm_k77_s1,0.5125888041816471,873
7,banking77,gmm_k77_s2,0.5157313177638791,873
7,banking77,gmm_k154_s0,0.4359125479940429,873
7,banking77,gmm_k154_s1,0.43961901375076334,873
7,banking77,gmm_k154_s2,0.44109917003932203,873
7,banking77,gmm_k308_s0,0.35968014290896105,873
7,banking77,gmm_k308_s1,0.36509724185200587,873
7,banking77,gmm_k308_s2,0.3603876018427583,873
7,banking77,spectral_k19_s0,0.4953432539030058,873
7,banking77,spectral_k19_s1,0.493648397296334,873
7,banking77,spectral_k19_s2,0.4967796995165386,873
7,banking77,spectral_k38_s0,0.5210420320666829,873
7,banking77,spectral_k38_s1,0.5205094712918695,873
7,banking77,spectral_k38_s2,0.523148851886801,873
7,banking77,spectral_k77_s0,0.479389476914903,873
7,banking77,spectral_k77_s1,0.4855282152082866,873
7,banking77,spectral_k77_s2,0.4908551775226273,873
7,banking77,spectral_k154_s0,0.4156253385437033,873
7,banking77,spectral_k154_s1,0.3968143502291196,873
7,banking77,spectral_k154_s2,0.4026758577708906,873
7,banking77,spectral_k308_s0,0.3059482911188195,873
7,banking77,spectral_k308_s1,0.31154879494982995,873
7,banking77,spectral_k308_s2,0.31632726309179277,873
7,banking77,ward_k19,0.49544529059351666,873
7,banking77,ward_k38,0.525996471204533,873
7,banking77,ward_k77,0.48149484268222587,873
7,banking77,ward_k154,0.41709826024903074,873
7,banking77,ward_k308,0.3212400013512783,873
7,banking77,leiden_k19_s0,0.4901607610306667,873
7,banking77,leiden_k19_s1,0.4917448007484199,873
7,banking77,leiden_k19_s2,0.5017905642971962,873
7,banking77,leiden_k38_s0,0.5461242909710028,873
7,banking77,leiden_k38_s1,0.5348626405536199,873
7,banking77,leiden_k38_s2,0.5418762019749876,873
7,banking77,leiden_k77_s0,0.5015089475822938,873
7,banking77,leiden_k77_s1,0.5018873496492895,873
7,banking77,leiden_k77_s2,0.5042914933828658,873
7,banking77,leiden_k154_s0,0.4418375944479912,873
7,banking77,leiden_k154_s1,0.4347023373127302,873
7,banking77,leiden_k154_s2,0.4403276499650178,873
7,banking77,leiden_k308_s0,0.35512907462290216,873
7,banking77,leiden_k308_s1,0.3557922480558462,873
7,banking77,leiden_k308_s2,0.3585840066895758,873
7,bbcnews,kmeans_k2_s0,0.2486081176379969,800
7,bbcnews,kmeans_k2_s1,0.4243397619786983,800
7,bbcnews,kmeans_k2_s2,0.4243397619786983,800
7,bbcnews,kmeans_k5_s0,0.696937050360523,800
7,bbcnews,kmeans_k5_s1,0.696937050360523,800
7,bbcnews,kmeans_k5_s2,0.6975609079688632,800
7,bbcnews,kmeans_k10_s0,0.6201014679041349,800
7,bbcnews,kmeans_k10_s1,0.6085810931327995,800
7,bbcnews,kmeans_k10_s2,0.6342213393083532,800
7,bbcnews,kmeans_k20_s0,0.5363548360419678,800
7,bbcnews,kmeans_k20_s1,0.5607179394133978,800
7,bbcnews,kmeans_k20_s2,0.5486978112010904,800
7,bbcnews,gmm_k2_s0,0.37784997718982277,800
7,bbcnews,gmm_k2_s1,0.37784997718982277,800
7,bbcnews,gmm_k2_s2,0.37784997718982277,800
7,bbcnews,gmm_k5_s0,0.5904296634899454,800
7,bbcnews,gmm_k5_s1,0.6108194834223397,800
7,bbcnews,gmm_k5_s2,0.5904296634899452,800
7,bbcnews,gmm_k10_s0,0.5982734016192118,800
7,bbcnews,gmm_k10_s1,0.5901831508865775,800
7,bbcnews,gmm_k10_s2,0.6001363165940861,800
7,bbcnews,gmm_k20_s0,0.5529013951660184,800
7,bbcnews,gmm_k20_s1,0.5464487373902392,800
7,bbcnews,gmm_k20_s2,0.5526364810182816,800
7,bbcnews,spectral_k2_s0,0.3807825700851536,800
7,bbcnews,spectral_k2_s1,0.3807825700851536,800
7,bbcnews,spectral_k2_s2,0.3807825700851536,800
7,bbcnews,spectral_k5_s0,0.5312273780701422,800
7,bbcnews,spectral_k5_s1,0.5312273780701422,800
7,bbcnews,spectral_k5_s2,0.5312273780701421,800
7,bbcnews,spectral_k10_s0,0.6100044205203786,800
7,bbcnews,spectral_k10_s1,0.6100044205203786,800
7,bbcnews,spectral_k10_s2,0.6100044205203786,800
7,bbcnews,spectral_k20_s0,0.5609561079685376,800
7,bbcnews,spectral_k20_s1,0.5598370519195331,800
7,bbcnews,spectral_k20_s2,0.5606314196014683,800
7,bbcnews,ward_k2,0.3860636064745516,800
7,bbcnews,ward_k5,0.6383953827566851,800
7,bbcnews,ward_k10,0.5470359300698712,800
7,bbcnews,ward_k20,0.5249912093183132,800
7,bbcnews,leiden_k2_s0,0.3807825700851536,800
7,bbcnews,leiden_k2_s1,0.3807825700851536,800
7,bbcnews,leiden_k2_s2,0.3807825700851536,800
7,bbcnews,leiden_k5_s0,0.5862660668759059,800
7,bbcnews,leiden_k5_s1,0.6106234954806897,800
7,bbcnews,leiden_k5_s2,0.6106234954806897,800
7,bbcnews,leiden_k10_s0,0.5713923502761481,800
7,bbcnews,leiden_k10_s1,0.5713011746270323,800
7,bbcnews,leiden_k10_s2,0.5878907834288941,800
7,bbcnews,leiden_k20_s0,0.5528477891219603,800
7,bbcnews,leiden_k20_s1,0.5537899160697387,800
7,bbcnews,leiden_k20_s2,0.5462999250978736,800
7,clinc150,kmeans_k38_s0,0.4605158042170637,613
7,clinc150,kmeans_k38_s1,0.5056558567533709,613
7,clinc150,kmeans_k38_s2,0.5061167166204641,613
7,clinc150,kmeans_k76_s0,0.46824319397173914,613
7,clinc150,kmeans_k76_s1,0.4508214586157093,613
7,clinc150,kmeans_k76_s2,0.47205011700075644,613
7,clinc150,kmeans_k151_s0,0.38865945124727513,613
7,clinc150,kmeans_k151_s1,0.39489424587511845,613
7,clinc150,kmeans_k151_s2,0.38972937592525564,613
7,clinc150,kmeans_k302_s0,0.30658194868393607,613
7,clinc150,kmeans_k302_s1,0.3118318269014927,613
7,clinc150,kmeans_k302_s2,0.3084798325126975,613
7,clinc150,kmeans_k604_s0,0.23810034604925057,613
7,clinc150,kmeans_k604_s1,0.220189620823371,613
7,clinc150,kmeans_k604_s2,0.230589010911002,613
7,clinc150,gmm_k38_s0,0.46768883819587587,613
7,clinc150,gmm_k38_s1,0.49084004667484027,613
7,clinc150,gmm_k38_s2,0.4908989373039077,613
7,clinc150,gmm_k76_s0,0.44936557368600105,613
7,clinc150,gmm_k76_s1,0.4552220631198856,613
7,clinc150,gmm_k76_s2,0.45705409164365624,613
7,clinc150,gmm_k151_s0,0.3919472420256758,613
7,clinc150,gmm_k151_s1,0.3954930826563146,613
7,clinc150,gmm_k151_s2,0.391724262632746,613
7,clinc150,gmm_k302_s0,0.3419705473217182,613
7,clinc150,gmm_k302_s1,0.33202393853791384,613
7,clinc150,gmm_k302_s2,0.3409327020827478,613
7,clinc150,gmm_k604_s0,0.2827328199083803,613
7,clinc150,gmm_k604_s1,0.2883215465131119,613
7,clinc150,gmm_k604_s2,0.2813939567707293,613
7,clinc150,spectral_k38_s0,0.49408925093788236,613
7,clinc150,spectral_k38_s1,0.46559202992833465,613
7,clinc150,spectral_k38_s2,0.39906686461816426,613
7,clinc150,spectral_k76_s0,0.37342168971771833,613
7,clinc150,spectral_k76_s1,0.3747823710497493,613
7,clinc150,spectral_k76_s2,0.36907271086195836,613
7,clinc150,spectral_k151_s0,0.3489530154085375,613
7,clinc150,spectral_k151_s1,0.35410242367190464,613
7,clinc150,spectral_k151_s2,0.3584915994425164,613
7,clinc150,spectral_k302_s0,0.2884138521764417,613
7,clinc150,spectral_k302_s1,0.28984282696646596,613
7,clinc150,spectral_k302_s2,0.28727467860869244,613
7,clinc150,spectral_k604_s0,0.20830960968021112,613
7,clinc150,spectral_k604_s1,0.21275710647667279,613
7,clinc150,spectral_k604_s2,0.20897683004554793,613
7,clinc150,ward_k38,0.5112599550406143,613
7,clinc150,ward_k76,0.4771307652473572,613
7,clinc150,ward_k151,0.3930657750255235,613
7,clinc150,ward_k302,0.3222289646413865,613
7,clinc150,ward_k604,0.24778338425480986,613
7,clinc150,leiden_k38_s0,0.4791800251232244,613
7,clinc150,leiden_k38_s1,0.4667095945231363,613
7,clinc150,leiden_k38_s2,0.4799577535342282,613
7,clinc150,leiden_k76_s0,0.4504453930288158,613
7,clinc150,leiden_k76_s1,0.4429701616472231,613
7,clinc150,leiden_k76_s2,0.44182303100142023,613
7,clinc150,leiden_k151_s0,0.3890946021505502,613
7,clinc150,leiden_k151_s1,0.3839515760104837,613
7,clinc150,leiden_k151_s2,0.38493121649939144,613
7,clinc150,leiden_k302_s0,0.33836146982218557,613
7,clinc150,leiden_k302_s1,0.3321397379770443,613
7,clinc150,leiden_k302_s2,0.341386818036339,613
7,clinc150,leiden_k604_s0,0.25345608934033775,613
7,clinc150,leiden_k604_s1,0.26018148349871156,613
7,clinc150,leiden_k604_s2,0.2529154261055663,613
7,clinc150_domain,kmeans_k2_s0,0.27310675237072524,711
7,clinc150_domain,kmeans_k2_s1,0.406725499016505,711
7,clinc150_domain,kmeans_k2_s2,0.406725499016505,711
7,clinc150_domain,kmeans_k5_s0,0.6120583421639565,711
7,clinc150_domain,kmeans_k5_s1,0.6150020777233138,711
7,clinc150_domain,kmeans_k5_s2,0.5616121472103051,711
7,clinc150_domain,kmeans_k10_s0,0.607193968519457,711
7,clinc150_domain,kmeans_k10_s1,0.5814626828678406,711
7,clinc150_domain,kmeans_k10_s2,0.576017237121889,711
7,clinc150_domain,kmeans_k20_s0,0.6092396566487289,711
7,clinc150_domain,kmeans_k20_s1,0.6136075163588842,711
7,clinc150_domain,kmeans_k20_s2,0.6030712835247725,711
7,clinc150_domain,kmeans_k40_s0,0.5646879321815464,711
7,clinc150_domain,kmeans_k40_s1,0.5704532095627993,711
7,clinc150_domain,kmeans_k40_s2,0.5387827885305672,711
7,clinc150_domain,gmm_k2_s0,0.3600858211829716,711
7,clinc150_domain,gmm_k2_s1,0.19560883447526192,711
7,clinc150_domain,gmm_k2_s2,0.2313335488236221,711
7,clinc150_domain,gmm_k5_s0,0.5182695463996421,711
7,clinc150_domain,gmm_k5_s1,0.43737165093889663,711
7,clinc150_domain,gmm_k5_s2,0.41847654992879374,711
7,clinc150_domain,gmm_k10_s0,0.544071251334102,711
7,clinc150_domain,gmm_k10_s1,0.5285490990981171,711
7,clinc150_domain,gmm_k10_s2,0.5257138283504971,711
7,clinc150_domain,gmm_k20_s0,0.5597123651767978,711
7,clinc150_domain,gmm_k20_s1,0.5473463646954358,711
7,clinc150_domain,gmm_k20_s2,0.577914689846405,711
7,clinc150_domain,gmm_k40_s0,0.5572117149565963,711
7,clinc150_domain,gmm_k40_s1,0.5313665054364209,711
7,clinc150_domain,gmm_k40_s2,0.5527739432422923,711
7,clinc150_domain,spectral_k2_s0,0.0008500694659307873,711
7,clinc150_domain,spectral_k2_s1,0.0008500694659307873,711
7,clinc150_domain,spectral_k2_s2,0.0008500694659307873,711
7,clinc150_domain,spectral_k5_s0,0.028632020902816756,711
7,clinc150_domain,spectral_k5_s1,0.028632020902816756,711
7,clinc150_domain,spectral_k5_s2,0.028632020902816756,711
7,clinc150_domain,spectral_k10_s0,0.4476200070880337,711
7,clinc150_domain,spectral_k10_s1,0.44762000708803357,711
7,clinc150_domain,spectral_k10_s2,0.4476200070880335,711
7,clinc150_domain,spectral_k20_s0,0.5377483904860464,711
7,clinc150_domain,spectral_k20_s1,0.5377483904860464,711
7,clinc150_domain,spectral_k20_s2,0.5377483904860464,711
7,clinc150_domain,spectral_k40_s0,0.5498385044578036,711
7,clinc150_domain,spectral_k40_s1,0.5572103987003344,711
7,clinc150_domain,spectral_k40_s2,0.5515090784807192,711
7,clinc150_domain,ward_k2,0.39043064973079566,711
7,clinc150_domain,ward_k5,0.6046987169391091,711
7,clinc150_domain,ward_k10,0.6648996364947313,711
7,clinc150_domain,ward_k20,0.5979406465764064,711
7,clinc150_domain,ward_k40,0.5849369252490844,711
7,clinc150_domain,leiden_k2_s0,0.0008500694659307873,711
7,clinc150_domain,leiden_k2_s1,0.0008500694659307873,711
7,clinc150_domain,leiden_k2_s2,0.13688871549692105,711
7,clinc150_domain,leiden_k5_s0,0.40782385240916696,711
7,clinc150_domain,leiden_k5_s1,0.43013371825654073,711
7,clinc150_domain,leiden_k5_s2,0.42930239219545413,711
7,clinc150_domain,leiden_k10_s0,0.5698929058484596,711
7,clinc150_domain,leiden_k10_s1,0.5896626840403557,711
7,clinc150_domain,leiden_k10_s2,0.5377008637882262,711
7,clinc150_domain,leiden_k20_s0,0.5729477431265719,711
7,clinc150_domain,leiden_k20_s1,0.5622310380696058,711
7,clinc150_domain,leiden_k20_s2,0.5631073890773594,711
7,clinc150_domain,leiden_k40_s0,0.557091164749043,711
7,clinc150_domain,leiden_k40_s1,0.559667481866775,711
7,clinc150_domain,leiden_k40_s2,0.5712091855660828,711
7,dbpedia,kmeans_k4_s0,0.5613657764666848,772
7,dbpedia,kmeans_k4_s1,0.48020168793450607,772
7,dbpedia,kmeans_k4_s2,0.5599471471645571,772
7,dbpedia,kmeans_k7_s0,0.6469516146417437,772
7,dbpedia,kmeans_k7_s1,0.648303396690937,772
7,dbpedia,kmeans_k7_s2,0.6783702505563816,772
7,dbpedia,kmeans_k14_s0,0.6479057962640764,772
7,dbpedia,kmeans_k14_s1,0.6826550725852131,772
7,dbpedia,kmeans_k14_s2,0.7393885370767358,772
7,dbpedia,kmeans_k28_s0,0.6576244613134157,772
7,dbpedia,kmeans_k28_s1,0.7083681209344634,772
7,dbpedia,kmeans_k28_s2,0.6427822249627482,772
7,dbpedia,kmeans_k56_s0,0.6074718308767113,772
7,dbpedia,kmeans_k56_s1,0.6212442333292343,772
7,dbpedia,kmeans_k56_s2,0.5937534480585734,772
7,dbpedia,gmm_k4_s0,0.48139952884948384,772
7,dbpedia,gmm_k4_s1,0.5776851090140807,772
7,dbpedia,gmm_k4_s2,0.4813995288494837,772
7,dbpedia,gmm_k7_s0,0.6558908395430401,772
7,dbpedia,gmm_k7_s1,0.6719117197553579,772
7,dbpedia,gmm_k7_s2,0.6508818386325063,772
7,dbpedia,gmm_k14_s0,0.7357974043231179,772
7,dbpedia,gmm_k14_s1,0.7305791145756484,772
7,dbpedia,gmm_k14_s2,0.7161943621461422,772
7,dbpedia,gmm_k28_s0,0.6902198562844947,772
7,dbpedia,gmm_k28_s1,0.6972047481851512,772
7,dbpedia,gmm_k28_s2,0.6934792402222961,772
7,dbpedia,gmm_k56_s0,0.6250588998716593,772
7,dbpedia,gmm_k56_s1,0.6262671685356176,772
7,dbpedia,gmm_k56_s2,0.6172419339256222,772
7,dbpedia,spectral_k4_s0,0.4674046043054724,772
7,dbpedia,spectral_k4_s1,0.4674046043054725,772
7,dbpedia,spectral_k4_s2,0.4674046043054725,772
7,dbpedia,spectral_k7_s0,0.6138639981093861,772
7,dbpedia,spectral_k7_s1,0.6138639981093861,772
7,dbpedia,spectral_k7_s2,0.6138639981093861,772
7,dbpedia,spectral_k14_s0,0.6057007529911543,772
7,dbpedia,spectral_k14_s1,0.6678747072954431,772
7,dbpedia,spectral_k14_s2,0.6303008450032604,772
7,dbpedia,spectral_k28_s0,0.6781833804908818,772
7,dbpedia,spectral_k28_s1,0.6727078187907956,772
7,dbpedia,spectral_k28_s2,0.6781842558750069,772
7,dbpedia,spectral_k56_s0,0.6032453995576594,772
7,dbpedia,spectral_k56_s1,0.605641712846035,772
7,dbpedia,spectral_k56_s2,0.6066136764557775,772
7,dbpedia,ward_k4,0.518145616104144,772
7,dbpedia,ward_k7,0.614509205140961,772
7,dbpedia,ward_k14,0.6686557663987543,772
7,dbpedia,ward_k28,0.6580489443269395,772
7,dbpedia,ward_k56,0.5910984816211834,772
7,dbpedia,leiden_k4_s0,0.4804216979928391,772
7,dbpedia,leiden_k4_s1,0.4808294899023225,772
7,dbpedia,leiden_k4_s2,0.4804216979928391,772
7,dbpedia,leiden_k7_s0,0.6487398379379321,772
7,dbpedia,leiden_k7_s1,0.6539404446837342,772
7,dbpedia,leiden_k7_s2,0.6566553744147822,772
7,dbpedia,leiden_k14_s0,0.7450305156561876,772
7,dbpedia,leiden_k14_s1,0.7446097250412643,772
7,dbpedia,leiden_k14_s2,0.743135362906779,772
7,dbpedia,leiden_k28_s0,0.6930543730536254,772
7,dbpedia,leiden_k28_s1,0.7040841963492845,772
7,dbpedia,leiden_k28_s2,0.6926230033081124,772
7,dbpedia,leiden_k56_s0,0.6157824193820725,772
7,dbpedia,leiden_k56_s1,0.6176630192486271,772
7,dbpedia,leiden_k56_s2,0.6173758794516148,772
7,fewevent,kmeans_k8_s0,0.7310223445402523,596
7,fewevent,kmeans_k8_s1,0.7736226367619129,596
7,fewevent,kmeans_k8_s2,0.772797413467962,596
7,fewevent,kmeans_k17_s0,0.7411643201465723,596
7,fewevent,kmeans_k17_s1,0.7216143083516223,596
7,fewevent,kmeans_k17_s2,0.7165746235947991,596
7,fewevent,kmeans_k34_s0,0.664181839574735,596
7,fewevent,kmeans_k34_s1,0.6768443358650842,596
7,fewevent,kmeans_k34_s2,0.670265493571983,596
7,fewevent,kmeans_k68_s0,0.5740543652532923,596
7,fewevent,kmeans_k68_s1,0.5853072073448158,596
7,fewevent,kmeans_k68_s2,0.5900708236902604,596
7,fewevent,kmeans_k136_s0,0.5229188355392941,596
7,fewevent,kmeans_k136_s1,0.5061218844421266,596
7,fewevent,kmeans_k136_s2,0.5198595412628569,596
7,fewevent,gmm_k8_s0,0.7678119755025913,596
7,fewevent,gmm_k8_s1,0.8050425426830077,596
7,fewevent,gmm_k8_s2,0.7678119755025912,596
7,fewevent,gmm_k17_s0,0.7761548541133647,596
7,fewevent,gmm_k17_s1,0.7835243405692311,596
7,fewevent,gmm_k17_s2,0.7780274781311772,596
7,fewevent,gmm_k34_s0,0.6622030895308368,596
7,fewevent,gmm_k34_s1,0.6890018853795968,596
7,fewevent,gmm_k34_s2,0.6953684626205625,596
7,fewevent,gmm_k68_s0,0.5995684971415168,596
7,fewevent,gmm_k68_s1,0.5978314746258194,596
7,fewevent,gmm_k68_s2,0.5993047692812502,596
7,fewevent,gmm_k136_s0,0.5190503955454832,596
7,fewevent,gmm_k136_s1,0.5150149604724328,596
7,fewevent,gmm_k136_s2,0.5068489434986958,596
7,fewevent,spectral_k8_s0,0.7424402744699367,596
7,fewevent,spectral_k8_s1,0.7424402744699367,596
7,fewevent,spectral_k8_s2,0.7424402744699365,596
7,fewevent,spectral_k17_s0,0.8007181840803835,596
7,fewevent,spectral_k17_s1,0.8007181840803839,596
7,fewevent,spectral_k17_s2,0.8007181840803836,596
7,fewevent,spectral_k34_s0,0.7140247129223519,596
7,fewevent,spectral_k34_s1,0.7041498368787718,596
7,fewevent,spectral_k34_s2,0.7041498368787716,596
7,fewevent,spectral_k68_s0,0.5781180227519401,596
7,fewevent,spectral_k68_s1,0.5798757774599383,596
7,fewevent,spectral_k68_s2,0.5848507748210426,596
7,fewevent,spectral_k136_s0,0.48793680251506566,596
7,fewevent,spectral_k136_s1,0.48182556265964693,596
7,fewevent,spectral_k136_s2,0.4958053887635526,596
7,fewevent,ward_k8,0.6819026573128601,596
7,fewevent,ward_k17,0.7099881871591057,596
7,fewevent,ward_k34,0.6484656051405603,596
7,fewevent,ward_k68,0.5852049716462054,596
7,fewevent,ward_k136,0.5105909981227846,596
7,fewevent,leiden_k8_s0,0.7821174245751699,596
7,fewevent,leiden_k8_s1,0.7821174245751699,596
7,fewevent,leiden_k8_s2,0.7791455823917737,596
7,fewevent,leiden_k17_s0,0.8046866899335844,596
7,fewevent,leiden_k17_s1,0.7847085558810006,596
7,fewevent,leiden_k17_s2,0.7902202885326569,596
7,fewevent,leiden_k34_s0,0.6955872722437992,596
7,fewevent,leiden_k34_s1,0.6963597521092508,596
7,fewevent,leiden_k34_s2,0.6999493467837871,596
7,fewevent,leiden_k68_s0,0.5944148590300373,596
7,fewevent,leiden_k68_s1,0.6046157991926994,596
7,fewevent,leiden_k68_s2,0.5867563377344954,596
7,fewevent,leiden_k136_s0,0.5043150463927395,596
7,fewevent,leiden_k136_s1,0.505438413380757,596
7,fewevent,leiden_k136_s2,0.5028744744765159,596
7,fewnerd,kmeans_k14_s0,0.22530530765072063,608
7,fewnerd,kmeans_k14_s1,0.21487185837623718,608
7,fewnerd,kmeans_k14_s2,0.2452202490532093,608
7,fewnerd,kmeans_k29_s0,0.2503319188855567,608
7,fewnerd,kmeans_k29_s1,0.231456546334261,608
7,fewnerd,kmeans_k29_s2,0.2176704088702266,608
7,fewnerd,kmeans_k58_s0,0.18651896851096175,608
7,fewnerd,kmeans_k58_s1,0.193210083977354,608
7,fewnerd,kmeans_k58_s2,0.19247120174315596,608
7,fewnerd,kmeans_k116_s0,0.17537194660605007,608
7,fewnerd,kmeans_k116_s1,0.16244256758106265,608
7,fewnerd,kmeans_k116_s2,0.1681651029104659,608
7,fewnerd,kmeans_k232_s0,0.1273030020745937,608
7,fewnerd,kmeans_k232_s1,0.12404723748440415,608
7,fewnerd,kmeans_k232_s2,0.1333855637619293,608
7,fewnerd,gmm_k14_s0,0.23801945623322454,608
7,fewnerd,gmm_k14_s1,0.21347731453294985,608
7,fewnerd,gmm_k14_s2,0.2270947840784755,608
7,fewnerd,gmm_k29_s0,0.21207559279547314,608
7,fewnerd,gmm_k29_s1,0.21436417317945,608
7,fewnerd,gmm_k29_s2,0.2171843290092887,608
7,fewnerd,gmm_k58_s0,0.20576919140774302,608
7,fewnerd,gmm_k58_s1,0.19523072186826385,608
7,fewnerd,gmm_k58_s2,0.19666786052773266,608
7,fewnerd,gmm_k116_s0,0.1679338169840147,608
7,fewnerd,gmm_k116_s1,0.16160954217580664,608
7,fewnerd,gmm_k116_s2,0.16194618029898672,608
7,fewnerd,gmm_k232_s0,0.13266054349099463,608
7,fewnerd,gmm_k232_s1,0.12690516652550385,608
7,fewnerd,gmm_k232_s2,0.1440209917704258,608
7,fewnerd,spectral_k14_s0,0.2469600931255827,608
7,fewnerd,spectral_k14_s1,0.21163808640478704,608
7,fewnerd,spectral_k14_s2,0.21163808640478712,608
7,fewnerd,spectral_k29_s0,0.21343203743255754,608
7,fewnerd,spectral_k29_s1,0.21666996760536117,608
7,fewnerd,spectral_k29_s2,0.21876030086921844,608
7,fewnerd,spectral_k58_s0,0.17852623148210658,608
7,fewnerd,spectral_k58_s1,0.18956388921387152,608
7,fewnerd,spectral_k58_s2,0.17721155160314545,608
7,fewnerd,spectral_k116_s0,0.13774396912914882,608
7,fewnerd,spectral_k116_s1,0.15088740631077646,608
7,fewnerd,spectral_k116_s2,0.1407604882382975,608
7,fewnerd,spectral_k232_s0,0.09988120136787772,608
7,fewnerd,spectral_k232_s1,0.1094795443118629,608
7,fewnerd,spectral_k232_s2,0.101815820922522,608
7,fewnerd,ward_k14,0.18355610358434174,608
7,fewnerd,ward_k29,0.20354065101785415,608
7,fewnerd,ward_k58,0.17705068215537828,608
7,fewnerd,ward_k116,0.1547594255883119,608
7,fewnerd,ward_k232,0.1338337851204195,608
7,fewnerd,leiden_k14_s0,0.23796266548223563,608
7,fewnerd,leiden_k14_s1,0.2297908323054572,608
7,fewnerd,leiden_k14_s2,0.24093447755515446,608
7,fewnerd,leiden_k29_s0,0.22039638735590042,608
7,fewnerd,leiden_k29_s1,0.21249034194837868,608
7,fewnerd,leiden_k29_s2,0.22243923391923723,608
7,fewnerd,leiden_k58_s0,0.19839301765065992,608
7,fewnerd,leiden_k58_s1,0.2033967187287171,608
7,fewnerd,leiden_k58_s2,0.19566452249560956,608
7,fewnerd,leiden_k116_s0,0.1725953212998938,608
7,fewnerd,leiden_k116_s1,0.17413408156926072,608
7,fewnerd,leiden_k116_s2,0.17525072450784784,608
7,fewnerd,leiden_k232_s0,0.12652177104199278,608
7,fewnerd,leiden_k232_s1,0.12965746553852722,608
7,fewnerd,leiden_k232_s2,0.13188071825878647,608
7,fewrel,kmeans_k16_s0,0.331168372380918,927
7,fewrel,kmeans_k16_s1,0.33114470339036317,927
7,fewrel,kmeans_k16_s2,0.3489743766051988,927
7,fewrel,kmeans_k32_s0,0.3417117441504627,927
7,fewrel,kmeans_k32_s1,0.3398717875797474,927
7,fewrel,kmeans_k32_s2,0.33395418957170414,927
7,fewrel,kmeans_k64_s0,0.2955460584907337,927
7,fewrel,kmeans_k64_s1,0.3039596165755001,927
7,fewrel,kmeans_k64_s2,0.2988351863493584,927
7,fewrel,kmeans_k128_s0,0.25154205524674866,927
7,fewrel,kmeans_k128_s1,0.2505861078172648,927
7,fewrel,kmeans_k128_s2,0.24488461971405098,927
7,fewrel,kmeans_k256_s0,0.1965090302640601,927
7,fewrel,kmeans_k256_s1,0.199065763288991,927
7,fewrel,kmeans_k256_s2,0.19718024983929264,927
7,fewrel,gmm_k16_s0,0.3277752723773936,927
7,fewrel,gmm_k16_s1,0.327440716793126,927
7,fewrel,gmm_k16_s2,0.32614470574242876,927
7,fewrel,gmm_k32_s0,0.33367139781384153,927
7,fewrel,gmm_k32_s1,0.33117087770973735,927
7,fewrel,gmm_k32_s2,0.33200977469719284,927
7,fewrel,gmm_k64_s0,0.3189479610668428,927
7,fewrel,gmm_k64_s1,0.3179305383463535,927
7,fewrel,gmm_k64_s2,0.31301571362775843,927
7,fewrel,gmm_k128_s0,0.28283664443874706,927
7,fewrel,gmm_k128_s1,0.2826543045037995,927
7,fewrel,gmm_k128_s2,0.2740185857086632,927
7,fewrel,gmm_k256_s0,0.2253511956117175,927
7,fewrel,gmm_k256_s1,0.22054710105340952,927
7,fewrel,gmm_k256_s2,0.23003008738297856,927
7,fewrel,spectral_k16_s0,0.29443204082218494,927
7,fewrel,spectral_k16_s1,0.29383140956749626,927
7,fewrel,spectral_k16_s2,0.295321781621917,927
7,fewrel,spectral_k32_s0,0.3110838424515317,927
7,fewrel,spectral_k32_s1,0.30887599042111563,927
7,fewrel,spectral_k32_s2,0.3165826108601488,927
7,fewrel,spectral_k64_s0,0.27945593899064775,927
7,fewrel,spectral_k64_s1,0.2706694919755599,927
7,fewrel,spectral_k64_s2,0.27225943202214253,927
7,fewrel,spectral_k128_s0,0.2297746343256085,927
7,fewrel,spectral_k128_s1,0.2392356578673942,927
7,fewrel,spectral_k128_s2,0.23004123603858925,927
7,fewrel,spectral_k256_s0,0.17771484600550155,927
7,fewrel,spectral_k256_s1,0.1809756989621674,927
7,fewrel,spectral_k256_s2,0.17337310033619166,927
7,fewrel,ward_k16,0.31333990284240754,927
7,fewrel,ward_k32,0.30783614699020184,927
7,fewrel,ward_k64,0.2860215874487008,927
7,fewrel,ward_k128,0.25947392735274893,927
7,fewrel,ward_k256,0.21694561380431174,927
7,fewrel,leiden_k16_s0,0.3207029875809962,927
7,fewrel,leiden_k16_s1,0.30993901400626184,927
7,fewrel,leiden_k16_s2,0.3125848334547417,927
7,fewrel,leiden_k32_s0,0.316219877519391,927
7,fewrel,leiden_k32_s1,0.3197744499929204,927
7,fewrel,leiden_k32_s2,0.31422112147359044,927
7,fewrel,leiden_k64_s0,0.28865370322346895,927
7,fewrel,leiden_k64_s1,0.2920376051705012,927
7,fewrel,leiden_k64_s2,0.2876138775452733,927
7,fewrel,leiden_k128_s0,0.24806097182665302,927
7,fewrel,leiden_k128_s1,0.256157119899889,927
7,fewrel,leiden_k128_s2,0.2626739412447305,927
7,fewrel,leiden_k256_s0,0.20715731624242747,927
7,fewrel,leiden_k256_s1,0.20847619570642503,927
7,fewrel,leiden_k256_s2,0.21151595178355811,927
7,massive_domain,kmeans_k4_s0,0.5049267382079756,707
7,massive_domain,kmeans_k4_s1,0.459554904800318,707
7,massive_domain,kmeans_k4_s2,0.4651192459594205,707
7,massive_domain,kmeans_k9_s0,0.6677243273848317,707
7,massive_domain,kmeans_k9_s1,0.647878038187968,707
7,massive_domain,kmeans_k9_s2,0.6265566413119913,707
7,massive_domain,kmeans_k18_s0,0.6497281701606982,707
7,massive_domain,kmeans_k18_s1,0.6973096603059203,707
7,massive_domain,kmeans_k18_s2,0.6847039923903537,707
7,massive_domain,kmeans_k36_s0,0.6414540512742188,707
7,massive_domain,kmeans_k36_s1,0.6366404351679784,707
7,massive_domain,kmeans_k36_s2,0.6290464780445219,707
7,massive_domain,kmeans_k72_s0,0.5611003934391173,707
7,massive_domain,kmeans_k72_s1,0.5506710296814313,707
7,massive_domain,kmeans_k72_s2,0.56196207033884,707
7,massive_domain,gmm_k4_s0,0.5086004165078566,707
7,massive_domain,gmm_k4_s1,0.5789930887826461,707
7,massive_domain,gmm_k4_s2,0.4838061400715902,707
7,massive_domain,gmm_k9_s0,0.6706720010023178,707
7,massive_domain,gmm_k9_s1,0.7330016247703272,707
7,massive_domain,gmm_k9_s2,0.7390862414505023,707
7,massive_domain,gmm_k18_s0,0.7211476184985294,707
7,massive_domain,gmm_k18_s1,0.7184371028658777,707
7,massive_domain,gmm_k18_s2,0.7252103635894616,707
7,massive_domain,gmm_k36_s0,0.6699967700361555,707
7,massive_domain,gmm_k36_s1,0.6698747992424732,707
7,massive_domain,gmm_k36_s2,0.6521234375339878,707
7,massive_domain,gmm_k72_s0,0.5788923641646101,707
7,massive_domain,gmm_k72_s1,0.5779092763402062,707
7,massive_domain,gmm_k72_s2,0.5752709199255176,707
7,massive_domain,spectral_k4_s0,0.5544218225125309,707
7,massive_domain,spectral_k4_s1,0.5544218225125309,707
7,massive_domain,spectral_k4_s2,0.5544218225125309,707
7,massive_domain,spectral_k9_s0,0.7088679820161398,707
7,massive_domain,spectral_k9_s1,0.7088679820161398,707
7,massive_domain,spectral_k9_s2,0.7088679820161399,707
7,massive_domain,spectral_k18_s0,0.6823061435770432,707
7,massive_domain,spectral_k18_s1,0.682306143577043,707
7,massive_domain,spectral_k18_s2,0.6823061435770431,707
7,massive_domain,spectral_k36_s0,0.6496593406117214,707
7,massive_domain,spectral_k36_s1,0.6495095563954772,707
7,massive_domain,spectral_k36_s2,0.649354065938446,707
7,massive_domain,spectral_k72_s0,0.5398147930155615,707
7,massive_domain,spectral_k72_s1,0.5353065587714305,707
7,massive_domain,spectral_k72_s2,0.5396567170336616,707
7,massive_domain,ward_k4,0.5343515616383873,707
7,massive_domain,ward_k9,0.6251260753956362,707
7,massive_domain,ward_k18,0.6648444066065838,707
7,massive_domain,ward_k36,0.6102384209474169,707
7,massive_domain,ward_k72,0.5499574736076563,707
7,massive_domain,leiden_k4_s0,0.5596872753978485,707
7,massive_domain,leiden_k4_s1,0.4766980649270698,707
7,massive_domain,leiden_k4_s2,0.49381403393780915,707
7,massive_domain,leiden_k9_s0,0.7003698551735971,707
7,massive_domain,leiden_k9_s1,0.7014544045452209,707
7,massive_domain,leiden_k9_s2,0.6530223908400187,707
7,massive_domain,leiden_k18_s0,0.7215585542844801,707
7,massive_domain,leiden_k18_s1,0.7009646518046305,707
7,massive_domain,leiden_k18_s2,0.7125179776111418,707
7,massive_domain,leiden_k36_s0,0.639801655776618,707
7,massive_domain,leiden_k36_s1,0.6338175068245319,707
7,massive_domain,leiden_k36_s2,0.6412747858371499,707
7,massive_domain,leiden_k72_s0,0.5630714397327767,707
7,massive_domain,leiden_k72_s1,0.5715977896040959,707
7,massive_domain,leiden_k72_s2,0.5625869894750438,707
7,massive_intent,kmeans_k15_s0,0.5760568859968669,746
7,massive_intent,kmeans_k15_s1,0.5694375901958868,746
7,massive_intent,kmeans_k15_s2,0.611568612425584,746
7,massive_intent,kmeans_k30_s0,0.5809248475576008,746
7,massive_intent,kmeans_k30_s1,0.5838765994912174,746
7,massive_intent,kmeans_k30_s2,0.5792228050447173,746
7,massive_intent,kmeans_k59_s0,0.5244493057145059,746
7,massive_intent,kmeans_k59_s1,0.5149841534666357,746
7,massive_intent,kmeans_k59_s2,0.5316699613449041,746
7,massive_intent,kmeans_k118_s0,0.45947152075203884,746
7,massive_intent,kmeans_k118_s1,0.4371728830430933,746
7,massive_intent,kmeans_k118_s2,0.444140859118315,746
7,massive_intent,kmeans_k236_s0,0.3729994641004341,746
7,massive_intent,kmeans_k236_s1,0.36968575287635913,746
7,massive_intent,kmeans_k236_s2,0.3653886212077417,746
7,massive_intent,gmm_k15_s0,0.6287223675222776,746
7,massive_intent,gmm_k15_s1,0.6287223675222776,746
7,massive_intent,gmm_k15_s2,0.6236995853258431,746
7,massive_intent,gmm_k30_s0,0.5983757374131152,746
7,massive_intent,gmm_k30_s1,0.6020518480888094,746
7,massive_intent,gmm_k30_s2,0.5958817997174214,746
7,massive_intent,gmm_k59_s0,0.5404919132725552,746
7,massive_intent,gmm_k59_s1,0.5349094420808228,746
7,massive_intent,gmm_k59_s2,0.5378823352852581,746
7,massive_intent,gmm_k118_s0,0.4648592001570919,746
7,massive_intent,gmm_k118_s1,0.4685035669409325,746
7,massive_intent,gmm_k118_s2,0.464451807877981,746
7,massive_intent,gmm_k236_s0,0.39061717421893355,746
7,massive_intent,gmm_k236_s1,0.38401936393790664,746
7,massive_intent,gmm_k236_s2,0.3833625422948422,746
7,massive_intent,spectral_k15_s0,0.610232328726453,746
7,massive_intent,spectral_k15_s1,0.610232328726453,746
7,massive_intent,spectral_k15_s2,0.610232328726453,746
7,massive_intent,spectral_k30_s0,0.5892981933629671,746
7,massive_intent,spectral_k30_s1,0.5884719249224372,746
7,massive_intent,spectral_k30_s2,0.5884766911227506,746
7,massive_intent,spectral_k59_s0,0.5080457911017464,746
7,massive_intent,spectral_k59_s1,0.5213158192987822,746
7,massive_intent,spectral_k59_s2,0.5147576268325477,746
7,massive_intent,spectral_k118_s0,0.42916347132338367,746
7,massive_intent,spectral_k118_s1,0.4320333056722736,746
7,massive_intent,spectral_k118_s2,0.4326402263798778,746
7,massive_intent,spectral_k236_s0,0.33641834094667916,746
7,massive_intent,spectral_k236_s1,0.33946833141522303,746
7,massive_intent,spectral_k236_s2,0.3375228808820384,746
7,massive_intent,ward_k15,0.5714689983618089,746
7,massive_intent,ward_k30,0.5522353862917626,746
7,massive_intent,ward_k59,0.5044728674403162,746
7,massive_intent,ward_k118,0.4350792091213754,746
7,massive_intent,ward_k236,0.36701835489360046,746
7,massive_intent,leiden_k15_s0,0.6144210252192485,746
7,massive_intent,leiden_k15_s1,0.6121966484880594,746
7,massive_intent,leiden_k15_s2,0.6021077097974815,746
7,massive_intent,leiden_k30_s0,0.5764818898249501,746
7,massive_intent,leiden_k30_s1,0.5759523435141124,746
7,massive_intent,leiden_k30_s2,0.5805822011839018,746
7,massive_intent,leiden_k59_s0,0.5142672299805733,746
7,massive_intent,leiden_k59_s1,0.519361182598962,746
7,massive_intent,leiden_k59_s2,0.5183774705213238,746
7,massive_intent,leiden_k118_s0,0.4559711230465036,746
7,massive_intent,leiden_k118_s1,0.4580679119771806,746
7,massive_intent,leiden_k118_s2,0.45748850770520333,746
7,massive_intent,leiden_k236_s0,0.3675386274935092,746
7,massive_intent,leiden_k236_s1,0.3654041702283306,746
7,massive_intent,leiden_k236_s2,0.3702733371746705,746
7,mcid,kmeans_k4_s0,0.2978897325466195,782
7,mcid,kmeans_k4_s1,0.276329845248966,782
7,mcid,kmeans_k4_s2,0.14828660331485477,782
7,mcid,kmeans_k8_s0,0.38290997738690613,782
7,mcid,kmeans_k8_s1,0.4308185191496566,782
7,mcid,kmeans_k8_s2,0.422158518732831,782
7,mcid,kmeans_k16_s0,0.5307124525520076,782
7,mcid,kmeans_k16_s1,0.5076264536930818,782
7,mcid,kmeans_k16_s2,0.4833860907086566,782
7,mcid,kmeans_k32_s0,0.48571026070932694,782
7,mcid,kmeans_k32_s1,0.519509781125412,782
7,mcid,kmeans_k32_s2,0.5171627868248698,782
7,mcid,kmeans_k64_s0,0.46310711221569917,782
7,mcid,kmeans_k64_s1,0.46769881490817344,782
7,mcid,kmeans_k64_s2,0.4845622405332071,782
7,mcid,gmm_k4_s0,0.4295389702352377,782
7,mcid,gmm_k4_s1,0.47016837129488964,782
7,mcid,gmm_k4_s2,0.4295389702352377,782
7,mcid,gmm_k8_s0,0.5596415488337361,782
7,mcid,gmm_k8_s1,0.5234918283673545,782
7,mcid,gmm_k8_s2,0.5626524461969293,782
7,mcid,gmm_k16_s0,0.5771415082367635,782
7,mcid,gmm_k16_s1,0.6089941780499685,782
7,mcid,gmm_k16_s2,0.6237191182984987,782
7,mcid,gmm_k32_s0,0.5799927071861473,782
7,mcid,gmm_k32_s1,0.5733976367263373,782
7,mcid,gmm_k32_s2,0.5784894318206629,782
7,mcid,gmm_k64_s0,0.5145708315291431,782
7,mcid,gmm_k64_s1,0.5149414003750794,782
7,mcid,gmm_k64_s2,0.5199177524607392,782
7,mcid,spectral_k4_s0,0.3497808603924514,782
7,mcid,spectral_k4_s1,0.3497808603924514,782
7,mcid,spectral_k4_s2,0.3497808603924514,782
7,mcid,spectral_k8_s0,0.5296975487901453,782
7,mcid,spectral_k8_s1,0.5296975487901453,782
7,mcid,spectral_k8_s2,0.5296975487901453,782
7,mcid,spectral_k16_s0,0.5813646028418975,782
7,mcid,spectral_k16_s1,0.5813646028418976,782
7,mcid,spectral_k16_s2,0.5812116283551568,782
7,mcid,spectral_k32_s0,0.5437847656141884,782
7,mcid,spectral_k32_s1,0.554717977827513,782
7,mcid,spectral_k32_s2,0.5511737370465529,782
7,mcid,spectral_k64_s0,0.48633135224241725,782
7,mcid,spectral_k64_s1,0.4832499398451183,782
7,mcid,spectral_k64_s2,0.4867729488564088,782
7,mcid,ward_k4,0.38894838840075596,782
7,mcid,ward_k8,0.49204470939608114,782
7,mcid,ward_k16,0.5548863938701053,782
7,mcid,ward_k32,0.5499397762290774,782
7,mcid,ward_k64,0.5034499394800864,782
7,mcid,leiden_k4_s0,0.41976646530352113,782
7,mcid,leiden_k4_s1,0.444350905739968,782
7,mcid,leiden_k4_s2,0.448794177231629,782
7,mcid,leiden_k8_s0,0.5518432694665023,782
7,mcid,leiden_k8_s1,0.5188348860394953,782
7,mcid,leiden_k8_s2,0.47326847648920584,782
7,mcid,leiden_k16_s0,0.5809186495781882,782
7,mcid,leiden_k16_s1,0.5783827274895945,782
7,mcid,leiden_k16_s2,0.5896518630765116,782
7,mcid,leiden_k32_s0,0.567402726796231,782
7,mcid,leiden_k32_s1,0.5560455608153165,782
7,mcid,leiden_k32_s2,0.5641127968294247,782
7,mcid,leiden_k64_s0,0.4993349107014848,782
7,mcid,leiden_k64_s1,0.49914724895735063,782
7,mcid,leiden_k64_s2,0.5012887540155916,782
7,mtop_domain,kmeans_k3_s0,0.45993567623164267,875
7,mtop_domain,kmeans_k3_s1,0.52177560789116,875
7,mtop_domain,kmeans_k3_s2,0.4709832843676557,875
7,mtop_domain,kmeans_k6_s0,0.7172249969201928,875
7,mtop_domain,kmeans_k6_s1,0.7126537892368807,875
7,mtop_domain,kmeans_k6_s2,0.702842269047255,875
7,mtop_domain,kmeans_k11_s0,0.8147535898303673,875
7,mtop_domain,kmeans_k11_s1,0.8488513096752475,875
7,mtop_domain,kmeans_k11_s2,0.8464675330203602,875
7,mtop_domain,kmeans_k22_s0,0.7610189655603015,875
7,mtop_domain,kmeans_k22_s1,0.7741473258243059,875
7,mtop_domain,kmeans_k22_s2,0.7531419966825967,875
7,mtop_domain,kmeans_k44_s0,0.6624117577066684,875
7,mtop_domain,kmeans_k44_s1,0.6818613546314262,875
7,mtop_domain,kmeans_k44_s2,0.6761259522016949,875
7,mtop_domain,gmm_k3_s0,0.5440961865091702,875
7,mtop_domain,gmm_k3_s1,0.5374538438480209,875
7,mtop_domain,gmm_k3_s2,0.5005357129354888,875
7,mtop_domain,gmm_k6_s0,0.7313712125251205,875
7,mtop_domain,gmm_k6_s1,0.7377685610569904,875
7,mtop_domain,gmm_k6_s2,0.7313712125251204,875
7,mtop_domain,gmm_k11_s0,0.8513596968937777,875
7,mtop_domain,gmm_k11_s1,0.8336016050666122,875
7,mtop_domain,gmm_k11_s2,0.8615407527375246,875
7,mtop_domain,gmm_k22_s0,0.7974263508443811,875
7,mtop_domain,gmm_k22_s1,0.7859833608575307,875
7,mtop_domain,gmm_k22_s2,0.7753485398016859,875
7,mtop_domain,gmm_k44_s0,0.7085000412803457,875
7,mtop_domain,gmm_k44_s1,0.6998626857575627,875
7,mtop_domain,gmm_k44_s2,0.7063208146391946,875
7,mtop_domain,spectral_k3_s0,0.3607388913215922,875
7,mtop_domain,spectral_k3_s1,0.3607388913215922,875
7,mtop_domain,spectral_k3_s2,0.3607388913215922,875
7,mtop_domain,spectral_k6_s0,0.7176689884636627,875
7,mtop_domain,spectral_k6_s1,0.7176689884636628,875
7,mtop_domain,spectral_k6_s2,0.7176689884636628,875
7,mtop_domain,spectral_k11_s0,0.8026052042948161,875
7,mtop_domain,spectral_k11_s1,0.8026052042948162,875
7,mtop_domain,spectral_k11_s2,0.8026052042948161,875
7,mtop_domain,spectral_k22_s0,0.7940235953749002,875
7,mtop_domain,spectral_k22_s1,0.7940235953749001,875
7,mtop_domain,spectral_k22_s2,0.7685146428259997,875
7,mtop_domain,spectral_k44_s0,0.7074124131772411,875
7,mtop_domain,spectral_k44_s1,0.7132655611977956,875
7,mtop_domain,spectral_k44_s2,0.7213771478093279,875
7,mtop_domain,ward_k3,0.5131863348758061,875
7,mtop_domain,ward_k6,0.6749664969778895,875
7,mtop_domain,ward_k11,0.7837277381624347,875
7,mtop_domain,ward_k22,0.7275678499024549,875
7,mtop_domain,ward_k44,0.667687612685759,875
7,mtop_domain,leiden_k3_s0,0.503612549270528,875
7,mtop_domain,leiden_k3_s1,0.4788562077014723,875
7,mtop_domain,leiden_k3_s2,0.48595747960905095,875
7,mtop_domain,leiden_k6_s0,0.725412084477936,875
7,mtop_domain,leiden_k6_s1,0.7310649457080342,875
7,mtop_domain,leiden_k6_s2,0.7315461403646804,875
7,mtop_domain,leiden_k11_s0,0.8378704764017929,875
7,mtop_domain,leiden_k11_s1,0.8354808941988204,875
7,mtop_domain,leiden_k11_s2,0.8374381963020078,875
7,mtop_domain,leiden_k22_s0,0.7899950963743864,875
7,mtop_domain,leiden_k22_s1,0.7924964386565234,875
7,mtop_domain,leiden_k22_s2,0.7825986624796987,875
7,mtop_domain,leiden_k44_s0,0.7066992287726584,875
7,mtop_domain,leiden_k44_s1,0.7010224983018137,875
7,mtop_domain,leiden_k44_s2,0.6878474518549916,875
7,mtop_intent,kmeans_k26_s0,0.7038095149495563,868
7,mtop_intent,kmeans_k26_s1,0.7131280017036212,868
7,mtop_intent,kmeans_k26_s2,0.6875286597174772,868
7,mtop_intent,kmeans_k51_s0,0.6251335192428855,868
7,mtop_intent,kmeans_k51_s1,0.6213554660150817,868
7,mtop_intent,kmeans_k51_s2,0.6219301525996607,868
7,mtop_intent,kmeans_k102_s0,0.5343864116335935,868
7,mtop_intent,kmeans_k102_s1,0.5415857095256389,868
7,mtop_intent,kmeans_k102_s2,0.5472836354480182,868
7,mtop_intent,kmeans_k204_s0,0.4420902714648274,868
7,mtop_intent,kmeans_k204_s1,0.42897526341848596,868
7,mtop_intent,kmeans_k204_s2,0.42953256016454183,868
7,mtop_intent,kmeans_k408_s0,0.32688464655344557,868
7,mtop_intent,kmeans_k408_s1,0.322170289750753,868
7,mtop_intent,kmeans_k408_s2,0.32655935034312805,868
7,mtop_intent,gmm_k26_s0,0.7215413735426427,868
7,mtop_intent,gmm_k26_s1,0.7326800161875835,868
7,mtop_intent,gmm_k26_s2,0.715823663980343,868
7,mtop_intent,gmm_k51_s0,0.6409934093773575,868
7,mtop_intent,gmm_k51_s1,0.6399694928253871,868
7,mtop_intent,gmm_k51_s2,0.6441593176581233,868
7,mtop_intent,gmm_k102_s0,0.540372641942619,868
7,mtop_intent,gmm_k102_s1,0.5342548197142,868
7,mtop_intent,gmm_k102_s2,0.5393616761368003,868
7,mtop_intent,gmm_k204_s0,0.42492352692890073,868
7,mtop_intent,gmm_k204_s1,0.43006499418408234,868
7,mtop_intent,gmm_k204_s2,0.4342652191805585,868
7,mtop_intent,gmm_k408_s0,0.3252925512497157,868
7,mtop_intent,gmm_k408_s1,0.32624303547763944,868
7,mtop_intent,gmm_k408_s2,0.3218520767419229,868
7,mtop_intent,spectral_k26_s0,0.7288190705950728,868
7,mtop_intent,spectral_k26_s1,0.7288190705950727,868
7,mtop_intent,spectral_k26_s2,0.7288190705950727,868
7,mtop_intent,spectral_k51_s0,0.6287609546108142,868
7,mtop_intent,spectral_k51_s1,0.6325048779474206,868
7,mtop_intent,spectral_k51_s2,0.6435903871147718,868
7,mtop_intent,spectral_k102_s0,0.5367989505817768,868
7,mtop_intent,spectral_k102_s1,0.5356991120520267,868
7,mtop_intent,spectral_k102_s2,0.5142479672571703,868
7,mtop_intent,spectral_k204_s0,0.3988323347567691,868
7,mtop_intent,spectral_k204_s1,0.3954190055447109,868
7,mtop_intent,spectral_k204_s2,0.4038839674324883,868
7,mtop_intent,spectral_k408_s0,0.29329740480120586,868
7,mtop_intent,spectral_k408_s1,0.2862192489779851,868
7,mtop_intent,spectral_k408_s2,0.2877765601329743,868
7,mtop_intent,ward_k26,0.6803669824909613,868
7,mtop_intent,ward_k51,0.6188532960880656,868
7,mtop_intent,ward_k102,0.5346570527268525,868
7,mtop_intent,ward_k204,0.42069101020925664,868
7,mtop_intent,ward_k408,0.31017418396276225,868
7,mtop_intent,leiden_k26_s0,0.7110218736275143,868
7,mtop_intent,leiden_k26_s1,0.7254547753200447,868
7,mtop_intent,leiden_k26_s2,0.7201634766995173,868
7,mtop_intent,leiden_k51_s0,0.6183754394553863,868
7,mtop_intent,leiden_k51_s1,0.6267007599246095,868
7,mtop_intent,leiden_k51_s2,0.6246474133906059,868
7,mtop_intent,leiden_k102_s0,0.5217327619374621,868
7,mtop_intent,leiden_k102_s1,0.5205470675064936,868
7,mtop_intent,leiden_k102_s2,0.5217138959642434,868
7,mtop_intent,leiden_k204_s0,0.4244466663434111,868
7,mtop_intent,leiden_k204_s1,0.43172069802130714,868
7,mtop_intent,leiden_k204_s2,0.4292954718829997,868
7,mtop_intent,leiden_k408_s0,0.3113906891342539,868
7,mtop_intent,leiden_k408_s1,0.3149852437286603,868
7,mtop_intent,leiden_k408_s2,0.3114075703764868,868
7,reddit_s2s,kmeans_k12_s0,0.3685964009493441,647
7,reddit_s2s,kmeans_k12_s1,0.3959160477092518,647
7,reddit_s2s,kmeans_k12_s2,0.36426690321484895,647
7,reddit_s2s,kmeans_k24_s0,0.42202011549978735,647
7,reddit_s2s,kmeans_k24_s1,0.4380066810362147,647
7,reddit_s2s,kmeans_k24_s2,0.4335509915387443,647
7,reddit_s2s,kmeans_k49_s0,0.42095660236332266,647
7,reddit_s2s,kmeans_k49_s1,0.3800048730596668,647
7,reddit_s2s,kmeans_k49_s2,0.4229685202807412,647
7,reddit_s2s,kmeans_k98_s0,0.3626272554435518,647
7,reddit_s2s,kmeans_k98_s1,0.3655902567568181,647
7,reddit_s2s,kmeans_k98_s2,0.3728816543348452,647
7,reddit_s2s,kmeans_k196_s0,0.3139923417268843,647
7,reddit_s2s,kmeans_k196_s1,0.3170244610790634,647
7,reddit_s2s,kmeans_k196_s2,0.3014565189143176,647
7,reddit_s2s,gmm_k12_s0,0.36613067763894475,647
7,reddit_s2s,gmm_k12_s1,0.3815099202911226,647
7,reddit_s2s,gmm_k12_s2,0.36935839478603055,647
7,reddit_s2s,gmm_k24_s0,0.42087924940527616,647
7,reddit_s2s,gmm_k24_s1,0.438936399370673,647
7,reddit_s2s,gmm_k24_s2,0.43193167336004984,647
7,reddit_s2s,gmm_k49_s0,0.42710747473532534,647
7,reddit_s2s,gmm_k49_s1,0.4279648253830882,647
7,reddit_s2s,gmm_k49_s2,0.42421561885885267,647
7,reddit_s2s,gmm_k98_s0,0.39353226096164967,647
7,reddit_s2s,gmm_k98_s1,0.3938716190937399,647
7,reddit_s2s,gmm_k98_s2,0.3966908078671623,647
7,reddit_s2s,gmm_k196_s0,0.3630405034362337,647
7,reddit_s2s,gmm_k196_s1,0.3514516401326787,647
7,reddit_s2s,gmm_k196_s2,0.3591608001825155,647
7,reddit_s2s,spectral_k12_s0,0.2567260025261533,647
7,reddit_s2s,spectral_k12_s1,0.2644826725121885,647
7,reddit_s2s,spectral_k12_s2,0.2512837972183869,647
7,reddit_s2s,spectral_k24_s0,0.3499005956705857,647
7,reddit_s2s,spectral_k24_s1,0.3614473778975895,647
7,reddit_s2s,spectral_k24_s2,0.3499005956705858,647
7,reddit_s2s,spectral_k49_s0,0.3785771405445635,647
7,reddit_s2s,spectral_k49_s1,0.38367142254604053,647
7,reddit_s2s,spectral_k49_s2,0.3835445602288376,647
7,reddit_s2s,spectral_k98_s0,0.3328820419559428,647
7,reddit_s2s,spectral_k98_s1,0.3288399856041747,647
7,reddit_s2s,spectral_k98_s2,0.3333341800236296,647
7,reddit_s2s,spectral_k196_s0,0.27218441788664793,647
7,reddit_s2s,spectral_k196_s1,0.2701517175128481,647
7,reddit_s2s,spectral_k196_s2,0.2694047836346343,647
7,reddit_s2s,ward_k12,0.2903799055565042,647
7,reddit_s2s,ward_k24,0.34892064224225455,647
7,reddit_s2s,ward_k49,0.3773955616126197,647
7,reddit_s2s,ward_k98,0.3519226557767545,647
7,reddit_s2s,ward_k196,0.3080521090085252,647
7,reddit_s2s,leiden_k12_s0,0.3549886398631343,647
7,reddit_s2s,leiden_k12_s1,0.36774303557429744,647
7,reddit_s2s,leiden_k12_s2,0.3779191237568024,647
7,reddit_s2s,leiden_k24_s0,0.41924581011790185,647
7,reddit_s2s,leiden_k24_s1,0.4258849086027827,647
7,reddit_s2s,leiden_k24_s2,0.4408255064925261,647
7,reddit_s2s,leiden_k49_s0,0.4281698409711584,647
7,reddit_s2s,leiden_k49_s1,0.4395430841409114,647
7,reddit_s2s,leiden_k49_s2,0.44047039908040936,647
7,reddit_s2s,leiden_k98_s0,0.4192580219446418,647
7,reddit_s2s,leiden_k98_s1,0.41919603996007504,647
7,reddit_s2s,leiden_k98_s2,0.41381419754239074,647
7,reddit_s2s,leiden_k196_s0,0.3656542401945346,647
7,reddit_s2s,leiden_k196_s1,0.35550598899182934,647
7,reddit_s2s,leiden_k196_s2,0.35400018311867354,647
7,snips,kmeans_k2_s0,0.28036391489025286,922
7,snips,kmeans_k2_s1,0.22804292592909559,922
7,snips,kmeans_k2_s2,0.23119185960426353,922
7,snips,kmeans_k4_s0,0.5706005958900855,922
7,snips,kmeans_k4_s1,0.5786703303291189,922
7,snips,kmeans_k4_s2,0.5551637957344218,922
7,snips,kmeans_k7_s0,0.6582812706615083,922
7,snips,kmeans_k7_s1,0.6096406571565475,922
7,snips,kmeans_k7_s2,0.6538192787942901,922
7,snips,kmeans_k14_s0,0.6621946331875279,922
7,snips,kmeans_k14_s1,0.6551046409182136,922
7,snips,kmeans_k14_s2,0.6764865877750468,922
7,snips,kmeans_k28_s0,0.6284022395316817,922
7,snips,kmeans_k28_s1,0.6032302470376835,922
7,snips,kmeans_k28_s2,0.5969751837093628,922
7,snips,gmm_k2_s0,0.2538918689711005,922
7,snips,gmm_k2_s1,0.25389186897110055,922
7,snips,gmm_k2_s2,0.25389186897110055,922
7,snips,gmm_k4_s0,0.5587123061676628,922
7,snips,gmm_k4_s1,0.583823324487761,922
7,snips,gmm_k4_s2,0.5838233244877611,922
7,snips,gmm_k7_s0,0.7476621702440983,922
7,snips,gmm_k7_s1,0.7476621702440983,922
7,snips,gmm_k7_s2,0.7476621702440984,922
7,snips,gmm_k14_s0,0.6909903859618565,922
7,snips,gmm_k14_s1,0.7160420788054095,922
7,snips,gmm_k14_s2,0.6975104789338122,922
7,snips,gmm_k28_s0,0.6174521090967593,922
7,snips,gmm_k28_s1,0.620748449101211,922
7,snips,gmm_k28_s2,0.6031421385371423,922
7,snips,spectral_k2_s0,0.2569109817244103,922
7,snips,spectral_k2_s1,0.2569109817244103,922
7,snips,spectral_k2_s2,0.2569109817244103,922
7,snips,spectral_k4_s0,0.5615012035901968,922
7,snips,spectral_k4_s1,0.5615012035901968,922
7,snips,spectral_k4_s2,0.5615012035901968,922
7,snips,spectral_k7_s0,0.7484769001984091,922
7,snips,spectral_k7_s1,0.7484769001984091,922
7,snips,spectral_k7_s2,0.7484769001984091,922
7,snips,spectral_k14_s0,0.7070944580963375,922
7,snips,spectral_k14_s1,0.7078750148040387,922
7,snips,spectral_k14_s2,0.7070944580963375,922
7,snips,spectral_k28_s0,0.6404617838646615,922
7,snips,spectral_k28_s1,0.6405144858515378,922
7,snips,spectral_k28_s2,0.6375759751423145,922
7,snips,ward_k2,0.2984023143328344,922
7,snips,ward_k4,0.5780390797487397,922
7,snips,ward_k7,0.729413732794718,922
7,snips,ward_k14,0.7127165416271223,922
7,snips,ward_k28,0.6395105528639716,922
7,snips,leiden_k2_s0,0.2569109817244103,922
7,snips,leiden_k2_s1,0.2569109817244103,922
7,snips,leiden_k2_s2,0.2569109817244103,922
7,snips,leiden_k4_s0,0.5587123061676628,922
7,snips,leiden_k4_s1,0.5587123061676628,922
7,snips,leiden_k4_s2,0.5587123061676628,922
7,snips,leiden_k7_s0,0.7345874913150902,922
7,snips,leiden_k7_s1,0.7468720028508555,922
7,snips,leiden_k7_s2,0.7345874913150902,922
7,snips,leiden_k14_s0,0.7191307480880407,922
7,snips,leiden_k14_s1,0.7200547420540923,922
7,snips,leiden_k14_s2,0.7204969476185403,922
7,snips,leiden_k28_s0,0.6233525643399976,922
7,snips,leiden_k28_s1,0.6258149274837913,922
7,snips,leiden_k28_s2,0.6232872185714913,922
7,stackexchange_cl,kmeans_k30_s0,0.46643196323921393,414
7,stackexchange_cl,kmeans_k30_s1,0.4768207263587025,414
7,stackexchange_cl,kmeans_k30_s2,0.46433267216505225,414
7,stackexchange_cl,kmeans_k60_s0,0.4005291496231555,414
7,stackexchange_cl,kmeans_k60_s1,0.4244488689785723,414
7,stackexchange_cl,kmeans_k60_s2,0.42435093013717873,414
7,stackexchange_cl,kmeans_k121_s0,0.32654241071238616,414
7,stackexchange_cl,kmeans_k121_s1,0.352876055656302,414
7,stackexchange_cl,kmeans_k121_s2,0.3526892545508509,414
7,stackexchange_cl,kmeans_k242_s0,0.26843143341976866,414
7,stackexchange_cl,kmeans_k242_s1,0.25140210622558734,414
7,stackexchange_cl,kmeans_k242_s2,0.2694395899463593,414
7,stackexchange_cl,kmeans_k484_s0,0.19455810153868788,414
7,stackexchange_cl,kmeans_k484_s1,0.17436703140227514,414
7,stackexchange_cl,kmeans_k484_s2,0.17482426973307105,414
7,stackexchange_cl,gmm_k30_s0,0.48659819238193963,414
7,stackexchange_cl,gmm_k30_s1,0.48365181768188065,414
7,stackexchange_cl,gmm_k30_s2,0.4819753320375513,414
7,stackexchange_cl,gmm_k60_s0,0.4309467272266652,414
7,stackexchange_cl,gmm_k60_s1,0.4312615921097895,414
7,stackexchange_cl,gmm_k60_s2,0.43209446660437667,414
7,stackexchange_cl,gmm_k121_s0,0.37589594742094157,414
7,stackexchange_cl,gmm_k121_s1,0.3714505498062547,414
7,stackexchange_cl,gmm_k121_s2,0.36908837011108686,414
7,stackexchange_cl,gmm_k242_s0,0.2873072885531036,414
7,stackexchange_cl,gmm_k242_s1,0.29858423615124324,414
7,stackexchange_cl,gmm_k242_s2,0.2901470086920378,414
7,stackexchange_cl,gmm_k484_s0,0.2366635545878405,414
7,stackexchange_cl,gmm_k484_s1,0.23996629638115205,414
7,stackexchange_cl,gmm_k484_s2,0.22881617477469063,414
7,stackexchange_cl,spectral_k30_s0,0.3991380275485271,414
7,stackexchange_cl,spectral_k30_s1,0.406475877829825,414
7,stackexchange_cl,spectral_k30_s2,0.38941158833994977,414
7,stackexchange_cl,spectral_k60_s0,0.3911582131229461,414
7,stackexchange_cl,spectral_k60_s1,0.3806382640543316,414
7,stackexchange_cl,spectral_k60_s2,0.394037909025204,414
7,stackexchange_cl,spectral_k121_s0,0.3015621126228903,414
7,stackexchange_cl,spectral_k121_s1,0.3119490186433692,414
7,stackexchange_cl,spectral_k121_s2,0.30306731179708657,414
7,stackexchange_cl,spectral_k242_s0,0.2215652337129938,414
7,stackexchange_cl,spectral_k242_s1,0.20970556997438475,414
7,stackexchange_cl,spectral_k242_s2,0.2151011092583486,414
7,stackexchange_cl,spectral_k484_s0,0.13329661724881325,414
7,stackexchange_cl,spectral_k484_s1,0.14170091636597426,414
7,stackexchange_cl,spectral_k484_s2,0.14974758275931624,414
7,stackexchange_cl,ward_k30,0.4160706791097054,414
7,stackexchange_cl,ward_k60,0.3627522566632521,414
7,stackexchange_cl,ward_k121,0.30003162836897745,414
7,stackexchange_cl,ward_k242,0.2596240613657471,414
7,stackexchange_cl,ward_k484,0.180773801833851,414
7,stackexchange_cl,leiden_k30_s0,0.45764985535504554,414
7,stackexchange_cl,leiden_k30_s1,0.4457148844947682,414
7,stackexchange_cl,leiden_k30_s2,0.45608222558878264,414
7,stackexchange_cl,leiden_k60_s0,0.4198222570277752,414
7,stackexchange_cl,leiden_k60_s1,0.4204525162206813,414
7,stackexchange_cl,leiden_k60_s2,0.4148323072270365,414
7,stackexchange_cl,leiden_k121_s0,0.3667822531005658,414
7,stackexchange_cl,leiden_k121_s1,0.37781863230331697,414
7,stackexchange_cl,leiden_k121_s2,0.3707845289167582,414
7,stackexchange_cl,leiden_k242_s0,0.3122778154265813,414
7,stackexchange_cl,leiden_k242_s1,0.30269336061703583,414
7,stackexchange_cl,leiden_k242_s2,0.30584417636366246,414
7,stackexchange_cl,leiden_k484_s0,0.22179850198427958,414
7,stackexchange_cl,leiden_k484_s1,0.21134259839793457,414
7,stackexchange_cl,leiden_k484_s2,0.21913099037156175,414
7,stackoverflow20,kmeans_k5_s0,0.5501257873907904,704
7,stackoverflow20,kmeans_k5_s1,0.5296351561008221,704
7,stackoverflow20,kmeans_k5_s2,0.523199867140901,704
7,stackoverflow20,kmeans_k10_s0,0.6549593556470533,704
7,stackoverflow20,kmeans_k10_s1,0.6904871112317509,704
7,stackoverflow20,kmeans_k10_s2,0.6976194759195254,704
7,stackoverflow20,kmeans_k20_s0,0.8036789511423323,704
7,stackoverflow20,kmeans_k20_s1,0.7852515680647695,704
7,stackoverflow20,kmeans_k20_s2,0.7557373628945538,704
7,stackoverflow20,kmeans_k40_s0,0.7438094612258678,704
7,stackoverflow20,kmeans_k40_s1,0.7554555883828301,704
7,stackoverflow20,kmeans_k40_s2,0.7625851408413254,704
7,stackoverflow20,kmeans_k80_s0,0.6821635007147938,704
7,stackoverflow20,kmeans_k80_s1,0.6523051322603586,704
7,stackoverflow20,kmeans_k80_s2,0.673236944198015,704
7,stackoverflow20,gmm_k5_s0,0.5509653645516223,704
7,stackoverflow20,gmm_k5_s1,0.5701275059903127,704
7,stackoverflow20,gmm_k5_s2,0.5601908029221199,704
7,stackoverflow20,gmm_k10_s0,0.719132224817197,704
7,stackoverflow20,gmm_k10_s1,0.712849851132378,704
7,stackoverflow20,gmm_k10_s2,0.7150351887762638,704
7,stackoverflow20,gmm_k20_s0,0.8020711379184444,704
7,stackoverflow20,gmm_k20_s1,0.79731747401261,704
7,stackoverflow20,gmm_k20_s2,0.8128626329519103,704
7,stackoverflow20,gmm_k40_s0,0.7716119423858656,704
7,stackoverflow20,gmm_k40_s1,0.7756517035924322,704
7,stackoverflow20,gmm_k40_s2,0.7667698271002639,704
7,stackoverflow20,gmm_k80_s0,0.6897027552539969,704
7,stackoverflow20,gmm_k80_s1,0.6914087697999913,704
7,stackoverflow20,gmm_k80_s2,0.6835571277871904,704
7,stackoverflow20,spectral_k5_s0,0.47356321140645097,704
7,stackoverflow20,spectral_k5_s1,0.47356321140645086,704
7,stackoverflow20,spectral_k5_s2,0.48871726726927683,704
7,stackoverflow20,spectral_k10_s0,0.7123903540111852,704
7,stackoverflow20,spectral_k10_s1,0.7123903540111851,704
7,stackoverflow20,spectral_k10_s2,0.7123903540111852,704
7,stackoverflow20,spectral_k20_s0,0.7985539713227708,704
7,stackoverflow20,spectral_k20_s1,0.7984671271268018,704
7,stackoverflow20,spectral_k20_s2,0.796652093864397,704
7,stackoverflow20,spectral_k40_s0,0.7306955430080452,704
7,stackoverflow20,spectral_k40_s1,0.7298392801297485,704
7,stackoverflow20,spectral_k40_s2,0.7362969713053187,704
7,stackoverflow20,spectral_k80_s0,0.6360120742373261,704
7,stackoverflow20,spectral_k80_s1,0.6296851060840044,704
7,stackoverflow20,spectral_k80_s2,0.6311613798391809,704
7,stackoverflow20,ward_k5,0.5052707694905183,704
7,stackoverflow20,ward_k10,0.6348273542185439,704
7,stackoverflow20,ward_k20,0.7299823996580005,704
7,stackoverflow20,ward_k40,0.7075592665906253,704
7,stackoverflow20,ward_k80,0.638878056058138,704
7,stackoverflow20,leiden_k5_s0,0.5598024621356222,704
7,stackoverflow20,leiden_k5_s1,0.574152145858681,704
7,stackoverflow20,leiden_k5_s2,0.5668755637372509,704
7,stackoverflow20,leiden_k10_s0,0.7241432587855253,704
7,stackoverflow20,leiden_k10_s1,0.7231844456941087,704
7,stackoverflow20,leiden_k10_s2,0.7252976409804163,704
7,stackoverflow20,leiden_k20_s0,0.811348873999648,704
7,stackoverflow20,leiden_k20_s1,0.8046890046974883,704
7,stackoverflow20,leiden_k20_s2,0.8028191254553897,704
7,stackoverflow20,leiden_k40_s0,0.792603617798219,704
7,stackoverflow20,leiden_k40_s1,0.8019067981259966,704
7,stackoverflow20,leiden_k40_s2,0.7998393282442453,704
7,stackoverflow20,leiden_k80_s0,0.6644640897114399,704
7,stackoverflow20,leiden_k80_s1,0.6768733065770066,704
7,stackoverflow20,leiden_k80_s2,0.6786855941671732,704
7,tweet89,kmeans_k22_s0,0.9063763568109183,406
7,tweet89,kmeans_k22_s1,0.8830188474776974,406
7,tweet89,kmeans_k22_s2,0.8941253755088869,406
7,tweet89,kmeans_k44_s0,0.8671162737550692,406
7,tweet89,kmeans_k44_s1,0.8344062071842594,406
7,tweet89,kmeans_k44_s2,0.8614744602625507,406
7,tweet89,kmeans_k89_s0,0.7743215486292073,406
7,tweet89,kmeans_k89_s1,0.758569189419725,406
7,tweet89,kmeans_k89_s2,0.7743529459021345,406
7,tweet89,kmeans_k178_s0,0.6317757521211158,406
7,tweet89,kmeans_k178_s1,0.632636818031513,406
7,tweet89,kmeans_k178_s2,0.6453091850998232,406
7,tweet89,kmeans_k356_s0,0.5377961300934582,406
7,tweet89,kmeans_k356_s1,0.5216514943583578,406
7,tweet89,kmeans_k356_s2,0.5218870985929044,406
7,tweet89,gmm_k22_s0,0.9594404676992663,406
7,tweet89,gmm_k22_s1,0.9233761659762787,406
7,tweet89,gmm_k22_s2,0.956574348820174,406
7,tweet89,gmm_k44_s0,0.8738923363845768,406
7,tweet89,gmm_k44_s1,0.8874848855652512,406
7,tweet89,gmm_k44_s2,0.8961332096766524,406
7,tweet89,gmm_k89_s0,0.7121627842027896,406
7,tweet89,gmm_k89_s1,0.7227253579517617,406
7,tweet89,gmm_k89_s2,0.7289716216326424,406
7,tweet89,gmm_k178_s0,0.5595018674521682,406
7,tweet89,gmm_k178_s1,0.5746698765201244,406
7,tweet89,gmm_k178_s2,0.5791525180576008,406
7,tweet89,gmm_k356_s0,0.4514185631573875,406
7,tweet89,gmm_k356_s1,0.43828974192290676,406
7,tweet89,gmm_k356_s2,0.4538389097107278,406
7,tweet89,spectral_k22_s0,0.9246991460795457,406
7,tweet89,spectral_k22_s1,0.9245718605051354,406
7,tweet89,spectral_k22_s2,0.9245718605051354,406
7,tweet89,spectral_k44_s0,0.9004300413164323,406
7,tweet89,spectral_k44_s1,0.8967926629705659,406
7,tweet89,spectral_k44_s2,0.9004300413164326,406
7,tweet89,spectral_k89_s0,0.7097543874837546,406
7,tweet89,spectral_k89_s1,0.7180324719504052,406
7,tweet89,spectral_k89_s2,0.7141639294594208,406
7,tweet89,spectral_k178_s0,0.5407377993460363,406
7,tweet89,spectral_k178_s1,0.5418663378053599,406
7,tweet89,spectral_k178_s2,0.534039486977764,406
7,tweet89,spectral_k356_s0,0.3992313458598029,406
7,tweet89,spectral_k356_s1,0.3745813932638232,406
7,tweet89,spectral_k356_s2,0.39591790372987923,406
7,tweet89,ward_k22,0.9017614699530577,406
7,tweet89,ward_k44,0.8680365799973045,406
7,tweet89,ward_k89,0.759099575754315,406
7,tweet89,ward_k178,0.6101481019232007,406
7,tweet89,ward_k356,0.499056466088922,406
7,tweet89,leiden_k22_s0,0.9531233958944516,406
7,tweet89,leiden_k22_s1,0.9473575328196306,406
7,tweet89,leiden_k22_s2,0.9531233958944516,406
7,tweet89,leiden_k44_s0,0.8725611069552975,406
7,tweet89,leiden_k44_s1,0.8805737778246832,406
7,tweet89,leiden_k44_s2,0.8725611069552973,406
7,tweet89,leiden_k89_s0,0.7210196318682893,406
7,tweet89,leiden_k89_s1,0.7121745727589301,406
7,tweet89,leiden_k89_s2,0.7117761642684014,406
7,tweet89,leiden_k178_s0,0.569144112474738,406
7,tweet89,leiden_k178_s1,0.5751874320098833,406
7,tweet89,leiden_k178_s2,0.5732716863510074,406
7,tweet89,leiden_k356_s0,0.4242210521727348,406
7,tweet89,leiden_k356_s1,0.42687714460985415,406
7,tweet89,leiden_k356_s2,0.4280961898199348,406
8,arxiv_fine,kmeans_k23_s0,0.48392452739258435,140
8,arxiv_fine,kmeans_k23_s1,0.4521296319530214,140
8,arxiv_fine,kmeans_k23_s2,0.49261392148431427,140
8,arxiv_fine,kmeans_k46_s0,0.35058219865627444,140
8,arxiv_fine,kmeans_k46_s1,0.3148098400584036,140
8,arxiv_fine,kmeans_k46_s2,0.39843048273394327,140
8,arxiv_fine,kmeans_k93_s0,0.3092431021681356,140
8,arxiv_fine,kmeans_k93_s1,0.285314102850057,140
8,arxiv_fine,kmeans_k93_s2,0.27856276302878685,140
8,arxiv_fine,kmeans_k186_s0,0.21533699152243307,140
8,arxiv_fine,kmeans_k186_s1,0.2646964859743395,140
8,arxiv_fine,kmeans_k186_s2,0.19787171020186983,140
8,arxiv_fine,kmeans_k372_s0,0.1562589405082006,140
8,arxiv_fine,kmeans_k372_s1,0.09958489968746112,140
8,arxiv_fine,kmeans_k372_s2,0.12812849074752358,140
8,arxiv_fine,gmm_k23_s0,0.5028127997225355,140
8,arxiv_fine,gmm_k23_s1,0.49158042589230905,140
8,arxiv_fine,gmm_k23_s2,0.49485153930649056,140
8,arxiv_fine,gmm_k46_s0,0.4266805163019209,140
8,arxiv_fine,gmm_k46_s1,0.4302631847377647,140
8,arxiv_fine,gmm_k46_s2,0.4346524743540669,140
8,arxiv_fine,gmm_k93_s0,0.3450860955586077,140
8,arxiv_fine,gmm_k93_s1,0.33857212991993535,140
8,arxiv_fine,gmm_k93_s2,0.3248074607264736,140
8,arxiv_fine,gmm_k186_s0,0.21913338422877127,140
8,arxiv_fine,gmm_k186_s1,0.23105560234144068,140
8,arxiv_fine,gmm_k186_s2,0.19626919087044448,140
8,arxiv_fine,gmm_k372_s0,0.14269217769716067,140
8,arxiv_fine,gmm_k372_s1,0.14847171466042408,140
8,arxiv_fine,gmm_k372_s2,0.12346402828923417,140
8,arxiv_fine,spectral_k23_s0,0.4874829281136257,140
8,arxiv_fine,spectral_k23_s1,0.48854821224042405,140
8,arxiv_fine,spectral_k23_s2,0.48854821224042405,140
8,arxiv_fine,spectral_k46_s0,0.3612573357162992,140
8,arxiv_fine,spectral_k46_s1,0.35917048265812807,140
8,arxiv_fine,spectral_k46_s2,0.33490546028341206,140
8,arxiv_fine,spectral_k93_s0,0.26916625211760614,140
8,arxiv_fine,spectral_k93_s1,0.26685999972879804,140
8,arxiv_fine,spectral_k93_s2,0.2695423025474951,140
8,arxiv_fine,spectral_k186_s0,0.1751955250685551,140
8,arxiv_fine,spectral_k186_s1,0.21249862457051852,140
8,arxiv_fine,spectral_k186_s2,0.16969968562486712,140
8,arxiv_fine,spectral_k372_s0,0.07360735440690673,140
8,arxiv_fine,spectral_k372_s1,0.11351582674053667,140
8,arxiv_fine,spectral_k372_s2,0.05641474160531048,140
8,arxiv_fine,ward_k23,0.4164056693329483,140
8,arxiv_fine,ward_k46,0.34609115577414257,140
8,arxiv_fine,ward_k93,0.2622984101574555,140
8,arxiv_fine,ward_k186,0.17077668501034235,140
8,arxiv_fine,ward_k372,0.09936912711247957,140
8,arxiv_fine,leiden_k23_s0,0.5109749028832931,140
8,arxiv_fine,leiden_k23_s1,0.5196688838127135,140
8,arxiv_fine,leiden_k23_s2,0.5015790435420459,140
8,arxiv_fine,leiden_k46_s0,0.42855290116368744,140
8,arxiv_fine,leiden_k46_s1,0.4212749887289778,140
8,arxiv_fine,leiden_k46_s2,0.39857917833969514,140
8,arxiv_fine,leiden_k93_s0,0.28612148604278287,140
8,arxiv_fine,leiden_k93_s1,0.29316883651735043,140
8,arxiv_fine,leiden_k93_s2,0.2710102395294563,140
8,arxiv_fine,leiden_k186_s0,0.214164055023104,140
8,arxiv_fine,leiden_k186_s1,0.23163509756820755,140
8,arxiv_fine,leiden_k186_s2,0.20842741842085544,140
8,arxiv_fine,leiden_k372_s0,0.15634714377155562,140
8,arxiv_fine,leiden_k372_s1,0.14235859513723295,140
8,arxiv_fine,leiden_k372_s2,0.1312276419137197,140
8,banking77,kmeans_k19_s0,0.4841534865596497,888
8,banking77,kmeans_k19_s1,0.4639558891455531,888
8,banking77,kmeans_k19_s2,0.4492338590092885,888
8,banking77,kmeans_k38_s0,0.47338927897560873,888
8,banking77,kmeans_k38_s1,0.4896143906171225,888
8,banking77,kmeans_k38_s2,0.4892103441176821,888
8,banking77,kmeans_k77_s0,0.4478366386641825,888
8,banking77,kmeans_k77_s1,0.4499009665722906,888
8,banking77,kmeans_k77_s2,0.4433904272482299,888
8,banking77,kmeans_k154_s0,0.37927660237129945,888
8,banking77,kmeans_k154_s1,0.3775971009851019,888
8,banking77,kmeans_k154_s2,0.3812238851564006,888
8,banking77,kmeans_k308_s0,0.2976600566269671,888
8,banking77,kmeans_k308_s1,0.308949478255358,888
8,banking77,kmeans_k308_s2,0.3000248982986198,888
8,banking77,gmm_k19_s0,0.5229464780170414,888
8,banking77,gmm_k19_s1,0.5232508309978134,888
8,banking77,gmm_k19_s2,0.5054237416592113,888
8,banking77,gmm_k38_s0,0.5221589024276837,888
8,banking77,gmm_k38_s1,0.519483372260895,888
8,banking77,gmm_k38_s2,0.5194119198762219,888
8,banking77,gmm_k77_s0,0.47256480955721303,888
8,banking77,gmm_k77_s1,0.46552301593350964,888
8,banking77,gmm_k77_s2,0.47626066996525523,888
8,banking77,gmm_k154_s0,0.4059859350337148,888
8,banking77,gmm_k154_s1,0.40279258530891177,888
8,banking77,gmm_k154_s2,0.40608949556815455,888
8,banking77,gmm_k308_s0,0.32806324288959043,888
8,banking77,gmm_k308_s1,0.3229586552456862,888
8,banking77,gmm_k308_s2,0.3240929943532844,888
8,banking77,spectral_k19_s0,0.4972587738478679,888
8,banking77,spectral_k19_s1,0.49590692089763005,888
8,banking77,spectral_k19_s2,0.4985824350695936,888
8,banking77,spectral_k38_s0,0.4924995910601375,888
8,banking77,spectral_k38_s1,0.49153022424190324,888
8,banking77,spectral_k38_s2,0.4919112181364072,888
8,banking77,spectral_k77_s0,0.4417898972317459,888
8,banking77,spectral_k77_s1,0.45312417222531504,888
8,banking77,spectral_k77_s2,0.44843131571454337,888
8,banking77,spectral_k154_s0,0.376872695731239,888
8,banking77,spectral_k154_s1,0.3713575726428422,888
8,banking77,spectral_k154_s2,0.3751249064703218,888
8,banking77,spectral_k308_s0,0.2872150053043669,888
8,banking77,spectral_k308_s1,0.27374058999634504,888
8,banking77,spectral_k308_s2,0.27733129545603546,888
8,banking77,ward_k19,0.5202695162148512,888
8,banking77,ward_k38,0.5018918467414952,888
8,banking77,ward_k77,0.4531220011663983,888
8,banking77,ward_k154,0.38424122451066206,888
8,banking77,ward_k308,0.3011630248025516,888
8,banking77,leiden_k19_s0,0.48080522156199196,888
8,banking77,leiden_k19_s1,0.47959220682896686,888
8,banking77,leiden_k19_s2,0.4928254191013838,888
8,banking77,leiden_k38_s0,0.5061492233485135,888
8,banking77,leiden_k38_s1,0.5079229060414447,888
8,banking77,leiden_k38_s2,0.5148577920349392,888
8,banking77,leiden_k77_s0,0.46118215105835525,888
8,banking77,leiden_k77_s1,0.45676923756205184,888
8,banking77,leiden_k77_s2,0.4669750205526336,888
8,banking77,leiden_k154_s0,0.3955036984987839,888
8,banking77,leiden_k154_s1,0.3929564106332085,888
8,banking77,leiden_k154_s2,0.39088122932005803,888
8,banking77,leiden_k308_s0,0.3130097751049918,888
8,banking77,leiden_k308_s1,0.3110764652360793,888
8,banking77,leiden_k308_s2,0.31558835956664943,888
8,bbcnews,kmeans_k2_s0,0.3298834436205755,814
8,bbcnews,kmeans_k2_s1,0.4314407103556118,814
8,bbcnews,kmeans_k2_s2,0.4314407103556118,814
8,bbcnews,kmeans_k5_s0,0.7833379439653048,814
8,bbcnews,kmeans_k5_s1,0.7850306428830781,814
8,bbcnews,kmeans_k5_s2,0.7828605727215704,814
8,bbcnews,kmeans_k10_s0,0.670391886725383,814
8,bbcnews,kmeans_k10_s1,0.6984561111551196,814
8,bbcnews,kmeans_k10_s2,0.6831187489828378,814
8,bbcnews,kmeans_k20_s0,0.582123855051996,814
8,bbcnews,kmeans_k20_s1,0.601611466617997,814
8,bbcnews,kmeans_k20_s2,0.5941866879274679,814
8,bbcnews,gmm_k2_s0,0.4133206363461597,814
8,bbcnews,gmm_k2_s1,0.41332063634615973,814
8,bbcnews,gmm_k2_s2,0.41332063634615973,814
8,bbcnews,gmm_k5_s0,0.644008831318725,814
8,bbcnews,gmm_k5_s1,0.6713554784867382,814
8,bbcnews,gmm_k5_s2,0.644008831318725,814
8,bbcnews,gmm_k10_s0,0.662714462932093,814
8,bbcnews,gmm_k10_s1,0.6618546163105858,814
8,bbcnews,gmm_k10_s2,0.6714816647874612,814
8,bbcnews,gmm_k20_s0,0.5921746919539476,814
8,bbcnews,gmm_k20_s1,0.5891350193283577,814
8,bbcnews,gmm_k20_s2,0.5869788663842627,814
8,bbcnews,spectral_k2_s0,0.4133206363461597,814
8,bbcnews,spectral_k2_s1,0.4133206363461597,814
8,bbcnews,spectral_k2_s2,0.4133206363461597,814
8,bbcnews,spectral_k5_s0,0.5740925786226639,814
8,bbcnews,spectral_k5_s1,0.5740925786226638,814
8,bbcnews,spectral_k5_s2,0.5740925786226639,814
8,bbcnews,spectral_k10_s0,0.6811076135253965,814
8,bbcnews,spectral_k10_s1,0.6811076135253965,814
8,bbcnews,spectral_k10_s2,0.6811076135253965,814
8,bbcnews,spectral_k20_s0,0.6060181509939555,814
8,bbcnews,spectral_k20_s1,0.6124707222458585,814
8,bbcnews,spectral_k20_s2,0.605127753634451,814
8,bbcnews,ward_k2,0.43109331364356324,814
8,bbcnews,ward_k5,0.714606394473974,814
8,bbcnews,ward_k10,0.6399584027239784,814
8,bbcnews,ward_k20,0.5766962806584077,814
8,bbcnews,leiden_k2_s0,0.4133206363461597,814
8,bbcnews,leiden_k2_s1,0.4133206363461597,814
8,bbcnews,leiden_k2_s2,0.4133206363461597,814
8,bbcnews,leiden_k5_s0,0.6568531202818744,814
8,bbcnews,leiden_k5_s1,0.6689168723592257,814
8,bbcnews,leiden_k5_s2,0.6689168723592257,814
8,bbcnews,leiden_k10_s0,0.6688201804421984,814
8,bbcnews,leiden_k10_s1,0.6735873496666597,814
8,bbcnews,leiden_k10_s2,0.6795015530584357,814
8,bbcnews,leiden_k20_s0,0.5978072823568267,814
8,bbcnews,leiden_k20_s1,0.5992046272075473,814
8,bbcnews,leiden_k20_s2,0.5871745190295916,814
8,clinc150,kmeans_k38_s0,0.46053493504194304,657
8,clinc150,kmeans_k38_s1,0.4460708318499877,657
8,clinc150,kmeans_k38_s2,0.4559350578446321,657
8,clinc150,kmeans_k76_s0,0.4264149266390519,657
8,clinc150,kmeans_k76_s1,0.42816183682285236,657
8,clinc150,kmeans_k76_s2,0.4217211804050457,657
8,clinc150,kmeans_k151_s0,0.3743318193707698,657
8,clinc150,kmeans_k151_s1,0.3881782109370793,657
8,clinc150,kmeans_k151_s2,0.3591847825132886,657
8,clinc150,kmeans_k302_s0,0.2909214963894131,657
8,clinc150,kmeans_k302_s1,0.28820551024011043,657
8,clinc150,kmeans_k302_s2,0.3048886730501166,657
8,clinc150,kmeans_k604_s0,0.22609539187186906,657
8,clinc150,kmeans_k604_s1,0.20022652829388318,657
8,clinc150,kmeans_k604_s2,0.2041968373005909,657
8,clinc150,gmm_k38_s0,0.43602167065189645,657
8,clinc150,gmm_k38_s1,0.45952173219502435,657
8,clinc150,gmm_k38_s2,0.4390579480213222,657
8,clinc150,gmm_k76_s0,0.42070789339689135,657
8,clinc150,gmm_k76_s1,0.4202254671998939,657
8,clinc150,gmm_k76_s2,0.42850214942463477,657
8,clinc150,gmm_k151_s0,0.37572389755058433,657
8,clinc150,gmm_k151_s1,0.3726338545350183,657
8,clinc150,gmm_k151_s2,0.3711095833510728,657
8,clinc150,gmm_k302_s0,0.3192146302411595,657
8,clinc150,gmm_k302_s1,0.3157218266628579,657
8,clinc150,gmm_k302_s2,0.3187636050581449,657
8,clinc150,gmm_k604_s0,0.264871969680607,657
8,clinc150,gmm_k604_s1,0.2640476911997527,657
8,clinc150,gmm_k604_s2,0.263930408402346,657
8,clinc150,spectral_k38_s0,0.4308888657277056,657
8,clinc150,spectral_k38_s1,0.41609602485117636,657
8,clinc150,spectral_k38_s2,0.3622799949790763,657
8,clinc150,spectral_k76_s0,0.34596508291807143,657
8,clinc150,spectral_k76_s1,0.3376232252830954,657
8,clinc150,spectral_k76_s2,0.3343261757979006,657
8,clinc150,spectral_k151_s0,0.3522869461820149,657
8,clinc150,spectral_k151_s1,0.35435595288249844,657
8,clinc150,spectral_k151_s2,0.36048847827567104,657
8,clinc150,spectral_k302_s0,0.25837277389079794,657
8,clinc150,spectral_k302_s1,0.26161646389702053,657
8,clinc150,spectral_k302_s2,0.2673057635221539,657
8,clinc150,spectral_k604_s0,0.1678243400878292,657
8,clinc150,spectral_k604_s1,0.17920624847895125,657
8,clinc150,spectral_k604_s2,0.18296693587920024,657
8,clinc150,ward_k38,0.4546017399450013,657
8,clinc150,ward_k76,0.4255645957768771,657
8,clinc150,ward_k151,0.3570955982356114,657
8,clinc150,ward_k302,0.299938437584809,657
8,clinc150,ward_k604,0.22252967587318204,657
8,clinc150,leiden_k38_s0,0.4341802456538882,657
8,clinc150,leiden_k38_s1,0.419233072685455,657
8,clinc150,leiden_k38_s2,0.4222420447034457,657
8,clinc150,leiden_k76_s0,0.41666030159226514,657
8,clinc150,leiden_k76_s1,0.41786906086390946,657
8,clinc150,leiden_k76_s2,0.4261866504999069,657
8,clinc150,leiden_k151_s0,0.373415038761107,657
8,clinc150,leiden_k151_s1,0.37343836124957797,657
8,clinc150,leiden_k151_s2,0.37392918902545635,657
8,clinc150,leiden_k302_s0,0.31048838847556337,657
8,clinc150,leiden_k302_s1,0.31176788492967195,657
8,clinc150,leiden_k302_s2,0.30811419096392906,657
8,clinc150,leiden_k604_s0,0.22795705824622817,657
8,clinc150,leiden_k604_s1,0.23476302351988299,657
8,clinc150,leiden_k604_s2,0.23086329502881103,657
8,clinc150_domain,kmeans_k2_s0,0.25410775579104883,701
8,clinc150_domain,kmeans_k2_s1,0.3633610157553136,701
8,clinc150_domain,kmeans_k2_s2,0.3633610157553136,701
8,clinc150_domain,kmeans_k5_s0,0.5324843642665587,701
8,clinc150_domain,kmeans_k5_s1,0.536928907054891,701
8,clinc150_domain,kmeans_k5_s2,0.515828150865626,701
8,clinc150_domain,kmeans_k10_s0,0.542041952053162,701
8,clinc150_domain,kmeans_k10_s1,0.4570066964014832,701
8,clinc150_domain,kmeans_k10_s2,0.47603692124773395,701
8,clinc150_domain,kmeans_k20_s0,0.5171991795296002,701
8,clinc150_domain,kmeans_k20_s1,0.5104981817424642,701
8,clinc150_domain,kmeans_k20_s2,0.5075356150692033,701
8,clinc150_domain,kmeans_k40_s0,0.4679906887363946,701
8,clinc150_domain,kmeans_k40_s1,0.47756638264677453,701
8,clinc150_domain,kmeans_k40_s2,0.4598466494457993,701
8,clinc150_domain,gmm_k2_s0,0.3413399785970282,701
8,clinc150_domain,gmm_k2_s1,0.1932106239481718,701
8,clinc150_domain,gmm_k2_s2,0.22229720143378817,701
8,clinc150_domain,gmm_k5_s0,0.4622726346633668,701
8,clinc150_domain,gmm_k5_s1,0.4070453559582773,701
8,clinc150_domain,gmm_k5_s2,0.40420775922557706,701
8,clinc150_domain,gmm_k10_s0,0.4584106116990878,701
8,clinc150_domain,gmm_k10_s1,0.45786627715953665,701
8,clinc150_domain,gmm_k10_s2,0.4477955291410678,701
8,clinc150_domain,gmm_k20_s0,0.47515234110136567,701
8,clinc150_domain,gmm_k20_s1,0.47092268380016716,701
8,clinc150_domain,gmm_k20_s2,0.4912707907087463,701
8,clinc150_domain,gmm_k40_s0,0.47377147897681676,701
8,clinc150_domain,gmm_k40_s1,0.4540365361939559,701
8,clinc150_domain,gmm_k40_s2,0.4752132875526788,701
8,clinc150_domain,spectral_k2_s0,0.003857929333160954,701
8,clinc150_domain,spectral_k2_s1,0.003857929333160954,701
8,clinc150_domain,spectral_k2_s2,0.003857929333160954,701
8,clinc150_domain,spectral_k5_s0,0.04675180164191523,701
8,clinc150_domain,spectral_k5_s1,0.04675180164191523,701
8,clinc150_domain,spectral_k5_s2,0.04675180164191523,701
8,clinc150_domain,spectral_k10_s0,0.3903186736434059,701
8,clinc150_domain,spectral_k10_s1,0.3903186736434058,701
8,clinc150_domain,spectral_k10_s2,0.3903186736434058,701
8,clinc150_domain,spectral_k20_s0,0.4885407874184607,701
8,clinc150_domain,spectral_k20_s1,0.48854078741846063,701
8,clinc150_domain,spectral_k20_s2,0.4885407874184607,701
8,clinc150_domain,spectral_k40_s0,0.47917250062990346,701
8,clinc150_domain,spectral_k40_s1,0.4874791531422964,701
8,clinc150_domain,spectral_k40_s2,0.44846306001077996,701
8,clinc150_domain,ward_k2,0.3719502575930728,701
8,clinc150_domain,ward_k5,0.5012128070870823,701
8,clinc150_domain,ward_k10,0.5676483063216563,701
8,clinc150_domain,ward_k20,0.5018731165633363,701
8,clinc150_domain,ward_k40,0.48573399430262926,701
8,clinc150_domain,leiden_k2_s0,0.003857929333160954,701
8,clinc150_domain,leiden_k2_s1,0.003857929333160954,701
8,clinc150_domain,leiden_k2_s2,0.04314657466448423,701
8,clinc150_domain,leiden_k5_s0,0.3215660571429751,701
8,clinc150_domain,leiden_k5_s1,0.33171342711037183,701
8,clinc150_domain,leiden_k5_s2,0.2956569978826444,701
8,clinc150_domain,leiden_k10_s0,0.4698685120773035,701
8,clinc150_domain,leiden_k10_s1,0.4934710569329129,701
8,clinc150_domain,leiden_k10_s2,0.449501953362815,701
8,clinc150_domain,leiden_k20_s0,0.4636063272618421,701
8,clinc150_domain,leiden_k20_s1,0.45854953408052074,701
8,clinc150_domain,leiden_k20_s2,0.4754075493553667,701
8,clinc150_domain,leiden_k40_s0,0.474539861552174,701
8,clinc150_domain,leiden_k40_s1,0.47666603190140144,701
8,clinc150_domain,leiden_k40_s2,0.48310359462464253,701
8,dbpedia,kmeans_k4_s0,0.6536993988107965,563
8,dbpedia,kmeans_k4_s1,0.6434452255314171,563
8,dbpedia,kmeans_k4_s2,0.6922886243430347,563
8,dbpedia,kmeans_k7_s0,0.7395381656239186,563
8,dbpedia,kmeans_k7_s1,0.7389933670989896,563
8,dbpedia,kmeans_k7_s2,0.7407181602286926,563
8,dbpedia,kmeans_k14_s0,0.731184170298108,563
8,dbpedia,kmeans_k14_s1,0.6953901552391797,563
8,dbpedia,kmeans_k14_s2,0.787681963305025,563
8,dbpedia,kmeans_k28_s0,0.6704781229182145,563
8,dbpedia,kmeans_k28_s1,0.7056964712604837,563
8,dbpedia,kmeans_k28_s2,0.666262186207033,563
8,dbpedia,kmeans_k56_s0,0.6218567654861036,563
8,dbpedia,kmeans_k56_s1,0.6291533716106328,563
8,dbpedia,kmeans_k56_s2,0.6009239182442955,563
8,dbpedia,gmm_k4_s0,0.47994414217802167,563
8,dbpedia,gmm_k4_s1,0.6376820313098402,563
8,dbpedia,gmm_k4_s2,0.47994414217802167,563
8,dbpedia,gmm_k7_s0,0.6789304848726403,563
8,dbpedia,gmm_k7_s1,0.760425895004165,563
8,dbpedia,gmm_k7_s2,0.7068578189375494,563
8,dbpedia,gmm_k14_s0,0.8181276321676587,563
8,dbpedia,gmm_k14_s1,0.8262436120429036,563
8,dbpedia,gmm_k14_s2,0.807001761078893,563
8,dbpedia,gmm_k28_s0,0.7101242225405507,563
8,dbpedia,gmm_k28_s1,0.7159945326507559,563
8,dbpedia,gmm_k28_s2,0.7030747976295615,563
8,dbpedia,gmm_k56_s0,0.6345304463148798,563
8,dbpedia,gmm_k56_s1,0.6302937458018176,563
8,dbpedia,gmm_k56_s2,0.6263824913427788,563
8,dbpedia,spectral_k4_s0,0.47555324905378876,563
8,dbpedia,spectral_k4_s1,0.47555324905378876,563
8,dbpedia,spectral_k4_s2,0.4755532490537887,563
8,dbpedia,spectral_k7_s0,0.6536275460315155,563
8,dbpedia,spectral_k7_s1,0.6536275460315156,563
8,dbpedia,spectral_k7_s2,0.6536275460315157,563
8,dbpedia,spectral_k14_s0,0.694959317997157,563
8,dbpedia,spectral_k14_s1,0.7582340398460585,563
8,dbpedia,spectral_k14_s2,0.7112654190029714,563
8,dbpedia,spectral_k28_s0,0.6845647329816562,563
8,dbpedia,spectral_k28_s1,0.691220651236705,563
8,dbpedia,spectral_k28_s2,0.6812338093325931,563
8,dbpedia,spectral_k56_s0,0.5982816897767168,563
8,dbpedia,spectral_k56_s1,0.6137811731463619,563
8,dbpedia,spectral_k56_s2,0.6209567713507697,563
8,dbpedia,ward_k4,0.5671208553365616,563
8,dbpedia,ward_k7,0.6870232177533985,563
8,dbpedia,ward_k14,0.7419162064176735,563
8,dbpedia,ward_k28,0.6833232407534847,563
8,dbpedia,ward_k56,0.6020088960954346,563
8,dbpedia,leiden_k4_s0,0.4813920458963437,563
8,dbpedia,leiden_k4_s1,0.48249802842283335,563
8,dbpedia,leiden_k4_s2,0.4813920458963437,563
8,dbpedia,leiden_k7_s0,0.7170805719295074,563
8,dbpedia,leiden_k7_s1,0.7193297566705968,563
8,dbpedia,leiden_k7_s2,0.7516404136770002,563
8,dbpedia,leiden_k14_s0,0.84443484672334,563
8,dbpedia,leiden_k14_s1,0.8453428745647665,563
8,dbpedia,leiden_k14_s2,0.8499328653950207,563
8,dbpedia,leiden_k28_s0,0.7273892159061356,563
8,dbpedia,leiden_k28_s1,0.7255941749372051,563
8,dbpedia,leiden_k28_s2,0.7292373362973621,563
8,dbpedia,leiden_k56_s0,0.6244936786791123,563
8,dbpedia,leiden_k56_s1,0.6211930948406653,563
8,dbpedia,leiden_k56_s2,0.6190766209510083,563
8,fewevent,kmeans_k8_s0,0.5883459801501398,695
8,fewevent,kmeans_k8_s1,0.6348085158604987,695
8,fewevent,kmeans_k8_s2,0.6368873984254851,695
8,fewevent,kmeans_k17_s0,0.628243003759592,695
8,fewevent,kmeans_k17_s1,0.6404744133374142,695
8,fewevent,kmeans_k17_s2,0.6181006987114473,695
8,fewevent,kmeans_k34_s0,0.5732615288894347,695
8,fewevent,kmeans_k34_s1,0.5855046172352988,695
8,fewevent,kmeans_k34_s2,0.5684352285672544,695
8,fewevent,kmeans_k68_s0,0.5184952522465204,695
8,fewevent,kmeans_k68_s1,0.5086410257179584,695
8,fewevent,kmeans_k68_s2,0.5172751955572975,695
8,fewevent,kmeans_k136_s0,0.4501588189526863,695
8,fewevent,kmeans_k136_s1,0.4537523718705334,695
8,fewevent,kmeans_k136_s2,0.45677309958593304,695
8,fewevent,gmm_k8_s0,0.6274763388541079,695
8,fewevent,gmm_k8_s1,0.6605293041330631,695
8,fewevent,gmm_k8_s2,0.6274763388541079,695
8,fewevent,gmm_k17_s0,0.6712483289884662,695
8,fewevent,gmm_k17_s1,0.6435672907658059,695
8,fewevent,gmm_k17_s2,0.6427898944005337,695
8,fewevent,gmm_k34_s0,0.5707248316286483,695
8,fewevent,gmm_k34_s1,0.5927583694324121,695
8,fewevent,gmm_k34_s2,0.6069987446975735,695
8,fewevent,gmm_k68_s0,0.5228576680605005,695
8,fewevent,gmm_k68_s1,0.5282909181241683,695
8,fewevent,gmm_k68_s2,0.5219044595243041,695
8,fewevent,gmm_k136_s0,0.4454408734413972,695
8,fewevent,gmm_k136_s1,0.44490108237742004,695
8,fewevent,gmm_k136_s2,0.4393389999727598,695
8,fewevent,spectral_k8_s0,0.6535706389328754,695
8,fewevent,spectral_k8_s1,0.6535706389328754,695
8,fewevent,spectral_k8_s2,0.6535706389328754,695
8,fewevent,spectral_k17_s0,0.6711485934120517,695
8,fewevent,spectral_k17_s1,0.6711485934120516,695
8,fewevent,spectral_k17_s2,0.6711485934120517,695
8,fewevent,spectral_k34_s0,0.5986037786078672,695
8,fewevent,spectral_k34_s1,0.6053189894783976,695
8,fewevent,spectral_k34_s2,0.6053189894783978,695
8,fewevent,spectral_k68_s0,0.5095204779754966,695
8,fewevent,spectral_k68_s1,0.5122939801346246,695
8,fewevent,spectral_k68_s2,0.5162585671476692,695
8,fewevent,spectral_k136_s0,0.41931786739810895,695
8,fewevent,spectral_k136_s1,0.41535632534273753,695
8,fewevent,spectral_k136_s2,0.42115358369419764,695
8,fewevent,ward_k8,0.6058594874967856,695
8,fewevent,ward_k17,0.6274209411208426,695
8,fewevent,ward_k34,0.5780863821132478,695
8,fewevent,ward_k68,0.5263953792276371,695
8,fewevent,ward_k136,0.45757057430599773,695
8,fewevent,leiden_k8_s0,0.6555174864650708,695
8,fewevent,leiden_k8_s1,0.6586375543820592,695
8,fewevent,leiden_k8_s2,0.6544260750571737,695
8,fewevent,leiden_k17_s0,0.6716272692840246,695
8,fewevent,leiden_k17_s1,0.6734236523522357,695
8,fewevent,leiden_k17_s2,0.6557291327705166,695
8,fewevent,leiden_k34_s0,0.5930118847788827,695
8,fewevent,leiden_k34_s1,0.6021557961266598,695
8,fewevent,leiden_k34_s2,0.6010207459077205,695
8,fewevent,leiden_k68_s0,0.5152242573992268,695
8,fewevent,leiden_k68_s1,0.5239592291278312,695
8,fewevent,leiden_k68_s2,0.5139105091991731,695
8,fewevent,leiden_k136_s0,0.4331624886491818,695
8,fewevent,leiden_k136_s1,0.4386500357980297,695
8,fewevent,leiden_k136_s2,0.4389959542679506,695
8,fewnerd,kmeans_k14_s0,0.18507177526869553,644
8,fewnerd,kmeans_k14_s1,0.16701238350958642,644
8,fewnerd,kmeans_k14_s2,0.16990361936507628,644
8,fewnerd,kmeans_k29_s0,0.18381758139610246,644
8,fewnerd,kmeans_k29_s1,0.15569467777466484,644
8,fewnerd,kmeans_k29_s2,0.16506122297380557,644
8,fewnerd,kmeans_k58_s0,0.14175912146835284,644
8,fewnerd,kmeans_k58_s1,0.16644714689083115,644
8,fewnerd,kmeans_k58_s2,0.16246939815751263,644
8,fewnerd,kmeans_k116_s0,0.12812597796755187,644
8,fewnerd,kmeans_k116_s1,0.1336322717908841,644
8,fewnerd,kmeans_k116_s2,0.14080646450229312,644
8,fewnerd,kmeans_k232_s0,0.10865617453663544,644
8,fewnerd,kmeans_k232_s1,0.10224800156735789,644
8,fewnerd,kmeans_k232_s2,0.10486288543967001,644
8,fewnerd,gmm_k14_s0,0.1515927823152531,644
8,fewnerd,gmm_k14_s1,0.14645095706959868,644
8,fewnerd,gmm_k14_s2,0.1459626734684355,644
8,fewnerd,gmm_k29_s0,0.15588661951491184,644
8,fewnerd,gmm_k29_s1,0.15154051405927024,644
8,fewnerd,gmm_k29_s2,0.15079871028189862,644
8,fewnerd,gmm_k58_s0,0.14939481262493626,644
8,fewnerd,gmm_k58_s1,0.15081506847218032,644
8,fewnerd,gmm_k58_s2,0.14983550305897034,644
8,fewnerd,gmm_k116_s0,0.13903533639353832,644
8,fewnerd,gmm_k116_s1,0.13533654585535249,644
8,fewnerd,gmm_k116_s2,0.1370884733610171,644
8,fewnerd,gmm_k232_s0,0.11561026773777883,644
8,fewnerd,gmm_k232_s1,0.10911441193770395,644
8,fewnerd,gmm_k232_s2,0.11748034572286499,644
8,fewnerd,spectral_k14_s0,0.1499067186336779,644
8,fewnerd,spectral_k14_s1,0.1467782456723873,644
8,fewnerd,spectral_k14_s2,0.14677824567238731,644
8,fewnerd,spectral_k29_s0,0.1364981962527147,644
8,fewnerd,spectral_k29_s1,0.14022732693014947,644
8,fewnerd,spectral_k29_s2,0.13804280724626922,644
8,fewnerd,spectral_k58_s0,0.1259093958112313,644
8,fewnerd,spectral_k58_s1,0.13862436385018748,644
8,fewnerd,spectral_k58_s2,0.13596064784742037,644
8,fewnerd,spectral_k116_s0,0.12296966572491473,644
8,fewnerd,spectral_k116_s1,0.12942170115853024,644
8,fewnerd,spectral_k116_s2,0.12677838841652567,644
8,fewnerd,spectral_k232_s0,0.09999683283337837,644
8,fewnerd,spectral_k232_s1,0.09477789639138898,644
8,fewnerd,spectral_k232_s2,0.1063808003303933,644
8,fewnerd,ward_k14,0.11729764683382933,644
8,fewnerd,ward_k29,0.12671270357078995,644
8,fewnerd,ward_k58,0.12574039250000785,644
8,fewnerd,ward_k116,0.11729089688795889,644
8,fewnerd,ward_k232,0.10296689509454285,644
8,fewnerd,leiden_k14_s0,0.1624203183153557,644
8,fewnerd,leiden_k14_s1,0.15945078832212828,644
8,fewnerd,leiden_k14_s2,0.15269897520934253,644
8,fewnerd,leiden_k29_s0,0.1473562942404732,644
8,fewnerd,leiden_k29_s1,0.1431514392171562,644
8,fewnerd,leiden_k29_s2,0.15197360566853363,644
8,fewnerd,leiden_k58_s0,0.14136202539210843,644
8,fewnerd,leiden_k58_s1,0.13467280118366545,644
8,fewnerd,leiden_k58_s2,0.15077877374822987,644
8,fewnerd,leiden_k116_s0,0.13703229853450588,644
8,fewnerd,leiden_k116_s1,0.14648473973986384,644
8,fewnerd,leiden_k116_s2,0.14126432859194354,644
8,fewnerd,leiden_k232_s0,0.11905000436568053,644
8,fewnerd,leiden_k232_s1,0.11930601169417855,644
8,fewnerd,leiden_k232_s2,0.1099909386376643,644
8,fewrel,kmeans_k16_s0,0.31321812234773005,443
8,fewrel,kmeans_k16_s1,0.29067240513146964,443
8,fewrel,kmeans_k16_s2,0.2953775352098708,443
8,fewrel,kmeans_k32_s0,0.3010903376015054,443
8,fewrel,kmeans_k32_s1,0.29226386261091397,443
8,fewrel,kmeans_k32_s2,0.31629641290047733,443
8,fewrel,kmeans_k64_s0,0.2488143742328562,443
8,fewrel,kmeans_k64_s1,0.24090769071424997,443
8,fewrel,kmeans_k64_s2,0.24084817268014933,443
8,fewrel,kmeans_k128_s0,0.2139705956504809,443
8,fewrel,kmeans_k128_s1,0.2053491345008736,443
8,fewrel,kmeans_k128_s2,0.21678024560686684,443
8,fewrel,kmeans_k256_s0,0.15323872641907704,443
8,fewrel,kmeans_k256_s1,0.16487283200872183,443
8,fewrel,kmeans_k256_s2,0.17473623578349778,443
8,fewrel,gmm_k16_s0,0.27822272986249014,443
8,fewrel,gmm_k16_s1,0.27579419745719586,443
8,fewrel,gmm_k16_s2,0.27020025884594184,443
8,fewrel,gmm_k32_s0,0.27978648929305944,443
8,fewrel,gmm_k32_s1,0.2807381485174335,443
8,fewrel,gmm_k32_s2,0.27083501126340265,443
8,fewrel,gmm_k64_s0,0.2540152814608878,443
8,fewrel,gmm_k64_s1,0.2597156555132692,443
8,fewrel,gmm_k64_s2,0.2622677728440957,443
8,fewrel,gmm_k128_s0,0.23109834370523863,443
8,fewrel,gmm_k128_s1,0.2322271540585148,443
8,fewrel,gmm_k128_s2,0.22500298089773607,443
8,fewrel,gmm_k256_s0,0.1845191946548445,443
8,fewrel,gmm_k256_s1,0.17525973557293115,443
8,fewrel,gmm_k256_s2,0.17832288488129822,443
8,fewrel,spectral_k16_s0,0.22432479033842545,443
8,fewrel,spectral_k16_s1,0.22386172302386936,443
8,fewrel,spectral_k16_s2,0.2238617230238694,443
8,fewrel,spectral_k32_s0,0.24405782108636692,443
8,fewrel,spectral_k32_s1,0.25298593415738463,443
8,fewrel,spectral_k32_s2,0.24160210937085114,443
8,fewrel,spectral_k64_s0,0.22956852962828933,443
8,fewrel,spectral_k64_s1,0.19804182831171374,443
8,fewrel,spectral_k64_s2,0.22203167883118088,443
8,fewrel,spectral_k128_s0,0.16277494862104008,443
8,fewrel,spectral_k128_s1,0.1703660758785289,443
8,fewrel,spectral_k128_s2,0.16333126232991574,443
8,fewrel,spectral_k256_s0,0.1260359274630206,443
8,fewrel,spectral_k256_s1,0.1390941897859256,443
8,fewrel,spectral_k256_s2,0.1375306925745615,443
8,fewrel,ward_k16,0.2782931862898161,443
8,fewrel,ward_k32,0.26965562616713806,443
8,fewrel,ward_k64,0.24930369747457906,443
8,fewrel,ward_k128,0.20509593463974177,443
8,fewrel,ward_k256,0.16552230723344777,443
8,fewrel,leiden_k16_s0,0.2960294577244416,443
8,fewrel,leiden_k16_s1,0.27203311924181733,443
8,fewrel,leiden_k16_s2,0.29180617889841204,443
8,fewrel,leiden_k32_s0,0.2696437323086318,443
8,fewrel,leiden_k32_s1,0.28360458676925465,443
8,fewrel,leiden_k32_s2,0.2820771447738922,443
8,fewrel,leiden_k64_s0,0.25763826604601553,443
8,fewrel,leiden_k64_s1,0.2582559415044057,443
8,fewrel,leiden_k64_s2,0.2632156690324321,443
8,fewrel,leiden_k128_s0,0.20401217035376246,443
8,fewrel,leiden_k128_s1,0.214497366535012,443
8,fewrel,leiden_k128_s2,0.2121734393488335,443
8,fewrel,leiden_k256_s0,0.1567710163782572,443
8,fewrel,leiden_k256_s1,0.16982803880316158,443
8,fewrel,leiden_k256_s2,0.15683901858861735,443
8,massive_domain,kmeans_k4_s0,0.4434387823120257,764
8,massive_domain,kmeans_k4_s1,0.4051301214183286,764
8,massive_domain,kmeans_k4_s2,0.405863506854988,764
8,massive_domain,kmeans_k9_s0,0.6126629238556995,764
8,massive_domain,kmeans_k9_s1,0.585150786655512,764
8,massive_domain,kmeans_k9_s2,0.5702184318847856,764
8,massive_domain,kmeans_k18_s0,0.6272357303188468,764
8,massive_domain,kmeans_k18_s1,0.650388253686082,764
8,massive_domain,kmeans_k18_s2,0.6408889308796402,764
8,massive_domain,kmeans_k36_s0,0.6388348435040504,764
8,massive_domain,kmeans_k36_s1,0.617239326694004,764
8,massive_domain,kmeans_k36_s2,0.6190201688173356,764
8,massive_domain,kmeans_k72_s0,0.567898401735361,764
8,massive_domain,kmeans_k72_s1,0.5588030976336049,764
8,massive_domain,kmeans_k72_s2,0.5603868331253906,764
8,massive_domain,gmm_k4_s0,0.41539004322375134,764
8,massive_domain,gmm_k4_s1,0.4572790182136195,764
8,massive_domain,gmm_k4_s2,0.39568461107633973,764
8,massive_domain,gmm_k9_s0,0.6147996251530824,764
8,massive_domain,gmm_k9_s1,0.6184183327083161,764
8,massive_domain,gmm_k9_s2,0.6326555346415188,764
8,massive_domain,gmm_k18_s0,0.6545335356948734,764
8,massive_domain,gmm_k18_s1,0.652709491862706,764
8,massive_domain,gmm_k18_s2,0.6629196425145475,764
8,massive_domain,gmm_k36_s0,0.6464791087429053,764
8,massive_domain,gmm_k36_s1,0.641423623714229,764
8,massive_domain,gmm_k36_s2,0.6281154082138767,764
8,massive_domain,gmm_k72_s0,0.5855560692919173,764
8,massive_domain,gmm_k72_s1,0.5910591209059015,764
8,massive_domain,gmm_k72_s2,0.5813762197758089,764
8,massive_domain,spectral_k4_s0,0.4440941127681853,764
8,massive_domain,spectral_k4_s1,0.4440941127681853,764
8,massive_domain,spectral_k4_s2,0.44409411276818533,764
8,massive_domain,spectral_k9_s0,0.6060711114769435,764
8,massive_domain,spectral_k9_s1,0.6060711114769434,764
8,massive_domain,spectral_k9_s2,0.6060711114769434,764
8,massive_domain,spectral_k18_s0,0.6295650093832199,764
8,massive_domain,spectral_k18_s1,0.62956500938322,764
8,massive_domain,spectral_k18_s2,0.62956500938322,764
8,massive_domain,spectral_k36_s0,0.6469836734175353,764
8,massive_domain,spectral_k36_s1,0.6452668346147188,764
8,massive_domain,spectral_k36_s2,0.6452668346147187,764
8,massive_domain,spectral_k72_s0,0.5515759900119933,764
8,massive_domain,spectral_k72_s1,0.5542530378660805,764
8,massive_domain,spectral_k72_s2,0.5469094972903566,764
8,massive_domain,ward_k4,0.4491476353919846,764
8,massive_domain,ward_k9,0.5866607582835598,764
8,massive_domain,ward_k18,0.6451008275149491,764
8,massive_domain,ward_k36,0.6425088411573834,764
8,massive_domain,ward_k72,0.5724125556936898,764
8,massive_domain,leiden_k4_s0,0.46393814470122247,764
8,massive_domain,leiden_k4_s1,0.40463094222655205,764
8,massive_domain,leiden_k4_s2,0.379533589157144,764
8,massive_domain,leiden_k9_s0,0.6360502139317359,764
8,massive_domain,leiden_k9_s1,0.620192988724685,764
8,massive_domain,leiden_k9_s2,0.5924693679544346,764
8,massive_domain,leiden_k18_s0,0.6738842108362268,764
8,massive_domain,leiden_k18_s1,0.6665085641696122,764
8,massive_domain,leiden_k18_s2,0.6653551812425589,764
8,massive_domain,leiden_k36_s0,0.6314107649573454,764
8,massive_domain,leiden_k36_s1,0.6269693178725406,764
8,massive_domain,leiden_k36_s2,0.6396382653769958,764
8,massive_domain,leiden_k72_s0,0.5825959410780237,764
8,massive_domain,leiden_k72_s1,0.5846062255431504,764
8,massive_domain,leiden_k72_s2,0.5776072033922152,764
8,massive_intent,kmeans_k15_s0,0.6906428935433369,583
8,massive_intent,kmeans_k15_s1,0.7079593179162111,583
8,massive_intent,kmeans_k15_s2,0.7331087157871653,583
8,massive_intent,kmeans_k30_s0,0.7138025193336268,583
8,massive_intent,kmeans_k30_s1,0.6980116465323475,583
8,massive_intent,kmeans_k30_s2,0.7112616783346206,583
8,massive_intent,kmeans_k59_s0,0.6342376396239322,583
8,massive_intent,kmeans_k59_s1,0.6375952438103644,583
8,massive_intent,kmeans_k59_s2,0.6319326819751971,583
8,massive_intent,kmeans_k118_s0,0.5599153378017339,583
8,massive_intent,kmeans_k118_s1,0.5531362773379793,583
8,massive_intent,kmeans_k118_s2,0.5525239044187918,583
8,massive_intent,kmeans_k236_s0,0.48078446405510367,583
8,massive_intent,kmeans_k236_s1,0.4644904523765042,583
8,massive_intent,kmeans_k236_s2,0.4538607952069157,583
8,massive_intent,gmm_k15_s0,0.7169721217972667,583
8,massive_intent,gmm_k15_s1,0.7169721217972664,583
8,massive_intent,gmm_k15_s2,0.7219274223769054,583
8,massive_intent,gmm_k30_s0,0.7538446754915862,583
8,massive_intent,gmm_k30_s1,0.745122323306652,583
8,massive_intent,gmm_k30_s2,0.742688990019291,583
8,massive_intent,gmm_k59_s0,0.6704904247184887,583
8,massive_intent,gmm_k59_s1,0.6565657567602601,583
8,massive_intent,gmm_k59_s2,0.6500547900602086,583
8,massive_intent,gmm_k118_s0,0.5730827641486097,583
8,massive_intent,gmm_k118_s1,0.5756181243676314,583
8,massive_intent,gmm_k118_s2,0.5769050406423866,583
8,massive_intent,gmm_k236_s0,0.48061432357970096,583
8,massive_intent,gmm_k236_s1,0.47400661813212797,583
8,massive_intent,gmm_k236_s2,0.4698488039270387,583
8,massive_intent,spectral_k15_s0,0.6604654197567106,583
8,massive_intent,spectral_k15_s1,0.6604654197567106,583
8,massive_intent,spectral_k15_s2,0.6604654197567105,583
8,massive_intent,spectral_k30_s0,0.7360623187241422,583
8,massive_intent,spectral_k30_s1,0.7360623187241421,583
8,massive_intent,spectral_k30_s2,0.7360623187241422,583
8,massive_intent,spectral_k59_s0,0.638832719454881,583
8,massive_intent,spectral_k59_s1,0.6489713428031835,583
8,massive_intent,spectral_k59_s2,0.6330349502314442,583
8,massive_intent,spectral_k118_s0,0.5266772058610837,583
8,massive_intent,spectral_k118_s1,0.5326791063612705,583
8,massive_intent,spectral_k118_s2,0.531623311836318,583
8,massive_intent,spectral_k236_s0,0.4140224354141672,583
8,massive_intent,spectral_k236_s1,0.41734861361411735,583
8,massive_intent,spectral_k236_s2,0.4088145291038606,583
8,massive_intent,ward_k15,0.6928764639626255,583
8,massive_intent,ward_k30,0.681330147874911,583
8,massive_intent,ward_k59,0.639393515753411,583
8,massive_intent,ward_k118,0.5520016058938519,583
8,massive_intent,ward_k236,0.4667901505884742,583
8,massive_intent,leiden_k15_s0,0.7249281202286422,583
8,massive_intent,leiden_k15_s1,0.7248682300080507,583
8,massive_intent,leiden_k15_s2,0.72569842467445,583
8,massive_intent,leiden_k30_s0,0.7475058571120609,583
8,massive_intent,leiden_k30_s1,0.7351422246888911,583
8,massive_intent,leiden_k30_s2,0.743504751126246,583
8,massive_intent,leiden_k59_s0,0.6480385360971691,583
8,massive_intent,leiden_k59_s1,0.6520293907266199,583
8,massive_intent,leiden_k59_s2,0.6519053706129169,583
8,massive_intent,leiden_k118_s0,0.5743665678424602,583
8,massive_intent,leiden_k118_s1,0.5745407608511965,583
8,massive_intent,leiden_k118_s2,0.5766017190543299,583
8,massive_intent,leiden_k236_s0,0.45627037360261946,583
8,massive_intent,leiden_k236_s1,0.4545695633565684,583
8,massive_intent,leiden_k236_s2,0.4557000926672785,583
8,mcid,kmeans_k4_s0,0.26831746945080104,877
8,mcid,kmeans_k4_s1,0.24432270787522606,877
8,mcid,kmeans_k4_s2,0.1275379461152867,877
8,mcid,kmeans_k8_s0,0.333816608859212,877
8,mcid,kmeans_k8_s1,0.39509726799650646,877
8,mcid,kmeans_k8_s2,0.40046197092967345,877
8,mcid,kmeans_k16_s0,0.4706311847578638,877
8,mcid,kmeans_k16_s1,0.4885922436363354,877
8,mcid,kmeans_k16_s2,0.49585398805800535,877
8,mcid,kmeans_k32_s0,0.5023325275125305,877
8,mcid,kmeans_k32_s1,0.5195788883093102,877
8,mcid,kmeans_k32_s2,0.5299995306666629,877
8,mcid,kmeans_k64_s0,0.506040015498757,877
8,mcid,kmeans_k64_s1,0.4955045541885,877
8,mcid,kmeans_k64_s2,0.513900761159776,877
8,mcid,gmm_k4_s0,0.39583499968559394,877
8,mcid,gmm_k4_s1,0.41781896267345536,877
8,mcid,gmm_k4_s2,0.3958349996855939,877
8,mcid,gmm_k8_s0,0.542714366473641,877
8,mcid,gmm_k8_s1,0.5178689385829771,877
8,mcid,gmm_k8_s2,0.5598035296095918,877
8,mcid,gmm_k16_s0,0.6068627757598245,877
8,mcid,gmm_k16_s1,0.6308914135958437,877
8,mcid,gmm_k16_s2,0.6327883456244455,877
8,mcid,gmm_k32_s0,0.5973443821994049,877
8,mcid,gmm_k32_s1,0.6058183215827805,877
8,mcid,gmm_k32_s2,0.6062232277744021,877
8,mcid,gmm_k64_s0,0.5499705202876713,877
8,mcid,gmm_k64_s1,0.5434436119153884,877
8,mcid,gmm_k64_s2,0.5457004952239022,877
8,mcid,spectral_k4_s0,0.2752347236493378,877
8,mcid,spectral_k4_s1,0.2752347236493378,877
8,mcid,spectral_k4_s2,0.2752347236493378,877
8,mcid,spectral_k8_s0,0.5118428055209693,877
8,mcid,spectral_k8_s1,0.5118428055209694,877
8,mcid,spectral_k8_s2,0.5118428055209694,877
8,mcid,spectral_k16_s0,0.5642573735591874,877
8,mcid,spectral_k16_s1,0.5651807383413086,877
8,mcid,spectral_k16_s2,0.5642573735591874,877
8,mcid,spectral_k32_s0,0.5694668872414893,877
8,mcid,spectral_k32_s1,0.5766718236775044,877
8,mcid,spectral_k32_s2,0.5740654390132399,877
8,mcid,spectral_k64_s0,0.5124721382606867,877
8,mcid,spectral_k64_s1,0.5063012549859904,877
8,mcid,spectral_k64_s2,0.5065113245111033,877
8,mcid,ward_k4,0.34165426279863303,877
8,mcid,ward_k8,0.49148179086489807,877
8,mcid,ward_k16,0.5703095025995979,877
8,mcid,ward_k32,0.5820965482502842,877
8,mcid,ward_k64,0.5442867447759464,877
8,mcid,leiden_k4_s0,0.3990811908147002,877
8,mcid,leiden_k4_s1,0.40139238241786945,877
8,mcid,leiden_k4_s2,0.4099340472059851,877
8,mcid,leiden_k8_s0,0.542574528105594,877
8,mcid,leiden_k8_s1,0.517810921479281,877
8,mcid,leiden_k8_s2,0.4407090634021353,877
8,mcid,leiden_k16_s0,0.596904798232364,877
8,mcid,leiden_k16_s1,0.6014272082739517,877
8,mcid,leiden_k16_s2,0.6002597851814201,877
8,mcid,leiden_k32_s0,0.6035381662697236,877
8,mcid,leiden_k32_s1,0.5994318679840058,877
8,mcid,leiden_k32_s2,0.5970798538872917,877
8,mcid,leiden_k64_s0,0.5293645187372029,877
8,mcid,leiden_k64_s1,0.5336565782567736,877
8,mcid,leiden_k64_s2,0.5353561591576149,877
8,mtop_domain,kmeans_k3_s0,0.416188506480032,901
8,mtop_domain,kmeans_k3_s1,0.5081210003208112,901
8,mtop_domain,kmeans_k3_s2,0.42042859969134294,901
8,mtop_domain,kmeans_k6_s0,0.6443087519330087,901
8,mtop_domain,kmeans_k6_s1,0.6443087519330087,901
8,mtop_domain,kmeans_k6_s2,0.6596580344645243,901
8,mtop_domain,kmeans_k11_s0,0.7886490239993188,901
8,mtop_domain,kmeans_k11_s1,0.8049053046583727,901
8,mtop_domain,kmeans_k11_s2,0.8015114598209562,901
8,mtop_domain,kmeans_k22_s0,0.7538254771720356,901
8,mtop_domain,kmeans_k22_s1,0.7661012359090477,901
8,mtop_domain,kmeans_k22_s2,0.7510080542039179,901
8,mtop_domain,kmeans_k44_s0,0.6604003325898318,901
8,mtop_domain,kmeans_k44_s1,0.664898132340939,901
8,mtop_domain,kmeans_k44_s2,0.669854347055719,901
8,mtop_domain,gmm_k3_s0,0.5249186790868695,901
8,mtop_domain,gmm_k3_s1,0.5175917662557595,901
8,mtop_domain,gmm_k3_s2,0.4507846899509494,901
8,mtop_domain,gmm_k6_s0,0.6958768983144991,901
8,mtop_domain,gmm_k6_s1,0.6932840998925234,901
8,mtop_domain,gmm_k6_s2,0.6958768983144991,901
8,mtop_domain,gmm_k11_s0,0.7839763477413981,901
8,mtop_domain,gmm_k11_s1,0.7901119569324816,901
8,mtop_domain,gmm_k11_s2,0.7975823593593936,901
8,mtop_domain,gmm_k22_s0,0.7700761092031434,901
8,mtop_domain,gmm_k22_s1,0.7600353532609787,901
8,mtop_domain,gmm_k22_s2,0.7564048916476198,901
8,mtop_domain,gmm_k44_s0,0.6922766445821597,901
8,mtop_domain,gmm_k44_s1,0.6763751833619422,901
8,mtop_domain,gmm_k44_s2,0.6859525575190909,901
8,mtop_domain,spectral_k3_s0,0.3566682583468661,901
8,mtop_domain,spectral_k3_s1,0.3566682583468661,901
8,mtop_domain,spectral_k3_s2,0.3566682583468661,901
8,mtop_domain,spectral_k6_s0,0.6733321714905612,901
8,mtop_domain,spectral_k6_s1,0.6767101542463464,901
8,mtop_domain,spectral_k6_s2,0.6767101542463464,901
8,mtop_domain,spectral_k11_s0,0.7600314330332191,901
8,mtop_domain,spectral_k11_s1,0.7625100213610818,901
8,mtop_domain,spectral_k11_s2,0.7625100213610818,901
8,mtop_domain,spectral_k22_s0,0.7802298231750477,901
8,mtop_domain,spectral_k22_s1,0.7779407447934827,901
8,mtop_domain,spectral_k22_s2,0.7516434809613854,901
8,mtop_domain,spectral_k44_s0,0.6752099957672816,901
8,mtop_domain,spectral_k44_s1,0.68647993610051,901
8,mtop_domain,spectral_k44_s2,0.6872825896461157,901
8,mtop_domain,ward_k3,0.49267252960698177,901
8,mtop_domain,ward_k6,0.6298917541850709,901
8,mtop_domain,ward_k11,0.7463362047761877,901
8,mtop_domain,ward_k22,0.7217467432098736,901
8,mtop_domain,ward_k44,0.6651767106880704,901
8,mtop_domain,leiden_k3_s0,0.4852976385597051,901
8,mtop_domain,leiden_k3_s1,0.44780200873720427,901
8,mtop_domain,leiden_k3_s2,0.4448013441247244,901
8,mtop_domain,leiden_k6_s0,0.6833391666102137,901
8,mtop_domain,leiden_k6_s1,0.6905120414604711,901
8,mtop_domain,leiden_k6_s2,0.6890753115194705,901
8,mtop_domain,leiden_k11_s0,0.7946494344124336,901
8,mtop_domain,leiden_k11_s1,0.792812828939277,901
8,mtop_domain,leiden_k11_s2,0.7978644252836901,901
8,mtop_domain,leiden_k22_s0,0.7735606030222187,901
8,mtop_domain,leiden_k22_s1,0.7720579834074554,901
8,mtop_domain,leiden_k22_s2,0.7739379607155468,901
8,mtop_domain,leiden_k44_s0,0.6876971511407232,901
8,mtop_domain,leiden_k44_s1,0.678424200255507,901
8,mtop_domain,leiden_k44_s2,0.6745858498353859,901
8,mtop_intent,kmeans_k26_s0,0.7073788966890541,796
8,mtop_intent,kmeans_k26_s1,0.7122166196028269,796
8,mtop_intent,kmeans_k26_s2,0.7078351816299661,796
8,mtop_intent,kmeans_k51_s0,0.6308799074145239,796
8,mtop_intent,kmeans_k51_s1,0.6458239348951865,796
8,mtop_intent,kmeans_k51_s2,0.6352256034292749,796
8,mtop_intent,kmeans_k102_s0,0.5599772801888726,796
8,mtop_intent,kmeans_k102_s1,0.5600740570069198,796
8,mtop_intent,kmeans_k102_s2,0.5750034291233399,796
8,mtop_intent,kmeans_k204_s0,0.47620224838790715,796
8,mtop_intent,kmeans_k204_s1,0.4691196319059051,796
8,mtop_intent,kmeans_k204_s2,0.46591447959486515,796
8,mtop_intent,kmeans_k408_s0,0.3592691164109157,796
8,mtop_intent,kmeans_k408_s1,0.3592174524156225,796
8,mtop_intent,kmeans_k408_s2,0.36373983815123434,796
8,mtop_intent,gmm_k26_s0,0.733857178077175,796
8,mtop_intent,gmm_k26_s1,0.7443070942322204,796
8,mtop_intent,gmm_k26_s2,0.7277577153198475,796
8,mtop_intent,gmm_k51_s0,0.6746723230946317,796
8,mtop_intent,gmm_k51_s1,0.6627119367624734,796
8,mtop_intent,gmm_k51_s2,0.6714328269988041,796
8,mtop_intent,gmm_k102_s0,0.5663456054061955,796
8,mtop_intent,gmm_k102_s1,0.5616675431840246,796
8,mtop_intent,gmm_k102_s2,0.562682012229281,796
8,mtop_intent,gmm_k204_s0,0.4595461583423243,796
8,mtop_intent,gmm_k204_s1,0.4604318124516368,796
8,mtop_intent,gmm_k204_s2,0.456686990899265,796
8,mtop_intent,gmm_k408_s0,0.34684638267917517,796
8,mtop_intent,gmm_k408_s1,0.3510943432460437,796
8,mtop_intent,gmm_k408_s2,0.34567443292596317,796
8,mtop_intent,spectral_k26_s0,0.7497201651217817,796
8,mtop_intent,spectral_k26_s1,0.7497201651217816,796
8,mtop_intent,spectral_k26_s2,0.7497201651217816,796
8,mtop_intent,spectral_k51_s0,0.6617931659477237,796
8,mtop_intent,spectral_k51_s1,0.6615809002964631,796
8,mtop_intent,spectral_k51_s2,0.6718524713850587,796
8,mtop_intent,spectral_k102_s0,0.5747940662158472,796
8,mtop_intent,spectral_k102_s1,0.5707449410704695,796
8,mtop_intent,spectral_k102_s2,0.5514455776485543,796
8,mtop_intent,spectral_k204_s0,0.42821851932474175,796
8,mtop_intent,spectral_k204_s1,0.42791863194773805,796
8,mtop_intent,spectral_k204_s2,0.4349493450740653,796
8,mtop_intent,spectral_k408_s0,0.31136839048883647,796
8,mtop_intent,spectral_k408_s1,0.3086555828717916,796
8,mtop_intent,spectral_k408_s2,0.3127680831068905,796
8,mtop_intent,ward_k26,0.6851759777248331,796
8,mtop_intent,ward_k51,0.646186780710954,796
8,mtop_intent,ward_k102,0.5688041167513489,796
8,mtop_intent,ward_k204,0.46118590616821,796
8,mtop_intent,ward_k408,0.3539928725006711,796
8,mtop_intent,leiden_k26_s0,0.723699078402799,796
8,mtop_intent,leiden_k26_s1,0.7330351168668122,796
8,mtop_intent,leiden_k26_s2,0.7243449330628927,796
8,mtop_intent,leiden_k51_s0,0.6471776550455406,796
8,mtop_intent,leiden_k51_s1,0.6478366120776637,796
8,mtop_intent,leiden_k51_s2,0.6565216399576275,796
8,mtop_intent,leiden_k102_s0,0.5579891024128593,796
8,mtop_intent,leiden_k102_s1,0.5507078825300938,796
8,mtop_intent,leiden_k102_s2,0.5510944912479513,796
8,mtop_intent,leiden_k204_s0,0.4493794041331295,796
8,mtop_intent,leiden_k204_s1,0.4460815503496374,796
8,mtop_intent,leiden_k204_s2,0.4528613734523348,796
8,mtop_intent,leiden_k408_s0,0.3274676649676505,796
8,mtop_intent,leiden_k408_s1,0.3357988332956186,796
8,mtop_intent,leiden_k408_s2,0.3373924755912856,796
8,reddit_s2s,kmeans_k12_s0,0.3011217190777989,490
8,reddit_s2s,kmeans_k12_s1,0.32453383145157694,490
8,reddit_s2s,kmeans_k12_s2,0.2907620780335986,490
8,reddit_s2s,kmeans_k24_s0,0.3809714879011471,490
8,reddit_s2s,kmeans_k24_s1,0.3515163077009928,490
8,reddit_s2s,kmeans_k24_s2,0.35638473981059454,490
8,reddit_s2s,kmeans_k49_s0,0.3610042114264132,490
8,reddit_s2s,kmeans_k49_s1,0.3295415704892487,490
8,reddit_s2s,kmeans_k49_s2,0.3566374191233121,490
8,reddit_s2s,kmeans_k98_s0,0.3020136185508558,490
8,reddit_s2s,kmeans_k98_s1,0.2966928985792864,490
8,reddit_s2s,kmeans_k98_s2,0.3122335713672523,490
8,reddit_s2s,kmeans_k196_s0,0.26456826044064885,490
8,reddit_s2s,kmeans_k196_s1,0.2561085688646274,490
8,reddit_s2s,kmeans_k196_s2,0.26463768754679806,490
8,reddit_s2s,gmm_k12_s0,0.2771571601944081,490
8,reddit_s2s,gmm_k12_s1,0.27361517543915737,490
8,reddit_s2s,gmm_k12_s2,0.2648860474590306,490
8,reddit_s2s,gmm_k24_s0,0.32307996900427416,490
8,reddit_s2s,gmm_k24_s1,0.31702248782606357,490
8,reddit_s2s,gmm_k24_s2,0.3106204198923188,490
8,reddit_s2s,gmm_k49_s0,0.3179277214992762,490
8,reddit_s2s,gmm_k49_s1,0.31594538438706304,490
8,reddit_s2s,gmm_k49_s2,0.3215872659897422,490
8,reddit_s2s,gmm_k98_s0,0.29755919003927017,490
8,reddit_s2s,gmm_k98_s1,0.3082207927825959,490
8,reddit_s2s,gmm_k98_s2,0.29892464194624707,490
8,reddit_s2s,gmm_k196_s0,0.2760955951018838,490
8,reddit_s2s,gmm_k196_s1,0.2770173065530288,490
8,reddit_s2s,gmm_k196_s2,0.2819919480048681,490
8,reddit_s2s,spectral_k12_s0,0.20292041673624348,490
8,reddit_s2s,spectral_k12_s1,0.20243082164581766,490
8,reddit_s2s,spectral_k12_s2,0.2322960756643332,490
8,reddit_s2s,spectral_k24_s0,0.2481467445557348,490
8,reddit_s2s,spectral_k24_s1,0.2625992724644187,490
8,reddit_s2s,spectral_k24_s2,0.24814674455573468,490
8,reddit_s2s,spectral_k49_s0,0.29279411461218763,490
8,reddit_s2s,spectral_k49_s1,0.2971538898527066,490
8,reddit_s2s,spectral_k49_s2,0.297147887580604,490
8,reddit_s2s,spectral_k98_s0,0.27227068049360137,490
8,reddit_s2s,spectral_k98_s1,0.2804706999156949,490
8,reddit_s2s,spectral_k98_s2,0.27432839456125613,490
8,reddit_s2s,spectral_k196_s0,0.24384354767659858,490
8,reddit_s2s,spectral_k196_s1,0.23968776411421008,490
8,reddit_s2s,spectral_k196_s2,0.2408508341075966,490
8,reddit_s2s,ward_k12,0.2813379569409373,490
8,reddit_s2s,ward_k24,0.330876416214116,490
8,reddit_s2s,ward_k49,0.32577218941187286,490
8,reddit_s2s,ward_k98,0.3014918863984042,490
8,reddit_s2s,ward_k196,0.26580277974094635,490
8,reddit_s2s,leiden_k12_s0,0.2785575013431355,490
8,reddit_s2s,leiden_k12_s1,0.2927848300204304,490
8,reddit_s2s,leiden_k12_s2,0.26810592387226895,490
8,reddit_s2s,leiden_k24_s0,0.33365313894568216,490
8,reddit_s2s,leiden_k24_s1,0.32555694560231985,490
8,reddit_s2s,leiden_k24_s2,0.31848769253675924,490
8,reddit_s2s,leiden_k49_s0,0.3328470932245934,490
8,reddit_s2s,leiden_k49_s1,0.3363305534592082,490
8,reddit_s2s,leiden_k49_s2,0.3291278469463693,490
8,reddit_s2s,leiden_k98_s0,0.3175923315624524,490
8,reddit_s2s,leiden_k98_s1,0.33251316328029595,490
8,reddit_s2s,leiden_k98_s2,0.31542770990909047,490
8,reddit_s2s,leiden_k196_s0,0.2869885168170532,490
8,reddit_s2s,leiden_k196_s1,0.3027720329182968,490
8,reddit_s2s,leiden_k196_s2,0.2885143343379924,490
8,snips,kmeans_k2_s0,0.30840383815924244,972
8,snips,kmeans_k2_s1,0.18146088504438784,972
8,snips,kmeans_k2_s2,0.2539468751472885,972
8,snips,kmeans_k4_s0,0.6068503366207103,972
8,snips,kmeans_k4_s1,0.6090151210892054,972
8,snips,kmeans_k4_s2,0.5822323860639393,972
8,snips,kmeans_k7_s0,0.6419542947270203,972
8,snips,kmeans_k7_s1,0.5969884926679165,972
8,snips,kmeans_k7_s2,0.6434468145224405,972
8,snips,kmeans_k14_s0,0.6336766349081723,972
8,snips,kmeans_k14_s1,0.6462326983033349,972
8,snips,kmeans_k14_s2,0.6519180673084795,972
8,snips,kmeans_k28_s0,0.578091480234158,972
8,snips,kmeans_k28_s1,0.5757262890555316,972
8,snips,kmeans_k28_s2,0.5787772591406487,972
8,snips,gmm_k2_s0,0.26549502246536155,972
8,snips,gmm_k2_s1,0.26549502246536155,972
8,snips,gmm_k2_s2,0.26549502246536155,972
8,snips,gmm_k4_s0,0.6076496214332011,972
8,snips,gmm_k4_s1,0.6275644124044552,972
8,snips,gmm_k4_s2,0.6275644124044552,972
8,snips,gmm_k7_s0,0.7566786231416355,972
8,snips,gmm_k7_s1,0.7566786231416353,972
8,snips,gmm_k7_s2,0.7566786231416355,972
8,snips,gmm_k14_s0,0.6852900394258876,972
8,snips,gmm_k14_s1,0.708715608397356,972
8,snips,gmm_k14_s2,0.6905487955968299,972
8,snips,gmm_k28_s0,0.6006625978831087,972
8,snips,gmm_k28_s1,0.6027881919540842,972
8,snips,gmm_k28_s2,0.5979352497491232,972
8,snips,spectral_k2_s0,0.2669696063317092,972
8,snips,spectral_k2_s1,0.2669696063317092,972
8,snips,spectral_k2_s2,0.2669696063317092,972
8,snips,spectral_k4_s0,0.6070600583933011,972
8,snips,spectral_k4_s1,0.6070600583933011,972
8,snips,spectral_k4_s2,0.6070600583933011,972
8,snips,spectral_k7_s0,0.7434773566710002,972
8,snips,spectral_k7_s1,0.7434773566710003,972
8,snips,spectral_k7_s2,0.7434773566710005,972
8,snips,spectral_k14_s0,0.6784121911232608,972
8,snips,spectral_k14_s1,0.6784121911232607,972
8,snips,spectral_k14_s2,0.6784121911232608,972
8,snips,spectral_k28_s0,0.6010030339827342,972
8,snips,spectral_k28_s1,0.599165987757743,972
8,snips,spectral_k28_s2,0.6005121212693456,972
8,snips,ward_k2,0.3374255210125263,972
8,snips,ward_k4,0.6123045259011827,972
8,snips,ward_k7,0.7129785962337797,972
8,snips,ward_k14,0.6748031271548108,972
8,snips,ward_k28,0.6008295109216115,972
8,snips,leiden_k2_s0,0.2669696063317092,972
8,snips,leiden_k2_s1,0.2669696063317092,972
8,snips,leiden_k2_s2,0.2669696063317092,972
8,snips,leiden_k4_s0,0.6037477642521828,972
8,snips,leiden_k4_s1,0.6037477642521828,972
8,snips,leiden_k4_s2,0.6037477642521828,972
8,snips,leiden_k7_s0,0.7471747046261792,972
8,snips,leiden_k7_s1,0.7438010216618436,972
8,snips,leiden_k7_s2,0.7471747046261792,972
8,snips,leiden_k14_s0,0.6877734336187383,972
8,snips,leiden_k14_s1,0.6901936329038322,972
8,snips,leiden_k14_s2,0.688572735115071,972
8,snips,leiden_k28_s0,0.5970348369903383,972
8,snips,leiden_k28_s1,0.6012824028938538,972
8,snips,leiden_k28_s2,0.6016617849809219,972
8,stackexchange_cl,kmeans_k30_s0,0.43987558975641766,499
8,stackexchange_cl,kmeans_k30_s1,0.4520341105543219,499
8,stackexchange_cl,kmeans_k30_s2,0.4557495476444329,499
8,stackexchange_cl,kmeans_k60_s0,0.4365388438965164,499
8,stackexchange_cl,kmeans_k60_s1,0.4317930600986663,499
8,stackexchange_cl,kmeans_k60_s2,0.4493244228149325,499
8,stackexchange_cl,kmeans_k121_s0,0.37730430724916647,499
8,stackexchange_cl,kmeans_k121_s1,0.3569060955752826,499
8,stackexchange_cl,kmeans_k121_s2,0.3519867756915377,499
8,stackexchange_cl,kmeans_k242_s0,0.3060527879061128,499
8,stackexchange_cl,kmeans_k242_s1,0.2827351112411722,499
8,stackexchange_cl,kmeans_k242_s2,0.2942051230636037,499
8,stackexchange_cl,kmeans_k484_s0,0.22994066789884524,499
8,stackexchange_cl,kmeans_k484_s1,0.20182174225946958,499
8,stackexchange_cl,kmeans_k484_s2,0.20783844538613122,499
8,stackexchange_cl,gmm_k30_s0,0.46193520778623076,499
8,stackexchange_cl,gmm_k30_s1,0.4684445096691056,499
8,stackexchange_cl,gmm_k30_s2,0.45069363911342325,499
8,stackexchange_cl,gmm_k60_s0,0.42500553573347827,499
8,stackexchange_cl,gmm_k60_s1,0.44041979313046864,499
8,stackexchange_cl,gmm_k60_s2,0.42213527847065085,499
8,stackexchange_cl,gmm_k121_s0,0.3902848150366419,499
8,stackexchange_cl,gmm_k121_s1,0.3953438647012458,499
8,stackexchange_cl,gmm_k121_s2,0.3868466286624337,499
8,stackexchange_cl,gmm_k242_s0,0.3417407200944796,499
8,stackexchange_cl,gmm_k242_s1,0.3323854470041954,499
8,stackexchange_cl,gmm_k242_s2,0.33257663663282916,499
8,stackexchange_cl,gmm_k484_s0,0.2772799418876045,499
8,stackexchange_cl,gmm_k484_s1,0.2856082887644432,499
8,stackexchange_cl,gmm_k484_s2,0.28020930464157323,499
8,stackexchange_cl,spectral_k30_s0,0.36568170800275773,499
8,stackexchange_cl,spectral_k30_s1,0.3575986698082199,499
8,stackexchange_cl,spectral_k30_s2,0.34481819528669805,499
8,stackexchange_cl,spectral_k60_s0,0.38981726775085646,499
8,stackexchange_cl,spectral_k60_s1,0.3909090394811027,499
8,stackexchange_cl,spectral_k60_s2,0.39315811112049637,499
8,stackexchange_cl,spectral_k121_s0,0.32677999370775657,499
8,stackexchange_cl,spectral_k121_s1,0.33132871599421104,499
8,stackexchange_cl,spectral_k121_s2,0.3249551139369964,499
8,stackexchange_cl,spectral_k242_s0,0.25496810852741864,499
8,stackexchange_cl,spectral_k242_s1,0.24389600429887232,499
8,stackexchange_cl,spectral_k242_s2,0.2501157450705435,499
8,stackexchange_cl,spectral_k484_s0,0.16234297460102304,499
8,stackexchange_cl,spectral_k484_s1,0.17375204320980436,499
8,stackexchange_cl,spectral_k484_s2,0.15165900455297918,499
8,stackexchange_cl,ward_k30,0.4061783928156332,499
8,stackexchange_cl,ward_k60,0.39725184954584475,499
8,stackexchange_cl,ward_k121,0.36690855547035023,499
8,stackexchange_cl,ward_k242,0.3322478166015962,499
8,stackexchange_cl,ward_k484,0.23599969121955694,499
8,stackexchange_cl,leiden_k30_s0,0.46025146331863315,499
8,stackexchange_cl,leiden_k30_s1,0.4656731060728778,499
8,stackexchange_cl,leiden_k30_s2,0.45927075242966947,499
8,stackexchange_cl,leiden_k60_s0,0.4316810039987063,499
8,stackexchange_cl,leiden_k60_s1,0.41189337954656613,499
8,stackexchange_cl,leiden_k60_s2,0.4325168493305736,499
8,stackexchange_cl,leiden_k121_s0,0.38582928593863475,499
8,stackexchange_cl,leiden_k121_s1,0.38741651361155216,499
8,stackexchange_cl,leiden_k121_s2,0.3685081166950616,499
8,stackexchange_cl,leiden_k242_s0,0.3461824982634167,499
8,stackexchange_cl,leiden_k242_s1,0.33700681654213477,499
8,stackexchange_cl,leiden_k242_s2,0.3440903229182898,499
8,stackexchange_cl,leiden_k484_s0,0.2631105089045009,499
8,stackexchange_cl,leiden_k484_s1,0.2542091100057736,499
8,stackexchange_cl,leiden_k484_s2,0.2512540693553875,499
8,stackoverflow20,kmeans_k5_s0,0.5381996445088965,705
8,stackoverflow20,kmeans_k5_s1,0.5385972013957472,705
8,stackoverflow20,kmeans_k5_s2,0.5134832443776971,705
8,stackoverflow20,kmeans_k10_s0,0.607529449874517,705
8,stackoverflow20,kmeans_k10_s1,0.6849885327165761,705
8,stackoverflow20,kmeans_k10_s2,0.6716143742152171,705
8,stackoverflow20,kmeans_k20_s0,0.8042637440959511,705
8,stackoverflow20,kmeans_k20_s1,0.7934780642209873,705
8,stackoverflow20,kmeans_k20_s2,0.7680567458270449,705
8,stackoverflow20,kmeans_k40_s0,0.7653705346085634,705
8,stackoverflow20,kmeans_k40_s1,0.7802257220066448,705
8,stackoverflow20,kmeans_k40_s2,0.7595867467444384,705
8,stackoverflow20,kmeans_k80_s0,0.6895129504622433,705
8,stackoverflow20,kmeans_k80_s1,0.6709676489359646,705
8,stackoverflow20,kmeans_k80_s2,0.6619612445836751,705
8,stackoverflow20,gmm_k5_s0,0.563514342119979,705
8,stackoverflow20,gmm_k5_s1,0.5426064059314097,705
8,stackoverflow20,gmm_k5_s2,0.5659639091034541,705
8,stackoverflow20,gmm_k10_s0,0.701208361079553,705
8,stackoverflow20,gmm_k10_s1,0.6960284212512644,705
8,stackoverflow20,gmm_k10_s2,0.6974460223527869,705
8,stackoverflow20,gmm_k20_s0,0.8214452760236324,705
8,stackoverflow20,gmm_k20_s1,0.8163073006597696,705
8,stackoverflow20,gmm_k20_s2,0.8261822224663348,705
8,stackoverflow20,gmm_k40_s0,0.7922610515905893,705
8,stackoverflow20,gmm_k40_s1,0.7823564835277965,705
8,stackoverflow20,gmm_k40_s2,0.7821484758686367,705
8,stackoverflow20,gmm_k80_s0,0.7069746271039721,705
8,stackoverflow20,gmm_k80_s1,0.7029827331999645,705
8,stackoverflow20,gmm_k80_s2,0.702709807036317,705
8,stackoverflow20,spectral_k5_s0,0.49573118903885777,705
8,stackoverflow20,spectral_k5_s1,0.49573118903885777,705
8,stackoverflow20,spectral_k5_s2,0.5081684097491416,705
8,stackoverflow20,spectral_k10_s0,0.686898138515452,705
8,stackoverflow20,spectral_k10_s1,0.686898138515452,705
8,stackoverflow20,spectral_k10_s2,0.686898138515452,705
8,stackoverflow20,spectral_k20_s0,0.8096159505093738,705
8,stackoverflow20,spectral_k20_s1,0.80738982126657,705
8,stackoverflow20,spectral_k20_s2,0.8070340082041467,705
8,stackoverflow20,spectral_k40_s0,0.7329380858414826,705
8,stackoverflow20,spectral_k40_s1,0.7290290430786437,705
8,stackoverflow20,spectral_k40_s2,0.7305219737510318,705
8,stackoverflow20,spectral_k80_s0,0.6421425515760388,705
8,stackoverflow20,spectral_k80_s1,0.6408302190930204,705
8,stackoverflow20,spectral_k80_s2,0.6422008518669591,705
8,stackoverflow20,ward_k5,0.5089277820718968,705
8,stackoverflow20,ward_k10,0.631386979483219,705
8,stackoverflow20,ward_k20,0.7337682455810429,705
8,stackoverflow20,ward_k40,0.7217124841095676,705
8,stackoverflow20,ward_k80,0.639961935930454,705
8,stackoverflow20,leiden_k5_s0,0.545058286680048,705
8,stackoverflow20,leiden_k5_s1,0.5424441148003738,705
8,stackoverflow20,leiden_k5_s2,0.5092829487627744,705
8,stackoverflow20,leiden_k10_s0,0.7049195246287536,705
8,stackoverflow20,leiden_k10_s1,0.6906095052180051,705
8,stackoverflow20,leiden_k10_s2,0.7019673789417199,705
8,stackoverflow20,leiden_k20_s0,0.8195513071174089,705
8,stackoverflow20,leiden_k20_s1,0.8142491254392652,705
8,stackoverflow20,leiden_k20_s2,0.8142011940034753,705
8,stackoverflow20,leiden_k40_s0,0.8002761810918225,705
8,stackoverflow20,leiden_k40_s1,0.8054535529302276,705
8,stackoverflow20,leiden_k40_s2,0.8087766857730662,705
8,stackoverflow20,leiden_k80_s0,0.6789799898102852,705
8,stackoverflow20,leiden_k80_s1,0.682645396207347,705
8,stackoverflow20,leiden_k80_s2,0.6829441882201465,705
8,tweet89,kmeans_k22_s0,0.6210089604524218,771
8,tweet89,kmeans_k22_s1,0.5835984817652803,771
8,tweet89,kmeans_k22_s2,0.618920684340053,771
8,tweet89,kmeans_k44_s0,0.6110310321359665,771
8,tweet89,kmeans_k44_s1,0.6121943322058303,771
8,tweet89,kmeans_k44_s2,0.6268555366674318,771
8,tweet89,kmeans_k89_s0,0.560528612402639,771
8,tweet89,kmeans_k89_s1,0.5659851520724749,771
8,tweet89,kmeans_k89_s2,0.5463133138503373,771
8,tweet89,kmeans_k178_s0,0.4495212706194491,771
8,tweet89,kmeans_k178_s1,0.4672501925944125,771
8,tweet89,kmeans_k178_s2,0.46961916162496975,771
8,tweet89,kmeans_k356_s0,0.3820616999571282,771
8,tweet89,kmeans_k356_s1,0.3762132452936024,771
8,tweet89,kmeans_k356_s2,0.38492722965405435,771
8,tweet89,gmm_k22_s0,0.6347799190853312,771
8,tweet89,gmm_k22_s1,0.64318639526867,771
8,tweet89,gmm_k22_s2,0.6271789217261317,771
8,tweet89,gmm_k44_s0,0.620955477258725,771
8,tweet89,gmm_k44_s1,0.6185432761803658,771
8,tweet89,gmm_k44_s2,0.6222608022677415,771
8,tweet89,gmm_k89_s0,0.5335306598255758,771
8,tweet89,gmm_k89_s1,0.5371042796310106,771
8,tweet89,gmm_k89_s2,0.5347379165849497,771
8,tweet89,gmm_k178_s0,0.436828309636,771
8,tweet89,gmm_k178_s1,0.44501042476995206,771
8,tweet89,gmm_k178_s2,0.4380476751414231,771
8,tweet89,gmm_k356_s0,0.34322841099693513,771
8,tweet89,gmm_k356_s1,0.33947626592401764,771
8,tweet89,gmm_k356_s2,0.336740569401105,771
8,tweet89,spectral_k22_s0,0.6318218252745007,771
8,tweet89,spectral_k22_s1,0.6330685683528292,771
8,tweet89,spectral_k22_s2,0.6330685683528293,771
8,tweet89,spectral_k44_s0,0.6087356711178006,771
8,tweet89,spectral_k44_s1,0.6170883515982933,771
8,tweet89,spectral_k44_s2,0.6078420918409846,771
8,tweet89,spectral_k89_s0,0.5333089436922247,771
8,tweet89,spectral_k89_s1,0.5365080418631476,771
8,tweet89,spectral_k89_s2,0.5348880989068738,771
8,tweet89,spectral_k178_s0,0.4118939628182436,771
8,tweet89,spectral_k178_s1,0.41058271199350316,771
8,tweet89,spectral_k178_s2,0.41178161950049613,771
8,tweet89,spectral_k356_s0,0.2957254634876422,771
8,tweet89,spectral_k356_s1,0.28971065672047536,771
8,tweet89,spectral_k356_s2,0.2892851966132508,771
8,tweet89,ward_k22,0.6249951865151883,771
8,tweet89,ward_k44,0.6212020469798142,771
8,tweet89,ward_k89,0.5592121050715814,771
8,tweet89,ward_k178,0.4689306406972281,771
8,tweet89,ward_k356,0.37395739163986086,771
8,tweet89,leiden_k22_s0,0.6479941739665445,771
8,tweet89,leiden_k22_s1,0.6406761278898963,771
8,tweet89,leiden_k22_s2,0.6432304184797188,771
8,tweet89,leiden_k44_s0,0.6161695557577429,771
8,tweet89,leiden_k44_s1,0.6226258622087768,771
8,tweet89,leiden_k44_s2,0.6220098290448478,771
8,tweet89,leiden_k89_s0,0.5333017927222402,771
8,tweet89,leiden_k89_s1,0.5385668035445221,771
8,tweet89,leiden_k89_s2,0.5319133811942423,771
8,tweet89,leiden_k178_s0,0.4224982061075257,771
8,tweet89,leiden_k178_s1,0.4340810557869751,771
8,tweet89,leiden_k178_s2,0.43512545450282614,771
8,tweet89,leiden_k356_s0,0.3322149433599203,771
8,tweet89,leiden_k356_s1,0.3374010418624481,771
8,tweet89,leiden_k356_s2,0.3319933616567658,771
9,arxiv_fine,kmeans_k23_s0,0.40353111017987614,227
9,arxiv_fine,kmeans_k23_s1,0.3675250784280237,227
9,arxiv_fine,kmeans_k23_s2,0.3664345537949405,227
9,arxiv_fine,kmeans_k46_s0,0.33504864492028075,227
9,arxiv_fine,kmeans_k46_s1,0.31840601991919854,227
9,arxiv_fine,kmeans_k46_s2,0.33349405107300867,227
9,arxiv_fine,kmeans_k93_s0,0.2661862447365563,227
9,arxiv_fine,kmeans_k93_s1,0.2588375572274484,227
9,arxiv_fine,kmeans_k93_s2,0.21229192309224282,227
9,arxiv_fine,kmeans_k186_s0,0.17125823633277928,227
9,arxiv_fine,kmeans_k186_s1,0.19366033941262611,227
9,arxiv_fine,kmeans_k186_s2,0.2161851873373005,227
9,arxiv_fine,kmeans_k372_s0,0.13733731845224142,227
9,arxiv_fine,kmeans_k372_s1,0.12387183163213139,227
9,arxiv_fine,kmeans_k372_s2,0.14329392861478416,227
9,arxiv_fine,gmm_k23_s0,0.3645902025954119,227
9,arxiv_fine,gmm_k23_s1,0.36929485825485714,227
9,arxiv_fine,gmm_k23_s2,0.3604807934202345,227
9,arxiv_fine,gmm_k46_s0,0.31505788906267174,227
9,arxiv_fine,gmm_k46_s1,0.29486651620000986,227
9,arxiv_fine,gmm_k46_s2,0.29516941771360133,227
9,arxiv_fine,gmm_k93_s0,0.24697716023608363,227
9,arxiv_fine,gmm_k93_s1,0.26277291167895506,227
9,arxiv_fine,gmm_k93_s2,0.2707212694943723,227
9,arxiv_fine,gmm_k186_s0,0.18723046553828754,227
9,arxiv_fine,gmm_k186_s1,0.1863569368012471,227
9,arxiv_fine,gmm_k186_s2,0.19412575064642806,227
9,arxiv_fine,gmm_k372_s0,0.12897622796386018,227
9,arxiv_fine,gmm_k372_s1,0.13453727260311543,227
9,arxiv_fine,gmm_k372_s2,0.16662974706964923,227
9,arxiv_fine,spectral_k23_s0,0.2915024481201018,227
9,arxiv_fine,spectral_k23_s1,0.2856126336508667,227
9,arxiv_fine,spectral_k23_s2,0.28561263365086675,227
9,arxiv_fine,spectral_k46_s0,0.2955749650278999,227
9,arxiv_fine,spectral_k46_s1,0.2981532414017453,227
9,arxiv_fine,spectral_k46_s2,0.29165314412144494,227
9,arxiv_fine,spectral_k93_s0,0.21438491057047512,227
9,arxiv_fine,spectral_k93_s1,0.24247603777742868,227
9,arxiv_fine,spectral_k93_s2,0.23578992118728584,227
9,arxiv_fine,spectral_k186_s0,0.19667511247973438,227
9,arxiv_fine,spectral_k186_s1,0.18618144175339335,227
9,arxiv_fine,spectral_k186_s2,0.1675748043535519,227
9,arxiv_fine,spectral_k372_s0,0.11105220887751138,227
9,arxiv_fine,spectral_k372_s1,0.10418744949475801,227
9,arxiv_fine,spectral_k372_s2,0.10609858821734784,227
9,arxiv_fine,ward_k23,0.3486161255401621,227
9,arxiv_fine,ward_k46,0.3126271306511727,227
9,arxiv_fine,ward_k93,0.27776565966687217,227
9,arxiv_fine,ward_k186,0.215002397911654,227
9,arxiv_fine,ward_k372,0.14429471078277356,227
9,arxiv_fine,leiden_k23_s0,0.4222168661671993,227
9,arxiv_fine,leiden_k23_s1,0.3982494335980929,227
9,arxiv_fine,leiden_k23_s2,0.39864408297252707,227
9,arxiv_fine,leiden_k46_s0,0.3684580904900527,227
9,arxiv_fine,leiden_k46_s1,0.3628896296989916,227
9,arxiv_fine,leiden_k46_s2,0.3491059495685856,227
9,arxiv_fine,leiden_k93_s0,0.2540183757869149,227
9,arxiv_fine,leiden_k93_s1,0.27901516876911403,227
9,arxiv_fine,leiden_k93_s2,0.2727046719093791,227
9,arxiv_fine,leiden_k186_s0,0.19227768151688943,227
9,arxiv_fine,leiden_k186_s1,0.1969443263113591,227
9,arxiv_fine,leiden_k186_s2,0.19691421142570356,227
9,arxiv_fine,leiden_k372_s0,0.13134684601032356,227
9,arxiv_fine,leiden_k372_s1,0.12606068096269982,227
9,arxiv_fine,leiden_k372_s2,0.13158574930666087,227
9,banking77,kmeans_k19_s0,0.48450058670425666,827
9,banking77,kmeans_k19_s1,0.49433762786357066,827
9,banking77,kmeans_k19_s2,0.513844324168938,827
9,banking77,kmeans_k38_s0,0.5157545849725725,827
9,banking77,kmeans_k38_s1,0.5349954541599959,827
9,banking77,kmeans_k38_s2,0.5368676052638335,827
9,banking77,kmeans_k77_s0,0.48422686062690884,827
9,banking77,kmeans_k77_s1,0.4850089437622554,827
9,banking77,kmeans_k77_s2,0.5003229106899146,827
9,banking77,kmeans_k154_s0,0.42569039404281567,827
9,banking77,kmeans_k154_s1,0.4158391392876229,827
9,banking77,kmeans_k154_s2,0.4320162223089033,827
9,banking77,kmeans_k308_s0,0.3411899574618784,827
9,banking77,kmeans_k308_s1,0.3326978573661781,827
9,banking77,kmeans_k308_s2,0.3358371496292801,827
9,banking77,gmm_k19_s0,0.533452710635094,827
9,banking77,gmm_k19_s1,0.5469000937381406,827
9,banking77,gmm_k19_s2,0.5341381383505973,827
9,banking77,gmm_k38_s0,0.5588863442253953,827
9,banking77,gmm_k38_s1,0.5598622535270129,827
9,banking77,gmm_k38_s2,0.554495612257712,827
9,banking77,gmm_k77_s0,0.5257180513174242,827
9,banking77,gmm_k77_s1,0.518513902315146,827
9,banking77,gmm_k77_s2,0.5194714186465267,827
9,banking77,gmm_k154_s0,0.4437887413450878,827
9,banking77,gmm_k154_s1,0.4348945230458708,827
9,banking77,gmm_k154_s2,0.44825327144736515,827
9,banking77,gmm_k308_s0,0.3613324686705338,827
9,banking77,gmm_k308_s1,0.3622894509662817,827
9,banking77,gmm_k308_s2,0.36199195640839626,827
9,banking77,spectral_k19_s0,0.5163934659104793,827
9,banking77,spectral_k19_s1,0.5178487214124252,827
9,banking77,spectral_k19_s2,0.5125104874202129,827
9,banking77,spectral_k38_s0,0.5435763512749162,827
9,banking77,spectral_k38_s1,0.5438763394148065,827
9,banking77,spectral_k38_s2,0.5432032179744094,827
9,banking77,spectral_k77_s0,0.4935003198398555,827
9,banking77,spectral_k77_s1,0.4996906758133252,827
9,banking77,spectral_k77_s2,0.4936057938603998,827
9,banking77,spectral_k154_s0,0.4245990380807,827
9,banking77,spectral_k154_s1,0.4076210596232034,827
9,banking77,spectral_k154_s2,0.42069919286649565,827
9,banking77,spectral_k308_s0,0.31731494676192884,827
9,banking77,spectral_k308_s1,0.3208044987795699,827
9,banking77,spectral_k308_s2,0.3234791526701382,827
9,banking77,ward_k19,0.5209766055010692,827
9,banking77,ward_k38,0.5471339202648905,827
9,banking77,ward_k77,0.4994860049759609,827
9,banking77,ward_k154,0.4334071364400855,827
9,banking77,ward_k308,0.3304886676388227,827
9,banking77,leiden_k19_s0,0.5179358661031639,827
9,banking77,leiden_k19_s1,0.5288899058170602,827
9,banking77,leiden_k19_s2,0.5296035577253051,827
9,banking77,leiden_k38_s0,0.5632958900230073,827
9,banking77,leiden_k38_s1,0.5608885881518457,827
9,banking77,leiden_k38_s2,0.55886826486984,827
9,banking77,leiden_k77_s0,0.5173117178909127,827
9,banking77,leiden_k77_s1,0.5138034468873314,827
9,banking77,leiden_k77_s2,0.516277203280931,827
9,banking77,leiden_k154_s0,0.44877138448796106,827
9,banking77,leiden_k154_s1,0.4518087455941678,827
9,banking77,leiden_k154_s2,0.4511301579875961,827
9,banking77,leiden_k308_s0,0.35430070704840316,827
9,banking77,leiden_k308_s1,0.3631174442987557,827
9,banking77,leiden_k308_s2,0.36407955352654653,827
9,bbcnews,kmeans_k2_s0,0.29813872556242643,819
9,bbcnews,kmeans_k2_s1,0.4819455692866972,819
9,bbcnews,kmeans_k2_s2,0.47907528548691236,819
9,bbcnews,kmeans_k5_s0,0.8125143569503092,819
9,bbcnews,kmeans_k5_s1,0.8125143569503092,819
9,bbcnews,kmeans_k5_s2,0.8125143569503092,819
9,bbcnews,kmeans_k10_s0,0.6648673711735316,819
9,bbcnews,kmeans_k10_s1,0.6937224717951298,819
9,bbcnews,kmeans_k10_s2,0.6738078514723578,819
9,bbcnews,kmeans_k20_s0,0.5738453120755306,819
9,bbcnews,kmeans_k20_s1,0.5766745667498109,819
9,bbcnews,kmeans_k20_s2,0.581211190884453,819
9,bbcnews,gmm_k2_s0,0.4687004102910107,819
9,bbcnews,gmm_k2_s1,0.4687004102910107,819
9,bbcnews,gmm_k2_s2,0.4687004102910107,819
9,bbcnews,gmm_k5_s0,0.6955550351544676,819
9,bbcnews,gmm_k5_s1,0.7319485431295367,819
9,bbcnews,gmm_k5_s2,0.6955550351544678,819
9,bbcnews,gmm_k10_s0,0.6709493857307981,819
9,bbcnews,gmm_k10_s1,0.6741650011627417,819
9,bbcnews,gmm_k10_s2,0.6753595193978661,819
9,bbcnews,gmm_k20_s0,0.5918472728974549,819
9,bbcnews,gmm_k20_s1,0.5941060850001365,819
9,bbcnews,gmm_k20_s2,0.587189661348638,819
9,bbcnews,spectral_k2_s0,0.46348814044787645,819
9,bbcnews,spectral_k2_s1,0.46348814044787645,819
9,bbcnews,spectral_k2_s2,0.46348814044787645,819
9,bbcnews,spectral_k5_s0,0.6328201066884367,819
9,bbcnews,spectral_k5_s1,0.6328201066884367,819
9,bbcnews,spectral_k5_s2,0.6328201066884367,819
9,bbcnews,spectral_k10_s0,0.6974613563354827,819
9,bbcnews,spectral_k10_s1,0.6974613563354827,819
9,bbcnews,spectral_k10_s2,0.6974613563354825,819
9,bbcnews,spectral_k20_s0,0.5846972292759004,819
9,bbcnews,spectral_k20_s1,0.585073081512311,819
9,bbcnews,spectral_k20_s2,0.5840748566817209,819
9,bbcnews,ward_k2,0.48632262367972384,819
9,bbcnews,ward_k5,0.7546093523797932,819
9,bbcnews,ward_k10,0.6308314526930203,819
9,bbcnews,ward_k20,0.5700197588054793,819
9,bbcnews,leiden_k2_s0,0.4687004102910107,819
9,bbcnews,leiden_k2_s1,0.4687004102910107,819
9,bbcnews,leiden_k2_s2,0.4687004102910107,819
9,bbcnews,leiden_k5_s0,0.7059898272247193,819
9,bbcnews,leiden_k5_s1,0.7265304992269944,819
9,bbcnews,leiden_k5_s2,0.7265304992269944,819
9,bbcnews,leiden_k10_s0,0.669922037146383,819
9,bbcnews,leiden_k10_s1,0.669818823230674,819
9,bbcnews,leiden_k10_s2,0.6815831665871908,819
9,bbcnews,leiden_k20_s0,0.5832297686533071,819
9,bbcnews,leiden_k20_s1,0.5842773897140864,819
9,bbcnews,leiden_k20_s2,0.5781061327247374,819
9,clinc150,kmeans_k38_s0,0.3297430143719956,753
9,clinc150,kmeans_k38_s1,0.34883408573060687,753
9,clinc150,kmeans_k38_s2,0.34448561770718783,753
9,clinc150,kmeans_k76_s0,0.33465209987582595,753
9,clinc150,kmeans_k76_s1,0.33758621633454067,753
9,clinc150,kmeans_k76_s2,0.3242167519714755,753
9,clinc150,kmeans_k151_s0,0.29153768924450707,753
9,clinc150,kmeans_k151_s1,0.2867017750150263,753
9,clinc150,kmeans_k151_s2,0.287544709349806,753
9,clinc150,kmeans_k302_s0,0.2320410330551389,753
9,clinc150,kmeans_k302_s1,0.22772733385238397,753
9,clinc150,kmeans_k302_s2,0.2275181576158738,753
9,clinc150,kmeans_k604_s0,0.1694918995427783,753
9,clinc150,kmeans_k604_s1,0.15319917640571626,753
9,clinc150,kmeans_k604_s2,0.17734015084161273,753
9,clinc150,gmm_k38_s0,0.3239130073794582,753
9,clinc150,gmm_k38_s1,0.32359728559543754,753
9,clinc150,gmm_k38_s2,0.3249087052473683,753
9,clinc150,gmm_k76_s0,0.3239534492138756,753
9,clinc150,gmm_k76_s1,0.3303400790920017,753
9,clinc150,gmm_k76_s2,0.32509021777911484,753
9,clinc150,gmm_k151_s0,0.28038834227858045,753
9,clinc150,gmm_k151_s1,0.28594651223308176,753
9,clinc150,gmm_k151_s2,0.2824137825702416,753
9,clinc150,gmm_k302_s0,0.24083517613651825,753
9,clinc150,gmm_k302_s1,0.24030809001283854,753
9,clinc150,gmm_k302_s2,0.2399018041889781,753
9,clinc150,gmm_k604_s0,0.20086307409659102,753
9,clinc150,gmm_k604_s1,0.20044702232756406,753
9,clinc150,gmm_k604_s2,0.20070783854243193,753
9,clinc150,spectral_k38_s0,0.301704959608113,753
9,clinc150,spectral_k38_s1,0.30560314918124487,753
9,clinc150,spectral_k38_s2,0.2802525607795183,753
9,clinc150,spectral_k76_s0,0.28005501954302997,753
9,clinc150,spectral_k76_s1,0.27719824509895924,753
9,clinc150,spectral_k76_s2,0.2715870810460957,753
9,clinc150,spectral_k151_s0,0.274610350153727,753
9,clinc150,spectral_k151_s1,0.2735177746861246,753
9,clinc150,spectral_k151_s2,0.27531345869197255,753
9,clinc150,spectral_k302_s0,0.21534039494344875,753
9,clinc150,spectral_k302_s1,0.21495216876702775,753
9,clinc150,spectral_k302_s2,0.22152759274246264,753
9,clinc150,spectral_k604_s0,0.1408333099343117,753
9,clinc150,spectral_k604_s1,0.13489209102915742,753
9,clinc150,spectral_k604_s2,0.13801943168657121,753
9,clinc150,ward_k38,0.3464509936292698,753
9,clinc150,ward_k76,0.3327013156264404,753
9,clinc150,ward_k151,0.2857259613795134,753
9,clinc150,ward_k302,0.2319341980498771,753
9,clinc150,ward_k604,0.17685107423668622,753
9,clinc150,leiden_k38_s0,0.3131568481472091,753
9,clinc150,leiden_k38_s1,0.3155588192209079,753
9,clinc150,leiden_k38_s2,0.31628920035156594,753
9,clinc150,leiden_k76_s0,0.3130336390783496,753
9,clinc150,leiden_k76_s1,0.30861910759378397,753
9,clinc150,leiden_k76_s2,0.3134805458691785,753
9,clinc150,leiden_k151_s0,0.27739158848616324,753
9,clinc150,leiden_k151_s1,0.2749736132203848,753
9,clinc150,leiden_k151_s2,0.2737774804727492,753
9,clinc150,leiden_k302_s0,0.233960312332232,753
9,clinc150,leiden_k302_s1,0.2316818694220545,753
9,clinc150,leiden_k302_s2,0.23178286000090198,753
9,clinc150,leiden_k604_s0,0.17209847245198984,753
9,clinc150,leiden_k604_s1,0.16957305875686407,753
9,clinc150,leiden_k604_s2,0.17186081589976537,753
9,clinc150_domain,kmeans_k2_s0,0.22507307627402884,449
9,clinc150_domain,kmeans_k2_s1,0.306226479096945,449
9,clinc150_domain,kmeans_k2_s2,0.306226479096945,449
9,clinc150_domain,kmeans_k5_s0,0.45450951003568174,449
9,clinc150_domain,kmeans_k5_s1,0.4511409786677341,449
9,clinc150_domain,kmeans_k5_s2,0.4555004423969716,449
9,clinc150_domain,kmeans_k10_s0,0.5170586924059477,449
9,clinc150_domain,kmeans_k10_s1,0.4968469929091652,449
9,clinc150_domain,kmeans_k10_s2,0.5094406997574719,449
9,clinc150_domain,kmeans_k20_s0,0.594470607341071,449
9,clinc150_domain,kmeans_k20_s1,0.5667106089368378,449
9,clinc150_domain,kmeans_k20_s2,0.5892236581976592,449
9,clinc150_domain,kmeans_k40_s0,0.5880876995698793,449
9,clinc150_domain,kmeans_k40_s1,0.5749100481243286,449
9,clinc150_domain,kmeans_k40_s2,0.55542547552992,449
9,clinc150_domain,gmm_k2_s0,0.24795346269381877,449
9,clinc150_domain,gmm_k2_s1,0.1456535929712257,449
9,clinc150_domain,gmm_k2_s2,0.19351160839371986,449
9,clinc150_domain,gmm_k5_s0,0.4317436708691427,449
9,clinc150_domain,gmm_k5_s1,0.38286119902283433,449
9,clinc150_domain,gmm_k5_s2,0.3718900684171743,449
9,clinc150_domain,gmm_k10_s0,0.5177553768500216,449
9,clinc150_domain,gmm_k10_s1,0.4851586816131625,449
9,clinc150_domain,gmm_k10_s2,0.4885294500298075,449
9,clinc150_domain,gmm_k20_s0,0.5313431401346863,449
9,clinc150_domain,gmm_k20_s1,0.5316971615872316,449
9,clinc150_domain,gmm_k20_s2,0.5416525955564667,449
9,clinc150_domain,gmm_k40_s0,0.5557368363640646,449
9,clinc150_domain,gmm_k40_s1,0.5451224241185558,449
9,clinc150_domain,gmm_k40_s2,0.5765730348567646,449
9,clinc150_domain,spectral_k2_s0,-0.0004484576811603408,449
9,clinc150_domain,spectral_k2_s1,-0.0004484576811603408,449
9,clinc150_domain,spectral_k2_s2,-0.0004484576811603408,449
9,clinc150_domain,spectral_k5_s0,0.027042976892627423,449
9,clinc150_domain,spectral_k5_s1,0.027042976892627423,449
9,clinc150_domain,spectral_k5_s2,0.027042976892627423,449
9,clinc150_domain,spectral_k10_s0,0.39820250237441396,449
9,clinc150_domain,spectral_k10_s1,0.39820250237441396,449
9,clinc150_domain,spectral_k10_s2,0.39820250237441396,449
9,clinc150_domain,spectral_k20_s0,0.45367091209386606,449
9,clinc150_domain,spectral_k20_s1,0.4536709120938661,449
9,clinc150_domain,spectral_k20_s2,0.45367091209386595,449
9,clinc150_domain,spectral_k40_s0,0.50087237423633,449
9,clinc150_domain,spectral_k40_s1,0.516793810566063,449
9,clinc150_domain,spectral_k40_s2,0.4973106714378726,449
9,clinc150_domain,ward_k2,0.2464605245530151,449
9,clinc150_domain,ward_k5,0.44483953340691634,449
9,clinc150_domain,ward_k10,0.5411857121671848,449
9,clinc150_domain,ward_k20,0.5598099157939754,449
9,clinc150_domain,ward_k40,0.5957716538060968,449
9,clinc150_domain,leiden_k2_s0,-0.0004484576811603408,449
9,clinc150_domain,leiden_k2_s1,-0.0004484576811603408,449
9,clinc150_domain,leiden_k2_s2,0.12197579202468452,449
9,clinc150_domain,leiden_k5_s0,0.3177015792895158,449
9,clinc150_domain,leiden_k5_s1,0.32551128100563725,449
9,clinc150_domain,leiden_k5_s2,0.3869197296651502,449
9,clinc150_domain,leiden_k10_s0,0.46958131865407765,449
9,clinc150_domain,leiden_k10_s1,0.5026628342817906,449
9,clinc150_domain,leiden_k10_s2,0.4797952503472098,449
9,clinc150_domain,leiden_k20_s0,0.5263020214947272,449
9,clinc150_domain,leiden_k20_s1,0.5199679295819667,449
9,clinc150_domain,leiden_k20_s2,0.522598578058785,449
9,clinc150_domain,leiden_k40_s0,0.5581873514184478,449
9,clinc150_domain,leiden_k40_s1,0.5398783029259712,449
9,clinc150_domain,leiden_k40_s2,0.5520043326291807,449
9,dbpedia,kmeans_k4_s0,0.5419257472528365,809
9,dbpedia,kmeans_k4_s1,0.48660726406384036,809
9,dbpedia,kmeans_k4_s2,0.5624833028735845,809
9,dbpedia,kmeans_k7_s0,0.630574047276513,809
9,dbpedia,kmeans_k7_s1,0.6291875524723638,809
9,dbpedia,kmeans_k7_s2,0.6474385259666812,809
9,dbpedia,kmeans_k14_s0,0.6437116961031287,809
9,dbpedia,kmeans_k14_s1,0.6835402012769434,809
9,dbpedia,kmeans_k14_s2,0.7209374745421299,809
9,dbpedia,kmeans_k28_s0,0.6681700916167063,809
9,dbpedia,kmeans_k28_s1,0.6924381411601632,809
9,dbpedia,kmeans_k28_s2,0.6519202994221456,809
9,dbpedia,kmeans_k56_s0,0.6219292542165283,809
9,dbpedia,kmeans_k56_s1,0.6074580709621287,809
9,dbpedia,kmeans_k56_s2,0.6071255723844533,809
9,dbpedia,gmm_k4_s0,0.4626909556329046,809
9,dbpedia,gmm_k4_s1,0.5560157025383202,809
9,dbpedia,gmm_k4_s2,0.46269095563290463,809
9,dbpedia,gmm_k7_s0,0.6039777510521944,809
9,dbpedia,gmm_k7_s1,0.6355528630926445,809
9,dbpedia,gmm_k7_s2,0.6215948741055052,809
9,dbpedia,gmm_k14_s0,0.7280191951132108,809
9,dbpedia,gmm_k14_s1,0.7078938891542866,809
9,dbpedia,gmm_k14_s2,0.7156521855188989,809
9,dbpedia,gmm_k28_s0,0.6822533431234552,809
9,dbpedia,gmm_k28_s1,0.6810783295552456,809
9,dbpedia,gmm_k28_s2,0.6839644308244817,809
9,dbpedia,gmm_k56_s0,0.629878206110622,809
9,dbpedia,gmm_k56_s1,0.62865534635066,809
9,dbpedia,gmm_k56_s2,0.6260049523868406,809
9,dbpedia,spectral_k4_s0,0.4497805289339621,809
9,dbpedia,spectral_k4_s1,0.4497805289339621,809
9,dbpedia,spectral_k4_s2,0.4497805289339621,809
9,dbpedia,spectral_k7_s0,0.5936523251159477,809
9,dbpedia,spectral_k7_s1,0.5936523251159476,809
9,dbpedia,spectral_k7_s2,0.5936523251159477,809
9,dbpedia,spectral_k14_s0,0.5878757790668778,809
9,dbpedia,spectral_k14_s1,0.642739290180071,809
9,dbpedia,spectral_k14_s2,0.6070340848078247,809
9,dbpedia,spectral_k28_s0,0.6643575556068373,809
9,dbpedia,spectral_k28_s1,0.6583616250372276,809
9,dbpedia,spectral_k28_s2,0.662117917428259,809
9,dbpedia,spectral_k56_s0,0.5865533055069194,809
9,dbpedia,spectral_k56_s1,0.5921303044631867,809
9,dbpedia,spectral_k56_s2,0.600610814454687,809
9,dbpedia,ward_k4,0.5114966638462368,809
9,dbpedia,ward_k7,0.5938276989477057,809
9,dbpedia,ward_k14,0.6598824419370367,809
9,dbpedia,ward_k28,0.6538692292035012,809
9,dbpedia,ward_k56,0.5910890377516751,809
9,dbpedia,leiden_k4_s0,0.460217624926296,809
9,dbpedia,leiden_k4_s1,0.46065970637581166,809
9,dbpedia,leiden_k4_s2,0.460217624926296,809
9,dbpedia,leiden_k7_s0,0.6170683852928316,809
9,dbpedia,leiden_k7_s1,0.6245181604589886,809
9,dbpedia,leiden_k7_s2,0.6490303161988847,809
9,dbpedia,leiden_k14_s0,0.7274316080304264,809
9,dbpedia,leiden_k14_s1,0.7209837887416239,809
9,dbpedia,leiden_k14_s2,0.7290976594234037,809
9,dbpedia,leiden_k28_s0,0.6808919697174145,809
9,dbpedia,leiden_k28_s1,0.6880324619604715,809
9,dbpedia,leiden_k28_s2,0.6909522118050339,809
9,dbpedia,leiden_k56_s0,0.6196575552825251,809
9,dbpedia,leiden_k56_s1,0.6208815452246622,809
9,dbpedia,leiden_k56_s2,0.6194945192435627,809
9,fewevent,kmeans_k8_s0,0.6490929969897216,422
9,fewevent,kmeans_k8_s1,0.6663385082601109,422
9,fewevent,kmeans_k8_s2,0.665964318444165,422
9,fewevent,kmeans_k17_s0,0.7034960312573478,422
9,fewevent,kmeans_k17_s1,0.671662981334021,422
9,fewevent,kmeans_k17_s2,0.6532312912319557,422
9,fewevent,kmeans_k34_s0,0.6326115588834882,422
9,fewevent,kmeans_k34_s1,0.6371429258282341,422
9,fewevent,kmeans_k34_s2,0.6299062154358923,422
9,fewevent,kmeans_k68_s0,0.5755850453316386,422
9,fewevent,kmeans_k68_s1,0.5754468646082145,422
9,fewevent,kmeans_k68_s2,0.5773868970231276,422
9,fewevent,kmeans_k136_s0,0.5143959359421507,422
9,fewevent,kmeans_k136_s1,0.5027285020493819,422
9,fewevent,kmeans_k136_s2,0.5124222946725724,422
9,fewevent,gmm_k8_s0,0.6959102277781303,422
9,fewevent,gmm_k8_s1,0.70518053112545,422
9,fewevent,gmm_k8_s2,0.6959102277781303,422
9,fewevent,gmm_k17_s0,0.7404841299073037,422
9,fewevent,gmm_k17_s1,0.7446301517158153,422
9,fewevent,gmm_k17_s2,0.7259930095178824,422
9,fewevent,gmm_k34_s0,0.6492854472381255,422
9,fewevent,gmm_k34_s1,0.6593767617771784,422
9,fewevent,gmm_k34_s2,0.6849240053722272,422
9,fewevent,gmm_k68_s0,0.5859091380518818,422
9,fewevent,gmm_k68_s1,0.6002337678808237,422
9,fewevent,gmm_k68_s2,0.5798352608033521,422
9,fewevent,gmm_k136_s0,0.5232202854466292,422
9,fewevent,gmm_k136_s1,0.5144698249610561,422
9,fewevent,gmm_k136_s2,0.5166253822878215,422
9,fewevent,spectral_k8_s0,0.6856753688189742,422
9,fewevent,spectral_k8_s1,0.6856753688189743,422
9,fewevent,spectral_k8_s2,0.6856753688189742,422
9,fewevent,spectral_k17_s0,0.7313216239234073,422
9,fewevent,spectral_k17_s1,0.7303139412968244,422
9,fewevent,spectral_k17_s2,0.7313216239234073,422
9,fewevent,spectral_k34_s0,0.6886069263858895,422
9,fewevent,spectral_k34_s1,0.6936810481123384,422
9,fewevent,spectral_k34_s2,0.6936810481123382,422
9,fewevent,spectral_k68_s0,0.5859491544917953,422
9,fewevent,spectral_k68_s1,0.6042837603953043,422
9,fewevent,spectral_k68_s2,0.5934463312175506,422
9,fewevent,spectral_k136_s0,0.49182200971711604,422
9,fewevent,spectral_k136_s1,0.48090679051254986,422
9,fewevent,spectral_k136_s2,0.49478100226090643,422
9,fewevent,ward_k8,0.6335508089354853,422
9,fewevent,ward_k17,0.7074911370198743,422
9,fewevent,ward_k34,0.620161925296383,422
9,fewevent,ward_k68,0.5906797842047978,422
9,fewevent,ward_k136,0.530444359371074,422
9,fewevent,leiden_k8_s0,0.7043267584483108,422
9,fewevent,leiden_k8_s1,0.6993961388863164,422
9,fewevent,leiden_k8_s2,0.7026878267188861,422
9,fewevent,leiden_k17_s0,0.7433823245334338,422
9,fewevent,leiden_k17_s1,0.7523737791061954,422
9,fewevent,leiden_k17_s2,0.7291376432306005,422
9,fewevent,leiden_k34_s0,0.6738039200052598,422
9,fewevent,leiden_k34_s1,0.6787916200002074,422
9,fewevent,leiden_k34_s2,0.6885022096645358,422
9,fewevent,leiden_k68_s0,0.594970453526044,422
9,fewevent,leiden_k68_s1,0.5994541718347995,422
9,fewevent,leiden_k68_s2,0.5842385825227786,422
9,fewevent,leiden_k136_s0,0.5106435332881056,422
9,fewevent,leiden_k136_s1,0.5174986752415135,422
9,fewevent,leiden_k136_s2,0.5070608707738731,422
9,fewnerd,kmeans_k14_s0,0.07669034186026068,197
9,fewnerd,kmeans_k14_s1,0.08034886665010449,197
9,fewnerd,kmeans_k14_s2,0.06784482498961913,197
9,fewnerd,kmeans_k29_s0,0.045016400581643336,197
9,fewnerd,kmeans_k29_s1,0.09688423976126609,197
9,fewnerd,kmeans_k29_s2,0.06393817365611965,197
9,fewnerd,kmeans_k58_s0,0.14396112985390297,197
9,fewnerd,kmeans_k58_s1,0.07333499687379912,197
9,fewnerd,kmeans_k58_s2,0.13066371166418195,197
9,fewnerd,kmeans_k116_s0,0.11313440488472629,197
9,fewnerd,kmeans_k116_s1,0.11424005158012096,197
9,fewnerd,kmeans_k116_s2,0.14397236650768175,197
9,fewnerd,kmeans_k232_s0,0.09512159698113942,197
9,fewnerd,kmeans_k232_s1,0.08468468308661138,197
9,fewnerd,kmeans_k232_s2,0.0790402792652056,197
9,fewnerd,gmm_k14_s0,0.03673426531475783,197
9,fewnerd,gmm_k14_s1,0.03564606666060879,197
9,fewnerd,gmm_k14_s2,0.06687764810634245,197
9,fewnerd,gmm_k29_s0,0.05263400550247766,197
9,fewnerd,gmm_k29_s1,0.048071064448738376,197
9,fewnerd,gmm_k29_s2,0.04925574041133059,197
9,fewnerd,gmm_k58_s0,0.07756969341617113,197
9,fewnerd,gmm_k58_s1,0.0775385556290436,197
9,fewnerd,gmm_k58_s2,0.06928508357882404,197
9,fewnerd,gmm_k116_s0,0.07541331655171658,197
9,fewnerd,gmm_k116_s1,0.05915287891120467,197
9,fewnerd,gmm_k116_s2,0.08984714638515091,197
9,fewnerd,gmm_k232_s0,0.04876890525193083,197
9,fewnerd,gmm_k232_s1,0.07463479492067321,197
9,fewnerd,gmm_k232_s2,0.060926365327235964,197
9,fewnerd,spectral_k14_s0,0.03117463775703637,197
9,fewnerd,spectral_k14_s1,0.029481887603095797,197
9,fewnerd,spectral_k14_s2,0.029481887603095735,197
9,fewnerd,spectral_k29_s0,0.05847142399798867,197
9,fewnerd,spectral_k29_s1,0.03805726530441244,197
9,fewnerd,spectral_k29_s2,0.04996682767501874,197
9,fewnerd,spectral_k58_s0,0.056332638254920214,197
9,fewnerd,spectral_k58_s1,0.06944447439278896,197
9,fewnerd,spectral_k58_s2,0.05875704600295756,197
9,fewnerd,spectral_k116_s0,0.10109059697894181,197
9,fewnerd,spectral_k116_s1,0.09639552466693974,197
9,fewnerd,spectral_k116_s2,0.11513264031062337,197
9,fewnerd,spectral_k232_s0,0.11774470949389652,197
9,fewnerd,spectral_k232_s1,0.06621270123519568,197
9,fewnerd,spectral_k232_s2,0.07412432729936559,197
9,fewnerd,ward_k14,0.06945621631811744,197
9,fewnerd,ward_k29,0.09129280484421405,197
9,fewnerd,ward_k58,0.1434788511103116,197
9,fewnerd,ward_k116,0.13303096027958833,197
9,fewnerd,ward_k232,0.11859373463817571,197
9,fewnerd,leiden_k14_s0,0.08089831282331342,197
9,fewnerd,leiden_k14_s1,0.05344260716460746,197
9,fewnerd,leiden_k14_s2,0.057284922064916456,197
9,fewnerd,leiden_k29_s0,0.08570014896494327,197
9,fewnerd,leiden_k29_s1,0.03919012264408527,197
9,fewnerd,leiden_k29_s2,0.06355138447260601,197
9,fewnerd,leiden_k58_s0,0.11879447350910276,197
9,fewnerd,leiden_k58_s1,0.10776036997905773,197
9,fewnerd,leiden_k58_s2,0.10856241003894206,197
9,fewnerd,leiden_k116_s0,0.10508234274105797,197
9,fewnerd,leiden_k116_s1,0.09766347866244426,197
9,fewnerd,leiden_k116_s2,0.0935296523017745,197
9,fewnerd,leiden_k232_s0,0.10718265399190745,197
9,fewnerd,leiden_k232_s1,0.0830208997343683,197
9,fewnerd,leiden_k232_s2,0.07307059520271499,197
9,fewrel,kmeans_k16_s0,0.43846391905994936,427
9,fewrel,kmeans_k16_s1,0.40160826378387016,427
9,fewrel,kmeans_k16_s2,0.42779828922677154,427
9,fewrel,kmeans_k32_s0,0.44534796710822677,427
9,fewrel,kmeans_k32_s1,0.43902903687877587,427
9,fewrel,kmeans_k32_s2,0.4288874964995703,427
9,fewrel,kmeans_k64_s0,0.3626292419096261,427
9,fewrel,kmeans_k64_s1,0.37103982497011867,427
9,fewrel,kmeans_k64_s2,0.35984919659166226,427
9,fewrel,kmeans_k128_s0,0.29594742507352373,427
9,fewrel,kmeans_k128_s1,0.30413785929941534,427
9,fewrel,kmeans_k128_s2,0.29167104449795184,427
9,fewrel,kmeans_k256_s0,0.23998928612836015,427
9,fewrel,kmeans_k256_s1,0.2025417347378219,427
9,fewrel,kmeans_k256_s2,0.21555132795949344,427
9,fewrel,gmm_k16_s0,0.44318927070390207,427
9,fewrel,gmm_k16_s1,0.44024361726776245,427
9,fewrel,gmm_k16_s2,0.4442127530177635,427
9,fewrel,gmm_k32_s0,0.43233142032460226,427
9,fewrel,gmm_k32_s1,0.42657823578969667,427
9,fewrel,gmm_k32_s2,0.4233004021298622,427
9,fewrel,gmm_k64_s0,0.3905261531377663,427
9,fewrel,gmm_k64_s1,0.39924341888994025,427
9,fewrel,gmm_k64_s2,0.39020439381717037,427
9,fewrel,gmm_k128_s0,0.34527747268311176,427
9,fewrel,gmm_k128_s1,0.3449827569649684,427
9,fewrel,gmm_k128_s2,0.3310625641504789,427
9,fewrel,gmm_k256_s0,0.2526219396875815,427
9,fewrel,gmm_k256_s1,0.2625140914160093,427
9,fewrel,gmm_k256_s2,0.26944754369307616,427
9,fewrel,spectral_k16_s0,0.394262334327544,427
9,fewrel,spectral_k16_s1,0.3942623343275441,427
9,fewrel,spectral_k16_s2,0.3963332386793629,427
9,fewrel,spectral_k32_s0,0.40740149386131796,427
9,fewrel,spectral_k32_s1,0.40992268018471606,427
9,fewrel,spectral_k32_s2,0.415451931354404,427
9,fewrel,spectral_k64_s0,0.3457755904635779,427
9,fewrel,spectral_k64_s1,0.33343818985321555,427
9,fewrel,spectral_k64_s2,0.34188936174159706,427
9,fewrel,spectral_k128_s0,0.3004303248553453,427
9,fewrel,spectral_k128_s1,0.28280934010180103,427
9,fewrel,spectral_k128_s2,0.28048400444358096,427
9,fewrel,spectral_k256_s0,0.18869457983180946,427
9,fewrel,spectral_k256_s1,0.19434222970970094,427
9,fewrel,spectral_k256_s2,0.1973574336975642,427
9,fewrel,ward_k16,0.3961633450014249,427
9,fewrel,ward_k32,0.39045124881319193,427
9,fewrel,ward_k64,0.3525532028451265,427
9,fewrel,ward_k128,0.30083838511870287,427
9,fewrel,ward_k256,0.23103443948945745,427
9,fewrel,leiden_k16_s0,0.4166681606001728,427
9,fewrel,leiden_k16_s1,0.4276065021725775,427
9,fewrel,leiden_k16_s2,0.42371483451697994,427
9,fewrel,leiden_k32_s0,0.42825841725977054,427
9,fewrel,leiden_k32_s1,0.4267295461996279,427
9,fewrel,leiden_k32_s2,0.4421813458864533,427
9,fewrel,leiden_k64_s0,0.38084397633613565,427
9,fewrel,leiden_k64_s1,0.3800974771807978,427
9,fewrel,leiden_k64_s2,0.37911024135724886,427
9,fewrel,leiden_k128_s0,0.31604010252001696,427
9,fewrel,leiden_k128_s1,0.3152516866111588,427
9,fewrel,leiden_k128_s2,0.3315893603302213,427
9,fewrel,leiden_k256_s0,0.25310466360217937,427
9,fewrel,leiden_k256_s1,0.24508554864525936,427
9,fewrel,leiden_k256_s2,0.2418428781532457,427
9,massive_domain,kmeans_k4_s0,0.4952731936819634,761
9,massive_domain,kmeans_k4_s1,0.41638890042134896,761
9,massive_domain,kmeans_k4_s2,0.4182684232111592,761
9,massive_domain,kmeans_k9_s0,0.6402018336786154,761
9,massive_domain,kmeans_k9_s1,0.6509199196552055,761
9,massive_domain,kmeans_k9_s2,0.5761925092632165,761
9,massive_domain,kmeans_k18_s0,0.6282008633662237,761
9,massive_domain,kmeans_k18_s1,0.6763298631706551,761
9,massive_domain,kmeans_k18_s2,0.6655792542154194,761
9,massive_domain,kmeans_k36_s0,0.635410867737602,761
9,massive_domain,kmeans_k36_s1,0.6578349595670243,761
9,massive_domain,kmeans_k36_s2,0.6793322927201624,761
9,massive_domain,kmeans_k72_s0,0.5960243677297128,761
9,massive_domain,kmeans_k72_s1,0.5859803775899519,761
9,massive_domain,kmeans_k72_s2,0.5926210782723417,761
9,massive_domain,gmm_k4_s0,0.45456391485693465,761
9,massive_domain,gmm_k4_s1,0.5064830820034328,761
9,massive_domain,gmm_k4_s2,0.43653459843281944,761
9,massive_domain,gmm_k9_s0,0.6524742723590367,761
9,massive_domain,gmm_k9_s1,0.6688733454615569,761
9,massive_domain,gmm_k9_s2,0.6840896163324908,761
9,massive_domain,gmm_k18_s0,0.6963764256007735,761
9,massive_domain,gmm_k18_s1,0.6884666865098759,761
9,massive_domain,gmm_k18_s2,0.7049389148291578,761
9,massive_domain,gmm_k36_s0,0.6824341887580402,761
9,massive_domain,gmm_k36_s1,0.6921445920680874,761
9,massive_domain,gmm_k36_s2,0.6627180613747664,761
9,massive_domain,gmm_k72_s0,0.602801403948448,761
9,massive_domain,gmm_k72_s1,0.6123102065887068,761
9,massive_domain,gmm_k72_s2,0.6080602994840917,761
9,massive_domain,spectral_k4_s0,0.5021260959692158,761
9,massive_domain,spectral_k4_s1,0.5021260959692156,761
9,massive_domain,spectral_k4_s2,0.5021260959692156,761
9,massive_domain,spectral_k9_s0,0.6529909714685828,761
9,massive_domain,spectral_k9_s1,0.6529909714685826,761
9,massive_domain,spectral_k9_s2,0.652990971468583,761
9,massive_domain,spectral_k18_s0,0.6782935568962347,761
9,massive_domain,spectral_k18_s1,0.6782935568962345,761
9,massive_domain,spectral_k18_s2,0.6782935568962347,761
9,massive_domain,spectral_k36_s0,0.6809431423678411,761
9,massive_domain,spectral_k36_s1,0.6794624267764486,761
9,massive_domain,spectral_k36_s2,0.6793099915201999,761
9,massive_domain,spectral_k72_s0,0.5651110830525884,761
9,massive_domain,spectral_k72_s1,0.5654090953911031,761
9,massive_domain,spectral_k72_s2,0.5624621718302721,761
9,massive_domain,ward_k4,0.4940206936120177,761
9,massive_domain,ward_k9,0.5974867662573334,761
9,massive_domain,ward_k18,0.6629870785435968,761
9,massive_domain,ward_k36,0.6427895719242203,761
9,massive_domain,ward_k72,0.5754911063865108,761
9,massive_domain,leiden_k4_s0,0.48830094405517716,761
9,massive_domain,leiden_k4_s1,0.42988075218857996,761
9,massive_domain,leiden_k4_s2,0.45987134605621943,761
9,massive_domain,leiden_k9_s0,0.6691409189108292,761
9,massive_domain,leiden_k9_s1,0.6638905286441801,761
9,massive_domain,leiden_k9_s2,0.6189116658066385,761
9,massive_domain,leiden_k18_s0,0.71678829421714,761
9,massive_domain,leiden_k18_s1,0.6964226953563528,761
9,massive_domain,leiden_k18_s2,0.7053572091738001,761
9,massive_domain,leiden_k36_s0,0.6738965774942032,761
9,massive_domain,leiden_k36_s1,0.6634488905427417,761
9,massive_domain,leiden_k36_s2,0.6720026275985145,761
9,massive_domain,leiden_k72_s0,0.6009176252174027,761
9,massive_domain,leiden_k72_s1,0.609052449150317,761
9,massive_domain,leiden_k72_s2,0.6006865773885736,761
9,massive_intent,kmeans_k15_s0,0.5823972601035918,722
9,massive_intent,kmeans_k15_s1,0.5837470425055228,722
9,massive_intent,kmeans_k15_s2,0.6253063406263984,722
9,massive_intent,kmeans_k30_s0,0.621265122471353,722
9,massive_intent,kmeans_k30_s1,0.6111561751352013,722
9,massive_intent,kmeans_k30_s2,0.6280473683973427,722
9,massive_intent,kmeans_k59_s0,0.5756112363722385,722
9,massive_intent,kmeans_k59_s1,0.5731475323913809,722
9,massive_intent,kmeans_k59_s2,0.5652109823100366,722
9,massive_intent,kmeans_k118_s0,0.4996082505561532,722
9,massive_intent,kmeans_k118_s1,0.49676937841801855,722
9,massive_intent,kmeans_k118_s2,0.49592088645234605,722
9,massive_intent,kmeans_k236_s0,0.4188750749374585,722
9,massive_intent,kmeans_k236_s1,0.4218855676840294,722
9,massive_intent,kmeans_k236_s2,0.4153287332921466,722
9,massive_intent,gmm_k15_s0,0.6366789916040899,722
9,massive_intent,gmm_k15_s1,0.63667899160409,722
9,massive_intent,gmm_k15_s2,0.6428265503515184,722
9,massive_intent,gmm_k30_s0,0.6345073317211954,722
9,massive_intent,gmm_k30_s1,0.6405871183913899,722
9,massive_intent,gmm_k30_s2,0.635381829240727,722
9,massive_intent,gmm_k59_s0,0.5889051976714953,722
9,massive_intent,gmm_k59_s1,0.5813034502175031,722
9,massive_intent,gmm_k59_s2,0.5872279811815336,722
9,massive_intent,gmm_k118_s0,0.5116308360896067,722
9,massive_intent,gmm_k118_s1,0.512468298147743,722
9,massive_intent,gmm_k118_s2,0.5172047692150259,722
9,massive_intent,gmm_k236_s0,0.42147130137137706,722
9,massive_intent,gmm_k236_s1,0.4200056309758295,722
9,massive_intent,gmm_k236_s2,0.42071522902557934,722
9,massive_intent,spectral_k15_s0,0.5773130124082276,722
9,massive_intent,spectral_k15_s1,0.5773130124082276,722
9,massive_intent,spectral_k15_s2,0.5773130124082275,722
9,massive_intent,spectral_k30_s0,0.6107328840798126,722
9,massive_intent,spectral_k30_s1,0.6100201693994045,722
9,massive_intent,spectral_k30_s2,0.6086230838483369,722
9,massive_intent,spectral_k59_s0,0.5626329614146006,722
9,massive_intent,spectral_k59_s1,0.571545433964379,722
9,massive_intent,spectral_k59_s2,0.5590457031165558,722
9,massive_intent,spectral_k118_s0,0.4749359566698128,722
9,massive_intent,spectral_k118_s1,0.47956866819373384,722
9,massive_intent,spectral_k118_s2,0.47000752033313914,722
9,massive_intent,spectral_k236_s0,0.36574826050223447,722
9,massive_intent,spectral_k236_s1,0.36056788321753364,722
9,massive_intent,spectral_k236_s2,0.355049306463071,722
9,massive_intent,ward_k15,0.6145739361563332,722
9,massive_intent,ward_k30,0.6029969354193054,722
9,massive_intent,ward_k59,0.5592171038337493,722
9,massive_intent,ward_k118,0.49594839759818105,722
9,massive_intent,ward_k236,0.40767591770770956,722
9,massive_intent,leiden_k15_s0,0.6277338586843856,722
9,massive_intent,leiden_k15_s1,0.6273035357613388,722
9,massive_intent,leiden_k15_s2,0.6284108002228987,722
9,massive_intent,leiden_k30_s0,0.6358043232703735,722
9,massive_intent,leiden_k30_s1,0.6307917319945163,722
9,massive_intent,leiden_k30_s2,0.6336490797293377,722
9,massive_intent,leiden_k59_s0,0.5824553714875821,722
9,massive_intent,leiden_k59_s1,0.5917625259698713,722
9,massive_intent,leiden_k59_s2,0.5877832641159455,722
9,massive_intent,leiden_k118_s0,0.5354376405968589,722
9,massive_intent,leiden_k118_s1,0.5273197798417949,722
9,massive_intent,leiden_k118_s2,0.5371499678059284,722
9,massive_intent,leiden_k236_s0,0.4273557638321624,722
9,massive_intent,leiden_k236_s1,0.4172218350203983,722
9,massive_intent,leiden_k236_s2,0.4281153403898592,722
9,mcid,kmeans_k4_s0,0.25672182081827744,815
9,mcid,kmeans_k4_s1,0.2190441869354452,815
9,mcid,kmeans_k4_s2,0.12035649295440418,815
9,mcid,kmeans_k8_s0,0.3398068363905004,815
9,mcid,kmeans_k8_s1,0.3807512192135268,815
9,mcid,kmeans_k8_s2,0.37452519619294883,815
9,mcid,kmeans_k16_s0,0.46615797579446067,815
9,mcid,kmeans_k16_s1,0.46406407112253095,815
9,mcid,kmeans_k16_s2,0.4551807387978071,815
9,mcid,kmeans_k32_s0,0.4704835011364725,815
9,mcid,kmeans_k32_s1,0.48542650161550777,815
9,mcid,kmeans_k32_s2,0.49343639686492907,815
9,mcid,kmeans_k64_s0,0.47480081408564945,815
9,mcid,kmeans_k64_s1,0.4661569082630306,815
9,mcid,kmeans_k64_s2,0.4806412175292468,815
9,mcid,gmm_k4_s0,0.3737130015715433,815
9,mcid,gmm_k4_s1,0.41540829262775586,815
9,mcid,gmm_k4_s2,0.3737130015715433,815
9,mcid,gmm_k8_s0,0.5211030112897855,815
9,mcid,gmm_k8_s1,0.49615954222115444,815
9,mcid,gmm_k8_s2,0.5202084870808098,815
9,mcid,gmm_k16_s0,0.5745504530714899,815
9,mcid,gmm_k16_s1,0.6017548277347033,815
9,mcid,gmm_k16_s2,0.6102306468570216,815
9,mcid,gmm_k32_s0,0.5722377508619062,815
9,mcid,gmm_k32_s1,0.5785627862312716,815
9,mcid,gmm_k32_s2,0.580320873510565,815
9,mcid,gmm_k64_s0,0.5160090474114752,815
9,mcid,gmm_k64_s1,0.5112302995287347,815
9,mcid,gmm_k64_s2,0.5188566196903626,815
9,mcid,spectral_k4_s0,0.2503923580840763,815
9,mcid,spectral_k4_s1,0.2503923580840763,815
9,mcid,spectral_k4_s2,0.2503923580840763,815
9,mcid,spectral_k8_s0,0.4896109806598148,815
9,mcid,spectral_k8_s1,0.48961098065981457,815
9,mcid,spectral_k8_s2,0.4896109806598147,815
9,mcid,spectral_k16_s0,0.5444991013653082,815
9,mcid,spectral_k16_s1,0.5453392259133792,815
9,mcid,spectral_k16_s2,0.5443709440533679,815
9,mcid,spectral_k32_s0,0.5442200436777898,815
9,mcid,spectral_k32_s1,0.550184867878684,815
9,mcid,spectral_k32_s2,0.5427572344750277,815
9,mcid,spectral_k64_s0,0.47654156357517347,815
9,mcid,spectral_k64_s1,0.46932476709747556,815
9,mcid,spectral_k64_s2,0.4705117030539365,815
9,mcid,ward_k4,0.34041848567987176,815
9,mcid,ward_k8,0.4746654374580894,815
9,mcid,ward_k16,0.5562216989703186,815
9,mcid,ward_k32,0.5551618812093913,815
9,mcid,ward_k64,0.5211767974987801,815
9,mcid,leiden_k4_s0,0.36925757537462145,815
9,mcid,leiden_k4_s1,0.38845632056186197,815
9,mcid,leiden_k4_s2,0.38932523420992904,815
9,mcid,leiden_k8_s0,0.4980568047980517,815
9,mcid,leiden_k8_s1,0.4801932825720725,815
9,mcid,leiden_k8_s2,0.41032433189874673,815
9,mcid,leiden_k16_s0,0.5692477616261323,815
9,mcid,leiden_k16_s1,0.5682940205443269,815
9,mcid,leiden_k16_s2,0.5769607769667656,815
9,mcid,leiden_k32_s0,0.5632752353907747,815
9,mcid,leiden_k32_s1,0.5641128494530903,815
9,mcid,leiden_k32_s2,0.5628017193222746,815
9,mcid,leiden_k64_s0,0.5004612268354106,815
9,mcid,leiden_k64_s1,0.5055322645535973,815
9,mcid,leiden_k64_s2,0.5073560330243362,815
9,mtop_domain,kmeans_k3_s0,0.34322301945483513,867
9,mtop_domain,kmeans_k3_s1,0.5157399629060315,867
9,mtop_domain,kmeans_k3_s2,0.4634301642306933,867
9,mtop_domain,kmeans_k6_s0,0.6187245989281532,867
9,mtop_domain,kmeans_k6_s1,0.6185477827436416,867
9,mtop_domain,kmeans_k6_s2,0.5903729931576134,867
9,mtop_domain,kmeans_k11_s0,0.7354307650343871,867
9,mtop_domain,kmeans_k11_s1,0.7699736962687985,867
9,mtop_domain,kmeans_k11_s2,0.7686713762642724,867
9,mtop_domain,kmeans_k22_s0,0.6824512697187644,867
9,mtop_domain,kmeans_k22_s1,0.7127790032455738,867
9,mtop_domain,kmeans_k22_s2,0.6869705849668268,867
9,mtop_domain,kmeans_k44_s0,0.5950388323607532,867
9,mtop_domain,kmeans_k44_s1,0.6079755775723845,867
9,mtop_domain,kmeans_k44_s2,0.6053224242140157,867
9,mtop_domain,gmm_k3_s0,0.5276520782064237,867
9,mtop_domain,gmm_k3_s1,0.5278285458697032,867
9,mtop_domain,gmm_k3_s2,0.48848668583919436,867
9,mtop_domain,gmm_k6_s0,0.7291092156701711,867
9,mtop_domain,gmm_k6_s1,0.7106075740918257,867
9,mtop_domain,gmm_k6_s2,0.7291092156701711,867
9,mtop_domain,gmm_k11_s0,0.7565827636462303,867
9,mtop_domain,gmm_k11_s1,0.7460409003659879,867
9,mtop_domain,gmm_k11_s2,0.7562208538903364,867
9,mtop_domain,gmm_k22_s0,0.7163355108981995,867
9,mtop_domain,gmm_k22_s1,0.6952417937685783,867
9,mtop_domain,gmm_k22_s2,0.713515998847226,867
9,mtop_domain,gmm_k44_s0,0.6310854649847443,867
9,mtop_domain,gmm_k44_s1,0.6173105200949587,867
9,mtop_domain,gmm_k44_s2,0.6230280244931571,867
9,mtop_domain,spectral_k3_s0,0.3866116617836305,867
9,mtop_domain,spectral_k3_s1,0.3866116617836305,867
9,mtop_domain,spectral_k3_s2,0.3866116617836305,867
9,mtop_domain,spectral_k6_s0,0.6940766180455439,867
9,mtop_domain,spectral_k6_s1,0.6977553732103025,867
9,mtop_domain,spectral_k6_s2,0.6977553732103026,867
9,mtop_domain,spectral_k11_s0,0.7108080223914773,867
9,mtop_domain,spectral_k11_s1,0.7135502146435262,867
9,mtop_domain,spectral_k11_s2,0.7135502146435262,867
9,mtop_domain,spectral_k22_s0,0.7174756339798823,867
9,mtop_domain,spectral_k22_s1,0.7151472470859085,867
9,mtop_domain,spectral_k22_s2,0.7047011316939576,867
9,mtop_domain,spectral_k44_s0,0.628192393766579,867
9,mtop_domain,spectral_k44_s1,0.6350872375724775,867
9,mtop_domain,spectral_k44_s2,0.633344014671095,867
9,mtop_domain,ward_k3,0.5142395637413905,867
9,mtop_domain,ward_k6,0.6121134097507855,867
9,mtop_domain,ward_k11,0.7063623986858637,867
9,mtop_domain,ward_k22,0.6608718666668342,867
9,mtop_domain,ward_k44,0.6024174828573835,867
9,mtop_domain,leiden_k3_s0,0.5017744229141186,867
9,mtop_domain,leiden_k3_s1,0.49637895858957337,867
9,mtop_domain,leiden_k3_s2,0.4761104111407565,867
9,mtop_domain,leiden_k6_s0,0.718161090559889,867
9,mtop_domain,leiden_k6_s1,0.7224644093160083,867
9,mtop_domain,leiden_k6_s2,0.7252241475764901,867
9,mtop_domain,leiden_k11_s0,0.7466264156188268,867
9,mtop_domain,leiden_k11_s1,0.7468519536350731,867
9,mtop_domain,leiden_k11_s2,0.747081678480026,867
9,mtop_domain,leiden_k22_s0,0.7161080264984361,867
9,mtop_domain,leiden_k22_s1,0.7186950421926183,867
9,mtop_domain,leiden_k22_s2,0.7119120082133262,867
9,mtop_domain,leiden_k44_s0,0.6351652237154805,867
9,mtop_domain,leiden_k44_s1,0.6325220949208356,867
9,mtop_domain,leiden_k44_s2,0.6199532326651908,867
9,mtop_intent,kmeans_k26_s0,0.6818184462007251,884
9,mtop_intent,kmeans_k26_s1,0.691677878088122,884
9,mtop_intent,kmeans_k26_s2,0.6774872852345656,884
9,mtop_intent,kmeans_k51_s0,0.6025316387258178,884
9,mtop_intent,kmeans_k51_s1,0.6076202580703481,884
9,mtop_intent,kmeans_k51_s2,0.5982080558001502,884
9,mtop_intent,kmeans_k102_s0,0.528065382126064,884
9,mtop_intent,kmeans_k102_s1,0.5343153450749978,884
9,mtop_intent,kmeans_k102_s2,0.5347721140696735,884
9,mtop_intent,kmeans_k204_s0,0.42698684936360415,884
9,mtop_intent,kmeans_k204_s1,0.4350326333759969,884
9,mtop_intent,kmeans_k204_s2,0.43199965061227424,884
9,mtop_intent,kmeans_k408_s0,0.3342910185343277,884
9,mtop_intent,kmeans_k408_s1,0.3423075938851864,884
9,mtop_intent,kmeans_k408_s2,0.3204481535246102,884
9,mtop_intent,gmm_k26_s0,0.6869976762404396,884
9,mtop_intent,gmm_k26_s1,0.6927339986190302,884
9,mtop_intent,gmm_k26_s2,0.6787561952808432,884
9,mtop_intent,gmm_k51_s0,0.6255793819490736,884
9,mtop_intent,gmm_k51_s1,0.623193118555255,884
9,mtop_intent,gmm_k51_s2,0.6230449103210982,884
9,mtop_intent,gmm_k102_s0,0.5274077813107568,884
9,mtop_intent,gmm_k102_s1,0.5241605727038701,884
9,mtop_intent,gmm_k102_s2,0.5230617571733026,884
9,mtop_intent,gmm_k204_s0,0.42526577111870467,884
9,mtop_intent,gmm_k204_s1,0.42530851552708243,884
9,mtop_intent,gmm_k204_s2,0.4201886654918861,884
9,mtop_intent,gmm_k408_s0,0.33021437631772443,884
9,mtop_intent,gmm_k408_s1,0.3337699734769325,884
9,mtop_intent,gmm_k408_s2,0.32310014613494104,884
9,mtop_intent,spectral_k26_s0,0.696419004041287,884
9,mtop_intent,spectral_k26_s1,0.6964190040412869,884
9,mtop_intent,spectral_k26_s2,0.6969033234652545,884
9,mtop_intent,spectral_k51_s0,0.6119905730739164,884
9,mtop_intent,spectral_k51_s1,0.619925765842633,884
9,mtop_intent,spectral_k51_s2,0.6372642546920989,884
9,mtop_intent,spectral_k102_s0,0.5197359506154476,884
9,mtop_intent,spectral_k102_s1,0.5102388146294274,884
9,mtop_intent,spectral_k102_s2,0.4953086358811135,884
9,mtop_intent,spectral_k204_s0,0.3715702157084481,884
9,mtop_intent,spectral_k204_s1,0.3767003979369694,884
9,mtop_intent,spectral_k204_s2,0.396965069077363,884
9,mtop_intent,spectral_k408_s0,0.2780587206589709,884
9,mtop_intent,spectral_k408_s1,0.284933613932552,884
9,mtop_intent,spectral_k408_s2,0.2830881054915845,884
9,mtop_intent,ward_k26,0.6738962476507517,884
9,mtop_intent,ward_k51,0.6129471974656917,884
9,mtop_intent,ward_k102,0.5339816924842442,884
9,mtop_intent,ward_k204,0.4297810065933275,884
9,mtop_intent,ward_k408,0.33666393236089365,884
9,mtop_intent,leiden_k26_s0,0.6798488552908282,884
9,mtop_intent,leiden_k26_s1,0.6908964758481243,884
9,mtop_intent,leiden_k26_s2,0.689616076938789,884
9,mtop_intent,leiden_k51_s0,0.6104569743411842,884
9,mtop_intent,leiden_k51_s1,0.6140892031030676,884
9,mtop_intent,leiden_k51_s2,0.6143798195727509,884
9,mtop_intent,leiden_k102_s0,0.5262178301311322,884
9,mtop_intent,leiden_k102_s1,0.5112116854131893,884
9,mtop_intent,leiden_k102_s2,0.5096413611223918,884
9,mtop_intent,leiden_k204_s0,0.42364763504206177,884
9,mtop_intent,leiden_k204_s1,0.4251743288674895,884
9,mtop_intent,leiden_k204_s2,0.42311651951525986,884
9,mtop_intent,leiden_k408_s0,0.3114268890945886,884
9,mtop_intent,leiden_k408_s1,0.31265348984685154,884
9,mtop_intent,leiden_k408_s2,0.3147962735013905,884
9,reddit_s2s,kmeans_k12_s0,0.30172353181496053,587
9,reddit_s2s,kmeans_k12_s1,0.356100338257634,587
9,reddit_s2s,kmeans_k12_s2,0.2708228533099591,587
9,reddit_s2s,kmeans_k24_s0,0.3782670576049907,587
9,reddit_s2s,kmeans_k24_s1,0.37105382278106475,587
9,reddit_s2s,kmeans_k24_s2,0.38438237175405265,587
9,reddit_s2s,kmeans_k49_s0,0.37989111049433644,587
9,reddit_s2s,kmeans_k49_s1,0.34277856317017436,587
9,reddit_s2s,kmeans_k49_s2,0.3670581869801406,587
9,reddit_s2s,kmeans_k98_s0,0.3122960146042902,587
9,reddit_s2s,kmeans_k98_s1,0.32950232561070913,587
9,reddit_s2s,kmeans_k98_s2,0.3235343115483939,587
9,reddit_s2s,kmeans_k196_s0,0.2558999591348169,587
9,reddit_s2s,kmeans_k196_s1,0.2695367995199072,587
9,reddit_s2s,kmeans_k196_s2,0.2573944543519567,587
9,reddit_s2s,gmm_k12_s0,0.27778778897469286,587
9,reddit_s2s,gmm_k12_s1,0.2951585297144569,587
9,reddit_s2s,gmm_k12_s2,0.2869333472955192,587
9,reddit_s2s,gmm_k24_s0,0.34006209853611746,587
9,reddit_s2s,gmm_k24_s1,0.3507055031960542,587
9,reddit_s2s,gmm_k24_s2,0.3439066173968051,587
9,reddit_s2s,gmm_k49_s0,0.35141613898050783,587
9,reddit_s2s,gmm_k49_s1,0.3590100792774548,587
9,reddit_s2s,gmm_k49_s2,0.3554379146732554,587
9,reddit_s2s,gmm_k98_s0,0.3290477107673022,587
9,reddit_s2s,gmm_k98_s1,0.33195448803092353,587
9,reddit_s2s,gmm_k98_s2,0.34180940520997993,587
9,reddit_s2s,gmm_k196_s0,0.2972200625436993,587
9,reddit_s2s,gmm_k196_s1,0.30007870415621624,587
9,reddit_s2s,gmm_k196_s2,0.2891756211551955,587
9,reddit_s2s,spectral_k12_s0,0.1798621570490425,587
9,reddit_s2s,spectral_k12_s1,0.18366955923948455,587
9,reddit_s2s,spectral_k12_s2,0.19664994834624408,587
9,reddit_s2s,spectral_k24_s0,0.27521352073189975,587
9,reddit_s2s,spectral_k24_s1,0.2942160915880254,587
9,reddit_s2s,spectral_k24_s2,0.2752135207318998,587
9,reddit_s2s,spectral_k49_s0,0.31901919145585117,587
9,reddit_s2s,spectral_k49_s1,0.31802529761134096,587
9,reddit_s2s,spectral_k49_s2,0.3179473127926723,587
9,reddit_s2s,spectral_k98_s0,0.28565251726008817,587
9,reddit_s2s,spectral_k98_s1,0.2850297862628138,587
9,reddit_s2s,spectral_k98_s2,0.2851741196310388,587
9,reddit_s2s,spectral_k196_s0,0.22015747076550937,587
9,reddit_s2s,spectral_k196_s1,0.21233121652617992,587
9,reddit_s2s,spectral_k196_s2,0.20704977696410995,587
9,reddit_s2s,ward_k12,0.25311164287226634,587
9,reddit_s2s,ward_k24,0.30559418936206106,587
9,reddit_s2s,ward_k49,0.31143160680585635,587
9,reddit_s2s,ward_k98,0.29244398365489055,587
9,reddit_s2s,ward_k196,0.2606856499061644,587
9,reddit_s2s,leiden_k12_s0,0.26630497877845444,587
9,reddit_s2s,leiden_k12_s1,0.27976232467505846,587
9,reddit_s2s,leiden_k12_s2,0.3036444293268807,587
9,reddit_s2s,leiden_k24_s0,0.35234150805203857,587
9,reddit_s2s,leiden_k24_s1,0.34167242643645507,587
9,reddit_s2s,leiden_k24_s2,0.3444092872746182,587
9,reddit_s2s,leiden_k49_s0,0.3686312540182906,587
9,reddit_s2s,leiden_k49_s1,0.3721323653622061,587
9,reddit_s2s,leiden_k49_s2,0.36301574775435685,587
9,reddit_s2s,leiden_k98_s0,0.35035378115694066,587
9,reddit_s2s,leiden_k98_s1,0.3630767183793171,587
9,reddit_s2s,leiden_k98_s2,0.3543474099490362,587
9,reddit_s2s,leiden_k196_s0,0.297857832001536,587
9,reddit_s2s,leiden_k196_s1,0.2979459259252609,587
9,reddit_s2s,leiden_k196_s2,0.3018817280198421,587
9,snips,kmeans_k2_s0,0.34019488233973416,922
9,snips,kmeans_k2_s1,0.2675661434859155,922
9,snips,kmeans_k2_s2,0.30560737810301875,922
9,snips,kmeans_k4_s0,0.6727514388900356,922
9,snips,kmeans_k4_s1,0.6965184201649338,922
9,snips,kmeans_k4_s2,0.6555882082387573,922
9,snips,kmeans_k7_s0,0.7600718163002852,922
9,snips,kmeans_k7_s1,0.6943269839557635,922
9,snips,kmeans_k7_s2,0.7556131943435358,922
9,snips,kmeans_k14_s0,0.7325341628130986,922
9,snips,kmeans_k14_s1,0.7269591040675962,922
9,snips,kmeans_k14_s2,0.7552527650573658,922
9,snips,kmeans_k28_s0,0.6616087227167031,922
9,snips,kmeans_k28_s1,0.6610562451244013,922
9,snips,kmeans_k28_s2,0.6612476252047129,922
9,snips,gmm_k2_s0,0.31482445067961784,922
9,snips,gmm_k2_s1,0.31482445067961784,922
9,snips,gmm_k2_s2,0.31482445067961784,922
9,snips,gmm_k4_s0,0.6802061883535263,922
9,snips,gmm_k4_s1,0.687095366109651,922
9,snips,gmm_k4_s2,0.687095366109651,922
9,snips,gmm_k7_s0,0.8577490335342328,922
9,snips,gmm_k7_s1,0.8577490335342327,922
9,snips,gmm_k7_s2,0.8577490335342328,922
9,snips,gmm_k14_s0,0.7690499717873475,922
9,snips,gmm_k14_s1,0.7824129292238926,922
9,snips,gmm_k14_s2,0.7683971874573915,922
9,snips,gmm_k28_s0,0.6719674691671951,922
9,snips,gmm_k28_s1,0.6763396348819999,922
9,snips,gmm_k28_s2,0.6595940666939925,922
9,snips,spectral_k2_s0,0.31482445067961784,922
9,snips,spectral_k2_s1,0.31482445067961784,922
9,snips,spectral_k2_s2,0.31482445067961784,922
9,snips,spectral_k4_s0,0.6798381073067479,922
9,snips,spectral_k4_s1,0.6798381073067479,922
9,snips,spectral_k4_s2,0.6798381073067479,922
9,snips,spectral_k7_s0,0.8532291602341426,922
9,snips,spectral_k7_s1,0.8532291602341427,922
9,snips,spectral_k7_s2,0.853229160234143,922
9,snips,spectral_k14_s0,0.7835615538027108,922
9,snips,spectral_k14_s1,0.7842666137509056,922
9,snips,spectral_k14_s2,0.7835615538027108,922
9,snips,spectral_k28_s0,0.6876086492776047,922
9,snips,spectral_k28_s1,0.6859646950969674,922
9,snips,spectral_k28_s2,0.6876981746333646,922
9,snips,ward_k2,0.34240928661438125,922
9,snips,ward_k4,0.655660408724236,922
9,snips,ward_k7,0.8263637025382544,922
9,snips,ward_k14,0.7859556008825132,922
9,snips,ward_k28,0.6880313881199283,922
9,snips,leiden_k2_s0,0.31482445067961784,922
9,snips,leiden_k2_s1,0.31482445067961784,922
9,snips,leiden_k2_s2,0.31482445067961784,922
9,snips,leiden_k4_s0,0.6802061883535263,922
9,snips,leiden_k4_s1,0.6802061883535263,922
9,snips,leiden_k4_s2,0.6802061883535263,922
9,snips,leiden_k7_s0,0.8386579755112392,922
9,snips,leiden_k7_s1,0.851362168697684,922
9,snips,leiden_k7_s2,0.8386579755112392,922
9,snips,leiden_k14_s0,0.7948925030701595,922
9,snips,leiden_k14_s1,0.7938255552847577,922
9,snips,leiden_k14_s2,0.7924724740076936,922
9,snips,leiden_k28_s0,0.6754061011865192,922
9,snips,leiden_k28_s1,0.6705094274516922,922
9,snips,leiden_k28_s2,0.6733826489811703,922
9,stackexchange_cl,kmeans_k30_s0,0.452264232559176,362
9,stackexchange_cl,kmeans_k30_s1,0.44111188277962227,362
9,stackexchange_cl,kmeans_k30_s2,0.45525577561833513,362
9,stackexchange_cl,kmeans_k60_s0,0.4110234601384117,362
9,stackexchange_cl,kmeans_k60_s1,0.42972417846999095,362
9,stackexchange_cl,kmeans_k60_s2,0.41882432998215513,362
9,stackexchange_cl,kmeans_k121_s0,0.36278280799916135,362
9,stackexchange_cl,kmeans_k121_s1,0.363973585579143,362
9,stackexchange_cl,kmeans_k121_s2,0.35421727848005125,362
9,stackexchange_cl,kmeans_k242_s0,0.3046366052082746,362
9,stackexchange_cl,kmeans_k242_s1,0.30867661981351857,362
9,stackexchange_cl,kmeans_k242_s2,0.2875479457076378,362
9,stackexchange_cl,kmeans_k484_s0,0.21797074478040057,362
9,stackexchange_cl,kmeans_k484_s1,0.22503881924346897,362
9,stackexchange_cl,kmeans_k484_s2,0.2280709077846835,362
9,stackexchange_cl,gmm_k30_s0,0.468753619696673,362
9,stackexchange_cl,gmm_k30_s1,0.48940782169449176,362
9,stackexchange_cl,gmm_k30_s2,0.46589944169579517,362
9,stackexchange_cl,gmm_k60_s0,0.4202159880737201,362
9,stackexchange_cl,gmm_k60_s1,0.43080894022156224,362
9,stackexchange_cl,gmm_k60_s2,0.425648183417983,362
9,stackexchange_cl,gmm_k121_s0,0.3751660158918357,362
9,stackexchange_cl,gmm_k121_s1,0.37837306845258684,362
9,stackexchange_cl,gmm_k121_s2,0.37635071593167246,362
9,stackexchange_cl,gmm_k242_s0,0.3170404535872592,362
9,stackexchange_cl,gmm_k242_s1,0.3268961723755602,362
9,stackexchange_cl,gmm_k242_s2,0.3129949673517643,362
9,stackexchange_cl,gmm_k484_s0,0.26131875057463466,362
9,stackexchange_cl,gmm_k484_s1,0.25932570922949555,362
9,stackexchange_cl,gmm_k484_s2,0.24805613950137254,362
9,stackexchange_cl,spectral_k30_s0,0.4328497629195835,362
9,stackexchange_cl,spectral_k30_s1,0.4231008323358412,362
9,stackexchange_cl,spectral_k30_s2,0.4074479214566044,362
9,stackexchange_cl,spectral_k60_s0,0.4361435012047996,362
9,stackexchange_cl,spectral_k60_s1,0.4338251254778036,362
9,stackexchange_cl,spectral_k60_s2,0.4356596643768113,362
9,stackexchange_cl,spectral_k121_s0,0.32945551275047325,362
9,stackexchange_cl,spectral_k121_s1,0.3368315433342709,362
9,stackexchange_cl,spectral_k121_s2,0.33374003900050925,362
9,stackexchange_cl,spectral_k242_s0,0.2642002926298889,362
9,stackexchange_cl,spectral_k242_s1,0.2656233077961344,362
9,stackexchange_cl,spectral_k242_s2,0.2628273878297214,362
9,stackexchange_cl,spectral_k484_s0,0.17468233177241052,362
9,stackexchange_cl,spectral_k484_s1,0.18148761263348467,362
9,stackexchange_cl,spectral_k484_s2,0.1582669479829156,362
9,stackexchange_cl,ward_k30,0.4270782676247016,362
9,stackexchange_cl,ward_k60,0.39994495849506634,362
9,stackexchange_cl,ward_k121,0.35842542806037603,362
9,stackexchange_cl,ward_k242,0.2953507505360868,362
9,stackexchange_cl,ward_k484,0.22949316076921183,362
9,stackexchange_cl,leiden_k30_s0,0.4526331407326741,362
9,stackexchange_cl,leiden_k30_s1,0.4593977589596435,362
9,stackexchange_cl,leiden_k30_s2,0.4504419571796767,362
9,stackexchange_cl,leiden_k60_s0,0.4139518325674504,362
9,stackexchange_cl,leiden_k60_s1,0.4151931907118228,362
9,stackexchange_cl,leiden_k60_s2,0.4163509696239017,362
9,stackexchange_cl,leiden_k121_s0,0.3666390011697088,362
9,stackexchange_cl,leiden_k121_s1,0.37740125770821303,362
9,stackexchange_cl,leiden_k121_s2,0.35632399540096016,362
9,stackexchange_cl,leiden_k242_s0,0.32131030642140535,362
9,stackexchange_cl,leiden_k242_s1,0.3176732039308237,362
9,stackexchange_cl,leiden_k242_s2,0.3285626577490959,362
9,stackexchange_cl,leiden_k484_s0,0.22204573051574295,362
9,stackexchange_cl,leiden_k484_s1,0.224208115701231,362
9,stackexchange_cl,leiden_k484_s2,0.23481015714980602,362
9,stackoverflow20,kmeans_k5_s0,0.5293276930737313,727
9,stackoverflow20,kmeans_k5_s1,0.5226986777370048,727
9,stackoverflow20,kmeans_k5_s2,0.5150848422344271,727
9,stackoverflow20,kmeans_k10_s0,0.6535833817176593,727
9,stackoverflow20,kmeans_k10_s1,0.6796341182534139,727
9,stackoverflow20,kmeans_k10_s2,0.6834006526362869,727
9,stackoverflow20,kmeans_k20_s0,0.798308681375567,727
9,stackoverflow20,kmeans_k20_s1,0.7823983967689428,727
9,stackoverflow20,kmeans_k20_s2,0.7662882480960806,727
9,stackoverflow20,kmeans_k40_s0,0.7310619096469725,727
9,stackoverflow20,kmeans_k40_s1,0.7560699543788695,727
9,stackoverflow20,kmeans_k40_s2,0.7490779596279898,727
9,stackoverflow20,kmeans_k80_s0,0.6646336746115336,727
9,stackoverflow20,kmeans_k80_s1,0.6542138115937546,727
9,stackoverflow20,kmeans_k80_s2,0.6456886159855839,727
9,stackoverflow20,gmm_k5_s0,0.5373392558564628,727
9,stackoverflow20,gmm_k5_s1,0.5431315920306827,727
9,stackoverflow20,gmm_k5_s2,0.5330807904369744,727
9,stackoverflow20,gmm_k10_s0,0.6990883493241637,727
9,stackoverflow20,gmm_k10_s1,0.6991379098392603,727
9,stackoverflow20,gmm_k10_s2,0.6963094994423731,727
9,stackoverflow20,gmm_k20_s0,0.796398977949593,727
9,stackoverflow20,gmm_k20_s1,0.7916852048022424,727
9,stackoverflow20,gmm_k20_s2,0.7990753658524998,727
9,stackoverflow20,gmm_k40_s0,0.7646962755532057,727
9,stackoverflow20,gmm_k40_s1,0.7527074023139393,727
9,stackoverflow20,gmm_k40_s2,0.7623593281259224,727
9,stackoverflow20,gmm_k80_s0,0.6833146373896136,727
9,stackoverflow20,gmm_k80_s1,0.6822804465119798,727
9,stackoverflow20,gmm_k80_s2,0.6868338313510233,727
9,stackoverflow20,spectral_k5_s0,0.45635586839295617,727
9,stackoverflow20,spectral_k5_s1,0.4563558683929562,727
9,stackoverflow20,spectral_k5_s2,0.4738946893502697,727
9,stackoverflow20,spectral_k10_s0,0.6789764100964366,727
9,stackoverflow20,spectral_k10_s1,0.6789764100964367,727
9,stackoverflow20,spectral_k10_s2,0.6789764100964367,727
9,stackoverflow20,spectral_k20_s0,0.7932683139187734,727
9,stackoverflow20,spectral_k20_s1,0.7941384194262608,727
9,stackoverflow20,spectral_k20_s2,0.7950714015125367,727
9,stackoverflow20,spectral_k40_s0,0.7028345457296673,727
9,stackoverflow20,spectral_k40_s1,0.7001201007569642,727
9,stackoverflow20,spectral_k40_s2,0.7078995993321957,727
9,stackoverflow20,spectral_k80_s0,0.6187479944684541,727
9,stackoverflow20,spectral_k80_s1,0.623279712529708,727
9,stackoverflow20,spectral_k80_s2,0.6189630379702795,727
9,stackoverflow20,ward_k5,0.5001420818731012,727
9,stackoverflow20,ward_k10,0.6307116067853827,727
9,stackoverflow20,ward_k20,0.7208205415092884,727
9,stackoverflow20,ward_k40,0.6959282441503305,727
9,stackoverflow20,ward_k80,0.6310190067469199,727
9,stackoverflow20,leiden_k5_s0,0.5515758230547124,727
9,stackoverflow20,leiden_k5_s1,0.5554087714110232,727
9,stackoverflow20,leiden_k5_s2,0.5464069789471491,727
9,stackoverflow20,leiden_k10_s0,0.6882377979684509,727
9,stackoverflow20,leiden_k10_s1,0.7150725652435408,727
9,stackoverflow20,leiden_k10_s2,0.6942136940023956,727
9,stackoverflow20,leiden_k20_s0,0.808722908703723,727
9,stackoverflow20,leiden_k20_s1,0.8037608684887934,727
9,stackoverflow20,leiden_k20_s2,0.8036943422736943,727
9,stackoverflow20,leiden_k40_s0,0.7842756280107944,727
9,stackoverflow20,leiden_k40_s1,0.787004404500005,727
9,stackoverflow20,leiden_k40_s2,0.7925456133832989,727
9,stackoverflow20,leiden_k80_s0,0.6523722357716427,727
9,stackoverflow20,leiden_k80_s1,0.6662097451053336,727
9,stackoverflow20,leiden_k80_s2,0.6652998424671599,727
9,tweet89,kmeans_k22_s0,0.7283204140477699,648
9,tweet89,kmeans_k22_s1,0.7188586506710336,648
9,tweet89,kmeans_k22_s2,0.7415952746481923,648
9,tweet89,kmeans_k44_s0,0.7451873302705925,648
9,tweet89,kmeans_k44_s1,0.7418923022474709,648
9,tweet89,kmeans_k44_s2,0.7551163209211164,648
9,tweet89,kmeans_k89_s0,0.704568550740585,648
9,tweet89,kmeans_k89_s1,0.6944171717530693,648
9,tweet89,kmeans_k89_s2,0.6910807880515054,648
9,tweet89,kmeans_k178_s0,0.579990306814543,648
9,tweet89,kmeans_k178_s1,0.5761627902612857,648
9,tweet89,kmeans_k178_s2,0.5864480640364544,648
9,tweet89,kmeans_k356_s0,0.4839087092849464,648
9,tweet89,kmeans_k356_s1,0.4753410546966649,648
9,tweet89,kmeans_k356_s2,0.48288577072166394,648
9,tweet89,gmm_k22_s0,0.7514998274749727,648
9,tweet89,gmm_k22_s1,0.7653752779354537,648
9,tweet89,gmm_k22_s2,0.7450013146351845,648
9,tweet89,gmm_k44_s0,0.7652336828192441,648
9,tweet89,gmm_k44_s1,0.7526266999640289,648
9,tweet89,gmm_k44_s2,0.7758743872509416,648
9,tweet89,gmm_k89_s0,0.6612631496690438,648
9,tweet89,gmm_k89_s1,0.671020927227378,648
9,tweet89,gmm_k89_s2,0.6747775258775122,648
9,tweet89,gmm_k178_s0,0.546496619996503,648
9,tweet89,gmm_k178_s1,0.553189821995861,648
9,tweet89,gmm_k178_s2,0.5505163102996907,648
9,tweet89,gmm_k356_s0,0.4364874437979688,648
9,tweet89,gmm_k356_s1,0.4388087535038827,648
9,tweet89,gmm_k356_s2,0.4406492097462364,648
9,tweet89,spectral_k22_s0,0.7529355770792153,648
9,tweet89,spectral_k22_s1,0.7514734842725939,648
9,tweet89,spectral_k22_s2,0.751473484272594,648
9,tweet89,spectral_k44_s0,0.7737370500605923,648
9,tweet89,spectral_k44_s1,0.77558419714765,648
9,tweet89,spectral_k44_s2,0.7735221591199121,648
9,tweet89,spectral_k89_s0,0.6587780352423658,648
9,tweet89,spectral_k89_s1,0.6652292670029194,648
9,tweet89,spectral_k89_s2,0.6628470148215164,648
9,tweet89,spectral_k178_s0,0.5237949342153141,648
9,tweet89,spectral_k178_s1,0.522102070160602,648
9,tweet89,spectral_k178_s2,0.5221083011720312,648
9,tweet89,spectral_k356_s0,0.36489587158032716,648
9,tweet89,spectral_k356_s1,0.3539896398821442,648
9,tweet89,spectral_k356_s2,0.3597289944422669,648
9,tweet89,ward_k22,0.7648876181101162,648
9,tweet89,ward_k44,0.7654882448664598,648
9,tweet89,ward_k89,0.7083717184823775,648
9,tweet89,ward_k178,0.5776769424240012,648
9,tweet89,ward_k356,0.45592950684012173,648
9,tweet89,leiden_k22_s0,0.7655057491989598,648
9,tweet89,leiden_k22_s1,0.7552694814415318,648
9,tweet89,leiden_k22_s2,0.7622693192812248,648
9,tweet89,leiden_k44_s0,0.7622478544194982,648
9,tweet89,leiden_k44_s1,0.7630327763766214,648
9,tweet89,leiden_k44_s2,0.7615616889252401,648
9,tweet89,leiden_k89_s0,0.6541275402581276,648
9,tweet89,leiden_k89_s1,0.6459110450101307,648
9,tweet89,leiden_k89_s2,0.6473782762786994,648
9,tweet89,leiden_k178_s0,0.5325941428236994,648
9,tweet89,leiden_k178_s1,0.550619817256222,648
9,tweet89,leiden_k178_s2,0.5483618148299929,648
9,tweet89,leiden_k356_s0,0.41356682189839783,648
9,tweet89,leiden_k356_s1,0.40824373265672825,648
9,tweet89,leiden_k356_s2,0.41569672820459924,648
10,arxiv_fine,kmeans_k23_s0,0.4476173093530593,492
10,arxiv_fine,kmeans_k23_s1,0.43906867980287795,492
10,arxiv_fine,kmeans_k23_s2,0.4569608165797721,492
10,arxiv_fine,kmeans_k46_s0,0.39576942214265565,492
10,arxiv_fine,kmeans_k46_s1,0.3938604952762908,492
10,arxiv_fine,kmeans_k46_s2,0.41386610012550207,492
10,arxiv_fine,kmeans_k93_s0,0.340084003146318,492
10,arxiv_fine,kmeans_k93_s1,0.3225393317273182,492
10,arxiv_fine,kmeans_k93_s2,0.3247994728952812,492
10,arxiv_fine,kmeans_k186_s0,0.2559362254623335,492
10,arxiv_fine,kmeans_k186_s1,0.23828612585305198,492
10,arxiv_fine,kmeans_k186_s2,0.24623067573281956,492
10,arxiv_fine,kmeans_k372_s0,0.18020258734733724,492
10,arxiv_fine,kmeans_k372_s1,0.20826378027666134,492
10,arxiv_fine,kmeans_k372_s2,0.20093655676035496,492
10,arxiv_fine,gmm_k23_s0,0.4518135971378525,492
10,arxiv_fine,gmm_k23_s1,0.452738462124593,492
10,arxiv_fine,gmm_k23_s2,0.4638479211857754,492
10,arxiv_fine,gmm_k46_s0,0.4039424893808881,492
10,arxiv_fine,gmm_k46_s1,0.4123195578163493,492
10,arxiv_fine,gmm_k46_s2,0.4055169532269703,492
10,arxiv_fine,gmm_k93_s0,0.33533453733573354,492
10,arxiv_fine,gmm_k93_s1,0.3498311792189063,492
10,arxiv_fine,gmm_k93_s2,0.34050767300712104,492
10,arxiv_fine,gmm_k186_s0,0.26285207027764573,492
10,arxiv_fine,gmm_k186_s1,0.27107690402964085,492
10,arxiv_fine,gmm_k186_s2,0.2649279860731717,492
10,arxiv_fine,gmm_k372_s0,0.19397009420555442,492
10,arxiv_fine,gmm_k372_s1,0.19262754001559831,492
10,arxiv_fine,gmm_k372_s2,0.19077651288990444,492
10,arxiv_fine,spectral_k23_s0,0.42935297391325533,492
10,arxiv_fine,spectral_k23_s1,0.42923791828469093,492
10,arxiv_fine,spectral_k23_s2,0.429237918284691,492
10,arxiv_fine,spectral_k46_s0,0.3668045121925018,492
10,arxiv_fine,spectral_k46_s1,0.37558382749013236,492
10,arxiv_fine,spectral_k46_s2,0.35946115228215375,492
10,arxiv_fine,spectral_k93_s0,0.287915431487139,492
10,arxiv_fine,spectral_k93_s1,0.29727455564436395,492
10,arxiv_fine,spectral_k93_s2,0.2873664167557778,492
10,arxiv_fine,spectral_k186_s0,0.21910869328053334,492
10,arxiv_fine,spectral_k186_s1,0.21694515768649406,492
10,arxiv_fine,spectral_k186_s2,0.218476493456305,492
10,arxiv_fine,spectral_k372_s0,0.1536226372940117,492
10,arxiv_fine,spectral_k372_s1,0.14693446219355114,492
10,arxiv_fine,spectral_k372_s2,0.13279098009991144,492
10,arxiv_fine,ward_k23,0.41895935671960144,492
10,arxiv_fine,ward_k46,0.37182020157738505,492
10,arxiv_fine,ward_k93,0.29727241556459694,492
10,arxiv_fine,ward_k186,0.23430635522553553,492
10,arxiv_fine,ward_k372,0.15703987028848004,492
10,arxiv_fine,leiden_k23_s0,0.45340939900593136,492
10,arxiv_fine,leiden_k23_s1,0.45751835090174164,492
10,arxiv_fine,leiden_k23_s2,0.4494724932247175,492
10,arxiv_fine,leiden_k46_s0,0.3998320585965293,492
10,arxiv_fine,leiden_k46_s1,0.40018307366421163,492
10,arxiv_fine,leiden_k46_s2,0.4010906799508178,492
10,arxiv_fine,leiden_k93_s0,0.32617400119162543,492
10,arxiv_fine,leiden_k93_s1,0.3499254946916762,492
10,arxiv_fine,leiden_k93_s2,0.3317466685700149,492
10,arxiv_fine,leiden_k186_s0,0.2697587845890915,492
10,arxiv_fine,leiden_k186_s1,0.2723244450971219,492
10,arxiv_fine,leiden_k186_s2,0.2664584555143643,492
10,arxiv_fine,leiden_k372_s0,0.17783497403914458,492
10,arxiv_fine,leiden_k372_s1,0.19511213404212946,492
10,arxiv_fine,leiden_k372_s2,0.18703657953331218,492
10,banking77,kmeans_k19_s0,0.44577421520442667,924
10,banking77,kmeans_k19_s1,0.42981275898372623,924
10,banking77,kmeans_k19_s2,0.45784307766421967,924
10,banking77,kmeans_k38_s0,0.4494431108601379,924
10,banking77,kmeans_k38_s1,0.47156197613598266,924
10,banking77,kmeans_k38_s2,0.47680876936772154,924
10,banking77,kmeans_k77_s0,0.44014626783666033,924
10,banking77,kmeans_k77_s1,0.43821678389115876,924
10,banking77,kmeans_k77_s2,0.45792512094780047,924
10,banking77,kmeans_k154_s0,0.3857308462348492,924
10,banking77,kmeans_k154_s1,0.3761817545264637,924
10,banking77,kmeans_k154_s2,0.38776194220022747,924
10,banking77,kmeans_k308_s0,0.30776886531558667,924
10,banking77,kmeans_k308_s1,0.3005275814160113,924
10,banking77,kmeans_k308_s2,0.3054791844181018,924
10,banking77,gmm_k19_s0,0.46657466691074145,924
10,banking77,gmm_k19_s1,0.4740848693213367,924
10,banking77,gmm_k19_s2,0.46754415880675115,924
10,banking77,gmm_k38_s0,0.5019930933181574,924
10,banking77,gmm_k38_s1,0.5013832398828485,924
10,banking77,gmm_k38_s2,0.4993250482555859,924
10,banking77,gmm_k77_s0,0.46813177143866835,924
10,banking77,gmm_k77_s1,0.4661599630884964,924
10,banking77,gmm_k77_s2,0.4721046525359357,924
10,banking77,gmm_k154_s0,0.4056737582802768,924
10,banking77,gmm_k154_s1,0.40271044939441264,924
10,banking77,gmm_k154_s2,0.41222895902968315,924
10,banking77,gmm_k308_s0,0.3347577434850385,924
10,banking77,gmm_k308_s1,0.33380570865715786,924
10,banking77,gmm_k308_s2,0.33540975507821,924
10,banking77,spectral_k19_s0,0.46299893345926174,924
10,banking77,spectral_k19_s1,0.46296730256522567,924
10,banking77,spectral_k19_s2,0.4677447247021549,924
10,banking77,spectral_k38_s0,0.49432587238867415,924
10,banking77,spectral_k38_s1,0.4949600166119954,924
10,banking77,spectral_k38_s2,0.49355688751149557,924
10,banking77,spectral_k77_s0,0.44352726149431154,924
10,banking77,spectral_k77_s1,0.4498631015925415,924
10,banking77,spectral_k77_s2,0.45181814839788575,924
10,banking77,spectral_k154_s0,0.3869583210552537,924
10,banking77,spectral_k154_s1,0.38381891590764605,924
10,banking77,spectral_k154_s2,0.3913330207324142,924
10,banking77,spectral_k308_s0,0.29300456648275397,924
10,banking77,spectral_k308_s1,0.2944340847421554,924
10,banking77,spectral_k308_s2,0.29982594803439233,924
10,banking77,ward_k19,0.4648551580487943,924
10,banking77,ward_k38,0.47967847175341766,924
10,banking77,ward_k77,0.4444368628547164,924
10,banking77,ward_k154,0.38082007896867215,924
10,banking77,ward_k308,0.3007748566552709,924
10,banking77,leiden_k19_s0,0.4548574897454545,924
10,banking77,leiden_k19_s1,0.4655869453688789,924
10,banking77,leiden_k19_s2,0.46455051517660645,924
10,banking77,leiden_k38_s0,0.49871124982832,924
10,banking77,leiden_k38_s1,0.5030222878263114,924
10,banking77,leiden_k38_s2,0.5078669687112463,924
10,banking77,leiden_k77_s0,0.46192309865731757,924
10,banking77,leiden_k77_s1,0.45573351365890213,924
10,banking77,leiden_k77_s2,0.4567950569165085,924
10,banking77,leiden_k154_s0,0.40720422148622143,924
10,banking77,leiden_k154_s1,0.4082191839835594,924
10,banking77,leiden_k154_s2,0.4100889396058197,924
10,banking77,leiden_k308_s0,0.34402028662939554,924
10,banking77,leiden_k308_s1,0.34057520067175157,924
10,banking77,leiden_k308_s2,0.34632898088460146,924
10,bbcnews,kmeans_k2_s0,0.3414328032377695,787
10,bbcnews,kmeans_k2_s1,0.458994623571658,787
10,bbcnews,kmeans_k2_s2,0.458994623571658,787
10,bbcnews,kmeans_k5_s0,0.7884190519801668,787
10,bbcnews,kmeans_k5_s1,0.7884190519801669,787
10,bbcnews,kmeans_k5_s2,0.7847349240202809,787
10,bbcnews,kmeans_k10_s0,0.6485588153130393,787
10,bbcnews,kmeans_k10_s1,0.6725772414748505,787
10,bbcnews,kmeans_k10_s2,0.6560649860026374,787
10,bbcnews,kmeans_k20_s0,0.5476941508449872,787
10,bbcnews,kmeans_k20_s1,0.5680458577575054,787
10,bbcnews,kmeans_k20_s2,0.554488568579265,787
10,bbcnews,gmm_k2_s0,0.40872481589923043,787
10,bbcnews,gmm_k2_s1,0.40872481589923043,787
10,bbcnews,gmm_k2_s2,0.40872481589923043,787
10,bbcnews,gmm_k5_s0,0.6642863166367435,787
10,bbcnews,gmm_k5_s1,0.6668506171635005,787
10,bbcnews,gmm_k5_s2,0.6642863166367435,787
10,bbcnews,gmm_k10_s0,0.6458278949808962,787
10,bbcnews,gmm_k10_s1,0.6392356289910648,787
10,bbcnews,gmm_k10_s2,0.6502940707260277,787
10,bbcnews,gmm_k20_s0,0.5752325762767203,787
10,bbcnews,gmm_k20_s1,0.57314953926752,787
10,bbcnews,gmm_k20_s2,0.5713467063451187,787
10,bbcnews,spectral_k2_s0,0.4120332696128832,787
10,bbcnews,spectral_k2_s1,0.4120332696128832,787
10,bbcnews,spectral_k2_s2,0.4120332696128832,787
10,bbcnews,spectral_k5_s0,0.5913517336977764,787
10,bbcnews,spectral_k5_s1,0.5913517336977764,787
10,bbcnews,spectral_k5_s2,0.5913517336977763,787
10,bbcnews,spectral_k10_s0,0.6892832258874828,787
10,bbcnews,spectral_k10_s1,0.6892832258874828,787
10,bbcnews,spectral_k10_s2,0.6892832258874827,787
10,bbcnews,spectral_k20_s0,0.5748610833033301,787
10,bbcnews,spectral_k20_s1,0.5779760251633911,787
10,bbcnews,spectral_k20_s2,0.5744256010766332,787
10,bbcnews,ward_k2,0.447972326104062,787
10,bbcnews,ward_k5,0.7094936806646958,787
10,bbcnews,ward_k10,0.603845810282996,787
10,bbcnews,ward_k20,0.5512019204126268,787
10,bbcnews,leiden_k2_s0,0.4120332696128832,787
10,bbcnews,leiden_k2_s1,0.4120332696128832,787
10,bbcnews,leiden_k2_s2,0.4120332696128832,787
10,bbcnews,leiden_k5_s0,0.683735337185055,787
10,bbcnews,leiden_k5_s1,0.673786183291622,787
10,bbcnews,leiden_k5_s2,0.673786183291622,787
10,bbcnews,leiden_k10_s0,0.6609304222955855,787
10,bbcnews,leiden_k10_s1,0.6607186663799847,787
10,bbcnews,leiden_k10_s2,0.6633150788021351,787
10,bbcnews,leiden_k20_s0,0.5701287558984873,787
10,bbcnews,leiden_k20_s1,0.5769173162935967,787
10,bbcnews,leiden_k20_s2,0.5624314961367285,787
10,clinc150,kmeans_k38_s0,0.527693625834239,623
10,clinc150,kmeans_k38_s1,0.5228057347523657,623
10,clinc150,kmeans_k38_s2,0.5126515284440094,623
10,clinc150,kmeans_k76_s0,0.4941869765300695,623
10,clinc150,kmeans_k76_s1,0.496227285193876,623
10,clinc150,kmeans_k76_s2,0.5010313999096134,623
10,clinc150,kmeans_k151_s0,0.4303808665089948,623
10,clinc150,kmeans_k151_s1,0.4436592206301551,623
10,clinc150,kmeans_k151_s2,0.43097241477318765,623
10,clinc150,kmeans_k302_s0,0.3513230850396256,623
10,clinc150,kmeans_k302_s1,0.3417082461976433,623
10,clinc150,kmeans_k302_s2,0.34938862284763256,623
10,clinc150,kmeans_k604_s0,0.25173046085691664,623
10,clinc150,kmeans_k604_s1,0.24529686856395527,623
10,clinc150,kmeans_k604_s2,0.2575755678774054,623
10,clinc150,gmm_k38_s0,0.5187229354991639,623
10,clinc150,gmm_k38_s1,0.5393892402709409,623
10,clinc150,gmm_k38_s2,0.5221302375558451,623
10,clinc150,gmm_k76_s0,0.4917633727471248,623
10,clinc150,gmm_k76_s1,0.4981609422548889,623
10,clinc150,gmm_k76_s2,0.4894506913313876,623
10,clinc150,gmm_k151_s0,0.43307646463957783,623
10,clinc150,gmm_k151_s1,0.43308060841372586,623
10,clinc150,gmm_k151_s2,0.42897651564562694,623
10,clinc150,gmm_k302_s0,0.3786983745886649,623
10,clinc150,gmm_k302_s1,0.3729659896835273,623
10,clinc150,gmm_k302_s2,0.37257430292937604,623
10,clinc150,gmm_k604_s0,0.3034477147976292,623
10,clinc150,gmm_k604_s1,0.3056356856849417,623
10,clinc150,gmm_k604_s2,0.30376184586176297,623
10,clinc150,spectral_k38_s0,0.4756087040948588,623
10,clinc150,spectral_k38_s1,0.4314206608206969,623
10,clinc150,spectral_k38_s2,0.42906643461406596,623
10,clinc150,spectral_k76_s0,0.41381507216222946,623
10,clinc150,spectral_k76_s1,0.40174282310829984,623
10,clinc150,spectral_k76_s2,0.39512173355080427,623
10,clinc150,spectral_k151_s0,0.4007136541091749,623
10,clinc150,spectral_k151_s1,0.402079815096814,623
10,clinc150,spectral_k151_s2,0.4061919943959575,623
10,clinc150,spectral_k302_s0,0.31633272199861207,623
10,clinc150,spectral_k302_s1,0.30920452504844914,623
10,clinc150,spectral_k302_s2,0.31100364827547883,623
10,clinc150,spectral_k604_s0,0.22289129539188,623
10,clinc150,spectral_k604_s1,0.2293171681690238,623
10,clinc150,spectral_k604_s2,0.22567641431982496,623
10,clinc150,ward_k38,0.5568812028195311,623
10,clinc150,ward_k76,0.5141516378033855,623
10,clinc150,ward_k151,0.4306338789420547,623
10,clinc150,ward_k302,0.3535393370623972,623
10,clinc150,ward_k604,0.2668565292238515,623
10,clinc150,leiden_k38_s0,0.5285279455135798,623
10,clinc150,leiden_k38_s1,0.5028220203462341,623
10,clinc150,leiden_k38_s2,0.5173841619990489,623
10,clinc150,leiden_k76_s0,0.476948899846544,623
10,clinc150,leiden_k76_s1,0.48096484464438144,623
10,clinc150,leiden_k76_s2,0.480977881993676,623
10,clinc150,leiden_k151_s0,0.4200134986960016,623
10,clinc150,leiden_k151_s1,0.4278360158668696,623
10,clinc150,leiden_k151_s2,0.4263992092229256,623
10,clinc150,leiden_k302_s0,0.36776088664300677,623
10,clinc150,leiden_k302_s1,0.3716332297533514,623
10,clinc150,leiden_k302_s2,0.3730037609035864,623
10,clinc150,leiden_k604_s0,0.2883760546854487,623
10,clinc150,leiden_k604_s1,0.2793155119761084,623
10,clinc150,leiden_k604_s2,0.28286920674882216,623
10,clinc150_domain,kmeans_k2_s0,0.17360455422083276,636
10,clinc150_domain,kmeans_k2_s1,0.23528054095583678,636
10,clinc150_domain,kmeans_k2_s2,0.23528054095583678,636
10,clinc150_domain,kmeans_k5_s0,0.42529099335793225,636
10,clinc150_domain,kmeans_k5_s1,0.42587184352301666,636
10,clinc150_domain,kmeans_k5_s2,0.41734802808928645,636
10,clinc150_domain,kmeans_k10_s0,0.5399036872497979,636
10,clinc150_domain,kmeans_k10_s1,0.46875304978149096,636
10,clinc150_domain,kmeans_k10_s2,0.4843226463983749,636
10,clinc150_domain,kmeans_k20_s0,0.5509519267237917,636
10,clinc150_domain,kmeans_k20_s1,0.5806356559799662,636
10,clinc150_domain,kmeans_k20_s2,0.5634030569056703,636
10,clinc150_domain,kmeans_k40_s0,0.564597836493217,636
10,clinc150_domain,kmeans_k40_s1,0.5657853218696279,636
10,clinc150_domain,kmeans_k40_s2,0.5350869934869742,636
10,clinc150_domain,gmm_k2_s0,0.20804986481224125,636
10,clinc150_domain,gmm_k2_s1,0.1652156419398724,636
10,clinc150_domain,gmm_k2_s2,0.16793196258585497,636
10,clinc150_domain,gmm_k5_s0,0.41411209482641553,636
10,clinc150_domain,gmm_k5_s1,0.3471892867245885,636
10,clinc150_domain,gmm_k5_s2,0.3433731779529103,636
10,clinc150_domain,gmm_k10_s0,0.4638690073353134,636
10,clinc150_domain,gmm_k10_s1,0.45935146706052227,636
10,clinc150_domain,gmm_k10_s2,0.449071905898189,636
10,clinc150_domain,gmm_k20_s0,0.5289177402418161,636
10,clinc150_domain,gmm_k20_s1,0.49955837603444436,636
10,clinc150_domain,gmm_k20_s2,0.513902651448151,636
10,clinc150_domain,gmm_k40_s0,0.5293392298256889,636
10,clinc150_domain,gmm_k40_s1,0.5290355302067299,636
10,clinc150_domain,gmm_k40_s2,0.5408062134814511,636
10,clinc150_domain,spectral_k2_s0,-0.0005859113527989261,636
10,clinc150_domain,spectral_k2_s1,-0.0005859113527989261,636
10,clinc150_domain,spectral_k2_s2,-0.0005859113527989261,636
10,clinc150_domain,spectral_k5_s0,0.04762295662336205,636
10,clinc150_domain,spectral_k5_s1,0.04762295662336205,636
10,clinc150_domain,spectral_k5_s2,0.04762295662336205,636
10,clinc150_domain,spectral_k10_s0,0.34025325529922507,636
10,clinc150_domain,spectral_k10_s1,0.3402532552992251,636
10,clinc150_domain,spectral_k10_s2,0.34025325529922507,636
10,clinc150_domain,spectral_k20_s0,0.45725651095260833,636
10,clinc150_domain,spectral_k20_s1,0.45725651095260833,636
10,clinc150_domain,spectral_k20_s2,0.4572565109526082,636
10,clinc150_domain,spectral_k40_s0,0.4842061053293156,636
10,clinc150_domain,spectral_k40_s1,0.49595515364161147,636
10,clinc150_domain,spectral_k40_s2,0.4697107436487292,636
10,clinc150_domain,ward_k2,0.21252542434788177,636
10,clinc150_domain,ward_k5,0.4582273030657987,636
10,clinc150_domain,ward_k10,0.5619560282838082,636
10,clinc150_domain,ward_k20,0.5962095020239077,636
10,clinc150_domain,ward_k40,0.6033652685198169,636
10,clinc150_domain,leiden_k2_s0,-0.0005859113527989261,636
10,clinc150_domain,leiden_k2_s1,-0.0005859113527989261,636
10,clinc150_domain,leiden_k2_s2,0.09069916197434384,636
10,clinc150_domain,leiden_k5_s0,0.3069099567384468,636
10,clinc150_domain,leiden_k5_s1,0.26039249062675446,636
10,clinc150_domain,leiden_k5_s2,0.3039941358906628,636
10,clinc150_domain,leiden_k10_s0,0.44581137415275335,636
10,clinc150_domain,leiden_k10_s1,0.47109244753058926,636
10,clinc150_domain,leiden_k10_s2,0.4568969177415806,636
10,clinc150_domain,leiden_k20_s0,0.5260218458910922,636
10,clinc150_domain,leiden_k20_s1,0.5167473681590566,636
10,clinc150_domain,leiden_k20_s2,0.5267315378023508,636
10,clinc150_domain,leiden_k40_s0,0.5441904061736664,636
10,clinc150_domain,leiden_k40_s1,0.5347777470203741,636
10,clinc150_domain,leiden_k40_s2,0.5407795276595136,636
10,dbpedia,kmeans_k4_s0,0.6118038700764971,907
10,dbpedia,kmeans_k4_s1,0.5297219263041055,907
10,dbpedia,kmeans_k4_s2,0.5980963999309703,907
10,dbpedia,kmeans_k7_s0,0.6177457496847409,907
10,dbpedia,kmeans_k7_s1,0.6143408560355312,907
10,dbpedia,kmeans_k7_s2,0.6309639832888193,907
10,dbpedia,kmeans_k14_s0,0.5888672304732577,907
10,dbpedia,kmeans_k14_s1,0.6355138757075028,907
10,dbpedia,kmeans_k14_s2,0.6503150767079764,907
10,dbpedia,kmeans_k28_s0,0.5939457933665429,907
10,dbpedia,kmeans_k28_s1,0.6109624186649388,907
10,dbpedia,kmeans_k28_s2,0.5896229584430388,907
10,dbpedia,kmeans_k56_s0,0.5207759157594576,907
10,dbpedia,kmeans_k56_s1,0.5208710572157069,907
10,dbpedia,kmeans_k56_s2,0.5208624642527918,907
10,dbpedia,gmm_k4_s0,0.5446107343098993,907
10,dbpedia,gmm_k4_s1,0.6404213851592649,907
10,dbpedia,gmm_k4_s2,0.5446107343098993,907
10,dbpedia,gmm_k7_s0,0.5831453522655247,907
10,dbpedia,gmm_k7_s1,0.6262210735563242,907
10,dbpedia,gmm_k7_s2,0.619834716951561,907
10,dbpedia,gmm_k14_s0,0.641770882846481,907
10,dbpedia,gmm_k14_s1,0.6389563586359731,907
10,dbpedia,gmm_k14_s2,0.6330412895349109,907
10,dbpedia,gmm_k28_s0,0.5766754097343336,907
10,dbpedia,gmm_k28_s1,0.5786483980662365,907
10,dbpedia,gmm_k28_s2,0.5802729093131188,907
10,dbpedia,gmm_k56_s0,0.5267922053907742,907
10,dbpedia,gmm_k56_s1,0.5257561607648638,907
10,dbpedia,gmm_k56_s2,0.5194970511375179,907
10,dbpedia,spectral_k4_s0,0.5435731469965788,907
10,dbpedia,spectral_k4_s1,0.5435731469965788,907
10,dbpedia,spectral_k4_s2,0.5435731469965789,907
10,dbpedia,spectral_k7_s0,0.6224732892218584,907
10,dbpedia,spectral_k7_s1,0.6224732892218584,907
10,dbpedia,spectral_k7_s2,0.6224732892218583,907
10,dbpedia,spectral_k14_s0,0.49826061936656696,907
10,dbpedia,spectral_k14_s1,0.5865935061730624,907
10,dbpedia,spectral_k14_s2,0.5093857487484292,907
10,dbpedia,spectral_k28_s0,0.5604415291685779,907
10,dbpedia,spectral_k28_s1,0.5555972390178195,907
10,dbpedia,spectral_k28_s2,0.5641321745292343,907
10,dbpedia,spectral_k56_s0,0.5081364643488517,907
10,dbpedia,spectral_k56_s1,0.508259666223967,907
10,dbpedia,spectral_k56_s2,0.5218497137232947,907
10,dbpedia,ward_k4,0.5687489032397002,907
10,dbpedia,ward_k7,0.6227117189733019,907
10,dbpedia,ward_k14,0.6174008814003171,907
10,dbpedia,ward_k28,0.5819285587068718,907
10,dbpedia,ward_k56,0.5151197409450352,907
10,dbpedia,leiden_k4_s0,0.5489164849587729,907
10,dbpedia,leiden_k4_s1,0.5499285830866724,907
10,dbpedia,leiden_k4_s2,0.5489164849587729,907
10,dbpedia,leiden_k7_s0,0.6070199894696926,907
10,dbpedia,leiden_k7_s1,0.6161243531847973,907
10,dbpedia,leiden_k7_s2,0.6321332800078447,907
10,dbpedia,leiden_k14_s0,0.6591169281149317,907
10,dbpedia,leiden_k14_s1,0.6416682683903203,907
10,dbpedia,leiden_k14_s2,0.660241363746381,907
10,dbpedia,leiden_k28_s0,0.6006179253148504,907
10,dbpedia,leiden_k28_s1,0.6017424186258377,907
10,dbpedia,leiden_k28_s2,0.6006990047407813,907
10,dbpedia,leiden_k56_s0,0.5258369405810966,907
10,dbpedia,leiden_k56_s1,0.5253537473617643,907
10,dbpedia,leiden_k56_s2,0.5235391933965526,907
10,fewevent,kmeans_k8_s0,0.592878869867288,630
10,fewevent,kmeans_k8_s1,0.5866510893761518,630
10,fewevent,kmeans_k8_s2,0.5877411172055177,630
10,fewevent,kmeans_k17_s0,0.6346608820970638,630
10,fewevent,kmeans_k17_s1,0.6101374771482289,630
10,fewevent,kmeans_k17_s2,0.5777708874064141,630
10,fewevent,kmeans_k34_s0,0.5949008310850363,630
10,fewevent,kmeans_k34_s1,0.5894943280845327,630
10,fewevent,kmeans_k34_s2,0.5890380148657113,630
10,fewevent,kmeans_k68_s0,0.5338876838480855,630
10,fewevent,kmeans_k68_s1,0.5392827776680654,630
10,fewevent,kmeans_k68_s2,0.5274301490062561,630
10,fewevent,kmeans_k136_s0,0.4809527064470601,630
10,fewevent,kmeans_k136_s1,0.45853457811333254,630
10,fewevent,kmeans_k136_s2,0.4879439733593954,630
10,fewevent,gmm_k8_s0,0.6231040751804741,630
10,fewevent,gmm_k8_s1,0.6026166660577914,630
10,fewevent,gmm_k8_s2,0.6231040751804741,630
10,fewevent,gmm_k17_s0,0.6510429972664494,630
10,fewevent,gmm_k17_s1,0.6597245010166768,630
10,fewevent,gmm_k17_s2,0.6357415443753198,630
10,fewevent,gmm_k34_s0,0.5918979967103892,630
10,fewevent,gmm_k34_s1,0.6057833152265407,630
10,fewevent,gmm_k34_s2,0.6133099860507952,630
10,fewevent,gmm_k68_s0,0.532474392691322,630
10,fewevent,gmm_k68_s1,0.5424144862750181,630
10,fewevent,gmm_k68_s2,0.5326225016253188,630
10,fewevent,gmm_k136_s0,0.457949401741803,630
10,fewevent,gmm_k136_s1,0.45338815590749765,630
10,fewevent,gmm_k136_s2,0.4527943510220945,630
10,fewevent,spectral_k8_s0,0.6038114046310367,630
10,fewevent,spectral_k8_s1,0.6038114046310367,630
10,fewevent,spectral_k8_s2,0.6038114046310366,630
10,fewevent,spectral_k17_s0,0.6613081584719568,630
10,fewevent,spectral_k17_s1,0.6613081584719572,630
10,fewevent,spectral_k17_s2,0.6613081584719569,630
10,fewevent,spectral_k34_s0,0.6196607542424805,630
10,fewevent,spectral_k34_s1,0.6061855007295759,630
10,fewevent,spectral_k34_s2,0.6058143876248085,630
10,fewevent,spectral_k68_s0,0.5208652186346128,630
10,fewevent,spectral_k68_s1,0.5291983752823459,630
10,fewevent,spectral_k68_s2,0.5295952570186995,630
10,fewevent,spectral_k136_s0,0.442920526660124,630
10,fewevent,spectral_k136_s1,0.4316810428854608,630
10,fewevent,spectral_k136_s2,0.4425872344412823,630
10,fewevent,ward_k8,0.5728488313492994,630
10,fewevent,ward_k17,0.5978981801598405,630
10,fewevent,ward_k34,0.5630348401762763,630
10,fewevent,ward_k68,0.5398476521329806,630
10,fewevent,ward_k136,0.48388378998386056,630
10,fewevent,leiden_k8_s0,0.6176429557314979,630
10,fewevent,leiden_k8_s1,0.6200772696294024,630
10,fewevent,leiden_k8_s2,0.6217387095824344,630
10,fewevent,leiden_k17_s0,0.6797406283247839,630
10,fewevent,leiden_k17_s1,0.6680520636208213,630
10,fewevent,leiden_k17_s2,0.6465691606051572,630
10,fewevent,leiden_k34_s0,0.6042285098252456,630
10,fewevent,leiden_k34_s1,0.6168868097165484,630
10,fewevent,leiden_k34_s2,0.6150856010759627,630
10,fewevent,leiden_k68_s0,0.5287013547665248,630
10,fewevent,leiden_k68_s1,0.5334465256816202,630
10,fewevent,leiden_k68_s2,0.5224071144523545,630
10,fewevent,leiden_k136_s0,0.4423640333364114,630
10,fewevent,leiden_k136_s1,0.4431728745813722,630
10,fewevent,leiden_k136_s2,0.44369805717251853,630
10,fewnerd,kmeans_k14_s0,0.38252210897028416,286
10,fewnerd,kmeans_k14_s1,0.3913228853385432,286
10,fewnerd,kmeans_k14_s2,0.4125732595154193,286
10,fewnerd,kmeans_k29_s0,0.3533844259547295,286
10,fewnerd,kmeans_k29_s1,0.35049816020631275,286
10,fewnerd,kmeans_k29_s2,0.3567569061525778,286
10,fewnerd,kmeans_k58_s0,0.2651616014635047,286
10,fewnerd,kmeans_k58_s1,0.2876945874399637,286
10,fewnerd,kmeans_k58_s2,0.2963523211175403,286
10,fewnerd,kmeans_k116_s0,0.21924074394753773,286
10,fewnerd,kmeans_k116_s1,0.24325213071189475,286
10,fewnerd,kmeans_k116_s2,0.23685767878394492,286
10,fewnerd,kmeans_k232_s0,0.17114775298121934,286
10,fewnerd,kmeans_k232_s1,0.15733983699248189,286
10,fewnerd,kmeans_k232_s2,0.16520074054855732,286
10,fewnerd,gmm_k14_s0,0.4043519309384061,286
10,fewnerd,gmm_k14_s1,0.36855110196612045,286
10,fewnerd,gmm_k14_s2,0.38619876722437146,286
10,fewnerd,gmm_k29_s0,0.3418462630802278,286
10,fewnerd,gmm_k29_s1,0.34565995713905234,286
10,fewnerd,gmm_k29_s2,0.3659137328221477,286
10,fewnerd,gmm_k58_s0,0.3069758485942295,286
10,fewnerd,gmm_k58_s1,0.3125298665940446,286
10,fewnerd,gmm_k58_s2,0.3075834999641698,286
10,fewnerd,gmm_k116_s0,0.24897253349553994,286
10,fewnerd,gmm_k116_s1,0.22574720519980207,286
10,fewnerd,gmm_k116_s2,0.2419121234103933,286
10,fewnerd,gmm_k232_s0,0.1805370491396354,286
10,fewnerd,gmm_k232_s1,0.17117796678095917,286
10,fewnerd,gmm_k232_s2,0.16412748382833087,286
10,fewnerd,spectral_k14_s0,0.4191381556410789,286
10,fewnerd,spectral_k14_s1,0.38967470607806015,286
10,fewnerd,spectral_k14_s2,0.38967470607806015,286
10,fewnerd,spectral_k29_s0,0.3494500564876415,286
10,fewnerd,spectral_k29_s1,0.35475880109322727,286
10,fewnerd,spectral_k29_s2,0.3524130544796629,286
10,fewnerd,spectral_k58_s0,0.29520233659363915,286
10,fewnerd,spectral_k58_s1,0.2770918907751895,286
10,fewnerd,spectral_k58_s2,0.27676037627144545,286
10,fewnerd,spectral_k116_s0,0.20384757265004513,286
10,fewnerd,spectral_k116_s1,0.19996886804659667,286
10,fewnerd,spectral_k116_s2,0.21261566826884504,286
10,fewnerd,spectral_k232_s0,0.14936408563598957,286
10,fewnerd,spectral_k232_s1,0.17054927785849427,286
10,fewnerd,spectral_k232_s2,0.15331958566900944,286
10,fewnerd,ward_k14,0.30776649524942246,286
10,fewnerd,ward_k29,0.2870440471811678,286
10,fewnerd,ward_k58,0.24604120762066037,286
10,fewnerd,ward_k116,0.22244047153436755,286
10,fewnerd,ward_k232,0.1611511724454737,286
10,fewnerd,leiden_k14_s0,0.39583639448614943,286
10,fewnerd,leiden_k14_s1,0.3822306636290394,286
10,fewnerd,leiden_k14_s2,0.39773191978779987,286
10,fewnerd,leiden_k29_s0,0.36730945900282647,286
10,fewnerd,leiden_k29_s1,0.3473535593613639,286
10,fewnerd,leiden_k29_s2,0.37351669195591514,286
10,fewnerd,leiden_k58_s0,0.30879129986944,286
10,fewnerd,leiden_k58_s1,0.2758224755838207,286
10,fewnerd,leiden_k58_s2,0.28971477573264665,286
10,fewnerd,leiden_k116_s0,0.2490885699212529,286
10,fewnerd,leiden_k116_s1,0.24419612499572568,286
10,fewnerd,leiden_k116_s2,0.2412985861547366,286
10,fewnerd,leiden_k232_s0,0.19902963503769938,286
10,fewnerd,leiden_k232_s1,0.18454995827848153,286
10,fewnerd,leiden_k232_s2,0.17110444194887592,286
10,fewrel,kmeans_k16_s0,0.5035922026942294,539
10,fewrel,kmeans_k16_s1,0.48698710949771784,539
10,fewrel,kmeans_k16_s2,0.49572902401625885,539
10,fewrel,kmeans_k32_s0,0.4816596847038052,539
10,fewrel,kmeans_k32_s1,0.4770807012653263,539
10,fewrel,kmeans_k32_s2,0.4612726816024083,539
10,fewrel,kmeans_k64_s0,0.40463463772899144,539
10,fewrel,kmeans_k64_s1,0.4120016269556001,539
10,fewrel,kmeans_k64_s2,0.4032235245200156,539
10,fewrel,kmeans_k128_s0,0.3398315807881137,539
10,fewrel,kmeans_k128_s1,0.3231843751558312,539
10,fewrel,kmeans_k128_s2,0.31143058806266904,539
10,fewrel,kmeans_k256_s0,0.2320530253970165,539
10,fewrel,kmeans_k256_s1,0.24730500506185393,539
10,fewrel,kmeans_k256_s2,0.24914755059543162,539
10,fewrel,gmm_k16_s0,0.4801572594571723,539
10,fewrel,gmm_k16_s1,0.49134227956995025,539
10,fewrel,gmm_k16_s2,0.48554560988469836,539
10,fewrel,gmm_k32_s0,0.4759036223701219,539
10,fewrel,gmm_k32_s1,0.4756672563855049,539
10,fewrel,gmm_k32_s2,0.4634319319599769,539
10,fewrel,gmm_k64_s0,0.43181482739694854,539
10,fewrel,gmm_k64_s1,0.4345691670463265,539
10,fewrel,gmm_k64_s2,0.4289694394648486,539
10,fewrel,gmm_k128_s0,0.3664598309521029,539
10,fewrel,gmm_k128_s1,0.3759242632946416,539
10,fewrel,gmm_k128_s2,0.36981725804960974,539
10,fewrel,gmm_k256_s0,0.2744069173035142,539
10,fewrel,gmm_k256_s1,0.28663018930055206,539
10,fewrel,gmm_k256_s2,0.2865720845325059,539
10,fewrel,spectral_k16_s0,0.4301274463897286,539
10,fewrel,spectral_k16_s1,0.4290835882620959,539
10,fewrel,spectral_k16_s2,0.4272134284846469,539
10,fewrel,spectral_k32_s0,0.41877207116631854,539
10,fewrel,spectral_k32_s1,0.41018894467991257,539
10,fewrel,spectral_k32_s2,0.42357696204909895,539
10,fewrel,spectral_k64_s0,0.36855063326756876,539
10,fewrel,spectral_k64_s1,0.36349887792075,539
10,fewrel,spectral_k64_s2,0.3471954474737587,539
10,fewrel,spectral_k128_s0,0.2735418042998048,539
10,fewrel,spectral_k128_s1,0.29040081671654105,539
10,fewrel,spectral_k128_s2,0.2846185229998875,539
10,fewrel,spectral_k256_s0,0.22409123836183656,539
10,fewrel,spectral_k256_s1,0.21923557851262673,539
10,fewrel,spectral_k256_s2,0.2116191832091714,539
10,fewrel,ward_k16,0.42508046401729066,539
10,fewrel,ward_k32,0.4240982385167534,539
10,fewrel,ward_k64,0.3863657009310903,539
10,fewrel,ward_k128,0.32726999371733007,539
10,fewrel,ward_k256,0.24072189112972678,539
10,fewrel,leiden_k16_s0,0.4642140710726708,539
10,fewrel,leiden_k16_s1,0.4903555167754263,539
10,fewrel,leiden_k16_s2,0.4803355273348531,539
10,fewrel,leiden_k32_s0,0.4718509789701947,539
10,fewrel,leiden_k32_s1,0.4815711232882958,539
10,fewrel,leiden_k32_s2,0.46673418788417137,539
10,fewrel,leiden_k64_s0,0.4064043030027954,539
10,fewrel,leiden_k64_s1,0.4222085107403867,539
10,fewrel,leiden_k64_s2,0.4223809482816136,539
10,fewrel,leiden_k128_s0,0.33358224885140925,539
10,fewrel,leiden_k128_s1,0.3513864197352313,539
10,fewrel,leiden_k128_s2,0.3406911411536189,539
10,fewrel,leiden_k256_s0,0.2576564184070057,539
10,fewrel,leiden_k256_s1,0.24840372942415243,539
10,fewrel,leiden_k256_s2,0.2532702909654428,539
10,massive_domain,kmeans_k4_s0,0.4256961777952495,843
10,massive_domain,kmeans_k4_s1,0.39346798061681265,843
10,massive_domain,kmeans_k4_s2,0.3934498672965574,843
10,massive_domain,kmeans_k9_s0,0.5601198617332765,843
10,massive_domain,kmeans_k9_s1,0.5786505536869864,843
10,massive_domain,kmeans_k9_s2,0.5438176540093679,843
10,massive_domain,kmeans_k18_s0,0.5780427404634372,843
10,massive_domain,kmeans_k18_s1,0.6283898778096473,843
10,massive_domain,kmeans_k18_s2,0.6293184991537972,843
10,massive_domain,kmeans_k36_s0,0.6007535846645713,843
10,massive_domain,kmeans_k36_s1,0.6221675940355185,843
10,massive_domain,kmeans_k36_s2,0.6168761186908639,843
10,massive_domain,kmeans_k72_s0,0.573058843252578,843
10,massive_domain,kmeans_k72_s1,0.568669885175761,843
10,massive_domain,kmeans_k72_s2,0.5618378035668606,843
10,massive_domain,gmm_k4_s0,0.3812636279229801,843
10,massive_domain,gmm_k4_s1,0.4270467813385868,843
10,massive_domain,gmm_k4_s2,0.3576782673482579,843
10,massive_domain,gmm_k9_s0,0.5865418411829875,843
10,massive_domain,gmm_k9_s1,0.6394893131157535,843
10,massive_domain,gmm_k9_s2,0.5917697670079543,843
10,massive_domain,gmm_k18_s0,0.6497349203220121,843
10,massive_domain,gmm_k18_s1,0.6435259989877755,843
10,massive_domain,gmm_k18_s2,0.6605686340608334,843
10,massive_domain,gmm_k36_s0,0.6353566115269234,843
10,massive_domain,gmm_k36_s1,0.6442690558234638,843
10,massive_domain,gmm_k36_s2,0.629095057681867,843
10,massive_domain,gmm_k72_s0,0.5793666946066938,843
10,massive_domain,gmm_k72_s1,0.5889996032554403,843
10,massive_domain,gmm_k72_s2,0.5856798942373134,843
10,massive_domain,spectral_k4_s0,0.4294080184926004,843
10,massive_domain,spectral_k4_s1,0.42940801849260046,843
10,massive_domain,spectral_k4_s2,0.4294080184926005,843
10,massive_domain,spectral_k9_s0,0.5747582259735394,843
10,massive_domain,spectral_k9_s1,0.5743480665597769,843
10,massive_domain,spectral_k9_s2,0.5747582259735393,843
10,massive_domain,spectral_k18_s0,0.5914235822987836,843
10,massive_domain,spectral_k18_s1,0.5914235822987836,843
10,massive_domain,spectral_k18_s2,0.5912948639463786,843
10,massive_domain,spectral_k36_s0,0.6134466738623955,843
10,massive_domain,spectral_k36_s1,0.6123628034291507,843
10,massive_domain,spectral_k36_s2,0.6123628034291508,843
10,massive_domain,spectral_k72_s0,0.5610701462162138,843
10,massive_domain,spectral_k72_s1,0.5607703284852771,843
10,massive_domain,spectral_k72_s2,0.5544880678505535,843
10,massive_domain,ward_k4,0.422793488340803,843
10,massive_domain,ward_k9,0.5234241756280291,843
10,massive_domain,ward_k18,0.6302693818270371,843
10,massive_domain,ward_k36,0.6136356250134728,843
10,massive_domain,ward_k72,0.5581357232620211,843
10,massive_domain,leiden_k4_s0,0.44769573833641607,843
10,massive_domain,leiden_k4_s1,0.3999816058003125,843
10,massive_domain,leiden_k4_s2,0.3924827314343127,843
10,massive_domain,leiden_k9_s0,0.6158764291550618,843
10,massive_domain,leiden_k9_s1,0.6151221959563651,843
10,massive_domain,leiden_k9_s2,0.5762800450644011,843
10,massive_domain,leiden_k18_s0,0.6589354926933002,843
10,massive_domain,leiden_k18_s1,0.651396103275633,843
10,massive_domain,leiden_k18_s2,0.6484272681584721,843
10,massive_domain,leiden_k36_s0,0.6439696724744127,843
10,massive_domain,leiden_k36_s1,0.6442012950218974,843
10,massive_domain,leiden_k36_s2,0.6407335261467815,843
10,massive_domain,leiden_k72_s0,0.5782300067801746,843
10,massive_domain,leiden_k72_s1,0.5918005203388669,843
10,massive_domain,leiden_k72_s2,0.5789422671446025,843
10,massive_intent,kmeans_k15_s0,0.5630525892857385,847
10,massive_intent,kmeans_k15_s1,0.5545704794661475,847
10,massive_intent,kmeans_k15_s2,0.5631428664164165,847
10,massive_intent,kmeans_k30_s0,0.5946645898618861,847
10,massive_intent,kmeans_k30_s1,0.6173449549892115,847
10,massive_intent,kmeans_k30_s2,0.6034867295367929,847
10,massive_intent,kmeans_k59_s0,0.5544641130517604,847
10,massive_intent,kmeans_k59_s1,0.5505409849599675,847
10,massive_intent,kmeans_k59_s2,0.552686072051623,847
10,massive_intent,kmeans_k118_s0,0.4887152890989929,847
10,massive_intent,kmeans_k118_s1,0.4805875425108302,847
10,massive_intent,kmeans_k118_s2,0.4816935721767407,847
10,massive_intent,kmeans_k236_s0,0.4091253059517528,847
10,massive_intent,kmeans_k236_s1,0.3971825409374863,847
10,massive_intent,kmeans_k236_s2,0.40615631424817566,847
10,massive_intent,gmm_k15_s0,0.5891760222797815,847
10,massive_intent,gmm_k15_s1,0.5891760222797814,847
10,massive_intent,gmm_k15_s2,0.5839134791691224,847
10,massive_intent,gmm_k30_s0,0.6026267807939805,847
10,massive_intent,gmm_k30_s1,0.5992218649538898,847
10,massive_intent,gmm_k30_s2,0.5903992145199383,847
10,massive_intent,gmm_k59_s0,0.5606994982654077,847
10,massive_intent,gmm_k59_s1,0.555245120432104,847
10,massive_intent,gmm_k59_s2,0.557108482120483,847
10,massive_intent,gmm_k118_s0,0.49064909029823134,847
10,massive_intent,gmm_k118_s1,0.4923372044948636,847
10,massive_intent,gmm_k118_s2,0.49960672854121235,847
10,massive_intent,gmm_k236_s0,0.41982190665112257,847
10,massive_intent,gmm_k236_s1,0.42386975273493427,847
10,massive_intent,gmm_k236_s2,0.4178393144557926,847
10,massive_intent,spectral_k15_s0,0.551982236597615,847
10,massive_intent,spectral_k15_s1,0.551982236597615,847
10,massive_intent,spectral_k15_s2,0.5519822365976151,847
10,massive_intent,spectral_k30_s0,0.5842355293002844,847
10,massive_intent,spectral_k30_s1,0.5851357864645363,847
10,massive_intent,spectral_k30_s2,0.5840038081400794,847
10,massive_intent,spectral_k59_s0,0.5319858336839548,847
10,massive_intent,spectral_k59_s1,0.5409931053419679,847
10,massive_intent,spectral_k59_s2,0.5356823922691114,847
10,massive_intent,spectral_k118_s0,0.4582634934577379,847
10,massive_intent,spectral_k118_s1,0.45546353338466333,847
10,massive_intent,spectral_k118_s2,0.45382572826597994,847
10,massive_intent,spectral_k236_s0,0.3625926998313518,847
10,massive_intent,spectral_k236_s1,0.37095315799070294,847
10,massive_intent,spectral_k236_s2,0.36131914221045386,847
10,massive_intent,ward_k15,0.5752886366857529,847
10,massive_intent,ward_k30,0.5912320073016536,847
10,massive_intent,ward_k59,0.5406317210918483,847
10,massive_intent,ward_k118,0.47604999653598584,847
10,massive_intent,ward_k236,0.40144714393113295,847
10,massive_intent,leiden_k15_s0,0.587116298014138,847
10,massive_intent,leiden_k15_s1,0.588641989893099,847
10,massive_intent,leiden_k15_s2,0.5682009338839256,847
10,massive_intent,leiden_k30_s0,0.583057004911667,847
10,massive_intent,leiden_k30_s1,0.5938798043503333,847
10,massive_intent,leiden_k30_s2,0.6030624032115501,847
10,massive_intent,leiden_k59_s0,0.557501474621375,847
10,massive_intent,leiden_k59_s1,0.5642955227041174,847
10,massive_intent,leiden_k59_s2,0.5582128255762897,847
10,massive_intent,leiden_k118_s0,0.5053651255217185,847
10,massive_intent,leiden_k118_s1,0.5000903975530663,847
10,massive_intent,leiden_k118_s2,0.5045437114360014,847
10,massive_intent,leiden_k236_s0,0.4113898316889291,847
10,massive_intent,leiden_k236_s1,0.4125226425057423,847
10,massive_intent,leiden_k236_s2,0.41537378892862653,847
10,mcid,kmeans_k4_s0,0.29040598341894147,744
10,mcid,kmeans_k4_s1,0.2510127231096063,744
10,mcid,kmeans_k4_s2,0.1438761132280683,744
10,mcid,kmeans_k8_s0,0.38112093680151515,744
10,mcid,kmeans_k8_s1,0.4048237352933905,744
10,mcid,kmeans_k8_s2,0.3920576992396629,744
10,mcid,kmeans_k16_s0,0.4883245505473504,744
10,mcid,kmeans_k16_s1,0.4635500475296045,744
10,mcid,kmeans_k16_s2,0.45913249602997663,744
10,mcid,kmeans_k32_s0,0.4758459399058604,744
10,mcid,kmeans_k32_s1,0.47149405764392655,744
10,mcid,kmeans_k32_s2,0.49068537934395445,744
10,mcid,kmeans_k64_s0,0.4594616107524413,744
10,mcid,kmeans_k64_s1,0.48152790157620873,744
10,mcid,kmeans_k64_s2,0.48118644539887556,744
10,mcid,gmm_k4_s0,0.39697658639692124,744
10,mcid,gmm_k4_s1,0.4145174655954597,744
10,mcid,gmm_k4_s2,0.39697658639692124,744
10,mcid,gmm_k8_s0,0.5472926869439529,744
10,mcid,gmm_k8_s1,0.4933317844407377,744
10,mcid,gmm_k8_s2,0.5387763641896343,744
10,mcid,gmm_k16_s0,0.5727859386596336,744
10,mcid,gmm_k16_s1,0.602193078061563,744
10,mcid,gmm_k16_s2,0.5968563185926042,744
10,mcid,gmm_k32_s0,0.5673777708190643,744
10,mcid,gmm_k32_s1,0.5639138640424797,744
10,mcid,gmm_k32_s2,0.5640295624539486,744
10,mcid,gmm_k64_s0,0.509271060523226,744
10,mcid,gmm_k64_s1,0.51009579920341,744
10,mcid,gmm_k64_s2,0.5093995377547073,744
10,mcid,spectral_k4_s0,0.34056995627711517,744
10,mcid,spectral_k4_s1,0.34056995627711517,744
10,mcid,spectral_k4_s2,0.34056995627711517,744
10,mcid,spectral_k8_s0,0.49861366565438103,744
10,mcid,spectral_k8_s1,0.498613665654381,744
10,mcid,spectral_k8_s2,0.4986136656543811,744
10,mcid,spectral_k16_s0,0.5456214294053379,744
10,mcid,spectral_k16_s1,0.5456214294053378,744
10,mcid,spectral_k16_s2,0.5458620029124662,744
10,mcid,spectral_k32_s0,0.5328863874082811,744
10,mcid,spectral_k32_s1,0.5505868716918002,744
10,mcid,spectral_k32_s2,0.5406826605903317,744
10,mcid,spectral_k64_s0,0.47430345139620433,744
10,mcid,spectral_k64_s1,0.46722984451597754,744
10,mcid,spectral_k64_s2,0.4708836981488604,744
10,mcid,ward_k4,0.3651458679985908,744
10,mcid,ward_k8,0.4804675750443733,744
10,mcid,ward_k16,0.5631897243160272,744
10,mcid,ward_k32,0.5540476844976289,744
10,mcid,ward_k64,0.5101369351670821,744
10,mcid,leiden_k4_s0,0.39771729967356106,744
10,mcid,leiden_k4_s1,0.4222989543125896,744
10,mcid,leiden_k4_s2,0.4364088119116428,744
10,mcid,leiden_k8_s0,0.523154959727389,744
10,mcid,leiden_k8_s1,0.4919904397965261,744
10,mcid,leiden_k8_s2,0.42888093802252025,744
10,mcid,leiden_k16_s0,0.5599076366435991,744
10,mcid,leiden_k16_s1,0.5646640053139531,744
10,mcid,leiden_k16_s2,0.5781352872428512,744
10,mcid,leiden_k32_s0,0.5487467943334319,744
10,mcid,leiden_k32_s1,0.5524748996491502,744
10,mcid,leiden_k32_s2,0.5478165325170957,744
10,mcid,leiden_k64_s0,0.48856224203151205,744
10,mcid,leiden_k64_s1,0.4917395332132764,744
10,mcid,leiden_k64_s2,0.4974819652355751,744
10,mtop_domain,kmeans_k3_s0,0.3439692843858058,873
10,mtop_domain,kmeans_k3_s1,0.5117932130814319,873
10,mtop_domain,kmeans_k3_s2,0.4360306089019465,873
10,mtop_domain,kmeans_k6_s0,0.622503262713439,873
10,mtop_domain,kmeans_k6_s1,0.6224881121581612,873
10,mtop_domain,kmeans_k6_s2,0.6179635431501767,873
10,mtop_domain,kmeans_k11_s0,0.7563194616017389,873
10,mtop_domain,kmeans_k11_s1,0.7740863047415737,873
10,mtop_domain,kmeans_k11_s2,0.7721461910426678,873
10,mtop_domain,kmeans_k22_s0,0.7012772803705363,873
10,mtop_domain,kmeans_k22_s1,0.7294724749922511,873
10,mtop_domain,kmeans_k22_s2,0.7074904041496917,873
10,mtop_domain,kmeans_k44_s0,0.6151101006035232,873
10,mtop_domain,kmeans_k44_s1,0.6428716650016855,873
10,mtop_domain,kmeans_k44_s2,0.6310376371690106,873
10,mtop_domain,gmm_k3_s0,0.5183173587536686,873
10,mtop_domain,gmm_k3_s1,0.5085016344571357,873
10,mtop_domain,gmm_k3_s2,0.46372141419859175,873
10,mtop_domain,gmm_k6_s0,0.695224945491886,873
10,mtop_domain,gmm_k6_s1,0.6984740969535578,873
10,mtop_domain,gmm_k6_s2,0.695224945491886,873
10,mtop_domain,gmm_k11_s0,0.745933405598869,873
10,mtop_domain,gmm_k11_s1,0.7481943647234062,873
10,mtop_domain,gmm_k11_s2,0.7641472286874875,873
10,mtop_domain,gmm_k22_s0,0.7314706991841006,873
10,mtop_domain,gmm_k22_s1,0.7259213357441648,873
10,mtop_domain,gmm_k22_s2,0.7199770561903518,873
10,mtop_domain,gmm_k44_s0,0.6521574608915482,873
10,mtop_domain,gmm_k44_s1,0.6446022812999902,873
10,mtop_domain,gmm_k44_s2,0.6470906684509334,873
10,mtop_domain,spectral_k3_s0,0.3240286466153358,873
10,mtop_domain,spectral_k3_s1,0.3240286466153358,873
10,mtop_domain,spectral_k3_s2,0.3240286466153358,873
10,mtop_domain,spectral_k6_s0,0.6778412679534309,873
10,mtop_domain,spectral_k6_s1,0.6806131989258316,873
10,mtop_domain,spectral_k6_s2,0.6806131989258316,873
10,mtop_domain,spectral_k11_s0,0.7409546713043645,873
10,mtop_domain,spectral_k11_s1,0.7409546713043645,873
10,mtop_domain,spectral_k11_s2,0.7409546713043645,873
10,mtop_domain,spectral_k22_s0,0.753469100216144,873
10,mtop_domain,spectral_k22_s1,0.7496669504358661,873
10,mtop_domain,spectral_k22_s2,0.722876771592403,873
10,mtop_domain,spectral_k44_s0,0.6540409213973946,873
10,mtop_domain,spectral_k44_s1,0.6672979575572506,873
10,mtop_domain,spectral_k44_s2,0.6708179809509792,873
10,mtop_domain,ward_k3,0.4880361778631973,873
10,mtop_domain,ward_k6,0.5821786727177691,873
10,mtop_domain,ward_k11,0.7038960820434029,873
10,mtop_domain,ward_k22,0.677387743113164,873
10,mtop_domain,ward_k44,0.6295561288144584,873
10,mtop_domain,leiden_k3_s0,0.4624989959187769,873
10,mtop_domain,leiden_k3_s1,0.4553300697259828,873
10,mtop_domain,leiden_k3_s2,0.4524409411235353,873
10,mtop_domain,leiden_k6_s0,0.6901465649761321,873
10,mtop_domain,leiden_k6_s1,0.6972021629185948,873
10,mtop_domain,leiden_k6_s2,0.6972021629185948,873
10,mtop_domain,leiden_k11_s0,0.7628025802485967,873
10,mtop_domain,leiden_k11_s1,0.7597827359825134,873
10,mtop_domain,leiden_k11_s2,0.7701477161743225,873
10,mtop_domain,leiden_k22_s0,0.7370663038423686,873
10,mtop_domain,leiden_k22_s1,0.7443227540056495,873
10,mtop_domain,leiden_k22_s2,0.7336167996096201,873
10,mtop_domain,leiden_k44_s0,0.647499685645998,873
10,mtop_domain,leiden_k44_s1,0.652558013436501,873
10,mtop_domain,leiden_k44_s2,0.6397579517393245,873
10,mtop_intent,kmeans_k26_s0,0.7287963690357572,871
10,mtop_intent,kmeans_k26_s1,0.739685141956942,871
10,mtop_intent,kmeans_k26_s2,0.7180807910379629,871
10,mtop_intent,kmeans_k51_s0,0.6328593340295041,871
10,mtop_intent,kmeans_k51_s1,0.6384839741922088,871
10,mtop_intent,kmeans_k51_s2,0.6354586588823992,871
10,mtop_intent,kmeans_k102_s0,0.5506629378170114,871
10,mtop_intent,kmeans_k102_s1,0.5602944697574085,871
10,mtop_intent,kmeans_k102_s2,0.5603109654463423,871
10,mtop_intent,kmeans_k204_s0,0.4474811885516859,871
10,mtop_intent,kmeans_k204_s1,0.4484703215360816,871
10,mtop_intent,kmeans_k204_s2,0.448681544999504,871
10,mtop_intent,kmeans_k408_s0,0.34367103030056667,871
10,mtop_intent,kmeans_k408_s1,0.3357946882251414,871
10,mtop_intent,kmeans_k408_s2,0.34882751120957467,871
10,mtop_intent,gmm_k26_s0,0.7258665808134489,871
10,mtop_intent,gmm_k26_s1,0.7365449474946162,871
10,mtop_intent,gmm_k26_s2,0.7267017115206846,871
10,mtop_intent,gmm_k51_s0,0.6512616298181179,871
10,mtop_intent,gmm_k51_s1,0.6400850764443242,871
10,mtop_intent,gmm_k51_s2,0.64423412044913,871
10,mtop_intent,gmm_k102_s0,0.5531668319115985,871
10,mtop_intent,gmm_k102_s1,0.5502586721512297,871
10,mtop_intent,gmm_k102_s2,0.5520319198178413,871
10,mtop_intent,gmm_k204_s0,0.4413499166354262,871
10,mtop_intent,gmm_k204_s1,0.4426886349889382,871
10,mtop_intent,gmm_k204_s2,0.4446232785974863,871
10,mtop_intent,gmm_k408_s0,0.3389243273965813,871
10,mtop_intent,gmm_k408_s1,0.33935747400408317,871
10,mtop_intent,gmm_k408_s2,0.33489251438223205,871
10,mtop_intent,spectral_k26_s0,0.7602019064788668,871
10,mtop_intent,spectral_k26_s1,0.7602019064788668,871
10,mtop_intent,spectral_k26_s2,0.761356798136977,871
10,mtop_intent,spectral_k51_s0,0.647397054596101,871
10,mtop_intent,spectral_k51_s1,0.6520949047637321,871
10,mtop_intent,spectral_k51_s2,0.6609044751707498,871
10,mtop_intent,spectral_k102_s0,0.5628381432846558,871
10,mtop_intent,spectral_k102_s1,0.5558677606340751,871
10,mtop_intent,spectral_k102_s2,0.5377670252808621,871
10,mtop_intent,spectral_k204_s0,0.41331657870219257,871
10,mtop_intent,spectral_k204_s1,0.4109225596690534,871
10,mtop_intent,spectral_k204_s2,0.428892638975283,871
10,mtop_intent,spectral_k408_s0,0.2976855123963666,871
10,mtop_intent,spectral_k408_s1,0.28854604850073623,871
10,mtop_intent,spectral_k408_s2,0.29976847455288397,871
10,mtop_intent,ward_k26,0.6997693140589886,871
10,mtop_intent,ward_k51,0.6356533189383597,871
10,mtop_intent,ward_k102,0.5513867880710998,871
10,mtop_intent,ward_k204,0.43830999331689197,871
10,mtop_intent,ward_k408,0.3271590298173312,871
10,mtop_intent,leiden_k26_s0,0.7346354979940267,871
10,mtop_intent,leiden_k26_s1,0.7403694688663036,871
10,mtop_intent,leiden_k26_s2,0.7354903592104911,871
10,mtop_intent,leiden_k51_s0,0.6397112970873223,871
10,mtop_intent,leiden_k51_s1,0.6476366326492976,871
10,mtop_intent,leiden_k51_s2,0.6424943708480372,871
10,mtop_intent,leiden_k102_s0,0.5485471873339823,871
10,mtop_intent,leiden_k102_s1,0.5420591394545563,871
10,mtop_intent,leiden_k102_s2,0.5410099615243148,871
10,mtop_intent,leiden_k204_s0,0.4426357328469335,871
10,mtop_intent,leiden_k204_s1,0.4434424902135688,871
10,mtop_intent,leiden_k204_s2,0.4339145469920857,871
10,mtop_intent,leiden_k408_s0,0.3327314778727348,871
10,mtop_intent,leiden_k408_s1,0.3320537546627886,871
10,mtop_intent,leiden_k408_s2,0.335692611688242,871
10,reddit_s2s,kmeans_k12_s0,0.3818230715716972,302
10,reddit_s2s,kmeans_k12_s1,0.4201753474427225,302
10,reddit_s2s,kmeans_k12_s2,0.4078638432571123,302
10,reddit_s2s,kmeans_k24_s0,0.43730025695895985,302
10,reddit_s2s,kmeans_k24_s1,0.46728219356691303,302
10,reddit_s2s,kmeans_k24_s2,0.48039073809969896,302
10,reddit_s2s,kmeans_k49_s0,0.4124928579756422,302
10,reddit_s2s,kmeans_k49_s1,0.40404565543123216,302
10,reddit_s2s,kmeans_k49_s2,0.43989268007288956,302
10,reddit_s2s,kmeans_k98_s0,0.3690348387040992,302
10,reddit_s2s,kmeans_k98_s1,0.36222824958570227,302
10,reddit_s2s,kmeans_k98_s2,0.3259709069502465,302
10,reddit_s2s,kmeans_k196_s0,0.29229866171882546,302
10,reddit_s2s,kmeans_k196_s1,0.29876330269251683,302
10,reddit_s2s,kmeans_k196_s2,0.2873266998207218,302
10,reddit_s2s,gmm_k12_s0,0.3760498822020634,302
10,reddit_s2s,gmm_k12_s1,0.3892834237210697,302
10,reddit_s2s,gmm_k12_s2,0.40627631440666684,302
10,reddit_s2s,gmm_k24_s0,0.4152563742381352,302
10,reddit_s2s,gmm_k24_s1,0.4177148777833093,302
10,reddit_s2s,gmm_k24_s2,0.3987339115465042,302
10,reddit_s2s,gmm_k49_s0,0.41776598769296924,302
10,reddit_s2s,gmm_k49_s1,0.42094047480040875,302
10,reddit_s2s,gmm_k49_s2,0.42085927877614543,302
10,reddit_s2s,gmm_k98_s0,0.3788538017273778,302
10,reddit_s2s,gmm_k98_s1,0.3748782566304826,302
10,reddit_s2s,gmm_k98_s2,0.37871375853705513,302
10,reddit_s2s,gmm_k196_s0,0.3273931486486692,302
10,reddit_s2s,gmm_k196_s1,0.32191566049396403,302
10,reddit_s2s,gmm_k196_s2,0.32401426841014647,302
10,reddit_s2s,spectral_k12_s0,0.299962465334751,302
10,reddit_s2s,spectral_k12_s1,0.2971731272547875,302
10,reddit_s2s,spectral_k12_s2,0.3669292380631962,302
10,reddit_s2s,spectral_k24_s0,0.36040649018551035,302
10,reddit_s2s,spectral_k24_s1,0.4083999571357461,302
10,reddit_s2s,spectral_k24_s2,0.36040649018551035,302
10,reddit_s2s,spectral_k49_s0,0.38168829616186917,302
10,reddit_s2s,spectral_k49_s1,0.38870994863594993,302
10,reddit_s2s,spectral_k49_s2,0.38870994863595004,302
10,reddit_s2s,spectral_k98_s0,0.3313519226022314,302
10,reddit_s2s,spectral_k98_s1,0.3245938455776314,302
10,reddit_s2s,spectral_k98_s2,0.3064692822099481,302
10,reddit_s2s,spectral_k196_s0,0.27157983800325575,302
10,reddit_s2s,spectral_k196_s1,0.26445475183912803,302
10,reddit_s2s,spectral_k196_s2,0.256011111803411,302
10,reddit_s2s,ward_k12,0.4058481891695103,302
10,reddit_s2s,ward_k24,0.41683716400880905,302
10,reddit_s2s,ward_k49,0.40463866528895476,302
10,reddit_s2s,ward_k98,0.37298139358817406,302
10,reddit_s2s,ward_k196,0.30695915026983167,302
10,reddit_s2s,leiden_k12_s0,0.4181274746996915,302
10,reddit_s2s,leiden_k12_s1,0.37756095493050623,302
10,reddit_s2s,leiden_k12_s2,0.3682945144179307,302
10,reddit_s2s,leiden_k24_s0,0.4463758159008829,302
10,reddit_s2s,leiden_k24_s1,0.43961234806322824,302
10,reddit_s2s,leiden_k24_s2,0.43569653864808405,302
10,reddit_s2s,leiden_k49_s0,0.44584200217039793,302
10,reddit_s2s,leiden_k49_s1,0.4348820557809036,302
10,reddit_s2s,leiden_k49_s2,0.4420704270366406,302
10,reddit_s2s,leiden_k98_s0,0.41793702139253786,302
10,reddit_s2s,leiden_k98_s1,0.4219285111920153,302
10,reddit_s2s,leiden_k98_s2,0.40819573813537324,302
10,reddit_s2s,leiden_k196_s0,0.34767567073142996,302
10,reddit_s2s,leiden_k196_s1,0.34564285465400707,302
10,reddit_s2s,leiden_k196_s2,0.33946733978734295,302
10,snips,kmeans_k2_s0,0.3324502573102863,897
10,snips,kmeans_k2_s1,0.24966238963959642,897
10,snips,kmeans_k2_s2,0.29791506337819507,897
10,snips,kmeans_k4_s0,0.6669346705716871,897
10,snips,kmeans_k4_s1,0.6721849789346402,897
10,snips,kmeans_k4_s2,0.6331583951175873,897
10,snips,kmeans_k7_s0,0.7149318007381472,897
10,snips,kmeans_k7_s1,0.6495076738451583,897
10,snips,kmeans_k7_s2,0.7172777897530189,897
10,snips,kmeans_k14_s0,0.6979899073751145,897
10,snips,kmeans_k14_s1,0.7029204181692182,897
10,snips,kmeans_k14_s2,0.7167466984572953,897
10,snips,kmeans_k28_s0,0.6288604940912723,897
10,snips,kmeans_k28_s1,0.6288643632259603,897
10,snips,kmeans_k28_s2,0.6304987451929068,897
10,snips,gmm_k2_s0,0.2906272232271516,897
10,snips,gmm_k2_s1,0.2906272232271516,897
10,snips,gmm_k2_s2,0.2906272232271516,897
10,snips,gmm_k4_s0,0.6799753151352553,897
10,snips,gmm_k4_s1,0.6876909830735867,897
10,snips,gmm_k4_s2,0.6876909830735867,897
10,snips,gmm_k7_s0,0.8322361951359806,897
10,snips,gmm_k7_s1,0.8322361951359806,897
10,snips,gmm_k7_s2,0.8322361951359806,897
10,snips,gmm_k14_s0,0.738991554029424,897
10,snips,gmm_k14_s1,0.7602043250648648,897
10,snips,gmm_k14_s2,0.7474496087258937,897
10,snips,gmm_k28_s0,0.6459127000238579,897
10,snips,gmm_k28_s1,0.6470319839100958,897
10,snips,gmm_k28_s2,0.6417277304620828,897
10,snips,spectral_k2_s0,0.2906272232271516,897
10,snips,spectral_k2_s1,0.2906272232271516,897
10,snips,spectral_k2_s2,0.2906272232271516,897
10,snips,spectral_k4_s0,0.6799753151352553,897
10,snips,spectral_k4_s1,0.6799753151352553,897
10,snips,spectral_k4_s2,0.6799753151352553,897
10,snips,spectral_k7_s0,0.8241754133496858,897
10,snips,spectral_k7_s1,0.8241754133496858,897
10,snips,spectral_k7_s2,0.8241754133496858,897
10,snips,spectral_k14_s0,0.7499910848153153,897
10,snips,spectral_k14_s1,0.750747289109492,897
10,snips,spectral_k14_s2,0.7499910848153154,897
10,snips,spectral_k28_s0,0.6594360077022837,897
10,snips,spectral_k28_s1,0.6592025799334569,897
10,snips,spectral_k28_s2,0.6614435691578964,897
10,snips,ward_k2,0.3654222211476761,897
10,snips,ward_k4,0.6667483492783043,897
10,snips,ward_k7,0.8088365481563565,897
10,snips,ward_k14,0.755825695473658,897
10,snips,ward_k28,0.6556034352496423,897
10,snips,leiden_k2_s0,0.29382254183806,897
10,snips,leiden_k2_s1,0.29382254183806,897
10,snips,leiden_k2_s2,0.29382254183806,897
10,snips,leiden_k4_s0,0.6828744607429288,897
10,snips,leiden_k4_s1,0.6828744607429288,897
10,snips,leiden_k4_s2,0.6828744607429288,897
10,snips,leiden_k7_s0,0.8313716429289261,897
10,snips,leiden_k7_s1,0.8291087638951767,897
10,snips,leiden_k7_s2,0.8313716429289261,897
10,snips,leiden_k14_s0,0.7625071301550368,897
10,snips,leiden_k14_s1,0.7601355707931685,897
10,snips,leiden_k14_s2,0.7637550080541485,897
10,snips,leiden_k28_s0,0.6528428801596012,897
10,snips,leiden_k28_s1,0.6504710943367228,897
10,snips,leiden_k28_s2,0.6493879763439974,897
10,stackexchange_cl,kmeans_k30_s0,0.4157387348390652,517
10,stackexchange_cl,kmeans_k30_s1,0.4149060413922865,517
10,stackexchange_cl,kmeans_k30_s2,0.4183088999820971,517
10,stackexchange_cl,kmeans_k60_s0,0.35022063986334684,517
10,stackexchange_cl,kmeans_k60_s1,0.38004672254479244,517
10,stackexchange_cl,kmeans_k60_s2,0.38149862419102265,517
10,stackexchange_cl,kmeans_k121_s0,0.303716881160554,517
10,stackexchange_cl,kmeans_k121_s1,0.32451136244452755,517
10,stackexchange_cl,kmeans_k121_s2,0.30504207081076556,517
10,stackexchange_cl,kmeans_k242_s0,0.2610220649934758,517
10,stackexchange_cl,kmeans_k242_s1,0.26378623700877496,517
10,stackexchange_cl,kmeans_k242_s2,0.25954512760055437,517
10,stackexchange_cl,kmeans_k484_s0,0.20392895077985432,517
10,stackexchange_cl,kmeans_k484_s1,0.18558088270923223,517
10,stackexchange_cl,kmeans_k484_s2,0.19354788874924694,517
10,stackexchange_cl,gmm_k30_s0,0.4148979250470454,517
10,stackexchange_cl,gmm_k30_s1,0.4288282165237717,517
10,stackexchange_cl,gmm_k30_s2,0.4185975205065824,517
10,stackexchange_cl,gmm_k60_s0,0.38032106681937705,517
10,stackexchange_cl,gmm_k60_s1,0.39187161398918263,517
10,stackexchange_cl,gmm_k60_s2,0.3834286916393293,517
10,stackexchange_cl,gmm_k121_s0,0.34767831693983653,517
10,stackexchange_cl,gmm_k121_s1,0.33892551304386087,517
10,stackexchange_cl,gmm_k121_s2,0.3434248515374619,517
10,stackexchange_cl,gmm_k242_s0,0.28693543355889184,517
10,stackexchange_cl,gmm_k242_s1,0.2911195291980702,517
10,stackexchange_cl,gmm_k242_s2,0.2960926373310526,517
10,stackexchange_cl,gmm_k484_s0,0.2551667698095507,517
10,stackexchange_cl,gmm_k484_s1,0.24681877958395815,517
10,stackexchange_cl,gmm_k484_s2,0.24896587857402533,517
10,stackexchange_cl,spectral_k30_s0,0.3184477795630283,517
10,stackexchange_cl,spectral_k30_s1,0.3140946185344228,517
10,stackexchange_cl,spectral_k30_s2,0.3086944488916544,517
10,stackexchange_cl,spectral_k60_s0,0.3422770310939513,517
10,stackexchange_cl,spectral_k60_s1,0.33797965095544263,517
10,stackexchange_cl,spectral_k60_s2,0.34379664597434223,517
10,stackexchange_cl,spectral_k121_s0,0.27365617967001066,517
10,stackexchange_cl,spectral_k121_s1,0.27880515534343764,517
10,stackexchange_cl,spectral_k121_s2,0.27514662417163505,517
10,stackexchange_cl,spectral_k242_s0,0.23242734645131785,517
10,stackexchange_cl,spectral_k242_s1,0.22701307686294858,517
10,stackexchange_cl,spectral_k242_s2,0.22891443224226424,517
10,stackexchange_cl,spectral_k484_s0,0.15954810762775493,517
10,stackexchange_cl,spectral_k484_s1,0.16615865328115775,517
10,stackexchange_cl,spectral_k484_s2,0.14371361969544041,517
10,stackexchange_cl,ward_k30,0.3454211144380396,517
10,stackexchange_cl,ward_k60,0.32919543003383184,517
10,stackexchange_cl,ward_k121,0.28885855098848356,517
10,stackexchange_cl,ward_k242,0.26851571824541615,517
10,stackexchange_cl,ward_k484,0.19614514172904743,517
10,stackexchange_cl,leiden_k30_s0,0.39311328034859805,517
10,stackexchange_cl,leiden_k30_s1,0.4034605425936719,517
10,stackexchange_cl,leiden_k30_s2,0.3961380028672859,517
10,stackexchange_cl,leiden_k60_s0,0.38996445830964,517
10,stackexchange_cl,leiden_k60_s1,0.37499953260866026,517
10,stackexchange_cl,leiden_k60_s2,0.3712811344755374,517
10,stackexchange_cl,leiden_k121_s0,0.33235242668258796,517
10,stackexchange_cl,leiden_k121_s1,0.33099783852679543,517
10,stackexchange_cl,leiden_k121_s2,0.33620615960141703,517
10,stackexchange_cl,leiden_k242_s0,0.29320030470812664,517
10,stackexchange_cl,leiden_k242_s1,0.28463976825085346,517
10,stackexchange_cl,leiden_k242_s2,0.2894411138533329,517
10,stackexchange_cl,leiden_k484_s0,0.21163384954924666,517
10,stackexchange_cl,leiden_k484_s1,0.2215622611937566,517
10,stackexchange_cl,leiden_k484_s2,0.20232520511968236,517
10,stackoverflow20,kmeans_k5_s0,0.5828676613440718,704
10,stackoverflow20,kmeans_k5_s1,0.5834397647452341,704
10,stackoverflow20,kmeans_k5_s2,0.5719345842537715,704
10,stackoverflow20,kmeans_k10_s0,0.6870453801668853,704
10,stackoverflow20,kmeans_k10_s1,0.7278349523300763,704
10,stackoverflow20,kmeans_k10_s2,0.7486811824159015,704
10,stackoverflow20,kmeans_k20_s0,0.8502348858467101,704
10,stackoverflow20,kmeans_k20_s1,0.8487622513405525,704
10,stackoverflow20,kmeans_k20_s2,0.8176710036053754,704
10,stackoverflow20,kmeans_k40_s0,0.7971708698462492,704
10,stackoverflow20,kmeans_k40_s1,0.8120992760342717,704
10,stackoverflow20,kmeans_k40_s2,0.7978803225296985,704
10,stackoverflow20,kmeans_k80_s0,0.7129343459929016,704
10,stackoverflow20,kmeans_k80_s1,0.710447817425788,704
10,stackoverflow20,kmeans_k80_s2,0.6983436543034199,704
10,stackoverflow20,gmm_k5_s0,0.6037332138501613,704
10,stackoverflow20,gmm_k5_s1,0.6144192140319431,704
10,stackoverflow20,gmm_k5_s2,0.6094205008728752,704
10,stackoverflow20,gmm_k10_s0,0.7657393204171002,704
10,stackoverflow20,gmm_k10_s1,0.7844786332287623,704
10,stackoverflow20,gmm_k10_s2,0.7817457196140509,704
10,stackoverflow20,gmm_k20_s0,0.8688134210553335,704
10,stackoverflow20,gmm_k20_s1,0.8562677768309342,704
10,stackoverflow20,gmm_k20_s2,0.8737268815161331,704
10,stackoverflow20,gmm_k40_s0,0.8268694106550398,704
10,stackoverflow20,gmm_k40_s1,0.8242952421298324,704
10,stackoverflow20,gmm_k40_s2,0.8227272292065173,704
10,stackoverflow20,gmm_k80_s0,0.7384501684168496,704
10,stackoverflow20,gmm_k80_s1,0.7339650058379886,704
10,stackoverflow20,gmm_k80_s2,0.7288953459135589,704
10,stackoverflow20,spectral_k5_s0,0.519118103963244,704
10,stackoverflow20,spectral_k5_s1,0.519118103963244,704
10,stackoverflow20,spectral_k5_s2,0.5488834286482845,704
10,stackoverflow20,spectral_k10_s0,0.7854664681119532,704
10,stackoverflow20,spectral_k10_s1,0.7854664681119531,704
10,stackoverflow20,spectral_k10_s2,0.7854664681119531,704
10,stackoverflow20,spectral_k20_s0,0.8463457181313978,704
10,stackoverflow20,spectral_k20_s1,0.8463457181313978,704
10,stackoverflow20,spectral_k20_s2,0.8454654748012211,704
10,stackoverflow20,spectral_k40_s0,0.7577188250485194,704
10,stackoverflow20,spectral_k40_s1,0.7625113650211022,704
10,stackoverflow20,spectral_k40_s2,0.7786936253328006,704
10,stackoverflow20,spectral_k80_s0,0.6828137844708381,704
10,stackoverflow20,spectral_k80_s1,0.6630034216915912,704
10,stackoverflow20,spectral_k80_s2,0.6749873763638703,704
10,stackoverflow20,ward_k5,0.5608068178070438,704
10,stackoverflow20,ward_k10,0.6860113077097237,704
10,stackoverflow20,ward_k20,0.7861454642853347,704
10,stackoverflow20,ward_k40,0.7497876812011663,704
10,stackoverflow20,ward_k80,0.6734744061504062,704
10,stackoverflow20,leiden_k5_s0,0.6057141979357276,704
10,stackoverflow20,leiden_k5_s1,0.6160802030948598,704
10,stackoverflow20,leiden_k5_s2,0.6128129821724682,704
10,stackoverflow20,leiden_k10_s0,0.7939143067316369,704
10,stackoverflow20,leiden_k10_s1,0.7729266309242756,704
10,stackoverflow20,leiden_k10_s2,0.7914746496416776,704
10,stackoverflow20,leiden_k20_s0,0.8620795610267113,704
10,stackoverflow20,leiden_k20_s1,0.8568304034386678,704
10,stackoverflow20,leiden_k20_s2,0.8568559174406971,704
10,stackoverflow20,leiden_k40_s0,0.8441904235623633,704
10,stackoverflow20,leiden_k40_s1,0.8480356614935874,704
10,stackoverflow20,leiden_k40_s2,0.8471446540773833,704
10,stackoverflow20,leiden_k80_s0,0.7119557206098813,704
10,stackoverflow20,leiden_k80_s1,0.7138605663859513,704
10,stackoverflow20,leiden_k80_s2,0.7175807749752159,704
10,tweet89,kmeans_k22_s0,0.6331831569944696,567
10,tweet89,kmeans_k22_s1,0.6015690308592578,567
10,tweet89,kmeans_k22_s2,0.6519643783490588,567
10,tweet89,kmeans_k44_s0,0.6795985085752213,567
10,tweet89,kmeans_k44_s1,0.6639798173283324,567
10,tweet89,kmeans_k44_s2,0.6775629027091346,567
10,tweet89,kmeans_k89_s0,0.6354412772848065,567
10,tweet89,kmeans_k89_s1,0.6448524366685674,567
10,tweet89,kmeans_k89_s2,0.6175280788517407,567
10,tweet89,kmeans_k178_s0,0.5231225073001067,567
10,tweet89,kmeans_k178_s1,0.5195475179011378,567
10,tweet89,kmeans_k178_s2,0.525019030689966,567
10,tweet89,kmeans_k356_s0,0.4224249345152682,567
10,tweet89,kmeans_k356_s1,0.42914912413413564,567
10,tweet89,kmeans_k356_s2,0.43016828710921384,567
10,tweet89,gmm_k22_s0,0.6647226295364702,567
10,tweet89,gmm_k22_s1,0.6641903433279011,567
10,tweet89,gmm_k22_s2,0.6615832085954204,567
10,tweet89,gmm_k44_s0,0.694819714219145,567
10,tweet89,gmm_k44_s1,0.6887330938416513,567
10,tweet89,gmm_k44_s2,0.7004451669376394,567
10,tweet89,gmm_k89_s0,0.6024873766194768,567
10,tweet89,gmm_k89_s1,0.607898834526097,567
10,tweet89,gmm_k89_s2,0.6109493732934083,567
10,tweet89,gmm_k178_s0,0.48736228231052836,567
10,tweet89,gmm_k178_s1,0.4952607016590724,567
10,tweet89,gmm_k178_s2,0.48995230555090913,567
10,tweet89,gmm_k356_s0,0.38772598124706203,567
10,tweet89,gmm_k356_s1,0.3756167706869758,567
10,tweet89,gmm_k356_s2,0.3822273451873317,567
10,tweet89,spectral_k22_s0,0.6589916622934098,567
10,tweet89,spectral_k22_s1,0.652400526812662,567
10,tweet89,spectral_k22_s2,0.652400526812662,567
10,tweet89,spectral_k44_s0,0.6815470707638434,567
10,tweet89,spectral_k44_s1,0.6908873816919646,567
10,tweet89,spectral_k44_s2,0.6815470707638436,567
10,tweet89,spectral_k89_s0,0.6126157210125245,567
10,tweet89,spectral_k89_s1,0.6133152328665403,567
10,tweet89,spectral_k89_s2,0.6140982764037808,567
10,tweet89,spectral_k178_s0,0.4886756203078319,567
10,tweet89,spectral_k178_s1,0.47433954456393324,567
10,tweet89,spectral_k178_s2,0.47960510154877667,567
10,tweet89,spectral_k356_s0,0.35629824136151156,567
10,tweet89,spectral_k356_s1,0.34241232095661167,567
10,tweet89,spectral_k356_s2,0.34541991266010724,567
10,tweet89,ward_k22,0.6454303774768008,567
10,tweet89,ward_k44,0.6732057654239721,567
10,tweet89,ward_k89,0.6267778865292768,567
10,tweet89,ward_k178,0.4987892229833046,567
10,tweet89,ward_k356,0.4019111214939094,567
10,tweet89,leiden_k22_s0,0.6783741721100274,567
10,tweet89,leiden_k22_s1,0.6782904145564761,567
10,tweet89,leiden_k22_s2,0.6782655320703262,567
10,tweet89,leiden_k44_s0,0.6811569438708829,567
10,tweet89,leiden_k44_s1,0.6877359744934007,567
10,tweet89,leiden_k44_s2,0.6789113510939419,567
10,tweet89,leiden_k89_s0,0.5854171396762937,567
10,tweet89,leiden_k89_s1,0.5785571998413551,567
10,tweet89,leiden_k89_s2,0.5811431582375786,567
10,tweet89,leiden_k178_s0,0.46606100299505193,567
10,tweet89,leiden_k178_s1,0.4727808603896787,567
10,tweet89,leiden_k178_s2,0.46856293383032444,567
10,tweet89,leiden_k356_s0,0.3526623003893602,567
10,tweet89,leiden_k356_s1,0.360772964019597,567
10,tweet89,leiden_k356_s2,0.3599325045477261,567
