doc_idx,text,true_label
0,"I still have not received my new card, I ordered over a week ago.",11
1,I ordered a card but it has not arrived. Help please!,11
2,Is there a way to know when my card will arrive?,11
3,My card has not arrived yet.,11
4,Do you know if there is a tracking number for the new card you sent me?,11
5,i have not received my card,11
6,still waiting on that card,11
7,Is it normal to have to wait over a week for my new card?,11
8,How do I track my card?,11
9,I still don't have my card after 2 weeks.  What should I do?,11
10,still waiting on my new card,11
11,I am still waiting for my card after 1 week.  Is this ok?,11
12,"I have been waiting longer than expected for my bank card, could you provide information on when it will arrive?",11
13,Why hasn't my card been delivered?,11
14,My card still hasn't arrived after 2 weeks. Is it lost?,11
15,"I did not get my card yet, is it lost?",11
16,Status of the card I ordered.,11
17,How long should my new card take to arrive?,11
18,I ordered my card 2 weeks ago and it still isn't here? What do I do?,11
19,"My card has not arrived yet, where is it?",11
20,What is the tracking number for my card that was mailed?,11
21,"I ordered a card a week ago, and it's still not here. What do I do?",11
22,i want to track the card you sent,11
23,How do I know when my card will arrive?,11
24,I ordered a card and I still haven't received it. It's been two weeks. What can I do?,11
25,"I'm starting to think my card is lost because it still hasn't arrived, can you help?",11
26,What is the tracking number for the card you sent?,11
27,Where is the tracking number for the card you sent me?,11
28,Why won't my card show up on the app?,13
29,I would like to reactivate my card.,13
30,Where do I link the new card?,13
31,"I received my new card, but I don't see it in the app anywhere.  What do I do?",13
32,How do I re-add a card to the app?,13
33,How do I add the card to my account?,13
34,Can I put my old card back into the system? I just found it/,13
35,How do I link a new card?,13
36,Can I link an existing card?,13
37,How do I add a card to the app?,13
38,Can I link my new card?,13
39,"Hello, I found the card I misplaced and I need to reactive it, how do I do that?",13
40,Can you tell me how to link one of your cards that I already have?,13
41,Where on the website do I go to link my card?,13
42,"I found my card, can I add it to the app?",13
43,"I found my card, I would like to reactivate it.",13
44,Can I reactivate my lost card that I found this morning in my jacket pocket?,13
45,how do I link an already existing card?,13
46,The app doesn't show the card I received.,13
47,Where do I go if I want to link my new card?,13
48,Is there a way to make my old card usable with the app?,13
49,Can I reactivate a card I thought I lost?,13
50,How do I link my card,13
51,Where do I need to go in the app to enter my card info?,13
52,I have found my lost or stolen card. Is there a way I can link the card with my account through my app again?,13
53,"Could you help me reactivate my card? It was previously lost, but I found it this morning in my jacket.",13
54,"I already have one of your cards, how do I link them?",13
55,How do I link my replacement card?,13
56,I need to know your exchange rates.,32
57,What exchange rates do you offer?,32
58,How did you come up with your exchange rates?,32
59,Where do you guys acquire your exchange rate?,32
60,How often do your exchange rates change,32
61,Please advise what is the exchange rate,32
62,How are exchange rates calculated?,32
63,what are exchange rates based on,32
64,what are exchange rates,32
65,What are the most current exchange rates?,32
66,Is it a good time to exchange?,32
67,What is the exchange rate like on this app?,32
68,Do you have a list of exchange rates?,32
69,Will I get a curreng foreign exchange rate?,32
70,What currencies is an exchange rate calculated in?,32
71,Where do you get your exchange rates from?,32
72,What is the base of the exchange rates?,32
73,The exchange rates are?,32
74,How much will I get with the exchange rate?,32
75,The exchange rate would be?,32
76,What is the exchange rate like?,32
77,How do your exchange rates work?,32
78,what is the exchange rate?,32
79,Where did your guys exchange rates come from?,32
80,How are you determining your exchange rates?,32
81,Can you tell me the foreign exchange rate?,32
82,What kind of foreign exchange rate will I get when I exchange my money?,32
83,What is the current exchange rate for me?,32
84,I purchased something in a foreign currency but the rate applied is wrong,17
85,I made a currency exchange and think I was charged more than I should of been.,17
86,The exchange rate was wrong when I bought something outside the country.,17
87,The exchange rate on my purchase is wrong.,17
88,This rate is too low. Are you sure your using the right exchange rate.,17
89,"I bought something, but the exchange rate looks wrong.",17
90,I bought something in a foreign currency but the rate applied is wrong!,17
91,The rate of exchange for my card payment is incorrect,17
92,Why is the exchange rate wrong when I purchase something abroad?,17
93,I bought an item and noticed the exchange rate was not correct.,17
94,Why is your exchange rate for my card payment wrong,17
95,Why am I being charged more ?,17
96,I wasn't applied the correct exchange rate for an item I bought,17
97,the conversion value for my card payments is incorrect.,17
98,The wrong exchange rate was used when I bought something with a foriegn currency.,17
99,How can I check the exchange rate applied to my transaction?,17
100,Your exchange rate is totally wrong for my card payment,17
101,The wrong rate was applied to an item I bought in a currency different from mine. Can this be changed?,17
102,Why is there a fee for an extra pound in my statement?,34
103,I'm not okay with this fee on my statement.,34
104,Why is there an extra dollar charged to my account?,34
105,I would like a refund on the extra pound I was charged.,34
106,Can you explain what this random $1 charge is?,34
107,"I do not remember purchasing anything for 1£, and it is on my statement. Can you please tell me what that is about?",34
108,I can see an extra 1£ charge on my app. Why did you charge me extra?,34
109,Can you tell me why I noticed a $1 charge on my statement?,34
110,Where did this fee come from?,34
111,Why is there an extra 1 pound charge on my card?,34
112,Where did this 1 euro fee come from?,34
113,I got a extra €1 fee in my statement,34
114,"Something went wrong, I was charged an extra pound?",34
115,Where did the extra fee on my statement come from?,34
116,There is an extra charge on my app that I was not told about or I was aware of!,34
117,I am seeing an extra fee on my statement what is that for?,34
118,What is this €1 fee in my statement?,34
119,For some reason my account's been charged an extra dollar.,34
120,There is a transaction for $1 and I don't know why it was charged.,34
121,"Can you help me with a weird charge?  It's a pound charge that never goes away from the statement view on the app I'm using.  It's not described as anything but ""Pending"", and that status has never changed during the last two days.",34
122,"$1 extra has been charged on my statement, why is that?",34
123,What is the extra  €1 fee in my statement,34
124,"It's been two weeks, why has the transaction for $1.00 not been reversed?",34
125,Can you please check why I am having this extra fee on my statement.,34
126,My card was denied at an ATM earlier today but the transaction is pending. Please cancel it as I did not receive my money.,46
127,My transaction is still showing that is pending from my cash withdrawal.,46
128,"Hey I tried to get some money out earlier but the machine didn't work. Now just saw the transaction still seems in progress! Can you please check what's going there, seems something is broken, I don't want to be charged for money that I haven't actually received!",46
129,How long does the cash withdrawal take to pend?,46
130,Why is it taking so long for my cash withdrawal to no longer show as pending?,46
131,"I tried taking money from the ATM but no money came out, but the transaction is still pending? How is this possible?",46
132,Why is my withdrawal still pending?,46
133,Are you sure when the withdrawal will show?,46
134,"Hi! I was wondering if you can help me. I used the city centre ATM to get some cash, but the machine declined my card. My account shows that transaction is still pending. I didn't receive the money, so please cancel that transaction.",46
135,my atm cash out is still pending,46
136,how long til my cash out goes through?,46
137,"Hi,I tried to get some money out but the machine was not working .The transaction still seems in progress! Can you please check what's going on.I don't want to be charged for money that I did not received.",46
138,"Hey, my card was declined at an ATM in the city centre theatre. My account says the transaction is pending, though. I didn't get the money, though, so what does that mean?",46
139,Why do I have a pending cash withdrawal?,46
140,I have a pending cash withdrawal,46
141,I made a withdrawal from my account but it has not posted?,46
142,I'm not quite understanding why my cash withdrawal is showing as pending.,46
143,I made a cash withdrawal but the pending status is taking forever.,46
144,My cash withdrawal is still showing as pending.,46
145,Why am I unable to take money from my card but the statement says the transaction is still pending?,46
146,Why does my account have a pending cash withdrawal?,46
147,I have a pending transaction in my app. How is it still pending if I pulled the cash out from the ATM earlier?,46
148,Cash withdrawal still pending?,46
149,"I received cash from the ATM earlier, but this shows up as pending in the app.  I've got the cash already.  How can this be still pending?",46
150,"I tried to take money from my card, but it didn't work. Later I saw that the transaction is still in progress. What's goign on?",46
151,Why does it say pending cash withdrawal on my statement?,46
152,How long with my cash withdrawal stay pending for?,46
153,My account was charged for a withdraw I tried to make that was decline.,46
154,how long does it take to post atm with drawl,46
155,"What's a pending transaction? My card was declined at an ATM, but my account says it's still pending. Can I cancel the payment?",46
156,I want to know how many different currencies my money can be in,36
157,"In terms of holding and exchange, what fiat currencies do you use.",36
158,Where can I exchange my money for EUR?,36
159,Is it permissible to hold money in multiple currencies?,36
160,Can I exchange to EUR?,36
161,Do you offer additional currency options?,36
162,How do I change currencies to euros?,36
163,What fiat currencies are supported for holding and exchange?,36
164,"When considering currency holdings and exchanges, what fiat currencies are supported?",36
165,What options do I have for holding currencies?,36
166,Do you happen to do exchanges of EUR?,36
167,Do you accept exchanges to EUR?,36
168,Am I able to exchange currencies?,36
169,What currencies are used in your exchange?,36
170,I want to make a currency exchange to EU.,36
171,What kind of currency can I hold money in?,36
172,Can I exchange currencies?,36
173,Can I hold money in multiple currencies?,36
174,How man currencies can I hold?,36
175,Besides USD what other currencies can I have?,36
176,How do I accept exchanges to EU?,36
177,What kind of fiat currency can I used for holding and exchange?,36
178,Do you support the exchange of EUR from my currency.,36
179,I need my card now!,12
180,i need my card quick,12
181,How long will it take to get to me?,12
182,I'm just wondering when my card will get here.,12
183,Can you get me my card fast?,12
184,How long will it take to deliver something to US?,12
185,"I live in the US, how long will it take for delivery?",12
186,When can I expect my card to be delivered to the US?,12
187,Does delivery to the US take long?,12
188,How long will it take to arrive?,12
189,Can I have my card delivered on a specific day?,12
190,What is the difference between standard and express delivery?,12
191,Can it be delivered by a specific date?,12
192,I need it delivered on a certain date.,12
193,When should I expect my card?,12
194,How long will it take for the card to arrive?,12
195,How fast can you deliver?,12
196,"Ordered awhile back, what is the ETA in the US?",12
197,How long should I expect for the card to arrive?,12
198,Whats the delivery time to the United States?,12
199,When will the card arrive?,12
200,When are cards delivered?,12
201,How long does shipping take to get to a US destination?,12
202,Can I get my card expedited?,12
203,How long until my card is delivered?,12
204,When can I expect to receive my new card?,12
205,I need it delivered by Saturday.,12
206,When will my card arrive?,12
207,can I choose a date for delivery?,12
208,Can I make sure my card is delivered on a specific day?,12
209,Is there a limit when using auto top-up?,4
210,Will it automatically top-up or do I need to do that manually if there isn't much cash left?,4
211,"I'm running out of money, can I  auto top up?",4
212,Can it automatically top-up money if there isn't much left?,4
213,If there isn't much money left can it automatically top-up?,4
214,"I read about the auto-top up function, but can't find it in the app.",4
215,Can I have it add money at certain time intervals when I travel?,4
216,"I'm going to be away for awhile, can I have it add money automatically in certain intervals?",4
217,"Where can I find the ""auto-top"" feature?",4
218,"I just activated auto top-up, but it is not letting me enable it. Why not?",4
219,Are there limits on auto top-up?,4
220,can you assist me with the auto top up ?,4
221,Do you have any limit on the auto top-up?,4
222,How can I top up automatically?,4
223,What's the limit on automatic top-up?,4
224,"If I will be traveling, is there a way to auto top-up my card on certain days?",4
225,Can I have a auto top-up when my account is short?,4
226,Can I space out how often money is transferred along my travels?,4
227,Will it automatically top-up money if there isn't a lot left?,4
228,Can I set up an automatic top-up for travel.,4
229,I've tried looking for the auto-top up option on your website and I can't seem to find it. Can you help me?,4
230,Can I be topped up once I hit a certain balance?,4
231,"Is there a top-up feature, if there isn't a lot of money left?",4
232,What is the highest limit for Auto Top?,4
233,I've tried my card a bunch of times and it never worked.,14
234,I can't get my card to work.,14
235,My card appears to be broken how can I fix it?,14
236,My card broke.,14
237,My card won't work.,14
238,Why is my card not working?,14
239,Can you please identify the problem with my bank card?,14
240,How do I unblock my card using the app?,14
241,How can I get my physical card to work?,14
242,Can someone assist me by explaining why my card is not working?,14
243,Can a card stop working?,14
244,I think my card is broken,14
245,Why isn't my card working?,14
246,My card isn't working anymore.,14
247,My actual card isn't working.,14
248,Is my card broken?,14
249,I broke my card,14
250,My card stopped working,14
251,"My card is broke, what do I do?",14
252,My card stopped working when I use it,14
253,Need help with my card. It's not working.,14
254,I cannot use my card.,14
255,My card isn't working,14
256,My card suddenly quit working.,14
257,I have tried to use my card several times and it does not work.,14
258,The card I have doesn't work.,14
259,How can i check if my card is working?,14
260,Nothing goes through on my card.,14
261,How do I find out why my card won't work?,14
262,"Could it be that I deactivated my card, its not working?",14
263,May I exchange currencies with this?,33
264,How do I change GBP to AUD?,33
265,How do I convert currencies with the app?,33
266,Can I exchange currencies with this app?,33
267,How do I make an exchange from one currency to another?,33
268,If I wanted to make a change from GBP to AUD what is the process?,33
269,Is it possible to change to another currency?,33
270,How do I exchange my GBP to AUD?,33
271,How would I use my money in a different country?,33
272,Can I change to another currency?,33
273,If I need GBP instead of AUD what do I do?,33
274,I was wondering whether exchanging currencies can be done on this app.,33
275,Can am I able to exchange currencies?,33
276,What currencies will this app exchange?,33
277,Can this app help me exchange currencies?,33
278,I would like to exchange some currency.,33
279,Can I exchange between GBP and USD on the app?,33
280,Is there currency exchange on this app?,33
281,How do I exchange currency?,33
282,Can I use this app to change dollars into euros?,33
283,I would like to exchange currencies,33
284,"My entire gym bag, including my wallet, was stolen out of my locker today. Everything in my wallet is gone - how do I block the card to make it can't be used?",41
285,I can't find my card and think it may have been stolen.,41
286,"I cant find my card, it's gone.",41
287,My card is lost! What can I do?,41
288,I lost my card,41
289,Oh no!  I lost my card!  Help!,41
290,"I believe my card has been stolen, what can I do about this situation? It's urgent.",41
291,My card is gone I think it was stolen,41
292,Is a copy of the police report necessary for completing the report process?,41
293,I lost my wallet today with all my credit cards. Will you please block the card and send a replacement?,41
294,How do I deal with a stolen card?,41
295,Can you freeze my card it was stolen,41
296,Help!  I can't find my card.,41
297,What should I do if I lost my card?,41
298,I need help with a lost card,41
299,I think my card was stolen.,41
300,I think I lost my card . I dont know how long it has been missing. Can you see if maybe someone else has been using it?,41
301,How can I freeze a stolen card?,41
302,My bags were stolen. I need a new card but need to cancel the stolen one.,41
303,Somehow I am missing my card.  What should I do?,41
304,My card was taken from me,41
305,My card got lost.,41
306,My card is lost! What do I do now?,41
307,I'm in Spain and my stuff has been stolen. My card was with it and I need a new one shipped and the old one frozen.,41
308,How do I report a stolen card?,41
309,Are you able to locate my card?,41
310,My card got stolen!,41
311,Help me please!  My card was stolen!,41
312,How young can I be to open my own account?,1
313,How old do I have to be?,1
314,How do I go about setting up an account for my daughter?,1
315,Is there an age minimum?,1
316,What is the youngest age in order to have an account?,1
317,What age do I have to be?,1
318,What is the minimum age?,1
319,I am only 17. Can I make an account?,1
320,Could I open an account for my children?,1
321,How do I open up an account for my child?,1
322,Can I open a bank account for my newborn baby?,1
323,Can my 19 year old daughter open a savings account at the bank?,1
324,What's the minimum age for opening an account?,1
325,Can my children have their own account?,1
326,Do my kids have to be a certain age to use this service?,1
327,What are the age requirements for opening an account?,1
328,How old do I need to be to open an account?,1
329,How old do my kids have to be to use your service?,1
330,How old do my children need to be to open an account?,1
331,How young can someone be in order to open an account?,1
332,What is the youngest someone can be to open an account?,1
333,How do I get my PIN unlocked?,49
334,Will you reinstate my PIN?,49
335,I accidentally blocked my PIN. How do I reset it?,49
336,How do I unblock my pin after entering it wrong too many times?,49
337,I need help because I drunken blocked my card?,49
338,"When I put the wrong pin too much, I got blocked, so can you help me unblock my pin",49
339,How many tries do I have to enter my pin before I'm blocked?,49
340,What should I do if I've tried to enter my PIN too often?,49
341,I have exceeded the number of times I can try my PIN,49
342,How can I unblock a blocked pin number for my account?,49
343,What do I do if the bank machine won't accept my PIN attempts anymore?,49
344,Can you unlock my pin? I think I entered the wrong pin too many times.,49
345,How do I deal with a blocked PIN?,49
346,"I attempted to use my card while I was intoxicated, and I failed to input my PIN, and the machine kept my card. How soon can I have it back?",49
347,I'v exhausted all the of times I can try my PIN,49
348,Help! I forgot my PIN and have been locked out of using my card.,49
349,Why did I get blocked?,49
350,Are you able to unblock my pin?,49
351,Can you assist me with unblocking my PIN? I put it in wrong too many times.,49
352,"My pins seems to be blocked, can you unblock it please",49
353,Can you unblock my pin after too many wrong pin attempts?,49
354,"My PIN is blocked, what do I do?",49
355,How do I reset my PIN?,49
356,How do I unblock my PIN?,49
357,"My card's frozen, what can I do?",49
358,How can I unlock the pin?,49
359,My PIN is not working and I need assistance.,49
360,"
Where can I get my PIN unblocked?",49
361,Are contactless payments enabled on my new card?,23
362,My contanctless has stopped working,23
363,what is required documents for new card process ?,23
364,How do I get the contactless feature to work for my card?,23
365,I've been unable to pay contactless with my card for over a week now. Is there a way to fix this issue?,23
366,My contactless payments have not been completed successfully.,23
367,Do I need to replace my card if it didn't work when I tried to pay contactless at the shop today?,23
368,For some reason my contactless has stopped working. I don't know what the problem is. What can I do?,23
369,Contactless isn't working for me,23
370,How do I check my security settings to allow contactless pay?,23
371,What can I do if contactless doesn't work?,23
372,How can I make my contactless work for the metro?,23
373,My contactless is not working,23
374,Can you help my fix my contactless?,23
375,For some reason my contactless won't work for me.,23
376,I'm unable to use contactless payments for purchases.,23
377,"When I tried to pay for my bus ride, the contactless payment wouldn't work. How can I prevent this in the future?",23
378,The NFC payment wouldn't work on the bus today. Help?,23
379,The contactless I have won't work.,23
380,Why isn't my contactless not working?,23
381,I wanted to use my contactless at the metro today but it didn't accept it!,23
382,It didnt work when I tried to pay contactless at the bus today. Why?,23
383,I am not able to do contactless.,23
384,How do I use contactless payments?,23
385,Help me with my contactless which isn't working.,23
386,How do I use contactless pay?,23
387,Should i reinstall the payment app?,23
388,I would like to make a transfer. How much does it cost?,56
389,"I need to make a transfer, what will the fee be?",56
390,If I make a top-up are there charges applied?,56
391,Can I also transfer with SWIFT?,56
392,I would like to refill my account using SWIFT.,56
393,Do I have to pay for topping up by transfer?,56
394,Are there any sort of fees involved for top of transfers?,56
395,Is it possible to get a transfer from SWIFT?,56
396,How much am I charged to receive money?,56
397,Will there be any charges for money received?,56
398,Will a transfer incur a fee?,56
399,Are there charges for receiving a SEPA transfer?,56
400,Will I be charged if someone needs to send me money?,56
401,What are the fees for top-ups?,56
402,What is the fee to receive money?,56
403,How much am I charged for a SEPA transfer?,56
404,How much is the fee for a SEPA transfer?,56
405,What'll it charge me for a SEPA transfer?,56
406,Do you do SWIFT transfers?,56
407,Will I be charged for a SEPA transfer?,56
408,is there a fee for a transfer? if so how much will it be?,56
409,Is there a fee for transfer top-up?,56
410,Can you tell me what the transfer policy is?,56
411,Is a SWIFT transfer okay?,56
412,"When topping up by transfer, will I be charged?",56
413,What us the fee to transfer money from my bank?,56
414,Do I get charged if i am getting money?,56
415,can i do a transfer with swift,56
416,"new customer and filling gas today, it's not working, the thing shows pending half an hour!",47
417,there's a delay in my top-up,47
418,The top-up is pending.,47
419,Could you explain why my top-up has gone through yet?,47
420,I topped up but it didn't complete,47
421,"So, I am a new customer and attempted to top up for the very first time today. It's already been pending for half an hour and doesn't seem to be working. I need to please get this fixed.",47
422,My top up is pending.,47
423,Can you please make my top up go through as soon as possible. I really need the money and it has been pending for an hour already.,47
424,"What's going on with the top-up? All it says is pending, pending, pending! I use your service several times a week and have never had a problem before! What's going on here?",47
425,why hasn't my top up gone through yet,47
426,top-up is slow to process,47
427,"I topped up by card a while ago and it's still pending, surely it should be done by now?",47
428,top up did not complete,47
429,So I just put my top-up into the card and it hasn't changed.,47
430,"Your top-up function isn't working, it still says pending even though I know my card works.",47
431,"Hi I'm a new customer and tried topping up for the first time today, seems it's not working, the thing shows up as pending since half an hour already! Please fix it!",47
432,"OMG!  I'm trying to load my card and it wont top up!  I desperately need the money either on my card or in my bank, where is it?",47
433,I'm attempting to top-up my account but it has been pending for an hour.,47
434,What does it mean when my top up is saying  still pending?,47
435,"My top up hasn't worked, it's been stuck in pending for the last couple hours",47
436,Why does my top up say still pending when I used my card to do it.,47
437,Why is my top-up still pending?,47
438,Topping up my card is not working because I believe the top up is pending,47
439,"I tried topping up but my funds seem to be pending. I want to buy something right now, what do I do?",47
440,I made a transaction this morning and would like to revert it.,8
441,Can i cancel a charge?,8
442,Can I cancel my transaction?,8
443,I made a transaction but did it to the wrong account.,8
444,Tell me how to cancel a transfer.,8
445,I need you to cancel a transfer that I made.  It is the wrong account number and the app won't let me stop the transaction.  Please stop it!,8
446,"I need to cancel my recent transfer immediately, I made a mistake there, please help quickly before it goes through",8
447,How can I cancel a transfer?,8
448,Is there any way to cancel a transfer?,8
449,I accidentally made a transaction to the wrong account.,8
450,I want to cancel a transfer right away! Can you help?,8
451,Help me cancel my transaction,8
452,"This is URGENT, I typed the wrong payment information for a payment I needed to make and have clicked send, I need to reverse the transaction immediately.",8
453,I want to reverse my transaction from earlier,8
454,Can I cancel a transfer if is already processed?,8
455,I transferred the wrong amount and would like to cancel the transaction.,8
456,I made a mistake when I did a transfer so now what can I do to fix that?,8
457,How do I cancel my transfer?,8
458,I made a mistake with a transaction!,8
459,The transfer I just made needs to be cancelled right now. It was my mistake. Please help me cancel it before it goes through!,8
460,Can a transaction be cancelled?,8
461,My transaction needs to be canceled.,8
462,I need to make an immediate cancellation related to a transfer. This was a mistake. Please assist quickly so this does not actually go through.,8
463,I made a mistake and need to cancel a transaction,8
464,Cancel my last transfer,8
465,"My recent transfer needs to be cancelled immediately; it was a mistake, please can you cancel it before it goes through?",8
466,I need help cancelling a transaction.,8
467,I don't want the transaction to go through now,8
468,Please help me!  I need to cancel a transaction.,8
469,can you limit my top up?,60
470,Am I free to top-up as much as I want?,60
471,Is there a top up limit for my account?,60
472,How much money can i top up?,60
473,What are the restrictions to top-offs?,60
474,Are the top-ups limited?,60
475,what is the top up limit,60
476,I need to find out what is the limit for top-ups.,60
477,What is maximum top up?,60
478,How can I tell what the limit is to top-ups?,60
479,Is there a limit to top-up amounts?,60
480,Is there any limit to the amount I can add to a card at a time?,60
481,I want to know if there is a maximum I can top up.,60
482,Tell me if there are any top-up limits?,60
483,How can I top-up my limit?,60
484,Is there a limit to top-ups?,60
485,Can I top-up as much as I want?,60
486,When I top up what are the amoutn limits.,60
487,Are there limits to top-ups?,60
488,How much can I top-up to my card at a time?,60
489,how much can i top up?,60
490,Is there a limit to how high I can top-up?,60
491,Is there an amount limit to my top-up?,60
492,Is there a limit for top-ups?,60
493,How can I tell if there is a top-up limit?,60
494,Do you have any restrictions to my top-up?,60
495,As for limits are top ups included?,60
496,"I don't know if this is an issue with the ATM or my account, but I just tried withdrawing 30 pounds from the ATM I'm at now and it only gave me 10. Is this a glitch or what exactly is going on?",75
497,I didn't get all the cash I requested for at the ATM,75
498,How come the ATM gave me less cash than what I asked for?,75
499,Why did I not get my cash back after I withdrew?,75
500,The amount of cash I received was incorrect,75
501,The amount of cash I received was different than what I requested.,75
502,"Hi. I just withdrew cash from an ATM and received the wrong amount. However, my app shows the correct amount I withdrew. How do I get the rest of the cash?",75
503,I did not get as much cash as I requested at the ATM.,75
504,"How can I request cash back? The ATM just gave me the wrong amount, the app shows the amount that I've been actually charged though...",75
505,Where is the money I pushed it's on my mobile app as being withdrawn.,75
506,Why did I not get all the cash I asked for?,75
507,My cash withdrawal was partly declined,75
508,Why did I only get $20 when I tried to get $100,75
509,I have withdrawn cash from ATM but i received the wrong amount. I want cash back as in app its showing actual amount which i got. Please help me in this.,75
510,"I went to withdraw some cash earlier today, but seems the ATM gave me the wrong amount of cash! The amount showing up in the app is a lot more",75
511,I asked for $100 cash but only got $20?,75
512,Where is the money that I asked for? I asked for more than I got!,75
513,I withdrew money but the full amount wasn't dispensed.,75
514,Something went wrong with my withdrawal. The amount of money isn't right.,75
515,I have got out the wrong amount from an ATM. Please tell me the process to get the cash back as in app its showing the amount i have been actually received.,75
516,I asked for 100 but only got 20.,75
517,I didn't receive the right amount of cash back,75
518,The ATM gave me less cash than I requested,75
519,"I didn't get as much cash as I asked for from the ATM, why?",75
520,What do I do if the ATM didn't give me the correct amount I withdrew? I pulled out 30 pounds and the ATM gave me 10 pounds.,75
521,"I tried to take out cash but the amount isn't right, so what do I do?",75
522,I didn't receive all the cash I asked for,75
523,I just got $20 when I tried to get $100,75
524,The right amount of cash was not sent to me.,75
525,Why did I get less money than I asked for?,75
526,I didn't get the right amount at the ATM.,75
527,did not receive correct cash upon withdrawal,75
528,I payed with a card and was charged an extra fee,15
529,I was charged a fee after using my card and I shouldn't have been.,15
530,"I show another charge on my card from when I used it, why?",15
531,"Why do I get charged additional fees on some payments, but not others?",15
532,I used my card for a purchase and was charged a fee,15
533,Why was I charged for card payment?,15
534,I would appreciate that someone let me know when there is an extra charge for payments. I was checking the app earlier and saying a charge on one of my payments that was additional that no one made me aware of before.,15
535,Why was I charged an extra fee when paying with my card?,15
536,Why did I have to pay extra because I paid with card?,15
537,im not sure what this charge is for,15
538,What is the fee charged with this card payment?,15
539,When would my card be charged an extra fee for a transaction?,15
540,Why did I have to pay more when I do it with my card?,15
541,I have been charged a fee for paying with card,15
542,What is the fee on my card payment?,15
543,Why would I be charged a fee for card payment?,15
544,Will I always be charged a fee for using my card?,15
545,I paid with card and I think there was a fee applied.,15
546,So what items  actually come  with  extra  fees,15
547,Is there a fee when you pay with your card?,15
548,For the first time I got a fee on my account. How do I know when you charge these fees?,15
549,Is using my card free?,15
550,Why was I charged an extra fee when using a card?,15
551,What fees apply when using a card?,15
552,Why was I charged a fee when I paid with card?,15
553,There is a fee on my account. Why?,15
554,Why do you charge fees on card payments?,15
555,I was charged a fee for a card payment. Why?,15
556,Why was a charged a fee for using the card?,15
557,"I completed an in country transfer a few days ago and was sure to check the account information several times since the transaction was completed, but the funds are still not available. What is the problem?",66
558,My money transfer has not arrived.,66
559,I made a money transaction but the recipient can't see it,66
560,I tried to send someone money but they haven't received it.,66
561,how long do money transfers take?,66
562,I transferred some money and it didint arrive,66
563,Where is the transfer I started?,66
564,I completed a money transaction but the recipient hasn't received it,66
565,The receipient doesn't see my money transfer.,66
566,"I transferred the rent payment for my new place a couple days ago but the landlord says it's not there yet, despite showing up as done on my side. I checked the account number I sent it to and it's definitely correct. Can you please verify if the transaction really went through or not?",66
567,I need to find out why my transfer didn't get there.,66
568,"I've just moved address from a place in Durham to a place in Walton-On-The-Naze.  I have a new landlord at my new house and they haven't got my payment but I know I sent it on time, can you check they got it please?",66
569,I sent money.  They haven't received it.,66
570,"Hey, I need some help figuring out way my transfer is not complete yet. My Landlord hasn't got the money yet.She should have received it by now.",66
571,"I'm having a problem with a money transfer.  I sent some money to a friend a couple of hours ago, and they haven't received it yet.  Why hasn't it gotten to them? How long do transfers need to go through?",66
572,Where is the transaction I made to a friend?,66
573,My friend still hasn't gotten a transaction I made.,66
574,Im waiting for my transaction to go through.,66
575,Is there a reason why my transaction is taking so long?,66
576,How long will it take for my transaction to be completed?,66
577,I sent some money and the receiver can't access it.,66
578,I sent my friend some money a few hours ago but she has not received it yet. She really needs it. How long does this take?,66
579,The person I sent money to hasn't gotten it yet!,66
580,When will my funds transfer?,66
581,"How long does it take for transfers to finish?  I sent funds to my pal, and she says that she has not gotten anything.",66
582,"How long do transfers need to come through? I sent some money to a friend, she needs it urgently, but seems it's still not there yet after a couple hours.",66
583,I am still awaiting the completion of the transaction.,66
584,I transferred some money but the recipient is having trouble withdrawing.,66
585,"I need support options, I want to top my card",54
586,I have 1 other US card.  Can you take that?,54
587,What currencies are accepted for adding money?,54
588,What kind of currencies can I use to add money?,54
589,"If I only have 1 other US card, can you take it?",54
590,can you tell me what cards and currencies you take?,54
591,What is accepted in regards to cards and currencies?,54
592,Will you accept my other card?,54
593,Which cards do you guys support? I want to top up using my credit card.,54
594,What cards and currencies do you support?,54
595,How do I transfer funds from my American Express into my account?,54
596,How can I use American Express to add money to my account?,54
597,"When adding money, what are the currencies you take?",54
598,Are US credit cards accepted?,54
599,why wouldn't you support american express? its a card i like and use often and i don't want to get a different one,54
600,What options do I have in regards to payment?,54
601,What cards to do you support to top up.,54
602,Do you accept other currencies besides US Dollars?,54
603,Can I use any currency to add money?,54
604,Is my currency okay to add money with?,54
605,What cards and currencies will suffice?,54
606,What currencies or cards do you support for topping up?,54
607,Where can I obtain my virtual card?,40
608,Where can I find a virtual card?,40
609,Is there an option to have a virtual card?,40
610,If I don't want a physical card can i get a virtual version?,40
611,Can you tell me how to order a virtual card?,40
612,Where is the virtual card?,40
613,what is the virtual card,40
614,how do i get a virtual card?,40
615,Where do I order a virtual card from?,40
616,Why did I not get a virtual card yet?,40
617,How can I order virtual cards?,40
618,Can you tell me where I can order a virtual card?,40
619,Is it possible for me to get a virtual card?,40
620,Is this where I order a virtual card?,40
621,What are the steps to getting a virtual card?,40
622,Where is the virtual card located?,40
623,Where can I order a virtual card?,40
624,Can I get a copy of the card by email?,40
625,why do i not have a virtual card,40
626,How do I order a virtual card?,40
627,Can I order a virtual card?,40
628,Where can I go to get a virtual card?,40
629,Where are the virtual cards located?,40
630,I need to reorder my virtual card!,40
631,Where can I get a virtual card?,40
632,Can I have one of the virtual cards?,40
633,Will my card be accepted all over the world?,10
634,Who accepts this card?,10
635,Can I use my card for payment all over the world?,10
636,It will be fine to use at any establishment that accepts Mastercard.,10
637,Are there any limits on where I can use my card?,10
638,What stores can I sue my card?,10
639,Can I use my card anywhere I want?,10
640,What are the rules to where I can use my card?,10
641,Do you know where my card will be accepted?,10
642,Does this card work everywhere?,10
643,"

What businesses accept this card?",10
644,Where can I use my card?,10
645,Which outlets accept my card?,10
646,What stores will take my credit card as payment?,10
647,Is there any place I cannot use my card?,10
648,Will I be able to use my card anywhere?,10
649,Is it acceptable to use my card anywhere?,10
650,Can I use my card everywhere?,10
651,Where is my card accepted?,10
652,Where should my card work?,10
653,areas card is accpeted,10
654,places i can use the card,10
655,Will any business take this card?,10
656,Will filling stations accept my card?,10
657,Who accepts my card?,10
658,My top-up was cancelled; will I receive a refund?,61
659,How do I fix a reverted top up?,61
660,Is it possible to tell if my top up has reverted?,61
661,"My top-up showed as complete, but it's no longer there! What's going on here?",61
662,"Hi, i don't know what's going on i've just paid for my top up twice by accident can you help me get a refund please.",61
663,The app wouldn't accept my top up.,61
664,"I topped up my account and even though it was confirmed at first, the money isn't there anymore! why did this happen, and where did my money go?",61
665,"My top-up was reverted, why did this happen?",61
666,Can you tell me if my top-up has been cancelled?,61
667,I got topped up but the application reverted it.,61
668,Why would my top up be cancelled?,61
669,There appears to have been a reversion in my top up,61
670,The application reverted my top-up.,61
671,I believed crypto top up with something you offered. This does not seem to be working. The money has been removed from my account though so what's going on?,61
672,I topped up but the app reverted it,61
673,I went to top up and it is no longer there.  Was it sent back?,61
674,Can you tell me why my top up was reverted?,61
675,For what reason would a top up be reverted and returned to my account?,61
676,"When I topped up, the app reverted my funds.",61
677,The app reverted my top off.,61
678,Was my top up reversed?,61
679,"I see my top-up was canceled, but why?",61
680,Do you know if my top-up has been cancelled?,61
681,My top-up was revoked.,61
682,Causes of top-up cancellation,61
683,The app reverted what I topped up.,61
684,Has my top up been reverted?,61
685,Im very upset as my top-up was canceled and I have no idea why.,61
686,My top-up has been cancelled.,61
687,On my last transaction it seem that my top-up was not successful.,61
688,I tried making an update to my balance using cheque just yesterday but it doesn't appear to have worked. Should this not be a faster process? I need you to please check over my account because something has went wrong.,6
689,Is there a reason why my account isn't updating because I used a check to  balance my account?,6
690,"I don't know why the deposit I made a week ago still hasn't showed up, I really need the money now.",6
691,I made a cash deposit almost a week ago but it's still not there!! please sort this out asap I need the money,6
692,Where is my cash deposit?,6
693,How can I get the cash deposit to show up on my account?,6
694,When will I see the cash I deposited this morning as available?,6
695,I made a deposit this morning but it is still pending?,6
696,cash deposit to my account has shown a red flag.,6
697,"I Submitted a cheque couple days ago, nothing happened to my account yet.Would you please check What could be the possible issue?",6
698,Where is my deposit?,6
699,My cash deposit from a week ago hasn't shown up. I need the money - how quickly can you sort this out?,6
700,Why didn't my balance update after my cash or checque deposit?,6
701,I made a deposit of cash and check that has not been added to my balance.,6
702,Why does my account not accept cash deposits?,6
703,"I had a cheque deposited, but I still haven't seen the cash.",6
704,"A cheque deposit hasn't posted to my account, when will my balance update?",6
705,I submitted a cash deposit to my account but it hasn't posted yet.,6
706,I sent a cheque  a few days ago and nothing has happened to my account yet. Can you please check on this for me?,6
707,Has the check I deposited cleared to I can get the cash?,6
708,How come my cash deposit is not showing up. This can't be right. There must be some mistake. Where did my cash go. You better not have lost it as I need this money asap.,6
709,I deposited cash this morning and I am still waiting,6
710,I tired to deposit some cash into my account but it's not there,6
711,"I sent you a cheque couple days ago, nothing happened to my account yet! This is unacceptable, where is my money??",6
712,I have a strange payment in my statement,16
713,I saw a payment i did not do,16
714,An unauthorized payment is in my app,16
715,I did not make this card payment.,16
716,What should I do if I see a payment I didn't make?,16
717,I found an unauthorized card payment,16
718,there is a transaction on my account that i didnt make,16
719,I don't recall making that payment?,16
720,There are some payments with my card that I don't know where they are coming from. Just checked today and it's been since a couple days as well! What to I do? Can I revert this retrospectively? My card needs to be frozen immediately as well!,16
721,Has someone accessed my card there are payments I did not make that are showing up on the app.,16
722,There are some strange charges on my card that I didn't make from a few days ago.  Is my card stolen and if so should I cancel it?  Will I get refunded the charges?,16
723,I have a payment I didn't do,16
724,There is a card payment I do not recognise.,16
725,Payment i did not do,16
726,"Please put a freeze on my card,  I am worried there has been some payments on it and I don't know what for.",16
727,"I'm concerned about a payment that has recently been made on my card.  I do not recognize the name that the transaction went to, can you help me?",16
728,What can I do about some payments on my card I didn't make.  Please put a freeze on my card till we can figure this out.,16
729,I'm not familiar with a card payment.,16
730,I don't know where this transaction came from?,16
731,Somebody used my card to make a purchase,16
732,There's a recent charge on my card that I know I didn't make because I've never seen the name before. Can we investigate this?,16
733,Some of my card payments look different than where I purchased products from. Why is that?,16
734,There is a strange payment on my statement. What should I do?,16
735,There is a fraudulent charge on my statement.,16
736,In my statement there is a payment that is I do not recognize,16
737,How do I update my details?,30
738,I want to change my personal details.,30
739,I moved.  I need to update my details.,30
740,I need to edit the personal details section of my account,30
741,Where can I change my personal information after I move?,30
742,Where can I go to modify my detail?,30
743,How do I change my information?,30
744,I need to change my account details,30
745,I moved.  Where do I update my details?,30
746,I need to update my personal details,30
747,My address has changed. How do I report it?,30
748,How can I modify my details?,30
749,What do i have to do to change my name?,30
750,Where can I go to update my personal profile?,30
751,Is it possible to edit my personal details on the app?,30
752,how can i change my details,30
753,I need help changing my last name on my account.,30
754,How do I update my current residence details?,30
755,how do i change name?,30
756,I want to change my address.,30
757,Can I change my information?,30
758,I need to update my current address,30
759,I have moved.  Where can I update my details?,30
760,I want to change my name.,30
761,How do I change my address?,30
762,Why do you require so many details about my identity?,74
763,I'd rather not verify my identity.,74
764,do I need to verify my identity every time I log into my account?,74
765,Can I make transfers before identity verification?,74
766,What is the need to verify my identity?,74
767,Do I have to do the identity check?,74
768,Can I use my account without verifying my identity?,74
769,"Can I still use my account, even though the identity verification has not passed yet?",74
770,Why do you need so much information to verify my identity?,74
771,I don't like that I have to fill out so much information about my identity.,74
772,How come you need to know my identity?,74
773,Do I need to verify my identity to use my account?,74
774,Why am I required to do an identity check?,74
775,Why am I being asked to have an identity check,74
776,Do I really need to verify my identity?,74
777,Why do I have to give you all of my identification details?,74
778,I won't verify my identity.,74
779,I want to skip verification of my identity.,74
780,I do not wish to verify my identity.,74
781,Why do I have to verify my identity?,74
782,what is the identity check?,74
783,What other methods are there to verify my identity?,74
784,Can I use my account if the identity verification is not complete?,74
785,Why is it asking me to verify my identity,74
786,Do I have to verify my identity?,74
787,Why do you need to know so much about me,74
788,I cannot verify my identity,68
789,what do i do if my verification failed,68
790,I'm having trouble verifying my ID.,68
791,The app failed to verify my identity.,68
792,I can't verify my ID.,68
793,I can't prove my identity.,68
794,I am not being recognized by the app.,68
795,The app will not let me into my account.,68
796,I am having trouble proving my identity.,68
797,My ID won't be verified!,68
798,I can not get the app to know it is me.,68
799,I can't verify my identity.,68
800,I am having difficulties to verify my identity.,68
801,The app doesn't believe that I am me,68
802,What's with not verifying my Id?,68
803,What do i need to verify my id?,68
804,"I tried verifying my ID, but it won't let me.",68
805,How do I show this stupid system that this is really my identity?,68
806,I a having trouble proving my identity,68
807,How long will it take for my ID to verify?,68
808,Why am I not able to verify my id?,68
809,It doesn't let me verify my identity.,68
810,app doesnt think its me,68
811,The app won't let me log in as myself.,68
812,Why can't I verify my identity?,68
813,Why can't I verify my id?,68
814,What do I do with my card PIN?,38
815,Is the PIN delivered separately?,38
816,I do not have my pin,38
817,How do I set-up my PIN for the new card?,38
818,How do I find my card PIN?,38
819,I don't know where to look to find my PIN.,38
820,where in the app can i find out about my new pin,38
821,Where in the app can I find my PIN?,38
822,I received my card but not my PIN.,38
823,Why can't I see my PIN?,38
824,what is the process for setting up a pin,38
825,Does my PIN come with my card?,38
826,Where can I find the card PIN?,38
827,Why isn't my PIN available yet?,38
828,Is my PIN located on my account somewhere?,38
829,I still don't have my pin.,38
830,So what about the card PIN?,38
831,I cannot locate the card PIN.,38
832,When do I receive my PIN,38
833,Is PIN delivered separately?,38
834,What do I need to do for a PIN?,38
835,Why can't I find my PIN?,38
836,Do you guys accept Visa or Mastercard?,73
837,Are both Visa and Mastercard accepted?,73
838,Can I get a mastercard?,73
839,What steps must I follow to get a Visa credit card?,73
840,I'd rather get a Mastercard,73
841,What do I have to do to get a Visa credit card?,73
842,May I choose between Visa and Mastercard?,73
843,I want to get Visa and Mastercard,73
844,Am I able to choose my card?,73
845,Do you do Visa or Mastercard?,73
846,I would like to apply for a visa card.,73
847,Do you have Visa or Matercard?,73
848,Is it possible to have both a Visa and a Mastercard from you?,73
849,I would rather the Mastercard.,73
850,Is it possible to receive a Visa and a MasterCard?,73
851,What major card payments are accepted?,73
852,Can you let me know if Visa is among the card scheme assignments?,73
853,Do you use Mastercard or Visa?,73
854,Is it possible to get a Visa here?,73
855,How can I top up by card?,62
856,How do I top up my card using your app? I'm new to this.,62
857,Why can't I see my topup in my wallet anymore?,62
858,Use credit card to transfer money,62
859,How do my friends top up my account,62
860,"I followed the instructions to transfer money using my card, but then the money disappeared and I don't know what happened.",62
861,how can i top up?,62
862,"I am missing some funds from my account - I tried to transfer them using my credit card number, and it disappeared.",62
863,I have friends that would like to top-up my account is that possible?,62
864,How do I transfer money using a credit card?,62
865,Can I give my friends access to my account so they can top it up for me?,62
866,"I did a top-up, but I'm not seeing it in my wallet yet.",62
867,"i know i entered the right info, but my top up isn't in my balance",62
868,Will my friend be able to top off my account?,62
869,Is there a way to transfer funds directly from my card?,62
870,Why isn't my top up showing on my wallet?,62
871,I tried to use my card to top up but all of the money has disappeared.,62
872,How can someone add money to my account?,62
873,Are my friends able to add funds to my account?,62
874,Can I transfer money to my credit card?,62
875,My friends want to top up my account,62
876,I topped up my card but the money disappeared.,62
877,Why don't I see my top up in my wallet?,62
878,Are my friends able to top up my account?,62
879,How can i get multiple disposble cards.,29
880,Can I make many disposable cards per day?,29
881,How do I make more than one disposable card in a day?,29
882,what is the disposable cards limit?,29
883,Do these virtual cards have any caps on using them?,29
884,How many disposable cards can I have?,29
885,How many card payments can I use on a disposable card?,29
886,Are you able to explain the restrictions of the disposable cards?,29
887,How many disposable cards is the limit?,29
888,Tell me how many transactions I can do with a disposable card.,29
889,How can I create many temporary cards daily?,29
890,Is it possible to make several disposable cards in a day?,29
891,Is there a limit to how many transactions I can make on one disposable card?,29
892,Are there any limits to how many disposable cards I can use?,29
893,Can you explain the virtual cards limit?,29
894,How many disposable virtual cards can I have?,29
895,I need to create several disposable cards per day.,29
896,Are there any hindrances to using a disposable virtual card?,29
897,How many disposable cards can I own?,29
898,What is the limit to disposable cards you can have?,29
899,How many times can I use a disposable card?,29
900,What can I use a virtual disposable card for?,29
901,What are the limits for disposable virtual cards?,29
902,What are the limits to using disposable virtual cards?,29
903,How many transactions can I do with one disposable card?,29
904,How many times can I use the disposable virtual card I have?,29
905,I think someone is using my card to make transactions I don't remember.,22
906,Someone I don't know has used my card without permission.,22
907,My card was used without my permission.,22
908,Freeze my account it's been hacked.,22
909,"There are transactions I didn't make, someone else must have used my card.",22
910,Someone is using my account to do online shopping! Please freeze it asap,22
911,Someone else may be using my card.  There are transactions I don't recognize.,22
912,I think someone else is using my card.  There are transactions I didn't make.,22
913,"I don't recognize some of the transactions on my card, I think someone must have gotten my card info and used it.",22
914,Can I use app to freeze account and dispute fraud?,22
915,"Someone has my card number, freeze my account.",22
916,"I see random purchases to my account, was it hacked?",22
917,How do I freeze my card using the app?,22
918,My card has been compromised,22
919,What should I do if I think that someone else may be using my card.,22
920,"The transactions showing up are strange, I think my card was used without me knowing.",22
921,"I'm not certain, but someone may be using my card.",22
922,How do I freeze my card? I think someone is using it to make a bunch of online transactions.,22
923,I think someone got my card details and used it because there are transactions i don't recognize. What do I do now?,22
924,Someone else used my card!,22
925,I believe someone is using my card without my agreement!,22
926,"If I feel someone has my card information, can I get a new card?",22
927,"There are a few transaction that I don't recognize, I think someone managed to get my card details and use it.",22
928,I think someone has access to my card numbers that shouldn't.,22
929,I think my child used my card while I wasn't home.,22
930,What do I do if I think someone managed to get my card information?,22
931,"Someone else is using my card, freeze it.",22
932,Do all ATMs take this card?,3
933,Which ATMs accept this card?,3
934,Is there a list of ATM machines?,3
935,Are there any specific ATMs that this card can be used at?,3
936,Which ATM's accept my card?,3
937,Which ATMs accept this placard ?,3
938,Help me locate the nearest ATM.,3
939,How can I find the nearest ATM?,3
940,What kind of ATM's can I use?,3
941,How can I withdraw money?,3
942,How many miles away is the ATM?,3
943,From where can I withdraw?,3
944,Which ATM's will accept my card?,3
945,At what ATMS am I able to use the card?,3
946,Can I use my card at any ATMs?,3
947,Can I get cash with this card anywhere?,3
948,Can someone please assist me with finding my nearest ATM?,3
949,Are there any ATM machines near me?,3
950,Where is the nearest bank machine?,3
951,What type of ATMs accept this card?,3
952,Where can I use this card at an ATM?,3
953,"If I have this card, which ATMs can I go to?",3
954,What ATMs can I withdraw money from?,3
955,"I want to withdraw money, where can I go?",3
956,What are the ATMs that will accept this card?,3
957,What ATMs will accept this type of card?,3
958,Where can I find an ATM to use this card?,3
959,At which ATMs can I use this card?,3
960,Do you know the closest ATM?,3
961,Can I use this card at an ATM?,3
962,Is there places where I can't withdraw money?,3
963,locations to withdraw money,3
964,Help me.  There is a Direct Debit that I didn't make.,28
965,I have a strange direct debit in my statement,28
966,I don't understand where this debit came from and want it removed.,28
967,what is this charge on my account,28
968,"im so mad right now. theres several charges that I think my x boyfriend made on my card. the companys on the website wouldn't refund me my money, they told me to contact my bank. DO something please.",28
969,someone stole my money,28
970,There's a Direct Debit payment in my account that I didn't make,28
971,I may have a fraud charge on my debit statement.,28
972,Weird charges are appearing in my debit account.,28
973,"Even though it's late, I wanted to see about disputing a charge. I was just looking through my transactions over the past couple of months and noticed a pretty large amount that was not completed by me. Is this possibly something I can still do.",28
974,"There was a transaction from two weeks ago from a business that I don't know. I'm fairly certain it wasn't me who made it, but is it an option to trace it to confirm?",28
975,There is a suspicious direct debit payment.,28
976,There is a transaction from my account that I don't recognize can you trace back the information so I can make sure it's something I did or not?,28
977,"A couple weeks ago some money was deducted from my account by some seller that I don't remember. I'm pretty sure I didn't do that, but is it possible to trace back who that is just to make sure?",28
978,I found a charge for a direct debit that was not made by me.,28
979,"I am seeing a weird payment showing up that I know I did not make, how can I get it cancelled?",28
980,why does the app show a direct debit payment that I did not authorize,28
981,It seems there is an incorrect listing of a direct debit payment on my app that I did not make,28
982,I don't think I made this charge on my debit statement.,28
983,I have a direct debit charge that I do not recognize,28
984,There's a direct debit on my account that I didn't authorize,28
985,I understand that this is extremely late. After going over my transactions for the last couple of months I noticed a large charge that I'm sure I did not make. Is there anyway I can still dispute this?,28
986,I am concerned about the security in my account and would like to make a dispute.,28
987,Why is there a direct debit I didn't make showing in the app?,28
988,There is a direct debit I do not recognise in my statement,28
989,Someone has taken my money and I don't know who,28
990,There's a direct debit I wish to dispute,28
991,What do I do if I forget my passcode?  Because I did.,44
992,I can't find my password,44
993,My passcode doesn't seem to be working,44
994,I lost my password,44
995,My password isn't being accepted and I need to reset it.,44
996,Something is wrong with my password.,44
997,"How do I reset a forgotten passcode, please?",44
998,I can't recall my passcode and need to reset it.,44
999,Can I be given a new passcode?,44
1000,I don't remember my code to get into the app.,44
1001,I no longer have my passcode.,44
1002,Can I resent my passcode?,44
1003,I need to reset my passcode. How do I do it?,44
1004,Help me reset the passcode.,44
1005,What should I do if the passcode doesn't work for me?,44
1006,"I do not remember the code, what should I do?",44
1007,I need help resetting my passcode to access my app.,44
1008,I have forgotten my password.,44
1009,Is there a way to reset my passcode?,44
1010,Can you help me reset my password?,44
1011,Can I reset my password?  I don't know what it is.,44
1012,How do I reset the passcode?,44
1013,What should I do if I forgot my passcode?,44
1014,Tell me how to reset the passcode.,44
1015,I don't have my access code for the app.,44
1016,Can you tell me what to do to reset my passcode?,44
1017,What is the code I need to get into the app?,44
1018,Can you tell me why you won't let me get my own money out of the money machine? I know I used the right PIN.,26
1019,My withdrawal was cancelled.,26
1020,This is very frustrating. I can't get my card to work on any ATM I try and I've tried 3 of them so far. What's going on? Can you please fix this issue immediately?,26
1021,Why was my ATM transaction cancelled?,26
1022,The ATM keeps declining my card. I tried at a couple different ATMs. Can you tell me if there's a problem with my account?,26
1023,I was at the ATM trying to made a withdraw and I was declined.,26
1024,The ATM didn't let me get any cash,26
1025,I want to know why I have been unable to withdrawn funds.,26
1026,"I need your help to check my account, please! My card keeps being declined at the ATM, and I've already tried two different ones!",26
1027,I tried to make a cash withdrawal and it was declined. Why did this happen?,26
1028,I can't get money out of the ATM,26
1029,I was declined when I tried to get cash.,26
1030,Why was I declined at the ATM today when I was trying to make a withdraw?,26
1031,My ATM transaction was unsuccessful.,26
1032,I tried to withdraw money but I was declined!,26
1033,The ATM keeps declining my card. I tried at two different ATMs. Can you tell me if there's an issue with my account?,26
1034,Why was my cash withdrawal declined?,26
1035,why couldn't I get cash in the ATM?,26
1036,The ATM isn't giving out any money.,26
1037,Why was I declined getting cash?,26
1038,I couldn't get cash at the atm,26
1039,"Oh my goodness, my card has been declined twice at ATM! I tried two different ATM, but each one declined my card! Can you tell me what's going on with my account?",26
1040,My cash withdrawl was declined why?,26
1041,The cash I tried to draw from the ATM was not approved.,26
1042,atm would not give me cash,26
1043,"My card payment is still on hold, why is it so?",45
1044,Why is my payment pending?,45
1045,My card payment is still pending.,45
1046,Why is my card payment showing as pending?,45
1047,Why has my payment not gone through?,45
1048,Please help me to know the status of my card payment as its pending since a while.,45
1049,"I recently made a payment, and it is showing up in my account as ""pending"". What does that mean?",45
1050,What does it mean by pending payment?,45
1051,I made this payment days ago so why hasn't it gone through yet?,45
1052,I am seeing pending from the card payment I made.,45
1053,My card payment is showing pending.,45
1054,I bought some stuff this morning but the payment shows as pending,45
1055,I am waiting for a payment to go through.,45
1056,What is a pending payment?,45
1057,Why is there a pending transaction on my card?,45
1058,Why is a payment showing up on my card as pending?,45
1059,what does pending mean?,45
1060,How long will this card payment stay pending?,45
1061,"I have waited 15 days, but my payment still hasn't cleared.",45
1062,Why would I have a pending payment?,45
1063,Why are my payments showing pending?,45
1064,"My card is still pending, I've been waiting a while.",45
1065,How long does it take for a payment to go thru? I made one a few days ago and it has not been cleared yet.,45
1066,How long does it take to authorise a payment?,45
1067,I had a payment that I made and it's been some amount of time and would like to know when it's suppose to go though.,45
1068,I have paid by my card but payment is still its coming as pending. I think there is some issue please check and let me know when the status will complete.,45
1069,I have a pending payment from stuff I bought this morning.,45
1070,My phone was stolen,42
1071,My phone was stolen yesterday.  What should I do?,42
1072,I think my phone is either lost or stolen.,42
1073,"If I was mugged and lost everything, how do I access my account and app?",42
1074,I've lost track of my phone or someone stole it.,42
1075,"I'm not sure where my phone is, I think someone stole it or it's lost.",42
1076,"lost my phone, dont want others to use it.",42
1077,I lost my phone and need help securing it.,42
1078,My phone was stolen so I no longer have access to the app.,42
1079,"left phone at hotel, how to access app",42
1080,My phone is not on me.  How can I use the app?,42
1081,my phone is gone,42
1082,My phone is not with me at the moment so I will not be able to access the app.,42
1083,my phone was taken! can you place cancel my account so no one uses it,42
1084,I lost my phone and would like to freeze my accounts.,42
1085,"lost phone, can i still access account?",42
1086,Someone stole my phone yesterday :( is there anything I need to do?,42
1087,"lost phone, dont want others to access account",42
1088,I believe I left my smartphone at the hotel I was staying at.,42
1089,Can I still use the app if I switched phones?,42
1090,I was mugged yesterday and they took everything.  I can't access my app.  What are my next steps?,42
1091,Someone stole my phone.,42
1092,My phone is lost.  What do I do to prevent someone from using the app?,42
1093,I lost my phone!,42
1094,How do I use the app if I don't have my phone with me?,42
1095,I got mugged yesterday and can't use the app.,42
1096,"My things were stolen yesterday and I can't use any apps or anything, so I am going to need some help.",42
1097,"Hello- It is urgent I get a refund on this product. The merchant has not been helpful, what can I do now to get this resolved ASAP?",52
1098,Can I receive a refund for my item?,52
1099,Get an item refund,52
1100,Would I be able to get a refund for something I bought?,52
1101,I need a refund on an item I have not received.  Am I able to simply cancel the payment?  I don't know how to do this.,52
1102,I would like a refund for something I bought,52
1103,I want to return an item.,52
1104,Can I have a refund?,52
1105,"I wasn't charged the correct amount for an item I purchased, how can I fix this?",52
1106,Hi there! I need to cancel an order I recently made and start processing a refund. Can you please help me with this and set up the refund as soon as possible? It's very urgent.,52
1107,How do I apply for a refund?,52
1108,Can I have an item refunded?,52
1109,"I ordered something ages ago online but it's simply not arriving. I've got enough! Give me back my money, I'm not paying these people.",52
1110,"I am unhappy with my purchase, how do I cancel the order?",52
1111,I bought something but now I would like a refund. How do I do that?,52
1112,How do I get refunded?,52
1113,Can you cancel my purchase?,52
1114,How do I cancel a previous purchase,52
1115,I would appreciate it if I could get an item refunded,52
1116,"I don't want the item, I bought it on accident, can I get a refund?",52
1117,I would like a refund on one of your products that has been sold to me,52
1118,I am not Happy with this product can i get a refund?,52
1119,I bought this item and was charged the wrong amount can I get a refund?,52
1120,I would like to cancel a payment. I purchased something several days ago and i still have not received it.,52
1121,What's the refund process?,52
1122,I want a refund for my purchase,52
1123,How can I process a refund for something I purchased?,52
1124,I need to cancel a purchase I made.,52
1125,I tried to make a transfer and it was declined. Why?,27
1126,Good morning. I tried to make a purchase with my credit card last night and again this morning. Both times it was declined. Can you investigate?,27
1127,I am getting continuous failure for all my transfers. I have cross checked each recipient detail again and again and everything is correct.,27
1128,What would make a decline message show up during a transfer?,27
1129,"How can I fix my card, it got declined twice.",27
1130,Why did a transfer get declined?,27
1131,My transfers are being declined. IT has always worked for me but now it's declining my card. I've tried several times.,27
1132,Why did my transfer decline,27
1133,The card got declined twice when I tried to use it to buy something online yesterday.,27
1134,"If the transfer details have already but reviewed and confirmed that they are correct, what other reason would cause my transfer to be declined?",27
1135,Why did I get a transfer declined?,27
1136,Why did my my transfer get declined?,27
1137,When I try and to buy something using my card it keeps getting declined.,27
1138,"When I submit a transfer, it is being declined.  The information I put in has been reviewed.",27
1139,My transfer got declined.,27
1140,My transfer was declined,27
1141,"I tired to move my money, but my transfer was declined.",27
1142,I would like to know why my transfer was declined.,27
1143,"I tried to make a transfer, but it was declined. Can you tell me why?",27
1144,Double check your funds may be declined,27
1145,I can't transfer money from my account.,27
1146,I tried to buy something online yesterday but it kept saying declined. Tried again today but same thing happened. What's broken?,27
1147,I tried to buy something online yesterday but it wouldn't stop saying declined. Tried again today but same thing happened. What's Broken?,27
1148,My card is being declined online. Could you tell me what might be broken or wrong with the account?,27
1149,Are there any restrictions causing my transfer to be declined?,27
1150,The refund isn't showing up on my account.,51
1151,My refund is missing from my statement.,51
1152,I was supposed to get a purchase refunded but I don't see the money in my account,51
1153,There's a refund missing from my statement,51
1154,"Help! I keep checking my account, but my refund is not showing. I requested that a seller refund my money a while back, but there is no money showing in my account. What can you do for me?",51
1155,Can you tell me why my refund is not showing in my statement?,51
1156,"I asked for a refund last week but nothing has happened yet, can you help me please?",51
1157,"Hi, As suggested by you, i have asked the seller to initiate the refund, it has been a week and i haven't received my money. Please advise.",51
1158,I bought something and returned it and the money from the return isn't in my account.,51
1159,Do you have any idea on when I will receive my refund? I got my statement and it was not there.,51
1160,Why isn't a recent refund on my statement?,51
1161,"i was supposed to get a refund but my balance hasn't changed, why not?",51
1162,I requested a refund from a merchant days ago but I do not see it in my account.,51
1163,The refund has not appeared in my account,51
1164,Did my refund go through? It's not on my statement.,51
1165,My statement doesn't show that a refund has processed,51
1166,I requested a refund from a store but it hasn't arrived.,51
1167,I still haven't seen a refund on my account,51
1168,I am missing a refund.,51
1169,My refund doesn't seem to be showing on my statement.,51
1170,I am not seeing a refund in my statement.,51
1171,Why can't I see a recent refund in my statement?,51
1172,"I did what you told me earlier and contacted the seller for a refund directly, but nothing is happening! It's been a week and I still haven't got anything. Please just give me back my money",51
1173,Why doesn't a return show up im my account from a purchase I made?,51
1174,I keep checking my bank statements but I don't see a refund that I've requested from a seller. Can you ensure that I receive the refund from the seller?,51
1175,"I am waiting patiently for a week now for the seller to get back to me and there has been no response, could you please help me further with getting my money back.  Thank you.",51
1176,I would like some help getting a refund back from a seller. It still isn't showing up on my statement and I requested this a long time ago. I'm not sure why it's not returned yet. Can you assist me in getting this money back?,51
1177,I should have received a refund however it is not showing on my statement,51
1178,My credit card was declined.,25
1179,The new card that was just sent to me was declined multiple times yesterday when I tried to use it at a restaurant to pay for my dinner.  I am really disappointed  and embarrassed that my card was denied when I tried to use it to pay for my friend's birthday dinner.,25
1180,Why did it decline my payment?,25
1181,Why was a transaction on my card declined?,25
1182,"My latest payment was declined, I was told everything was back to working order. What happened?",25
1183,I know I have enough funds in my account but my card payment hasn't worked for some reason. What do I do?,25
1184,Why doesn't the card payment work,25
1185,I'm really stuck. I don't know why but my card payment has not gone through.,25
1186,Do you know why my card payment did not work?,25
1187,Why are you declining my payment? Everything was fine.,25
1188,I don't know why my payment didn't work.,25
1189,My card was not accepted.,25
1190,"My card payment didn't work, can you help?",25
1191,"My card was rejected at the store for some reason, can you look into this for me?",25
1192,Please explain why my card was declined?,25
1193,"Hello, I am facing the issue with my new card as payments are declining again and again. Please help me in this issue.",25
1194,Do you know why my card payment is declined?,25
1195,Why was my Payment declined,25
1196,They declined my card payment.,25
1197,Why has my card payment been declined?,25
1198,My card payment did not complete.,25
1199,My card didn't work in one of the shops.,25
1200,Card payment declined?,25
1201,"I tried using my card and it kept getting declined, Why?",25
1202,How do you fix  my card payment?,25
1203,"I did transfer, why is it pending",48
1204,How long for money transfer to show?,48
1205,So the transfer finally worked but now it's been pending for quite a long time. How long do you expect me to wait for it? It's quite urgent,48
1206,I submitted my transfer but it has been pending for quite a while and I was wondering what takes so long? why hasn't it completed,48
1207,How long can an EU transfer take?,48
1208,My transfer is still coming up as pending.,48
1209,My transfer is still pending and I know the account numbers are correct.  Please help.,48
1210,How long does a transfer stay pending?,48
1211,How long do transfer pend for?,48
1212,"I double checked that I have the correct account details , they're right for sure. Transfer is still pending since forever. What should be done now?",48
1213,When will my transfer go through?,48
1214,What is the cause that the transfer shows as pending?,48
1215,When will the transfer be completed?,48
1216,"I would like to know why my payment is still pending, can you help?",48
1217,Someone transferred money to me and it doesn't show,48
1218,How long does a transfer take to be confirmed?,48
1219,I made a transfer 12 hours ago. Why is it still listed as pending?,48
1220,"Why does my transfer say ""pending""?",48
1221,For how long will my transfer be pending?,48
1222,My transfer hasn't gone through yet.,48
1223,How long does it take for a money transfer to show?,48
1224,Can you remove my account please?,55
1225,My account needs to be deleted.,55
1226,What steps do I need to take to close my account?,55
1227,I'm tired of all the problems I've had. I want to quit this account!,55
1228,Please delete my account right now!,55
1229,I want to close my account,55
1230,"unhappy with you, how to delete account",55
1231,I am highly unsatisfied with this company and want to delete my account!,55
1232,I don't like your company. Delete my account.,55
1233,I would like to close my account.,55
1234,This company is terrible! Can you delete my account?,55
1235,"please delete my account, your services are not up to par.",55
1236,Delete this account!,55
1237,How do I get rid of my account ASAP?,55
1238,Can you delete my account please?,55
1239,I am not satisfied with your company and would like to delete my accounts!,55
1240,Please terminate my account.,55
1241,I am sick of this damn company and want to close out my account.,55
1242,Please close my account. I am unsatisfied with your service.,55
1243,Please delete my account.,55
1244,"Your service is terrible,.  Delete my account,",55
1245,I want my account deleted!,55
1246,I am extremely unhappy with this app and want to get rid of my account?,55
1247,This company sucks! Can you delete my account?,55
1248,I wish to close my account. I do not like the service you provide.,55
1249,Can you help me get rid of my account?,55
1250,"I don't find your services useful anymore, how do I delete my account?",55
1251,"Please delete my account, this company is not working for me!",55
1252,I want to delete my account. I'm unhappy with the service you're providing.,55
1253,Can you tell me how to close my account?,55
1254,This company sucks! Can you terminate my account?,55
1255,"What do I do if an ATM ""stole"" my card?",18
1256,How do I retrieve my card from the machine?,18
1257,I was retrieving money and my card wouldn't remove.,18
1258,What do I do since the machine swallowed my card. I need one.,18
1259,I think the atm ate my card.,18
1260,How can I get my card out of the damn ATM?,18
1261,The atm won't give my card back!,18
1262,How can I get my card back out?,18
1263,The ATM machine stole my card.,18
1264,The ATM at Metro bank on High St. Kensington swallowed my card. How do I get it back?,18
1265,The ATM ate my card.,18
1266,The ATM won't give me my card back.,18
1267,My card was confiscated by an ATM. How do I get my card back?,18
1268,What do I do if the ATM ate my card?,18
1269,ATM still has my card,18
1270,What do I do if an ATM ate my card?,18
1271,What happens if the ATM doesn't give me back my card?,18
1272,I can't pull my card out of the ATM. Help me.,18
1273,Why would an ATM swallow my card?,18
1274,Help!  The atm won't give me my card back.,18
1275,The stupid machine just swallowed my card!! I need a new one ASAP,18
1276,"My card is stuck in the ATM, what can I do?",18
1277,"If my card is trapped in the ATM, what do I do?",18
1278,I was taking out funds and was unable to regain my card.,18
1279,What should I do with my atm that got stuck?,18
1280,The ATM at Metro bank on High St. Kensington didn't return my card. What should I do now that the bank is closed?,18
1281,The ATM won't give back my card,18
1282,I was at an ATM and it swallowed my card.,18
1283,What happens if my card is stuck in the ATM?,18
1284,I would like to know why I was charged twice for my purchase.,63
1285,Why is there more then one charge on my card I only paid for one not twice how can I fix this?,63
1286,I have a duplicate payment showing up on the app. How do I stop myself being charged for the thing twice?,63
1287,Why would I be charged more than once for the same transaction?,63
1288,I was wondering how I could have two charges for the same item happen more than once in a 7 day period. Is there anyway I could get this corrected asap.,63
1289,I have been charged twice,63
1290,It looks like this week I was double charged for a couple things. Is there any way that you can look into this for me and return the double charged items back to my card?,63
1291,I noticed after looking over my transactions that I have been charged twice from an earlier restaurant visit this week. Is it possible that one of these can be removed so I get the money back for the one that is not accurate?,63
1292,I see what looks like duplicate charges on account.,63
1293,Why was I charged multiple times for the same thing?,63
1294,I had a duplicate card and got charged twice. How do I resolve this?,63
1295,Hello. I checked my transactions and saw I was double charged on my card for a restaurant visit. I would like to get my money back.,63
1296,Transactions on my card look really weird. I've been charged twice for a couple things this week! Please check this and return the double charged ones.,63
1297,"More than one time this week, I have been charged more than once for the same transaction. Please correct the issue and refund the duplicate charges.",63
1298,A transaction is repeated several times on my account.,63
1299,My card has been charged two separate times for a single transaction.,63
1300,Why have I been charged twice for the same transaction?,63
1301,I see that I have been charged multiple times for the same transaction.,63
1302,I was double charged,63
1303,I have multiple charges on the same transaction.,63
1304,I have a transaction that shows several times,63
1305,I have a duplicate payment showing,63
1306,I made a payment that got charged twice instead of once.,63
1307,What are my remedies if I think I was charged twice for the same expense?,63
1308,Can I verify the source of my funds?,70
1309,I want information about the source of funds.,70
1310,where to funds come from,70
1311,I need to verify my source of funds,70
1312,I would like to see the source of my money.,70
1313,Why do you need all this information about my Source of Funds?,70
1314,My source of funds need verified.,70
1315,What information do you need to verify my Source of Funds?,70
1316,I need the source of my funds verified. How do I do this?,70
1317,Help me check where the funds came from.,70
1318,Where can I find the source of my available money?,70
1319,I have to verify the source of my funds,70
1320,I need to validate the source of my funds.,70
1321,Where are my funds coming from? I need to know.,70
1322,Where has my available money come from?,70
1323,Where can I see the source of my money?,70
1324,"what is source of my funds, need to verify",70
1325,Where do my funds come from?,70
1326,How can I see my source of funds?,70
1327,How do I become aware of where my funds come from?,70
1328,Where does all this money come from though?,70
1329,What is the number of days I have to wait for my Europe transfer?,67
1330,What is the wait time for a transfer from the US?,67
1331,I need a fast transfer from China?  How fast will it be?,67
1332,how soon will I see the transfer in my account?,67
1333,What is the fastest that I can make a transfer?,67
1334,how long dies it take for transfers to reflect on my balance,67
1335,"If I started the Bank transfer from Europe, how long will the process take to complete?",67
1336,How long until the money is in my account?,67
1337,When will a transfer reach my account?,67
1338,Will my transfer immediately show up in my account?,67
1339,"If I need to do a quick transfer from China, how long should I expect the transfer to take?",67
1340,When does the money get transferred to my account,67
1341,How long does it take for funds to come through the US to my account?,67
1342,How long is my Europe transfer wait?,67
1343,How long is the wait for a US transfer?,67
1344,How long does it take for a transfer?,67
1345,Approximately how long will an urgent transfer from China take?,67
1346,How long does it take to process transfers from Europe?,67
1347,How long does a funds transfer take from one back to another?,67
1348,What would the approximate delivery date be if I transferred something urgently to China?,67
1349,I have to transfer something to China as fast as I can. How long will it take to arrive in China?,67
1350,How long is it going to take for my funds to show in my account?,67
1351,"How long does a transfer take from the point it's sent, to the point it arrives in my account?",67
1352,How long will it take for the transfer to reach my account?,67
1353,There is an important thing from China that I need to transfer. Approximately how long will this take?,67
1354,How long does a transfer take from china?,67
1355,When will money be available in my account?,67
1356,My card payment was reverted.  Why?,53
1357,the app reverted my payment,53
1358,Why was my payment cancelled?,53
1359,My payment was reverted by the app,53
1360,Please explain to me the circumstances in which my card payment would be reverted?,53
1361,Why has my card payment been cancelled?,53
1362,I'm not sure why my account has been refunded a payment for an item I've already received about 2 weeks ago. Can you please tell me what is going on?,53
1363,My card is being declined for a purchase. I bought items before and the card worked. Do you know what the problem is?,53
1364,why did the app refuse to make an approved payment,53
1365,My credit card cancelled a payment for a purchase.,53
1366,Why was my payment reversed?,53
1367,I think my card payment had been return,53
1368,I was contacted by a seller with a message that they never received my money. I am 100% sure it was taken from my account so I definitely need this sorted out soon.,53
1369,what happens to the funds if a merchant refuses the payment,53
1370,Why has my card payment been reverted?,53
1371,"There must be an issue, why has my card been cancelled?",53
1372,My account shows the card payment cancelled.,53
1373,"I'm not sure why my card payment was cancelled, can you find out why?",53
1374,"Hi, I would like to file a claim for an inquiry. I am a frequent customer of the company in question and have never had any issue with my purchases, payments, or otherwise. However, the price deducted for an item I purchased a couple of weeks ago has been returned to my checking account. Was there an issue with my payment? The item has already been delivered to me.",53
1375,I did a payment but the app reverted it,53
1376,My transaction to pay for an item was returned to my account.,53
1377,Someone stopped my payment,53
1378,What kind of cash machines would allow me to change my PIN?,21
1379,Where do I change my PIN?,21
1380,Is the bank the only place I can change my PIN>,21
1381,How might  I change my PIN?,21
1382,I want to set a new PIN,21
1383,"I desperately need to change my PIN, but I'm overseas on vacation right now. How can I do this?",21
1384,Is there a location near me that i can change my PIN?,21
1385,I'd like to make a new PIN selection.,21
1386,How do I set a new pin?,21
1387,How do I update my PIN to a new number?,21
1388,I want to choose a different PIN.,21
1389,I would like to change my pin.,21
1390,I need to change my PIN. Can I do that at a cash machine?,21
1391,Do cash machines let me change my pin?,21
1392,How do I change my PIN?,21
1393,I need to change my PIN.,21
1394,May I receive a different card pin,21
1395,Help me set up a new PIN?,21
1396,Which cash machines will allow me to change my PIN?,21
1397,How do I update the PIN on my account?,21
1398,I need a new PIN.,21
1399,Please tell me which cash machines will allow me to change my pin.,21
1400,What steps do I need to take to change my card PIN?,21
1401,How can I change the PIN?  Do I have to go to a real bank?,21
1402,I've tried numerous times to submit a transfer of funds. Why isn't it going through?,7
1403,I've transferred money before without issue but now I am encountering an error stating that it isn't possible. Why is that?,7
1404,I am not able to do a transfer to an account,7
1405,I was unable to make a transfer to another account.,7
1406,I had a transfer blocked,7
1407,Why did I get a message saying that my transfer is not possible?  I have done this before no problem.  Please fix.,7
1408,I tried to transfer money but it said it wasn't possible? I've done this before and it worked why isn't it working now?,7
1409,Why can't I transfer to a beneficiary?,7
1410,Why isn't my transfer not going through? I keep getting an error message.,7
1411,What are the rules for transferring to a beneficiary?,7
1412,I have a cryptocurrency exchange that won't go through. Please help me process it.,7
1413,Why wasn't I able to transfer to another account?,7
1414,The money would not transfer to a beneficiary.,7
1415,Why did I receive an error message saying that my transfer was not possible?,7
1416,My transfer to beneficiary didn't go through,7
1417,I couldn't make a transfer to a beneficiary!,7
1418,"My beneficiary has been denied, is this normal?",7
1419,Why couldn't I do a transfer to a beneficiary?,7
1420,I want to transfer money to a beneficiery. Why can't I?,7
1421,Can you help with a transfer to an account,7
1422,why isnt my account allowing transfers,7
1423,"I want to buy cryptocurrency, but your app doesn't let me. Why?",7
1424,i tried to make a transfer to a beneficiary and it didn't go through,7
1425,Why was a transfer to an account not allowed?,7
1426,I was charged a fee for my transfer.,64
1427,Is there a reason I was charged a fee to transfer?,64
1428,What is the transfer fee charge?,64
1429,Why was I charged extra for transferring money?,64
1430,im not paying this transfer fee,64
1431,I am being charged a transfer fee aren't they free?,64
1432,Why am I being charged a fee for transferring money?,64
1433,Do charge fees for transfers?,64
1434,"Why did I get charged for something I bought online? Even though it was international, I thought it would be covered.",64
1435,I was charged more when I transferred!,64
1436,Is there a transfer fee?,64
1437,I'm not sure why I was charged an extra fee for transferring funds.,64
1438,"I thought transfers were free, why was I charged a fee?",64
1439,"My receipt shows an extra charge on my transfer, why is this?",64
1440,"I was charged a fee when making this transfer, and I don't think I should have been!",64
1441,"I sent out money, but was charged extra for transferring. Why?",64
1442,Why am I seeing a transfer fee?,64
1443,I need someone to alert me as to what's going on. I had transferred an amount but the receiver is saying that the amount is somewhat less than what I sent over. I now have to make another transfer to make up the difference.,64
1444,"I was charge a fee for my transfer, why?",64
1445,Is there supposed to be a fee for the transfer I made?,64
1446,In the past month I often used this account to manage payments for my new holiday villa. Now all of a sudden your fees have increased exorbitantly! Don't you have a rewards programme for frequent users?,64
1447,Why was I charged a fee for a transfer?,64
1448,What extra charges are there?,64
1449,I know that I am able to make transfers for free.  That was something that I valued.  After I bought something online from abroad I noticed that I got charged a fee?  What is this and can it be removed?,64
1450,I transferred money and was charged and want to know why.,64
1451,I was charged for something I didn't expect,64
1452,Can you explain the transfer fee to me?,64
1453,How can I get paid in a different currency?,50
1454,Can I receive my salary in a currency other than what it is deposited in?,50
1455,Can I get my salary through this?,50
1456,How can someone send me money?,50
1457,Do I need to choose GBP to get my salary deposited properly?,50
1458,"I get paid in GBP. Should I configure this and if so, where?",50
1459,How do people send me money?,50
1460,Is GBP a supported currency?,50
1461,Do I need to establish I am paid in GBP before a transfer?,50
1462,"Salary in GBP has been received, does it need to be configured elsewhere?",50
1463,How do i get my salary in the account?,50
1464,What are the ways for others to transfer me money?,50
1465,What different ways are there for someone to send me money?,50
1466,What do I need to do to transfer my paycheck to my account?,50
1467,How can my friend send me money?,50
1468,Can I directly transfer my salary onto here?,50
1469,Is it possible to deposit money in GBP?,50
1470,I received my salary in GBP. How do I change this to my currency?,50
1471,How can my friend transfer money to me?,50
1472,How do I deposit my paycheck to this account?,50
1473,Can I use this account to receive my salary?,50
1474,Can i deposit my salary to this account?,50
1475,How do I get my salary through this account?,50
1476,How do I get my paycheck through this?,50
1477,can I transfer my salary if it's in a different currency?,50
1478,Is my salary eligible for this?,50
1479,Can I get paid in another currency?,50
1480,Can I get my paycheck through here?,50
1481,dont understand why transfer failed,35
1482,My transfer didn't work,35
1483,Why was I not able to complete a transfer?,35
1484,Why did my transfer not go through?,35
1485,I could not get my transfer to happen correctly and was wondering why?,35
1486,how come my transfer didn't work,35
1487,"I transferred my funds, why did it not go through?",35
1488,Why did my transfer fail?,35
1489,My transfer will not go through.,35
1490,My transfer keeps failing and I just want to transfer the money can you please make it work?,35
1491,"The transfer keeps failing , I tried to transfer some money to friends this morning but it keeps getting rejected for some reason, Would you please check the issue ?",35
1492,What are your policies for card transfers?,35
1493,Is the system down? I've been trying to do a transfer and have failed?,35
1494,I tried to make a transfer but it failed,35
1495,My transfer appeared not to work.,35
1496,What is stopping my money from transferring?,35
1497,My attempted transfer failed.,35
1498,"I can not seem to make a successful transfer, can you tell me what I'm doing wrong?",35
1499,"Please help me as i am continuously facing the issue in transferring money to my friends, as all my transactions are getting failed.",35
1500,"I am trying to make a transfer and am unsuccessful, can you please tell me why?",35
1501,My transfer did not seem to work.,35
1502,Says my transfer can't be completed?,35
1503,I've attempted to do a very standard transfer and have tried 5 times at this point. Can you tell me what the issue is? Is the system down?,35
1504,Can you provide a reason as to why my transfer did not work?,35
1505,I tried to transfer money and it did not work.,35
1506,How do I go forth on transferring money into my account?,65
1507,I don't know what to do. Should I transfer funds. My account is out of money.,65
1508,How does tranferring money into my account work?,65
1509,I would like to transfer some money from my other bank account into this one.,65
1510,"When I want to transfer money to my account, how can I do that?",65
1511,I need to transfer funds into my account. How can I do this?,65
1512,What are the steps I follow to transfer money into my account?,65
1513,How can I transfer funds from my bank to my top up account?,65
1514,How can I transfer money from an outside bank?,65
1515,How can I fund my top-up account using my bank account?,65
1516,What methods can I use to add money to my account?,65
1517,"I need to bank account transfer from another account into this one, what is the easiest way that can be done, and what information do i need?",65
1518,How do I send my account money through transfer?,65
1519,How do I do an international transfer?,65
1520,Are there ways to transfer money into my account?,65
1521,How does a transfer work?,65
1522,I want to use bank transfer for topping up my account. How is it handled?,65
1523,I'm trying to transfer money into my account.,65
1524,I would like to transfer money from my other bank account into this one.,65
1525,Can I use a bank transfer to refill my account?,65
1526,What all is needed to verify the top-up card?,71
1527,It wants me to verify the top up. Why?,71
1528,Why do I have to verify the top-up that I started?,71
1529,Can you give me information about verification code?,71
1530,What are the benefits to verifying the top-up?,71
1531,Can I verify a top up?,71
1532,reason i need to verify top up,71
1533,Why do you need code verification for my top up?,71
1534,Is it possible to verify a top up?,71
1535,Why does the top-up need verification?,71
1536,Why does top-up need verifying?,71
1537,Is it necessary to verify my top up?,71
1538,Why am i to verify the top-ups?,71
1539,Where's the verification code for the top-up card?,71
1540,How do I find the verification code for my top-up card?,71
1541,Why do I have to verify the top-up?,71
1542,What is the verification code on a top-up?,71
1543,How is the top-up card verified?,71
1544,Is there a verification code for the top-up card?,71
1545,What is the importance of verifying the top-up?,71
1546,help me find the top-up card's verification code?,71
1547,The top-up verification code is missing,71
1548,How do I verify a top-up?,71
1549,I need help finding the verification code for my top-up card.,71
1550,Is there a verification code for top-ups?,71
1551,What is the necessity of verifying the top up?,71
1552,How many cards can I have for one account?,39
1553,I want to order another crad,39
1554,How can I get additional cards?,39
1555,Is there a fee for extra cards?,39
1556,I need some spare physical cards.,39
1557,I would like to receive a few more physical cards.,39
1558,Can I have a card after my first one?,39
1559,How would I go about getting a second card?,39
1560,Can I get a spare card for someone else to use?,39
1561,I need to get some more physical cards.,39
1562,"Would I be able to get another card for my account, so I could give one to my daughter?",39
1563,"My daughter would like a card as well, how can we make this happen?",39
1564,Can I give a second card to my daughter?,39
1565,Is there a fee for sending out more than one card?,39
1566,Can I order extra cards?,39
1567,Where can I get a second card?,39
1568,I need a few more physical cards.,39
1569,Can i have a second physical card for this account?,39
1570,May I have a second card?,39
1571,Can i have a card to my daughter?,39
1572,Are there restrictions for ordering extra cards?,39
1573,How can I get a second card for my daughter?,39
1574,Where do I request another card?,39
1575,Am I able to get a second card?,39
1576,"If you send me more cards, are there any charges?",39
1577,Is it possible to give a second card for this account to my daughter?,39
1578,"My child needs a card, how can I add them to the account I currently have?",39
1579,"my daughter needs a card, how do i add her?",39
1580,Can I top up by cheque?,58
1581,How do I top-up using cash?,58
1582,Is it possible to top up with cash? If so how do I do it?,58
1583,Can you help me find top up by cash deposit?,58
1584,Is there an option to top up a with cheque?,58
1585,I'm looking for the cash deposit top up option but can't find it. Can you help me?,58
1586,How do I top up my account with a cash payment?,58
1587,How do I pay by check?,58
1588,Can I add to my account balance with a cheque?,58
1589,What type of deposits do you accept into my account?,58
1590,Can I top up using a cheque?,58
1591,Can you top-up a card with a cheque?,58
1592,What locations can I top up with cash?,58
1593,"I want to top up using cash, where can I do that?",58
1594,is there a way to do top up with cash deposit,58
1595,Can I use cash to top up my account?,58
1596,How can I top up with cash?,58
1597,Will you accept a cheque to top up my account?,58
1598,How can I top up with this cheque I got?,58
1599,What methods can I use to top up my account?,58
1600,How do I deposit cash into my account?,58
1601,Why can't I top up with a cheque?,58
1602,Can I send a cheque to do my top ups?,58
1603,I want to do a cash top-up,58
1604,"I have a cheque here, can I use it to top off my account?",58
1605,I want to top-up using cash,58
1606,How can I top-up my card?,58
1607,Can I submit a check or cash payment?,58
1608,How do I receive my physical card,43
1609,I want a card. What is the procedure?,43
1610,What do you charge for physical cards?,43
1611,Where can I get my card at?,43
1612,price of physical card,43
1613,"Please, how do I order a card?",43
1614,Can I request a physical card?,43
1615,Is there a charge for physical cards,43
1616,Do you ship cards to where I live?,43
1617,Where can you deliver cards?,43
1618,Where are cards delivered to?,43
1619,Please tell me how to get a physical card.,43
1620,Is a non-electronic card available as well,43
1621,How much does it cost in fees to use your card?,43
1622,How do I get a physical card?,43
1623,What are the fees to get a physical card?,43
1624,What will I be charged for a physical card?,43
1625,What locations can a card be delivered to?,43
1626,"If I want a physical card, do I have to pay anything?",43
1627,Where can cards be delivered?,43
1628,I need a physical card.,43
1629,How do I get an actual card?,43
1630,My disposable virtual card doesn't seem to work,72
1631,My non-physical card will not work,72
1632,Are there restrictions for my disposable card since it does not seem to be working?,72
1633,I cannot use my disposable virtual card.,72
1634,Can I make multiple online transactions with my virtual card?,72
1635,Why can't I use my virtual card for subscription services?,72
1636,"For some reason, the virtual card won't work for me.",72
1637,How can I fix a problem where my virtual card is rejected?,72
1638,My virtual card isn't working. What do I do?,72
1639,Is there a trick to get the disposable virtual card to work?,72
1640,Why can't I get my virtual card to work?,72
1641,My card is just not working at this time.,72
1642,My disposable card seems not to be working am I doing something wrong?,72
1643,My payments from my virtual card keep getting rejected.,72
1644,My disposable virtual card is not working when I try to use it at a point of sale transaction. What do I do now?,72
1645,My transaction was just declined when I was using my disposable virtual card. What can I do?,72
1646,My disposable virtual card is not working,72
1647,How do I get my disposable virtual card to work?,72
1648,Tell me why my virtual disposable card won't work.,72
1649,I was trying to use my virtual card at a merchant and it was rejected. How can I fix this?,72
1650,How do I make my virtual card work?,72
1651,virtual card is not working for me,72
1652,I did not get the right amount of money when I used a different country's currency.,76
1653,I took out money from a transaction machine and it exchanged the wrong dollar value amount from another currency!,76
1654,Exchange rate for my cash withdrawal is wrong,76
1655,Hello. I'm on holiday and didn't bring any cash with me. I need to withdrawal my home currency from one of your machines. Do you have any that will do this and is there a charge?,76
1656,Why was the exchange rate wrong when I got cash,76
1657,I attempted to get money using a foreign currency at an ATM but the rate was highly inaccurate!,76
1658,A wrong exchange rate was applied to a transaction made abroad.,76
1659,The exchange rate you gave me for my cash withdrawal is wrong,76
1660,Is there a fee for exchanging cash?,76
1661,Why is the exchange rate so exorbitant? This should have been a much higher amount of cash for that to apply.,76
1662,Why was the exchange rate different when I withdrew my cash?,76
1663,"When I got cash, my exchange rate was wrong.",76
1664,I checked the exchange rate when I withdrew cash. But the actual rate that you applied was different.,76
1665,Can I make a withdraw if I am out of country from with out any fees at an ATM?,76
1666,I feel like too much money was taken during my currency exchange.,76
1667,There was an error in exchange rate for my cash withdrawal,76
1668,The conversion rate on the ATM that I used with foreign currency was wrong.,76
1669,My cash withdrawal charged me the wrong exchange rate,76
1670,I withdrew some cash out of the ATM over the holiday. It seems that I was charged some outrageous fees. I would not have done that had I been aware of these outrageous charges!,76
1671,Can you explain your exchange rate policy? I don't think I received the correct amount of cash in my ATM transaction.,76
1672,My ecchange rate was wrong for a cash transaction.,76
1673,I expected a higher exchange rate when I withdrew money. Can you tell me current exchange rates?,76
1674,I took out cash abroad and the exchange rate isn't correct.,76
1675,The cash withdrawal exchange rate is not correct.,76
1676,can i get a description of how to use a disposable virtual card,37
1677,Can I create a disposable virtual card?,37
1678,What can you tell me about getting a virtual disposable card?,37
1679,how do VR cards work,37
1680,I would like a temporary virtual card,37
1681,How do the disposable cards work?,37
1682,How do I use a disposable virtual card?,37
1683,Where's the best place to get a disposable virtual card?,37
1684,Can you explain the disposable cards to me?,37
1685,"Is there anyway, I can get a disposable virtual card?",37
1686,how secure is a disposable virtual card,37
1687,What do I do to get a disposable virtual card?,37
1688,Can you explain disposable cards?,37
1689,May I get a disposable virtual card as well?,37
1690,Can i get a single use virtual card,37
1691,how does a virtual card work,37
1692,What is the process of obtaining a disposable virtual card,37
1693,What does a disposable virtual card do?,37
1694,Is it possible to also get a disposable virtual card?,37
1695,"I need a disposable virtual card, how do I get one?",37
1696,How do disposable cards work?,37
1697,Is there a disposable virtual card I can order?,37
1698,Will I be able to get a disposable virtual card as well?,37
1699,Hello! I need to order a disposable virtual card. Where can I do that at?,37
1700,how many transactions can i make with a disposable card,37
1701,I have a top up that didn't go through.  Why?,59
1702,"So, I tried topping up my card for the today. Unfortunately, it failed. A couple of days back I used it and it works fine. Can you double check and tell me what's going on?",59
1703,please tell me why my top-up failed.,59
1704,I attempted to top up but the app denied it.,59
1705,How can I check to see if my top-up worked?,59
1706,My top up didn't work.,59
1707,My top up failed.,59
1708,Why would my topup not go through?,59
1709,Why did my top up not work?,59
1710,I need to know why my credit card was declined for top up? What is the deal here and why did it not go through?,59
1711,I topped up but the app did not accept it.,59
1712,My top up was denied in the app.,59
1713,Can you tell me if my pop-up went through?,59
1714,How did my top-up fail?,59
1715,"My top-up failed, WHY?",59
1716,What's the deal? My card was just denied for top up. Why is it not going through?,59
1717,I don't think my top up is working correctly,59
1718,The app won't let me top up my account,59
1719,I'm not sure why my top up request was denied,59
1720,Problems with top up,59
1721,"I really need money from my card today, but my card is getting declined. Please help!!",59
1722,How do I know if my top up was unsuccessful?,59
1723,why isnt top up working,59
1724,I made a transfer a few hours ago from a UK banking account.  I do not yet see the transfer.  Please check on this for me.,5
1725,the balance on my account didnt change when i transferred money,5
1726,Why didn't my balance change after I transferred some money?,5
1727,When will my balance update after a transfer?,5
1728,How long does it take for an international transfer into my account?,5
1729,The amount of time that transfers usually take from a UK account is what?I just completed a transfer and it is not showing up at all. I'm wondering at this point if everything is actually okay.,5
1730,When will my transfer be available in my account.,5
1731,I just completed a bank transfer and the balance didn't update,5
1732,I transferred some money but I think it has gotten lost somewhere.,5
1733,How long does a UK transfer take?,5
1734,Hello I made a bank transfer couple hours ago from my UK account but it doesn't show up yet. Can you please check if everything is alright with it?,5
1735,I made a transfer and am still waiting.,5
1736,I made an out of country transfer and it hasn't went through yet.,5
1737,"After the transfer, the balance did not update.",5
1738,"Could you please check one of my transfer which i made few hours ago from my UK bank account, as its not showing yet.",5
1739,I had cash transferred but the balance did not change.,5
1740,I can't see my latest bank transfer,5
1741,Why don't I have my transfer?,5
1742,The  money I transferred does not show in the balance.,5
1743,My transfer is pending.,5
1744,"Hey, I try to make a bank transfer from my UK account a few hours ago, but it haven't show up yet. Please check my account to make sure everything alright with it?",5
1745,Where is my transfer from [country]?,5
1746,I made a bank transfer and my account balance did not show it.,5
1747,Where is my money? I transfered it and it isn't in my account.,5
1748,I need to know the time frame that is typical for a transfer from a UK account. I just made a transfer and it doesn't appear. I want to make sure everything is okay.,5
1749,Why doesn't my balance reflect my transfer,5
1750,When will I see my new balance after making my bank transfer?,5
1751,Think someone has took money out with my card. What shall I do?,20
1752,There is a withdrawal that isn't mind in the app.,20
1753,I just lost my wallet and I see that they are already withdrawing money from my account. How can I stop this?,20
1754,"I didn't get cash from an ATM, but the app says I did",20
1755,My app shows some cash I didn't get.,20
1756,Why is there a random withdrawal in my app?,20
1757,There is a suspicious cash withdraw on the account.,20
1758,"I didn't get cash from an ATM, but according to the app a transaction was made when i didn't make it.",20
1759,The app said I withdrew cash at an ATM and I didn't,20
1760,I see a cash withdrawal that I did not perform.,20
1761,I checked the app and saw an extra cash withdrawal that I didn't authorize,20
1762,I have a strange cash withdrawal in my statement,20
1763,i think someone is using my card to withdraw money. Someone stole my wallet. What can I do? it is urgent.,20
1764,I am seeing in the App a some cash withdrawal that its not mine,20
1765,"It looks like someone else withdrew cash from my account, can you help?",20
1766,Some cash is showing up in my app that I did not get.,20
1767,I need to cancel my card that got stolen a little while ago. Someone has already taken some money out and I don't want them to take anymore. Can you please do that?,20
1768,How do I cancel my card? There are charges on my account that I didn't make.,20
1769,"There is an error, the app says I made an ATM withdrawal and I didn't.",20
1770,"Can anyone help me, I lost my wallet and they've started withdrawing from my account.",20
1771,I don't recognise a cash withdrawal,20
1772,There is a cash withdrawal transaction that I am unsure of.,20
1773,I didn't take out money from an ATM but my app statement shows that I did. How can I fix this?,20
1774,There is a problem with my card. Somebody has removed money from my account in a town I haven't been to. Can you please freeze my account immediately?,20
1775,There is an ATM withdrawl in the app I don't recognize.,20
1776,A cash withdrawal is showing up that I didn't do.,20
1777,Is there an exchange fee?,31
1778,whats your exchange rate,31
1779,What are your currency exchange fees?,31
1780,Where do I find the exchange rate?,31
1781,How much does it cost to exchange currencies?,31
1782,whats the exchange charge,31
1783,Is there any discount for someone that exchanges currencies frequently?,31
1784,Do I have to pay for exchanging currencies?,31
1785,Does it cost extra to exchange currencies?,31
1786,Is there a fee for exchanging foreign currencies?,31
1787,Will I be charged a fee for exchanging foreign currencies?,31
1788,"How much is a cross currency exchange, and can I check to see if I have any discounts available?",31
1789,Do you offer a discount on multiple currency exchanges?,31
1790,How much do I have to pay for the exchange fee?,31
1791,"If I want to exchange currency, will there be extras?",31
1792,If I need to exchange currency is there an extra fee?,31
1793,Would I be charged for exchanging currencies?,31
1794,Are there any extra hidden fees for exchanging currencies?,31
1795,"When I travel, what will it cost to switch for my currency?",31
1796,How much will I pay to exchange foreign currency?,31
1797,Does it cost money for currency exchange services?,31
1798,Is there a discount for frequently exchanging currencies?,31
1799,Will it cost more money if my currency needs to be exchanged?,31
1800,"I would like to exchange currencies, but is there an extra charge to do so?",31
1801,Does it cost anything for exchanges?,31
1802,Can I exchange money from abroad without additional costs?,31
1803,Is there a fee for using a European bank card to top up?,57
1804,Any hidden fees associated with the international card if money is added?,57
1805,Will I get charged for topping off my card?,57
1806,Are there charges for topping up US cards?,57
1807,Are there fees for top ups?,57
1808,What are the charges for US cards with top up.,57
1809,In exchange for top ups will you take fees?,57
1810,What are the top-up fees?,57
1811,How much can I expect to pay to top up a US card?,57
1812,Will there be any extra fees for European bank card for top up?,57
1813,Will I be charged for topping up by card?,57
1814,Is there a fee for topping up,57
1815,What do you charge for top ups?,57
1816,Will it cost anything to top up a US card?,57
1817,Are there fees for adding money using an international card,57
1818,"When using a US card, what is the cost for a top up/off?",57
1819,"I need to use a European card for a top up, what will the charge be?",57
1820,Any fee for topping up?,57
1821,Are there any fees for top ups?,57
1822,Is there a charge or discount if I use a European bank in a top up?,57
1823,Is their a fee for top ups?,57
1824,Can I top up using an international card,57
1825,What are the fees for top ups?,57
1826,What are the top up charges for US cards?,57
1827,Could you please activate my card,0
1828,I need to activate my card can you do that now?,0
1829,What do I need to do to activate my new card?,0
1830,How can I activate my card so I can start using it?,0
1831,How long will it take to activate my new card?,0
1832,"I received my new card, how is it activated?",0
1833,How do I activate a card I received?,0
1834,Why can't I activate my card?,0
1835,WHAT CAN I DO AFTER THE CARD MISSING,0
1836,I got my new card where do I go to activate it?,0
1837,I need help activating my new card.,0
1838,how to activate card?,0
1839,I tried activating my bill of fare and it didn't workplace,0
1840,"I just got my card and want to use it, how do I activate my card?",0
1841,Assist me please with card activation.,0
1842,I need help with activating my card,0
1843,How can I start using my card?,0
1844,Activating my card,0
1845,When will my card be activated?,0
1846,How can I activate my card>,0
1847,What are the steps in order to activate my new card?,0
1848,How do I go about activating my new card?,0
1849,What is the process for activating my card?,0
1850,What are the steps to activating a new card?,0
1851,How do I activate a new card?,0
1852,I just got this card & I don't know how to activate it.,0
1853,I got my new card. How do I activate it?,0
1854,What do I need to do to activate my card?,0
1855,I see some fees for cash withdraw.,19
1856,How come I was charged extra when I withdrew cash?,19
1857,Why am I being charged when I withdraw cash?,19
1858,What is this charge on my account for a cash withdrawl?,19
1859,Why are fees charged on cash withdrawals? I went to withdraw some money earlier today after shopping. There's a fee that wasn't there before.,19
1860,"How come you charge for cash withdrawals? I withdrew cash after buying groceries today, and there seems to be a new fee",19
1861,It looks like I was charged a withdrawal fee for going to my ATM. Why is that because I haven't been charged previously for doing so?,19
1862,"Do ATM cash withdrawals carry a charge now? They've been free in the past, but all of a sudden I have to pay to make ATM withdrawals?",19
1863,Why was I charged a fee for withdrawing cash?,19
1864,"Hi, I am calling about a recent transaction that has happened on my account.  I recently went to the ATM, and tried to make a withdrawal on my account.  I just happened to check my transaction slip and noticed a fee for my withdrawal.  How can I resolve this, I didn't know fees were charged for this type of action.",19
1865,A fee was charged for my recent withdrawal.,19
1866,I got a fee for an ATM withdrawal.,19
1867,Is there a fee for withdrawing cash?,19
1868,"I've notice I was charged for withdrawing cash, can you explain why?",19
1869,Why was my account charged for using an ATM?,19
1870,Why is there a charge on my account for taking out cash?,19
1871,An ATM fee was attached to my recent withdrawal.,19
1872,I thought cash withdrawals didn't have a fee,19
1873,Why did I get charged a fee when I tried to obtain cash?,19
1874,Using an ATM caused me to incur an additional fee. Why?,19
1875,Is there a limit on how much I can withdraw from my account without being charged?,19
1876,"More fees, this time for withdrawing my own cash. Why are you robbing me?",19
1877,I have never been charged a fee for cash withdrawal before. When did that change?,19
1878,I was charged for a cash withdrawal.,19
1879,Why did you charge me for a cash withdrawal?,19
1880,Was charged an ATM fee despite it being a small withdrawal on the 1st day of the month. I thought I was allowed 200 per month?,19
1881,I had a wrong fee charged at this ATM.,19
1882,"When I got cash, I'm pretty sure there was a glitch that overcharged me.",19
1883,Am I able to order a new card and have it sent to me in China?,9
1884,What do I do when my card expires?,9
1885,The expiration date on my card is coming up,9
1886,"My card's expiring, what happens now?",9
1887,how long and how much does it cost for new card,9
1888,What do I do if my card is expiring soon?,9
1889,How much does it cost to get a new card?  Mine is almost expired.  How fast does it come?,9
1890,"Since my card is about to expire, what do I do to get a new one?",9
1891,My card is about to expire and I need to know how much it costs and how long it takes to get a new one.,9
1892,When my card expires do you send a new card?,9
1893,What is the next step if my card is about to expire.,9
1894,"Once my card expires, what should I do?",9
1895,"I need a new card, my current card is nearly expired.",9
1896,"It appears my card expires next month, can I order a new one?",9
1897,What do I do when my card is about to expire?,9
1898,"I will need to get a new card soon, how do I order?",9
1899,going to need a new card what are the fees and time it takes,9
1900,Will I need to order a new card since mine expires next month?,9
1901,Do you have to order a new card before your current card expires?,9
1902,The expiration date of my card is approaching .,9
1903,"How can I get a new card ASAP to replace an old, soon to expire one?",9
1904,My card is about to expire.,9
1905,"My card is expiring shortly.  How much will it cost for a replacement, and how soon can I get it?",9
1906,What would the price be for an expired card replacement and how long will it take me to get it?,9
1907,"in china, need new card",9
1908,"If my card is about to expire, do I need to order a new one?",9
1909,My card is about to expire. How do I get a new one?,9
1910,Is the top up feature available on the Apple Watch?,2
1911,Can I use the system Google Pay for top-ups?,2
1912,My top-up for Google Pay isn't working,2
1913,Can I add money with Apple Pay?,2
1914,How can I top up my Google Pay?,2
1915,Does Google Play have an app to Top up?,2
1916,"I received my American Express card, but I am having problems making it work with Apple pay.  Can you help me with this problem?",2
1917,is apple pay eligible for top up,2
1918,Why can't I use my American Express with Apple Pay to top up my account?,2
1919,how do i add money with my apple watch,2
1920,"My American express is experiencing a problem with apple play with top up, can you fix it?",2
1921,Is Apple Pay a possible top up option?,2
1922,Can I top up from my Apple Watch?,2
1923,is apple pay costly?,2
1924,How can I top up with Google Pay?,2
1925,I can't top up my account using my American Express with Apple Pay.,2
1926,I got my American Express in Apple Bay but top up is not working,2
1927,Is it possible to use Apple Pay to put money in my account?,2
1928,How can I top-ff my account using my Apple Watch?,2
1929,can google pay be used to make a top-up,2
1930,How do I get the Top Up feature on my apple watch working?,2
1931,How do I troubleshoot Google pay top up?,2
1932,How do I use the top up app with my apple watch?,2
1933,"Google pay and top up, I want it, can I get it?",2
1934,What can I use to verify my identify?,69
1935,"I need to verify my identity, but how do I do that?",69
1936,What is needed to prove my identity?,69
1937,Is there a specific type you need for identity verification?,69
1938,Are there any documents needed for the identity check?,69
1939,What do I need to verify my identity,69
1940,What's the process for ID verification?,69
1941,Let me know the steps for the identity checks,69
1942,How does my identity get verified?,69
1943,What things do I need to verify my identity?,69
1944,What steps do I take to verify my identity?,69
1945,do the details of my profile have to match my documents,69
1946,Where do I verify my identity?,69
1947,which kind of documentation do I need for identity check?,69
1948,How do I go forth on verifying my identity?,69
1949,What can I do to verify my identity?,69
1950,What will I need for identity verification?,69
1951,Is there any way to verify who I am?,69
1952,Is there any documentation needed for the identity check?,69
1953,What do I do for the identity check?,69
1954,What do I need to do to verify my identity?,69
1955,I live in the US but want to get a card,24
1956,Are your cards available in Europe?,24
1957,What countries are supported?,24
1958,i live in the US can i still get a card?,24
1959,Can I get a card outside the UK?,24
1960,"I'm not in the UK, can I still get a card?",24
1961,"I'm not in the UK, is it possible for me to still get a card?",24
1962,Now that I live in the US how can I get a card?,24
1963,Can I get a card despite the fact I'm not in the UK?,24
1964,Do you support the EU?,24
1965,how do i get a card if i am in the usa,24
1966,Is my country supported,24
1967,From what countries can I use this product?,24
1968,Where can I find your locations?,24
1969,Can I get a card even if I live outside the UK?,24
1970,"I am from the EU, can I sign up?",24
1971,"I would like to receive and use the card in Europe, is that possible?",24
1972,What locations are you in?,24
1973,Do you have a list of countries you operate in?,24
1974,What countries do you currently do business in?,24
1975,"I'm not in the UK, can I get a card?",24
1976,What countries do you do business in?,24
1977,What are the countries you operate in.,24
1978,Can the card be mailed and used in Europe?,24
