doc_idx,text,true_label
0,roll a four sided die for me,0
1,i need for you to get me the status of my american airlines flight,1
2,please make sure the alarm is set,2
3,i need a thai food suggestion,3
4,find out if there's a new credit card that suits me,4
5,my account at the bank needs to be frozen,5
6,can i call you arnold instead,6
7,ya,7
8,when do i have to get the mmr,-1
9,place an order for my whole shopping list,8
10,i must know who programmed you,9
11,as my visa got a high enough limit on it,10
12,has the market been up or down since the beginning of this year,-1
13,ac temperature is at what,11
14,do i have enough gas in my tank to make it to washington dc,12
15,how fast am i going,-1
16,look up how to apply cream to smooth itchiness,-1
17,go and check the fridge,-1
18,what's the preparation time for this dish,13
19,can you see a hdmi cord,-1
20,let me know the date tomorrow,14
21,tell me a joke about the topic of mice,15
22,will i be charged a transaction fee on my discover card in cuba,16
23,is there meaning in life,17
24,i can't say for certain either way,18
25,revert to the original configuration,19
26,how long should i boil eggs,13
27,how many steps have i taken today,-1
28,dial her up,20
29,what's the status of my virgin airlines flight,1
30,can you find me a pork recipe,21
31,what's the current prevailing interest rate for mortgages in my area,-1
32,which hospital is nearest to me,22
33,i need you to tell me the credit limit for my republic bank card,10
34,i was wondering what my credit score is,23
35,do i spend too much on beer,24
36,what's the best type of plan to upgrade to,-1
37,what is appropriate to spend on a bouquet of flowers for mother's day,-1
38,what are some of the most visited countries for people looking to travel abroad,-1
39,what makes pi so mathematically important,-1
40,how would i replace my oil and what sort of oil should i use,25
41,"i want some nike's, is there enough in my wells fargo account",26
42,what is the title of the song we're listening to right now,27
43,i need to know the name that you have for me,28
44,is grocery shopping on my reminders list,29
45,are there transaction fees in cuba for using my discover card,16
46,please let me know what is on my shopping list,30
47,does applebees have good reviews,31
48,how are the reviews for tacos at the buffet,31
49,your factory settings need to be reset,19
50,what would be the best way to deal with lost luggage,32
51,define discontent,33
52,that's wrong,34
53,what does water taste like,-1
54,which subjects are you the most experienced with,35
55,so i have any vacation days left,36
56,what is a british pound worth in mexican pesos,37
57,i need to know how many pounds are in 10 kilos,38
58,i would like to know where i can find my w2 for tax reasons,39
59,pay $175 on my visa,40
60,i gotta cancel my reservation for barry at red robin,41
61,switch whisper mode off,42
62,where can i find when my car payment bill is due,43
63,ai throw the dice on the table,0
64,give me a coin toss result,44
65,could you tell me how to set up direct deposit for my check from work at nations bank,45
66,i need to rent a car for may 3rd to may 5th in indianapolis and i'd like a mercedes,46
67,how is the weather looking in seattle,47
68,where is the nearest fry's,22
69,turn on the microwave for 3 minutes,11
70,recite the items i'm planning to purchase,30
71,what is the next date for which i can get an oil change appointment,48
72,i want to know if my credit card application has been processed,49
73,when is my meeting with infrastructure,50
74,make sure to put eggs on the grocery list,51
75,turn up your speaker volume,52
76,z uses which type of plug,53
77,can you tell me today's headlines pleasei,-1
78,when was the gold rush,-1
79,get me a list of divorce attorneys in the new york area,-1
80,how much have i spent on video games recently,24
81,what is the last time the living room was vacuumed,-1
82,will you schedule a conference room for thursday at 4:00,54
83,is my card's apr a decent rate,55
84,is my computer free from viruses,-1
85,i need a hotel in phoenix near chase field from january 4th to the 8th,56
86,what do i need to do to get my car jump started,57
87,"if i use my card in x, will there be a charge",16
88,i need to find a black suit under $100,-1
89,can you find me sheet music for the beatles white album online,-1
90,are the reviews ned get's good,31
91,is there any news if my parents survived the crash,-1
92,can people safely travel to cambodia,58
93,i do not actually need my reservation anymore,41
94,how long until my water bill is due,43
95,i would love to get a new credit card,4
96,can you unlock my bank account,59
97,could someone look at my check engine light that's on,48
98,can you tell me how to transfer my 401k,60
99,i have some charges on my account from old navy that aren't mine,61
100,did i put grocery shopping on my todo list,62
101,what's the extended zipcode for my address,-1
102,can i get the interest rate for my checking account,63
103,what was my recent transaction on my visa card,64
104,will it be ok to sub turkey for beef,65
105,are there any required shots to travel to astana,66
106,pay my utility bill from my bank account,40
107,what is the best way to remove this appointment,67
108,what is the miles per gallon,68
109,both could be,18
110,whats the combined total of the money inside my bank accounts,26
111,may i increase my credit limit by 500 dollars,69
112,i want to know how many days off are listed on my time off sheet that i have taken this year,70
113,"ai, call me deb",71
114,can my credit limit be increased by 500 dollars,69
115,your speech slower it,72
116,what's the average time to boston when riding a bus,73
117,when is my meeting with invoicing scheduled,50
118,give me a summary of today's meetings,50
119,"what's my car's mpg, please",68
120,"denver's timezone is a mystery, i wonder where its located",74
121,switch voice option to female,75
122,how long do i boil eggs,13
123,the intake of calories it it bad,76
124,give me some feedback about the pasta at piada please,31
125,"yes, ai, that is correct",7
126,what kind of traffic can i expect at 9:00 on the route to detroit,77
127,what interest rate am i getting from nfcu,63
128,report outage to my electric provider,-1
129,what are the benefits associated with my insurance,78
130,thank you goodbye,79
131,what do i go by,28
132,are there restrictions for carrying lighters in my backpack on a plane,80
133,do you know what is for dinner,3
134,how do they filter pollutants out of bottled water,-1
135,what do i need to do to get that tax form thing from my job,39
136,can i get this car's mpg,68
137,whats the name of the person who made you,9
138,can you dim the brightness of my screen,-1
139,when should i get my oil changed,81
140,what rating do the critics give the french laundry,31
141,yes is my answer,7
142,mickey mouse is a huge part of disney,-1
143,did someone who is unauthorized try to get into my bank account,59
144,i would like to know the mpg of my car,68
145,do you prefer cats or dogs more,82
146,"text dave, i'll be there soon",83
147,turn the oven to 350,11
148,how many years do you need to be in the army to get a college tuition,-1
149,set an alarm for ten tomorrow,2
150,help me get my w-2 form,39
151,will this recipe still be good if i use milk instead of eggs,65
152,can you verify my recent visa card transaction,64
153,which came first; greek mythology or roman mythology,-1
154,i think there's a fraudulent charge from mcdonald's on my account,61
155,what are the current prices for mushrooms,-1
156,i wish to cancel my reservation for fred at red robin,41
157,show allison how to get to me,84
158,put a block on bank of amerian immediately,5
159,get me a flight from barcelona to paris from jet blue,85
160,"""which could be improve the credit score",86
161,just stop talking,87
162,please inform my bank i'll be vacationing in the bahamas in a couple of days,88
163,"please flip a coin, i choose heads!",44
164,tell me my routing number,89
165,i would like to know some of your hobbies,90
166,how long is the school year,-1
167,what is my income this year,91
168,what was the date of my last oil change,92
169,when will microsoft drop support for windows 7,-1
170,where does jiu jitsu originate,-1
171,tell me fun facts on science topics,93
172,would you be able to freeze my bank account,5
173,what year was the first airplane built in,-1
174,set a timer to go off in 1 hour,94
175,inform me on what my credit card's apr is,55
176,remind me of the last date that i got my car checked,92
177,can someone look at my check engine light,48
178,tell me how long until the nascar race begins,-1
179,how many mexican pesos is a us dollar worth,37
180,what is the most amount of time that is considered safe to store uncooked chicken in the fridge,95
181,can someone tell me why my check engine light is on,48
182,that's incorrect,34
183,what do i currently have on my shopping list,30
184,i'm going to need to book an uber to universal studios,96
185,what is my visa credit limit,10
186,how can i claim my rewards for my visa card,97
187,please help me to know what type of things you can help me with,35
188,absolutely,7
189,how do i get help with a vacation itinerary,98
190,i need to know the price of my car payment and insurance please,99
191,what ingredients are necessary to make spaghetti carbonara,100
192,what is the calorie content in potatoes,76
193,how do i use my microwaves defrost,-1
194,please tell me the types of pets you have,82
195,"great, thanks!",101
196,help to turn on whisper mode,42
197,how to i change the policy on my insurace,102
198,can you do a coin flip for me ai,44
199,what are people saying about chick-fil-a's chicken nuggets,31
200,is there another person that controls you,103
201,did my vacation get approval,104
202,i want to only use the whisper sound,42
203,find out when green book was created,-1
204,what month does my credit card expire,105
205,close all internet tabs,-1
206,can you speak louder,52
207,does centurytel offer any better plans than the one i'm on,-1
208,"if you were traveling to indonesia, as i am, would you have your shots updated before your visit",66
209,speak louder please,52
210,what supplies do i need to clean my car,-1
211,tell me what to call you,106
212,call my name,28
213,are there any sales on liquor,-1
214,can you set a reminder alarm for me to workout,107
215,when is the next full moon,-1
216,was einstein right to be scared of spooky action at a distance,-1
217,check how busy cheesecake factory is,108
218,do you have a name for me,28
219,call my bank and ask them why my account is frozen,59
220,how many days off have i taken until right now,70
221,please tell me how to go about reporting a lost card,109
222,can you find any good places in cleveland that serve clams,110
223,i want to hear a joke about elephants,15
224,i need to bring my car in because the check engine light is staying lit,48
225,would you know where to find my phone,111
226,how does one go about putting in a vacation request,98
227,how do i redeem my visa points,97
228,how many holidays are there and when is the next one here,112
229,i want to start calling you owen,6
230,i am grateful for the help,101
231,how much sugar was in my urine this morning,-1
232,what is the la's time zone,74
233,is it alright to switch applesauce for oil,65
234,"to 350, set the oven",11
235,is it possible to talk to you in mandarin,113
236,i want help to transfer my 401k,60
237,"do you think my shots would be needed, before traveling to columbia",66
238,when does the jerky expire,95
239,"hi, how are you",114
240,give me the date that i last got my car checked,92
241,what's the most practiced form of mma in the world,-1
242,can you repeat that,115
243,timezone currently in mobile,74
244,are there reservation for joe and will,116
245,how many days of vacation do i have left,36
246,what is the timezone for new york,74
247,how's the weather in seattle,47
248,i'm leaving for montreal tomorrow and need to let my bank know,88
249,your birthday please,117
250,please return to default settings,19
251,i need to know how busy denny's is at 6 am,108
252,milk should be added to my shopping list,51
253,bob is my name now,71
254,what is the median salary for someone with an engineering degree,-1
255,remove fencing from my calendar for may 7th,67
256,can a robot really travel back in time,-1
257,i want to buy some nintendo switch game,-1
258,what is needed to cook lasagna,100
259,can you tell me how to set up direct deposit,45
260,text laura i'll be late for dinner,83
261,for the holidays when is the next one we do here,112
262,please set the oven to 350 f,11
263,can you tell me the traffic situation from philadelphia to the new jersey turnpike,77
264,tell me the date 5 days from now,14
265,what is my car's mpg,68
266,send information on flood clean up to my phone,-1
267,do i have enough gas to get home,12
268,cancel my reservation for bob at red robin,41
269,i wanna know who programmed you,9
270,what is 300 divided by 42,118
271,"yes, that is factual",7
272,cancel event scheduled for this afternoon,67
273,how do you fix a leaking sink,-1
274,find articles on essay writing for beginners,-1
275,please confirm that i have a reservation for march 1st at 7,116
276,what subjects or areas are you familiar with,35
277,goodbye,79
278,what are the weather conditions like in seattle,47
279,what is the largest transaction i have made on video games this month,64
280,what is the calorie content in spaghetti,76
281,how much ram does my computer have,-1
282,my account shows a transaction that i didn't make from foot locker,61
283,share my location with this person,84
284,can you give me a meal suggestion from the south,3
285,is it payday,119
286,how do you convert kilos to pounds,38
287,"flip a coin, heads",44
288,how many people were killed in the boston marathon by bombers,-1
289,that is so false,34
290,find me a recipe for chili,21
291,will you please go on amazon so i can buy speakers,8
292,"will you guide me through the process to jump start my car, please",57
293,can you confirm the reservation at fleming's for jane,116
294,please put dusting on my list of things to do,120
295,how long until my next oil change,81
296,i think my luggage has been misplaced,32
297,show what i have spent things on,64
298,what are some good resources to learn about mental illness,-1
299,what kind of things do i have to do today,62
300,i'm going to brazil soon and want to let my bank now,88
301,who is the one that made you,9
302,check meeting rooms available between one and three pm,54
303,can you look at what the oldest age is someone can enlist in the army,-1
304,where were you thought of,121
305,i want you to change your accent,75
306,make an immediate transfer of ten thousand from money market to checking,122
307,can you place an order for the olive oil i just finished,8
308,what are some good methods of relieving stress,-1
309,can you turn up the volume for your speaker,52
310,can i sub bacon for ham,65
311,i wanna know my car's tire pressure,123
312,let me cash my credit rewards,97
313,may i finish washing then i give you please,-1
314,i have to pay my water bill but need help doing it,40
315,"i don't know how to spell apoplectic, can you tell me",124
316,i'd like more checkbooks mailed to me,125
317,how many weeks of vacation time have i earned,36
318,what day it today,14
319,would you please switch to the male voice,75
320,what kind of weather can i expect now,47
321,will i be able to visit peru without a travel visa,126
322,convert 20 yen to dollars,37
323,please add the song i'm listening to right now to my relaxation playlist,127
324,where can i find wells fargo's routing number,89
325,how much have i spent on my debit card this month,64
326,put together a list of instructions for me on how to change the oil in my car,25
327,erase all events on friday from my calendar,67
328,can you tell me what dendrofilous means,33
329,play the song called i want it that way,128
330,can you get me the scores from the games that were played last night,-1
331,show me a cool nintendo switch game,-1
332,find me a good band instructor or two to compare in my area,-1
333,how many minutes am i from texaco,73
334,you can stop talking ai,87
335,are you real,129
336,sorry i missed that,115
337,what are my hours this week at work,-1
338,please replay the last five minutes,-1
339,i need options or italian tonight,3
340,i dont want to listen to this song,130
341,what credit score number do i have,23
342,what are the nutrition facts for peanut butter,131
343,remind me to put gas in my car,107
344,give me a list of ingredients for making pasta,100
345,which health plan am i currently enrolled in,78
346,what are apartment prices now,-1
347,"take soda from my shopping list, and while you're at it add tea",51
348,do you know if vacation got approved,104
349,how long does it take to cook meal of tuscan,13
350,"have a good day, bye",79
351,what's my bank of america account getting in interest,63
352,can i put in a pto request for december 3rd to december 10th,98
353,when was my car last in the shop,92
354,do i need to change my oil soon,81
355,what's the latest i can pay my cellular bill,43
356,start responding to joe,6
357,how do you prepare omelet,21
358,what day is our next day off,112
359,verify my reservation for smith and wollensky at 6:45,116
360,how much do i have available on my visa card,10
361,please confirm that i have a reservation for 2/20 at 6:00 pm,116
362,give me some tips on building up my credit score,86
363,who is it that you work for,103
364,what do my federal taxes look like,132
365,please pay my sprint bill using my bank of america checking account,40
366,what are some fun cheap activities to do in colorado,133
367,tell me where i am,134
368,i need to know the title of this song,27
369,where am i on the map,134
370,i need to cancel my reservation for rob at red robin,41
371,tell me the timezone for california,74
372,how many calories are in hamburgers,76
373,when will my next paycheck be coming,119
374,use martins name to reserve a table at tropicana for 5 people at 8pm,135
375,i do not want my reservation anymore,41
376,tell me about the pets you have,82
377,make sure i get a delta flight from pittsburgh to arizona,85
378,what do you do if your cat eats an octopus,-1
379,what is the result when you roll a four sided die,0
380,do you know any jokes,15
381,let me know where jim is right now,-1
382,what's my current electric bill,-1
383,go ahead and find me a hotel with good reviews in phoenix,56
384,stop this process,87
385,change the pin on my savings account to 1234,136
386,what step should i take next if i lost my luggage,32
387,please start calling me bob,71
388,i need to know whether you are a human or are a computer,129
389,how frequently is the bus running today,-1
390,what's the current apr on my credit card,55
391,how can i improve my golf swing,-1
392,help me get w-2 form,39
393,how to do an oil change,25
394,how old are you turning,117
395,what is the weather doing in austin,47
396,how much have i spent on my bank card sine i last paid my bill,64
397,can you confirm that i have a reservation for february 21 at 6 o'clock,116
398,would you change your voice to the male british accent for me,75
399,look on amazon for the price of a nitendo switch,-1
400,"i need to find work, help me connect to a local business through linkedin",-1
401,activate direct deposit to chase account,45
402,"has there ever been total world peace, where no nations in the world are at war",-1
403,what are the highest-rated android phones,-1
404,where can i go to eat,110
405,what can you do for me,35
406,i need to know what's on my shopping list,30
407,has flight dl123 left,1
408,pto i have used so far is how much,70
409,what do food critics say about gramercy tavern,31
410,could you tell me what the weather is in austin,47
411,change back to the factory set up,19
412,what's the roi doing arbitrage with ebay,-1
413,is my luggage lost,32
414,"can you spell out ""annulment",124
415,can i hurt my credit rating if i open several credit cards in a short time frame,86
416,tell me where i can get more information on getting a job at the post office,-1
417,how do you refer to me,28
418,please ping the rfid in my wallet and tell me where it's at right now,-1
419,can you report a lost card for me,109
420,i must know the next holiday,112
421,flip a coin for me and i call heads,44
422,tack on a gallon of milk to the grocery list,51
423,would you call yourself a cat or dog person,82
424,who set up the numbers for it,94
425,where is my delta flight,1
426,"i need to know how to spell ""miranda",124
427,read my reminder list,29
428,i need to get four people to red lobster; can you order me an uber,96
429,what type of gas do i put in this new car,137
430,what is the cashback rate for my credit card,-1
431,could you help me locate my phone,111
432,my current location is what,134
433,"stop, just stop",87
434,"what's the right way to spell ""emolument",124
435,can i use electronic devices in mexico without a socket converter,53
436,does my shopping list have pop tarts,30
437,call me bob from now on,71
438,what are your hobbies exactly,90
439,what do i need to do to get new insurance,102
440,what brand was the last advertisement for,-1
441,can i get to susan's house with my current tank,12
442,what's in fashion this month,-1
443,who is the hardest working man in hollywood,-1
444,you're right,7
445,how about lets start calling you juliette,6
446,"do a job search on monstercom for jobs in the tech field in arlington, va",-1
447,is it after noon,138
448,how do i get perfect alignment with the curb,-1
449,can you speak faster,72
450,what are the size limits regarding-carry on bags,80
451,i would like to book a place to stay in phoenix from the 5th to the 9th of march,56
452,hows the city mpg of this car,68
453,who plays han solo,-1
454,is there a reason beyond biology about why humans are alive,17
455,what films are in the running for best song at this year's oscars,-1
456,show me ideas for hamburger,21
457,confirm my reservation for acero at 7,116
458,when did i last make a purchase,64
459,tell me what my federal taxes amount to,132
460,what are some fun tourist things to do in mumbai,133
461,whats the fuel economy of this car,68
462,"on my shopping list, remove eggs",51
463,give me the news on the newspaper today,-1
464,how much gas do i have here,12
465,will you reserve a table at olive garden for 3 people at 7,135
466,do you have any ideas for a mexican meal,3
467,is there a way to alter my insurance policy,102
468,diy oil change,25
469,could you tell me my name,28
470,can i reserve tables at the new york restaurant,139
471,how would i say i need directions if i were french,140
472,are meeting rooms free between 8-3,54
473,give me a list of grocery stores that sell japanese sweet potatoes,-1
474,"tell me my routing number at my bank, community trust",89
475,what do i owe this month on all my bills,99
476,what is the answer to life,17
477,name unusual facts about the circus,93
478,how much flour do i need for a strawberry cake,100
479,how many calories are in a burger,76
480,whats the best rated lipstick,-1
481,i really need to jump start my car,57
482,where do i go if i am seeking the routing number of dallas capital,89
483,are indians nowadays reminiscent of a decade ago,-1
484,do i have a fraudulent transaction on my account,61
485,define epicurean,33
486,i'm going to need an uber for 4 people to go to patty's bar,96
487,i seem to have a purchase that i didn't make from olive garden on my account,61
488,what amount is my income,91
489,how many ppm of particulate is in my local water,-1
490,do i have any calendar entries for march 8th,141
491,how much has the dow changed today,-1
492,so i get charged if i use my card in france,16
493,start whisper mode,42
494,delete dentist from my calendar,67
495,"that answer was very helpful, thanks",101
496,"can you spell out ""wonderful",124
497,aquire the soundtracks from the movie if i stay and add them to my ipod,-1
498,how old,117
499,can you increase my credit limit to $1000,69
500,i need to know when my water bill is due,43
501,thanks so much ai,101
502,how busy is red robin around 5 pm,108
503,what kind of traits do vampires have,-1
504,can you set the timer to 20 minutes,94
505,what are my mastercard points good for,97
506,"no, you are wrong",34
507,"how do you spell ""exactly",124
508,find out where one can get involved in discussing local election issues,-1
509,unfortunately it would appear that my luggage is totally lost,32
510,how much pto days do i have remaining,36
511,find out how many miles the mississippi waterway runs,-1
512,how many voicemails are currently in my inbox,-1
513,it was great to talk to you,79
514,did i bring my car to the shop last week,92
515,delete the contact uncle john from my phone,-1
516,what ingredients are in tacos,100
517,how many days milk can be preserved,95
518,what kind of mileage does this car get,68
519,what's the newspaper today,-1
520,how do you describe yourself: as a computer or a human,129
521,please go though the bullet points on my reminder list,29
522,will you be sure to add this current song to my sleep playlist,127
523,how do i write c++,-1
524,can you help me change my insurance policy,102
525,what is the total number of days that i have taken off work since january,70
526,give me my credit rating,23
527,i need to add something to my calendar for next tuesday,67
528,what are my reminders,29
529,i need the temperature set at 70 f,11
530,what's it like to have parents who actually love you,-1
531,thank you ai for everything you do,101
532,would you tell me about your hobbies,90
533,what things are you able to help me with,35
534,find out which museum houses the most post modern art in new york state,-1
535,why did we elect this woman who made amazon leave and take its jobs with it,-1
536,i am going to need help paying my rent bill,40
537,what year was jane austen born,-1
538,tell me how many days off you see that i have taken so far this year please,70
539,find the nutrition info for whole milk for me,131
540,"can you suggest a thai restaurant, please",110
541,can you tell me what kind of gas your car uses,137
542,tell me a blonde joke,15
543,let me know if my application for american saving bank,49
544,throw a roll of the dice,0
545,i want to hear your best joke,15
546,look up the email address of the local police,-1
547,please list my real estate for sale,-1
548,i'm unable to use my card because it's been ruined,142
549,i wanna know the carry-on rules for the flight i have,80
550,when will my new credit card arrive,105
551,"hello there, good morning",114
552,do you know when our next day off is,112
553,what do you do all day while i'm at work,-1
554,why is my luggage not here,32
555,what would you like me to call you,106
556,"check my calendar for me, please",141
557,can you adjust the speed of your voice,72
558,can you order some ointment for me,-1
559,google find out what health plan i am under,78
560,how many millimeters are in 21 centimeters,38
561,"yum, pulled pork tacos at the buffet",31
562,what is the square root of 36,118
563,find out what supplies i am missing and will need on my upcoming camping trip,-1
564,turn on top 20 country hits,128
565,when was my oil last changed,92
566,"whisper mode, stop",42
567,show me the reviews for the new jalapeno fries at taco bell,31
568,what's the calorie content of french fries,76
569,are you from around here,121
570,please roll twelve sided dice,0
571,i need to know the time it takes to get a new credit card sent to someone who lost theirs,143
572,i've lost my phone somewhere,111
573,how healthy is rice,131
574,please mail me more checkbooks,125
575,you need to tell me how to increase credit limit for my chase card,69
576,how long should i cook the cookie dough,13
577,what are the scores of other teams in this division,-1
578,how many places in dallas can i rent a car,46
579,i wanna hear something cool about bees,93
580,i wanna know how many points have i earned with my credit card,144
581,what do i need to use to make lasagna,100
582,set a reminder for me to let the plumber in tomorrow,107
583,what does post rush hour traffic generally look like heading into the lincoln tunnel in manhattan from new jersey,77
584,go to whisper mode until my morning alarm goes off,42
585,i want to know the ingredients for making pizza,100
586,find out where i can buy a barbie doll for my niece,-1
587,"find me a rental car for next week , from friday the 5th thru monday the 8th, any kind",46
588,i want you to cancel my reservation for 5 at red robin,41
589,let me know the credit card application status,49
590,any update on my vacation,104
591,"flip a coin, i'm heads",44
592,thanks for helping,101
593,can you sell stocks for me,-1
594,my bank of america visa platinum was swiped from my belongings,109
595,where was it you were born,121
596,is my order on its way or what's going on,145
597,please set up a reminder for me,107
598,do i have any meetings between 1 and 8 pm,50
599,how many people die each year while skydiving,-1
600,which actors have played more than 1 comic book character,-1
601,would you tell me my bank balance,26
602,send david my location,84
603,upload the pictures to the correct album,-1
604,tell me the last day i can pay my gas bill,43
605,i need to redeem my visa points,97
606,meeting rooms open between one and three pm,54
607,what amount of interest does my checking account earn,63
608,scan my photos and tell me which hair style is most suiting for my face,-1
609,what's the apr on my capital one venture card,55
610,"no, definitely not",34
611,when will i know if my visa card application was approved,49
612,10-4,7
613,have i recently had an oil change,92
614,thank you for that response,101
615,i want to know how to change my oil,25
616,let me know who your boss is,103
617,reset to your original settings,19
618,i'm feeling like a greek meal and need some suggestions,3
619,can you tell me what key frank zappa's keep it greasy is in,-1
620,reasons that us bank would place a hold on my account,59
621,how many transaction fees are there when i use my discover card in rome,16
622,how many hurricanes are in an average hurricane season,-1
623,tell me where i can get the cheapest tennis balls on the internet,-1
624,i wanna find a hotel with good reviews in phoenix,56
625,i must know the the carry-on restrictions for american airlines,80
626,i need to know the calorie content of spaghetti,76
627,i'd like to transfer $400 from household to savings account,122
628,can you tell me what the best places are to look for a job online,-1
629,i want to find a new car under $25000,-1
630,why can you have the square root of a negative number,-1
631,let me know what the point of life is,17
632,what are the different types of tvs,-1
633,can you tell me about what time i should be arriving at the airport,73
634,could you use the female voice,75
635,pto so far i have used is how much,70
636,is there somewhere my personal loan displays the interest rate i'm paying on it,63
637,number of calories in coke,76
638,what is the next thing i should do if i lost my luggage,32
639,show me the best times to book flights for traveling to another country,-1
640,could you share my credit card's apr,55
641,pull up everything i need to make a pasta dish,100
642,mpg for this car please,68
643,change settings to sound like a female,75
644,confirm the john reservation at applebee's,116
645,what day is payday,119
646,how long does it take to call an ambulance,-1
647,inform me how many pounds are in 10 kilos,38
648,can you tell me when my item will get here,145
649,i want the nutrition facts for buttered spaghetti,131
650,can you monitor my package's progress,145
651,i need to have a timer for 10 minutes,94
652,"reserve a meeting room for friday, 5pm",54
653,who is in charge of you when you work,103
654,would you please schedule a meeting room for 4:00 on thursday,54
655,how soon till i need to change my tires,146
656,order my whole shopping list,8
657,can you reserve a meeting space for 4:00 on thursday,54
658,how do they say tacos in mexico,140
659,i got to know how long until the next day off,112
660,will using a discover card in rome cause transaction fees,16
661,could you send a text to bill saying no,83
662,i really want to know my todo list again thanks,62
663,how do i make you talk faster,72
664,what is it like the temperature at ac,11
665,how many days are remaining on my vacation days,36
666,give me directions to phoenix,22
667,let me know some things to do in phoenix,133
668,it is no,34
669,i would like to know what type of things you can help me with,35
670,what is the best reviewed laptop available on the market,-1
671,can you tell me about that tornado that just tore up alabama,-1
672,please answer the phone and put it on speaker on the tv,-1
673,text emily,83
674,"i'd like my checks to be deposited into my account directly, how do i do that",45
675,give me a recommendation for a local landscaper,-1
676,how is traffic nearest the ben franklin bridge philadelphia heading to the new jersey turnpike,77
677,start the next song,130
678,i wanna know where to get my w2,39
679,i'm out of milk so you will order me some more,8
680,i want today's fun fact please,93
681,send my location to this individual,84
682,what's the status of robotic servants from japan,-1
683,what's the amount of my income,91
684,is the bill due today,43
685,"when does my card expire, the one ending in 1234",105
686,can you go to the next song,130
687,will you please slow down your voice,72
688,what did i spend on beer last month,24
689,what company did this design,9
690,"can you change the oil, with what and how",25
691,find out who is the representative of my district,-1
692,explain to me the process of evaporation,-1
693,what's the main export by the peoples of greenland,-1
694,i need to know what traffic is going to be like at 3:00 pm on the new jersey turnpike heading into camden from north jersey,77
695,how can i make my living room appear to be bigger than it is,-1
696,change sound setting to whisper,42
697,which company were you designed by,9
698,tell me what my wells fargo credit card apr is,55
699,i need to know when i get paid next,119
700,i need to check my rewards for my credit card,144
701,roll a six sided die for me and tell me the result,0
702,i need you to talk to me about your hobbies,90
703,when will i get to orlando,73
704,when's my next pay day,119
705,what do you engage in during your free time,90
706,i'm looking for a flight from billings to cleveland on may 2 and a return on may 9,85
707,i want to know how i can build up a good credit score,86
708,let's take a look at the weather,47
709,book me a place to chicago from atlanta united airlines,85
710,your date of birth,117
711,name the person or group that programmed you,9
712,tell me what's on my calendar for march 22nd,141
713,how is my order doing right now,145
714,where's my phone,111
715,my bill shows a purchase from payless shoes but i didn't buy anything,61
716,what do you call me,28
717,what if i want to switch insurance plans,102
718,how long can i keep milk in the fridge,95
719,where do i look to get a w2,39
720,i have to make a phone call,20
721,what's the exhange rate between mxn and gbp,37
722,is the friday's full after 4,108
723,give me the conversion between ounces and cups,38
724,i need to know how many days off i have used so far,70
725,can i put in a pto request for december 25th to january 1st,98
726,can you recommend some fiction books,-1
727,i need a reminder to take dinner out of the oven,107
728,"um, i'm not totally sure",18
729,create a reminder to wash the dishes,107
730,can you book a meeting room for friday at 9:00 am,54
731,why is my checking account not working,59
732,"um, i'm not quite sure",18
733,find out how many whales are currently in monterey bay,-1
734,"order me some doritos, please",8
735,when do i have to pay my internet,43
736,what've i spent on gas this month,24
737,can you tell me local crime in my area,-1
738,what timezone would missouri be in,74
739,what's the interest rate on my savings account,63
740,x needs to be called by me,20
741,whisper mode must be left,42
742,how long can i freeze tofu before it goes bad,95
743,give me your name so i can use you,106
744,how much money have a spent in the last week,24
745,who do you report to for your work,103
746,can i reach seattle with this amount of fuel,12
747,i need you to find me a hotel with good reviews in phoenix,56
748,i need to get a mastercard somehow,4
749,send a text that says hi to abby,83
750,what timezone do they use in arizona,74
751,how much do i earn a year,91
752,please activate a wireless hotspot so i can use the internet,-1
753,"transfer ninety dollars between glacier checking and farmers accounts, please",122
754,how many carry ons can i take on a flight with delta to seattle,80
755,reserve table for 5 at red robin under the name sara at 3,135
756,can you find the answer to number 26 in this algebra two textbook,-1
757,where can i get a appointment for a tire check for the car,48
758,what should i do now that my car battery is dead,57
759,when does this car need oil changes,81
760,how much is due for my water bill,99
761,can you tell me the purpose of a safe deposit box,-1
762,what are my finances like lately,24
763,do you know what company were you designed by,9
764,"talk to you soon, bye!",79
765,what do i have planned for 3/5,141
766,unsure,18
767,you can take laundry off my todo list,120
768,i want to use my card reward points,97
769,what kind of gas should i use for this car,137
770,what person is the heaviest ever recorded,-1
771,is my car due for it's next oil change,81
772,"what's the month, year, and day that my card expires",105
773,what region were you born,121
774,how much so far pto have i used,70
775,"if i travel abroad, do i need vaccinations",66
776,please give me the time in tanzania at this moment,138
777,can you tell me how to change my oil please,25
778,what is the carry-on policy for flights on lufthansa,80
779,show me how to make tuna casserole please,21
780,tell me if my vacation was approved yet,104
781,get me a list of universities that provide full scholarships in arizona,-1
782,will you create a timer for me,94
783,how do i get stains out of the carpet,-1
784,i would love to know the closest gas station to glendale,22
785,"ai, refer to me as deb when answering me",71
786,did i get my car inspected recently,92
787,do i need a vaccine for the congo,66
788,tell me something about linkin park,-1
789,do you know my state tax total,132
790,iterate over the items on my grocery list,30
791,can i use direct deposit for my tax refund,-1
792,i think maybe,18
793,what would the date be 5 days from today,14
794,"could i get some more checkbooks sent to me, please",125
795,reserve a meeting room for 5pm on friday,54
796,please try to confirm my reservation for jim at barney's,116
797,what is the process of making a vacation request,98
798,how much is my water and sewer,99
799,what's the best golf club to use on the lower nine,-1
800,what is my credit score number,23
801,do i have money in my wells fargo account for nike's,26
802,please order some more pepsi,8
803,should i apply for a visa if i am traveling to mexico,126
804,i'd like to set up direct deposit,45
805,add this song to my rock playlist,127
806,i need to call my friend,20
807,are ned's reviews good,31
808,i want to know how many days off i have utilized until now,70
809,look up the rate of exchange between pesos and usd,37
810,find directions to the sunshine car wash from my house,-1
811,can you tell me what time it is in dallas,138
812,i'm looking for a meal that's from the asian cuisine,3
813,can you tell me who's calling me,-1
814,"if i lost my luggage, what should i do next",32
815,i need to know where the hospital closest to me is,22
816,please go to wikipedia and search for articles related to nsa,-1
817,does the ai have hobbies,90
818,i know i should pay my electric bill,40
819,what gas goes in the vehicle,137
820,what things do you know how to do,35
821,alerts for travel in colombia,58
822,can i make a transfer between my accounts,122
823,when should you use a dry cleaner,-1
824,what is the weather,47
825,could you share my credit score,23
826,how many voicemail messages do i have,-1
827,my card has become too frayed and torn to use,142
828,what is this song called,27
829,what's a good stretch to do to limber up,-1
830,get me my slow sounds,128
831,give me restaurant reccomendations,110
832,can you explain why i couldn't use my card at target,147
833,why doesn't english have consistent forms,-1
834,do you know when i'll receive my next paycheck,119
835,adjust volume setting to 4,52
836,why would the water be turned off,-1
837,i want the female voice,75
838,are you a pet owner what kind,82
839,please take off my calendar on saturday the 6th birthday party for john,67
840,how might i say hello if i were scottish,140
841,please reserve a table for two at olive garden at 7:00pm for michael,135
842,can you pair yourself with my phone please,148
843,what is the name of the person who made you,9
844,i am going to speak english now,113
845,is garlic on my grocery list,30
846,can you see if paying garbage bill is on my todo list for this week,62
847,what is the lowest amount i can pay for my cellphone bill,149
848,i'd like a meal suggestion from thailand,3
849,find schematics for ikea desk assembly,-1
850,stop talking,87
851,please put chips on my shopping list,51
852,tell me how to roll over my 401k,60
853,can i store bread in the freezer indefinitely and it will still be okay,95
854,i need to know how you are doing today,114
855,fun gift ideas to give to grandparents,-1
856,i would like to report my card damaged since i accidentally spilled gorilla glue all over it and the numbers are now obscured,142
857,how to remove a stripped bolt,-1
858,lets play some music by korn,128
859,can you check the amount of calories in a chicken sandwich,76
860,is it too late to upgrade to first class,-1
861,how much have i spent this week,24
862,give me the pressure for the tires on my car,123
863,"what do i call you, ai",106
864,clear my calendar for september 6th,67
865,can i get some more checkbooks sent to me,125
866,you’re the best thanks so much!,101
867,thanks so much,101
868,what was my recent transaction,64
869,how can i get a visa card,4
870,how much time do i have left on my 0% apr,-1
871,can you help me hunt for my missing cellphone,111
872,can i use red onions instead of white,65
873,how long should an essay be,-1
874,i need eggs; add them to my shopping list,51
875,i really need to check my rewards for my credit card,144
876,has my application for american express gone through yet,49
877,what's the safest pet to be around toddlers,-1
878,can you calculate the square root of 172,118
879,what date is it tomorrow,14
880,how much is 5 us dollars worth in canadian dollars,37
881,when will my citi card expire,105
882,what is the square root of 95,118
883,tell me how to refinish a wooden desk,-1
884,list my to-do list,62
885,you can dusting off my todo list,120
886,when is it time for a change in tires,146
887,i need to know how many days i toof off,70
888,what is harry's real name,-1
889,what is the carry-on policy for flights on jetblue,80
890,find inner tube and buy it for me,8
891,find me an uber and get it here,96
892,i could not buy food using my card when i was in vietnam,147
893,can you recommend thai food,3
894,how much gas is left in my car,12
895,is my routing number on my account page,89
896,what have i spent on food this month,24
897,can i plug in my electronics there like normal,53
898,where is my order now,145
899,share location with john,84
900,"what time is it in adelaide, australia right now",138
901,i need to know how to get my car jump started,57
902,what day can i expect to receive payment on,119
903,are there any messages,-1
904,what points have i earned on my visa,144
905,please tell me how curiosity is spelled,124
906,where did mandarin originate from,-1
907,when should my tires be changed,146
908,can i swap chili for sloppy joe mix in the recipe,65
909,list the contents of my safety deposit box at the bank,-1
910,i can't use my card because it’s messed up,142
911,now reset your factory settings,19
912,set 4 as the volume,52
913,"cancel my reservation for dinner this friday, please",41
914,where do i see what interest my mortgage has,63
915,tell me how much my state taxes amount to,132
916,please put in a vacation request,98
917,what do i need for a plug in wales,53
918,when did i last collect my salary,119
919,how much memory do i have left on this phone,-1
920,can you list all channels of a certain category,-1
921,cancel my reservation for dinner this saturday,41
922,reset all settings to the factory settings,19
923,make my location available with david and kate,84
924,tell me how long until the next day off,112
925,what about the weather in austin,47
926,what will i get paid this year,91
927,how do i do an oil change,25
928,how long until my paycheck shows up,119
929,how can you convert centimeters to inches,38
930,i want to know who your boss is,103
931,talk to me in a different accent,75
932,change to the females voice please,75
933,is $30 usd more or less in canada,37
934,are you really real,129
935,can i share my location with david,84
936,will it cost me anything to use my card in turin,16
937,are you real or a computer,129
938,confirm that there is a reservation at bellagio for thomas,116
939,can you let me know the status of my discover credit card application status,49
940,find the nutrition info for cucumbers for me,131
941,will i be safe going to south america,58
942,what is the updated points that i earned with synovus card,144
943,how do you spell aaron,124
944,what are some good places to go out for dinner in my area tonight,110
945,please lower the sound,52
946,let me know the status of my american airlines flight,1
947,find out what song this is,27
948,can you please tell me my income,91
949,can a samurai sword deflect a bullet,-1
950,there's a false charge on my account from mcdonald's,61
951,how are you doing,114
952,is insomnia curable,-1
953,what are some natural remedies to help ease stress,-1
954,wake me up with an alarm at 6am,2
955,my account needs to be frozen,5
956,diy oil change and oil type,25
957,"right now, i need to know the meaning of life",17
958,what's the definition of idiosyncratic,33
959,what do i do if my car battery died,57
960,tell me when my last oil change was,92
961,tell me nutritional info for brocoli,131
962,please play the next track,130
963,please put this song on my studying playlist,127
964,nope not it,34
965,please tell me my todo list,62
966,can you suggest a french restaurant,110
967,are you computer or human,129
968,i need to make a call,20
969,what mpg does this car get in the city,68
970,pull up the classifieds and read the career section to me,-1
971,how much vacation time have i earned,36
972,can you look at when the next iphone is due out,-1
973,just toss a coin,44
974,is this a bot,129
975,do they serve good tacos at the buffet,31
976,create a contact labeled mom,-1
977,do i have my nephew's birthday marked for november 10th,141
978,i need to know traffic patterns heading to the george washington bridge from manhattan,77
979,can i edit my insurance policy,102
980,can you reserve a table for 6 at red robin under the name mavrick at 5 clock,135
981,set a timer for 5 minutes from now,94
982,how many people are jobless in america,-1
983,"could you call me by a different name, please",71
984,find a couple's therapist who can help me and my wife,-1
985,tell me the current balance of my bank accounts,26
986,when's the next mardi gras going to be,-1
987,tell me when i got my car checked last,92
988,i really need you to find me a hotel with good reviews in phoenix,56
989,is flight dl123 delayed,1
990,give me some ideas of how to avoid my credit score lowering,86
991,are you a pet owner and what kind,82
992,when is my new card expected to arrive,143
993,how do i submit an application for a discover card,4
994,when will nightwish be touring through my city,-1
995,where can i find my routing number,89
996,how many minutes should i put meal the cake in the oven,13
997,cross off grocery shopping from todo list,120
998,i would like to hear something funny,15
999,call to mom,20
1000,the male voice please,75
1001,are my tires filled properly,123
1002,martins needs a table for 5 people at tropicana at 8pm precisely,135
1003,find me the exchange rate between usd and cad,37
1004,can you teach me how to change my oil in my car,25
1005,i want to know what health plan i'm currently on,78
1006,please make sure the volume stays at 4,52
1007,can you flip a coin i call heads,44
1008,can my credit limit be increased to $1000,69
1009,what are the lowest prices of bottled water at costco,-1
1010,when is the soonest holiday,112
1011,i need a direct deposit,45
1012,how many calories are in a taco,76
1013,maybe we can go to the next song,130
1014,find the nutrition info for cheese fries for me,131
1015,can you do some research about the best places to travel,133
1016,are there any problems with my bank account,59
1017,i am not able to say,18
1018,tell me my to-do list,62
1019,look for a position similar to mine that is open around my area,-1
1020,how many calories does jumping up and down burn,-1
1021,could you tell me how to direct deposit my check from work into nations bank,45
1022,add this to my rock playlist,127
1023,inform my bank i'm traveling to australia between february 23rd to february 25th,88
1024,how long before the replacement card is mailed to me,143
1025,is gambling legal in my state,-1
1026,find out for me when my car is next due for an oil change,81
1027,empty the contents of my to do list,120
1028,"can you check what the problem with my account is, it seems to b e blocked",59
1029,do the romans still use the colosseum for anything today,-1
1030,where's the routing number for wells fargo,89
1031,clear my calendar for april 20th,67
1032,who was the first person to discover cells,-1
1033,please delete the reservation for roberts at village tavern,41
1034,find the names of all the rain forests located in south america,-1
1035,i'd like to buy something,8
1036,can you find me a salsa recipe,21
1037,"in canadian dollars, what is $30",37
1038,where would the routing number for first utah be located,89
1039,speak it again slowly,72
1040,check and see what the local news in broadcasting,-1
1041,read text,-1
1042,i want to change the oil in my car but i do not know how to do it can you help,25
1043,"hello, how are things",114
1044,who has the longest hair ever,-1
1045,at the moment what song is playing on the speaker,27
1046,what kind of hobbies does the ai have,90
1047,how would you categorize the pets you have,82
1048,there seems to be an issue with my account,59
1049,roger that,7
1050,thank you for the heip,101
1051,what is the highway mpg on this car like,68
1052,one and three pm are there meeting rooms open,54
1053,what kind of bonds do molecules have,-1
1054,please tell me what today is,14
1055,what's a good way of backing out of a parking spot,-1
1056,check the nanny cam and send the feed to my phone,-1
1057,how old would you be,117
1058,i would like you to change your accent,75
1059,is the review ned's have good,31
1060,add current song to rock playlist,127
1061,thank a bunch,101
1062,what kid of subjects do you excel in,35
1063,inform me of what microbes are,-1
1064,how come my chase account has a hold on it,59
1065,what's my savings account interest rate,63
1066,today's fun fact,93
1067,how many points do i have to cash,97
1068,correct my account pin to 1234 on my checking account,136
1069,i need a list of good places to eat near me,110
1070,pull up the map and show my location,134
1071,time my next run at the boston marathon,-1
1072,find me a flight from seattle to detroit for less than 200 dollars,85
1073,where are most the servicemen right now,-1
1074,organize my photos by date please,-1
1075,can you tell me my current location,134
1076,when will my tires need to be changed,146
1077,how much do i have in my bank accounts,26
1078,make a reservation for 2 tonight at 7:00 at outback steakhouse,135
1079,i am unable to say,18
1080,you talk to slow,72
1081,update my status on instagram,-1
1082,tell me whether or not i have a reservation at gramercy tavern for tad,116
1083,i need to cancel my reservation after all,41
1084,"skip this song, please",130
1085,say my name,28
1086,let me hear my todo list,62
1087,when do my tires need changing after i replaced them last week,146
1088,tell me how i can file a pleading in circuit court,-1
1089,what's the due date for my comcast bill,43
1090,need to increase credit limit for chase card,69
1091,what store has the best deals going on right now,-1
1092,i need gas what type do i need for this car,137
1093,how do i get my credit limit increased to $1000,69
1094,what's my phone's location,111
1095,i've used the last can of tuna fish and need you to order a new case of it,8
1096,can you return to the factory fresh settings,19
1097,tell me some fun activities to do in oklahoma city,133
1098,how long does pizza take,13
1099,"show me laptops for sale that are under $2,000",-1
1100,show me what one should do to get ahead in a tech corporation,-1
1101,i saw a fraudulent transaction,61
1102,tell me what health plan coverage i have,78
1103,what is the price of my state taxes that i owe,132
1104,give me some recommendations of good tourist attractions in montreal,133
1105,what steps should i take if i think my car battery is dead,57
1106,what are the last 4 digits of my credit card number,-1
1107,how is gramercy tavern rated,31
1108,how do my health benefits work,78
1109,retrieve events on my calendar,141
1110,what's the mileage to get the the taj mahal in atlantic city,73
1111,how much is my maximum to spend on credit cards,10
1112,walk me through on how to make a vacation request,98
1113,how much money is there in my bank accounts,26
1114,on the way to work is there traffic,77
1115,what's a good way to organize my tools in my garage,-1
1116,the tv turn it on,11
1117,let me know when it's been 5 minutes,94
1118,"can you really time your compressions to queen's ""another one bites the dust""",-1
1119,what bands are touring in my city this week,-1
1120,what year did my grandparents get married,-1
1121,will i need to get a plug converter when i visit guam,53
1122,could you please put a stop on my bank account,5
1123,how much money do i have in my various bank accounts,26
1124,how busy is cheesecake factory right now,108
1125,can you enable subtitles,-1
1126,i need to know how long until the next day off,112
1127,how many dollars can i get for 20 yen,37
1128,i wanna book a place to stay in phoenix from the 5th to the 9th of march,56
1129,what is a good home remedy for a rash,-1
1130,what sort of health benefits do i have,78
1131,what's the balance in my bank accounts,26
1132,change to something that's not whisper mode,42
1133,please tell me a recipe for this meal,21
1134,this song needs to be added to my country music playlist,127
1135,vacuum out the car,-1
1136,look up how much my state taxes are,132
1137,can you give me a points update on my rewards plus card,144
1138,"which health plan do i have, again",78
1139,can i use skim milk instead of 2% in the recipe,65
1140,when is my cell phone due,43
1141,do you know the total for taxes for my income,132
1142,i need to report that someone ran off with my td bank card earlier,109
1143,"um, i'm not sure",18
1144,can you tell me the meaning of fluctuate,33
1145,what does adulation mean,33
1146,why my card stop working,147
1147,can i make it to los angeles with this fuel level,12
1148,what time is it right now at home,138
1149,tell me the next holiday,112
1150,i need the nutrition facts for ramen,131
1151,"when was the term ""zombie"" first used",-1
1152,if i go to indonesia would i need a visa,126
1153,how full or empty is my tank of gas,12
1154,please tell me how to increase credit limit for the chase card,69
1155,how many pokemon have i caught in my pokemon go app,-1
1156,could you use the male voice,75
1157,modify my account pin to 1234 on my checking account,136
1158,show me the goals of my local police department in terms of reducing crime,-1
1159,eleven madison park takes reservations right,139
1160,what is my to-do list like today,62
1161,"my favorite, beef tacos at the buffet",31
1162,tell me what's is on my shopping list,30
1163,how many minutes should i set an alarm for this bake,13
1164,can i speak spanish to you hombre,113
1165,get me directions to phoenix,22
1166,is my credit score over 700 yet,23
1167,how long are my tires expected to last before needing to be replaced,146
1168,what subjects are you experienced in,35
1169,what firm do you work for,103
1170,tell me today's fun fact,93
1171,what is the date in 5 days,14
1172,what is my current salary,91
1173,what oil should i use for an oil change and how do i do it,25
1174,how do i change the speed of your voice,72
1175,help me find a new position as a programmer,-1
1176,what interest rate is bofi giving me on my cd,63
1177,i want to eat at seven in the restaurant for two people,135
1178,i don't need mowing the lawn on my to do list anymore,120
1179,tell me when my water bill is due,43
1180,are there any apartments for rent nearby,-1
1181,would you provide me with what the point of life is,17
1182,who has the best record in the nba,-1
1183,is it ok if i use some of my pto on may 24th to may 29th,98
1184,any clue as to if taco bell takes reservations,139
1185,give me my credit score please,23
1186,could you hit next,130
1187,what is popular in fashion right now,-1
1188,check how many days off i've taken,70
1189,how many months do i left in my hbo subscription,-1
1190,when are we off work next,112
1191,do you have time today for someone to look at my car because the check engine light is on,48
1192,tell me what the meaning of life is,17
1193,"computer, call alexa",20
1194,show me the expiration date for my visa card,105
1195,might we go to the next song,130
1196,show my my most recent visa card transaction,64
1197,spell aaron for me,124
1198,define the meaning of life for me,17
1199,has the school my kids go to been in the news for any reason,-1
1200,where do you originate from,121
1201,i would like to find a stylish suit for a party,-1
1202,do you have any recommendations for korean,3
1203,what is the minimum i can pay on my credit card bill,149
1204,what's the status on my application for the hsbc credit card,49
1205,i need instructions to walk me through jump starting my car,57
1206,could you please inform me what health plan i am currently on,78
1207,why did my bank place a hold on my bank account,59
1208,what health coverage do i have,78
1209,would most people say you are a computer or a human,129
1210,what is the account number to the internet service i have,-1
1211,would you tell me how old you are,117
1212,can i talk to someone to let them know my card was damaged from being melted on a radiator,142
1213,help me apply for a visa card,4
1214,i want to set up direct deposit,45
1215,you know me by what right now,28
1216,is the wait more than an hour at the italian place,108
1217,would you understand me if i speak to you in navajo,113
1218,"""when the credit score improve",86
1219,block my bank of america immdediately,5
1220,reverse a table for 5 at burger king under the name sara at 6,135
1221,i need you to tell me what time it is in new york now,138
1222,turn down the volume,52
1223,is there traffic right now on my route to work,77
1224,what is the extra digits that are sometimes included on my zip code,-1
1225,can you name the type of pets you have,82
1226,alert my bank i'm checking out seattle for the next month,88
1227,i would like to set a reminder to bring the plants in tonight,107
1228,where is my current location,134
1229,please read me the last text message i received,-1
1230,friday 5pm schedule a room for meeting,54
1231,i have a super runny nose and want to find a doctor,-1
1232,could you schedule a meeting room for 4:00 on thursday,54
1233,can i used the same type of plug in z as i do in the us,53
1234,"what name do you go by, ai",106
1235,what do you do on off days,90
1236,do i need to get any shots before i travel to liberia,66
1237,list my todo list items,62
1238,make me a list of the top ten reviewed hiking boots on jetcom,-1
1239,give me a fun fact about komodo dragon,93
1240,do you know why my bank account is frozen,59
1241,what kind of electrical outlet does that country use,53
1242,"i was trying to get food at publix, why was my card declined",147
1243,what percentage full is my gas tank,12
1244,i wanna check my rewards for my credit card,144
1245,when is the date of expiration for my first bank card,105
1246,please force my account to freeze,5
1247,tell me today's date,14
1248,can i rename you bob,6
1249,is it going to be much longer until i reach the bank,73
1250,get rid of my to do list,120
1251,give me the date of my last oil change,92
1252,transfer four and sixty seven dollars from bank of oklahoma checking to security bank account,122
1253,please speak in tagalog,113
1254,where can i see the due date for auto loan bill,43
1255,how much pto is gone,70
1256,would you tell me how the ai is doing,114
1257,would i need a visa in taiwan,126
1258,who created the world in greek mythology,-1
1259,how can i cash out my rewards for a visa card,97
1260,who teaches english near me,-1
1261,do you know how i can change my insurance policy,102
1262,what is the lowest amount i can pay for my medical bill,149
1263,please connect yourself to my main phone,148
1264,can you look up how i shoot a time lapse video on my iphone camera or is it even possible,-1
1265,how could i get into the guiness book of world records,-1
1266,what kind of things can you help with,35
1267,how long has it been since i last took my car to the shop,92
1268,put the dishes on my list of things to do,120
1269,where am i located on the map,134
1270,what should you do if you can't be bothered to get out of bed,-1
1271,tell me what meal to eat from texas,3
1272,when will i received a replacement card,143
1273,does my vacation have approval,104
1274,is my replacement card due to arrive in the mail today,143
1275,what's my map location,134
1276,has everyone come home from school,-1
1277,what is my car's gas mileage,68
1278,is there a meeting with sam today,50
1279,i'd like to hear a lawyer joke,15
1280,how do i change my oil,25
1281,do americans need visas in canada,126
1282,when would you change my tires,146
1283,explain how small talk helps bind groups together,-1
1284,who am i speaking with,106
1285,what specific health plan do i have,78
1286,can i change your talking voice,72
1287,please put a freeze on my banking account,5
1288,thank you ever so much for that!,101
1289,will the anti-vaxxers die off if no one gives them vaccines,-1
1290,i have a revolving store card and defaulted so will my fico score be affected,86
1291,which stocks have lost the least today,-1
1292,can you detect where i placed my wallet,-1
1293,can you see how many calories are in cream of mushroom soup,76
1294,how much does my bank account have,26
1295,what is the present exchange rate between usd and british pound,37
1296,how much is one us dollar in british pounds,37
1297,can you store a gun in a safe deposit box,-1
1298,what is the year to date total on my vacation days,36
1299,can you tell me my bank balance,26
1300,what are the steps to change my insurance policy,102
1301,what does the average cost of an engagement ring,-1
1302,"what is my car's mpg, please",68
1303,are there any travel bulletins about haiti,58
1304,skip to the next track,130
1305,what will i be paying for utilities this month,99
1306,what interest rate am i getting from bank of america,63
1307,i must rollover my 401k,60
1308,what kind of traffic is there at 9:00 on the route to detroit,77
1309,are your step-parent's parents considered your grandparents,-1
1310,current location please,134
1311,i need to confirm my reservation for red lobster for frank,116
1312,what's my current bank account total,26
1313,how long will tofu last in the freezer before it expires,95
1314,can you please tell me about the status of my credit card application,49
1315,what price is my credit card and my water bill at,99
1316,pair yourself to my phone if you can,148
1317,how much is the pay offered for my work,91
1318,check on my health care plan,78
1319,which element on the periodic table is k,-1
1320,can you check to see if my shopping list already has milk,30
1321,id like a room in jacksonville near the stadium between january 1st to 3rd,56
1322,do you have any pets and what kind,82
1323,divide 100 by 12,118
1324,i need a good meal idea from italy,3
1325,i am itching to travel but don't know where to go,133
1326,go to whisper mode until this movie is over,42
1327,is bowling on my calendar,141
1328,does bj's take reservations,139
1329,can i get you to change your language setting to russian,113
1330,can 401ks be moved,60
1331,can we speak in german,113
1332,book me an uber for a party of 5 to the salvage yard off maple,96
1333,volume set to 4,52
1334,what are my total bills this month,99
1335,how much is the car bill this month,99
1336,please call me bailey,71
1337,what are my benefits on the insurance,78
1338,can you order some more eggs for me since i just ran out,8
1339,what are the best places to get shrimp in chicago,110
1340,will i require a plug converter when i visit kenya,53
1341,i wanna know where the w2 is,39
1342,what is the amount of my taken off days so far,70
1343,what is the status of the order i placed with you yesterday,145
1344,give me a list of the top 10 tennis players in the world,-1
1345,you got that wrong,34
1346,what is the protocol for getting new insurance,102
1347,what is a good chemistry experiment to learn from,-1
1348,can you tell me what gas this car takes,137
1349,i need to know the gas type for this vehicle,137
1350,i want to tell susan that the meeting has been cancelled,83
1351,i need to get a new credit card application,4
1352,is the bill due,43
1353,what does chase pay in interest per year,63
1354,can you reset your factory settings,19
1355,are more shots needed to travel to argentina,66
1356,why are you talking so slowly,72
1357,are there travel alerts for the us,58
1358,set a 2 minute timer,94
1359,i need to pay my visa,40
1360,help me add this song to my country music playlist,127
1361,set up a report for a lost card,109
1362,what universities are nearby to me and highly rated,-1
1363,"i need to know what the current apr is for my chase sapphire, please",55
1364,how does my current htc phone compare to other android phones,-1
1365,is the meeting with lisa today,50
1366,"i heard i can transfer my 401k, but don't know how, do you",60
1367,where do i go to find the interest rate on my savings account,63
1368,at what age can someone get a card,-1
1369,is it possible for me to increase my credit limit by 500 dollars,69
1370,how many gallons do i have left in my gas tank,12
1371,tell me when i'll need new tires,146
1372,can you please remind me of the items that i made note of to not forget,29
1373,can you check how many steps i have walked in the last week from my phone app,-1
1374,"for this design, what company did it",9
1375,how soon can i expect a replacement card for my lost card to arrive,143
1376,"""where is improve the credit score",86
1377,what's my spending limit on my discover,10
1378,please turn the lights down low,11
1379,i need to convert kilos to pounds,38
1380,can you colorize a black and white photo,-1
1381,i want some suggestions for tourist activities in dublin,133
1382,i would like for you to unsync my phone,148
1383,which gas type goes into this car,137
1384,what are some cool tourist attractions in england,133
1385,share my current location with kristen,84
1386,what do i have going on on my calendar for march 18th,141
1387,please reset to factory settings at once,19
1388,tell me the current exchange rate between cad and euros,37
1389,how do you say please in french,140
1390,milk will go bad in my fridge when,95
1391,please alert my bank i'm going to be in the caymans from may 1st to june 2nd,88
1392,what are my bills this month,99
1393,what is some trivia about frog,93
1394,i need hot dogs added to my shopping list please,51
1395,check my checking balance,26
1396,i need to set a reminder to call lisa for her birthday,107
1397,can you call the help desk line for my credit card company,143
1398,when's the next time i ought to change my oil,81
1399,be more quiet,52
1400,i need assistance with my current location,134
1401,i need to know the next billing date of my american express card,43
1402,how much money do i make from work,91
1403,what name do you go by,106
1404,find the nutrition info for ketchup for me,131
1405,what is the city mpg on this car,68
1406,ai toss the dice,0
1407,i need to understand how many points have i earned with my credit card,144
1408,my report card was lost help!,109
1409,open map and pin point my location,134
1410,does amazon collect my personal information,-1
1411,can you tell me what happened to han solo in episode 4,-1
1412,my bank needs to know about my traveling to georgia in europe,88
1413,i would like to change my insurance policy,102
1414,reservations for two need to be made using michael's name for 7:00pm at olive garden,135
1415,i think your a bot,129
1416,can you find out how to report a damaged card,142
1417,help me find a new insurance plan,102
1418,"can you say that again, please",115
1419,tell me how to apply for a new credit card,4
1420,cancel doctors appointment from my calendar,67
1421,what are some fun silly things to do in new jersey,133
1422,roll a die please,0
1423,please tell me what subjects you like,35
1424,where are you coming from,121
1425,what's the definition of remunerative,33
1426,see if there are any employment agencies hiring managers right now,-1
1427,what do i need to do now that my battery is dead,57
1428,how much cash do i have in my various bank accounts,26
1429,i need to tell you about my lost card,109
1430,find out what song is currently on the speakers,27
1431,where is the nearest k mart,22
1432,what company are you employed by,103
1433,my card got declined; why,147
1434,what's the meaning of naff,33
1435,"ai, address me as deb when speaking to me",71
1436,what exactly is the status of my application for the credit card,49
1437,can i get a starter course for the trumpet,-1
1438,i'm not sure how to set up direct deposit,45
1439,show me what the weather is like,47
1440,text katy and tell her i love her,83
1441,is electricity the same in france,53
1442,i need to know tomorrow's date,14
1443,where can i get my w2 from,39
1444,i would like to check my rewards for my credit card,144
1445,does travelling to st petersburg require a travel visa,126
1446,i would like to know the next holiday,112
1447,is milk one of the things i need to buy,30
1448,i want to know when the deadline is to pay my car loan,43
1449,you can vacuuming of my todo list,120
1450,tell me a dog joke,15
1451,"help, i've lost my cellphone!",111
1452,tell me what 1875 plus 3459 equals,118
1453,what is the golden ratio's number,-1
1454,how many calories can i expect to be in fries,76
1455,how much am i paying for apr on my credit card,55
1456,"no, that is a falsehood",34
1457,add funds to the retirement account from the pnc account only,122
1458,how many items are in a bakers dozen,-1
1459,"address me as ""bailey",71
1460,for checkbooks can i order them for my chase account,125
1461,check to see why us bank placed a hold on my account,59
1462,"does my card ending in 1234, or any of my cards, expire soon",105
1463,can i get a timer set,94
1464,how long does it take for a credit card to be reissued and mailed to me,143
1465,for what time is my meeting with marketing scheduled,50
1466,which gas would be best,137
1467,please give me the approximate amount of time i will need to go from jfk international airport to penn station,73
1468,i need to know what my credit score is,23
1469,did the manager approve my vacation yet,104
1470,what do i do about a card that's too messed up to be properly scanned,142
1471,what is the most rented movie this week,-1
1472,speed up speech please,72
1473,i need you to clear my todo list,120
1474,has my reservation for john at bardenay been confirmed,116
1475,when should i get the oil changed in my car,81
1476,i need your to reset to factory settings,19
1477,is there a status update on my vacation approval,104
1478,print out the photos i took today,-1
1479,what raiting of gas is called for,137
1480,why didn't my card work,147
1481,"i need to know what traffic looks like nearest the smithsonian institute in washington, dc for the next hour",77
1482,how do i order some more checks for my chase account,125
1483,can you buy something,8
1484,why is there a delay on my checking account,59
1485,"i would like to hear the reminders that i listed on my things to remember list, please",29
1486,review chapter 6 with my son and verify his math homework answers,-1
1487,how long does it take to cook steaks,13
1488,is it six o clock yet,138
1489,can you tell me the current time in jamaica,138
1490,how would one say cruiser in china,140
1491,clear my calendar for november 11th,67
1492,what's the definition of unencumbered,33
1493,"thanks for your help, goodbye!",79
1494,my car needs a jump start; what do i need to do,57
1495,can you tell me the process for obtaining a copy of my w2 for my taxes,39
1496,research how many deaths has resulted from skydiving,-1
1497,how to change oil and what oil type,25
1498,where's my phone at,111
1499,"google ""odell beckham free agency""",-1
1500,what is the carry-on policy for flights on delta airlines,80
1501,where should i eat,110
1502,do i have to buy milk,30
1503,are there good clam places in cleveland,110
1504,what was the company that designed you,9
1505,can you fill in my credit card number on the screen,-1
1506,"i need to rent a car kfor one week in ocean city, nj so who has the best deal",46
1507,tell me where i can find my exterminator bill's due date,43
1508,please identify the song we're currently listening to,27
1509,make a call for me to the vet,20
1510,how can i go about jump starting my car,57
1511,i don't want you synced to my phone anymore,148
1512,please tell me how do i change the account pin number,136
1513,what are the nutrition facts for carrots,131
1514,order me a book of stamps and envelopes,-1
1515,what is the process for reporting my card as lost,109
1516,if i want to direct deposit my check into my nations bank account how do i do that,45
1517,i need you to tell me the meaning of life,17
1518,what is the price of bluetooth speakers on amazon,8
1519,could you track an order for me,145
1520,who can i rent a car from next month in orlando,46
1521,i gotta know how low are my tires on air,123
1522,how much moola is in my bank accounts,26
1523,what coupons do i have for restaurants,-1
1524,i want you to change to the male voice,75
1525,i want to know my reminders,29
1526,current weather,47
1527,tell me something funny about horses,15
1528,how much gas do i have in the tank,12
1529,does my apr rate suck,55
1530,where can i submit my architecture plans,-1
1531,how many calories are in a cheeseburger,76
1532,am i okay to take those vacation days,104
1533,it was very good to talk to you,79
1534,i would like help moving money between accounts,122
1535,i'm trying to raise my credit score can you tell me what it is now,23
1536,i do not want my phone synced anymore,148
1537,what are some things i can do on the way to work,-1
1538,what was the point of the crusades,-1
1539,what was the date of my last car appointment,92
1540,i need some suggestions for dinner places tonight,110
1541,"what kind of traffic can i expect driving to newark, new jersey on i-95 from philadelphia at noon",77
1542,what is my credit max,10
1543,what is the date of tomorrow,14
1544,what's the typical wait time for mr joes pizza,108
1545,please assist me in looking for my phone,111
1546,tell me the time in las vegas,138
1547,what's the chemical composition of a fart,-1
1548,put into words what you want,-1
1549,i'd like to add pancake mix to my shopping list if it's not already there,51
1550,check the start time of the meeting scheduled for today,50
1551,please flip a coin for me,44
1552,"enjoy your day, goodbye",79
1553,would tio's be crowded at 7,108
1554,look up articles on the green dry cleaning industry,-1
1555,open up internet browser,-1
1556,can you please help me move $100 from my checking to saving account,122
1557,catch you later,79
1558,can you cancel that,87
1559,i can't use my card because it’s broken,142
1560,what ingredients are needed to make lasgana,100
1561,my name is going to be sherlock,71
1562,can you give me some stress management tips,-1
1563,can you help me unlock my bank account,59
1564,can you let michael and julie know my location,84
1565,what is the life expectancy of a polar bear,-1
1566,what can i do to jump start my car,57
1567,will only having five late payments really make my credit bad,86
1568,what can you tell me about flight dl123,1
1569,give me instructions for an oil change,25
1570,many thank,101
1571,tell me how long milk stays good in the fridge,95
1572,i gotta know how many points i have gotten with my debit card,144
1573,tell me how much i have been buying as of late,24
1574,does eating poop really help your gut fauna,-1
1575,i'm too drunk to drive and need an uber home,96
1576,i would like to know who your boss is,103
1577,not sure,18
1578,what's my boss' home address,-1
1579,i need buy a birthday gift for sue taken off my calendar  it is on monday or tuesday last week,67
1580,are you from here or somewhere else originally,121
1581,"ai pick up the dice, then drop it",0
1582,stop speaking,87
1583,how long does it take to prepare a lasagna,13
1584,tell me status of my day off request,104
1585,look up articles on car washing at home,-1
1586,book me a hotel in jacksonville near the stadium from january 1st to 3rd,56
1587,i seem to have lost my phone,111
1588,set an alarm for 6 am tomorrow,2
1589,is it possible to make reservations at the new york restaurant,139
1590,can i rent a sports car in augusta for 3/4 through 3/8,46
1591,how much interest is my nfcu accrueing,63
1592,could be,18
1593,what do i need to make pasta,100
1594,how much money have i spent on fast food lately,24
1595,can you please read me the routing number to pnc,89
1596,would you tell me if you are a human or are a computer,129
1597,what's a good gift to get for your grandparents,-1
1598,where did i last put my phone,111
1599,get mom on the phone,20
1600,what are the nutrition facts for cucumbers,131
1601,might,18
1602,find the square root of 1243435,118
1603,tell time for another city: dallas,138
1604,reserve a table at tropicana for 5 people under the name martins for 8pm,135
1605,what is the highway mpg of this car,68
1606,volume to 4,52
1607,what's a good italian meal,3
1608,whom do you work for,103
1609,what gas does this car use,137
1610,can you explain to me how i might boost my credit score,86
1611,i would like to change the name on my capital one account,136
1612,do i need a visa if i'm going to san jose,126
1613,i need to know why my card got declined,147
1614,what is the minimum payment on my water bill,149
1615,what's your age right now,117
1616,i need you to make my bank aware that i will be visiting taiwan from the 22nd of february until the 3rd of march,88
1617,is there a spending limit,10
1618,when does the honey expire,95
1619,what is your name,106
1620,play the song called dancing on the ceiling,128
1621,what's my name,28
1622,why did my card get declined at public when i was trying to buy food,147
1623,"indian cuisine suits me and i'd like a meal suggestion, please",3
1624,please tell my bank i'll be in anchorage this week,88
1625,how do you say your name,106
1626,have you seen the remote,-1
1627,what shows are on tonight,-1
1628,do you know why my card got declined,147
1629,my report card was stolen,109
1630,how many rewards points do i have on my rewards points i have on my mastercard,144
1631,what sorts of vaccinations should i get prior to a trip to hong kong,66
1632,how many homeless people are there,-1
1633,i need to confirm the reservation for frank at chili's,116
1634,can't find w-2,39
1635,how much is my car worth used,-1
1636,throw a coin in the air,44
1637,go back to factory settings,19
1638,can you call me a different name,71
1639,what kinds of pets do you own,82
1640,please verify my reservation for john at bardenay,116
1641,do you know how old you are,117
1642,why was my card not working at target,147
1643,what's the cost of a good pegboard,-1
1644,organize photos by year they were taken,-1
1645,turn up the oven temperature to 350,11
1646,"i need to make an appointment for an oil change, please",48
1647,how old is jennifer aniston,-1
1648,could you cancel my reservation for winters at the palace tonight,41
1649,what is today's big article in the washington post,-1
1650,are you able to put a stop on my bank account,5
1651,find out the next available date and time i can go to get my oil changed please,48
1652,i want to see all transactions in the past month for all accounts,64
1653,i cannot remember when i last took my car to the shop,92
1654,how many mpg does this car get in the city,68
1655,does cutting down the rain forest really add to global warming,-1
1656,"find me a car rental for the weekend in asheville, nc via priceline",46
1657,how much is my state taxes,132
1658,book a delta flight to arizona from pittsburgh,85
1659,what's tomorrow's date,14
1660,how much do i take home yearly,91
1661,download all the photos off my phone into the cloud,-1
1662,will you tell me my bank balance,26
1663,flip a coin and tell me if it's heads,44
1664,what happened with the summit between trump and jong,-1
1665,not sure to be honest,18
1666,how do i add someone to my account,-1
1667,what is the right way to say excuse me in spanish,140
1668,make slower your speech,72
1669,i need an uber to get to the bank,96
1670,how many days of vacation are left now,36
1671,set an alarm for 5am,2
1672,"""i'll leave to lax and go to phl for $120 on nov 5th",85
1673,does my carrier have coverage in europe,-1
1674,can you tell me what hobbies the ai has,90
1675,is it safe for people to travel to pakistan,58
1676,can you tell me when my cable bill is due,43
1677,block my american saving bank for now,5
1678,what is the current day,14
1679,are you doing alright,114
1680,"tell me the date, please",14
1681,what are the hours for disney world,-1
1682,can you let me know the next open slot for me to get my oil changed,48
1683,what are the top rated local lawyers,-1
1684,within what time is is fine to eat cooked tilapia kept in the fridge,95
1685,how much money can i transfer today,122
1686,does cielo have good reviews,31
1687,what is the interesting trivia about human bodies,93
1688,play the next song please if you would,130
1689,there has been unauthorized use of my visa,61
1690,what roundtrip flights from orlando to vegas are available from thursday to monday,85
1691,would you move 100 dollars from the checking and put it into savings,122
1692,how can i transfer my 401k,60
1693,how do i put in a vacation request,98
1694,do you know any dad jokes,15
1695,"if i want to make a vacation request, how do i do it",98
1696,change my name to bob,71
1697,what are the amount of vacation days i have,36
1698,what is my bank routing number,89
1699,call me shane,71
1700,send me live feed of the pre-game prediction show on my phone,-1
1701,whisper mode,42
1702,make a 10 minute timer,94
1703,what's on my to-buy list,30
1704,compile a list of articles pertaining to venture capital funding for me,-1
1705,i need to call my dad,20
1706,can you tell me something funny about science,15
1707,i want a cancellation of the dinner reservation for phillips at bernardin's,41
1708,"give me the routing number of my checking account at my main bank, first commerce",89
1709,what did my best friend do in the kitchen while we were gone,-1
1710,how do i pay my electric bill,40
1711,how many japanese yen are in a us dollar,37
1712,what's the average score on a round of golf,-1
1713,"at 7, i need a table for 3 at olive garden",135
1714,speak in french please,113
1715,can you tell me whether the knicks will play the lakers this week,-1
1716,my auto tires need to be checked out so where can i get an appointment,48
1717,i need a recipe for chili,21
1718,how much money do i make,91
1719,someone else used my account to buy stuff from mcdonald's,61
1720,can you search recommended casual restaurants for tonight in philadelphia,110
1721,what do you know me by,28
1722,wash windshield,-1
1723,do i need to get any shots before i travel to spain,66
1724,are we allowed to wash our cars during the drought,-1
1725,"i don't need eggs anymore, but i do need milk",51
1726,do i need a converter for my electronics when i go to that coutntry,53
1727,what taxes will i owe from my income,132
1728,when is my electricity due date,43
1729,what does peer-to-peer actually mean,33
1730,calculate the limit i have available for spending on my natwest card,10
1731,thanks bye bye!,79
1732,could you inform ann and scott of my location,84
1733,"""i'm going on a flight from lax and going to phl, which is only $120 on june 15th",85
1734,do you know how i get new insurance,102
1735,show me the nearest gas station,22
1736,look up the top 3 selling post modern artists in the united states,-1
1737,it was great talking to you,79
1738,what is the weather like,47
1739,could you tell me what my credit score is,23
1740,thanks for the reply,101
1741,do i have transaction fees when i use my discover card in rome,16
1742,tell me my water bill please,99
1743,let me hear my slow songs,128
1744,can you remind me to finish a task,107
1745,can you tell me who made you,9
1746,tell me the current account balance,26
1747,i need to know my cars mpg,68
1748,"please play that song that goes, ""starships were meant to fly",128
1749,whens my insurance due and how much does it cost,99
1750,"order the new book titled ""ghost work""",-1
1751,get a table for me at 7 for 3 people at olive garden,135
1752,can you find my phone,111
1753,what's the annual percentage rate for my credit card,55
1754,what can i get with my mastercard points,97
1755,do i need to get any shots before i travel to zimbabwe,66
1756,what kind of indian would you recommend,3
1757,what do i make annually,91
1758,where do we get our w2 forms,39
1759,what kind of animals do you own,82
1760,tell me how you are doing,114
1761,how can i unfreeze my bank account,59
1762,tell me the nutrition info for a cup of milk,131
1763,don't forget to tell me to call my mother,107
1764,could you be a person,129
1765,do i need a visa to travel to indonesia,126
1766,what is a good laptop for gaming,-1
1767,what's my car's mpg,68
1768,when is the expiration date for me discover,105
1769,find a place near me to have my tires inspected,48
1770,how would i say how are you today if i were mexican,140
1771,do i need a visa to get to puerto rico,126
1772,when will i hear back about my days off,104
1773,can you indicate my location to my friend,84
1774,what big news happened over the weekend,-1
1775,what's it take to get a mastercard,4
1776,alter your accent,75
1777,is it possible to reserve a table at white castle,139
1778,what amendment guarantees the freedom of speech to americans,-1
1779,do i have enough in my wells fargo account to get some nike's,26
1780,what's my salary,91
1781,what are some of your hobbies,90
1782,i wanna know how low are my tires on air,123
1783,that is most definitely false,34
1784,instruct a list of all the brands of cereal manufactured by kelloggs,-1
1785,what's the highest building in the world,-1
1786,what kind of calories do chicken tenders have,76
1787,what's the estimated travel time to get to dc via bus,73
1788,what do you think about changing your name to heath,6
1789,"ai, please flip a simulated coin",44
1790,what do my state taxes look like,132
1791,heard any good jokes,15
1792,is it possible to take an uber to burger king,96
1793,create a portrait for me using post modern art,-1
1794,what is the time for a tire change,146
1795,when will tofu expire if i keep it in the freezer,95
1796,tell me how to rollover my 401k,60
1797,i need to know the apr on my wells fargo credit card,55
1798,can you tell me my apr on my credit card,55
1799,find out what type of wax is needed for a late model ford sedan,-1
1800,state recent transaction,64
1801,could you call sal,20
1802,can you pull up how many points i've earned with travel card,144
1803,i want the current song added to my pregame playlist,127
1804,can you sync up with my phone,148
1805,look up the song that's on right now,27
1806,how much was my last target trip,64
1807,what do i do if i suspect my car battery is dead,57
1808,is the movie avatar culturally insensitive,-1
1809,give me a list of places that serve the best wings in charlotte,110
1810,what are you feeling today,114
1811,give me an exact date of when i took my car to the mechanic,92
1812,find a good toy to give a 5 year old boy that costs less than $40,-1
1813,how do you get red wine out of the carpet,-1
1814,that's a negatory,34
1815,how do i report that i actually lost my card,109
1816,what is the lifespan of a border collie,-1
1817,can you see what the budget for the united states military was in 2018,-1
1818,find me a place to stay in jacksonville near the stadium from january 1st through 3rd,56
1819,order me a blue pin stripe suit from saville row,-1
1820,find me a room near the jacksonville stadium between january 1st through january 3rd,56
1821,i need to up by noon,2
1822,i need some directions to phoenix,22
1823,im going to call you xander,6
1824,when do i get paid for my work,119
1825,help me to remember to pick up stan later,107
1826,is make a hair appointment on my todo list right now,62
1827,may you say that again,115
1828,transfer seventy dollars between national and citizens accounts,122
1829,tell me a fun fact about cars,93
1830,who do i need to contact to ask for a credit limit increase on my discover card,69
1831,could you repeat that,115
1832,what is chase bank's routing number,89
1833,can you see if i have any vacation days available for a request,36
1834,can you tell me what credit cards i have open,-1
1835,do i have any calendars set for may 12th,141
1836,what have i spent things on,64
1837,does cuba require vaccines,66
1838,i would like to have an alarm set for me,2
1839,i need help locating my phone,111
1840,did i set march 10th as my doctor's appointment,141
1841,what the numerical number inside my bank accounts,26
1842,how many hours of pto have i used,70
1843,not right now,34
1844,renew gym membership,-1
1845,give me information on the oscars,-1
1846,is there a fee if i use my card in france,16
1847,help me transfer $100 from my checking to saving account,122
1848,does cleveland have any good places that serve clams,110
1849,how many vacation days i have used,70
1850,"how is the traffic normally driving into downtown washington, dc, from baltimore at 4:00 pm",77
1851,how do i upgrade my operating system,-1
1852,why does us bank have a hold on my account,59
1853,turn to volume 4,52
1854,what were indians like 100 years ago,-1
1855,what is the core meaning of life,17
1856,please book a meeting room for thusday at 4:00,54
1857,play the song called baby shark,128
1858,will you make sure ann and scott know my location,84
1859,that's right,7
1860,what company do you work for,103
1861,my 401k needs to rollover and i need your help,60
1862,i would like to get a new credt card,4
1863,what can i call you,106
1864,how many people died in yesterday's storm,-1
1865,any new info on my vacation,104
1866,can you tell me your age,117
1867,what is expire of milk,95
1868,how much is $30 usd in canadian dollar,37
1869,how are the reviews for the supreme pizza at papa john's,31
1870,what happened to my luggage,32
1871,walk me through the steps involved in changing my oil,25
1872,i need a table for two at the havana at nine,135
1873,am i close to arriving at the post office,73
1874,my card is damaged,142
1875,change to girl voice,75
1876,"can you help me find my phone, please",111
1877,regards,79
1878,"i want to bring my card on the texas trip in june, will it be expired by then",105
1879,tell me all the things i need to buy to make pasta,100
1880,mexico travel alerts,58
1881,what do i have to do to transfer my 401k,60
1882,i would like to jump start my car,57
1883,you take sweeping of my todo list,120
1884,do i have overdraft protection,-1
1885,refresh my memory about what items i want to remember,29
1886,could i perhaps increase by credit limit by 500 dollars,69
1887,can i get someone to check my check engine light,48
1888,check what is on my to-do list,62
1889,look up the name of this song,27
1890,skip ahead one song,130
1891,are there any school closures today,-1
1892,would you freeze my bank account,5
1893,should i schedule a car maintenance,48
1894,please help me figure out how to set up a meeting,54
1895,tell me who makes the best dvd's for movie storage,-1
1896,i need a routing number,89
1897,can the nsa crack the encryption on my iphone,-1
1898,would you need more shots to go to mexico,66
1899,tell david my location,84
1900,which day is it now,14
1901,how do i apply do get myself a visa,4
1902,find me a book on motivational speaking from amazon,-1
1903,is there traffic on i-95 north to new york from philadelphia,77
1904,skip this track,130
1905,please set a reminder for me to put the clothes in the dryer,107
1906,which movie is it that someone says perfectly balanced as all things should be,-1
1907,how soon milk expires,95
1908,help me set up a meeting please,54
1909,confirm my reservation for march 12 at 9:00 am,116
1910,is there a substantial credit limit on my visa,10
1911,tell me amazon's choice for a set of 4 dinner plates,-1
1912,whats the total of my taxes,132
1913,when can i expect my paycheck,119
1914,is your voice from a human or is it synthesized,129
1915,must call my bank about my travel plans,88
1916,is my apr rate better than most,55
1917,when will my next vacation day be,112
1918,tell me nutritional info for fish,131
1919,when is the next day we have off,112
1920,what type of gas should i use,137
1921,how can i locate my credit score,23
1922,is my vacation approved,104
1923,how much money am i making this year at work,91
1924,what kind of music on the speaker now,27
1925,can you teach me how to change my oil,25
1926,tell me when to get my tires changed,146
1927,who was your maker,9
1928,play oldschool rap,128
1929,have i told you to add washing dishes to my todo list,62
1930,adjust settings back to original factory settings immediately,19
1931,please make a call to stefan larson,20
1932,change the code of my savings account to be 1234,136
1933,what steps do i need to follow to jump start my car,57
1934,"hi, how are you today",114
1935,help me convert kilos to pounds,38
1936,"can you play the song that goes like, ""starships were meant to fly",128
1937,erase all voicemails in my inbox please,-1
1938,i need to replace a card that my daughter spilled juice on,142
1939,are there any shots i need to travel to karachi,66
1940,what could cause a hold on my savings account,59
1941,i need to increase credit limit for my chase card,69
1942,are you a person that's real,129
1943,what is the calorie count for this milkshake,76
1944,ist all carry-on restrictions applicable to my flight,80
1945,create emergency phone numbers list,-1
1946,my capital one visa was taken without permission,109
1947,how do i write an iep for a high schooler,-1
1948,what number of days do i have for vacation,36
1949,i am hoping you can put a stop on my bank account,5
1950,whats the traffic for the drive to the nearest restaurant,77
1951,remind me what my weight loss goals are,-1
1952,can i make a car maintenance appointment,48
1953,are you a person or robot,129
1954,i want to freeze my bank account,5
1955,when is next month's cable bill due,43
1956,go to whisper mode for one hour,42
1957,who is your job with,103
1958,what can i do to get rid of this event,67
1959,add eggs to my shopping list if it's not already there,51
1960,undecided,18
1961,set the ceiling fan to low,11
1962,do you have any suggested roman recipes,3
1963,tell me where my order is,145
1964,what does my checking account at chase earn in interest,63
1965,i need to call my coworker,20
1966,find an article on celebrities who made it out of poverty,-1
1967,tv turn it on,11
1968,give me a joke about the subject of bugs,15
1969,what is my credit card spending limit,10
1970,is there meaning to life,17
1971,does someone else control you,103
1972,is there a fee for cancelling a flight i've booked,-1
1973,where can i buy new shingles,-1
1974,i'd like to use you using russian,113
1975,i need to to know how to report a lost card,109
1976,when is the next time i'll receive a paycheck,119
1977,my luggage has disappeared,32
1978,is my reservation set for john at bardenay,116
1979,has my vacation time been approved,104
1980,please remove lunch with sally that is on my calendar on tuesday the 8th,67
1981,which stocks gained the most today,-1
1982,what kinds of hobbies do you have,90
1983,is anything being newscasted about the threat of famine in chadu,-1
1984,get my paycheck to direct deposit,45
1985,i want a step by step explanation of how to change the oil in my car,25
1986,what time is it in california,138
1987,what's my checking look like,26
1988,what are popular sports magazines,-1
1989,cancel my reservation for dinner tonight,41
1990,is it safe for me to visit malawi,58
1991,what's the timezone now in hiram,74
1992,please go on amazon so i can buy bluetooth speakers,8
1993,what is the minimum i can pay on my insurance bill,149
1994,what will it take to achieve world peace,-1
1995,give me the status on my united airlines flight,1
1996,i want my phone to be disconnected from you,148
1997,not so loud,52
1998,"help me plan my traveling itinerary for my trip to madrid, i want to see lots of sights!",133
1999,play next song,130
2000,speak to me in dutch,113
2001,restart your actions with the original settings you came with,19
2002,do i have to put my mouth on theirs when doing cpr,-1
2003,do you think being alive has any meaning,17
2004,will i be charged transaction fees if i use my american card internationally,16
2005,how does measurement a convert to measurement b,38
2006,"what is 25% of $54,788",118
2007,are there are any good places in washington that serve cheese pizza,110
2008,they sold out of tacos at the buffet,31
2009,help me redeem my reward points,97
2010,how should i address you,106
2011,what company made this ai,9
2012,good speaking to you,79
2013,i want to know how you are doing,114
2014,where do i report that my card was lost,109
2015,set whisper mode to off,42
2016,"hey, what's up",114
2017,what travel alerts are in effect for the us,58
2018,how can i change to new insurance plan,102
2019,what time is boarding for my flight,1
2020,can you put the car in fuel efficient mode,-1
2021,"i have lost my card, what am i supposed to do",109
2022,read my list of reminders,29
2023,when should i remove my snow tires,-1
2024,can you roll a die for me,0
2025,what do you enjoy doing in your off time,90
2026,i have a crap transaction from guitar center on my account,61
2027,i didn't catch that,115
2028,can you retrieve client d's file please,-1
2029,i gotta know my car;s tire pressure,123
2030,what is the expiration month and year on my credit car,105
2031,does applebees do reservations,139
2032,how many vacation days do i still have available,36
2033,"flip a coin, i call heads!",44
2034,can i change my credit limit,69
2035,give me examples of what to ask you,35
2036,put volume setting on number 4,52
2037,find me a graphic tutorial on writing longhand,-1
2038,do you have a pet,82
2039,tell me some things to do in phoenix,133
2040,vacation request please,98
2041,set a 5 minute timer,94
2042,text mark and tell him to leave now,83
2043,"can you cancel that request, please",87
2044,please send my location to kevin and also to lucy,84
2045,later,79
2046,give me a listing of all my dvd's,-1
2047,check current prime mortgage rate,-1
2048,what is the weather doing now,47
2049,tell me the answer to 1000 divided by 40,118
2050,where is flight dl123,1
2051,is there an alternate bus stop close to my home i can use,-1
2052,what do people think of the new burger at mcdonalds,31
2053,i want an alarm set,2
2054,what's on my todo list for today,62
2055,i want to change my savings account pin to 1234,136
2056,will i incur transaction fees if i use my american card internationally,16
2057,help me change my oil,25
2058,what is the proper spelling of corporate,124
2059,how long ago did i take my car to the shop,92
2060,please spell check my resume,-1
2061,i need an uber for 5 to go to the concerthall,96
2062,if i use my discover card in cuba are there transaction fees,16
2063,"what will traffic be like nearest the george washington bridge, new york",77
2064,how low are my tires right now on air,123
2065,what's the wait period until the next day off,112
2066,i need to know where my due date is for my lawn bill,43
2067,whats the exchange rate for us dollars to british pounds,37
2068,display the song lyrics for me,-1
2069,how do you start an essay,-1
2070,"could you help me locate my phone, please",111
2071,what is my checking account number,-1
2072,i want to track a package i should be getting,145
2073,i'd like to know what song this is,27
2074,what is my amex minimum payment,149
2075,can you freeze my bank account,5
2076,check the status of my amazon orders for me,-1
2077,does disney world close when it storms,-1
2078,what should i take for nausea,-1
2079,what is the day off request status if you would tell me,104
2080,is it safe for me to go to turkey,58
2081,check: car gas mileage,68
2082,what is the timezone for paris,74
2083,"what must i pay, at a minimum, on my verizon bill",149
2084,what is the process for jump starting my car,57
2085,how many flavors of mnm's are there,-1
2086,what time do i have to go to work today,-1
2087,what activities can i to do outside today,-1
2088,do i need a visa to go to colombia,126
2089,what's on my list of things to remember,29
2090,how do you cooked eggs,21
2091,is the marathon on friday added to my calendar,141
2092,can you connect to my phone,148
2093,what is the carry-on policy for flights on southwest,80
2094,deny incoming phone call,-1
2095,what is the price to buy more data on my phone,-1
2096,how much should i tip on this bill,-1
2097,let me know how to rollover my 401k,60
2098,can you roll a ten sided die and tell me the number,0
2099,disconnect from wifi immediately please,-1
2100,find out where i can by melamine dinner plates,-1
2101,how much do i have to pay this month,99
2102,tell me the full name of my health plan,78
2103,which countries have travel alerts,58
2104,what is playing on the speaker at the moment,27
2105,what are yahoo's top stories right now,-1
2106,i would like to know my vacation days balance,36
2107,tell me what the gas mileage is on my car,68
2108,that would be correct,7
2109,can you add an event to my calendar,67
2110,i need to rent a car for may 8th to may 25th in danville and i'd like a ford,46
2111,do i need a us visa for cuba,126
2112,please put lawn mowing on my list of to dos,120
2113,where did you live before you moved here,121
2114,ok good chatting goodbye,79
2115,set a 3 minute timer,94
2116,tell me the interest for my savings account,63
2117,"i need to change my insurance policy, do you know how",102
2118,put what i'm listening to on my workout playlist,127
2119,what items did i want to remember,29
2120,i need an uber for 5 people to go to the statue of liberty,96
2121,the place you were born is,121
2122,what transactions did i make on electronics this morning after 6am,64
2123,put on some metallica music,128
2124,i have to cancel my reservation,41
2125,"in x, help me book a car",46
2126,what oil is best for chicken,-1
2127,stop all access to my account,5
2128,what do you think my name is,28
2129,when does milk will go bad,95
2130,is flight dl123 going to arrive on time,1
2131,i want a recipe for roasted veggies,21
2132,on feb 3rd i changed my tires are they still good,146
2133,hoq many calories does pasta have,76
2134,when's the next time i should change my oil,81
2135,what's on my purchase list,30
2136,how much credit do i have on my discover card,10
2137,how do you unclog a toilet,-1
2138,what are some interesting things i can do while in raleigh,133
2139,where is the closest gas station to glendale,22
2140,please tell me the status of the government shutdown,-1
2141,what is the breath to compression ratio for cpr,-1
2142,how can i find out what my tire pressure is,123
2143,how much damage did the last earthquake here do,-1
2144,how many push-ups do i need to do to get ripped,-1
2145,how do i report my very lost card,109
2146,either or,18
2147,how do i order some more checks for my usaa account,125
2148,set my paycheck to direct deposit to chase account,45
2149,this charge is bs,61
2150,am i almost due for a tire change,146
2151,my tires are how low on air,123
2152,"add mary to my phone plan, please",-1
2153,what does my shopping list contain,30
2154,do we know if my reservation for john at bardenay was accepted,116
2155,where should i go for food tonight,110
2156,how do i install new cabinets,-1
2157,let's go to the next song please,130
2158,how does measurement slugs convert to measurement lb,38
2159,do you currently have any pets,82
2160,how much do i owe visa,99
2161,"if i go to columbia, will i need a visa",126
2162,when's your birthday,117
2163,has my application for discover card gone through yet,49
2164,i'd like to go to malaysia so do i need a visa,126
2165,what is the carry-on policy for flights on transaero,80
2166,what shots do i need if i'm travelling to odessa,66
2167,does olive garden have good customer reviews,31
2168,check on my to-do list items,62
2169,take everything off my to do list please,120
2170,how would i say what is your name if i were french,140
2171,what do i do to get a visa card,4
2172,is there an international charge for using my card in france,16
2173,i need to update my address,-1
2174,how soon does my credit card expire,105
2175,please can we go to the next song,130
2176,what is the timezone for houston,74
2177,can you find me a rice recipe,21
2178,what hobbies do you like to do,90
2179,did i remember to put oatmeal on my list,30
2180,can you throw out some suggestions to me of places to travel to,133
2181,someone used my chase card without my authorization,109
2182,what veggies can i pair with mushrooms,-1
2183,"flip coin, heads!",44
2184,if i get a visa can i travel to japan,126
2185,i need this song on my meditation playlist,127
2186,what is the lowest amount i can pay for my insurance bill,149
2187,do i have twinkies on the grocery list,30
2188,need to know the weather now,47
2189,give me examples of what some of your hobbies are,90
2190,i want to know my credit limit,10
2191,when can i expect to be paid,119
2192,are the reviews for ned's good,31
2193,how is the status of my credit card application coming along,49
2194,give me some ideas for boosting my credit score,86
2195,give me my wallet location,-1
2196,what does mature mean,33
2197,please tell my bank i'm traveling to mexico between next wednesday for a week after,88
2198,where is te lawrence,-1
2199,i need to track a package,145
2200,do i control you,103
2201,how many carry ons can i take on a flight with american airlines to japan,80
2202,i want to know the status of my vacation request,104
2203,how is the weather in austin,47
2204,what's up with my order,145
2205,for my chase account can i order some checkbooks,125
2206,i last got my oil changed when,92
2207,what do i need to do to cook a chicken,21
2208,can i get an uber to drive me to the movies,96
2209,tell me how much energy i have consumed so far this year,-1
2210,tell me the steps as to how to begin a career as a journalist,-1
2211,which plug is used in japan,53
2212,don't call me anything besides bailey,71
2213,how many sick days do i have,36
2214,when is the next time i need to get an oil change,81
2215,there is no way in heck that is true,34
2216,how do i set the time on my tag heuer,-1
2217,"what is up with my account, why is it blocked",59
2218,who invented the internet,-1
2219,charge my internet bill to the corporate account,40
2220,i'd like to find some curtains that look good in this room,-1
2221,350 set the oven,11
2222,i have to cancel my reservation after all,41
2223,are there any required shots in indonesia,66
2224,i am not understanding the language you are responding in; switch it for me,113
2225,is the wait at pizza hut long,108
2226,can you tell me the weather forecast,47
2227,setting up direct deposit,45
2228,"could you suggest a french restaurant, please",110
2229,what is the state of the weather in seattle,47
2230,tell me my chase credit card's apr,55
2231,am i talking to a real live person,129
2232,find out where parking is close to the stadium,-1
2233,would i be safe if i traveled to japan,58
2234,thai food suggestions,3
2235,clear my calendar for february 29th,67
2236,"i would like you to change the settings back to factory default now, please",19
2237,are you okay,114
2238,"ai, what is your given name",106
2239,i seem to have lost my luggage! what are my options now,32
2240,tell me what the longest tributary is in venezuela,-1
2241,please let my bank know that i will be visiting spain from june 12th to the 24th,88
2242,why did negan return to his jail cell,-1
2243,i need tips on how to overcome insomnia,-1
2244,can you tell me how fast the average airplane enroute to california goes,-1
2245,is there a fee for using my card in portland,16
2246,send me videos of how to do a smoky eye,-1
2247,how long does it take to get a new credit card,143
2248,abort mission,87
2249,can i put in a pto request for september 1st to september 8th,98
2250,sign me up for the writing class you told me about 2 days ago,-1
2251,let me know the process for new insurance,102
2252,female voice please,75
2253,what do you think about me calling you cora,6
2254,how much of the gas do i have left,12
2255,please turn on factory settings,19
2256,can you speak quieter,52
2257,cancel my subscription to scientific american,-1
2258,how much in taxes will i owe,132
2259,how much does gun ammunition cost,-1
2260,i need information about my recent transaction,64
2261,i'd like to get soda while i'm out; add it to my shopping list,51
2262,what transactions do i have on groceries from yesterday,64
2263,is my apr rate good,55
2264,will my fico score decrease if i increase my student loan debt,86
2265,fill out the paperwork for tonys new daycare center,-1
2266,what are my benefits with this insurance,78
2267,what's the least i can pay this month,149
2268,how many people suffer from mental illness,-1
2269,"alexa, connect to the phone now",148
2270,what are the nutrition facts for apple sauce,131
2271,what is the time in the usa,138
2272,show me all biographies on teddy kennedy,-1
2273,how many hits have i done today,-1
2274,when will the next boston marathon be,-1
2275,"do you know how to spell, bourgeois",124
2276,plug used in china,53
2277,what is the carry-on policy for flights on american airlines,80
2278,what size pipes are used for sinks,-1
2279,when is the next time i should get my tires changed,146
2280,does pnc have a routing number,89
2281,show my transactions,64
2282,can you tell me the time zone for la,74
2283,i need an alarm set now,2
2284,i want this song on my pregame playlist,127
2285,could steak be used instead of chicken,65
2286,are there any sales on groceries today,-1
2287,i need reviews for places serving tacos in chicago,110
2288,what's the way you refer to me,28
2289,it is good to see you,114
2290,i want to eat something from turkey,3
2291,save my text on my laptop hard drive,-1
2292,how many points have i earned with my paypal credit card so far,144
2293,when is my card expired,105
2294,what kind of things to you like to outside of work,90
2295,what steps should i take if i want to ensure my credit score doesn't drop,86
2296,what is the exchange rate between euros and pesos,37
2297,how long does it take to get downtown by bus,73
2298,when's pay day for me,119
2299,whats the total of my federal taxes,132
2300,tell me who aphrodite is,-1
2301,i sat on my credit card and broke it in half and need it replaced,142
2302,make a purchase of doritos,8
2303,play music by ludacris,128
2304,how high is my credit limit,10
2305,what is the total of my state taxes,132
2306,"i would like to increase my credit limit, can i do so by 500 dollars",69
2307,please note vacuuming on my to do list,120
2308,i no longer want you to be synced to my phone,148
2309,what is the main cause of becoming homeless,-1
2310,how much of a credit limit does visa allow,10
2311,how do i get rid of sore throat at home,-1
2312,what are the travel conditions for haiti,58
2313,has my mastercard application been processed,49
2314,what items are on my list of to-dos,62
2315,what is the process of setting up direct deposit,45
2316,are there any travel advisories for the us,58
2317,what is a normal resting heart rate,-1
2318,zip the back of the brides maid dress,-1
2319,what's the weather like today,47
2320,can you identify this song playing through the speaker right now,27
2321,i need to rent a car from traveler's rent a car downtown and make it from friday the 6th to monday the 9th cheapest available,46
2322,check my schedule for meetings today,50
2323,create a 500 word letter expressing love,-1
2324,i want to put this on my rock playlist,127
2325,have i gotten around to adding the bike ride to my calendar yet,141
2326,"what's a good, popular american meal",3
2327,how can i get a limit increase on my discover card,69
2328,what time is it in the greenwich timezone,138
2329,tell me the minimum i can pay on my utilities bill,149
2330,i have a bogus transaction from amazon on my account,61
2331,i need a pasta recipe,21
2332,book me a flight from midway to jfk for less than 200 dollars,85
2333,tell my bank i'm in canada the entire week of the 6th to the 13th,88
2334,so how busy is the outback steakhouse at 5 pm,108
2335,who do i contact to report fraud on my visa,61
2336,check to see if i still have allergy medication,-1
2337,what timezone is britain in,74
2338,i need to know how to spell the word serendipity,124
2339,get me articles and pics of different types of household bugs for this area,-1
2340,i don't remember buying this,61
2341,how do i plug stuff in in france,53
2342,"i want to rollover my 401k , can i",60
2343,i would like you to cancel the dinner reservation for williams at the palace tonight,41
2344,michael will reserve a table for two at 7:00pm for olive garden,135
2345,do you have any information on how to open a new credit card,4
2346,thank you very much,101
2347,look up ways for me to advance my job placement,-1
2348,what is the highest belt in karate,-1
2349,how long does it take to bake a cake,13
2350,i need to know how to schedule a meeting,54
2351,find engineering programs to apply to,-1
2352,look up some christmas songs for me,-1
2353,do i have a meeting with paul today,50
2354,is there a fee to use my card in france,16
2355,so what subjects do you like,35
2356,open bank app and show my most recent transactions,64
2357,change voice to female,75
2358,is the earth flat,-1
2359,i wish to apply for a visa card,4
2360,when will the daffodils bloom this year,-1
2361,can we move onto the next song,130
2362,turn on metallicas greatest hits,128
2363,what movie is it that says today is a good day to die,-1
2364,remove grocery shopping from todo list,120
2365,what is the most popular movie currently in theaters,-1
2366,how do i use my card reward points for my next flight,97
2367,give me my to-do list,62
2368,when was my lawn last mowed,-1
2369,will the bank charge transaction fees if i use my american card internationally,16
2370,i will say yes as my response,7
2371,start the timer,94
2372,refer to me as bailey,71
2373,"let's try and confirm my reservation for bubble bar under ""franklin",116
2374,please tell me how to get a new credit card,4
2375,how does one set up direct deposit to my bank account,45
2376,tell me my current health plan,78
2377,can you please repeat that,115
2378,what are the travel alerts for the us,58
2379,what is the day off request status please,104
2380,"how do you spell ""montpelier",124
2381,you have yo go to school on calendar,141
2382,what bills is congress talking about passing or blocking today,-1
2383,change color contrast,-1
2384,change speaking speed to 50 percent faster,72
2385,when does my gas bill need paid by,43
2386,transer $800 from my checking to savings account,122
2387,show me a list of top rated airlines,-1
2388,convert 200 us dollars to british pounds,37
2389,how do i ask for a limit increase on my discover card,69
2390,can you text walt and tell him to meet me at the car wash,83
2391,does bank of america give credit cards to people like me,4
2392,what is albert einstein famous for,-1
2393,can you roll a four sided die and tell me the result,0
2394,that might be the case,18
2395,request a refund on the car wax i bought yesterday,-1
2396,delete jury duty from my calendar for may 7th,67
2397,look up website on container gardening,-1
2398,what is the routing number for pnc,89
2399,show my position on the map,134
2400,are there transaction fees for discover cards used in rome,16
2401,send me a quote from a motivational speaker twice a day,-1
2402,how can i add my signature to the proposed bill legalizing prostitution,-1
2403,please speak a bit faster,72
2404,add my wife as an authorized user to checking account 20905432,-1
2405,what do mummies eat,-1
2406,what do you know about lifes meaning,17
2407,what do i do to order new checkbooks for my well's fargo account,125
2408,can i apply here for a new card,4
2409,do my tires have enough pressure,123
2410,make saound function operate in whisper mode,42
2411,see how many days i've taken off so far,70
2412,what kind of insurance plan am i in,78
2413,is it possible to get reservations at ihop,139
2414,how could i replace my oil and what form of oil ought to i take advantage of,25
2415,what do i put on my feet,-1
2416,what is the carry-on policy for flights on the airline called jetblue,80
2417,where can i go to have my tires checked out,48
2418,i need the data and price from my state taxes,132
2419,what channel is cw on,-1
2420,i would like to report fraudulent activity on my chase card,61
2421,find the closest cvs near galleria mall,22
2422,"book a rental car to rhode island for friday, tomorrow",46
2423,what does a flashing yellow light mean,-1
2424,can you complete an application for a new credit card for me,4
2425,how much gas do i have in my tank,12
2426,i want an alarm for 6 am,2
2427,is the depiction of gold mining in the movie the ballad of buster scruggs realistic,-1
2428,find out what the maximum memory size is that i can buy in a dvd,-1
2429,how many harry potter books are there,-1
2430,check to see if i need a pass to use the parking garages downtown,-1
2431,how unhealthy is stress,-1
2432,turn on the tv,11
2433,how long does it take to make mashed potatoes,13
2434,"so, does it take long to get to dodger stadium in anaheim",73
2435,how much vacation time do i have,36
2436,do you know my phone's location,111
2437,start a portfolio on venture capital funding for me to look over,-1
2438,how many star wars movies are there,-1
2439,text dan and tell him to go home,83
2440,"can you find a rental car for me that is available this monday through thursday , any make will do",46
2441,how many people have insomnia,-1
2442,let me know some things i can do in dallas,133
2443,please buy me something,8
2444,keep volume at 4 all the time,52
2445,i'm changing your name to joe,6
2446,let me know when my credit card expire,105
2447,do i have a ways to go or am i close to getting to penn station,73
2448,can you tell me the s&p average,-1
2449,how do i get the form to file my taxes from my employer,39
2450,"what's going on in the world today, anything major",-1
2451,i need to know when i should change my tires,146
2452,make a list of the top 100 famous quotes,-1
2453,what's wells fargo's routing number,89
2454,schedule an appointment with the credit counselor for tuesday,-1
2455,what is the bank's routing number,89
2456,please clear my calendar,67
2457,what is the total amount i spent last week,24
2458,show me the most popular nonfiction book currently on the market,-1
2459,i want to report a damaged card,142
2460,i want an uber for one person to go to bank of america,96
2461,take the doctor appointment off my calendar please,67
2462,are you my insubordinate,103
2463,i need to lock my account right now!,5
2464,what kind of glue is used for gluing pipes together,-1
2465,send sarah my current location,84
2466,set an alarm for me,2
2467,make a reminder to pay my cable bill today,107
2468,what events do i have going on on march 11th,141
2469,how do you relieve a hangover,-1
2470,what day did i set on my calendar for the first day of school,141
2471,can you find what my credit score is,23
2472,how long is the wait at fridays,108
2473,i have to use the phone to make a call,20
2474,what do i need to make macaroni,100
2475,let me know how long until the next day off,112
2476,show me how many community centers are located within 5 miles of my location,-1
2477,"i need a meeting room between 3-7, are any available",54
2478,make a list of facts about green book,-1
2479,i must know the closest gas station to glendale,22
2480,i'd like to start calling you friend,6
2481,can you tell me britain's timezone,74
2482,what are popular lifestyle magazines,-1
2483,"can you cancel that, please",87
2484,change audio to whisper mode,42
2485,go my to checking account and switch my pin to 1234,136
2486,i need a laptop with 16gb of ram,-1
2487,what's my health insurance plan,78
2488,"i'm going to be in mexico from thursday to friday, so can you let my bank know",88
2489,how much have i spent on tires this month,24
2490,set up a reminder so i don't forget the baby shower this weekend,107
2491,where can i find a w2,39
2492,switch over to low power mode to preserve battery life,-1
2493,"i believe that my car battery has died, what do i do next",57
2494,can you help me pick some fun things to do in london during my trip,133
2495,i need you to switch the language you are responding in,113
2496,give ann and scott my location,84
2497,contact uber and have them pick me up,96
2498,what are some good games for my android phone,-1
2499,is anything on my grocery list on sale today,-1
2500,what did i want to remember,29
2501,i do not recall the pin number to my card,136
2502,spell curiosity for me,124
2503,where can i get my w2,39
2504,can you tell me how long it will take to cook a lasagna,13
2505,how many inches are in 36 feet,38
2506,how long will i be on the bus if i rid it to seattle,73
2507,my credit score stinks but i don't know how to improve it,86
2508,what is the safest model of airplane to fly in,-1
2509,look up how high my visa limit is,10
2510,i need a good italian dish,3
2511,can someone take a look at my car because the check engine light is on,48
2512,can you mark this note as important,-1
2513,what should i do if i need to report my card lost,109
2514,i need you to order a new pair of eyeglasses for me,-1
2515,i would like to report my american express card stolen,109
2516,how do i order more checkbooks for my well's fargo account,125
2517,change name for me,71
2518,how to be millionare,-1
2519,what's the timezone for britain,74
2520,"i watched ""were the millers"" on netflix last night",-1
2521,what is the balance on my vacation days,36
2522,i need more checkbooks mailed as soon as possible,125
2523,where's the closest car wash my car smells,-1
2524,what is the highest quality carpet available,-1
2525,can you look at what average reviews say about the new windows phone on amazon for me,-1
2526,how do i set up direct deposit,45
2527,i'd like to hire someone to wash my car,-1
2528,tell me a joke about the subject of sailing,15
2529,"flip the coin, i choose heads",44
2530,how do i learn more about linguistics,-1
2531,call an uber to take a group of 4 from this bar to the one on maple st,96
2532,i am in need of new checks i'm completely out of mine,125
2533,open cnn websiteo,-1
2534,i would like to know the timezone for britain,74
2535,well hi there,114
2536,purchase grass seed from the store,8
2537,am i eligible for a new credit card,4
2538,date please,14
2539,please explain the word catastrophic to me,33
2540,tell me my hsbc card credit limit,10
2541,i accidentally deactivated the magnetic stripe on my visa debit card and i need to report it,142
2542,what is the expiration date of my credit card,105
2543,i think this transaction is bogus,61
2544,"hey, how are you",114
2545,what do i do with a damaged credit card,142
2546,how can i rehabilitate my poor credit score,86
2547,i need milk on my shopping list,51
2548,"text chrissy, i'm on my way",83
2549,move rap god to my motivational playlist,127
2550,please kindly inform my bank i'm going to be in canada from next week to two weeks after,88
2551,what is the procedure for signing up for a new allstate plan,102
2552,please book another boat for this weekends trip,-1
2553,i need to know how to change oil in a car,25
2554,clear my search history,-1
2555,find out what gentlemen are wearing to weddings these days,-1
2556,please alert my bank i'm traveling to europe between april 1st and 5th,88
2557,can you not talk so fast,72
2558,what are the words to the chorus for this song,-1
2559,the pin number to my card has been forgotten,136
2560,what should i do to get my car jump started,57
2561,how much data does my phone have left this month,-1
2562,can i get more credit,69
2563,i'm afraid i don't know how to answer that,18
2564,when should i get my car's oil changed next,81
2565,can i put in a pto request for january 4th to january 9th,98
2566,may i ask your age,117
2567,are shots required before traveling to china,66
2568,what is the minimum amount i can pay on my gas bill,149
2569,how many prime numbers are there between 0 and 100,-1
2570,"looking at the past month, what did i spend total",24
2571,is it okay to change your name to samson,6
2572,can i get to work on my fuel tank,12
2573,see if you can purchase a spacesuit online,-1
2574,how do i find out my tire pressure,123
2575,do you know if i can make reservations at bj's,139
2576,how much of my pto is gone,70
2577,which airports do southwest service around the greater new york city area,-1
2578,give me a list of the top 5 issues people have in this country,-1
2579,what's the food can easily get in canada,110
2580,is my todo list possible today,62
2581,ai answer my questions with my name first which is deb,71
2582,good bye,79
2583,are you actually a person,129
2584,what's the best price on a gray xl ll bean men's parka,-1
2585,are you allowed to call someone a dirty name as part of free speech,-1
2586,your a bot aren't you,129
2587,please stop the current process,87
2588,where do i go to get that work tax form thing,39
2589,how is my vacation looking,104
2590,inform my bank i'm seeing italy,88
2591,how long do i have to wait to get a day off,112
2592,let me know what tomorrow's date is,14
2593,search for chili recipes,21
2594,what interest rate am i getting from sunflower bank,63
2595,tiger,-1
2596,please tell me my car's tire pressure,123
2597,i can't find my luggage,32
2598,i really gotta book a place to stay in phoenix from the 5th to the 9th of march,56
2599,i need guidance on changing my oil,25
2600,what does confrontation mean,33
2601,what time is it in the mountain timezone,138
2602,would a socket converter be needed in france,53
2603,i want a fun fact about london,93
2604,signing off,79
2605,"go ahead and hold a conference room for friday at 11 am, please",54
2606,let me know if you are a human or are a computer,129
2607,can you tell me what the meaning of life is,17
2608,how much is it to get more data on my phone plan,-1
2609,who is responsible for your employment,103
2610,i have used how much pto so far,70
2611,what day did i last take my car to the shop,92
2612,add color to the black and white photos,-1
2613,"i'd like to send a text to jack, say ""hi",83
2614,show me my recent transactions from account xyz,64
2615,i want to know my income,91
2616,i need to call my mom,20
2617,how to fix walls,-1
2618,what is the time signature for the castlevania song bloody tears,-1
2619,how many dollars have i spent on coffee this month,24
2620,find a credit counseling service for me on the web,-1
2621,what steps do i need to take to report a card lost,109
2622,i want a flight from new york to san francisco using delta,85
2623,stop it now!,87
2624,i am needing to know what some of your hobbies are,90
2625,describe to me how i can learn to make small talk,-1
2626,i would like to know my debit card's rewards balance,144
2627,i wanna get my w-2 form,39
2628,do i need vaccinations if i go this country,66
2629,what do you do if your 4 year old just ate playdoh,-1
2630,find out how long a cold should last before i call a doctor,-1
2631,i need assistance scheduling a meeting,54
2632,how would you say fly in italian,140
2633,how much do i get paid,91
2634,can a polar bear live in alabama,-1
2635,how do i adjust my credit limit,69
2636,i want a hotel in phoenix near chase field from january 4th to the 8th,56
2637,what is the last transaction on my visa card,64
2638,i am in the market for a new insurance plan,102
2639,i made a transaction recently,64
2640,i would like to make a call to sal,20
2641,is beer legal in this state,-1
2642,what's the average rent of apartments in my city,-1
2643,go back to your manufacturers' settings,19
2644,walk me through the process of scheduling a meeting,54
2645,how do i do a 401(k) rollover,60
2646,where's my buddy steve right this second,-1
2647,when does napa close,-1
2648,how would i say i am lost if i were japanese,140
2649,tell me how to apply for a credit card,4
2650,that's correct,7
2651,i would like to know how many points have i earned with my credit card,144
2652,may you please say that again,115
2653,should i get a travel visa if i want to go to guyana,126
2654,can you assist me in moving money from one account to another,122
2655,i am not sure how to spell the word liaison,124
2656,will you tell me how the ai is doing,114
2657,i have to report fraudulent activity the bank of america card,61
2658,i need to know when my electricity bill is due,43
2659,please let me know how to change the oil,25
2660,i want my account locked out,5
2661,can i put in a pto request for monday to wednesday,98
2662,please give me the name of a few good options for places to eat dinner tonight,110
2663,what is phosphorus on the periodic table,-1
2664,freeze my account at the bank immediately,5
2665,where were you processed,121
2666,how can i fix my card being declined,147
2667,i need to know the conversion between teaspoons and tablespoons,38
2668,what's the best make-up to cover a black eye,-1
2669,id like to change your name to max,6
2670,who is jane goodall,-1
2671,will i need to have a plug converter when i visit madrid,53
2672,i shall know how low are my tires on air,123
2673,can i fly from atlanta to san francisco for less than 100 dollars,85
2674,what is the minimum i can pay on my phone bill,149
2675,what is the amount due on my visa,99
2676,put on my 90s playlist,128
2677,list my reminders,29
2678,where can i find that tax form my employer gives me,39
2679,what's the spending limit on my lloyds card,10
2680,what does yolo mean,33
2681,"i need a w2, so where is it",39
2682,what's the exchange rate between ils and usd,37
2683,i need help finding my luggage,32
2684,change audio settings to the whisper option,42
2685,call up instructables website and find article on bike assembly,-1
2686,i want to speak to you in swiss german,113
2687,order all items on my shopping list,8
2688,"my check engine light is on, i need someone to look at it",48
2689,"how do i deal with angry, painful red bumps",-1
2690,"siri, book a car rental to the poconos today right now",46
2691,it is false,34
2692,search steps for how to report a card lost,109
2693,how would i say where is the bathroom if i were korean,140
2694,what's the cost of buying a sump pump,-1
2695,"i think i owe about 100 left on my bills, am i forgetting anything",99
2696,how many days left until the next day out of work,112
2697,find a credit mentoring service number for me please,-1
2698,lets talk about what my federal taxes look like,132
2699,can you phrase that question again,115
2700,how long does it take for grass seed to grow on my lawn,-1
2701,why was my card not accepted,147
2702,how long would it take you to die of thirst in the sahara desert,-1
2703,"i need to order some new checks, i'm all out of them",125
2704,i would like to know the name you have for me,28
2705,how far has my application for the hsbc card proceeded till now,49
2706,please add laundry to the chores,120
2707,can you see if the octopus eggs have hatched yet,-1
2708,how much are the taxes on my income,132
2709,my credit rating is what,23
2710,when was albert einstein born,-1
2711,does sweden use the same kind of socket or do i need a converter,53
2712,tell me a summary of reviews that oakley frogskins get on amazon,-1
2713,find square root of 453,118
2714,what should you be called,106
2715,i want to hear my slow playlist,128
2716,how far out is flight dl123,1
2717,please tell me if my application for the hsbc card has gone through yet,49
2718,i need a reminder to alert me to wish my mom a happy birthday,107
2719,do you mind if i ask how old you are,117
2720,where's the best place to hike in the rockies,-1
2721,go back to the default settings please,19
2722,tell me the time in california,138
2723,i want to set an alarm,2
2724,i need to track the status of my order,145
2725,how to take care of the sick,-1
2726,consult the gq website to find what men wear to weddings,-1
2727,i need a hotel room that is big enough for eleven people from march 10th to the 15th in phoenix,56
2728,i want to know how to go about getting a new credit card,4
2729,how can i convert centimeters to inches,38
2730,what type of gas do i use in this car,137
2731,bump some jams,128
2732,"that was a mistake, undo that",87
2733,how would i say thank you if i were mexican,140
2734,"if i want to set up direct deposit, how do i do it",45
2735,i really would like to get a new insurance plan,102
2736,take work from my calendar for may 7th,67
2737,give me my credit card expiration date,105
2738,please give me the time,138
2739,speak up,52
2740,please cancel the last input,87
2741,how do i best deal with the airport,-1
2742,can you add this song to my country music playlist,127
2743,i need to use pto on october 5th to october 10th,98
2744,"alexa, book a rental car to los angeles county in 2 hours",46
2745,i want to find new cyberpunk fiction books,-1
2746,i want to get the w-2 form,39
2747,in september i changed my tires are they in need of changing,146
2748,"how do you spell the word comity, i need to know",124
2749,do i need to apply for a visa for my trip to india,126
2750,i have a car payment that needs to be paid,40
2751,is it possible to use baking soda instead of flour,65
2752,"no, that is incorrect",34
2753,what is the air pressure of my tires,123
2754,how many milliliters are in 2 gallons,38
2755,how long is the bank open until,-1
2756,what is the animal for this chinese new year,-1
2757,"can you give me instructions on how to jump start my car, please",57
2758,why is the sky blue,-1
2759,are all televisions high definition,-1
2760,which vaccines will i need for cuba,66
2761,i need my account frozen!,5
2762,"use my navy federal account and pay this month's verizon bill, please",40
2763,i need to call sal,20
2764,what should i do if i saw a cockroach in my house,-1
2765,when will i arrive at hy-vee,73
2766,look up the conversion rate for the euro to dollar exchange,-1
2767,please flip a coin for me ai,44
2768,what's your home country,121
2769,what is some trivia question about coffee,93
2770,my name,28
2771,volume 4 set,52
2772,what day's my pay coming next,119
2773,make my pin 1234 for my checking account,136
2774,i wanna know your maker,9
2775,how many points do i have on my visa,144
2776,send my location to sis,84
2777,can you tell me the routing number to pnc,89
2778,can i move some money between my two accounts,122
2779,what is the fee for a cash advance,-1
2780,you can take dishes off my todo list,120
2781,what day am i on on vacation and how much do i got left,36
2782,set a reminder for when the turkey is finished cooking,107
2783,what amount of pto days do i have left,36
2784,"yes, please",7
2785,i need a delivery tracked,145
2786,is it safe to go to north korea,58
2787,how much does my water and electricity cost,99
2788,do you have any idea if the flying wing does reservations,139
2789,"ai you have given me so much information, thank you",101
2790,tell me the pin number for my checking account,136
2791,what do you like to be called,106
2792,is it okay to use applesauce instead of oil,65
2793,i need the conversion between a cup and a tablespoon,38
2794,i've just run out of butter and need you to order me some more,8
2795,oliver garden reviews,31
2796,i wanna transfer my 401k,60
2797,how do i request a vacation,98
2798,did you put carrots on the shopping list,30
2799,"could you call me a different name, please",71
2800,put the volume to 4,52
2801,flip a coin into the air,44
2802,confirm my reservation for joe at hoss's,116
2803,know any dad jokes,15
2804,what is my credit limit on my discover,10
2805,what fuel should i use for this car,137
2806,what's the time to destination going via bus to omaha,73
2807,compile a list of historical events from the boston marathon,-1
2808,"can i get some more checkbooks mailed to me, please",125
2809,find articles about the protests in parisi,-1
2810,talk faster,72
2811,am i in charge of you,103
2812,ai roll the dice,0
2813,i want to hear something funny about politicsi,15
2814,what's trending now,-1
2815,how do i ask the ai to help me with math problem,118
2816,what fuel do i put in this car,137
2817,that will be all have a nice day!,79
2818,so please reset your factory settings,19
2819,"""what's the method to improve credit score",86
2820,which company has gone up the most today,-1
2821,what do i do if i need my w2 for my my taxes,39
2822,tell me later to call bill,107
2823,are they any updates on my order,145
2824,please set the alarm,2
2825,i need to set an alarm,2
2826,what do i do to set up a vacation,98
2827,when will world war 3 begin,-1
2828,what's on my todo list,62
2829,where is the nearest circuit city,22
2830,i need some assistance paying my utilities bill,40
2831,can you tell me how to multiply two fractions,-1
2832,roll a 9 sided dice,0
2833,speak more quickly,72
2834,take everything off my to do list,120
2835,turn down your speaker,52
2836,safety concerns for malaysia,58
2837,will bj's take reservations,139
2838,how do i set up a direct deposit,45
2839,my online bill has some items that i didn't purchase from penneys,61
2840,sync with my phone please,148
2841,what are the reviews like for l'auberge aubergine,31
2842,i need to know this song,27
2843,start a timer please,94
2844,did i tell you to remind me about laundry,29
2845,i wanna know how to jump start my car,57
2846,chase account direct deposit options,45
2847,will you call and check on my reservation for john at bardenay,116
2848,what company designed this,9
2849,what is the minimum payable amount for my rent bill this month,149
2850,what happens if you're skydiving and your parachute doesn't open,-1
2851,tell me how to jump start my car,57
2852,where were you put together,121
2853,what interest rate am i getting from wells fargo,63
2854,direct deposit,45
2855,what is today's fun fact,93
2856,it appears my luggage is lost,32
2857,what do my pto days amount to,36
2858,i wanna know how many pounds are in 10 kilos,38
2859,how can you help me,35
2860,my meeting with alice is scheduled for when,50
2861,how do i order some more checks for my bank of america account,125
2862,can i bring perfume on the plane or what is the size limit,80
2863,is traffic good or bad at 9:00 on the way to detroit,77
2864,compile a folder of paintings of sparta,-1
2865,what time is my meeting with design team scheduled for,50
2866,set a timer for 10 minutes,94
2867,can i increase the credit limit on my discover card,69
2868,please share my federal taxes total with me,132
2869,turn volume to 4,52
2870,where should i report a damaged card,142
2871,find out the best tourist attractions to visit in moscow,133
2872,what instructions do i need to bake a cake from scratch,21
2873,what month is my card expired in,105
2874,take grocery shopping off my todo list,120
2875,please play my list of reminders,29
2876,i need la's time zone,74
2877,am i due for an oil change yet,81
2878,can you tell me if there are meeting rooms available between 1 and 4,54
2879,look up articles on squealing brakes for ford f-150's,-1
2880,travel alert in cuba,58
2881,is socket converter required in france,53
2882,how many more miles can i drive on my current tank,12
2883,tell me the weather for today,47
2884,create a new reminder to study for my final exams,107
2885,tell me in how many different colors i can get dinner plates from pier one imports,-1
2886,i lost all my stuff that i had packed,32
2887,what restrictions do they have for carry-on,80
2888,put words on the paper about what you want,-1
2889,"can you help me locate my phone, please",111
2890,what do you do after work,90
2891,tell me some trivia about sweat,93
2892,how much do i earn,91
2893,help me get my gas bill paid,40
2894,how long do i cook this for,13
2895,text mark hello,83
2896,i need to know the status of my credit card application,49
2897,how many parks are within 20 miles of me,-1
2898,make a reservation for chik-fil-a at 3 o' clock please,135
2899,what's your boss's name,103
2900,electrical plugs used in that country,53
2901,do sets of 25 set-ups each morning til you have completed your goal,-1
2902,when it my citi card expired,105
2903,is everything ok today,114
2904,which type of gas does this car take,137
2905,what is the government department that regulates emissions,-1
2906,what is the data of my gas tank,12
2907,i want to hear the female voice from now on,75
2908,i'm out of all my checks can i get some new ones,125
2909,what's a good blouse to wear with pink shoes,-1
2910,how many mexican pesos can i get for one us dollar,37
2911,what can i use to convert from centimeters to inches,38
2912,how much is this years model of my car cost,-1
2913,do you know how i order more checks for my well's fargo account,125
2914,what's the total i've spent on shoes this month,24
2915,i need to add a person to my bank account,-1
2916,come again,115
2917,is a travel visa required to visit paraguay,126
2918,what are the new player rankings for the nhl,-1
2919,what have i spent on fast food recently,24
2920,dog in spanish,140
2921,"book me a flight to dallas from st, paul, minnesota on delta airlines",85
2922,how many grams are in 9 kilograms,38
2923,is new york in mountain timezone,74
2924,what do i have in my bank accounts right now,26
2925,my visa has what limit,10
2926,get a uber for two to go to a romantic dinner at mcdonalds,96
2927,"alexa, buy a new television",8
2928,"your new name is joe, okay",6
2929,who is the singer on the speaker now,27
2930,how do i set up a direct deposit for my paycheck,45
2931,what do i take home,91
2932,will i get my time off approved,104
2933,can you please provide me with assistance in moving money from one account to another,122
2934,tell me the ingredients for making tom yum,100
2935,is it safe in italy,58
2936,how do i put a lens that's fallen out back in my glasses,-1
2937,what are the visa requirements for brazil,126
2938,could you pull up the nsa website,-1
2939,tell me where you're from,121
2940,why can't i use my money market account,59
2941,please sync up with my phone,148
2942,what caused a hold on my us bank account,59
2943,revert back to factory settings,19
2944,what is 592 minus 124,118
2945,book a car rental to miami florida today,46
2946,locate jenny at her present position,-1
2947,what are good thai dishes,3
2948,do you know the smallest amount i can pay on my water bill,149
2949,ignore call,-1
2950,can i ask your age,117
2951,when can i change my credit limit,69
2952,what's your date of birth,117
2953,could you set a timer,94
2954,what's your designation,28
2955,we have to speak in english,113
2956,tell me what's in tacos,100
2957,"what do they call you, ai",106
2958,look up recipe time for this,13
2959,what shall i do now that my battery is dead,57
2960,how is the weather,47
2961,which timezone is denver located,74
2962,i want to know what type of things you can help me with,35
2963,tell me the expiration date for my visa card,105
2964,how to paint walls,-1
2965,can you roll an eight sided die and tell me what it comes up as,0
2966,can you tell me when my tires have to be changed,146
2967,how do i get stuff with visa points,97
2968,is there a travel alert in spain,58
2969,please remove current settings and go back to factory settings now,19
2970,take a ride on the ferris wheel,-1
2971,tell me what tomorrow's date is,14
2972,what are the camping restrictions at bear island,-1
2973,"pardon, i didn't hear you",115
2974,get me a picture of a horse,-1
2975,what type of questions can i ask you,35
2976,how much do i pay the irs,132
2977,i want to talk to you about your hobbies,90
2978,i want what i'm listening to to be added to my chill playlist,127
2979,are there any holidays coming and when,112
2980,recommend a flood clean up service,-1
2981,what must i do today,62
2982,quieter please,52
2983,how does the etheric body operate,-1
2984,can you help me locate my phone,111
2985,how much is my credit score,23
2986,please switch to the girl voice,75
2987,define antebellum,33
2988,how long do i need to cook chicken,13
2989,the car you are driving uses what kind of gas,137
2990,what is the minimum i can pay on my gas bill,149
2991,want to know the weather,47
2992,i want to use spanish with you,113
2993,what is the electricity bill,99
2994,create a reminder to change my oil,107
2995,i'm afraid my luggage has gone missing,32
2996,am i safe to go to africa,58
2997,can i use lettuce instead of rice,65
2998,where is the nearest movie theater to time' square,22
2999,what are some fun local experiences in canada,133
3000,i need to know what the meaning of life is now,17
3001,how many elements are on the periodic table,-1
3002,i will rollover my 401k,60
3003,read my friend's text message,-1
3004,tell me the ingredients to make an apple pie,100
3005,what is the minimum i can pay on my heating bill,149
3006,does the nsa listen to me,-1
3007,how do you treat an iron skillet,-1
3008,did a man really die trying to be loved by a horse,-1
3009,set a timer for 30 minutes,94
3010,i want to be called timothy,71
3011,can you add this song to my driving playlist,127
3012,what's the status of my jetblue flight,1
3013,how do i change my windshield wipers,-1
3014,i want to report a damaged card that my cat shredded with its claws,142
3015,would it be legal to have battles to the death in a homemade colosseum,-1
3016,can you tell me your birthday,117
3017,look up the most requested famous person for quotes,-1
3018,how much over will overdraft protection cover,-1
3019,whats my location,134
3020,what do i owe to jcp,99
3021,i would like to check my rewards for my debit card,144
3022,please move $100 from my checking to saving account,122
3023,can i get a table for four at 8:00,108
3024,what are the benefits of having this insurance,78
3025,"cancel my reservation for dinner this saturday, please",41
3026,"i could use a laugh, got any jokes",15
3027,is a visa necessary for traveling to south africa,126
3028,"um, i'm not actually sure",18
3029,what kind of mileage am i getting,68
3030,what's the best reviewed local roof repair place,-1
3031,give weather update now,47
3032,tell me my credit raing,23
3033,what should i call you,106
3034,what time do i need to arrive to make it on time,-1
3035,what are the details on my health care plan,78
3036,how can i raise my credit score,86
3037,how much will my monthly bill be,99
3038,do you own the mineral rights to gold nuggets you find in your back yard,-1
3039,okay,7
3040,find me articles on appropriate wedding attire,-1
3041,when is my meeting with jim scheduled for,50
3042,what kind of hobbies are you interested in,90
3043,fill up my water bottle for the gym,-1
3044,can you repeat the question again,115
3045,how much cash do i have in my bank accounts,26
3046,what is the current exchange rate between mxn and eur,37
3047,do you take your orders from me,103
3048,how long does it take to get your yellow belt in karate,-1
3049,make a list of all community gardens near me,-1
3050,"is my flight, dl123 on time",1
3051,what is the name of this song that's on right now,27
3052,tell me a list of my local papers,-1
3053,how much money did i spend this weekend,24
3054,will i need a plug converter when i visit costa rica,53
3055,how much has microsoft's stock changed over the last year,-1
3056,i would like to know the status of my credit card application,49
3057,i will be glad to know what type of things you can help me with,35
3058,what is the exchange rate between us dollars and japanese yen,37
3059,remind me to exercise,107
3060,how do i get venture capital for my app,-1
3061,can you locate the television remote,-1
3062,does my checking account have a pin number,136
3063,take paper towels off of my shopping list,51
3064,when is the expiration date of my credit card,105
3065,you talk too slow,72
3066,when is the egg expired,95
3067,please give me some ideas of fun tourist activities to do while i am in paris,133
3068,i need my routing number for my checking account at bb&t bank,89
3069,i need a hotel room for 4 people from may 3 to may 5 in boston,56
3070,the list should also have 2 loaves of bread,51
3071,look up pitcher stats on jake rooney,-1
3072,what is the current price of tsla,-1
3073,what information can you give me on the meaning of life,17
3074,what do i need to make authentic kimchi,100
3075,how do i switch 401k companies,60
3076,if i want to travel to singapore do i need a visa,126
3077,do i have enough gas in my car to make it to dallas,12
3078,next track,130
3079,are there meetings scheduled for today,50
3080,any fantastic restaurants to get shrimp at in atlanta,110
3081,when will the bus get me to vermont,73
3082,i recently lost my credit card and need to know how long it takes to get a new one mailed to me,143
3083,i want to start talking to you in swedish,113
3084,"could you cancel that request, please",87
3085,what is the conversion of $30 in canadian dollars,37
3086,what did they name you,106
3087,how many cars average are on the road daily,-1
3088,tell me the price of bananas at whole foods this week,-1
3089,tell me my apr rate,55
3090,what is one standard deviation,-1
3091,would you mind repeating that,115
3092,what's the status of my southwest flight,1
3093,tell me what i have on my shopping list,30
3094,what's the way for delta to cancel a flight,-1
3095,i need to know the answer to 10000 multiplied by 44,118
3096,do i overspend when it comes to fast food,24
3097,what is that crunchy stuff on creme bruleo,-1
3098,is the stop sign around the corner still knocked over,-1
3099,give me an eta on when i will arrive at my destination,73
3100,"march 2nd through march 18th, i'm going to need a jeep in frankfort",46
3101,what time is boarding scheduled,1
3102,what is the routing number of my checking account at first national bankj,89
3103,can i increase the credit limit on my visa card,69
3104,would you let me know who won the gold metal in gymnastics at the olympics,-1
3105,i wanna know how long until the next day off,112
3106,what are the best restaurants open tonight,110
3107,i have a fraudulent buy from dave's video on my account,61
3108,i am looking for a suit for work,-1
3109,how much does it cost to get two jackets dry cleaned,-1
3110,how much gas do i have left in my tank,12
3111,what interest rate does my checking account come with,63
3112,are there any open reservations at outback tonight,135
3113,i need to get kalee added to my phone plan,-1
3114,what do you like to do besides work,90
3115,please read the text message i just received,-1
3116,what is my compensation,91
3117,finish the final touches on my newest robotic creation,-1
3118,when will my vacation time be confirmed,104
3119,what are all the things on my reminder list,29
3120,tell me which wifi network you are connected to right now,-1
3121,can i increase the credit limit on my travel rewards card,69
3122,what did you just say,115
3123,that's not correct,34
3124,delete all calendar entries on march 3,67
3125,what is the timezone for san francisco,74
3126,how's my credit score,23
3127,i would like for my phone to be synced with you,148
3128,what kind of credit card apr do i get,55
3129,can you identify this song for me,27
3130,what do you have for my name,28
3131,place my order alexa,8
3132,i must get a hotel in phoenix near chase field from january 4th to the 8th,56
3133,"at a minimum, what must i pay on my verizon bill",149
3134,how many calories does an orange have,76
3135,tell me the nutrition facts for shepherd's pie,131
3136,who do i have the pleasure of speaking with,106
3137,can you get me a flight from san francisco to san jose using american airlines,85
3138,where is the best place to mine for gold,-1
3139,which insurance plan to i have,78
3140,that has to be false,34
3141,i need to pay my electric bill,40
3142,will you remove the dinner with june on saturday the 4th at 7pm from my calendar,67
3143,give me a joke about water,15
3144,my credit card was turned down at target and i'd like to know why,147
3145,please allow my account to freeze,5
3146,bank options direct deposit,45
3147,roll those dice once,0
3148,tell me what some of your hobbies are,90
3149,what would you suggest for japanese,3
3150,"transfer seventeen dollars from rbs to woodforest account, please",122
3151,is there a reason you put a hold on my chase account,59
3152,go to upcoming song,130
3153,when for i meet jane for our meeting,50
3154,can you check to see which parking garages are open downtown,-1
3155,what's the due date for my netflix subscription,43
3156,how can i find a new credit card to apply to,4
3157,is there a list of good credit cards i can choose from to apply for,4
3158,is milk one of my shopping list items,30
3159,what casino game has the best odds,-1
3160,do play the music by linkin park,128
3161,what's the date on my last pay stub,119
3162,how long do i have to wait to get my refund,-1
3163,20 yen equals how many dollars,37
3164,tell me fun science facts,93
3165,are there vaccinations needed if i go there,66
3166,get a text to mark,83
3167,that's true,7
3168,does it take long to get to yankee stadium in the bronx,73
3169,what exactly is my pin,136
3170,what is my card's apr rate,55
3171,i will be traveling to lima alert my bank,88
3172,i need to sign up for a new allstate plan,102
3173,please check up on my son's homework,-1
3174,i don't need the reservation anymore,41
3175,how can i repair a broken watch,-1
3176,who is the start of the movie almost famous,-1
3177,where can i satisfy my craving for french food in milwaukee,110
3178,"how do i fix my card, it was declined",147
3179,what is the day off request status as of now,104
3180,can you tell me where my item is,145
3181,what interest rate am i getting from citrix,63
3182,how do you say fast in spanish,140
3183,i want to know how is my credit card application going,49
3184,who do i call to report my card as lost,109
3185,can you tell me how to get gum out of my rug,-1
3186,can you tell me the correct spelling of liaison,124
3187,what's my checking account yielding in interest,63
3188,tell me a scary story,-1
3189,"if i wanted to spend the lowest for my electric bill, then how much would it be",149
3190,when does the current billing cycle end,43
3191,my answer would be maybe,18
3192,give me an energy usage breakdown for march,-1
3193,what is the recommended interval to get my oil changed,81
3194,access my checking account and update my pin to 1234,136
3195,give me the results of a coin flip,44
3196,what is the name you have for me,28
3197,does denim go with anything,-1
3198,am i too old to be a sugar babyo,-1
3199,how do i get downtown by foot,22
3200,i would like to distribute some money between my accounts,122
3201,please tell me the current location,134
3202,i want the light less bright please,11
3203,i need to know britain's timezone,74
3204,a table for two needs to be reserved for 7:00pm at olive garden using the name michael,135
3205,what's your bday,117
3206,can you disconnect yourself from my phone,148
3207,how can i increase the credit limit on my discover card,69
3208,how many kilowatts have i used this month,-1
3209,do i need a visa for south korea,126
3210,could i get some more checkbooks sent to me,125
3211,is there traffic on the way to work,77
3212,do you know if it is possible to close my savings account,-1
3213,what kind of camera should i buy,-1
3214,speak with a male british accent,75
3215,how much total have i spent on fast food lately,24
3216,how many liters are in 1 gallon,38
3217,"i need to buy something, please",8
3218,did the application for my visa card finish,49
3219,"today my electric bill will be paid, or should be",40
3220,i can't use my card because it’s damaged badly,142
3221,how do i get rid of blocked nose at home,-1
3222,check the status of my credit card application for me,49
3223,how can i get help for my mental health,-1
3224,what is 100 multiplied by 55,118
3225,i need to know the status of my american airlines flight,1
3226,what's my name on file,28
3227,is there a vaccine for ebola,-1
3228,when do i next get paid,119
3229,what insurance plan am i enrolled in,78
3230,how do i make money,-1
3231,set an alarm for 8 tomorrow,2
3232,how many stars does brasserie les halles have,31
3233,i want to try a meal from ireland,3
3234,how do i report that i lost my card,109
3235,look up local repair shops that work on vacuum cleaners,-1
3236,i need your help to find a good reviewed hotel in washington,56
3237,can you explain a good risk strategy to me,-1
3238,is this where i apply for a new credit card,4
3239,great,7
3240,can you tell me the score of the heat game,-1
3241,what's the status of my american airlines flight,1
3242,i'm not actually sure,18
3243,is a socket converter necessary if i'm travelling to london,53
3244,tell me about this car's highway mpg,68
3245,why was my card got declined when i am trying to pay for dinner when i am in vietnam,147
3246,change out the older photos with the newer ones,-1
3247,do they take reservations at applebeesi,139
3248,what is the time is central time zone,138
3249,can you look up grocery coupons for me,-1
3250,what steps do i need to take to obtain my w2 for taxes,39
3251,go into whisper mode until the plane lands,42
3252,tell me what my savings account routing number is,89
3253,what's the nutrition info for a cucumber,131
3254,where is your home planet,121
3255,when will cameron release the sequel to avatar,-1
3256,add milk to my shopping list,51
3257,"what traffic can i expect on the way to the newark, new jersey from philadelphia",77
3258,can i use pasta sauce instead of tomato paste,65
3259,set the alarm now,2
3260,check my wells fargo account to see if i have enough for these nike's,26
3261,who won the patriots game last nightu,-1
3262,what's the first romantic movie ever made,-1
3263,would you say i've spent too much money on chips as of late,24
3264,what stores are in the local mall,-1
3265,what's the more secure bank vault,-1
3266,when did i last take my car to the shop,92
3267,whats the total of taxes from my income,132
3268,if you have hobbies tell me some of them,90
3269,do people say per se is any good or not,31
3270,can you turn off the process,87
3271,does olive garden have good reviews,31
3272,i would like to know my credit score,23
3273,change the accent you're using,75
3274,what is bitcoin trading for currently,-1
3275,what things are on my shopping list today,30
3276,flip a coin i choose heads,44
3277,tell david where i am,84
3278,what amount of interest does my checking account at chase earn,63
3279,what's the french word you use for potato,140
3280,i want to hear my name,28
3281,let me know when the replacement card will arrive,143
3282,make a chart of all the tennis scores from this year,-1
3283,remind me of the address for my workplace please,-1
3284,hello there ai,114
3285,when should you mow your grass after it's rained,-1
3286,please tell me if i still have a reservation at acero for susie,116
3287,how can i get my rewards for my master card,97
3288,share location with david,84
3289,give me a fun fact about dolphin,93
3290,tell me how to get my points from credit card use cashed in,97
3291,is espn covering the golden state warriors game,-1
3292,"did i add ""cleaning the foyer"" to my todo list yet",62
3293,i need this song on my jam playlist,127
3294,please tell me how traffic from the new jersey turnpike into the lincoln tunnel looks currently,77
3295,tell me if i have a meeting with liz today,50
3296,"how many people have held the role of county attorney bearing the family name ""dixon""",-1
3297,how much is alorie intake,76
3298,can my grace period be extended any possible way,-1
3299,what time is it in phoenix,74
3300,i don't need toilet paper anymore; take it off my shopping list,51
3301,can you help me pay my electricity bill,40
3302,see if there is a recipe to make a casserole without any dairy,-1
3303,can you tell me how to solve simple algebraic equations with one variable,-1
3304,how can i use make up to cover a cut on my cheek,-1
3305,denver's timezone is what,74
3306,please tell me how to find out when my rent is due,43
3307,can you get paired to my phone right away,148
3308,add to my motivational playlist rap god,127
3309,i have a reservation for strip house for jennifer that i'd like to confirm,116
3310,let me know what time the patriots game starts,-1
3311,change this song please,130
3312,flip a coin i'm calling heads,44
3313,name the leader from tibet that stands firm for world peace,-1
3314,i am really not sure,18
3315,what is global warming,-1
3316,how high is the apr on my credit card,55
3317,if i'm in portland can i still use my card without getting charged extra,16
3318,what is a well reviewed book for a teenage girl to read,-1
3319,i need to change the credit limit i have,69
3320,i would like nutrition facts for spaghetti carbonara,131
3321,can you notify me when my vacation days have approved,104
3322,please start whisper mode,42
3323,do you know when my next check is coming,119
3324,what's the cost to have a business card printed,-1
3325,"will you play the song that goes like, ""starships were meant to fly",128
3326,use the female voice,75
3327,how do i find the interest rate for my checking account,63
3328,when do you think i ought to change the oil in my car next,81
3329,how do i order some checkbooks for my chase account,125
3330,what is amount of time it takes to get a new credit card i lost mine recently,143
3331,what's the highest rated social services non-profit,-1
3332,tell me when today's meeting is supposed to happen,50
3333,get me articles on earthquake preparedness,-1
3334,roughly how long can i leave bananas in the freezer before i have to throw them out,95
3335,what are the required shots in mozambique,66
3336,are carrots added to the grocery list,30
3337,where can i find cheap rental skis nearby,-1
3338,where can i cash out my card points,97
3339,pull up some recommendations for places serving fish in maine,110
3340,give me something interesting about stars,93
3341,tell me how to spell curiosity,124
3342,can you check if meeting rooms are available between 4 and 5,54
3343,where should i go to find the routing number for well's fargo,89
3344,can you notify my bank that i will be traveling to mexico between march 1st and 15th,88
3345,what steps can i take to build my credit score,86
3346,i want to talk english,113
3347,can you confirm that i have a reservation for 2/20 at 6:00 pm,116
3348,what causes dyslexia,-1
3349,look up daily dog kennels in my area,-1
3350,when do the kids get out of school today,-1
3351,can you get me recipes for eggs please,21
3352,what is on my to-do list,62
3353,i'd like to know the last time my car got looked at,92
3354,tell me my debit card's rewards balance,144
3355,add what im listening to to my rock playlist,127
3356,please reserve a meeting room for 1:00 pm on tuesday,54
3357,when do i get my next pay check,119
3358,freeze my account for me,5
3359,include rap god on the motivational playlist,127
3360,i want to hear cool bee facts,93
3361,i would like to start calling you heath,6
3362,when is my car insurance bill due,43
3363,do you take orders from someone else,103
3364,so far how much pto have i used,70
3365,play the song called amazing grace,128
3366,when is my meeting with jack for,50
3367,where should i look for my credit card expiration day,105
3368,louder please,52
3369,what articles are written at the cnn site about the women's march,-1
3370,what sorts of tasks can you do,35
3371,is there a minimum payment i can make,149
3372,contact bank and let them know about my travel plans,88
3373,may i order more checks for my well's fargo account,125
3374,i am not sure,18
3375,how is a vacation request done,98
3376,bye bye then,79
3377,what pets do you have,82
3378,do i get charged extra for using my card in portland,16
3379,from where do you come,121
3380,what is the time in est,138
3381,my luggage has been misplaced,32
3382,how many books are in piers anthony virtual mode series,-1
3383,what does the word polynomial mean,33
3384,can you give me suggestions for a professional suit under $200,-1
3385,i want to sign up for a new allstate insurance plan,102
3386,where do i go for my credit score,23
3387,generate a list of the past 10 judge executives,-1
3388,how many dvds do i currently have on file,-1
3389,i need to know my credit card's rewards balance,144
3390,in which time zone does denver reside,74
3391,play the next song please,130
3392,any idea as to if taco bell takes reservations,139
3393,what were my last 10 charges on my credit card,64
3394,are visas needed to travel to jamaica,126
3395,make a list of stocks that would be good to invest in to start making money,-1
3396,what food do you need to make lasagna,100
3397,how do you address my name,28
3398,what location were you born,121
3399,tell me my gas tank levels,12
3400,what's the date,14
3401,are visas for international travel,126
3402,show me my location,134
3403,put milk on my shopping list,51
3404,let me know what's on my shopping list,30
3405,please put a stop on my bank account,5
3406,does bill gates still have any material participation in the running of microsoft,-1
3407,what is the timezone for la,74
3408,can you find me a good reviewed hotel in japan,56
3409,i wanna know how busy denny's is at 5 am,108
3410,"i heard some woman say she was going to yerd me, what's that mean",33
3411,please give me a listing of all the bottled water brands in the area,-1
3412,rent a car for 3/1 through 3/3 in boston; i'd prefer an suv,46
3413,is the bank open on mlk day,-1
3414,i wanna know the next holiday,112
3415,what steps should be taken to jump start a car,57
3416,unsync from my phone please,148
3417,what steps should i take if my luggage has been lost,32
3418,are visas required to go to cuba,126
3419,thank you for your time and trying to help,101
3420,which medicine to relieve my cough,-1
3421,have i gone over my chocolate budget lately,24
3422,can you tell me the best time to visit downtown when driving,-1
3423,what is the calorie content in french fries,76
3424,the statement is false,34
3425,how many people live in vermillion,-1
3426,tell jim i'm coming home soon,83
3427,when is my car due for an tire change,146
3428,are the schools closed,-1
3429,i want to cook a lasagna please tell me how long it will take,13
3430,"heads, coin flip",44
3431,text samantha and let her know i will arrive in 10 minutes,83
3432,what company did the design for this,9
3433,what's my daily spending limit,10
3434,can you find out the waiting times for mr joes pizza,108
3435,i was in australia trying to buy chips and my cards got declined,147
3436,search all movies created by disney in the 1980's,-1
3437,can you identify this song that's playing,27
3438,when is the next payday i can look forward to,119
3439,what is the carry-on policy for flights on panam,80
3440,what kinds of things are you supposed to remind me of,29
3441,can you check if my credit card application has been processed,49
3442,how far from our destination are we,73
3443,i am asking you to add this song to my country music playlist,127
3444,how old is the oldest person that is in the guiness book of world records,-1
3445,calorie content of dr pepper,76
3446,what does amicable mean,33
3447,set a 4 minute timer,94
3448,are there any meetings between 2 and 5 pm,50
3449,can you tell me how to clean a fish tank,-1
3450,i was trying to use my card to get food at publix but it got declined,147
3451,what kind of plug is used in england,53
3452,can you travel outside of the united states without a visa,126
3453,search for a chili recipe for me,21
3454,i need interesting baseball trivia from the nineteen eighties,93
3455,"throw eggs on my shopping list, please",51
3456,how soon should i get my tires changed,146
3457,can you please say that again,115
3458,where can i find my gas tank,12
3459,how soon until i will need to get my oil changed,81
3460,has my mastercard application gone through yet,49
3461,where is the closest hospital to madison square garden,22
3462,tell me how to get rid of a spirit that's haunting me,-1
3463,how the bus moves,-1
3464,find the best prices for toothpaste at any store within a 5 mile radius of my location,-1
3465,suggest some things for me to do while i am in los angeles,133
3466,tell me my visa limit,10
3467,can you check my voicemail,-1
3468,how to get the right medicine,-1
3469,give me the weather forecast for today,-1
3470,what is happening in politicsu,-1
3471,when is your birthday,117
3472,what am i gonna need for sushi,100
3473,what are the symptoms of cancer,-1
3474,get me a list of the best savings account rates right now,-1
3475,i want you to call me bailey,71
3476,what's the best way to get a mastercard,4
3477,book a flight to los angeles from las vegas on american airlines,85
3478,what do i need to buy for spaghetti,100
3479,display history of sparta,-1
3480,"so, where do you come from",121
3481,who can i talk to above you,103
3482,talk to me about the total of my state taxes,132
3483,can you tell me what you are called,106
3484,how much time is left on my laundry,-1
3485,can i set up mobile deposits,-1
3486,i need a table for 3 at olive garden for 7,135
3487,what is 48 multiplied by 4 divided by 2,118
3488,how would i say i must be going now if i were german,140
3489,how's my amazon order doing,145
3490,i need to track my order,145
3491,include asparagus on the list,51
3492,stop processing,87
3493,does the state department say anything about traveling to haiti,58
3494,can applebees take reservations,139
3495,what is your preferred name,106
3496,could you tell me how old you are,117
3497,how did my bank account get frozen,59
3498,show me all listings on amazon for leather belts for men,-1
3499,what could help me locate myself,134
3500,what is the nature of the big bang theory,-1
3501,is travel to monterrey safe now,58
3502,i need a reminder to wash dishes,107
3503,should i go to a car maintenance,48
3504,change my name please,71
3505,stop the process,87
3506,could you call me a different name,71
3507,what length of time is safe for consuming leftover meatloaf stored in the fridge,95
3508,"i lost my card, what do i do next",109
3509,tell me about the amusement park,-1
3510,how do i set up my direct deposit,45
3511,i must know where to get my w2,39
3512,is it possible to use starch instead of flour,65
3513,what's the best style shoe to wear to the prom,-1
3514,roll five sided dice,0
3515,get me a list of personal conservation tips that i can use around the house,-1
3516,how would they say butter in zambia,140
3517,where is the closest architecture college,-1
3518,add laundry detergent to the list,51
3519,where am i currently,134
3520,i need to use a timer,94
3521,can you please do a simulated coin flip for me ai,44
3522,how should i proceed if i accidentally lost my luggage,32
3523,do i have calendar events on march 19th,141
3524,tell me if the new york restaurant takes reservations,139
3525,can i redeem my points for flights,97
3526,can you give me the gps location of harvey,-1
3527,when is boarding scheduled for my flight,1
3528,find out where i am on the map,134
3529,i can't say,18
3530,what's up with my american airline flight will it be on time,1
3531,what do you know about the meaning of life,17
3532,how much am i paid,91
3533,do i need to get any shots before i travel to south africa,66
3534,how is my credit score numberwise,23
3535,when do i get my next paycheck,119
3536,start the dishwasher,11
3537,how healthy is mcdonalds,131
3538,was my car in the shop this past week,92
3539,my tires are filled enough or no,123
3540,what are the best personal finance practices,-1
3541,how can i contribute to my credit score,86
3542,program my new robot to bring me snacks,-1
3543,find a recipe for baked ziti,21
3544,stop what you're doing,87
3545,see if you can find a good vegetable wash for me,-1
3546,how many miles does my car currently have,-1
3547,give me a fun fact about koala,93
3548,why did a bunch of christians go off murdering muslims in the middle ages,-1
3549,how do you repel a bear when you're out on a hike,-1
3550,how do i get red wine out of a couch cushion,-1
3551,i want to know fun facts about koala bears,93
3552,please throw this song onto my cleaning playlist,127
3553,"in x, will i be charged to use my card",16
3554,i need you to cancel my reservation for smith at the williams diner,41
3555,what should i do if it hurts when i pee,-1
3556,can you call alexa,20
3557,what is the calorie content in peanut butter,76
3558,tell me a joke about elephants,15
3559,which pets do you have,82
3560,what is the shipping time for my card,143
3561,what battery percentage is my phone at,-1
3562,i have points on my capital one card and i'd like to know how many i've earned,144
3563,how much am i paid a year,91
3564,text courtney and inform her about the detour,83
3565,how much farther is orlando from my location,73
3566,what other countries speak the english language,-1
3567,which type of gas does my car use,137
3568,what site can i get my w2,39
3569,can you group my photos by location,-1
3570,repeat that,115
3571,how does the weather feel,47
3572,this song i'm listening to would be great on my commute playlist,127
3573,i want to know if i will be safe if i travel to europe,58
3574,let's hear a joke!,15
3575,i need to know what the point of life is,17
3576,what type of fuel does this car utilize,137
3577,what's my salary for this year,91
3578,i am not in need of my reservation anymore,41
3579,how do you make sure a bridge doesn't fall down,-1
3580,what zelda games are available on the switch,-1
3581,"in tampa, i'd like to rent a sedan from 4/1 until 4/5",46
3582,pay my light bill,40
3583,how old were you on your last birthday,117
3584,do you have friendly or unfriendly pets,82
3585,make a list of all sites in the us where spirits have been seen at night,-1
3586,what are the steps to rollover my 401k,60
3587,revert from whisper mode,42
3588,are there travel alerts in mexico,58
3589,can you roll a 10-sided dice for me,0
3590,could you reserve table for 3 at carlos jr under the name adam at 4,135
3591,what is the proper cooking time for this,13
3592,add mopping to the to do list,120
3593,please print out copies of my resume,-1
3594,i gotta know the the carry-on restrictions for american airlines,80
3595,"can you suggest a french restaurant, please",110
3596,what am i paying in taxes,132
3597,how old will you be,117
3598,"hello, how's your day",114
3599,revert to factory settings,19
3600,i'd like you to check on my credit score,23
3601,can you tell me what health plan i am on,78
3602,give me a list of tax attorneys that practice in my city,-1
3603,locate my cellphone in this room,111
3604,can you find me a reputable hotel in honolulu,56
3605,have i added my doctor's appointment to my calendar,141
3606,restart my newspaper delivery for monday,-1
3607,how many acres do you need to buy a horse,-1
3608,what type of gas goes into the car,137
3609,i need to know what's good for chinese around here,3
3610,tell me what the weather is looking like,47
3611,what to use to design my business cards,-1
3612,"yes, that's right",7
3613,write the next chapter of my biography and let me know when you have finished it,-1
3614,"can you tell me how to spell the word schadenfreude, i don't know how it's spelt",124
3615,tell me what to make for dinner,3
3616,can you check my credit score,23
3617,what color is water,-1
3618,tell me if taco bell takes reservations,139
3619,where would i get my rewards for my master card,97
3620,erase meeting with jeff from my calendar,67
3621,"text mike, ""i'm running late",83
3622,what's something interesting about bees,93
3623,can i move my 401k to an ira,60
3624,i want you to text mark,83
3625,where is my gas tank located,12
3626,i'd say no,34
3627,i think my luggage is lost,32
3628,what is the number of calories in a steak,76
3629,is my meeting with frank on my list of reminders,29
3630,how much weight should i lift to get buff,-1
3631,in 15 minutes the timer should go off,94
3632,locate my package,145
3633,show me some restaurants that have high reviews for eating out,110
3634,set up a new reminder to alert me when it's time to put the trash out,107
3635,that is incorrect,34
3636,will peas work instead of carrots,65
3637,if i'm locked in a bank vault what's the best way to get out,-1
3638,i would like the song playing right now put on my driving playlist,127
3639,do you have any idea if central needs reservations,139
3640,bake time for brownies,13
3641,"no, that is wrong",34
3642,who played ronald weasly,-1
3643,i was in thailand and i could not use my card to buy snacks,147
3644,i need to know status of my day off request,104
3645,i need to add flour to my list for shopping if i haven't already,51
3646,how much is my telephone bill this month,99
3647,what should i squirrel away to pay in taxes,132
3648,i'd like to request a vacation,98
3649,why did i get rejected on my card,147
3650,does iron maiden have any new releases,-1
3651,do women still bare their chests for beads at mardi gras,-1
3652,it was great to speak with you,79
3653,what is the official language of romania,-1
3654,who wrote green book,-1
3655,tell me what the hot topics are that are trending on google,-1
3656,have i already got eggs down on the shopping list,30
3657,where am i currently located,134
3658,can you delete my saved credit card,-1
3659,what are the top rated universities within my state,-1
3660,read my calendar for march 7th,141
3661,i want you to play the next song,130
3662,read my to-do list items,62
3663,note any travel alerts for haiti,58
3664,repeat what the weather will be like,122
3665,call my doctor,20
3666,what is the title of this song,27
3667,"""i'm fly out from lax to phl this weekend for around $120",85
3668,please give me a quick tutorial on jump starting my car,57
3669,i need to know the carry-on rules for southwest,80
3670,"at ac, what's the temperature like",11
3671,pay my con edison bill using my capital one account,40
3672,what time does my ex-boss leave the office,-1
3673,who employs you,103
3674,i'd like to start calling you lover,6
3675,what's the amusement park like,-1
3676,how do i apply for a visa card,4
3677,make a list of goals i need to meet in order to write a book,-1
3678,please go ahead and change my name,71
3679,i want directions to phoenix,22
3680,please review my recent visa card transaction,64
3681,it is damaging to my credit score if i miss one credit card payment,86
3682,make a list of side hustles i could start today to make a little extra cash,-1
3683,go to the next song and play it,130
3684,i'm not completely certain,18
3685,how many pounds are in 10 kilos,38
3686,can you adjust the lights down,11
3687,where is the closest bathroom to the statue of liberty,22
3688,remove wrestlemania from my calendar for may 7th,67
3689,look up the date for my next payday,119
3690,what was the closing number of the nasdaq today,-1
3691,is it true your a real person,129
3692,how do i jump start my car,57
3693,tell fred that i don't have his guitar,83
3694,how many teaspoons is one tablespoon,38
3695,show me where i am on the map please,134
3696,put a freeze on my account,5
3697,can i use mayo instead of miracle whip,65
3698,i'd like to buy a lamp online,8
3699,what plug type is used internationally,53
3700,i bought 6 shirts at $499 each what was my total expenditure for them,118
3701,what is a good movie to go see in theaters for a family with young kids,-1
3702,i would like to know how long a charge is suppose to last on my phone,-1
3703,what is the cost of my rent and water bills,99
3704,tell me nutritional info for beans,131
3705,what's that smell,-1
3706,english to spanish for dog,140
3707,did the supreme court nominee get approvedu,-1
3708,how can i increase my credit score,86
3709,will amazon ship an order even if there was a pricing mistake,-1
3710,where will the next olympics be hosted,-1
3711,could you set the alarm,2
3712,what's the proper subject verb order in japanese,-1
3713,can i just use oil instead of vinegar,65
3714,can i redeem my points on gas,97
3715,check battery health on this device,-1
3716,i would like the interest rate for my savings account,63
3717,i need to know all my spending transactions,64
3718,was there any progress on my vacation request,104
3719,i need to put in a payment towards my phone bill,40
3720,please put babysitting on my to do list,120
3721,is my tire pressure high,123
3722,is there a cheaper rate with another carrier for my mobile,-1
3723,please alert me when my iphone battery falls below 30%,-1
3724,how much money have i spent recently,24
3725,are socket converters something i need to bring if going to australia,53
3726,i need bananas on the list too,51
3727,can you please let me know the status of my capital one application,49
3728,how much does a nintendo switch cost,-1
3729,thanks for that response,101
3730,look up student loan offers on google,-1
3731,don't be connected to my phone anymore,148
3732,go to whisper mode until i say to go back to normal,42
3733,find for me a hotel with great reviews in ho chi minh,56
3734,who has the cheapest insurance for my model car in the area,-1
3735,i need water on my shopping list and beer off of it,51
3736,skip to next track,130
3737,please clean the car windows,-1
3738,i would like to transfer $100 from my checking to saving account,122
3739,i want to see my location on the map,134
3740,can you fake roll a die for me,0
3741,share my location to susan,84
3742,maybe it is,18
3743,how many days did i take off,70
3744,what is the meaning of the word girn,33
3745,set a reminder to buy bread,107
3746,when will i need my next oil change,81
3747,"hello, how are you doing",114
3748,do i need a states visa to get to cuba,126
3749,how do you make fried rice,21
3750,tell me what name you have for me,28
3751,i want you to flip a coin i choose heads,44
3752,can i make a phone call,20
3753,how much of a refund will i get this year,-1
3754,get out of whisper mode,42
3755,see you later,79
3756,what is the current time,138
3757,hush,87
3758,why is there a stop on my deposit account,59
3759,can you find me the apr listed on the statement for my citi mastercard,55
3760,remove laundry from my to do list,120
3761,what is 1243 times 45,118
3762,how long before i can eat at chic fil a,108
3763,can i speed up your voice,72
3764,my electric bill should be paid today,40
3765,"lost report card, need new one",109
3766,give me my reminders,29
3767,tell me where to send my resume in order to get a job at delta airlines,-1
3768,forget what i told you to do,87
3769,list meetings on calendar for today,50
3770,when will i get my order,145
3771,what's the plug type in honduras,53
3772,can you overnight me a few checkbooks,125
3773,what are the minutes needed to cook the meal,13
3774,i need a reminder to give the dog his medicine at ten tonight,107
3775,what is my remaining amount of pto days,36
3776,please check if god is really living in a small apartment in brussels,-1
3777,make a reminder to pay the mortgage,107
3778,what number of calories are in a pizza,76
3779,is it possible i have a meeting with kim today,50
3780,"hey, how do i call your attention",106
3781,can i get a sear's appliance repairman,-1
3782,make me a map of all earthquake hotspots in the continental us,-1
3783,is there a way to order checkbooks for a chase account,125
3784,who made you,9
3785,should i have my shots up to date before i travel to the virgin islands,66
3786,i'll be travelling to russia from april 1 through april 20 and need my financial institute apprised of it,88
3787,would it be possible to change your name to coraline,6
3788,can i redeem my points by transferring them to someone as a gift,97
3789,clear my calendar on feb 28,67
3790,tell me the weather,47
3791,can you book me a tee time at cantigny at 2 pm on saturday,-1
3792,can i get peppers instead of onions,65
3793,i think i've misplaced my phone,111
3794,please tell me the name that you have for me,28
3795,please add this song to my study playlist,127
3796,how can i keep my credit score from falling,86
3797,will i run out of gas before i reach atlantic city,12
3798,is mr joes pizza available for a seating,108
3799,in what place are you originally from,121
3800,thanks that was really helpful,101
3801,explain how to reduce my debt burden,-1
3802,find my cellphone for me!,111
3803,next song,130
3804,get me a table for five at itta bena at three,135
3805,"i'd like to make a reservation at rooth chris, can you do that",135
3806,what are the requirements of a lab technician,-1
3807,my tires are 29 months old should u change them,146
3808,where does jelly come from,-1
3809,"i'd like to just confirm all of the reminders currently on my list of reminders, please",29
3810,what the mpg,68
3811,please put my account on hold,5
3812,do you think our lives have purpose or meaning,17
3813,i need the pin number for my checking account,136
3814,tell me something interesting about bees,93
3815,you are going to be called joe now,6
3816,how to you spend your free time,90
3817,what do i need to do to set up direct deposit,45
3818,do you know the price for my taxes in income,132
3819,create a for-while loop that continues 10 times,-1
3820,would it be ok to use butter instead of oil,65
3821,please tell me how to spell the word coup,124
3822,is there a better bus route i should be taking,-1
3823,my tires should be changed when,146
3824,what meeting rooms are available for meeting 5pm friday,54
3825,please cancel my reservation for tim at jb's,41
3826,can i get cash back for my points,97
3827,i need to put a stop on my bank account,5
3828,search up someone who plays in a movie,-1
3829,how long will it takes to get a new credit card,143
3830,what is the usd mxn exchange rate,37
3831,could you please reset your factory settings,19
3832,i don't remember the pin number to my card,136
3833,thanks a million,101
3834,start the timer now,94
3835,"on my way to work, is there traffic",77
3836,i want a meal from vietnam to be suggested to me,3
3837,tell me the items in my shopping list,30
3838,my card declined,147
3839,what is the minimum i can pay on my water bill,149
3840,so where do you come from originally,121
3841,find my current location,134
3842,please let's speak in spanish,113
3843,where did you grow up,121
3844,"yes, that happens to be correct",7
3845,how much money would my house sell for,-1
3846,why won't you let me pay with my credit card,147
3847,how many greek mythology characters are there,-1
3848,who do i speak with about my card that was lost,109
3849,what holiday is next and when,112
3850,i am interested in a new insurance plan,102
3851,what stores are at my local mall,-1
3852,accept incoming phone call,-1
3853,can you really get arrested for yelling fire in a crowded theater,-1
3854,repeat that for me please,115
3855,what's out at the theaters right now,-1
3856,are the electric plugs the same over in that country,53
3857,get me a hotel in phoenix near chase field from january 4th to the 8th,56
3858,what is the amount of blood needed to stay alive,-1
3859,please tell me what amount i'm earning,91
3860,what oil do i use when changing oil and how do i do it,25
3861,i want to change to a new allstate insurance plan,102
3862,what is my apr rate,55
3863,can you trll me where to get my w2,39
3864,what kind of gas does your car use,137
3865,pay my gas bill with my checking account,40
3866,this process needs to stop,87
3867,can you help me understand why my card got declined,147
3868,i was trying to buy food at publix but my card got declined,147
3869,can you check how many miles i walked today when i was out get the info from my phone,-1
3870,what's the limit on my discover card,10
3871,can you tell me how to report a card lost,109
3872,is the mexican place crowded at night,108
3873,where is the nearest marijuana dispensary to kentucky fried chicken,22
3874,what ingredients do you need to make lasagna,100
3875,what do i have to do to use my credit points acquired through purchases,97
3876,what's my apr rate,55
3877,is there a way to get a new insurance plan,102
3878,play the next one,130
3879,how many dollars is 20 yen worth,37
3880,adjust the contrast of the black and white photos,-1
3881,please play music by acdc,128
3882,tell me what you can do for me,35
3883,what is the most famous quote on the internet,-1
3884,what area did you come from,121
3885,what are some popular tourist activities in mexico city,133
3886,i saw suspicious activity on my bank account,61
3887,don't call me bill anymore - call me bob,71
3888,chase account options direct deposit,45
3889,text jeff and tell him to pay the bill,83
3890,what kinds of cereal are low sugar,-1
3891,how much are my rent and cable,99
3892,what's the average review for olive garden,31
3893,do i have any meetings scheduled today,50
3894,who is your maker,9
3895,what do i have to do if i lost my luggage,32
3896,i must know how many points have i earned with my credit card,144
3897,what kind of gas can i put into this car,137
3898,what's the pin number for my checking account,136
3899,how many carry ons can i take on a flight with southwestern to tampa,80
3900,will i make it to my current destination on this fuel tank,12
3901,"hi there, how are you doing",114
3902,remove all items from my to do list,120
3903,please stop talking,87
3904,is there any consensun regarding lifes true meaning,17
3905,x card has earned how many points,144
3906,how much is the new nikon camera,-1
3907,do you have any monkey jokes,15
3908,i would like to know my car's tire pressure,123
3909,i'd like to you order everything that's on my shopping list,8
3910,how do i make a sentence have stylized strike out in microsoft word,-1
3911,what is needed to make lasagna,100
3912,i've lost my luggage what should i do now,32
3913,give me a amusing fact about wolf,93
3914,change device talking speed,72
3915,i need a w2 form from,39
3916,how many weeks ago was my car in the shop,92
3917,find someone local who mows lawns,-1
3918,i have to jump start my car,57
3919,what is the shipping status of my replacement card,143
3920,show me new cars with the highest safety rating,-1
3921,is laundry on my todo list,62
3922,would you let me know who your boss is,103
3923,"""which is the best way to improve the credit score",86
3924,i want to hear something funny about history,15
3925,how do i report that i lost the card,109
3926,explain my health benefits,78
3927,what do my visa points look like,144
3928,has my application for the hsbc card been approved yet,49
3929,what are the limits in my phone plan,-1
3930,how long until i get my replacement card,143
3931,i am flying to finland and wanna know the carry-on rules,80
3932,how is that weather,47
3933,in what movie did mrs congeniality feature a contestant championing for world peace,-1
3934,send jack a text saying hi,83
3935,how is the car's fuel economy,68
3936,how many calories are in a sandwich,76
3937,can you make 1234 the pin for my savings account,136
3938,how can i prevent my credit score from dropping,86
3939,should i take my car to a maintenance,48
3940,give me a joke about the topic of television,15
3941,"flip a coin, you're tails and i'm heads",44
3942,can you help me pay my bill,40
3943,where can i get the flu shot,-1
3944,what time will i get to the beach taking the bus,73
3945,my credit card got torn and i need a new one,142
3946,i'd like you to text marie and let her know to meet me at the hospital,83
3947,what should i do about losing my luggage,32
3948,how do i roll over my 401k,60
3949,it is white colour,-1
3950,can you help with delivery tracking,145
3951,can you set an alarm,2
3952,on what day is our next day off,112
3953,let me know how you are doing,114
3954,look up the lowest amount i can pay on my electricity bill,149
3955,thanks for that answer,101
3956,how long is a bus ride to staples,73
3957,what does anachronistic mean,33
3958,create a speech on historical events surrounding albert einstein,-1
3959,"""i""m headed out to lax and going to phl for a low price of $120 this weekend on the 12th",85
3960,when's the next time i have to get an oil change,81
3961,what's the tire pressure of my tires,123
3962,what is the cost of four double a batteries,-1
3963,i need you to phone sal,20
3964,please tell me the exact number of days i have still for vacation,36
3965,do you know what song is playing on the speaker,27
3966,if i lose my job will my credit score go down,86
3967,go ahead and give me the tire pressure of my vehicle,123
3968,i want to know my credit rating,23
3969,whats your age,117
3970,how many movies are in the star wars series,-1
3971,"in 5 days from today, what will the date be",14
3972,start a speech on microbes for me,-1
3973,i need to start a timer,94
3974,what is the cheapest new car for this year,-1
3975,show me how to contact a paranormal spirit,-1
3976,what is dog in spanish,140
3977,can you tell me how much gas is in my tank,12
3978,i need to request a vacation,98
3979,how healthy is a cheeseburger,131
3980,"if i use applesauce instead of oil, will that mess it up",65
3981,schedule a rental car starting monday the 5th thru friday the 9th at rent a car in town,46
3982,i need a flight for under 300 from pittsburgh to atlanta,85
3983,what will i make this year,91
3984,can you tell me my vehicles mpg,68
3985,can i increase the credit limit on my capital one card,69
3986,what did trump do todayu,-1
3987,it was nice to chat,79
3988,how come i got declined,147
3989,what is the level of air pressure of my tires,123
3990,give me today's date,14
3991,how can i request a new credit card,143
3992,please block my discover account immediately,5
3993,who is the person that brought you to life,9
3994,how many miles are my tires rated for,146
3995,find the nutrition info for bell peppers for me,131
3996,what is the best way to clean ceiling fans,-1
3997,which insurance plan am i enrolled in,78
3998,what do you do if you can't stop vomiting,-1
3999,the bus moves with tyre,-1
4000,how long is the wait at cheesecake factory,108
4001,where is wells fargo's routing number listed,89
4002,i want to know how many vacation days i have used,70
4003,"i like the female voice, switch please",75
4004,i need to know what song this is that we're listening to,27
4005,what time did i put in my first load of laundry,-1
4006,pay my electric bill for me,40
4007,oil type and do it yourself oil change information please,25
4008,can you end the current process,87
4009,tell me what's on my todo list,62
4010,when is the best time of year for pruning,-1
4011,will you let me know my bank balance,26
4012,i would like to know what you can help with,35
4013,what is the warranty on my microwave,-1
4014,how could we convert centimeters to inches,38
4015,when is the milk date before used,95
4016,"is milk in my shopping list if not, add it",51
4017,tell me who made you please,9
4018,show video of hair styling tips,-1
4019,can you switch to the male voice,75
4020,speed up your talking,72
4021,do you know if meeting rooms are open to use 1-2,54
4022,what should you do if your laundry machine is making a high pitched whine,-1
4023,is there a fork in the road sign at main & 1st avenue,-1
4024,i need to use my credit points,97
4025,do you know if taco bell takes reservations,139
4026,what are the manufacturers guidance on oil changes,81
4027,cross grocery shopping off the todo list,120
4028,speak spanish please,113
4029,can you help me unblock my account,59
4030,can i have a 2 sided dice,0
4031,tell me nutritional info for burger,131
4032,do i need to get any shots before i travel to morocco,66
4033,is there more than one occult that a person can join,-1
4034,how healthy is blueberrys,131
4035,text steve and tell him i am running late,83
4036,"i enjoyed talking to you, bye",79
4037,when did i get my car inspected last,92
4038,what's the name of my health insurance plan,78
4039,can you text dave and tell him i like his paper,83
4040,i'd like to speak in portuguese,113
4041,please tell me what my credit score is,23
4042,which type of gas should i get,137
4043,my dog swallowed my credit card and i need a new one,142
4044,how do you say dog in spanish,140
4045,try to speak slowly,72
4046,milk can stay in my fridge for how long,95
4047,what's the best way to build a skyscraper,-1
4048,play ludacris hits,128
4049,who should i talk to about the fact that i inadvertently split my card almost in half,142
4050,let me know what my credit score is today,23
4051,"whisper mode, please",42
4052,what do i bring in over a year,91
4053,recipes for garlic bread please,21
4054,make 1234 the pin on my savings account,136
4055,"tell me the time in san francisco, please",138
4056,i need $360 transfered from savings to checking account,122
4057,who do you take your orders from,103
4058,i want to know the status of my credit card application,49
4059,show me my ten most recent transactions on account xyz,64
4060,how long does chicken curry last in the freezer before it's spoiled,95
4061,i would like to change the name on my first bankcard account,136
4062,tell me the best way to freshen the smell in my car,-1
4063,can you text bill and tell him i love him,83
4064,show me the top 10 quotes by mark twain,-1
4065,what's the name of the day today,14
4066,is there an internet outage in my area,-1
4067,how many polar bears are still alive in the arctic,-1
4068,i'd like to start calling you buddy,6
4069,is there enough air in my tires,123
4070,how do i transfer my 401k to a new firm,60
4071,double the speaking speed please,72
4072,what movie does it's just a flesh wound come from,-1
4073,start using a different accent,75
4074,i want to be reminded to pay the electric bill,107
4075,i wish to know the next holiday,112
4076,is there traffic on the way,77
4077,switch off whisper mode,42
4078,turn whisper mode off,42
4079,what do you like to do during your leisure time,90
4080,give me a suggestion for roofers,-1
4081,tell me if you are a human or are a computer,129
4082,what's the spanish word for pasta,140
4083,whats the current exchange rate between usd and eur,37
4084,i would like you to reserve a conference room for noon tomorrow,54
4085,make 1234 a new pin for my savings account,136
4086,what can you do to make yourself useful,35
4087,how often should i get my tires changed,146
4088,what is the best product for removing soap scum,-1
4089,what's at movies,-1
4090,have there been any travel alerts for the us,58
4091,i have no idea where my luggage went!,32
4092,i want to take the 8am meeting with sam on monday the 5th off my calendar,67
4093,transfer $100 from my checking to saving account,122
4094,what types of gas can i get for this car,137
4095,so how many days did i take off sir,70
4096,what's the best hand to have in texas hold em,-1
4097,please confirm my reservation for bar les freres at 7,116
4098,has my electricity bill increased this month how much,99
4099,what is the lowest amount i can pay for my hospital bill,149
4100,can you reserve a room for a friday meeting at 5pm,54
4101,what's the calorie content of chicken nuggets,76
4102,are polar bears on the endangered species list,-1
4103,how many keys does a xylophone have,-1
4104,what song is this one,27
4105,how can i get get a copy of my w2 for tax purposes,39
4106,what's the number of vacation days i have left,36
4107,tell me what types of questions i can ask you,35
4108,what is money used for,-1
4109,i want to know what kind of gas this car uses,137
4110,are you a computer generated voice,129
4111,are you able to remind me about something,107
4112,what would you say my gas and phone bills are at,99
4113,where can i find the best divorce lawyer,-1
4114,please confirm my reservation at brio for theodore,116
4115,time to order and receive a new credit card,143
4116,where can i rent a car in singapore,46
4117,when are the winter olympic games,-1
4118,has there been any times when lebron james was arrested,-1
4119,what is the gas mileage of my car,68
4120,what name do you have for me,28
4121,what was the original name of jesus in egyptian myth,-1
4122,"great talk, thanks",79
4123,how do i make my android phone more secure,-1
4124,how can i get a better rate on my card,-1
4125,look up when my payday is supposed to be,119
4126,how many centimeters are in 12 meters,38
4127,what were you just saying,115
4128,thanks for trying,101
4129,"calorie check, cheese burger",76
4130,am i supposed to buy milk,30
4131,lets start calling you allan,6
4132,time to replace my credit card,143
4133,i need my bank account frozen,5
4134,what is the total number of calories in this pizza,76
4135,i need help to transfer my 401k,60
4136,what date do i get paid,119
4137,"i need to cancel my reservation after all, please",41
4138,i would like it if you would turn the bedroom lights on low until i'm finished reading,11
4139,do i have any appoints set for my calendar april 3rd,141
4140,how young are you,117
4141,what do i wear on my feet when it rains,-1
4142,i want to know if your a bot,129
4143,what does serendipity mean,33
4144,"that's all i need, i'm going now",79
4145,start listening to me dictate a letter,-1
4146,drop some beats,128
4147,how much time is left until we get there,73
4148,i have a card that needs replaced because my wine dumped wine on it,142
4149,there's a messed up transaction on my account from mcdonald's,61
4150,"in cleveland, are there any good places that serve clams",110
4151,notify me how many days off i have used so far,70
4152,how's the real estate market doing this week,-1
4153,i would like you to repeat it,115
4154,please unsync from my phone right now,148
4155,do i have a monthly spending limit,10
4156,i want to change your name to shelby,6
4157,does applebees take reservations,139
4158,i want to use my credit rewards now,97
4159,can you make the default language swedish,113
4160,can you cancel that request,87
4161,can i summon a demon using just an ouija board,-1
4162,what brush can i use to wash my car that won't scratch it,-1
4163,so how many days did i take off,70
4164,just flip a coin,44
4165,tell me who has the cheapest watch bands on ebay,-1
4166,i need you to call the phone company for me,20
4167,how long does the average set of tire last before needing replacement,146
4168,please tell me your age,117
4169,how many carry ons can i take on a flight with united airlines to austin,80
4170,how hard is it to close a bank account at wells fargo,-1
4171,i need to book a flight on jet blue to boston from new york,85
4172,stop whisper mode,42
4173,is michonne wrong for not working with the kingdom to put on the fair,-1
4174,where did i place my phone,111
4175,please begin a timer,94
4176,"yes, this is true",7
4177,how do i know if it is time to replace my tires,146
4178,look up a good broker for mutual funds,-1
4179,can you assist me to convert kilos to pounds,38
4180,i agree,7
4181,make a list of what materials have been used for spacesuits,-1
4182,tell me about the earthquake in california that happened this morning,-1
4183,can i have more information about this car's highway mpg,68
4184,how full is my gas tank,12
4185,why is my dog vomiting after eating,-1
4186,i'd like the language to be in spanish,113
4187,my list of reminders contains what,29
4188,good bye then,79
4189,can you simulate a dice roll,0
4190,i spent 34 dollars for 12 gallons of paint what is the average price for each gallon,118
4191,what's on my calendar for march 20th,141
4192,let me know which company were you designed by,9
4193,let me know the nearest gas station to glendale,22
4194,what does circuitous mean,33
4195,what movies are available,-1
4196,go ahead and cancel my reservation for 5 at red robin,41
4197,tell me where to a w2 form,39
4198,"i want to pay my electric bill, can you do it for me",40
4199,what is my current location,84
4200,i would like to upgrade to full coverage for my car,-1
4201,which kinds of pets do you own,82
4202,please send my location to rob and mary,84
4203,can you swipe to the next song,130
4204,what is the definiton of auspicious,33
4205,where do you call home,121
4206,what kind of foods are border collies allergic to,-1
4207,definitely,7
4208,alter the pin on my savings account to be 1234,136
4209,i need to know what 25 times 38 is,118
4210,how bad is traffic at 9:00 going to detroit,77
4211,what number is my credit score currently,23
4212,how old will you be this year,117
4213,how come my credit card isn't working,147
4214,check with my bank to see why my account is frozen,59
4215,i've got a fraudulent purchase from kayak on my account,61
4216,remind me of the items on my list of things to remember,29
4217,can you give me the most current market news,-1
4218,what is 1000 plus 745,118
4219,where is the nearest arco gas station to macdonalds,22
4220,i want to know what my recent transaction was,64
4221,can someone look at my check engine light that's on,48
4222,how much dough do i have in my bank accounts,26
4223,it it possible to take pto from the 8th to the 11th,98
4224,call an uber to take me to the closest grocery store,-1
4225,what does ferrari mean,33
4226,what are sigmund freud's most famous books,-1
4227,i don't need grocery shopping on my todo list anymore,120
4228,i need to book a place to stay in phoenix from the 5th to the 9th of march,56
4229,help me to transfer my 401k,60
4230,tell me something funny about the middle ages,15
4231,is it too late to wear white,-1
4232,my check engine light is on and i need someone to look at it,48
4233,can i use oil instead of vinegar,65
4234,search information on how to apply foundation,-1
4235,i need an alarm,2
4236,what are some local attractions in portland,133
4237,how can i control where microsoft word inserts a page break,-1
4238,today is the day i should pay my electric bill,40
4239,tell me more about bill gates,-1
4240,can i take pto from the end of the month to the 5th of the next month,98
4241,i lost my credit card recently  how long does take to get a new one in the mail,143
4242,please text john,83
4243,how many teaspoons will make one tablespoon,38
4244,when will our next day off be,112
4245,i need x's routing number,89
4246,can you link up with my phone,148
4247,i want a rental car that is available tomorrow and that i can keep for four days please find me one,46
4248,thank you for your assistance,101
4249,what is the amount of time to keep milk refrigerated,95
4250,is the breakfast place full in the mornings,108
4251,when can i expect meal of salmon to be finished,13
4252,"if i travel here, do i need vaccinations",66
4253,i need a timer for 45 minutes,94
4254,i can't seem to track down my luggage,32
4255,tell me about the candidates running for local office in my area,-1
4256,show me a tabulation of reviews for lcd tv's on amazon,-1
4257,"what's the proper way to spell ""helicopter",124
4258,"hey, what's new",114
4259,find the next holiday,112
4260,how long does it take to get a divorce finalized,-1
4261,would you let me know what is the point of life,17
4262,can you tell me if your a bot,129
4263,can i get an uber for 2 to go to austin,96
4264,what'd you say,115
4265,how is it possible to get a better credit score,86
4266,let's flip a coin i choose heads,44
4267,who is the best architecture,-1
4268,is my apr rate above average,55
4269,"i'm almost certain my car battery died, please tell me what to do",57
4270,take toilet paper off my shopping list and add paper towels,51
4271,tell me about personal finance,-1
4272,is it possible to read my to-do list again,62
4273,give me the number of a traffic attorney near here,-1
4274,when will george rr martin publish the next game of thrones book,-1
4275,what's the status for my delta flight this afternoon,1
4276,find my wallet,-1
4277,can you check and see why us bank put a hold on my account,59
4278,which type of pets do you have,82
4279,where is the closest driving range,-1
4280,how long will i have to wait at cheesecake factory,108
4281,can i use my points to pay my credit card,97
4282,play a song,128
4283,what's the cost of bottled water,-1
4284,it is very much false,34
4285,what taxes do i owe,132
4286,how far has my application for the hsbc card gone till now,49
4287,give me the nutritional details for a cup of yogurt,131
4288,i'm struggling to remind myself the pin number to my card,136
4289,whats the mpg for this car,68
4290,can you share something funny about traveling,15
4291,please find today's most read stories from the new york times todayi,-1
4292,can you tell me what name you have for me,28
4293,tell me what my credit score is,23
4294,when is my flight scheduled to board,1
4295,can you book a car rental today to new york city to philadelphia,46
4296,tell me some trivia about dolphin,93
4297,how's my gasoline how much do i have left,12
4298,no that isn't right,34
4299,about how much did i spend recently,24
4300,what are the rules for traveling with toothpaste,80
4301,are cool people at the bar at 9:00 pm,108
4302,are there meetings from 1 to 5 pm,50
4303,how does one say wonderful in german,140
4304,can you set the alarm for noon,2
4305,how do i go about getting cash for my card points accumulated,97
4306,what does assiduous mean,33
4307,what is the population of south africa,-1
4308,what is the sum of eleven and ten,118
4309,tell me any animals that you have as pets,82
4310,i want to know if the new york restaurant takes reservations,139
4311,what is some trivia about the weather,93
4312,what's the amount of taxes for my income,132
4313,i need to give my location to macy and george,84
4314,i need to go downtown with 2 people; can you get me an uber,96
4315,what is the number of pto days i have left,36
4316,what is the distance between the goal posts in football,-1
4317,can you recommend for me when to next get my oil changed,81
4318,please help me report my lost card,109
4319,what were you supposed to remind me of,29
4320,what is my current signal strength,-1
4321,what is the information on this song,27
4322,set an alarm for 9 tomorrow,2
4323,look up which animal is represented in this year's chinese new year,-1
4324,my phone isn't where i left it,111
4325,how much time do i have to keep tofu in the freezer before it goes bad,95
4326,"sorry, i didn't catch that could you say it again",115
4327,either one might be,18
4328,vacation request information,98
4329,find articles that can help me advance my position in my work field,-1
4330,how long does it take the irs to issue a tax refund,-1
4331,look up the current auto loan rate at chase bank,-1
4332,make a roll of the dice,0
4333,a hidden government facility,121
4334,las vegas weather today,47
4335,what ingredients are in beef jerkey,100
4336,what is a good sink filter for water,-1
4337,let me know how many pounds are in 10 kilos,38
4338,"""i'll be travelling from lax and headed to phl for 120 on the 10th of may",85
4339,when's the next day off,112
4340,would you call yourself a human or a computer,129
4341,friday needs to be clear on my calendar,67
4342,can i take an uber to the statue of liberty,96
4343,are there cameras hidden in stop lights,-1
4344,i'd like for this person to know my location,84
4345,i can't use my card because i damaged it,142
4346,what are cars like mine selling for online,-1
4347,i replaced tires last june when should i do it again,146
4348,which company made you,9
4349,what is the lowest amount i can pay for my car bill,149
4350,i need a flight from boston to miami for under 300 dollars,85
4351,"can you give me a traffic update for driving routes nearest ocean city, new jersey from philadelphia",77
4352,"is it possible to change oil, if so how and what do i use",25
4353,on the speaker what song is playing,27
4354,when will my payment be deposited,119
4355,now tell me my credit card's apr,55
4356,what's my routing number,89
4357,i am traveling to paris soon and would like some suggestions of what to do and see,133
4358,how do i apply for american express,4
4359,how do you make pasta,21
4360,let ann and scott know where i am,84
4361,what is the name of the place you work at,103
4362,what's the phone number for my credit card company,143
4363,"will having my shots updated be a good idea, before i travel to south america",66
4364,i have no idea where my luggage is,32
4365,give me the tire pressure for the car,123
4366,"i cannot locate my phone, can you help me",111
4367,what's my oil change status,81
4368,what is the shipping wait for my card,143
4369,"can you call me a different name, please",71
4370,please call an uber for 6 people to go to amazon's southside warehouse,96
4371,schedule a flight from pittsburgh to arizona on delta,85
4372,"i think all my bills are paid, but can you double check",99
4373,has the french laundry gotten good reviews lately,31
4374,latest hair styles for long natural hair,-1
4375,what's the answer to it all,17
4376,i'm travelling to boston on march 2 until march 4 please make a hotel reservation for me,56
4377,when will my credit card no longer be good,105
4378,what is the timeframe for getting my tires changed,146
4379,tell me my credit limit,10
4380,i don't want you connected to my phone anymore,148
4381,how about i call you sue,6
4382,who is the best local real estate agent,-1
4383,give me a fun fact about kangaroo,93
4384,who's your boss,103
4385,i would like thai food,3
4386,can you tell me this vehicles gas type,137
4387,where would i find my luggage,32
4388,can you let me know if my vacation was approved,104
4389,i'd like to start calling you jake,6
4390,when is the expiration month for my card,105
4391,did the stock market finish up for the day,-1
4392,how far am i from orlando,73
4393,please add this song to my country music playlist,127
4394,do you know if l'arpege will ask for reservations,139
4395,please let's do it,7
4396,can i transfer my 401k somewhere,60
4397,does the shopping list have apples on it,30
4398,tell me what the date will be in 5 days,14
4399,what's 15% of 68,118
4400,"is ""cleaning the bathroom"" an item on my todo list",62
4401,what place are you from,121
4402,where were you before,121
4403,tell me: car gas mileage,68
4404,did carrots get on my shopping list,30
4405,can you wake me up at noon,2
4406,i wish to know my debit card's rewards balance,144
4407,look up the average temperature changes over the last 30 years for my area,-1
4408,can i purchase a vacation using this,98
4409,i need to know the type of gas for this car,137
4410,i would like to change the name on my checking account,136
4411,do you know where the remote is,-1
4412,do you like cats or dogs more,82
4413,do they speak english in australia,-1
4414,is it possible to set a timer,94
4415,what's the apr on my savings account,63
4416,how many minutes will it take to get to the empire state building in manhattan,73
4417,tell me how much money i've spent on fast food in the past week,24
4418,what did i ask you to remind me of,29
4419,find a decent rental care for next week at the philadelphia airport,46
4420,who do i need to contact to find out why my card got declined,147
4421,how is a vacation request made,98
4422,"if i want to go to x, do i need a travel visa",126
4423,find a cleaner that specializes in suede,-1
4424,is anything on my calendar for june 22nd,141
4425,call mom,20
4426,how much candy have i consumed this week,-1
4427,"i have to cancel my reservation after all, please",41
4428,help me pick a new location to travel to,133
4429,what are my coffers at,26
4430,my answer to your question is yes,7
4431,i lost my phone can you help me,111
4432,you need to shut it,87
4433,do i own you,103
4434,what is the time frame for sending a customer who lost their credit card a new one,143
4435,would you consider my apr to be good,55
4436,i need a hand getting this gas bill paid,40
4437,what is the expiration date for those eg,95
4438,i want to shop using credit card points,97
4439,what's the best way to drown a witch,-1
4440,can i get to cuba with this visa,126
4441,i appeciate it,101
4442,put in a request for cashing in credit points,97
4443,i want to know the meaning of life,17
4444,play the song called wreckless love,128
4445,please book me a place to stay in phoenix from the 5th to the 9th of march,56
4446,what do i need to make brownies,100
4447,i need you to cancel my reservation for 5 at red robin,41
4448,how much does it cost to use the parking garage downtown,-1
4449,where can i find information on oil changes for my car,81
4450,"play the song that goes, ""starships were meant to fly",128
4451,what did the mesopotamians call the creator of the universe,-1
4452,watch the stories on instagram,-1
4453,how long will it take me to get to walmart,73
4454,compare the new life growth in trees when the seasons change,-1
4455,i want to rename you joe,6
4456,please give me the pin number for my checking account,136
4457,what would the word for grass be in finland,140
4458,get me an uber for 3 people uptown,96
4459,how many days later is it okay to eat curry that was in the fridge,95
4460,do laundry,-1
4461,let me know about the status of my credit card application,49
4462,when is my paycheck arriving,119
4463,how often should my tires be changed,146
4464,tell my bank's fraud department i'm going to mexico,88
4465,search the web for monthly parking near my house,-1
4466,"ai, what is your name",106
4467,how much do you think my rent and electric bills are,99
4468,can i increase the credit limit on my mastercard,69
4469,find out how many latin scholars there are at the university of chicago,-1
4470,where is the nearest wal mart,22
4471,i need you to repeat that please,115
4472,how much do you get when you roll an eight sided die,0
4473,what day did i last take my car in,92
4474,how do i get to the train by foot,22
4475,it appears that my luggage has been lost,32
4476,park the car,-1
4477,we'd like an uber for 4 to take us to the olive garden,96
4478,let me know the ingredients i will need for pasta making,100
4479,which way do we go and how long will it take to get to the sears tower in chicago,73
4480,change to the woman voice,75
4481,how do i get that tax form from my employer,39
4482,for this car what kind of fuel does it take,137
4483,is my spirit flight running on time,1
4484,can you see if i can make an appointment to have my oil changed,48
4485,set up direct deposit,45
4486,how much do i have left in my checking account,26
4487,please reset to factory settings,19
4488,can you help me plan a vacation,98
4489,what's the name you use for me,28
4490,can you tell me the apr of my target credit card,55
4491,how long does it take to get to el paso on a bus,73
4492,i would you like to learn something interesting about bees,93
4493,can you tell me how to change my oil and what kind i use,25
4494,what's the word for trees in norway,140
4495,get reservations at olive garden for two at 7:00pm under michael,135
4496,do vegans really want to blame cows for climate change,-1
4497,can i put in a pto request for august 1st to august 10th,98
4498,i'd like to pay $4735 to my water bill,40
4499,what are the ai's hobbies,90
4500,i'm going to need a coupe car in sedona from 5/1 until 5/4,46
4501,can you book me an appointment at a car wash,-1
4502,are there transaction fees using my discover if i'm in cuba,16
4503,tell me nutritional info for lettuce,131
4504,affirmative,7
4505,what do i do now that my battery is dead,57
4506,i want to report fraudulent activity on my navy federal card,61
4507,am i currently connected to wifi,-1
4508,can you add a bag to my reservation,-1
4509,how is ford's stock doing,-1
4510,please tell me what the date is tomorrow,14
4511,search my contacts for the auto repair place,-1
4512,disconnect from my device please,148
4513,what is happening with the weather in austin,47
4514,leave whisper mode,42
4515,please take all my money out of my checking account and close the account,-1
4516,what's the nutrition info for a pound of chicken,131
4517,i need my checking account's interest rate,63
4518,can you give me a american dinner suggestion,3
4519,"on the tv, turn on",11
4520,do i have enough fuel to travel to san diego from here,12
4521,how long to grill thick steaks,13
4522,how do i replace a damaged card,142
4523,what's the apr on my credit card,55
4524,did i take my car to the mechanics recently,92
4525,how long before the next holiday here,112
4526,what is my minimum payment and when is it due,149
4527,turn on whisper mode,42
4528,what things are on my todo list,62
4529,what is the weather forecast looking like for seattle,47
4530,"ai is a helpful item to have in my home, thank you",101
4531,"can i get some more checkbooks sent to me, please",125
4532,what is my payment going to be,91
4533,where do you work,103
4534,tell me spaghetti bolognese's nutrition facts,131
4535,tell me how to increase credit limit for chase card,69
4536,tell me a good joke,15
4537,do i require a plug converter when i visit puerto rico,53
4538,would you say it again please,115
4539,that isn't correct,34
4540,what does epicurean mean,33
4541,do i have transaction fees if i use my american card internationally,16
4542,send a notification to my bank of my travel dates from february 19th to 26th to peru,88
4543,would you explain the meaning of life,17
4544,find out how to deodorize a car,-1
4545,tell me how to perform cpr,-1
4546,where can i find routing number for pnc,89
4547,don't be synced to my phone anymore,148
4548,would it be okay to change your name to daphne,6
4549,thanks for all your help,101
4550,can i update my insurance policy,102
4551,i need you to turn the bathroom lights on,11
4552,look for my phone with me,111
4553,i'll be confirming my reservation for joseph at red lobster,116
4554,call sal,20
4555,i need you to switch the language you are responding as i don't understand,113
4556,who invented custardo,-1
4557,my card became damaged when i dropped it in the parking lot and it got ran over,142
4558,i apprecaite the help from you,101
4559,my tires need how much more air in them,123
4560,google the price of skydiving in florida,-1
4561,can you add eggs to my shopping list,51
4562,on tuesday you are supposed to have a meeting,141
4563,text jean and tell him to call work,83
4564,i need to get to the staples center; can you call me an uber,96
4565,read the phone number for mom in my phone contacts,-1
4566,don't forget to set an alarm for noon,2
4567,i need to know the the carry-on restrictions for american airlines,80
4568,has there been anything breaking this afternoon,-1
4569,"pull up my electric bill, i want to pay it",40
4570,did i set a day on my calendar for voting in the next election,141
4571,call alexa at home,20
4572,how do i cash in my amex reward points,97
4573,i must know how to say thank you in german,140
4574,can you sign out of my bank login,-1
4575,i need a dice roll for a six sided die,0
4576,would you give me examples of what some of your hobbies are,90
4577,i would like to change the name on my first hawaiian bank account,136
4578,where is my package en route,145
4579,i would like information on the meaning of life,17
4580,can i use sugar instead of salt,65
4581,what is the best time to go to get a burger without a line,108
4582,"on my reminders list, is there an item called conference call",29
4583,what do i call you,106
4584,what is my health insurance,78
4585,i'd rather call you gloria,6
4586,please rely on your original settings,19
4587,is cheesecake factory busy right now,108
4588,do i have any appointments on my calendar march 22nd,141
4589,what knowledge do you have on certain subjects,35
4590,is the phone bill the same as last month,99
4591,how many ounces are in 4 pounds,38
4592,how many weeks of vacation time do i have,36
4593,how often should i change the tires on my car,146
4594,change from whisper mode,42
4595,what amount of vacation days do i have,36
4596,does france use a socket converter,53
4597,can you talk faster,72
4598,how long will it take to make an omelet,13
4599,can you find me a brisket recipe,21
4600,i need to know your age,117
4601,timezone in salt lake city,74
4602,tell me who gives the best motivational speeches on the web,-1
4603,how would you rate the airport i am traveling to,-1
4604,i need an appointment for someone to check out my check engine light being on,48
4605,is there a charge to use my card in france,16
4606,unsync yourself from my device,148
4607,where in syracuse can i book a car,46
4608,do you have any pets,82
4609,how safe is it to consume the substance h2o,-1
4610,i'd like to hire a wedding planner and need help finding one,-1
4611,how do i unlock my bank account,59
4612,i need to be reminded to do something,107
4613,does tofu last long in the freezer before it goes bad,95
4614,what is the calorie content in bananas,76
4615,what is the solution to sixty times thirty,118
4616,"if something is 15% off $35, how much is it",118
4617,whats the mpg of this car,68
4618,how do i get started making homemade pizza dough,21
4619,i want a new insurance plan,102
4620,search up the cast in the walking dead,-1
4621,how would i change from centimeters to inches,38
4622,alert my bank of my travel to dubai for the dates april 14th through april 22nd,88
4623,do you know when i should get my tires changed next,146
4624,how much do i owe the irs,132
4625,is the polar vortex of 2019 apart of global warming,-1
4626,what is the current weather like,47
4627,what is the calorie count of a burrito,76
4628,what exactly is the tire pressure for the car,123
4629,take toilet paper off my shopping list,51
4630,say again please,115
4631,please give me the nutritional information for an egg,131
4632,i must get the w-2 form,39
4633,go faster,72
4634,am i able to order more checkbooks for my chase account,125
4635,tell me when i last had my oil changed,92
4636,tell me where my gas tank is,12
4637,you can cancel the task,87
4638,i lost my card and need to report it,109
4639,what are the rules for chess,-1
4640,where are classes taught near me for c++,-1
4641,what day did i last have the oil in my car changed,92
4642,can you book me a flight to memphis from st louis on delta airlines,85
4643,"i need some help with transferring my 401k, can you help",60
4644,can you cancel improv class from my calendar for may 7th,67
4645,will it still work if i use applesauce instead of oil,65
4646,can you text mary and tell her she is amazing,83
4647,can you tell me some strategies for raising my credit score,86
4648,what size space suit should you get based on your girth,-1
4649,i want to rollover my 401k,60
4650,give me some ideas of what to do during my trip to dallas,133
4651,please get connected to my phone,148
4652,i have to rollover my 401k,60
4653,i don't want to forget to call mom,107
4654,what time is it in the eastern timezone,138
4655,is the resataurant busy at 5:00 pm,108
4656,do you know which insurance plan i have,78
4657,how to activate direct deposit to chase account,45
4658,i'm in the mood for slow songs and nothing else,128
4659,what's your name,106
4660,what is the expiration month of my card,105
4661,set a 1 minute timer,94
4662,when is my credit card expire,105
4663,can you share a humorous joke with me,15
4664,how much for a samurai sword,-1
4665,is vacation a go,104
4666,how do i freeze my bank account,5
4667,tell me the number of points on my visa card,144
4668,fold my hand,-1
4669,what is the pressure of my tires,123
4670,i would like to hear a joke,15
4671,what is my state bank of india card credit limit,10
4672,whats your age range,117
4673,find out who the best appliance repairman is for the downtown area,-1
4674,what pets do you own,82
4675,do i need a visa to travel outside of the us,126
4676,when will my oil change be due for this car,81
4677,can i apply for a visa card,4
4678,why is my bank account locked,59
4679,where am i,134
4680,tell me where to go to get my son enrolled in public kindergarten,-1
4681,i'm pretty sure i have a fraudulent transaction on my account,61
4682,"is there a problem with my account, it appears to be blocked",59
4683,what is the location that td bank has their routing number listed,89
4684,tell me how many blue ties i own,-1
4685,i was at publix trying to buy some food but my card wouldnt work,147
4686,what name do you want me to use,106
4687,set an alarm to wake me up at 5:30am,2
4688,"my 401k, can i roll it over",60
4689,is there traffic on my work route,77
4690,what time did my daughter get home from her date,-1
4691,how much do i have in my savings account,26
4692,i want to switch to a new insurance plan,102
4693,rolls have how many calories,76
4694,i need an uber to madison square garden,96
4695,what is the total number of pets that you have,82
4696,where do i go to order more checks for my well's fargo account,125
4697,"what time is it right now in adelaide, australia",138
4698,please cancel my reservation for 5 at red robin,41
4699,i want to explore a new place but don't know where i should go do you have any ideas,133
4700,create several photos of me with different hair styles,-1
4701,i need what i'm listening to right now to be put on my exercise playlist,127
4702,let my bank know i actually am visiting brazil,88
4703,when can i get a business card printed locally,-1
4704,for my savings account i would like to know the interest rate,63
4705,generate a list of 20 songs that include the word love in the title,-1
4706,how much did i spend on my most recent transaction,64
4707,i didn't understand you,115
4708,how do i order some more checks for my navy federal account,125
4709,can i deposit a check,-1
4710,would you describe yourself as a cat or dog person,82
4711,insert mowing on the chore list,120
4712,check meeting room availability between one and three pm,54
4713,how many points do i have on my six flags rewards card,144
4714,i would like to report a damaged card that was burnt,142
4715,what date will it be tomorrow,14
4716,when is boarding scheduled,1
4717,how long will i be on the bus to new orleans,73
4718,"can you find ""were the millers"" on hulu",-1
4719,book me a table for three at rainforest cafe at seven,135
4720,"i have too many credit cards, is there any way you can help me organize them",-1
4721,how often should i change the oil,81
4722,nope that's not it,34
4723,please let lisa and chris know my location information,84
4724,who is the one who programmed you,9
4725,remove milk and add eggs to my shopping list,51
4726,what is the deadline to register at university of georgia,-1
4727,where are you from originally,121
4728,tell me about my health benefits,78
4729,show me examples of cute eyeglass frames,-1
4730,what is the best way for dealing with the airport,-1
4731,where is the closest mcdonald's to foxwoods casino,22
4732,any hobbies you like to do,90
4733,how healthy is tacos,131
4734,when am i due for my next oil change,81
4735,how is the temperature at ac,11
4736,i was in thailand trying to buy candies and my card got declined,147
4737,what is the longest i can leave meatballs in sauce in the freezer before it is no longer safe to eat,95
4738,would you let me know what the meaning is life is,17
4739,on the speaker do you know what song is on,27
4740,i have a damaged card that needs replaced because my son dropped it in a blender,142
4741,scan you find me a chicken recipe,21
4742,where have you come from,121
4743,i want to pay my bill through the app,40
4744,what is the minimum i can pay on my cell phone bill,149
4745,how many calories does doing 20 situps burn,-1
4746,how many people still live on greenland,-1
4747,slow down your voice,72
4748,give me tips on improving my credit score,86
4749,what are the nutrition facts for greek yogurt,131
4750,what's my budget for today's shopping trip,-1
4751,when will the government file another antitrust suit against microsoft,-1
4752,how long should i cook my turkey,13
4753,tell me what the time is in dallas,138
4754,i need a aaa service place to make an appointment for my tires to be assessed,48
4755,and your name is,106
4756,can i get someone to look at my check engine light that is on,48
4757,find me examples of post modern art,-1
4758,check if bj's takes reservations,139
4759,where is the colosseum,-1
4760,how do i apply for a new credit card,4
4761,my visa has been damaged,142
4762,are there any new job postings in my area in the last hour for jobs on craigslist,-1
4763,false,34
4764,tell my location to david,84
4765,tell me who your maker was,9
4766,when was my last visit to the car shop,92
4767,i want an uber to take me to walmart,96
4768,decrease your decibel level,52
4769,"going to work, will there be traffic",77
4770,did i stick to my dinner budget,24
4771,create a pamphlet on albert einsteins childhood,-1
4772,what company is responsible for this design,9
4773,tell me where my package is currently,145
4774,what's the location where i am,134
4775,how do i order some more checks for my bank of the west account,125
4776,i need to get the interest rate of my savings account,63
4777,please set an alarm,2
4778,give me my todo list,62
4779,i want a timer set for 10 minutes,94
4780,do you think they'll let me reserve a table at the olive garden,139
4781,place an order for my entire shopping list,8
4782,can i use butter instead of margarine,65
4783,what's the spanish word for dog,140
4784,can you talk more slowly,72
4785,read my todo list,62
4786,can credit card companies expedite delivery of reissued credit cards,143
4787,show me the new york times most popular book list for this week,-1
4788,what are you programmed to do for me,35
4789,give me a tuna salad recipe,21
4790,what's the timezone in valencia,74
4791,i want to make something from ethiopia for dinner,3
4792,how full is the gas tank,12
4793,what is the amount of my state taxes,132
4794,how much have i been spending on booze this month,24
4795,i'd like to know how you are doing,114
4796,should i call a car maintenance,48
4797,whats the exact time,138
4798,what's the status of by delta flight,1
4799,has ko gone up or down,-1
4800,i need to find my credit score,23
4801,may i suggest we go to the next song,130
4802,how can i get my credit limit to be increased to $1000,69
4803,hello there,114
4804,start calling me jake from now on,71
4805,how much are the clorox detergents,-1
4806,who makes milky way bars,-1
4807,i need a table at gemma for nine at two,135
4808,can i swap applesauce for oil,65
4809,i would like to thank you ai,101
4810,does z used the same plus as we do in the united states,53
4811,set the oven temperature to 350,11
4812,set an alarm for 11 tomorrow,2
4813,please read my shopping list,30
4814,does acero have good or bad ratings,31
4815,be quiet,87
4816,tell me the song that is currently playing,27
4817,start over using factory setting,19
4818,what is the current time in dallas,138
4819,i need some ideas for a mexican meal,3
4820,talk fast,72
4821,please repeat the last thing,115
4822,send me more checkbooks please,125
4823,check how much i spent this week,24
4824,do you prefer cats or dogs,82
4825,make the lights darker,11
4826,can you tell me who sells dixie paper plates,-1
4827,can i get some new checks i'm out of mine,125
4828,"can you spell ""fragile"" for me",124
4829,how do i get to the subway by foot,22
4830,tell me the the carry-on restrictions for american airlines,80
4831,can we change your name to clara,6
4832,make a chart of the different types of whales,-1
4833,are you a human or ai computer based,129
4834,how do i get to central park by foot,22
4835,do i have any items on my calendar for march 21st,141
4836,i need to know the proper spelling of curiosity,124
4837,tell me what the best shampoo is for someone with dry scalp,-1
4838,tell me how to make a lesson plan,-1
4839,i need to find a new babysitter,-1
4840,my luggage appears to be lost,32
4841,it could go either way,18
4842,vaccines for my trip to cuba,66
4843,pull up the songs under slow,128
4844,is there a charge to use my card in croatia,16
4845,what's the definition of luminescent,33
4846,power up my generator,-1
4847,what kind of reviews does the olive garden have,31
4848,has flight dl123 landed,1
4849,can you tell me the date of my last check,119
4850,check to see how many miles are on my car,-1
4851,where is your home town,121
4852,what's the most i can charge on my card,10
4853,tell me what my local park's policy is on letting dogs off of leashes,-1
4854,"hello, how is it going",114
4855,how would one make a vacation request,98
4856,watch the fbi,-1
4857,who are the nominees for best picture this year,-1
4858,is my oil change coming up soon,81
4859,are you able to find my recent transactions for me,64
4860,give me a list of the biographies written by nyu professors after 2001,-1
4861,i have a false charge on my account from mcdonald's,61
4862,let me know what ingredients i need to make pasta,100
4863,how expensive is my internet,99
4864,what marvel movie did mark ruffalo first appear in,-1
4865,is there any meetings from 5 to 6 pm,50
4866,what were the things that i wanted to remember,29
4867,can i move some money around,122
4868,what is my credit rating,23
4869,can you give me the timezone for the country,74
4870,how busy is the cafe at 7:00,108
4871,do you like appreciate cats or dogs more,82
4872,when did i take my car to the shop last,92
4873,whats my bank accounts look like,26
4874,revert to original settings,19
4875,"siri, place my amazon order",8
4876,why can't i access my chase account,59
4877,what will tomorrow be on the calendar,14
4878,can i substitute butter for oil,65
4879,will we have to make reservations for roca,139
4880,what ingredients are in filet mignon,100
4881,can you tell me what 100 british pounds equals in us dollars,37
4882,can i fly with my razors or are there restrictions,80
4883,how do i report the card as lost,109
4884,i gotta jump start my car,57
4885,help me wake up with an alarm at 5:30am,2
4886,is there a certain kind of fuel needed,137
4887,"""which things are wanted to remember",29
4888,what stuff am i trying to remember,29
4889,when is my electric bill due by,43
4890,i have to report fraudulent activity on my bank of the west card,61
4891,what is the day now,14
4892,can i bring suntan lotion in my carry on,80
4893,repeat please,115
4894,can i start calling you fred,6
4895,what's life mean to you,17
4896,how many days on holiday do i have,36
4897,is there an uber that drives to the bank on 5th that can hold 3 people,96
4898,how do i locate the due date for my bug bill,43
4899,please set the temperature to 70 f,11
4900,how much are my taxes for my income,132
4901,the time is what,138
4902,what's the ultimate day for me to pay the internet bill,43
4903,would you let me know the status of my american airlines flight,1
4904,the temperature at ac is what,11
4905,lasagna takes how long to cook,13
4906,put on an educational program about buddhism,-1
4907,the oven be set at 350,11
4908,what is the top 10 best modems,-1
4909,speak in dutch,113
4910,how much fast food have i bought recently,24
4911,sell three calls of of nvda,-1
4912,can you please disconnect from my phone,148
4913,20 yen is how many dollars,37
4914,can you check my credit score for me,23
4915,i want to pay my bill,40
4916,is vaccination necessary for travel to asia,66
4917,"tell me how to spent ""frightened",124
4918,tell me what your name is,106
4919,what's the first thing you should do to wash your car,-1
4920,turn up the volume,52
4921,my car battery is dead what do i do,57
4922,phone number to state farm to change insurance,102
4923,what's the blue book value of my car,-1
4924,where can i list my vehicle for sell,-1
4925,can you tell me what you can help with,35
4926,pick out an excerise outfit for me,-1
4927,where can i find measurement conversions,38
4928,is there a travel alert for france,58
4929,get me a hotel room big enough for 4 people from may 3 to may 5 in boston,56
4930,did i mark the mechanic's appointment on my calendar,141
4931,can you change to the male voice,75
4932,will i get getting my new card anytime soon,143
4933,how do i know when to get the tires changed on my car,146
4934,what kinds of cereal are gluten free,-1
4935,look for me a table at carl's cabin for twelve at eight,135
4936,what time is it in the central timezone,138
4937,what is my routing number to my checking account at bb&t bankj,89
4938,i need to get a hotel in phoenix near chase field from january 4th to the 8th,56
4939,tell me mr joes pizza average wait time,108
4940,how to plan for weddings,-1
4941,what day are we in,14
4942,can you order me some nacho chips,8
4943,simulate rolling a dice and tell me what it lands on,0
4944,i'd like to know what bitcoin means,33
4945,where can i find bluetooth speakers,8
4946,get me a copy of a book on negotiation in the workplace,-1
4947,how do you prepare taco,21
4948,add grocery shopping to my to do list,120
4949,i no longer want my reservation anymore,41
4950,please give me my current credit score,23
4951,"from sunday to wednesday, i will be in oakland, so should i call my bank to let them know",88
4952,how many points earned do i have with my american express card,144
4953,what preventative measures can i take to avoid a low credit score,86
4954,can you tell me the to do's on my reminder list,29
4955,yup,7
4956,what is the limit on my visa,10
4957,what do my vacation days amount to,36
4958,i must understand the nearest gas station to glendale,22
4959,i need for you to look up some of the major gods in mythology,-1
4960,what day of the month do i have to pay my mortgage,43
4961,could you be human,129
4962,give me a list of the top three landscaping companies nearby,-1
4963,how is the traffic at 9:00 on the way to detroit,77
4964,rent the tuxedo the day before,-1
4965,is event on my calendar,141
4966,tell me my car's tire pressure,123
4967,"ai shake the dice in a cup, then throw dice on table",0
4968,please remove science fair from my to do list,120
4969,book a flight from new york to la for less than 200 dollars,85
4970,"if soda isn't on my shopping list, go ahead and add it for me",51
4971,i didn't hear you can you say that again,115
4972,is my phone somewhere around here,111
4973,i don't understand your language; switch the language,113
4974,what time is a star is born showing,-1
4975,tell me some fun tourist attractions in london,133
4976,do you have cats or dogs or something else as a pet,82
4977,correct spelling for aaron,124
4978,how do i say i'm sorry in chinese,140
4979,are there any roundtrip flights from shanghai to seatac that depart on wednesday and return on the thirty first,85
4980,ignore the previous command,87
4981,how many days off have i taken so far this year,70
4982,can you please instruct me on the proper way to change the oil in my car,25
4983,dial up dominos pizza,20
4984,can you tell me what obsolescence means,33
4985,after how much time is it still safe to drink milk that is in the fridge,95
4986,do we actually have a soul,-1
4987,"have i earned points with my venture card, and how many",144
4988,give me the point total on my visa card,144
4989,is milk on my shopping list,30
4990,what time is my package getting here,145
4991,what is the minimum i can pay on my electric bill,149
4992,i wanna know some things to do in phoenix,133
4993,i need to rent a car for may 10th to may 15th in lizton and i'd like a bmw,46
4994,how do i stop my child from setting small animals on fire for amusement,-1
4995,i want to convert kilos to pounds,38
4996,do other providers have better coverage than my cell carrier,-1
4997,before i embark on a trip to europe should i get more shots,66
4998,go on the ferris wheel,-1
4999,nice seeing you bye,79
5000,does bill's house of chop suey accept reservations,139
5001,are you human,129
5002,what was the date of the last time i took my car to the shop,92
5003,what was hercules the god of,-1
5004,what are the best jeans in my size,-1
5005,keep a note of how many miles you walk a day,-1
5006,how would i say i love you if i were german,140
5007,spell the word aaron,124
5008,was the god osiris a titan or an old god,-1
5009,switch over to whisper mode,42
5010,when is my car due for its next oil change,81
5011,what's a good recipe foe tacos,100
5012,i want you to connect to my handset,148
5013,turn to the voice of the woman,75
5014,tell me what pokemon is,-1
5015,would you tell me the hobbies the ai has,90
5016,please switch my name,71
5017,"i have a rash, what can i use for it",-1
5018,i need a flight on delta from los angeles to seattle,85
5019,what do you think i'm called,28
5020,what song is currently playing,27
5021,i wanna know my credit card's rewards balance,144
5022,you call me what,28
5023,i want to reserve table for 5 at red robin under the name sara at 5,135
5024,are my tires filled enough,123
5025,tell me the expiration date on my credit card,105
5026,"flip us a coin, i call heads",44
5027,is my request going to be approved for vacation,104
5028,what's the latest vc funded company,-1
5029,what is my b of a credit card's apr,55
5030,tell me all updates about my order's status,145
5031,"what is the average of 54, 23, 43, 12, and 442",118
5032,can you check on what it would cost me to upgrade my iphone with t-mobile,-1
5033,is a travel visa needed for thailand,126
5034,"declare a variable named ""golf""",-1
5035,"so, hang out around this house often",-1
5036,what are your hobbies in life,90
5037,send me a motivational quote everyday for the next week,-1
5038,can you tell me why my card got declined,147
5039,will there be heavy traffic near downtown philadelphia from lincoln drive in the next two hours,77
5040,get me an order of creatine powder,8
5041,is it ok to feed dogs people food,-1
5042,can you suggest a thai restaurant,110
5043,tell me the status of my american airlines flight,1
5044,who won in the gsw vs suns game last night,-1
5045,exactly what time is my meeting with robin scheduled for on,50
5046,find instructions on how to play taboo,-1
5047,what should i use when i refer to you,106
5048,i want to a book a roundtrip flight from san antonio to dtw departing on friday and returning on wednesday,85
5049,are socket converters needed if i'm going to cape town,53
5050,can you play music by led zepplin,128
5051,what is in a burrito recipe,21
5052,set alarm for noon,2
5053,how do i get rid of an itchy rash,-1
5054,how do you get a safe deposit box,-1
5055,who assembled you,9
5056,is it ok to use bananas instead of oranges in the recipe,65
5057,add the song rap god to the motivational playlist,127
5058,in my motivational playlist include the song rap god,127
5059,"give me vacation days remaining, please",36
5060,find me an uber to the liberty bell,96
5061,what subjects do you like,35
5062,"looking at this week only, have i overspent on hoagies",24
5063,show cody where i am,84
5064,what's going on in the world today,-1
5065,what is the expiration date on my chase card,105
5066,"let my bank know i'll be in ireland from may 01, 2019 to august 02, 2019",88
5067,what was the latest tremor on the richter scale,-1
5068,how much can i use on my visa,10
5069,where the bleep did i put my bleeping phone,111
5070,that checks out,7
5071,i think someone jacked my bank account,61
5072,where can i get some good food,110
5073,i must kniw how low are my tires on air,123
5074,how much money do i earn,91
5075,what's my discover credit limit,10
5076,forward the text i just got from henry to giselle,-1
5077,how do i switch insurance plans,102
5078,give me prices on a copy of the mla grammar handbook,-1
5079,what ingredients does agor agor need,100
5080,review my resume for spelling errors,-1
5081,will someone please look at my check engine light that is on,48
5082,call me an uber please,96
5083,compare prices of malt-o-meal to kelloggs,-1
5084,can i use apples instead of oranges in this recipe,65
5085,what is texas's timezone,74
5086,may i have your name,106
5087,what does my cable bill look like,99
5088,what teams are playing right now,-1
5089,which houses do not have automatic spot lights in front of their garage,-1
5090,when will the replaecment card arrive,143
5091,whens your birthday,117
5092,i pay how much of taxes with my income,132
5093,what's the best career search website,-1
5094,when does tiger woods play next,-1
5095,what's the minimum payment,149
5096,could you find out if my bank charges transaction fees on my american card if use internationally,16
5097,prioritize to the settings you started with,19
5098,do you speak english,113
5099,have i gone over my entertainment budget,24
5100,how can i tell what the interest rate on my money market account is,63
5101,do employers have to honor freedom of speech,-1
5102,"i need to tell my bank i am, indeed, going to be in london in a few hours",88
5103,give me a 10 minute timer,94
5104,when should i get my next oil change,81
5105,what kinds of activities to you participate in during your free time,90
5106,who were the superbowl 23 champions,-1
5107,i want to know what my routing number is,89
5108,i'd like to confirm the josh reservation at moe's,116
5109,i'd love to set an alarm,2
5110,roll a dice that has seven sides,0
5111,how much is auto febreeze on amazon,-1
5112,what are the transaction fees associated with my discover card if i am in rome,16
5113,what amount of money do i earn,91
5114,change voice speed,72
5115,i need to rent a car for may 11thto may 13th in chicago and i'd like a coupe,46
5116,you're talking too fast,72
5117,play the current tennis match on the tv in the living room,-1
5118,how many moons does mars have,-1
5119,please put a block on my citi account immediately,5
5120,tell me what the status is for my aa flight,1
5121,how much of my pto is left,70
5122,what's the updated status of my order,145
5123,find me a hotel with good reviews in phoenix,56
5124,connect to my device,148
5125,have an uber sent to take me to the courthouse,96
5126,sign me up for the slack employment forum,-1
5127,i would like to put 100 dollars from the checking into the savings account now,122
5128,today is which day of the week,14
5129,whats the policy to redeem my visa reward points,97
5130,how do i go about cooking a 10lb turkey,21
5131,is my visa bill over my limit this month,64
5132,how would i say nice to meet you if i were russian,140
5133,should i do a complete stop at red lights,-1
5134,how many minutes are involved in the preparation of curry,13
5135,can you get my credit limit increased to $1000,69
5136,set the tv on,11
5137,i'm out of my checks i need some new ones,125
5138,how do i plan a vacation,98
5139,how do i share my location with kate and mike,84
5140,has my package been sent,145
5141,how many carry ons can i take on a flight with panam to wales,80
5142,what would you be able to do with me,35
5143,it was really awesome to talk to you,79
5144,what was the date when i last go paid,119
5145,remove jess's party from my calendar,67
5146,"computer, place a call to alexa",20
5147,"send twelve dollars between cabelas and bank of london accounts, please",122
5148,show my location on the map,134
5149,"alexa, buy my grocery list",8
5150,can we get a direct deposit,45
5151,what type of industries do innovation managers work in,-1
5152,where would century bank have their routing number listed,89
5153,i have a bs transaction from ebay on my account,61
5154,when is the next time i should change my oil,81
5155,where did i last place my remote,-1
5156,what is the date when my visa card will expire,105
5157,what is the most time i can keep a burrito frozen for before it's no good to eat,95
5158,is it possible for me to get a better credit card,4
5159,what is 1100 minus 2347,118
5160,i'm looking for flights that depart on the 3rd and return on z from monday to friday,85
5161,find available letter writing classes at the local community college,-1
5162,what's a good chili recipe,21
5163,please lower your volume,52
5164,can you please revert to factory settings at this time,19
5165,how do i make lasagna,21
5166,tell me how many days i took off,70
5167,is our next day off soon,112
5168,can you assist me with finding my phone,111
5169,tell me how much longer i will have to drive to reach the destination,73
5170,i wanna have an alarm,2
5171,how do i turn up the resolution that i am taking pictures in on my camera phone,-1
5172,what does it mean to join the occult,-1
5173,how many stars does babbo have,31
5174,what ingredients do i use for pork belly,100
5175,what kind of gas goes in,137
5176,cancel whisper mode,42
5177,the table should be reserved at 8pm at tropicana using martins name and it should be for 5 people,135
5178,let's hear a joke from you please,15
5179,i need to know how low are my tires on air,123
5180,"i'd like an uber for 6 people, going to walmart",96
5181,how much does it cost to spay a puppy,-1
5182,what's 47 times 83,118
5183,how do i skip all of the advertisements,-1
5184,change all setting to original ones,19
5185,how do i change the account pin number for me,136
5186,what does the plus sign mean on my dashboard,-1
5187,what time is today's meeting,50
5188,give me a recipe for tacos,100
5189,add 45 to 87 plus 54 plus 43 plus 22,118
5190,how many times can 3 be divided into 1253,118
5191,provide me with the knowledge of whether you are a human or are a computer,129
5192,that isn't right,34
5193,what's the news with my delta flight,1
5194,i am currently located in what town,134
5195,what were the things i want to recall,29
5196,can i know what type of things you can help me with,35
5197,where is the nearest papa john's,22
5198,check today's calendar for meetings,50
5199,where is my location,134
5200,does denver reside in the eastern timezones,74
5201,"i don't like this song, can skip it",130
5202,could you tell me if you're a real person,129
5203,i can't understand the language you are responding in; i need you to switch it,113
5204,tell me what my current eyeglasses prescription is,-1
5205,my check engine light is on so is anyone available to check it out for me,48
5206,how many transactions do i have on flower shops from last wednesday between 2pm and 7pm,64
5207,what's the average cooking time for cooking wings,13
5208,it was a pleasure talking to you,79
5209,that's false,34
5210,i placed an order and i need it tracked,145
5211,what's my yearly salary,91
5212,please uninstall this intrusive social media app,-1
5213,i spilled wine on my credit card and now its all mushy and needs to be replaced,142
5214,what your numerical digit to display as your age,117
5215,"find my reservation for steve at crucere's and confirm it, please",116
5216,could you create a new avatar for me,-1
5217,tell me what this song is called,27
5218,can i get reservations at applebees,139
5219,has my application for my visa card gone through,49
5220,who do i contact about updating my insurance,102
5221,does osteria francescana take reservations,139
5222,"according to my fitness tracker, how many push ups have i done today",-1
5223,spell aaron,124
5224,open meeting rooms from one to three pm,54
5225,you need to tell me my credit card's apr,55
5226,i need to know how to do direct deposit with my paycheck at nations bank,45
5227,please make your language setting norwegian,113
5228,find out how i can best clip my dog's nails,-1
5229,yes please,7
5230,how long to be seated at carrabas,108
5231,oven set it to 350,11
5232,clear my calendar for may 3rd,67
5233,take tennis practice off my to do list,120
5234,i would like to change the name on my credit card account,136
5235,please help me set up a vacation request,98
5236,can you get me an uber to disney world,96
5237,"i want a hotel with good review in honolulu, can you find one",56
5238,can i do a reservation at sammy's crab shack,139
5239,tell me about the oscars,-1
5240,when does the stock market update,-1
5241,assure my bank i really am going to california,88
5242,what is this song name,27
5243,what's the current time,138
5244,can you flip a coin for me,44
5245,i need to know if i have meetings from 3 to 6 pm,50
5246,book me a car rental in wichita,46
5247,what’s the time in new york,138
5248,please stop my account,5
5249,what's on my calendar on march 10th,141
5250,"what is the correct spelling of the word comity, since i do not know",124
5251,is there a way to change your houses address,-1
5252,"i need to schedule meeting room for monday at 2:30 pm, please",54
5253,i need to find out how to check the due date for the water bill,43
5254,look up the operating hours of my local park on weekends,-1
5255,what is the price of other company's similar phone plans,-1
5256,are there any good places in cleveland that serve clams,110
5257,set a timer,94
5258,what time did i get the last text message i received,-1
5259,"in x, what is the charge if i use my card",16
5260,use phone to call alexa,20
5261,"coin flip, choose heads",44
5262,can you look and see how many days off i have taken so far since january,70
5263,how many years have you been alive,117
5264,tell me about that kind of cameras,-1
5265,does village inn let you make reservations,139
5266,speak in german,113
5267,turn on the tv on channel 6,11
5268,what's the result of a 10-sided dice roll,0
5269,find out when my next upcoming payday will be,119
5270,how do i get to the airport by foot,22
5271,make an ad to sell my real estate,-1
5272,call the grocery store and get their operational hours,-1
5273,are people with a mental illness eligible for disability,-1
5274,i need to report fraudulent activity on my usaa card,61
5275,give me step by step instructions for changing my oil,25
5276,where should i go if i hammered a nail through my foot,-1
5277,would you repeat what you said earlier,115
5278,how do i say bathroom in italian,140
5279,i would like to make a phone call,20
5280,where is the closest pharmacy,22
5281,that can't be true,34
5282,can you let me know what company were you designed by,9
5283,i can't remember if i added the fun run to my calendar yet; did i,141
5284,tell me how many days off i have taken so far,70
5285,i'm going to start calling you joe,6
5286,can you tell me the tire pressure for the car,123
5287,can you tell me the status of my credit card application,49
5288,how do i change the windshield wipers,-1
5289,i think i lost my phone,111
5290,can you tell me about the meaning of life,17
5291,i want to transfer my 401k,60
5292,how long before my new card is mailed to me,143
5293,i'm having trouble remembering the pin number to my card,136
5294,would vaccinations be needed if i go here,66
5295,tell me the value on my current car,-1
5296,what is on the shopping list,30
5297,is there traffic expected,77
5298,can you tell me the credit card application status,49
5299,what does the gas meter read,12
5300,thanks for your help!,101
5301,i'd like to renew my subscription to playboy,-1
5302,tell me how to go about reporting a damaged card,142
5303,what is the reason humans even exist,17
5304,tell me what this song is called that's playing,27
5305,what are the steps to get my rewards for my visa card,97
5306,what is the expiration date for honey,95
5307,"ai, flip a coin for me",44
5308,stop talking you are annoying,87
5309,is it okay to use butter instead of margarine,65
5310,tell me fun facts of today,93
5311,i want to install new tiles in my kitchen,-1
5312,"can you tell me what the traffic is usually like at 7:00 pm from philadelphia to ocean city, new jersey",77
5313,let me know the wait on a replacement credit card,143
5314,what is the lowest amount i must pay on my verizon bill,149
5315,how much money am i earning,91
5316,what movie is the line today is our independence day from,-1
5317,how long will it take to cook a lasagna,13
5318,when does game of thrones return on hbo,-1
5319,i need a hotel between january 1st through 3rd in jacksonville near the stadium,56
5320,take dishes off the to do list,120
5321,what did i tell you to call me,28
5322,"email my boss, tell him i wont be in today",-1
5323,bye,79
5324,send davis a text i'll be there in a few,83
5325,i would like you to remind me to do something,107
5326,track my order,145
5327,what should i take for a cold,-1
5328,tell me the carry-on rules for my flight,80
5329,does using my card in portland charge me extra,16
5330,how many bags can i carry-on,80
5331,am i supposed to attend any meetings today,50
5332,how long should i bake a cake,13
5333,what's the current demand for wood from rain forests,-1
5334,i want you paired to my phone,148
5335,what company were you designed by,9
5336,is there enough in my wells fargo account to buy some nike's,26
5337,"cancel my reservation for dinner tonight, please",41
5338,what are my health insurance benefits,78
5339,please transfer $5000 to money market from checking account,122
5340,what's the date today,14
5341,hey there,114
5342,how can i up my credit score,86
5343,are you a person or artificial intelligence,129
5344,how safe is the herpes vaccine they give women,-1
5345,i want to fly to atlanta for under 300 from pittsburgh,85
5346,display my location on the map,134
5347,reserve a table for 3 at 7 for olive garden,135
5348,call me mike from now on,71
5349,help me rollover my 401k,60
5350,i cannot use my card cuz it's damaged,142
5351,give me information about the element carbon and its reactions with hydrogen,-1
5352,i need you to check the resistance of a coil wrapped 6 times with an id of 25mm,-1
5353,tell me how busy red robin is at 5 pm,108
5354,where can i get 100% merino wool t-shirts on the internet,-1
5355,today is what day of the week,14
5356,how much do i need to pay for my electricity and water bills,99
5357,i want the male voice,75
5358,what movies are playing,-1
5359,from where did you originate,121
5360,are all the street lamps working on my street,-1
5361,look up prices for parking at the airport over the weekend,-1
5362,is my meeting with frank on my calendar,141
5363,what's my savings account interest,63
5364,can you please convert $30 usd to canadian dollars,37
5365,can you find my car in the parking lot,-1
5366,i need my dinner reservation canceled,41
5367,remove the connection to my phone,148
5368,what is the day off request status,104
5369,i want to learn something about apples,93
5370,"5 people are going to be at tropicana by 8pm, reserve the table under martins name please",135
5371,will i get charged for using my credit card in portland,16
5372,where would i search for my location,134
5373,on what day is our next free day,112
5374,what's my credit card's annual percentage rate,55
5375,it's definitely a maybe for that,18
5376,is there a long wait at chili's around 5:00,108
5377,please let me know how many days i've taken off,70
5378,detail a list of possible job openings in the miami public school system,-1
5379,what should i wear to hike,-1
5380,is it safe to go to serbia,58
5381,give me my location,134
5382,did madison really bathe in the potomac naked,-1
5383,how many vacation days are remaining on my time,36
5384,please can we speak in dutch,113
5385,how much time before my new card is mailed to me,143
5386,make a list of decor i would need to have a titanic themed birthday party,-1
5387,what sorts of activities should i get up to while i am in dublin,133
5388,i need the time zone for la,74
5389,"next song, please!",130
5390,am i connected to wifi,-1
5391,do you know how to spell curiosity,124
5392,what kind of paint do makeup artists use,-1
5393,how do i sign up for a new allstatedplan,102
5394,i am a bit panicked because my luggage seems to have gone missing,32
5395,what kinds of things are you familiar with,35
5396,move forward one song,130
5397,what's your name anyway,106
5398,do you know the process to rollover my 401k,60
5399,who controls you,103
5400,i'm changing your name to goliath,6
5401,i need to get a hotel room that is big enough for eleven people from march 10th to the 15th in phoenix,56
5402,can you tell me what the date of expiry for my visa card is,105
5403,how do i get my paycheck into direct deposit at nations bank,45
5404,"ai, my name is deb please use my name when you talk to me",71
5405,why can't i use my credit card,147
5406,i would like help moving money from one account to another,122
5407,i must pay verizon what minimum amount on my bill,149
5408,answer the phone,-1
5409,where can i have a black and white photo blown up to poster size,-1
5410,"book me a flight to jackson, mississippi from austin texas on american airlines",85
5411,hola!,114
5412,does mr joes pizza usually have a long wait,108
5413,"hey there, how are you today",114
5414,when is my car's next oil change supposed to be,81
5415,it might go either way,18
5416,when is it cheapest to travel to hawaii,-1
5417,turn on my tunes,128
5418,roll the five sided die,0
5419,should i run every day,-1
5420,turn volume up to 4,52
5421,what time is it in dallas,138
5422,help me figure out how to change my oil,25
5423,where are most homeless people,-1
5424,thats right,7
5425,"at the olympics, what country won the gold medal in basketball",-1
5426,can i use regular olive oil instead of virgin,65
5427,would you consider someone else your boss,103
5428,what is the day off request status if you could tell me,104
5429,sure,7
5430,what is the meaning of incandescent,33
5431,figure out when my car will next need an oil change,81
5432,how is my driving,-1
5433,give me the status of my order,145
5434,can i get my limit increased on my discover card,69
5435,please notify my bank i'm going to africa between tomorrow and next tuesday,88
5436,which vaccines are meant for cuba,66
5437,what sort of plug is used in the caribbean,53
5438,can i call you james instead,6
5439,i want you to call me sheldon,71
5440,i need a timer to be set,94
5441,let me know who programmed you,9
5442,which kinds of pets do you have,82
5443,i need to call my boss,20
5444,when i go to cuba will there be a transaction fee for using my discover card,16
5445,does dhl deliver to my address,-1
5446,when were you made,117
5447,what is the phone number of the car rental place,46
5448,how many days can i take for vacation,36
5449,i do not know,18
5450,please let me know the status of my vacation request,104
5451,i would like to do some things in phoenix,133
5452,can you please start the avatar movie for me,-1
5453,does the new york restaurant take reservations,139
5454,i would like for you to start a biography on me,-1
5455,may i schedule a car maintenance,48
5456,increase the volume,52
5457,has my mastercard application gone through the process,49
5458,can we please,7
5459,i need to rent an suv in charlestown for the first week in june who do you suggest,46
5460,what is my minimum verizon bill payment,149
5461,tell me what subjects you like,35
5462,thank you for that reply,101
5463,i need to make a transfer of my money,122
5464,can you auto-pilot the car,-1
5465,is it ok to use oil spray instead of canola oil,65
5466,plant all your flowers just after easter in early april,-1
5467,i need to hire a grass treatment specialist,-1
5468,"the song that goes, ""starships were meant to fly"", play it",128
5469,will you tell me a joke,15
5470,please say it one more time,115
5471,tell me how long it will take to prepare a lasagna,13
5472,"from the second of the left ,the pink one",-1
5473,will i encounter traffic,77
5474,any news on my vacation,104
5475,change to the female voice,75
5476,is there a reservation for mark at mimis,116
5477,what day will i earn my payment from work,119
5478,"does my card have an expiration date and if so, what is it",105
5479,what movies are playing at my local cinemax,-1
5480,what is your origin,121
5481,tell me what the point of life is,17
5482,what is the best way to kill microbes,-1
5483,i can't hear you and need you to turn up the volume,52
5484,you have what types or kinds of pets,82
5485,that is the wrong answer,34
5486,cats or dogs are your preference,82
5487,can you tell me my name for me,28
5488,i want the interest rate for my checking account,63
5489,what's the power consumption of my fridge,-1
5490,how much longer before the card is mailed to me,143
5491,i would like assistance moving money from one account to another,122
5492,please track my order,145
5493,tell ann and scott where i am,84
5494,find travel alerts for haiti,58
5495,i wanna know where to find a w2,39
5496,when is my meeting with ann,50
5497,what is 400 times 2,118
5498,"i need help spelling ""exquisite",124
5499,roll a fourteen sided dice exactly,0
