doc_idx,text,true_label
0,Ask Crystal if she wants to go to Hawaii with me from the 18th until the 23rd.,0
1,Fast forward to the chorus.,1
2,I want to send Anthony Ford a video message.,0
3,Show me the friends that mini and I are both friends with,2
4,Message Ashlee and ask her what time the basketball game starts tonight.,0
5,I like shopping,3
6,Disregard all alerts about the Debate club meeting on Wednesday.,4
7,How's the weather this morning?,5
8,Latest news in Washington.,6
9,How are things in Guam,6
10,Find me an easy recipe for fish tacos,7
11,List new events in Michigan this year,3
12,Remind me to email the HOA about the fencing company coming to do an estimate next Tuesday at 10 AM.,4
13,Let Marta know that I'm going to the nurse's meeting at 8,0
14,read details about jeff lords firing,6
15,send a Messenger message,0
16,Play 1980s top hits,1
17,play the top 10 songs on google play,1
18,show me my past events,3
19,what are the number of calories in burgers,7
20,I want to know who works for Sonic,2
21,I want you to please show the friends on the screen,2
22,create an alarm to go off at midnight,8
23,Delete my reminders for today.,4
24,Tell me if anyone is online,9
25,Jaymes worked at Mack before?,2
26,Tell me when the second event starts,3
27,play the album Keeps Gettin' Better: A Decade of Hits on iheartradio,1
28,What the percentage of rain for Wednesday night?,5
29,play The Studio Albums 1990-2011 by Aerosmith,1
30,Did any of my friends go to Technical School?,2
31,how do you make chocolate ganache,7
32,"remind me to black out the week of August 27th,  i will be out of town.",4
33,Remind me of my flight time at 11:45 AM Tuesday,4
34,what is the temp in ankara turkey,5
35,Create a new sound list,1
36,what's the extended forecast for this area?,5
37,Any recent news about the White House?,6
38,Which of my friends live in Mexico?,2
39,I'd like  peanut butter based dessert-please find a recipe,7
40,Display all reminders pertaining to Betty Ann's recent accident.,4
41,please wake me up at 6am,8
42,remind me to pay the water and light bill on friday by 2,4
43,Who else graduated from Lehman?,2
44,When is the timer ending?,10
45,How cold does it get in Detroit ?,5
46,i want to make a phone call to my mom,9
47,Make a call to my dad,9
48,Please play me some dancing music,1
49,When is the Election Day,6
50,DId anyone text me via Facebook,0
51,what temperature do i cook chicken,7
52,I want to listen to Journey's last album.,1
53,does Janice work in Pembroke Pines?,2
54,how many calories in each portion,7
55,What is the water to flour ratio,7
56,update the reminder to pick up mom from 6:13 am to 9:48 am,4
57,Alert my alarm at 12pm,8
58,Live sports in DC next week,3
59,How can I make potato chips in an air fryer,7
60,play Jay park,1
61,Can you play soft jazz please,1
62,Change my work alarm to 7am,8
63,call the second one,9
64,music from the 60s,1
65,Has funko group sent me anything,0
66,check if any of my friends  working at Google,2
67,Start alarm now,8
68,Who do I know that stays in San Diego?,2
69,best recipe for scramble eggs,7
70,mark me as interested for Katja Petrowskaja: A Family Story Between Memory and Forgetting,3
71,Show me all reminders due today,4
72,Who works in Jakarta?,2
73,What temperature is it in San Diego right now,5
74,Get me all the reminders for this week's dates with Zach.,4
75,Message Joe to say I will be there in an hour,0
76,will it be snowing in October in New York,5
77,Remind John our dinner date is at 3:30pm,4
78,Is Andrew still working part time?,2
79,Wake me up on Tuesdays at 5am and 3pm,8
80,What was yesterday's low temperature,5
81,What happened in yesterday's news?,6
82,Who do I know that went to SCSU?,2
83,show me Ricardo's brother,2
84,go ahead and call Francisco Mineau,9
85,Give me the forecast for 7am Christmas morning,5
86,do i need sunscreen for my hike in Bend today,5
87,Label me as unavailable,9
88,set up an alarm,8
89,"Want is there to do in Boston, MA tomorrow",3
90,Are there any fog warnings for my commute today,5
91,Make a call to my Anime group on Whatsapp,9
92,play The Fray on iheartradio,1
93,Change the genre to pop,1
94,Who does Brian work for?,2
95,What's going on in Atlanta on Friday,3
96,Who graduated from PUC?,2
97,Skip to Korean music,1
98,Remind me to start getting ready for the meeting at 3 pm today,4
99,begin timer,10
100,Tell me the news right now,6
101,sound alarm at 02h25,8
102,How many of my friends live in San Francisco?,2
103,is there any much shifting in the weather today,5
104,Call Isaiah Prince Davenport for me,9
105,What is bulletproof coffee,7
106,What music events are happening tomorrow in Syracuse,3
107,timer status,10
108,set walking timer for 45 minutes,10
109,can you switch call?,9
110,How much time do I have left on the timer for my boiled eggs,10
111,please start a call with gregory,9
112,call Baird Brandon now,9
113,Erase the reminder for George to feed the chickens tomorrow at 5 AM.,4
114,interested in going to Katja Petrowskaja: A Family Story Between Memory and Forgetting,3
115,List Sulek Mina mum upcoming birthdays,2
116,add twelve minutes to my Inhaler timer,10
117,please play some Golden Age,1
118,I want to listen to Michael Jackson's greatest hits.,1
119,Add Amy Sister to this call,9
120,please read me all the headlines on the news right now?,6
121,What is the forecast for Friday?,5
122,Please read the latest news stories to me,6
123,What are the CNN headlines?,6
124,How hot is it this weekend outside in degrees fahrenheit,5
125,Play the classical station on Pandora,1
126,i want to call 9675550071,9
127,Let Mary know that Madonna's concert will be in El Paso in September,0
128,"Alarms now, if you please",8
129,Send message to Zack that he comes to work tomorrow at 10 instead of 2.,0
130,Please give me a vegan recipe,7
131,Is it going to be below 40 in degree C around Karachi tomorrow morning,5
132,2am alarm please,8
133,Call my mom,9
134,Add my brothers to this call,9
135,make an alarm for 2235,8
136,Read me all the reminders about the cat and what alerts are set?,4
137,Remind me to pick up some chlorine for he pool tomorrow morning.,4
138,WhatsApp call to Janet,9
139,What does our State Department say about if it's safe to travel in Spain,6
140,read my Facebook texts,0
141,Tell me how to make gnocchi,7
142,i need you to ring my uncle please,9
143,call Vanessa 's granddaughter,9
144,talk to Amy via WhatsApp,9
145,what sporting events are in newport today,3
146,Make a call to mums,9
147,what ingredients are in BBQ Power Bowls,7
148,Please can you call my mom?,9
149,call Mariana whatsapp video,9
150,What can I do in New York tonight,3
151,Please remind me to buy milk tonight.,4
152,how much left on the first timer?,10
153,What was the headline yesterday,6
154,whats the latest political news,6
155,Weather New York,5
156,Donald Trump collusion stories please.,6
157,Ignore calls after 11pm,9
158,Remind me to call the vet at 7:30 am tomorrow,4
159,play Muse on iheartradio,1
160,what today's top headlines,6
161,call Aubrie 's friend,9
162,Play some Migos please.,1
163,show who is online now please,9
164,Give me a buzz at noon,8
165,What type of government does France have,6
166,set up a chore reminder,4
167,do i have any contacts who went to stanford university,2
168,do I have any reminders for lunch,4
169,Start a new timer now,10
170,Add mom to current call,9
171,Can you play Guns n Roses?,1
172,Anything fun happening this Monday,3
173,Please skip,1
174,What temperature is needed to make cupcakes,7
175,Message Sophie and tell her that I love her,0
176,hold and receive new call,9
177,Who is the female voice in this song?,1
178,Call back bridget about the meeting,9
179,Who does Jerry work for?,2
180,Change my trash reminder to Monday evening at 7pm.,4
181,Will it be over 100 degrees in Sacramento tomorrow,5
182,Read me the messages Stephanie sent me today.,0
183,make itunes as main music provider,1
184,call on whatsapp Marcus,9
185,Tell me more about Jeremy.,2
186,Is it going to snow tomorrow?,5
187,send my grandparents message,0
188,update my check on download timer to three hours,10
189,what is the nutrition content in fried chicken,7
190,set a reminder  tomorrow for jodie to call karen about a ride to the pool on saturday,4
191,Move the movie reminder on Thursday to be an hour earlier,4
192,show my reminder for tomorrow,4
193,Set alarm for 9am,8
194,Set a timer for 40 seconds.,10
195,can you tell me how warm it'll be in Newcastle?,5
196,What day will school start in Miami Fl,6
197,Are there any karate reminders for the month,4
198,Place a call with Brunch,9
199,Set timer for 7 minutes,10
200,Give me the latest trending news.,6
201,iheartradio as my default music provider,1
202,what's on the radar for today,5
203,What will the temp be tonight around 9PM?,5
204,delete all reminders for today,4
205,Delete my reminder for the camping trip this weekend.,4
206,Get rid of the reminder about Monday's oil change.,4
207,Set pick up alarm for  2:30 Monday through friday,8
208,Open Spotify and play my country song list,1
209,Anyone from Russia?,2
210,give me a new alarm for 4h00,8
211,I wanna i would like to message text to Mary on WhatsApp,0
212,What's the weather at noon today ?,5
213,Can you make an alarm for Tuesday 14th May,8
214,Is there anything happening,3
215,play 98.9 radio on iheartradio,1
216,dial Garrett right away,9
217,send nora a message and let her know i will be late picking her up from dance,0
218,Who graduated from the University of South Carolina,2
219,Reset cooking time to beginning,10
220,dial michael and add to current call,9
221,Stop playing this music halfway through,1
222,Get rid of all reminders about  the morning walking club.,4
223,Terminate the call now,9
224,I don't need the reminders about Emerson's birthdays in May anymore.,4
225,Remind me to get some toilet paper on Friday.,4
226,How many birthdays are on May 23rd?,2
227,What is latest news about Korea,6
228,Whats Happening in Havasu tonight,3
229,Latest news on Trump,6
230,try calling sal Crockett,9
231,When is the solar eclipse,6
232,Remind me to buy bread eggs and milk tomorrow at 5 pm,4
233,get events I'm going to,3
234,Set a timer for soft boiled eggs,10
235,What did Dave's message from this morning say?,0
236,Switch to the next call,9
237,are there any news about Trump and USA today?,6
238,Set an alarm for the morning tomorrow,8
239,what items do i need to make deviled eggs,7
240,Set my nap alarm for 3pm today,8
241,Sporting events happening tomorrow in Austin,3
242,remind me to pick up groceries this afternoon,4
243,forecast for victoria please,5
244,play Tonight on pandora,1
245,I cannot forget to file taxes,4
246,Remind me to call the dentist to make an appointment.,4
247,I need an alarm to remind me to do a task this afternoon,8
248,How many calories are there in a slice of cheese cake,7
249,set alarm every minute for 20 minutes,8
250,Turn on an alarm for 4 am,8
251,show me all the vegan and gluten free recipes,7
252,set alarm for 4:00 today,8
253,put up a Blink timer,10
254,Play that new mint condition song,1
255,Is there news on ViaSat 2 today?,6
256,What station is playing right now?,1
257,play Portugal. The Man on iheartradio,1
258,Give me an overview of the weather today in Miami,5
259,please send that video to the church group,0
260,set a daily alarm for 5:30 am,8
261,How long do I cook a 4-pound beef roast,7
262,How is the weather like in Scotland?,5
263,Set a 7 minute alarm,8
264,Tell me about the weather today.,5
265,Set the alarm for am every day until Friday,8
266,Read message.,0
267,Find my doctor's appointment reminder and move the date to Thursday the 17th.,4
268,please send Lucy the Facebook video message,0
269,Remove 3 minutes from the last timer,10
270,Send the WhatsApp message,0
271,What is the hourly forecast for today in Fort Lauderdale,5
272,"Who is the founder of the ""alt right"" movement?",6
273,remind me at 5 to put dinner in the oven,4
274,change my You aren’t done brushing until this goes off timer,10
275,let's call Carlos Booker via WhatsApp,9
276,Who currently lives in Virginia Beach?,2
277,"please remind me to finish the take home test prior to 6pm, otherwise I will fail",4
278,Do I boil the noodles for lasagna or cook them hard,7
279,"Make a call to Clarissa, Jessie Herring, and Francesca",9
280,Set up alarm called 'delivery' tomorrow at noon,8
281,How much milk do I need for eggs,7
282,Remind me to call Amy 500 pm,4
283,i need to talk to my dad please call him right now,9
284,send it to Sabina Boster,0
285,I would like to know the weather in Australia,5
286,Play any Linkin Park song.,1
287,let me take this video call with amy,9
288,try to call Pierre Logan,9
289,Events in Omaha this weekend,3
290,Set a reminder to contact John about his meeting with the counselor on Tuesday.,4
291,when is dusk in bremerton,5
292,What's the low today in New York?,5
293,I'd like set up a reminder to call and schedule my dentist appointment for this Saturday at 2 p.m.,4
294,Change my alarm to 5am,8
295,begin a timer for 30 minutes for me,10
296,Who does David work for?,2
297,How long do you hard boil eggs for,7
298,current rap music,1
299,when is it supposed to rain again,5
300,Add reminder cookout this weekend,4
301,Read local news.,6
302,did anyone send me a video message earlier today?,0
303,go to iheartradio and play WQXR,1
304,I would like to  start using  the video call  please,9
305,set my alarm for 20 minutes from now.,8
306,create alarms for 1pm Monday and 2pm Friday,8
307,I need to be reminded on Tuesday to send flowers to Joyce's daughter for the funeral.,4
308,is China helping the US with north korea,6
309,Subtract 3 minutes,10
310,"I dont want to miss the episode of love and hip , can you remind me at 5 pm.",4
311,Send a message to my sisters to let them know that we should meet in New York next Saturday,0
312,Address of Levi.,2
313,What's the high temperature for Richmond today?,5
314,Delete my reminder to buy milk.,4
315,Weather for Sunday please.,5
316,What are the latest headlines,6
317,When does the snow start tonight,5
318,whats the best temperature for pork,7
319,Give me one more minute,8
320,Should I bring a umbrella tomorrow?,5
321,talk to Ezra with WhatsApp,9
322,What reminders are set for my concert buddies group?,4
323,set my status as maybe for the second event,3
324,How long do I have before my alarm goes off?,8
325,Set a reminder to take Anthony to soccer training on Monday at 6:00pm,4
326,i want to call my sister,9
327,Places to visit in the morning,3
328,How do you make homemade ice cream,7
329,Forcast for Isle of Mann this weekend.,5
330,Make my work timer go off sooner.,10
331,display weather in Shipston on Stour,5
332,who works at Chipotle?,2
333,Ring Mum.,9
334,Ask Leo where is he and what is his ETA.,0
335,Create a new alarm for 8:30 pm please,8
336,lets see video messages from significant other Blakely,0
337,Remind me to buy flowers for my mom,4
338,show me all my friends birthdays that are on this Saturday,2
339,i want you to record a video message for Nina since she is not available now,0
340,set reminder to wake up in 10 minutes from now,4
341,put up a timer for 14 minutes and one for three hours,10
342,show available people,9
343,Remind me to clean the garage for the sale Tuesday,4
344,video message Kendra,0
345,what are the current headlines on Fox ?,6
346,Read the latest headlines.,6
347,reply to the cake thread with text,0
348,Which of Payant girlfriends were born on the 30th?,2
349,Invite Beth in this call,9
350,remind me to check appointment log for baby,4
351,How long has Steven been employed by Hibiscus Homes?,2
352,Best cheeseburger recipe on Food Network,7
353,Temperature around Tokyo tomorrow morning Celsius,5
354,can you show me more concerts,3
355,Is there a volleyball match over the weekend,3
356,display my Facebook messages,0
357,Find a pizza dough recipe,7
358,"Tell me how the weather is in Queensland, Australia",5
359,Send a Happy Birthday message to Joe,0
360,Schedule repeating alarm every day at 7pm,8
361,Set me an alarm every Thursday at 5M until the 1st July,8
362,Can you get more events different from this one please?,3
363,open Pandora and play My Everything (Italian Edition) on shuffle,1
364,Read me the recent local headlines.,6
365,What kind of meat do I use in stew,7
366,take 5 minutes off of timer,10
367,Add reminder for next month.,4
368,Any recent news from Afghanistan ?,6
369,bananas foster ingredients,7
370,tell me what's going on in the news,6
371,Remove my reminder to renew my RT license in September.,4
372,video message A Mathews,0
373,"Record this video message, please",0
374,In 45 minutes remind me to take a break from working and grab a drink of water!,4
375,Set a reminder to schedule dinner delivery for 7pm tonight.,4
376,Please read the details about the Taylor Swift court trial.,6
377,cancel reminder to take dog to the vet,4
378,set a timer for 20 minutes,10
379,How much iron is in spinach,7
380,When does Katie start working for UWM as a Student Advisor?,2
381,play The Most Beautiful Moment in Life: Young Forever on Pandora,1
382,restart current song,1
383,Could you please set a repeating alarm for 8am on weekdays,8
384,please add john to this call,9
385,Can I listen to Mac Miller Make Believe on Spotify?,1
386,what is the hottest piece of news today?,6
387,Please change the alert time  for the baby shower from 2 pm to 3 pm.,4
388,Whats the news about the bachelor?,6
389,Tell me about Bob's family.,2
390,would you add 21 minutes to my Pull the teabag timer,10
391,How long do I need to bake chocolate chip cookies,7
392,when did my friends go to ASU?,2
393,What volleyball matches are coming up in June,3
394,Start a video call with Phil.,9
395,Where does Tara work in Cocoa,2
396,are there clear skies tonight,5
397,What dates are there reminders for football practice?,4
398,Open Spotify music playlist,1
399,Tell me the weather.,5
400,Snooze alarm for 5 more minutes,8
401,Please make an alarm for August 5th at 10:00 am to go to my friend's wedding.,8
402,show me all of the upcoming reminder I have on Thursday through the rest of 2018,4
403,Find songs by Richard Cheese only.,1
404,cancel all my existing alarms,8
405,"Tell me about Eileen's friend, Beth.",2
406,What is the latest update on NASA's expeditions?,6
407,what's the latest news about North Korea?,6
408,Will it be raining at 4 pm,5
409,Delete the reminder about my dentist appointment in the morning,4
410,When did Mike work at American Express?,2
411,Do i know anyone from Florida,2
412,find recipe for a mexican casserole,7
413,Which friends reside in Chicago?,2
414,create French press timer,10
415,dont answer the phone,9
416,can you start two timers please,10
417,play Day 'N' Nite on iHeartRadio,1
418,Play something happy for me,1
419,Remind me to prepare for the meeting on August 5th at 10 am.,4
420,Minimum baking time for chicken,7
421,Send a message to mom that I will call on my next stop,0
422,Is molasses vegan,7
423,How many reminders for dinner are set for the next month?,4
424,This morning's weather please.,5
425,End the current video call.,9
426,Start new call with Sammi,9
427,call Loren,9
428,Remind me to create a Facebook event for back to school party.,4
429,i would like to message that video to the woodworking facebook friends chat,0
430,Show me all reminders for my yoga classes.,4
431,Set an alarm for breakfast at 7,8
432,Block Joe from every calling me again,9
433,Any news about our recent earthquakes,6
434,Remind me to buy A's spirit shirt before Monday,4
435,remind me to call the dr today,4
436,show me all news stories regarding climate change,6
437,Play a slow song,1
438,Stop baking timer,10
439,what's the latest news on North Korea?,6
440,Things to do in St Augustine next week,3
441,I need an alarm for 6am on Tuesday,8
442,Tell Scott that the Pizza Meet Up has been canceled,0
443,Schedule an alarm for Mondays at 10am every week this month,8
444,vote thumbs down on that song,1
445,Remind me to make a video of my family for our upcoming family reunion,4
446,What temperature is rare beef cooked to,7
447,Start a call with stepfather,9
448,What will the weather be in Lisbon this weekend?,5
449,How many sugar teaspoons are needed for a regular cake,7
450,Set,10
451,Create an alarm calked wake up at 6am,8
452,Remind me to start the crockpot salsa chicken at 1:30 on Tuesday please.,4
453,"Put my alarm on snooze, please.",8
454,Give me details about Usher's disease.,6
455,remind me to plant the flowers on memorial day weekend. remind me 3 hours before,4
456,Is there any late breaking news today?,6
457,how long am i supposed to cook taro leaves for?,7
458,Set an alarm for 7:45 and label it take the dog out,8
459,What new shows will be debuting on ABC in the fall,6
460,is there a hurricane in florida?,5
461,Did I set a reminder for October 6 doctor appointment,4
462,"I need to get ready to go to sleep at 8, remind me at 7.",4
463,What tennis games are happening,3
464,stop that timer,10
465,call Nevaeh my cousin,9
466,Set an alarm for 10 PM tonight.,8
467,Leave call and switch now,9
468,snooze this alarm,8
469,I need an alarm at 6am please,8
470,"I want to listen to Karaoke music, please.",1
471,Play Run The Jewels,1
472,Will it snow on Sunday?,5
473,where does Terrance currently work,2
474,Remind me to pick up Denise's birthday cake.,4
475,How cold is it outside in fahrenheit,5
476,Events in Plano next month,3
477,Make me an alarm.,8
478,Set an alarm for 9 am Friday morning,8
479,repeat timer,10
480,Remind me to send a thank you card to Mom,4
481,Who works for AT&T?,2
482,who sings this version,1
483,Set an alarm next Friday for 5pm,8
484,Remind me at 8pm to  watch Orange Is The New Black,4
485,Remind me to answer Carla’s email to let her know I can’t attend her luncheon,4
486,What's the temperature low for the day?,5
487,whats up in bayside,3
488,Fun events in NJ this weekend,3
489,send an alert that there is a road closure on highway 6 due to high water,0
490,Alert me at 3pm tomorrow.,8
491,call Kayleigh 's son,9
492,Temperature next week f,5
493,Tell me who's working at The Lawn Company.,2
494,call Dylan 's auntie,9
495,Is there any news on the construction work?,6
496,"post to sabrina, congrats on the baby",0
497,retrieve my text messages on Messenger,0
498,Was there violence in the White Nationalist protest today,6
499,Any recent news about the Philippines,6
500,who messaged me on WhatsApp,0
501,Give a call to Bob,9
502,Homemade pizza recipes,7
503,Any new details on the OJ Simpson trial,6
504,how many calories are in a chocolate ganache cake,7
505,Reminder to feed the cat should go off at 6pm this evening.,4
506,What people do I know that working the admissions office at U of M,2
507,what is the county election news,6
508,How high do I cook a chicken casserole,7
509,Give me news about North Korea,6
510,Weather forecast for next weekend please.,5
511,Ring Dr. Stately right now!,9
512,How long do you bake whole chicken breast in the oven,7
513,don't answer please,9
514,Set a timer for 20 minutes for the frozen pizza,10
515,tell me about Ted's friends,2
516,WHen did Nic attend Columbia?,2
517,Set an alarm at 2.55pm on 27th July 2019,8
518,what is the temperature today,5
519,Phone my aunt,9
520,How old is sam?,2
521,set reminder for the cast party,4
522,"i would like to message that video to Harvey, Raul, and Jerry Ward",0
523,audio call with CrossFit on Hangouts,9
524,What will the weather be like this coming 5 day weekend,5
525,remind me to call my insurance company tomorrow,4
526,Answer the call when it's Kaleb,9
527,Pause this call,9
528,I want to listen to the next song.,1
529,let me see my texts from Hayden,0
530,remove chira from the call,9
531,Give me the news updates,6
532,Quiet alarm for 10mins,8
533,Who won the debate last night,6
534,Set alarm for 10pm every other Thursday,8
535,lowest temperature today,5
536,how many minutes until the alarm goes off,8
537,Who lives in new jersey,2
538,call Whatsapp Brady Kent,9
539,How long do you have to cook a 12-pound turkey,7
540,message a video to Ruth Gilmore,0
541,I'd like to call Christopher Jeremy Cruz,9
542,Can you tell me the weather for 8am?,5
543,I would like to speak to Deanne Pabey,9
544,play the plane crash news,6
545,Ask Jordan to come over on my birthday,0
546,I would like to listen to some country,1
547,call Alexia 's mom,9
548,Provide me the news about the Oakland fire last year.,6
549,remind me to pick up my dry cleaning when I leave the house.,4
550,Remind me to email Michelle on Tuesday about the recital,4
551,what temperature should you bake chocolate chip cookies at,7
552,start calling Stephanie Dougherty's grandma,9
553,Recipe to use leftover chicken,7
554,How do you cook fried rice,7
555,Please set a timer for 60 minutes,10
556,Change my wake up alarm to 1 hour later.,8
557,Set alarm for 6:00 am,8
558,whats up tonight,3
559,What concerts are happening,3
560,Is anyone I know going to Brexit: What's Next??,3
561,MSNBC news updates,6
562,remind me to send the supplies list to the team,4
563,When will it start raining today?,5
564,Create a reminder to call Green Home Pest Control to inform them we have scorpions by the dumpster.,4
565,create an alarm for Fridays at noon,8
566,make an alarm for 05h60,8
567,Play the riff-off from the Pitch Perfect soundtrack,1
568,remind me to call Lucy at 6 pm,4
569,HAS NORTH KOREA THREATENED THE U.S.A,6
570,Switch the call right now,9
571,Ask my husband what he wants for dinner.,0
572,Set up a reminder to video chat my sister.,4
573,I need to call Dad right now,9
574,how do you roast asparagus,7
575,Create an alarm for tomorrow at 10 o'clock,8
576,Temperature dehli today fahrenheit,5
577,Show me all the birthdays reminders on my agenda.,4
578,Make alarm for 6 in the morning,8
579,Create an alarm for 5:45pm on Mondays and Wednesdays only,8
580,display all daytime alarms,8
581,call Brianna Anderson cell,9
582,Would you clock me at 5pm Friday,8
583,Remind David we have a meeting at 2:30. Set an alert for 30 minutes before.,4
584,how do you cook this chicken. what temperature,7
585,give Keira's son a call,9
586,Play last track of the album,1
587,Cancel my reminder to buy a birthday present for my aunt.,4
588,Set a wake up alarm at 8am today,8
589,What temperature can I cook a turkey at,7
590,play Legend (Deluxe Edition) on iHeartRadio,1
591,I need the time for when it will start to get dark,5
592,don't answer this for me,9
593,call Shelby Swedlund facetime,9
594,How many calories are in 8 oz. of orange juice,7
595,Send a message to my aunt asking what day she is visiting,0
596,How much more time is left?,10
597,play slow dancing in a burning room by john mayer,1
598,I can't miss my flight at 2pm; I need a reminder set.,4
599,set reminder for dietitian tues at 3,4
600,Snooze the set alarm until 7h15 am.,8
601,Don't ever play this song again,1
602,What are today's entertainment headlines?,6
603,Pause video call now,9
604,call Kylie 's mother,9
605,do i have friend living in bay area,2
606,Remind me of when my nail appointment is for Saturday.,4
607,I like this,1
608,How long should you grill steak for,7
609,call Amelia 's daughter,9
610,please start a call with junior,9
611,go to my Enya station please,1
612,"From the timer, please subtract 5 minutes.",10
613,Set the timer for the next 15 minutes,10
614,When did Mom call me?,9
615,make an alarm for 1h35,8
616,could I video message S May,0
617,Please call Tessa Freddie Ray,9
618,What can I do tonight that doesn't involve drinking,3
619,what time will the sun rise on September 17,5
620,snooze my alarm for 30 minutes,8
621,Fun things to do in San Jose tonight,3
622,Things to do in the East Bay this weekend,3
623,Do I know anyone who graduated from The Sorbonne,2
624,remind me to buy fruit,4
625,Put in busy mode,9
626,call ben,9
627,Call Yoder family members,9
628,show me the weather for Skelton in Cleveland,5
629,How much time until my alarm goes off?,8
630,Add eight minutes to my timer,10
631,Weather on Sunday,5
632,Set a reminder to bring the dog to the vet next Monday first thing in the morning,4
633,End timer now,10
634,what's the latest song from NeYo,1
635,Remind me one day before my haircut appointment,4
636,should I bring trousers tonight,5
637,Resume playing this track,1
638,tell me details on what's going on in Kentucky,6
639,can you please let me know who works at The Family Service Thrift Shop?,2
640,How many calories in a Big Mac,7
641,I need to know all about Sheldon,2
642,Make a timer for 45 minutes.,10
643,Make me a Hilda's music play list,1
644,I want timer to start now,10
645,Is it going to be above 59 in degrees Celsius outside this weekend,5
646,Who won the last presidential election in the US,6
647,Set an eye doctor reminder for the 25th,4
648,How many apples do I need for this apple pie recipe,7
649,Delete that reminder,4
650,"Get my video messages from Leroy, Alex and Anna",0
651,Are we at work with North Korea,6
652,Remind me to tell Jerry the exact party address when I arrive.,4
653,Check reminders for the girls retreat,4
654,How long to let yeast bloom,7
655,Please read the details about the murder trial today,6
656,Kick Blake from call,9
657,Play 'Cherry' by Lana Del Rey?,1
658,remind me to facetime Autumn on Friday morning,4
659,whats the news on Travel ban to USA,6
660,Set a timer for 20 minutes.,10
661,Fill me in on the weather conditions,5
662,play The King Of Soul on Pandora,1
663,just don't answer that,9
664,Are there any celebrities in the news currently,6
665,Remind me to pick up the cake at 11 am on Sunday.,4
666,Remind me to call my mom tomorrow for her birthday,4
667,"Ok, ok, I'm up",8
668,how do i make punch,7
669,Start recording for a video message to Teofila Worden,0
670,Silence alarm please,8
671,What is the weather on Mount Kilimanjaro at this moment?,5
672,Play some Kenny Chesney,1
673,will there be severe weather today?,5
674,Switch the song.,1
675,Delete my reminder to call my boyfriend tomorrow,4
676,Remind me to set my alarm clock on Sunday evening.,4
677,What is the annual rainfall in Virginia,5
678,is is going to snow today?,5
679,call my wife Joseph on WhatsApp,9
680,Set a timer for 17 minutes,10
681,send a message saying 'can i borrow your notes from class' to diana,0
682,Calling family,9
683,play my favorite songs but shuffle them,1
684,Start the timer again,10
685,When did Joel call me today,9
686,When will my alarm go off,8
687,Stop making the call,9
688,Phone Eva,9
689,Video message to Blake,0
690,Set a reminder for 8 a.m. tomorrow.,4
691,What are the trending news stories today?,6
692,What is the highest temperature in Las Vegas,5
693,Please wake me at 7am.,8
694,Set work alarm for 8:00am tomorrow morning.,8
695,Would you send message to Liyi on WhatsApp,0
696,Show me text messages from John Peterson via Facebook,0
697,FBI workers,2
698,Please make a video message for Lily.,0
699,Report the outside temperature in Celsius,5
700,Who is available for chat?,9
701,Recipe for Chicken Marsala,7
702,Quit sending the message to Elsie,0
703,How's the weather in Malibu today?,5
704,call my sister call my grandma in Whatsapp,9
705,What events are this month in katy,3
706,call Kaleb and Beau,9
707,remind mike and jan of the party on tuesday 5 minutes before the 6:30 alarm,4
708,Set an alarm for 1:30 Monday through Friday every day,8
709,Show me weather in UK?,5
710,call Enrique Iglesias,9
711,Can you get Percy's twitter?,2
712,Call my sons,9
713,Remind me to buy tickets for Pirates of the Caribbean 15,4
714,make this timer longer by 2 minutes,10
715,Could you please tell me the status of the timer?,10
716,"Which of tricia stepsisters were born on June 6th, 1979?",2
717,What is my alarm for Wednesday,8
718,Delete my reminder to call John.,4
719,can you resume the timer called meditation ended,10
720,Please call my sisters,9
721,Please furnish me with all my reminders.,4
722,What time should I set the chicken for,7
723,Show me the reminder for the house tour,4
724,What is the average temperature for all of next week?,5
725,is it windy?,5
726,set alarm weekly to wake up at 6 am,8
727,cut the phone off,9
728,When is my next reminder to put air in my car tires?,4
729,Is it going to hit 100 degrees today?,5
730,play selena gomez's most famous song,1
731,Tell Spotify to play The Story Of Tonight,1
732,Start a video call with mom please,9
733,put on indie rock,1
734,make timer longer by 1628 seconds,10
735,call Dora,9
736,Snooze work alarm.,8
737,Play songs by Britney Spears.,1
738,will the temp be higher than 70 degrees today,5
739,Set the timer for thirty minutes in one hour.,10
740,Can you show me radar data for southwest region,5
741,What is John's phone number?,2
742,search for Kirk Daniel's sister,2
743,What are my reminders for the first half of September?,4
744,should I take a sweater,5
745,delete alert regarding picking up denise,4
746,Are there peanuts in pad thai,7
747,Any news about the Dallas Cowboys,6
748,"what can I cook with chicken, spinach and lime juice",7
749,things to do in mission viejo tonight,3
750,Who's birthday is coming up in the next two months?,2
751,Send a message to Allen asking if he can pick me up tomorrow,0
752,play a rock song,1
753,I am trying to find out of any of my friends graduated from SFSU,2
754,where does Madison work?,2
755,How hot will it be in Arizona next week,5
756,who is Chelsea Ann Kramer's dad?,2
757,what news did I miss yesterday,6
758,who are my dad's friends,2
759,How many people were injured during the Charlottesville rally?,6
760,who went to UIC with me,2
761,How old is Rob going to be on his next birthday?,2
762,call Alana Ortega Smith,9
763,play nickelback for me,1
764,Please replay the last minute.,1
765,"I'd like to call with my cousins Terry, Edwin, Paige, and Erik on Hangouts",9
766,give me local news headlines,6
767,Ask Chris what time the show starts,0
768,Remove the reminder for the holiday party at 5:30 p.m.,4
769,Set alarm for one hour from now,8
770,I need to call Jimmy,9
771,Show me a reminder for my next alarm.,4
772,Display timer.,10
773,call Catalina three,9
774,Delete wake up alarms on Wednesday,8
775,What will the weather be on the long weekend?,5
776,Tell Mike that Storytime at the Monrovia library starts at 10am.,0
777,call Malaysia 's boyfriend,9
778,What is Shannon's home address?,2
779,Remind me to post the technician job opening by 4 p.m. today.,4
780,Remind me to see the new Avengers movie on opening day.,4
781,default music app amazon,1
782,can you invite Susie to the current call,9
783,call Sarah number three,9
784,How do you cook Peruvian Cau Cau,7
785,Will it be above 86 degrees Fahrenheit for Menlo Park,5
786,Please tell me the details about OJ Simpson parole,6
787,Can you tell me next weeks forecast?,5
788,Do you have any more musical concerts,3
789,Remind me to call my lawyer at 2pm tomorrow.,4
790,play Greatest Hits: My Prerogative by Lil Uzi Vert,1
791,What ingredients are in a greek salad,7
792,How much longer do I have for this workout,10
793,Does Allie have any vet appointment reminders for the next 3 months?,4
794,video chat Destinee and Ayanna for me,9
795,how long do i cook a steak for it to be rare,7
796,Easiest soup to make,7
797,Tell me all my reminders that I have for my class times,4
798,when is the sunset,5
799,what ingredients do I need for lemon pound cake,7
800,can you give me election news?,6
801,Anyone work for McDonalds?,2
802,How hot is it going to be at 3pm,5
803,Recommendations for rugby games in Oakland,3
804,set a 30 second timer,10
805,Can you skip this track,1
806,I need my alarm set for 4am,8
807,Please change the reminder for Deidra's party time from 2 PM to 1 PM.,4
808,can you please use WhatsApp to call Chloe,9
809,stick to iheartradio as my default,1
810,Can you show me my reminders for the next two weeks?,4
811,please send the work thread,0
812,Go through my messages please,0
813,what are some ideas for kids lunches,7
814,Scrap my alarm.,8
815,i would like to message the message to the best friend sally and john chat,0
816,Show all reminders for the upcoming boxing matches,4
817,Is there anything interesting to do tomorrow,3
818,"Festivals in August 2018 in Jacksonville, Florida",3
819,set a reminder for my homework assignment,4
820,"what temp do you cook chicken at, and for how long",7
821,Switch to the next track,1
822,Set and alarm for 7 AM on Sunday.,8
823,Start the next timer,10
824,How much more time do I have on my timer?,10
825,Is there an update on the Microsoft court trial,6
826,Read me the local news for this morning please,6
827,i want to call Trinity Nannette Bonilla,9
828,Show me the alarms set for Monday.,8
829,send a message to my squad thread that says talk to you later,0
830,Show my dad's friends,2
831,change my status to not going for Insurgent Empire Book Launch,3
832,please stop my timer,10
833,"Play Madonna ""Vogue""",1
834,Remind me to charge the battery for the drill Monday,4
835,Answer any calls from my stepfathers,9
836,Remind me on the 13th to send Tracie her birthday card.,4
837,Who works at Long John Silvers?,2
838,remind me to pick up snacks,4
839,turn off all alarms and timers,8
840,how many calories are in a glass of wine,7
841,what is the forecast for next weekend,5
842,Can you remind my sons to wish their grandpa a happy birthday on September 10th?,4
843,DO I NEED TO BRING AN UMBRELLA WITH ME TODAY?,5
844,play some European,1
845,Remind me that I have a golf tournament on August 15th,4
846,Initiate a call with Michelle,9
847,"i like this album, save it",1
848,Play Jhene Aiko.,1
849,what is mary's home address?,2
850,set a reminder for the office meeting next week,4
851,Is there a chance of snow today,5
852,Can you set up a reminder for me to go to my cousin's baptism this Sunday?,4
853,Set an alarm for 10 AM,8
854,What is Canada expecting weather wise,5
855,turn on 100.3 on iheartradio,1
856,Anything exciting happening Friday,3
857,New daily alarm 9pm,8
858,When does the sun Set,5
859,Did I miss any video calls today?,9
860,What's Donald Trump's latest tweet?,6
861,Do I have any friends that used to live in New Mexico?,2
862,please make alarm for monday at 5pm,8
863,Please send a video message to Abby.,0
864,Are storms forecasted,5
865,who would i know in boulder,2
866,dial Tessa Nielsen's papa,9
867,Should I bring water?What is this weeks forecast?,5
868,Send message to Jennifer that I will meet her at the school play tonight,0
869,what is the world news now,6
870,Replay last 10 seconds of song,1
871,Please remind me tomorrow to change my appointment for Dr. Mu to another date and time that doesn't interfere with my work schedule.,4
872,What were the major headlines this week?,6
873,Please give me details on N. Korea in the headlines,6
874,Can you find me James Taylor's version of this current song,1
875,Remind me to call my parish priest on Saturday at 10 a.m.,4
876,can you send Abdul that text on Messenger,0
877,video call with elderly on Messenger,9
878,Are there any reminders on my calendar for Wednesday,4
879,Begin call with joey,9
880,"What's the weather in Oxfordshire, UK",5
881,set alarm for workout tomorrow at 9pm,8
882,Do I know anyone working at Fox?,2
883,set an alarm for 4 hours time,8
884,will it rain today,5
885,Remind me my appointment on Monday,4
886,What chance is there of rain in Dublin this Friday,5
887,play my top channel on Pandora please,1
888,Cancel reminders for this Sunday,4
889,do we know anyone in new york city,2
890,Read me local news updates?,6
891,call Barbara four,9
892,Give me a recipe for pasta,7
893,can you hit up Ayden Padilla on WhatsApp,9
894,who do i know in rice lake,2
895,REMIND ME OF ALL DOCTORS APPTS FOR NEXT MONTH,4
896,let me hear Drake's latest single,1
897,Take 5 minutes off current timer,10
898,doe rich live in ocean city,2
899,call Horace,9
900,Share the weather forecast on Wednesday,5
901,change the reminder for the chef's table group from 3 to 4,4
902,Cancel all upcoming alarms.,8
903,i want to see video messages from Madeleine,0
904,is there rain in the forecast?,5
905,Who did Mark work for last year?,2
906,please play Wizkid,1
907,what is the reminder for the dinner party on wendesday,4
908,what is the average snowfall this time of year,5
909,call Kimberly call Aaron using Whatsapp,9
910,"How many of my friends live in London, UK currently?",2
911,music festivals in las vegas 2018,3
912,Put The System's Don't Disturb This Groove on repeat.,1
913,Find me Philippino recipes,7
914,Instead of reminding me about dinner on Wednesday can you please do it on Friday.,4
915,video call jackson Brandon,9
916,create one timer for 18 minutes and another for 15 minutes and another for 6 minutes,10
917,SET TIMER FOR 12 MINUTES,10
918,Political Events Friday Night,3
919,what ingredients are involved in making a cookie,7
920,What reminders do I have for the week?,4
921,I want to be visible now,9
922,set the alarm for 8am,8
923,anything news worthy happen in the last hour?,6
924,I want to make soft and chewy chocolate chip cookies,7
925,What is the heat index outside?,5
926,Sugar cookie recipes,7
927,What are the top news on Fox?,6
928,Remind me to make bars for the picnic on Sunday.,4
929,Who video messaged me the day after tomorrow?,0
930,Create alarm for 7pm and 8pm,8
931,please cancel the reminder of go shopping this saturday,4
932,Call alumni 2016 please,9
933,Set timer to 30 minutes.,10
934,What reminders do I have for tomorrow?,4
935,Create a reminder that I need to buy baby food tomorrow morning at noon,4
936,Is dad online,9
937,ring up cousin,9
938,Give me an update on the local news?,6
939,Can I verify I have reminders set for Show Choir practice?,4
940,"Weather, Lewes, Delaware, 16th May!",5
941,where is tropical storm,5
942,Please read the details about the Charlottesville demonstration.,6
943,Send Sam a message asking if she is home,0
944,Cancel reminder for laundry tonight,4
945,Can you set the timer to go off in 24 hours,10
946,what is the projected forecast for friday,5
947,Set countdown timer for 25 minutes,10
948,set timer to start in 5 minutes and stop in 10,10
949,local news for san diego,6
950,What temperature does lasagna cook at,7
951,When will the alert for mom's appointment will be off?,4
952,Please give me the weather for South Australia,5
953,Do any of my friends have December birthdays?,2
954,Can you give me a buzz tomorrow at 8am,8
955,Should I wear a coat today?,5
956,pause cook timer,10
957,Set my alarm to 5 am on Thursdays,8
958,Tell Chris to meet me at the church at 8 pm,0
959,set timer 10 minutes from now,10
960,what is the weather going to be like from 1 to the 7 of jue,5
961,Create a new station.,1
962,Delete all reminders for this Wednesday.,4
963,How do you use nutritional yeast as a cheese substitute,7
964,Who has a summer birthday?,2
965,Snooze my alarm for 2 minutes.,8
966,grab my messages from auntie Zion,0
967,Remind me to meet my friends from the school's PTO for lunch tomorrow,4
968,Set a new alarm for early morning wake-up,8
969,What is the name of the song currently playing?,1
970,Add ten minutes to my timer.,10
971,answer new call,9
972,change saturday's lunch reminder to say don't forget the chips,4
973,Can I hear that song again?,1
974,search for Cameron James' husband,2
975,Please tell me what the weather looks like today,5
976,Ignore all calls,9
977,When did I last call mum?,9
978,Play playlist Night,1
979,Ask the groomer when she's available for a nail trim for the dog,0
980,Top stories in my town,6
981,Let's have that timer go off at 10 pm,10
982,set a reminder to take out the trash at 7 pm,4
983,Remind me of my hair salon appointment Tuesday at 3pm,4
984,Give me details about the Usher STD lawsuit.,6
985,Anything I should know about Mary's friend Billy?,2
986,Can you please text my brothers,0
987,please add a one and a half minute timer,10
988,Has Ella sent me anything?,0
989,Play dance music station,1
990,Read me the headlines from yesterday.,6
991,Give me a 10 day weather forecast.,5
992,forecast for Colarado,5
993,show me my messages from my cousin,0
994,Add a new timer,10
995,Who do I know that's online now?,9
996,Text my daughter and tell her to wash the dishes,0
997,half moon bay weather tomorrow?,5
998,set a 20 minutes timer for my run,10
999,whos available,9
1000,What is the heat index for today?,5
1001,how to pickle cucumbers,7
1002,Tell Sara thank you for the invite to the luncheon next month however I will not be able to attend.,0
1003,What ice hockey matches are going on in August,3
1004,Is there rain in todays forecast,5
1005,Start a group call,9
1006,I need to know the weather in Sydney a week today,5
1007,In three days the weather is what?,5
1008,What years did Jessie attend Barton?,2
1009,Set reminder to prepare for interview at 3 p.m. tomorrow,4
1010,Device say who is available,9
1011,Add 10 minutes to 40 minute timer,10
1012,Put Beyonce newest music on,1
1013,Join Dad to this call,9
1014,put a call through to mary,9
1015,Find me some pop music.,1
1016,I'd like to video call with Kennedy Gardner and Alejandro Potts on Whatsapp,9
1017,do any of my friends live in giza?,2
1018,is 2022 lauderdale Jessica's address?,2
1019,What's going on in Birmingham this weekend,3
1020,Tell me where Luminata is at,3
1021,should i bring my umbrella to the baseball game tonight,5
1022,how much time left on alarm,8
1023,Who do I know that attended onu?,2
1024,Remind me to ask to come in late on Hunter's first day of school.,4
1025,Any recent news about OJ Simpson?,6
1026,Do you use cornstarch for an apple pie,7
1027,What happened in the local news today,6
1028,Call over,9
1029,Where does Packy work now?,2
1030,What is the easiest stir fry to make?,7
1031,is it going to be cloudy all day,5
1032,read national news headlines,6
1033,change alarm to 1:30,8
1034,Call My brother Nic and my mother Cathi,9
1035,PLAY THE NEW PARAMORE ALBUM,1
1036,how much vanilla do i add,7
1037,What will be the weather on saturday,5
1038,when does it start getting dark out,5
1039,how many news stories about home invasions were there in my area s this week,6
1040,record a video message for my son,0
1041,Snooze until later,8
1042,call Adriel Sampson on video with Whatsapp,9
1043,what time did Olivia call me yesterday?,9
1044,Make a get ready alarm for 6pm,8
1045,What is the weather like in Hampton Park right now?,5
1046,Record a video message for papa.,0
1047,Raleigh news this week?,6
1048,can you hit up Jake King on WhatsApp,9
1049,Change my reminder for Zumba class tonight from 6:30pm to 5:30pm.,4
1050,Start the timer at 8:05,10
1051,show my messages,0
1052,Temperature today in Shanghai Fahrenheit,5
1053,display my texts from my cousin,0
1054,"Please call my sister, Jenna.",9
1055,Please move my reminder for the swim party to 6PM next Saturday.,4
1056,Tell Mom I'll be there in 30 minutes,0
1057,Is it going to be above 51 in degrees c for Shanghai today,5
1058,Is there anyone I know who went to Full Sail?,2
1059,Easy mac n cheese recipes for kids,7
1060,play track 3 on look what the cat dragged in by poison,1
1061,Do I need to take an umbrella with me today?,5
1062,switch calls so I can answer the incoming call,9
1063,Set the dinnertime alarm to 5pm,8
1064,Is it t-shirt weather this afternoon?,5
1065,Is rain forecast for Sydney today?,5
1066,Give me details on the Panda bear that lost one of her twin cubs.,6
1067,Phone call my dad,9
1068,Increase the timer by 15 minutes for stretching,10
1069,I need a recipe for chicken fried steak,7
1070,Which office does Dany work now?,2
1071,Find friends of Darren and Todd,2
1072,remind me to send sarah a key for the office,4
1073,What will be the weather condition at noon?,5
1074,Give me the latest news about Britney Spears.,6
1075,how many calories in sliced turkey,7
1076,Find the names of people who graduated from Georgia College in 1977.,2
1077,Set a alarm for May 5th and call it 'birthday'.,8
1078,please send it to Franco via WhatsApp,0
1079,How much fat is in lasagna,7
1080,Delete reminder for the 5K run next Saturday.,4
1081,Give me the latest news on Donald Trump,6
1082,Show me texts from Anna on WhatsApp,0
1083,can you reschedule all my house reminders,4
1084,Remind me to pick up bread at 5 pm today.,4
1085,resume time for 5 more minutes,10
1086,Make a wake up alarm that repeats everyday at 7am,8
1087,activate group call,9
1088,remind me to call dad after dinner today,4
1089,What will be the weather on labour day?,5
1090,call Harvey Mandel,9
1091,would you text Tony and Mark,0
1092,What's the expected high in Dayton tomorrow,5
1093,Open Spotify and play Coldplay station.,1
1094,What is the forecast going to be like for 6:00 pm today in Doral?,5
1095,text Kaden and tell him that ye,0
1096,play 1470 radio,1
1097,Create alarm called 'wake up' at 6am tomorrow.,8
1098,When did Lily start at Virginia Tech?,2
1099,get me my video messages from my nana,0
1100,Send a message to my brother John that we will be in Vegas on the 9th.,0
1101,Play some meditation music,1
1102,Do I need a hood to go outside?,5
1103,Please dismiss the incoming call.,9
1104,Who lives in Lahaina,2
1105,I want to go to an event in Dallas,3
1106,Play my music on shuffle,1
1107,will it be sunny later?,5
1108,What languages does Penelope Cruz speak?,2
1109,Play some slow jams.,1
1110,What's with the blow up chicken at the White House,6
1111,Start my workout timer,10
1112,Can you hang up the call please,9
1113,Tell me the weather forecast for today,5
1114,rsvp yes to Insurgent Empire Book Launch,3
1115,set an alarm for 6pm tonight,8
1116,How do I make pork tenderloin,7
1117,Tell me who's on today,9
1118,Stop sending the video message to Mckenzie,0
1119,whats up in milwaukee tomorrow,3
1120,delete the reminder about joe's party next week,4
1121,do i know anybody lives in detroit,2
1122,Who do I know that lives in China?,2
1123,set an alarm to wake me up at 8AM please,8
1124,Can I have the weekend weather,5
1125,is there any news on Mike Pence tonight,6
1126,Read me the headline from the sports section of The Daily News.,6
1127,Tell me how much milk I need for creamy tomato soup,7
1128,What time are they calling for rain?,5
1129,Tell me what the weather be on Saturday?,5
1130,can you show me all of my reminders with greg,4
1131,I want you to set an alarm.,8
1132,Quiet please.,8
1133,Remind me not to contact my brother Roger for his birthday.,4
1134,send leeanna a text and let her know we will be meeting up at 6 instead of 7,0
1135,Play me some Miley Cyrus on Spotify,1
1136,start a recurring alarm for Tuesdays and Wednesdays,8
1137,"Set 3 alarms up, starting at 7:00 AM, 20 minutes apart",8
1138,"How many birthdays are on August 11th, 1915?",2
1139,Comedy shows this Friday in New York,3
1140,Give me a news update of the last 24 hours.,6
1141,respond to Donovan with a video,0
1142,Did I get any new messages in the past hour?,0
1143,"I need to text Macy at 3 pm to see if she wants to go to dinner tonight, remind me.",4
1144,headline news,6
1145,Remind me to check on car status.,4
1146,can i make a cake using soda,7
1147,Please call Eric Gonzalez Clark,9
1148,How much time left on timer?,10
1149,call Amy instead,9
1150,Toronto weather please,5
1151,Weather forecast for 6pm today please,5
1152,What is happening in Brooklyn this weekend,3
1153,Remind me on Wednesday August 29th to call Dan on Thursday the 30th,4
1154,change my status to interested for Eat Drink Play Los Gatos,3
1155,call Jackson Miranda now,9
1156,Add a reminder to dentist visit 2 days in advance,4
1157,Cancel the current call.,9
1158,resume timer in 12 minutes,10
1159,are there any recent news headlines about donald trump,6
1160,Houston news headlines.,6
1161,call Lance Carpenter,9
1162,When did Angela start her current job?,2
1163,What is the weather looking like in London at 4pm?,5
1164,Remind me to call the cleaners Friday about my grey suit.,4
1165,How is the weather tonight?,5
1166,will it rain after 5pm today?,5
1167,if i delete one reminder can i find it again or do i need to recreate it,4
1168,Is it going to be around 20 in celcius palo alto tomorrow morning,5
1169,audio call wedding planner please,9
1170,Please call Henry,9
1171,show me as online,9
1172,what are some ways to cook chicken in the crock pot,7
1173,Make a new alarm called appointment for tomorrow,8
1174,How do you make a grilled cheese,7
1175,What color is bacon supposed to be cooked,7
1176,I need to schedule a dentist appointment; remind me to do so tomorrow afternoon.,4
1177,Tell me how much time is left on my timer now,10
1178,"Play The Middle, Juice WRLD, please.",1
1179,Set up a reminder for Zoom chat at 9 am.,4
1180,Has the leaders group messaged me since Wednesday,0
1181,What is in falafel,7
1182,Remind me to cut the grass on Sunday,4
1183,"Show me, my friends list.",2
1184,Can you get more events please?,3
1185,remind me to buy water tomorrow,4
1186,tell me some asian duck recipes,7
1187,interested in going to An Evening with Debra Messing,3
1188,How is the weather in Jacksonville,5
1189,Recipes I can prepare in 15 minutes,7
1190,play French music,1
1191,TEXT JAN AND ASK HER WHERE WE'RE ALL MEETING FOR THE ART WALK IN A FEW DAYS.,0
1192,Call is over,9
1193,Remind me to call Mom tomorrow night.,4
1194,can i get a news update?,6
1195,Is there any volleyball game next month,3
1196,Any election news today,6
1197,call Veronica 's dad,9
1198,I created 2 reminders about Mike's party so please delete one of them.,4
1199,Send a text that says Here,0
1200,i would like to message Jane and Max video message,0
1201,How many calories in a pork chop,7
1202,Does fettuccine Alfredo have tomatoes in it,7
1203,Read me my local news.,6
1204,"please send that video to Tom, Vanessa, and John",0
1205,I would like to  engage  video calling mode  please,9
1206,Stop the song,1
1207,hang up the phone call,9
1208,Play Coldplay.,1
1209,What are the top news for today?,6
1210,What's the latest news on the person that drove his car into a crowd,6
1211,Add brother in law to call,9
1212,Tell Jerry I will be at the beach in 10 minutes,0
1213,Show me all my reminders including work,4
1214,add alarm wednesday 4:45 am,8
1215,I need a reminder to work at 10: am next Saturday,4
1216,what are the best potatoes to use for,7
1217,Remind me to pick up my nephew from practice tomorrow at 4PM,4
1218,Does Rita work in London?,2
1219,Give me an alarm every two minutes for a half hour,8
1220,Set 2 minute pregnancy test timer,10
1221,Remind me to pay the car insurance by the 15th.,4
1222,add soccer to the kids activities reminder,4
1223,Any news on Justin Bieber today?,6
1224,who works at Barnes and Noble in NC,2
1225,What birthdays are coming up in on Tuesday?,2
1226,Delete all of my reminders.,4
1227,Tell me the most recent TMZ headlines.,6
1228,Will it be around 8 Celcius inside,5
1229,mark me as not going to Sweet Tooth Pop-Up,3
1230,Set alarm for Friday at 6 A.M,8
1231,when is my reminder to meet Clara for brunch?,4
1232,What's today's headlines?,6
1233,Tell me what movies Benedict Cumberbatch has been in.,2
1234,Give me the morning's top news,6
1235,call Josephine 's auntie,9
1236,What should I put vinegar on?,7
1237,What ingredients are in rhubarb pie,7
1238,Remind me to plan a dinner party for the board members next week.,4
1239,Is it below freezing tonight?,5
1240,Repeat that last song,1
1241,What is the forecast for Melbourne when I land on Saturday morning?,5
1242,What years did Sarah attend Florida State?,2
1243,Add 10 more minutes to the timer,10
1244,Remind me to call my mom in 15 minutes.,4
1245,Tell me the most recent news story about Trump,6
1246,what's the record low for tomorrow?,5
1247,What soccer match can I go to on Monday,3
1248,i would like to message my siblings message,0
1249,please tell me how much time is left on my timer,10
1250,what reminders do i have for the weekend,4
1251,Reset the current timer.,10
1252,I want to see all alarms I currently have set.,8
1253,tell me the latest news,6
1254,set a new timer for thirty seconds,10
1255,I need to reset the timer.,10
1256,Who has a birthday is this month?,2
1257,Add 3 minutes to the timer,10
1258,anything to do this weekend,3
1259,add to the Spaghetti timer,10
1260,Play dance music,1
1261,what ingredients are in peach cobbler,7
1262,Remind me to call work tomorrow morning.,4
1263,what time did Olly video call me?,9
1264,"Play the album Thank You, Happy Birthday by Cage the Elephant.",1
1265,Update me the Victoria weather,5
1266,What city does Daniel live in?,2
1267,How many peppers go in beef pepper steak,7
1268,I want to know how many people are online now,9
1269,what reminder do I have later today at 5pm?,4
1270,Delete my reminder to pay the water bill,4
1271,turn alarms off,8
1272,I want you to set an alarm for me at 8pm,8
1273,What is the best way to sift ingredients without a sifter,7
1274,call Baird and Roth,9
1275,High and low temps please,5
1276,need to text mom tomorrow about the garden - set reminder for 11 am,4
1277,Can you show me the weather forecast for the 19th of April?,5
1278,Did anyone win the lottery?,6
1279,Would you please provide details for today's weather?,5
1280,Things to do in Atlanta next weekend,3
1281,initiate call to kelly,9
1282,Which of my cousins are online?,9
1283,end the conference call after the second candidate,9
1284,can you send Adnan on Messenger that talk to you later,0
1285,Are there any current storms in Oregon state?,5
1286,Taylor's address?,2
1287,Please show me what's the weather like tomorrow evening,5
1288,I won't be able to attend Church on Sunday so delete my reminder about that.,4
1289,Let me know the weather.,5
1290,call with Quilting,9
1291,What is the latest news on the fire in West Texas,6
1292,How many calories are there in 2 pancakes,7
1293,remind me to delete previews on Facebook this afternoon,4
1294,Tell me of Jans availability online,9
1295,How are Charlie Gard's parents doing?,6
1296,call the grandmother of Amanda Lynn,9
1297,who went to Yale?,2
1298,what are my reminders for study group this week,4
1299,could you stop repeating all my music,1
1300,show me brendas friends,2
1301,friends of myself,2
1302,Change my wake up alarm to 8am on thursday please,8
1303,How long until the buzzer goes off,10
1304,How do I set a timer for fifty two minutes?,10
1305,set alarm for 4 am on Thursday,8
1306,change wake up alarm to 6am on Thursday morning,8
1307,Show me comfort food recipes,7
1308,start playing 98 rock on iheartradio for me,1
1309,Should I stay in or go outside,5
1310,Make an alarm sound at 6pm every night,8
1311,Set an alarm for tomorrow at 5am,8
1312,take my girlfriend out of the video call,9
1313,Create an alarm for every Thursday at 2.15pm.,8
1314,Please call James Glover Wilkinson,9
1315,Recent news about Hilary Clinton,6
1316,Set the timer for 20 seconds.,10
1317,Please send message to Glenna asking her what time the event starts on Sunday at church.,0
1318,call Daniel cell,9
1319,play contemporary country,1
1320,call my mom call my girlfriend using Whatsapp,9
1321,Best song of carlos vives.,1
1322,Make an alarm for thirteen weeks on Fridays at 10:00 am.,8
1323,Remind me to pay for my flower order tomorrow morning.,4
1324,answer Jordan's call,9
1325,any news on north korea,6
1326,Play Friends in Low Places on repeat,1
1327,find Annette's sister,2
1328,Add a reminder for game on Thursday at 2pm.,4
1329,what is the timer now?,10
1330,Ring Caroline,9
1331,my You aren’t done brushing until this goes off timer can you resume it,10
1332,call up Ryan Sweeney and Antonio,9
1333,can you record a video message for Bianca please,0
1334,give me todays news updates,6
1335,Remind me at 4PM - hopefully I can beat the traffic at that time,4
1336,Remind me to pay the bills on Friday.,4
1337,Can you read me news on politics,6
1338,set alarm to go off at 5pm daily,8
1339,I want to add to call,9
1340,I want to talk to smith,9
1341,has ali worked for Mr. Adam before?,2
1342,Play something by Lady Gaga,1
1343,Find me news stories about Charlottesville,6
1344,cancel my existing timer,10
1345,whats the time left on my timer,10
1346,Add two minutes to timer,10
1347,Start a call to Kayleigh,9
1348,list the people that are available,9
1349,how's the weather at the beach,5
1350,play track 8 again,1
1351,whats the weather chances in clearwater beach tomorrow,5
1352,what time will it stop raining today,5
1353,Can you tell me Brian's address?,2
1354,I want an alarm for May 30 at 10am,8
1355,delete all my gym alarm,8
1356,any events this month,3
1357,please send the workgroup thread message,0
1358,call Clara Wilcox on Whatsapp video chat,9
1359,SHOULD I WEAR MY RAINBOOTS,5
1360,What are the top headlines for today,6
1361,Weather today at 1pm,5
1362,how cold is it today in degrees fahrenheit,5
1363,Does anyone currently live in Buffalo?,2
1364,dial 5405551560,9
1365,Start a video call with my Christian group,9
1366,Remind to get oil change Saturday morning.,4
1367,Whats the weather like at 10 in the morning?,5
1368,just 2 more minutes,8
1369,I need a blueberry Dutch baby recipe,7
1370,Cancel sending the video message to Clayton,0
1371,timer continue,10
1372,Read me the details about election coverage,6
1373,Ingredients in chicken marsala,7
1374,I want to accept the incoming call and disconnect from the current call,9
1375,Set alarm for 5:15 am,8
1376,Clear all timers,10
1377,play 6LACK on iheartradio,1
1378,Music festivals this month in Tampa Bay,3
1379,Whats the weather going to do on Saturday?,5
1380,read me the headlines from last night,6
1381,call Gregory number one,9
1382,What is the current hurricane in the Atlantic,5
1383,show me who is friends with Rob,2
1384,Dial a group,9
1385,Text Zach and tell him the car is on the way to pick up him and his girlfriend from Ben's house.,0
1386,What's trending in local news?,6
1387,Tell me who works in Beaverton.,2
1388,send Isaac the video message on WhatsApp,0
1389,call Xavier Norman call Ava Hester in Whatsapp,9
1390,Create a repeating alarm for Wednesdays at 9:00pm,8
1391,Resume the timer in 3 minutes,10
1392,what is timer set for,10
1393,I want to call my graduate students group,9
1394,Please advise the forecast for Easter Sunday at 2pm.,5
1395,Create alarms on Tuesdays for 3pm and 5pm.,8
1396,Id like to video message Brian J Baker,0
1397,play bruno mars radio,1
1398,Change my reminder for calling Mikey to 10pm tonight please,4
1399,Set a wake up alarm for the next 2 weeks for 8am,8
1400,find me hardcore tracks,1
1401,any new news about trump today,6
1402,Wake me up every Monday and Tuesday at 5am,8
1403,make a whatsapp call to papa,9
1404,"Get my video messages from Laura, Angelica and Steve",0
1405,Any news on the Saints?,6
1406,play the songs that I love,1
1407,When did Darren attend University of Michigan?,2
1408,How hot does it feel?,5
1409,how long does it take to get a rolling boil,7
1410,put this alarm on a 10 minute snooze,8
1411,Did I miss any calls in the past hour?,9
1412,Play OneRepublic's Baby On Baby album.,1
1413,Set alarm for cooking time at 7pm,8
1414,Message dad to tell him to use his GPS.,0
1415,What is the news saying about healthcare?,6
1416,Delete the reminder to cancel my direct tv.,4
1417,Can you remove the reminder for Michelle's birthday party next week?,4
1418,leave and pick up new call,9
1419,call partner call boyfriend with Whatsapp,9
1420,Will today be a cloudy day?,5
1421,show who can talk,9
1422,How old is Miranda?,2
1423,how much time to I have left,10
1424,read me all of my alarms,8
1425,Create alarm for 9:30,8
1426,remind Brian to leave at 4 and send him an alert 10 minutes before.,4
1427,delete 1st alarm only,8
1428,can I freeze mac & cheese,7
1429,Tell me the calorie count for home made ice cream please,7
1430,duplicate this alarm,8
1431,Please set me as active right now,9
1432,How much spaghetti sauce do I need per pound of meat,7
1433,Please set my availability to available now,9
1434,End the reminders that I need to pick up the baby at the babysitter on Friday,4
1435,can you find my friends address,2
1436,is there anyone available,9
1437,play WKSC FM on iheartradio,1
1438,play the last song again,1
1439,Play me some classical music,1
1440,what years did jimmy attend akron u,2
1441,Has the work buddies thread messaged me since last weekend,0
1442,Hold current call please,9
1443,What is the name of the current track playing?,1
1444,change my plant watering reminder to tuesday,4
1445,how many reminders do I have this week?,4
1446,Remind me on Tuesday that I have a unit meeting on Wednesday at 3pm.,4
1447,Is there any events in Melbourne tomorrow,3
1448,delete the reminder for tomorrow,4
1449,call Brooks and Buckley,9
1450,sdet a reminder for joes baseball game at 7pm tonight,4
1451,combine JT to the current call,9
1452,message steph when is the meeting,0
1453,show me my school reminders for this week,4
1454,How hot is it for Mumbai in C,5
1455,Add the dog's medicine to my list of chore reminders.,4
1456,Hows the weather today?,5
1457,Show me the reminder for percussion practice for the rest of August,4
1458,How many calories are in a tablespoon of ranch dressing,7
1459,Can you remind me to call Dylan to confirm the details for date night this weekend?,4
1460,reset my timer please,10
1461,Change the timer to 60 minutes,10
1462,What is the best temperature to cook lobster at?,7
1463,call Kara Parker for me,9
1464,Turn all alarms on.,8
1465,Play a mix of classic and new rock,1
1466,can you please send message to Ted and Stacy,0
1467,cancel my reminders,4
1468,set an alarm for 622,8
1469,Will it be too hot to keep my dog outside today?,5
1470,skip the first song of the album,1
1471,Video call my sister on her whatsapp,9
1472,Remind me I have an appointment tomorrow,4
1473,What year will Nick turn 30?,2
1474,Set a reminder for Melanie to call her aunt next Thursday.,4
1475,If despacito is on I would skip it,1
1476,Remind me to watch church on TV Sunday 7am,4
1477,How long did Lu go to UofA?,2
1478,start a call with the son of Raelynn,9
1479,Sunny today?,5
1480,"What's the latest news from Raleigh, NC?",6
1481,contact Kinley with Messenger,9
1482,remind me in 45 minutes,4
1483,Show me the employees at the bowling alley.,2
1484,Set a timer for 15 minutes?,10
1485,Play Katy Perry's latest song,1
1486,is jake online?,9
1487,Give me more details on the efforts to repeal Obamacare.,6
1488,whom do i know from San Francisco?,2
1489,are you able to find the lyric for this song?,1
1490,Create an alarm reminder to ring the hairdressers for tomorrow at 4pm,8
1491,What is a good recipe for pork in the crockpot,7
1492,alarm restart,8
1493,Read me more on the top stories,6
1494,I'd like to have the number for Glen Smith please,2
1495,Recipe for fried chicken,7
1496,List joe fathers in law upcoming birthdays,2
1497,Add 5 minutes to timer,10
1498,Place a call with exbox team,9
1499,How do you keep chicken from becoming dry,7
1500,Barrow in Furness weather forecast,5
1501,get me messages from dad Dahlia,0
1502,Send a message to my husband that my meeting got out early so i'll be home earlier than planned.,0
1503,Make a reminder for work event.,4
1504,Set my timer for 1 minute and 30 seconds,10
1505,bump up all my alarms by 30 minutes,8
1506,Can you remind me to apply for college on Monday?,4
1507,what's the low today?,5
1508,Find a recipe for cabbage rolls,7
1509,las vegas shows,3
1510,Did I set a reminder for the sales pitch on Monday,4
1511,show me all the reminders for the wedding dress fittings this month,4
1512,Things to do in Denver next weekend,3
1513,Can you tell me the locations of every work dinner reminders for the next month?,4
1514,please record a video message for John and Jack,0
1515,Please set up an alarm for Friday morning at 10,8
1516,set a practice test taking timer for 90 minutes,10
1517,does rich live in atlantic city,2
1518,What does the forecast look like for the week,5
1519,Cancel reminder to call mom,4
1520,Current european headlines,6
1521,Remind me to pack hubby's lunch bag for work tomorrow.,4
1522,what is the percentage chance of rain for tonight,5
1523,see if delores will answer right now,9
1524,Dial Anna and add her to this call,9
1525,Set alarm for 10 am on Wednesday,8
1526,new timer for 15 minutes,10
1527,Remind me to shop groceries tonight,4
1528,is my daughter online,9
1529,Do not answer this call.,9
1530,Hangup call,9
1531,what were the headlines on CNN,6
1532,Play Doxology by Phil Wickham.,1
1533,Clear my walk the dog reminder,4
1534,Who that I know is graduated From Yale?,2
1535,Is anyone not busy,9
1536,see if pauline wants to attend my thanksgiving get together,0
1537,remind me to call my mom tuesday morning,4
1538,Could you please help me setup my default phone call provider as Whatsapp,9
1539,create an alarm for may 9th at 12,8
1540,respond to Camilla with a video,0
1541,Tell me about the weather in Paris tomorrow,5
1542,What's the top story on the New York Times,6
1543,Local news headlined,6
1544,Play some Bring Me the Horizon.,1
1545,Anything fun happening in Philadelphia this weekend,3
1546,Shuffle the songs on my Pandora playlist,1
1547,Can you get my past events please?,3
1548,switch call now,9
1549,Please call Adam.,9
1550,What are the relevant stories for today?,6
1551,Play the Trolls soundtrack,1
1552,Access the phone app and call Jim,9
1553,add friend to call,9
1554,Delete my meeting reminder.,4
1555,who are Alysha's friends,2
1556,Create an alarm for 7pm,8
1557,play Boy With Luv,1
1558,what is the latest news on the  riots in Missouri?,6
1559,Add boss to current call,9
1560,Please remind me of Billy's doctor appointment today at 2:15 this afternoon.,4
1561,How hot is it going to be in Phoenix tomorrow,5
1562,delete reminder about doctors appointment on tuesday,4
1563,Who is living in Oklahoma City now?,2
1564,What is the Weather in Texas right now,5
1565,how much water is used to cook brown rice,7
1566,Set an alarm for 6:30 am.,8
1567,do I need to take an umbrella?,5
1568,Read the political headlines please,6
1569,What will the weather be like in San Francisco at 6pm?,5
1570,let's record a video message for Letitia Lombrana with instructions,0
1571,What's trending in the news?,6
1572,Please play Country music.,1
1573,What`s the weather like in Australia ?,5
1574,Please play some workout music.,1
1575,Please erase all my alarm entries,8
1576,Football score news,6
1577,Repeat current song,1
1578,Did Linda graduate from UCLA?,2
1579,send it to Laura on Messenger,0
1580,Give Susan a call,9
1581,what events happened in the news this week?,6
1582,Who is playing right now,1
1583,Do you have a reminder set for my test tomorrow?,4
1584,I need a reminder for tomorrow morning at 6AM please,4
1585,message my brother that my plane will arrive at 6 p. m. on sunday the 5th,0
1586,Give me the latest financial news,6
1587,video call Katrina and Simon,9
1588,Create alarms for Thursday and Friday at 5pm,8
1589,we are gonna call Matthew now,9
1590,find some music to play,1
1591,current world headlines,6
1592,What kind of butter is good for the diet,7
1593,Ring Cade,9
1594,Please pause this track now.,1
1595,respond to Marshall with a video message,0
1596,show me the reinders about the family reunion plans,4
1597,set an alarm for 1645h,8
1598,Read me the recent news headlines,6
1599,any anime concerts soon,3
1600,Give me a news update about the China base in Djibouti.,6
1601,Read me some of the headlines from CNN.,6
1602,I need a recipe for steak,7
1603,Tell me the weather forecast for Europe.,5
1604,What is the high temperature today?,5
1605,hang up Danielle,9
1606,what is the current weather in myrtle beach,5
1607,Delete all reminders for my nail appointments next month.,4
1608,Remind me to buy eggs at 5pm,4
1609,How much sugar do I need for homemade jam,7
1610,Whats the cooking time for an 10 pound turkey,7
1611,Set an alarm for tomorrow at 8am,8
1612,"Were any of Nussbaumer in laws born on July 7th, 1986?",2
1613,Remind me to make a dish to pass for dinner on Sunday at mom's place.,4
1614,Snooze alarm until noon.,8
1615,Can you give me entertainment news for 9/25,6
1616,Set a reminder for Monday.,4
1617,How much longer on this countdown?,10
1618,pause the music,1
1619,call Natalia on video with Whatsapp,9
1620,Can you set a reminder to turn off my son's alarm this evening?,4
1621,using Messenger call Eden,9
1622,"Temperature right now,",5
1623,create alarm for 1h30,8
1624,News on Politics,6
1625,Ask Josh when he will get to my house.,0
1626,How is the weather effecting the road?,5
1627,call Whatsapp Rylie Shannon,9
1628,can you help me make a video message for Barry,0
1629,Can you remind us to go to lunch on Saturday,4
1630,delete all my  timers for today,10
1631,Set my status as going for the second event,3
1632,Remind me to call Janice at 5pm.,4
1633,Is anyone online?,9
1634,"Spotify, Play 50 Cent",1
1635,what is new in local news,6
1636,things to do in columbus next month,3
1637,Who works at Wegmans,2
1638,Read me the weather for today,5
1639,Whats happening in Atlanta this weekend,3
1640,what's the forecast for Juno Alaska for next week,5
1641,Create an alarm to go off Monday morning at 9am.,8
1642,Is there new news about Justin Bieber and Selena Gomez getting back together?,6
1643,or anything from the bee gees,1
1644,Remind me to turn my 2 week notice in on Friday,4
1645,Find me a good meatball sub recipe,7
1646,Has Raelynn messaged me today?,0
1647,set an alarm for 11 months please,8
1648,Shuffle my music.,1
1649,Where can I find a show,3
1650,how do you separate a yolk from egg white,7
1651,Delete my reminder for Tuesday's lunch meeting.,4
1652,Any latest news?,6
1653,shuffle pop music,1
1654,Anyone I know live in Brooklyn?,2
1655,Please erase the reminder I had to do dishes at 4,4
1656,Temperature next week around Shanghai C,5
1657,What company does Zach work for?,2
1658,Resume timer now,10
1659,can I message Adelina and tell her hey can you send me that guy you know at westlands number again,0
1660,show me who's lounging around,9
1661,send a video message please,0
1662,Do I know anyone who lives in florida?,2
1663,How do you make homemade spaghetti,7
1664,Today's news,6
1665,when does the rain start,5
1666,Increase current timer by 6 minutes,10
1667,call with Vegetarian cooking on Hangouts,9
1668,show political news,6
1669,How old will Bill be on his next birthday?,2
1670,I need to call Dave,9
1671,What are the latest news in Virginia?,6
1672,Time left,10
1673,how many hours until the alarm?,8
1674,Are there any local events going on this week,3
1675,Show me all the people I know well that are online currently,9
1676,Any unread messages from the last 5 hours?,0
1677,please send it to Jose via WhatsApp,0
1678,Notify me of all alarms,8
1679,any news about donald trump,6
1680,salad bar ideas,7
1681,will it be windy is Seattle today,5
1682,how close is the thunderstorm i am hearing outside,5
1683,How long has Jeff worked at Amazon?,2
1684,message dave to pickup my prescription,0
1685,Let Chris know I am going to the Lindsey sterling concert at DTE in a few weeks,0
1686,Set a reminder to buy Grandma a birthday present,4
1687,What time does the sun go down in Colorado,5
1688,is it going to snow this weekend,5
1689,Set a weekly alarm for every Tuesday at 17pm for the next ten weeks.,8
1690,"Dial up Ashton, Walter and Francis",9
1691,Will it rain in the next few days?,5
1692,add time to my Plank timer,10
1693,play beyonce 4 album,1
1694,remind me to buy milk in an hour,4
1695,What does the timer say?,10
1696,set my status as maybe for Psychedelics and Social Justice,3
1697,How much longer on my timer?,10
1698,Set an alarm for Christmas Day December 25th at 12am,8
1699,Set alarm for 10 p.m. tonight,8
1700,Did Tom ever get a degree in medicine?,2
1701,Snooze alarm.,8
1702,make a 20 minute timer,10
1703,Did I get any calls from my wife,9
1704,what is the forecast for Orlando next week,5
1705,I need to call my cousin Chuck,9
1706,When does my time run out?,10
1707,stop playing music,1
1708,How many calories are in a bowl of Rocky Road Ice Cream,7
1709,i want to play a song,1
1710,Set an alarm for 9pm tomorrow,8
1711,Weather in West Valley City,5
1712,Tell me about Trevor,2
1713,Find the reminders about grocery shopping.,4
1714,Does my cousin still live in Boulder?,2
1715,Give me a weather forecast for the 26th of May,5
1716,Can you show me headlines from NPR?,6
1717,i want to call Madelyn Gabrielle Hernandez,9
1718,Set up a reminder for mum's birthday on August 13th.,4
1719,would you text Jordan and Steven,0
1720,show me spaghetti sauce recipes with no onions,7
1721,Recent news about north korea,6
1722,Friend of my mom,2
1723,show me free people,9
1724,Where is John from?,2
1725,set a reminder that football practice starts back up on monday at 3pm,4
1726,Add 30 more minutes to the cooking timer.,10
1727,go to iheartradio and play AMP Radio,1
1728,What is the temperature forecast between 2 pm to 7 pm?,5
1729,i want to see messages from Braelyn,0
1730,Give me Bobby's work address,2
1731,What concerts are playing in Buffalo Friday night,3
1732,Please call my cousin now.,9
1733,How many calories are in a chicken breast,7
1734,How hot is it next week dublin in degrees C,5
1735,bbc headlines,6
1736,Play only anthems,1
1737,what alarms are set?,8
1738,List the ingredients for the spaghetti sauce,7
1739,has anyone messaged me in the last hour,0
1740,What will the weather be like for the next 3 days?,5
1741,Remind me to close the door,4
1742,set myself to unavailable,9
1743,delete the reminder about picking up donuts for the meeting,4
1744,Remove the reminder to feed my neighbor's cat,4
1745,please remove all my reminder,4
1746,what is the status on the travel ban,6
1747,Remind me to take an extra credit survey,4
1748,Send a message asking Jim if you saw the figures for new sales forecast,0
1749,i would like to message my grandparents video message,0
1750,call Betty number one,9
1751,how much time is left on this timer,10
1752,are there any birthdays upcoming on wednesday,2
1753,call Trinity Madden through whatsapp,9
1754,tell me the ingredients for  a nacho supreme,7
1755,cancel all alarms and reminders,4
1756,Make a recurring alarm that goes off on Fridays at 10am for the next 3 weeks,8
1757,put spotify as my default app,1
1758,What time does sunset start,5
1759,Remind me to make an appointment for an oil change.,4
1760,Are there any severe weather advisories for the Pacific Northwest,5
1761,Remind me to call the my sister to check about the printer tonight at 10PM,4
1762,Remind me to buy eggs this weekend.,4
1763,Did any of my friends go to Harvard University?,2
1764,Skype call to Michael,9
1765,"For the next 2 weeks, create alarm for 7am every morning",8
1766,Ring my sisters at home,9
1767,change the time for exercise reminder,4
1768,please find the top greek recipes out there that include olives,7
1769,Set my alarm for 10:00 AM every Tuesday and Thursday.,8
1770,Swap over to video chat.,9
1771,reset the timer back to ten,10
1772,I wanna send a video,0
1773,Could you put the call on hold,9
1774,what are the local news updates,6
1775,Are there any concerts tonight,3
1776,how many calories are in a hamburger sandwich,7
1777,play my playlist on pandora,1
1778,Can I get an alarm for 8am?,8
1779,what are the high/lows tomorrow,5
1780,no call Daniel Nguyen,9
1781,could you video message Jonathan Brock Li,0
1782,remove grandpa Phil from the conversation,9
1783,give Marissa a call,9
1784,What temperature should I cook the pizza,7
1785,begin call with sisters,9
1786,Best chicken recipe,7
1787,Who works at Creative Consultants?,2
1788,How do you make a perfect omelet,7
1789,How many calories in one piece of fried chicken leg,7
1790,what is the wind speed,5
1791,a good southern style mac n cheese recipe,7
1792,How much time do I have left on my cookies?,10
1793,When are my alarms set?,8
1794,Stop making this sound,8
1795,What's today's headlines form the Huffington Post?,6
1796,add 9 minutes more to my Floss timer,10
1797,Can I add salt to unsalted butter,7
1798,how many calories in an orange,7
1799,can you send it to Judith on WhatsApp,0
1800,Set alarm at 1 PM 4 PM and 7 PM,8
1801,whats weather forecast for tomorrow,5
1802,Friends of Bob,2
1803,Remind me to purchase tickets for the Atlanta Hawks next home gane,4
1804,recipe for green bean casserole,7
1805,Display all reminders for the Eastern time zone that are about John's business now.,4
1806,How do I make blueberry pie from scratch,7
1807,get the call,9
1808,How much time is left on my timer.,10
1809,show me my messages from auntie Iris,0
1810,Move my alarm to 8 am.,8
1811,Turn timer off after first alarm,10
1812,Set alarm for four hours from now,8
1813,make a call to Emerson's partner,9
1814,what are you playing on Spotify right now,1
1815,What are my reminders for next Sunday?,4
1816,on whatsapp call Jace's cell,9
1817,please call Lillie Lawrence right away,9
1818,turn on my availability,9
1819,what is the current barometric pressure,5
1820,get me the Wednesday weather report for half moon bay,5
1821,Set a reminder to pick up my dry cleaning after work today,4
1822,"Let me know the weather forecast in Quebec, Canada.",5
1823,Do I have friends that live in Baltimore?,2
1824,What is the latest news on Russia?,6
1825,Set music application as google play music for me,1
1826,Special events in downtown Baltimore this weekend,3
1827,is it going to freeze today,5
1828,I'd like to call with Chandler and Sofia,9
1829,remind me tomorrow to call jen,4
1830,"Is there any progress in negotiations among Canada, the US and Mexico?",6
1831,Tell me how many calories are in a serving of chicken pot pie,7
1832,Remind me to pick up Joanie on my way to work tomorrow.,4
1833,Tell me the weather for today,5
1834,when did scaramucci get fired?,6
1835,What is going on in Roswell tomorrow,3
1836,Anna Farris and Chris Pratt divorce details,6
1837,How is the weather in Long Island city tonight,5
1838,return to the previous song,1
1839,Stop ringing the alarm,8
1840,Latest NFL news?,6
1841,Play the Beatles oldest album.,1
1842,Play the song Brown Eyed Girl.,1
1843,How old Is tom?,2
1844,Set a lunch alarm for the 17th at 1pm,8
1845,Snooze now,8
1846,how many car accidents today so far?,6
1847,Who is Danielle?,2
1848,Please make video message for Liz,0
1849,I want to change my alarm to 3pm.,8
1850,What was BBC news top stories for this morning?,6
1851,I need a wake up alarm for 6am tomorrow,8
1852,try giving call to Marina Brandon,9
1853,Ask Brenda whats the eta of the bus to the water park,0
1854,Look up the status of the healthcare bill in the news,6
1855,Delete my bookclub meeting reminder that is coming up on Friday night.,4
1856,Where is Steven's work location?,2
1857,Create an alarm for Sunday mornings at 9am.,8
1858,play me song,1
1859,"Set alarms for 10am and 2pm, Friday, weekly",8
1860,i want you to display all successful calls with Bob Andary,9
1861,What's today's news update?,6
1862,Read the new york times latest stories,6
1863,How much more time is there on the timer?,10
1864,remind me to get prescriptions tomorrow,4
1865,Give me today's headlines from Daily Local News.,6
1866,Play Shania Twain's newest single,1
1867,What is fun to do this week,3
1868,Anything interesting happening in Brooklyn tomorrow,3
1869,do i need a heavy coat,5
1870,Recommend some music events happening on Easter in Rota Island,3
1871,How long is this cold front expected to last?,5
1872,Remind me to ask Todd about the new date for the party,4
1873,Set the alarm for 10 past 2,8
1874,is it nice outside,5
1875,make a whatsapp call to Mateo Barrera,9
1876,What's Sofia's office address?,2
1877,Add Tood and Greg to the call with Debbie,9
1878,"I know we are expecting a lot of rain, any flood warnings for the county?",5
1879,what ingredients are in a filipino pork adobo,7
1880,Who still lives in Banning?,2
1881,"Cancel the reminder for the kids soccer practice, it was cancelled.",4
1882,i would like to message the message to the work friends thread,0
1883,ring parents,9
1884,Set alarm to go off every Monday at noon,8
1885,"Remove """"Pay the mortgage"""" from my reminders.",4
1886,will I need an umbrella today,5
1887,Tell me the temperature for 3pm.,5
1888,What are the networks saying about Brexit,6
1889,call Lucas,9
1890,Where is Lady Gaga originally from?,2
1891,resume timer countdown,10
1892,Create an alarm for July 18th at 5:30am,8
1893,I want to know who works at Microsoft,2
1894,Start a call with Jeanna,9
1895,Do I have any active timers?,10
1896,When did ahmed started at BUE university?,2
1897,set reminder for jessicas birthday party,4
1898,Take Sophie out of this call,9
1899,Set an alarm for 6 AM tomorrow.,8
1900,set alarm for tomorrow at 3:30 pm,8
1901,Set recurring alarm this week for 9am,8
1902,Morning weather report please,5
1903,Is fish high in protein,7
1904,Message Mom about what time I should arrive at the Ace Basin triathlon in the morning.,0
1905,will i need gloves for friday?,5
1906,Reset the timer please,10
1907,Comedy shows in Atlanta tonight,3
1908,what was regan's past employer?,2
1909,Send a message to John to let him know that the movie time has been changed to 7:30pm tonight and I'll meet him there.,0
1910,id like to hear some trap music,1
1911,find me a healthy recipe with haddock,7
1912,ask terry if she found my phone,0
1913,Send dad a message saying I’ll be late,0
1914,Is my mommy online?,9
1915,open Pandora and play Cloud Nine on shuffle,1
1916,Set reminder 2 hours before Kendall's dance recital on Thursday night at 7:00 pm,4
1917,please read me today's news?,6
1918,Please remind me to brush my teeth tonight at 10 p.m. I keep forgetting and my dentist has noticed!,4
1919,Play some jazz music,1
1920,has anyone phoned?,9
1921,Who lives in West Terre Haute?,2
1922,Do Colin and I have any of the same friends?,2
1923,Please give me news on the Twins baseball club,6
1924,Friends of my brother,2
1925,What is the temp going to be this afternoon in hawaii,5
1926,repeat alarm in 20 mins,8
1927,How to make a good seasoning rub for pork,7
1928,Set alarm for 10 a.m. tomorrow please,8
1929,how to tell when turkey is ready,7
1930,homemade bread recipes,7
1931,play Rolled Gold + on google play,1
1932,Should I bring a jacket to Toronto tomorrow?,5
1933,Name this song please,1
1934,Tell me the top headlines from The Washington Post,6
1935,voice call on,9
1936,would you set the call to full screen,9
1937,play cardi b,1
1938,call Archer Garcia and Alyssa Brown,9
1939,call Steven N,9
1940,phone Aleah on WhatsApp,9
1941,Will it be over 90 today?,5
1942,Play the latest song by Tory Lanez.,1
1943,Please repeat alarm every Sunday at 10 am,8
1944,interested in going to Insurgent Empire Book Launch,3
1945,switch on alarm for 10pm,8
1946,Please set a new alarm.,8
1947,Message my boyfriend asking if he wants to go on a weekend trip to Chicago,0
1948,Where does Rhonda work now?,2
1949,Play some pop songs,1
1950,how many inches of snow did we get yesterday?,5
1951,Make an assignment alarm for tomorrow at 8pm.,8
1952,set my status as not going for this event,3
1953,What is the three day forecast?,5
1954,Can you call Blake?,9
1955,Remind me to buy anniversary card for mom and dad,4
1956,Do I have a noon ET reminder set for Friday?,4
1957,Can you give me details about News in North Korea?,6
1958,Send a message to Denice asking when she’s leaving,0
1959,Start timer over again,10
1960,Tell me what the weather is doing on the weekend.,5
1961,take grandma Jane off the call,9
1962,Please start call with dad,9
1963,Give me New Zealand Weather,5
1964,theater events in toronto this week,3
1965,Create a reminder to call Alan at 11 am Eastern Time next Monday.,4
1966,subtract 30 seconds from my timer,10
1967,concerts in orlando next month,3
1968,invite mom to call,9
1969,How long should I cook a pot roast,7
1970,I want to be reminded to file those bug reports,4
1971,What is the weather forecast for Cleveland?,5
1972,update my Reading timer,10
1973,"Sorry, please set reminder to do laundry.",4
1974,updat me about rain,5
1975,show me hourly temperature for today,5
1976,Any news on the health care bill?,6
1977,Which of chelsea Nanas were born on the 7th of August?,2
1978,Is it going to be sunny all day today?,5
1979,is there an update on the news story about Bill Clinton,6
1980,call Candy Boykin 's son,9
1981,Set a reminder to watch Live PD.,4
1982,i would like to message the biology class thread message,0
1983,we are gonna call Vincent Roberts,9
1984,Make a call to my Meditation group on Line,9
1985,Events today,3
1986,Do I need a coat in Colorado?,5
1987,Set alarm for work,8
1988,Remind me to get items on my shopping list today,4
1989,Do I know anyone who went to Duke University?,2
1990,hold on the alarm,8
1991,Update my weekend reminder for dinner on Saturday and change it to 8 PM,4
1992,Set reminder to check oven in 1 hour,4
1993,can you send Raul and Matthew text,0
1994,Record the video message now for Fatima.,0
1995,Cancel my reminder for my hair appointment,4
1996,Want is a good recipe for a good shrimp salad,7
1997,I want you to recommend me shows for September in Belleville,3
1998,please dial Freddy Bush right away,9
1999,What are all the reminder for the next week?,4
2000,make a timer for thirteen minutes named turkey,10
2001,Give me world news headlines please,6
2002,What is the most recent news for education in the state of California,6
2003,Skip to next song,1
2004,Remind me to send a message to Jill about her project today.,4
2005,Do I know anyone from Dallas?,2
2006,what is business news from germany,6
2007,Begin video chat with Tanner and Kathleen Miranda on Skype,9
2008,set routine timer 10 minutes,10
2009,stop calling Sherman,9
2010,How do you make mayonnaise,7
2011,send it to Sherell Grotzinger,0
2012,does Sebastian work in Amazon?,2
2013,I want to listen to One More Light by Linkin Park on Spotify,1
2014,Have Christopher taken off the group call,9
2015,I want to listen to Enrique Iglesias' latest album,1
2016,What is the weather on March 17th in Ica,5
2017,How many of my friends went to KU?,2
2018,How much time before my alarm goes off?,8
2019,Tell me some celebrity news.,6
2020,i'd like to touch base with Gregory,9
2021,Don't take any calls today.,9
2022,Set an alarm for each hour and half hour,8
2023,How do you properly roast a chicken,7
2024,Call Travis Michael Jacobson for me,9
2025,Any news about the Florida Gators,6
2026,"Please, video call my granny",9
2027,Can you call Jude Gavin Miles,9
2028,Please shuffle my favorite songs,1
2029,update all alarms called 'Gym' to 6:30am,8
2030,start a call with boyfriend,9
2031,Message Flo and  tell her that Monday is fine for our afternoon meeting.,0
2032,Anything to do in Birmingham tomorrow,3
2033,Do I know anyone who went to Devry?,2
2034,Add get ticket to Lollapalooza in July to my reminders.,4
2035,Repeat Playlist,1
2036,I am very busy,9
2037,set up a reminder for me next wednesday to see if vivian needs a ride to the salon,4
2038,Brisbane's weather at 10am.,5
2039,please dial Linda right away,9
2040,Need a video message sent to my grandma to tell her happy grandparents day.,0
2041,call my Whatsapp contact Jude Mcintosh,9
2042,call number five,9
2043,"Repeat this song, please",1
2044,friends of shawn,2
2045,How much time is left until my alarm goes off?,8
2046,message a video message to Gregory,0
2047,I need an alarm set for Friday at 7an and 1pm.,8
2048,show breaking news,6
2049,message my sister connie that there is a poetry reading in the park on main,0
2050,Does Kristen live in Dallas?,2
2051,Tell my mom we made it to Gatlinburg.,0
2052,try calling Tucker Spence with Messenger,9
2053,what time is sunset tonight,5
2054,Show who is available now,9
2055,What is on the news about California wildfires?,6
2056,who works at facebook,2
2057,can you call Angie Novak on WhatsApp,9
2058,Play a certain rap artist,1
2059,Are there any music events not too far away tonight,3
2060,give Luis's grandma Teagan Durham a call,9
2061,Who works at Long John Silvers?,2
2062,anything to do today,3
2063,What's the name of the song that's playing now?,1
2064,Change the time of the upcoming alarm to 7pm,8
2065,What is the 10 day forecast?,5
2066,calories in ice cream,7
2067,Initiate a video call with my funko group,9
2068,"Tell me what are the top news stories today for Dallas, Texas",6
2069,cool concerts tonight,3
2070,Will there be rain tomorrow?,5
2071,When did Prince die?,2
2072,can you send the message to my family,0
2073,"News headlines in Boston, please.",6
2074,Hey bot what the weather in Manchester England  like,5
2075,What is the temperature at the North pole?,5
2076,let me see friends application,2
2077,List the ingredients of spaghetti sauce,7
2078,Call stepfather Sally,9
2079,is there any news on the new healthcare proposal,6
2080,Show Velda Grannies birthdays to me,2
2081,Is it going to rain anytime today?,5
2082,create timer for new show,10
2083,Show me some other plays,3
2084,"Things to do in Buffalo, NY next week",3
2085,"Please make 3 alarms for 3pm, 5pm and 8pm.",8
2086,Create a repeating alarm that goes off every Wednesday at 3pm.,8
2087,Remind me to move my car across the street tomorrow morning.,4
2088,Set a timer for 20 minutes,10
2089,Show me people employed with Google,2
2090,How long to I boil eggs,7
2091,What temperature is lamb cooked at,7
2092,find me a recipe for chicken marsala,7
2093,Is it colder that usual for this time of the year,5
2094,When will this snowstorm end?,5
2095,play Cashmere Cat on iheartradio,1
2096,Set a new alarm at 6pm on the 21st,8
2097,Change the reminder for the Farmers Market on Saturday from 11am to 7am.,4
2098,Who does Kus work for?,2
2099,video chat Ella and Jon for me,9
2100,What day will oj Simpson be released from jail,6
2101,Remind me to check my grocery list for meal prep items.,4
2102,Show this week's reminders.,4
2103,how much has fema helped in texas,6
2104,Could you read details regarding dead body found in Funk Nebraska?,6
2105,Have any of my friends RSVPd yes to An Evening with Debra Messing?,3
2106,please pick up this video call,9
2107,please create  a new playlist for me,1
2108,What is the weather forecast for Lisbon?,5
2109,call journalist,9
2110,give me details on Korea US situation.,6
2111,how much time has elapsed,10
2112,get remaining time on thaw turkey timer,10
2113,grab video messages from my friend,0
2114,"Set an alarm for me for 3pm, please",8
2115,How many days has trump been on vacation,6
2116,remind me to pack lunch for tomorrow tonight,4
2117,"What's happening in Boston, MA tonight",3
2118,Show me who works at Publix pharmacy,2
2119,can I message a video message,0
2120,what is the best way to cook a turkey for Thanks Giving,7
2121,call Ying Sperandio 's uncle,9
2122,call Joseph two,9
2123,Message Jacky asking him to come over,0
2124,Text Jennifer and ask if she has met my mom,0
2125,Remind me at the beginning of next week that my library book is due,4
2126,tun my work alarm on,8
2127,please remind me to wake up at 5am tomorrow,8
2128,as my default music app use apple music,1
2129,Never play songs by Justin Bieber again,1
2130,Play me some rock music,1
2131,Show me the last timer results,10
2132,Play me Dirty Laundry by the Eagles,1
2133,Is it wet or dry outside?,5
2134,what is the temp like outside now,5
2135,Begin the timer to count up,10
2136,HOW LONG WILL THIS RAIN LAST?,5
2137,Show me the seminar reminders in Central Standard Time instead of EST,4
2138,get events I RSVPd yes to,3
2139,Set up a reminder for my hiking trip with Rocco on Friday 15 minutes before 9 PM.,4
2140,Start the Sleep playlist from the beginning.,1
2141,"Play ""I Like Me Better"" by the Logic",1
2142,What exciting events are taking place tomorrow,3
2143,call Jerry four,9
2144,what's the news in the music industry,6
2145,What time am I supposed to remind my husband to leave for his work?,4
2146,"Is it going to rain in Marana, Arizona today?",5
2147,how many lemons to prepare a gallon of lemonade,7
2148,How do I prepare a whole fish to be cooked,7
2149,Find me concerts in Melbourne tomorrow,3
2150,Who sang that last song?,1
2151,shuffle Tonight,1
2152,Make a video message to send to Dad.,0
2153,Add Sharon to this call.,9
2154,Send a message to my cousin Tran,0
2155,How do I double this recipe,7
2156,Remind me to eat lunch in two days.,4
2157,Tell me Will's favorite dishes.,2
2158,"Jan is your party at your apartment on the 3rd floor, does the apartment have an elevator?",0
2159,Play God is a woman by J. Cole,1
2160,Show friends of Jolene,2
2161,Set alarm for 8 AM on Friday.,8
2162,for which day did i have a reminder set about getting karly's mail,4
2163,What's the highest temperature today?,5
2164,i want you to record a video message for my friend Rodney Harrill,0
2165,how's the weather at 7pm,5
2166,set the timer to go off in 30 minutes please,10
2167,Is this a country song?,1
2168,What is the current breaking news?,6
2169,Can I listen to the new Ariel Pink single on Spotify?,1
2170,What are the top news stories for Tokyo right now?,6
2171,repeat track 5,1
2172,How do I make Marinara sauce,7
2173,End the call with Teresa.,9
2174,Add a reminder to pick up my prescription on the way home,4
2175,update my timer called drink water,10
2176,what is the latest new york post headlines,6
2177,start timer for 10 minutes,10
2178,call Romeo through whatsapp,9
2179,Set the alarm to go off in 24 hours from now,8
2180,Tell my daughter I liked her post a message,0
2181,make a playlist called Cardio,1
2182,how you make pancakes,7
2183,I wanted to call Edward Weiss,9
2184,How hot is it in Cleveland?,5
2185,SET MY ALARM,8
2186,Set smoker timer to 6 hrs.,10
2187,Add the song waves by Kanye west to my playlist titled jams,1
2188,please terminate call now,9
2189,what's the countdown on the timer,10
2190,Set alarm for 9 pm tomorrow,8
2191,What times do I have alarms set for?,8
2192,show me some interesting shows tomorrow's night,3
2193,Can you find a stroganoff recipe with out mushrooms,7
2194,what was the breaking news tonight?,6
2195,what's the humidity right now?,5
2196,Remind me to get liquor and soda for the party on Sunday and bake the cake by Saturday night.,4
2197,Make a 6pm alarm,8
2198,is there a dinner reservation set in the reminders for August 23rd?,4
2199,play the song She's Thunderstorms,1
2200,Do I need a jacket at Lake Shasta today?,5
2201,Record a video message for sibling,0
2202,Give me the weather for the first weekend of September in Prague?,5
2203,Restart current timer.,10
2204,Details on where to vote,6
2205,Please play me some R&B music,1
2206,Friends of Nate,2
2207,I want to hear some Dr. Dre.,1
2208,try calling Sherman Angelica,9
2209,What year was that song recorded?,1
2210,What is the latest news on the budget cuts?,6
2211,Has Bill Murray sent me anything via Messenger,0
2212,Place a call to Lamar for me.,9
2213,"Bot, call Nikki and add her to this call",9
2214,Show me all my reminders for working out on wednesdays,4
2215,What is the weather in St. Louis today?,5
2216,Can you tell me if Luci is online now,9
2217,Start recording a video message for Ressie Beek.,0
2218,"What percent of thunderstorms are expected in Brooks, Kentucky today?",5
2219,Cancel calling please,9
2220,Remind me to tell the kid's to pack swimsuits for the trip next week.,4
2221,switch it to video please,9
2222,what is the climate in Hawaii,5
2223,Ask mom if she knows any good places nearby with deep dish pizza.,0
2224,Do I have a reminder for yoga class next week?,4
2225,Remind me to reschedule appointment with Sarah on Monday,4
2226,I need to know the weather on next Monday  morning?,5
2227,Set an alarm for February 12th at 6am,8
2228,what is the weather at the erie county fair tomorrow morning?,5
2229,Create a wakeup alarm 8am on Sunday,8
2230,Are there any lacrosse games going on in January,3
2231,what's the weather for this weekend,5
2232,could you text Paisley and tell her Here,0
2233,add 5 minutes to time out timer,10
2234,What temp should i cook ham on,7
2235,How do I make Stir Fried Loofah,7
2236,Delete the current timer,10
2237,change my reminder for eastern time zone,4
2238,Add Chris to the reminders for pool league this month.,4
2239,Switch this voice call to video.,9
2240,How much hours is left on alarm,8
2241,I want to listen to JAY Z's latest album.,1
2242,Send a message to Fed-Ex to call me,0
2243,send a video to Mckinley,0
2244,play Foo Fighters on iheartradio,1
2245,Please put my alarm on snooze for 20 minutes.,8
2246,How many calories in tuna noodle casserole,7
2247,Show me messages from Beth via Messenger,0
2248,Please remind me what time the ferry leaves dock today and remind me in 30 minutes too,4
2249,What was my missed call from yesterday?,9
2250,Ask Laura when we should arrive for the conference and where to meet.,0
2251,Is Marcus still working for Adobe?,2
2252,set timer for 5 minutes and pause after first minute,10
2253,Invite Dad,9
2254,"New alarm, 8am, Mondays, repeat 7 weeks.",8
2255,What are my reminders for Tuesday morning?,4
2256,Set a reminder to grab the library books before I leave the house today.,4
2257,please call my son,9
2258,when did ian start at ucla,2
2259,What will the weather be like at Disney World today??,5
2260,send Mini Mouse via Messenger a message saying are you free,0
2261,set the alarm now,8
2262,Add 20 minutes to countdown,10
2263,Tell Steven that the concert time has changed from 6 to 9pm.,0
2264,Add a reminder to plan my birthday party in March of next year,4
2265,remind me to add luggage tags to the suitcases,4
2266,Amount of time to steep tea?,7
2267,Can you find me a recipe for chicken alfredo?,7
2268,please use iheartradio for my music,1
2269,Tell me who works at Sunset Athletic Club,2
2270,What time is my next alarm set for?,8
2271,Friends of Mira,2
2272,turn on all saved alarms,8
2273,how long should lasagna bake at 350 degrees,7
2274,what time is the dawn on thursday,5
2275,Are there any reminders for FRiday,4
2276,what;s the ideal temperature of simmering rice,7
2277,What time was the last call?,9
2278,Can you give me details around the passing of the immigration bill,6
2279,What is the fastest way to chop an onion,7
2280,WHat is the recent news?,6
2281,set an alarm for 1000,8
2282,Create a list of Kendrick Lamar's favorite songs,1
2283,Play Jay Z,1
2284,Whats the latest news with North Korea?,6
2285,what's the national news,6
2286,start my timer immediately,10
2287,set an alarm for 1105,8
2288,Can i microwave spaghetti sauce?,7
2289,"message Leo, Nelson and Carrie something that says talk to you later",0
2290,what's the latest news on CNN?,6
2291,call Johnny on video in Whatsapp,9
2292,start conversation with father,9
2293,send that video message on Messenger,0
2294,please send that message to my grandparents,0
2295,"remind me to buy my daughter a card on august 1st, 2019",4
2296,I'd like to reset my alarm.,8
2297,play coke studio song,1
2298,Change my doctor's appointment alert to 45 minutes before,4
2299,Snooze this alarm for 20 minutes,8
2300,Drop Walker from this call,9
2301,remind me about the cardinals game this weekend,4
2302,Who graduated from Creighton,2
2303,Play Jay Z's new album,1
2304,I need to find a contact in Hartford.,2
2305,Major news in USA,6
2306,what is the title of this album,1
2307,Set reminder to pick up grandma on Tuesday,4
2308,is there anyone working in newark?,2
2309,Let's do a video call with Long Distance Running Group on Hangouts,9
2310,What news stories are trending in China,6
2311,shuffle the tracks please,1
2312,Please play Pink now,1
2313,Remind me to call Janet about job opportunity at 8am Wednesday.,4
2314,CAN I HEAR NINE INCH NAILS TRACK LESS THAN?,1
2315,Play some Alternative Rap music.,1
2316,developing news tonight,6
2317,Remind Kal about Jazz Fest on Saturday in IL.,4
2318,In Melbourne how will the weather be over the next few days?,5
2319,Do you have any other car shows,3
2320,When did  Michael Jackson die?,2
2321,How long should I bake this chicken,7
2322,play it in loop,1
2323,Any events this weekend,3
2324,I'm done talking now,9
2325,Can I hear the latest news in soccer?,6
2326,Things happening in downtown this week,3
2327,ring my stepsister,9
2328,call Debby Gabourel 's boyfriend,9
2329,Te me about the weather for this afternoon at 2pm,5
2330,send a vide message to the bff chat,0
2331,Is it likely to flood in Hackettstown today,5
2332,Who's going to The Olive Festival?,3
2333,How many calories are in grilled salmon,7
2334,Help me remember to take my pills tonight.,4
2335,will it be cold in london?,5
2336,play TobyMac,1
2337,Which of Teskey dads have birthdays coming up?,2
2338,Anything fun to do tomorrow evening,3
2339,How many cups of flour for Toll House chocolate chip cookies,7
2340,how long on microwave timer,10
2341,i want to leave Sarah a video recording,0
2342,"Repeat the last song, please.",1
2343,Delete reminder to call the vet.,4
2344,now add nieces to the call,9
2345,how many calories are in a slice of pepperoni pizza,7
2346,check message,0
2347,what is the weather like in Rome,5
2348,Play Frank Ocean.,1
2349,Pull Toni into this call,9
2350,Check status of Susan.,9
2351,call Piper call Amina in Whatsapp,9
2352,back to the 80's please,1
2353,do not play any song by lil Yachty,1
2354,message tim that the rock concert is in a week,0
2355,show me unhidden users,9
2356,Reminder for vacation,4
2357,Add 5 minutes to the current timer,10
2358,Is a tablespoon more than a teaspoon,7
2359,please remove reminders to open door for maid,4
2360,How many degrees Celsius is it?,5
2361,tell me world news that is trending,6
2362,sound alarm at 1700h,8
2363,I want to listen to Linkin Park's last album,1
2364,cancel all upcoming reminders,4
2365,reply to the grooms party thread with text,0
2366,Send a message to my doctor asking someone to call me asap,0
2367,where in NJ does Mark live,2
2368,I want a weekend alarm to go off at 8am,8
2369,Have Jennifer and Jennifer messaged me today,0
2370,what is the recipe for carrot cake?,7
2371,I need a chicken recipe for beginners,7
2372,Will it be below 27 in degrees Celsius for Shanghai tonight,5
2373,Are there headlines about North Korea?,6
2374,Tell my mom after she takes a right at the stop sign she has to turn left at the light to make it the gate of my house.,0
2375,Message Tyson and ask him for directions to his office in Colleyville,0
2376,Cancel all alarms that I have set.,8
2377,Set an alarm for 20 minutes from now.,8
2378,Please change my reminder from Grace's Family Church singing from 7 p.m. to 8 p.m. on Saturday night,4
2379,Will I need to wear warm clothes on Monday?,5
2380,what is the temperature in hoboken tomorrow,5
2381,pause the timer please,10
2382,Remind Carl and Ronnie that we need to leave by noon on Saturday.,4
2383,Have i missed any calls today?,9
2384,Tell me Sydney weather for 5pm today.,5
2385,What alarms have I got set?,8
2386,Have Kim taken off the group call,9
2387,No bake cake dessert recipes,7
2388,Can I have some information about the weather in Cheshire?,5
2389,Give me news update for Florida,6
2390,how long do I cook chicken breast at 350,7
2391,Will be able to see the stars tonight,5
2392,play my Pandora Warm Fuzzy Feeling station,1
2393,remind me to pick up the relay for life donations this week,4
2394,call Los Angeles group on Wechat,9
2395,Remind me to set up an appointment with the PT department.,4
2396,Will it be sunny this bank holiday?,5
2397,open iheartradio and play Tonight,1
2398,Cancel alarms,8
2399,Is there protein in eggs,7
2400,go ahead and call Josie,9
2401,Message Jim and tell him the fishing tournament will begin at 5:00 AM.,0
2402,send Izzy via Facebook that talk to you later,0
2403,Do I know anyone that works at the W hotel?,2
2404,switch off my alarm,8
2405,Expected weather for London England,5
2406,Please create a recurring alarm for 7am everyday this week,8
2407,Remind Lea and Anthony that Taco Tuesday is on Thursday by sending them a reminder on Monday and Wednesdayc,4
2408,I want to listen to Third Eye Blind,1
2409,What is the chance of rain today.,5
2410,New South Wales weather forecast thanks,5
2411,video message Albert,0
2412,My friends list in Santa Cruz?,2
2413,What parties are in Miami tonight,3
2414,Stop playing the music,1
2415,show the next two alarms,8
2416,How much sun will we get tomorrow afternoon?,5
2417,Remind me to pickup chicken for tonight,4
2418,What's going on tonight,3
2419,call Nayeli 's daughter,9
2420,what is the lowest temperature for today,5
2421,Start playing Justin Bieber's latest album,1
2422,Make an alarm called bedtime for tomorrow,8
2423,fire news,6
2424,how many calories has a chocolate cake,7
2425,Knock off 10 minutes from the workout,10
2426,Video message for Susan Smith.,0
2427,i want to see my texts from my daughter,0
2428,"Things to do in Medford, Oregon",3
2429,temperature to cook pork chops,7
2430,Can I set my music app as deezer,1
2431,Tell my husband to pick up my favorite food from this direction...,0
2432,hey repeat all my music,1
2433,send a message to my brother asking him if the pet adoption event today is on the corner of main and 31st street,0
2434,Can you play Break My Heart by Hey Violet on Pandora?,1
2435,Play Hello Bonjour off Yell Fire,1
2436,Remind me to bake brownies tomorrow morning,4
2437,Fill me in on the latest local trial updates,6
2438,Remove reminders for Labor Day,4
2439,i need a second timer for 3 minutes,10
2440,Remind me what I use to make BBQ sauce,7
2441,where is ken's house?,2
2442,tonights projected low,5
2443,can you make lasagna without cheese,7
2444,What type of event is Hocus Pocus?,3
2445,"What is the weather in Montreal, QC?",5
2446,Timer for 10 minutes,10
2447,call Mia cell,9
2448,get john on the call,9
2449,get me the weather in Hong Kong,5
2450,what are the steps involved to create cakepops,7
2451,Do I have any friends online right now,9
2452,Can I see everyone who has a birthday coming up in the next month?,2
2453,Set an alarm for 4 p.m.,8
2454,delete the reminder for book group this month,4
2455,Show me the next reminder.,4
2456,"create an alarm for Monday, Tuesday and Wednesday",8
2457,call tom,9
2458,Remind me to cancel my alarm afterwards,4
2459,Remind me to take out the neighbor's garbage tonight.,4
2460,How many grams of protein are in a 3 ounce service on chicken,7
2461,send the Messenger text,0
2462,connect to Madison dane,9
2463,please  i am available,9
2464,What temp do I roast a chicken at,7
2465,does it get cold in the Galapagos,5
2466,Do I have repeating reminders set up for my daughter's dance class?,4
2467,Create an alarm Monday through Friday at 6 am,8
2468,How cold will it get tonight?,5
2469,what is the right temperature to bake chicken in the oven,7
2470,I need to know my friends who live in Nevada,2
2471,How many calories is in a tuna sub,7
2472,Whats happening in Henderson this weekend,3
2473,Don't play that artist again,1
2474,What is the cooking time for angel hair spaghetti,7
2475,Please set an alarm on the 21st of March,8
2476,Remind me to send emails to classmates about our upcoming class reunion this  weekend.,4
2477,make a timer for 10 seconds named ramen,10
2478,oven temperature for biscuits,7
2479,Read me Sunday's paper headline,6
2480,Is it going to be around 12 in degrees Fahrenheit manila this weekend,5
2481,Can you show me events I RSVPd yes to?,3
2482,ask julie if she can give me a ride to the airport on june 30th at 11 am,0
2483,remind me to set a reminder about my science test at 7pm,4
2484,I need to stop this call now,9
2485,timer terminate,10
2486,not going to Hillside Bar Trivia Night,3
2487,Play Noah Cyrus' new song,1
2488,Play more songs in this genre,1
2489,send the close buddy thread text,0
2490,New 7am alarm needed.,8
2491,call Idella Moncus 's wife,9
2492,Weather forecast for the next fortnight,5
2493,What are the components of a brine,7
2494,When is our next chance for rain?,5
2495,"did is rain on october 29th, 2001 in arizona?",5
2496,i would like to message it to Kylie via Messenger,0
2497,mark me as going to the first event,3
2498,set alarm for 7am every day,8
2499,Talk to me about the weather for Monday,5
2500,Call Antigua Cafe on Taraval St in SF,9
2501,call the fourth Melissa,9
2502,is al or amy online,9
2503,how can I save a burned roast,7
2504,Reduce time by 10 minutes,10
2505,Remind me to call mom tomorrow night.,4
2506,is john available,9
2507,What are the 5 most recent headlines,6
2508,can you send the sorority group,0
2509,Does he live in the US?,2
2510,I don't want Rudy in this call.,9
2511,send it to Stephanie Conrad Escobar,0
2512,please set a reminder for dinner with jessica on saturday night at 9pm,4
2513,Have I had any video chats today?,9
2514,UPDATE ME ON THE LOCAL FIRE THAT WAS IN THE NEWS.,6
2515,"Dial up Katelyn Patton, Grace Hayden and Fabian Lara",9
2516,Please pause timer,10
2517,get some more events that are dog friendly,3
2518,Thomas Rhett's latest album please,1
2519,any art shows this month,3
2520,Begin timer for 10 seconds.,10
2521,Can you remind me to get ready for the date?,4
2522,Which of my friends love in savannah,2
2523,Tell Rizzo to grade the rest of the papers.,0
2524,Add 30 seconds to the alarm.,8
2525,I'd like to call Mason Malik Morrow,9
2526,SET ALARM FOR 7AM SATURDAY.,8
2527,Set alarm for tomorrow noon,8
2528,Set time for one minute.,10
2529,Name which of my buddies are online,9
2530,make my timer longer by four minutes please,10
2531,will it snow in NYC today,5
2532,Exactly what rime was the conference call?,9
2533,Check breaking news stories.,6
2534,Stop ringing now,9
2535,What is going on at 4pm for tomorrow evening,3
2536,what is the weather in Ross on Wye,5
2537,Find me an Italian meatball recipe,7
2538,Where is Randy's work?,2
2539,Do I know anyone who lives in northern CA?,2
2540,How will the weather be at lunchtime in Milton Keynes?,5
2541,What reminders do I have for my boss,4
2542,Let me start call with boss,9
2543,When will Donald Trump leave office,6
2544,How's the weather like for Bondi Beach this Sunday?,5
2545,who's online right now,9
2546,Id like you to send a video message,0
2547,show me the news on the eagles,6
2548,Tell me if Sam is currently available,9
2549,Can I see a concert tonight in Tampa,3
2550,Delete the timer with the least time on it.,10
2551,What kind of pan should I use for stir-fry recipes,7
2552,How many birthdays are on Halloween?,2
2553,"Start a call with Emma, Amelia Good, Christine, and Kristin Bryant",9
2554,What is the weather in North Pole?,5
2555,What reminders do I have for Tuesday the 17th after 3 PM,4
2556,set the alarm to ring at 2:00,8
2557,check my texts on WhatsApp,0
2558,Message mama saying I'll be 15 minutes late,0
2559,Set an alarm for 7 minutes from now,8
2560,delete my reminder for the dentist,4
2561,Do you have Timothy's email addy?,2
2562,create Laundry timer,10
2563,Send everyone with a birthday today a happy birthday message,0
2564,Who do I know who lives in Charolette,2
2565,change my oven timer,10
2566,Do I have any family in California?,2
2567,Send a message to Austin to see if he wants to help plan a birthday party for Steve next month.,0
2568,Send a message to mom to tell her happy Mothers day.,0
2569,Remind me to add shoes to amazon order,4
2570,is there a art showing in cleveland this week,3
2571,what's my dinner reminder on Friday?,4
2572,Call my sister please,9
2573,Remind me to take the laundry out in 45 minutes,4
2574,set two timers please,10
2575,How should i cook steak on a grill,7
2576,i want you to record a video message for my husband jess,0
2577,Things to do in San Jose,3
2578,who is active right now,9
2579,send a message to japanese meet group that says happy new years,0
2580,How do you make sugar cookies,7
2581,I will be in Atlanta on ThursdayIs there anything happening to doAfter six,3
2582,Call up Kevin now.,9
2583,How long should I cook my bacon,7
2584,reply to Johan with a video message,0
2585,Call stepfather,9
2586,Call Mitch again,9
2587,reply to Elisa with a video,0
2588,Set up an alarm for Tuesdays at 9am,8
2589,Message Mom and tell her that I understand why she had to leave and that I love her.,0
2590,try giving a call to dane Brandon,9
2591,What are the weather forecasts for the Victorian Alpine Region?,5
2592,pull up all my reminder for doctor appointment,4
2593,Who was the suspect in the latest car bombing?,6
2594,What's the top story in national news?,6
2595,Ring Dave,9
2596,Remind me about my doctor's appointment later this week.,4
2597,what is the nutrition content in whole milk,7
2598,Can you tell me what to use to make bbq sauce,7
2599,Set a different alarm,8
2600,Wake me up at 6am every Saturday for 4 weeks,8
2601,change my status to going for An Evening with Debra Messing,3
2602,Play Bone Thugs N Harmony on Spotify.,1
2603,Stop time,10
2604,end call with noah and switch to sophie,9
2605,I want to listen to Maroon 5 latest album.,1
2606,ping Hailey Estrada,9
2607,What is my local news headlines?,6
2608,prepone my 6pm timer by 1000 seconds,10
2609,Delete most recent timer,10
2610,will it be raining when I arrive at 6pm,5
2611,cancel my timer,10
2612,i want to call Ruby Miranda Burgess,9
2613,please make a godsmack channel,1
2614,i'd like to touch base with Jane,9
2615,How many calories are in a slice of cheddar cheese,7
2616,Involve Jay in this call,9
2617,Drop Abril Ellison from this call,9
2618,Stop making noise,8
2619,New alarm please for tuesday at 7am and 9pm,8
2620,Set my morning alarm,8
2621,Set an alarm for my sons Boy Scout meeting every Monday,8
2622,i'm done with this call,9
2623,ask cousin Tony what where and when will his open mic event take place,0
2624,Grams of protein in 6 oz of chicken,7
2625,did i miss any calls today?,9
2626,how many eggs are needed to make crepe,7
2627,how old is jim,2
2628,what's this song called?,1
2629,Set alarm for 8am,8
2630,set up reminder to call Susan tomorrow morning,4
2631,Tell me who works at Pizza Hut.,2
2632,Play One Direction,1
2633,Does Ali live in cairo?,2
2634,Can you make this a video call?,9
2635,best blueberry muffin recipe,7
2636,Tell me how much time is left on the next alarm,8
2637,Time remaining?,10
2638,Set an alarm for this afternoon,8
2639,are there any new updates about sentencing of the former governor of Pennsylvania,6
2640,Record a video message for Matt's birthday.,0
2641,Check for things to do in White Plains tonight,3
2642,Play Lupe Fiasco's latest song,1
2643,Find gluten free recipes,7
2644,Set up a reminder to send Elsa an invitation to my party tomorrow.,4
2645,what's happening,3
2646,how much sugar is in a can of coke?,7
2647,What reminders do I have set for August 15th?,4
2648,Tell me about the news,6
2649,I am not available.,9
2650,Wake me up in 2 hours,8
2651,What the current world headlines?,6
2652,I don't like this song.,1
2653,Can you give me the forecast for the next week?,5
2654,What is the weather in Baltimore today,5
2655,"IS THE WEATHER GOING TO BE NICE IN BELLINGHAM, WA",5
2656,Pause the timer and resume in 5 minutes,10
2657,Tell me Katie's friends.,2
2658,Tell me about Michael.,2
2659,Set an alarm for tonight.,8
2660,Who works for target employer?,2
2661,don't answer it please,9
2662,Please start playing Pandora app now,1
2663,create a playlist called: All Out 70s,1
2664,What's the weather going to be at 4pm?,5
2665,who is lisa,2
2666,Delete the reminder about getting an Uber for next Sunday.,4
2667,Set me as online,9
2668,I would like you to i would like to message video message to Len on Messenger,0
2669,Make repeating alarm for 7am everyday,8
2670,Does Tara work for Solix?,2
2671,how many calories are in vanilla ice cream,7
2672,Is it almost done,10
2673,Are there any new developments in the Taylor Swift case,6
2674,Show me my reminders for my Justice class.,4
2675,How long has this timer been going?,10
2676,I would like to record a video message for Lien Daignault.,0
2677,Is my mom online?,9
2678,Who is singing backup in this song?,1
2679,When will it start snowing?,5
2680,How long should I cook baked chicken,7
2681,what is the weather in london?,5
2682,Remind me to buy ink cartridges,4
2683,Remind me to confirm 6pm dinner date with Angel.,4
2684,what happened in the news today,6
2685,can you  enable  video call,9
2686,set timer for 10 minutes,10
2687,Remind me to change credit card's on Netflix on September 29.,4
2688,what is the weather in vegas next week?,5
2689,What will the weather be in Dubai on Saturday at 3pm?,5
2690,I'd like to call Dad,9
2691,What is happening next month,3
2692,What ingredients are in pound cake,7
2693,Cancel my reminder to go on a run.,4
2694,Let's place a call to Jane Austin Juthey,9
2695,radar for el paso at 3pm,5
2696,When will the timer go off next,10
2697,Talk to me about the weather in Rome Italy,5
2698,How long do I microwave water to get it to boil,7
2699,show me my dinner reminders,4
2700,Has Arturo Malika Haydal sent me anything?,0
2701,Is anyone I know online?,9
2702,Stop being a video call.,9
2703,Set my alarm to get me up at 5 am,8
2704,play the band The 1975,1
2705,hang up on sean,9
2706,Please send Andrea a message that says 'are you going tonight?',0
2707,listen to maroon 5 Pandora,1
2708,set wake up alarm,8
2709,Set an alarm to go off on Monday at 3pm,8
2710,"Wednesday's meeting was cancelled, delete the reminder.",4
2711,give ruby brandon a call,9
2712,information about the car crash on the interstate 20 today please,6
2713,Whats the rain forecast for sunday,5
2714,delete all reminders about spin class for september,4
2715,Are there any events worth going to in Seattle,3
2716,turn my status to available,9
2717,display my cookies timer,10
2718,Set alarm to go off every 30 second for five minutes,8
2719,When did Mike graduate?,2
2720,display video messages from my spouse Peyton,0
2721,i would like to message Kenny on Facebook a message saying are you free,0
2722,How long do I leave the turkey in the oven,7
2723,Message Lou that the check is ready,0
2724,What's the weather in Finland,5
2725,what time is sunset in Philly,5
2726,I want to listen to Ride by Twenty One Pilots,1
2727,set a reminder to tell larry that the game goes on sale at 11am online,4
2728,Look up ingredients for a mango smoothie,7
2729,I need to let me see my friend on the screen,2
2730,who lives in Phoenix?,2
2731,Let me listen to Selena Gomez' new album,1
2732,Text Amanda I'm on the way,0
2733,What close friends of mine are online?,9
2734,Will it be sunny all day tomorrow?,5
2735,Which of Verbit mama have birthdays coming up?,2
2736,Can I hear Avril Lavigne's latest music?,1
2737,update alert on Wednesday from 8am to 12 pm,4
2738,Begin call with Logan,9
2739,check if nancy is online now,9
2740,Can you skip the next two tracks,1
2741,whatsapp video call Hudson,9
2742,What recipe can be cooked in a crockpot,7
2743,Remind me to watch Insecure Sunday,4
2744,How many calories are in an egg,7
2745,who is sarah's friend misty,2
2746,Stop the video call now.,9
2747,show me all of jims reminders for the week,4
2748,"What's the forecast for Easter,?",5
2749,Should I bring my umbrella?,5
2750,Call Andy,9
2751,Set an alarm in 10 please,8
2752,How hot is it in Celsius,5
2753,Read me the top news in Baltimore,6
2754,Play me a mix of David Bowie,1
2755,how long do I cook a casserole for,7
2756,Play I heard they suck live by NOFX,1
2757,Is Kourtney Kardashian married?,2
2758,Set alarm for 6am tomorrow,8
2759,message via Messenger,0
2760,Can you check to see who is calling me now,9
2761,Cancel the reminder for my Sunday hydrafacial appointment,4
2762,Reminder for final game on Saturday,4
2763,text Evan and tell them Perfect Im outside where can I park,0
2764,Remind me to invite Sarah to dinner tomorrow.,4
2765,How many grammies did Elvis win?,2
2766,Who that Mr. Simon Driggers know was born in September?,2
2767,I need a reminder to put my work times that I write in Central Time to change to Pacific Time,4
2768,I want to listen to Tamela Mann's new album,1
2769,Send Brian a call please,9
2770,how hot is it going to get?,5
2771,What ingredients are in chicken cacciatore,7
2772,call Adriel through whatsapp,9
2773,What is the beach forecast for this weekend,5
2774,Is it windy? Should I wear a hat?,5
2775,Please play 80's music.,1
2776,List of employees at Key Bank please,2
2777,What will the weather forecast be for this Friday at 7am for the city of San Antonio,5
2778,is it supposed to rain in new york today,5
2779,Remind me 30 mins before that there will be a work meeting at 6 tonight.,4
2780,Create wake up alarm for tomorrow morning,8
2781,I might want to go to to Pumpkins in the Park,3
2782,pause timer at the halfway point,10
2783,"Remind me to tell Gabbie I changed the date to Tuesday, not Thursday for our trip",4
2784,message Donnie and ask him if I left my sunglasses there,0
2785,Did I schedule a reminder to call Delores tonight?,4
2786,How to make a chicken salad sandwich,7
2787,Create session alarm for 10am tomorrow.,8
2788,Set reminder for Jaguar's appointment at 4:45pm,4
2789,add grandkid to this call,9
2790,Remind the family about getting prepped for family photo.,4
2791,Can you play Rihanna?,1
2792,"Pull up my Saturday afternoon reminders, please.",4
2793,Show Karlene Dwain Caroll Dads upcoming birthdays,2
2794,is it raining in orlando today,5
2795,How many years did it take for Corey to get his degree from Armstrong?,2
2796,Create a reminder about watering the vegetable garden starting today,4
2797,how many minutes are left on my current alarm,8
2798,Send a message to my Mom asking what time she's coming over.,0
2799,Remind Terry to order the tickets for the concert at Ravinia tomorrow.,0
2800,start a call with life partner,9
2801,Ring my father,9
2802,Any news from the New York Times,6
2803,Can you audio call to biology class group,9
2804,Set reminder for tomorrow,4
2805,Will it storm on Saturday?,5
2806,best chicken noodle soup recipe,7
2807,Can you send that video to Jamie?,0
2808,tell me the headlines,6
2809,Which friends are Columbia grads?,2
2810,How many of my friends went to BSU?,2
2811,Any news from Wired,6
2812,details on game of thrones,6
2813,Text Josh to let him know I'm bringing potato salad to his party next weekend.,0
2814,Friends that went to F&M,2
2815,Do I know anyone live in London?,2
2816,Play all Garth Brook's music.,1
2817,Update birthday party prep reminder to September 12th.,4
2818,"I'd like to call with my cousins Justine, Jakob, Alejandro, and Johnathan on Hangouts",9
2819,Can you remind me to fill out new tax forms on August 15th?,4
2820,Add 10 mins to timer.,10
2821,Reoccur alarms for 8am and 9am.,8
2822,Can you check who called me?,9
2823,put my sisters into call,9
2824,play midnight on pandora,1
2825,Donald Trump in France news,6
2826,show me everyone that works at Target,2
2827,Who does Brittany work for,2
2828,please change wake up alarm to sleep in alarm,8
2829,add ten minutes to the timer please,10
2830,How long is left on the timer?,10
2831,Play Stay with me by Sam Smith,1
2832,Set a new timer for 30 minutes.,10
2833,Send my mom a text saying I love you.,0
2834,Change the reminder for my live streaming session to be the third Thursday of the month at 4:49pm.,4
2835,What is the latest news in Florida today?,6
2836,tell me my lap times,10
2837,Ring at midnight,8
2838,do I have an alarm set,8
2839,How many days has trump been on vacation?,6
2840,i would like to message Izzy that Messenger message,0
2841,latest news about tropical storms,6
2842,Can I make pudding in the microwave,7
2843,What year did Alex graduate?,2
2844,Provide me with the news about the recent mudslide in Sierra Leone,6
2845,Set an alarm for 9am tomorrow morning,8
2846,list of my friends,2
2847,Has Macie messaged me?,0
2848,any new news about trump today,6
2849,Ask George when the pizza delivery guy said he would be there.,0
2850,What are this weekend's top stories,6
2851,Find me a recipe for salami,7
2852,Remind me that dad is coming over to look at a/c unit.,4
2853,can you remind me to pick up milk,4
2854,How many minutes are left on timer,10
2855,set a reminder to watch big brother,4
2856,How to make Ropa Vieja,7
2857,call my Whatsapp contact Julius Reed,9
2858,tell me who works at el pollo loco,2
2859,Show all reminders for Saturday.,4
2860,add patrick to the call,9
2861,make a call to anna,9
2862,set up a reminder to meet jody at noon tomorrow,4
2863,Should I bring an umbrella?,5
2864,Message Nanette that I will email the final report to her today.,0
2865,What time is the rain coming on Thursday?,5
2866,set timer for 28 minutes for cake to be done,10
2867,Any new news about the Russia story?,6
2868,make video call only,9
2869,What is the highs in Vegas this weekend?,5
2870,"I don't like this song, skip it.",1
2871,Add 34 seconds to the timer,10
2872,when did mary graduate?,2
2873,Show me my next alarm.,8
2874,make one timer for eight seconds and another for 12 hours and another for 8 minutes,10
2875,What was the name of the city the alt-right protest took place in,6
2876,Phone Helen,9
2877,Is there snow in the forecast for Aspen next week?,5
2878,remind me to visit my attorney on Monday morning,4
2879,Can you stop the call please.,9
2880,going to Dinosaur Jr.,3
2881,please send the women group,0
2882,how many timers did i set so far,10
2883,Change my swimming lessons reminder from Sunday at 8 a.m. to Saturday at 8 a.m.,4
2884,Is Yusuf still working for Toyota?,2
2885,What temperature should i cook this at,7
2886,"what are the details of Charlottesville, VA",6
2887,Set rest period for 30 seconds on my timer,10
2888,"start a call with Karla, Jarod, Nadia and Bradley on Whatsapp",9
2889,get peanut butter recipe,7
2890,I need you to can you send text to Zachary Fletcher on Messenger,0
2891,Does Jen work on Rodeo,2
2892,Symphony performances in Memphis in February,3
2893,Play Trap music,1
2894,please send Julia Peterson via Messenger a message saying talk to you later,0
2895,Kindly remove all reminders for client lunch meetings next week,4
2896,Don't forget to remind me to feed the dog at 4PM.,4
2897,Take away 10 seconds from timer,10
2898,Remind me to change the cat litter at 3:00 PM.,4
2899,Shut down the conversation,9
2900,give me major US news stories,6
2901,Where does Nate live?,2
2902,Find my reminders for call backs,4
2903,remind me to update my computer,4
2904,Where does Kenneth Jr work?,2
2905,how do you make zucchini lasagna,7
2906,Who works at Chuck E Cheese?,2
2907,make a reminder to call a friend tomorrow,4
2908,please stop call with spouse,9
2909,kindly remind me yesterday's forecast,5
2910,Jump to the third song on my playlist.,1
2911,Find me a recipe with chicken and rice,7
2912,WILL IT BE RAINING AT 5PM TOMORROW?,5
2913,i would like to message my siblings,0
2914,I'd like to add my aunt to the call now,9
2915,Temperature dublin C,5
2916,Tell me Crys' address,2
2917,Stop song,1
2918,Will it rain on Saturday afternoon,5
2919,can you please send message to Helen and Dr. Brown,0
2920,send a message to french meet thread that says talk to you later,0
2921,What is happening on Friday,3
2922,"delete alarms, please",8
2923,"Italy forecast, please",5
2924,remind me to exercise,4
2925,Make a new alarm for Friday at 8 PM,8
2926,Subtract 10 minutes to the timer,10
2927,Add reminder to send flowers to grandmother next week for birthday,4
2928,Change reminder to call Steve from 1pm to 3pm.,4
2929,How do I make a roux,7
2930,Do I have friends in Mississippi?,2
2931,Who lives in San Diego?,2
2932,What is the temperature in London?,5
2933,call camille's mobile number,9
2934,give me some elevator music,1
2935,what is the temperature downtown,5
2936,Add song to playlist November,1
2937,Show the movie night reminders.,4
2938,what is the 7 day forecast?,5
2939,Are there any upcoming reminders with dad,4
2940,What are my reminders for all day tomorrow?,4
2941,edit my reminder for steve's party to thursday,4
2942,"Remind the Jammin with Bea group that orders are due by August 20th, at 5 p.m., PST.",4
2943,Tell me what you know about Mike.,2
2944,Does anyone work for Mercy Hospital?,2
2945,In what year Bernice star attending Princenton?,2
2946,How many seconds are left on my timer?,10
2947,What is happening in Chicago this weekend,3
2948,Can I have the sports headlines now?,6
2949,"Create call for me Harrison Foreman, Jake Blevins, and Kate Rogers",9
2950,What's happening in Wadsworth tomorrow evening,3
2951,breitbart news live,6
2952,Play halsey badlands.,1
2953,what's in eggs benedict,7
2954,Find a recipe for cheesecake,7
2955,Tell me the weather forecast for May Bank Holiday weekend,5
2956,we are gonna call Yareli Montes now,9
2957,Show me all my reminders please,4
2958,show friends of me,2
2959,Create an alarm for Friday at 6,8
2960,Cancel my reminder to shave my legs,4
2961,When does Dawn graduate from the culinary school?,2
2962,is it too cold for shorts,5
2963,Play Paul Kelly on google play music,1
2964,What are the recent news stories for my area?,6
2965,Do you have George's email?,2
2966,What is Taylor Swift's most popular song,1
2967,Set an alarm to walk the dog at 4,8
2968,Show all Tiny Feno aunties upcoming birthdays,2
2969,hold the call with ravi,9
2970,News about Russia,6
2971,Make my alarm go off tomorrow night,8
2972,Will it be sunny tomorrow morning when I will be in Bruges?,5
2973,Please set alarm on March 21st at noon,8
2974,What is the top headlines for today,6
2975,What is the weather like tomorrow?,5
2976,Set a reminder an hour before my 10:30 AM eye appointment tomorrow.,4
2977,Cancel all of today's reminders.,4
2978,how much snow did we get yesterday,5
2979,Show me all the reminders pertaining to my cat.,4
2980,I want Dean to be added to this call,9
2981,Please call Silas Everett Castillo,9
2982,I'd like to call Kimberly Paul Hendrix,9
2983,i want to phone call 555-3813,9
2984,I need the forecast for the Easter weekend please.,5
2985,Set timer to go off every 18 minutes,10
2986,Are there any music events this weekend in Poughkeepsie,3
2987,what is in chicken caprese,7
2988,can you please send message to the soccer team chat,0
2989,I want the alarm to stop,8
2990,I need you to send the text on Facebook,0
2991,arrange an alarm for 6pm,8
2992,What temperature do I have to cook a chocolate chip cookies with butter in them,7
2993,call Aria T,9
2994,please show successful calls from mary from last friday,9
2995,message mr chesner and ask him what is call time for saturday,0
2996,what's happening in seattle tonight,3
2997,Adjust my alarm to 6pm,8
2998,How do you make vegan ice cream,7
2999,Set alarm for 6 AM,8
3000,is it going to snow tuesday,5
3001,How many carbs are in one bowl of chicken noodle soup,7
3002,Is Maya still offline?,9
3003,what is going on in seattle news currenty,6
3004,remind me that I have a doctor's appointment Tuesday at 9 am,4
3005,create interview reminder for 8 am tomorrow,4
3006,Add cornmeal to my grocery reminder.,4
3007,Add 10 minutes to my existing timer.,10
3008,Does Chris work in NY?,2
3009,Tell me the latest news from The New York Times,6
3010,Please search for the weather from May 9 to 14 ?,5
3011,any news about taylor swift,6
3012,What's the weather like in Stourbridge West Midlands,5
3013,Read me my reminders for tomorrow afternoon.,4
3014,remind me to go to doctor's appointment next week on thursday,4
3015,Is Pete turning 40 on his birthday this year,2
3016,can you pause my timer please,10
3017,weather for New York,5
3018,Can you get some more events similar to this please?,3
3019,postpone alarm 5 minutes,8
3020,Change the dinner reminder from Thursday at 6 PM to Friday at 6 PM.,4
3021,I need a reminder tomorrow at noon,4
3022,Can you please show me all of my alarms?,8
3023,stop all reminders for January since I will be on a cruise,4
3024,Locate news articles on health news today,6
3025,play the musician Lana Del Rey,1
3026,Delete my reminder about Sunday's breakfast with Maralyse.,4
3027,edit one week before alert to one day before for all reminders for the  month of October,4
3028,create a reminder for me to attend the retirement seminar on the 20th of august,4
3029,Please tell me what my timer is set to now,10
3030,What goes good with chicken,7
3031,Give us the forecast for Canada,5
3032,What temperature do I need to cook the Meatloaf at,7
3033,Delete all reminders for the rest of the week.,4
3034,I'm done talking,9
3035,Tell me more about Will,2
3036,play artists like sam hunt,1
3037,Cancel Timer,10
3038,how many calories in a piece of pecan pie,7
3039,i want to listen to justin bieber,1
3040,Set my alarm for tomorrow at 7 p.m.,8
3041,Who is Helen?,2
3042,"Is it raining in Burlington, VT?",5
3043,Cancel the timer for the time out.,10
3044,where do I know Augie from?,2
3045,THINGS TO DO IN LAS VEGAS THIS WEEKEND,3
3046,Is there soy or wheat in this recipe,7
3047,What do I have for reminders on Tuesday morning?,4
3048,Who do I know that lives near London?,2
3049,Sporting events in Atlanta today,3
3050,What are the reminders for Sunday?,4
3051,read the latest news out of the white house,6
3052,Set alarm for 6:00 pm tonight,8
3053,I need to end this call,9
3054,How long do I cook the turkey for,7
3055,Can you set an reminder to order a vegetable tray from Wegman's on Wednesday at 11:00,4
3056,Has the gym partners group messaged me on Friday,0
3057,Can you remind me to update my folders by tomorrow?,4
3058,Tell me current events,6
3059,Snooze my hairdresser's alarm.,8
3060,What is the temperature going to be tonight,5
3061,i want to talk with my granny,9
3062,End the reminders about the 4th of July picnic on July 5th,4
3063,Is the alarm set,8
3064,How hot is it outside today?,5
3065,How do I set a timer for eighteen minutes?,10
3066,I need a reminder for this afternoon to buy birthday cards,4
3067,who works for macy's?,2
3068,baked potato oven time,7
3069,Find classical covers of pop songs.,1
3070,what peas is used for rice and peas,7
3071,"Please, set alarm at 4.00am today",8
3072,how to make a roux,7
3073,Send a message to Brady asking him to share his current location with me.,0
3074,give me a reminder of what alarms I have,8
3075,make an Oven timer for 24 minutes,10
3076,Set alarm for 9 pm tonight only.,8
3077,Play me some Chopin.,1
3078,create alarm for 1130h,8
3079,please set a time for 2 hours,10
3080,what is the latest news on chris pratt,6
3081,Message Brody and find out if he has an address for Brock.,0
3082,play Words I Might Have Ate,1
3083,Please call William Mclean Ochoa,9
3084,who of my friends is busy now?,9
3085,Does any of my family live in Chicago?,2
3086,video message Catalina,0
3087,Take 5 minutes off of my timer.,10
3088,What is in a California roll,7
3089,call Gennie Goldstein 's papa,9
3090,How cold is it in Seattle today in celsius,5
3091,Call Steven,9
3092,How do you cook salmon,7
3093,Send a message to Janie and ask her what theme she chose for the anniversary celebration next month,0
3094,Is there a tennis game in March,3
3095,Will the temps be freezing tonight,5
3096,resume the current song,1
3097,call Amanda number two,9
3098,which timers are going,10
3099,how do i bake chicken,7
3100,please start a call to Peter,9
3101,Who is Kim's current employer?,2
3102,Please set a timer to go off in 10 minutes.,10
3103,please have an alarm go off,8
3104,call Katie 's cousin,9
3105,will it stop raining by 5 PM?,5
3106,WhatsApp call to George,9
3107,how many recieved call did i get from larry,9
3108,Can you cancel all alarms for me?,8
3109,how many oil spoons do put on salad,7
3110,I need a new alarm for monday at 12pm,8
3111,What's the forecast for tomorrow in San Francisco?,5
3112,How can I make mayonnaise,7
3113,what is the recent news about trumps son eric,6
3114,are there any new headlines on cnn?,6
3115,Start time for fifteen minutes.,10
3116,activate timer for 25 minutes,10
3117,please turn off the alarm now,8
3118,I want to message Jamie,0
3119,going to Fierce Urgency of Now Festival,3
3120,give me news update from DC,6
3121,Contact Rae,9
3122,Pause this song for a bit,1
3123,Please tell me who is calling,9
3124,What recurring alarms do I have?,8
3125,What's the outlook for the first day of the school summer holidays?,5
3126,local police news,6
3127,Set timer for half hour.,10
3128,remind me to mop the floors before dinner,4
3129,When did Bruce graduate from Georgia College?,2
3130,please leave and switch call,9
3131,Will it rain in any part of the metroplex today?,5
3132,Do any of my friends work at Bud and Alleys?,2
3133,Set a reminder about John's birthday next month.,4
3134,What will the weather be on Friday in Louisville,5
3135,What country was Mila Kunis born in?,2
3136,Did I call my dad in the last week?,9
3137,Show me all the alarms I have set,8
3138,Has Kara worked for IBM before?,2
3139,Play me a little Guns N Roses.,1
3140,Delete my reminder to call Liberty University.,4
3141,Stop alarm for 20 minutes,8
3142,What is the temperature for Friday in Portland?,5
3143,ping Ella Benjamin,9
3144,recent news in the MLB,6
3145,mark me as not going to BrickCon,3
3146,How do I set a timer,10
3147,Go back two tracks,1
3148,Who are JB's friends?,2
3149,Who is Ryan's roommate Jonathon?,2
3150,Contact my boss with video call,9
3151,get me texts from friend Raelynn,0
3152,Set an alarm to go off every 2 hours this afternoon.,8
3153,Make default music application google play music,1
3154,Create an alarm called school for 3pm tomorrow,8
3155,What was the last measure that Donald Trump signed?,6
3156,Play 80s pop music On Pandora.,1
3157,Get me out of bed alarm set for 10am,8
3158,Ask Juan about when he starts his new job.,0
3159,not going to Fisherman's Fall Festival,3
3160,news on fox ?,6
3161,Dismiss the reminder to send a card to my pen pal,4
3162,please reschedule my kombucha reminders from am to pm,4
3163,Will it snow today,5
3164,Remind me to start my cleaning at 7.,4
3165,Did my grandparents message me,0
3166,call Lorelei Weyers 's boyfriend,9
3167,go to iheartradio and play KRRL,1
3168,Has Dennis worked for ABC before?,2
3169,pause current timer,10
3170,WhatsApp call to Kallie Davis,9
3171,set alarm for 1 hour from now,8
3172,Delete reminder to record Lifetime movie tonight at pm.,4
3173,Change the reminder for the recycling pick up to the night before,4
3174,please call nick,9
3175,disable my alarms,8
3176,what internal temperature must a fully cooked chicken reach,7
3177,Let's set a reminder on Wednesday at 4 about Faith's Back to School Night.,4
3178,what's on my reminder list for today?,4
3179,Are there any more details on the school board meeting,6
3180,Ingredients for homemade chicken noodle soup,7
3181,How many cups of water is used to cook 2 cups of rice,7
3182,Start a call with James,9
3183,Temperature in Paris currently please,5
3184,Does he live in Seattle?,2
3185,I want to get jog for 30 minutes and I want you to set the timer for it.,10
3186,find Chris Pratt uk,1
3187,Shuffle,1
3188,reset timer for jogging,10
3189,How long do you cook a hard boiled egg,7
3190,what is the latest anime news,6
3191,What's this week's forecast?,5
3192,play music on the speaker,1
3193,Remind Edd that I love him,4
3194,Make an alarm at 6 on Monday mornings,8
3195,Tell Uncle Gary that I will not arrive until this evening.,0
3196,Delete the reminder about Logan's party for this weekend,4
3197,How many calories are in a slice of cherry pie,7
3198,Delete all reminders involving Rebecca's after-school activities.,4
3199,Show me messages from last 30 days.,0
3200,who finished school at PU,2
3201,Tell me what the weather is like in Alice Springs,5
3202,please make this timer longer by three hours,10
3203,Send Nick a call please,9
3204,Remind me to mail dad's card,4
3205,how long does it take to bake an apple pie,7
3206,Tell me who works at Wellington Regional Hospital,2
3207,call Carlos Booker instead,9
3208,Invite stepmother to add to call,9
3209,Delete last alarm,8
3210,Message Sally with the deadline date of October 11th for the medical questionnaire to be completed.,0
3211,add kelly to call please,9
3212,What will the weather be like tomorrow morning?,5
3213,Do I have any work reminders for Thursday in the morning?,4
3214,What is the temperature going to be tomorrow?,5
3215,Remove Sally from the call,9
3216,When does Bands on the Bayfront start?,3
3217,how long should i cook the steak to get it medium,7
3218,Tell me who I know that is online now,9
3219,How hot is it for Boston this weekend in degrees C,5
3220,hit me up with  some red sox news,6
3221,Is it going to rain around noon on Saturday?,5
3222,Set a reminder to call my son at 1 pm on Friday.,4
3223,Who is Sally?,2
3224,record video message on work for Quinn Hamiss,0
3225,How much protein is in one banana,7
3226,Are any of my friends going to GeekCraft Expo?,3
3227,how many calories are in a beef burrito,7
3228,remind me to  bring the cake to Ronnie house at 5PM,4
3229,does Pat Thiessen have a son?,2
3230,Low simmer for how many minutes,7
3231,Has Mary worked at Starbucks before?,2
3232,Remind me to take the dog to the groomers on Friday.,4
3233,Where can I find parsley near me,7
3234,place call to Alex,9
3235,What ingredients are in a cobb salad,7
3236,Show me vegetarian chili recipes,7
3237,dial Gregory right away,9
3238,Bell my dad,9
3239,What is a low carb food,7
3240,best way to cook a pot roast,7
3241,Can I get into the pool today?,5
3242,view reminders for week,4
3243,What is today's top story,6
3244,does she teach at the university,2
3245,call Sharon and Christine,9
3246,Play Tory Lanez,1
3247,Pause the alarm for 15 minutes,8
3248,Should I take a rain jacket?,5
3249,Suspend the workout timer for now,10
3250,i would like to message Anna that Facebook text,0
3251,respond no to C-ID Night Market,3
3252,call Day and Holt,9
3253,what is the major news on China,6
3254,How much time do I have left on my running session?,10
3255,Play God's Plan,1
3256,I need you to show me some other events,3
3257,who signs this song?,1
3258,I have to set my alarm for every Friday this month,8
3259,Show me friends of Rob,2
3260,remind me to have my oil changed monday next week,4
3261,When did Bentley start at IBM?,2
3262,What is Li's work address?,2
3263,Invite Tom to join call in progress,9
3264,call Nicole instead,9
3265,Please set a timer for 10,10
3266,Remove the alert on my reminder for picking up tickets this weekend.,4
3267,Can you remind me to pick up the dog at the groomer tomorrow?,4
3268,Help me cancel party reminder.,4
3269,should I cover my plants,5
3270,Who is on Fox News,6
3271,Can you please record video message for Brunilda Funderburg,0
3272,play the Ne-Yo,1
3273,Set alarm every minute for 6 minutes.,8
3274,What do I need for homemade pizza dough,7
3275,Read me my new messages please,0
3276,Will it be windy this afternoon,5
3277,this song on spotify is one that i hate,1
3278,I need the forecast for next week ?,5
3279,please lengthen that timer by 40 seconds,10
3280,Enable alarm for every hour.,8
3281,call with Sustainability,9
3282,What are the top headlines in finance today,6
3283,Play blues music.,1
3284,Please add 20 minutes to the current timer,10
3285,Please set my alarm for 7am tomorrow.,8
3286,What is the cause of Venezuela's current unrest,6
3287,what is Trump's take on supremacists in America?,6
3288,How is the weather by 10:00am?,5
3289,Delete the workout timer.,10
3290,What are we expecting weather wise for this evening?,5
3291,How warm will it be this weekend,5
3292,set my status as going to The Handmade & Reclaimed Market,3
3293,Add a timer for 25 minutes,10
3294,Bring in John to this call,9
3295,what are video messages from my son,0
3296,play the song 22,1
3297,Call Summer Amaya Atkinson now,9
3298,Should I let my pizza dough rise,7
3299,Repeat my alarm every Monday at 10:30 am,8
3300,Set an alarm for 5am,8
3301,Give me details on most talked about topics,6
3302,Is it going to rain thursday,5
3303,Remind me to reply to Eleanor about her project idea at 10 am tomorrow morning.,4
3304,proceed with the timer,10
3305,how hot in noosa tomorrow,5
3306,set alarms for Thursdays at 5am and 5pm for 6 weeks,8
3307,Remove the alert on my reminder about the meeting.,4
3308,set a reminder to call my cousin to wish her happy birthday,4
3309,How do I change the recipe to cook two pies at once?,7
3310,will it rain this weekend,5
3311,whatsapp video call cousin,9
3312,lengthen my timer by 14 minutes,10
3313,What is the weather like in midwest Western Australia?,5
3314,What are the ingredients in Chicken Masala,7
3315,When did bob quit working at petsmart,2
3316,remind me to call my doctor tomorrow morning?,4
3317,What's the best flan recipe,7
3318,start my timer over,10
3319,how old is jo anne,2
3320,ignore this incoming call from an unknown number,9
3321,Which of Tim's friends work at the racetrack,2
3322,anything exciting to do in sarasota tonight,3
3323,video message Emma Chen,0
3324,Does Jim currently work at Ferguson Construction?,2
3325,Add 5 minutes to the countdown,10
3326,does anyone have a birthday celebration this week,3
3327,How cold will it be today?,5
3328,set the alarm for every 15 minutes,8
3329,Do I have any family members online right now?,9
3330,Date of release for this song,1
3331,how do I cook fish in the oven,7
3332,Please play Bank Account,1
3333,Message is everyone going to the club?,0
3334,call Gianna 's mother,9
3335,How do you boil an egg,7
3336,Ten minutes have alarm go off,8
3337,What ingredients are in chicken alfredo,7
3338,whats the recent news on the PGA tour?,6
3339,can you send Bethany the Messenger text,0
3340,Set a sleeping time alarm,8
3341,Cancel my reminder to call the accountant.,4
3342,remind me to walk neighbor's dog thursday at 6pm,4
3343,What was Jack Daniels' profession listed as?,2
3344,Please play classic rock,1
3345,What are the updated news headlines?,6
3346,play BTS music,1
3347,Delete reminder to buy crayons,4
3348,dial Tonya,9
3349,What concerts are happening in Phoenix this weekend,3
3350,When does the sun set tomorrow?,5
3351,Suggest interesting concert in Stamford tonight,3
3352,Remind me to call Mom at 7pm,4
3353,has michelle always worked for amazon?,2
3354,"Set an alarm that rings on Mondays at 7am, please.",8
3355,Reveal upcoming alarm notifications,8
3356,I need fun things to while Im in CHicago for work next week,3
3357,Has the timer gone off yet?,10
3358,play some oldies,1
3359,Change my street sweeping reminder for 10am.,4
3360,i want to phone call 440-555-4980 on WhatsApp,9
3361,show how many time nancy called me on sunday,9
3362,put on the Kendrick Lamar playlist with Spotify,1
3363,Cancel last timer,10
3364,set a reminder for Jordan to turn off the sprinkler in the front yard at 5pm tonight.,4
3365,Set my timer for my tabata workout.,10
3366,call Fiona on video using Whatsapp,9
3367,can you write hello over and over again to mike until he answers,0
3368,grab my texts from Aleah,0
3369,are there any big stories going on right now,6
3370,Who graduated from Virginia?,2
3371,I want to replay this song again.,1
3372,can you send Judith the video message via Messenger,0
3373,start timer (enter measurement ex. in 5 minutes),10
3374,What are today's top sports stories,6
3375,Please add my grandma to the call,9
3376,set timer for 4 hours and 20 minutes,10
3377,I might want to go to to Dinosaur Jr.,3
3378,play all romantic songs from Spotify please,1
3379,How warm is it outside in Celsius,5
3380,start the 5 minute timer now,10
3381,Can you connect me with my family group,9
3382,Stop finish this call.,9
3383,Remind me to purchase a card for Chris' birthday party Saturday.,4
3384,Forecast for tomorrow in Brisbane.,5
3385,things to do in wilkes barre this weekend,3
3386,call stepsister at school,9
3387,What are the details on the Virginia car crash?,6
3388,What's the most important ingredient for Italian dishes,7
3389,how long should the chicken be in the oven for,7
3390,what's the high for today?,5
3391,Will there be rain when we are in Glasgow at 3pm today?,5
3392,what album is this on?,1
3393,What can I do if I oversalted my soup,7
3394,call Carson and King,9
3395,Remind me to win in fortnite,4
3396,Create an alarm for tomorrow at 5 AM,8
3397,show me articles about Muslims,6
3398,Who works at Happy Nails?,2
3399,Remove Harry from current call,9
3400,create playlist for genre,1
3401,call Morgan's cell on whatsapp,9
3402,Could I record a video message,0
3403,Set my alarm one hour from now please.,8
3404,Remind me to send my teacher my homework before 5 pm.,4
3405,show me all church services this coming week,4
3406,when is my next reminder for a football game,4
3407,Is 1% milk ok to use instead of whole milk,7
3408,Find recipes for salad dressings,7
3409,What alerts do I have set up for the rest of the week?,4
3410,leave a video recording for Caliopi,0
3411,Is my timer almost finished?,10
3412,Remove the reminder to study.,4
3413,what temp should my oil be for frying chicken,7
3414,Set me an alarm for midnight on Saturday the 6th.,8
3415,what does he do on weekends?,2
3416,Is Kim online?,9
3417,At what temperature is quail cooked at,7
3418,Coutndown about 30 seconds,10
3419,send a vide message to the smoothie chat,0
3420,Whats the weather going to be like today near me?,5
3421,Snooze my alarm for ten minutes.,8
3422,set alarm for 4:30 pm,8
3423,When is my alarm set for next?,8
3424,please dial stepparent,9
3425,Find me a recipe for waffles,7
3426,Cancel every single alarm in the system.,8
3427,How is the weather forecast for 3pm?,5
3428,message courtney and ask her if she can make cupcakes for my daughters party,0
3429,How many of my friends went to harvard?,2
3430,set alarm for 5 am for Monday through Friday,8
3431,What's the weather on Monday in Honolulu?,5
3432,I would like to be awoken at noon please,8
3433,i want to see texts from aunt Ariel,0
3434,Play the morning news,6
3435,Remind me to complete my Appen survey today,4
3436,News for my area,6
3437,reply to the guild members thread with message,0
3438,"message Bill, Kirk and Terry something that says happy birthday",0
3439,What's the temperature,5
3440,Show me people I may know that work at TJ Maxx,2
3441,who works for te data company?,2
3442,how long does it take for a cake to rise,7
3443,Did I send any late night texts last night?,0
3444,Has sorority group sent me anything,0
3445,Are Brad and Angelina still getting a divorce?,6
3446,Don't let me forget to submit my final hours before 8am.,4
3447,play midnight by Dr. Dre,1
3448,status of current timer,10
3449,Play a country song,1
3450,play channel 13 live,6
3451,show me video messages from my grandma,0
3452,cancel all my reminders.,4
3453,find all my reminders with the location listed as toms house and change to ricks house,4
3454,How long to leave pasta dry,7
3455,What temperature should I bake quiche at,7
3456,"Change genre to ""Hip Hop"".",1
3457,show all of my reminders for today,4
3458,Will Oregon be cold in September?,5
3459,Delete the 8pm reminder,4
3460,Do I know any grads that went to NYU,2
3461,Remind me on Monday to pay the bills,4
3462,"Establish a alarm for June 2nd, please.",8
3463,Delete today's reminders.,4
3464,Did any of my friends go to Daytona State College?,2
3465,Will it snow before 8am?,5
3466,Please remove all reminders for 1pm Friday lunches this month.,4
3467,call Reese 's granddaughter,9
3468,Can you call Amy,9
3469,make me a timer named time to leave,10
3470,What's the dew point right now,5
3471,please start a call with dad,9
3472,How long do you cook risotto,7
3473,"Tell me what the weather is like in Perth, Scotland.",5
3474,play on point live,6
3475,Comedy shows in New York next weekend,3
3476,How much flour is in the recipe for cookies,7
3477,Ingredients in mashed potatoes,7
3478,Temperature at Houston tomorrow Celsius,5
3479,do i need a raincoat today,5
3480,what's the heat index?,5
3481,Things going on this weekend,3
3482,When was the last time I received a call from John?,9
3483,What's the latest news?,6
3484,Skip song.,1
3485,delete leave office reminder,4
3486,Make recurring alarms for Friday at 10am and 10:30am,8
3487,Put in a reminder for me to call Tinky's teacher tomorrow afternoon.,4
3488,Do I need to wear a coat today?,5
3489,Please set my availability to offline,9
3490,i will be busy in an hour,9
3491,what kind of pasta do you use in alfredo,7
3492,Can you tell me how much rain is expected tonight?,5
3493,please call Trent Yu right away,9
3494,set a reminder for 6pm for me to check the garden to see if it needs to be watered,4
3495,Can I update my reminder for next month’s trip to Canada?,4
3496,How many timers are running?,10
3497,what was the news last night,6
3498,play Thotiana on iHeartRadio,1
3499,What is the latest news on North Korea?,6
3500,i want to be timely to the event at 19:00 please remind me 60 minutes prior,4
3501,Anything cool happening in Tampa tonight,3
3502,Can you make a new timer that will run for 97 seconds?,10
3503,Play Lana Del Rey's new album,1
3504,can you change this call to video call,9
3505,list missed calls today,9
3506,What can I do tonight in Newport Beach,3
3507,Find friends who work for Hilton.,2
3508,Can I listen to the last song one more time?,1
3509,The group meeting is at 3 pm. Can you remind me several times?,4
3510,Who is Nick's friend Lily?,2
3511,what are top news in technology today?,6
3512,Does my husband have any dental reminders for next month?,4
3513,How many minutes remaining,10
3514,Record a video message for wife.,0
3515,please use apple for music,1
3516,should I bring an umbrella today,5
3517,Remind me the book review is due on August 15th.,4
3518,How many servings can you get from a 9x12 baking dish,7
3519,have there been any tornados this week?,5
3520,What album is this,1
3521,Remind me to pick up a thank you gift for Aunt Michelle and Kayla for Nunui today.,4
3522,Set a reminder to buy potluck food on Wednesday.,4
3523,Get me a news update,6
3524,can you phone Jorge Lin on WhatsApp,9
3525,start playing Views,1
3526,open iHeartRadio and play The Very Best Of The Eagles (Remastered),1
3527,Get Lauren on the phone,9
3528,always play music through amazon music,1
3529,send it to Dexter Gurney,0
3530,Message the dental office and tell them I will be late since there is a big accident ahead of me,0
3531,add 5 more minutes to my timer,10
3532,Please skip track two,1
3533,switch to other call please,9
3534,Add kid to call,9
3535,Remind me to watch the presentation about comics on Saturday.,4
3536,Has Mark worked at ACS before?,2
3537,Remind me to pick up coupons Friday.,4
3538,Remind me about the baby shower for Grace October 1 at 3 in the atafternoon,4
3539,Add Mrs. Jackson to the call immediately,9
3540,Skip to track 8.,1
3541,What is the political news for today?,6
3542,Tell me who works at Starbucks.,2
3543,Set an alarm every 5 minutes for 12 minutes.,8
3544,video message Bryson,0
3545,add stepchildren,9
3546,the hottest news of lakers,6
3547,can i listen to the new genesis album,1
3548,i want you to start recording a video message for Mohamed,0
3549,Are there any reminders upcoming about meeting George?,4
3550,I want to be reminded to brush my teeth,4
3551,How will the weather be in Sydney on the morning of the 10th June?,5
3552,What milk is best for making cookies,7
3553,Get rid of my reminder for Mark's birthday party on Saturday night.,4
3554,reset the alarms,8
3555,cancel my workout reminder,4
3556,show popular plant based recipes,7
3557,Has Marcelene Davaz sent me anything?,0
3558,call Jeffrey WhatsApp,9
3559,Remind me to finish finance homework at 6pm,4
3560,remind me at 6 tonight to pay my water bill,4
3561,call my Whatsapp contact Alana Navarro,9
3562,remind me to take dog for walk tomorrow,4
3563,When did Lily attend MDC?,2
3564,Set an alarm for 6am every day,8
3565,List my alarms,8
3566,Where does my brother work,2
3567,Show all Sharilyn U Neeley boyfriends upcoming birthdays,2
3568,Message Joseph and ask what does he need that can be mailed easily.,0
3569,Remind me to submit my homework assignment before midnight.,4
3570,Any recent news in Louisiana,6
3571,remind me to play soccer,4
3572,create alarm for 2235h,8
3573,Remind me to call the wedding planner to change the color scheme.,4
3574,turn on my weekday alarm,8
3575,add 2 minutes to the timer,10
3576,Please read the details about  OJ's parole,6
3577,what is today's big news,6
3578,please add Bill to call,9
3579,delete the reminder for tomorrow's dr appointment,4
3580,set up a reminder to call the drs. office tomorrow,4
3581,what song is this?,1
3582,Whats new in Music news?,6
3583,Set up a reminder on my calendar regarding my vacation time at work,4
3584,Message Mark and remind him he is picking us up no later than 6 to be to the concert early,0
3585,Need to see Juni's friends..,2
3586,have my alarm go off in an hour,8
3587,Get all of my reminders from Saturday's this year,4
3588,Remind me to refill medicine.,4
3589,Remind me to pay tution,4
3590,skip this timer and start a new one,10
3591,Do I have any reminders for Friday the 13th?,4
3592,sound alarm at 835h,8
3593,get events I'm interested in,3
3594,what are my sunday reminders with jo,4
3595,fun things to do in richmond next weekend,3
3596,Where are my friends on line,9
3597,What's Seattle's weather for Tuesday,5
3598,what will be the temperature in lubbock in 2 hours,5
3599,What are the headlines on Bloomberg,6
3600,video message Melody,0
3601,tell me when dusk is on sunday,5
3602,add my sons to the call,9
3603,Set timer to bake for 30 minutes.,10
3604,What is the chance of rain?,5
3605,i want to pause the timer,10
3606,please show me all the alarms,8
3607,who do i know in buffalo,2
3608,Who works at Google?,2
3609,What time is dusk on February 6th,5
3610,Set an alarm for me and call it cut potatoes,8
3611,Tell me who's online right now.,9
3612,Is it above 35 in fahrenheit madrid next week,5
3613,Set a reminder to complete the appen survey project by 8/1/2018,4
3614,tidal for my music provider please,1
3615,are the Rolling Stones touring?,1
3616,"5 day forecast for Orlando, Florida",5
3617,When is my reminder for picking up donuts for work?,4
3618,remind me to call stacy later,4
3619,Turn on timer.,10
3620,tell me about Luke,2
3621,How long do you boil eggs,7
3622,how long do i fry chicken for,7
3623,Create an exercise alarm tomorrow at noon,8
3624,Does it snow  in Las Vegas?,5
3625,Record a video message for auntie.,0
3626,i am not available now,9
3627,Can you please search for the weather condition in India ?,5
3628,Cancel all my reminders for next week,4
3629,Play Taylor Swift current hit,1
3630,Who was playing guitar in the last song?,1
3631,Is it warm in Florida in September?,5
3632,Set a extra reminder 10 mins before school gets out,4
3633,Are there any cool events today,3
3634,Homework reminders.,4
3635,are there any politicians in the news today,6
3636,What is the forecast at 8pm,5
3637,Cancel my reminders,4
3638,call Emmanuel my sibling,9
3639,Snooze this alarm.,8
3640,Set an alarm daily for 4:00 pm.,8
3641,i want to touch base with Jeffery,9
3642,Set timer for 10 minutes.,10
3643,please send a message to the physics group,0
3644,Set the reminder for Plush Horse 6pm Sunday,4
3645,Has Gloria messaged me today?,0
3646,Shuffle all my music library and play,1
3647,Recent news about affirmative action,6
3648,Set a reminder,4
3649,What is weather in El Dorado Hills,5
3650,how many graduated from SMSU,2
3651,Tell me who is the best friend of Anna,2
3652,Can you remind me to go out to dinner Saturday night?,4
3653,play The Essential Mariah Carey on iHeartRadio,1
3654,Get rid of the reminder for my dog's appointment.,4
3655,How many calories are in a chocolate chip cookie?,7
3656,tell me the weather in rome,5
3657,What ingredients do I need to make miso ramen,7
3658,Will you please call Holly,9
3659,Show me a recipe for bulgogi,7
3660,Remind me to set the table at 6 pm.,4
3661,Send video message to Bianca,0
3662,set alarm to go off in 20 minutes,8
3663,Show friends of Liam's to me,2
3664,what are the ingredients in chicken noodle soup,7
3665,List all the things needed to make Pot roast,7
3666,"Set three alarms today, one for 3pm, one for 5pm and one for 7pm.",8
3667,play that song 2 more times,1
3668,Set a timer for 3 PM,10
3669,message Monica that the 5K Charity Run for Cancer is at 6am,0
3670,Remind me tomorrow of my dinner with my brother,4
3671,Change vacation reminder to saturday instead of sunday,4
3672,Any fun things to do in Orlando tonight,3
3673,add my mother to the call,9
3674,Set a reminder that an interviewer is coming in at 5:30 today,4
3675,Call mom please,9
3676,set alarm at 8:15 pm,8
3677,Set the alarm for 3 am tomorrow,8
3678,what's going on in the news?,6
3679,is it sunny,5
3680,Is it going to snow on Christmas day in London?,5
3681,Please play me some country music,1
3682,can you create an alarm in 2 hours,8
3683,give Summer Montoya's grandma a call,9
3684,Create a reminder a party at 6 o clock Pacific time,4
3685,Will it be sunny all weekend?,5
3686,"Remind Lisa to come over in an hour to play some board games with me, Alex, and Karly.",4
3687,Do any of my friends have a primary residence in New York City?,2
3688,please add four minute timer,10
3689,Wake me up at 8 am on May 4th.,8
3690,can you call 504-555-4870,9
3691,set a reminder for saturday,4
3692,what is timer at now,10
3693,call Trinity Wallace call Hudson Garza with Whatsapp,9
3694,message Macelyn and as her if the school concert is in Blue Springs,0
3695,Message my friends and ask them if they are close to my location?,0
3696,"Would I need a raincoat in Chicago, IL on Saturday?",5
3697,Did I set a location for my reminder about dinner on Saturday?,4
3698,top story please,6
3699,is there any big news,6
3700,make a Drink water timer,10
3701,play the track Project Dreams,1
3702,start up a timer for veal,10
3703,"Please Bot, delete the reminder to call Emma on Monday, as she is coming over tomorrow.",4
3704,concert on 6th st tomorrow,3
3705,What ingredients do I need to make shrimp scampi,7
3706,Show me recent CBS news update,6
3707,What concerts are happening in Las Vegas on Thursday,3
3708,What is the most recent news headlines from Mexico?,6
3709,any events tonight,3
3710,Has Gael messaged me today?,0
3711,I want to set the call to video call,9
3712,How do I make mole sauce,7
3713,start calling the mother of Myles,9
3714,Tell Sarah we won't be there,0
3715,How hot will it be this weekend,5
3716,Set alarm for 5pm today.,8
3717,start 1 minute timer,10
3718,Invite Mom to this call,9
3719,call up the wife of James Petersen,9
3720,I want to see popular events,3
3721,Is there a tornado watch in effect?,5
3722,Remind me to defrost meat on sunday,4
3723,Where does Carla live?,2
3724,Can you set an alarm for tomorrow?,8
3725,Message Ted and tell him Riley got all A's on his report card.,0
3726,who invented electricity?,2
3727,Let Don know that I will arrive later than planned.,0
3728,replay all of today's songs,1
3729,remind me to email andra about uniforms,4
3730,Change my alarm to 11 p.m.,8
3731,tell me about lisa's friend sonia?,2
3732,Show me a reminder 20 mins before my dentist appointment,4
3733,Erase today's alarms,8
3734,Add Terri to the call with Dave.,9
3735,Please list me as available,9
3736,Tomorrow at 9pm and 10pm sound the alarm,8
3737,"Give me more details about Taylor Swift's court trial, please.",6
3738,How is the weather at 6pm?,5
3739,Where is Amy working now?,2
3740,Delete all reminders created on February,4
3741,how many carbs are in chocolate cake,7
3742,Friends of Catherine,2
3743,set an alarm for evening,8
3744,How many eggs are required to bake a cake,7
3745,call Carole Gregory,9
3746,set alarm for bath time,8
3747,Can you remind me to wish my Brother happy birthday when I wake up at 8 AM?,4
3748,change my status to maybe for Gardening for Biodiversity in a Climate Crisis,3
3749,Change channel,1
3750,Can you remind me to submit my work at 5pm?,4
3751,how many minutes are these cookies in the oven,7
3752,Find me a recipe for cobbler,7
3753,turn off all the alarms,8
3754,Will there be scattered showers today?,5
3755,Who is working for the local Starbucks?,2
3756,"Please set an alarm for 8am every day for the next two weeks, then not again for a month.",8
3757,Set the alarm for 6 am tomorrow.,8
3758,I need you to send that message via Messenger,0
3759,Change the channel,1
3760,Let's see if Grant is online right now.,9
3761,how many cups of sugar are in a cake,7
3762,Temperature for Seattle tonight F,5
3763,Can i have the forecast for this week?,5
3764,I want to see availability of contacts,9
3765,Provide weather for New Mexico.,5
3766,Events in allentown today,3
3767,message a video message,0
3768,set an alarm for 2330,8
3769,Please stop my alarm making any noise,8
3770,SET ALARM FOR 6 AM FOR WEEKDAYS,8
3771,Please read me today's local headlines,6
3772,when was my ex husband hired at his current job?,2
3773,message Samantha and let her know the class will start in one week,0
3774,call Arnold,9
3775,Remind me to walk my dog at 8:00am tomorrow,4
3776,let me see the timer,10
3777,call bookkeeper,9
3778,I don't want to listen to this playlist anymore,1
3779,Does Louise lives in Charleston,2
3780,how do you make cranberry sauce,7
3781,Who is reachable now,9
3782,set a reminder to take the trash out on sunday,4
3783,Reduce my timer by 10 minutes,10
3784,Can we video call Sophie please,9
3785,I'd like to set amazon as my default music provider,1
3786,Find me a vegan recipe,7
3787,Mark myself unavailable.,9
3788,Show Oma Y. Ayoub Moms upcoming birthdays,2
3789,phone Sadie Bean's partner,9
3790,Send my daughter a message,0
3791,Does Joe  live in Puxico?,2
3792,not going to BrickCon,3
3793,set a reminder for 5 pm to pick up dinner,4
3794,call My life partner Meagan Strickland and my grandfather Alan Velasquez,9
3795,Will it be sunny this week,5
3796,i want to listen to Calvin Harris,1
3797,Tell me the time of my last missed call,9
3798,Temperature Celsius,5
3799,Who is Breanna Carlson's brother?,2
3800,Pause my current timer,10
3801,What will the weather be like at 5:00 in the morning?,5
3802,What ingredients are in pancakes,7
3803,What ingredients are in the Chicken noodle soup,7
3804,Remind me to mail my tax return by next week Monday.,4
3805,Message my grandmother and tell her I will pick her up for the fundraiser today at 2pm,0
3806,remind me to complete my project by tomorrow night,4
3807,Do I know anyone from Ireland?,2
3808,create alarm for Monday at 5am,8
3809,add 12 minutes to lap timer,10
3810,set an alarm for monday at 10 am,8
3811,10 minutes on the timer please,10
3812,how do i make a veggie burger,7
3813,How old is he?,2
3814,Make an alarm on every Monday at 6 a.m.,8
3815,What's the name of this song playing?,1
3816,start a video call with my sister,9
3817,what reminders do i have set for this weekend,4
3818,what are my reminders for next week,4
3819,Switch calls real quick.,9
3820,Play me some rap music from Spotify,1
3821,how bad is the storm going to be,5
3822,show me all articles regarding climate change,6
3823,How long does it take to cook spaghetti,7
3824,Say the weather for July in Bulgaria.,5
3825,how many inches of rain did it rain today,5
3826,What are Italian recipes,7
3827,theater events in mesa this week,3
3828,respond yes to Taste of Seattle,3
3829,remind myself to buy tickets for the yankee game on friday,4
3830,show message,0
3831,Add reminder to cycle the laundry in 10 minutes.,4
3832,Are there any good concerts this New Year's Eve,3
3833,stop my timer,10
3834,Reset timer to 10 minutes,10
3835,play the boston globe live news,6
3836,disconnect current call and switch calls,9
3837,What are the details of yesterday's car chase that was in the news,6
3838,timer for 6 minutes,10
3839,did any of my family members go to Alabama?,2
3840,Could you set a reminder for my sons soccer practice Thursday at 4?,4
3841,set reminder to rinse out hair color,4
3842,Remind me to meet Chris for lunch on Tuesday at 11:30am,4
3843,play frozen soundtrack on spotify,1
3844,read me news headlines about syria,6
3845,can you send my family message,0
3846,make a timer to last 1 minute,10
3847,Will it rain this afternoon?,5
3848,Please show reminders to attend Katy's concert for her upcoming tours in Dallas.,4
3849,set a reminder to meet with joan before the 10am meeting today,4
3850,call the fourth Amanda,9
3851,how many more minutes before the timer runs out?,10
3852,what are the things to do in LA next weekend,3
3853,Reach mom.,9
3854,could you message a video message,0
3855,How long has been Ben employed by Walmart?,2
3856,send Anne Taylor that video message on WhatsApp,0
3857,Message Stefanie and see if she is on her way to the movie yet.,0
3858,whats todays farm report,6
3859,Can you remind me to send the family pictures to Aunt Michele on Wednesday?,4
3860,How much rain is predicted for tomorrow?,5
3861,Change the library book club reminder to 7pm rather than 5.,4
3862,I need a reminder to get my oil changed.,4
3863,friends of my wife,2
3864,Baseball news,6
3865,Remind me to wash my car on thursday.,4
3866,remind me to respond to Jeffrey's email at 5pm,4
3867,can I please add to this call?,9
3868,Make a call to my mum,9
3869,call elaine mendez's significant other,9
3870,find me an easy cookie recipe,7
3871,Does this recipe have dairy,7
3872,Recommend me some events in Grand Rapids happening in February,3
3873,message Kayla to meet me at Citifield at 7,0
3874,call Annabelle on WhatsApp,9
3875,Play the latest song by Lil Wayne,1
3876,Where does Amanda work?,2
3877,Stop the music for ten minutes,1
3878,can I get a news update,6
3879,lengthen my timer by 11 minutes,10
3880,Add girlfriend to phonecall,9
3881,Remind remind me to tell Robbie to have her oil changed on Thursday,4
3882,how long should you cook pork,7
3883,what's the latest news in my area,6
3884,Delete the karate reminder for Friday.,4
3885,how much time left on my timer please,10
3886,what was the most popular song last summer,1
3887,i want to call lisa please,9
3888,"Headlines, please",6
3889,call Sophia 's partner,9
3890,Should I wear short sleeves?,5
3891,Do I have any missed calls from this Wednesday to Friday?,9
3892,How about sleet today?,5
3893,Temperature near Menlo Park this weekend Fahrenheit,5
3894,Remind me on Tuesday morning and againTuesday afternoon to check my T Mobile Tuesday app,4
3895,What is the humidity like today?,5
3896,What are the ingredients for chicken marsala,7
3897,answer incoming video call,9
3898,What's the humidity now in Yonkers?,5
3899,Play Michael Abels's Django Unchained,1
3900,Give me the news in my city,6
3901,Show me friends of Sally that I am also friends with,2
3902,Do i have any reminders set up for next Saturday night,4
3903,how does the weather look in new york next week,5
3904,Phone Sue.,9
3905,Pause the timer while I tie my shoe.,10
3906,Show Takisha Guyon MD parents birthdays to me,2
3907,Make an alarm for 3pm called pick up,8
3908,"Play ""Eat It"" by Weird Al.",1
3909,Stop me at 2:30pm,8
3910,grab my video messages from wife Margot,0
3911,I want to record a video message for Freya with that recipe instruction,0
3912,open a call with jack,9
3913,Please snooze alarm for 30 minutes,8
3914,Please give me a list of healthy kid-friendly meals,7
3915,Has there been any breaking news about the Russia scandal today?,6
3916,"Initiate a call with Henry, Brody, and Emmanuel on Line",9
3917,I need to know all alarms set on this device,8
3918,Cancel my reminder to pick up Halloween decorations.,4
3919,play me an eminem song,1
3920,send a message to greg and ask how to get to his home in florida,0
3921,Show Yulanda grandads upcoming birthdays,2
3922,Is there any news on the construction work,6
3923,can you please send text to the drama nerds group,0
3924,What are some quick vegan recipes,7
3925,call Presley 's uncle,9
3926,I want you to change it from audio call to video call,9
3927,what is the best way to cook a cheesecake,7
3928,Temperature inside tomorrow F,5
3929,erase all set timers please,10
3930,Play Justin Timberlake's newest single.,1
3931,Remove the reminder to call for reservations tomorrow.,4
3932,Reset all of my timers back to one minute,10
3933,Show that I am free,9
3934,Where did Aida just start?,2
3935,Music events in Minneapolis,3
3936,Tell me about events happening in Long Island on Wednesday,3
3937,set a one hour time for the gym today,10
3938,Delete Alarm,8
3939,Are there any football matches happening soon,3
3940,right now I am available,9
3941,What news happened in my town,6
3942,Bring Joseph into this call for me.,9
3943,Tell me who works at Walgreens?,2
3944,Give me an alarm to get dressed,8
3945,alarm 5 minutes before time ends,8
3946,Can you ring Cade,9
3947,"tell Kristin I am not feeling well, need to postpone our lunch",0
3948,play songs by thelonious monk,1
3949,What is friend of Ali?,2
3950,I want you to hang up this call from Rita.,9
3951,I want to hear Hip Hop music,1
3952,Tell me what the weather is going to be like on the 7th May,5
3953,Is anyone available,9
3954,Are tomatoes fruits,7
3955,Let me know the temperature in London.,5
3956,set an alarm for 4 a.m. tomorrow,8
3957,Who works for NBC?,2
3958,Set timer for 3 minutes,10
3959,how many reminders to I have for this weekend,4
3960,What's the temperature outside,5
3961,Tell me when the second event begins,3
3962,Record a video message for sibling.,0
3963,How much oil do I use to sautee,7
3964,Are there any rugby games going on on Saturday,3
3965,how to get the shell off hard boiled eggs,7
3966,What is the highs for Orlando today,5
3967,Share that first event with Malia,3
3968,open my kesha station on pandora,1
3969,Set my alarm for 9 pm.,8
3970,Could you make me a bedtime alarm for 10pm tonight please,8
3971,How hot is it next week at Sao Paulo in degree Fahrenheit,5
3972,Change the reminder for my car inspection to Monday of next week at 930 am.,4
3973,Find a soup recipe with Weight Watcher points of 5 points or below per serving,7
3974,call the grandpa of Ana Simmons,9
3975,What is a good dessert recipe,7
3976,what ingredients are in spaghetti sauce,7
3977,Will the weather be warmer than 15 degrees Celsius?,5
3978,I want to set an alarm for tomorrow morning.,8
3979,call Peyton 's brother,9
3980,Add Mary to this call.,9
3981,What were last weeks headlines?,6
3982,Send message to mom to buy eggs,0
3983,Who do I know that is online now?,9
3984,play A Milli on iHeartRadio,1
3985,Set up a reminder to meet my daughter this coming weekend,4
3986,Will it be around 29 in c around Boston tomorrow,5
3987,What is the weather forecast for Easter Monday,5
3988,Set timer for 6 minutes,10
3989,read me the latest headline,6
3990,Is it around 35 Fahrenheit new york tomorrow morning,5
3991,How's the weather on Saturday?,5
3992,which of my friends went to duke?,2
3993,Find me a recipe on sushi,7
3994,Start a new message to Phil,0
3995,How many of my friends are online right now?,9
3996,Add an alert 15 minutes before my meeting on Thursday.,4
3997,Is it above 10 in Celsius out there,5
3998,change my reminder alert to 4pm.,4
3999,Reset the alarm for 5 o'clock,8
4000,What is the weather forecast in Hawaii?,5
4001,set me available,9
4002,Video call the DMV group,9
4003,please call aunt,9
4004,Can I record a video message for spouse,0
4005,Any thing big happening tonight,3
4006,What baseball games are going on on Thursday in San Jose,3
4007,Tell me if there is rain in the forecast this week.,5
4008,What are the countries biggest headlines?,6
4009,Ask Lucy if the accident has been cleared up on her street before we leave our house,0
4010,don't play this song again,1
4011,What did Congress vote on yesterday,6
4012,who is free,9
4013,Set music application as amazon music for me,1
4014,remind me I have an appointment on Thursday,4
4015,How cold is it for Mumbai this weekend in degree C,5
4016,switch alarm on for 10 minutes before 9 am,8
4017,When did John call,9
4018,Begin playing the music again,1
4019,Remind me to send documents to bank for closing on the house.,4
4020,Give me red salsa recipes,7
4021,Create an alarm for June 5th at midnight,8
4022,Should I bring shorts,5
4023,dial the family,9
4024,should I put on a swimming costume today,5
4025,Is it going to be warm in New York next week?,5
4026,Can I record a video message for kid,0
4027,Call Samuel for me,9
4028,Any science related news,6
4029,When is it likely to snow next in Boston,5
4030,What city does Joe live in?,2
4031,show list of people that are available,9
4032,Cook time for lasagna,7
4033,finish this call,9
4034,send a video to Charlie,0
4035,Give me the weather forecast for Sunday.,5
4036,find my friends list,2
4037,Start up a call Baylee Wilkinson and Mohamed Mckay,9
4038,remind me to go through my email box this weekend,4
4039,Is it above 56 in degrees Fahrenheit here,5
4040,Is it going to rain this Wednesday?,5
4041,what are the top headlines this week,6
4042,Should I grab some sunblock?,5
4043,wake me up at 8 and 830 tomorrow morning,8
4044,Remind me to go to violin on tuesday afternoon,4
4045,Is the temperature going to do down in the 30's tonight?,5
4046,call the first Marques,9
4047,how cold will it be today,5
4048,please play bruno mars,1
4049,how much rain can i expect later,5
4050,Set an alarm for every Tuesday at 12.,8
4051,What's the most popular news on CNN right now,6
4052,Message mom and tell her she needs to be at Sarah's party at six,0
4053,include Luciana Morales on the call,9
4054,call Hendrix my father,9
4055,Weather this afternoon.,5
4056,Send a message to Cal asking what his favorite concert he's ever been to is.,0
4057,did my friends graduate NAU,2
4058,Are there any concerts tomorrow in Tampa,3
4059,search for 10 min meals,7
4060,remind me to buy concert tickets tomorrow at 10am,4
4061,Please delete the reminder to meet Jim for lunch at 12,4
4062,use google play as my default,1
4063,How strong are the winds today,5
4064,set an alarm for 1215,8
4065,is it supposed to rain all week?,5
4066,play Selena Gomez's newest hit,1
4067,Set up a reminder for Ashley to call her mother tomorrow night.,4
4068,Remind me to make a new house key on Friday.,4
4069,Play my Spotify mix,1
4070,Remind me to buy tickets to the fair August 5th.,4
4071,give me Action news local highlights today,6
4072,Best Broadway shows in New York,3
4073,At what temperature do you bake chicken legs in the oven,7
4074,Events in Cocoa Village this month,3
4075,How long do you bake cupcakes,7
4076,On April 11 set Alarm,8
4077,Remove all my alarms.,8
4078,Tell me about the weather in North America.,5
4079,Video chat with my cousins,9
4080,who is ava,2
4081,I want to listen to Moroccan music,1
4082,set timer to start at 9 pm,10
4083,Who are Grant's friends?,2
4084,show the timer left on treadmill,10
4085,Set timer for 60 mins,10
4086,alarm quiet for 5 minutes,8
4087,Can you move my alarm to half an hour later?,8
4088,"list amy's friends, please",2
4089,Who else is friends with Sam,2
4090,how long do i bake corn casserole,7
4091,don't' answer calls for the next 15 minutes,9
4092,Did anyone I know attend graduate school in new york,2
4093,what is the current political headlines?,6
4094,Is butter necessary in baking cookies,7
4095,i want to call my family group,9
4096,"Update the reminder to meet John at his house, instead of mine.",4
4097,When did Gina attend FAMU,2
4098,How cold is it in London right now?,5
4099,Does my cousin Jane live in New Jersey?,2
4100,message the rum house and ask what their happy hour drink was,0
4101,change timer to 12 minutes,10
4102,Delete my lunch reminder,4
4103,Remind me to call my mom at 8pm tonight instead of at 7pm.,4
4104,Give me Thanksgiving dinner ideas,7
4105,Tell me who Chris' girlfriend is,2
4106,Find me all of Becky's friends?,2
4107,How is it like the climate in Paris?,5
4108,"I like this song that Spotify is playing, what is it?",1
4109,Please time how long this song will last,10
4110,Set a gym alarm for tomorrow at 5am,8
4111,Find the reminder for my nephew's birthday party.,4
4112,breaking news in the united states,6
4113,How many reminders do I have for Carl?,4
4114,give me a new alarm for 0360,8
4115,could you call Emery's kid Bryson,9
4116,is my bowling group online,9
4117,anyone of my friends live in West Virginia,2
4118,What can I do today,3
4119,Start a new timer at 2:00.,10
4120,Play Red Hot Chili Peppers songs,1
4121,What are my local news stories,6
4122,I want to hear The first snow on spotify,1
4123,how cold is supposed to be today,5
4124,Give me a reminder for house closing at 10am tomorrow.,4
4125,Stop timer and restart,10
4126,remind to pick up kids after work,4
4127,Make alarm for Thursdays at 12am,8
4128,set the timer for 45 minutes,10
4129,call Cade call Clark using Whatsapp,9
4130,Start new call with Mom and Dad,9
4131,Set recurring alarm for 9am,8
4132,what temperature do you cook pork,7
4133,Read me the details of the police report on the robbery in north Minneapolis,6
4134,what alarm did i last set,8
4135,respond to Amelia with a video,0
4136,what is left on timer,10
4137,play my Jacques station,1
4138,let me see messages from my grandmother Marilyn,0
4139,Read me all the reminders about the dinners i have this week,4
4140,Add my sister to this call,9
4141,Tonights local crime news,6
4142,try giving a call to Nancy Austin,9
4143,Message work that i am running late,0
4144,set an alarm to get me up in 2 hours,8
4145,set a reminder to call brian at 7 pm,4
4146,I don't want to call after all,9
4147,Change my reminder for my appointment to 6 o clock,4
4148,"Play the top song, ""Despacito.""",1
4149,Set an alarm for 8 AM.,8
4150,Change the meeting time reminder from 2 PM to 4 PM.,4
4151,lets see video messages from Mya,0
4152,please tell me the news,6
4153,i want the current headlines across US,6
4154,Pull up all of last year's reminders on Pat,4
4155,Connect with Mum,9
4156,Who works at Ministry of Finance?,2
4157,what was the biggest news story today,6
4158,how are the elections going in Nicaragua,6
4159,Please show all of Andy's friends.,2
4160,Where in South Carolina does Sarah work?,2
4161,Please set an alarm at 5am,8
4162,Change my reminder to 9.,4
4163,What is the weather like this afternoon?,5
4164,When does the County fair open in Barren county,3
4165,how many reminders do i have for hair appointments next month,4
4166,Read headlines for United States news.,6
4167,were there any murders in Chicago last night?,6
4168,get my events please,3
4169,what are the latest news updates?,6
4170,I need to call my brother can you please remind me,4
4171,Set timer for 15 seconds,10
4172,remove 12 hours from You aren't done running till this goes off timer,10
4173,display my messages from kid Michaela,0
4174,do you put meringue on the hot or cooled lemon filling,7
4175,"Make a group call to mom, Jim, and Dennis.",9
4176,What is today's biggest international news story?,6
4177,Fun things in Atlanta to do on Christmas Eve,3
4178,add Kelly to call,9
4179,please call jessica,9
4180,look for: how to bake red potatos,7
4181,"Replay that last song, please.",1
4182,Show me dates for music festivals in 2018,3
4183,change the hair mask timer,10
4184,Which one of my friends was online this morning?,9
4185,What did Donald Trump say at his press conference,6
4186,will it get wet today,5
4187,message my friends and let them know I'm hurrying to meet them at the bar,0
4188,set an alarm for 8 minutes from now,8
4189,Read me all breaking news stories.,6
4190,information on sports news,6
4191,play the newest songs,1
4192,play All of Me by John Legend,1
4193,Can you give me a list of my class reminders this week?,4
4194,How many eggs for an omelet,7
4195,call stop,9
4196,instigate group call with family,9
4197,What is new in celebrity news,6
4198,I want to listen to snoop dogg on Pandora,1
4199,Start the timer again in 10 minutes,10
4200,What are Ted Cruz's comments on healthcare?,6
4201,What are the headlines for today in the news?,6
4202,Any breaking news today?,6
4203,Can you play metal radio from Spotify for me,1
4204,I don't want to miss the bus at 4 pm; can you alert me 10 minutes before?,4
4205,start my running timer,10
4206,hang up Savannah Stachura,9
4207,Repeat the last Luther Vandross song.,1
4208,Is it going to be below 8 degree Fahrenheit in Tokyo today,5
4209,Find my friend that lives on Taraval street,2
4210,I want to listen to Kygo's latest album.,1
4211,remind the church group of the bean supper this friday,4
4212,rsvp no to the third event,3
4213,how to make vegan meatballs,7
4214,Remind me to donate clothing to friend for yard sale,4
4215,play one of my Spotify playlists,1
4216,are there any events going on tomorrow,3
4217,Let Marlene know that traffic is backed up on I-4 and to take a different route.,0
4218,call Alexandria Velazquez's husband Noelle,9
4219,can you add 5 minutes to the timer,10
4220,Delete all the alarms I have scheduled,8
4221,Please set an alarm for 9pm.,8
4222,Add 10 minute timer,10
4223,What's the current news from the White House cabinet?,6
4224,How many cups of water do I need for tortilla soup,7
4225,new call now,9
4226,Confirm the weather in Sydney,5
4227,create two alarm calls for tomorrow at 3pm and 5pm,8
4228,Put my no cussing timer on hold for now.,10
4229,how cold will it be overnight,5
4230,take the new call,9
4231,video call bandmates group on Wechat,9
4232,Remind me to watch Empire movie series on Fox Tv station tonight,4
4233,What is the weather like in Ireland.,5
4234,How many cups of water to boil for pasta,7
4235,What's the last news on replacing Obamacare?,6
4236,remind me to buy milk tomorrow,4
4237,Show me my reminder to buy milk for the kids before I go home.,4
4238,Alarm for 15 minutes from now,8
4239,Remind me of Jerry's funeral next Friday in Dallas.,4
4240,Set an alarm for tomorrow morning at 6 am,8
4241,Set up a reminder for me to call EAO to reschedule my interview.,4
4242,Show all of my upcoming birthday reminders,4
4243,Delete reminders of Friday 11th of August,4
4244,Remind me to call the office at 11:30 AM,4
4245,Message Matt and ask when his flight is departing,0
4246,How do I make a Thanksgiving meal,7
4247,go back 10 seconds,1
4248,Any recent news about Hilary Clinton,6
4249,How old is my mom?,2
4250,Would you add in Nikia Bihler?,9
4251,Please read me the most recent headlines?,6
4252,Dictate that I will go to Barry's graduation party.,0
4253,I want to see the weather in Australia,5
4254,When did Bob start working at Fox?,2
4255,What's the latest tech headlines,6
4256,set a timer for 27 minutes and a second timer for 15 seconds,10
4257,Remind me to follow up with Stacie about her training time at 5pm.,4
4258,countdown for 5 minutes please,10
4259,Who does Lester Holt anchor for,6
4260,Is Li still living in Seattle?,2
4261,Tell me the recent news.,6
4262,what happen in current news?,6
4263,tell me more recipes to cook chicken,7
4264,How many millimetres of rain will come down tomorrow,5
4265,football games in Dallas tomorrow night,3
4266,Message Amy that I can make the 8:30 am appt Saturday June 30th,0
4267,What time will it get hot tomorrow?,5
4268,What's next week's forecast,5
4269,How do i make pita bread,7
4270,set an alarm for 12 minutes from this moment,8
4271,set timer for a short 5 minute jog,10
4272,"Current timer, add 10 minutes",10
4273,What is the weather in Florida?,5
4274,any concerts in new york on monday,3
4275,List all my missed calls for yesterday,9
4276,place a new call to my dad,9
4277,Birthday reminder alarm Saturday 8pm,8
4278,Is it going to be dry weather tonight?,5
4279,how do i make beer battered fish,7
4280,Accept new call and place current call on hold,9
4281,make a whatsapp call to Josiah,9
4282,Can you remind me to take the pizza out of the freezer at 5 pm?,4
4283,play Nas on iheartradio,1
4284,can you please send text to Jose and Bill,0
4285,Who works at target?,2
4286,Is Imran active currently,9
4287,call Trevor Peck in Whatsapp video chat,9
4288,Cancel the reminder about the ride that is on the 5th.,4
4289,What's the latest news on O.J. Simpson?,6
4290,Please set an alarm for the 4th of August,8
4291,Remind Heather that we have dinner plans Thursday at 6pm.,4
4292,put my timers on the screen,10
4293,"I need new alarms set for 6:00pm, and 7:00pm.",8
4294,Tell me who works for CVS?,2
4295,Tell me which calls I missed this morning,9
4296,What amount of snow is likely today?,5
4297,how many calories are in a chocolate cake,7
4298,Do I know anyone that lives in Honolulu?,2
4299,I need details on the local murder trial,6
4300,what ingredients do I need for banana bread,7
4301,Send me a reminder to look at the party list,4
4302,Tell me about Kasandra.,2
4303,Give Vicky a call,9
4304,How many espresso shots are in a Starbuck's ice coffee,7
4305,Restart this song please,1
4306,reply with the message via Messenger,0
4307,how many hours until my alarm goes off,8
4308,show me video messages from my sibling,0
4309,open phone call,9
4310,Schedule wake up alarm for 0530,8
4311,Alert me 15mins  before I have to leave to make my hair appointment today.,4
4312,Please tell me the recent news on O.J. Simpson's parole.,6
4313,Can you remind me what I had to do today?,4
4314,for music use tidal,1
4315,How hot will it be?,5
4316,Please restart my timer,10
4317,is it cloudy,5
4318,send a vide message to the motorcycle chat,0
4319,when is the next thunderstorm expected,5
4320,Heart healthy dinner recipes,7
4321,call Raegan 's mom,9
4322,Can you call mommy too,9
4323,please call Vanessa Summers right away,9
4324,could you video message George,0
4325,Is it sleet or snow or rain today,5
4326,What's the weather in sarasota today,5
4327,Show me timers running,10
4328,Set a timer for a minute,10
4329,Did anyone I know go to Yale?,2
4330,place an alarm,8
4331,make an alarm for 10h45,8
4332,Set up a reminder to FaceTime grandma tomorrow morning.,4
4333,can you play nicki minaj's latest single,1
4334,remind me to pick up moms medication on monday,4
4335,Which events are going on tomorrow,3
4336,Set a reminder for my doctors appointment monday at 3pm,4
4337,Is it raining hard outside?,5
4338,Who is Tracy?,2
4339,How many minutes left on my timer,10
4340,Does Miguel is still living in Arkansas,2
4341,giving Ng Brandon a call,9
4342,Please message Justin and let him know I'll be at his place around 4pm.,0
4343,"Please let me know what the weather will be like at noon tomorrow in Gulf Shores, AL.",5
4344,i want to phone call 555-2833 on WhatsApp,9
4345,Whats the mornings forecast like for this week?,5
4346,set the alarm for 5:30 am tonight,8
4347,Remind me to buy diapers today,4
4348,What are the ingredients for pie crust,7
4349,"What cool things are happening in Miami, FL this week",3
4350,do I need a jacket for tonight?,5
4351,What is the calorie difference between Pecorino Romano cheese and Gouda Cheese per pound,7
4352,Remind me of the first day of school on next Monday,4
4353,stuff to do this week,3
4354,How can I make my own ice cream,7
4355,Could I get and alarm for 7 then 7:30?,8
4356,New reminder.,4
4357,stop timer names cookies,10
4358,Do i have any friends in la,2
4359,Can you play any Dan + Shay song?,1
4360,can you phone Beckett Wilson on Messenger,9
4361,Set a reminder to check the cake in the oven 25 minutes from now,4
4362,Will it be windy tomorrow,5
4363,Delete the alarm for this afternoon,8
4364,SET AN ALARM FOR 1ST JUNE,8
4365,alert me 15 minutes before it is time to meet with karen,4
4366,Do I need to carry an umbrella with me?,5
4367,"Clear all my alarms, please.",8
4368,Record the video message now for Hertha Hien Skibisky.,0
4369,create alarm for 1935,8
4370,Who is my Saturday lunch reminder with,4
4371,Please play some Lady Gaga.,1
4372,remind me to cancel my date,4
4373,Please start a video call session with my bridesmaids on Skype,9
4374,What time was the call from John today?,9
4375,show me how to bake onions,7
4376,I want to listen to K-pop,1
4377,Read the top story on CNN.com,6
4378,reminder me to pick up my son from practice on Tuesday at 6,4
4379,Fox news headlines currently,6
4380,I want to hear some rap music.,1
4381,will there be hail?,5
4382,I am open and available,9
4383,Remind me to wish stella a happy birthday tomorrow,4
4384,pause and switch call,9
4385,set an alarm every 6 minutes,8
